2025-09-17 18:23:22,899 - project.data.data_manager - INFO - 从配置文件加载参数: project/config/camera_params.json
2025-09-17 18:23:22,899 - project.core.recognition.detector - INFO - FaceDetector初始化完成，RGB-D模式: False
2025-09-17 18:23:22,899 - __main__ - DEBUG - 启动识别线程...
2025-09-17 18:23:22,900 - project.core.recognition.main - DEBUG - RecognitionManager.run() 开始执行
2025-09-17 18:23:22,900 - __main__ - DEBUG - 识别线程已提交: <Future at 0x264c943bc90 state=running>
2025-09-17 18:23:22,900 - project.core.recognition.main - DEBUG - 检查摄像头初始化...
2025-09-17 18:23:22,900 - __main__ - DEBUG - 启动拟合调度线程...
2025-09-17 18:23:22,901 - __main__ - INFO - FittingScheduler.schedule_fitting() 开始执行
2025-09-17 18:23:22,901 - __main__ - DEBUG - 拟合调度线程已提交: <Future at 0x264c6ec0d10 state=running>
2025-09-17 18:23:22,901 - __main__ - INFO - 等待识别完成信号...
2025-09-17 18:23:22,901 - __main__ - INFO - 系统运行中... (按 Ctrl+C 停止)
2025-09-17 18:23:24,717 - project.data.data_manager - INFO - 摄像头初始化成功，RGB-D模式: False
2025-09-17 18:23:24,717 - project.core.recognition.main - DEBUG - 摄像头初始化检查完成
2025-09-17 18:23:24,717 - project.core.recognition.main - DEBUG - 获取摄像头对象成功
2025-09-17 18:23:24,717 - project.core.recognition.main - DEBUG - 开始主循环...
2025-09-17 18:23:24,717 - project.core.recognition.main - DEBUG - 开始新的识别周期...
2025-09-17 18:23:24,717 - project.core.recognition.main - DEBUG - 读取帧，frame_id: 0
2025-09-17 18:23:25,210 - project.data.data_manager - WARNING - 非RGB-D摄像头，使用默认深度图
2025-09-17 18:23:25,211 - project.data.data_manager - DEBUG - 添加帧数据: frame_id=0, bgr_image: [[[  1   9  15]
  [  1   9  15]
  [  0   7  14]
  ...
  [ 37  43  47]
  [ 37  43  47]
  [ 37  43  47]]

 [[  1   9  15]
  [  1   9  15]
  [  0   7  14]
  ...
  [ 37  43  47]
  [ 37  43  47]
  [ 38  44  48]]

 [[  2   7  14]
  [  2   7  14]
  [  2   7  14]
  ...
  [ 38  44  48]
  [ 38  44  48]
  [ 38  44  48]]

 ...

 [[ 21  22  27]
  [ 22  24  28]
  [ 24  25  29]
  ...
  [140 145 144]
  [138 145 144]
  [138 145 144]]

 [[ 36  31  31]
  [ 36  31  31]
  [ 36  31  31]
  ...
  [136 143 142]
  [137 146 146]
  [137 146 146]]

 [[ 49  40  39]
  [ 49  40  39]
  [ 49  40  39]
  ...
  [134 141 141]
  [136 145 144]
  [137 146 145]]], depth_map: [[400. 400. 400. ... 400. 400. 400.]
 [400. 400. 400. ... 400. 400. 400.]
 [400. 400. 400. ... 400. 400. 400.]
 ...
 [400. 400. 400. ... 400. 400. 400.]
 [400. 400. 400. ... 400. 400. 400.]
 [400. 400. 400. ... 400. 400. 400.]]
2025-09-17 18:23:25,424 - matplotlib - DEBUG - matplotlib data path: C:\Users\86158\AppData\Local\Programs\Python\Python311\Lib\site-packages\matplotlib\mpl-data
2025-09-17 18:23:25,430 - matplotlib - DEBUG - CONFIGDIR=C:\Users\86158\.matplotlib
2025-09-17 18:23:25,432 - matplotlib - DEBUG - interactive is False
2025-09-17 18:23:25,432 - matplotlib - DEBUG - platform is win32
2025-09-17 18:23:25,501 - matplotlib - DEBUG - CACHEDIR=C:\Users\86158\.matplotlib
2025-09-17 18:23:25,503 - matplotlib.font_manager - DEBUG - Using fontManager instance from C:\Users\86158\.matplotlib\fontlist-v390.json
2025-09-17 18:23:26,192 - project.core.recognition.detector - INFO - 提取到 478 个关键点
2025-09-17 18:23:26,194 - project.core.recognition.landmark_extractor - INFO - 关键点验证通过
2025-09-17 18:23:26,194 - project.core.recognition.detector - INFO - 关键点验证结果: True
2025-09-17 18:23:26,196 - project.core.recognition.detector - INFO - 人脸检测成功，提取到 478 个关键点
2025-09-17 18:23:26,197 - project.core.recognition.main - INFO - 人脸检测成功
2025-09-17 18:23:26,201 - project.data.data_manager - INFO - RecgFitDataManager初始化 - debug_log: True, key_coordinates: True
2025-09-17 18:23:26,202 - project.data.data_manager - INFO - RecgFitDataManager初始化完成
2025-09-17 18:23:26,202 - __main__ - INFO - 收到识别完成信号，开始拟合...
2025-09-17 18:23:26,202 - __main__ - INFO - 开始拟合frame_id: 0
2025-09-17 18:23:26,203 - root - INFO - 数据质量: {'point_count': 17, 'fitting_point_count': 5, 'constraint_point_count': 12, 'visibility': 0.9953769102186397}
2025-09-17 18:23:26,203 - __main__ - INFO - 等待识别完成信号...
2025-09-17 18:23:26,203 - root - INFO - 选择策略: high_quality
2025-09-17 18:23:26,204 - root - INFO - 虹膜点拟合外接圆，圆心：[  2.24358883  10.12271521 400.97730607]，半径：4.865179464720052
2025-09-17 18:23:26,208 - root - INFO - 数据质量: {'point_count': 17, 'fitting_point_count': 5, 'constraint_point_count': 12, 'visibility': 1.0}
2025-09-17 18:23:26,208 - root - INFO - 选择策略: high_quality
2025-09-17 18:23:26,209 - root - INFO - 虹膜点拟合外接圆，圆心：[ 69.67158865  11.2078697  400.86435527]，半径：6.426150529368247
2025-09-17 18:23:26,212 - project.core.fitting.main - INFO - ==============================================
2025-09-17 18:23:26,212 - project.core.fitting.main - INFO - 拟合结果:
2025-09-17 18:23:26,213 - project.core.fitting.main - INFO -   LEFT 眼: 拟合结果：
 球心：[  0.51050789  11.29304785 410.47827254]
 半径：12.339757722207743
 置信度：0.8856614999341392
 收敛：True
 迭代次数：4
 最终残差范数：0.9855263340810405
 最终delta范数：0.0013370235322991194
 使用策略：lm
2025-09-17 18:23:26,213 - project.core.fitting.main - INFO -   RIGHT 眼: 拟合结果：
 球心：[ 65.92141133  11.60784014 409.96915718]
 半径：12.338676661785914
 置信度：0.8748051088925531
 收敛：True
 迭代次数：4
 最终残差范数：1.1494266883677828
 最终delta范数：0.0019630356771008564
 使用策略：lm
2025-09-17 18:23:26,213 - project.core.fitting.main - INFO - ==============================================
2025-09-17 18:23:26,213 - project.config.screen_config - INFO - 瞳孔位置: Point3D(0.792, 11.520, 401.239)
2025-09-17 18:23:26,214 - project.config.screen_config - INFO - 眼球位置: Point3D(0.511, 11.293, 410.478)
2025-09-17 18:23:26,214 - project.config.screen_config - INFO - 视线方向: Point3D(0.281, 0.227, -9.240)
2025-09-17 18:23:26,214 - project.config.screen_config - INFO - 交点坐标: [13.00756147 21.38689961  0.        ]
2025-09-17 18:23:26,214 - project.config.screen_config - INFO - 最终像素坐标: Point2D(657.563705, 52.438079)
2025-09-17 18:23:26,214 - project.core.fitting.main - INFO - -----------------------------------------------
2025-09-17 18:23:26,214 - project.core.fitting.main - INFO - left 视线焦点: Point2D(657.563705, 52.438079)
2025-09-17 18:23:26,214 - project.core.fitting.main - INFO - -----------------------------------------------
2025-09-17 18:23:26,215 - project.config.screen_config - INFO - 瞳孔位置: Point3D(66.235, 11.085, 400.658)
2025-09-17 18:23:26,215 - project.config.screen_config - INFO - 眼球位置: Point3D(65.921, 11.608, 409.969)
2025-09-17 18:23:26,215 - project.config.screen_config - INFO - 视线方向: Point3D(0.313, -0.523, -9.312)
2025-09-17 18:23:26,215 - project.config.screen_config - INFO - 交点坐标: [ 79.71185784 -11.42000676   0.        ]
2025-09-17 18:23:26,215 - project.config.screen_config - WARNING - 交点超出屏幕边界，已裁剪: Point2D(337.383082, -52.544022) -> Point2D(337.383082, 0.000000)
2025-09-17 18:23:26,216 - project.config.screen_config - INFO - 最终像素坐标: Point2D(337.383082, 0.000000)
2025-09-17 18:23:26,216 - project.core.fitting.main - INFO - -----------------------------------------------
2025-09-17 18:23:26,216 - project.core.fitting.main - INFO - right 视线焦点: Point2D(337.383082, 0.000000)
2025-09-17 18:23:26,216 - project.core.fitting.main - INFO - -----------------------------------------------
2025-09-17 18:23:26,307 - project.data.data_manager - WARNING - 非RGB-D摄像头，使用默认深度图
2025-09-17 18:23:26,344 - project.core.recognition.detector - INFO - 提取到 478 个关键点
2025-09-17 18:23:26,345 - project.core.recognition.landmark_extractor - INFO - 关键点验证通过
2025-09-17 18:23:26,346 - project.core.recognition.detector - INFO - 关键点验证结果: True
2025-09-17 18:23:26,348 - project.core.recognition.detector - INFO - 人脸检测成功，提取到 478 个关键点
2025-09-17 18:23:26,348 - project.core.recognition.main - INFO - 人脸检测成功
2025-09-17 18:23:26,352 - project.data.data_manager - INFO - RecgFitDataManager初始化 - debug_log: True, key_coordinates: True
2025-09-17 18:23:26,352 - project.data.data_manager - INFO - RecgFitDataManager初始化完成
2025-09-17 18:23:26,352 - __main__ - INFO - 收到识别完成信号，开始拟合...
2025-09-17 18:23:26,353 - __main__ - INFO - 开始拟合frame_id: 1
2025-09-17 18:23:26,353 - __main__ - INFO - 等待识别完成信号...
2025-09-17 18:23:26,353 - root - INFO - 数据质量: {'point_count': 17, 'fitting_point_count': 5, 'constraint_point_count': 12, 'visibility': 0.9893319672062832}
2025-09-17 18:23:26,354 - root - INFO - 选择策略: high_quality
2025-09-17 18:23:26,354 - root - INFO - 虹膜点拟合外接圆，圆心：[  1.13726706   8.49218828 401.03898197]，半径：6.757644968672626
2025-09-17 18:23:26,358 - root - INFO - 数据质量: {'point_count': 17, 'fitting_point_count': 5, 'constraint_point_count': 12, 'visibility': 1.0}
2025-09-17 18:23:26,358 - root - INFO - 选择策略: high_quality
2025-09-17 18:23:26,359 - root - INFO - 虹膜点拟合外接圆，圆心：[ 68.38572837   9.42939284 400.52937716]，半径：5.3251835050576695
2025-09-17 18:23:26,362 - project.core.fitting.main - INFO - ==============================================
2025-09-17 18:23:26,362 - project.core.fitting.main - INFO - 拟合结果:
2025-09-17 18:23:26,363 - project.core.fitting.main - INFO -   LEFT 眼: 拟合结果：
 球心：[  1.55500058  11.22190634 410.46577699]
 半径：12.333066500578827
 置信度：0.8884068227572494
 收敛：True
 迭代次数：4
 最终残差范数：0.9613221667369978
 最终delta范数：0.0017633206854492877
 使用策略：lm
2025-09-17 18:23:26,363 - project.core.fitting.main - INFO -   RIGHT 眼: 拟合结果：
 球心：[ 66.70930279  10.32261501 409.86999302]
 半径：12.341363794120056
 置信度：0.882199286550916
 收敛：True
 迭代次数：4
 最终残差范数：1.0388087619715212
 最终delta范数：0.0011808080785150245
 使用策略：lm
2025-09-17 18:23:26,363 - project.core.fitting.main - INFO - ==============================================
2025-09-17 18:23:26,363 - project.config.screen_config - INFO - 瞳孔位置: Point3D(1.307, 11.191, 401.090)
2025-09-17 18:23:26,363 - project.config.screen_config - INFO - 眼球位置: Point3D(1.555, 11.222, 410.466)
2025-09-17 18:23:26,363 - project.config.screen_config - INFO - 视线方向: Point3D(-0.248, -0.031, -9.375)
2025-09-17 18:23:26,364 - project.config.screen_config - INFO - 交点坐标: [-9.28440466  9.85864045  0.        ]
2025-09-17 18:23:26,364 - project.config.screen_config - INFO - 最终像素坐标: Point2D(764.565142, 15.547649)
2025-09-17 18:23:26,364 - project.core.fitting.main - INFO - -----------------------------------------------
2025-09-17 18:23:26,364 - project.core.fitting.main - INFO - left 视线焦点: Point2D(764.565142, 15.547649)
2025-09-17 18:23:26,365 - project.core.fitting.main - INFO - -----------------------------------------------
2025-09-17 18:23:26,365 - project.config.screen_config - INFO - 瞳孔位置: Point3D(66.593, 10.732, 400.616)
2025-09-17 18:23:26,365 - project.config.screen_config - INFO - 眼球位置: Point3D(66.709, 10.323, 409.870)
2025-09-17 18:23:26,365 - project.config.screen_config - INFO - 视线方向: Point3D(-0.116, 0.409, -9.254)
2025-09-17 18:23:26,365 - project.config.screen_config - INFO - 交点坐标: [61.5689785  28.45114381  0.        ]
2025-09-17 18:23:26,366 - project.config.screen_config - INFO - 最终像素坐标: Point2D(424.468903, 75.043660)
2025-09-17 18:23:26,366 - project.core.fitting.main - INFO - -----------------------------------------------
2025-09-17 18:23:26,366 - project.core.fitting.main - INFO - right 视线焦点: Point2D(424.468903, 75.043660)
2025-09-17 18:23:26,366 - project.core.fitting.main - INFO - -----------------------------------------------
2025-09-17 18:23:26,459 - project.data.data_manager - WARNING - 非RGB-D摄像头，使用默认深度图
2025-09-17 18:23:26,508 - project.core.recognition.detector - INFO - 提取到 478 个关键点
2025-09-17 18:23:26,510 - project.core.recognition.landmark_extractor - INFO - 关键点验证通过
2025-09-17 18:23:26,510 - project.core.recognition.detector - INFO - 关键点验证结果: True
2025-09-17 18:23:26,512 - project.core.recognition.detector - INFO - 人脸检测成功，提取到 478 个关键点
2025-09-17 18:23:26,513 - project.core.recognition.main - INFO - 人脸检测成功
2025-09-17 18:23:26,517 - project.data.data_manager - INFO - RecgFitDataManager初始化 - debug_log: True, key_coordinates: True
2025-09-17 18:23:26,517 - project.data.data_manager - INFO - RecgFitDataManager初始化完成
2025-09-17 18:23:26,517 - __main__ - INFO - 收到识别完成信号，开始拟合...
2025-09-17 18:23:26,517 - __main__ - INFO - 开始拟合frame_id: 2
2025-09-17 18:23:26,518 - __main__ - INFO - 等待识别完成信号...
2025-09-17 18:23:26,518 - root - INFO - 数据质量: {'point_count': 17, 'fitting_point_count': 5, 'constraint_point_count': 12, 'visibility': 0.9908416218766805}
2025-09-17 18:23:26,518 - root - INFO - 选择策略: high_quality
2025-09-17 18:23:26,519 - root - INFO - 虹膜点拟合外接圆，圆心：[  3.43670465  12.65706578 401.08576417]，半径：6.87058793808282
2025-09-17 18:23:26,523 - root - INFO - 数据质量: {'point_count': 17, 'fitting_point_count': 5, 'constraint_point_count': 12, 'visibility': 1.0}
2025-09-17 18:23:26,523 - root - INFO - 选择策略: high_quality
2025-09-17 18:23:26,523 - root - INFO - 虹膜点拟合外接圆，圆心：[ 70.33373799  11.27581314 400.8038789 ]，半径：6.410722871434541
2025-09-17 18:23:26,526 - project.core.fitting.main - INFO - ==============================================
2025-09-17 18:23:26,526 - project.core.fitting.main - INFO - 拟合结果:
2025-09-17 18:23:26,527 - project.core.fitting.main - INFO -   LEFT 眼: 拟合结果：
 球心：[  0.97893687  11.58241743 410.42717725]
 半径：12.328778296897323
 置信度：0.8888351394950414
 收敛：True
 迭代次数：4
 最终残差范数：0.9695714607619365
 最终delta范数：0.0006022948131469406
 使用策略：lm
2025-09-17 18:23:26,527 - project.core.fitting.main - INFO -   RIGHT 眼: 拟合结果：
 球心：[ 66.8384507   11.31434058 409.9968293 ]
 半径：12.336441625410503
 置信度：0.8744875745639491
 收敛：True
 迭代次数：4
 最终残差范数：1.1649008235867666
 最终delta范数：0.0007440579290408684
 使用策略：lm
2025-09-17 18:23:26,527 - project.core.fitting.main - INFO - ==============================================
2025-09-17 18:23:26,528 - project.config.screen_config - INFO - 瞳孔位置: Point3D(1.861, 11.404, 401.014)
2025-09-17 18:23:26,528 - project.config.screen_config - INFO - 眼球位置: Point3D(0.979, 11.582, 410.427)
2025-09-17 18:23:26,528 - project.config.screen_config - INFO - 视线方向: Point3D(0.882, -0.178, -9.413)
2025-09-17 18:23:26,528 - project.config.screen_config - INFO - 交点坐标: [39.43394884  3.81481006  0.        ]
2025-09-17 18:23:26,529 - project.config.screen_config - WARNING - 交点超出屏幕边界，已裁剪: Point2D(530.717046, -3.792608) -> Point2D(530.717046, 0.000000)
2025-09-17 18:23:26,529 - project.config.screen_config - INFO - 最终像素坐标: Point2D(530.717046, 0.000000)
2025-09-17 18:23:26,529 - project.core.fitting.main - INFO - -----------------------------------------------
2025-09-17 18:23:26,529 - project.core.fitting.main - INFO - left 视线焦点: Point2D(530.717046, 0.000000)
2025-09-17 18:23:26,529 - project.core.fitting.main - INFO - -----------------------------------------------
2025-09-17 18:23:26,529 - project.config.screen_config - INFO - 瞳孔位置: Point3D(66.848, 11.110, 400.586)
2025-09-17 18:23:26,530 - project.config.screen_config - INFO - 眼球位置: Point3D(66.838, 11.314, 409.997)
2025-09-17 18:23:26,530 - project.config.screen_config - INFO - 视线方向: Point3D(0.009, -0.204, -9.411)
2025-09-17 18:23:26,530 - project.config.screen_config - INFO - 交点坐标: [6.72497969e+01 2.42266319e+00 5.68434189e-14]
2025-09-17 18:23:26,531 - project.config.screen_config - WARNING - 交点超出屏幕边界，已裁剪: Point2D(397.200975, -8.247478) -> Point2D(397.200975, 0.000000)
2025-09-17 18:23:26,531 - project.config.screen_config - INFO - 最终像素坐标: Point2D(397.200975, 0.000000)
2025-09-17 18:23:26,531 - project.core.fitting.main - INFO - -----------------------------------------------
2025-09-17 18:23:26,531 - project.core.fitting.main - INFO - right 视线焦点: Point2D(397.200975, 0.000000)
2025-09-17 18:23:26,531 - project.core.fitting.main - INFO - -----------------------------------------------
2025-09-17 18:23:26,631 - project.data.data_manager - WARNING - 非RGB-D摄像头，使用默认深度图
2025-09-17 18:23:26,669 - project.core.recognition.detector - INFO - 提取到 478 个关键点
2025-09-17 18:23:26,671 - project.core.recognition.landmark_extractor - INFO - 关键点验证通过
2025-09-17 18:23:26,671 - project.core.recognition.detector - INFO - 关键点验证结果: True
2025-09-17 18:23:26,672 - project.core.recognition.detector - INFO - 人脸检测成功，提取到 478 个关键点
2025-09-17 18:23:26,673 - project.core.recognition.main - INFO - 人脸检测成功
2025-09-17 18:23:26,676 - project.data.data_manager - INFO - RecgFitDataManager初始化 - debug_log: True, key_coordinates: True
2025-09-17 18:23:26,676 - project.data.data_manager - INFO - RecgFitDataManager初始化完成
2025-09-17 18:23:26,676 - __main__ - INFO - 收到识别完成信号，开始拟合...
2025-09-17 18:23:26,676 - __main__ - INFO - 开始拟合frame_id: 3
2025-09-17 18:23:26,677 - __main__ - INFO - 等待识别完成信号...
2025-09-17 18:23:26,678 - root - INFO - 数据质量: {'point_count': 17, 'fitting_point_count': 5, 'constraint_point_count': 12, 'visibility': 0.9877239573218136}
2025-09-17 18:23:26,679 - root - INFO - 选择策略: high_quality
2025-09-17 18:23:26,679 - root - INFO - 虹膜点拟合外接圆，圆心：[  1.42409848   8.30875727 401.22197568]，半径：6.792949074236653
2025-09-17 18:23:26,683 - root - INFO - 数据质量: {'point_count': 17, 'fitting_point_count': 5, 'constraint_point_count': 12, 'visibility': 1.0}
2025-09-17 18:23:26,683 - root - INFO - 选择策略: high_quality
2025-09-17 18:23:26,684 - root - INFO - 虹膜点拟合外接圆，圆心：[ 63.87758893  11.20974568 400.55429935]，半径：6.367045895648008
2025-09-17 18:23:26,687 - project.core.fitting.main - INFO - ==============================================
2025-09-17 18:23:26,687 - project.core.fitting.main - INFO - 拟合结果:
2025-09-17 18:23:26,687 - project.core.fitting.main - INFO -   LEFT 眼: 拟合结果：
 球心：[  2.1819798   11.06311157 410.64803876]
 半径：12.337090447496701
 置信度：0.8877185073445877
 收敛：True
 迭代次数：4
 最终残差范数：0.959222505329576
 最终delta范数：0.002044700491115865
 使用策略：lm
2025-09-17 18:23:26,688 - project.core.fitting.main - INFO -   RIGHT 眼: 拟合结果：
 球心：[ 67.00769531  11.32904028 409.97405529]
 半径：12.338912956554958
 置信度：0.8867543573985077
 收敛：True
 迭代次数：4
 最终残差范数：0.9722566594907928
 最终delta范数：0.0002946061646086929
 使用策略：lm
2025-09-17 18:23:26,688 - project.core.fitting.main - INFO - ==============================================
2025-09-17 18:23:26,688 - project.config.screen_config - INFO - 瞳孔位置: Point3D(1.586, 11.014, 401.373)
2025-09-17 18:23:26,688 - project.config.screen_config - INFO - 眼球位置: Point3D(2.182, 11.063, 410.648)
2025-09-17 18:23:26,688 - project.config.screen_config - INFO - 视线方向: Point3D(-0.596, -0.049, -9.275)
2025-09-17 18:23:26,690 - project.config.screen_config - INFO - 交点坐标: [-24.2217818    8.89201394   0.        ]
2025-09-17 18:23:26,691 - project.config.screen_config - INFO - 最终像素坐标: Point2D(836.264553, 12.454445)
2025-09-17 18:23:26,692 - project.core.fitting.main - INFO - -----------------------------------------------
2025-09-17 18:23:26,694 - project.core.fitting.main - INFO - left 视线焦点: Point2D(836.264553, 12.454445)
2025-09-17 18:23:26,694 - project.core.fitting.main - INFO - -----------------------------------------------
2025-09-17 18:23:26,694 - project.config.screen_config - INFO - 瞳孔位置: Point3D(67.148, 11.429, 400.697)
2025-09-17 18:23:26,694 - project.config.screen_config - INFO - 眼球位置: Point3D(67.008, 11.329, 409.974)
2025-09-17 18:23:26,695 - project.config.screen_config - INFO - 视线方向: Point3D(0.140, 0.100, -9.278)
2025-09-17 18:23:26,695 - project.config.screen_config - INFO - 交点坐标: [7.31902542e+01 1.57587752e+01 5.68434189e-14]
2025-09-17 18:23:26,695 - project.config.screen_config - INFO - 最终像素坐标: Point2D(368.686780, 34.428081)
2025-09-17 18:23:26,695 - project.core.fitting.main - INFO - -----------------------------------------------
2025-09-17 18:23:26,695 - project.core.fitting.main - INFO - right 视线焦点: Point2D(368.686780, 34.428081)
2025-09-17 18:23:26,695 - project.core.fitting.main - INFO - -----------------------------------------------
2025-09-17 18:23:26,786 - project.data.data_manager - WARNING - 非RGB-D摄像头，使用默认深度图
2025-09-17 18:23:26,830 - project.core.recognition.detector - INFO - 提取到 478 个关键点
2025-09-17 18:23:26,831 - project.core.recognition.landmark_extractor - INFO - 关键点验证通过
2025-09-17 18:23:26,831 - project.core.recognition.detector - INFO - 关键点验证结果: True
2025-09-17 18:23:26,835 - project.core.recognition.detector - INFO - 人脸检测成功，提取到 478 个关键点
2025-09-17 18:23:26,835 - project.core.recognition.main - INFO - 人脸检测成功
2025-09-17 18:23:26,838 - project.data.data_manager - INFO - RecgFitDataManager初始化 - debug_log: True, key_coordinates: True
2025-09-17 18:23:26,838 - project.data.data_manager - INFO - RecgFitDataManager初始化完成
2025-09-17 18:23:26,838 - __main__ - INFO - 收到识别完成信号，开始拟合...
2025-09-17 18:23:26,838 - __main__ - INFO - 开始拟合frame_id: 4
2025-09-17 18:23:26,838 - __main__ - INFO - 等待识别完成信号...
2025-09-17 18:23:26,839 - root - INFO - 数据质量: {'point_count': 17, 'fitting_point_count': 5, 'constraint_point_count': 12, 'visibility': 0.9889442137539488}
2025-09-17 18:23:26,839 - root - INFO - 选择策略: high_quality
2025-09-17 18:23:26,840 - root - INFO - 虹膜点拟合外接圆，圆心：[ -1.36483796  11.79986764 401.05960518]，半径：6.1382818088294595
2025-09-17 18:23:26,843 - root - INFO - 数据质量: {'point_count': 17, 'fitting_point_count': 5, 'constraint_point_count': 12, 'visibility': 1.0}
2025-09-17 18:23:26,843 - root - INFO - 选择策略: high_quality
2025-09-17 18:23:26,844 - root - INFO - 虹膜点拟合外接圆，圆心：[ 68.65158544  12.81486163 400.75655282]，半径：8.669134316602044
2025-09-17 18:23:26,847 - project.core.fitting.main - INFO - ==============================================
2025-09-17 18:23:26,847 - project.core.fitting.main - INFO - 拟合结果:
2025-09-17 18:23:26,847 - project.core.fitting.main - INFO -   LEFT 眼: 拟合结果：
 球心：[  1.71524346  12.50688078 410.50740591]
 半径：12.332462326808601
 置信度：0.8700828687981658
 收敛：True
 迭代次数：4
 最终残差范数：1.2240335212943874
 最终delta范数：0.0015994625699648618
 使用策略：lm
2025-09-17 18:23:26,848 - project.core.fitting.main - INFO -   RIGHT 眼: 拟合结果：
 球心：[ 67.15232586  11.19856343 409.96367117]
 半径：12.33626565689989
 置信度：0.8723611684149799
 收敛：True
 迭代次数：3
 最终残差范数：1.1946867671630241
 最终delta范数：0.05071212755169967
 使用策略：lm
2025-09-17 18:23:26,848 - project.core.fitting.main - INFO - ==============================================
2025-09-17 18:23:26,848 - project.config.screen_config - INFO - 瞳孔位置: Point3D(1.758, 11.797, 401.108)
2025-09-17 18:23:26,848 - project.config.screen_config - INFO - 眼球位置: Point3D(1.715, 12.507, 410.507)
2025-09-17 18:23:26,848 - project.config.screen_config - INFO - 视线方向: Point3D(0.043, -0.710, -9.400)
2025-09-17 18:23:26,848 - project.config.screen_config - INFO - 交点坐标: [  3.60251413 -18.48580093   0.        ]
2025-09-17 18:23:26,849 - project.config.screen_config - WARNING - 交点超出屏幕边界，已裁剪: Point2D(702.707932, -75.154563) -> Point2D(702.707932, 0.000000)
2025-09-17 18:23:26,849 - project.config.screen_config - INFO - 最终像素坐标: Point2D(702.707932, 0.000000)
2025-09-17 18:23:26,849 - project.core.fitting.main - INFO - -----------------------------------------------
2025-09-17 18:23:26,849 - project.core.fitting.main - INFO - left 视线焦点: Point2D(702.707932, 0.000000)
2025-09-17 18:23:26,849 - project.core.fitting.main - INFO - -----------------------------------------------
2025-09-17 18:23:26,850 - project.config.screen_config - INFO - 瞳孔位置: Point3D(66.931, 11.391, 400.541)
2025-09-17 18:23:26,850 - project.config.screen_config - INFO - 眼球位置: Point3D(67.152, 11.199, 409.964)
2025-09-17 18:23:26,850 - project.config.screen_config - INFO - 视线方向: Point3D(-0.221, 0.193, -9.423)
2025-09-17 18:23:26,850 - project.config.screen_config - INFO - 交点坐标: [57.52444823 19.58099041  0.        ]
2025-09-17 18:23:26,851 - project.config.screen_config - INFO - 最终像素坐标: Point2D(443.882649, 46.659169)
2025-09-17 18:23:26,851 - project.core.fitting.main - INFO - -----------------------------------------------
2025-09-17 18:23:26,851 - project.core.fitting.main - INFO - right 视线焦点: Point2D(443.882649, 46.659169)
2025-09-17 18:23:26,851 - project.core.fitting.main - INFO - -----------------------------------------------
2025-09-17 18:23:26,944 - project.data.data_manager - WARNING - 非RGB-D摄像头，使用默认深度图
2025-09-17 18:23:26,990 - project.core.recognition.detector - INFO - 提取到 478 个关键点
2025-09-17 18:23:26,991 - project.core.recognition.landmark_extractor - INFO - 关键点验证通过
2025-09-17 18:23:26,991 - project.core.recognition.detector - INFO - 关键点验证结果: True
2025-09-17 18:23:26,993 - project.core.recognition.detector - INFO - 人脸检测成功，提取到 478 个关键点
2025-09-17 18:23:26,994 - project.core.recognition.main - INFO - 人脸检测成功
2025-09-17 18:23:26,997 - project.data.data_manager - INFO - RecgFitDataManager初始化 - debug_log: True, key_coordinates: True
2025-09-17 18:23:26,997 - project.data.data_manager - INFO - RecgFitDataManager初始化完成
2025-09-17 18:23:26,998 - __main__ - INFO - 收到识别完成信号，开始拟合...
2025-09-17 18:23:26,998 - __main__ - INFO - 开始拟合frame_id: 5
2025-09-17 18:23:26,998 - __main__ - INFO - 等待识别完成信号...
2025-09-17 18:23:26,999 - root - INFO - 数据质量: {'point_count': 17, 'fitting_point_count': 5, 'constraint_point_count': 12, 'visibility': 0.9889185191854987}
2025-09-17 18:23:27,000 - root - INFO - 选择策略: high_quality
2025-09-17 18:23:27,000 - root - INFO - 虹膜点拟合外接圆，圆心：[  2.5333212   10.42999557 401.30807459]，半径：4.869347510575809
2025-09-17 18:23:27,004 - root - INFO - 数据质量: {'point_count': 17, 'fitting_point_count': 5, 'constraint_point_count': 12, 'visibility': 1.0}
2025-09-17 18:23:27,004 - root - INFO - 选择策略: high_quality
2025-09-17 18:23:27,004 - root - INFO - 虹膜点拟合外接圆，圆心：[ 64.73820097  12.87638445 400.54830909]，半径：5.3266194068553725
2025-09-17 18:23:27,007 - project.core.fitting.main - INFO - ==============================================
2025-09-17 18:23:27,007 - project.core.fitting.main - INFO - 拟合结果:
2025-09-17 18:23:27,008 - project.core.fitting.main - INFO -   LEFT 眼: 拟合结果：
 球心：[  0.87633309  12.60419707 410.47372639]
 半径：12.325893280262477
 置信度：0.871895207102362
 收敛：True
 迭代次数：4
 最终残差范数：1.2328761558424102
 最终delta范数：0.004761419074876837
 使用策略：lm
2025-09-17 18:23:27,008 - project.core.fitting.main - INFO -   RIGHT 眼: 拟合结果：
 球心：[ 66.56527507  11.47627109 409.80653073]
 半径：12.344008885008195
 置信度：0.8842756496026776
 收敛：True
 迭代次数：4
 最终残差范数：1.001543712711522
 最终delta范数：0.0019362412258812581
 使用策略：lm
2025-09-17 18:23:27,008 - project.core.fitting.main - INFO - ==============================================
2025-09-17 18:23:27,008 - project.config.screen_config - INFO - 瞳孔位置: Point3D(1.078, 11.826, 400.914)
2025-09-17 18:23:27,008 - project.config.screen_config - INFO - 眼球位置: Point3D(0.876, 12.604, 410.474)
2025-09-17 18:23:27,008 - project.config.screen_config - INFO - 视线方向: Point3D(0.201, -0.778, -9.560)
2025-09-17 18:23:27,009 - project.config.screen_config - INFO - 交点坐标: [  9.52552568 -20.82003882   0.        ]
2025-09-17 18:23:27,009 - project.config.screen_config - WARNING - 交点超出屏幕边界，已裁剪: Point2D(674.277477, -82.624124) -> Point2D(674.277477, 0.000000)
2025-09-17 18:23:27,009 - project.config.screen_config - INFO - 最终像素坐标: Point2D(674.277477, 0.000000)
2025-09-17 18:23:27,009 - project.core.fitting.main - INFO - -----------------------------------------------
2025-09-17 18:23:27,010 - project.core.fitting.main - INFO - left 视线焦点: Point2D(674.277477, 0.000000)
2025-09-17 18:23:27,010 - project.core.fitting.main - INFO - -----------------------------------------------
2025-09-17 18:23:27,010 - project.config.screen_config - INFO - 瞳孔位置: Point3D(66.478, 11.584, 400.615)
2025-09-17 18:23:27,010 - project.config.screen_config - INFO - 眼球位置: Point3D(66.565, 11.476, 409.807)
2025-09-17 18:23:27,010 - project.config.screen_config - INFO - 视线方向: Point3D(-0.087, 0.108, -9.191)
2025-09-17 18:23:27,010 - project.config.screen_config - INFO - 交点坐标: [62.67040515 16.28968752  0.        ]
2025-09-17 18:23:27,011 - project.config.screen_config - INFO - 最终像素坐标: Point2D(419.182055, 36.127000)
2025-09-17 18:23:27,011 - project.core.fitting.main - INFO - -----------------------------------------------
2025-09-17 18:23:27,011 - project.core.fitting.main - INFO - right 视线焦点: Point2D(419.182055, 36.127000)
2025-09-17 18:23:27,011 - project.core.fitting.main - INFO - -----------------------------------------------
2025-09-17 18:23:27,103 - project.data.data_manager - WARNING - 非RGB-D摄像头，使用默认深度图
2025-09-17 18:23:27,150 - project.core.recognition.detector - INFO - 提取到 478 个关键点
2025-09-17 18:23:27,151 - project.core.recognition.landmark_extractor - INFO - 关键点验证通过
2025-09-17 18:23:27,151 - project.core.recognition.detector - INFO - 关键点验证结果: True
2025-09-17 18:23:27,154 - project.core.recognition.detector - INFO - 人脸检测成功，提取到 478 个关键点
2025-09-17 18:23:27,154 - project.core.recognition.main - INFO - 人脸检测成功
2025-09-17 18:23:27,158 - project.data.data_manager - INFO - RecgFitDataManager初始化 - debug_log: True, key_coordinates: True
2025-09-17 18:23:27,159 - project.data.data_manager - INFO - RecgFitDataManager初始化完成
2025-09-17 18:23:27,159 - __main__ - INFO - 收到识别完成信号，开始拟合...
2025-09-17 18:23:27,159 - __main__ - INFO - 开始拟合frame_id: 6
2025-09-17 18:23:27,159 - __main__ - INFO - 等待识别完成信号...
2025-09-17 18:23:27,160 - root - INFO - 数据质量: {'point_count': 17, 'fitting_point_count': 5, 'constraint_point_count': 12, 'visibility': 0.987045214108255}
2025-09-17 18:23:27,161 - root - INFO - 选择策略: high_quality
2025-09-17 18:23:27,161 - root - INFO - 虹膜点拟合外接圆，圆心：[ -1.55156157  13.48248037 400.9148553 ]，半径：4.859327599204246
2025-09-17 18:23:27,168 - root - INFO - 数据质量: {'point_count': 17, 'fitting_point_count': 5, 'constraint_point_count': 12, 'visibility': 1.0}
2025-09-17 18:23:27,168 - root - INFO - 选择策略: high_quality
2025-09-17 18:23:27,169 - root - INFO - 虹膜点拟合外接圆，圆心：[ 65.46576835  14.32864677 400.58729053]，半径：7.280457683547734
2025-09-17 18:23:27,174 - project.core.fitting.main - INFO - ==============================================
2025-09-17 18:23:27,175 - project.core.fitting.main - INFO - 拟合结果:
2025-09-17 18:23:27,175 - project.core.fitting.main - INFO -   LEFT 眼: 拟合结果：
 球心：[-9.16834511e-02  1.16660268e+01  4.10473366e+02]
 半径：12.342830700225502
 置信度：0.897253224004254
 收敛：True
 迭代次数：4
 最终残差范数：0.7759608005795195
 最终delta范数：0.0008514910763191532
 使用策略：lm
2025-09-17 18:23:27,176 - project.core.fitting.main - INFO -   RIGHT 眼: 拟合结果：
 球心：[ 65.4971879   11.99408688 409.96132317]
 半径：12.339389430601404
 置信度：0.8733896597615256
 收敛：True
 迭代次数：4
 最终残差范数：1.1739079404469925
 最终delta范数：0.0017433786280980099
 使用策略：lm
2025-09-17 18:23:27,177 - project.core.fitting.main - INFO - ==============================================
2025-09-17 18:23:27,177 - project.config.screen_config - INFO - 瞳孔位置: Point3D(-0.049, 12.188, 401.406)
2025-09-17 18:23:27,177 - project.config.screen_config - INFO - 眼球位置: Point3D(-0.092, 11.666, 410.473)
2025-09-17 18:23:27,178 - project.config.screen_config - INFO - 视线方向: Point3D(0.043, 0.522, -9.067)
2025-09-17 18:23:27,178 - project.config.screen_config - INFO - 交点坐标: [ 1.85167919 35.31362413  0.        ]
2025-09-17 18:23:27,179 - project.config.screen_config - INFO - 最终像素坐标: Point2D(711.111940, 97.003597)
2025-09-17 18:23:27,179 - project.core.fitting.main - INFO - -----------------------------------------------
2025-09-17 18:23:27,179 - project.core.fitting.main - INFO - left 视线焦点: Point2D(711.111940, 97.003597)
2025-09-17 18:23:27,179 - project.core.fitting.main - INFO - -----------------------------------------------
2025-09-17 18:23:27,179 - project.config.screen_config - INFO - 瞳孔位置: Point3D(65.566, 11.691, 400.588)
2025-09-17 18:23:27,179 - project.config.screen_config - INFO - 眼球位置: Point3D(65.497, 11.994, 409.961)
2025-09-17 18:23:27,180 - project.config.screen_config - INFO - 视线方向: Point3D(0.069, -0.303, -9.373)
2025-09-17 18:23:27,180 - project.config.screen_config - INFO - 交点坐标: [68.49495608 -1.26785657  0.        ]
2025-09-17 18:23:27,180 - project.config.screen_config - WARNING - 交点超出屏幕边界，已裁剪: Point2D(391.224211, -20.057141) -> Point2D(391.224211, 0.000000)
2025-09-17 18:23:27,180 - project.config.screen_config - INFO - 最终像素坐标: Point2D(391.224211, 0.000000)
2025-09-17 18:23:27,181 - project.core.fitting.main - INFO - -----------------------------------------------
2025-09-17 18:23:27,181 - project.core.fitting.main - INFO - right 视线焦点: Point2D(391.224211, 0.000000)
2025-09-17 18:23:27,181 - project.core.fitting.main - INFO - -----------------------------------------------
2025-09-17 18:23:27,265 - project.data.data_manager - WARNING - 非RGB-D摄像头，使用默认深度图
2025-09-17 18:23:27,301 - project.core.recognition.detector - INFO - 提取到 478 个关键点
2025-09-17 18:23:27,302 - project.core.recognition.landmark_extractor - INFO - 关键点验证通过
2025-09-17 18:23:27,303 - project.core.recognition.detector - INFO - 关键点验证结果: True
2025-09-17 18:23:27,305 - project.core.recognition.detector - INFO - 人脸检测成功，提取到 478 个关键点
2025-09-17 18:23:27,306 - project.core.recognition.main - INFO - 人脸检测成功
2025-09-17 18:23:27,309 - project.data.data_manager - INFO - RecgFitDataManager初始化 - debug_log: True, key_coordinates: True
2025-09-17 18:23:27,309 - project.data.data_manager - INFO - RecgFitDataManager初始化完成
2025-09-17 18:23:27,309 - __main__ - INFO - 收到识别完成信号，开始拟合...
2025-09-17 18:23:27,309 - __main__ - INFO - 开始拟合frame_id: 7
2025-09-17 18:23:27,309 - __main__ - INFO - 等待识别完成信号...
2025-09-17 18:23:27,310 - root - INFO - 数据质量: {'point_count': 17, 'fitting_point_count': 5, 'constraint_point_count': 12, 'visibility': 0.9867473567689586}
2025-09-17 18:23:27,310 - root - INFO - 选择策略: high_quality
2025-09-17 18:23:27,310 - root - INFO - 虹膜点拟合外接圆，圆心：[ -2.15209705  11.22605131 401.15386993]，半径：4.238401754307082
2025-09-17 18:23:27,314 - root - INFO - 数据质量: {'point_count': 17, 'fitting_point_count': 5, 'constraint_point_count': 12, 'visibility': 1.0}
2025-09-17 18:23:27,315 - root - INFO - 选择策略: high_quality
2025-09-17 18:23:27,315 - root - INFO - 虹膜点拟合外接圆，圆心：[ 66.7577386   10.88204083 400.55619925]，半径：4.46013116033389
2025-09-17 18:23:27,319 - project.core.fitting.main - INFO - ==============================================
2025-09-17 18:23:27,319 - project.core.fitting.main - INFO - 拟合结果:
2025-09-17 18:23:27,320 - project.core.fitting.main - INFO -   LEFT 眼: 拟合结果：
 球心：[ -0.66425303  12.88883036 410.58334173]
 半径：12.316129986814161
 置信度：0.8395783826425783
 收敛：True
 迭代次数：4
 最终残差范数：1.654583323454974
 最终delta范数：0.04340494422257674
 使用策略：lm
2025-09-17 18:23:27,320 - project.core.fitting.main - INFO -   RIGHT 眼: 拟合结果：
 球心：[ 64.94474991  11.78080295 409.91629056]
 半径：12.35864665270887
 置信度：0.8689284599478175
 收敛：True
 迭代次数：4
 最终残差范数：1.2078999349765824
 最终delta范数：0.0038699354214033104
 使用策略：lm
2025-09-17 18:23:27,320 - project.core.fitting.main - INFO - ==============================================
2025-09-17 18:23:27,320 - project.config.screen_config - INFO - 瞳孔位置: Point3D(-0.484, 12.520, 400.704)
2025-09-17 18:23:27,320 - project.config.screen_config - INFO - 眼球位置: Point3D(-0.664, 12.889, 410.583)
2025-09-17 18:23:27,320 - project.config.screen_config - INFO - 视线方向: Point3D(0.180, -0.369, -9.879)
2025-09-17 18:23:27,321 - project.config.screen_config - INFO - 交点坐标: [ 6.83324504e+00 -2.43503885e+00 -5.68434189e-14]
2025-09-17 18:23:27,321 - project.config.screen_config - WARNING - 交点超出屏幕边界，已裁剪: Point2D(687.200424, -23.792124) -> Point2D(687.200424, 0.000000)
2025-09-17 18:23:27,322 - project.config.screen_config - INFO - 最终像素坐标: Point2D(687.200424, 0.000000)
2025-09-17 18:23:27,322 - project.core.fitting.main - INFO - -----------------------------------------------
2025-09-17 18:23:27,322 - project.core.fitting.main - INFO - left 视线焦点: Point2D(687.200424, 0.000000)
2025-09-17 18:23:27,323 - project.core.fitting.main - INFO - -----------------------------------------------
2025-09-17 18:23:27,323 - project.config.screen_config - INFO - 瞳孔位置: Point3D(64.968, 12.187, 400.903)
2025-09-17 18:23:27,323 - project.config.screen_config - INFO - 眼球位置: Point3D(64.945, 11.781, 409.916)
2025-09-17 18:23:27,323 - project.config.screen_config - INFO - 视线方向: Point3D(0.023, 0.406, -9.013)
2025-09-17 18:23:27,323 - project.config.screen_config - INFO - 交点坐标: [65.99314363 30.26397386  0.        ]
2025-09-17 18:23:27,324 - project.config.screen_config - INFO - 最终像素坐标: Point2D(403.232911, 80.844716)
2025-09-17 18:23:27,324 - project.core.fitting.main - INFO - -----------------------------------------------
2025-09-17 18:23:27,324 - project.core.fitting.main - INFO - right 视线焦点: Point2D(403.232911, 80.844716)
2025-09-17 18:23:27,324 - project.core.fitting.main - INFO - -----------------------------------------------
2025-09-17 18:23:27,415 - project.data.data_manager - WARNING - 非RGB-D摄像头，使用默认深度图
2025-09-17 18:23:27,456 - project.core.recognition.detector - INFO - 提取到 478 个关键点
2025-09-17 18:23:27,458 - project.core.recognition.landmark_extractor - INFO - 关键点验证通过
2025-09-17 18:23:27,458 - project.core.recognition.detector - INFO - 关键点验证结果: True
2025-09-17 18:23:27,461 - project.core.recognition.detector - INFO - 人脸检测成功，提取到 478 个关键点
2025-09-17 18:23:27,461 - project.core.recognition.main - INFO - 人脸检测成功
2025-09-17 18:23:27,465 - project.data.data_manager - INFO - RecgFitDataManager初始化 - debug_log: True, key_coordinates: True
2025-09-17 18:23:27,465 - project.data.data_manager - INFO - RecgFitDataManager初始化完成
2025-09-17 18:23:27,466 - __main__ - INFO - 收到识别完成信号，开始拟合...
2025-09-17 18:23:27,466 - __main__ - INFO - 开始拟合frame_id: 8
2025-09-17 18:23:27,466 - __main__ - INFO - 等待识别完成信号...
2025-09-17 18:23:27,466 - root - INFO - 数据质量: {'point_count': 17, 'fitting_point_count': 5, 'constraint_point_count': 12, 'visibility': 0.9852559068561119}
2025-09-17 18:23:27,467 - root - INFO - 选择策略: high_quality
2025-09-17 18:23:27,467 - root - INFO - 虹膜点拟合外接圆，圆心：[ -1.94634362  11.06892193 400.98869056]，半径：7.927947701896712
2025-09-17 18:23:27,470 - root - INFO - 数据质量: {'point_count': 17, 'fitting_point_count': 5, 'constraint_point_count': 12, 'visibility': 1.0}
2025-09-17 18:23:27,470 - root - INFO - 选择策略: high_quality
2025-09-17 18:23:27,470 - root - INFO - 虹膜点拟合外接圆，圆心：[ 68.30376164  11.73724228 400.54678172]，半径：6.371600008285859
2025-09-17 18:23:27,474 - project.core.fitting.main - INFO - ==============================================
2025-09-17 18:23:27,474 - project.core.fitting.main - INFO - 拟合结果:
2025-09-17 18:23:27,475 - project.core.fitting.main - INFO -   LEFT 眼: 拟合结果：
 球心：[-2.81543545e-01  1.18146368e+01  4.10442050e+02]
 半径：12.316705608787672
 置信度：0.8579278139849942
 收敛：True
 迭代次数：3
 最终残差范数：1.4447844676611126
 最终delta范数：0.0549920747316301
 使用策略：lm
2025-09-17 18:23:27,475 - project.core.fitting.main - INFO -   RIGHT 眼: 拟合结果：
 球心：[ 64.95403845  11.45684885 409.86092693]
 半径：12.344224523538802
 置信度：0.8750379911169684
 收敛：True
 迭代次数：4
 最终残差范数：1.1369695326310316
 最终delta范数：0.0011426255774506212
 使用策略：lm
2025-09-17 18:23:27,475 - project.core.fitting.main - INFO - ==============================================
2025-09-17 18:23:27,475 - project.config.screen_config - INFO - 瞳孔位置: Point3D(-0.275, 12.400, 400.661)
2025-09-17 18:23:27,475 - project.config.screen_config - INFO - 眼球位置: Point3D(-0.282, 11.815, 410.442)
2025-09-17 18:23:27,476 - project.config.screen_config - INFO - 视线方向: Point3D(0.007, 0.586, -9.781)
2025-09-17 18:23:27,476 - project.config.screen_config - INFO - 交点坐标: [-5.24624779e-03  3.63912011e+01  0.00000000e+00]
2025-09-17 18:23:27,476 - project.config.screen_config - INFO - 最终像素坐标: Point2D(720.025182, 100.451844)
2025-09-17 18:23:27,476 - project.core.fitting.main - INFO - -----------------------------------------------
2025-09-17 18:23:27,477 - project.core.fitting.main - INFO - left 视线焦点: Point2D(720.025182, 100.451844)
2025-09-17 18:23:27,477 - project.core.fitting.main - INFO - -----------------------------------------------
2025-09-17 18:23:27,477 - project.config.screen_config - INFO - 瞳孔位置: Point3D(64.874, 11.579, 400.617)
2025-09-17 18:23:27,477 - project.config.screen_config - INFO - 眼球位置: Point3D(64.954, 11.457, 409.861)
2025-09-17 18:23:27,477 - project.config.screen_config - INFO - 视线方向: Point3D(-0.080, 0.122, -9.244)
2025-09-17 18:23:27,477 - project.config.screen_config - INFO - 交点坐标: [6.14257571e+01 1.68650243e+01 5.68434189e-14]
2025-09-17 18:23:27,478 - project.config.screen_config - INFO - 最终像素坐标: Point2D(425.156366, 37.968078)
2025-09-17 18:23:27,478 - project.core.fitting.main - INFO - -----------------------------------------------
2025-09-17 18:23:27,478 - project.core.fitting.main - INFO - right 视线焦点: Point2D(425.156366, 37.968078)
2025-09-17 18:23:27,478 - project.core.fitting.main - INFO - -----------------------------------------------
2025-09-17 18:23:27,570 - project.data.data_manager - WARNING - 非RGB-D摄像头，使用默认深度图
2025-09-17 18:23:27,612 - project.core.recognition.detector - INFO - 提取到 478 个关键点
2025-09-17 18:23:27,613 - project.core.recognition.landmark_extractor - INFO - 关键点验证通过
2025-09-17 18:23:27,613 - project.core.recognition.detector - INFO - 关键点验证结果: True
2025-09-17 18:23:27,617 - project.core.recognition.detector - INFO - 人脸检测成功，提取到 478 个关键点
2025-09-17 18:23:27,617 - project.core.recognition.main - INFO - 人脸检测成功
2025-09-17 18:23:27,620 - project.data.data_manager - INFO - RecgFitDataManager初始化 - debug_log: True, key_coordinates: True
2025-09-17 18:23:27,621 - project.data.data_manager - INFO - RecgFitDataManager初始化完成
2025-09-17 18:23:27,621 - __main__ - INFO - 收到识别完成信号，开始拟合...
2025-09-17 18:23:27,621 - __main__ - INFO - 开始拟合frame_id: 9
2025-09-17 18:23:27,622 - __main__ - INFO - 等待识别完成信号...
2025-09-17 18:23:27,622 - root - INFO - 数据质量: {'point_count': 17, 'fitting_point_count': 5, 'constraint_point_count': 12, 'visibility': 0.9884324322053123}
2025-09-17 18:23:27,622 - root - INFO - 选择策略: high_quality
2025-09-17 18:23:27,623 - root - INFO - 虹膜点拟合外接圆，圆心：[  3.95106714  12.25827727 401.19732171]，半径：6.0437638858258
2025-09-17 18:23:27,626 - root - INFO - 数据质量: {'point_count': 17, 'fitting_point_count': 5, 'constraint_point_count': 12, 'visibility': 1.0}
2025-09-17 18:23:27,626 - root - INFO - 选择策略: high_quality
2025-09-17 18:23:27,627 - root - INFO - 虹膜点拟合外接圆，圆心：[ 64.75207758  13.52422993 400.68498254]，半径：6.937168374045725
2025-09-17 18:23:27,630 - project.core.fitting.main - INFO - ==============================================
2025-09-17 18:23:27,630 - project.core.fitting.main - INFO - 拟合结果:
2025-09-17 18:23:27,630 - project.core.fitting.main - INFO -   LEFT 眼: 拟合结果：
 球心：[  0.47950485  12.22496628 410.52160432]
 半径：12.331968955699729
 置信度：0.8783872305357422
 收敛：True
 迭代次数：4
 最终残差范数：1.1220814712026672
 最终delta范数：0.0007790809955298342
 使用策略：lm
2025-09-17 18:23:27,631 - project.core.fitting.main - INFO -   RIGHT 眼: 拟合结果：
 球心：[ 66.51899962  11.98026906 409.93915251]
 半径：12.348377851750907
 置信度：0.8724724467602536
 收敛：True
 迭代次数：4
 最终残差范数：1.1652848053730458
 最终delta范数：0.0016061818500146615
 使用策略：lm
2025-09-17 18:23:27,631 - project.core.fitting.main - INFO - ==============================================
2025-09-17 18:23:27,631 - project.config.screen_config - INFO - 瞳孔位置: Point3D(0.848, 12.368, 401.065)
2025-09-17 18:23:27,631 - project.config.screen_config - INFO - 眼球位置: Point3D(0.480, 12.225, 410.522)
2025-09-17 18:23:27,631 - project.config.screen_config - INFO - 视线方向: Point3D(0.369, 0.143, -9.457)
2025-09-17 18:23:27,632 - project.config.screen_config - INFO - 交点坐标: [16.4930651  18.41718385  0.        ]
2025-09-17 18:23:27,632 - project.config.screen_config - INFO - 最终像素坐标: Point2D(640.833288, 42.934988)
2025-09-17 18:23:27,632 - project.core.fitting.main - INFO - -----------------------------------------------
2025-09-17 18:23:27,633 - project.core.fitting.main - INFO - left 视线焦点: Point2D(640.833288, 42.934988)
2025-09-17 18:23:27,633 - project.core.fitting.main - INFO - -----------------------------------------------
2025-09-17 18:23:27,633 - project.config.screen_config - INFO - 瞳孔位置: Point3D(66.482, 12.280, 400.780)
2025-09-17 18:23:27,633 - project.config.screen_config - INFO - 眼球位置: Point3D(66.519, 11.980, 409.939)
2025-09-17 18:23:27,633 - project.config.screen_config - INFO - 视线方向: Point3D(-0.037, 0.300, -9.159)
2025-09-17 18:23:27,633 - project.config.screen_config - INFO - 交点坐标: [64.88068138 25.40980245  0.        ]
2025-09-17 18:23:27,634 - project.config.screen_config - INFO - 最终像素坐标: Point2D(408.572729, 65.311368)
2025-09-17 18:23:27,634 - project.core.fitting.main - INFO - -----------------------------------------------
2025-09-17 18:23:27,634 - project.core.fitting.main - INFO - right 视线焦点: Point2D(408.572729, 65.311368)
2025-09-17 18:23:27,634 - project.core.fitting.main - INFO - -----------------------------------------------
2025-09-17 18:23:27,727 - project.data.data_manager - WARNING - 非RGB-D摄像头，使用默认深度图
2025-09-17 18:23:27,773 - project.core.recognition.detector - INFO - 提取到 478 个关键点
2025-09-17 18:23:27,774 - project.core.recognition.landmark_extractor - INFO - 关键点验证通过
2025-09-17 18:23:27,774 - project.core.recognition.detector - INFO - 关键点验证结果: True
2025-09-17 18:23:27,776 - project.core.recognition.detector - INFO - 人脸检测成功，提取到 478 个关键点
2025-09-17 18:23:27,777 - project.core.recognition.main - INFO - 人脸检测成功
2025-09-17 18:23:27,780 - project.data.data_manager - INFO - RecgFitDataManager初始化 - debug_log: True, key_coordinates: True
2025-09-17 18:23:27,780 - project.data.data_manager - INFO - RecgFitDataManager初始化完成
2025-09-17 18:23:27,780 - __main__ - INFO - 收到识别完成信号，开始拟合...
2025-09-17 18:23:27,780 - __main__ - INFO - 开始拟合frame_id: 10
2025-09-17 18:23:27,781 - __main__ - INFO - 等待识别完成信号...
2025-09-17 18:23:27,781 - root - INFO - 数据质量: {'point_count': 17, 'fitting_point_count': 5, 'constraint_point_count': 12, 'visibility': 0.9866010038767281}
2025-09-17 18:23:27,782 - root - INFO - 选择策略: high_quality
2025-09-17 18:23:27,782 - root - INFO - 虹膜点拟合外接圆，圆心：[  1.58519382  14.02186541 400.93202889]，半径：7.884150515482382
2025-09-17 18:23:27,786 - root - INFO - 数据质量: {'point_count': 17, 'fitting_point_count': 5, 'constraint_point_count': 12, 'visibility': 1.0}
2025-09-17 18:23:27,787 - root - INFO - 选择策略: high_quality
2025-09-17 18:23:27,787 - root - INFO - 虹膜点拟合外接圆，圆心：[ 65.81718775   9.7206913  400.73081851]，半径：7.175975334227086
2025-09-17 18:23:27,790 - project.core.fitting.main - INFO - ==============================================
2025-09-17 18:23:27,790 - project.core.fitting.main - INFO - 拟合结果:
2025-09-17 18:23:27,791 - project.core.fitting.main - INFO -   LEFT 眼: 拟合结果：
 球心：[2.29310669e-01 1.27473151e+01 4.10603474e+02]
 半径：12.353818793639524
 置信度：0.8979576407803056
 收敛：True
 迭代次数：3
 最终残差范数：0.7773480014277464
 最终delta范数：0.02254302527751672
 使用策略：lm
2025-09-17 18:23:27,791 - project.core.fitting.main - INFO -   RIGHT 眼: 拟合结果：
 球心：[ 65.81734704  12.40400165 410.02906015]
 半径：12.337290877604698
 置信度：0.8731742071497357
 收敛：True
 迭代次数：4
 最终残差范数：1.1787682323105328
 最终delta范数：0.0023700090379286157
 使用策略：lm
2025-09-17 18:23:27,791 - project.core.fitting.main - INFO - ==============================================
2025-09-17 18:23:27,791 - project.config.screen_config - INFO - 瞳孔位置: Point3D(0.013, 12.828, 401.816)
2025-09-17 18:23:27,792 - project.config.screen_config - INFO - 眼球位置: Point3D(0.229, 12.747, 410.603)
2025-09-17 18:23:27,792 - project.config.screen_config - INFO - 视线方向: Point3D(-0.217, 0.081, -8.788)
2025-09-17 18:23:27,792 - project.config.screen_config - INFO - 交点坐标: [-9.89765665 16.51670502  0.        ]
2025-09-17 18:23:27,793 - project.config.screen_config - INFO - 最终像素坐标: Point2D(767.508752, 36.853456)
2025-09-17 18:23:27,793 - project.core.fitting.main - INFO - -----------------------------------------------
2025-09-17 18:23:27,793 - project.core.fitting.main - INFO - left 视线焦点: Point2D(767.508752, 36.853456)
2025-09-17 18:23:27,793 - project.core.fitting.main - INFO - -----------------------------------------------
2025-09-17 18:23:27,793 - project.config.screen_config - INFO - 瞳孔位置: Point3D(65.678, 12.433, 400.639)
2025-09-17 18:23:27,793 - project.config.screen_config - INFO - 眼球位置: Point3D(65.817, 12.404, 410.029)
2025-09-17 18:23:27,794 - project.config.screen_config - INFO - 视线方向: Point3D(-0.139, 0.029, -9.390)
2025-09-17 18:23:27,794 - project.config.screen_config - INFO - 交点坐标: [59.75444825 13.68815168  0.        ]
2025-09-17 18:23:27,794 - project.config.screen_config - INFO - 最终像素坐标: Point2D(433.178648, 27.802085)
2025-09-17 18:23:27,795 - project.core.fitting.main - INFO - -----------------------------------------------
2025-09-17 18:23:27,795 - project.core.fitting.main - INFO - right 视线焦点: Point2D(433.178648, 27.802085)
2025-09-17 18:23:27,795 - project.core.fitting.main - INFO - -----------------------------------------------
2025-09-17 18:23:27,885 - project.data.data_manager - WARNING - 非RGB-D摄像头，使用默认深度图
2025-09-17 18:23:27,937 - project.core.recognition.detector - INFO - 提取到 478 个关键点
2025-09-17 18:23:27,938 - project.core.recognition.landmark_extractor - INFO - 关键点验证通过
2025-09-17 18:23:27,939 - project.core.recognition.detector - INFO - 关键点验证结果: True
2025-09-17 18:23:27,941 - project.core.recognition.detector - INFO - 人脸检测成功，提取到 478 个关键点
2025-09-17 18:23:27,942 - project.core.recognition.main - INFO - 人脸检测成功
2025-09-17 18:23:27,944 - project.data.data_manager - INFO - RecgFitDataManager初始化 - debug_log: True, key_coordinates: True
2025-09-17 18:23:27,945 - project.data.data_manager - INFO - RecgFitDataManager初始化完成
2025-09-17 18:23:27,945 - __main__ - INFO - 收到识别完成信号，开始拟合...
2025-09-17 18:23:27,945 - __main__ - INFO - 开始拟合frame_id: 11
2025-09-17 18:23:27,946 - __main__ - INFO - 等待识别完成信号...
2025-09-17 18:23:27,947 - root - INFO - 数据质量: {'point_count': 17, 'fitting_point_count': 5, 'constraint_point_count': 12, 'visibility': 0.9865144912418512}
2025-09-17 18:23:27,947 - root - INFO - 选择策略: high_quality
2025-09-17 18:23:27,948 - root - INFO - 虹膜点拟合外接圆，圆心：[  1.73949235  11.55719608 401.22066438]，半径：4.955237098319405
2025-09-17 18:23:27,952 - root - INFO - 数据质量: {'point_count': 17, 'fitting_point_count': 5, 'constraint_point_count': 12, 'visibility': 1.0}
2025-09-17 18:23:27,952 - root - INFO - 选择策略: high_quality
2025-09-17 18:23:27,953 - root - INFO - 虹膜点拟合外接圆，圆心：[ 67.50189924  14.1619525  400.58066696]，半径：6.938212633042507
2025-09-17 18:23:27,956 - project.core.fitting.main - INFO - ==============================================
2025-09-17 18:23:27,957 - project.core.fitting.main - INFO - 拟合结果:
2025-09-17 18:23:27,957 - project.core.fitting.main - INFO -   LEFT 眼: 拟合结果：
 球心：[-3.79935894e-01  1.30958061e+01  4.10462527e+02]
 半径：12.32706853077698
 置信度：0.8835609329164118
 收敛：True
 迭代次数：4
 最终残差范数：1.0596070176234298
 最终delta范数：0.002074543624731171
 使用策略：lm
2025-09-17 18:23:27,957 - project.core.fitting.main - INFO -   RIGHT 眼: 拟合结果：
 球心：[ 66.04311992  12.67711858 409.98847713]
 半径：12.348889556961323
 置信度：0.8806987077661593
 收敛：True
 迭代次数：4
 最终残差范数：1.0498948628906346
 最终delta范数：0.0009948900088204617
 使用策略：lm
2025-09-17 18:23:27,957 - project.core.fitting.main - INFO - ==============================================
2025-09-17 18:23:27,958 - project.config.screen_config - INFO - 瞳孔位置: Point3D(0.271, 12.984, 400.976)
2025-09-17 18:23:27,958 - project.config.screen_config - INFO - 眼球位置: Point3D(-0.380, 13.096, 410.463)
2025-09-17 18:23:27,958 - project.config.screen_config - INFO - 视线方向: Point3D(0.651, -0.111, -9.487)
2025-09-17 18:23:27,958 - project.config.screen_config - INFO - 交点坐标: [27.76621595  8.27604563  0.        ]
2025-09-17 18:23:27,959 - project.config.screen_config - INFO - 最终像素坐标: Point2D(586.722163, 10.483346)
2025-09-17 18:23:27,959 - project.core.fitting.main - INFO - -----------------------------------------------
2025-09-17 18:23:27,959 - project.core.fitting.main - INFO - left 视线焦点: Point2D(586.722163, 10.483346)
2025-09-17 18:23:27,959 - project.core.fitting.main - INFO - -----------------------------------------------
2025-09-17 18:23:27,959 - project.config.screen_config - INFO - 瞳孔位置: Point3D(65.906, 12.745, 400.878)
2025-09-17 18:23:27,959 - project.config.screen_config - INFO - 眼球位置: Point3D(66.043, 12.677, 409.988)
2025-09-17 18:23:27,959 - project.config.screen_config - INFO - 视线方向: Point3D(-0.137, 0.068, -9.111)
2025-09-17 18:23:27,960 - project.config.screen_config - INFO - 交点坐标: [59.86329438 15.73371539  0.        ]
2025-09-17 18:23:27,960 - project.config.screen_config - INFO - 最终像素坐标: Point2D(432.656187, 34.347889)
2025-09-17 18:23:27,960 - project.core.fitting.main - INFO - -----------------------------------------------
2025-09-17 18:23:27,960 - project.core.fitting.main - INFO - right 视线焦点: Point2D(432.656187, 34.347889)
2025-09-17 18:23:27,960 - project.core.fitting.main - INFO - -----------------------------------------------
2025-09-17 18:23:28,049 - project.data.data_manager - WARNING - 非RGB-D摄像头，使用默认深度图
2025-09-17 18:23:28,094 - project.core.recognition.detector - INFO - 提取到 478 个关键点
2025-09-17 18:23:28,096 - project.core.recognition.landmark_extractor - INFO - 关键点验证通过
2025-09-17 18:23:28,096 - project.core.recognition.detector - INFO - 关键点验证结果: True
2025-09-17 18:23:28,099 - project.core.recognition.detector - INFO - 人脸检测成功，提取到 478 个关键点
2025-09-17 18:23:28,099 - project.core.recognition.main - INFO - 人脸检测成功
2025-09-17 18:23:28,103 - project.data.data_manager - INFO - RecgFitDataManager初始化 - debug_log: True, key_coordinates: True
2025-09-17 18:23:28,103 - project.data.data_manager - INFO - RecgFitDataManager初始化完成
2025-09-17 18:23:28,103 - __main__ - INFO - 收到识别完成信号，开始拟合...
2025-09-17 18:23:28,103 - __main__ - INFO - 开始拟合frame_id: 12
2025-09-17 18:23:28,104 - __main__ - INFO - 等待识别完成信号...
2025-09-17 18:23:28,104 - root - INFO - 数据质量: {'point_count': 17, 'fitting_point_count': 5, 'constraint_point_count': 12, 'visibility': 0.9876941445165381}
2025-09-17 18:23:28,104 - root - INFO - 选择策略: high_quality
2025-09-17 18:23:28,105 - root - INFO - 虹膜点拟合外接圆，圆心：[  1.57301021  14.29115178 400.99963546]，半径：4.815145022081469
2025-09-17 18:23:28,109 - root - INFO - 数据质量: {'point_count': 17, 'fitting_point_count': 5, 'constraint_point_count': 12, 'visibility': 1.0}
2025-09-17 18:23:28,109 - root - INFO - 选择策略: high_quality
2025-09-17 18:23:28,110 - root - INFO - 虹膜点拟合外接圆，圆心：[ 65.64879958   9.60874798 400.7011503 ]，半径：7.196047327648276
2025-09-17 18:23:28,113 - project.core.fitting.main - INFO - ==============================================
2025-09-17 18:23:28,114 - project.core.fitting.main - INFO - 拟合结果:
2025-09-17 18:23:28,114 - project.core.fitting.main - INFO -   LEFT 眼: 拟合结果：
 球心：[-1.93868056e-01  1.24923764e+01  4.10473650e+02]
 半径：12.340480119741747
 置信度：0.89560044974781
 收敛：True
 迭代次数：4
 最终残差范数：0.8111604226681469
 最终delta范数：0.0013882745649755079
 使用策略：lm
2025-09-17 18:23:28,115 - project.core.fitting.main - INFO -   RIGHT 眼: 拟合结果：
 球心：[ 65.38534485  12.41812034 409.97528173]
 半径：12.337415014283154
 置信度：0.8723087559525873
 收敛：True
 迭代次数：4
 最终残差范数：1.1916127100763778
 最终delta范数：0.002747352965119348
 使用策略：lm
2025-09-17 18:23:28,115 - project.core.fitting.main - INFO - ==============================================
2025-09-17 18:23:28,115 - project.config.screen_config - INFO - 瞳孔位置: Point3D(-0.012, 13.039, 401.336)
2025-09-17 18:23:28,115 - project.config.screen_config - INFO - 眼球位置: Point3D(-0.194, 12.492, 410.474)
2025-09-17 18:23:28,115 - project.config.screen_config - INFO - 视线方向: Point3D(0.182, 0.547, -9.138)
2025-09-17 18:23:28,116 - project.config.screen_config - INFO - 交点坐标: [ 7.99750413 37.05948618  0.        ]
2025-09-17 18:23:28,116 - project.config.screen_config - INFO - 最终像素坐标: Point2D(681.611980, 102.590356)
2025-09-17 18:23:28,116 - project.core.fitting.main - INFO - -----------------------------------------------
2025-09-17 18:23:28,116 - project.core.fitting.main - INFO - left 视线焦点: Point2D(681.611980, 102.590356)
2025-09-17 18:23:28,116 - project.core.fitting.main - INFO - -----------------------------------------------
2025-09-17 18:23:28,116 - project.config.screen_config - INFO - 瞳孔位置: Point3D(65.483, 12.292, 400.573)
2025-09-17 18:23:28,116 - project.config.screen_config - INFO - 眼球位置: Point3D(65.385, 12.418, 409.975)
2025-09-17 18:23:28,116 - project.config.screen_config - INFO - 视线方向: Point3D(0.098, -0.127, -9.402)
2025-09-17 18:23:28,117 - project.config.screen_config - INFO - 交点坐标: [69.65376247  6.89951514  0.        ]
2025-09-17 18:23:28,117 - project.config.screen_config - INFO - 最终像素坐标: Point2D(385.661940, 6.078448)
2025-09-17 18:23:28,118 - project.core.fitting.main - INFO - -----------------------------------------------
2025-09-17 18:23:28,118 - project.core.fitting.main - INFO - right 视线焦点: Point2D(385.661940, 6.078448)
2025-09-17 18:23:28,118 - project.core.fitting.main - INFO - -----------------------------------------------
2025-09-17 18:23:28,211 - project.data.data_manager - WARNING - 非RGB-D摄像头，使用默认深度图
2025-09-17 18:23:28,320 - project.core.recognition.detector - INFO - 提取到 478 个关键点
2025-09-17 18:23:28,324 - project.core.recognition.landmark_extractor - INFO - 关键点验证通过
2025-09-17 18:23:28,324 - project.core.recognition.detector - INFO - 关键点验证结果: True
2025-09-17 18:23:28,329 - project.core.recognition.detector - INFO - 人脸检测成功，提取到 478 个关键点
2025-09-17 18:23:28,329 - project.core.recognition.main - INFO - 人脸检测成功
2025-09-17 18:23:28,333 - project.data.data_manager - INFO - RecgFitDataManager初始化 - debug_log: True, key_coordinates: True
2025-09-17 18:23:28,334 - project.data.data_manager - INFO - RecgFitDataManager初始化完成
2025-09-17 18:23:28,335 - __main__ - INFO - 收到识别完成信号，开始拟合...
2025-09-17 18:23:28,336 - __main__ - INFO - 开始拟合frame_id: 13
2025-09-17 18:23:28,336 - __main__ - INFO - 等待识别完成信号...
2025-09-17 18:23:28,338 - root - INFO - 数据质量: {'point_count': 17, 'fitting_point_count': 5, 'constraint_point_count': 12, 'visibility': 0.9790949676161991}
2025-09-17 18:23:28,338 - root - INFO - 选择策略: high_quality
2025-09-17 18:23:28,340 - root - INFO - 虹膜点拟合外接圆，圆心：[ -0.94761969  15.89634019 400.8532688 ]，半径：4.599399234781513
2025-09-17 18:23:28,348 - root - INFO - 数据质量: {'point_count': 17, 'fitting_point_count': 5, 'constraint_point_count': 12, 'visibility': 1.0}
2025-09-17 18:23:28,348 - root - INFO - 选择策略: high_quality
2025-09-17 18:23:28,350 - root - INFO - 虹膜点拟合外接圆，圆心：[ 67.43297473  13.08325407 400.57979524]，半径：8.293310466108187
2025-09-17 18:23:28,353 - project.core.fitting.main - INFO - ==============================================
2025-09-17 18:23:28,353 - project.core.fitting.main - INFO - 拟合结果:
2025-09-17 18:23:28,354 - project.core.fitting.main - INFO -   LEFT 眼: 拟合结果：
 球心：[-1.69873309e-01  1.43793729e+01  4.10509955e+02]
 半径：12.32192742108067
 置信度：0.8842503040419455
 收敛：True
 迭代次数：4
 最终残差范数：1.0788720843359818
 最终delta范数：0.0007942499067084505
 使用策略：lm
2025-09-17 18:23:28,355 - project.core.fitting.main - INFO -   RIGHT 眼: 拟合结果：
 球心：[ 65.74869633  14.24413152 410.05608914]
 半径：12.348810168709361
 置信度：0.8849112341351496
 收敛：True
 迭代次数：3
 最终残差范数：0.9871122780634289
 最终delta范数：0.031095270408902784
 使用策略：lm
2025-09-17 18:23:28,355 - project.core.fitting.main - INFO - ==============================================
2025-09-17 18:23:28,356 - project.config.screen_config - INFO - 瞳孔位置: Point3D(0.516, 14.607, 400.909)
2025-09-17 18:23:28,356 - project.config.screen_config - INFO - 眼球位置: Point3D(-0.170, 14.379, 410.510)
2025-09-17 18:23:28,356 - project.config.screen_config - INFO - 视线方向: Point3D(0.685, 0.228, -9.601)
2025-09-17 18:23:28,357 - project.config.screen_config - INFO - 交点坐标: [29.13793559 24.12614773  0.        ]
2025-09-17 18:23:28,359 - project.config.screen_config - INFO - 最终像素坐标: Point2D(580.137909, 61.203673)
2025-09-17 18:23:28,359 - project.core.fitting.main - INFO - -----------------------------------------------
2025-09-17 18:23:28,360 - project.core.fitting.main - INFO - left 视线焦点: Point2D(580.137909, 61.203673)
2025-09-17 18:23:28,360 - project.core.fitting.main - INFO - -----------------------------------------------
2025-09-17 18:23:28,360 - project.config.screen_config - INFO - 瞳孔位置: Point3D(65.774, 14.326, 400.949)
2025-09-17 18:23:28,361 - project.config.screen_config - INFO - 眼球位置: Point3D(65.749, 14.244, 410.056)
2025-09-17 18:23:28,361 - project.config.screen_config - INFO - 视线方向: Point3D(0.025, 0.082, -9.107)
2025-09-17 18:23:28,362 - project.config.screen_config - INFO - 交点坐标: [6.68729969e+01 1.79492846e+01 5.68434189e-14]
2025-09-17 18:23:28,362 - project.config.screen_config - INFO - 最终像素坐标: Point2D(399.009615, 41.437711)
2025-09-17 18:23:28,363 - project.core.fitting.main - INFO - -----------------------------------------------
2025-09-17 18:23:28,363 - project.core.fitting.main - INFO - right 视线焦点: Point2D(399.009615, 41.437711)
2025-09-17 18:23:28,363 - project.core.fitting.main - INFO - -----------------------------------------------
2025-09-17 18:23:28,447 - project.data.data_manager - WARNING - 非RGB-D摄像头，使用默认深度图
2025-09-17 18:23:28,558 - project.core.recognition.detector - INFO - 提取到 478 个关键点
2025-09-17 18:23:28,562 - project.core.recognition.landmark_extractor - INFO - 关键点验证通过
2025-09-17 18:23:28,563 - project.core.recognition.detector - INFO - 关键点验证结果: True
2025-09-17 18:23:28,572 - project.core.recognition.detector - INFO - 人脸检测成功，提取到 478 个关键点
2025-09-17 18:23:28,572 - project.core.recognition.main - INFO - 人脸检测成功
2025-09-17 18:23:28,587 - project.data.data_manager - INFO - RecgFitDataManager初始化 - debug_log: True, key_coordinates: True
2025-09-17 18:23:28,587 - project.data.data_manager - INFO - RecgFitDataManager初始化完成
2025-09-17 18:23:28,588 - __main__ - INFO - 收到识别完成信号，开始拟合...
2025-09-17 18:23:28,588 - __main__ - INFO - 开始拟合frame_id: 14
2025-09-17 18:23:28,588 - __main__ - INFO - 等待识别完成信号...
2025-09-17 18:23:28,589 - root - INFO - 数据质量: {'point_count': 17, 'fitting_point_count': 5, 'constraint_point_count': 12, 'visibility': 0.9807365284380785}
2025-09-17 18:23:28,590 - root - INFO - 选择策略: high_quality
2025-09-17 18:23:28,591 - root - INFO - 虹膜点拟合外接圆，圆心：[ -0.99353305  15.77919939 400.75272322]，半径：7.309099117956167
2025-09-17 18:23:28,608 - root - INFO - 数据质量: {'point_count': 17, 'fitting_point_count': 5, 'constraint_point_count': 12, 'visibility': 1.0}
2025-09-17 18:23:28,609 - root - INFO - 选择策略: high_quality
2025-09-17 18:23:28,610 - root - INFO - 虹膜点拟合外接圆，圆心：[ 63.31532926  16.56843536 400.47237277]，半径：6.539858157733868
2025-09-17 18:23:28,624 - project.core.fitting.main - INFO - ==============================================
2025-09-17 18:23:28,625 - project.core.fitting.main - INFO - 拟合结果:
2025-09-17 18:23:28,626 - project.core.fitting.main - INFO -   LEFT 眼: 拟合结果：
 球心：[2.56967369e-01 1.45294115e+01 4.10383538e+02]
 半径：12.327725543265418
 置信度：0.8855625769243524
 收敛：True
 迭代次数：3
 最终残差范数：1.041412721459257
 最终delta范数：0.06300555803218548
 使用策略：lm
2025-09-17 18:23:28,627 - project.core.fitting.main - INFO -   RIGHT 眼: 拟合结果：
 球心：[ 64.9745319   15.4137242  409.98798955]
 半径：12.33660970671692
 置信度：0.8827645273333515
 收敛：True
 迭代次数：4
 最终残差范数：1.0493186559478465
 最终delta范数：0.0011673713816799827
 使用策略：lm
2025-09-17 18:23:28,629 - project.core.fitting.main - INFO - ==============================================
2025-09-17 18:23:28,630 - project.config.screen_config - INFO - 瞳孔位置: Point3D(0.477, 14.524, 400.828)
2025-09-17 18:23:28,631 - project.config.screen_config - INFO - 眼球位置: Point3D(0.257, 14.529, 410.384)
2025-09-17 18:23:28,631 - project.config.screen_config - INFO - 视线方向: Point3D(0.221, -0.006, -9.555)
2025-09-17 18:23:28,633 - project.config.screen_config - INFO - 交点坐标: [ 9.72792339 14.2860874   0.        ]
2025-09-17 18:23:28,635 - project.config.screen_config - INFO - 最终像素坐标: Point2D(673.305968, 29.715480)
2025-09-17 18:23:28,635 - project.core.fitting.main - INFO - -----------------------------------------------
2025-09-17 18:23:28,635 - project.core.fitting.main - INFO - left 视线焦点: Point2D(673.305968, 29.715480)
2025-09-17 18:23:28,635 - project.core.fitting.main - INFO - -----------------------------------------------
2025-09-17 18:23:28,636 - project.config.screen_config - INFO - 瞳孔位置: Point3D(64.975, 15.448, 400.587)
2025-09-17 18:23:28,636 - project.config.screen_config - INFO - 眼球位置: Point3D(64.975, 15.414, 409.988)
2025-09-17 18:23:28,636 - project.config.screen_config - INFO - 视线方向: Point3D(0.000, 0.034, -9.401)
2025-09-17 18:23:28,637 - project.config.screen_config - INFO - 交点坐标: [64.99422001 16.88957083  0.        ]
2025-09-17 18:23:28,638 - project.config.screen_config - INFO - 最终像素坐标: Point2D(408.027744, 38.046627)
2025-09-17 18:23:28,639 - project.core.fitting.main - INFO - -----------------------------------------------
2025-09-17 18:23:28,639 - project.core.fitting.main - INFO - right 视线焦点: Point2D(408.027744, 38.046627)
2025-09-17 18:23:28,639 - project.core.fitting.main - INFO - -----------------------------------------------
2025-09-17 18:23:28,706 - project.data.data_manager - WARNING - 非RGB-D摄像头，使用默认深度图
2025-09-17 18:23:28,819 - project.core.recognition.detector - INFO - 提取到 478 个关键点
2025-09-17 18:23:28,824 - project.core.recognition.landmark_extractor - INFO - 关键点验证通过
2025-09-17 18:23:28,824 - project.core.recognition.detector - INFO - 关键点验证结果: True
2025-09-17 18:23:28,833 - project.core.recognition.detector - INFO - 人脸检测成功，提取到 478 个关键点
2025-09-17 18:23:28,835 - project.core.recognition.main - INFO - 人脸检测成功
2025-09-17 18:23:28,843 - project.data.data_manager - INFO - RecgFitDataManager初始化 - debug_log: True, key_coordinates: True
2025-09-17 18:23:28,843 - project.data.data_manager - INFO - RecgFitDataManager初始化完成
2025-09-17 18:23:28,844 - __main__ - INFO - 收到识别完成信号，开始拟合...
2025-09-17 18:23:28,844 - __main__ - INFO - 开始拟合frame_id: 15
2025-09-17 18:23:28,844 - __main__ - INFO - 等待识别完成信号...
2025-09-17 18:23:28,846 - root - INFO - 数据质量: {'point_count': 17, 'fitting_point_count': 5, 'constraint_point_count': 12, 'visibility': 0.9829810738328397}
2025-09-17 18:23:28,846 - root - INFO - 选择策略: high_quality
2025-09-17 18:23:28,848 - root - INFO - 虹膜点拟合外接圆，圆心：[ -3.47517787  14.16278667 401.16840601]，半径：4.123111925502072
2025-09-17 18:23:28,861 - root - INFO - 数据质量: {'point_count': 17, 'fitting_point_count': 5, 'constraint_point_count': 12, 'visibility': 1.0}
2025-09-17 18:23:28,862 - root - INFO - 选择策略: high_quality
2025-09-17 18:23:28,863 - root - INFO - 虹膜点拟合外接圆，圆心：[ 61.98247416  13.88486189 400.51344037]，半径：8.27044602192181
2025-09-17 18:23:28,872 - project.core.fitting.main - INFO - ==============================================
2025-09-17 18:23:28,872 - project.core.fitting.main - INFO - 拟合结果:
2025-09-17 18:23:28,873 - project.core.fitting.main - INFO -   LEFT 眼: 拟合结果：
 球心：[ -1.93174036  12.84613733 410.60577006]
 半径：12.321766605906417
 置信度：0.8807046264762862
 收敛：True
 迭代次数：4
 最终残差范数：1.1426856277314221
 最终delta范数：0.0013667537184425436
 使用策略：lm
2025-09-17 18:23:28,873 - project.core.fitting.main - INFO -   RIGHT 眼: 拟合结果：
 球心：[ 63.70151555  12.53975365 409.94398587]
 半径：12.339682243476997
 置信度：0.8654115326790459
 收敛：True
 迭代次数：3
 最终残差范数：1.281300030787285
 最终delta范数：0.05408196908112182
 使用策略：lm
2025-09-17 18:23:28,873 - project.core.fitting.main - INFO - ==============================================
2025-09-17 18:23:28,874 - project.config.screen_config - INFO - 瞳孔位置: Point3D(-2.018, 12.868, 400.920)
2025-09-17 18:23:28,874 - project.config.screen_config - INFO - 眼球位置: Point3D(-1.932, 12.846, 410.606)
2025-09-17 18:23:28,874 - project.config.screen_config - INFO - 视线方向: Point3D(-0.086, 0.022, -9.685)
2025-09-17 18:23:28,875 - project.config.screen_config - INFO - 交点坐标: [-5.58858762 13.77107986  0.        ]
2025-09-17 18:23:28,876 - project.config.screen_config - INFO - 最终像素坐标: Point2D(746.825221, 28.067456)
2025-09-17 18:23:28,876 - project.core.fitting.main - INFO - -----------------------------------------------
2025-09-17 18:23:28,876 - project.core.fitting.main - INFO - left 视线焦点: Point2D(746.825221, 28.067456)
2025-09-17 18:23:28,876 - project.core.fitting.main - INFO - -----------------------------------------------
2025-09-17 18:23:28,877 - project.config.screen_config - INFO - 瞳孔位置: Point3D(63.650, 12.751, 400.513)
2025-09-17 18:23:28,877 - project.config.screen_config - INFO - 眼球位置: Point3D(63.702, 12.540, 409.944)
2025-09-17 18:23:28,877 - project.config.screen_config - INFO - 视线方向: Point3D(-0.051, 0.211, -9.431)
2025-09-17 18:23:28,878 - project.config.screen_config - INFO - 交点坐标: [61.46435106 21.71726469  0.        ]
2025-09-17 18:23:28,879 - project.config.screen_config - INFO - 最终像素坐标: Point2D(424.971115, 53.495247)
2025-09-17 18:23:28,879 - project.core.fitting.main - INFO - -----------------------------------------------
2025-09-17 18:23:28,879 - project.core.fitting.main - INFO - right 视线焦点: Point2D(424.971115, 53.495247)
2025-09-17 18:23:28,879 - project.core.fitting.main - INFO - -----------------------------------------------
2025-09-17 18:23:28,972 - project.data.data_manager - WARNING - 非RGB-D摄像头，使用默认深度图
2025-09-17 18:23:29,074 - project.core.recognition.detector - INFO - 提取到 478 个关键点
2025-09-17 18:23:29,079 - project.core.recognition.landmark_extractor - INFO - 关键点验证通过
2025-09-17 18:23:29,080 - project.core.recognition.detector - INFO - 关键点验证结果: True
2025-09-17 18:23:29,088 - project.core.recognition.detector - INFO - 人脸检测成功，提取到 478 个关键点
2025-09-17 18:23:29,089 - project.core.recognition.main - INFO - 人脸检测成功
2025-09-17 18:23:29,104 - project.data.data_manager - INFO - RecgFitDataManager初始化 - debug_log: True, key_coordinates: True
2025-09-17 18:23:29,105 - project.data.data_manager - INFO - RecgFitDataManager初始化完成
2025-09-17 18:23:29,107 - __main__ - INFO - 收到识别完成信号，开始拟合...
2025-09-17 18:23:29,107 - __main__ - INFO - 开始拟合frame_id: 16
2025-09-17 18:23:29,107 - __main__ - INFO - 等待识别完成信号...
2025-09-17 18:23:29,109 - root - INFO - 数据质量: {'point_count': 17, 'fitting_point_count': 5, 'constraint_point_count': 12, 'visibility': 0.9847778571691502}
2025-09-17 18:23:29,110 - root - INFO - 选择策略: high_quality
2025-09-17 18:23:29,111 - root - INFO - 虹膜点拟合外接圆，圆心：[  0.69626529  13.83663696 400.98699182]，半径：6.944817740102273
2025-09-17 18:23:29,127 - root - INFO - 数据质量: {'point_count': 17, 'fitting_point_count': 5, 'constraint_point_count': 12, 'visibility': 1.0}
2025-09-17 18:23:29,127 - root - INFO - 选择策略: high_quality
2025-09-17 18:23:29,128 - root - INFO - 虹膜点拟合外接圆，圆心：[ 66.42887077  13.30526558 400.51264316]，半径：4.215376411910185
2025-09-17 18:23:29,143 - project.core.fitting.main - INFO - ==============================================
2025-09-17 18:23:29,145 - project.core.fitting.main - INFO - 拟合结果:
2025-09-17 18:23:29,146 - project.core.fitting.main - INFO -   LEFT 眼: 拟合结果：
 球心：[ -0.43508184  12.50761956 410.4818903 ]
 半径：12.337009681303151
 置信度：0.882233287910112
 收敛：True
 迭代次数：3
 最终残差范数：1.040687850799913
 最终delta范数：0.0805394075903796
 使用策略：lm
2025-09-17 18:23:29,147 - project.core.fitting.main - INFO -   RIGHT 眼: 拟合结果：
 球心：[ 64.63944484  11.95853053 409.95844382]
 半径：12.351624575393313
 置信度：0.8801509844234087
 收敛：True
 迭代次数：4
 最终残差范数：1.0572316247007292
 最终delta范数：0.001901867229740641
 使用策略：lm
2025-09-17 18:23:29,147 - project.core.fitting.main - INFO - ==============================================
2025-09-17 18:23:29,147 - project.config.screen_config - INFO - 瞳孔位置: Point3D(-0.844, 12.583, 401.210)
2025-09-17 18:23:29,148 - project.config.screen_config - INFO - 眼球位置: Point3D(-0.435, 12.508, 410.482)
2025-09-17 18:23:29,148 - project.config.screen_config - INFO - 视线方向: Point3D(-0.409, 0.075, -9.272)
2025-09-17 18:23:29,149 - project.config.screen_config - INFO - 交点坐标: [-18.53007557  15.83650454   0.        ]
2025-09-17 18:23:29,151 - project.config.screen_config - INFO - 最终像素坐标: Point2D(808.944363, 34.676815)
2025-09-17 18:23:29,151 - project.core.fitting.main - INFO - -----------------------------------------------
2025-09-17 18:23:29,151 - project.core.fitting.main - INFO - left 视线焦点: Point2D(808.944363, 34.676815)
2025-09-17 18:23:29,151 - project.core.fitting.main - INFO - -----------------------------------------------
2025-09-17 18:23:29,152 - project.config.screen_config - INFO - 瞳孔位置: Point3D(64.830, 11.981, 400.864)
2025-09-17 18:23:29,152 - project.config.screen_config - INFO - 眼球位置: Point3D(64.639, 11.959, 409.958)
2025-09-17 18:23:29,152 - project.config.screen_config - INFO - 视线方向: Point3D(0.191, 0.022, -9.094)
2025-09-17 18:23:29,153 - project.config.screen_config - INFO - 交点坐标: [7.32498102e+01 1.29494241e+01 5.68434189e-14]
2025-09-17 18:23:29,154 - project.config.screen_config - INFO - 最终像素坐标: Point2D(368.400911, 25.438157)
2025-09-17 18:23:29,154 - project.core.fitting.main - INFO - -----------------------------------------------
2025-09-17 18:23:29,155 - project.core.fitting.main - INFO - right 视线焦点: Point2D(368.400911, 25.438157)
2025-09-17 18:23:29,155 - project.core.fitting.main - INFO - -----------------------------------------------
2025-09-17 18:23:29,237 - project.data.data_manager - WARNING - 非RGB-D摄像头，使用默认深度图
2025-09-17 18:23:29,359 - project.core.recognition.detector - INFO - 提取到 478 个关键点
2025-09-17 18:23:29,364 - project.core.recognition.landmark_extractor - INFO - 关键点验证通过
2025-09-17 18:23:29,365 - project.core.recognition.detector - INFO - 关键点验证结果: True
2025-09-17 18:23:29,375 - project.core.recognition.detector - INFO - 人脸检测成功，提取到 478 个关键点
2025-09-17 18:23:29,376 - project.core.recognition.main - INFO - 人脸检测成功
2025-09-17 18:23:29,393 - project.data.data_manager - INFO - RecgFitDataManager初始化 - debug_log: True, key_coordinates: True
2025-09-17 18:23:29,394 - project.data.data_manager - INFO - RecgFitDataManager初始化完成
2025-09-17 18:23:29,396 - __main__ - INFO - 收到识别完成信号，开始拟合...
2025-09-17 18:23:29,396 - __main__ - INFO - 开始拟合frame_id: 17
2025-09-17 18:23:29,397 - __main__ - INFO - 等待识别完成信号...
2025-09-17 18:23:29,400 - root - INFO - 数据质量: {'point_count': 17, 'fitting_point_count': 5, 'constraint_point_count': 12, 'visibility': 0.988069604347975}
2025-09-17 18:23:29,402 - root - INFO - 选择策略: high_quality
2025-09-17 18:23:29,404 - root - INFO - 虹膜点拟合外接圆，圆心：[-3.80464045e-01  1.52598126e+01  4.00822528e+02]，半径：6.740167165262067
2025-09-17 18:23:29,429 - root - INFO - 数据质量: {'point_count': 17, 'fitting_point_count': 5, 'constraint_point_count': 12, 'visibility': 1.0}
2025-09-17 18:23:29,430 - root - INFO - 选择策略: high_quality
2025-09-17 18:23:29,431 - root - INFO - 虹膜点拟合外接圆，圆心：[ 66.85893393  13.24441374 400.66993982]，半径：4.346676127752684
2025-09-17 18:23:29,452 - project.core.fitting.main - INFO - ==============================================
2025-09-17 18:23:29,453 - project.core.fitting.main - INFO - 拟合结果:
2025-09-17 18:23:29,453 - project.core.fitting.main - INFO -   LEFT 眼: 拟合结果：
 球心：[ -0.56353207  13.22998094 410.36822256]
 半径：12.327838112955947
 置信度：0.8643883170318492
 收敛：True
 迭代次数：4
 最终残差范数：1.3180249987312898
 最终delta范数：0.001971384196472144
 使用策略：lm
2025-09-17 18:23:29,454 - project.core.fitting.main - INFO -   RIGHT 眼: 拟合结果：
 球心：[ 65.19224378  11.90093226 409.9488356 ]
 半径：12.338979996352684
 置信度：0.8794823563937701
 收敛：True
 迭代次数：4
 最终残差范数：1.0890333155358212
 最终delta范数：0.0009594152902053347
 使用策略：lm
2025-09-17 18:23:29,454 - project.core.fitting.main - INFO - ==============================================
2025-09-17 18:23:29,454 - project.config.screen_config - INFO - 瞳孔位置: Point3D(-0.470, 12.646, 400.818)
2025-09-17 18:23:29,454 - project.config.screen_config - INFO - 眼球位置: Point3D(-0.564, 13.230, 410.368)
2025-09-17 18:23:29,454 - project.config.screen_config - INFO - 视线方向: Point3D(0.094, -0.584, -9.550)
2025-09-17 18:23:29,455 - project.config.screen_config - INFO - 交点坐标: [  3.45495964 -11.85045827   0.        ]
2025-09-17 18:23:29,457 - project.config.screen_config - WARNING - 交点超出屏幕边界，已裁剪: Point2D(703.416194, -53.921466) -> Point2D(703.416194, 0.000000)
2025-09-17 18:23:29,457 - project.config.screen_config - INFO - 最终像素坐标: Point2D(703.416194, 0.000000)
2025-09-17 18:23:29,458 - project.core.fitting.main - INFO - -----------------------------------------------
2025-09-17 18:23:29,458 - project.core.fitting.main - INFO - left 视线焦点: Point2D(703.416194, 0.000000)
2025-09-17 18:23:29,458 - project.core.fitting.main - INFO - -----------------------------------------------
2025-09-17 18:23:29,458 - project.config.screen_config - INFO - 瞳孔位置: Point3D(65.172, 11.871, 400.591)
2025-09-17 18:23:29,458 - project.config.screen_config - INFO - 眼球位置: Point3D(65.192, 11.901, 409.949)
2025-09-17 18:23:29,459 - project.config.screen_config - INFO - 视线方向: Point3D(-0.020, -0.030, -9.357)
2025-09-17 18:23:29,459 - project.config.screen_config - INFO - 交点坐标: [64.29824062 10.59240741  0.        ]
2025-09-17 18:23:29,460 - project.config.screen_config - INFO - 最终像素坐标: Point2D(411.368445, 17.895704)
2025-09-17 18:23:29,461 - project.core.fitting.main - INFO - -----------------------------------------------
2025-09-17 18:23:29,461 - project.core.fitting.main - INFO - right 视线焦点: Point2D(411.368445, 17.895704)
2025-09-17 18:23:29,461 - project.core.fitting.main - INFO - -----------------------------------------------
2025-09-17 18:23:29,503 - project.data.data_manager - WARNING - 非RGB-D摄像头，使用默认深度图
2025-09-17 18:23:29,631 - project.core.recognition.detector - INFO - 提取到 478 个关键点
2025-09-17 18:23:29,636 - project.core.recognition.landmark_extractor - INFO - 关键点验证通过
2025-09-17 18:23:29,637 - project.core.recognition.detector - INFO - 关键点验证结果: True
2025-09-17 18:23:29,643 - project.core.recognition.detector - INFO - 人脸检测成功，提取到 478 个关键点
2025-09-17 18:23:29,644 - project.core.recognition.main - INFO - 人脸检测成功
2025-09-17 18:23:29,661 - project.data.data_manager - INFO - RecgFitDataManager初始化 - debug_log: True, key_coordinates: True
2025-09-17 18:23:29,661 - project.data.data_manager - INFO - RecgFitDataManager初始化完成
2025-09-17 18:23:29,662 - __main__ - INFO - 收到识别完成信号，开始拟合...
2025-09-17 18:23:29,662 - __main__ - INFO - 开始拟合frame_id: 18
2025-09-17 18:23:29,662 - __main__ - INFO - 等待识别完成信号...
2025-09-17 18:23:29,664 - root - INFO - 数据质量: {'point_count': 17, 'fitting_point_count': 5, 'constraint_point_count': 12, 'visibility': 0.9879808645672528}
2025-09-17 18:23:29,664 - root - INFO - 选择策略: high_quality
2025-09-17 18:23:29,664 - root - INFO - 虹膜点拟合外接圆，圆心：[ -2.05055985  14.16652488 400.9206444 ]，半径：4.281311034795757
2025-09-17 18:23:29,680 - root - INFO - 数据质量: {'point_count': 17, 'fitting_point_count': 5, 'constraint_point_count': 12, 'visibility': 1.0}
2025-09-17 18:23:29,681 - root - INFO - 选择策略: high_quality
2025-09-17 18:23:29,682 - root - INFO - 虹膜点拟合外接圆，圆心：[ 63.37214173  13.49737281 400.79252422]，半径：5.262394176666816
2025-09-17 18:23:29,698 - project.core.fitting.main - INFO - ==============================================
2025-09-17 18:23:29,698 - project.core.fitting.main - INFO - 拟合结果:
2025-09-17 18:23:29,699 - project.core.fitting.main - INFO -   LEFT 眼: 拟合结果：
 球心：[ -0.81938119  13.23006237 410.47288757]
 半径：12.333460994737393
 置信度：0.8919963187178627
 收敛：True
 迭代次数：4
 最终残差范数：0.8972999473094344
 最终delta范数：0.00025893998936621213
 使用策略：lm
2025-09-17 18:23:29,700 - project.core.fitting.main - INFO -   RIGHT 眼: 拟合结果：
 球心：[ 65.39349496  11.76307652 409.97054975]
 半径：12.343741406977687
 置信度：0.8719576778899123
 收敛：True
 迭代次数：4
 最终残差范数：1.1824458634128217
 最终delta范数：0.003969894878056838
 使用策略：lm
2025-09-17 18:23:29,700 - project.core.fitting.main - INFO - ==============================================
2025-09-17 18:23:29,701 - project.config.screen_config - INFO - 瞳孔位置: Point3D(-0.538, 12.855, 401.142)
2025-09-17 18:23:29,701 - project.config.screen_config - INFO - 眼球位置: Point3D(-0.819, 13.230, 410.473)
2025-09-17 18:23:29,701 - project.config.screen_config - INFO - 视线方向: Point3D(0.282, -0.376, -9.331)
2025-09-17 18:23:29,703 - project.config.screen_config - INFO - 交点坐标: [11.56768376 -3.28986171  0.        ]
2025-09-17 18:23:29,704 - project.config.screen_config - WARNING - 交点超出屏幕边界，已裁剪: Point2D(664.475118, -26.527557) -> Point2D(664.475118, 0.000000)
2025-09-17 18:23:29,704 - project.config.screen_config - INFO - 最终像素坐标: Point2D(664.475118, 0.000000)
2025-09-17 18:23:29,705 - project.core.fitting.main - INFO - -----------------------------------------------
2025-09-17 18:23:29,705 - project.core.fitting.main - INFO - left 视线焦点: Point2D(664.475118, 0.000000)
2025-09-17 18:23:29,705 - project.core.fitting.main - INFO - -----------------------------------------------
2025-09-17 18:23:29,705 - project.config.screen_config - INFO - 瞳孔位置: Point3D(65.056, 12.228, 400.691)
2025-09-17 18:23:29,705 - project.config.screen_config - INFO - 眼球位置: Point3D(65.393, 11.763, 409.971)
2025-09-17 18:23:29,706 - project.config.screen_config - INFO - 视线方向: Point3D(-0.337, 0.465, -9.280)
2025-09-17 18:23:29,707 - project.config.screen_config - INFO - 交点坐标: [50.48976029 32.30219625  0.        ]
2025-09-17 18:23:29,707 - project.config.screen_config - INFO - 最终像素坐标: Point2D(477.649151, 87.367028)
2025-09-17 18:23:29,707 - project.core.fitting.main - INFO - -----------------------------------------------
2025-09-17 18:23:29,708 - project.core.fitting.main - INFO - right 视线焦点: Point2D(477.649151, 87.367028)
2025-09-17 18:23:29,708 - project.core.fitting.main - INFO - -----------------------------------------------
2025-09-17 18:23:29,769 - project.data.data_manager - WARNING - 非RGB-D摄像头，使用默认深度图
2025-09-17 18:23:29,904 - project.core.recognition.detector - INFO - 提取到 478 个关键点
2025-09-17 18:23:29,908 - project.core.recognition.landmark_extractor - INFO - 关键点验证通过
2025-09-17 18:23:29,909 - project.core.recognition.detector - INFO - 关键点验证结果: True
2025-09-17 18:23:29,917 - project.core.recognition.detector - INFO - 人脸检测成功，提取到 478 个关键点
2025-09-17 18:23:29,918 - project.core.recognition.main - INFO - 人脸检测成功
2025-09-17 18:23:29,938 - project.data.data_manager - INFO - RecgFitDataManager初始化 - debug_log: True, key_coordinates: True
2025-09-17 18:23:29,938 - project.data.data_manager - INFO - RecgFitDataManager初始化完成
2025-09-17 18:23:29,941 - __main__ - INFO - 收到识别完成信号，开始拟合...
2025-09-17 18:23:29,941 - __main__ - INFO - 开始拟合frame_id: 19
2025-09-17 18:23:29,942 - __main__ - INFO - 等待识别完成信号...
2025-09-17 18:23:29,944 - root - INFO - 数据质量: {'point_count': 17, 'fitting_point_count': 5, 'constraint_point_count': 12, 'visibility': 0.9878906106203106}
2025-09-17 18:23:29,945 - root - INFO - 选择策略: high_quality
2025-09-17 18:23:29,946 - root - INFO - 虹膜点拟合外接圆，圆心：[  0.8281376   11.49894782 401.03384107]，半径：7.711092905073043
2025-09-17 18:23:29,958 - root - INFO - 数据质量: {'point_count': 17, 'fitting_point_count': 5, 'constraint_point_count': 12, 'visibility': 1.0}
2025-09-17 18:23:29,959 - root - INFO - 选择策略: high_quality
2025-09-17 18:23:29,960 - root - INFO - 虹膜点拟合外接圆，圆心：[ 61.76153339  12.29343582 400.68840235]，半径：6.4012999431175315
2025-09-17 18:23:29,976 - project.core.fitting.main - INFO - ==============================================
2025-09-17 18:23:29,977 - project.core.fitting.main - INFO - 拟合结果:
2025-09-17 18:23:29,978 - project.core.fitting.main - INFO -   LEFT 眼: 拟合结果：
 球心：[ -0.89912015  13.19967481 410.41538007]
 半径：12.336525605512621
 置信度：0.8955431002288993
 收敛：True
 迭代次数：3
 最终残差范数：0.8213656019644762
 最终delta范数：0.029166026681576807
 使用策略：lm
2025-09-17 18:23:29,979 - project.core.fitting.main - INFO -   RIGHT 眼: 拟合结果：
 球心：[ 65.2043322   12.15387338 409.89214466]
 半径：12.333643815362777
 置信度：0.8721626770891435
 收敛：True
 迭代次数：4
 最终残差范数：1.20867713680291
 最终delta范数：0.0007713659006806265
 使用策略：lm
2025-09-17 18:23:29,980 - project.core.fitting.main - INFO - ==============================================
2025-09-17 18:23:29,981 - project.config.screen_config - INFO - 瞳孔位置: Point3D(-0.581, 12.894, 401.179)
2025-09-17 18:23:29,981 - project.config.screen_config - INFO - 眼球位置: Point3D(-0.899, 13.200, 410.415)
2025-09-17 18:23:29,982 - project.config.screen_config - INFO - 视线方向: Point3D(0.318, -0.306, -9.236)
2025-09-17 18:23:29,984 - project.config.screen_config - INFO - 交点坐标: [13.22057983 -0.40009081  0.        ]
2025-09-17 18:23:29,986 - project.config.screen_config - WARNING - 交点超出屏幕边界，已裁剪: Point2D(656.541217, -17.280291) -> Point2D(656.541217, 0.000000)
2025-09-17 18:23:29,987 - project.config.screen_config - INFO - 最终像素坐标: Point2D(656.541217, 0.000000)
2025-09-17 18:23:29,988 - project.core.fitting.main - INFO - -----------------------------------------------
2025-09-17 18:23:29,988 - project.core.fitting.main - INFO - left 视线焦点: Point2D(656.541217, 0.000000)
2025-09-17 18:23:29,989 - project.core.fitting.main - INFO - -----------------------------------------------
2025-09-17 18:23:29,989 - project.config.screen_config - INFO - 瞳孔位置: Point3D(65.088, 12.418, 400.402)
2025-09-17 18:23:29,990 - project.config.screen_config - INFO - 眼球位置: Point3D(65.204, 12.154, 409.892)
2025-09-17 18:23:29,990 - project.config.screen_config - INFO - 视线方向: Point3D(-0.116, 0.265, -9.490)
2025-09-17 18:23:29,991 - project.config.screen_config - INFO - 交点坐标: [60.17286318 23.57918116  0.        ]
2025-09-17 18:23:29,992 - project.config.screen_config - INFO - 最终像素坐标: Point2D(431.170257, 59.453380)
2025-09-17 18:23:29,993 - project.core.fitting.main - INFO - -----------------------------------------------
2025-09-17 18:23:29,993 - project.core.fitting.main - INFO - right 视线焦点: Point2D(431.170257, 59.453380)
2025-09-17 18:23:29,994 - project.core.fitting.main - INFO - -----------------------------------------------
2025-09-17 18:23:30,051 - project.data.data_manager - WARNING - 非RGB-D摄像头，使用默认深度图
2025-09-17 18:23:30,175 - project.core.recognition.detector - INFO - 提取到 478 个关键点
2025-09-17 18:23:30,179 - project.core.recognition.landmark_extractor - INFO - 关键点验证通过
2025-09-17 18:23:30,180 - project.core.recognition.detector - INFO - 关键点验证结果: True
2025-09-17 18:23:30,185 - project.core.recognition.detector - INFO - 人脸检测成功，提取到 478 个关键点
2025-09-17 18:23:30,186 - project.core.recognition.main - INFO - 人脸检测成功
2025-09-17 18:23:30,190 - project.data.data_manager - INFO - RecgFitDataManager初始化 - debug_log: True, key_coordinates: True
2025-09-17 18:23:30,190 - project.data.data_manager - INFO - RecgFitDataManager初始化完成
2025-09-17 18:23:30,190 - __main__ - INFO - 收到识别完成信号，开始拟合...
2025-09-17 18:23:30,190 - __main__ - INFO - 开始拟合frame_id: 20
2025-09-17 18:23:30,190 - __main__ - INFO - 等待识别完成信号...
2025-09-17 18:23:30,191 - root - INFO - 数据质量: {'point_count': 17, 'fitting_point_count': 5, 'constraint_point_count': 12, 'visibility': 0.9844724811675087}
2025-09-17 18:23:30,191 - root - INFO - 选择策略: high_quality
2025-09-17 18:23:30,192 - root - INFO - 虹膜点拟合外接圆，圆心：[ -3.31319078  11.52376051 400.86968243]，半径：7.68680779655709
2025-09-17 18:23:30,199 - root - INFO - 数据质量: {'point_count': 17, 'fitting_point_count': 5, 'constraint_point_count': 12, 'visibility': 1.0}
2025-09-17 18:23:30,200 - root - INFO - 选择策略: high_quality
2025-09-17 18:23:30,201 - root - INFO - 虹膜点拟合外接圆，圆心：[ 62.90055178  10.55126671 400.53728968]，半径：5.244079451560339
2025-09-17 18:23:30,208 - project.core.fitting.main - INFO - ==============================================
2025-09-17 18:23:30,208 - project.core.fitting.main - INFO - 拟合结果:
2025-09-17 18:23:30,209 - project.core.fitting.main - INFO -   LEFT 眼: 拟合结果：
 球心：[ -1.62120955  12.54150244 410.50895909]
 半径：12.348741196056633
 置信度：0.8993590565828499
 收敛：True
 迭代次数：3
 最终残差范数：0.7380887632435774
 最终delta范数：0.02265373169406905
 使用策略：lm
2025-09-17 18:23:30,210 - project.core.fitting.main - INFO -   RIGHT 眼: 拟合结果：
 球心：[ 64.3765232   12.14814211 409.86943098]
 半径：12.340018736195741
 置信度：0.8774996389903498
 收敛：True
 迭代次数：4
 最终残差范数：1.1175006611047764
 最终delta范数：0.002617395180496582
 使用策略：lm
2025-09-17 18:23:30,211 - project.core.fitting.main - INFO - ==============================================
2025-09-17 18:23:30,211 - project.config.screen_config - INFO - 瞳孔位置: Point3D(-1.682, 12.861, 401.617)
2025-09-17 18:23:30,212 - project.config.screen_config - INFO - 眼球位置: Point3D(-1.621, 12.542, 410.509)
2025-09-17 18:23:30,212 - project.config.screen_config - INFO - 视线方向: Point3D(-0.061, 0.319, -8.892)
2025-09-17 18:23:30,213 - project.config.screen_config - INFO - 交点坐标: [-4.41531323 27.28592847  0.        ]
2025-09-17 18:23:30,215 - project.config.screen_config - INFO - 最终像素坐标: Point2D(741.193504, 71.314971)
2025-09-17 18:23:30,216 - project.core.fitting.main - INFO - -----------------------------------------------
2025-09-17 18:23:30,216 - project.core.fitting.main - INFO - left 视线焦点: Point2D(741.193504, 71.314971)
2025-09-17 18:23:30,216 - project.core.fitting.main - INFO - -----------------------------------------------
2025-09-17 18:23:30,217 - project.config.screen_config - INFO - 瞳孔位置: Point3D(64.492, 11.937, 400.506)
2025-09-17 18:23:30,217 - project.config.screen_config - INFO - 眼球位置: Point3D(64.377, 12.148, 409.869)
2025-09-17 18:23:30,218 - project.config.screen_config - INFO - 视线方向: Point3D(0.116, -0.211, -9.364)
2025-09-17 18:23:30,220 - project.config.screen_config - INFO - 交点坐标: [69.44757574  2.92109073  0.        ]
2025-09-17 18:23:30,222 - project.config.screen_config - WARNING - 交点超出屏幕边界，已裁剪: Point2D(386.651636, -6.652510) -> Point2D(386.651636, 0.000000)
2025-09-17 18:23:30,223 - project.config.screen_config - INFO - 最终像素坐标: Point2D(386.651636, 0.000000)
2025-09-17 18:23:30,223 - project.core.fitting.main - INFO - -----------------------------------------------
2025-09-17 18:23:30,224 - project.core.fitting.main - INFO - right 视线焦点: Point2D(386.651636, 0.000000)
2025-09-17 18:23:30,224 - project.core.fitting.main - INFO - -----------------------------------------------
2025-09-17 18:23:30,301 - project.data.data_manager - WARNING - 非RGB-D摄像头，使用默认深度图
2025-09-17 18:23:30,463 - project.core.recognition.detector - INFO - 提取到 478 个关键点
2025-09-17 18:23:30,469 - project.core.recognition.landmark_extractor - INFO - 关键点验证通过
2025-09-17 18:23:30,469 - project.core.recognition.detector - INFO - 关键点验证结果: True
2025-09-17 18:23:30,477 - project.core.recognition.detector - INFO - 人脸检测成功，提取到 478 个关键点
2025-09-17 18:23:30,478 - project.core.recognition.main - INFO - 人脸检测成功
2025-09-17 18:23:30,499 - project.data.data_manager - INFO - RecgFitDataManager初始化 - debug_log: True, key_coordinates: True
2025-09-17 18:23:30,500 - project.data.data_manager - INFO - RecgFitDataManager初始化完成
2025-09-17 18:23:30,501 - __main__ - INFO - 收到识别完成信号，开始拟合...
2025-09-17 18:23:30,501 - __main__ - INFO - 开始拟合frame_id: 21
2025-09-17 18:23:30,501 - __main__ - INFO - 等待识别完成信号...
2025-09-17 18:23:30,503 - root - INFO - 数据质量: {'point_count': 17, 'fitting_point_count': 5, 'constraint_point_count': 12, 'visibility': 0.9847954106711361}
2025-09-17 18:23:30,504 - root - INFO - 选择策略: high_quality
2025-09-17 18:23:30,506 - root - INFO - 虹膜点拟合外接圆，圆心：[ -1.28199384  15.27053741 400.86779743]，半径：6.651349705764738
2025-09-17 18:23:30,529 - root - INFO - 数据质量: {'point_count': 17, 'fitting_point_count': 5, 'constraint_point_count': 12, 'visibility': 1.0}
2025-09-17 18:23:30,530 - root - INFO - 选择策略: high_quality
2025-09-17 18:23:30,531 - root - INFO - 虹膜点拟合外接圆，圆心：[ 62.89550734  13.27004483 400.45728534]，半径：5.186219423770326
2025-09-17 18:23:30,545 - project.core.fitting.main - INFO - ==============================================
2025-09-17 18:23:30,546 - project.core.fitting.main - INFO - 拟合结果:
2025-09-17 18:23:30,546 - project.core.fitting.main - INFO -   LEFT 眼: 拟合结果：
 球心：[ -0.97136921  13.14801057 410.5071314 ]
 半径：12.330504543730196
 置信度：0.8844396035440577
 收敛：True
 迭代次数：4
 最终残差范数：1.0347736639751017
 最终delta范数：0.0013606824537217876
 使用策略：lm
2025-09-17 18:23:30,547 - project.core.fitting.main - INFO -   RIGHT 眼: 拟合结果：
 球心：[ 64.51081066  12.22549944 409.93215586]
 半径：12.346126988080089
 置信度：0.8808164913323213
 收敛：True
 迭代次数：4
 最终残差范数：1.0549184690624134
 最终delta范数：0.0015769214510326262
 使用策略：lm
2025-09-17 18:23:30,548 - project.core.fitting.main - INFO - ==============================================
2025-09-17 18:23:30,548 - project.config.screen_config - INFO - 瞳孔位置: Point3D(-1.378, 12.693, 401.075)
2025-09-17 18:23:30,548 - project.config.screen_config - INFO - 眼球位置: Point3D(-0.971, 13.148, 410.507)
2025-09-17 18:23:30,549 - project.config.screen_config - INFO - 视线方向: Point3D(-0.407, -0.455, -9.432)
2025-09-17 18:23:30,550 - project.config.screen_config - INFO - 交点坐标: [-18.6784067  -6.6682499   0.       ]
2025-09-17 18:23:30,551 - project.config.screen_config - WARNING - 交点超出屏幕边界，已裁剪: Point2D(809.656352, -37.338400) -> Point2D(809.656352, 0.000000)
2025-09-17 18:23:30,552 - project.config.screen_config - INFO - 最终像素坐标: Point2D(809.656352, 0.000000)
2025-09-17 18:23:30,552 - project.core.fitting.main - INFO - -----------------------------------------------
2025-09-17 18:23:30,552 - project.core.fitting.main - INFO - left 视线焦点: Point2D(809.656352, 0.000000)
2025-09-17 18:23:30,553 - project.core.fitting.main - INFO - -----------------------------------------------
2025-09-17 18:23:30,553 - project.config.screen_config - INFO - 瞳孔位置: Point3D(64.617, 12.037, 400.709)
2025-09-17 18:23:30,553 - project.config.screen_config - INFO - 眼球位置: Point3D(64.511, 12.225, 409.932)
2025-09-17 18:23:30,553 - project.config.screen_config - INFO - 视线方向: Point3D(0.106, -0.188, -9.223)
2025-09-17 18:23:30,555 - project.config.screen_config - INFO - 交点坐标: [6.92192738e+01 3.84852842e+00 5.68434189e-14]
2025-09-17 18:23:30,556 - project.config.screen_config - WARNING - 交点超出屏幕边界，已裁剪: Point2D(387.747486, -3.684709) -> Point2D(387.747486, 0.000000)
2025-09-17 18:23:30,556 - project.config.screen_config - INFO - 最终像素坐标: Point2D(387.747486, 0.000000)
2025-09-17 18:23:30,556 - project.core.fitting.main - INFO - -----------------------------------------------
2025-09-17 18:23:30,557 - project.core.fitting.main - INFO - right 视线焦点: Point2D(387.747486, 0.000000)
2025-09-17 18:23:30,557 - project.core.fitting.main - INFO - -----------------------------------------------
2025-09-17 18:23:30,610 - project.data.data_manager - WARNING - 非RGB-D摄像头，使用默认深度图
2025-09-17 18:23:30,748 - project.core.recognition.detector - INFO - 提取到 478 个关键点
2025-09-17 18:23:30,753 - project.core.recognition.landmark_extractor - INFO - 关键点验证通过
2025-09-17 18:23:30,753 - project.core.recognition.detector - INFO - 关键点验证结果: True
2025-09-17 18:23:30,762 - project.core.recognition.detector - INFO - 人脸检测成功，提取到 478 个关键点
2025-09-17 18:23:30,763 - project.core.recognition.main - INFO - 人脸检测成功
2025-09-17 18:23:30,776 - project.data.data_manager - INFO - RecgFitDataManager初始化 - debug_log: True, key_coordinates: True
2025-09-17 18:23:30,777 - project.data.data_manager - INFO - RecgFitDataManager初始化完成
2025-09-17 18:23:30,777 - __main__ - INFO - 收到识别完成信号，开始拟合...
2025-09-17 18:23:30,778 - __main__ - INFO - 开始拟合frame_id: 22
2025-09-17 18:23:30,778 - __main__ - INFO - 等待识别完成信号...
2025-09-17 18:23:30,779 - root - INFO - 数据质量: {'point_count': 17, 'fitting_point_count': 5, 'constraint_point_count': 12, 'visibility': 0.9904771317558312}
2025-09-17 18:23:30,780 - root - INFO - 选择策略: high_quality
2025-09-17 18:23:30,780 - root - INFO - 虹膜点拟合外接圆，圆心：[ -1.12420109  11.62771982 400.87305009]，半径：4.855507501607282
2025-09-17 18:23:30,795 - root - INFO - 数据质量: {'point_count': 17, 'fitting_point_count': 5, 'constraint_point_count': 12, 'visibility': 1.0}
2025-09-17 18:23:30,796 - root - INFO - 选择策略: high_quality
2025-09-17 18:23:30,796 - root - INFO - 虹膜点拟合外接圆，圆心：[ 65.14522501  13.24538729 400.56183189]，半径：4.351062024890046
2025-09-17 18:23:30,814 - project.core.fitting.main - INFO - ==============================================
2025-09-17 18:23:30,814 - project.core.fitting.main - INFO - 拟合结果:
2025-09-17 18:23:30,815 - project.core.fitting.main - INFO -   LEFT 眼: 拟合结果：
 球心：[  0.42159578  12.48141862 410.36895458]
 半径：12.32643134690036
 置信度：0.8864067975802692
 收敛：True
 迭代次数：3
 最终残差范数：1.0176778113473335
 最终delta范数：0.07612043800549317
 使用策略：lm
2025-09-17 18:23:30,816 - project.core.fitting.main - INFO -   RIGHT 眼: 拟合结果：
 球心：[ 66.86679367  11.95966307 409.93804671]
 半径：12.341536115236973
 置信度：0.8808108977051005
 收敛：True
 迭代次数：4
 最终残差范数：1.0594604173105995
 最终delta范数：0.0009002906812068218
 使用策略：lm
2025-09-17 18:23:30,817 - project.core.fitting.main - INFO - ==============================================
2025-09-17 18:23:30,818 - project.config.screen_config - INFO - 瞳孔位置: Point3D(0.513, 13.000, 400.877)
2025-09-17 18:23:30,818 - project.config.screen_config - INFO - 眼球位置: Point3D(0.422, 12.481, 410.369)
2025-09-17 18:23:30,819 - project.config.screen_config - INFO - 视线方向: Point3D(0.092, 0.519, -9.492)
2025-09-17 18:23:30,820 - project.config.screen_config - INFO - 交点坐标: [ 4.37942988e+00  3.48976597e+01 -5.68434189e-14]
2025-09-17 18:23:30,821 - project.config.screen_config - INFO - 最终像素坐标: Point2D(698.978737, 95.672511)
2025-09-17 18:23:30,821 - project.core.fitting.main - INFO - -----------------------------------------------
2025-09-17 18:23:30,821 - project.core.fitting.main - INFO - left 视线焦点: Point2D(698.978737, 95.672511)
2025-09-17 18:23:30,821 - project.core.fitting.main - INFO - -----------------------------------------------
2025-09-17 18:23:30,821 - project.config.screen_config - INFO - 瞳孔位置: Point3D(66.835, 12.013, 400.669)
2025-09-17 18:23:30,821 - project.config.screen_config - INFO - 眼球位置: Point3D(66.867, 11.960, 409.938)
2025-09-17 18:23:30,822 - project.config.screen_config - INFO - 视线方向: Point3D(-0.032, 0.054, -9.269)
2025-09-17 18:23:30,822 - project.config.screen_config - INFO - 交点坐标: [6.54571432e+01 1.43328333e+01 5.68434189e-14]
2025-09-17 18:23:30,823 - project.config.screen_config - INFO - 最终像素坐标: Point2D(405.805713, 29.865066)
2025-09-17 18:23:30,823 - project.core.fitting.main - INFO - -----------------------------------------------
2025-09-17 18:23:30,823 - project.core.fitting.main - INFO - right 视线焦点: Point2D(405.805713, 29.865066)
2025-09-17 18:23:30,824 - project.core.fitting.main - INFO - -----------------------------------------------
2025-09-17 18:23:30,890 - project.data.data_manager - WARNING - 非RGB-D摄像头，使用默认深度图
2025-09-17 18:23:31,011 - project.core.recognition.detector - INFO - 提取到 478 个关键点
2025-09-17 18:23:31,014 - project.core.recognition.landmark_extractor - INFO - 关键点验证通过
2025-09-17 18:23:31,014 - project.core.recognition.detector - INFO - 关键点验证结果: True
2025-09-17 18:23:31,023 - project.core.recognition.detector - INFO - 人脸检测成功，提取到 478 个关键点
2025-09-17 18:23:31,024 - project.core.recognition.main - INFO - 人脸检测成功
2025-09-17 18:23:31,039 - project.data.data_manager - INFO - RecgFitDataManager初始化 - debug_log: True, key_coordinates: True
2025-09-17 18:23:31,039 - project.data.data_manager - INFO - RecgFitDataManager初始化完成
2025-09-17 18:23:31,040 - __main__ - INFO - 收到识别完成信号，开始拟合...
2025-09-17 18:23:31,040 - __main__ - INFO - 开始拟合frame_id: 23
2025-09-17 18:23:31,041 - __main__ - INFO - 等待识别完成信号...
2025-09-17 18:23:31,042 - root - INFO - 数据质量: {'point_count': 17, 'fitting_point_count': 5, 'constraint_point_count': 12, 'visibility': 0.9891377081003879}
2025-09-17 18:23:31,045 - root - INFO - 选择策略: high_quality
2025-09-17 18:23:31,047 - root - INFO - 虹膜点拟合外接圆，圆心：[  1.3743019   11.55282375 400.81831813]，半径：4.311733863506959
2025-09-17 18:23:31,064 - root - INFO - 数据质量: {'point_count': 17, 'fitting_point_count': 5, 'constraint_point_count': 12, 'visibility': 1.0}
2025-09-17 18:23:31,065 - root - INFO - 选择策略: high_quality
2025-09-17 18:23:31,066 - root - INFO - 虹膜点拟合外接圆，圆心：[ 69.08458916  12.31744121 400.55849403]，半径：6.187376554821895
2025-09-17 18:23:31,080 - project.core.fitting.main - INFO - ==============================================
2025-09-17 18:23:31,081 - project.core.fitting.main - INFO - 拟合结果:
2025-09-17 18:23:31,081 - project.core.fitting.main - INFO -   LEFT 眼: 拟合结果：
 球心：[-3.77692033e-02  1.24434673e+01  4.10445545e+02]
 半径：12.344349389066405
 置信度：0.8961669816674377
 收敛：True
 迭代次数：4
 最终残差范数：0.7960593250837156
 最终delta范数：0.0001127068752917095
 使用策略：lm
2025-09-17 18:23:31,082 - project.core.fitting.main - INFO -   RIGHT 眼: 拟合结果：
 球心：[ 66.2197878   11.67741277 410.06827236]
 半径：12.338320176809123
 置信度：0.8797042836237601
 收敛：True
 迭代次数：4
 最终残差范数：1.0826537025780243
 最终delta范数：0.0008705559625045382
 使用策略：lm
2025-09-17 18:23:31,083 - project.core.fitting.main - INFO - ==============================================
2025-09-17 18:23:31,083 - project.config.screen_config - INFO - 瞳孔位置: Point3D(-0.055, 12.972, 401.398)
2025-09-17 18:23:31,083 - project.config.screen_config - INFO - 眼球位置: Point3D(-0.038, 12.443, 410.446)
2025-09-17 18:23:31,083 - project.config.screen_config - INFO - 视线方向: Point3D(-0.017, 0.528, -9.047)
2025-09-17 18:23:31,084 - project.config.screen_config - INFO - 交点坐标: [-0.82092807 36.41340501  0.        ]
2025-09-17 18:23:31,085 - project.config.screen_config - INFO - 最终像素坐标: Point2D(723.940455, 100.522896)
2025-09-17 18:23:31,085 - project.core.fitting.main - INFO - -----------------------------------------------
2025-09-17 18:23:31,085 - project.core.fitting.main - INFO - left 视线焦点: Point2D(723.940455, 100.522896)
2025-09-17 18:23:31,085 - project.core.fitting.main - INFO - -----------------------------------------------
2025-09-17 18:23:31,086 - project.config.screen_config - INFO - 瞳孔位置: Point3D(65.816, 12.208, 400.760)
2025-09-17 18:23:31,086 - project.config.screen_config - INFO - 眼球位置: Point3D(66.220, 11.677, 410.068)
2025-09-17 18:23:31,087 - project.config.screen_config - INFO - 视线方向: Point3D(-0.403, 0.530, -9.308)
2025-09-17 18:23:31,088 - project.config.screen_config - INFO - 交点坐标: [48.44859794 35.04643601  0.        ]
2025-09-17 18:23:31,089 - project.config.screen_config - INFO - 最终像素坐标: Point2D(487.446730, 96.148595)
2025-09-17 18:23:31,089 - project.core.fitting.main - INFO - -----------------------------------------------
2025-09-17 18:23:31,089 - project.core.fitting.main - INFO - right 视线焦点: Point2D(487.446730, 96.148595)
2025-09-17 18:23:31,089 - project.core.fitting.main - INFO - -----------------------------------------------
2025-09-17 18:23:31,172 - project.data.data_manager - WARNING - 非RGB-D摄像头，使用默认深度图
2025-09-17 18:23:31,322 - project.core.recognition.detector - INFO - 提取到 478 个关键点
2025-09-17 18:23:31,327 - project.core.recognition.landmark_extractor - INFO - 关键点验证通过
2025-09-17 18:23:31,327 - project.core.recognition.detector - INFO - 关键点验证结果: True
2025-09-17 18:23:31,337 - project.core.recognition.detector - INFO - 人脸检测成功，提取到 478 个关键点
2025-09-17 18:23:31,338 - project.core.recognition.main - INFO - 人脸检测成功
2025-09-17 18:23:31,356 - project.data.data_manager - INFO - RecgFitDataManager初始化 - debug_log: True, key_coordinates: True
2025-09-17 18:23:31,357 - project.data.data_manager - INFO - RecgFitDataManager初始化完成
2025-09-17 18:23:31,358 - __main__ - INFO - 收到识别完成信号，开始拟合...
2025-09-17 18:23:31,358 - __main__ - INFO - 开始拟合frame_id: 24
2025-09-17 18:23:31,359 - __main__ - INFO - 等待识别完成信号...
2025-09-17 18:23:31,362 - root - INFO - 数据质量: {'point_count': 17, 'fitting_point_count': 5, 'constraint_point_count': 12, 'visibility': 0.9913676791725301}
2025-09-17 18:23:31,363 - root - INFO - 选择策略: high_quality
2025-09-17 18:23:31,364 - root - INFO - 虹膜点拟合外接圆，圆心：[  1.48078683  14.52867931 401.09858662]，半径：4.272985885323095
2025-09-17 18:23:31,388 - root - INFO - 数据质量: {'point_count': 17, 'fitting_point_count': 5, 'constraint_point_count': 12, 'visibility': 1.0}
2025-09-17 18:23:31,389 - root - INFO - 选择策略: high_quality
2025-09-17 18:23:31,391 - root - INFO - 虹膜点拟合外接圆，圆心：[ 62.62070028  12.60897124 400.59230477]，半径：6.2947068635017995
2025-09-17 18:23:31,410 - project.core.fitting.main - INFO - ==============================================
2025-09-17 18:23:31,411 - project.core.fitting.main - INFO - 拟合结果:
2025-09-17 18:23:31,411 - project.core.fitting.main - INFO -   LEFT 眼: 拟合结果：
 球心：[2.02355103e-01 1.26707385e+01 4.10505733e+02]
 半径：12.324083360238475
 置信度：0.8595357091819438
 收敛：True
 迭代次数：4
 最终残差范数：1.395415373407413
 最终delta范数：0.0016424076527831288
 使用策略：lm
2025-09-17 18:23:31,412 - project.core.fitting.main - INFO -   RIGHT 眼: 拟合结果：
 球心：[ 66.00462356  12.62919662 409.95289572]
 半径：12.345474452814484
 置信度：0.8803170204442619
 收敛：True
 迭代次数：4
 最终残差范数：1.0596205012447941
 最终delta范数：0.0005511906245132285
 使用策略：lm
2025-09-17 18:23:31,412 - project.core.fitting.main - INFO - ==============================================
2025-09-17 18:23:31,412 - project.config.screen_config - INFO - 瞳孔位置: Point3D(-0.092, 13.264, 400.857)
2025-09-17 18:23:31,412 - project.config.screen_config - INFO - 眼球位置: Point3D(0.202, 12.671, 410.506)
2025-09-17 18:23:31,413 - project.config.screen_config - INFO - 视线方向: Point3D(-0.294, 0.593, -9.649)
2025-09-17 18:23:31,414 - project.config.screen_config - INFO - 交点坐标: [-12.31233152  37.8906929    0.        ]
2025-09-17 18:23:31,415 - project.config.screen_config - INFO - 最终像素坐标: Point2D(779.099191, 105.250217)
2025-09-17 18:23:31,415 - project.core.fitting.main - INFO - -----------------------------------------------
2025-09-17 18:23:31,416 - project.core.fitting.main - INFO - left 视线焦点: Point2D(779.099191, 105.250217)
2025-09-17 18:23:31,416 - project.core.fitting.main - INFO - -----------------------------------------------
2025-09-17 18:23:31,416 - project.config.screen_config - INFO - 瞳孔位置: Point3D(65.954, 12.781, 400.762)
2025-09-17 18:23:31,417 - project.config.screen_config - INFO - 眼球位置: Point3D(66.005, 12.629, 409.953)
2025-09-17 18:23:31,417 - project.config.screen_config - INFO - 视线方向: Point3D(-0.051, 0.152, -9.190)
2025-09-17 18:23:31,419 - project.config.screen_config - INFO - 交点坐标: [63.72769735 19.4221512   0.        ]
2025-09-17 18:23:31,420 - project.config.screen_config - INFO - 最终像素坐标: Point2D(414.107053, 46.150884)
2025-09-17 18:23:31,420 - project.core.fitting.main - INFO - -----------------------------------------------
2025-09-17 18:23:31,420 - project.core.fitting.main - INFO - right 视线焦点: Point2D(414.107053, 46.150884)
2025-09-17 18:23:31,421 - project.core.fitting.main - INFO - -----------------------------------------------
2025-09-17 18:23:31,487 - project.data.data_manager - WARNING - 非RGB-D摄像头，使用默认深度图
2025-09-17 18:23:31,600 - project.core.recognition.detector - INFO - 提取到 478 个关键点
2025-09-17 18:23:31,605 - project.core.recognition.landmark_extractor - INFO - 关键点验证通过
2025-09-17 18:23:31,605 - project.core.recognition.detector - INFO - 关键点验证结果: True
2025-09-17 18:23:31,613 - project.core.recognition.detector - INFO - 人脸检测成功，提取到 478 个关键点
2025-09-17 18:23:31,613 - project.core.recognition.main - INFO - 人脸检测成功
2025-09-17 18:23:31,626 - project.data.data_manager - INFO - RecgFitDataManager初始化 - debug_log: True, key_coordinates: True
2025-09-17 18:23:31,627 - project.data.data_manager - INFO - RecgFitDataManager初始化完成
2025-09-17 18:23:31,627 - __main__ - INFO - 收到识别完成信号，开始拟合...
2025-09-17 18:23:31,627 - __main__ - INFO - 开始拟合frame_id: 25
2025-09-17 18:23:31,627 - __main__ - INFO - 等待识别完成信号...
2025-09-17 18:23:31,629 - root - INFO - 数据质量: {'point_count': 17, 'fitting_point_count': 5, 'constraint_point_count': 12, 'visibility': 0.9888055233165107}
2025-09-17 18:23:31,629 - root - INFO - 选择策略: high_quality
2025-09-17 18:23:31,630 - root - INFO - 虹膜点拟合外接圆，圆心：[ -3.01606367  13.47200433 401.09360218]，半径：6.231974629471331
2025-09-17 18:23:31,648 - root - INFO - 数据质量: {'point_count': 17, 'fitting_point_count': 5, 'constraint_point_count': 12, 'visibility': 1.0}
2025-09-17 18:23:31,648 - root - INFO - 选择策略: high_quality
2025-09-17 18:23:31,649 - root - INFO - 虹膜点拟合外接圆，圆心：[ 64.31466138  14.25435692 400.77189356]，半径：4.4031562243530225
2025-09-17 18:23:31,668 - project.core.fitting.main - INFO - ==============================================
2025-09-17 18:23:31,668 - project.core.fitting.main - INFO - 拟合结果:
2025-09-17 18:23:31,669 - project.core.fitting.main - INFO -   LEFT 眼: 拟合结果：
 球心：[2.85247597e-01 1.41312317e+01 4.10445205e+02]
 半径：12.332076833765631
 置信度：0.8816727586500585
 收敛：True
 迭代次数：4
 最终残差范数：1.0704749742970072
 最终delta范数：0.0012230785597649783
 使用策略：lm
2025-09-17 18:23:31,669 - project.core.fitting.main - INFO -   RIGHT 眼: 拟合结果：
 球心：[ 66.29187645  12.54971735 409.92767649]
 半径：12.335620621558688
 置信度：0.8776352996561675
 收敛：True
 迭代次数：4
 最终残差范数：1.1223317867953688
 最终delta范数：0.0010449264396258332
 使用策略：lm
2025-09-17 18:23:31,670 - project.core.fitting.main - INFO - ==============================================
2025-09-17 18:23:31,670 - project.config.screen_config - INFO - 瞳孔位置: Point3D(0.168, 13.443, 401.041)
2025-09-17 18:23:31,670 - project.config.screen_config - INFO - 眼球位置: Point3D(0.285, 14.131, 410.445)
2025-09-17 18:23:31,670 - project.config.screen_config - INFO - 视线方向: Point3D(-0.117, -0.688, -9.405)
2025-09-17 18:23:31,671 - project.config.screen_config - INFO - 交点坐标: [ -4.83416719 -15.90308804   0.        ]
2025-09-17 18:23:31,672 - project.config.screen_config - WARNING - 交点超出屏幕边界，已裁剪: Point2D(743.204003, -66.889882) -> Point2D(743.204003, 0.000000)
2025-09-17 18:23:31,672 - project.config.screen_config - INFO - 最终像素坐标: Point2D(743.204003, 0.000000)
2025-09-17 18:23:31,673 - project.core.fitting.main - INFO - -----------------------------------------------
2025-09-17 18:23:31,673 - project.core.fitting.main - INFO - left 视线焦点: Point2D(743.204003, 0.000000)
2025-09-17 18:23:31,673 - project.core.fitting.main - INFO - -----------------------------------------------
2025-09-17 18:23:31,673 - project.config.screen_config - INFO - 瞳孔位置: Point3D(65.968, 13.006, 400.536)
2025-09-17 18:23:31,675 - project.config.screen_config - INFO - 眼球位置: Point3D(66.292, 12.550, 409.928)
2025-09-17 18:23:31,675 - project.config.screen_config - INFO - 视线方向: Point3D(-0.324, 0.456, -9.392)
2025-09-17 18:23:31,677 - project.config.screen_config - INFO - 交点坐标: [52.16288008 32.47062219  0.        ]
2025-09-17 18:23:31,678 - project.config.screen_config - INFO - 最终像素坐标: Point2D(469.618176, 87.905991)
2025-09-17 18:23:31,678 - project.core.fitting.main - INFO - -----------------------------------------------
2025-09-17 18:23:31,678 - project.core.fitting.main - INFO - right 视线焦点: Point2D(469.618176, 87.905991)
2025-09-17 18:23:31,678 - project.core.fitting.main - INFO - -----------------------------------------------
2025-09-17 18:23:31,739 - project.data.data_manager - WARNING - 非RGB-D摄像头，使用默认深度图
2025-09-17 18:23:31,859 - project.core.recognition.detector - INFO - 提取到 478 个关键点
2025-09-17 18:23:31,864 - project.core.recognition.landmark_extractor - INFO - 关键点验证通过
2025-09-17 18:23:31,864 - project.core.recognition.detector - INFO - 关键点验证结果: True
2025-09-17 18:23:31,872 - project.core.recognition.detector - INFO - 人脸检测成功，提取到 478 个关键点
2025-09-17 18:23:31,873 - project.core.recognition.main - INFO - 人脸检测成功
2025-09-17 18:23:31,894 - project.data.data_manager - INFO - RecgFitDataManager初始化 - debug_log: True, key_coordinates: True
2025-09-17 18:23:31,895 - project.data.data_manager - INFO - RecgFitDataManager初始化完成
2025-09-17 18:23:31,896 - __main__ - INFO - 收到识别完成信号，开始拟合...
2025-09-17 18:23:31,896 - __main__ - INFO - 开始拟合frame_id: 26
2025-09-17 18:23:31,897 - __main__ - INFO - 等待识别完成信号...
2025-09-17 18:23:31,899 - root - INFO - 数据质量: {'point_count': 17, 'fitting_point_count': 5, 'constraint_point_count': 12, 'visibility': 0.9892216965647843}
2025-09-17 18:23:31,900 - root - INFO - 选择策略: high_quality
2025-09-17 18:23:31,902 - root - INFO - 虹膜点拟合外接圆，圆心：[ -1.30413397  11.98484275 401.27792954]，半径：6.789051767079791
2025-09-17 18:23:31,924 - root - INFO - 数据质量: {'point_count': 17, 'fitting_point_count': 5, 'constraint_point_count': 12, 'visibility': 1.0}
2025-09-17 18:23:31,925 - root - INFO - 选择策略: high_quality
2025-09-17 18:23:31,926 - root - INFO - 虹膜点拟合外接圆，圆心：[ 69.38726033  12.98639889 400.54052323]，半径：6.418815387869557
2025-09-17 18:23:31,943 - project.core.fitting.main - INFO - ==============================================
2025-09-17 18:23:31,944 - project.core.fitting.main - INFO - 拟合结果:
2025-09-17 18:23:31,945 - project.core.fitting.main - INFO -   LEFT 眼: 拟合结果：
 球心：[2.05483547e-01 1.37507797e+01 4.10479501e+02]
 半径：12.315076364964352
 置信度：0.8562110119842914
 收敛：True
 迭代次数：4
 最终残差范数：1.485247355801206
 最终delta范数：0.0015475584516505075
 使用策略：lm
2025-09-17 18:23:31,946 - project.core.fitting.main - INFO -   RIGHT 眼: 拟合结果：
 球心：[ 66.1176949   12.73930202 409.88792598]
 半径：12.33882824594269
 置信度：0.8804682929924683
 收敛：True
 迭代次数：4
 最终残差范数：1.0689006080512815
 最终delta范数：0.0005197566628372991
 使用策略：lm
2025-09-17 18:23:31,946 - project.core.fitting.main - INFO - ==============================================
2025-09-17 18:23:31,947 - project.config.screen_config - INFO - 瞳孔位置: Point3D(0.328, 13.294, 400.611)
2025-09-17 18:23:31,947 - project.config.screen_config - INFO - 眼球位置: Point3D(0.205, 13.751, 410.480)
2025-09-17 18:23:31,947 - project.config.screen_config - INFO - 视线方向: Point3D(0.122, -0.457, -9.869)
2025-09-17 18:23:31,949 - project.config.screen_config - INFO - 交点坐标: [ 5.28934589 -5.25156331  0.        ]
2025-09-17 18:23:31,951 - project.config.screen_config - WARNING - 交点超出屏幕边界，已裁剪: Point2D(694.611140, -32.805003) -> Point2D(694.611140, 0.000000)
2025-09-17 18:23:31,951 - project.config.screen_config - INFO - 最终像素坐标: Point2D(694.611140, 0.000000)
2025-09-17 18:23:31,952 - project.core.fitting.main - INFO - -----------------------------------------------
2025-09-17 18:23:31,952 - project.core.fitting.main - INFO - left 视线焦点: Point2D(694.611140, 0.000000)
2025-09-17 18:23:31,953 - project.core.fitting.main - INFO - -----------------------------------------------
2025-09-17 18:23:31,953 - project.config.screen_config - INFO - 瞳孔位置: Point3D(66.047, 12.874, 400.581)
2025-09-17 18:23:31,954 - project.config.screen_config - INFO - 眼球位置: Point3D(66.118, 12.739, 409.888)
2025-09-17 18:23:31,954 - project.config.screen_config - INFO - 视线方向: Point3D(-0.070, 0.135, -9.307)
2025-09-17 18:23:31,956 - project.config.screen_config - INFO - 交点坐标: [63.01349268 18.67980629  0.        ]
2025-09-17 18:23:31,959 - project.config.screen_config - INFO - 最终像素坐标: Point2D(417.535235, 43.775380)
2025-09-17 18:23:31,960 - project.core.fitting.main - INFO - -----------------------------------------------
2025-09-17 18:23:31,960 - project.core.fitting.main - INFO - right 视线焦点: Point2D(417.535235, 43.775380)
2025-09-17 18:23:31,961 - project.core.fitting.main - INFO - -----------------------------------------------
2025-09-17 18:23:32,007 - project.data.data_manager - WARNING - 非RGB-D摄像头，使用默认深度图
2025-09-17 18:23:32,151 - project.core.recognition.detector - INFO - 提取到 478 个关键点
2025-09-17 18:23:32,156 - project.core.recognition.landmark_extractor - INFO - 关键点验证通过
2025-09-17 18:23:32,156 - project.core.recognition.detector - INFO - 关键点验证结果: True
2025-09-17 18:23:32,164 - project.core.recognition.detector - INFO - 人脸检测成功，提取到 478 个关键点
2025-09-17 18:23:32,165 - project.core.recognition.main - INFO - 人脸检测成功
2025-09-17 18:23:32,178 - project.data.data_manager - INFO - RecgFitDataManager初始化 - debug_log: True, key_coordinates: True
2025-09-17 18:23:32,179 - project.data.data_manager - INFO - RecgFitDataManager初始化完成
2025-09-17 18:23:32,180 - __main__ - INFO - 收到识别完成信号，开始拟合...
2025-09-17 18:23:32,180 - __main__ - INFO - 开始拟合frame_id: 27
2025-09-17 18:23:32,181 - __main__ - INFO - 等待识别完成信号...
2025-09-17 18:23:32,184 - root - INFO - 数据质量: {'point_count': 17, 'fitting_point_count': 5, 'constraint_point_count': 12, 'visibility': 0.9860454010008243}
2025-09-17 18:23:32,185 - root - INFO - 选择策略: high_quality
2025-09-17 18:23:32,186 - root - INFO - 虹膜点拟合外接圆，圆心：[ -1.99421119  14.58862306 401.18806064]，半径：4.818505632392449
2025-09-17 18:23:32,206 - root - INFO - 数据质量: {'point_count': 17, 'fitting_point_count': 5, 'constraint_point_count': 12, 'visibility': 1.0}
2025-09-17 18:23:32,207 - root - INFO - 选择策略: high_quality
2025-09-17 18:23:32,208 - root - INFO - 虹膜点拟合外接圆，圆心：[ 65.42741259  15.20073558 400.55041015]，半径：7.242084151032686
2025-09-17 18:23:32,224 - project.core.fitting.main - INFO - ==============================================
2025-09-17 18:23:32,224 - project.core.fitting.main - INFO - 拟合结果:
2025-09-17 18:23:32,224 - project.core.fitting.main - INFO -   LEFT 眼: 拟合结果：
 球心：[ -0.67530178  13.5895179  410.53153521]
 半径：12.315288820451011
 置信度：0.8504787525362085
 收敛：True
 迭代次数：4
 最终残差范数：1.558756314692259
 最终delta范数：0.0018647522547986255
 使用策略：lm
2025-09-17 18:23:32,225 - project.core.fitting.main - INFO -   RIGHT 眼: 拟合结果：
 球心：[ 65.1709998   13.02114754 409.9496103 ]
 半径：12.336317868907743
 置信度：0.8709174033791742
 收敛：True
 迭代次数：4
 最终残差范数：1.2166614137334866
 最终delta范数：0.0016787931546562408
 使用策略：lm
2025-09-17 18:23:32,225 - project.core.fitting.main - INFO - ==============================================
2025-09-17 18:23:32,226 - project.config.screen_config - INFO - 瞳孔位置: Point3D(-0.487, 13.293, 400.606)
2025-09-17 18:23:32,226 - project.config.screen_config - INFO - 眼球位置: Point3D(-0.675, 13.590, 410.532)
2025-09-17 18:23:32,226 - project.config.screen_config - INFO - 视线方向: Point3D(0.189, -0.297, -9.925)
2025-09-17 18:23:32,227 - project.config.screen_config - INFO - 交点坐标: [ 7.13343617e+00  1.31910553e+00 -5.68434189e-14]
2025-09-17 18:23:32,228 - project.config.screen_config - WARNING - 交点超出屏幕边界，已裁剪: Point2D(685.759506, -11.778862) -> Point2D(685.759506, 0.000000)
2025-09-17 18:23:32,229 - project.config.screen_config - INFO - 最终像素坐标: Point2D(685.759506, 0.000000)
2025-09-17 18:23:32,229 - project.core.fitting.main - INFO - -----------------------------------------------
2025-09-17 18:23:32,229 - project.core.fitting.main - INFO - left 视线焦点: Point2D(685.759506, 0.000000)
2025-09-17 18:23:32,230 - project.core.fitting.main - INFO - -----------------------------------------------
2025-09-17 18:23:32,230 - project.config.screen_config - INFO - 瞳孔位置: Point3D(65.440, 12.575, 400.513)
2025-09-17 18:23:32,230 - project.config.screen_config - INFO - 眼球位置: Point3D(65.171, 13.021, 409.950)
2025-09-17 18:23:32,231 - project.config.screen_config - INFO - 视线方向: Point3D(0.269, -0.446, -9.437)
2025-09-17 18:23:32,231 - project.config.screen_config - INFO - 交点坐标: [76.87363239 -6.33998158  0.        ]
2025-09-17 18:23:32,232 - project.config.screen_config - WARNING - 交点超出屏幕边界，已裁剪: Point2D(351.006565, -36.287941) -> Point2D(351.006565, 0.000000)
2025-09-17 18:23:32,232 - project.config.screen_config - INFO - 最终像素坐标: Point2D(351.006565, 0.000000)
2025-09-17 18:23:32,232 - project.core.fitting.main - INFO - -----------------------------------------------
2025-09-17 18:23:32,233 - project.core.fitting.main - INFO - right 视线焦点: Point2D(351.006565, 0.000000)
2025-09-17 18:23:32,233 - project.core.fitting.main - INFO - -----------------------------------------------
2025-09-17 18:23:32,313 - project.data.data_manager - WARNING - 非RGB-D摄像头，使用默认深度图
2025-09-17 18:23:32,428 - project.core.recognition.detector - INFO - 提取到 478 个关键点
2025-09-17 18:23:32,433 - project.core.recognition.landmark_extractor - INFO - 关键点验证通过
2025-09-17 18:23:32,434 - project.core.recognition.detector - INFO - 关键点验证结果: True
2025-09-17 18:23:32,443 - project.core.recognition.detector - INFO - 人脸检测成功，提取到 478 个关键点
2025-09-17 18:23:32,444 - project.core.recognition.main - INFO - 人脸检测成功
2025-09-17 18:23:32,462 - project.data.data_manager - INFO - RecgFitDataManager初始化 - debug_log: True, key_coordinates: True
2025-09-17 18:23:32,463 - project.data.data_manager - INFO - RecgFitDataManager初始化完成
2025-09-17 18:23:32,463 - __main__ - INFO - 收到识别完成信号，开始拟合...
2025-09-17 18:23:32,463 - __main__ - INFO - 开始拟合frame_id: 28
2025-09-17 18:23:32,465 - __main__ - INFO - 等待识别完成信号...
2025-09-17 18:23:32,468 - root - INFO - 数据质量: {'point_count': 17, 'fitting_point_count': 5, 'constraint_point_count': 12, 'visibility': 0.9803301271877184}
2025-09-17 18:23:32,469 - root - INFO - 选择策略: high_quality
2025-09-17 18:23:32,470 - root - INFO - 虹膜点拟合外接圆，圆心：[  0.6784665   12.80997146 400.9032473 ]，半径：4.393430278808187
2025-09-17 18:23:32,492 - root - INFO - 数据质量: {'point_count': 17, 'fitting_point_count': 5, 'constraint_point_count': 12, 'visibility': 1.0}
2025-09-17 18:23:32,493 - root - INFO - 选择策略: high_quality
2025-09-17 18:23:32,495 - root - INFO - 虹膜点拟合外接圆，圆心：[ 63.13590235  15.58656203 400.51595122]，半径：3.948992197991802
2025-09-17 18:23:32,517 - project.core.fitting.main - INFO - ==============================================
2025-09-17 18:23:32,518 - project.core.fitting.main - INFO - 拟合结果:
2025-09-17 18:23:32,518 - project.core.fitting.main - INFO -   LEFT 眼: 拟合结果：
 球心：[ -0.43441053  14.21405341 410.58207815]
 半径：12.323052037144505
 置信度：0.879205772506112
 收敛：True
 迭代次数：4
 最终残差范数：1.1697394673262655
 最终delta范数：0.0009785667908854235
 使用策略：lm
2025-09-17 18:23:32,519 - project.core.fitting.main - INFO -   RIGHT 眼: 拟合结果：
 球心：[ 64.91975443  14.6711069  410.11975521]
 半径：12.34215533218835
 置信度：0.8728714813314103
 收敛：True
 迭代次数：4
 最终残差范数：1.178480321098116
 最终delta范数：0.002360519366965643
 使用策略：lm
2025-09-17 18:23:32,520 - project.core.fitting.main - INFO - ==============================================
2025-09-17 18:23:32,521 - project.config.screen_config - INFO - 瞳孔位置: Point3D(-0.641, 14.153, 400.871)
2025-09-17 18:23:32,521 - project.config.screen_config - INFO - 眼球位置: Point3D(-0.434, 14.214, 410.582)
2025-09-17 18:23:32,522 - project.config.screen_config - INFO - 视线方向: Point3D(-0.206, -0.061, -9.711)
2025-09-17 18:23:32,523 - project.config.screen_config - INFO - 交点坐标: [-9.14803095e+00  1.16477333e+01  5.68434189e-14]
2025-09-17 18:23:32,523 - project.config.screen_config - INFO - 最终像素坐标: Point2D(763.910549, 21.272746)
2025-09-17 18:23:32,524 - project.core.fitting.main - INFO - -----------------------------------------------
2025-09-17 18:23:32,524 - project.core.fitting.main - INFO - left 视线焦点: Point2D(763.910549, 21.272746)
2025-09-17 18:23:32,524 - project.core.fitting.main - INFO - -----------------------------------------------
2025-09-17 18:23:32,524 - project.config.screen_config - INFO - 瞳孔位置: Point3D(64.798, 14.493, 400.757)
2025-09-17 18:23:32,524 - project.config.screen_config - INFO - 眼球位置: Point3D(64.920, 14.671, 410.120)
2025-09-17 18:23:32,525 - project.config.screen_config - INFO - 视线方向: Point3D(-0.122, -0.178, -9.363)
2025-09-17 18:23:32,525 - project.config.screen_config - INFO - 交点坐标: [59.59719229  6.87387251  0.        ]
2025-09-17 18:23:32,526 - project.config.screen_config - INFO - 最终像素坐标: Point2D(433.933477, 5.996392)
2025-09-17 18:23:32,526 - project.core.fitting.main - INFO - -----------------------------------------------
2025-09-17 18:23:32,527 - project.core.fitting.main - INFO - right 视线焦点: Point2D(433.933477, 5.996392)
2025-09-17 18:23:32,527 - project.core.fitting.main - INFO - -----------------------------------------------
2025-09-17 18:23:32,582 - project.data.data_manager - WARNING - 非RGB-D摄像头，使用默认深度图
2025-09-17 18:23:32,713 - project.core.recognition.detector - INFO - 提取到 478 个关键点
2025-09-17 18:23:32,718 - project.core.recognition.landmark_extractor - INFO - 关键点验证通过
2025-09-17 18:23:32,718 - project.core.recognition.detector - INFO - 关键点验证结果: True
2025-09-17 18:23:32,726 - project.core.recognition.detector - INFO - 人脸检测成功，提取到 478 个关键点
2025-09-17 18:23:32,727 - project.core.recognition.main - INFO - 人脸检测成功
2025-09-17 18:23:32,746 - project.data.data_manager - INFO - RecgFitDataManager初始化 - debug_log: True, key_coordinates: True
2025-09-17 18:23:32,747 - project.data.data_manager - INFO - RecgFitDataManager初始化完成
2025-09-17 18:23:32,748 - __main__ - INFO - 收到识别完成信号，开始拟合...
2025-09-17 18:23:32,749 - __main__ - INFO - 开始拟合frame_id: 29
2025-09-17 18:23:32,749 - __main__ - INFO - 等待识别完成信号...
2025-09-17 18:23:32,752 - root - INFO - 数据质量: {'point_count': 17, 'fitting_point_count': 5, 'constraint_point_count': 12, 'visibility': 0.9875528894538936}
2025-09-17 18:23:32,753 - root - INFO - 选择策略: high_quality
2025-09-17 18:23:32,754 - root - INFO - 虹膜点拟合外接圆，圆心：[  2.38788639  13.17682046 400.90509504]，半径：6.078075815660722
2025-09-17 18:23:32,773 - root - INFO - 数据质量: {'point_count': 17, 'fitting_point_count': 5, 'constraint_point_count': 12, 'visibility': 1.0}
2025-09-17 18:23:32,774 - root - INFO - 选择策略: high_quality
2025-09-17 18:23:32,774 - root - INFO - 虹膜点拟合外接圆，圆心：[ 67.37708901  14.12749768 400.52202344]，半径：6.814724013715404
2025-09-17 18:23:32,787 - project.core.fitting.main - INFO - ==============================================
2025-09-17 18:23:32,787 - project.core.fitting.main - INFO - 拟合结果:
2025-09-17 18:23:32,788 - project.core.fitting.main - INFO -   LEFT 眼: 拟合结果：
 球心：[ -0.68164439  13.7072846  410.32516766]
 半径：12.326486206478494
 置信度：0.8799295697917309
 收敛：True
 迭代次数：4
 最终残差范数：1.1189690091519615
 最终delta范数：0.0007393599133098102
 使用策略：lm
2025-09-17 18:23:32,789 - project.core.fitting.main - INFO -   RIGHT 眼: 拟合结果：
 球心：[ 65.7001108   12.78232622 409.98130083]
 半径：12.358808663262788
 置信度：0.8770425450584041
 收敛：True
 迭代次数：4
 最终残差范数：1.102487194191807
 最终delta范数：0.001564586910484728
 使用策略：lm
2025-09-17 18:23:32,789 - project.core.fitting.main - INFO - ==============================================
2025-09-17 18:23:32,789 - project.config.screen_config - INFO - 瞳孔位置: Point3D(-0.625, 13.312, 400.783)
2025-09-17 18:23:32,791 - project.config.screen_config - INFO - 眼球位置: Point3D(-0.682, 13.707, 410.325)
2025-09-17 18:23:32,791 - project.config.screen_config - INFO - 视线方向: Point3D(0.057, -0.396, -9.542)
2025-09-17 18:23:32,792 - project.config.screen_config - INFO - 交点坐标: [ 1.76867516 -3.30430321  0.        ]
2025-09-17 18:23:32,793 - project.config.screen_config - WARNING - 交点超出屏幕边界，已裁剪: Point2D(711.510359, -26.573770) -> Point2D(711.510359, 0.000000)
2025-09-17 18:23:32,793 - project.config.screen_config - INFO - 最终像素坐标: Point2D(711.510359, 0.000000)
2025-09-17 18:23:32,794 - project.core.fitting.main - INFO - -----------------------------------------------
2025-09-17 18:23:32,794 - project.core.fitting.main - INFO - left 视线焦点: Point2D(711.510359, 0.000000)
2025-09-17 18:23:32,794 - project.core.fitting.main - INFO - -----------------------------------------------
2025-09-17 18:23:32,795 - project.config.screen_config - INFO - 瞳孔位置: Point3D(65.774, 12.776, 401.047)
2025-09-17 18:23:32,795 - project.config.screen_config - INFO - 眼球位置: Point3D(65.700, 12.782, 409.981)
2025-09-17 18:23:32,795 - project.config.screen_config - INFO - 视线方向: Point3D(0.074, -0.006, -8.934)
2025-09-17 18:23:32,797 - project.config.screen_config - INFO - 交点坐标: [69.07285184 12.49628123  0.        ]
2025-09-17 18:23:32,800 - project.config.screen_config - INFO - 最终像素坐标: Point2D(388.450311, 23.988100)
2025-09-17 18:23:32,800 - project.core.fitting.main - INFO - -----------------------------------------------
2025-09-17 18:23:32,801 - project.core.fitting.main - INFO - right 视线焦点: Point2D(388.450311, 23.988100)
2025-09-17 18:23:32,801 - project.core.fitting.main - INFO - -----------------------------------------------
2025-09-17 18:23:32,873 - project.data.data_manager - WARNING - 非RGB-D摄像头，使用默认深度图
2025-09-17 18:23:33,004 - project.core.recognition.detector - INFO - 提取到 478 个关键点
2025-09-17 18:23:33,009 - project.core.recognition.landmark_extractor - INFO - 关键点验证通过
2025-09-17 18:23:33,010 - project.core.recognition.detector - INFO - 关键点验证结果: True
2025-09-17 18:23:33,017 - project.core.recognition.detector - INFO - 人脸检测成功，提取到 478 个关键点
2025-09-17 18:23:33,017 - project.core.recognition.main - INFO - 人脸检测成功
2025-09-17 18:23:33,031 - project.data.data_manager - INFO - RecgFitDataManager初始化 - debug_log: True, key_coordinates: True
2025-09-17 18:23:33,031 - project.data.data_manager - INFO - RecgFitDataManager初始化完成
2025-09-17 18:23:33,032 - __main__ - INFO - 收到识别完成信号，开始拟合...
2025-09-17 18:23:33,032 - __main__ - INFO - 开始拟合frame_id: 30
2025-09-17 18:23:33,033 - __main__ - INFO - 等待识别完成信号...
2025-09-17 18:23:33,034 - root - INFO - 数据质量: {'point_count': 17, 'fitting_point_count': 5, 'constraint_point_count': 12, 'visibility': 0.9876837715683268}
2025-09-17 18:23:33,035 - root - INFO - 选择策略: high_quality
2025-09-17 18:23:33,036 - root - INFO - 虹膜点拟合外接圆，圆心：[ -2.01404439  14.38397129 400.88047087]，半径：4.8288713120693005
2025-09-17 18:23:33,051 - root - INFO - 数据质量: {'point_count': 17, 'fitting_point_count': 5, 'constraint_point_count': 12, 'visibility': 1.0}
2025-09-17 18:23:33,052 - root - INFO - 选择策略: high_quality
2025-09-17 18:23:33,053 - root - INFO - 虹膜点拟合外接圆，圆心：[ 63.76196429  13.82386738 400.51364899]，半径：4.3164770940040365
2025-09-17 18:23:33,071 - project.core.fitting.main - INFO - ==============================================
2025-09-17 18:23:33,072 - project.core.fitting.main - INFO - 拟合结果:
2025-09-17 18:23:33,073 - project.core.fitting.main - INFO -   LEFT 眼: 拟合结果：
 球心：[ -1.24879708  13.04733931 410.3917004 ]
 半径：12.320884828176128
 置信度：0.8797367009983136
 收敛：True
 迭代次数：3
 最终残差范数：1.1509333200771088
 最终delta范数：0.09801576437318034
 使用策略：lm
2025-09-17 18:23:33,074 - project.core.fitting.main - INFO -   RIGHT 眼: 拟合结果：
 球心：[ 65.36676653  12.94715053 409.90440568]
 半径：12.343418289330943
 置信度：0.8627267201458859
 收敛：True
 迭代次数：4
 最终残差范数：1.3045479567625757
 最终delta范数：0.001717790480773649
 使用策略：lm
2025-09-17 18:23:33,074 - project.core.fitting.main - INFO - ==============================================
2025-09-17 18:23:33,075 - project.config.screen_config - INFO - 瞳孔位置: Point3D(-0.489, 13.071, 400.754)
2025-09-17 18:23:33,075 - project.config.screen_config - INFO - 眼球位置: Point3D(-1.249, 13.047, 410.392)
2025-09-17 18:23:33,075 - project.config.screen_config - INFO - 视线方向: Point3D(0.760, 0.023, -9.638)
2025-09-17 18:23:33,077 - project.config.screen_config - INFO - 交点坐标: [31.11869282 14.03660639  0.        ]
2025-09-17 18:23:33,078 - project.config.screen_config - INFO - 最终像素坐标: Point2D(570.630274, 28.917140)
2025-09-17 18:23:33,078 - project.core.fitting.main - INFO - -----------------------------------------------
2025-09-17 18:23:33,079 - project.core.fitting.main - INFO - left 视线焦点: Point2D(570.630274, 28.917140)
2025-09-17 18:23:33,079 - project.core.fitting.main - INFO - -----------------------------------------------
2025-09-17 18:23:33,080 - project.config.screen_config - INFO - 瞳孔位置: Point3D(65.460, 12.577, 400.542)
2025-09-17 18:23:33,080 - project.config.screen_config - INFO - 眼球位置: Point3D(65.367, 12.947, 409.904)
2025-09-17 18:23:33,080 - project.config.screen_config - INFO - 视线方向: Point3D(0.094, -0.371, -9.362)
2025-09-17 18:23:33,082 - project.config.screen_config - INFO - 交点坐标: [ 6.94688623e+01 -3.27488461e+00 -5.68434189e-14]
2025-09-17 18:23:33,084 - project.config.screen_config - WARNING - 交点超出屏幕边界，已裁剪: Point2D(386.549461, -26.479631) -> Point2D(386.549461, 0.000000)
2025-09-17 18:23:33,085 - project.config.screen_config - INFO - 最终像素坐标: Point2D(386.549461, 0.000000)
2025-09-17 18:23:33,085 - project.core.fitting.main - INFO - -----------------------------------------------
2025-09-17 18:23:33,086 - project.core.fitting.main - INFO - right 视线焦点: Point2D(386.549461, 0.000000)
2025-09-17 18:23:33,086 - project.core.fitting.main - INFO - -----------------------------------------------
2025-09-17 18:23:33,143 - project.data.data_manager - WARNING - 非RGB-D摄像头，使用默认深度图
2025-09-17 18:23:33,278 - project.core.recognition.detector - INFO - 提取到 478 个关键点
2025-09-17 18:23:33,281 - project.core.recognition.landmark_extractor - INFO - 关键点验证通过
2025-09-17 18:23:33,282 - project.core.recognition.detector - INFO - 关键点验证结果: True
2025-09-17 18:23:33,292 - project.core.recognition.detector - INFO - 人脸检测成功，提取到 478 个关键点
2025-09-17 18:23:33,293 - project.core.recognition.main - INFO - 人脸检测成功
2025-09-17 18:23:33,310 - project.data.data_manager - INFO - RecgFitDataManager初始化 - debug_log: True, key_coordinates: True
2025-09-17 18:23:33,312 - project.data.data_manager - INFO - RecgFitDataManager初始化完成
2025-09-17 18:23:33,313 - __main__ - INFO - 收到识别完成信号，开始拟合...
2025-09-17 18:23:33,313 - __main__ - INFO - 开始拟合frame_id: 31
2025-09-17 18:23:33,314 - __main__ - INFO - 等待识别完成信号...
2025-09-17 18:23:33,315 - root - INFO - 数据质量: {'point_count': 17, 'fitting_point_count': 5, 'constraint_point_count': 12, 'visibility': 0.985625952205001}
2025-09-17 18:23:33,316 - root - INFO - 选择策略: high_quality
2025-09-17 18:23:33,317 - root - INFO - 虹膜点拟合外接圆，圆心：[  0.80451763  12.24993641 400.84251761]，半径：4.255118156244719
2025-09-17 18:23:33,335 - root - INFO - 数据质量: {'point_count': 17, 'fitting_point_count': 5, 'constraint_point_count': 12, 'visibility': 1.0}
2025-09-17 18:23:33,337 - root - INFO - 选择策略: high_quality
2025-09-17 18:23:33,338 - root - INFO - 虹膜点拟合外接圆，圆心：[ 68.70480058  12.78015191 400.7595405 ]，半径：6.447796370253417
2025-09-17 18:23:33,351 - project.core.fitting.main - INFO - ==============================================
2025-09-17 18:23:33,352 - project.core.fitting.main - INFO - 拟合结果:
2025-09-17 18:23:33,354 - project.core.fitting.main - INFO -   LEFT 眼: 拟合结果：
 球心：[ -0.92868169  13.40782248 410.38774026]
 半径：12.342495231195874
 置信度：0.89288832704563
 收敛：True
 迭代次数：4
 最终残差范数：0.8597610158033933
 最终delta范数：0.000498317246087272
 使用策略：lm
2025-09-17 18:23:33,354 - project.core.fitting.main - INFO -   RIGHT 眼: 拟合结果：
 球心：[ 64.92556153  12.71777442 409.86474162]
 半径：12.344216020030752
 置信度：0.8800391870347303
 收敛：True
 迭代次数：4
 最终残差范数：1.0697693669042005
 最终delta范数：0.001025516590689843
 使用策略：lm
2025-09-17 18:23:33,355 - project.core.fitting.main - INFO - ==============================================
2025-09-17 18:23:33,356 - project.config.screen_config - INFO - 瞳孔位置: Point3D(-0.586, 13.643, 401.240)
2025-09-17 18:23:33,356 - project.config.screen_config - INFO - 眼球位置: Point3D(-0.929, 13.408, 410.388)
2025-09-17 18:23:33,356 - project.config.screen_config - INFO - 视线方向: Point3D(0.343, 0.235, -9.148)
2025-09-17 18:23:33,357 - project.config.screen_config - INFO - 交点坐标: [14.44537755 23.94384503  0.        ]
2025-09-17 18:23:33,359 - project.config.screen_config - INFO - 最终像素坐标: Point2D(650.662188, 60.620304)
2025-09-17 18:23:33,360 - project.core.fitting.main - INFO - -----------------------------------------------
2025-09-17 18:23:33,360 - project.core.fitting.main - INFO - left 视线焦点: Point2D(650.662188, 60.620304)
2025-09-17 18:23:33,360 - project.core.fitting.main - INFO - -----------------------------------------------
2025-09-17 18:23:33,360 - project.config.screen_config - INFO - 瞳孔位置: Point3D(65.175, 12.685, 400.603)
2025-09-17 18:23:33,360 - project.config.screen_config - INFO - 眼球位置: Point3D(64.926, 12.718, 409.865)
2025-09-17 18:23:33,362 - project.config.screen_config - INFO - 视线方向: Point3D(0.249, -0.033, -9.262)
2025-09-17 18:23:33,363 - project.config.screen_config - INFO - 交点坐标: [ 7.59436171e+01  1.12572862e+01 -5.68434189e-14]
2025-09-17 18:23:33,365 - project.config.screen_config - INFO - 最终像素坐标: Point2D(355.470638, 20.023316)
2025-09-17 18:23:33,365 - project.core.fitting.main - INFO - -----------------------------------------------
2025-09-17 18:23:33,365 - project.core.fitting.main - INFO - right 视线焦点: Point2D(355.470638, 20.023316)
2025-09-17 18:23:33,365 - project.core.fitting.main - INFO - -----------------------------------------------
2025-09-17 18:23:33,424 - project.data.data_manager - WARNING - 非RGB-D摄像头，使用默认深度图
2025-09-17 18:23:33,549 - project.core.recognition.detector - INFO - 提取到 478 个关键点
2025-09-17 18:23:33,552 - project.core.recognition.landmark_extractor - INFO - 关键点验证通过
2025-09-17 18:23:33,553 - project.core.recognition.detector - INFO - 关键点验证结果: True
2025-09-17 18:23:33,558 - project.core.recognition.detector - INFO - 人脸检测成功，提取到 478 个关键点
2025-09-17 18:23:33,560 - project.core.recognition.main - INFO - 人脸检测成功
2025-09-17 18:23:33,577 - project.data.data_manager - INFO - RecgFitDataManager初始化 - debug_log: True, key_coordinates: True
2025-09-17 18:23:33,578 - project.data.data_manager - INFO - RecgFitDataManager初始化完成
2025-09-17 18:23:33,579 - __main__ - INFO - 收到识别完成信号，开始拟合...
2025-09-17 18:23:33,580 - __main__ - INFO - 开始拟合frame_id: 32
2025-09-17 18:23:33,580 - __main__ - INFO - 等待识别完成信号...
2025-09-17 18:23:33,582 - root - INFO - 数据质量: {'point_count': 17, 'fitting_point_count': 5, 'constraint_point_count': 12, 'visibility': 0.9874060918288362}
2025-09-17 18:23:33,582 - root - INFO - 选择策略: high_quality
2025-09-17 18:23:33,583 - root - INFO - 虹膜点拟合外接圆，圆心：[  0.49084336  12.1700971  400.8147493 ]，半径：4.281073426310518
2025-09-17 18:23:33,592 - root - INFO - 数据质量: {'point_count': 17, 'fitting_point_count': 5, 'constraint_point_count': 12, 'visibility': 1.0}
2025-09-17 18:23:33,594 - root - INFO - 选择策略: high_quality
2025-09-17 18:23:33,595 - root - INFO - 虹膜点拟合外接圆，圆心：[ 63.87884521  10.98678641 400.70266277]，半径：6.950680993725584
2025-09-17 18:23:33,618 - project.core.fitting.main - INFO - ==============================================
2025-09-17 18:23:33,619 - project.core.fitting.main - INFO - 拟合结果:
2025-09-17 18:23:33,620 - project.core.fitting.main - INFO -   LEFT 眼: 拟合结果：
 球心：[ -0.80728038  13.36092907 410.48618146]
 半径：12.345121423593804
 置信度：0.8984646882543691
 收敛：True
 迭代次数：4
 最终残差范数：0.7512878753029112
 最终delta范数：0.00020904407654589747
 使用策略：lm
2025-09-17 18:23:33,621 - project.core.fitting.main - INFO -   RIGHT 眼: 拟合结果：
 球心：[ 65.68573459  12.62281037 409.84802744]
 半径：12.338181662959324
 置信度：0.8650323222073796
 收敛：True
 迭代次数：4
 最终残差范数：1.2857148955374198
 最终delta范数：0.001693507872163743
 使用策略：lm
2025-09-17 18:23:33,622 - project.core.fitting.main - INFO - ==============================================
2025-09-17 18:23:33,622 - project.config.screen_config - INFO - 瞳孔位置: Point3D(-0.871, 13.596, 401.481)
2025-09-17 18:23:33,623 - project.config.screen_config - INFO - 眼球位置: Point3D(-0.807, 13.361, 410.486)
2025-09-17 18:23:33,624 - project.config.screen_config - INFO - 视线方向: Point3D(-0.064, 0.236, -9.005)
2025-09-17 18:23:33,626 - project.config.screen_config - INFO - 交点坐标: [-3.7082915  24.09810739  0.        ]
2025-09-17 18:23:33,628 - project.config.screen_config - INFO - 最终像素坐标: Point2D(737.799799, 61.113944)
2025-09-17 18:23:33,628 - project.core.fitting.main - INFO - -----------------------------------------------
2025-09-17 18:23:33,629 - project.core.fitting.main - INFO - left 视线焦点: Point2D(737.799799, 61.113944)
2025-09-17 18:23:33,630 - project.core.fitting.main - INFO - -----------------------------------------------
2025-09-17 18:23:33,630 - project.config.screen_config - INFO - 瞳孔位置: Point3D(65.464, 12.385, 400.423)
2025-09-17 18:23:33,631 - project.config.screen_config - INFO - 眼球位置: Point3D(65.686, 12.623, 409.848)
2025-09-17 18:23:33,631 - project.config.screen_config - INFO - 视线方向: Point3D(-0.222, -0.238, -9.425)
2025-09-17 18:23:33,633 - project.config.screen_config - INFO - 交点坐标: [56.02316945  2.29117079  0.        ]
2025-09-17 18:23:33,635 - project.config.screen_config - WARNING - 交点超出屏幕边界，已裁剪: Point2D(451.088787, -8.668253) -> Point2D(451.088787, 0.000000)
2025-09-17 18:23:33,635 - project.config.screen_config - INFO - 最终像素坐标: Point2D(451.088787, 0.000000)
2025-09-17 18:23:33,636 - project.core.fitting.main - INFO - -----------------------------------------------
2025-09-17 18:23:33,637 - project.core.fitting.main - INFO - right 视线焦点: Point2D(451.088787, 0.000000)
2025-09-17 18:23:33,637 - project.core.fitting.main - INFO - -----------------------------------------------
2025-09-17 18:23:33,694 - project.data.data_manager - WARNING - 非RGB-D摄像头，使用默认深度图
2025-09-17 18:23:33,829 - project.core.recognition.detector - INFO - 提取到 478 个关键点
2025-09-17 18:23:33,832 - project.core.recognition.landmark_extractor - INFO - 关键点验证通过
2025-09-17 18:23:33,832 - project.core.recognition.detector - INFO - 关键点验证结果: True
2025-09-17 18:23:33,837 - project.core.recognition.detector - INFO - 人脸检测成功，提取到 478 个关键点
2025-09-17 18:23:33,837 - project.core.recognition.main - INFO - 人脸检测成功
2025-09-17 18:23:33,848 - project.data.data_manager - INFO - RecgFitDataManager初始化 - debug_log: True, key_coordinates: True
2025-09-17 18:23:33,849 - project.data.data_manager - INFO - RecgFitDataManager初始化完成
2025-09-17 18:23:33,849 - __main__ - INFO - 收到识别完成信号，开始拟合...
2025-09-17 18:23:33,850 - __main__ - INFO - 开始拟合frame_id: 33
2025-09-17 18:23:33,850 - __main__ - INFO - 等待识别完成信号...
2025-09-17 18:23:33,851 - root - INFO - 数据质量: {'point_count': 17, 'fitting_point_count': 5, 'constraint_point_count': 12, 'visibility': 0.9857699214508305}
2025-09-17 18:23:33,851 - root - INFO - 选择策略: high_quality
2025-09-17 18:23:33,852 - root - INFO - 虹膜点拟合外接圆，圆心：[  2.48906765  12.36808601 401.15966648]，半径：4.318254879534281
2025-09-17 18:23:33,862 - root - INFO - 数据质量: {'point_count': 17, 'fitting_point_count': 5, 'constraint_point_count': 12, 'visibility': 1.0}
2025-09-17 18:23:33,863 - root - INFO - 选择策略: high_quality
2025-09-17 18:23:33,864 - root - INFO - 虹膜点拟合外接圆，圆心：[ 66.67487477  15.59824126 400.65731853]，半径：7.156806031135289
2025-09-17 18:23:33,872 - project.core.fitting.main - INFO - ==============================================
2025-09-17 18:23:33,873 - project.core.fitting.main - INFO - 拟合结果:
2025-09-17 18:23:33,874 - project.core.fitting.main - INFO -   LEFT 眼: 拟合结果：
 球心：[  0.57706969  13.88591481 410.45197269]
 半径：12.328086748525232
 置信度：0.8903270002873245
 收敛：True
 迭代次数：4
 最终残差范数：0.9452634659759099
 最终delta范数：0.0013334192066359535
 使用策略：lm
2025-09-17 18:23:33,874 - project.core.fitting.main - INFO -   RIGHT 眼: 拟合结果：
 球心：[ 67.11142549  12.67078084 409.92532155]
 半径：12.33924001176041
 置信度：0.8789232158144991
 收敛：True
 迭代次数：4
 最终残差范数：1.0951547987784254
 最终delta范数：0.002860337142187865
 使用策略：lm
2025-09-17 18:23:33,875 - project.core.fitting.main - INFO - ==============================================
2025-09-17 18:23:33,875 - project.config.screen_config - INFO - 瞳孔位置: Point3D(1.053, 13.754, 401.014)
2025-09-17 18:23:33,875 - project.config.screen_config - INFO - 眼球位置: Point3D(0.577, 13.886, 410.452)
2025-09-17 18:23:33,875 - project.config.screen_config - INFO - 视线方向: Point3D(0.476, -0.132, -9.438)
2025-09-17 18:23:33,877 - project.config.screen_config - INFO - 交点坐标: [21.27643989  8.13785697  0.        ]
2025-09-17 18:23:33,878 - project.config.screen_config - INFO - 最终像素坐标: Point2D(617.873089, 10.041142)
2025-09-17 18:23:33,878 - project.core.fitting.main - INFO - -----------------------------------------------
2025-09-17 18:23:33,878 - project.core.fitting.main - INFO - left 视线焦点: Point2D(617.873089, 10.041142)
2025-09-17 18:23:33,879 - project.core.fitting.main - INFO - -----------------------------------------------
2025-09-17 18:23:33,879 - project.config.screen_config - INFO - 瞳孔位置: Point3D(66.739, 12.980, 400.593)
2025-09-17 18:23:33,879 - project.config.screen_config - INFO - 眼球位置: Point3D(67.111, 12.671, 409.925)
2025-09-17 18:23:33,879 - project.config.screen_config - INFO - 视线方向: Point3D(-0.372, 0.310, -9.333)
2025-09-17 18:23:33,880 - project.config.screen_config - INFO - 交点坐标: [50.76450301 26.26681917  0.        ]
2025-09-17 18:23:33,881 - project.config.screen_config - INFO - 最终像素坐标: Point2D(476.330386, 68.053821)
2025-09-17 18:23:33,881 - project.core.fitting.main - INFO - -----------------------------------------------
2025-09-17 18:23:33,881 - project.core.fitting.main - INFO - right 视线焦点: Point2D(476.330386, 68.053821)
2025-09-17 18:23:33,882 - project.core.fitting.main - INFO - -----------------------------------------------
2025-09-17 18:23:33,957 - project.data.data_manager - WARNING - 非RGB-D摄像头，使用默认深度图
2025-09-17 18:23:34,097 - project.core.recognition.detector - INFO - 提取到 478 个关键点
2025-09-17 18:23:34,102 - project.core.recognition.landmark_extractor - INFO - 关键点验证通过
2025-09-17 18:23:34,103 - project.core.recognition.detector - INFO - 关键点验证结果: True
2025-09-17 18:23:34,111 - project.core.recognition.detector - INFO - 人脸检测成功，提取到 478 个关键点
2025-09-17 18:23:34,113 - project.core.recognition.main - INFO - 人脸检测成功
2025-09-17 18:23:34,129 - project.data.data_manager - INFO - RecgFitDataManager初始化 - debug_log: True, key_coordinates: True
2025-09-17 18:23:34,130 - project.data.data_manager - INFO - RecgFitDataManager初始化完成
2025-09-17 18:23:34,131 - __main__ - INFO - 收到识别完成信号，开始拟合...
2025-09-17 18:23:34,132 - __main__ - INFO - 开始拟合frame_id: 34
2025-09-17 18:23:34,133 - __main__ - INFO - 等待识别完成信号...
2025-09-17 18:23:34,135 - root - INFO - 数据质量: {'point_count': 17, 'fitting_point_count': 5, 'constraint_point_count': 12, 'visibility': 0.9860521993259894}
2025-09-17 18:23:34,136 - root - INFO - 选择策略: high_quality
2025-09-17 18:23:34,137 - root - INFO - 虹膜点拟合外接圆，圆心：[-1.69380753e-01  1.24473193e+01  4.00816783e+02]，半径：4.7338727503720115
2025-09-17 18:23:34,151 - root - INFO - 数据质量: {'point_count': 17, 'fitting_point_count': 5, 'constraint_point_count': 12, 'visibility': 1.0}
2025-09-17 18:23:34,152 - root - INFO - 选择策略: high_quality
2025-09-17 18:23:34,153 - root - INFO - 虹膜点拟合外接圆，圆心：[ 66.94196549  16.17073581 400.40291101]，半径：7.080666693917205
2025-09-17 18:23:34,176 - project.core.fitting.main - INFO - ==============================================
2025-09-17 18:23:34,177 - project.core.fitting.main - INFO - 拟合结果:
2025-09-17 18:23:34,178 - project.core.fitting.main - INFO -   LEFT 眼: 拟合结果：
 球心：[  1.27172452  12.99186009 410.46394232]
 半径：12.331278470995434
 置信度：0.8914450028305152
 收敛：True
 迭代次数：3
 最终残差范数：0.91415609013076
 最终delta范数：0.0537095668481512
 使用策略：lm
2025-09-17 18:23:34,179 - project.core.fitting.main - INFO -   RIGHT 眼: 拟合结果：
 球心：[ 66.79259869  13.86602119 409.91948602]
 半径：12.34545346687792
 置信度：0.8800332978361325
 收敛：True
 迭代次数：4
 最终残差范数：1.0647838766259154
 最终delta范数：0.0013816290092264507
 使用策略：lm
2025-09-17 18:23:34,180 - project.core.fitting.main - INFO - ==============================================
2025-09-17 18:23:34,181 - project.config.screen_config - INFO - 瞳孔位置: Point3D(1.455, 13.801, 401.114)
2025-09-17 18:23:34,181 - project.config.screen_config - INFO - 眼球位置: Point3D(1.272, 12.992, 410.464)
2025-09-17 18:23:34,182 - project.config.screen_config - INFO - 视线方向: Point3D(0.183, 0.809, -9.350)
2025-09-17 18:23:34,184 - project.config.screen_config - INFO - 交点坐标: [ 9.30693198 48.51686116  0.        ]
2025-09-17 18:23:34,186 - project.config.screen_config - INFO - 最终像素坐标: Point2D(675.326727, 139.253956)
2025-09-17 18:23:34,187 - project.core.fitting.main - INFO - -----------------------------------------------
2025-09-17 18:23:34,188 - project.core.fitting.main - INFO - left 视线焦点: Point2D(675.326727, 139.253956)
2025-09-17 18:23:34,188 - project.core.fitting.main - INFO - -----------------------------------------------
2025-09-17 18:23:34,189 - project.config.screen_config - INFO - 瞳孔位置: Point3D(67.068, 13.578, 400.721)
2025-09-17 18:23:34,189 - project.config.screen_config - INFO - 眼球位置: Point3D(66.793, 13.866, 409.919)
2025-09-17 18:23:34,189 - project.config.screen_config - INFO - 视线方向: Point3D(0.276, -0.288, -9.199)
2025-09-17 18:23:34,191 - project.config.screen_config - INFO - 交点坐标: [79.07609081  1.05059271  0.        ]
2025-09-17 18:23:34,192 - project.config.screen_config - WARNING - 交点超出屏幕边界，已裁剪: Point2D(340.434764, -12.638103) -> Point2D(340.434764, 0.000000)
2025-09-17 18:23:34,192 - project.config.screen_config - INFO - 最终像素坐标: Point2D(340.434764, 0.000000)
2025-09-17 18:23:34,193 - project.core.fitting.main - INFO - -----------------------------------------------
2025-09-17 18:23:34,193 - project.core.fitting.main - INFO - right 视线焦点: Point2D(340.434764, 0.000000)
2025-09-17 18:23:34,193 - project.core.fitting.main - INFO - -----------------------------------------------
2025-09-17 18:23:34,258 - project.data.data_manager - WARNING - 非RGB-D摄像头，使用默认深度图
2025-09-17 18:23:34,392 - project.core.recognition.detector - INFO - 提取到 478 个关键点
2025-09-17 18:23:34,396 - project.core.recognition.landmark_extractor - INFO - 关键点验证通过
2025-09-17 18:23:34,397 - project.core.recognition.detector - INFO - 关键点验证结果: True
2025-09-17 18:23:34,403 - project.core.recognition.detector - INFO - 人脸检测成功，提取到 478 个关键点
2025-09-17 18:23:34,404 - project.core.recognition.main - INFO - 人脸检测成功
2025-09-17 18:23:34,417 - project.data.data_manager - INFO - RecgFitDataManager初始化 - debug_log: True, key_coordinates: True
2025-09-17 18:23:34,419 - project.data.data_manager - INFO - RecgFitDataManager初始化完成
2025-09-17 18:23:34,419 - __main__ - INFO - 收到识别完成信号，开始拟合...
2025-09-17 18:23:34,420 - __main__ - INFO - 开始拟合frame_id: 35
2025-09-17 18:23:34,420 - __main__ - INFO - 等待识别完成信号...
2025-09-17 18:23:34,421 - root - INFO - 数据质量: {'point_count': 17, 'fitting_point_count': 5, 'constraint_point_count': 12, 'visibility': 0.98824115403724}
2025-09-17 18:23:34,421 - root - INFO - 选择策略: high_quality
2025-09-17 18:23:34,422 - root - INFO - 虹膜点拟合外接圆，圆心：[  1.37647748  12.28929873 400.80646425]，半径：4.974227125941336
2025-09-17 18:23:34,432 - root - INFO - 数据质量: {'point_count': 17, 'fitting_point_count': 5, 'constraint_point_count': 12, 'visibility': 1.0}
2025-09-17 18:23:34,433 - root - INFO - 选择策略: high_quality
2025-09-17 18:23:34,434 - root - INFO - 虹膜点拟合外接圆，圆心：[ 66.02824445  16.16973538 400.51940829]，半径：7.3013906127396835
2025-09-17 18:23:34,447 - project.core.fitting.main - INFO - ==============================================
2025-09-17 18:23:34,448 - project.core.fitting.main - INFO - 拟合结果:
2025-09-17 18:23:34,449 - project.core.fitting.main - INFO -   LEFT 眼: 拟合结果：
 球心：[-1.09247170e-01  1.33334853e+01  4.10466200e+02]
 半径：12.345267198244859
 置信度：0.8968023391918476
 收敛：True
 迭代次数：3
 最终残差范数：0.7837436098262934
 最终delta范数：0.042281297814731084
 使用策略：lm
2025-09-17 18:23:34,451 - project.core.fitting.main - INFO -   RIGHT 眼: 拟合结果：
 球心：[ 66.03109368  13.67166367 409.87462874]
 半径：12.343814577183664
 置信度：0.8755410658713929
 收敛：True
 迭代次数：4
 最终残差范数：1.1371226227494302
 最终delta范数：0.0019182189725678346
 使用策略：lm
2025-09-17 18:23:34,451 - project.core.fitting.main - INFO - ==============================================
2025-09-17 18:23:34,452 - project.config.screen_config - INFO - 瞳孔位置: Point3D(-0.083, 13.752, 401.430)
2025-09-17 18:23:34,452 - project.config.screen_config - INFO - 眼球位置: Point3D(-0.109, 13.333, 410.466)
2025-09-17 18:23:34,453 - project.config.screen_config - INFO - 视线方向: Point3D(0.026, 0.419, -9.036)
2025-09-17 18:23:34,454 - project.config.screen_config - INFO - 交点坐标: [ 1.07124565 32.3438286   0.        ]
2025-09-17 18:23:34,456 - project.config.screen_config - INFO - 最终像素坐标: Point2D(714.858021, 87.500252)
2025-09-17 18:23:34,456 - project.core.fitting.main - INFO - -----------------------------------------------
2025-09-17 18:23:34,456 - project.core.fitting.main - INFO - left 视线焦点: Point2D(714.858021, 87.500252)
2025-09-17 18:23:34,457 - project.core.fitting.main - INFO - -----------------------------------------------
2025-09-17 18:23:34,457 - project.config.screen_config - INFO - 瞳孔位置: Point3D(66.112, 13.571, 400.560)
2025-09-17 18:23:34,458 - project.config.screen_config - INFO - 眼球位置: Point3D(66.031, 13.672, 409.875)
2025-09-17 18:23:34,458 - project.config.screen_config - INFO - 视线方向: Point3D(0.081, -0.101, -9.315)
2025-09-17 18:23:34,458 - project.config.screen_config - INFO - 交点坐标: [69.60460264  9.22795714  0.        ]
2025-09-17 18:23:34,459 - project.config.screen_config - INFO - 最终像素坐标: Point2D(385.897907, 13.529463)
2025-09-17 18:23:34,460 - project.core.fitting.main - INFO - -----------------------------------------------
2025-09-17 18:23:34,460 - project.core.fitting.main - INFO - right 视线焦点: Point2D(385.897907, 13.529463)
2025-09-17 18:23:34,461 - project.core.fitting.main - INFO - -----------------------------------------------
2025-09-17 18:23:34,540 - project.data.data_manager - WARNING - 非RGB-D摄像头，使用默认深度图
2025-09-17 18:23:34,687 - project.core.recognition.detector - INFO - 提取到 478 个关键点
2025-09-17 18:23:34,691 - project.core.recognition.landmark_extractor - INFO - 关键点验证通过
2025-09-17 18:23:34,691 - project.core.recognition.detector - INFO - 关键点验证结果: True
2025-09-17 18:23:34,699 - project.core.recognition.detector - INFO - 人脸检测成功，提取到 478 个关键点
2025-09-17 18:23:34,700 - project.core.recognition.main - INFO - 人脸检测成功
2025-09-17 18:23:34,718 - project.data.data_manager - INFO - RecgFitDataManager初始化 - debug_log: True, key_coordinates: True
2025-09-17 18:23:34,719 - project.data.data_manager - INFO - RecgFitDataManager初始化完成
2025-09-17 18:23:34,720 - __main__ - INFO - 收到识别完成信号，开始拟合...
2025-09-17 18:23:34,720 - __main__ - INFO - 开始拟合frame_id: 36
2025-09-17 18:23:34,721 - __main__ - INFO - 等待识别完成信号...
2025-09-17 18:23:34,723 - root - INFO - 数据质量: {'point_count': 17, 'fitting_point_count': 5, 'constraint_point_count': 12, 'visibility': 0.988313658518449}
2025-09-17 18:23:34,724 - root - INFO - 选择策略: high_quality
2025-09-17 18:23:34,725 - root - INFO - 虹膜点拟合外接圆，圆心：[  1.64170084  14.85199062 400.73838085]，半径：4.867155971514767
2025-09-17 18:23:34,741 - root - INFO - 数据质量: {'point_count': 17, 'fitting_point_count': 5, 'constraint_point_count': 12, 'visibility': 1.0}
2025-09-17 18:23:34,742 - root - INFO - 选择策略: high_quality
2025-09-17 18:23:34,743 - root - INFO - 虹膜点拟合外接圆，圆心：[ 64.23605802  14.65049368 400.64872801]，半径：4.227558962490283
2025-09-17 18:23:34,761 - project.core.fitting.main - INFO - ==============================================
2025-09-17 18:23:34,762 - project.core.fitting.main - INFO - 拟合结果:
2025-09-17 18:23:34,762 - project.core.fitting.main - INFO -   LEFT 眼: 拟合结果：
 球心：[8.86750027e-02 1.36715000e+01 4.10516440e+02]
 半径：12.3477138094349
 置信度：0.8997553371714352
 收敛：True
 迭代次数：3
 最终残差范数：0.7284370685063889
 最终delta范数：0.04431180899856354
 使用策略：lm
2025-09-17 18:23:34,763 - project.core.fitting.main - INFO -   RIGHT 眼: 拟合结果：
 球心：[ 65.82284846  13.0286571  409.94701856]
 半径：12.343989432488742
 置信度：0.87130142025897
 收敛：True
 迭代次数：4
 最终残差范数：1.1975624766307424
 最终delta范数：0.0011655343065956351
 使用策略：lm
2025-09-17 18:23:34,764 - project.core.fitting.main - INFO - ==============================================
2025-09-17 18:23:34,765 - project.config.screen_config - INFO - 瞳孔位置: Point3D(0.041, 13.673, 401.597)
2025-09-17 18:23:34,765 - project.config.screen_config - INFO - 眼球位置: Point3D(0.089, 13.672, 410.516)
2025-09-17 18:23:34,765 - project.config.screen_config - INFO - 视线方向: Point3D(-0.048, 0.001, -8.920)
2025-09-17 18:23:34,767 - project.config.screen_config - INFO - 交点坐标: [-2.10433461 13.72249035  0.        ]
2025-09-17 18:23:34,768 - project.config.screen_config - INFO - 最终像素坐标: Point2D(730.100806, 27.911969)
2025-09-17 18:23:34,769 - project.core.fitting.main - INFO - -----------------------------------------------
2025-09-17 18:23:34,769 - project.core.fitting.main - INFO - left 视线焦点: Point2D(730.100806, 27.911969)
2025-09-17 18:23:34,770 - project.core.fitting.main - INFO - -----------------------------------------------
2025-09-17 18:23:34,770 - project.config.screen_config - INFO - 瞳孔位置: Point3D(65.925, 13.455, 400.599)
2025-09-17 18:23:34,770 - project.config.screen_config - INFO - 眼球位置: Point3D(65.823, 13.029, 409.947)
2025-09-17 18:23:34,772 - project.config.screen_config - INFO - 视线方向: Point3D(0.102, 0.427, -9.348)
2025-09-17 18:23:34,774 - project.config.screen_config - INFO - 交点坐标: [70.28176464 31.7342378   0.        ]
2025-09-17 18:23:34,775 - project.config.screen_config - INFO - 最终像素坐标: Point2D(382.647530, 85.549561)
2025-09-17 18:23:34,775 - project.core.fitting.main - INFO - -----------------------------------------------
2025-09-17 18:23:34,776 - project.core.fitting.main - INFO - right 视线焦点: Point2D(382.647530, 85.549561)
2025-09-17 18:23:34,776 - project.core.fitting.main - INFO - -----------------------------------------------
2025-09-17 18:23:34,835 - project.data.data_manager - WARNING - 非RGB-D摄像头，使用默认深度图
2025-09-17 18:23:34,964 - project.core.recognition.detector - INFO - 提取到 478 个关键点
2025-09-17 18:23:34,969 - project.core.recognition.landmark_extractor - INFO - 关键点验证通过
2025-09-17 18:23:34,969 - project.core.recognition.detector - INFO - 关键点验证结果: True
2025-09-17 18:23:34,981 - project.core.recognition.detector - INFO - 人脸检测成功，提取到 478 个关键点
2025-09-17 18:23:34,982 - project.core.recognition.main - INFO - 人脸检测成功
2025-09-17 18:23:34,999 - project.data.data_manager - INFO - RecgFitDataManager初始化 - debug_log: True, key_coordinates: True
2025-09-17 18:23:35,000 - project.data.data_manager - INFO - RecgFitDataManager初始化完成
2025-09-17 18:23:35,001 - __main__ - INFO - 收到识别完成信号，开始拟合...
2025-09-17 18:23:35,002 - __main__ - INFO - 开始拟合frame_id: 37
2025-09-17 18:23:35,002 - __main__ - INFO - 等待识别完成信号...
2025-09-17 18:23:35,005 - root - INFO - 数据质量: {'point_count': 17, 'fitting_point_count': 5, 'constraint_point_count': 12, 'visibility': 0.9838050064796798}
2025-09-17 18:23:35,006 - root - INFO - 选择策略: high_quality
2025-09-17 18:23:35,007 - root - INFO - 虹膜点拟合外接圆，圆心：[  2.05182332  15.36628094 401.23658627]，半径：4.62856698187711
2025-09-17 18:23:35,026 - root - INFO - 数据质量: {'point_count': 17, 'fitting_point_count': 5, 'constraint_point_count': 12, 'visibility': 1.0}
2025-09-17 18:23:35,026 - root - INFO - 选择策略: high_quality
2025-09-17 18:23:35,028 - root - INFO - 虹膜点拟合外接圆，圆心：[ 68.00105599  12.64196667 400.72417259]，半径：4.159621666234256
2025-09-17 18:23:35,043 - project.core.fitting.main - INFO - ==============================================
2025-09-17 18:23:35,045 - project.core.fitting.main - INFO - 拟合结果:
2025-09-17 18:23:35,046 - project.core.fitting.main - INFO -   LEFT 眼: 拟合结果：
 球心：[  0.61002853  13.64267944 410.57216456]
 半径：12.318066232485144
 置信度：0.8659955571854234
 收敛：True
 迭代次数：4
 最终残差范数：1.359988247666787
 最终delta范数：0.0034867577994681376
 使用策略：lm
2025-09-17 18:23:35,047 - project.core.fitting.main - INFO -   RIGHT 眼: 拟合结果：
 球心：[ 66.36589881  14.35182574 409.97548683]
 半径：12.337449565791735
 置信度：0.8647154586045572
 收敛：True
 迭代次数：4
 最终残差范数：1.304406023169327
 最终delta范数：0.001648214185512448
 使用策略：lm
2025-09-17 18:23:35,047 - project.core.fitting.main - INFO - ==============================================
2025-09-17 18:23:35,048 - project.config.screen_config - INFO - 瞳孔位置: Point3D(0.561, 14.149, 400.768)
2025-09-17 18:23:35,048 - project.config.screen_config - INFO - 眼球位置: Point3D(0.610, 13.643, 410.572)
2025-09-17 18:23:35,048 - project.config.screen_config - INFO - 视线方向: Point3D(-0.049, 0.507, -9.804)
2025-09-17 18:23:35,049 - project.config.screen_config - INFO - 交点坐标: [-1.43756722 34.86032246  0.        ]
2025-09-17 18:23:35,050 - project.config.screen_config - INFO - 最终像素坐标: Point2D(726.900323, 95.553032)
2025-09-17 18:23:35,051 - project.core.fitting.main - INFO - -----------------------------------------------
2025-09-17 18:23:35,051 - project.core.fitting.main - INFO - left 视线焦点: Point2D(726.900323, 95.553032)
2025-09-17 18:23:35,051 - project.core.fitting.main - INFO - -----------------------------------------------
2025-09-17 18:23:35,052 - project.config.screen_config - INFO - 瞳孔位置: Point3D(66.181, 13.857, 400.465)
2025-09-17 18:23:35,052 - project.config.screen_config - INFO - 眼球位置: Point3D(66.366, 14.352, 409.975)
2025-09-17 18:23:35,052 - project.config.screen_config - INFO - 视线方向: Point3D(-0.185, -0.495, -9.510)
2025-09-17 18:23:35,054 - project.config.screen_config - INFO - 交点坐标: [58.39645174 -6.97869635  0.        ]
2025-09-17 18:23:35,055 - project.config.screen_config - WARNING - 交点超出屏幕边界，已裁剪: Point2D(439.697032, -38.331828) -> Point2D(439.697032, 0.000000)
2025-09-17 18:23:35,055 - project.config.screen_config - INFO - 最终像素坐标: Point2D(439.697032, 0.000000)
2025-09-17 18:23:35,055 - project.core.fitting.main - INFO - -----------------------------------------------
2025-09-17 18:23:35,055 - project.core.fitting.main - INFO - right 视线焦点: Point2D(439.697032, 0.000000)
2025-09-17 18:23:35,055 - project.core.fitting.main - INFO - -----------------------------------------------
2025-09-17 18:23:35,121 - project.data.data_manager - WARNING - 非RGB-D摄像头，使用默认深度图
2025-09-17 18:23:35,258 - project.core.recognition.detector - INFO - 提取到 478 个关键点
2025-09-17 18:23:35,262 - project.core.recognition.landmark_extractor - INFO - 关键点验证通过
2025-09-17 18:23:35,263 - project.core.recognition.detector - INFO - 关键点验证结果: True
2025-09-17 18:23:35,272 - project.core.recognition.detector - INFO - 人脸检测成功，提取到 478 个关键点
2025-09-17 18:23:35,273 - project.core.recognition.main - INFO - 人脸检测成功
2025-09-17 18:23:35,284 - project.data.data_manager - INFO - RecgFitDataManager初始化 - debug_log: True, key_coordinates: True
2025-09-17 18:23:35,285 - project.data.data_manager - INFO - RecgFitDataManager初始化完成
2025-09-17 18:23:35,286 - __main__ - INFO - 收到识别完成信号，开始拟合...
2025-09-17 18:23:35,286 - __main__ - INFO - 开始拟合frame_id: 38
2025-09-17 18:23:35,287 - __main__ - INFO - 等待识别完成信号...
2025-09-17 18:23:35,288 - root - INFO - 数据质量: {'point_count': 17, 'fitting_point_count': 5, 'constraint_point_count': 12, 'visibility': 0.9782625088030774}
2025-09-17 18:23:35,288 - root - INFO - 选择策略: high_quality
2025-09-17 18:23:35,289 - root - INFO - 虹膜点拟合外接圆，圆心：[-3.04644123e-01  1.63413844e+01  4.00903545e+02]，半径：6.594030601193757
2025-09-17 18:23:35,302 - root - INFO - 数据质量: {'point_count': 17, 'fitting_point_count': 5, 'constraint_point_count': 12, 'visibility': 1.0}
2025-09-17 18:23:35,303 - root - INFO - 选择策略: high_quality
2025-09-17 18:23:35,304 - root - INFO - 虹膜点拟合外接圆，圆心：[ 69.74155744  15.32936548 400.47395974]，半径：6.113882109106102
2025-09-17 18:23:35,315 - project.core.fitting.main - INFO - ==============================================
2025-09-17 18:23:35,316 - project.core.fitting.main - INFO - 拟合结果:
2025-09-17 18:23:35,316 - project.core.fitting.main - INFO -   LEFT 眼: 拟合结果：
 球心：[  1.80411548  15.02679632 410.38475263]
 半径：12.323273268771327
 置信度：0.8821717729665106
 收敛：True
 迭代次数：4
 最终残差范数：1.1142221737051965
 最终delta范数：0.000654937074112784
 使用策略：lm
2025-09-17 18:23:35,317 - project.core.fitting.main - INFO -   RIGHT 眼: 拟合结果：
 球心：[ 66.22350218  15.18700272 409.89054201]
 半径：12.355513230191978
 置信度：0.8726996823843067
 收敛：True
 迭代次数：4
 最终残差范数：1.1590991015515586
 最终delta范数：0.005214406528780075
 使用策略：lm
2025-09-17 18:23:35,318 - project.core.fitting.main - INFO - ==============================================
2025-09-17 18:23:35,318 - project.config.screen_config - INFO - 瞳孔位置: Point3D(1.162, 15.045, 400.752)
2025-09-17 18:23:35,318 - project.config.screen_config - INFO - 眼球位置: Point3D(1.804, 15.027, 410.385)
2025-09-17 18:23:35,318 - project.config.screen_config - INFO - 视线方向: Point3D(-0.642, 0.018, -9.633)
2025-09-17 18:23:35,319 - project.config.screen_config - INFO - 交点坐标: [-25.55854871  15.80488759   0.        ]
2025-09-17 18:23:35,320 - project.config.screen_config - INFO - 最终像素坐标: Point2D(842.681034, 34.575640)
2025-09-17 18:23:35,320 - project.core.fitting.main - INFO - -----------------------------------------------
2025-09-17 18:23:35,320 - project.core.fitting.main - INFO - left 视线焦点: Point2D(842.681034, 34.575640)
2025-09-17 18:23:35,320 - project.core.fitting.main - INFO - -----------------------------------------------
2025-09-17 18:23:35,320 - project.config.screen_config - INFO - 瞳孔位置: Point3D(66.411, 15.192, 400.827)
2025-09-17 18:23:35,320 - project.config.screen_config - INFO - 眼球位置: Point3D(66.224, 15.187, 409.891)
2025-09-17 18:23:35,321 - project.config.screen_config - INFO - 视线方向: Point3D(0.188, 0.005, -9.063)
2025-09-17 18:23:35,322 - project.config.screen_config - INFO - 交点坐标: [74.72307997 15.41455077  0.        ]
2025-09-17 18:23:35,322 - project.config.screen_config - INFO - 最终像素坐标: Point2D(361.329216, 33.326562)
2025-09-17 18:23:35,322 - project.core.fitting.main - INFO - -----------------------------------------------
2025-09-17 18:23:35,323 - project.core.fitting.main - INFO - right 视线焦点: Point2D(361.329216, 33.326562)
2025-09-17 18:23:35,323 - project.core.fitting.main - INFO - -----------------------------------------------
2025-09-17 18:23:35,404 - project.data.data_manager - WARNING - 非RGB-D摄像头，使用默认深度图
2025-09-17 18:23:35,527 - project.core.recognition.detector - INFO - 提取到 478 个关键点
2025-09-17 18:23:35,530 - project.core.recognition.landmark_extractor - INFO - 关键点验证通过
2025-09-17 18:23:35,530 - project.core.recognition.detector - INFO - 关键点验证结果: True
2025-09-17 18:23:35,535 - project.core.recognition.detector - INFO - 人脸检测成功，提取到 478 个关键点
2025-09-17 18:23:35,536 - project.core.recognition.main - INFO - 人脸检测成功
2025-09-17 18:23:35,551 - project.data.data_manager - INFO - RecgFitDataManager初始化 - debug_log: True, key_coordinates: True
2025-09-17 18:23:35,552 - project.data.data_manager - INFO - RecgFitDataManager初始化完成
2025-09-17 18:23:35,553 - __main__ - INFO - 收到识别完成信号，开始拟合...
2025-09-17 18:23:35,554 - __main__ - INFO - 开始拟合frame_id: 39
2025-09-17 18:23:35,554 - __main__ - INFO - 等待识别完成信号...
2025-09-17 18:23:35,557 - root - INFO - 数据质量: {'point_count': 17, 'fitting_point_count': 5, 'constraint_point_count': 12, 'visibility': 0.9851622369665539}
2025-09-17 18:23:35,558 - root - INFO - 选择策略: high_quality
2025-09-17 18:23:35,560 - root - INFO - 虹膜点拟合外接圆，圆心：[  2.47048936  14.0098619  401.02895349]，半径：5.997483324967412
2025-09-17 18:23:35,579 - root - INFO - 数据质量: {'point_count': 17, 'fitting_point_count': 5, 'constraint_point_count': 12, 'visibility': 1.0}
2025-09-17 18:23:35,580 - root - INFO - 选择策略: high_quality
2025-09-17 18:23:35,581 - root - INFO - 虹膜点拟合外接圆，圆心：[ 63.63325031  12.50892012 400.72438121]，半径：8.42477353866264
2025-09-17 18:23:35,592 - project.core.fitting.main - INFO - ==============================================
2025-09-17 18:23:35,593 - project.core.fitting.main - INFO - 拟合结果:
2025-09-17 18:23:35,594 - project.core.fitting.main - INFO -   LEFT 眼: 拟合结果：
 球心：[ -0.49968993  14.50814719 410.47978687]
 半径：12.32102815358233
 置信度：0.86206591468559
 收敛：True
 迭代次数：4
 最终残差范数：1.398876129552713
 最终delta范数：0.000880748652591285
 使用策略：lm
2025-09-17 18:23:35,595 - project.core.fitting.main - INFO -   RIGHT 眼: 拟合结果：
 球心：[ 65.41605158  14.07335078 409.99792572]
 半径：12.336343821123613
 置信度：0.8690478097222271
 收敛：True
 迭代次数：3
 最终残差范数：1.2549496398234425
 最终delta范数：0.05500437574231173
 使用策略：lm
2025-09-17 18:23:35,595 - project.core.fitting.main - INFO - ==============================================
2025-09-17 18:23:35,596 - project.config.screen_config - INFO - 瞳孔位置: Point3D(-0.510, 14.118, 400.687)
2025-09-17 18:23:35,596 - project.config.screen_config - INFO - 眼球位置: Point3D(-0.500, 14.508, 410.480)
2025-09-17 18:23:35,596 - project.config.screen_config - INFO - 视线方向: Point3D(-0.011, -0.390, -9.793)
2025-09-17 18:23:35,597 - project.config.screen_config - INFO - 交点坐标: [-0.94720455 -1.85150213  0.        ]
2025-09-17 18:23:35,599 - project.config.screen_config - WARNING - 交点超出屏幕边界，已裁剪: Point2D(724.546582, -21.924807) -> Point2D(724.546582, 0.000000)
2025-09-17 18:23:35,599 - project.config.screen_config - INFO - 最终像素坐标: Point2D(724.546582, 0.000000)
2025-09-17 18:23:35,599 - project.core.fitting.main - INFO - -----------------------------------------------
2025-09-17 18:23:35,600 - project.core.fitting.main - INFO - left 视线焦点: Point2D(724.546582, 0.000000)
2025-09-17 18:23:35,600 - project.core.fitting.main - INFO - -----------------------------------------------
2025-09-17 18:23:35,600 - project.config.screen_config - INFO - 瞳孔位置: Point3D(65.182, 13.863, 400.464)
2025-09-17 18:23:35,600 - project.config.screen_config - INFO - 眼球位置: Point3D(65.416, 14.073, 409.998)
2025-09-17 18:23:35,600 - project.config.screen_config - INFO - 视线方向: Point3D(-0.234, -0.210, -9.533)
2025-09-17 18:23:35,601 - project.config.screen_config - INFO - 交点坐标: [55.36400396  5.04446376  0.        ]
2025-09-17 18:23:35,602 - project.config.screen_config - INFO - 最终像素坐标: Point2D(454.252781, 0.142284)
2025-09-17 18:23:35,602 - project.core.fitting.main - INFO - -----------------------------------------------
2025-09-17 18:23:35,603 - project.core.fitting.main - INFO - right 视线焦点: Point2D(454.252781, 0.142284)
2025-09-17 18:23:35,603 - project.core.fitting.main - INFO - -----------------------------------------------
2025-09-17 18:23:35,683 - project.data.data_manager - WARNING - 非RGB-D摄像头，使用默认深度图
2025-09-17 18:23:35,808 - project.core.recognition.detector - INFO - 提取到 478 个关键点
2025-09-17 18:23:35,812 - project.core.recognition.landmark_extractor - INFO - 关键点验证通过
2025-09-17 18:23:35,813 - project.core.recognition.detector - INFO - 关键点验证结果: True
2025-09-17 18:23:35,821 - project.core.recognition.detector - INFO - 人脸检测成功，提取到 478 个关键点
2025-09-17 18:23:35,822 - project.core.recognition.main - INFO - 人脸检测成功
2025-09-17 18:23:35,839 - project.data.data_manager - INFO - RecgFitDataManager初始化 - debug_log: True, key_coordinates: True
2025-09-17 18:23:35,840 - project.data.data_manager - INFO - RecgFitDataManager初始化完成
2025-09-17 18:23:35,841 - __main__ - INFO - 收到识别完成信号，开始拟合...
2025-09-17 18:23:35,841 - __main__ - INFO - 开始拟合frame_id: 40
2025-09-17 18:23:35,841 - __main__ - INFO - 等待识别完成信号...
2025-09-17 18:23:35,842 - root - INFO - 数据质量: {'point_count': 17, 'fitting_point_count': 5, 'constraint_point_count': 12, 'visibility': 0.978953464813851}
2025-09-17 18:23:35,843 - root - INFO - 选择策略: high_quality
2025-09-17 18:23:35,843 - root - INFO - 虹膜点拟合外接圆，圆心：[-3.24614115e-02  1.45707951e+01  4.00761455e+02]，半径：3.9768665876163354
2025-09-17 18:23:35,859 - root - INFO - 数据质量: {'point_count': 17, 'fitting_point_count': 5, 'constraint_point_count': 12, 'visibility': 1.0}
2025-09-17 18:23:35,860 - root - INFO - 选择策略: high_quality
2025-09-17 18:23:35,861 - root - INFO - 虹膜点拟合外接圆，圆心：[ 64.36843792  13.41205438 400.35799146]，半径：7.050756814907355
2025-09-17 18:23:35,880 - project.core.fitting.main - INFO - ==============================================
2025-09-17 18:23:35,881 - project.core.fitting.main - INFO - 拟合结果:
2025-09-17 18:23:35,882 - project.core.fitting.main - INFO -   LEFT 眼: 拟合结果：
 球心：[ -1.11108052  15.98980616 410.47047363]
 半径：12.326275875295842
 置信度：0.8806800803200029
 收敛：True
 迭代次数：4
 最终残差范数：1.1282027007218756
 最终delta范数：0.0016024491323049896
 使用策略：lm
2025-09-17 18:23:35,883 - project.core.fitting.main - INFO -   RIGHT 眼: 拟合结果：
 球心：[ 64.38969773  15.36637623 409.95504194]
 半径：12.344221614172572
 置信度：0.8613389456128903
 收敛：True
 迭代次数：4
 最终残差范数：1.3228507559486582
 最终delta范数：0.001966194826650492
 使用策略：lm
2025-09-17 18:23:35,883 - project.core.fitting.main - INFO - ==============================================
2025-09-17 18:23:35,884 - project.config.screen_config - INFO - 瞳孔位置: Point3D(-1.311, 15.919, 400.840)
2025-09-17 18:23:35,885 - project.config.screen_config - INFO - 眼球位置: Point3D(-1.111, 15.990, 410.470)
2025-09-17 18:23:35,886 - project.config.screen_config - INFO - 视线方向: Point3D(-0.200, -0.071, -9.630)
2025-09-17 18:23:35,887 - project.config.screen_config - INFO - 交点坐标: [-9.61470553 12.97074056  0.        ]
2025-09-17 18:23:35,888 - project.config.screen_config - INFO - 最终像素坐标: Point2D(766.150587, 25.506370)
2025-09-17 18:23:35,888 - project.core.fitting.main - INFO - -----------------------------------------------
2025-09-17 18:23:35,889 - project.core.fitting.main - INFO - left 视线焦点: Point2D(766.150587, 25.506370)
2025-09-17 18:23:35,889 - project.core.fitting.main - INFO - -----------------------------------------------
2025-09-17 18:23:35,889 - project.config.screen_config - INFO - 瞳孔位置: Point3D(64.287, 15.928, 400.585)
2025-09-17 18:23:35,890 - project.config.screen_config - INFO - 眼球位置: Point3D(64.390, 15.366, 409.955)
2025-09-17 18:23:35,890 - project.config.screen_config - INFO - 视线方向: Point3D(-0.103, 0.562, -9.370)
2025-09-17 18:23:35,890 - project.config.screen_config - INFO - 交点坐标: [5.98803242e+01 3.99477020e+01 5.68434189e-14]
2025-09-17 18:23:35,891 - project.config.screen_config - INFO - 最终像素坐标: Point2D(432.574444, 111.832646)
2025-09-17 18:23:35,891 - project.core.fitting.main - INFO - -----------------------------------------------
2025-09-17 18:23:35,892 - project.core.fitting.main - INFO - right 视线焦点: Point2D(432.574444, 111.832646)
2025-09-17 18:23:35,892 - project.core.fitting.main - INFO - -----------------------------------------------
2025-09-17 18:23:35,952 - project.data.data_manager - WARNING - 非RGB-D摄像头，使用默认深度图
2025-09-17 18:23:36,081 - project.core.recognition.detector - INFO - 提取到 478 个关键点
2025-09-17 18:23:36,086 - project.core.recognition.landmark_extractor - INFO - 关键点验证通过
2025-09-17 18:23:36,086 - project.core.recognition.detector - INFO - 关键点验证结果: True
2025-09-17 18:23:36,096 - project.core.recognition.detector - INFO - 人脸检测成功，提取到 478 个关键点
2025-09-17 18:23:36,099 - project.core.recognition.main - INFO - 人脸检测成功
2025-09-17 18:23:36,120 - project.data.data_manager - INFO - RecgFitDataManager初始化 - debug_log: True, key_coordinates: True
2025-09-17 18:23:36,121 - project.data.data_manager - INFO - RecgFitDataManager初始化完成
2025-09-17 18:23:36,122 - __main__ - INFO - 收到识别完成信号，开始拟合...
2025-09-17 18:23:36,123 - __main__ - INFO - 开始拟合frame_id: 41
2025-09-17 18:23:36,124 - __main__ - INFO - 等待识别完成信号...
2025-09-17 18:23:36,125 - root - INFO - 数据质量: {'point_count': 17, 'fitting_point_count': 5, 'constraint_point_count': 12, 'visibility': 0.9772598613096721}
2025-09-17 18:23:36,126 - root - INFO - 选择策略: high_quality
2025-09-17 18:23:36,127 - root - INFO - 虹膜点拟合外接圆，圆心：[ -4.29583838  16.06187255 401.14459395]，半径：5.652043583051058
2025-09-17 18:23:36,146 - root - INFO - 数据质量: {'point_count': 17, 'fitting_point_count': 5, 'constraint_point_count': 12, 'visibility': 1.0}
2025-09-17 18:23:36,147 - root - INFO - 选择策略: high_quality
2025-09-17 18:23:36,148 - root - INFO - 虹膜点拟合外接圆，圆心：[ 64.73228616  17.99731155 400.52843094]，半径：6.934023442482656
2025-09-17 18:23:36,165 - project.core.fitting.main - INFO - ==============================================
2025-09-17 18:23:36,166 - project.core.fitting.main - INFO - 拟合结果:
2025-09-17 18:23:36,167 - project.core.fitting.main - INFO -   LEFT 眼: 拟合结果：
 球心：[ -1.49118021  16.025601   410.84152573]
 半径：12.327793157874742
 置信度：0.8812190283041461
 收敛：True
 迭代次数：4
 最终残差范数：1.1136718891372566
 最终delta范数：0.0004732558362158915
 使用策略：lm
2025-09-17 18:23:36,167 - project.core.fitting.main - INFO -   RIGHT 眼: 拟合结果：
 球心：[ 64.89943389  15.78422947 410.02441836]
 半径：12.332834830869523
 置信度：0.8764932130083043
 收敛：True
 迭代次数：4
 最终残差范数：1.1630505584259396
 最终delta范数：0.0017274452986456722
 使用策略：lm
2025-09-17 18:23:36,168 - project.core.fitting.main - INFO - ==============================================
2025-09-17 18:23:36,168 - project.config.screen_config - INFO - 瞳孔位置: Point3D(-1.456, 16.033, 401.237)
2025-09-17 18:23:36,169 - project.config.screen_config - INFO - 眼球位置: Point3D(-1.491, 16.026, 410.842)
2025-09-17 18:23:36,169 - project.config.screen_config - INFO - 视线方向: Point3D(0.035, 0.008, -9.605)
2025-09-17 18:23:36,171 - project.config.screen_config - INFO - 交点坐标: [1.38383024e-02 1.63587913e+01 0.00000000e+00]
2025-09-17 18:23:36,172 - project.config.screen_config - INFO - 最终像素坐标: Point2D(719.933576, 36.348132)
2025-09-17 18:23:36,172 - project.core.fitting.main - INFO - -----------------------------------------------
2025-09-17 18:23:36,173 - project.core.fitting.main - INFO - left 视线焦点: Point2D(719.933576, 36.348132)
2025-09-17 18:23:36,173 - project.core.fitting.main - INFO - -----------------------------------------------
2025-09-17 18:23:36,173 - project.config.screen_config - INFO - 瞳孔位置: Point3D(64.802, 15.553, 400.480)
2025-09-17 18:23:36,174 - project.config.screen_config - INFO - 眼球位置: Point3D(64.899, 15.784, 410.024)
2025-09-17 18:23:36,174 - project.config.screen_config - INFO - 视线方向: Point3D(-0.097, -0.231, -9.544)
2025-09-17 18:23:36,175 - project.config.screen_config - INFO - 交点坐标: [60.72730791  5.85345531  0.        ]
2025-09-17 18:23:36,176 - project.config.screen_config - INFO - 最终像素坐标: Point2D(428.508922, 2.731057)
2025-09-17 18:23:36,176 - project.core.fitting.main - INFO - -----------------------------------------------
2025-09-17 18:23:36,176 - project.core.fitting.main - INFO - right 视线焦点: Point2D(428.508922, 2.731057)
2025-09-17 18:23:36,176 - project.core.fitting.main - INFO - -----------------------------------------------
2025-09-17 18:23:36,236 - project.data.data_manager - WARNING - 非RGB-D摄像头，使用默认深度图
2025-09-17 18:23:36,385 - project.core.recognition.detector - INFO - 提取到 478 个关键点
2025-09-17 18:23:36,393 - project.core.recognition.landmark_extractor - INFO - 关键点验证通过
2025-09-17 18:23:36,394 - project.core.recognition.detector - INFO - 关键点验证结果: True
2025-09-17 18:23:36,409 - project.core.recognition.detector - INFO - 人脸检测成功，提取到 478 个关键点
2025-09-17 18:23:36,411 - project.core.recognition.main - INFO - 人脸检测成功
2025-09-17 18:23:36,430 - project.data.data_manager - INFO - RecgFitDataManager初始化 - debug_log: True, key_coordinates: True
2025-09-17 18:23:36,431 - project.data.data_manager - INFO - RecgFitDataManager初始化完成
2025-09-17 18:23:36,432 - __main__ - INFO - 收到识别完成信号，开始拟合...
2025-09-17 18:23:36,432 - __main__ - INFO - 开始拟合frame_id: 42
2025-09-17 18:23:36,433 - __main__ - INFO - 等待识别完成信号...
2025-09-17 18:23:36,435 - root - INFO - 数据质量: {'point_count': 17, 'fitting_point_count': 5, 'constraint_point_count': 12, 'visibility': 0.9820689684645572}
2025-09-17 18:23:36,437 - root - INFO - 选择策略: high_quality
2025-09-17 18:23:36,439 - root - INFO - 虹膜点拟合外接圆，圆心：[ -2.83928208  13.1941256  400.9616673 ]，半径：6.3926117478459545
2025-09-17 18:23:36,456 - root - INFO - 数据质量: {'point_count': 17, 'fitting_point_count': 5, 'constraint_point_count': 12, 'visibility': 1.0}
2025-09-17 18:23:36,456 - root - INFO - 选择策略: high_quality
2025-09-17 18:23:36,457 - root - INFO - 虹膜点拟合外接圆，圆心：[ 62.02705672  16.41806327 400.57784319]，半径：5.140951958627168
2025-09-17 18:23:36,478 - project.core.fitting.main - INFO - ==============================================
2025-09-17 18:23:36,479 - project.core.fitting.main - INFO - 拟合结果:
2025-09-17 18:23:36,481 - project.core.fitting.main - INFO -   LEFT 眼: 拟合结果：
 球心：[ -2.66794384  15.32558377 410.56397678]
 半径：12.321765410954713
 置信度：0.8706165386855619
 收敛：True
 迭代次数：4
 最终残差范数：1.2891818187100619
 最终delta范数：0.002036033986357525
 使用策略：lm
2025-09-17 18:23:36,482 - project.core.fitting.main - INFO -   RIGHT 眼: 拟合结果：
 球心：[ 63.70200067  15.43811072 409.9603188 ]
 半径：12.340871498133662
 置信度：0.8497862378266445
 收敛：True
 迭代次数：4
 最终残差范数：1.4728583040309717
 最终delta范数：0.0028188070056087695
 使用策略：lm
2025-09-17 18:23:36,483 - project.core.fitting.main - INFO - ==============================================
2025-09-17 18:23:36,484 - project.config.screen_config - INFO - 瞳孔位置: Point3D(-2.615, 15.757, 400.815)
2025-09-17 18:23:36,485 - project.config.screen_config - INFO - 眼球位置: Point3D(-2.668, 15.326, 410.564)
2025-09-17 18:23:36,486 - project.config.screen_config - INFO - 视线方向: Point3D(0.053, 0.431, -9.749)
2025-09-17 18:23:36,488 - project.config.screen_config - INFO - 交点坐标: [-4.20164144e-01  3.34815049e+01  5.68434189e-14]
2025-09-17 18:23:36,491 - project.config.screen_config - INFO - 最终像素坐标: Point2D(722.016788, 91.140816)
2025-09-17 18:23:36,492 - project.core.fitting.main - INFO - -----------------------------------------------
2025-09-17 18:23:36,492 - project.core.fitting.main - INFO - left 视线焦点: Point2D(722.016788, 91.140816)
2025-09-17 18:23:36,492 - project.core.fitting.main - INFO - -----------------------------------------------
2025-09-17 18:23:36,493 - project.config.screen_config - INFO - 瞳孔位置: Point3D(63.671, 15.289, 400.426)
2025-09-17 18:23:36,494 - project.config.screen_config - INFO - 眼球位置: Point3D(63.702, 15.438, 409.960)
2025-09-17 18:23:36,494 - project.config.screen_config - INFO - 视线方向: Point3D(-0.031, -0.149, -9.535)
2025-09-17 18:23:36,496 - project.config.screen_config - INFO - 交点坐标: [62.3655016   9.04596395  0.        ]
2025-09-17 18:23:36,498 - project.config.screen_config - INFO - 最终像素坐标: Point2D(420.645592, 12.947085)
2025-09-17 18:23:36,498 - project.core.fitting.main - INFO - -----------------------------------------------
2025-09-17 18:23:36,499 - project.core.fitting.main - INFO - right 视线焦点: Point2D(420.645592, 12.947085)
2025-09-17 18:23:36,500 - project.core.fitting.main - INFO - -----------------------------------------------
2025-09-17 18:23:36,549 - project.data.data_manager - WARNING - 非RGB-D摄像头，使用默认深度图
2025-09-17 18:23:36,685 - project.core.recognition.detector - INFO - 提取到 478 个关键点
2025-09-17 18:23:36,689 - project.core.recognition.landmark_extractor - INFO - 关键点验证通过
2025-09-17 18:23:36,689 - project.core.recognition.detector - INFO - 关键点验证结果: True
2025-09-17 18:23:36,698 - project.core.recognition.detector - INFO - 人脸检测成功，提取到 478 个关键点
2025-09-17 18:23:36,698 - project.core.recognition.main - INFO - 人脸检测成功
2025-09-17 18:23:36,711 - project.data.data_manager - INFO - RecgFitDataManager初始化 - debug_log: True, key_coordinates: True
2025-09-17 18:23:36,712 - project.data.data_manager - INFO - RecgFitDataManager初始化完成
2025-09-17 18:23:36,713 - __main__ - INFO - 收到识别完成信号，开始拟合...
2025-09-17 18:23:36,713 - __main__ - INFO - 开始拟合frame_id: 43
2025-09-17 18:23:36,714 - __main__ - INFO - 等待识别完成信号...
2025-09-17 18:23:36,717 - root - INFO - 数据质量: {'point_count': 17, 'fitting_point_count': 5, 'constraint_point_count': 12, 'visibility': 0.9866220015905107}
2025-09-17 18:23:36,718 - root - INFO - 选择策略: high_quality
2025-09-17 18:23:36,719 - root - INFO - 虹膜点拟合外接圆，圆心：[ -5.03177905  14.5820886  401.06775612]，半径：4.142564076974558
2025-09-17 18:23:36,738 - root - INFO - 数据质量: {'point_count': 17, 'fitting_point_count': 5, 'constraint_point_count': 12, 'visibility': 1.0}
2025-09-17 18:23:36,738 - root - INFO - 选择策略: high_quality
2025-09-17 18:23:36,739 - root - INFO - 虹膜点拟合外接圆，圆心：[ 61.59525501  13.75276187 400.45110881]，半径：8.391335163243799
2025-09-17 18:23:36,755 - project.core.fitting.main - INFO - ==============================================
2025-09-17 18:23:36,756 - project.core.fitting.main - INFO - 拟合结果:
2025-09-17 18:23:36,757 - project.core.fitting.main - INFO -   LEFT 眼: 拟合结果：
 球心：[ -2.88414135  15.3078289  410.52607892]
 半径：12.328747137546028
 置信度：0.8795038096075252
 收敛：True
 迭代次数：4
 最终残差范数：1.123710376597997
 最终delta范数：0.0012738661542253205
 使用策略：lm
2025-09-17 18:23:36,758 - project.core.fitting.main - INFO -   RIGHT 眼: 拟合结果：
 球心：[ 62.98705273  15.03242344 409.96077374]
 半径：12.347477170642595
 置信度：0.8734388946022792
 收敛：True
 迭代次数：3
 最终残差范数：1.1594991003408135
 最终delta范数：0.04378175701470158
 使用策略：lm
2025-09-17 18:23:36,759 - project.core.fitting.main - INFO - ==============================================
2025-09-17 18:23:36,760 - project.config.screen_config - INFO - 瞳孔位置: Point3D(-3.370, 15.847, 401.006)
2025-09-17 18:23:36,761 - project.config.screen_config - INFO - 眼球位置: Point3D(-2.884, 15.308, 410.526)
2025-09-17 18:23:36,762 - project.config.screen_config - INFO - 视线方向: Point3D(-0.486, 0.539, -9.520)
2025-09-17 18:23:36,763 - project.config.screen_config - INFO - 交点坐标: [-23.8251949   38.57076592   0.        ]
2025-09-17 18:23:36,765 - project.config.screen_config - INFO - 最终像素坐标: Point2D(834.360936, 107.426451)
2025-09-17 18:23:36,765 - project.core.fitting.main - INFO - -----------------------------------------------
2025-09-17 18:23:36,765 - project.core.fitting.main - INFO - left 视线焦点: Point2D(834.360936, 107.426451)
2025-09-17 18:23:36,766 - project.core.fitting.main - INFO - -----------------------------------------------
2025-09-17 18:23:36,767 - project.config.screen_config - INFO - 瞳孔位置: Point3D(63.183, 15.114, 400.700)
2025-09-17 18:23:36,767 - project.config.screen_config - INFO - 眼球位置: Point3D(62.987, 15.032, 409.961)
2025-09-17 18:23:36,767 - project.config.screen_config - INFO - 视线方向: Point3D(0.196, 0.082, -9.261)
2025-09-17 18:23:36,769 - project.config.screen_config - INFO - 交点坐标: [71.68123433 18.65074135  0.        ]
2025-09-17 18:23:36,770 - project.config.screen_config - INFO - 最终像素坐标: Point2D(375.930075, 43.682372)
2025-09-17 18:23:36,772 - project.core.fitting.main - INFO - -----------------------------------------------
2025-09-17 18:23:36,772 - project.core.fitting.main - INFO - right 视线焦点: Point2D(375.930075, 43.682372)
2025-09-17 18:23:36,773 - project.core.fitting.main - INFO - -----------------------------------------------
2025-09-17 18:23:36,844 - project.data.data_manager - WARNING - 非RGB-D摄像头，使用默认深度图
2025-09-17 18:23:36,970 - project.core.recognition.detector - INFO - 提取到 478 个关键点
2025-09-17 18:23:36,978 - project.core.recognition.landmark_extractor - INFO - 关键点验证通过
2025-09-17 18:23:36,978 - project.core.recognition.detector - INFO - 关键点验证结果: True
2025-09-17 18:23:36,987 - project.core.recognition.detector - INFO - 人脸检测成功，提取到 478 个关键点
2025-09-17 18:23:36,989 - project.core.recognition.main - INFO - 人脸检测成功
2025-09-17 18:23:37,001 - project.data.data_manager - INFO - RecgFitDataManager初始化 - debug_log: True, key_coordinates: True
2025-09-17 18:23:37,002 - project.data.data_manager - INFO - RecgFitDataManager初始化完成
2025-09-17 18:23:37,003 - __main__ - INFO - 收到识别完成信号，开始拟合...
2025-09-17 18:23:37,003 - __main__ - INFO - 开始拟合frame_id: 44
2025-09-17 18:23:37,003 - __main__ - INFO - 等待识别完成信号...
2025-09-17 18:23:37,005 - root - INFO - 数据质量: {'point_count': 17, 'fitting_point_count': 5, 'constraint_point_count': 12, 'visibility': 0.9898826268865427}
2025-09-17 18:23:37,006 - root - INFO - 选择策略: high_quality
2025-09-17 18:23:37,007 - root - INFO - 虹膜点拟合外接圆，圆心：[ -1.41372994  14.44079321 401.1394158 ]，半径：6.650521490053007
2025-09-17 18:23:37,018 - root - INFO - 数据质量: {'point_count': 17, 'fitting_point_count': 5, 'constraint_point_count': 12, 'visibility': 1.0}
2025-09-17 18:23:37,019 - root - INFO - 选择策略: high_quality
2025-09-17 18:23:37,020 - root - INFO - 虹膜点拟合外接圆，圆心：[ 60.14128517  14.97705376 400.48882365]，半径：6.057477568765571
2025-09-17 18:23:37,032 - project.core.fitting.main - INFO - ==============================================
2025-09-17 18:23:37,032 - project.core.fitting.main - INFO - 拟合结果:
2025-09-17 18:23:37,033 - project.core.fitting.main - INFO -   LEFT 眼: 拟合结果：
 球心：[ -2.69424721  15.93914719 410.47138821]
 半径：12.319790405999266
 置信度：0.8617176954769125
 收敛：True
 迭代次数：4
 最终残差范数：1.4012866060770892
 最终delta范数：0.001112776039630365
 使用策略：lm
2025-09-17 18:23:37,033 - project.core.fitting.main - INFO -   RIGHT 眼: 拟合结果：
 球心：[ 63.48156866  14.66250073 409.9159735 ]
 半径：12.347449760931317
 置信度：0.8704868707905575
 收敛：True
 迭代次数：4
 最终残差范数：1.198397149820179
 最终delta范数：0.0021093846574677046
 使用策略：lm
2025-09-17 18:23:37,033 - project.core.fitting.main - INFO - ==============================================
2025-09-17 18:23:37,034 - project.config.screen_config - INFO - 瞳孔位置: Point3D(-2.824, 15.843, 400.679)
2025-09-17 18:23:37,034 - project.config.screen_config - INFO - 眼球位置: Point3D(-2.694, 15.939, 410.471)
2025-09-17 18:23:37,034 - project.config.screen_config - INFO - 视线方向: Point3D(-0.130, -0.096, -9.792)
2025-09-17 18:23:37,035 - project.config.screen_config - INFO - 交点坐标: [-8.14716225 11.92109764  0.        ]
2025-09-17 18:23:37,035 - project.config.screen_config - INFO - 最终像素坐标: Point2D(759.106379, 22.147512)
2025-09-17 18:23:37,036 - project.core.fitting.main - INFO - -----------------------------------------------
2025-09-17 18:23:37,036 - project.core.fitting.main - INFO - left 视线焦点: Point2D(759.106379, 22.147512)
2025-09-17 18:23:37,036 - project.core.fitting.main - INFO - -----------------------------------------------
2025-09-17 18:23:37,037 - project.config.screen_config - INFO - 瞳孔位置: Point3D(63.472, 15.133, 400.658)
2025-09-17 18:23:37,037 - project.config.screen_config - INFO - 眼球位置: Point3D(63.482, 14.663, 409.916)
2025-09-17 18:23:37,037 - project.config.screen_config - INFO - 视线方向: Point3D(-0.009, 0.471, -9.258)
2025-09-17 18:23:37,038 - project.config.screen_config - INFO - 交点坐标: [63.07131838 35.51309153  0.        ]
2025-09-17 18:23:37,038 - project.config.screen_config - INFO - 最终像素坐标: Point2D(417.257672, 97.641893)
2025-09-17 18:23:37,038 - project.core.fitting.main - INFO - -----------------------------------------------
2025-09-17 18:23:37,039 - project.core.fitting.main - INFO - right 视线焦点: Point2D(417.257672, 97.641893)
2025-09-17 18:23:37,039 - project.core.fitting.main - INFO - -----------------------------------------------
2025-09-17 18:23:37,113 - project.data.data_manager - WARNING - 非RGB-D摄像头，使用默认深度图
2025-09-17 18:23:37,229 - project.core.recognition.detector - INFO - 提取到 478 个关键点
2025-09-17 18:23:37,231 - project.core.recognition.landmark_extractor - INFO - 关键点验证通过
2025-09-17 18:23:37,231 - project.core.recognition.detector - INFO - 关键点验证结果: True
2025-09-17 18:23:37,236 - project.core.recognition.detector - INFO - 人脸检测成功，提取到 478 个关键点
2025-09-17 18:23:37,237 - project.core.recognition.main - INFO - 人脸检测成功
2025-09-17 18:23:37,249 - project.data.data_manager - INFO - RecgFitDataManager初始化 - debug_log: True, key_coordinates: True
2025-09-17 18:23:37,250 - project.data.data_manager - INFO - RecgFitDataManager初始化完成
2025-09-17 18:23:37,250 - __main__ - INFO - 收到识别完成信号，开始拟合...
2025-09-17 18:23:37,250 - __main__ - INFO - 开始拟合frame_id: 45
2025-09-17 18:23:37,250 - __main__ - INFO - 等待识别完成信号...
2025-09-17 18:23:37,252 - root - INFO - 数据质量: {'point_count': 17, 'fitting_point_count': 5, 'constraint_point_count': 12, 'visibility': 0.9854185584820387}
2025-09-17 18:23:37,252 - root - INFO - 选择策略: high_quality
2025-09-17 18:23:37,254 - root - INFO - 虹膜点拟合外接圆，圆心：[ -4.36543921  14.35774349 401.26936883]，半径：6.556812760109592
2025-09-17 18:23:37,266 - root - INFO - 数据质量: {'point_count': 17, 'fitting_point_count': 5, 'constraint_point_count': 12, 'visibility': 1.0}
2025-09-17 18:23:37,267 - root - INFO - 选择策略: high_quality
2025-09-17 18:23:37,268 - root - INFO - 虹膜点拟合外接圆，圆心：[ 65.34759505  13.6440372  400.69924295]，半径：4.215431082407544
2025-09-17 18:23:37,281 - project.core.fitting.main - INFO - ==============================================
2025-09-17 18:23:37,282 - project.core.fitting.main - INFO - 拟合结果:
2025-09-17 18:23:37,283 - project.core.fitting.main - INFO -   LEFT 眼: 拟合结果：
 球心：[ -2.83449675  15.80254873 410.62411961]
 半径：12.310456086411303
 置信度：0.8562964288011405
 收敛：True
 迭代次数：4
 最终残差范数：1.5351074610295763
 最终delta范数：0.0012764548643126542
 使用策略：lm
2025-09-17 18:23:37,284 - project.core.fitting.main - INFO -   RIGHT 眼: 拟合结果：
 球心：[ 63.65737215  14.61291033 409.95761815]
 半径：12.332554068472257
 置信度：0.8664115754022585
 收敛：True
 迭代次数：4
 最终残差范数：1.3021739585461654
 最终delta范数：0.0011475146888311038
 使用策略：lm
2025-09-17 18:23:37,284 - project.core.fitting.main - INFO - ==============================================
2025-09-17 18:23:37,285 - project.config.screen_config - INFO - 瞳孔位置: Point3D(-2.702, 15.585, 400.584)
2025-09-17 18:23:37,285 - project.config.screen_config - INFO - 眼球位置: Point3D(-2.834, 15.803, 410.624)
2025-09-17 18:23:37,285 - project.config.screen_config - INFO - 视线方向: Point3D(0.132, -0.218, -10.040)
2025-09-17 18:23:37,286 - project.config.screen_config - INFO - 交点坐标: [2.57197458e+00 6.89922730e+00 5.68434189e-14]
2025-09-17 18:23:37,286 - project.config.screen_config - INFO - 最终像素坐标: Point2D(707.654522, 6.077527)
2025-09-17 18:23:37,287 - project.core.fitting.main - INFO - -----------------------------------------------
2025-09-17 18:23:37,287 - project.core.fitting.main - INFO - left 视线焦点: Point2D(707.654522, 6.077527)
2025-09-17 18:23:37,288 - project.core.fitting.main - INFO - -----------------------------------------------
2025-09-17 18:23:37,288 - project.config.screen_config - INFO - 瞳孔位置: Point3D(63.506, 14.849, 400.348)
2025-09-17 18:23:37,288 - project.config.screen_config - INFO - 眼球位置: Point3D(63.657, 14.613, 409.958)
2025-09-17 18:23:37,288 - project.config.screen_config - INFO - 视线方向: Point3D(-0.151, 0.236, -9.609)
2025-09-17 18:23:37,289 - project.config.screen_config - INFO - 交点坐标: [57.20334163 24.69076122  0.        ]
2025-09-17 18:23:37,290 - project.config.screen_config - INFO - 最终像素坐标: Point2D(445.423960, 63.010436)
2025-09-17 18:23:37,290 - project.core.fitting.main - INFO - -----------------------------------------------
2025-09-17 18:23:37,290 - project.core.fitting.main - INFO - right 视线焦点: Point2D(445.423960, 63.010436)
2025-09-17 18:23:37,291 - project.core.fitting.main - INFO - -----------------------------------------------
2025-09-17 18:23:37,360 - project.data.data_manager - WARNING - 非RGB-D摄像头，使用默认深度图
2025-09-17 18:23:37,484 - project.core.recognition.detector - INFO - 提取到 478 个关键点
2025-09-17 18:23:37,489 - project.core.recognition.landmark_extractor - INFO - 关键点验证通过
2025-09-17 18:23:37,489 - project.core.recognition.detector - INFO - 关键点验证结果: True
2025-09-17 18:23:37,498 - project.core.recognition.detector - INFO - 人脸检测成功，提取到 478 个关键点
2025-09-17 18:23:37,498 - project.core.recognition.main - INFO - 人脸检测成功
2025-09-17 18:23:37,512 - project.data.data_manager - INFO - RecgFitDataManager初始化 - debug_log: True, key_coordinates: True
2025-09-17 18:23:37,513 - project.data.data_manager - INFO - RecgFitDataManager初始化完成
2025-09-17 18:23:37,514 - __main__ - INFO - 收到识别完成信号，开始拟合...
2025-09-17 18:23:37,514 - __main__ - INFO - 开始拟合frame_id: 46
2025-09-17 18:23:37,515 - __main__ - INFO - 等待识别完成信号...
2025-09-17 18:23:37,517 - root - INFO - 数据质量: {'point_count': 17, 'fitting_point_count': 5, 'constraint_point_count': 12, 'visibility': 0.9837446115088264}
2025-09-17 18:23:37,517 - root - INFO - 选择策略: high_quality
2025-09-17 18:23:37,518 - root - INFO - 虹膜点拟合外接圆，圆心：[ -1.00165617  16.80293562 401.08625591]，半径：6.673719896100132
2025-09-17 18:23:37,531 - root - INFO - 数据质量: {'point_count': 17, 'fitting_point_count': 5, 'constraint_point_count': 12, 'visibility': 1.0}
2025-09-17 18:23:37,532 - root - INFO - 选择策略: high_quality
2025-09-17 18:23:37,532 - root - INFO - 虹膜点拟合外接圆，圆心：[ 65.28227504  16.04346586 400.6338194 ]，半径：4.1442757756627655
2025-09-17 18:23:37,545 - project.core.fitting.main - INFO - ==============================================
2025-09-17 18:23:37,545 - project.core.fitting.main - INFO - 拟合结果:
2025-09-17 18:23:37,546 - project.core.fitting.main - INFO -   LEFT 眼: 拟合结果：
 球心：[ -2.65209116  15.54479376 410.47629601]
 半径：12.31826817239878
 置信度：0.8673907469746891
 收敛：True
 迭代次数：4
 最终残差范数：1.3442610407763758
 最终delta范数：0.0009691474018754988
 使用策略：lm
2025-09-17 18:23:37,547 - project.core.fitting.main - INFO -   RIGHT 眼: 拟合结果：
 球心：[ 63.87886258  14.80755658 409.94364124]
 半径：12.333357802316286
 置信度：0.8678032569396823
 收敛：True
 迭代次数：4
 最终残差范数：1.2831673332325102
 最终delta范数：0.0009093353371868466
 使用策略：lm
2025-09-17 18:23:37,547 - project.core.fitting.main - INFO - ==============================================
2025-09-17 18:23:37,548 - project.config.screen_config - INFO - 瞳孔位置: Point3D(-2.544, 15.619, 400.659)
2025-09-17 18:23:37,548 - project.config.screen_config - INFO - 眼球位置: Point3D(-2.652, 15.545, 410.476)
2025-09-17 18:23:37,548 - project.config.screen_config - INFO - 视线方向: Point3D(0.108, 0.074, -9.817)
2025-09-17 18:23:37,549 - project.config.screen_config - INFO - 交点坐标: [ 1.85097452 18.63962899  0.        ]
2025-09-17 18:23:37,549 - project.config.screen_config - INFO - 最终像素坐标: Point2D(711.115322, 43.646813)
2025-09-17 18:23:37,550 - project.core.fitting.main - INFO - -----------------------------------------------
2025-09-17 18:23:37,550 - project.core.fitting.main - INFO - left 视线焦点: Point2D(711.115322, 43.646813)
2025-09-17 18:23:37,550 - project.core.fitting.main - INFO - -----------------------------------------------
2025-09-17 18:23:37,550 - project.config.screen_config - INFO - 瞳孔位置: Point3D(63.567, 14.730, 400.347)
2025-09-17 18:23:37,550 - project.config.screen_config - INFO - 眼球位置: Point3D(63.879, 14.808, 409.944)
2025-09-17 18:23:37,550 - project.config.screen_config - INFO - 视线方向: Point3D(-0.312, -0.078, -9.597)
2025-09-17 18:23:37,551 - project.config.screen_config - INFO - 交点坐标: [50.54917408 11.49035263  0.        ]
2025-09-17 18:23:37,552 - project.config.screen_config - INFO - 最终像素坐标: Point2D(477.363964, 20.769128)
2025-09-17 18:23:37,552 - project.core.fitting.main - INFO - -----------------------------------------------
2025-09-17 18:23:37,552 - project.core.fitting.main - INFO - right 视线焦点: Point2D(477.363964, 20.769128)
2025-09-17 18:23:37,552 - project.core.fitting.main - INFO - -----------------------------------------------
2025-09-17 18:23:37,628 - project.data.data_manager - WARNING - 非RGB-D摄像头，使用默认深度图
2025-09-17 18:23:37,761 - project.core.recognition.detector - INFO - 提取到 478 个关键点
2025-09-17 18:23:37,765 - project.core.recognition.landmark_extractor - INFO - 关键点验证通过
2025-09-17 18:23:37,766 - project.core.recognition.detector - INFO - 关键点验证结果: True
2025-09-17 18:23:37,776 - project.core.recognition.detector - INFO - 人脸检测成功，提取到 478 个关键点
2025-09-17 18:23:37,777 - project.core.recognition.main - INFO - 人脸检测成功
2025-09-17 18:23:37,791 - project.data.data_manager - INFO - RecgFitDataManager初始化 - debug_log: True, key_coordinates: True
2025-09-17 18:23:37,793 - project.data.data_manager - INFO - RecgFitDataManager初始化完成
2025-09-17 18:23:37,794 - __main__ - INFO - 收到识别完成信号，开始拟合...
2025-09-17 18:23:37,794 - __main__ - INFO - 开始拟合frame_id: 47
2025-09-17 18:23:37,795 - __main__ - INFO - 等待识别完成信号...
2025-09-17 18:23:37,796 - root - INFO - 数据质量: {'point_count': 17, 'fitting_point_count': 5, 'constraint_point_count': 12, 'visibility': 0.9805653214125186}
2025-09-17 18:23:37,796 - root - INFO - 选择策略: high_quality
2025-09-17 18:23:37,797 - root - INFO - 虹膜点拟合外接圆，圆心：[ -3.27624799  17.06823938 401.23073757]，半径：6.607951969562919
2025-09-17 18:23:37,817 - root - INFO - 数据质量: {'point_count': 17, 'fitting_point_count': 5, 'constraint_point_count': 12, 'visibility': 1.0}
2025-09-17 18:23:37,818 - root - INFO - 选择策略: high_quality
2025-09-17 18:23:37,819 - root - INFO - 虹膜点拟合外接圆，圆心：[ 62.16143175  13.31895568 400.65644681]，半径：4.1389666533282545
2025-09-17 18:23:37,840 - project.core.fitting.main - INFO - ==============================================
2025-09-17 18:23:37,840 - project.core.fitting.main - INFO - 拟合结果:
2025-09-17 18:23:37,842 - project.core.fitting.main - INFO -   LEFT 眼: 拟合结果：
 球心：[ -1.73849573  15.17712248 410.52554737]
 半径：12.320471868140315
 置信度：0.8674472120868727
 收敛：True
 迭代次数：4
 最终残差范数：1.3287267123536657
 最终delta范数：0.0018583829837713682
 使用策略：lm
2025-09-17 18:23:37,843 - project.core.fitting.main - INFO -   RIGHT 眼: 拟合结果：
 球心：[ 63.90677672  15.07820321 409.87870066]
 半径：12.337895931030044
 置信度：0.8662444893250402
 收敛：True
 迭代次数：4
 最终残差范数：1.2851151695641874
 最终delta范数：0.0027266632593036704
 使用策略：lm
2025-09-17 18:23:37,853 - project.core.fitting.main - INFO - ==============================================
2025-09-17 18:23:37,854 - project.config.screen_config - INFO - 瞳孔位置: Point3D(-1.798, 15.757, 400.777)
2025-09-17 18:23:37,855 - project.config.screen_config - INFO - 眼球位置: Point3D(-1.738, 15.177, 410.526)
2025-09-17 18:23:37,856 - project.config.screen_config - INFO - 视线方向: Point3D(-0.060, 0.580, -9.748)
2025-09-17 18:23:37,858 - project.config.screen_config - INFO - 交点坐标: [-4.26100529 39.6045215   0.        ]
2025-09-17 18:23:37,861 - project.config.screen_config - INFO - 最终像素坐标: Point2D(740.452825, 110.734469)
2025-09-17 18:23:37,863 - project.core.fitting.main - INFO - -----------------------------------------------
2025-09-17 18:23:37,864 - project.core.fitting.main - INFO - left 视线焦点: Point2D(740.452825, 110.734469)
2025-09-17 18:23:37,864 - project.core.fitting.main - INFO - -----------------------------------------------
2025-09-17 18:23:37,865 - project.config.screen_config - INFO - 瞳孔位置: Point3D(63.734, 14.667, 400.370)
2025-09-17 18:23:37,865 - project.config.screen_config - INFO - 眼球位置: Point3D(63.907, 15.078, 409.879)
2025-09-17 18:23:37,866 - project.config.screen_config - INFO - 视线方向: Point3D(-0.173, -0.412, -9.509)
2025-09-17 18:23:37,868 - project.config.screen_config - INFO - 交点坐标: [56.45522552 -2.66256939  0.        ]
2025-09-17 18:23:37,870 - project.config.screen_config - WARNING - 交点超出屏幕边界，已裁剪: Point2D(449.014918, -24.520222) -> Point2D(449.014918, 0.000000)
2025-09-17 18:23:37,871 - project.config.screen_config - INFO - 最终像素坐标: Point2D(449.014918, 0.000000)
2025-09-17 18:23:37,872 - project.core.fitting.main - INFO - -----------------------------------------------
2025-09-17 18:23:37,872 - project.core.fitting.main - INFO - right 视线焦点: Point2D(449.014918, 0.000000)
2025-09-17 18:23:37,873 - project.core.fitting.main - INFO - -----------------------------------------------
2025-09-17 18:23:37,907 - project.data.data_manager - WARNING - 非RGB-D摄像头，使用默认深度图
2025-09-17 18:23:38,033 - project.core.recognition.detector - INFO - 提取到 478 个关键点
2025-09-17 18:23:38,038 - project.core.recognition.landmark_extractor - INFO - 关键点验证通过
2025-09-17 18:23:38,038 - project.core.recognition.detector - INFO - 关键点验证结果: True
2025-09-17 18:23:38,045 - project.core.recognition.detector - INFO - 人脸检测成功，提取到 478 个关键点
2025-09-17 18:23:38,046 - project.core.recognition.main - INFO - 人脸检测成功
2025-09-17 18:23:38,059 - project.data.data_manager - INFO - RecgFitDataManager初始化 - debug_log: True, key_coordinates: True
2025-09-17 18:23:38,060 - project.data.data_manager - INFO - RecgFitDataManager初始化完成
2025-09-17 18:23:38,061 - __main__ - INFO - 收到识别完成信号，开始拟合...
2025-09-17 18:23:38,061 - __main__ - INFO - 开始拟合frame_id: 48
2025-09-17 18:23:38,062 - __main__ - INFO - 等待识别完成信号...
2025-09-17 18:23:38,063 - root - INFO - 数据质量: {'point_count': 17, 'fitting_point_count': 5, 'constraint_point_count': 12, 'visibility': 0.983970577287191}
2025-09-17 18:23:38,065 - root - INFO - 选择策略: high_quality
2025-09-17 18:23:38,067 - root - INFO - 虹膜点拟合外接圆，圆心：[ -0.46976168  14.28606971 401.11293644]，半径：6.472541908857872
2025-09-17 18:23:38,089 - root - INFO - 数据质量: {'point_count': 17, 'fitting_point_count': 5, 'constraint_point_count': 12, 'visibility': 1.0}
2025-09-17 18:23:38,090 - root - INFO - 选择策略: high_quality
2025-09-17 18:23:38,091 - root - INFO - 虹膜点拟合外接圆，圆心：[ 62.23716848  13.63488146 400.54229647]，半径：8.644069226100106
2025-09-17 18:23:38,109 - project.core.fitting.main - INFO - ==============================================
2025-09-17 18:23:38,110 - project.core.fitting.main - INFO - 拟合结果:
2025-09-17 18:23:38,111 - project.core.fitting.main - INFO -   LEFT 眼: 拟合结果：
 球心：[ -2.25777296  15.52017909 410.51523551]
 半径：12.315603550987106
 置信度：0.8647788150978919
 收敛：True
 迭代次数：4
 最终残差范数：1.4022747598189857
 最终delta范数：0.0009517423938965662
 使用策略：lm
2025-09-17 18:23:38,112 - project.core.fitting.main - INFO -   RIGHT 眼: 拟合结果：
 球心：[ 63.80331973  15.10164255 409.86758882]
 半径：12.344261396246228
 置信度：0.8670343832242231
 收敛：True
 迭代次数：3
 最终残差范数：1.2549557072857747
 最终delta范数：0.060292385968597234
 使用策略：lm
2025-09-17 18:23:38,113 - project.core.fitting.main - INFO - ==============================================
2025-09-17 18:23:38,113 - project.config.screen_config - INFO - 瞳孔位置: Point3D(-1.816, 15.642, 400.613)
2025-09-17 18:23:38,114 - project.config.screen_config - INFO - 眼球位置: Point3D(-2.258, 15.520, 410.515)
2025-09-17 18:23:38,114 - project.config.screen_config - INFO - 视线方向: Point3D(0.442, 0.122, -9.902)
2025-09-17 18:23:38,116 - project.config.screen_config - INFO - 交点坐标: [16.06115328 20.57150337  0.        ]
2025-09-17 18:23:38,118 - project.config.screen_config - INFO - 最终像素坐标: Point2D(642.906464, 49.828811)
2025-09-17 18:23:38,118 - project.core.fitting.main - INFO - -----------------------------------------------
2025-09-17 18:23:38,119 - project.core.fitting.main - INFO - left 视线焦点: Point2D(642.906464, 49.828811)
2025-09-17 18:23:38,119 - project.core.fitting.main - INFO - -----------------------------------------------
2025-09-17 18:23:38,120 - project.config.screen_config - INFO - 瞳孔位置: Point3D(63.834, 15.023, 400.478)
2025-09-17 18:23:38,120 - project.config.screen_config - INFO - 眼球位置: Point3D(63.803, 15.102, 409.868)
2025-09-17 18:23:38,121 - project.config.screen_config - INFO - 视线方向: Point3D(0.030, -0.079, -9.390)
2025-09-17 18:23:38,122 - project.config.screen_config - INFO - 交点坐标: [65.13226777 11.66737341  0.        ]
2025-09-17 18:23:38,123 - project.config.screen_config - INFO - 最终像素坐标: Point2D(407.365115, 21.335595)
2025-09-17 18:23:38,123 - project.core.fitting.main - INFO - -----------------------------------------------
2025-09-17 18:23:38,124 - project.core.fitting.main - INFO - right 视线焦点: Point2D(407.365115, 21.335595)
2025-09-17 18:23:38,124 - project.core.fitting.main - INFO - -----------------------------------------------
2025-09-17 18:23:38,177 - project.data.data_manager - WARNING - 非RGB-D摄像头，使用默认深度图
2025-09-17 18:23:38,302 - project.core.recognition.detector - INFO - 提取到 478 个关键点
2025-09-17 18:23:38,306 - project.core.recognition.landmark_extractor - INFO - 关键点验证通过
2025-09-17 18:23:38,306 - project.core.recognition.detector - INFO - 关键点验证结果: True
2025-09-17 18:23:38,314 - project.core.recognition.detector - INFO - 人脸检测成功，提取到 478 个关键点
2025-09-17 18:23:38,314 - project.core.recognition.main - INFO - 人脸检测成功
2025-09-17 18:23:38,325 - project.data.data_manager - INFO - RecgFitDataManager初始化 - debug_log: True, key_coordinates: True
2025-09-17 18:23:38,325 - project.data.data_manager - INFO - RecgFitDataManager初始化完成
2025-09-17 18:23:38,326 - __main__ - INFO - 收到识别完成信号，开始拟合...
2025-09-17 18:23:38,326 - __main__ - INFO - 开始拟合frame_id: 49
2025-09-17 18:23:38,327 - __main__ - INFO - 等待识别完成信号...
2025-09-17 18:23:38,328 - root - INFO - 数据质量: {'point_count': 17, 'fitting_point_count': 5, 'constraint_point_count': 12, 'visibility': 0.9843168002738535}
2025-09-17 18:23:38,329 - root - INFO - 选择策略: high_quality
2025-09-17 18:23:38,330 - root - INFO - 虹膜点拟合外接圆，圆心：[  0.62756838  16.55930186 400.83448589]，半径：6.521514615515438
2025-09-17 18:23:38,345 - root - INFO - 数据质量: {'point_count': 17, 'fitting_point_count': 5, 'constraint_point_count': 12, 'visibility': 1.0}
2025-09-17 18:23:38,346 - root - INFO - 选择策略: high_quality
2025-09-17 18:23:38,347 - root - INFO - 虹膜点拟合外接圆，圆心：[ 66.01355343  15.67808655 400.4470408 ]，半径：6.663559777376019
2025-09-17 18:23:38,360 - project.core.fitting.main - INFO - ==============================================
2025-09-17 18:23:38,361 - project.core.fitting.main - INFO - 拟合结果:
2025-09-17 18:23:38,362 - project.core.fitting.main - INFO -   LEFT 眼: 拟合结果：
 球心：[ -0.9685419   15.39612478 410.45717872]
 半径：12.335527098917852
 置信度：0.8857701661947309
 收敛：True
 迭代次数：4
 最终残差范数：1.0043238961477483
 最终delta范数：0.0009732136068634252
 使用策略：lm
2025-09-17 18:23:38,362 - project.core.fitting.main - INFO -   RIGHT 眼: 拟合结果：
 球心：[ 64.39688006  14.08117248 409.87006302]
 半径：12.345362808444618
 置信度：0.8800593222232468
 收敛：True
 迭代次数：4
 最终残差范数：1.0685587929675497
 最终delta范数：0.0016824758989261194
 使用策略：lm
2025-09-17 18:23:38,364 - project.core.fitting.main - INFO - ==============================================
2025-09-17 18:23:38,364 - project.config.screen_config - INFO - 瞳孔位置: Point3D(-0.935, 15.397, 401.061)
2025-09-17 18:23:38,364 - project.config.screen_config - INFO - 眼球位置: Point3D(-0.969, 15.396, 410.457)
2025-09-17 18:23:38,364 - project.config.screen_config - INFO - 视线方向: Point3D(0.033, 0.001, -9.396)
2025-09-17 18:23:38,365 - project.config.screen_config - INFO - 交点坐标: [ 0.47868705 15.4231621   0.        ]
2025-09-17 18:23:38,366 - project.config.screen_config - INFO - 最终像素坐标: Point2D(717.702302, 33.354119)
2025-09-17 18:23:38,367 - project.core.fitting.main - INFO - -----------------------------------------------
2025-09-17 18:23:38,367 - project.core.fitting.main - INFO - left 视线焦点: Point2D(717.702302, 33.354119)
2025-09-17 18:23:38,367 - project.core.fitting.main - INFO - -----------------------------------------------
2025-09-17 18:23:38,368 - project.config.screen_config - INFO - 瞳孔位置: Point3D(64.358, 14.369, 400.618)
2025-09-17 18:23:38,368 - project.config.screen_config - INFO - 眼球位置: Point3D(64.397, 14.081, 409.870)
2025-09-17 18:23:38,368 - project.config.screen_config - INFO - 视线方向: Point3D(-0.039, 0.288, -9.252)
2025-09-17 18:23:38,369 - project.config.screen_config - INFO - 交点坐标: [62.67546545 26.82996655  0.        ]
2025-09-17 18:23:38,369 - project.config.screen_config - INFO - 最终像素坐标: Point2D(419.157766, 69.855893)
2025-09-17 18:23:38,369 - project.core.fitting.main - INFO - -----------------------------------------------
2025-09-17 18:23:38,370 - project.core.fitting.main - INFO - right 视线焦点: Point2D(419.157766, 69.855893)
2025-09-17 18:23:38,371 - project.core.fitting.main - INFO - -----------------------------------------------
2025-09-17 18:23:38,442 - project.data.data_manager - WARNING - 非RGB-D摄像头，使用默认深度图
2025-09-17 18:23:38,567 - project.core.recognition.detector - INFO - 提取到 478 个关键点
2025-09-17 18:23:38,572 - project.core.recognition.landmark_extractor - INFO - 关键点验证通过
2025-09-17 18:23:38,573 - project.core.recognition.detector - INFO - 关键点验证结果: True
2025-09-17 18:23:38,583 - project.core.recognition.detector - INFO - 人脸检测成功，提取到 478 个关键点
2025-09-17 18:23:38,585 - project.core.recognition.main - INFO - 人脸检测成功
2025-09-17 18:23:38,602 - project.data.data_manager - INFO - RecgFitDataManager初始化 - debug_log: True, key_coordinates: True
2025-09-17 18:23:38,603 - project.data.data_manager - INFO - RecgFitDataManager初始化完成
2025-09-17 18:23:38,604 - __main__ - INFO - 收到识别完成信号，开始拟合...
2025-09-17 18:23:38,604 - __main__ - INFO - 开始拟合frame_id: 50
2025-09-17 18:23:38,604 - __main__ - INFO - 等待识别完成信号...
2025-09-17 18:23:38,605 - root - INFO - 数据质量: {'point_count': 17, 'fitting_point_count': 5, 'constraint_point_count': 12, 'visibility': 0.9829320646774422}
2025-09-17 18:23:38,606 - root - INFO - 选择策略: high_quality
2025-09-17 18:23:38,606 - root - INFO - 虹膜点拟合外接圆，圆心：[ -3.5082983   13.39570933 400.9796977 ]，半径：6.6057456519859254
2025-09-17 18:23:38,624 - root - INFO - 数据质量: {'point_count': 17, 'fitting_point_count': 5, 'constraint_point_count': 12, 'visibility': 1.0}
2025-09-17 18:23:38,625 - root - INFO - 选择策略: high_quality
2025-09-17 18:23:38,625 - root - INFO - 虹膜点拟合外接圆，圆心：[ 63.11377556  14.81998905 400.39148182]，半径：8.399208754757021
2025-09-17 18:23:38,635 - project.core.fitting.main - INFO - ==============================================
2025-09-17 18:23:38,636 - project.core.fitting.main - INFO - 拟合结果:
2025-09-17 18:23:38,636 - project.core.fitting.main - INFO -   LEFT 眼: 拟合结果：
 球心：[ -2.35403403  14.74433037 410.49346017]
 半径：12.321169496506453
 置信度：0.873339079016873
 收敛：True
 迭代次数：4
 最终残差范数：1.2529402470218058
 最终delta范数：0.0007856830364196086
 使用策略：lm
2025-09-17 18:23:38,637 - project.core.fitting.main - INFO -   RIGHT 眼: 拟合结果：
 球心：[ 64.74825937  13.72306074 409.91102537]
 半径：12.353132204688576
 置信度：0.8778506138711909
 收敛：True
 迭代次数：3
 最终残差范数：1.0893247172788934
 最终delta范数：0.03659787288540217
 使用策略：lm
2025-09-17 18:23:38,637 - project.core.fitting.main - INFO - ==============================================
2025-09-17 18:23:38,638 - project.config.screen_config - INFO - 瞳孔位置: Point3D(-1.868, 14.669, 400.760)
2025-09-17 18:23:38,638 - project.config.screen_config - INFO - 眼球位置: Point3D(-2.354, 14.744, 410.493)
2025-09-17 18:23:38,638 - project.config.screen_config - INFO - 视线方向: Point3D(0.486, -0.076, -9.733)
2025-09-17 18:23:38,639 - project.config.screen_config - INFO - 交点坐标: [ 1.81335176e+01  1.15485205e+01 -5.68434189e-14]
2025-09-17 18:23:38,640 - project.config.screen_config - INFO - 最终像素坐标: Point2D(632.959115, 20.955266)
2025-09-17 18:23:38,641 - project.core.fitting.main - INFO - -----------------------------------------------
2025-09-17 18:23:38,641 - project.core.fitting.main - INFO - left 视线焦点: Point2D(632.959115, 20.955266)
2025-09-17 18:23:38,641 - project.core.fitting.main - INFO - -----------------------------------------------
2025-09-17 18:23:38,642 - project.config.screen_config - INFO - 瞳孔位置: Point3D(64.844, 13.662, 400.838)
2025-09-17 18:23:38,642 - project.config.screen_config - INFO - 眼球位置: Point3D(64.748, 13.723, 409.911)
2025-09-17 18:23:38,642 - project.config.screen_config - INFO - 视线方向: Point3D(0.095, -0.061, -9.073)
2025-09-17 18:23:38,643 - project.config.screen_config - INFO - 交点坐标: [69.05449198 10.95302255  0.        ]
2025-09-17 18:23:38,643 - project.config.screen_config - INFO - 最终像素坐标: Point2D(388.538438, 19.049672)
2025-09-17 18:23:38,644 - project.core.fitting.main - INFO - -----------------------------------------------
2025-09-17 18:23:38,644 - project.core.fitting.main - INFO - right 视线焦点: Point2D(388.538438, 19.049672)
2025-09-17 18:23:38,644 - project.core.fitting.main - INFO - -----------------------------------------------
2025-09-17 18:23:38,738 - project.data.data_manager - WARNING - 非RGB-D摄像头，使用默认深度图
2025-09-17 18:23:38,849 - project.core.recognition.detector - INFO - 提取到 478 个关键点
2025-09-17 18:23:38,853 - project.core.recognition.landmark_extractor - INFO - 关键点验证通过
2025-09-17 18:23:38,853 - project.core.recognition.detector - INFO - 关键点验证结果: True
2025-09-17 18:23:38,863 - project.core.recognition.detector - INFO - 人脸检测成功，提取到 478 个关键点
2025-09-17 18:23:38,865 - project.core.recognition.main - INFO - 人脸检测成功
2025-09-17 18:23:38,883 - project.data.data_manager - INFO - RecgFitDataManager初始化 - debug_log: True, key_coordinates: True
2025-09-17 18:23:38,884 - project.data.data_manager - INFO - RecgFitDataManager初始化完成
2025-09-17 18:23:38,885 - __main__ - INFO - 收到识别完成信号，开始拟合...
2025-09-17 18:23:38,885 - __main__ - INFO - 开始拟合frame_id: 51
2025-09-17 18:23:38,885 - __main__ - INFO - 等待识别完成信号...
2025-09-17 18:23:38,888 - root - INFO - 数据质量: {'point_count': 17, 'fitting_point_count': 5, 'constraint_point_count': 12, 'visibility': 0.9890304100258677}
2025-09-17 18:23:38,889 - root - INFO - 选择策略: high_quality
2025-09-17 18:23:38,890 - root - INFO - 虹膜点拟合外接圆，圆心：[8.81204067e-02 1.59815416e+01 4.00770359e+02]，半径：3.9993026398694878
2025-09-17 18:23:38,911 - root - INFO - 数据质量: {'point_count': 17, 'fitting_point_count': 5, 'constraint_point_count': 12, 'visibility': 1.0}
2025-09-17 18:23:38,911 - root - INFO - 选择策略: high_quality
2025-09-17 18:23:38,913 - root - INFO - 虹膜点拟合外接圆，圆心：[ 62.83984392  12.0372353  400.55524558]，半径：4.3150794933289065
2025-09-17 18:23:38,927 - project.core.fitting.main - INFO - ==============================================
2025-09-17 18:23:38,928 - project.core.fitting.main - INFO - 拟合结果:
2025-09-17 18:23:38,928 - project.core.fitting.main - INFO -   LEFT 眼: 拟合结果：
 球心：[ -1.50349194  15.30926622 410.33446645]
 半径：12.324521253130934
 置信度：0.8719186665866973
 收敛：True
 迭代次数：4
 最终残差范数：1.261722460104236
 最终delta范数：0.009027636500692295
 使用策略：lm
2025-09-17 18:23:38,929 - project.core.fitting.main - INFO -   RIGHT 眼: 拟合结果：
 球心：[ 64.4124571   13.67487051 409.74742617]
 半径：12.341316775834354
 置信度：0.8727886032034062
 收敛：True
 迭代次数：4
 最终残差范数：1.1812262753328464
 最终delta范数：0.0012540856084713482
 使用策略：lm
2025-09-17 18:23:38,929 - project.core.fitting.main - INFO - ==============================================
2025-09-17 18:23:38,929 - project.config.screen_config - INFO - 瞳孔位置: Point3D(-1.415, 14.821, 400.631)
2025-09-17 18:23:38,929 - project.config.screen_config - INFO - 眼球位置: Point3D(-1.503, 15.309, 410.334)
2025-09-17 18:23:38,929 - project.config.screen_config - INFO - 视线方向: Point3D(0.088, -0.488, -9.703)
2025-09-17 18:23:38,929 - project.config.screen_config - INFO - 交点坐标: [ 2.22013227 -5.34556124  0.        ]
2025-09-17 18:23:38,931 - project.config.screen_config - WARNING - 交点超出屏幕边界，已裁剪: Point2D(709.343365, -33.105796) -> Point2D(709.343365, 0.000000)
2025-09-17 18:23:38,932 - project.config.screen_config - INFO - 最终像素坐标: Point2D(709.343365, 0.000000)
2025-09-17 18:23:38,933 - project.core.fitting.main - INFO - -----------------------------------------------
2025-09-17 18:23:38,933 - project.core.fitting.main - INFO - left 视线焦点: Point2D(709.343365, 0.000000)
2025-09-17 18:23:38,934 - project.core.fitting.main - INFO - -----------------------------------------------
2025-09-17 18:23:38,934 - project.config.screen_config - INFO - 瞳孔位置: Point3D(64.458, 13.466, 400.373)
2025-09-17 18:23:38,935 - project.config.screen_config - INFO - 眼球位置: Point3D(64.412, 13.675, 409.747)
2025-09-17 18:23:38,935 - project.config.screen_config - INFO - 视线方向: Point3D(0.045, -0.209, -9.375)
2025-09-17 18:23:38,935 - project.config.screen_config - INFO - 交点坐标: [66.39143284  4.53485044  0.        ]
2025-09-17 18:23:38,938 - project.config.screen_config - WARNING - 交点超出屏幕边界，已裁剪: Point2D(401.321122, -1.488479) -> Point2D(401.321122, 0.000000)
2025-09-17 18:23:38,938 - project.config.screen_config - INFO - 最终像素坐标: Point2D(401.321122, 0.000000)
2025-09-17 18:23:38,938 - project.core.fitting.main - INFO - -----------------------------------------------
2025-09-17 18:23:38,938 - project.core.fitting.main - INFO - right 视线焦点: Point2D(401.321122, 0.000000)
2025-09-17 18:23:38,938 - project.core.fitting.main - INFO - -----------------------------------------------
2025-09-17 18:23:38,994 - project.data.data_manager - WARNING - 非RGB-D摄像头，使用默认深度图
2025-09-17 18:23:39,131 - project.core.recognition.detector - INFO - 提取到 478 个关键点
2025-09-17 18:23:39,135 - project.core.recognition.landmark_extractor - INFO - 关键点验证通过
2025-09-17 18:23:39,135 - project.core.recognition.detector - INFO - 关键点验证结果: True
2025-09-17 18:23:39,142 - project.core.recognition.detector - INFO - 人脸检测成功，提取到 478 个关键点
2025-09-17 18:23:39,142 - project.core.recognition.main - INFO - 人脸检测成功
2025-09-17 18:23:39,159 - project.data.data_manager - INFO - RecgFitDataManager初始化 - debug_log: True, key_coordinates: True
2025-09-17 18:23:39,160 - project.data.data_manager - INFO - RecgFitDataManager初始化完成
2025-09-17 18:23:39,161 - __main__ - INFO - 收到识别完成信号，开始拟合...
2025-09-17 18:23:39,161 - __main__ - INFO - 开始拟合frame_id: 52
2025-09-17 18:23:39,162 - __main__ - INFO - 等待识别完成信号...
2025-09-17 18:23:39,164 - root - INFO - 数据质量: {'point_count': 17, 'fitting_point_count': 5, 'constraint_point_count': 12, 'visibility': 0.9922959965601749}
2025-09-17 18:23:39,164 - root - INFO - 选择策略: high_quality
2025-09-17 18:23:39,166 - root - INFO - 虹膜点拟合外接圆，圆心：[-1.24107121e-02  1.35604806e+01  4.00852770e+02]，半径：4.779999524267346
2025-09-17 18:23:39,181 - root - INFO - 数据质量: {'point_count': 17, 'fitting_point_count': 5, 'constraint_point_count': 12, 'visibility': 1.0}
2025-09-17 18:23:39,182 - root - INFO - 选择策略: high_quality
2025-09-17 18:23:39,183 - root - INFO - 虹膜点拟合外接圆，圆心：[ 64.39335869  16.24405064 400.44573694]，半径：7.463692287237036
2025-09-17 18:23:39,197 - project.core.fitting.main - INFO - ==============================================
2025-09-17 18:23:39,198 - project.core.fitting.main - INFO - 拟合结果:
2025-09-17 18:23:39,198 - project.core.fitting.main - INFO -   LEFT 眼: 拟合结果：
 球心：[ -1.60299407  15.13435569 410.31626012]
 半径：12.329431117482134
 置信度：0.8764948070845778
 收敛：True
 迭代次数：4
 最终残差范数：1.1712674520526236
 最终delta范数：0.002554078633621917
 使用策略：lm
2025-09-17 18:23:39,199 - project.core.fitting.main - INFO -   RIGHT 眼: 拟合结果：
 球心：[ 64.30988963  13.58136345 409.73033054]
 半径：12.34540655709691
 置信度：0.8788673024540803
 收敛：True
 迭代次数：4
 最终残差范数：1.0838828038793733
 最终delta范数：0.0017481158521785948
 使用策略：lm
2025-09-17 18:23:39,200 - project.core.fitting.main - INFO - ==============================================
2025-09-17 18:23:39,200 - project.config.screen_config - INFO - 瞳孔位置: Point3D(-1.418, 14.908, 400.738)
2025-09-17 18:23:39,200 - project.config.screen_config - INFO - 眼球位置: Point3D(-1.603, 15.134, 410.316)
2025-09-17 18:23:39,201 - project.config.screen_config - INFO - 视线方向: Point3D(0.185, -0.227, -9.578)
2025-09-17 18:23:39,201 - project.config.screen_config - INFO - 交点坐标: [6.31510588 5.42975441 0.        ]
2025-09-17 18:23:39,206 - project.config.screen_config - INFO - 最终像素坐标: Point2D(689.687492, 1.375214)
2025-09-17 18:23:39,206 - project.core.fitting.main - INFO - -----------------------------------------------
2025-09-17 18:23:39,218 - project.core.fitting.main - INFO - left 视线焦点: Point2D(689.687492, 1.375214)
2025-09-17 18:23:39,219 - project.core.fitting.main - INFO - -----------------------------------------------
2025-09-17 18:23:39,219 - project.config.screen_config - INFO - 瞳孔位置: Point3D(64.403, 13.578, 400.491)
2025-09-17 18:23:39,220 - project.config.screen_config - INFO - 眼球位置: Point3D(64.310, 13.581, 409.730)
2025-09-17 18:23:39,220 - project.config.screen_config - INFO - 视线方向: Point3D(0.093, -0.003, -9.240)
2025-09-17 18:23:39,222 - project.config.screen_config - INFO - 交点坐标: [68.42017542 13.42711559  0.        ]
2025-09-17 18:23:39,222 - project.config.screen_config - INFO - 最终像素坐标: Point2D(391.583158, 26.966770)
2025-09-17 18:23:39,222 - project.core.fitting.main - INFO - -----------------------------------------------
2025-09-17 18:23:39,223 - project.core.fitting.main - INFO - right 视线焦点: Point2D(391.583158, 26.966770)
2025-09-17 18:23:39,223 - project.core.fitting.main - INFO - -----------------------------------------------
2025-09-17 18:23:39,273 - project.data.data_manager - WARNING - 非RGB-D摄像头，使用默认深度图
2025-09-17 18:23:39,372 - project.core.recognition.detector - INFO - 提取到 478 个关键点
2025-09-17 18:23:39,377 - project.core.recognition.landmark_extractor - INFO - 关键点验证通过
2025-09-17 18:23:39,378 - project.core.recognition.detector - INFO - 关键点验证结果: True
2025-09-17 18:23:39,385 - project.core.recognition.detector - INFO - 人脸检测成功，提取到 478 个关键点
2025-09-17 18:23:39,385 - project.core.recognition.main - INFO - 人脸检测成功
2025-09-17 18:23:39,395 - project.data.data_manager - INFO - RecgFitDataManager初始化 - debug_log: True, key_coordinates: True
2025-09-17 18:23:39,396 - project.data.data_manager - INFO - RecgFitDataManager初始化完成
2025-09-17 18:23:39,396 - __main__ - INFO - 收到识别完成信号，开始拟合...
2025-09-17 18:23:39,396 - __main__ - INFO - 开始拟合frame_id: 53
2025-09-17 18:23:39,397 - __main__ - INFO - 等待识别完成信号...
2025-09-17 18:23:39,398 - root - INFO - 数据质量: {'point_count': 17, 'fitting_point_count': 5, 'constraint_point_count': 12, 'visibility': 0.9875212851576973}
2025-09-17 18:23:39,399 - root - INFO - 选择策略: high_quality
2025-09-17 18:23:39,400 - root - INFO - 虹膜点拟合外接圆，圆心：[ -2.7145447   14.04677037 400.97799897]，半径：4.102143851046163
2025-09-17 18:23:39,414 - root - INFO - 数据质量: {'point_count': 17, 'fitting_point_count': 5, 'constraint_point_count': 12, 'visibility': 1.0}
2025-09-17 18:23:39,415 - root - INFO - 选择策略: high_quality
2025-09-17 18:23:39,415 - root - INFO - 虹膜点拟合外接圆，圆心：[ 66.4899662   15.31568103 400.55694431]，半径：4.340958005704036
2025-09-17 18:23:39,428 - project.core.fitting.main - INFO - ==============================================
2025-09-17 18:23:39,429 - project.core.fitting.main - INFO - 拟合结果:
2025-09-17 18:23:39,430 - project.core.fitting.main - INFO -   LEFT 眼: 拟合结果：
 球心：[ -0.96908437  15.03425158 410.48437534]
 半径：12.332294073897266
 置信度：0.882777951686974
 收敛：True
 迭代次数：4
 最终残差范数：1.0625383540980173
 最终delta范数：0.0009940342571522927
 使用策略：lm
2025-09-17 18:23:39,430 - project.core.fitting.main - INFO -   RIGHT 眼: 拟合结果：
 球心：[ 65.04213183  13.86884594 409.88277038]
 半径：12.341580091663493
 置信度：0.8612522005137231
 收敛：True
 迭代次数：4
 最终残差范数：1.324248223138551
 最终delta范数：0.0023784357274054227
 使用策略：lm
2025-09-17 18:23:39,431 - project.core.fitting.main - INFO - ==============================================
2025-09-17 18:23:39,432 - project.config.screen_config - INFO - 瞳孔位置: Point3D(-1.044, 15.308, 401.015)
2025-09-17 18:23:39,432 - project.config.screen_config - INFO - 眼球位置: Point3D(-0.969, 15.034, 410.484)
2025-09-17 18:23:39,433 - project.config.screen_config - INFO - 视线方向: Point3D(-0.075, 0.273, -9.469)
2025-09-17 18:23:39,434 - project.config.screen_config - INFO - 交点坐标: [-4.20519805 26.88414328  0.        ]
2025-09-17 18:23:39,436 - project.config.screen_config - INFO - 最终像素坐标: Point2D(740.184951, 70.029258)
2025-09-17 18:23:39,436 - project.core.fitting.main - INFO - -----------------------------------------------
2025-09-17 18:23:39,436 - project.core.fitting.main - INFO - left 视线焦点: Point2D(740.184951, 70.029258)
2025-09-17 18:23:39,436 - project.core.fitting.main - INFO - -----------------------------------------------
2025-09-17 18:23:39,437 - project.config.screen_config - INFO - 瞳孔位置: Point3D(64.733, 13.934, 400.501)
2025-09-17 18:23:39,437 - project.config.screen_config - INFO - 眼球位置: Point3D(65.042, 13.869, 409.883)
2025-09-17 18:23:39,437 - project.config.screen_config - INFO - 视线方向: Point3D(-0.309, 0.065, -9.382)
2025-09-17 18:23:39,437 - project.config.screen_config - INFO - 交点坐标: [51.55680703 16.70364744  0.        ]
2025-09-17 18:23:39,438 - project.config.screen_config - INFO - 最终像素坐标: Point2D(472.527326, 37.451672)
2025-09-17 18:23:39,438 - project.core.fitting.main - INFO - -----------------------------------------------
2025-09-17 18:23:39,438 - project.core.fitting.main - INFO - right 视线焦点: Point2D(472.527326, 37.451672)
2025-09-17 18:23:39,438 - project.core.fitting.main - INFO - -----------------------------------------------
2025-09-17 18:23:39,509 - project.data.data_manager - WARNING - 非RGB-D摄像头，使用默认深度图
2025-09-17 18:23:39,633 - project.core.recognition.detector - INFO - 提取到 478 个关键点
2025-09-17 18:23:39,638 - project.core.recognition.landmark_extractor - INFO - 关键点验证通过
2025-09-17 18:23:39,639 - project.core.recognition.detector - INFO - 关键点验证结果: True
2025-09-17 18:23:39,646 - project.core.recognition.detector - INFO - 人脸检测成功，提取到 478 个关键点
2025-09-17 18:23:39,647 - project.core.recognition.main - INFO - 人脸检测成功
2025-09-17 18:23:39,665 - project.data.data_manager - INFO - RecgFitDataManager初始化 - debug_log: True, key_coordinates: True
2025-09-17 18:23:39,666 - project.data.data_manager - INFO - RecgFitDataManager初始化完成
2025-09-17 18:23:39,668 - __main__ - INFO - 收到识别完成信号，开始拟合...
2025-09-17 18:23:39,671 - __main__ - INFO - 开始拟合frame_id: 54
2025-09-17 18:23:39,671 - __main__ - INFO - 等待识别完成信号...
2025-09-17 18:23:39,673 - root - INFO - 数据质量: {'point_count': 17, 'fitting_point_count': 5, 'constraint_point_count': 12, 'visibility': 0.9842666844660449}
2025-09-17 18:23:39,674 - root - INFO - 选择策略: high_quality
2025-09-17 18:23:39,675 - root - INFO - 虹膜点拟合外接圆，圆心：[2.75654557e-01 1.63397566e+01 4.01023008e+02]，半径：4.012856117387935
2025-09-17 18:23:39,695 - root - INFO - 数据质量: {'point_count': 17, 'fitting_point_count': 5, 'constraint_point_count': 12, 'visibility': 1.0}
2025-09-17 18:23:39,695 - root - INFO - 选择策略: high_quality
2025-09-17 18:23:39,696 - root - INFO - 虹膜点拟合外接圆，圆心：[ 64.56799199  11.50865881 400.62212199]，半径：7.23315313145929
2025-09-17 18:23:39,713 - project.core.fitting.main - INFO - ==============================================
2025-09-17 18:23:39,715 - project.core.fitting.main - INFO - 拟合结果:
2025-09-17 18:23:39,716 - project.core.fitting.main - INFO -   LEFT 眼: 拟合结果：
 球心：[ -1.35967775  14.89669974 410.46835343]
 半径：12.32757974102087
 置信度：0.8775058469268123
 收敛：True
 迭代次数：4
 最终残差范数：1.1643130332788463
 最终delta范数：0.015510600844368698
 使用策略：lm
2025-09-17 18:23:39,717 - project.core.fitting.main - INFO -   RIGHT 眼: 拟合结果：
 球心：[ 64.32995745  14.30184206 409.82299843]
 半径：12.333388734296225
 置信度：0.8761082717582908
 收敛：True
 迭代次数：4
 最终残差范数：1.1583378218388825
 最终delta范数：0.002453067223688603
 使用策略：lm
2025-09-17 18:23:39,718 - project.core.fitting.main - INFO - ==============================================
2025-09-17 18:23:39,719 - project.config.screen_config - INFO - 瞳孔位置: Point3D(-1.277, 15.153, 400.863)
2025-09-17 18:23:39,719 - project.config.screen_config - INFO - 眼球位置: Point3D(-1.360, 14.897, 410.468)
2025-09-17 18:23:39,720 - project.config.screen_config - INFO - 视线方向: Point3D(0.082, 0.256, -9.605)
2025-09-17 18:23:39,721 - project.config.screen_config - INFO - 交点坐标: [ 2.15340654 25.84264786  0.        ]
2025-09-17 18:23:39,723 - project.config.screen_config - INFO - 最终像素坐标: Point2D(709.663649, 66.696473)
2025-09-17 18:23:39,724 - project.core.fitting.main - INFO - -----------------------------------------------
2025-09-17 18:23:39,724 - project.core.fitting.main - INFO - left 视线焦点: Point2D(709.663649, 66.696473)
2025-09-17 18:23:39,724 - project.core.fitting.main - INFO - -----------------------------------------------
2025-09-17 18:23:39,725 - project.config.screen_config - INFO - 瞳孔位置: Point3D(64.418, 14.167, 400.326)
2025-09-17 18:23:39,725 - project.config.screen_config - INFO - 眼球位置: Point3D(64.330, 14.302, 409.823)
2025-09-17 18:23:39,726 - project.config.screen_config - INFO - 视线方向: Point3D(0.088, -0.135, -9.497)
2025-09-17 18:23:39,727 - project.config.screen_config - INFO - 交点坐标: [68.14811961  8.48278923  0.        ]
2025-09-17 18:23:39,728 - project.config.screen_config - INFO - 最终像素坐标: Point2D(392.889026, 11.144926)
2025-09-17 18:23:39,728 - project.core.fitting.main - INFO - -----------------------------------------------
2025-09-17 18:23:39,729 - project.core.fitting.main - INFO - right 视线焦点: Point2D(392.889026, 11.144926)
2025-09-17 18:23:39,729 - project.core.fitting.main - INFO - -----------------------------------------------
2025-09-17 18:23:39,789 - project.data.data_manager - WARNING - 非RGB-D摄像头，使用默认深度图
2025-09-17 18:23:39,909 - project.core.recognition.detector - INFO - 提取到 478 个关键点
2025-09-17 18:23:39,913 - project.core.recognition.landmark_extractor - INFO - 关键点验证通过
2025-09-17 18:23:39,913 - project.core.recognition.detector - INFO - 关键点验证结果: True
2025-09-17 18:23:39,921 - project.core.recognition.detector - INFO - 人脸检测成功，提取到 478 个关键点
2025-09-17 18:23:39,921 - project.core.recognition.main - INFO - 人脸检测成功
2025-09-17 18:23:39,932 - project.data.data_manager - INFO - RecgFitDataManager初始化 - debug_log: True, key_coordinates: True
2025-09-17 18:23:39,933 - project.data.data_manager - INFO - RecgFitDataManager初始化完成
2025-09-17 18:23:39,934 - __main__ - INFO - 收到识别完成信号，开始拟合...
2025-09-17 18:23:39,935 - __main__ - INFO - 开始拟合frame_id: 55
2025-09-17 18:23:39,936 - __main__ - INFO - 等待识别完成信号...
2025-09-17 18:23:39,938 - root - INFO - 数据质量: {'point_count': 17, 'fitting_point_count': 5, 'constraint_point_count': 12, 'visibility': 0.9841478059057707}
2025-09-17 18:23:39,938 - root - INFO - 选择策略: high_quality
2025-09-17 18:23:39,940 - root - INFO - 虹膜点拟合外接圆，圆心：[  2.51714614  15.68969939 400.92096478]，半径：6.048501142496338
2025-09-17 18:23:39,958 - root - INFO - 数据质量: {'point_count': 17, 'fitting_point_count': 5, 'constraint_point_count': 12, 'visibility': 1.0}
2025-09-17 18:23:39,958 - root - INFO - 选择策略: high_quality
2025-09-17 18:23:39,959 - root - INFO - 虹膜点拟合外接圆，圆心：[ 63.77344892  15.97560555 400.56231618]，半径：8.411381353682351
2025-09-17 18:23:39,973 - project.core.fitting.main - INFO - ==============================================
2025-09-17 18:23:39,974 - project.core.fitting.main - INFO - 拟合结果:
2025-09-17 18:23:39,974 - project.core.fitting.main - INFO -   LEFT 眼: 拟合结果：
 球心：[ -0.61414393  15.9421289  410.35534948]
 半径：12.325687595473918
 置信度：0.8616740983211085
 收敛：True
 迭代次数：4
 最终残差范数：1.3759245256100763
 最终delta范数：0.0007466059109449613
 使用策略：lm
2025-09-17 18:23:39,975 - project.core.fitting.main - INFO -   RIGHT 眼: 拟合结果：
 球心：[ 65.36192405  14.82704377 409.86631289]
 半径：12.332283728839815
 置信度：0.8725357331736778
 收敛：True
 迭代次数：3
 最终残差范数：1.2085549961894693
 最终delta范数：0.037778956946887425
 使用策略：lm
2025-09-17 18:23:39,976 - project.core.fitting.main - INFO - ==============================================
2025-09-17 18:23:39,976 - project.config.screen_config - INFO - 瞳孔位置: Point3D(-0.507, 15.768, 400.664)
2025-09-17 18:23:39,976 - project.config.screen_config - INFO - 眼球位置: Point3D(-0.614, 15.942, 410.355)
2025-09-17 18:23:39,976 - project.config.screen_config - INFO - 视线方向: Point3D(0.108, -0.174, -9.692)
2025-09-17 18:23:39,977 - project.config.screen_config - INFO - 交点坐标: [3.93976359e+00 8.55651589e+00 5.68434189e-14]
2025-09-17 18:23:39,979 - project.config.screen_config - INFO - 最终像素坐标: Point2D(701.089135, 11.380851)
2025-09-17 18:23:39,979 - project.core.fitting.main - INFO - -----------------------------------------------
2025-09-17 18:23:39,980 - project.core.fitting.main - INFO - left 视线焦点: Point2D(701.089135, 11.380851)
2025-09-17 18:23:39,980 - project.core.fitting.main - INFO - -----------------------------------------------
2025-09-17 18:23:39,980 - project.config.screen_config - INFO - 瞳孔位置: Point3D(65.396, 14.751, 400.348)
2025-09-17 18:23:39,980 - project.config.screen_config - INFO - 眼球位置: Point3D(65.362, 14.827, 409.866)
2025-09-17 18:23:39,980 - project.config.screen_config - INFO - 视线方向: Point3D(0.034, -0.076, -9.518)
2025-09-17 18:23:39,981 - project.config.screen_config - INFO - 交点坐标: [66.82043345 11.54377907  0.        ]
2025-09-17 18:23:39,981 - project.config.screen_config - INFO - 最终像素坐标: Point2D(399.261919, 20.940093)
2025-09-17 18:23:39,982 - project.core.fitting.main - INFO - -----------------------------------------------
2025-09-17 18:23:39,982 - project.core.fitting.main - INFO - right 视线焦点: Point2D(399.261919, 20.940093)
2025-09-17 18:23:39,982 - project.core.fitting.main - INFO - -----------------------------------------------
2025-09-17 18:23:40,050 - __main__ - INFO - 收到停止信号，开始优雅关闭...
2025-09-17 18:23:40,052 - __main__ - INFO - 正在停止程序...
2025-09-17 18:23:40,052 - project.core.recognition.main - INFO - 识别线程主循环停止
2025-09-17 18:23:40,054 - project.data.data_manager - WARNING - 非RGB-D摄像头，使用默认深度图
2025-09-17 18:23:40,184 - project.core.recognition.detector - INFO - 提取到 478 个关键点
2025-09-17 18:23:40,188 - project.core.recognition.landmark_extractor - INFO - 关键点验证通过
2025-09-17 18:23:40,188 - project.core.recognition.detector - INFO - 关键点验证结果: True
2025-09-17 18:23:40,195 - project.core.recognition.detector - INFO - 人脸检测成功，提取到 478 个关键点
2025-09-17 18:23:40,196 - project.core.recognition.main - INFO - 人脸检测成功
2025-09-17 18:23:40,209 - project.data.data_manager - INFO - RecgFitDataManager初始化 - debug_log: True, key_coordinates: True
2025-09-17 18:23:40,209 - project.data.data_manager - INFO - RecgFitDataManager初始化完成
2025-09-17 18:23:40,210 - __main__ - INFO - 收到识别完成信号，开始拟合...
2025-09-17 18:23:40,211 - __main__ - INFO - 开始拟合frame_id: 56
2025-09-17 18:23:40,211 - __main__ - INFO - 等待识别完成信号...
2025-09-17 18:23:40,213 - root - INFO - 数据质量: {'point_count': 17, 'fitting_point_count': 5, 'constraint_point_count': 12, 'visibility': 0.9834936989282755}
2025-09-17 18:23:40,213 - root - INFO - 选择策略: high_quality
2025-09-17 18:23:40,215 - root - INFO - 虹膜点拟合外接圆，圆心：[ -1.32396135  13.1018534  400.89339018]，半径：6.536989139097417
2025-09-17 18:23:40,235 - root - INFO - 数据质量: {'point_count': 17, 'fitting_point_count': 5, 'constraint_point_count': 12, 'visibility': 1.0}
2025-09-17 18:23:40,237 - root - INFO - 选择策略: high_quality
2025-09-17 18:23:40,238 - root - INFO - 虹膜点拟合外接圆，圆心：[ 66.26640149  11.29931328 400.67566931]，半径：7.171975065912551
2025-09-17 18:23:40,258 - project.core.fitting.main - INFO - ==============================================
2025-09-17 18:23:40,259 - project.core.fitting.main - INFO - 拟合结果:
2025-09-17 18:23:40,260 - project.core.fitting.main - INFO -   LEFT 眼: 拟合结果：
 球心：[2.98440781e-01 1.44245657e+01 4.10458669e+02]
 半径：12.329470289344759
 置信度：0.8848653924544704
 收敛：True
 迭代次数：4
 最终残差范数：1.0419752315524948
 最终delta范数：0.0008850608505174446
 使用策略：lm
2025-09-17 18:23:40,261 - project.core.fitting.main - INFO -   RIGHT 眼: 拟合结果：
 球心：[ 66.08642749  14.07875518 409.92562927]
 半径：12.331430274849042
 置信度：0.8665752230563387
 收敛：True
 迭代次数：4
 最终残差范数：1.2956829359863318
 最终delta范数：0.0028045959699216725
 使用策略：lm
2025-09-17 18:23:40,262 - project.core.fitting.main - INFO - ==============================================
2025-09-17 18:23:40,262 - project.config.screen_config - INFO - 瞳孔位置: Point3D(0.305, 14.381, 400.942)
2025-09-17 18:23:40,263 - project.config.screen_config - INFO - 眼球位置: Point3D(0.298, 14.425, 410.459)
2025-09-17 18:23:40,263 - project.config.screen_config - INFO - 视线方向: Point3D(0.007, -0.044, -9.517)
2025-09-17 18:23:40,264 - project.config.screen_config - INFO - 交点坐标: [ 0.58031951 12.52995984  0.        ]
2025-09-17 18:23:40,266 - project.config.screen_config - INFO - 最终像素坐标: Point2D(717.214466, 24.095871)
2025-09-17 18:23:40,266 - project.core.fitting.main - INFO - -----------------------------------------------
2025-09-17 18:23:40,267 - project.core.fitting.main - INFO - left 视线焦点: Point2D(717.214466, 24.095871)
2025-09-17 18:23:40,267 - project.core.fitting.main - INFO - -----------------------------------------------
2025-09-17 18:23:40,267 - project.config.screen_config - INFO - 瞳孔位置: Point3D(66.078, 13.904, 400.337)
2025-09-17 18:23:40,268 - project.config.screen_config - INFO - 眼球位置: Point3D(66.086, 14.079, 409.926)
2025-09-17 18:23:40,268 - project.config.screen_config - INFO - 视线方向: Point3D(-0.008, -0.175, -9.588)
2025-09-17 18:23:40,270 - project.config.screen_config - INFO - 交点坐标: [65.72478002  6.59844929  0.        ]
2025-09-17 18:23:40,271 - project.config.screen_config - INFO - 最终像素坐标: Point2D(404.521056, 5.115038)
2025-09-17 18:23:40,272 - project.core.fitting.main - INFO - -----------------------------------------------
2025-09-17 18:23:40,272 - project.core.fitting.main - INFO - right 视线焦点: Point2D(404.521056, 5.115038)
2025-09-17 18:23:40,273 - project.core.fitting.main - INFO - -----------------------------------------------
2025-09-17 18:23:40,352 - project.core.recognition.main - INFO - 摄像头资源已释放
2025-09-17 18:25:50,987 - project.data.data_manager - INFO - 从配置文件加载参数: project/config/camera_params.json
2025-09-17 18:25:50,988 - project.core.recognition.detector - INFO - FaceDetector初始化完成，RGB-D模式: False
2025-09-17 18:25:50,988 - __main__ - DEBUG - 启动识别线程...
2025-09-17 18:25:50,988 - project.core.recognition.main - DEBUG - RecognitionManager.run() 开始执行
2025-09-17 18:25:50,988 - __main__ - DEBUG - 识别线程已提交: <Future at 0x1c0ecd8c250 state=running>
2025-09-17 18:25:50,988 - project.core.recognition.main - DEBUG - 检查摄像头初始化...
2025-09-17 18:25:50,988 - __main__ - DEBUG - 启动拟合调度线程...
2025-09-17 18:25:50,989 - __main__ - INFO - FittingScheduler.schedule_fitting() 开始执行
2025-09-17 18:25:50,989 - __main__ - DEBUG - 拟合调度线程已提交: <Future at 0x1c0eae70d10 state=running>
2025-09-17 18:25:50,989 - __main__ - INFO - 等待识别完成信号...
2025-09-17 18:25:50,989 - __main__ - INFO - 系统运行中... (按 Ctrl+C 停止)
2025-09-17 18:25:52,624 - project.data.data_manager - INFO - 摄像头初始化成功，RGB-D模式: False
2025-09-17 18:25:52,624 - project.core.recognition.main - DEBUG - 摄像头初始化检查完成
2025-09-17 18:25:52,625 - project.core.recognition.main - DEBUG - 获取摄像头对象成功
2025-09-17 18:25:52,625 - project.core.recognition.main - DEBUG - 开始主循环...
2025-09-17 18:25:52,625 - project.core.recognition.main - DEBUG - 开始新的识别周期...
2025-09-17 18:25:52,625 - project.core.recognition.main - DEBUG - 读取帧，frame_id: 0
2025-09-17 18:25:52,996 - __main__ - INFO - 收到停止信号，开始优雅关闭...
2025-09-17 18:25:52,996 - project.data.data_manager - WARNING - 非RGB-D摄像头，使用默认深度图
2025-09-17 18:25:52,996 - __main__ - INFO - 正在停止程序...
2025-09-17 18:25:52,996 - project.core.recognition.main - INFO - 识别线程主循环停止
2025-09-17 18:25:52,997 - project.data.data_manager - DEBUG - 添加帧数据: frame_id=0, bgr_image: [[[  1   2   9]
  [  1   2   9]
  [  1   2   9]
  ...
  [ 17  18  33]
  [ 17  18  34]
  [ 16  16  32]]

 [[  3   4   8]
  [  1   3   7]
  [  1   3   7]
  ...
  [ 15  19  31]
  [ 15  18  32]
  [ 15  18  32]]

 [[  3   4   8]
  [  1   3   7]
  [  1   3   7]
  ...
  [ 15  19  30]
  [ 15  19  30]
  [ 15  19  30]]

 ...

 [[ 31  44  56]
  [ 31  44  56]
  [ 31  44  56]
  ...
  [ 83 112 133]
  [ 80 107 129]
  [ 77 103 126]]

 [[ 30  45  57]
  [ 28  43  55]
  [ 28  41  54]
  ...
  [ 82 112 132]
  [ 77 106 126]
  [ 78 107 127]]

 [[ 32  45  57]
  [ 29  43  55]
  [ 27  40  53]
  ...
  [ 78 108 126]
  [ 74 104 122]
  [ 73 103 121]]], depth_map: [[400. 400. 400. ... 400. 400. 400.]
 [400. 400. 400. ... 400. 400. 400.]
 [400. 400. 400. ... 400. 400. 400.]
 ...
 [400. 400. 400. ... 400. 400. 400.]
 [400. 400. 400. ... 400. 400. 400.]
 [400. 400. 400. ... 400. 400. 400.]]
2025-09-17 18:25:53,149 - matplotlib - DEBUG - matplotlib data path: C:\Users\86158\AppData\Local\Programs\Python\Python311\Lib\site-packages\matplotlib\mpl-data
2025-09-17 18:25:53,154 - matplotlib - DEBUG - CONFIGDIR=C:\Users\86158\.matplotlib
2025-09-17 18:25:53,155 - matplotlib - DEBUG - interactive is False
2025-09-17 18:25:53,156 - matplotlib - DEBUG - platform is win32
2025-09-17 18:25:53,229 - matplotlib - DEBUG - CACHEDIR=C:\Users\86158\.matplotlib
2025-09-17 18:25:53,231 - matplotlib.font_manager - DEBUG - Using fontManager instance from C:\Users\86158\.matplotlib\fontlist-v390.json
2025-09-17 18:25:53,298 - project.core.recognition.main - INFO - 摄像头资源已释放
2025-09-17 18:25:53,910 - project.core.recognition.detector - INFO - 提取到 478 个关键点
2025-09-17 18:25:53,912 - project.core.recognition.landmark_extractor - INFO - 关键点验证通过
2025-09-17 18:25:53,912 - project.core.recognition.detector - INFO - 关键点验证结果: True
2025-09-17 18:25:53,915 - project.core.recognition.detector - INFO - 人脸检测成功，提取到 478 个关键点
2025-09-17 18:25:53,915 - project.core.recognition.main - INFO - 人脸检测成功
2025-09-17 18:25:53,921 - project.data.data_manager - INFO - RecgFitDataManager初始化 - debug_log: True, key_coordinates: True
2025-09-17 18:25:53,922 - project.data.data_manager - INFO - RecgFitDataManager初始化完成
2025-09-17 18:25:53,922 - __main__ - INFO - 收到识别完成信号，开始拟合...
2025-09-17 18:25:53,922 - __main__ - INFO - 开始拟合frame_id: 0
2025-09-17 18:25:53,924 - root - INFO - 数据质量: {'point_count': 17, 'fitting_point_count': 5, 'constraint_point_count': 12, 'visibility': 0.9807731654317275}
2025-09-17 18:25:53,924 - __main__ - INFO - 等待识别完成信号...
2025-09-17 18:25:53,924 - root - INFO - 选择策略: high_quality
2025-09-17 18:25:53,924 - root - INFO - 虹膜点拟合外接圆，圆心：[  2.14283461  14.95672048 399.77397025]，半径：5.889778985030831
2025-09-17 18:25:53,929 - root - INFO - 数据质量: {'point_count': 17, 'fitting_point_count': 5, 'constraint_point_count': 12, 'visibility': 0.9667064082065095}
2025-09-17 18:25:53,929 - root - INFO - 选择策略: high_quality
2025-09-17 18:25:53,930 - root - INFO - 虹膜点拟合外接圆，圆心：[ 91.2806426   10.34628946 400.67414194]，半径：11.83145214620725
2025-09-17 18:25:53,930 - root - WARNING - 虹膜点拟合失败: Invalid triangle: iris_to_center_median(11.219999999999999) < circle_radius(11.83145214620725)
2025-09-17 18:25:53,934 - project.core.fitting.main - INFO - ==============================================
2025-09-17 18:25:53,934 - project.core.fitting.main - INFO - 拟合结果:
2025-09-17 18:25:53,935 - project.core.fitting.main - INFO -   LEFT 眼: 拟合结果：
 球心：[  4.12075253  12.88469489 408.19254373]
 半径：12.390010738086936
 置信度：0.8881436183454255
 收敛：True
 迭代次数：4
 最终残差范数：1.032835391019199
 最终delta范数：0.0013354699166643331
 使用策略：lm
2025-09-17 18:25:53,935 - project.core.fitting.main - INFO -   RIGHT 眼: 拟合结果：
 球心：[ 89.01234114  12.27861759 408.60021482]
 半径：12.474874546759528
 置信度：0.8144840249300699
 收敛：True
 迭代次数：3
 最终残差范数：1.9539646449455783
 最终delta范数：0.003926393562489861
 使用策略：lm
2025-09-17 18:25:53,935 - project.core.fitting.main - INFO - ==============================================
2025-09-17 18:25:53,935 - project.config.screen_config - INFO - 瞳孔位置: Point3D(4.170, 13.060, 399.794)
2025-09-17 18:25:53,935 - project.config.screen_config - INFO - 眼球位置: Point3D(4.121, 12.885, 408.193)
2025-09-17 18:25:53,935 - project.config.screen_config - INFO - 视线方向: Point3D(0.049, 0.175, -8.398)
2025-09-17 18:25:53,936 - project.config.screen_config - INFO - 交点坐标: [ 6.49844406 21.39836922  0.        ]
2025-09-17 18:25:53,936 - project.config.screen_config - INFO - 最终像素坐标: Point2D(688.807469, 52.474782)
2025-09-17 18:25:53,936 - project.core.fitting.main - INFO - -----------------------------------------------
2025-09-17 18:25:53,937 - project.core.fitting.main - INFO - left 视线焦点: Point2D(688.807469, 52.474782)
2025-09-17 18:25:53,937 - project.core.fitting.main - INFO - -----------------------------------------------
2025-09-17 18:25:53,937 - project.config.screen_config - INFO - 瞳孔位置: Point3D(88.981, 12.399, 400.589)
2025-09-17 18:25:53,938 - project.config.screen_config - INFO - 眼球位置: Point3D(89.012, 12.279, 408.600)
2025-09-17 18:25:53,938 - project.config.screen_config - INFO - 视线方向: Point3D(-0.031, 0.120, -8.011)
2025-09-17 18:25:53,938 - project.config.screen_config - INFO - 交点坐标: [87.41276688 18.39562034  0.        ]
2025-09-17 18:25:53,939 - project.config.screen_config - INFO - 最终像素坐标: Point2D(300.418719, 42.865985)
2025-09-17 18:25:53,939 - project.core.fitting.main - INFO - -----------------------------------------------
2025-09-17 18:25:53,939 - project.core.fitting.main - INFO - right 视线焦点: Point2D(300.418719, 42.865985)
2025-09-17 18:25:53,939 - project.core.fitting.main - INFO - -----------------------------------------------
2025-09-17 18:26:02,825 - __main__ - INFO - 瞳孔位置: Point3D(15.000, 170.000, 400.000)
2025-09-17 18:26:02,825 - __main__ - INFO - 眼球位置: Point3D(12.500, 170.000, 409.500)
2025-09-17 18:26:02,825 - __main__ - INFO - 视线方向: Point3D(2.500, 0.000, -9.500)
2025-09-17 18:26:02,825 - __main__ - DEBUG - 射线起点: [ 12.5 170.  409.5]
2025-09-17 18:26:02,825 - __main__ - DEBUG - 射线方向: [ 2.5  0.  -9.5]
2025-09-17 18:26:02,826 - __main__ - DEBUG - 平面法向量: [0. 0. 1.]
2025-09-17 18:26:02,826 - __main__ - DEBUG - 平面点: [0. 0. 0.]
2025-09-17 18:26:02,826 - __main__ - INFO - 交点坐标: [120.26315789 170.           0.        ]
2025-09-17 18:26:02,826 - __main__ - DEBUG - 3D交点: [120.26315789 170.           0.        ]
2025-09-17 18:26:02,826 - __main__ - DEBUG - 平面中心: [0. 0. 0.]
2025-09-17 18:26:02,826 - __main__ - DEBUG - X轴: [1. 0. 0.]
2025-09-17 18:26:02,826 - __main__ - DEBUG - Y轴: [0. 1. 0.]
2025-09-17 18:26:02,826 - __main__ - DEBUG - 屏幕2D坐标: Point2D(120.263158, 170.000000)
2025-09-17 18:26:02,826 - __main__ - DEBUG - 屏幕边界: x=[-150.0, 150.0], y=[5.0, 305.0]
2025-09-17 18:26:02,826 - __main__ - DEBUG - 屏幕分辨率: (1440, 960)
2025-09-17 18:26:02,827 - __main__ - DEBUG - 归一化坐标: (0.0991, 0.5500)
2025-09-17 18:26:02,827 - __main__ - DEBUG - 像素坐标: Point2D(142.736842, 528.000000)
2025-09-17 18:26:02,827 - __main__ - INFO - 最终像素坐标: Point2D(142.736842, 528.000000)
2025-09-17 18:26:25,039 - __main__ - INFO - 瞳孔位置: Point3D(15.000, 170.000, 400.000)
2025-09-17 18:26:25,039 - __main__ - INFO - 眼球位置: Point3D(12.500, 170.000, 409.500)
2025-09-17 18:26:25,039 - __main__ - INFO - 视线方向: Point3D(2.500, 0.000, -9.500)
2025-09-17 18:26:25,040 - __main__ - DEBUG - 射线起点: [ 12.5 170.  409.5]
2025-09-17 18:26:25,040 - __main__ - DEBUG - 射线方向: [ 2.5  0.  -9.5]
2025-09-17 18:26:25,040 - __main__ - DEBUG - 平面法向量: [0. 0. 1.]
2025-09-17 18:26:25,040 - __main__ - DEBUG - 平面点: [0. 0. 0.]
2025-09-17 18:26:25,041 - __main__ - INFO - 交点坐标: [120.26315789 170.           0.        ]
2025-09-17 18:26:25,041 - __main__ - DEBUG - 3D交点: [120.26315789 170.           0.        ]
2025-09-17 18:26:25,041 - __main__ - DEBUG - 平面中心: [0. 0. 0.]
2025-09-17 18:26:25,041 - __main__ - DEBUG - X轴: [1. 0. 0.]
2025-09-17 18:26:25,041 - __main__ - DEBUG - Y轴: [0. 1. 0.]
2025-09-17 18:26:25,041 - __main__ - DEBUG - 屏幕2D坐标: Point2D(120.263158, 170.000000)
2025-09-17 18:26:25,041 - __main__ - DEBUG - 屏幕边界: x=[-150.0, 150.0], y=[5.0, 305.0]
2025-09-17 18:26:25,041 - __main__ - DEBUG - 屏幕分辨率: (1440, 960)
2025-09-17 18:26:25,041 - __main__ - DEBUG - 归一化坐标: (0.0991, 0.5500)
2025-09-17 18:26:25,041 - __main__ - DEBUG - 像素坐标: Point2D(142.736842, 528.000000)
2025-09-17 18:26:25,042 - __main__ - INFO - 最终像素坐标: Point2D(142.736842, 528.000000)
2025-09-17 18:26:32,905 - __main__ - INFO - 瞳孔位置: Point3D(15.000, 170.000, 400.000)
2025-09-17 18:26:32,906 - __main__ - INFO - 眼球位置: Point3D(11.500, 170.000, 409.500)
2025-09-17 18:26:32,906 - __main__ - INFO - 视线方向: Point3D(3.500, 0.000, -9.500)
2025-09-17 18:26:32,906 - __main__ - DEBUG - 射线起点: [ 11.5 170.  409.5]
2025-09-17 18:26:32,906 - __main__ - DEBUG - 射线方向: [ 3.5  0.  -9.5]
2025-09-17 18:26:32,906 - __main__ - DEBUG - 平面法向量: [0. 0. 1.]
2025-09-17 18:26:32,907 - __main__ - DEBUG - 平面点: [0. 0. 0.]
2025-09-17 18:26:32,907 - __main__ - INFO - 交点坐标: [162.36842105 170.           0.        ]
2025-09-17 18:26:32,907 - __main__ - DEBUG - 3D交点: [162.36842105 170.           0.        ]
2025-09-17 18:26:32,907 - __main__ - DEBUG - 平面中心: [0. 0. 0.]
2025-09-17 18:26:32,907 - __main__ - DEBUG - X轴: [1. 0. 0.]
2025-09-17 18:26:32,907 - __main__ - DEBUG - Y轴: [0. 1. 0.]
2025-09-17 18:26:32,907 - __main__ - DEBUG - 屏幕2D坐标: Point2D(162.368421, 170.000000)
2025-09-17 18:26:32,907 - __main__ - DEBUG - 屏幕边界: x=[-150.0, 150.0], y=[5.0, 305.0]
2025-09-17 18:26:32,908 - __main__ - DEBUG - 屏幕分辨率: (1440, 960)
2025-09-17 18:26:32,908 - __main__ - DEBUG - 归一化坐标: (-0.0412, 0.5500)
2025-09-17 18:26:32,908 - __main__ - DEBUG - 像素坐标: Point2D(-59.368421, 528.000000)
2025-09-17 18:26:32,908 - __main__ - WARNING - 交点超出屏幕边界，已裁剪: Point2D(-59.368421, 528.000000) -> Point2D(0.000000, 528.000000)
2025-09-17 18:26:32,908 - __main__ - INFO - 最终像素坐标: Point2D(0.000000, 528.000000)
2025-09-17 18:26:49,316 - __main__ - INFO - 瞳孔位置: Point3D(15.000, 170.000, 400.000)
2025-09-17 18:26:49,316 - __main__ - INFO - 眼球位置: Point3D(13.500, 170.000, 409.500)
2025-09-17 18:26:49,317 - __main__ - INFO - 视线方向: Point3D(1.500, 0.000, -9.500)
2025-09-17 18:26:49,317 - __main__ - DEBUG - 射线起点: [ 13.5 170.  409.5]
2025-09-17 18:26:49,317 - __main__ - DEBUG - 射线方向: [ 1.5  0.  -9.5]
2025-09-17 18:26:49,318 - __main__ - DEBUG - 平面法向量: [0. 0. 1.]
2025-09-17 18:26:49,318 - __main__ - DEBUG - 平面点: [0. 0. 0.]
2025-09-17 18:26:49,318 - __main__ - INFO - 交点坐标: [ 78.15789474 170.           0.        ]
2025-09-17 18:26:49,319 - __main__ - DEBUG - 3D交点: [ 78.15789474 170.           0.        ]
2025-09-17 18:26:49,319 - __main__ - DEBUG - 平面中心: [0. 0. 0.]
2025-09-17 18:26:49,319 - __main__ - DEBUG - X轴: [1. 0. 0.]
2025-09-17 18:26:49,319 - __main__ - DEBUG - Y轴: [0. 1. 0.]
2025-09-17 18:26:49,320 - __main__ - DEBUG - 屏幕2D坐标: Point2D(78.157895, 170.000000)
2025-09-17 18:26:49,320 - __main__ - DEBUG - 屏幕边界: x=[-150.0, 150.0], y=[5.0, 305.0]
2025-09-17 18:26:49,320 - __main__ - DEBUG - 屏幕分辨率: (1440, 960)
2025-09-17 18:26:49,320 - __main__ - DEBUG - 归一化坐标: (0.2395, 0.5500)
2025-09-17 18:26:49,320 - __main__ - DEBUG - 像素坐标: Point2D(344.842105, 528.000000)
2025-09-17 18:26:49,320 - __main__ - INFO - 最终像素坐标: Point2D(344.842105, 528.000000)
2025-09-17 18:27:37,321 - __main__ - INFO - 瞳孔位置: Point3D(15.000, 170.000, 400.000)
2025-09-17 18:27:37,322 - __main__ - INFO - 眼球位置: Point3D(15.500, 170.000, 409.500)
2025-09-17 18:27:37,322 - __main__ - INFO - 视线方向: Point3D(-0.500, 0.000, -9.500)
2025-09-17 18:27:37,322 - __main__ - DEBUG - 射线起点: [ 15.5 170.  409.5]
2025-09-17 18:27:37,322 - __main__ - DEBUG - 射线方向: [-0.5  0.  -9.5]
2025-09-17 18:27:37,322 - __main__ - DEBUG - 平面法向量: [0. 0. 1.]
2025-09-17 18:27:37,323 - __main__ - DEBUG - 平面点: [0. 0. 0.]
2025-09-17 18:27:37,323 - __main__ - INFO - 交点坐标: [ -6.05263158 170.           0.        ]
2025-09-17 18:27:37,323 - __main__ - DEBUG - 3D交点: [ -6.05263158 170.           0.        ]
2025-09-17 18:27:37,323 - __main__ - DEBUG - 平面中心: [0. 0. 0.]
2025-09-17 18:27:37,323 - __main__ - DEBUG - X轴: [1. 0. 0.]
2025-09-17 18:27:37,324 - __main__ - DEBUG - Y轴: [0. 1. 0.]
2025-09-17 18:27:37,324 - __main__ - DEBUG - 屏幕2D坐标: Point2D(-6.052632, 170.000000)
2025-09-17 18:27:37,324 - __main__ - DEBUG - 屏幕边界: x=[-150.0, 150.0], y=[5.0, 305.0]
2025-09-17 18:27:37,324 - __main__ - DEBUG - 屏幕分辨率: (1440, 960)
2025-09-17 18:27:37,324 - __main__ - DEBUG - 归一化坐标: (0.5202, 0.5500)
2025-09-17 18:27:37,324 - __main__ - DEBUG - 像素坐标: Point2D(749.052632, 528.000000)
2025-09-17 18:27:37,324 - __main__ - INFO - 最终像素坐标: Point2D(749.052632, 528.000000)
2025-09-17 18:29:23,382 - __main__ - INFO - 瞳孔位置: Point3D(15.000, 170.000, 400.000)
2025-09-17 18:29:23,382 - __main__ - INFO - 眼球位置: Point3D(15.000, 169.000, 409.500)
2025-09-17 18:29:23,382 - __main__ - INFO - 视线方向: Point3D(0.000, 1.000, -9.500)
2025-09-17 18:29:23,383 - __main__ - DEBUG - 射线起点: [ 15.  169.  409.5]
2025-09-17 18:29:23,383 - __main__ - DEBUG - 射线方向: [ 0.   1.  -9.5]
2025-09-17 18:29:23,383 - __main__ - DEBUG - 平面法向量: [0. 0. 1.]
2025-09-17 18:29:23,383 - __main__ - DEBUG - 平面点: [0. 0. 0.]
2025-09-17 18:29:23,383 - __main__ - INFO - 交点坐标: [ 15.         212.10526316   0.        ]
2025-09-17 18:29:23,383 - __main__ - DEBUG - 3D交点: [ 15.         212.10526316   0.        ]
2025-09-17 18:29:23,384 - __main__ - DEBUG - 平面中心: [0. 0. 0.]
2025-09-17 18:29:23,384 - __main__ - DEBUG - X轴: [1. 0. 0.]
2025-09-17 18:29:23,384 - __main__ - DEBUG - Y轴: [0. 1. 0.]
2025-09-17 18:29:23,384 - __main__ - DEBUG - 屏幕2D坐标: Point2D(15.000000, 212.105263)
2025-09-17 18:29:23,384 - __main__ - DEBUG - 屏幕边界: x=[-150.0, 150.0], y=[5.0, 305.0]
2025-09-17 18:29:23,384 - __main__ - DEBUG - 屏幕分辨率: (1440, 960)
2025-09-17 18:29:23,384 - __main__ - DEBUG - 归一化坐标: (0.4500, 0.6904)
2025-09-17 18:29:23,384 - __main__ - DEBUG - 像素坐标: Point2D(648.000000, 662.736842)
2025-09-17 18:29:23,384 - __main__ - INFO - 最终像素坐标: Point2D(648.000000, 662.736842)
2025-09-17 18:29:25,697 - __main__ - INFO - 瞳孔位置: Point3D(15.000, 170.000, 400.000)
2025-09-17 18:29:25,697 - __main__ - INFO - 眼球位置: Point3D(15.000, 169.000, 409.500)
2025-09-17 18:29:25,698 - __main__ - INFO - 视线方向: Point3D(0.000, 1.000, -9.500)
2025-09-17 18:29:25,698 - __main__ - DEBUG - 射线起点: [ 15.  169.  409.5]
2025-09-17 18:29:25,698 - __main__ - DEBUG - 射线方向: [ 0.   1.  -9.5]
2025-09-17 18:29:25,698 - __main__ - DEBUG - 平面法向量: [0. 0. 1.]
2025-09-17 18:29:25,698 - __main__ - DEBUG - 平面点: [0. 0. 0.]
2025-09-17 18:29:25,698 - __main__ - INFO - 交点坐标: [ 15.         212.10526316   0.        ]
2025-09-17 18:29:25,699 - __main__ - DEBUG - 3D交点: [ 15.         212.10526316   0.        ]
2025-09-17 18:29:25,699 - __main__ - DEBUG - 平面中心: [0. 0. 0.]
2025-09-17 18:29:25,699 - __main__ - DEBUG - X轴: [1. 0. 0.]
2025-09-17 18:29:25,699 - __main__ - DEBUG - Y轴: [0. 1. 0.]
2025-09-17 18:29:25,699 - __main__ - DEBUG - 屏幕2D坐标: Point2D(15.000000, 212.105263)
2025-09-17 18:29:25,699 - __main__ - DEBUG - 屏幕边界: x=[-150.0, 150.0], y=[5.0, 305.0]
2025-09-17 18:29:25,699 - __main__ - DEBUG - 屏幕分辨率: (1440, 960)
2025-09-17 18:29:25,699 - __main__ - DEBUG - 归一化坐标: (0.4500, 0.6904)
2025-09-17 18:29:25,699 - __main__ - DEBUG - 像素坐标: Point2D(648.000000, 662.736842)
2025-09-17 18:29:25,699 - __main__ - INFO - 最终像素坐标: Point2D(648.000000, 662.736842)
2025-09-17 18:29:33,198 - __main__ - INFO - 瞳孔位置: Point3D(15.000, 170.000, 400.000)
2025-09-17 18:29:33,198 - __main__ - INFO - 眼球位置: Point3D(15.000, 170.000, 409.500)
2025-09-17 18:29:33,198 - __main__ - INFO - 视线方向: Point3D(0.000, 0.000, -9.500)
2025-09-17 18:29:33,198 - __main__ - DEBUG - 射线起点: [ 15.  170.  409.5]
2025-09-17 18:29:33,198 - __main__ - DEBUG - 射线方向: [ 0.   0.  -9.5]
2025-09-17 18:29:33,198 - __main__ - DEBUG - 平面法向量: [0. 0. 1.]
2025-09-17 18:29:33,199 - __main__ - DEBUG - 平面点: [0. 0. 0.]
2025-09-17 18:29:33,199 - __main__ - INFO - 交点坐标: [ 15. 170.   0.]
2025-09-17 18:29:33,199 - __main__ - DEBUG - 3D交点: [ 15. 170.   0.]
2025-09-17 18:29:33,199 - __main__ - DEBUG - 平面中心: [0. 0. 0.]
2025-09-17 18:29:33,199 - __main__ - DEBUG - X轴: [1. 0. 0.]
2025-09-17 18:29:33,199 - __main__ - DEBUG - Y轴: [0. 1. 0.]
2025-09-17 18:29:33,199 - __main__ - DEBUG - 屏幕2D坐标: Point2D(15.000000, 170.000000)
2025-09-17 18:29:33,201 - __main__ - DEBUG - 屏幕边界: x=[-150.0, 150.0], y=[5.0, 305.0]
2025-09-17 18:29:33,201 - __main__ - DEBUG - 屏幕分辨率: (1440, 960)
2025-09-17 18:29:33,201 - __main__ - DEBUG - 归一化坐标: (0.4500, 0.5500)
2025-09-17 18:29:33,201 - __main__ - DEBUG - 像素坐标: Point2D(648.000000, 528.000000)
2025-09-17 18:29:33,201 - __main__ - INFO - 最终像素坐标: Point2D(648.000000, 528.000000)
2025-09-17 18:29:52,561 - __main__ - INFO - 瞳孔位置: Point3D(15.000, 170.000, 400.000)
2025-09-17 18:29:52,562 - __main__ - INFO - 眼球位置: Point3D(15.000, 168.000, 409.500)
2025-09-17 18:29:52,562 - __main__ - INFO - 视线方向: Point3D(0.000, 2.000, -9.500)
2025-09-17 18:29:52,562 - __main__ - DEBUG - 射线起点: [ 15.  168.  409.5]
2025-09-17 18:29:52,562 - __main__ - DEBUG - 射线方向: [ 0.   2.  -9.5]
2025-09-17 18:29:52,563 - __main__ - DEBUG - 平面法向量: [0. 0. 1.]
2025-09-17 18:29:52,563 - __main__ - DEBUG - 平面点: [0. 0. 0.]
2025-09-17 18:29:52,563 - __main__ - INFO - 交点坐标: [ 15.         254.21052632   0.        ]
2025-09-17 18:29:52,563 - __main__ - DEBUG - 3D交点: [ 15.         254.21052632   0.        ]
2025-09-17 18:29:52,563 - __main__ - DEBUG - 平面中心: [0. 0. 0.]
2025-09-17 18:29:52,563 - __main__ - DEBUG - X轴: [1. 0. 0.]
2025-09-17 18:29:52,564 - __main__ - DEBUG - Y轴: [0. 1. 0.]
2025-09-17 18:29:52,564 - __main__ - DEBUG - 屏幕2D坐标: Point2D(15.000000, 254.210526)
2025-09-17 18:29:52,564 - __main__ - DEBUG - 屏幕边界: x=[-150.0, 150.0], y=[5.0, 305.0]
2025-09-17 18:29:52,564 - __main__ - DEBUG - 屏幕分辨率: (1440, 960)
2025-09-17 18:29:52,564 - __main__ - DEBUG - 归一化坐标: (0.4500, 0.8307)
2025-09-17 18:29:52,564 - __main__ - DEBUG - 像素坐标: Point2D(648.000000, 797.473684)
2025-09-17 18:29:52,564 - __main__ - INFO - 最终像素坐标: Point2D(648.000000, 797.473684)
2025-09-17 18:30:16,118 - __main__ - INFO - 瞳孔位置: Point3D(15.000, 170.000, 400.000)
2025-09-17 18:30:16,118 - __main__ - INFO - 眼球位置: Point3D(15.000, 170.000, 409.500)
2025-09-17 18:30:16,119 - __main__ - INFO - 视线方向: Point3D(0.000, 0.000, -9.500)
2025-09-17 18:30:16,119 - __main__ - DEBUG - 射线起点: [ 15.  170.  409.5]
2025-09-17 18:30:16,119 - __main__ - DEBUG - 射线方向: [ 0.   0.  -9.5]
2025-09-17 18:30:16,119 - __main__ - DEBUG - 平面法向量: [0. 0. 1.]
2025-09-17 18:30:16,120 - __main__ - DEBUG - 平面点: [0. 0. 0.]
2025-09-17 18:30:16,120 - __main__ - INFO - 交点坐标: [ 15. 170.   0.]
2025-09-17 18:30:16,120 - __main__ - DEBUG - 3D交点: [ 15. 170.   0.]
2025-09-17 18:30:16,120 - __main__ - DEBUG - 平面中心: [0. 0. 0.]
2025-09-17 18:30:16,120 - __main__ - DEBUG - X轴: [1. 0. 0.]
2025-09-17 18:30:16,120 - __main__ - DEBUG - Y轴: [0. 1. 0.]
2025-09-17 18:30:16,120 - __main__ - DEBUG - 屏幕2D坐标: Point2D(15.000000, 170.000000)
2025-09-17 18:30:16,120 - __main__ - DEBUG - 屏幕边界: x=[-150.0, 150.0], y=[5.0, 305.0]
2025-09-17 18:30:16,120 - __main__ - DEBUG - 屏幕分辨率: (1440, 960)
2025-09-17 18:30:16,120 - __main__ - DEBUG - 归一化坐标: (0.4500, 0.5500)
2025-09-17 18:30:16,121 - __main__ - DEBUG - 像素坐标: Point2D(648.000000, 528.000000)
2025-09-17 18:30:16,121 - __main__ - INFO - 最终像素坐标: Point2D(648.000000, 528.000000)
2025-09-17 19:28:11,640 - __main__ - INFO - 瞳孔位置: Point3D(15.000, 170.000, 400.000)
2025-09-17 19:28:11,640 - __main__ - INFO - 眼球位置: Point3D(15.000, 170.000, 409.500)
2025-09-17 19:28:11,640 - __main__ - INFO - 视线方向: Point3D(0.000, 0.000, -9.500)
2025-09-17 19:28:11,641 - __main__ - DEBUG - 射线起点: [ 15.  170.  409.5]
2025-09-17 19:28:11,641 - __main__ - DEBUG - 射线方向: [ 0.   0.  -9.5]
2025-09-17 19:28:11,641 - __main__ - DEBUG - 平面法向量: [0. 0. 1.]
2025-09-17 19:28:11,641 - __main__ - DEBUG - 平面点: [0. 0. 0.]
2025-09-17 19:28:11,641 - __main__ - INFO - 交点坐标: [ 15. 170.   0.]
2025-09-17 19:28:11,642 - __main__ - DEBUG - 3D交点: [ 15. 170.   0.]
2025-09-17 19:28:11,642 - __main__ - DEBUG - 平面中心: [0. 0. 0.]
2025-09-17 19:28:11,642 - __main__ - DEBUG - X轴: [1. 0. 0.]
2025-09-17 19:28:11,642 - __main__ - DEBUG - Y轴: [0. 1. 0.]
2025-09-17 19:28:11,642 - __main__ - DEBUG - 屏幕2D坐标: Point2D(15.000000, 170.000000)
2025-09-17 19:28:11,642 - __main__ - DEBUG - 屏幕边界: x=[-150.0, 150.0], y=[5.0, 305.0]
2025-09-17 19:28:11,643 - __main__ - DEBUG - 屏幕分辨率: (1440, 960)
2025-09-17 19:28:11,643 - __main__ - DEBUG - 归一化坐标: (0.4500, 0.5500)
2025-09-17 19:28:11,643 - __main__ - DEBUG - 像素坐标: Point2D(648.000000, 528.000000)
2025-09-17 19:28:11,643 - __main__ - INFO - 最终像素坐标: Point2D(648.000000, 528.000000)
2025-09-17 19:28:11,643 - __main__ - DEBUG - 像素坐标: Point2D(648.000000, 528.000000)
2025-09-17 19:28:11,643 - __main__ - DEBUG - 屏幕边界: x=[-150.0, 150.0], y=[5.0, 305.0]
2025-09-17 19:28:11,643 - __main__ - DEBUG - 归一化坐标: (0.4500, 0.5500)
2025-09-17 19:28:11,643 - __main__ - DEBUG - 屏幕2D坐标: Point2D(15.000000, 170.000000)
2025-09-17 19:28:11,643 - __main__ - DEBUG - 屏幕2D坐标: Point2D(15.000000, 170.000000)
2025-09-17 19:28:11,644 - __main__ - DEBUG - 平面中心: [0. 0. 0.]
2025-09-17 19:28:11,644 - __main__ - DEBUG - X轴: [1. 0. 0.]
2025-09-17 19:28:11,644 - __main__ - DEBUG - Y轴: [0. 1. 0.]
2025-09-17 19:28:11,644 - __main__ - DEBUG - 3D交点坐标: Point3D(15.000, 170.000, 0.000)
2025-09-17 19:28:11,644 - __main__ - INFO - 像素坐标 Point2D(648.000000, 528.000000) 转换为3D交点: Point3D(15.000, 170.000, 0.000)
2025-09-17 19:28:46,359 - __main__ - INFO - 瞳孔位置: Point3D(15.000, 170.000, 400.000)
2025-09-17 19:28:46,359 - __main__ - INFO - 眼球位置: Point3D(15.000, 169.000, 409.500)
2025-09-17 19:28:46,359 - __main__ - INFO - 视线方向: Point3D(0.000, 1.000, -9.500)
2025-09-17 19:28:46,359 - __main__ - DEBUG - 射线起点: [ 15.  169.  409.5]
2025-09-17 19:28:46,360 - __main__ - DEBUG - 射线方向: [ 0.   1.  -9.5]
2025-09-17 19:28:46,360 - __main__ - DEBUG - 平面法向量: [0. 0. 1.]
2025-09-17 19:28:46,360 - __main__ - DEBUG - 平面点: [0. 0. 0.]
2025-09-17 19:28:46,360 - __main__ - INFO - 交点坐标: [ 15.         212.10526316   0.        ]
2025-09-17 19:28:46,360 - __main__ - DEBUG - 3D交点: [ 15.         212.10526316   0.        ]
2025-09-17 19:28:46,361 - __main__ - DEBUG - 平面中心: [0. 0. 0.]
2025-09-17 19:28:46,361 - __main__ - DEBUG - X轴: [1. 0. 0.]
2025-09-17 19:28:46,361 - __main__ - DEBUG - Y轴: [0. 1. 0.]
2025-09-17 19:28:46,361 - __main__ - DEBUG - 屏幕2D坐标: Point2D(15.000000, 212.105263)
2025-09-17 19:28:46,361 - __main__ - DEBUG - 屏幕边界: x=[-150.0, 150.0], y=[5.0, 305.0]
2025-09-17 19:28:46,361 - __main__ - DEBUG - 屏幕分辨率: (1440, 960)
2025-09-17 19:28:46,361 - __main__ - DEBUG - 归一化坐标: (0.4500, 0.6904)
2025-09-17 19:28:46,361 - __main__ - DEBUG - 像素坐标: Point2D(648.000000, 662.736842)
2025-09-17 19:28:46,361 - __main__ - INFO - 最终像素坐标: Point2D(648.000000, 662.736842)
2025-09-17 19:28:46,361 - __main__ - DEBUG - 像素坐标: Point2D(648.000000, 662.736842)
2025-09-17 19:28:46,362 - __main__ - DEBUG - 屏幕边界: x=[-150.0, 150.0], y=[5.0, 305.0]
2025-09-17 19:28:46,362 - __main__ - DEBUG - 归一化坐标: (0.4500, 0.6904)
2025-09-17 19:28:46,362 - __main__ - DEBUG - 屏幕2D坐标: Point2D(15.000000, 212.105263)
2025-09-17 19:28:46,362 - __main__ - DEBUG - 屏幕2D坐标: Point2D(15.000000, 212.105263)
2025-09-17 19:28:46,362 - __main__ - DEBUG - 平面中心: [0. 0. 0.]
2025-09-17 19:28:46,362 - __main__ - DEBUG - X轴: [1. 0. 0.]
2025-09-17 19:28:46,362 - __main__ - DEBUG - Y轴: [0. 1. 0.]
2025-09-17 19:28:46,362 - __main__ - DEBUG - 3D交点坐标: Point3D(15.000, 212.105, 0.000)
2025-09-17 19:28:46,362 - __main__ - INFO - 像素坐标 Point2D(648.000000, 662.736842) 转换为3D交点: Point3D(15.000, 212.105, 0.000)
2025-09-17 21:30:05,304 - __main__ - INFO - 屏幕分辨率: 1440x960
2025-09-17 21:32:50,680 - __main__ - INFO - 屏幕分辨率: 1440x960
2025-09-17 21:33:13,199 - __main__ - INFO - 屏幕分辨率: 1440x960
2025-09-17 22:23:50,619 - __main__ - INFO - 屏幕分辨率: 1440x960
2025-09-17 22:26:18,940 - project.client.kappa.ui - INFO - 屏幕分辨率: 1440x960
