2025-09-26 15:11:08,760 - project.client.kappa.ui - INFO - 屏幕分辨率: 1440x960
2025-09-26 15:11:08,761 - project.data.data_manager - INFO - 从配置文件加载参数: project/config/camera_params.json
2025-09-26 15:11:08,761 - project.core.recognition.detector - INFO - FaceDetector初始化完成，RGB-D模式: False
2025-09-26 15:11:08,763 - __main__ - INFO - FittingScheduler.schedule_fitting() 开始执行
2025-09-26 15:11:08,763 - __main__ - INFO - 系统运行中... (按 Ctrl+C 停止)
2025-09-26 15:11:08,763 - __main__ - INFO - 等待识别完成信号...
2025-09-26 15:11:11,406 - project.data.data_manager - INFO - 摄像头初始化成功，RGB-D模式: False
2025-09-26 15:11:12,038 - project.data.data_manager - WARNING - 非RGB-D摄像头，使用默认深度图
2025-09-26 15:11:13,499 - project.core.recognition.landmark_extractor - WARNING - 关键点 140 原始y坐标超出范围: 1.012，已限制到边界
2025-09-26 15:11:13,501 - project.core.recognition.landmark_extractor - WARNING - 关键点 148 原始y坐标超出范围: 1.036，已限制到边界
2025-09-26 15:11:13,501 - project.core.recognition.landmark_extractor - WARNING - 关键点 152 原始y坐标超出范围: 1.041，已限制到边界
2025-09-26 15:11:13,501 - project.core.recognition.landmark_extractor - WARNING - 关键点 171 原始y坐标超出范围: 1.030，已限制到边界
2025-09-26 15:11:13,501 - project.core.recognition.landmark_extractor - WARNING - 关键点 175 原始y坐标超出范围: 1.034，已限制到边界
2025-09-26 15:11:13,504 - project.core.recognition.landmark_extractor - WARNING - 关键点 176 原始y坐标超出范围: 1.021，已限制到边界
2025-09-26 15:11:13,505 - project.core.recognition.landmark_extractor - WARNING - 关键点 199 原始y坐标超出范围: 1.020，已限制到边界
2025-09-26 15:11:13,505 - project.core.recognition.landmark_extractor - WARNING - 关键点 200 原始y坐标超出范围: 1.001，已限制到边界
2025-09-26 15:11:13,505 - project.core.recognition.landmark_extractor - WARNING - 关键点 208 原始y坐标超出范围: 1.016，已限制到边界
2025-09-26 15:11:13,513 - project.core.recognition.landmark_extractor - WARNING - 关键点 369 原始y坐标超出范围: 1.006，已限制到边界
2025-09-26 15:11:13,513 - project.core.recognition.landmark_extractor - WARNING - 关键点 377 原始y坐标超出范围: 1.033，已限制到边界
2025-09-26 15:11:13,513 - project.core.recognition.landmark_extractor - WARNING - 关键点 396 原始y坐标超出范围: 1.027，已限制到边界
2025-09-26 15:11:13,513 - project.core.recognition.landmark_extractor - WARNING - 关键点 400 原始y坐标超出范围: 1.015，已限制到边界
2025-09-26 15:11:13,513 - project.core.recognition.landmark_extractor - WARNING - 关键点 428 原始y坐标超出范围: 1.013，已限制到边界
2025-09-26 15:11:13,513 - project.core.recognition.detector - INFO - 提取到 478 个关键点
2025-09-26 15:11:13,520 - project.core.recognition.landmark_extractor - INFO - 关键点验证通过
2025-09-26 15:11:13,520 - project.core.recognition.detector - INFO - 关键点验证结果: True
2025-09-26 15:11:13,527 - project.core.recognition.detector - INFO - 人脸检测成功，提取到 478 个关键点
2025-09-26 15:11:13,527 - project.core.recognition.main - INFO - 人脸检测成功
2025-09-26 15:11:13,533 - project.core.recognition.coordinate_converter - WARNING - 关键点 140 转换失败: 无效的深度值：nan，必须大于0.1米
2025-09-26 15:11:13,535 - project.core.recognition.coordinate_converter - WARNING - 关键点 148 转换失败: 无效的深度值：nan，必须大于0.1米
2025-09-26 15:11:13,535 - project.core.recognition.coordinate_converter - WARNING - 关键点 149 转换失败: 无效的深度值：nan，必须大于0.1米
2025-09-26 15:11:13,537 - project.core.recognition.coordinate_converter - WARNING - 关键点 152 转换失败: 无效的深度值：nan，必须大于0.1米
2025-09-26 15:11:13,538 - project.core.recognition.coordinate_converter - WARNING - 关键点 171 转换失败: 无效的深度值：nan，必须大于0.1米
2025-09-26 15:11:13,539 - project.core.recognition.coordinate_converter - WARNING - 关键点 175 转换失败: 无效的深度值：nan，必须大于0.1米
2025-09-26 15:11:13,539 - project.core.recognition.coordinate_converter - WARNING - 关键点 176 转换失败: 无效的深度值：nan，必须大于0.1米
2025-09-26 15:11:13,540 - project.core.recognition.coordinate_converter - WARNING - 关键点 199 转换失败: 无效的深度值：nan，必须大于0.1米
2025-09-26 15:11:13,542 - project.core.recognition.coordinate_converter - WARNING - 关键点 200 转换失败: 无效的深度值：nan，必须大于0.1米
2025-09-26 15:11:13,542 - project.core.recognition.coordinate_converter - WARNING - 关键点 201 转换失败: 无效的深度值：nan，必须大于0.1米
2025-09-26 15:11:13,542 - project.core.recognition.coordinate_converter - WARNING - 关键点 208 转换失败: 无效的深度值：nan，必须大于0.1米
2025-09-26 15:11:13,549 - project.core.recognition.coordinate_converter - WARNING - 关键点 369 转换失败: 无效的深度值：nan，必须大于0.1米
2025-09-26 15:11:13,549 - project.core.recognition.coordinate_converter - WARNING - 关键点 377 转换失败: 无效的深度值：nan，必须大于0.1米
2025-09-26 15:11:13,555 - project.core.recognition.coordinate_converter - WARNING - 关键点 396 转换失败: 无效的深度值：nan，必须大于0.1米
2025-09-26 15:11:13,555 - project.core.recognition.coordinate_converter - WARNING - 关键点 400 转换失败: 无效的深度值：nan，必须大于0.1米
2025-09-26 15:11:13,557 - project.core.recognition.coordinate_converter - WARNING - 关键点 428 转换失败: 无效的深度值：nan，必须大于0.1米
2025-09-26 15:11:13,557 - project.data.data_manager - INFO - RecgFitDataManager初始化 - debug_log: True, key_coordinates: True
2025-09-26 15:11:13,559 - project.data.data_manager - INFO - RecgFitDataManager初始化完成
2025-09-26 15:11:13,559 - __main__ - INFO - 收到识别完成信号，开始拟合...
2025-09-26 15:11:13,559 - __main__ - INFO - 开始拟合frame_id: 0
2025-09-26 15:11:13,563 - root - INFO - 数据质量: {'point_count': 12, 'fitting_point_count': 0, 'constraint_point_count': 12, 'visibility': 0.9390049983137368}
2025-09-26 15:11:13,563 - __main__ - INFO - 等待识别完成信号...
2025-09-26 15:11:13,563 - root - INFO - 选择策略: high_quality
2025-09-26 15:11:13,563 - root - WARNING - 没有拟合点，无法进行优化
2025-09-26 15:11:13,563 - root - INFO - 数据质量: {'point_count': 11, 'fitting_point_count': 0, 'constraint_point_count': 11, 'visibility': 0.9242093896960981}
2025-09-26 15:11:13,563 - root - INFO - 选择策略: high_quality
2025-09-26 15:11:13,563 - root - WARNING - 没有拟合点，无法进行优化
2025-09-26 15:11:13,563 - project.core.fitting.main - INFO - ==============================================
2025-09-26 15:11:13,563 - project.core.fitting.main - INFO - 拟合结果:
2025-09-26 15:11:13,563 - project.core.fitting.main - INFO -   LEFT 眼: 拟合结果：
 球心：[0 0 0]
 半径：12.0
 置信度：0.0
 收敛：False
 迭代次数：0
 最终残差范数：inf
 最终delta范数：inf
 使用策略：lm
2025-09-26 15:11:13,563 - project.core.fitting.main - INFO -   RIGHT 眼: 拟合结果：
 球心：[0 0 0]
 半径：12.0
 置信度：0.0
 收敛：False
 迭代次数：0
 最终残差范数：inf
 最终delta范数：inf
 使用策略：lm
2025-09-26 15:11:13,571 - project.core.fitting.main - INFO - ==============================================
2025-09-26 15:11:13,571 - project.core.fitting.main - ERROR - 拟合过程中发生异常: list index out of range
2025-09-26 15:11:13,571 - project.core.fitting.main - ERROR - 异常堆栈: Traceback (most recent call last):
  File "C:\Users\86158\Desktop\gaze_venv\gaze-refactor\project\core\fitting\main.py", line 42, in run
    pupil_center = self.data_manager.get_coordinate_point(eye, "pupil")[0]
                   ~~~~~~~~~~~~~~~~~~~~~~~~~~~~~~~~~~~~~~~~~~~~~~~~~~~~^^^
IndexError: list index out of range

2025-09-26 15:11:13,677 - project.data.data_manager - WARNING - 非RGB-D摄像头，使用默认深度图
2025-09-26 15:11:13,760 - project.core.recognition.detector - INFO - 提取到 478 个关键点
2025-09-26 15:11:13,762 - project.core.recognition.landmark_extractor - INFO - 关键点验证通过
2025-09-26 15:11:13,762 - project.core.recognition.detector - INFO - 关键点验证结果: True
2025-09-26 15:11:13,768 - project.core.recognition.detector - INFO - 人脸检测成功，提取到 478 个关键点
2025-09-26 15:11:13,768 - project.core.recognition.main - INFO - 人脸检测成功
2025-09-26 15:11:13,776 - project.data.data_manager - INFO - RecgFitDataManager初始化 - debug_log: True, key_coordinates: True
2025-09-26 15:11:13,778 - project.data.data_manager - INFO - RecgFitDataManager初始化完成
2025-09-26 15:11:13,779 - __main__ - INFO - 收到识别完成信号，开始拟合...
2025-09-26 15:11:13,779 - __main__ - INFO - 开始拟合frame_id: 1
2025-09-26 15:11:13,779 - __main__ - INFO - 等待识别完成信号...
2025-09-26 15:11:13,780 - root - INFO - 数据质量: {'point_count': 17, 'fitting_point_count': 5, 'constraint_point_count': 12, 'visibility': 0.9928386172432212}
2025-09-26 15:11:13,780 - root - INFO - 选择策略: high_quality
2025-09-26 15:11:13,780 - root - INFO - 虹膜点拟合外接圆，圆心：[-56.23185032  50.43225353 399.80491251]，半径：8.634082666660062
2025-09-26 15:11:13,794 - root - INFO - 数据质量: {'point_count': 17, 'fitting_point_count': 5, 'constraint_point_count': 12, 'visibility': 1.0}
2025-09-26 15:11:13,794 - root - INFO - 选择策略: high_quality
2025-09-26 15:11:13,794 - root - INFO - 虹膜点拟合外接圆，圆心：[ 21.83140339  48.2533044  399.96195585]，半径：5.188974023816003
2025-09-26 15:11:13,801 - project.core.fitting.main - INFO - ==============================================
2025-09-26 15:11:13,801 - project.core.fitting.main - INFO - 拟合结果:
2025-09-26 15:11:13,801 - project.core.fitting.main - INFO -   LEFT 眼: 拟合结果：
 球心：[-56.20389244  53.98614389 408.37857528]
 半径：12.38146668813986
 置信度：0.8844034449554583
 收敛：True
 迭代次数：4
 最终残差范数：1.0518799852834249
 最终delta范数：0.0007410797522364562
 使用策略：lm
2025-09-26 15:11:13,801 - project.core.fitting.main - INFO -   RIGHT 眼: 拟合结果：
 球心：[ 23.86814     49.680053   408.80542608]
 半径：12.358310478609289
 置信度：0.8893356439111275
 收敛：True
 迭代次数：4
 最终残差范数：0.9245672350426161
 最终delta范数：0.0014488583575448391
 使用策略：lm
2025-09-26 15:11:13,801 - project.core.fitting.main - INFO - ==============================================
2025-09-26 15:11:13,805 - project.config.screen_config - INFO - 瞳孔位置: Point3D(-56.170, 53.954, 399.843)
2025-09-26 15:11:13,805 - project.config.screen_config - INFO - 眼球位置: Point3D(-56.204, 53.986, 408.379)
2025-09-26 15:11:13,805 - project.config.screen_config - INFO - 视线方向: Point3D(0.034, -0.032, -8.536)
2025-09-26 15:11:13,805 - project.config.screen_config - INFO - 交点坐标: [-54.58174185  52.45192025   0.        ]
2025-09-26 15:11:13,807 - project.config.screen_config - INFO - 最终像素坐标: Point2D(981.992361, 202.461526)
2025-09-26 15:11:13,807 - project.core.fitting.main - INFO - -----------------------------------------------
2025-09-26 15:11:13,807 - project.core.fitting.main - INFO - left 视线焦点: Point2D(981.992361, 202.461526)
2025-09-26 15:11:13,807 - project.core.fitting.main - INFO - -----------------------------------------------
2025-09-26 15:11:13,807 - project.config.screen_config - INFO - 瞳孔位置: Point3D(23.823, 49.755, 399.965)
2025-09-26 15:11:13,809 - project.config.screen_config - INFO - 眼球位置: Point3D(23.868, 49.680, 408.805)
2025-09-26 15:11:13,809 - project.config.screen_config - INFO - 视线方向: Point3D(-0.046, 0.075, -8.841)
2025-09-26 15:11:13,809 - project.config.screen_config - INFO - 交点坐标: [21.762501   53.15306106  0.        ]
2025-09-26 15:11:13,811 - project.config.screen_config - INFO - 最终像素坐标: Point2D(615.539995, 205.453061)
2025-09-26 15:11:13,811 - project.core.fitting.main - INFO - -----------------------------------------------
2025-09-26 15:11:13,811 - project.core.fitting.main - INFO - right 视线焦点: Point2D(615.539995, 205.453061)
2025-09-26 15:11:13,811 - project.core.fitting.main - INFO - -----------------------------------------------
2025-09-26 15:11:13,888 - project.data.data_manager - WARNING - 非RGB-D摄像头，使用默认深度图
2025-09-26 15:11:13,978 - project.core.recognition.detector - INFO - 提取到 478 个关键点
2025-09-26 15:11:13,982 - project.core.recognition.landmark_extractor - INFO - 关键点验证通过
2025-09-26 15:11:13,982 - project.core.recognition.detector - INFO - 关键点验证结果: True
2025-09-26 15:11:13,985 - project.core.recognition.detector - INFO - 人脸检测成功，提取到 478 个关键点
2025-09-26 15:11:13,985 - project.core.recognition.main - INFO - 人脸检测成功
2025-09-26 15:11:13,990 - project.data.data_manager - INFO - RecgFitDataManager初始化 - debug_log: True, key_coordinates: True
2025-09-26 15:11:13,993 - project.data.data_manager - INFO - RecgFitDataManager初始化完成
2025-09-26 15:11:13,993 - __main__ - INFO - 收到识别完成信号，开始拟合...
2025-09-26 15:11:13,993 - __main__ - INFO - 开始拟合frame_id: 2
2025-09-26 15:11:13,993 - __main__ - INFO - 等待识别完成信号...
2025-09-26 15:11:13,995 - root - INFO - 数据质量: {'point_count': 17, 'fitting_point_count': 5, 'constraint_point_count': 12, 'visibility': 0.9924246875434041}
2025-09-26 15:11:13,995 - root - INFO - 选择策略: high_quality
2025-09-26 15:11:13,995 - root - INFO - 虹膜点拟合外接圆，圆心：[-61.1816019   59.01227888 399.67830479]，半径：6.028354326624344
2025-09-26 15:11:14,010 - root - INFO - 数据质量: {'point_count': 17, 'fitting_point_count': 5, 'constraint_point_count': 12, 'visibility': 0.9947347554485868}
2025-09-26 15:11:14,010 - root - INFO - 选择策略: high_quality
2025-09-26 15:11:14,010 - root - INFO - 虹膜点拟合外接圆，圆心：[ 23.57486312  54.41140381 399.72195029]，半径：5.143802258586909
2025-09-26 15:11:14,021 - project.core.fitting.main - INFO - ==============================================
2025-09-26 15:11:14,021 - project.core.fitting.main - INFO - 拟合结果:
2025-09-26 15:11:14,023 - project.core.fitting.main - INFO -   LEFT 眼: 拟合结果：
 球心：[-59.28679475  57.16224032 408.29361161]
 半径：12.377111075000679
 置信度：0.8890913355174486
 收敛：True
 迭代次数：4
 最终残差范数：0.9733395671632428
 最终delta范数：0.0007069689998111326
 使用策略：lm
2025-09-26 15:11:14,024 - project.core.fitting.main - INFO -   RIGHT 眼: 拟合结果：
 球心：[ 21.44055007  53.02457799 408.48557303]
 半径：12.368957431466288
 置信度：0.8789562644461713
 收敛：True
 迭代次数：4
 最终残差范数：1.0866720113293395
 最终delta范数：0.004697612891906183
 使用策略：lm
2025-09-26 15:11:14,025 - project.core.fitting.main - INFO - ==============================================
2025-09-26 15:11:14,025 - project.config.screen_config - INFO - 瞳孔位置: Point3D(-59.226, 57.235, 399.725)
2025-09-26 15:11:14,025 - project.config.screen_config - INFO - 眼球位置: Point3D(-59.287, 57.162, 408.294)
2025-09-26 15:11:14,025 - project.config.screen_config - INFO - 视线方向: Point3D(0.060, 0.073, -8.569)
2025-09-26 15:11:14,027 - project.config.screen_config - INFO - 交点坐标: [-56.40904874  60.62628356   0.        ]
2025-09-26 15:11:14,030 - project.config.screen_config - INFO - 最终像素坐标: Point2D(990.763434, 237.338810)
2025-09-26 15:11:14,032 - project.core.fitting.main - INFO - -----------------------------------------------
2025-09-26 15:11:14,032 - project.core.fitting.main - INFO - left 视线焦点: Point2D(990.763434, 237.338810)
2025-09-26 15:11:14,032 - project.core.fitting.main - INFO - -----------------------------------------------
2025-09-26 15:11:14,032 - project.config.screen_config - INFO - 瞳孔位置: Point3D(21.423, 53.082, 399.691)
2025-09-26 15:11:14,032 - project.config.screen_config - INFO - 眼球位置: Point3D(21.441, 53.025, 408.486)
2025-09-26 15:11:14,032 - project.config.screen_config - INFO - 视线方向: Point3D(-0.017, 0.057, -8.794)
2025-09-26 15:11:14,032 - project.config.screen_config - INFO - 交点坐标: [20.64099074 55.6695519   0.        ]
2025-09-26 15:11:14,035 - project.config.screen_config - INFO - 最终像素坐标: Point2D(620.923244, 216.190088)
2025-09-26 15:11:14,035 - project.core.fitting.main - INFO - -----------------------------------------------
2025-09-26 15:11:14,040 - project.core.fitting.main - INFO - right 视线焦点: Point2D(620.923244, 216.190088)
2025-09-26 15:11:14,042 - project.core.fitting.main - INFO - -----------------------------------------------
2025-09-26 15:11:14,098 - project.data.data_manager - WARNING - 非RGB-D摄像头，使用默认深度图
2025-09-26 15:11:14,177 - project.core.recognition.detector - INFO - 提取到 478 个关键点
2025-09-26 15:11:14,177 - project.core.recognition.landmark_extractor - INFO - 关键点验证通过
2025-09-26 15:11:14,181 - project.core.recognition.detector - INFO - 关键点验证结果: True
2025-09-26 15:11:14,181 - project.core.recognition.detector - INFO - 人脸检测成功，提取到 478 个关键点
2025-09-26 15:11:14,185 - project.core.recognition.main - INFO - 人脸检测成功
2025-09-26 15:11:14,189 - project.data.data_manager - INFO - RecgFitDataManager初始化 - debug_log: True, key_coordinates: True
2025-09-26 15:11:14,189 - project.data.data_manager - INFO - RecgFitDataManager初始化完成
2025-09-26 15:11:14,189 - __main__ - INFO - 收到识别完成信号，开始拟合...
2025-09-26 15:11:14,189 - __main__ - INFO - 开始拟合frame_id: 3
2025-09-26 15:11:14,189 - __main__ - INFO - 等待识别完成信号...
2025-09-26 15:11:14,193 - root - INFO - 数据质量: {'point_count': 17, 'fitting_point_count': 5, 'constraint_point_count': 12, 'visibility': 0.9924930237703952}
2025-09-26 15:11:14,194 - root - INFO - 选择策略: high_quality
2025-09-26 15:11:14,194 - root - INFO - 虹膜点拟合外接圆，圆心：[-57.03361901  54.78434672 399.72177893]，半径：8.275036529507144
2025-09-26 15:11:14,204 - root - INFO - 数据质量: {'point_count': 17, 'fitting_point_count': 5, 'constraint_point_count': 12, 'visibility': 1.0}
2025-09-26 15:11:14,205 - root - INFO - 选择策略: high_quality
2025-09-26 15:11:14,205 - root - INFO - 虹膜点拟合外接圆，圆心：[ 21.31318578  54.60366967 399.5423615 ]，半径：5.9685077094309955
2025-09-26 15:11:14,209 - project.core.fitting.main - INFO - ==============================================
2025-09-26 15:11:14,209 - project.core.fitting.main - INFO - 拟合结果:
2025-09-26 15:11:14,209 - project.core.fitting.main - INFO -   LEFT 眼: 拟合结果：
 球心：[-58.92777562  56.42514543 408.50204899]
 半径：12.368898050547404
 置信度：0.8755449888925361
 收敛：True
 迭代次数：3
 最终残差范数：1.1344900880818136
 最终delta范数：0.03473260446812715
 使用策略：lm
2025-09-26 15:11:14,209 - project.core.fitting.main - INFO -   RIGHT 眼: 拟合结果：
 球心：[ 22.93607104  52.83020887 408.44497252]
 半径：12.365283124494978
 置信度：0.8681473204573786
 收敛：True
 迭代次数：4
 最终残差范数：1.219111268019805
 最终delta范数：0.002834253585893923
 使用策略：lm
2025-09-26 15:11:14,213 - project.core.fitting.main - INFO - ==============================================
2025-09-26 15:11:14,213 - project.config.screen_config - INFO - 瞳孔位置: Point3D(-58.933, 56.466, 399.717)
2025-09-26 15:11:14,213 - project.config.screen_config - INFO - 眼球位置: Point3D(-58.928, 56.425, 408.502)
2025-09-26 15:11:14,213 - project.config.screen_config - INFO - 视线方向: Point3D(-0.005, 0.041, -8.785)
2025-09-26 15:11:14,213 - project.config.screen_config - INFO - 交点坐标: [-59.15707066  58.34333503   0.        ]
2025-09-26 15:11:14,213 - project.config.screen_config - INFO - 最终像素坐标: Point2D(1003.953939, 227.598229)
2025-09-26 15:11:14,213 - project.core.fitting.main - INFO - -----------------------------------------------
2025-09-26 15:11:14,213 - project.core.fitting.main - INFO - left 视线焦点: Point2D(1003.953939, 227.598229)
2025-09-26 15:11:14,213 - project.core.fitting.main - INFO - -----------------------------------------------
2025-09-26 15:11:14,213 - project.config.screen_config - INFO - 瞳孔位置: Point3D(23.057, 52.984, 399.486)
2025-09-26 15:11:14,213 - project.config.screen_config - INFO - 眼球位置: Point3D(22.936, 52.830, 408.445)
2025-09-26 15:11:14,213 - project.config.screen_config - INFO - 视线方向: Point3D(0.121, 0.153, -8.959)
2025-09-26 15:11:14,213 - project.config.screen_config - INFO - 交点坐标: [28.46081857 59.81967866  0.        ]
2025-09-26 15:11:14,213 - project.config.screen_config - INFO - 最终像素坐标: Point2D(583.388071, 233.897296)
2025-09-26 15:11:14,213 - project.core.fitting.main - INFO - -----------------------------------------------
2025-09-26 15:11:14,219 - project.core.fitting.main - INFO - right 视线焦点: Point2D(583.388071, 233.897296)
2025-09-26 15:11:14,219 - project.core.fitting.main - INFO - -----------------------------------------------
2025-09-26 15:11:14,298 - project.data.data_manager - WARNING - 非RGB-D摄像头，使用默认深度图
2025-09-26 15:11:14,393 - project.core.recognition.detector - INFO - 提取到 478 个关键点
2025-09-26 15:11:14,393 - project.core.recognition.landmark_extractor - INFO - 关键点验证通过
2025-09-26 15:11:14,393 - project.core.recognition.detector - INFO - 关键点验证结果: True
2025-09-26 15:11:14,397 - project.core.recognition.detector - INFO - 人脸检测成功，提取到 478 个关键点
2025-09-26 15:11:14,403 - project.core.recognition.main - INFO - 人脸检测成功
2025-09-26 15:11:14,410 - project.data.data_manager - INFO - RecgFitDataManager初始化 - debug_log: True, key_coordinates: True
2025-09-26 15:11:14,410 - project.data.data_manager - INFO - RecgFitDataManager初始化完成
2025-09-26 15:11:14,410 - __main__ - INFO - 收到识别完成信号，开始拟合...
2025-09-26 15:11:14,410 - __main__ - INFO - 开始拟合frame_id: 4
2025-09-26 15:11:14,410 - __main__ - INFO - 等待识别完成信号...
2025-09-26 15:11:14,410 - root - INFO - 数据质量: {'point_count': 17, 'fitting_point_count': 5, 'constraint_point_count': 12, 'visibility': 0.9926535169617893}
2025-09-26 15:11:14,410 - root - INFO - 选择策略: high_quality
2025-09-26 15:11:14,414 - root - INFO - 虹膜点拟合外接圆，圆心：[-56.42501299  53.15508415 399.64354038]，半径：8.527040741230437
2025-09-26 15:11:14,422 - root - INFO - 数据质量: {'point_count': 17, 'fitting_point_count': 5, 'constraint_point_count': 12, 'visibility': 1.0}
2025-09-26 15:11:14,422 - root - INFO - 选择策略: high_quality
2025-09-26 15:11:14,427 - root - INFO - 虹膜点拟合外接圆，圆心：[ 23.38982794  54.32142547 399.48242158]，半径：9.539081791657823
2025-09-26 15:11:14,437 - project.core.fitting.main - INFO - ==============================================
2025-09-26 15:11:14,439 - project.core.fitting.main - INFO - 拟合结果:
2025-09-26 15:11:14,440 - project.core.fitting.main - INFO -   LEFT 眼: 拟合结果：
 球心：[-56.49534518  56.52378608 408.33256954]
 半径：12.375594964365897
 置信度：0.8803259486309921
 收敛：True
 迭代次数：4
 最终残差范数：1.0884297327850152
 最终delta范数：0.0009148030664698609
 使用策略：lm
2025-09-26 15:11:14,440 - project.core.fitting.main - INFO -   RIGHT 眼: 拟合结果：
 球心：[ 25.16670062  52.54463832 408.41963416]
 半径：12.362988469626778
 置信度：0.8682012349572222
 收敛：True
 迭代次数：4
 最终残差范数：1.2216110847134158
 最终delta范数：0.0016532377753813883
 使用策略：lm
2025-09-26 15:11:14,441 - project.core.fitting.main - INFO - ==============================================
2025-09-26 15:11:14,443 - project.config.screen_config - INFO - 瞳孔位置: Point3D(-56.396, 56.554, 399.690)
2025-09-26 15:11:14,443 - project.config.screen_config - INFO - 眼球位置: Point3D(-56.495, 56.524, 408.333)
2025-09-26 15:11:14,443 - project.config.screen_config - INFO - 视线方向: Point3D(0.099, 0.030, -8.643)
2025-09-26 15:11:14,444 - project.config.screen_config - INFO - 交点坐标: [-51.79900847  57.94973095   0.        ]
2025-09-26 15:11:14,447 - project.config.screen_config - INFO - 最终像素坐标: Point2D(968.635241, 225.918852)
2025-09-26 15:11:14,449 - project.core.fitting.main - INFO - -----------------------------------------------
2025-09-26 15:11:14,449 - project.core.fitting.main - INFO - left 视线焦点: Point2D(968.635241, 225.918852)
2025-09-26 15:11:14,449 - project.core.fitting.main - INFO - -----------------------------------------------
2025-09-26 15:11:14,451 - project.config.screen_config - INFO - 瞳孔位置: Point3D(25.048, 52.659, 399.534)
2025-09-26 15:11:14,452 - project.config.screen_config - INFO - 眼球位置: Point3D(25.167, 52.545, 408.420)
2025-09-26 15:11:14,454 - project.config.screen_config - INFO - 视线方向: Point3D(-0.118, 0.114, -8.886)
2025-09-26 15:11:14,456 - project.config.screen_config - INFO - 交点坐标: [19.72987188 57.78444114  0.        ]
2025-09-26 15:11:14,458 - project.config.screen_config - INFO - 最终像素坐标: Point2D(625.296615, 225.213616)
2025-09-26 15:11:14,458 - project.core.fitting.main - INFO - -----------------------------------------------
2025-09-26 15:11:14,458 - project.core.fitting.main - INFO - right 视线焦点: Point2D(625.296615, 225.213616)
2025-09-26 15:11:14,460 - project.core.fitting.main - INFO - -----------------------------------------------
2025-09-26 15:11:14,528 - project.data.data_manager - WARNING - 非RGB-D摄像头，使用默认深度图
2025-09-26 15:11:14,610 - project.core.recognition.detector - INFO - 提取到 478 个关键点
2025-09-26 15:11:14,612 - project.core.recognition.landmark_extractor - INFO - 关键点验证通过
2025-09-26 15:11:14,612 - project.core.recognition.detector - INFO - 关键点验证结果: True
2025-09-26 15:11:14,617 - project.core.recognition.detector - INFO - 人脸检测成功，提取到 478 个关键点
2025-09-26 15:11:14,617 - project.core.recognition.main - INFO - 人脸检测成功
2025-09-26 15:11:14,625 - project.data.data_manager - INFO - RecgFitDataManager初始化 - debug_log: True, key_coordinates: True
2025-09-26 15:11:14,627 - project.data.data_manager - INFO - RecgFitDataManager初始化完成
2025-09-26 15:11:14,628 - __main__ - INFO - 收到识别完成信号，开始拟合...
2025-09-26 15:11:14,628 - __main__ - INFO - 开始拟合frame_id: 5
2025-09-26 15:11:14,628 - __main__ - INFO - 等待识别完成信号...
2025-09-26 15:11:14,629 - root - INFO - 数据质量: {'point_count': 17, 'fitting_point_count': 5, 'constraint_point_count': 12, 'visibility': 0.9997643238654701}
2025-09-26 15:11:14,630 - root - INFO - 选择策略: high_quality
2025-09-26 15:11:14,631 - root - INFO - 虹膜点拟合外接圆，圆心：[-65.15105729  73.53092097 399.0791291 ]，半径：7.920069838762404
2025-09-26 15:11:14,657 - root - INFO - 数据质量: {'point_count': 17, 'fitting_point_count': 5, 'constraint_point_count': 12, 'visibility': 1.0}
2025-09-26 15:11:14,657 - root - INFO - 选择策略: high_quality
2025-09-26 15:11:14,658 - root - INFO - 虹膜点拟合外接圆，圆心：[ 23.78837138  68.30651452 399.07682687]，半径：6.023024458488975
2025-09-26 15:11:14,675 - project.core.fitting.main - INFO - ==============================================
2025-09-26 15:11:14,676 - project.core.fitting.main - INFO - 拟合结果:
2025-09-26 15:11:14,676 - project.core.fitting.main - INFO -   LEFT 眼: 拟合结果：
 球心：[-60.78711131  73.49977541 407.58062187]
 半径：12.40327886361223
 置信度：0.8340536044591352
 收敛：True
 迭代次数：5
 最终残差范数：1.6463328423659314
 最终delta范数：0.020009686317387844
 使用策略：lm
2025-09-26 15:11:14,677 - project.core.fitting.main - INFO -   RIGHT 眼: 拟合结果：
 球心：[ 22.0487674   69.70058033 407.97879128]
 半径：12.377551241228355
 置信度：0.8679883750200078
 收敛：True
 迭代次数：4
 最终残差范数：1.245563520417626
 最终delta范数：0.004099859766530961
 使用策略：lm
2025-09-26 15:11:14,677 - project.core.fitting.main - INFO - ==============================================
2025-09-26 15:11:14,677 - project.config.screen_config - INFO - 瞳孔位置: Point3D(-60.946, 73.500, 399.080)
2025-09-26 15:11:14,677 - project.config.screen_config - INFO - 眼球位置: Point3D(-60.787, 73.500, 407.581)
2025-09-26 15:11:14,678 - project.config.screen_config - INFO - 视线方向: Point3D(-0.159, 0.000, -8.500)
2025-09-26 15:11:14,678 - project.config.screen_config - INFO - 交点坐标: [-68.40633397  73.50101396   0.        ]
2025-09-26 15:11:14,680 - project.config.screen_config - INFO - 最终像素坐标: Point2D(1048.350403, 292.270993)
2025-09-26 15:11:14,683 - project.core.fitting.main - INFO - -----------------------------------------------
2025-09-26 15:11:14,683 - project.core.fitting.main - INFO - left 视线焦点: Point2D(1048.350403, 292.270993)
2025-09-26 15:11:14,683 - project.core.fitting.main - INFO - -----------------------------------------------
2025-09-26 15:11:14,683 - project.config.screen_config - INFO - 瞳孔位置: Point3D(22.021, 70.152, 399.311)
2025-09-26 15:11:14,684 - project.config.screen_config - INFO - 眼球位置: Point3D(22.049, 69.701, 407.979)
2025-09-26 15:11:14,684 - project.config.screen_config - INFO - 视线方向: Point3D(-0.028, 0.451, -8.668)
2025-09-26 15:11:14,685 - project.config.screen_config - INFO - 交点坐标: [20.72172132 90.94075662  0.        ]
2025-09-26 15:11:14,687 - project.config.screen_config - INFO - 最终像素坐标: Point2D(620.535738, 366.680562)
2025-09-26 15:11:14,687 - project.core.fitting.main - INFO - -----------------------------------------------
2025-09-26 15:11:14,687 - project.core.fitting.main - INFO - right 视线焦点: Point2D(620.535738, 366.680562)
2025-09-26 15:11:14,689 - project.core.fitting.main - INFO - -----------------------------------------------
2025-09-26 15:11:14,731 - project.data.data_manager - WARNING - 非RGB-D摄像头，使用默认深度图
2025-09-26 15:11:14,789 - project.core.recognition.landmark_extractor - WARNING - 关键点 148 原始y坐标超出范围: 1.003，已限制到边界
2025-09-26 15:11:14,789 - project.core.recognition.landmark_extractor - WARNING - 关键点 152 原始y坐标超出范围: 1.007，已限制到边界
2025-09-26 15:11:14,793 - project.core.recognition.landmark_extractor - WARNING - 关键点 175 原始y坐标超出范围: 1.001，已限制到边界
2025-09-26 15:11:14,797 - project.core.recognition.landmark_extractor - WARNING - 关键点 377 原始y坐标超出范围: 1.001，已限制到边界
2025-09-26 15:11:14,797 - project.core.recognition.detector - INFO - 提取到 478 个关键点
2025-09-26 15:11:14,801 - project.core.recognition.landmark_extractor - INFO - 关键点验证通过
2025-09-26 15:11:14,801 - project.core.recognition.detector - INFO - 关键点验证结果: True
2025-09-26 15:11:14,808 - project.core.recognition.detector - INFO - 人脸检测成功，提取到 478 个关键点
2025-09-26 15:11:14,810 - project.core.recognition.main - INFO - 人脸检测成功
2025-09-26 15:11:14,810 - project.core.recognition.coordinate_converter - WARNING - 关键点 148 转换失败: 无效的深度值：nan，必须大于0.1米
2025-09-26 15:11:14,810 - project.core.recognition.coordinate_converter - WARNING - 关键点 152 转换失败: 无效的深度值：nan，必须大于0.1米
2025-09-26 15:11:14,810 - project.core.recognition.coordinate_converter - WARNING - 关键点 175 转换失败: 无效的深度值：nan，必须大于0.1米
2025-09-26 15:11:14,814 - project.core.recognition.coordinate_converter - WARNING - 关键点 377 转换失败: 无效的深度值：nan，必须大于0.1米
2025-09-26 15:11:14,814 - project.data.data_manager - INFO - RecgFitDataManager初始化 - debug_log: True, key_coordinates: True
2025-09-26 15:11:14,814 - project.data.data_manager - INFO - RecgFitDataManager初始化完成
2025-09-26 15:11:14,814 - __main__ - INFO - 收到识别完成信号，开始拟合...
2025-09-26 15:11:14,814 - __main__ - INFO - 开始拟合frame_id: 6
2025-09-26 15:11:14,814 - __main__ - INFO - 等待识别完成信号...
2025-09-26 15:11:14,819 - root - INFO - 数据质量: {'point_count': 17, 'fitting_point_count': 5, 'constraint_point_count': 12, 'visibility': 0.970485484205653}
2025-09-26 15:11:14,819 - root - INFO - 选择策略: high_quality
2025-09-26 15:11:14,819 - root - INFO - 虹膜点拟合外接圆，圆心：[ 14.34041827  68.41569489 399.3479535 ]，半径：9.219354090677257
2025-09-26 15:11:14,834 - root - INFO - 数据质量: {'point_count': 13, 'fitting_point_count': 1, 'constraint_point_count': 12, 'visibility': 0.9575489045407586}
2025-09-26 15:11:14,835 - root - INFO - 选择策略: high_quality
2025-09-26 15:11:14,835 - root - WARNING - 线性方程组求解失败，使用最小二乘法求解
2025-09-26 15:11:14,837 - root - WARNING - 线性方程组求解失败，使用最小二乘法求解
2025-09-26 15:11:14,840 - project.core.fitting.main - INFO - ==============================================
2025-09-26 15:11:14,841 - project.core.fitting.main - INFO - 拟合结果:
2025-09-26 15:11:14,841 - project.core.fitting.main - INFO -   LEFT 眼: 拟合结果：
 球心：[ 12.91208295  68.24617333 408.61623152]
 半径：11.957641302765715
 置信度：0.5847526005439635
 收敛：True
 迭代次数：8
 最终残差范数：2.4179246425220273
 最终delta范数：0.03554397990393524
 使用策略：lm
2025-09-26 15:11:14,841 - project.core.fitting.main - INFO -   RIGHT 眼: 拟合结果：
 球心：[ 13.19506741  74.81826518 408.6218602 ]
 半径：12.45003248267864
 置信度：0.8999999999324663
 收敛：True
 迭代次数：2
 最终残差范数：0.7239686194169664
 最终delta范数：0.0049586124015416535
 使用策略：lm
2025-09-26 15:11:14,841 - project.core.fitting.main - INFO - ==============================================
2025-09-26 15:11:14,841 - project.config.screen_config - INFO - 瞳孔位置: Point3D(-67.985, 78.593, 399.461)
2025-09-26 15:11:14,841 - project.config.screen_config - INFO - 眼球位置: Point3D(12.912, 68.246, 408.616)
2025-09-26 15:11:14,841 - project.config.screen_config - INFO - 视线方向: Point3D(-80.897, 10.347, -9.155)
2025-09-26 15:11:14,844 - project.config.screen_config - INFO - 交点坐标: [-3597.68684298   530.03802969     0.        ]
2025-09-26 15:11:14,845 - project.config.screen_config - WARNING - 交点超出屏幕边界，已裁剪: Point2D(17988.896846, 2240.162260) -> Point2D(1439.000000, 959.000000)
2025-09-26 15:11:14,845 - project.config.screen_config - INFO - 最终像素坐标: Point2D(1439.000000, 959.000000)
2025-09-26 15:11:14,846 - project.core.fitting.main - INFO - -----------------------------------------------
2025-09-26 15:11:14,846 - project.core.fitting.main - INFO - left 视线焦点: Point2D(1439.000000, 959.000000)
2025-09-26 15:11:14,846 - project.core.fitting.main - INFO - -----------------------------------------------
2025-09-26 15:11:14,846 - project.config.screen_config - INFO - 瞳孔位置: Point3D(13.195, 74.818, 399.672)
2025-09-26 15:11:14,846 - project.config.screen_config - INFO - 眼球位置: Point3D(13.195, 74.818, 408.622)
2025-09-26 15:11:14,846 - project.config.screen_config - INFO - 视线方向: Point3D(0.000, 0.000, -8.950)
2025-09-26 15:11:14,848 - project.config.screen_config - INFO - 交点坐标: [13.19506741 74.81826518  0.        ]
2025-09-26 15:11:14,848 - project.config.screen_config - INFO - 最终像素坐标: Point2D(656.663676, 297.891265)
2025-09-26 15:11:14,848 - project.core.fitting.main - INFO - -----------------------------------------------
2025-09-26 15:11:14,849 - project.core.fitting.main - INFO - right 视线焦点: Point2D(656.663676, 297.891265)
2025-09-26 15:11:14,849 - project.core.fitting.main - INFO - -----------------------------------------------
2025-09-26 15:11:14,929 - project.data.data_manager - WARNING - 非RGB-D摄像头，使用默认深度图
2025-09-26 15:11:14,992 - project.core.recognition.landmark_extractor - WARNING - 关键点 148 原始y坐标超出范围: 1.012，已限制到边界
2025-09-26 15:11:14,992 - project.core.recognition.landmark_extractor - WARNING - 关键点 152 原始y坐标超出范围: 1.015，已限制到边界
2025-09-26 15:11:14,992 - project.core.recognition.landmark_extractor - WARNING - 关键点 171 原始y坐标超出范围: 1.006，已限制到边界
2025-09-26 15:11:14,992 - project.core.recognition.landmark_extractor - WARNING - 关键点 175 原始y坐标超出范围: 1.010，已限制到边界
2025-09-26 15:11:14,996 - project.core.recognition.landmark_extractor - WARNING - 关键点 377 原始y坐标超出范围: 1.009，已限制到边界
2025-09-26 15:11:14,998 - project.core.recognition.landmark_extractor - WARNING - 关键点 396 原始y坐标超出范围: 1.004，已限制到边界
2025-09-26 15:11:15,000 - project.core.recognition.detector - INFO - 提取到 478 个关键点
2025-09-26 15:11:15,003 - project.core.recognition.landmark_extractor - INFO - 关键点验证通过
2025-09-26 15:11:15,005 - project.core.recognition.detector - INFO - 关键点验证结果: True
2025-09-26 15:11:15,009 - project.core.recognition.detector - INFO - 人脸检测成功，提取到 478 个关键点
2025-09-26 15:11:15,011 - project.core.recognition.main - INFO - 人脸检测成功
2025-09-26 15:11:15,011 - project.core.recognition.coordinate_converter - WARNING - 关键点 148 转换失败: 无效的深度值：nan，必须大于0.1米
2025-09-26 15:11:15,014 - project.core.recognition.coordinate_converter - WARNING - 关键点 152 转换失败: 无效的深度值：nan，必须大于0.1米
2025-09-26 15:11:15,014 - project.core.recognition.coordinate_converter - WARNING - 关键点 171 转换失败: 无效的深度值：nan，必须大于0.1米
2025-09-26 15:11:15,014 - project.core.recognition.coordinate_converter - WARNING - 关键点 175 转换失败: 无效的深度值：nan，必须大于0.1米
2025-09-26 15:11:15,014 - project.core.recognition.coordinate_converter - WARNING - 关键点 176 转换失败: 无效的深度值：nan，必须大于0.1米
2025-09-26 15:11:15,014 - project.core.recognition.coordinate_converter - WARNING - 关键点 377 转换失败: 无效的深度值：nan，必须大于0.1米
2025-09-26 15:11:15,014 - project.core.recognition.coordinate_converter - WARNING - 关键点 396 转换失败: 无效的深度值：nan，必须大于0.1米
2025-09-26 15:11:15,018 - project.data.data_manager - INFO - RecgFitDataManager初始化 - debug_log: True, key_coordinates: True
2025-09-26 15:11:15,018 - project.data.data_manager - INFO - RecgFitDataManager初始化完成
2025-09-26 15:11:15,018 - __main__ - INFO - 收到识别完成信号，开始拟合...
2025-09-26 15:11:15,018 - __main__ - INFO - 开始拟合frame_id: 7
2025-09-26 15:11:15,018 - __main__ - INFO - 等待识别完成信号...
2025-09-26 15:11:15,018 - root - INFO - 数据质量: {'point_count': 15, 'fitting_point_count': 3, 'constraint_point_count': 12, 'visibility': 0.9834153625662639}
2025-09-26 15:11:15,023 - root - INFO - 选择策略: high_quality
2025-09-26 15:11:15,026 - root - INFO - 数据质量: {'point_count': 12, 'fitting_point_count': 0, 'constraint_point_count': 12, 'visibility': 0.9476670638670108}
2025-09-26 15:11:15,026 - root - INFO - 选择策略: high_quality
2025-09-26 15:11:15,026 - root - WARNING - 没有拟合点，无法进行优化
2025-09-26 15:11:15,026 - project.core.fitting.main - INFO - ==============================================
2025-09-26 15:11:15,026 - project.core.fitting.main - INFO - 拟合结果:
2025-09-26 15:11:15,030 - project.core.fitting.main - INFO -   LEFT 眼: 拟合结果：
 球心：[ 11.77981679  69.77252476 407.19579028]
 半径：12.363352861037217
 置信度：0.8998039313275182
 收敛：True
 迭代次数：3
 最终残差范数：0.7246686247366304
 最终delta范数：0.06292463183758185
 使用策略：lm
2025-09-26 15:11:15,030 - project.core.fitting.main - INFO -   RIGHT 眼: 拟合结果：
 球心：[0 0 0]
 半径：12.0
 置信度：0.0
 收敛：False
 迭代次数：0
 最终残差范数：inf
 最终delta范数：inf
 使用策略：lm
2025-09-26 15:11:15,030 - project.core.fitting.main - INFO - ==============================================
2025-09-26 15:11:15,030 - project.config.screen_config - INFO - 瞳孔位置: Point3D(10.768, 65.342, 399.495)
2025-09-26 15:11:15,030 - project.config.screen_config - INFO - 眼球位置: Point3D(11.780, 69.773, 407.196)
2025-09-26 15:11:15,030 - project.config.screen_config - INFO - 视线方向: Point3D(-1.012, -4.430, -7.701)
2025-09-26 15:11:15,030 - project.config.screen_config - INFO - 交点坐标: [ -41.73617186 -164.48491867    0.        ]
2025-09-26 15:11:15,030 - project.config.screen_config - WARNING - 交点超出屏幕边界，已裁剪: Point2D(920.333625, -723.135653) -> Point2D(920.333625, 0.000000)
2025-09-26 15:11:15,030 - project.config.screen_config - INFO - 最终像素坐标: Point2D(920.333625, 0.000000)
2025-09-26 15:11:15,030 - project.core.fitting.main - INFO - -----------------------------------------------
2025-09-26 15:11:15,035 - project.core.fitting.main - INFO - left 视线焦点: Point2D(920.333625, 0.000000)
2025-09-26 15:11:15,035 - project.core.fitting.main - INFO - -----------------------------------------------
2025-09-26 15:11:15,035 - project.core.fitting.main - ERROR - 拟合过程中发生异常: list index out of range
2025-09-26 15:11:15,045 - project.core.fitting.main - ERROR - 异常堆栈: Traceback (most recent call last):
  File "C:\Users\86158\Desktop\gaze_venv\gaze-refactor\project\core\fitting\main.py", line 42, in run
    pupil_center = self.data_manager.get_coordinate_point(eye, "pupil")[0]
                   ~~~~~~~~~~~~~~~~~~~~~~~~~~~~~~~~~~~~~~~~~~~~~~~~~~~~^^^
IndexError: list index out of range

2025-09-26 15:11:15,128 - project.data.data_manager - WARNING - 非RGB-D摄像头，使用默认深度图
2025-09-26 15:11:15,190 - project.core.recognition.landmark_extractor - WARNING - 关键点 148 原始y坐标超出范围: 1.023，已限制到边界
2025-09-26 15:11:15,190 - project.core.recognition.landmark_extractor - WARNING - 关键点 152 原始y坐标超出范围: 1.026，已限制到边界
2025-09-26 15:11:15,191 - project.core.recognition.landmark_extractor - WARNING - 关键点 171 原始y坐标超出范围: 1.017，已限制到边界
2025-09-26 15:11:15,192 - project.core.recognition.landmark_extractor - WARNING - 关键点 175 原始y坐标超出范围: 1.020，已限制到边界
2025-09-26 15:11:15,192 - project.core.recognition.landmark_extractor - WARNING - 关键点 176 原始y坐标超出范围: 1.009，已限制到边界
2025-09-26 15:11:15,193 - project.core.recognition.landmark_extractor - WARNING - 关键点 199 原始y坐标超出范围: 1.006，已限制到边界
2025-09-26 15:11:15,193 - project.core.recognition.landmark_extractor - WARNING - 关键点 208 原始y坐标超出范围: 1.003，已限制到边界
2025-09-26 15:11:15,197 - project.core.recognition.landmark_extractor - WARNING - 关键点 377 原始y坐标超出范围: 1.019，已限制到边界
2025-09-26 15:11:15,197 - project.core.recognition.landmark_extractor - WARNING - 关键点 396 原始y坐标超出范围: 1.013，已限制到边界
2025-09-26 15:11:15,197 - project.core.recognition.landmark_extractor - WARNING - 关键点 400 原始y坐标超出范围: 1.003，已限制到边界
2025-09-26 15:11:15,197 - project.core.recognition.detector - INFO - 提取到 478 个关键点
2025-09-26 15:11:15,202 - project.core.recognition.landmark_extractor - INFO - 关键点验证通过
2025-09-26 15:11:15,203 - project.core.recognition.detector - INFO - 关键点验证结果: True
2025-09-26 15:11:15,208 - project.core.recognition.detector - INFO - 人脸检测成功，提取到 478 个关键点
2025-09-26 15:11:15,208 - project.core.recognition.main - INFO - 人脸检测成功
2025-09-26 15:11:15,211 - project.core.recognition.coordinate_converter - WARNING - 关键点 140 转换失败: 无效的深度值：nan，必须大于0.1米
2025-09-26 15:11:15,211 - project.core.recognition.coordinate_converter - WARNING - 关键点 148 转换失败: 无效的深度值：nan，必须大于0.1米
2025-09-26 15:11:15,212 - project.core.recognition.coordinate_converter - WARNING - 关键点 152 转换失败: 无效的深度值：nan，必须大于0.1米
2025-09-26 15:11:15,215 - project.core.recognition.coordinate_converter - WARNING - 关键点 171 转换失败: 无效的深度值：nan，必须大于0.1米
2025-09-26 15:11:15,216 - project.core.recognition.coordinate_converter - WARNING - 关键点 175 转换失败: 无效的深度值：nan，必须大于0.1米
2025-09-26 15:11:15,216 - project.core.recognition.coordinate_converter - WARNING - 关键点 176 转换失败: 无效的深度值：nan，必须大于0.1米
2025-09-26 15:11:15,216 - project.core.recognition.coordinate_converter - WARNING - 关键点 199 转换失败: 无效的深度值：nan，必须大于0.1米
2025-09-26 15:11:15,218 - project.core.recognition.coordinate_converter - WARNING - 关键点 208 转换失败: 无效的深度值：nan，必须大于0.1米
2025-09-26 15:11:15,219 - project.core.recognition.coordinate_converter - WARNING - 关键点 377 转换失败: 无效的深度值：nan，必须大于0.1米
2025-09-26 15:11:15,221 - project.core.recognition.coordinate_converter - WARNING - 关键点 396 转换失败: 无效的深度值：nan，必须大于0.1米
2025-09-26 15:11:15,221 - project.core.recognition.coordinate_converter - WARNING - 关键点 400 转换失败: 无效的深度值：nan，必须大于0.1米
2025-09-26 15:11:15,223 - project.core.recognition.coordinate_converter - WARNING - 关键点 428 转换失败: 无效的深度值：nan，必须大于0.1米
2025-09-26 15:11:15,224 - project.data.data_manager - INFO - RecgFitDataManager初始化 - debug_log: True, key_coordinates: True
2025-09-26 15:11:15,224 - project.data.data_manager - INFO - RecgFitDataManager初始化完成
2025-09-26 15:11:15,228 - __main__ - INFO - 收到识别完成信号，开始拟合...
2025-09-26 15:11:15,230 - __main__ - INFO - 开始拟合frame_id: 8
2025-09-26 15:11:15,230 - __main__ - INFO - 等待识别完成信号...
2025-09-26 15:11:15,230 - root - INFO - 数据质量: {'point_count': 12, 'fitting_point_count': 0, 'constraint_point_count': 12, 'visibility': 0.950425301691287}
2025-09-26 15:11:15,230 - root - INFO - 选择策略: high_quality
2025-09-26 15:11:15,232 - root - WARNING - 没有拟合点，无法进行优化
2025-09-26 15:11:15,232 - root - INFO - 数据质量: {'point_count': 11, 'fitting_point_count': 0, 'constraint_point_count': 11, 'visibility': 0.8965809162478415}
2025-09-26 15:11:15,232 - root - INFO - 选择策略: medium_quality
2025-09-26 15:11:15,234 - root - WARNING - 没有拟合点，无法进行优化
2025-09-26 15:11:15,238 - root - WARNING - 没有拟合点，无法进行优化
2025-09-26 15:11:15,239 - root - WARNING - 没有拟合点，无法进行优化
2025-09-26 15:11:15,241 - root - WARNING - 没有拟合点，无法进行优化
2025-09-26 15:11:15,242 - root - WARNING - 没有拟合点，无法进行优化
2025-09-26 15:11:15,242 - root - WARNING - 没有拟合点，无法进行优化
2025-09-26 15:11:15,245 - root - WARNING - 没有拟合点，无法进行优化
2025-09-26 15:11:15,245 - root - WARNING - 没有拟合点，无法进行优化
2025-09-26 15:11:15,246 - root - WARNING - 没有拟合点，无法进行优化
2025-09-26 15:11:15,246 - root - WARNING - 没有拟合点，无法进行优化
2025-09-26 15:11:15,246 - root - WARNING - 没有拟合点，无法进行优化
2025-09-26 15:11:15,246 - root - WARNING - 没有拟合点，无法进行优化
2025-09-26 15:11:15,247 - root - WARNING - 没有拟合点，无法进行优化
2025-09-26 15:11:15,248 - root - WARNING - 没有拟合点，无法进行优化
2025-09-26 15:11:15,248 - root - WARNING - 没有拟合点，无法进行优化
2025-09-26 15:11:15,249 - root - WARNING - 没有拟合点，无法进行优化
2025-09-26 15:11:15,249 - root - WARNING - 没有拟合点，无法进行优化
2025-09-26 15:11:15,250 - root - WARNING - 没有拟合点，无法进行优化
2025-09-26 15:11:15,252 - root - WARNING - 没有拟合点，无法进行优化
2025-09-26 15:11:15,252 - root - WARNING - 没有拟合点，无法进行优化
2025-09-26 15:11:15,252 - project.core.fitting.main - INFO - ==============================================
2025-09-26 15:11:15,252 - project.core.fitting.main - INFO - 拟合结果:
2025-09-26 15:11:15,254 - project.core.fitting.main - INFO -   LEFT 眼: 拟合结果：
 球心：[0 0 0]
 半径：12.0
 置信度：0.0
 收敛：False
 迭代次数：0
 最终残差范数：inf
 最终delta范数：inf
 使用策略：lm
2025-09-26 15:11:15,255 - project.core.fitting.main - INFO -   RIGHT 眼: 拟合结果：
 球心：[0 0 0]
 半径：12.0
 置信度：0.0
 收敛：False
 迭代次数：0
 最终残差范数：inf
 最终delta范数：inf
 使用策略：ransac
2025-09-26 15:11:15,255 - project.core.fitting.main - INFO - ==============================================
2025-09-26 15:11:15,257 - project.core.fitting.main - ERROR - 拟合过程中发生异常: list index out of range
2025-09-26 15:11:15,259 - project.core.fitting.main - ERROR - 异常堆栈: Traceback (most recent call last):
  File "C:\Users\86158\Desktop\gaze_venv\gaze-refactor\project\core\fitting\main.py", line 42, in run
    pupil_center = self.data_manager.get_coordinate_point(eye, "pupil")[0]
                   ~~~~~~~~~~~~~~~~~~~~~~~~~~~~~~~~~~~~~~~~~~~~~~~~~~~~^^^
IndexError: list index out of range

2025-09-26 15:11:15,347 - project.data.data_manager - WARNING - 非RGB-D摄像头，使用默认深度图
2025-09-26 15:11:15,421 - project.core.recognition.landmark_extractor - WARNING - 关键点 148 原始y坐标超出范围: 1.017，已限制到边界
2025-09-26 15:11:15,421 - project.core.recognition.landmark_extractor - WARNING - 关键点 152 原始y坐标超出范围: 1.021，已限制到边界
2025-09-26 15:11:15,421 - project.core.recognition.landmark_extractor - WARNING - 关键点 171 原始y坐标超出范围: 1.011，已限制到边界
2025-09-26 15:11:15,421 - project.core.recognition.landmark_extractor - WARNING - 关键点 175 原始y坐标超出范围: 1.014，已限制到边界
2025-09-26 15:11:15,421 - project.core.recognition.landmark_extractor - WARNING - 关键点 176 原始y坐标超出范围: 1.003，已限制到边界
2025-09-26 15:11:15,425 - project.core.recognition.landmark_extractor - WARNING - 关键点 199 原始y坐标超出范围: 1.001，已限制到边界
2025-09-26 15:11:15,425 - project.core.recognition.landmark_extractor - WARNING - 关键点 377 原始y坐标超出范围: 1.014，已限制到边界
2025-09-26 15:11:15,429 - project.core.recognition.landmark_extractor - WARNING - 关键点 396 原始y坐标超出范围: 1.008，已限制到边界
2025-09-26 15:11:15,429 - project.core.recognition.detector - INFO - 提取到 478 个关键点
2025-09-26 15:11:15,434 - project.core.recognition.landmark_extractor - INFO - 关键点验证通过
2025-09-26 15:11:15,434 - project.core.recognition.detector - INFO - 关键点验证结果: True
2025-09-26 15:11:15,438 - project.core.recognition.detector - INFO - 人脸检测成功，提取到 478 个关键点
2025-09-26 15:11:15,438 - project.core.recognition.main - INFO - 人脸检测成功
2025-09-26 15:11:15,441 - project.core.recognition.coordinate_converter - WARNING - 关键点 148 转换失败: 无效的深度值：nan，必须大于0.1米
2025-09-26 15:11:15,441 - project.core.recognition.coordinate_converter - WARNING - 关键点 152 转换失败: 无效的深度值：nan，必须大于0.1米
2025-09-26 15:11:15,441 - project.core.recognition.coordinate_converter - WARNING - 关键点 171 转换失败: 无效的深度值：nan，必须大于0.1米
2025-09-26 15:11:15,441 - project.core.recognition.coordinate_converter - WARNING - 关键点 175 转换失败: 无效的深度值：nan，必须大于0.1米
2025-09-26 15:11:15,441 - project.core.recognition.coordinate_converter - WARNING - 关键点 176 转换失败: 无效的深度值：nan，必须大于0.1米
2025-09-26 15:11:15,446 - project.core.recognition.coordinate_converter - WARNING - 关键点 199 转换失败: 无效的深度值：nan，必须大于0.1米
2025-09-26 15:11:15,448 - project.core.recognition.coordinate_converter - WARNING - 关键点 377 转换失败: 无效的深度值：nan，必须大于0.1米
2025-09-26 15:11:15,448 - project.core.recognition.coordinate_converter - WARNING - 关键点 396 转换失败: 无效的深度值：nan，必须大于0.1米
2025-09-26 15:11:15,448 - project.core.recognition.coordinate_converter - WARNING - 关键点 400 转换失败: 无效的深度值：nan，必须大于0.1米
2025-09-26 15:11:15,451 - project.data.data_manager - INFO - RecgFitDataManager初始化 - debug_log: True, key_coordinates: True
2025-09-26 15:11:15,451 - project.data.data_manager - INFO - RecgFitDataManager初始化完成
2025-09-26 15:11:15,451 - __main__ - INFO - 收到识别完成信号，开始拟合...
2025-09-26 15:11:15,451 - __main__ - INFO - 开始拟合frame_id: 9
2025-09-26 15:11:15,451 - __main__ - INFO - 等待识别完成信号...
2025-09-26 15:11:15,454 - root - INFO - 数据质量: {'point_count': 13, 'fitting_point_count': 1, 'constraint_point_count': 12, 'visibility': 0.9734493537443499}
2025-09-26 15:11:15,454 - root - INFO - 选择策略: high_quality
2025-09-26 15:11:15,470 - root - INFO - 数据质量: {'point_count': 12, 'fitting_point_count': 0, 'constraint_point_count': 12, 'visibility': 0.9522031294347352}
2025-09-26 15:11:15,470 - root - INFO - 选择策略: high_quality
2025-09-26 15:11:15,472 - root - WARNING - 没有拟合点，无法进行优化
2025-09-26 15:11:15,472 - project.core.fitting.main - INFO - ==============================================
2025-09-26 15:11:15,472 - project.core.fitting.main - INFO - 拟合结果:
2025-09-26 15:11:15,472 - project.core.fitting.main - INFO -   LEFT 眼: 拟合结果：
 球心：[ 20.24964375  75.62861329 407.89697735]
 半径：12.450249418337682
 置信度：0.8999607715119193
 收敛：True
 迭代次数：13
 最终残差范数：0.7242570841204081
 最终delta范数：0.038801799457155284
 使用策略：lm
2025-09-26 15:11:15,472 - project.core.fitting.main - INFO -   RIGHT 眼: 拟合结果：
 球心：[0 0 0]
 半径：12.0
 置信度：0.0
 收敛：False
 迭代次数：0
 最终残差范数：inf
 最终delta范数：inf
 使用策略：lm
2025-09-26 15:11:15,474 - project.core.fitting.main - INFO - ==============================================
2025-09-26 15:11:15,474 - project.config.screen_config - INFO - 瞳孔位置: Point3D(20.258, 78.168, 399.294)
2025-09-26 15:11:15,474 - project.config.screen_config - INFO - 眼球位置: Point3D(20.250, 75.629, 407.897)
2025-09-26 15:11:15,476 - project.config.screen_config - INFO - 视线方向: Point3D(0.008, 2.540, -8.603)
2025-09-26 15:11:15,476 - project.config.screen_config - INFO - 交点坐标: [ 20.64205123 196.03799123   0.        ]
2025-09-26 15:11:15,477 - project.config.screen_config - INFO - 最终像素坐标: Point2D(620.918154, 815.095429)
2025-09-26 15:11:15,477 - project.core.fitting.main - INFO - -----------------------------------------------
2025-09-26 15:11:15,477 - project.core.fitting.main - INFO - left 视线焦点: Point2D(620.918154, 815.095429)
2025-09-26 15:11:15,477 - project.core.fitting.main - INFO - -----------------------------------------------
2025-09-26 15:11:15,477 - project.core.fitting.main - ERROR - 拟合过程中发生异常: list index out of range
2025-09-26 15:11:15,479 - project.core.fitting.main - ERROR - 异常堆栈: Traceback (most recent call last):
  File "C:\Users\86158\Desktop\gaze_venv\gaze-refactor\project\core\fitting\main.py", line 42, in run
    pupil_center = self.data_manager.get_coordinate_point(eye, "pupil")[0]
                   ~~~~~~~~~~~~~~~~~~~~~~~~~~~~~~~~~~~~~~~~~~~~~~~~~~~~^^^
IndexError: list index out of range

2025-09-26 15:11:15,561 - project.data.data_manager - WARNING - 非RGB-D摄像头，使用默认深度图
2025-09-26 15:11:15,640 - project.core.recognition.landmark_extractor - WARNING - 关键点 140 原始y坐标超出范围: 1.004，已限制到边界
2025-09-26 15:11:15,641 - project.core.recognition.landmark_extractor - WARNING - 关键点 148 原始y坐标超出范围: 1.029，已限制到边界
2025-09-26 15:11:15,644 - project.core.recognition.landmark_extractor - WARNING - 关键点 152 原始y坐标超出范围: 1.033，已限制到边界
2025-09-26 15:11:15,645 - project.core.recognition.landmark_extractor - WARNING - 关键点 171 原始y坐标超出范围: 1.022，已限制到边界
2025-09-26 15:11:15,646 - project.core.recognition.landmark_extractor - WARNING - 关键点 175 原始y坐标超出范围: 1.026，已限制到边界
2025-09-26 15:11:15,646 - project.core.recognition.landmark_extractor - WARNING - 关键点 176 原始y坐标超出范围: 1.015，已限制到边界
2025-09-26 15:11:15,648 - project.core.recognition.landmark_extractor - WARNING - 关键点 199 原始y坐标超出范围: 1.011，已限制到边界
2025-09-26 15:11:15,649 - project.core.recognition.landmark_extractor - WARNING - 关键点 208 原始y坐标超出范围: 1.007，已限制到边界
2025-09-26 15:11:15,655 - project.core.recognition.landmark_extractor - WARNING - 关键点 377 原始y坐标超出范围: 1.026，已限制到边界
2025-09-26 15:11:15,658 - project.core.recognition.landmark_extractor - WARNING - 关键点 396 原始y坐标超出范围: 1.019，已限制到边界
2025-09-26 15:11:15,658 - project.core.recognition.landmark_extractor - WARNING - 关键点 400 原始y坐标超出范围: 1.010，已限制到边界
2025-09-26 15:11:15,658 - project.core.recognition.landmark_extractor - WARNING - 关键点 428 原始y坐标超出范围: 1.004，已限制到边界
2025-09-26 15:11:15,661 - project.core.recognition.detector - INFO - 提取到 478 个关键点
2025-09-26 15:11:15,665 - project.core.recognition.landmark_extractor - INFO - 关键点验证通过
2025-09-26 15:11:15,665 - project.core.recognition.detector - INFO - 关键点验证结果: True
2025-09-26 15:11:15,671 - project.core.recognition.detector - INFO - 人脸检测成功，提取到 478 个关键点
2025-09-26 15:11:15,675 - project.core.recognition.main - INFO - 人脸检测成功
2025-09-26 15:11:15,678 - project.core.recognition.coordinate_converter - WARNING - 关键点 140 转换失败: 无效的深度值：nan，必须大于0.1米
2025-09-26 15:11:15,678 - project.core.recognition.coordinate_converter - WARNING - 关键点 148 转换失败: 无效的深度值：nan，必须大于0.1米
2025-09-26 15:11:15,678 - project.core.recognition.coordinate_converter - WARNING - 关键点 152 转换失败: 无效的深度值：nan，必须大于0.1米
2025-09-26 15:11:15,678 - project.core.recognition.coordinate_converter - WARNING - 关键点 171 转换失败: 无效的深度值：nan，必须大于0.1米
2025-09-26 15:11:15,680 - project.core.recognition.coordinate_converter - WARNING - 关键点 175 转换失败: 无效的深度值：nan，必须大于0.1米
2025-09-26 15:11:15,680 - project.core.recognition.coordinate_converter - WARNING - 关键点 176 转换失败: 无效的深度值：nan，必须大于0.1米
2025-09-26 15:11:15,680 - project.core.recognition.coordinate_converter - WARNING - 关键点 199 转换失败: 无效的深度值：nan，必须大于0.1米
2025-09-26 15:11:15,680 - project.core.recognition.coordinate_converter - WARNING - 关键点 208 转换失败: 无效的深度值：nan，必须大于0.1米
2025-09-26 15:11:15,685 - project.core.recognition.coordinate_converter - WARNING - 关键点 369 转换失败: 无效的深度值：nan，必须大于0.1米
2025-09-26 15:11:15,685 - project.core.recognition.coordinate_converter - WARNING - 关键点 377 转换失败: 无效的深度值：nan，必须大于0.1米
2025-09-26 15:11:15,686 - project.core.recognition.coordinate_converter - WARNING - 关键点 396 转换失败: 无效的深度值：nan，必须大于0.1米
2025-09-26 15:11:15,688 - project.core.recognition.coordinate_converter - WARNING - 关键点 400 转换失败: 无效的深度值：nan，必须大于0.1米
2025-09-26 15:11:15,688 - project.core.recognition.coordinate_converter - WARNING - 关键点 428 转换失败: 无效的深度值：nan，必须大于0.1米
2025-09-26 15:11:15,691 - project.data.data_manager - INFO - RecgFitDataManager初始化 - debug_log: True, key_coordinates: True
2025-09-26 15:11:15,691 - project.data.data_manager - INFO - RecgFitDataManager初始化完成
2025-09-26 15:11:15,691 - __main__ - INFO - 收到识别完成信号，开始拟合...
2025-09-26 15:11:15,691 - __main__ - INFO - 开始拟合frame_id: 10
2025-09-26 15:11:15,691 - __main__ - INFO - 等待识别完成信号...
2025-09-26 15:11:15,691 - root - INFO - 数据质量: {'point_count': 12, 'fitting_point_count': 0, 'constraint_point_count': 12, 'visibility': 0.9523717826260366}
2025-09-26 15:11:15,695 - root - INFO - 选择策略: high_quality
2025-09-26 15:11:15,695 - root - WARNING - 没有拟合点，无法进行优化
2025-09-26 15:11:15,695 - root - INFO - 数据质量: {'point_count': 11, 'fitting_point_count': 0, 'constraint_point_count': 11, 'visibility': 0.9353908412893568}
2025-09-26 15:11:15,695 - root - INFO - 选择策略: high_quality
2025-09-26 15:11:15,695 - root - WARNING - 没有拟合点，无法进行优化
2025-09-26 15:11:15,695 - project.core.fitting.main - INFO - ==============================================
2025-09-26 15:11:15,695 - project.core.fitting.main - INFO - 拟合结果:
2025-09-26 15:11:15,695 - project.core.fitting.main - INFO -   LEFT 眼: 拟合结果：
 球心：[0 0 0]
 半径：12.0
 置信度：0.0
 收敛：False
 迭代次数：0
 最终残差范数：inf
 最终delta范数：inf
 使用策略：lm
2025-09-26 15:11:15,695 - project.core.fitting.main - INFO -   RIGHT 眼: 拟合结果：
 球心：[0 0 0]
 半径：12.0
 置信度：0.0
 收敛：False
 迭代次数：0
 最终残差范数：inf
 最终delta范数：inf
 使用策略：lm
2025-09-26 15:11:15,695 - project.core.fitting.main - INFO - ==============================================
2025-09-26 15:11:15,695 - project.core.fitting.main - ERROR - 拟合过程中发生异常: list index out of range
2025-09-26 15:11:15,695 - project.core.fitting.main - ERROR - 异常堆栈: Traceback (most recent call last):
  File "C:\Users\86158\Desktop\gaze_venv\gaze-refactor\project\core\fitting\main.py", line 42, in run
    pupil_center = self.data_manager.get_coordinate_point(eye, "pupil")[0]
                   ~~~~~~~~~~~~~~~~~~~~~~~~~~~~~~~~~~~~~~~~~~~~~~~~~~~~^^^
IndexError: list index out of range

2025-09-26 15:11:15,797 - project.data.data_manager - WARNING - 非RGB-D摄像头，使用默认深度图
2025-09-26 15:11:15,857 - project.core.recognition.landmark_extractor - WARNING - 关键点 140 原始y坐标超出范围: 1.007，已限制到边界
2025-09-26 15:11:15,857 - project.core.recognition.landmark_extractor - WARNING - 关键点 148 原始y坐标超出范围: 1.032，已限制到边界
2025-09-26 15:11:15,857 - project.core.recognition.landmark_extractor - WARNING - 关键点 152 原始y坐标超出范围: 1.036，已限制到边界
2025-09-26 15:11:15,857 - project.core.recognition.landmark_extractor - WARNING - 关键点 171 原始y坐标超出范围: 1.024，已限制到边界
2025-09-26 15:11:15,857 - project.core.recognition.landmark_extractor - WARNING - 关键点 175 原始y坐标超出范围: 1.029，已限制到边界
2025-09-26 15:11:15,857 - project.core.recognition.landmark_extractor - WARNING - 关键点 176 原始y坐标超出范围: 1.017，已限制到边界
2025-09-26 15:11:15,857 - project.core.recognition.landmark_extractor - WARNING - 关键点 199 原始y坐标超出范围: 1.013，已限制到边界
2025-09-26 15:11:15,857 - project.core.recognition.landmark_extractor - WARNING - 关键点 208 原始y坐标超出范围: 1.010，已限制到边界
2025-09-26 15:11:15,861 - project.core.recognition.landmark_extractor - WARNING - 关键点 369 原始y坐标超出范围: 1.001，已限制到边界
2025-09-26 15:11:15,861 - project.core.recognition.landmark_extractor - WARNING - 关键点 377 原始y坐标超出范围: 1.029，已限制到边界
2025-09-26 15:11:15,861 - project.core.recognition.landmark_extractor - WARNING - 关键点 396 原始y坐标超出范围: 1.021，已限制到边界
2025-09-26 15:11:15,861 - project.core.recognition.landmark_extractor - WARNING - 关键点 400 原始y坐标超出范围: 1.011，已限制到边界
2025-09-26 15:11:15,861 - project.core.recognition.landmark_extractor - WARNING - 关键点 428 原始y坐标超出范围: 1.007，已限制到边界
2025-09-26 15:11:15,865 - project.core.recognition.detector - INFO - 提取到 478 个关键点
2025-09-26 15:11:15,865 - project.core.recognition.landmark_extractor - INFO - 关键点验证通过
2025-09-26 15:11:15,865 - project.core.recognition.detector - INFO - 关键点验证结果: True
2025-09-26 15:11:15,869 - project.core.recognition.detector - INFO - 人脸检测成功，提取到 478 个关键点
2025-09-26 15:11:15,869 - project.core.recognition.main - INFO - 人脸检测成功
2025-09-26 15:11:15,874 - project.core.recognition.coordinate_converter - WARNING - 关键点 140 转换失败: 无效的深度值：nan，必须大于0.1米
2025-09-26 15:11:15,874 - project.core.recognition.coordinate_converter - WARNING - 关键点 148 转换失败: 无效的深度值：nan，必须大于0.1米
2025-09-26 15:11:15,874 - project.core.recognition.coordinate_converter - WARNING - 关键点 152 转换失败: 无效的深度值：nan，必须大于0.1米
2025-09-26 15:11:15,874 - project.core.recognition.coordinate_converter - WARNING - 关键点 171 转换失败: 无效的深度值：nan，必须大于0.1米
2025-09-26 15:11:15,874 - project.core.recognition.coordinate_converter - WARNING - 关键点 175 转换失败: 无效的深度值：nan，必须大于0.1米
2025-09-26 15:11:15,874 - project.core.recognition.coordinate_converter - WARNING - 关键点 176 转换失败: 无效的深度值：nan，必须大于0.1米
2025-09-26 15:11:15,874 - project.core.recognition.coordinate_converter - WARNING - 关键点 199 转换失败: 无效的深度值：nan，必须大于0.1米
2025-09-26 15:11:15,874 - project.core.recognition.coordinate_converter - WARNING - 关键点 208 转换失败: 无效的深度值：nan，必须大于0.1米
2025-09-26 15:11:15,879 - project.core.recognition.coordinate_converter - WARNING - 关键点 369 转换失败: 无效的深度值：nan，必须大于0.1米
2025-09-26 15:11:15,880 - project.core.recognition.coordinate_converter - WARNING - 关键点 377 转换失败: 无效的深度值：nan，必须大于0.1米
2025-09-26 15:11:15,881 - project.core.recognition.coordinate_converter - WARNING - 关键点 396 转换失败: 无效的深度值：nan，必须大于0.1米
2025-09-26 15:11:15,881 - project.core.recognition.coordinate_converter - WARNING - 关键点 400 转换失败: 无效的深度值：nan，必须大于0.1米
2025-09-26 15:11:15,881 - project.core.recognition.coordinate_converter - WARNING - 关键点 428 转换失败: 无效的深度值：nan，必须大于0.1米
2025-09-26 15:11:15,883 - project.data.data_manager - INFO - RecgFitDataManager初始化 - debug_log: True, key_coordinates: True
2025-09-26 15:11:15,883 - project.data.data_manager - INFO - RecgFitDataManager初始化完成
2025-09-26 15:11:15,883 - __main__ - INFO - 收到识别完成信号，开始拟合...
2025-09-26 15:11:15,883 - __main__ - INFO - 开始拟合frame_id: 11
2025-09-26 15:11:15,883 - __main__ - INFO - 等待识别完成信号...
2025-09-26 15:11:15,883 - root - INFO - 数据质量: {'point_count': 12, 'fitting_point_count': 0, 'constraint_point_count': 12, 'visibility': 0.9638450983577301}
2025-09-26 15:11:15,883 - root - INFO - 选择策略: high_quality
2025-09-26 15:11:15,883 - root - WARNING - 没有拟合点，无法进行优化
2025-09-26 15:11:15,883 - root - INFO - 数据质量: {'point_count': 11, 'fitting_point_count': 0, 'constraint_point_count': 11, 'visibility': 0.9359501973917118}
2025-09-26 15:11:15,883 - root - INFO - 选择策略: high_quality
2025-09-26 15:11:15,883 - root - WARNING - 没有拟合点，无法进行优化
2025-09-26 15:11:15,883 - project.core.fitting.main - INFO - ==============================================
2025-09-26 15:11:15,883 - project.core.fitting.main - INFO - 拟合结果:
2025-09-26 15:11:15,883 - project.core.fitting.main - INFO -   LEFT 眼: 拟合结果：
 球心：[0 0 0]
 半径：12.0
 置信度：0.0
 收敛：False
 迭代次数：0
 最终残差范数：inf
 最终delta范数：inf
 使用策略：lm
2025-09-26 15:11:15,887 - project.core.fitting.main - INFO -   RIGHT 眼: 拟合结果：
 球心：[0 0 0]
 半径：12.0
 置信度：0.0
 收敛：False
 迭代次数：0
 最终残差范数：inf
 最终delta范数：inf
 使用策略：lm
2025-09-26 15:11:15,887 - project.core.fitting.main - INFO - ==============================================
2025-09-26 15:11:15,887 - project.core.fitting.main - ERROR - 拟合过程中发生异常: list index out of range
2025-09-26 15:11:15,887 - project.core.fitting.main - ERROR - 异常堆栈: Traceback (most recent call last):
  File "C:\Users\86158\Desktop\gaze_venv\gaze-refactor\project\core\fitting\main.py", line 42, in run
    pupil_center = self.data_manager.get_coordinate_point(eye, "pupil")[0]
                   ~~~~~~~~~~~~~~~~~~~~~~~~~~~~~~~~~~~~~~~~~~~~~~~~~~~~^^^
IndexError: list index out of range

2025-09-26 15:11:16,001 - project.data.data_manager - WARNING - 非RGB-D摄像头，使用默认深度图
2025-09-26 15:11:16,065 - project.core.recognition.landmark_extractor - WARNING - 关键点 140 原始y坐标超出范围: 1.005，已限制到边界
2025-09-26 15:11:16,066 - project.core.recognition.landmark_extractor - WARNING - 关键点 148 原始y坐标超出范围: 1.028，已限制到边界
2025-09-26 15:11:16,066 - project.core.recognition.landmark_extractor - WARNING - 关键点 152 原始y坐标超出范围: 1.032，已限制到边界
2025-09-26 15:11:16,066 - project.core.recognition.landmark_extractor - WARNING - 关键点 171 原始y坐标超出范围: 1.022，已限制到边界
2025-09-26 15:11:16,066 - project.core.recognition.landmark_extractor - WARNING - 关键点 175 原始y坐标超出范围: 1.026，已限制到边界
2025-09-26 15:11:16,066 - project.core.recognition.landmark_extractor - WARNING - 关键点 176 原始y坐标超出范围: 1.014，已限制到边界
2025-09-26 15:11:16,066 - project.core.recognition.landmark_extractor - WARNING - 关键点 199 原始y坐标超出范围: 1.012，已限制到边界
2025-09-26 15:11:16,066 - project.core.recognition.landmark_extractor - WARNING - 关键点 208 原始y坐标超出范围: 1.009，已限制到边界
2025-09-26 15:11:16,070 - project.core.recognition.landmark_extractor - WARNING - 关键点 377 原始y坐标超出范围: 1.025，已限制到边界
2025-09-26 15:11:16,070 - project.core.recognition.landmark_extractor - WARNING - 关键点 396 原始y坐标超出范围: 1.019，已限制到边界
2025-09-26 15:11:16,070 - project.core.recognition.landmark_extractor - WARNING - 关键点 400 原始y坐标超出范围: 1.008，已限制到边界
2025-09-26 15:11:16,070 - project.core.recognition.landmark_extractor - WARNING - 关键点 428 原始y坐标超出范围: 1.005，已限制到边界
2025-09-26 15:11:16,070 - project.core.recognition.detector - INFO - 提取到 478 个关键点
2025-09-26 15:11:16,074 - project.core.recognition.landmark_extractor - INFO - 关键点验证通过
2025-09-26 15:11:16,074 - project.core.recognition.detector - INFO - 关键点验证结果: True
2025-09-26 15:11:16,074 - project.core.recognition.detector - INFO - 人脸检测成功，提取到 478 个关键点
2025-09-26 15:11:16,074 - project.core.recognition.main - INFO - 人脸检测成功
2025-09-26 15:11:16,079 - project.core.recognition.coordinate_converter - WARNING - 关键点 140 转换失败: 无效的深度值：nan，必须大于0.1米
2025-09-26 15:11:16,079 - project.core.recognition.coordinate_converter - WARNING - 关键点 148 转换失败: 无效的深度值：nan，必须大于0.1米
2025-09-26 15:11:16,079 - project.core.recognition.coordinate_converter - WARNING - 关键点 152 转换失败: 无效的深度值：nan，必须大于0.1米
2025-09-26 15:11:16,079 - project.core.recognition.coordinate_converter - WARNING - 关键点 171 转换失败: 无效的深度值：nan，必须大于0.1米
2025-09-26 15:11:16,079 - project.core.recognition.coordinate_converter - WARNING - 关键点 175 转换失败: 无效的深度值：nan，必须大于0.1米
2025-09-26 15:11:16,079 - project.core.recognition.coordinate_converter - WARNING - 关键点 176 转换失败: 无效的深度值：nan，必须大于0.1米
2025-09-26 15:11:16,079 - project.core.recognition.coordinate_converter - WARNING - 关键点 199 转换失败: 无效的深度值：nan，必须大于0.1米
2025-09-26 15:11:16,079 - project.core.recognition.coordinate_converter - WARNING - 关键点 208 转换失败: 无效的深度值：nan，必须大于0.1米
2025-09-26 15:11:16,079 - project.core.recognition.coordinate_converter - WARNING - 关键点 369 转换失败: 无效的深度值：nan，必须大于0.1米
2025-09-26 15:11:16,079 - project.core.recognition.coordinate_converter - WARNING - 关键点 377 转换失败: 无效的深度值：nan，必须大于0.1米
2025-09-26 15:11:16,079 - project.core.recognition.coordinate_converter - WARNING - 关键点 396 转换失败: 无效的深度值：nan，必须大于0.1米
2025-09-26 15:11:16,083 - project.core.recognition.coordinate_converter - WARNING - 关键点 400 转换失败: 无效的深度值：nan，必须大于0.1米
2025-09-26 15:11:16,083 - project.core.recognition.coordinate_converter - WARNING - 关键点 428 转换失败: 无效的深度值：nan，必须大于0.1米
2025-09-26 15:11:16,083 - project.data.data_manager - INFO - RecgFitDataManager初始化 - debug_log: True, key_coordinates: True
2025-09-26 15:11:16,083 - project.data.data_manager - INFO - RecgFitDataManager初始化完成
2025-09-26 15:11:16,083 - __main__ - INFO - 收到识别完成信号，开始拟合...
2025-09-26 15:11:16,083 - __main__ - INFO - 开始拟合frame_id: 12
2025-09-26 15:11:16,083 - __main__ - INFO - 等待识别完成信号...
2025-09-26 15:11:16,083 - root - INFO - 数据质量: {'point_count': 12, 'fitting_point_count': 0, 'constraint_point_count': 12, 'visibility': 0.9574376772528193}
2025-09-26 15:11:16,083 - root - INFO - 选择策略: high_quality
2025-09-26 15:11:16,083 - root - WARNING - 没有拟合点，无法进行优化
2025-09-26 15:11:16,083 - root - INFO - 数据质量: {'point_count': 11, 'fitting_point_count': 0, 'constraint_point_count': 11, 'visibility': 0.9338726377822572}
2025-09-26 15:11:16,083 - root - INFO - 选择策略: high_quality
2025-09-26 15:11:16,087 - root - WARNING - 没有拟合点，无法进行优化
2025-09-26 15:11:16,087 - project.core.fitting.main - INFO - ==============================================
2025-09-26 15:11:16,087 - project.core.fitting.main - INFO - 拟合结果:
2025-09-26 15:11:16,087 - project.core.fitting.main - INFO -   LEFT 眼: 拟合结果：
 球心：[0 0 0]
 半径：12.0
 置信度：0.0
 收敛：False
 迭代次数：0
 最终残差范数：inf
 最终delta范数：inf
 使用策略：lm
2025-09-26 15:11:16,087 - project.core.fitting.main - INFO -   RIGHT 眼: 拟合结果：
 球心：[0 0 0]
 半径：12.0
 置信度：0.0
 收敛：False
 迭代次数：0
 最终残差范数：inf
 最终delta范数：inf
 使用策略：lm
2025-09-26 15:11:16,087 - project.core.fitting.main - INFO - ==============================================
2025-09-26 15:11:16,087 - project.core.fitting.main - ERROR - 拟合过程中发生异常: list index out of range
2025-09-26 15:11:16,087 - project.core.fitting.main - ERROR - 异常堆栈: Traceback (most recent call last):
  File "C:\Users\86158\Desktop\gaze_venv\gaze-refactor\project\core\fitting\main.py", line 42, in run
    pupil_center = self.data_manager.get_coordinate_point(eye, "pupil")[0]
                   ~~~~~~~~~~~~~~~~~~~~~~~~~~~~~~~~~~~~~~~~~~~~~~~~~~~~^^^
IndexError: list index out of range

2025-09-26 15:11:16,189 - project.data.data_manager - WARNING - 非RGB-D摄像头，使用默认深度图
2025-09-26 15:11:16,245 - project.core.recognition.landmark_extractor - WARNING - 关键点 140 原始y坐标超出范围: 1.010，已限制到边界
2025-09-26 15:11:16,245 - project.core.recognition.landmark_extractor - WARNING - 关键点 148 原始y坐标超出范围: 1.033，已限制到边界
2025-09-26 15:11:16,245 - project.core.recognition.landmark_extractor - WARNING - 关键点 152 原始y坐标超出范围: 1.037，已限制到边界
2025-09-26 15:11:16,249 - project.core.recognition.landmark_extractor - WARNING - 关键点 171 原始y坐标超出范围: 1.027，已限制到边界
2025-09-26 15:11:16,249 - project.core.recognition.landmark_extractor - WARNING - 关键点 175 原始y坐标超出范围: 1.031，已限制到边界
2025-09-26 15:11:16,251 - project.core.recognition.landmark_extractor - WARNING - 关键点 176 原始y坐标超出范围: 1.019，已限制到边界
2025-09-26 15:11:16,251 - project.core.recognition.landmark_extractor - WARNING - 关键点 199 原始y坐标超出范围: 1.017，已限制到边界
2025-09-26 15:11:16,253 - project.core.recognition.landmark_extractor - WARNING - 关键点 208 原始y坐标超出范围: 1.013，已限制到边界
2025-09-26 15:11:16,265 - project.core.recognition.landmark_extractor - WARNING - 关键点 369 原始y坐标超出范围: 1.004，已限制到边界
2025-09-26 15:11:16,271 - project.core.recognition.landmark_extractor - WARNING - 关键点 377 原始y坐标超出范围: 1.031，已限制到边界
2025-09-26 15:11:16,271 - project.core.recognition.landmark_extractor - WARNING - 关键点 396 原始y坐标超出范围: 1.024，已限制到边界
2025-09-26 15:11:16,273 - project.core.recognition.landmark_extractor - WARNING - 关键点 400 原始y坐标超出范围: 1.014，已限制到边界
2025-09-26 15:11:16,274 - project.core.recognition.landmark_extractor - WARNING - 关键点 428 原始y坐标超出范围: 1.010，已限制到边界
2025-09-26 15:11:16,274 - project.core.recognition.detector - INFO - 提取到 478 个关键点
2025-09-26 15:11:16,280 - project.core.recognition.landmark_extractor - INFO - 关键点验证通过
2025-09-26 15:11:16,283 - project.core.recognition.detector - INFO - 关键点验证结果: True
2025-09-26 15:11:16,291 - project.core.recognition.detector - INFO - 人脸检测成功，提取到 478 个关键点
2025-09-26 15:11:16,291 - project.core.recognition.main - INFO - 人脸检测成功
2025-09-26 15:11:16,294 - project.core.recognition.coordinate_converter - WARNING - 关键点 140 转换失败: 无效的深度值：nan，必须大于0.1米
2025-09-26 15:11:16,294 - project.core.recognition.coordinate_converter - WARNING - 关键点 148 转换失败: 无效的深度值：nan，必须大于0.1米
2025-09-26 15:11:16,296 - project.core.recognition.coordinate_converter - WARNING - 关键点 149 转换失败: 无效的深度值：nan，必须大于0.1米
2025-09-26 15:11:16,296 - project.core.recognition.coordinate_converter - WARNING - 关键点 152 转换失败: 无效的深度值：nan，必须大于0.1米
2025-09-26 15:11:16,296 - project.core.recognition.coordinate_converter - WARNING - 关键点 171 转换失败: 无效的深度值：nan，必须大于0.1米
2025-09-26 15:11:16,297 - project.core.recognition.coordinate_converter - WARNING - 关键点 175 转换失败: 无效的深度值：nan，必须大于0.1米
2025-09-26 15:11:16,297 - project.core.recognition.coordinate_converter - WARNING - 关键点 176 转换失败: 无效的深度值：nan，必须大于0.1米
2025-09-26 15:11:16,297 - project.core.recognition.coordinate_converter - WARNING - 关键点 199 转换失败: 无效的深度值：nan，必须大于0.1米
2025-09-26 15:11:16,297 - project.core.recognition.coordinate_converter - WARNING - 关键点 200 转换失败: 无效的深度值：nan，必须大于0.1米
2025-09-26 15:11:16,298 - project.core.recognition.coordinate_converter - WARNING - 关键点 208 转换失败: 无效的深度值：nan，必须大于0.1米
2025-09-26 15:11:16,301 - project.core.recognition.coordinate_converter - WARNING - 关键点 369 转换失败: 无效的深度值：nan，必须大于0.1米
2025-09-26 15:11:16,301 - project.core.recognition.coordinate_converter - WARNING - 关键点 377 转换失败: 无效的深度值：nan，必须大于0.1米
2025-09-26 15:11:16,301 - project.core.recognition.coordinate_converter - WARNING - 关键点 396 转换失败: 无效的深度值：nan，必须大于0.1米
2025-09-26 15:11:16,301 - project.core.recognition.coordinate_converter - WARNING - 关键点 400 转换失败: 无效的深度值：nan，必须大于0.1米
2025-09-26 15:11:16,301 - project.core.recognition.coordinate_converter - WARNING - 关键点 428 转换失败: 无效的深度值：nan，必须大于0.1米
2025-09-26 15:11:16,301 - project.data.data_manager - INFO - RecgFitDataManager初始化 - debug_log: True, key_coordinates: True
2025-09-26 15:11:16,304 - project.data.data_manager - INFO - RecgFitDataManager初始化完成
2025-09-26 15:11:16,305 - __main__ - INFO - 收到识别完成信号，开始拟合...
2025-09-26 15:11:16,305 - __main__ - INFO - 开始拟合frame_id: 13
2025-09-26 15:11:16,305 - __main__ - INFO - 等待识别完成信号...
2025-09-26 15:11:16,305 - root - INFO - 数据质量: {'point_count': 12, 'fitting_point_count': 0, 'constraint_point_count': 12, 'visibility': 0.9485642072850307}
2025-09-26 15:11:16,306 - root - INFO - 选择策略: high_quality
2025-09-26 15:11:16,307 - root - WARNING - 没有拟合点，无法进行优化
2025-09-26 15:11:16,307 - root - INFO - 数据质量: {'point_count': 11, 'fitting_point_count': 0, 'constraint_point_count': 11, 'visibility': 0.9350901047851569}
2025-09-26 15:11:16,307 - root - INFO - 选择策略: high_quality
2025-09-26 15:11:16,307 - root - WARNING - 没有拟合点，无法进行优化
2025-09-26 15:11:16,307 - project.core.fitting.main - INFO - ==============================================
2025-09-26 15:11:16,309 - project.core.fitting.main - INFO - 拟合结果:
2025-09-26 15:11:16,309 - project.core.fitting.main - INFO -   LEFT 眼: 拟合结果：
 球心：[0 0 0]
 半径：12.0
 置信度：0.0
 收敛：False
 迭代次数：0
 最终残差范数：inf
 最终delta范数：inf
 使用策略：lm
2025-09-26 15:11:16,309 - project.core.fitting.main - INFO -   RIGHT 眼: 拟合结果：
 球心：[0 0 0]
 半径：12.0
 置信度：0.0
 收敛：False
 迭代次数：0
 最终残差范数：inf
 最终delta范数：inf
 使用策略：lm
2025-09-26 15:11:16,310 - project.core.fitting.main - INFO - ==============================================
2025-09-26 15:11:16,310 - project.core.fitting.main - ERROR - 拟合过程中发生异常: list index out of range
2025-09-26 15:11:16,310 - project.core.fitting.main - ERROR - 异常堆栈: Traceback (most recent call last):
  File "C:\Users\86158\Desktop\gaze_venv\gaze-refactor\project\core\fitting\main.py", line 42, in run
    pupil_center = self.data_manager.get_coordinate_point(eye, "pupil")[0]
                   ~~~~~~~~~~~~~~~~~~~~~~~~~~~~~~~~~~~~~~~~~~~~~~~~~~~~^^^
IndexError: list index out of range

2025-09-26 15:11:16,412 - project.data.data_manager - WARNING - 非RGB-D摄像头，使用默认深度图
2025-09-26 15:11:16,462 - project.core.recognition.landmark_extractor - WARNING - 关键点 32 原始y坐标超出范围: 1.004，已限制到边界
2025-09-26 15:11:16,462 - project.core.recognition.landmark_extractor - WARNING - 关键点 140 原始y坐标超出范围: 1.019，已限制到边界
2025-09-26 15:11:16,462 - project.core.recognition.landmark_extractor - WARNING - 关键点 148 原始y坐标超出范围: 1.044，已限制到边界
2025-09-26 15:11:16,462 - project.core.recognition.landmark_extractor - WARNING - 关键点 149 原始y坐标超出范围: 1.007，已限制到边界
2025-09-26 15:11:16,462 - project.core.recognition.landmark_extractor - WARNING - 关键点 152 原始y坐标超出范围: 1.049，已限制到边界
2025-09-26 15:11:16,462 - project.core.recognition.landmark_extractor - WARNING - 关键点 171 原始y坐标超出范围: 1.037，已限制到边界
2025-09-26 15:11:16,462 - project.core.recognition.landmark_extractor - WARNING - 关键点 175 原始y坐标超出范围: 1.041，已限制到边界
2025-09-26 15:11:16,462 - project.core.recognition.landmark_extractor - WARNING - 关键点 176 原始y坐标超出范围: 1.029，已限制到边界
2025-09-26 15:11:16,462 - project.core.recognition.landmark_extractor - WARNING - 关键点 199 原始y坐标超出范围: 1.026，已限制到边界
2025-09-26 15:11:16,466 - project.core.recognition.landmark_extractor - WARNING - 关键点 200 原始y坐标超出范围: 1.008，已限制到边界
2025-09-26 15:11:16,466 - project.core.recognition.landmark_extractor - WARNING - 关键点 201 原始y坐标超出范围: 1.005，已限制到边界
2025-09-26 15:11:16,466 - project.core.recognition.landmark_extractor - WARNING - 关键点 208 原始y坐标超出范围: 1.022，已限制到边界
2025-09-26 15:11:16,466 - project.core.recognition.landmark_extractor - WARNING - 关键点 369 原始y坐标超出范围: 1.013，已限制到边界
2025-09-26 15:11:16,470 - project.core.recognition.landmark_extractor - WARNING - 关键点 377 原始y坐标超出范围: 1.041，已限制到边界
2025-09-26 15:11:16,470 - project.core.recognition.landmark_extractor - WARNING - 关键点 378 原始y坐标超出范围: 1.001，已限制到边界
2025-09-26 15:11:16,472 - project.core.recognition.landmark_extractor - WARNING - 关键点 396 原始y坐标超出范围: 1.034，已限制到边界
2025-09-26 15:11:16,472 - project.core.recognition.landmark_extractor - WARNING - 关键点 400 原始y坐标超出范围: 1.024，已限制到边界
2025-09-26 15:11:16,472 - project.core.recognition.landmark_extractor - WARNING - 关键点 421 原始y坐标超出范围: 1.002，已限制到边界
2025-09-26 15:11:16,472 - project.core.recognition.landmark_extractor - WARNING - 关键点 428 原始y坐标超出范围: 1.019，已限制到边界
2025-09-26 15:11:16,472 - project.core.recognition.detector - INFO - 提取到 478 个关键点
2025-09-26 15:11:16,474 - project.core.recognition.landmark_extractor - INFO - 关键点验证通过
2025-09-26 15:11:16,474 - project.core.recognition.detector - INFO - 关键点验证结果: True
2025-09-26 15:11:16,478 - project.core.recognition.detector - INFO - 人脸检测成功，提取到 478 个关键点
2025-09-26 15:11:16,480 - project.core.recognition.main - INFO - 人脸检测成功
2025-09-26 15:11:16,480 - project.core.recognition.coordinate_converter - WARNING - 关键点 32 转换失败: 无效的深度值：nan，必须大于0.1米
2025-09-26 15:11:16,480 - project.core.recognition.coordinate_converter - WARNING - 关键点 140 转换失败: 无效的深度值：nan，必须大于0.1米
2025-09-26 15:11:16,480 - project.core.recognition.coordinate_converter - WARNING - 关键点 148 转换失败: 无效的深度值：nan，必须大于0.1米
2025-09-26 15:11:16,482 - project.core.recognition.coordinate_converter - WARNING - 关键点 149 转换失败: 无效的深度值：nan，必须大于0.1米
2025-09-26 15:11:16,482 - project.core.recognition.coordinate_converter - WARNING - 关键点 152 转换失败: 无效的深度值：nan，必须大于0.1米
2025-09-26 15:11:16,482 - project.core.recognition.coordinate_converter - WARNING - 关键点 171 转换失败: 无效的深度值：nan，必须大于0.1米
2025-09-26 15:11:16,482 - project.core.recognition.coordinate_converter - WARNING - 关键点 175 转换失败: 无效的深度值：nan，必须大于0.1米
2025-09-26 15:11:16,482 - project.core.recognition.coordinate_converter - WARNING - 关键点 176 转换失败: 无效的深度值：nan，必须大于0.1米
2025-09-26 15:11:16,482 - project.core.recognition.coordinate_converter - WARNING - 关键点 199 转换失败: 无效的深度值：nan，必须大于0.1米
2025-09-26 15:11:16,482 - project.core.recognition.coordinate_converter - WARNING - 关键点 200 转换失败: 无效的深度值：nan，必须大于0.1米
2025-09-26 15:11:16,482 - project.core.recognition.coordinate_converter - WARNING - 关键点 201 转换失败: 无效的深度值：nan，必须大于0.1米
2025-09-26 15:11:16,485 - project.core.recognition.coordinate_converter - WARNING - 关键点 208 转换失败: 无效的深度值：nan，必须大于0.1米
2025-09-26 15:11:16,485 - project.core.recognition.coordinate_converter - WARNING - 关键点 262 转换失败: 无效的深度值：nan，必须大于0.1米
2025-09-26 15:11:16,487 - project.core.recognition.coordinate_converter - WARNING - 关键点 369 转换失败: 无效的深度值：nan，必须大于0.1米
2025-09-26 15:11:16,487 - project.core.recognition.coordinate_converter - WARNING - 关键点 377 转换失败: 无效的深度值：nan，必须大于0.1米
2025-09-26 15:11:16,487 - project.core.recognition.coordinate_converter - WARNING - 关键点 378 转换失败: 无效的深度值：nan，必须大于0.1米
2025-09-26 15:11:16,487 - project.core.recognition.coordinate_converter - WARNING - 关键点 396 转换失败: 无效的深度值：nan，必须大于0.1米
2025-09-26 15:11:16,487 - project.core.recognition.coordinate_converter - WARNING - 关键点 400 转换失败: 无效的深度值：nan，必须大于0.1米
2025-09-26 15:11:16,487 - project.core.recognition.coordinate_converter - WARNING - 关键点 421 转换失败: 无效的深度值：nan，必须大于0.1米
2025-09-26 15:11:16,487 - project.core.recognition.coordinate_converter - WARNING - 关键点 428 转换失败: 无效的深度值：nan，必须大于0.1米
2025-09-26 15:11:16,487 - project.data.data_manager - INFO - RecgFitDataManager初始化 - debug_log: True, key_coordinates: True
2025-09-26 15:11:16,487 - project.data.data_manager - INFO - RecgFitDataManager初始化完成
2025-09-26 15:11:16,487 - __main__ - INFO - 收到识别完成信号，开始拟合...
2025-09-26 15:11:16,487 - __main__ - INFO - 开始拟合frame_id: 14
2025-09-26 15:11:16,487 - __main__ - INFO - 等待识别完成信号...
2025-09-26 15:11:16,487 - root - INFO - 数据质量: {'point_count': 12, 'fitting_point_count': 0, 'constraint_point_count': 12, 'visibility': 0.9449088391470415}
2025-09-26 15:11:16,491 - root - INFO - 选择策略: high_quality
2025-09-26 15:11:16,491 - root - WARNING - 没有拟合点，无法进行优化
2025-09-26 15:11:16,491 - root - INFO - 数据质量: {'point_count': 11, 'fitting_point_count': 0, 'constraint_point_count': 11, 'visibility': 0.9053785247627986}
2025-09-26 15:11:16,491 - root - INFO - 选择策略: high_quality
2025-09-26 15:11:16,491 - root - WARNING - 没有拟合点，无法进行优化
2025-09-26 15:11:16,491 - project.core.fitting.main - INFO - ==============================================
2025-09-26 15:11:16,491 - project.core.fitting.main - INFO - 拟合结果:
2025-09-26 15:11:16,491 - project.core.fitting.main - INFO -   LEFT 眼: 拟合结果：
 球心：[0 0 0]
 半径：12.0
 置信度：0.0
 收敛：False
 迭代次数：0
 最终残差范数：inf
 最终delta范数：inf
 使用策略：lm
2025-09-26 15:11:16,491 - project.core.fitting.main - INFO -   RIGHT 眼: 拟合结果：
 球心：[0 0 0]
 半径：12.0
 置信度：0.0
 收敛：False
 迭代次数：0
 最终残差范数：inf
 最终delta范数：inf
 使用策略：lm
2025-09-26 15:11:16,491 - project.core.fitting.main - INFO - ==============================================
2025-09-26 15:11:16,491 - project.core.fitting.main - ERROR - 拟合过程中发生异常: list index out of range
2025-09-26 15:11:16,491 - project.core.fitting.main - ERROR - 异常堆栈: Traceback (most recent call last):
  File "C:\Users\86158\Desktop\gaze_venv\gaze-refactor\project\core\fitting\main.py", line 42, in run
    pupil_center = self.data_manager.get_coordinate_point(eye, "pupil")[0]
                   ~~~~~~~~~~~~~~~~~~~~~~~~~~~~~~~~~~~~~~~~~~~~~~~~~~~~^^^
IndexError: list index out of range

2025-09-26 15:11:16,620 - project.data.data_manager - WARNING - 非RGB-D摄像头，使用默认深度图
2025-09-26 15:11:16,669 - project.core.recognition.landmark_extractor - WARNING - 关键点 32 原始y坐标超出范围: 1.002，已限制到边界
2025-09-26 15:11:16,669 - project.core.recognition.landmark_extractor - WARNING - 关键点 140 原始y坐标超出范围: 1.016，已限制到边界
2025-09-26 15:11:16,669 - project.core.recognition.landmark_extractor - WARNING - 关键点 148 原始y坐标超出范围: 1.039，已限制到边界
2025-09-26 15:11:16,669 - project.core.recognition.landmark_extractor - WARNING - 关键点 149 原始y坐标超出范围: 1.005，已限制到边界
2025-09-26 15:11:16,669 - project.core.recognition.landmark_extractor - WARNING - 关键点 152 原始y坐标超出范围: 1.042，已限制到边界
2025-09-26 15:11:16,673 - project.core.recognition.landmark_extractor - WARNING - 关键点 171 原始y坐标超出范围: 1.033，已限制到边界
2025-09-26 15:11:16,673 - project.core.recognition.landmark_extractor - WARNING - 关键点 175 原始y坐标超出范围: 1.036，已限制到边界
2025-09-26 15:11:16,673 - project.core.recognition.landmark_extractor - WARNING - 关键点 176 原始y坐标超出范围: 1.025，已限制到边界
2025-09-26 15:11:16,673 - project.core.recognition.landmark_extractor - WARNING - 关键点 199 原始y坐标超出范围: 1.022，已限制到边界
2025-09-26 15:11:16,673 - project.core.recognition.landmark_extractor - WARNING - 关键点 200 原始y坐标超出范围: 1.005，已限制到边界
2025-09-26 15:11:16,673 - project.core.recognition.landmark_extractor - WARNING - 关键点 201 原始y坐标超出范围: 1.003，已限制到边界
2025-09-26 15:11:16,673 - project.core.recognition.landmark_extractor - WARNING - 关键点 208 原始y坐标超出范围: 1.019，已限制到边界
2025-09-26 15:11:16,677 - project.core.recognition.landmark_extractor - WARNING - 关键点 369 原始y坐标超出范围: 1.007，已限制到边界
2025-09-26 15:11:16,677 - project.core.recognition.landmark_extractor - WARNING - 关键点 377 原始y坐标超出范围: 1.034，已限制到边界
2025-09-26 15:11:16,678 - project.core.recognition.landmark_extractor - WARNING - 关键点 396 原始y坐标超出范围: 1.028，已限制到边界
2025-09-26 15:11:16,678 - project.core.recognition.landmark_extractor - WARNING - 关键点 400 原始y坐标超出范围: 1.017，已限制到边界
2025-09-26 15:11:16,678 - project.core.recognition.landmark_extractor - WARNING - 关键点 428 原始y坐标超出范围: 1.014，已限制到边界
2025-09-26 15:11:16,678 - project.core.recognition.detector - INFO - 提取到 478 个关键点
2025-09-26 15:11:16,681 - project.core.recognition.landmark_extractor - INFO - 关键点验证通过
2025-09-26 15:11:16,682 - project.core.recognition.detector - INFO - 关键点验证结果: True
2025-09-26 15:11:16,685 - project.core.recognition.detector - INFO - 人脸检测成功，提取到 478 个关键点
2025-09-26 15:11:16,685 - project.core.recognition.main - INFO - 人脸检测成功
2025-09-26 15:11:16,685 - project.core.recognition.coordinate_converter - WARNING - 关键点 32 转换失败: 无效的深度值：nan，必须大于0.1米
2025-09-26 15:11:16,687 - project.core.recognition.coordinate_converter - WARNING - 关键点 140 转换失败: 无效的深度值：nan，必须大于0.1米
2025-09-26 15:11:16,687 - project.core.recognition.coordinate_converter - WARNING - 关键点 148 转换失败: 无效的深度值：nan，必须大于0.1米
2025-09-26 15:11:16,687 - project.core.recognition.coordinate_converter - WARNING - 关键点 149 转换失败: 无效的深度值：nan，必须大于0.1米
2025-09-26 15:11:16,687 - project.core.recognition.coordinate_converter - WARNING - 关键点 152 转换失败: 无效的深度值：nan，必须大于0.1米
2025-09-26 15:11:16,687 - project.core.recognition.coordinate_converter - WARNING - 关键点 171 转换失败: 无效的深度值：nan，必须大于0.1米
2025-09-26 15:11:16,687 - project.core.recognition.coordinate_converter - WARNING - 关键点 175 转换失败: 无效的深度值：nan，必须大于0.1米
2025-09-26 15:11:16,690 - project.core.recognition.coordinate_converter - WARNING - 关键点 176 转换失败: 无效的深度值：nan，必须大于0.1米
2025-09-26 15:11:16,690 - project.core.recognition.coordinate_converter - WARNING - 关键点 199 转换失败: 无效的深度值：nan，必须大于0.1米
2025-09-26 15:11:16,690 - project.core.recognition.coordinate_converter - WARNING - 关键点 200 转换失败: 无效的深度值：nan，必须大于0.1米
2025-09-26 15:11:16,690 - project.core.recognition.coordinate_converter - WARNING - 关键点 201 转换失败: 无效的深度值：nan，必须大于0.1米
2025-09-26 15:11:16,690 - project.core.recognition.coordinate_converter - WARNING - 关键点 208 转换失败: 无效的深度值：nan，必须大于0.1米
2025-09-26 15:11:16,690 - project.core.recognition.coordinate_converter - WARNING - 关键点 369 转换失败: 无效的深度值：nan，必须大于0.1米
2025-09-26 15:11:16,693 - project.core.recognition.coordinate_converter - WARNING - 关键点 377 转换失败: 无效的深度值：nan，必须大于0.1米
2025-09-26 15:11:16,693 - project.core.recognition.coordinate_converter - WARNING - 关键点 396 转换失败: 无效的深度值：nan，必须大于0.1米
2025-09-26 15:11:16,694 - project.core.recognition.coordinate_converter - WARNING - 关键点 400 转换失败: 无效的深度值：nan，必须大于0.1米
2025-09-26 15:11:16,694 - project.core.recognition.coordinate_converter - WARNING - 关键点 421 转换失败: 无效的深度值：nan，必须大于0.1米
2025-09-26 15:11:16,694 - project.core.recognition.coordinate_converter - WARNING - 关键点 428 转换失败: 无效的深度值：nan，必须大于0.1米
2025-09-26 15:11:16,695 - project.data.data_manager - INFO - RecgFitDataManager初始化 - debug_log: True, key_coordinates: True
2025-09-26 15:11:16,695 - project.data.data_manager - INFO - RecgFitDataManager初始化完成
2025-09-26 15:11:16,695 - __main__ - INFO - 收到识别完成信号，开始拟合...
2025-09-26 15:11:16,695 - __main__ - INFO - 开始拟合frame_id: 15
2025-09-26 15:11:16,695 - __main__ - INFO - 等待识别完成信号...
2025-09-26 15:11:16,695 - root - INFO - 数据质量: {'point_count': 12, 'fitting_point_count': 0, 'constraint_point_count': 12, 'visibility': 0.9328609210023037}
2025-09-26 15:11:16,695 - root - INFO - 选择策略: high_quality
2025-09-26 15:11:16,695 - root - WARNING - 没有拟合点，无法进行优化
2025-09-26 15:11:16,695 - root - INFO - 数据质量: {'point_count': 11, 'fitting_point_count': 0, 'constraint_point_count': 11, 'visibility': 0.896970330909863}
2025-09-26 15:11:16,698 - root - INFO - 选择策略: medium_quality
2025-09-26 15:11:16,698 - root - WARNING - 没有拟合点，无法进行优化
2025-09-26 15:11:16,698 - root - WARNING - 没有拟合点，无法进行优化
2025-09-26 15:11:16,698 - root - WARNING - 没有拟合点，无法进行优化
2025-09-26 15:11:16,698 - root - WARNING - 没有拟合点，无法进行优化
2025-09-26 15:11:16,698 - root - WARNING - 没有拟合点，无法进行优化
2025-09-26 15:11:16,698 - root - WARNING - 没有拟合点，无法进行优化
2025-09-26 15:11:16,698 - root - WARNING - 没有拟合点，无法进行优化
2025-09-26 15:11:16,698 - root - WARNING - 没有拟合点，无法进行优化
2025-09-26 15:11:16,698 - root - WARNING - 没有拟合点，无法进行优化
2025-09-26 15:11:16,698 - root - WARNING - 没有拟合点，无法进行优化
2025-09-26 15:11:16,698 - root - WARNING - 没有拟合点，无法进行优化
2025-09-26 15:11:16,698 - root - WARNING - 没有拟合点，无法进行优化
2025-09-26 15:11:16,698 - root - WARNING - 没有拟合点，无法进行优化
2025-09-26 15:11:16,698 - root - WARNING - 没有拟合点，无法进行优化
2025-09-26 15:11:16,698 - root - WARNING - 没有拟合点，无法进行优化
2025-09-26 15:11:16,698 - root - WARNING - 没有拟合点，无法进行优化
2025-09-26 15:11:16,698 - root - WARNING - 没有拟合点，无法进行优化
2025-09-26 15:11:16,698 - root - WARNING - 没有拟合点，无法进行优化
2025-09-26 15:11:16,702 - root - WARNING - 没有拟合点，无法进行优化
2025-09-26 15:11:16,702 - root - WARNING - 没有拟合点，无法进行优化
2025-09-26 15:11:16,702 - project.core.fitting.main - INFO - ==============================================
2025-09-26 15:11:16,702 - project.core.fitting.main - INFO - 拟合结果:
2025-09-26 15:11:16,702 - project.core.fitting.main - INFO -   LEFT 眼: 拟合结果：
 球心：[0 0 0]
 半径：12.0
 置信度：0.0
 收敛：False
 迭代次数：0
 最终残差范数：inf
 最终delta范数：inf
 使用策略：lm
2025-09-26 15:11:16,702 - project.core.fitting.main - INFO -   RIGHT 眼: 拟合结果：
 球心：[0 0 0]
 半径：12.0
 置信度：0.0
 收敛：False
 迭代次数：0
 最终残差范数：inf
 最终delta范数：inf
 使用策略：ransac
2025-09-26 15:11:16,702 - project.core.fitting.main - INFO - ==============================================
2025-09-26 15:11:16,702 - project.core.fitting.main - ERROR - 拟合过程中发生异常: list index out of range
2025-09-26 15:11:16,702 - project.core.fitting.main - ERROR - 异常堆栈: Traceback (most recent call last):
  File "C:\Users\86158\Desktop\gaze_venv\gaze-refactor\project\core\fitting\main.py", line 42, in run
    pupil_center = self.data_manager.get_coordinate_point(eye, "pupil")[0]
                   ~~~~~~~~~~~~~~~~~~~~~~~~~~~~~~~~~~~~~~~~~~~~~~~~~~~~^^^
IndexError: list index out of range

2025-09-26 15:11:16,802 - project.data.data_manager - WARNING - 非RGB-D摄像头，使用默认深度图
2025-09-26 15:11:16,850 - project.core.recognition.landmark_extractor - WARNING - 关键点 32 原始y坐标超出范围: 1.004，已限制到边界
2025-09-26 15:11:16,857 - project.core.recognition.landmark_extractor - WARNING - 关键点 140 原始y坐标超出范围: 1.018，已限制到边界
2025-09-26 15:11:16,857 - project.core.recognition.landmark_extractor - WARNING - 关键点 148 原始y坐标超出范围: 1.043，已限制到边界
2025-09-26 15:11:16,859 - project.core.recognition.landmark_extractor - WARNING - 关键点 149 原始y坐标超出范围: 1.005，已限制到边界
2025-09-26 15:11:16,859 - project.core.recognition.landmark_extractor - WARNING - 关键点 152 原始y坐标超出范围: 1.047，已限制到边界
2025-09-26 15:11:16,859 - project.core.recognition.landmark_extractor - WARNING - 关键点 171 原始y坐标超出范围: 1.036，已限制到边界
2025-09-26 15:11:16,859 - project.core.recognition.landmark_extractor - WARNING - 关键点 175 原始y坐标超出范围: 1.041，已限制到边界
2025-09-26 15:11:16,859 - project.core.recognition.landmark_extractor - WARNING - 关键点 176 原始y坐标超出范围: 1.027，已限制到边界
2025-09-26 15:11:16,861 - project.core.recognition.landmark_extractor - WARNING - 关键点 199 原始y坐标超出范围: 1.027，已限制到边界
2025-09-26 15:11:16,861 - project.core.recognition.landmark_extractor - WARNING - 关键点 200 原始y坐标超出范围: 1.009，已限制到边界
2025-09-26 15:11:16,861 - project.core.recognition.landmark_extractor - WARNING - 关键点 201 原始y坐标超出范围: 1.006，已限制到边界
2025-09-26 15:11:16,862 - project.core.recognition.landmark_extractor - WARNING - 关键点 208 原始y坐标超出范围: 1.023，已限制到边界
2025-09-26 15:11:16,862 - project.core.recognition.landmark_extractor - WARNING - 关键点 369 原始y坐标超出范围: 1.013，已限制到边界
2025-09-26 15:11:16,862 - project.core.recognition.landmark_extractor - WARNING - 关键点 377 原始y坐标超出范围: 1.040，已限制到边界
2025-09-26 15:11:16,865 - project.core.recognition.landmark_extractor - WARNING - 关键点 396 原始y坐标超出范围: 1.034，已限制到边界
2025-09-26 15:11:16,865 - project.core.recognition.landmark_extractor - WARNING - 关键点 400 原始y坐标超出范围: 1.023，已限制到边界
2025-09-26 15:11:16,865 - project.core.recognition.landmark_extractor - WARNING - 关键点 421 原始y坐标超出范围: 1.004，已限制到边界
2025-09-26 15:11:16,865 - project.core.recognition.landmark_extractor - WARNING - 关键点 428 原始y坐标超出范围: 1.020，已限制到边界
2025-09-26 15:11:16,865 - project.core.recognition.detector - INFO - 提取到 478 个关键点
2025-09-26 15:11:16,871 - project.core.recognition.landmark_extractor - INFO - 关键点验证通过
2025-09-26 15:11:16,871 - project.core.recognition.detector - INFO - 关键点验证结果: True
2025-09-26 15:11:16,875 - project.core.recognition.detector - INFO - 人脸检测成功，提取到 478 个关键点
2025-09-26 15:11:16,877 - project.core.recognition.main - INFO - 人脸检测成功
2025-09-26 15:11:16,877 - project.core.recognition.coordinate_converter - WARNING - 关键点 32 转换失败: 无效的深度值：nan，必须大于0.1米
2025-09-26 15:11:16,880 - project.core.recognition.coordinate_converter - WARNING - 关键点 140 转换失败: 无效的深度值：nan，必须大于0.1米
2025-09-26 15:11:16,880 - project.core.recognition.coordinate_converter - WARNING - 关键点 148 转换失败: 无效的深度值：nan，必须大于0.1米
2025-09-26 15:11:16,880 - project.core.recognition.coordinate_converter - WARNING - 关键点 149 转换失败: 无效的深度值：nan，必须大于0.1米
2025-09-26 15:11:16,880 - project.core.recognition.coordinate_converter - WARNING - 关键点 152 转换失败: 无效的深度值：nan，必须大于0.1米
2025-09-26 15:11:16,880 - project.core.recognition.coordinate_converter - WARNING - 关键点 171 转换失败: 无效的深度值：nan，必须大于0.1米
2025-09-26 15:11:16,880 - project.core.recognition.coordinate_converter - WARNING - 关键点 175 转换失败: 无效的深度值：nan，必须大于0.1米
2025-09-26 15:11:16,880 - project.core.recognition.coordinate_converter - WARNING - 关键点 176 转换失败: 无效的深度值：nan，必须大于0.1米
2025-09-26 15:11:16,882 - project.core.recognition.coordinate_converter - WARNING - 关键点 199 转换失败: 无效的深度值：nan，必须大于0.1米
2025-09-26 15:11:16,882 - project.core.recognition.coordinate_converter - WARNING - 关键点 200 转换失败: 无效的深度值：nan，必须大于0.1米
2025-09-26 15:11:16,882 - project.core.recognition.coordinate_converter - WARNING - 关键点 201 转换失败: 无效的深度值：nan，必须大于0.1米
2025-09-26 15:11:16,882 - project.core.recognition.coordinate_converter - WARNING - 关键点 208 转换失败: 无效的深度值：nan，必须大于0.1米
2025-09-26 15:11:16,884 - project.core.recognition.coordinate_converter - WARNING - 关键点 262 转换失败: 无效的深度值：nan，必须大于0.1米
2025-09-26 15:11:16,890 - project.core.recognition.coordinate_converter - WARNING - 关键点 369 转换失败: 无效的深度值：nan，必须大于0.1米
2025-09-26 15:11:16,890 - project.core.recognition.coordinate_converter - WARNING - 关键点 377 转换失败: 无效的深度值：nan，必须大于0.1米
2025-09-26 15:11:16,892 - project.core.recognition.coordinate_converter - WARNING - 关键点 378 转换失败: 无效的深度值：nan，必须大于0.1米
2025-09-26 15:11:16,894 - project.core.recognition.coordinate_converter - WARNING - 关键点 396 转换失败: 无效的深度值：nan，必须大于0.1米
2025-09-26 15:11:16,894 - project.core.recognition.coordinate_converter - WARNING - 关键点 400 转换失败: 无效的深度值：nan，必须大于0.1米
2025-09-26 15:11:16,894 - project.core.recognition.coordinate_converter - WARNING - 关键点 421 转换失败: 无效的深度值：nan，必须大于0.1米
2025-09-26 15:11:16,894 - project.core.recognition.coordinate_converter - WARNING - 关键点 428 转换失败: 无效的深度值：nan，必须大于0.1米
2025-09-26 15:11:16,894 - project.data.data_manager - INFO - RecgFitDataManager初始化 - debug_log: True, key_coordinates: True
2025-09-26 15:11:16,894 - project.data.data_manager - INFO - RecgFitDataManager初始化完成
2025-09-26 15:11:16,894 - __main__ - INFO - 收到识别完成信号，开始拟合...
2025-09-26 15:11:16,894 - __main__ - INFO - 开始拟合frame_id: 16
2025-09-26 15:11:16,894 - __main__ - INFO - 等待识别完成信号...
2025-09-26 15:11:16,897 - root - INFO - 数据质量: {'point_count': 12, 'fitting_point_count': 0, 'constraint_point_count': 12, 'visibility': 0.9479853879279371}
2025-09-26 15:11:16,897 - root - INFO - 选择策略: high_quality
2025-09-26 15:11:16,897 - root - WARNING - 没有拟合点，无法进行优化
2025-09-26 15:11:16,897 - root - INFO - 数据质量: {'point_count': 11, 'fitting_point_count': 0, 'constraint_point_count': 11, 'visibility': 0.9158156335843839}
2025-09-26 15:11:16,897 - root - INFO - 选择策略: high_quality
2025-09-26 15:11:16,897 - root - WARNING - 没有拟合点，无法进行优化
2025-09-26 15:11:16,897 - project.core.fitting.main - INFO - ==============================================
2025-09-26 15:11:16,897 - project.core.fitting.main - INFO - 拟合结果:
2025-09-26 15:11:16,897 - project.core.fitting.main - INFO -   LEFT 眼: 拟合结果：
 球心：[0 0 0]
 半径：12.0
 置信度：0.0
 收敛：False
 迭代次数：0
 最终残差范数：inf
 最终delta范数：inf
 使用策略：lm
2025-09-26 15:11:16,897 - project.core.fitting.main - INFO -   RIGHT 眼: 拟合结果：
 球心：[0 0 0]
 半径：12.0
 置信度：0.0
 收敛：False
 迭代次数：0
 最终残差范数：inf
 最终delta范数：inf
 使用策略：lm
2025-09-26 15:11:16,897 - project.core.fitting.main - INFO - ==============================================
2025-09-26 15:11:16,897 - project.core.fitting.main - ERROR - 拟合过程中发生异常: list index out of range
2025-09-26 15:11:16,897 - project.core.fitting.main - ERROR - 异常堆栈: Traceback (most recent call last):
  File "C:\Users\86158\Desktop\gaze_venv\gaze-refactor\project\core\fitting\main.py", line 42, in run
    pupil_center = self.data_manager.get_coordinate_point(eye, "pupil")[0]
                   ~~~~~~~~~~~~~~~~~~~~~~~~~~~~~~~~~~~~~~~~~~~~~~~~~~~~^^^
IndexError: list index out of range

2025-09-26 15:11:17,007 - project.data.data_manager - WARNING - 非RGB-D摄像头，使用默认深度图
2025-09-26 15:11:17,068 - project.core.recognition.landmark_extractor - WARNING - 关键点 32 原始y坐标超出范围: 1.004，已限制到边界
2025-09-26 15:11:17,068 - project.core.recognition.landmark_extractor - WARNING - 关键点 140 原始y坐标超出范围: 1.018，已限制到边界
2025-09-26 15:11:17,068 - project.core.recognition.landmark_extractor - WARNING - 关键点 148 原始y坐标超出范围: 1.043，已限制到边界
2025-09-26 15:11:17,068 - project.core.recognition.landmark_extractor - WARNING - 关键点 149 原始y坐标超出范围: 1.007，已限制到边界
2025-09-26 15:11:17,068 - project.core.recognition.landmark_extractor - WARNING - 关键点 152 原始y坐标超出范围: 1.047，已限制到边界
2025-09-26 15:11:17,068 - project.core.recognition.landmark_extractor - WARNING - 关键点 171 原始y坐标超出范围: 1.037，已限制到边界
2025-09-26 15:11:17,068 - project.core.recognition.landmark_extractor - WARNING - 关键点 175 原始y坐标超出范围: 1.041，已限制到边界
2025-09-26 15:11:17,072 - project.core.recognition.landmark_extractor - WARNING - 关键点 176 原始y坐标超出范围: 1.028，已限制到边界
2025-09-26 15:11:17,072 - project.core.recognition.landmark_extractor - WARNING - 关键点 199 原始y坐标超出范围: 1.027，已限制到边界
2025-09-26 15:11:17,072 - project.core.recognition.landmark_extractor - WARNING - 关键点 200 原始y坐标超出范围: 1.009，已限制到边界
2025-09-26 15:11:17,072 - project.core.recognition.landmark_extractor - WARNING - 关键点 201 原始y坐标超出范围: 1.006，已限制到边界
2025-09-26 15:11:17,072 - project.core.recognition.landmark_extractor - WARNING - 关键点 208 原始y坐标超出范围: 1.023，已限制到边界
2025-09-26 15:11:17,076 - project.core.recognition.landmark_extractor - WARNING - 关键点 369 原始y坐标超出范围: 1.013，已限制到边界
2025-09-26 15:11:17,076 - project.core.recognition.landmark_extractor - WARNING - 关键点 377 原始y坐标超出范围: 1.041，已限制到边界
2025-09-26 15:11:17,076 - project.core.recognition.landmark_extractor - WARNING - 关键点 378 原始y坐标超出范围: 1.000，已限制到边界
2025-09-26 15:11:17,076 - project.core.recognition.landmark_extractor - WARNING - 关键点 396 原始y坐标超出范围: 1.034，已限制到边界
2025-09-26 15:11:17,076 - project.core.recognition.landmark_extractor - WARNING - 关键点 400 原始y坐标超出范围: 1.024，已限制到边界
2025-09-26 15:11:17,076 - project.core.recognition.landmark_extractor - WARNING - 关键点 421 原始y坐标超出范围: 1.004，已限制到边界
2025-09-26 15:11:17,076 - project.core.recognition.landmark_extractor - WARNING - 关键点 428 原始y坐标超出范围: 1.020，已限制到边界
2025-09-26 15:11:17,080 - project.core.recognition.detector - INFO - 提取到 478 个关键点
2025-09-26 15:11:17,080 - project.core.recognition.landmark_extractor - INFO - 关键点验证通过
2025-09-26 15:11:17,080 - project.core.recognition.detector - INFO - 关键点验证结果: True
2025-09-26 15:11:17,085 - project.core.recognition.detector - INFO - 人脸检测成功，提取到 478 个关键点
2025-09-26 15:11:17,085 - project.core.recognition.main - INFO - 人脸检测成功
2025-09-26 15:11:17,089 - project.core.recognition.coordinate_converter - WARNING - 关键点 32 转换失败: 无效的深度值：nan，必须大于0.1米
2025-09-26 15:11:17,089 - project.core.recognition.coordinate_converter - WARNING - 关键点 140 转换失败: 无效的深度值：nan，必须大于0.1米
2025-09-26 15:11:17,089 - project.core.recognition.coordinate_converter - WARNING - 关键点 148 转换失败: 无效的深度值：nan，必须大于0.1米
2025-09-26 15:11:17,089 - project.core.recognition.coordinate_converter - WARNING - 关键点 149 转换失败: 无效的深度值：nan，必须大于0.1米
2025-09-26 15:11:17,089 - project.core.recognition.coordinate_converter - WARNING - 关键点 152 转换失败: 无效的深度值：nan，必须大于0.1米
2025-09-26 15:11:17,089 - project.core.recognition.coordinate_converter - WARNING - 关键点 171 转换失败: 无效的深度值：nan，必须大于0.1米
2025-09-26 15:11:17,089 - project.core.recognition.coordinate_converter - WARNING - 关键点 175 转换失败: 无效的深度值：nan，必须大于0.1米
2025-09-26 15:11:17,089 - project.core.recognition.coordinate_converter - WARNING - 关键点 176 转换失败: 无效的深度值：nan，必须大于0.1米
2025-09-26 15:11:17,093 - project.core.recognition.coordinate_converter - WARNING - 关键点 199 转换失败: 无效的深度值：nan，必须大于0.1米
2025-09-26 15:11:17,095 - project.core.recognition.coordinate_converter - WARNING - 关键点 200 转换失败: 无效的深度值：nan，必须大于0.1米
2025-09-26 15:11:17,095 - project.core.recognition.coordinate_converter - WARNING - 关键点 201 转换失败: 无效的深度值：nan，必须大于0.1米
2025-09-26 15:11:17,095 - project.core.recognition.coordinate_converter - WARNING - 关键点 208 转换失败: 无效的深度值：nan，必须大于0.1米
2025-09-26 15:11:17,097 - project.core.recognition.coordinate_converter - WARNING - 关键点 262 转换失败: 无效的深度值：nan，必须大于0.1米
2025-09-26 15:11:17,099 - project.core.recognition.coordinate_converter - WARNING - 关键点 369 转换失败: 无效的深度值：nan，必须大于0.1米
2025-09-26 15:11:17,099 - project.core.recognition.coordinate_converter - WARNING - 关键点 377 转换失败: 无效的深度值：nan，必须大于0.1米
2025-09-26 15:11:17,099 - project.core.recognition.coordinate_converter - WARNING - 关键点 378 转换失败: 无效的深度值：nan，必须大于0.1米
2025-09-26 15:11:17,099 - project.core.recognition.coordinate_converter - WARNING - 关键点 396 转换失败: 无效的深度值：nan，必须大于0.1米
2025-09-26 15:11:17,099 - project.core.recognition.coordinate_converter - WARNING - 关键点 400 转换失败: 无效的深度值：nan，必须大于0.1米
2025-09-26 15:11:17,099 - project.core.recognition.coordinate_converter - WARNING - 关键点 421 转换失败: 无效的深度值：nan，必须大于0.1米
2025-09-26 15:11:17,099 - project.core.recognition.coordinate_converter - WARNING - 关键点 428 转换失败: 无效的深度值：nan，必须大于0.1米
2025-09-26 15:11:17,102 - project.data.data_manager - INFO - RecgFitDataManager初始化 - debug_log: True, key_coordinates: True
2025-09-26 15:11:17,102 - project.data.data_manager - INFO - RecgFitDataManager初始化完成
2025-09-26 15:11:17,102 - __main__ - INFO - 收到识别完成信号，开始拟合...
2025-09-26 15:11:17,102 - __main__ - INFO - 开始拟合frame_id: 17
2025-09-26 15:11:17,102 - __main__ - INFO - 等待识别完成信号...
2025-09-26 15:11:17,102 - root - INFO - 数据质量: {'point_count': 12, 'fitting_point_count': 0, 'constraint_point_count': 12, 'visibility': 0.9478543991744662}
2025-09-26 15:11:17,102 - root - INFO - 选择策略: high_quality
2025-09-26 15:11:17,102 - root - WARNING - 没有拟合点，无法进行优化
2025-09-26 15:11:17,102 - root - INFO - 数据质量: {'point_count': 11, 'fitting_point_count': 0, 'constraint_point_count': 11, 'visibility': 0.9154985010063794}
2025-09-26 15:11:17,102 - root - INFO - 选择策略: high_quality
2025-09-26 15:11:17,106 - root - WARNING - 没有拟合点，无法进行优化
2025-09-26 15:11:17,106 - project.core.fitting.main - INFO - ==============================================
2025-09-26 15:11:17,106 - project.core.fitting.main - INFO - 拟合结果:
2025-09-26 15:11:17,106 - project.core.fitting.main - INFO -   LEFT 眼: 拟合结果：
 球心：[0 0 0]
 半径：12.0
 置信度：0.0
 收敛：False
 迭代次数：0
 最终残差范数：inf
 最终delta范数：inf
 使用策略：lm
2025-09-26 15:11:17,106 - project.core.fitting.main - INFO -   RIGHT 眼: 拟合结果：
 球心：[0 0 0]
 半径：12.0
 置信度：0.0
 收敛：False
 迭代次数：0
 最终残差范数：inf
 最终delta范数：inf
 使用策略：lm
2025-09-26 15:11:17,106 - project.core.fitting.main - INFO - ==============================================
2025-09-26 15:11:17,106 - project.core.fitting.main - ERROR - 拟合过程中发生异常: list index out of range
2025-09-26 15:11:17,106 - project.core.fitting.main - ERROR - 异常堆栈: Traceback (most recent call last):
  File "C:\Users\86158\Desktop\gaze_venv\gaze-refactor\project\core\fitting\main.py", line 42, in run
    pupil_center = self.data_manager.get_coordinate_point(eye, "pupil")[0]
                   ~~~~~~~~~~~~~~~~~~~~~~~~~~~~~~~~~~~~~~~~~~~~~~~~~~~~^^^
IndexError: list index out of range

2025-09-26 15:11:17,207 - project.data.data_manager - WARNING - 非RGB-D摄像头，使用默认深度图
2025-09-26 15:11:17,260 - project.core.recognition.landmark_extractor - WARNING - 关键点 32 原始y坐标超出范围: 1.002，已限制到边界
2025-09-26 15:11:17,264 - project.core.recognition.landmark_extractor - WARNING - 关键点 140 原始y坐标超出范围: 1.017，已限制到边界
2025-09-26 15:11:17,264 - project.core.recognition.landmark_extractor - WARNING - 关键点 148 原始y坐标超出范围: 1.044，已限制到边界
2025-09-26 15:11:17,264 - project.core.recognition.landmark_extractor - WARNING - 关键点 149 原始y坐标超出范围: 1.006，已限制到边界
2025-09-26 15:11:17,264 - project.core.recognition.landmark_extractor - WARNING - 关键点 152 原始y坐标超出范围: 1.049，已限制到边界
2025-09-26 15:11:17,268 - project.core.recognition.landmark_extractor - WARNING - 关键点 171 原始y坐标超出范围: 1.036，已限制到边界
2025-09-26 15:11:17,269 - project.core.recognition.landmark_extractor - WARNING - 关键点 175 原始y坐标超出范围: 1.041，已限制到边界
2025-09-26 15:11:17,269 - project.core.recognition.landmark_extractor - WARNING - 关键点 176 原始y坐标超出范围: 1.028，已限制到边界
2025-09-26 15:11:17,270 - project.core.recognition.landmark_extractor - WARNING - 关键点 199 原始y坐标超出范围: 1.026，已限制到边界
2025-09-26 15:11:17,270 - project.core.recognition.landmark_extractor - WARNING - 关键点 200 原始y坐标超出范围: 1.008，已限制到边界
2025-09-26 15:11:17,270 - project.core.recognition.landmark_extractor - WARNING - 关键点 201 原始y坐标超出范围: 1.004，已限制到边界
2025-09-26 15:11:17,272 - project.core.recognition.landmark_extractor - WARNING - 关键点 208 原始y坐标超出范围: 1.021，已限制到边界
2025-09-26 15:11:17,274 - project.core.recognition.landmark_extractor - WARNING - 关键点 369 原始y坐标超出范围: 1.012，已限制到边界
2025-09-26 15:11:17,274 - project.core.recognition.landmark_extractor - WARNING - 关键点 377 原始y坐标超出范围: 1.041，已限制到边界
2025-09-26 15:11:17,274 - project.core.recognition.landmark_extractor - WARNING - 关键点 378 原始y坐标超出范围: 1.000，已限制到边界
2025-09-26 15:11:17,276 - project.core.recognition.landmark_extractor - WARNING - 关键点 396 原始y坐标超出范围: 1.033，已限制到边界
2025-09-26 15:11:17,276 - project.core.recognition.landmark_extractor - WARNING - 关键点 400 原始y坐标超出范围: 1.024，已限制到边界
2025-09-26 15:11:17,276 - project.core.recognition.landmark_extractor - WARNING - 关键点 421 原始y坐标超出范围: 1.002，已限制到边界
2025-09-26 15:11:17,276 - project.core.recognition.landmark_extractor - WARNING - 关键点 428 原始y坐标超出范围: 1.018，已限制到边界
2025-09-26 15:11:17,276 - project.core.recognition.detector - INFO - 提取到 478 个关键点
2025-09-26 15:11:17,281 - project.core.recognition.landmark_extractor - INFO - 关键点验证通过
2025-09-26 15:11:17,281 - project.core.recognition.detector - INFO - 关键点验证结果: True
2025-09-26 15:11:17,287 - project.core.recognition.detector - INFO - 人脸检测成功，提取到 478 个关键点
2025-09-26 15:11:17,287 - project.core.recognition.main - INFO - 人脸检测成功
2025-09-26 15:11:17,289 - project.core.recognition.coordinate_converter - WARNING - 关键点 32 转换失败: 无效的深度值：nan，必须大于0.1米
2025-09-26 15:11:17,291 - project.core.recognition.coordinate_converter - WARNING - 关键点 140 转换失败: 无效的深度值：nan，必须大于0.1米
2025-09-26 15:11:17,291 - project.core.recognition.coordinate_converter - WARNING - 关键点 148 转换失败: 无效的深度值：nan，必须大于0.1米
2025-09-26 15:11:17,291 - project.core.recognition.coordinate_converter - WARNING - 关键点 149 转换失败: 无效的深度值：nan，必须大于0.1米
2025-09-26 15:11:17,291 - project.core.recognition.coordinate_converter - WARNING - 关键点 152 转换失败: 无效的深度值：nan，必须大于0.1米
2025-09-26 15:11:17,291 - project.core.recognition.coordinate_converter - WARNING - 关键点 171 转换失败: 无效的深度值：nan，必须大于0.1米
2025-09-26 15:11:17,291 - project.core.recognition.coordinate_converter - WARNING - 关键点 175 转换失败: 无效的深度值：nan，必须大于0.1米
2025-09-26 15:11:17,294 - project.core.recognition.coordinate_converter - WARNING - 关键点 176 转换失败: 无效的深度值：nan，必须大于0.1米
2025-09-26 15:11:17,294 - project.core.recognition.coordinate_converter - WARNING - 关键点 199 转换失败: 无效的深度值：nan，必须大于0.1米
2025-09-26 15:11:17,294 - project.core.recognition.coordinate_converter - WARNING - 关键点 200 转换失败: 无效的深度值：nan，必须大于0.1米
2025-09-26 15:11:17,295 - project.core.recognition.coordinate_converter - WARNING - 关键点 201 转换失败: 无效的深度值：nan，必须大于0.1米
2025-09-26 15:11:17,295 - project.core.recognition.coordinate_converter - WARNING - 关键点 208 转换失败: 无效的深度值：nan，必须大于0.1米
2025-09-26 15:11:17,295 - project.core.recognition.coordinate_converter - WARNING - 关键点 369 转换失败: 无效的深度值：nan，必须大于0.1米
2025-09-26 15:11:17,295 - project.core.recognition.coordinate_converter - WARNING - 关键点 377 转换失败: 无效的深度值：nan，必须大于0.1米
2025-09-26 15:11:17,298 - project.core.recognition.coordinate_converter - WARNING - 关键点 378 转换失败: 无效的深度值：nan，必须大于0.1米
2025-09-26 15:11:17,298 - project.core.recognition.coordinate_converter - WARNING - 关键点 396 转换失败: 无效的深度值：nan，必须大于0.1米
2025-09-26 15:11:17,298 - project.core.recognition.coordinate_converter - WARNING - 关键点 400 转换失败: 无效的深度值：nan，必须大于0.1米
2025-09-26 15:11:17,298 - project.core.recognition.coordinate_converter - WARNING - 关键点 421 转换失败: 无效的深度值：nan，必须大于0.1米
2025-09-26 15:11:17,298 - project.core.recognition.coordinate_converter - WARNING - 关键点 428 转换失败: 无效的深度值：nan，必须大于0.1米
2025-09-26 15:11:17,298 - project.data.data_manager - INFO - RecgFitDataManager初始化 - debug_log: True, key_coordinates: True
2025-09-26 15:11:17,298 - project.data.data_manager - INFO - RecgFitDataManager初始化完成
2025-09-26 15:11:17,301 - __main__ - INFO - 收到识别完成信号，开始拟合...
2025-09-26 15:11:17,301 - __main__ - INFO - 开始拟合frame_id: 18
2025-09-26 15:11:17,301 - __main__ - INFO - 等待识别完成信号...
2025-09-26 15:11:17,301 - root - INFO - 数据质量: {'point_count': 12, 'fitting_point_count': 0, 'constraint_point_count': 12, 'visibility': 0.9533481000703818}
2025-09-26 15:11:17,303 - root - INFO - 选择策略: high_quality
2025-09-26 15:11:17,303 - root - WARNING - 没有拟合点，无法进行优化
2025-09-26 15:11:17,303 - root - INFO - 数据质量: {'point_count': 11, 'fitting_point_count': 0, 'constraint_point_count': 11, 'visibility': 0.8902762750584684}
2025-09-26 15:11:17,303 - root - INFO - 选择策略: medium_quality
2025-09-26 15:11:17,303 - root - WARNING - 没有拟合点，无法进行优化
2025-09-26 15:11:17,303 - root - WARNING - 没有拟合点，无法进行优化
2025-09-26 15:11:17,303 - root - WARNING - 没有拟合点，无法进行优化
2025-09-26 15:11:17,303 - root - WARNING - 没有拟合点，无法进行优化
2025-09-26 15:11:17,303 - root - WARNING - 没有拟合点，无法进行优化
2025-09-26 15:11:17,303 - root - WARNING - 没有拟合点，无法进行优化
2025-09-26 15:11:17,303 - root - WARNING - 没有拟合点，无法进行优化
2025-09-26 15:11:17,303 - root - WARNING - 没有拟合点，无法进行优化
2025-09-26 15:11:17,303 - root - WARNING - 没有拟合点，无法进行优化
2025-09-26 15:11:17,303 - root - WARNING - 没有拟合点，无法进行优化
2025-09-26 15:11:17,303 - root - WARNING - 没有拟合点，无法进行优化
2025-09-26 15:11:17,303 - root - WARNING - 没有拟合点，无法进行优化
2025-09-26 15:11:17,303 - root - WARNING - 没有拟合点，无法进行优化
2025-09-26 15:11:17,303 - root - WARNING - 没有拟合点，无法进行优化
2025-09-26 15:11:17,303 - root - WARNING - 没有拟合点，无法进行优化
2025-09-26 15:11:17,303 - root - WARNING - 没有拟合点，无法进行优化
2025-09-26 15:11:17,307 - root - WARNING - 没有拟合点，无法进行优化
2025-09-26 15:11:17,307 - root - WARNING - 没有拟合点，无法进行优化
2025-09-26 15:11:17,307 - root - WARNING - 没有拟合点，无法进行优化
2025-09-26 15:11:17,307 - root - WARNING - 没有拟合点，无法进行优化
2025-09-26 15:11:17,308 - project.core.fitting.main - INFO - ==============================================
2025-09-26 15:11:17,308 - project.core.fitting.main - INFO - 拟合结果:
2025-09-26 15:11:17,308 - project.core.fitting.main - INFO -   LEFT 眼: 拟合结果：
 球心：[0 0 0]
 半径：12.0
 置信度：0.0
 收敛：False
 迭代次数：0
 最终残差范数：inf
 最终delta范数：inf
 使用策略：lm
2025-09-26 15:11:17,308 - project.core.fitting.main - INFO -   RIGHT 眼: 拟合结果：
 球心：[0 0 0]
 半径：12.0
 置信度：0.0
 收敛：False
 迭代次数：0
 最终残差范数：inf
 最终delta范数：inf
 使用策略：ransac
2025-09-26 15:11:17,308 - project.core.fitting.main - INFO - ==============================================
2025-09-26 15:11:17,308 - project.core.fitting.main - ERROR - 拟合过程中发生异常: list index out of range
2025-09-26 15:11:17,308 - project.core.fitting.main - ERROR - 异常堆栈: Traceback (most recent call last):
  File "C:\Users\86158\Desktop\gaze_venv\gaze-refactor\project\core\fitting\main.py", line 42, in run
    pupil_center = self.data_manager.get_coordinate_point(eye, "pupil")[0]
                   ~~~~~~~~~~~~~~~~~~~~~~~~~~~~~~~~~~~~~~~~~~~~~~~~~~~~^^^
IndexError: list index out of range

2025-09-26 15:11:17,417 - project.data.data_manager - WARNING - 非RGB-D摄像头，使用默认深度图
2025-09-26 15:11:17,474 - project.core.recognition.landmark_extractor - WARNING - 关键点 140 原始y坐标超出范围: 1.005，已限制到边界
2025-09-26 15:11:17,478 - project.core.recognition.landmark_extractor - WARNING - 关键点 148 原始y坐标超出范围: 1.032，已限制到边界
2025-09-26 15:11:17,478 - project.core.recognition.landmark_extractor - WARNING - 关键点 152 原始y坐标超出范围: 1.037，已限制到边界
2025-09-26 15:11:17,478 - project.core.recognition.landmark_extractor - WARNING - 关键点 171 原始y坐标超出范围: 1.023，已限制到边界
2025-09-26 15:11:17,478 - project.core.recognition.landmark_extractor - WARNING - 关键点 175 原始y坐标超出范围: 1.028，已限制到边界
2025-09-26 15:11:17,478 - project.core.recognition.landmark_extractor - WARNING - 关键点 176 原始y坐标超出范围: 1.017，已限制到边界
2025-09-26 15:11:17,478 - project.core.recognition.landmark_extractor - WARNING - 关键点 199 原始y坐标超出范围: 1.012，已限制到边界
2025-09-26 15:11:17,478 - project.core.recognition.landmark_extractor - WARNING - 关键点 208 原始y坐标超出范围: 1.008，已限制到边界
2025-09-26 15:11:17,482 - project.core.recognition.landmark_extractor - WARNING - 关键点 377 原始y坐标超出范围: 1.030，已限制到边界
2025-09-26 15:11:17,482 - project.core.recognition.landmark_extractor - WARNING - 关键点 396 原始y坐标超出范围: 1.021，已限制到边界
2025-09-26 15:11:17,482 - project.core.recognition.landmark_extractor - WARNING - 关键点 400 原始y坐标超出范围: 1.012，已限制到边界
2025-09-26 15:11:17,482 - project.core.recognition.landmark_extractor - WARNING - 关键点 428 原始y坐标超出范围: 1.005，已限制到边界
2025-09-26 15:11:17,482 - project.core.recognition.detector - INFO - 提取到 478 个关键点
2025-09-26 15:11:17,487 - project.core.recognition.landmark_extractor - INFO - 关键点验证通过
2025-09-26 15:11:17,487 - project.core.recognition.detector - INFO - 关键点验证结果: True
2025-09-26 15:11:17,490 - project.core.recognition.detector - INFO - 人脸检测成功，提取到 478 个关键点
2025-09-26 15:11:17,494 - project.core.recognition.main - INFO - 人脸检测成功
2025-09-26 15:11:17,494 - project.core.recognition.coordinate_converter - WARNING - 关键点 140 转换失败: 无效的深度值：nan，必须大于0.1米
2025-09-26 15:11:17,494 - project.core.recognition.coordinate_converter - WARNING - 关键点 148 转换失败: 无效的深度值：nan，必须大于0.1米
2025-09-26 15:11:17,494 - project.core.recognition.coordinate_converter - WARNING - 关键点 152 转换失败: 无效的深度值：nan，必须大于0.1米
2025-09-26 15:11:17,494 - project.core.recognition.coordinate_converter - WARNING - 关键点 171 转换失败: 无效的深度值：nan，必须大于0.1米
2025-09-26 15:11:17,494 - project.core.recognition.coordinate_converter - WARNING - 关键点 175 转换失败: 无效的深度值：nan，必须大于0.1米
2025-09-26 15:11:17,494 - project.core.recognition.coordinate_converter - WARNING - 关键点 176 转换失败: 无效的深度值：nan，必须大于0.1米
2025-09-26 15:11:17,494 - project.core.recognition.coordinate_converter - WARNING - 关键点 199 转换失败: 无效的深度值：nan，必须大于0.1米
2025-09-26 15:11:17,494 - project.core.recognition.coordinate_converter - WARNING - 关键点 208 转换失败: 无效的深度值：nan，必须大于0.1米
2025-09-26 15:11:17,499 - project.core.recognition.coordinate_converter - WARNING - 关键点 369 转换失败: 无效的深度值：nan，必须大于0.1米
2025-09-26 15:11:17,499 - project.core.recognition.coordinate_converter - WARNING - 关键点 377 转换失败: 无效的深度值：nan，必须大于0.1米
2025-09-26 15:11:17,499 - project.core.recognition.coordinate_converter - WARNING - 关键点 396 转换失败: 无效的深度值：nan，必须大于0.1米
2025-09-26 15:11:17,499 - project.core.recognition.coordinate_converter - WARNING - 关键点 400 转换失败: 无效的深度值：nan，必须大于0.1米
2025-09-26 15:11:17,503 - project.core.recognition.coordinate_converter - WARNING - 关键点 428 转换失败: 无效的深度值：nan，必须大于0.1米
2025-09-26 15:11:17,504 - project.data.data_manager - INFO - RecgFitDataManager初始化 - debug_log: True, key_coordinates: True
2025-09-26 15:11:17,504 - project.data.data_manager - INFO - RecgFitDataManager初始化完成
2025-09-26 15:11:17,504 - __main__ - INFO - 收到识别完成信号，开始拟合...
2025-09-26 15:11:17,507 - __main__ - INFO - 开始拟合frame_id: 19
2025-09-26 15:11:17,507 - __main__ - INFO - 等待识别完成信号...
2025-09-26 15:11:17,507 - root - INFO - 数据质量: {'point_count': 12, 'fitting_point_count': 0, 'constraint_point_count': 12, 'visibility': 0.9686628175858316}
2025-09-26 15:11:17,507 - root - INFO - 选择策略: high_quality
2025-09-26 15:11:17,507 - root - WARNING - 没有拟合点，无法进行优化
2025-09-26 15:11:17,507 - root - INFO - 数据质量: {'point_count': 11, 'fitting_point_count': 0, 'constraint_point_count': 11, 'visibility': 0.9428689142799352}
2025-09-26 15:11:17,507 - root - INFO - 选择策略: high_quality
2025-09-26 15:11:17,507 - root - WARNING - 没有拟合点，无法进行优化
2025-09-26 15:11:17,507 - project.core.fitting.main - INFO - ==============================================
2025-09-26 15:11:17,507 - project.core.fitting.main - INFO - 拟合结果:
2025-09-26 15:11:17,507 - project.core.fitting.main - INFO -   LEFT 眼: 拟合结果：
 球心：[0 0 0]
 半径：12.0
 置信度：0.0
 收敛：False
 迭代次数：0
 最终残差范数：inf
 最终delta范数：inf
 使用策略：lm
2025-09-26 15:11:17,507 - project.core.fitting.main - INFO -   RIGHT 眼: 拟合结果：
 球心：[0 0 0]
 半径：12.0
 置信度：0.0
 收敛：False
 迭代次数：0
 最终残差范数：inf
 最终delta范数：inf
 使用策略：lm
2025-09-26 15:11:17,507 - project.core.fitting.main - INFO - ==============================================
2025-09-26 15:11:17,507 - project.core.fitting.main - ERROR - 拟合过程中发生异常: list index out of range
2025-09-26 15:11:17,507 - project.core.fitting.main - ERROR - 异常堆栈: Traceback (most recent call last):
  File "C:\Users\86158\Desktop\gaze_venv\gaze-refactor\project\core\fitting\main.py", line 42, in run
    pupil_center = self.data_manager.get_coordinate_point(eye, "pupil")[0]
                   ~~~~~~~~~~~~~~~~~~~~~~~~~~~~~~~~~~~~~~~~~~~~~~~~~~~~^^^
IndexError: list index out of range

2025-09-26 15:11:17,613 - project.data.data_manager - WARNING - 非RGB-D摄像头，使用默认深度图
2025-09-26 15:11:17,670 - project.core.recognition.landmark_extractor - WARNING - 关键点 148 原始y坐标超出范围: 1.014，已限制到边界
2025-09-26 15:11:17,671 - project.core.recognition.landmark_extractor - WARNING - 关键点 152 原始y坐标超出范围: 1.020，已限制到边界
2025-09-26 15:11:17,672 - project.core.recognition.landmark_extractor - WARNING - 关键点 171 原始y坐标超出范围: 1.006，已限制到边界
2025-09-26 15:11:17,672 - project.core.recognition.landmark_extractor - WARNING - 关键点 175 原始y坐标超出范围: 1.012，已限制到边界
2025-09-26 15:11:17,677 - project.core.recognition.landmark_extractor - WARNING - 关键点 377 原始y坐标超出范围: 1.013，已限制到边界
2025-09-26 15:11:17,677 - project.core.recognition.landmark_extractor - WARNING - 关键点 396 原始y坐标超出范围: 1.005，已限制到边界
2025-09-26 15:11:17,677 - project.core.recognition.detector - INFO - 提取到 478 个关键点
2025-09-26 15:11:17,681 - project.core.recognition.landmark_extractor - INFO - 关键点验证通过
2025-09-26 15:11:17,681 - project.core.recognition.detector - INFO - 关键点验证结果: True
2025-09-26 15:11:17,685 - project.core.recognition.detector - INFO - 人脸检测成功，提取到 478 个关键点
2025-09-26 15:11:17,685 - project.core.recognition.main - INFO - 人脸检测成功
2025-09-26 15:11:17,689 - project.core.recognition.coordinate_converter - WARNING - 关键点 148 转换失败: 无效的深度值：nan，必须大于0.1米
2025-09-26 15:11:17,689 - project.core.recognition.coordinate_converter - WARNING - 关键点 152 转换失败: 无效的深度值：nan，必须大于0.1米
2025-09-26 15:11:17,689 - project.core.recognition.coordinate_converter - WARNING - 关键点 171 转换失败: 无效的深度值：nan，必须大于0.1米
2025-09-26 15:11:17,689 - project.core.recognition.coordinate_converter - WARNING - 关键点 175 转换失败: 无效的深度值：nan，必须大于0.1米
2025-09-26 15:11:17,694 - project.core.recognition.coordinate_converter - WARNING - 关键点 377 转换失败: 无效的深度值：nan，必须大于0.1米
2025-09-26 15:11:17,695 - project.core.recognition.coordinate_converter - WARNING - 关键点 396 转换失败: 无效的深度值：nan，必须大于0.1米
2025-09-26 15:11:17,695 - project.data.data_manager - INFO - RecgFitDataManager初始化 - debug_log: True, key_coordinates: True
2025-09-26 15:11:17,695 - project.data.data_manager - INFO - RecgFitDataManager初始化完成
2025-09-26 15:11:17,695 - __main__ - INFO - 收到识别完成信号，开始拟合...
2025-09-26 15:11:17,698 - __main__ - INFO - 开始拟合frame_id: 20
2025-09-26 15:11:17,698 - __main__ - INFO - 等待识别完成信号...
2025-09-26 15:11:17,698 - root - INFO - 数据质量: {'point_count': 16, 'fitting_point_count': 4, 'constraint_point_count': 12, 'visibility': 0.9900165905245879}
2025-09-26 15:11:17,698 - root - INFO - 选择策略: high_quality
2025-09-26 15:11:17,698 - root - INFO - 虹膜点拟合外接圆，圆心：[  7.87567787  58.20926473 399.71986413]，半径：4.9812390895111855
2025-09-26 15:11:17,739 - root - INFO - 数据质量: {'point_count': 12, 'fitting_point_count': 0, 'constraint_point_count': 12, 'visibility': 0.9644033306210771}
2025-09-26 15:11:17,740 - root - INFO - 选择策略: high_quality
2025-09-26 15:11:17,740 - root - WARNING - 没有拟合点，无法进行优化
2025-09-26 15:11:17,741 - project.core.fitting.main - INFO - ==============================================
2025-09-26 15:11:17,741 - project.core.fitting.main - INFO - 拟合结果:
2025-09-26 15:11:17,741 - project.core.fitting.main - INFO -   LEFT 眼: 拟合结果：
 球心：[ 10.10486281  59.68705219 409.01176651]
 半径：12.372249856737506
 置信度：0.8760491557654391
 收敛：False
 迭代次数：30
 最终残差范数：1.8002172874170368
 最终delta范数：6.795970214639088e-09
 使用策略：lm
2025-09-26 15:11:17,742 - project.core.fitting.main - INFO -   RIGHT 眼: 拟合结果：
 球心：[0 0 0]
 半径：12.0
 置信度：0.0
 收敛：False
 迭代次数：0
 最终残差范数：inf
 最终delta范数：inf
 使用策略：lm
2025-09-26 15:11:17,742 - project.core.fitting.main - INFO - ==============================================
2025-09-26 15:11:17,742 - project.config.screen_config - INFO - 瞳孔位置: Point3D(16.077, 59.348, 399.614)
2025-09-26 15:11:17,743 - project.config.screen_config - INFO - 眼球位置: Point3D(10.105, 59.687, 409.012)
2025-09-26 15:11:17,743 - project.config.screen_config - INFO - 视线方向: Point3D(5.972, -0.339, -9.397)
2025-09-26 15:11:17,744 - project.config.screen_config - INFO - 交点坐标: [270.04601593  44.91858255   0.        ]
2025-09-26 15:11:17,745 - project.config.screen_config - WARNING - 交点超出屏幕边界，已裁剪: Point2D(-576.220876, 170.319286) -> Point2D(0.000000, 170.319286)
2025-09-26 15:11:17,745 - project.config.screen_config - INFO - 最终像素坐标: Point2D(0.000000, 170.319286)
2025-09-26 15:11:17,745 - project.core.fitting.main - INFO - -----------------------------------------------
2025-09-26 15:11:17,747 - project.core.fitting.main - INFO - left 视线焦点: Point2D(0.000000, 170.319286)
2025-09-26 15:11:17,747 - project.core.fitting.main - INFO - -----------------------------------------------
2025-09-26 15:11:17,748 - project.core.fitting.main - ERROR - 拟合过程中发生异常: list index out of range
2025-09-26 15:11:17,748 - project.core.fitting.main - ERROR - 异常堆栈: Traceback (most recent call last):
  File "C:\Users\86158\Desktop\gaze_venv\gaze-refactor\project\core\fitting\main.py", line 42, in run
    pupil_center = self.data_manager.get_coordinate_point(eye, "pupil")[0]
                   ~~~~~~~~~~~~~~~~~~~~~~~~~~~~~~~~~~~~~~~~~~~~~~~~~~~~^^^
IndexError: list index out of range

2025-09-26 15:11:17,801 - project.data.data_manager - WARNING - 非RGB-D摄像头，使用默认深度图
2025-09-26 15:11:17,853 - project.core.recognition.landmark_extractor - WARNING - 关键点 17 原始y坐标超出范围: 1.005，已限制到边界
2025-09-26 15:11:17,858 - project.core.recognition.landmark_extractor - WARNING - 关键点 32 原始y坐标超出范围: 1.011，已限制到边界
2025-09-26 15:11:17,858 - project.core.recognition.landmark_extractor - WARNING - 关键点 84 原始y坐标超出范围: 1.003，已限制到边界
2025-09-26 15:11:17,858 - project.core.recognition.landmark_extractor - WARNING - 关键点 140 原始y坐标超出范围: 1.029，已限制到边界
2025-09-26 15:11:17,858 - project.core.recognition.landmark_extractor - WARNING - 关键点 148 原始y坐标超出范围: 1.056，已限制到边界
2025-09-26 15:11:17,858 - project.core.recognition.landmark_extractor - WARNING - 关键点 149 原始y坐标超出范围: 1.018，已限制到边界
2025-09-26 15:11:17,858 - project.core.recognition.landmark_extractor - WARNING - 关键点 152 原始y坐标超出范围: 1.060，已限制到边界
2025-09-26 15:11:17,858 - project.core.recognition.landmark_extractor - WARNING - 关键点 170 原始y坐标超出范围: 1.003，已限制到边界
2025-09-26 15:11:17,862 - project.core.recognition.landmark_extractor - WARNING - 关键点 171 原始y坐标超出范围: 1.047，已限制到边界
2025-09-26 15:11:17,862 - project.core.recognition.landmark_extractor - WARNING - 关键点 175 原始y坐标超出范围: 1.051，已限制到边界
2025-09-26 15:11:17,862 - project.core.recognition.landmark_extractor - WARNING - 关键点 176 原始y坐标超出范围: 1.040，已限制到边界
2025-09-26 15:11:17,862 - project.core.recognition.landmark_extractor - WARNING - 关键点 199 原始y坐标超出范围: 1.034，已限制到边界
2025-09-26 15:11:17,862 - project.core.recognition.landmark_extractor - WARNING - 关键点 200 原始y坐标超出范围: 1.014，已限制到边界
2025-09-26 15:11:17,862 - project.core.recognition.landmark_extractor - WARNING - 关键点 201 原始y坐标超出范围: 1.010，已限制到边界
2025-09-26 15:11:17,862 - project.core.recognition.landmark_extractor - WARNING - 关键点 208 原始y坐标超出范围: 1.030，已限制到边界
2025-09-26 15:11:17,866 - project.core.recognition.landmark_extractor - WARNING - 关键点 262 原始y坐标超出范围: 1.003，已限制到边界
2025-09-26 15:11:17,866 - project.core.recognition.landmark_extractor - WARNING - 关键点 369 原始y坐标超出范围: 1.021，已限制到边界
2025-09-26 15:11:17,866 - project.core.recognition.landmark_extractor - WARNING - 关键点 377 原始y坐标超出范围: 1.052，已限制到边界
2025-09-26 15:11:17,866 - project.core.recognition.landmark_extractor - WARNING - 关键点 378 原始y坐标超出范围: 1.009，已限制到边界
2025-09-26 15:11:17,866 - project.core.recognition.landmark_extractor - WARNING - 关键点 396 原始y坐标超出范围: 1.042，已限制到边界
2025-09-26 15:11:17,866 - project.core.recognition.landmark_extractor - WARNING - 关键点 400 原始y坐标超出范围: 1.034，已限制到边界
2025-09-26 15:11:17,870 - project.core.recognition.landmark_extractor - WARNING - 关键点 421 原始y坐标超出范围: 1.007，已限制到边界
2025-09-26 15:11:17,870 - project.core.recognition.landmark_extractor - WARNING - 关键点 428 原始y坐标超出范围: 1.026，已限制到边界
2025-09-26 15:11:17,870 - project.core.recognition.detector - INFO - 提取到 478 个关键点
2025-09-26 15:11:17,870 - project.core.recognition.landmark_extractor - INFO - 关键点验证通过
2025-09-26 15:11:17,875 - project.core.recognition.detector - INFO - 关键点验证结果: True
2025-09-26 15:11:17,879 - project.core.recognition.detector - INFO - 人脸检测成功，提取到 478 个关键点
2025-09-26 15:11:17,879 - project.core.recognition.main - INFO - 人脸检测成功
2025-09-26 15:11:17,880 - project.core.recognition.coordinate_converter - WARNING - 关键点 16 转换失败: 无效的深度值：nan，必须大于0.1米
2025-09-26 15:11:17,880 - project.core.recognition.coordinate_converter - WARNING - 关键点 17 转换失败: 无效的深度值：nan，必须大于0.1米
2025-09-26 15:11:17,880 - project.core.recognition.coordinate_converter - WARNING - 关键点 18 转换失败: 无效的深度值：nan，必须大于0.1米
2025-09-26 15:11:17,880 - project.core.recognition.coordinate_converter - WARNING - 关键点 32 转换失败: 无效的深度值：nan，必须大于0.1米
2025-09-26 15:11:17,880 - project.core.recognition.coordinate_converter - WARNING - 关键点 84 转换失败: 无效的深度值：nan，必须大于0.1米
2025-09-26 15:11:17,880 - project.core.recognition.coordinate_converter - WARNING - 关键点 140 转换失败: 无效的深度值：nan，必须大于0.1米
2025-09-26 15:11:17,880 - project.core.recognition.coordinate_converter - WARNING - 关键点 148 转换失败: 无效的深度值：nan，必须大于0.1米
2025-09-26 15:11:17,883 - project.core.recognition.coordinate_converter - WARNING - 关键点 149 转换失败: 无效的深度值：nan，必须大于0.1米
2025-09-26 15:11:17,883 - project.core.recognition.coordinate_converter - WARNING - 关键点 152 转换失败: 无效的深度值：nan，必须大于0.1米
2025-09-26 15:11:17,883 - project.core.recognition.coordinate_converter - WARNING - 关键点 170 转换失败: 无效的深度值：nan，必须大于0.1米
2025-09-26 15:11:17,883 - project.core.recognition.coordinate_converter - WARNING - 关键点 171 转换失败: 无效的深度值：nan，必须大于0.1米
2025-09-26 15:11:17,883 - project.core.recognition.coordinate_converter - WARNING - 关键点 175 转换失败: 无效的深度值：nan，必须大于0.1米
2025-09-26 15:11:17,883 - project.core.recognition.coordinate_converter - WARNING - 关键点 176 转换失败: 无效的深度值：nan，必须大于0.1米
2025-09-26 15:11:17,883 - project.core.recognition.coordinate_converter - WARNING - 关键点 199 转换失败: 无效的深度值：nan，必须大于0.1米
2025-09-26 15:11:17,885 - project.core.recognition.coordinate_converter - WARNING - 关键点 200 转换失败: 无效的深度值：nan，必须大于0.1米
2025-09-26 15:11:17,885 - project.core.recognition.coordinate_converter - WARNING - 关键点 201 转换失败: 无效的深度值：nan，必须大于0.1米
2025-09-26 15:11:17,885 - project.core.recognition.coordinate_converter - WARNING - 关键点 208 转换失败: 无效的深度值：nan，必须大于0.1米
2025-09-26 15:11:17,885 - project.core.recognition.coordinate_converter - WARNING - 关键点 262 转换失败: 无效的深度值：nan，必须大于0.1米
2025-09-26 15:11:17,885 - project.core.recognition.coordinate_converter - WARNING - 关键点 314 转换失败: 无效的深度值：nan，必须大于0.1米
2025-09-26 15:11:17,887 - project.core.recognition.coordinate_converter - WARNING - 关键点 369 转换失败: 无效的深度值：nan，必须大于0.1米
2025-09-26 15:11:17,887 - project.core.recognition.coordinate_converter - WARNING - 关键点 377 转换失败: 无效的深度值：nan，必须大于0.1米
2025-09-26 15:11:17,887 - project.core.recognition.coordinate_converter - WARNING - 关键点 378 转换失败: 无效的深度值：nan，必须大于0.1米
2025-09-26 15:11:17,887 - project.core.recognition.coordinate_converter - WARNING - 关键点 396 转换失败: 无效的深度值：nan，必须大于0.1米
2025-09-26 15:11:17,887 - project.core.recognition.coordinate_converter - WARNING - 关键点 400 转换失败: 无效的深度值：nan，必须大于0.1米
2025-09-26 15:11:17,887 - project.core.recognition.coordinate_converter - WARNING - 关键点 421 转换失败: 无效的深度值：nan，必须大于0.1米
2025-09-26 15:11:17,887 - project.core.recognition.coordinate_converter - WARNING - 关键点 428 转换失败: 无效的深度值：nan，必须大于0.1米
2025-09-26 15:11:17,887 - project.data.data_manager - INFO - RecgFitDataManager初始化 - debug_log: True, key_coordinates: True
2025-09-26 15:11:17,887 - project.data.data_manager - INFO - RecgFitDataManager初始化完成
2025-09-26 15:11:17,887 - __main__ - INFO - 收到识别完成信号，开始拟合...
2025-09-26 15:11:17,887 - __main__ - INFO - 开始拟合frame_id: 21
2025-09-26 15:11:17,887 - __main__ - INFO - 等待识别完成信号...
2025-09-26 15:11:17,893 - root - INFO - 数据质量: {'point_count': 12, 'fitting_point_count': 0, 'constraint_point_count': 12, 'visibility': 0.9227037376780766}
2025-09-26 15:11:17,893 - root - INFO - 选择策略: high_quality
2025-09-26 15:11:17,894 - root - WARNING - 没有拟合点，无法进行优化
2025-09-26 15:11:17,895 - root - INFO - 数据质量: {'point_count': 11, 'fitting_point_count': 0, 'constraint_point_count': 11, 'visibility': 0.9147699997286729}
2025-09-26 15:11:17,895 - root - INFO - 选择策略: high_quality
2025-09-26 15:11:17,895 - root - WARNING - 没有拟合点，无法进行优化
2025-09-26 15:11:17,895 - project.core.fitting.main - INFO - ==============================================
2025-09-26 15:11:17,895 - project.core.fitting.main - INFO - 拟合结果:
2025-09-26 15:11:17,895 - project.core.fitting.main - INFO -   LEFT 眼: 拟合结果：
 球心：[0 0 0]
 半径：12.0
 置信度：0.0
 收敛：False
 迭代次数：0
 最终残差范数：inf
 最终delta范数：inf
 使用策略：lm
2025-09-26 15:11:17,896 - project.core.fitting.main - INFO -   RIGHT 眼: 拟合结果：
 球心：[0 0 0]
 半径：12.0
 置信度：0.0
 收敛：False
 迭代次数：0
 最终残差范数：inf
 最终delta范数：inf
 使用策略：lm
2025-09-26 15:11:17,896 - project.core.fitting.main - INFO - ==============================================
2025-09-26 15:11:17,896 - project.core.fitting.main - ERROR - 拟合过程中发生异常: list index out of range
2025-09-26 15:11:17,896 - project.core.fitting.main - ERROR - 异常堆栈: Traceback (most recent call last):
  File "C:\Users\86158\Desktop\gaze_venv\gaze-refactor\project\core\fitting\main.py", line 42, in run
    pupil_center = self.data_manager.get_coordinate_point(eye, "pupil")[0]
                   ~~~~~~~~~~~~~~~~~~~~~~~~~~~~~~~~~~~~~~~~~~~~~~~~~~~~^^^
IndexError: list index out of range

2025-09-26 15:11:17,995 - project.data.data_manager - WARNING - 非RGB-D摄像头，使用默认深度图
2025-09-26 15:11:18,068 - project.core.recognition.landmark_extractor - WARNING - 关键点 14 原始y坐标超出范围: 1.036，已限制到边界
2025-09-26 15:11:18,068 - project.core.recognition.landmark_extractor - WARNING - 关键点 15 原始y坐标超出范围: 1.043，已限制到边界
2025-09-26 15:11:18,068 - project.core.recognition.landmark_extractor - WARNING - 关键点 16 原始y坐标超出范围: 1.051，已限制到边界
2025-09-26 15:11:18,068 - project.core.recognition.landmark_extractor - WARNING - 关键点 17 原始y坐标超出范围: 1.060，已限制到边界
2025-09-26 15:11:18,068 - project.core.recognition.landmark_extractor - WARNING - 关键点 18 原始y坐标超出范围: 1.049，已限制到边界
2025-09-26 15:11:18,070 - project.core.recognition.landmark_extractor - WARNING - 关键点 32 原始y坐标超出范围: 1.059，已限制到边界
2025-09-26 15:11:18,070 - project.core.recognition.landmark_extractor - WARNING - 关键点 83 原始y坐标超出范围: 1.044，已限制到边界
2025-09-26 15:11:18,070 - project.core.recognition.landmark_extractor - WARNING - 关键点 84 原始y坐标超出范围: 1.055，已限制到边界
2025-09-26 15:11:18,070 - project.core.recognition.landmark_extractor - WARNING - 关键点 85 原始y坐标超出范围: 1.047，已限制到边界
2025-09-26 15:11:18,070 - project.core.recognition.landmark_extractor - WARNING - 关键点 86 原始y坐标超出范围: 1.039，已限制到边界
2025-09-26 15:11:18,073 - project.core.recognition.landmark_extractor - WARNING - 关键点 87 原始y坐标超出范围: 1.032，已限制到边界
2025-09-26 15:11:18,075 - project.core.recognition.landmark_extractor - WARNING - 关键点 88 原始y坐标超出范围: 1.002，已限制到边界
2025-09-26 15:11:18,075 - project.core.recognition.landmark_extractor - WARNING - 关键点 89 原始y坐标超出范围: 1.004，已限制到边界
2025-09-26 15:11:18,075 - project.core.recognition.landmark_extractor - WARNING - 关键点 90 原始y坐标超出范围: 1.007，已限制到边界
2025-09-26 15:11:18,078 - project.core.recognition.landmark_extractor - WARNING - 关键点 91 原始y坐标超出范围: 1.012，已限制到边界
2025-09-26 15:11:18,078 - project.core.recognition.landmark_extractor - WARNING - 关键点 106 原始y坐标超出范围: 1.006，已限制到边界
2025-09-26 15:11:18,081 - project.core.recognition.landmark_extractor - WARNING - 关键点 136 原始y坐标超出范围: 1.002，已限制到边界
2025-09-26 15:11:18,081 - project.core.recognition.landmark_extractor - WARNING - 关键点 140 原始y坐标超出范围: 1.080，已限制到边界
2025-09-26 15:11:18,082 - project.core.recognition.landmark_extractor - WARNING - 关键点 148 原始y坐标超出范围: 1.114，已限制到边界
2025-09-26 15:11:18,082 - project.core.recognition.landmark_extractor - WARNING - 关键点 149 原始y坐标超出范围: 1.068，已限制到边界
2025-09-26 15:11:18,084 - project.core.recognition.landmark_extractor - WARNING - 关键点 150 原始y坐标超出范围: 1.039，已限制到边界
2025-09-26 15:11:18,087 - project.core.recognition.landmark_extractor - WARNING - 关键点 152 原始y坐标超出范围: 1.121，已限制到边界
2025-09-26 15:11:18,088 - project.core.recognition.landmark_extractor - WARNING - 关键点 169 原始y坐标超出范围: 1.020，已限制到边界
2025-09-26 15:11:18,089 - project.core.recognition.landmark_extractor - WARNING - 关键点 170 原始y坐标超出范围: 1.050，已限制到边界
2025-09-26 15:11:18,089 - project.core.recognition.landmark_extractor - WARNING - 关键点 171 原始y坐标超出范围: 1.102，已限制到边界
2025-09-26 15:11:18,089 - project.core.recognition.landmark_extractor - WARNING - 关键点 175 原始y坐标超出范围: 1.110，已限制到边界
2025-09-26 15:11:18,090 - project.core.recognition.landmark_extractor - WARNING - 关键点 176 原始y坐标超出范围: 1.095，已限制到边界
2025-09-26 15:11:18,090 - project.core.recognition.landmark_extractor - WARNING - 关键点 178 原始y坐标超出范围: 1.020，已限制到边界
2025-09-26 15:11:18,090 - project.core.recognition.landmark_extractor - WARNING - 关键点 179 原始y坐标超出范围: 1.024，已限制到边界
2025-09-26 15:11:18,090 - project.core.recognition.landmark_extractor - WARNING - 关键点 180 原始y坐标超出范围: 1.030，已限制到边界
2025-09-26 15:11:18,091 - project.core.recognition.landmark_extractor - WARNING - 关键点 181 原始y坐标超出范围: 1.038，已限制到边界
2025-09-26 15:11:18,091 - project.core.recognition.landmark_extractor - WARNING - 关键点 182 原始y坐标超出范围: 1.029，已限制到边界
2025-09-26 15:11:18,091 - project.core.recognition.landmark_extractor - WARNING - 关键点 194 原始y坐标超出范围: 1.041，已限制到边界
2025-09-26 15:11:18,091 - project.core.recognition.landmark_extractor - WARNING - 关键点 199 原始y坐标超出范围: 1.089，已限制到边界
2025-09-26 15:11:18,092 - project.core.recognition.landmark_extractor - WARNING - 关键点 200 原始y坐标超出范围: 1.066，已限制到边界
2025-09-26 15:11:18,092 - project.core.recognition.landmark_extractor - WARNING - 关键点 201 原始y坐标超出范围: 1.060，已限制到边界
2025-09-26 15:11:18,092 - project.core.recognition.landmark_extractor - WARNING - 关键点 204 原始y坐标超出范围: 1.015，已限制到边界
2025-09-26 15:11:18,092 - project.core.recognition.landmark_extractor - WARNING - 关键点 208 原始y坐标超出范围: 1.082，已限制到边界
2025-09-26 15:11:18,092 - project.core.recognition.landmark_extractor - WARNING - 关键点 210 原始y坐标超出范围: 1.001，已限制到边界
2025-09-26 15:11:18,092 - project.core.recognition.landmark_extractor - WARNING - 关键点 211 原始y坐标超出范围: 1.031，已限制到边界
2025-09-26 15:11:18,094 - project.core.recognition.landmark_extractor - WARNING - 关键点 262 原始y坐标超出范围: 1.057，已限制到边界
2025-09-26 15:11:18,094 - project.core.recognition.landmark_extractor - WARNING - 关键点 313 原始y坐标超出范围: 1.043，已限制到边界
2025-09-26 15:11:18,094 - project.core.recognition.landmark_extractor - WARNING - 关键点 314 原始y坐标超出范围: 1.054，已限制到边界
2025-09-26 15:11:18,094 - project.core.recognition.landmark_extractor - WARNING - 关键点 315 原始y坐标超出范围: 1.045，已限制到边界
2025-09-26 15:11:18,094 - project.core.recognition.landmark_extractor - WARNING - 关键点 316 原始y坐标超出范围: 1.037，已限制到边界
2025-09-26 15:11:18,094 - project.core.recognition.landmark_extractor - WARNING - 关键点 317 原始y坐标超出范围: 1.031，已限制到边界
2025-09-26 15:11:18,094 - project.core.recognition.landmark_extractor - WARNING - 关键点 319 原始y坐标超出范围: 1.001，已限制到边界
2025-09-26 15:11:18,094 - project.core.recognition.landmark_extractor - WARNING - 关键点 320 原始y坐标超出范围: 1.004，已限制到边界
2025-09-26 15:11:18,098 - project.core.recognition.landmark_extractor - WARNING - 关键点 321 原始y坐标超出范围: 1.008，已限制到边界
2025-09-26 15:11:18,098 - project.core.recognition.landmark_extractor - WARNING - 关键点 335 原始y坐标超出范围: 1.001，已限制到边界
2025-09-26 15:11:18,098 - project.core.recognition.landmark_extractor - WARNING - 关键点 369 原始y坐标超出范围: 1.078，已限制到边界
2025-09-26 15:11:18,098 - project.core.recognition.landmark_extractor - WARNING - 关键点 377 原始y坐标超出范围: 1.113，已限制到边界
2025-09-26 15:11:18,101 - project.core.recognition.landmark_extractor - WARNING - 关键点 378 原始y坐标超出范围: 1.064，已限制到边界
2025-09-26 15:11:18,102 - project.core.recognition.landmark_extractor - WARNING - 关键点 379 原始y坐标超出范围: 1.035，已限制到边界
2025-09-26 15:11:18,103 - project.core.recognition.landmark_extractor - WARNING - 关键点 394 原始y坐标超出范围: 1.016，已限制到边界
2025-09-26 15:11:18,103 - project.core.recognition.landmark_extractor - WARNING - 关键点 395 原始y坐标超出范围: 1.046，已限制到边界
2025-09-26 15:11:18,103 - project.core.recognition.landmark_extractor - WARNING - 关键点 396 原始y坐标超出范围: 1.100，已限制到边界
2025-09-26 15:11:18,103 - project.core.recognition.landmark_extractor - WARNING - 关键点 400 原始y坐标超出范围: 1.092，已限制到边界
2025-09-26 15:11:18,103 - project.core.recognition.landmark_extractor - WARNING - 关键点 402 原始y坐标超出范围: 1.018，已限制到边界
2025-09-26 15:11:18,103 - project.core.recognition.landmark_extractor - WARNING - 关键点 403 原始y坐标超出范围: 1.022，已限制到边界
2025-09-26 15:11:18,103 - project.core.recognition.landmark_extractor - WARNING - 关键点 404 原始y坐标超出范围: 1.028，已限制到边界
2025-09-26 15:11:18,103 - project.core.recognition.landmark_extractor - WARNING - 关键点 405 原始y坐标超出范围: 1.035，已限制到边界
2025-09-26 15:11:18,103 - project.core.recognition.landmark_extractor - WARNING - 关键点 406 原始y坐标超出范围: 1.026，已限制到边界
2025-09-26 15:11:18,103 - project.core.recognition.landmark_extractor - WARNING - 关键点 418 原始y坐标超出范围: 1.038，已限制到边界
2025-09-26 15:11:18,103 - project.core.recognition.landmark_extractor - WARNING - 关键点 421 原始y坐标超出范围: 1.059，已限制到边界
2025-09-26 15:11:18,103 - project.core.recognition.landmark_extractor - WARNING - 关键点 424 原始y坐标超出范围: 1.010，已限制到边界
2025-09-26 15:11:18,107 - project.core.recognition.landmark_extractor - WARNING - 关键点 428 原始y坐标超出范围: 1.080，已限制到边界
2025-09-26 15:11:18,107 - project.core.recognition.landmark_extractor - WARNING - 关键点 431 原始y坐标超出范围: 1.027，已限制到边界
2025-09-26 15:11:18,107 - project.core.recognition.detector - INFO - 提取到 478 个关键点
2025-09-26 15:11:18,110 - project.core.recognition.landmark_extractor - INFO - 关键点验证通过
2025-09-26 15:11:18,111 - project.core.recognition.detector - INFO - 关键点验证结果: True
2025-09-26 15:11:18,114 - project.core.recognition.detector - INFO - 人脸检测成功，提取到 478 个关键点
2025-09-26 15:11:18,116 - project.core.recognition.main - INFO - 人脸检测成功
2025-09-26 15:11:18,116 - project.core.recognition.coordinate_converter - WARNING - 关键点 14 转换失败: 无效的深度值：nan，必须大于0.1米
2025-09-26 15:11:18,116 - project.core.recognition.coordinate_converter - WARNING - 关键点 15 转换失败: 无效的深度值：nan，必须大于0.1米
2025-09-26 15:11:18,116 - project.core.recognition.coordinate_converter - WARNING - 关键点 16 转换失败: 无效的深度值：nan，必须大于0.1米
2025-09-26 15:11:18,116 - project.core.recognition.coordinate_converter - WARNING - 关键点 17 转换失败: 无效的深度值：nan，必须大于0.1米
2025-09-26 15:11:18,120 - project.core.recognition.coordinate_converter - WARNING - 关键点 18 转换失败: 无效的深度值：nan，必须大于0.1米
2025-09-26 15:11:18,120 - project.core.recognition.coordinate_converter - WARNING - 关键点 32 转换失败: 无效的深度值：nan，必须大于0.1米
2025-09-26 15:11:18,120 - project.core.recognition.coordinate_converter - WARNING - 关键点 83 转换失败: 无效的深度值：nan，必须大于0.1米
2025-09-26 15:11:18,120 - project.core.recognition.coordinate_converter - WARNING - 关键点 84 转换失败: 无效的深度值：nan，必须大于0.1米
2025-09-26 15:11:18,123 - project.core.recognition.coordinate_converter - WARNING - 关键点 85 转换失败: 无效的深度值：nan，必须大于0.1米
2025-09-26 15:11:18,123 - project.core.recognition.coordinate_converter - WARNING - 关键点 86 转换失败: 无效的深度值：nan，必须大于0.1米
2025-09-26 15:11:18,123 - project.core.recognition.coordinate_converter - WARNING - 关键点 87 转换失败: 无效的深度值：nan，必须大于0.1米
2025-09-26 15:11:18,126 - project.core.recognition.coordinate_converter - WARNING - 关键点 88 转换失败: 无效的深度值：nan，必须大于0.1米
2025-09-26 15:11:18,126 - project.core.recognition.coordinate_converter - WARNING - 关键点 89 转换失败: 无效的深度值：nan，必须大于0.1米
2025-09-26 15:11:18,127 - project.core.recognition.coordinate_converter - WARNING - 关键点 90 转换失败: 无效的深度值：nan，必须大于0.1米
2025-09-26 15:11:18,127 - project.core.recognition.coordinate_converter - WARNING - 关键点 91 转换失败: 无效的深度值：nan，必须大于0.1米
2025-09-26 15:11:18,127 - project.core.recognition.coordinate_converter - WARNING - 关键点 106 转换失败: 无效的深度值：nan，必须大于0.1米
2025-09-26 15:11:18,127 - project.core.recognition.coordinate_converter - WARNING - 关键点 136 转换失败: 无效的深度值：nan，必须大于0.1米
2025-09-26 15:11:18,129 - project.core.recognition.coordinate_converter - WARNING - 关键点 140 转换失败: 无效的深度值：nan，必须大于0.1米
2025-09-26 15:11:18,129 - project.core.recognition.coordinate_converter - WARNING - 关键点 148 转换失败: 无效的深度值：nan，必须大于0.1米
2025-09-26 15:11:18,129 - project.core.recognition.coordinate_converter - WARNING - 关键点 149 转换失败: 无效的深度值：nan，必须大于0.1米
2025-09-26 15:11:18,129 - project.core.recognition.coordinate_converter - WARNING - 关键点 150 转换失败: 无效的深度值：nan，必须大于0.1米
2025-09-26 15:11:18,129 - project.core.recognition.coordinate_converter - WARNING - 关键点 152 转换失败: 无效的深度值：nan，必须大于0.1米
2025-09-26 15:11:18,129 - project.core.recognition.coordinate_converter - WARNING - 关键点 169 转换失败: 无效的深度值：nan，必须大于0.1米
2025-09-26 15:11:18,129 - project.core.recognition.coordinate_converter - WARNING - 关键点 170 转换失败: 无效的深度值：nan，必须大于0.1米
2025-09-26 15:11:18,129 - project.core.recognition.coordinate_converter - WARNING - 关键点 171 转换失败: 无效的深度值：nan，必须大于0.1米
2025-09-26 15:11:18,129 - project.core.recognition.coordinate_converter - WARNING - 关键点 175 转换失败: 无效的深度值：nan，必须大于0.1米
2025-09-26 15:11:18,129 - project.core.recognition.coordinate_converter - WARNING - 关键点 176 转换失败: 无效的深度值：nan，必须大于0.1米
2025-09-26 15:11:18,129 - project.core.recognition.coordinate_converter - WARNING - 关键点 178 转换失败: 无效的深度值：nan，必须大于0.1米
2025-09-26 15:11:18,129 - project.core.recognition.coordinate_converter - WARNING - 关键点 179 转换失败: 无效的深度值：nan，必须大于0.1米
2025-09-26 15:11:18,129 - project.core.recognition.coordinate_converter - WARNING - 关键点 180 转换失败: 无效的深度值：nan，必须大于0.1米
2025-09-26 15:11:18,129 - project.core.recognition.coordinate_converter - WARNING - 关键点 181 转换失败: 无效的深度值：nan，必须大于0.1米
2025-09-26 15:11:18,129 - project.core.recognition.coordinate_converter - WARNING - 关键点 182 转换失败: 无效的深度值：nan，必须大于0.1米
2025-09-26 15:11:18,129 - project.core.recognition.coordinate_converter - WARNING - 关键点 194 转换失败: 无效的深度值：nan，必须大于0.1米
2025-09-26 15:11:18,129 - project.core.recognition.coordinate_converter - WARNING - 关键点 199 转换失败: 无效的深度值：nan，必须大于0.1米
2025-09-26 15:11:18,129 - project.core.recognition.coordinate_converter - WARNING - 关键点 200 转换失败: 无效的深度值：nan，必须大于0.1米
2025-09-26 15:11:18,133 - project.core.recognition.coordinate_converter - WARNING - 关键点 201 转换失败: 无效的深度值：nan，必须大于0.1米
2025-09-26 15:11:18,133 - project.core.recognition.coordinate_converter - WARNING - 关键点 204 转换失败: 无效的深度值：nan，必须大于0.1米
2025-09-26 15:11:18,133 - project.core.recognition.coordinate_converter - WARNING - 关键点 208 转换失败: 无效的深度值：nan，必须大于0.1米
2025-09-26 15:11:18,133 - project.core.recognition.coordinate_converter - WARNING - 关键点 210 转换失败: 无效的深度值：nan，必须大于0.1米
2025-09-26 15:11:18,133 - project.core.recognition.coordinate_converter - WARNING - 关键点 211 转换失败: 无效的深度值：nan，必须大于0.1米
2025-09-26 15:11:18,135 - project.core.recognition.coordinate_converter - WARNING - 关键点 262 转换失败: 无效的深度值：nan，必须大于0.1米
2025-09-26 15:11:18,135 - project.core.recognition.coordinate_converter - WARNING - 关键点 313 转换失败: 无效的深度值：nan，必须大于0.1米
2025-09-26 15:11:18,135 - project.core.recognition.coordinate_converter - WARNING - 关键点 314 转换失败: 无效的深度值：nan，必须大于0.1米
2025-09-26 15:11:18,135 - project.core.recognition.coordinate_converter - WARNING - 关键点 315 转换失败: 无效的深度值：nan，必须大于0.1米
2025-09-26 15:11:18,135 - project.core.recognition.coordinate_converter - WARNING - 关键点 316 转换失败: 无效的深度值：nan，必须大于0.1米
2025-09-26 15:11:18,135 - project.core.recognition.coordinate_converter - WARNING - 关键点 317 转换失败: 无效的深度值：nan，必须大于0.1米
2025-09-26 15:11:18,135 - project.core.recognition.coordinate_converter - WARNING - 关键点 318 转换失败: 无效的深度值：nan，必须大于0.1米
2025-09-26 15:11:18,137 - project.core.recognition.coordinate_converter - WARNING - 关键点 319 转换失败: 无效的深度值：nan，必须大于0.1米
2025-09-26 15:11:18,137 - project.core.recognition.coordinate_converter - WARNING - 关键点 320 转换失败: 无效的深度值：nan，必须大于0.1米
2025-09-26 15:11:18,137 - project.core.recognition.coordinate_converter - WARNING - 关键点 321 转换失败: 无效的深度值：nan，必须大于0.1米
2025-09-26 15:11:18,137 - project.core.recognition.coordinate_converter - WARNING - 关键点 335 转换失败: 无效的深度值：nan，必须大于0.1米
2025-09-26 15:11:18,137 - project.core.recognition.coordinate_converter - WARNING - 关键点 369 转换失败: 无效的深度值：nan，必须大于0.1米
2025-09-26 15:11:18,137 - project.core.recognition.coordinate_converter - WARNING - 关键点 377 转换失败: 无效的深度值：nan，必须大于0.1米
2025-09-26 15:11:18,137 - project.core.recognition.coordinate_converter - WARNING - 关键点 378 转换失败: 无效的深度值：nan，必须大于0.1米
2025-09-26 15:11:18,137 - project.core.recognition.coordinate_converter - WARNING - 关键点 379 转换失败: 无效的深度值：nan，必须大于0.1米
2025-09-26 15:11:18,137 - project.core.recognition.coordinate_converter - WARNING - 关键点 394 转换失败: 无效的深度值：nan，必须大于0.1米
2025-09-26 15:11:18,137 - project.core.recognition.coordinate_converter - WARNING - 关键点 395 转换失败: 无效的深度值：nan，必须大于0.1米
2025-09-26 15:11:18,141 - project.core.recognition.coordinate_converter - WARNING - 关键点 396 转换失败: 无效的深度值：nan，必须大于0.1米
2025-09-26 15:11:18,141 - project.core.recognition.coordinate_converter - WARNING - 关键点 400 转换失败: 无效的深度值：nan，必须大于0.1米
2025-09-26 15:11:18,141 - project.core.recognition.coordinate_converter - WARNING - 关键点 402 转换失败: 无效的深度值：nan，必须大于0.1米
2025-09-26 15:11:18,141 - project.core.recognition.coordinate_converter - WARNING - 关键点 403 转换失败: 无效的深度值：nan，必须大于0.1米
2025-09-26 15:11:18,141 - project.core.recognition.coordinate_converter - WARNING - 关键点 404 转换失败: 无效的深度值：nan，必须大于0.1米
2025-09-26 15:11:18,141 - project.core.recognition.coordinate_converter - WARNING - 关键点 405 转换失败: 无效的深度值：nan，必须大于0.1米
2025-09-26 15:11:18,141 - project.core.recognition.coordinate_converter - WARNING - 关键点 406 转换失败: 无效的深度值：nan，必须大于0.1米
2025-09-26 15:11:18,141 - project.core.recognition.coordinate_converter - WARNING - 关键点 418 转换失败: 无效的深度值：nan，必须大于0.1米
2025-09-26 15:11:18,141 - project.core.recognition.coordinate_converter - WARNING - 关键点 421 转换失败: 无效的深度值：nan，必须大于0.1米
2025-09-26 15:11:18,141 - project.core.recognition.coordinate_converter - WARNING - 关键点 424 转换失败: 无效的深度值：nan，必须大于0.1米
2025-09-26 15:11:18,141 - project.core.recognition.coordinate_converter - WARNING - 关键点 428 转换失败: 无效的深度值：nan，必须大于0.1米
2025-09-26 15:11:18,141 - project.core.recognition.coordinate_converter - WARNING - 关键点 431 转换失败: 无效的深度值：nan，必须大于0.1米
2025-09-26 15:11:18,145 - project.data.data_manager - INFO - RecgFitDataManager初始化 - debug_log: True, key_coordinates: True
2025-09-26 15:11:18,145 - project.data.data_manager - INFO - RecgFitDataManager初始化完成
2025-09-26 15:11:18,145 - __main__ - INFO - 收到识别完成信号，开始拟合...
2025-09-26 15:11:18,145 - __main__ - INFO - 开始拟合frame_id: 22
2025-09-26 15:11:18,145 - __main__ - INFO - 等待识别完成信号...
2025-09-26 15:11:18,145 - root - INFO - 数据质量: {'point_count': 12, 'fitting_point_count': 0, 'constraint_point_count': 12, 'visibility': 0.8934929958863344}
2025-09-26 15:11:18,145 - root - INFO - 选择策略: medium_quality
2025-09-26 15:11:18,145 - root - WARNING - 没有拟合点，无法进行优化
2025-09-26 15:11:18,145 - root - WARNING - 没有拟合点，无法进行优化
2025-09-26 15:11:18,145 - root - WARNING - 没有拟合点，无法进行优化
2025-09-26 15:11:18,145 - root - WARNING - 没有拟合点，无法进行优化
2025-09-26 15:11:18,145 - root - WARNING - 没有拟合点，无法进行优化
2025-09-26 15:11:18,145 - root - WARNING - 没有拟合点，无法进行优化
2025-09-26 15:11:18,149 - root - WARNING - 没有拟合点，无法进行优化
2025-09-26 15:11:18,153 - root - WARNING - 没有拟合点，无法进行优化
2025-09-26 15:11:18,153 - root - WARNING - 没有拟合点，无法进行优化
2025-09-26 15:11:18,153 - root - WARNING - 没有拟合点，无法进行优化
2025-09-26 15:11:18,153 - root - WARNING - 没有拟合点，无法进行优化
2025-09-26 15:11:18,153 - root - WARNING - 没有拟合点，无法进行优化
2025-09-26 15:11:18,153 - root - WARNING - 没有拟合点，无法进行优化
2025-09-26 15:11:18,153 - root - WARNING - 没有拟合点，无法进行优化
2025-09-26 15:11:18,153 - root - WARNING - 没有拟合点，无法进行优化
2025-09-26 15:11:18,153 - root - WARNING - 没有拟合点，无法进行优化
2025-09-26 15:11:18,153 - root - WARNING - 没有拟合点，无法进行优化
2025-09-26 15:11:18,153 - root - WARNING - 没有拟合点，无法进行优化
2025-09-26 15:11:18,153 - root - WARNING - 没有拟合点，无法进行优化
2025-09-26 15:11:18,153 - root - WARNING - 没有拟合点，无法进行优化
2025-09-26 15:11:18,157 - root - INFO - 数据质量: {'point_count': 11, 'fitting_point_count': 0, 'constraint_point_count': 11, 'visibility': 0.9421105191831288}
2025-09-26 15:11:18,157 - root - INFO - 选择策略: high_quality
2025-09-26 15:11:18,157 - root - WARNING - 没有拟合点，无法进行优化
2025-09-26 15:11:18,157 - project.core.fitting.main - INFO - ==============================================
2025-09-26 15:11:18,157 - project.core.fitting.main - INFO - 拟合结果:
2025-09-26 15:11:18,157 - project.core.fitting.main - INFO -   LEFT 眼: 拟合结果：
 球心：[0 0 0]
 半径：12.0
 置信度：0.0
 收敛：False
 迭代次数：0
 最终残差范数：inf
 最终delta范数：inf
 使用策略：ransac
2025-09-26 15:11:18,161 - project.core.fitting.main - INFO -   RIGHT 眼: 拟合结果：
 球心：[0 0 0]
 半径：12.0
 置信度：0.0
 收敛：False
 迭代次数：0
 最终残差范数：inf
 最终delta范数：inf
 使用策略：lm
2025-09-26 15:11:18,161 - project.core.fitting.main - INFO - ==============================================
2025-09-26 15:11:18,161 - project.core.fitting.main - ERROR - 拟合过程中发生异常: list index out of range
2025-09-26 15:11:18,162 - project.core.fitting.main - ERROR - 异常堆栈: Traceback (most recent call last):
  File "C:\Users\86158\Desktop\gaze_venv\gaze-refactor\project\core\fitting\main.py", line 42, in run
    pupil_center = self.data_manager.get_coordinate_point(eye, "pupil")[0]
                   ~~~~~~~~~~~~~~~~~~~~~~~~~~~~~~~~~~~~~~~~~~~~~~~~~~~~^^^
IndexError: list index out of range

2025-09-26 15:11:18,252 - project.data.data_manager - WARNING - 非RGB-D摄像头，使用默认深度图
2025-09-26 15:11:18,305 - project.core.recognition.landmark_extractor - WARNING - 关键点 0 原始y坐标超出范围: 1.050，已限制到边界
2025-09-26 15:11:18,307 - project.core.recognition.landmark_extractor - WARNING - 关键点 1 原始y坐标超出范围: 1.002，已限制到边界
2025-09-26 15:11:18,307 - project.core.recognition.landmark_extractor - WARNING - 关键点 2 原始y坐标超出范围: 1.008，已限制到边界
2025-09-26 15:11:18,307 - project.core.recognition.landmark_extractor - WARNING - 关键点 11 原始y坐标超出范围: 1.055，已限制到边界
2025-09-26 15:11:18,307 - project.core.recognition.landmark_extractor - WARNING - 关键点 12 原始y坐标超出范围: 1.060，已限制到边界
2025-09-26 15:11:18,307 - project.core.recognition.landmark_extractor - WARNING - 关键点 13 原始y坐标超出范围: 1.064，已限制到边界
2025-09-26 15:11:18,307 - project.core.recognition.landmark_extractor - WARNING - 关键点 14 原始y坐标超出范围: 1.066，已限制到边界
2025-09-26 15:11:18,307 - project.core.recognition.landmark_extractor - WARNING - 关键点 15 原始y坐标超出范围: 1.072，已限制到边界
2025-09-26 15:11:18,307 - project.core.recognition.landmark_extractor - WARNING - 关键点 16 原始y坐标超出范围: 1.079，已限制到边界
2025-09-26 15:11:18,310 - project.core.recognition.landmark_extractor - WARNING - 关键点 17 原始y坐标超出范围: 1.086，已限制到边界
2025-09-26 15:11:18,310 - project.core.recognition.landmark_extractor - WARNING - 关键点 18 原始y坐标超出范围: 1.102，已限制到边界
2025-09-26 15:11:18,311 - project.core.recognition.landmark_extractor - WARNING - 关键点 19 原始y坐标超出范围: 1.008，已限制到边界
2025-09-26 15:11:18,311 - project.core.recognition.landmark_extractor - WARNING - 关键点 20 原始y坐标超出范围: 1.002，已限制到边界
2025-09-26 15:11:18,312 - project.core.recognition.landmark_extractor - WARNING - 关键点 32 原始y坐标超出范围: 1.123，已限制到边界
2025-09-26 15:11:18,312 - project.core.recognition.landmark_extractor - WARNING - 关键点 37 原始y坐标超出范围: 1.048，已限制到边界
2025-09-26 15:11:18,312 - project.core.recognition.landmark_extractor - WARNING - 关键点 38 原始y坐标超出范围: 1.061，已限制到边界
2025-09-26 15:11:18,312 - project.core.recognition.landmark_extractor - WARNING - 关键点 39 原始y坐标超出范围: 1.053，已限制到边界
2025-09-26 15:11:18,314 - project.core.recognition.landmark_extractor - WARNING - 关键点 40 原始y坐标超出范围: 1.057，已限制到边界
2025-09-26 15:11:18,314 - project.core.recognition.landmark_extractor - WARNING - 关键点 41 原始y坐标超出范围: 1.061，已限制到边界
2025-09-26 15:11:18,314 - project.core.recognition.landmark_extractor - WARNING - 关键点 42 原始y坐标超出范围: 1.062，已限制到边界
2025-09-26 15:11:18,314 - project.core.recognition.landmark_extractor - WARNING - 关键点 43 原始y坐标超出范围: 1.058，已限制到边界
2025-09-26 15:11:18,314 - project.core.recognition.landmark_extractor - WARNING - 关键点 44 原始y坐标超出范围: 1.001，已限制到边界
2025-09-26 15:11:18,314 - project.core.recognition.landmark_extractor - WARNING - 关键点 57 原始y坐标超出范围: 1.043，已限制到边界
2025-09-26 15:11:18,314 - project.core.recognition.landmark_extractor - WARNING - 关键点 61 原始y坐标超出范围: 1.065，已限制到边界
2025-09-26 15:11:18,314 - project.core.recognition.landmark_extractor - WARNING - 关键点 62 原始y坐标超出范围: 1.065，已限制到边界
2025-09-26 15:11:18,314 - project.core.recognition.landmark_extractor - WARNING - 关键点 72 原始y坐标超出范围: 1.055，已限制到边界
2025-09-26 15:11:18,314 - project.core.recognition.landmark_extractor - WARNING - 关键点 73 原始y坐标超出范围: 1.057，已限制到边界
2025-09-26 15:11:18,314 - project.core.recognition.landmark_extractor - WARNING - 关键点 74 原始y坐标超出范围: 1.060，已限制到边界
2025-09-26 15:11:18,314 - project.core.recognition.landmark_extractor - WARNING - 关键点 76 原始y坐标超出范围: 1.065，已限制到边界
2025-09-26 15:11:18,314 - project.core.recognition.landmark_extractor - WARNING - 关键点 77 原始y坐标超出范围: 1.067，已限制到边界
2025-09-26 15:11:18,314 - project.core.recognition.landmark_extractor - WARNING - 关键点 78 原始y坐标超出范围: 1.065，已限制到边界
2025-09-26 15:11:18,314 - project.core.recognition.landmark_extractor - WARNING - 关键点 80 原始y坐标超出范围: 1.064，已限制到边界
2025-09-26 15:11:18,314 - project.core.recognition.landmark_extractor - WARNING - 关键点 81 原始y坐标超出范围: 1.064，已限制到边界
2025-09-26 15:11:18,314 - project.core.recognition.landmark_extractor - WARNING - 关键点 82 原始y坐标超出范围: 1.064，已限制到边界
2025-09-26 15:11:18,318 - project.core.recognition.landmark_extractor - WARNING - 关键点 83 原始y坐标超出范围: 1.099，已限制到边界
2025-09-26 15:11:18,318 - project.core.recognition.landmark_extractor - WARNING - 关键点 84 原始y坐标超出范围: 1.085，已限制到边界
2025-09-26 15:11:18,318 - project.core.recognition.landmark_extractor - WARNING - 关键点 85 原始y坐标超出范围: 1.078，已限制到边界
2025-09-26 15:11:18,318 - project.core.recognition.landmark_extractor - WARNING - 关键点 86 原始y坐标超出范围: 1.071，已限制到边界
2025-09-26 15:11:18,318 - project.core.recognition.landmark_extractor - WARNING - 关键点 87 原始y坐标超出范围: 1.065，已限制到边界
2025-09-26 15:11:18,318 - project.core.recognition.landmark_extractor - WARNING - 关键点 88 原始y坐标超出范围: 1.064，已限制到边界
2025-09-26 15:11:18,318 - project.core.recognition.landmark_extractor - WARNING - 关键点 89 原始y坐标超出范围: 1.067，已限制到边界
2025-09-26 15:11:18,318 - project.core.recognition.landmark_extractor - WARNING - 关键点 90 原始y坐标超出范围: 1.070，已限制到边界
2025-09-26 15:11:18,321 - project.core.recognition.landmark_extractor - WARNING - 关键点 91 原始y坐标超出范围: 1.074，已限制到边界
2025-09-26 15:11:18,321 - project.core.recognition.landmark_extractor - WARNING - 关键点 92 原始y坐标超出范围: 1.022，已限制到边界
2025-09-26 15:11:18,321 - project.core.recognition.landmark_extractor - WARNING - 关键点 94 原始y坐标超出范围: 1.008，已限制到边界
2025-09-26 15:11:18,321 - project.core.recognition.landmark_extractor - WARNING - 关键点 95 原始y坐标超出范围: 1.064，已限制到边界
2025-09-26 15:11:18,321 - project.core.recognition.landmark_extractor - WARNING - 关键点 96 原始y坐标超出范围: 1.066，已限制到边界
2025-09-26 15:11:18,321 - project.core.recognition.landmark_extractor - WARNING - 关键点 97 原始y坐标超出范围: 1.004，已限制到边界
2025-09-26 15:11:18,321 - project.core.recognition.landmark_extractor - WARNING - 关键点 99 原始y坐标超出范围: 1.001，已限制到边界
2025-09-26 15:11:18,323 - project.core.recognition.landmark_extractor - WARNING - 关键点 106 原始y坐标超出范围: 1.074，已限制到边界
2025-09-26 15:11:18,323 - project.core.recognition.landmark_extractor - WARNING - 关键点 125 原始y坐标超出范围: 1.007，已限制到边界
2025-09-26 15:11:18,323 - project.core.recognition.landmark_extractor - WARNING - 关键点 135 原始y坐标超出范围: 1.066，已限制到边界
2025-09-26 15:11:18,323 - project.core.recognition.landmark_extractor - WARNING - 关键点 136 原始y坐标超出范围: 1.081，已限制到边界
2025-09-26 15:11:18,327 - project.core.recognition.landmark_extractor - WARNING - 关键点 138 原始y坐标超出范围: 1.033，已限制到边界
2025-09-26 15:11:18,327 - project.core.recognition.landmark_extractor - WARNING - 关键点 140 原始y坐标超出范围: 1.144，已限制到边界
2025-09-26 15:11:18,327 - project.core.recognition.landmark_extractor - WARNING - 关键点 141 原始y坐标超出范围: 1.008，已限制到边界
2025-09-26 15:11:18,327 - project.core.recognition.landmark_extractor - WARNING - 关键点 146 原始y坐标超出范围: 1.069，已限制到边界
2025-09-26 15:11:18,327 - project.core.recognition.landmark_extractor - WARNING - 关键点 148 原始y坐标超出范围: 1.174，已限制到边界
2025-09-26 15:11:18,327 - project.core.recognition.landmark_extractor - WARNING - 关键点 149 原始y坐标超出范围: 1.139，已限制到边界
2025-09-26 15:11:18,327 - project.core.recognition.landmark_extractor - WARNING - 关键点 150 原始y坐标超出范围: 1.115，已限制到边界
2025-09-26 15:11:18,327 - project.core.recognition.landmark_extractor - WARNING - 关键点 152 原始y坐标超出范围: 1.179，已限制到边界
2025-09-26 15:11:18,327 - project.core.recognition.landmark_extractor - WARNING - 关键点 164 原始y坐标超出范围: 1.018，已限制到边界
2025-09-26 15:11:18,327 - project.core.recognition.landmark_extractor - WARNING - 关键点 165 原始y坐标超出范围: 1.017，已限制到边界
2025-09-26 15:11:18,327 - project.core.recognition.landmark_extractor - WARNING - 关键点 167 原始y坐标超出范围: 1.018，已限制到边界
2025-09-26 15:11:18,327 - project.core.recognition.landmark_extractor - WARNING - 关键点 169 原始y坐标超出范围: 1.096，已限制到边界
2025-09-26 15:11:18,327 - project.core.recognition.landmark_extractor - WARNING - 关键点 170 原始y坐标超出范围: 1.120，已限制到边界
2025-09-26 15:11:18,327 - project.core.recognition.landmark_extractor - WARNING - 关键点 171 原始y坐标超出范围: 1.161，已限制到边界
2025-09-26 15:11:18,327 - project.core.recognition.landmark_extractor - WARNING - 关键点 172 原始y坐标超出范围: 1.042，已限制到边界
2025-09-26 15:11:18,327 - project.core.recognition.landmark_extractor - WARNING - 关键点 175 原始y坐标超出范围: 1.166，已限制到边界
2025-09-26 15:11:18,331 - project.core.recognition.landmark_extractor - WARNING - 关键点 176 原始y坐标超出范围: 1.160，已限制到边界
2025-09-26 15:11:18,331 - project.core.recognition.landmark_extractor - WARNING - 关键点 178 原始y坐标超出范围: 1.065，已限制到边界
2025-09-26 15:11:18,331 - project.core.recognition.landmark_extractor - WARNING - 关键点 179 原始y坐标超出范围: 1.069，已限制到边界
2025-09-26 15:11:18,331 - project.core.recognition.landmark_extractor - WARNING - 关键点 180 原始y坐标超出范围: 1.074，已限制到边界
2025-09-26 15:11:18,331 - project.core.recognition.landmark_extractor - WARNING - 关键点 181 原始y坐标超出范围: 1.080，已限制到边界
2025-09-26 15:11:18,331 - project.core.recognition.landmark_extractor - WARNING - 关键点 182 原始y坐标超出范围: 1.089，已限制到边界
2025-09-26 15:11:18,331 - project.core.recognition.landmark_extractor - WARNING - 关键点 183 原始y坐标超出范围: 1.064，已限制到边界
2025-09-26 15:11:18,331 - project.core.recognition.landmark_extractor - WARNING - 关键点 184 原始y坐标超出范围: 1.062，已限制到边界
2025-09-26 15:11:18,331 - project.core.recognition.landmark_extractor - WARNING - 关键点 185 原始y坐标超出范围: 1.061，已限制到边界
2025-09-26 15:11:18,331 - project.core.recognition.landmark_extractor - WARNING - 关键点 186 原始y坐标超出范围: 1.031，已限制到边界
2025-09-26 15:11:18,331 - project.core.recognition.landmark_extractor - WARNING - 关键点 191 原始y坐标超出范围: 1.064，已限制到边界
2025-09-26 15:11:18,334 - project.core.recognition.landmark_extractor - WARNING - 关键点 192 原始y坐标超出范围: 1.013，已限制到边界
2025-09-26 15:11:18,334 - project.core.recognition.landmark_extractor - WARNING - 关键点 194 原始y坐标超出范围: 1.104，已限制到边界
2025-09-26 15:11:18,334 - project.core.recognition.landmark_extractor - WARNING - 关键点 199 原始y坐标超出范围: 1.145，已限制到边界
2025-09-26 15:11:18,334 - project.core.recognition.landmark_extractor - WARNING - 关键点 200 原始y坐标超出范围: 1.121，已限制到边界
2025-09-26 15:11:18,334 - project.core.recognition.landmark_extractor - WARNING - 关键点 201 原始y坐标超出范围: 1.118，已限制到边界
2025-09-26 15:11:18,334 - project.core.recognition.landmark_extractor - WARNING - 关键点 202 原始y坐标超出范围: 1.064，已限制到边界
2025-09-26 15:11:18,334 - project.core.recognition.landmark_extractor - WARNING - 关键点 204 原始y坐标超出范围: 1.086，已限制到边界
2025-09-26 15:11:18,334 - project.core.recognition.landmark_extractor - WARNING - 关键点 208 原始y坐标超出范围: 1.140，已限制到边界
2025-09-26 15:11:18,334 - project.core.recognition.landmark_extractor - WARNING - 关键点 210 原始y坐标超出范围: 1.077，已限制到边界
2025-09-26 15:11:18,334 - project.core.recognition.landmark_extractor - WARNING - 关键点 211 原始y坐标超出范围: 1.102，已限制到边界
2025-09-26 15:11:18,334 - project.core.recognition.landmark_extractor - WARNING - 关键点 212 原始y坐标超出范围: 1.042，已限制到边界
2025-09-26 15:11:18,334 - project.core.recognition.landmark_extractor - WARNING - 关键点 214 原始y坐标超出范围: 1.041，已限制到边界
2025-09-26 15:11:18,334 - project.core.recognition.landmark_extractor - WARNING - 关键点 216 原始y坐标超出范围: 1.013，已限制到边界
2025-09-26 15:11:18,341 - project.core.recognition.landmark_extractor - WARNING - 关键点 238 原始y坐标超出范围: 1.002，已限制到边界
2025-09-26 15:11:18,349 - project.core.recognition.landmark_extractor - WARNING - 关键点 241 原始y坐标超出范围: 1.005，已限制到边界
2025-09-26 15:11:18,349 - project.core.recognition.landmark_extractor - WARNING - 关键点 242 原始y坐标超出范围: 1.006，已限制到边界
2025-09-26 15:11:18,349 - project.core.recognition.landmark_extractor - WARNING - 关键点 250 原始y坐标超出范围: 1.001，已限制到边界
2025-09-26 15:11:18,351 - project.core.recognition.landmark_extractor - WARNING - 关键点 262 原始y坐标超出范围: 1.120，已限制到边界
2025-09-26 15:11:18,351 - project.core.recognition.landmark_extractor - WARNING - 关键点 267 原始y坐标超出范围: 1.046，已限制到边界
2025-09-26 15:11:18,353 - project.core.recognition.landmark_extractor - WARNING - 关键点 268 原始y坐标超出范围: 1.059，已限制到边界
2025-09-26 15:11:18,353 - project.core.recognition.landmark_extractor - WARNING - 关键点 269 原始y坐标超出范围: 1.050，已限制到边界
2025-09-26 15:11:18,353 - project.core.recognition.landmark_extractor - WARNING - 关键点 270 原始y坐标超出范围: 1.054，已限制到边界
2025-09-26 15:11:18,353 - project.core.recognition.landmark_extractor - WARNING - 关键点 271 原始y坐标超出范围: 1.059，已限制到边界
2025-09-26 15:11:18,353 - project.core.recognition.landmark_extractor - WARNING - 关键点 272 原始y坐标超出范围: 1.059，已限制到边界
2025-09-26 15:11:18,353 - project.core.recognition.landmark_extractor - WARNING - 关键点 273 原始y坐标超出范围: 1.054，已限制到边界
2025-09-26 15:11:18,353 - project.core.recognition.landmark_extractor - WARNING - 关键点 274 原始y坐标超出范围: 1.000，已限制到边界
2025-09-26 15:11:18,353 - project.core.recognition.landmark_extractor - WARNING - 关键点 287 原始y坐标超出范围: 1.037，已限制到边界
2025-09-26 15:11:18,353 - project.core.recognition.landmark_extractor - WARNING - 关键点 291 原始y坐标超出范围: 1.060，已限制到边界
2025-09-26 15:11:18,355 - project.core.recognition.landmark_extractor - WARNING - 关键点 292 原始y坐标超出范围: 1.060，已限制到边界
2025-09-26 15:11:18,355 - project.core.recognition.landmark_extractor - WARNING - 关键点 302 原始y坐标超出范围: 1.053，已限制到边界
2025-09-26 15:11:18,355 - project.core.recognition.landmark_extractor - WARNING - 关键点 303 原始y坐标超出范围: 1.055，已限制到边界
2025-09-26 15:11:18,355 - project.core.recognition.landmark_extractor - WARNING - 关键点 304 原始y坐标超出范围: 1.057，已限制到边界
2025-09-26 15:11:18,355 - project.core.recognition.landmark_extractor - WARNING - 关键点 306 原始y坐标超出范围: 1.060，已限制到边界
2025-09-26 15:11:18,355 - project.core.recognition.landmark_extractor - WARNING - 关键点 307 原始y坐标超出范围: 1.063，已限制到边界
2025-09-26 15:11:18,355 - project.core.recognition.landmark_extractor - WARNING - 关键点 308 原始y坐标超出范围: 1.060，已限制到边界
2025-09-26 15:11:18,355 - project.core.recognition.landmark_extractor - WARNING - 关键点 310 原始y坐标超出范围: 1.061，已限制到边界
2025-09-26 15:11:18,355 - project.core.recognition.landmark_extractor - WARNING - 关键点 311 原始y坐标超出范围: 1.062，已限制到边界
2025-09-26 15:11:18,355 - project.core.recognition.landmark_extractor - WARNING - 关键点 312 原始y坐标超出范围: 1.063，已限制到边界
2025-09-26 15:11:18,355 - project.core.recognition.landmark_extractor - WARNING - 关键点 313 原始y坐标超出范围: 1.098，已限制到边界
2025-09-26 15:11:18,355 - project.core.recognition.landmark_extractor - WARNING - 关键点 314 原始y坐标超出范围: 1.084，已限制到边界
2025-09-26 15:11:18,355 - project.core.recognition.landmark_extractor - WARNING - 关键点 315 原始y坐标超出范围: 1.077，已限制到边界
2025-09-26 15:11:18,355 - project.core.recognition.landmark_extractor - WARNING - 关键点 316 原始y坐标超出范围: 1.069，已限制到边界
2025-09-26 15:11:18,355 - project.core.recognition.landmark_extractor - WARNING - 关键点 317 原始y坐标超出范围: 1.064，已限制到边界
2025-09-26 15:11:18,355 - project.core.recognition.landmark_extractor - WARNING - 关键点 318 原始y坐标超出范围: 1.061，已限制到边界
2025-09-26 15:11:18,355 - project.core.recognition.landmark_extractor - WARNING - 关键点 319 原始y坐标超出范围: 1.063，已限制到边界
2025-09-26 15:11:18,355 - project.core.recognition.landmark_extractor - WARNING - 关键点 320 原始y坐标超出范围: 1.067，已限制到边界
2025-09-26 15:11:18,355 - project.core.recognition.landmark_extractor - WARNING - 关键点 321 原始y坐标超出范围: 1.070，已限制到边界
2025-09-26 15:11:18,355 - project.core.recognition.landmark_extractor - WARNING - 关键点 322 原始y坐标超出范围: 1.017，已限制到边界
2025-09-26 15:11:18,355 - project.core.recognition.landmark_extractor - WARNING - 关键点 324 原始y坐标超出范围: 1.061，已限制到边界
2025-09-26 15:11:18,355 - project.core.recognition.landmark_extractor - WARNING - 关键点 325 原始y坐标超出范围: 1.062，已限制到边界
2025-09-26 15:11:18,359 - project.core.recognition.landmark_extractor - WARNING - 关键点 326 原始y坐标超出范围: 1.002，已限制到边界
2025-09-26 15:11:18,359 - project.core.recognition.landmark_extractor - WARNING - 关键点 335 原始y坐标超出范围: 1.071，已限制到边界
2025-09-26 15:11:18,359 - project.core.recognition.landmark_extractor - WARNING - 关键点 354 原始y坐标超出范围: 1.006，已限制到边界
2025-09-26 15:11:18,359 - project.core.recognition.landmark_extractor - WARNING - 关键点 364 原始y坐标超出范围: 1.056，已限制到边界
2025-09-26 15:11:18,359 - project.core.recognition.landmark_extractor - WARNING - 关键点 365 原始y坐标超出范围: 1.071，已限制到边界
2025-09-26 15:11:18,359 - project.core.recognition.landmark_extractor - WARNING - 关键点 367 原始y坐标超出范围: 1.023，已限制到边界
2025-09-26 15:11:18,359 - project.core.recognition.landmark_extractor - WARNING - 关键点 369 原始y坐标超出范围: 1.140，已限制到边界
2025-09-26 15:11:18,359 - project.core.recognition.landmark_extractor - WARNING - 关键点 370 原始y坐标超出范围: 1.007，已限制到边界
2025-09-26 15:11:18,359 - project.core.recognition.landmark_extractor - WARNING - 关键点 375 原始y坐标超出范围: 1.064，已限制到边界
2025-09-26 15:11:18,359 - project.core.recognition.landmark_extractor - WARNING - 关键点 377 原始y坐标超出范围: 1.172，已限制到边界
2025-09-26 15:11:18,359 - project.core.recognition.landmark_extractor - WARNING - 关键点 378 原始y坐标超出范围: 1.132，已限制到边界
2025-09-26 15:11:18,359 - project.core.recognition.landmark_extractor - WARNING - 关键点 379 原始y坐标超出范围: 1.106，已限制到边界
2025-09-26 15:11:18,359 - project.core.recognition.landmark_extractor - WARNING - 关键点 391 原始y坐标超出范围: 1.012，已限制到边界
2025-09-26 15:11:18,359 - project.core.recognition.landmark_extractor - WARNING - 关键点 393 原始y坐标超出范围: 1.016，已限制到边界
2025-09-26 15:11:18,359 - project.core.recognition.landmark_extractor - WARNING - 关键点 394 原始y坐标超出范围: 1.088，已限制到边界
2025-09-26 15:11:18,359 - project.core.recognition.landmark_extractor - WARNING - 关键点 395 原始y坐标超出范围: 1.114，已限制到边界
2025-09-26 15:11:18,359 - project.core.recognition.landmark_extractor - WARNING - 关键点 396 原始y坐标超出范围: 1.158，已限制到边界
2025-09-26 15:11:18,359 - project.core.recognition.landmark_extractor - WARNING - 关键点 397 原始y坐标超出范围: 1.031，已限制到边界
2025-09-26 15:11:18,364 - project.core.recognition.landmark_extractor - WARNING - 关键点 400 原始y坐标超出范围: 1.155，已限制到边界
2025-09-26 15:11:18,364 - project.core.recognition.landmark_extractor - WARNING - 关键点 402 原始y坐标超出范围: 1.062，已限制到边界
2025-09-26 15:11:18,364 - project.core.recognition.landmark_extractor - WARNING - 关键点 403 原始y坐标超出范围: 1.066，已限制到边界
2025-09-26 15:11:18,364 - project.core.recognition.landmark_extractor - WARNING - 关键点 404 原始y坐标超出范围: 1.072，已限制到边界
2025-09-26 15:11:18,364 - project.core.recognition.landmark_extractor - WARNING - 关键点 405 原始y坐标超出范围: 1.078，已限制到边界
2025-09-26 15:11:18,364 - project.core.recognition.landmark_extractor - WARNING - 关键点 406 原始y坐标超出范围: 1.087，已限制到边界
2025-09-26 15:11:18,364 - project.core.recognition.landmark_extractor - WARNING - 关键点 407 原始y坐标超出范围: 1.060，已限制到边界
2025-09-26 15:11:18,364 - project.core.recognition.landmark_extractor - WARNING - 关键点 408 原始y坐标超出范围: 1.058，已限制到边界
2025-09-26 15:11:18,364 - project.core.recognition.landmark_extractor - WARNING - 关键点 409 原始y坐标超出范围: 1.056，已限制到边界
2025-09-26 15:11:18,364 - project.core.recognition.landmark_extractor - WARNING - 关键点 410 原始y坐标超出范围: 1.025，已限制到边界
2025-09-26 15:11:18,364 - project.core.recognition.landmark_extractor - WARNING - 关键点 415 原始y坐标超出范围: 1.061，已限制到边界
2025-09-26 15:11:18,364 - project.core.recognition.landmark_extractor - WARNING - 关键点 416 原始y坐标超出范围: 1.003，已限制到边界
2025-09-26 15:11:18,364 - project.core.recognition.landmark_extractor - WARNING - 关键点 418 原始y坐标超出范围: 1.101，已限制到边界
2025-09-26 15:11:18,364 - project.core.recognition.landmark_extractor - WARNING - 关键点 421 原始y坐标超出范围: 1.116，已限制到边界
2025-09-26 15:11:18,364 - project.core.recognition.landmark_extractor - WARNING - 关键点 422 原始y坐标超出范围: 1.058，已限制到边界
2025-09-26 15:11:18,364 - project.core.recognition.landmark_extractor - WARNING - 关键点 424 原始y坐标超出范围: 1.081，已限制到边界
2025-09-26 15:11:18,364 - project.core.recognition.landmark_extractor - WARNING - 关键点 428 原始y坐标超出范围: 1.138，已限制到边界
2025-09-26 15:11:18,364 - project.core.recognition.landmark_extractor - WARNING - 关键点 430 原始y坐标超出范围: 1.070，已限制到边界
2025-09-26 15:11:18,364 - project.core.recognition.landmark_extractor - WARNING - 关键点 431 原始y坐标超出范围: 1.096，已限制到边界
2025-09-26 15:11:18,364 - project.core.recognition.landmark_extractor - WARNING - 关键点 432 原始y坐标超出范围: 1.035，已限制到边界
2025-09-26 15:11:18,364 - project.core.recognition.landmark_extractor - WARNING - 关键点 434 原始y坐标超出范围: 1.032，已限制到边界
2025-09-26 15:11:18,369 - project.core.recognition.landmark_extractor - WARNING - 关键点 436 原始y坐标超出范围: 1.007，已限制到边界
2025-09-26 15:11:18,371 - project.core.recognition.landmark_extractor - WARNING - 关键点 458 原始y坐标超出范围: 1.001，已限制到边界
2025-09-26 15:11:18,371 - project.core.recognition.landmark_extractor - WARNING - 关键点 461 原始y坐标超出范围: 1.004，已限制到边界
2025-09-26 15:11:18,371 - project.core.recognition.landmark_extractor - WARNING - 关键点 462 原始y坐标超出范围: 1.004，已限制到边界
2025-09-26 15:11:18,372 - project.core.recognition.detector - INFO - 提取到 478 个关键点
2025-09-26 15:11:18,372 - project.core.recognition.landmark_extractor - INFO - 关键点验证通过
2025-09-26 15:11:18,375 - project.core.recognition.detector - INFO - 关键点验证结果: True
2025-09-26 15:11:18,376 - project.core.recognition.detector - INFO - 人脸检测成功，提取到 478 个关键点
2025-09-26 15:11:18,376 - project.core.recognition.main - INFO - 人脸检测成功
2025-09-26 15:11:18,376 - project.core.recognition.coordinate_converter - WARNING - 关键点 0 转换失败: 无效的深度值：nan，必须大于0.1米
2025-09-26 15:11:18,381 - project.core.recognition.coordinate_converter - WARNING - 关键点 1 转换失败: 无效的深度值：nan，必须大于0.1米
2025-09-26 15:11:18,381 - project.core.recognition.coordinate_converter - WARNING - 关键点 2 转换失败: 无效的深度值：nan，必须大于0.1米
2025-09-26 15:11:18,381 - project.core.recognition.coordinate_converter - WARNING - 关键点 11 转换失败: 无效的深度值：nan，必须大于0.1米
2025-09-26 15:11:18,381 - project.core.recognition.coordinate_converter - WARNING - 关键点 12 转换失败: 无效的深度值：nan，必须大于0.1米
2025-09-26 15:11:18,381 - project.core.recognition.coordinate_converter - WARNING - 关键点 13 转换失败: 无效的深度值：nan，必须大于0.1米
2025-09-26 15:11:18,381 - project.core.recognition.coordinate_converter - WARNING - 关键点 14 转换失败: 无效的深度值：nan，必须大于0.1米
2025-09-26 15:11:18,381 - project.core.recognition.coordinate_converter - WARNING - 关键点 15 转换失败: 无效的深度值：nan，必须大于0.1米
2025-09-26 15:11:18,381 - project.core.recognition.coordinate_converter - WARNING - 关键点 16 转换失败: 无效的深度值：nan，必须大于0.1米
2025-09-26 15:11:18,381 - project.core.recognition.coordinate_converter - WARNING - 关键点 17 转换失败: 无效的深度值：nan，必须大于0.1米
2025-09-26 15:11:18,381 - project.core.recognition.coordinate_converter - WARNING - 关键点 18 转换失败: 无效的深度值：nan，必须大于0.1米
2025-09-26 15:11:18,381 - project.core.recognition.coordinate_converter - WARNING - 关键点 19 转换失败: 无效的深度值：nan，必须大于0.1米
2025-09-26 15:11:18,381 - project.core.recognition.coordinate_converter - WARNING - 关键点 20 转换失败: 无效的深度值：nan，必须大于0.1米
2025-09-26 15:11:18,381 - project.core.recognition.coordinate_converter - WARNING - 关键点 32 转换失败: 无效的深度值：nan，必须大于0.1米
2025-09-26 15:11:18,381 - project.core.recognition.coordinate_converter - WARNING - 关键点 37 转换失败: 无效的深度值：nan，必须大于0.1米
2025-09-26 15:11:18,381 - project.core.recognition.coordinate_converter - WARNING - 关键点 38 转换失败: 无效的深度值：nan，必须大于0.1米
2025-09-26 15:11:18,381 - project.core.recognition.coordinate_converter - WARNING - 关键点 39 转换失败: 无效的深度值：nan，必须大于0.1米
2025-09-26 15:11:18,381 - project.core.recognition.coordinate_converter - WARNING - 关键点 40 转换失败: 无效的深度值：nan，必须大于0.1米
2025-09-26 15:11:18,381 - project.core.recognition.coordinate_converter - WARNING - 关键点 41 转换失败: 无效的深度值：nan，必须大于0.1米
2025-09-26 15:11:18,381 - project.core.recognition.coordinate_converter - WARNING - 关键点 42 转换失败: 无效的深度值：nan，必须大于0.1米
2025-09-26 15:11:18,385 - project.core.recognition.coordinate_converter - WARNING - 关键点 43 转换失败: 无效的深度值：nan，必须大于0.1米
2025-09-26 15:11:18,385 - project.core.recognition.coordinate_converter - WARNING - 关键点 44 转换失败: 无效的深度值：nan，必须大于0.1米
2025-09-26 15:11:18,385 - project.core.recognition.coordinate_converter - WARNING - 关键点 57 转换失败: 无效的深度值：nan，必须大于0.1米
2025-09-26 15:11:18,385 - project.core.recognition.coordinate_converter - WARNING - 关键点 61 转换失败: 无效的深度值：nan，必须大于0.1米
2025-09-26 15:11:18,385 - project.core.recognition.coordinate_converter - WARNING - 关键点 62 转换失败: 无效的深度值：nan，必须大于0.1米
2025-09-26 15:11:18,385 - project.core.recognition.coordinate_converter - WARNING - 关键点 72 转换失败: 无效的深度值：nan，必须大于0.1米
2025-09-26 15:11:18,385 - project.core.recognition.coordinate_converter - WARNING - 关键点 73 转换失败: 无效的深度值：nan，必须大于0.1米
2025-09-26 15:11:18,385 - project.core.recognition.coordinate_converter - WARNING - 关键点 74 转换失败: 无效的深度值：nan，必须大于0.1米
2025-09-26 15:11:18,385 - project.core.recognition.coordinate_converter - WARNING - 关键点 76 转换失败: 无效的深度值：nan，必须大于0.1米
2025-09-26 15:11:18,385 - project.core.recognition.coordinate_converter - WARNING - 关键点 77 转换失败: 无效的深度值：nan，必须大于0.1米
2025-09-26 15:11:18,385 - project.core.recognition.coordinate_converter - WARNING - 关键点 78 转换失败: 无效的深度值：nan，必须大于0.1米
2025-09-26 15:11:18,385 - project.core.recognition.coordinate_converter - WARNING - 关键点 80 转换失败: 无效的深度值：nan，必须大于0.1米
2025-09-26 15:11:18,385 - project.core.recognition.coordinate_converter - WARNING - 关键点 81 转换失败: 无效的深度值：nan，必须大于0.1米
2025-09-26 15:11:18,385 - project.core.recognition.coordinate_converter - WARNING - 关键点 82 转换失败: 无效的深度值：nan，必须大于0.1米
2025-09-26 15:11:18,385 - project.core.recognition.coordinate_converter - WARNING - 关键点 83 转换失败: 无效的深度值：nan，必须大于0.1米
2025-09-26 15:11:18,385 - project.core.recognition.coordinate_converter - WARNING - 关键点 84 转换失败: 无效的深度值：nan，必须大于0.1米
2025-09-26 15:11:18,385 - project.core.recognition.coordinate_converter - WARNING - 关键点 85 转换失败: 无效的深度值：nan，必须大于0.1米
2025-09-26 15:11:18,385 - project.core.recognition.coordinate_converter - WARNING - 关键点 86 转换失败: 无效的深度值：nan，必须大于0.1米
2025-09-26 15:11:18,385 - project.core.recognition.coordinate_converter - WARNING - 关键点 87 转换失败: 无效的深度值：nan，必须大于0.1米
2025-09-26 15:11:18,389 - project.core.recognition.coordinate_converter - WARNING - 关键点 88 转换失败: 无效的深度值：nan，必须大于0.1米
2025-09-26 15:11:18,389 - project.core.recognition.coordinate_converter - WARNING - 关键点 89 转换失败: 无效的深度值：nan，必须大于0.1米
2025-09-26 15:11:18,392 - project.core.recognition.coordinate_converter - WARNING - 关键点 90 转换失败: 无效的深度值：nan，必须大于0.1米
2025-09-26 15:11:18,392 - project.core.recognition.coordinate_converter - WARNING - 关键点 91 转换失败: 无效的深度值：nan，必须大于0.1米
2025-09-26 15:11:18,393 - project.core.recognition.coordinate_converter - WARNING - 关键点 92 转换失败: 无效的深度值：nan，必须大于0.1米
2025-09-26 15:11:18,394 - project.core.recognition.coordinate_converter - WARNING - 关键点 94 转换失败: 无效的深度值：nan，必须大于0.1米
2025-09-26 15:11:18,394 - project.core.recognition.coordinate_converter - WARNING - 关键点 95 转换失败: 无效的深度值：nan，必须大于0.1米
2025-09-26 15:11:18,394 - project.core.recognition.coordinate_converter - WARNING - 关键点 96 转换失败: 无效的深度值：nan，必须大于0.1米
2025-09-26 15:11:18,394 - project.core.recognition.coordinate_converter - WARNING - 关键点 97 转换失败: 无效的深度值：nan，必须大于0.1米
2025-09-26 15:11:18,394 - project.core.recognition.coordinate_converter - WARNING - 关键点 99 转换失败: 无效的深度值：nan，必须大于0.1米
2025-09-26 15:11:18,394 - project.core.recognition.coordinate_converter - WARNING - 关键点 106 转换失败: 无效的深度值：nan，必须大于0.1米
2025-09-26 15:11:18,394 - project.core.recognition.coordinate_converter - WARNING - 关键点 125 转换失败: 无效的深度值：nan，必须大于0.1米
2025-09-26 15:11:18,394 - project.core.recognition.coordinate_converter - WARNING - 关键点 135 转换失败: 无效的深度值：nan，必须大于0.1米
2025-09-26 15:11:18,394 - project.core.recognition.coordinate_converter - WARNING - 关键点 136 转换失败: 无效的深度值：nan，必须大于0.1米
2025-09-26 15:11:18,394 - project.core.recognition.coordinate_converter - WARNING - 关键点 138 转换失败: 无效的深度值：nan，必须大于0.1米
2025-09-26 15:11:18,394 - project.core.recognition.coordinate_converter - WARNING - 关键点 140 转换失败: 无效的深度值：nan，必须大于0.1米
2025-09-26 15:11:18,394 - project.core.recognition.coordinate_converter - WARNING - 关键点 141 转换失败: 无效的深度值：nan，必须大于0.1米
2025-09-26 15:11:18,394 - project.core.recognition.coordinate_converter - WARNING - 关键点 146 转换失败: 无效的深度值：nan，必须大于0.1米
2025-09-26 15:11:18,397 - project.core.recognition.coordinate_converter - WARNING - 关键点 148 转换失败: 无效的深度值：nan，必须大于0.1米
2025-09-26 15:11:18,397 - project.core.recognition.coordinate_converter - WARNING - 关键点 149 转换失败: 无效的深度值：nan，必须大于0.1米
2025-09-26 15:11:18,397 - project.core.recognition.coordinate_converter - WARNING - 关键点 150 转换失败: 无效的深度值：nan，必须大于0.1米
2025-09-26 15:11:18,397 - project.core.recognition.coordinate_converter - WARNING - 关键点 152 转换失败: 无效的深度值：nan，必须大于0.1米
2025-09-26 15:11:18,397 - project.core.recognition.coordinate_converter - WARNING - 关键点 164 转换失败: 无效的深度值：nan，必须大于0.1米
2025-09-26 15:11:18,397 - project.core.recognition.coordinate_converter - WARNING - 关键点 165 转换失败: 无效的深度值：nan，必须大于0.1米
2025-09-26 15:11:18,397 - project.core.recognition.coordinate_converter - WARNING - 关键点 167 转换失败: 无效的深度值：nan，必须大于0.1米
2025-09-26 15:11:18,397 - project.core.recognition.coordinate_converter - WARNING - 关键点 169 转换失败: 无效的深度值：nan，必须大于0.1米
2025-09-26 15:11:18,397 - project.core.recognition.coordinate_converter - WARNING - 关键点 170 转换失败: 无效的深度值：nan，必须大于0.1米
2025-09-26 15:11:18,397 - project.core.recognition.coordinate_converter - WARNING - 关键点 171 转换失败: 无效的深度值：nan，必须大于0.1米
2025-09-26 15:11:18,397 - project.core.recognition.coordinate_converter - WARNING - 关键点 172 转换失败: 无效的深度值：nan，必须大于0.1米
2025-09-26 15:11:18,397 - project.core.recognition.coordinate_converter - WARNING - 关键点 175 转换失败: 无效的深度值：nan，必须大于0.1米
2025-09-26 15:11:18,397 - project.core.recognition.coordinate_converter - WARNING - 关键点 176 转换失败: 无效的深度值：nan，必须大于0.1米
2025-09-26 15:11:18,397 - project.core.recognition.coordinate_converter - WARNING - 关键点 178 转换失败: 无效的深度值：nan，必须大于0.1米
2025-09-26 15:11:18,397 - project.core.recognition.coordinate_converter - WARNING - 关键点 179 转换失败: 无效的深度值：nan，必须大于0.1米
2025-09-26 15:11:18,397 - project.core.recognition.coordinate_converter - WARNING - 关键点 180 转换失败: 无效的深度值：nan，必须大于0.1米
2025-09-26 15:11:18,397 - project.core.recognition.coordinate_converter - WARNING - 关键点 181 转换失败: 无效的深度值：nan，必须大于0.1米
2025-09-26 15:11:18,397 - project.core.recognition.coordinate_converter - WARNING - 关键点 182 转换失败: 无效的深度值：nan，必须大于0.1米
2025-09-26 15:11:18,397 - project.core.recognition.coordinate_converter - WARNING - 关键点 183 转换失败: 无效的深度值：nan，必须大于0.1米
2025-09-26 15:11:18,397 - project.core.recognition.coordinate_converter - WARNING - 关键点 184 转换失败: 无效的深度值：nan，必须大于0.1米
2025-09-26 15:11:18,397 - project.core.recognition.coordinate_converter - WARNING - 关键点 185 转换失败: 无效的深度值：nan，必须大于0.1米
2025-09-26 15:11:18,397 - project.core.recognition.coordinate_converter - WARNING - 关键点 186 转换失败: 无效的深度值：nan，必须大于0.1米
2025-09-26 15:11:18,397 - project.core.recognition.coordinate_converter - WARNING - 关键点 191 转换失败: 无效的深度值：nan，必须大于0.1米
2025-09-26 15:11:18,397 - project.core.recognition.coordinate_converter - WARNING - 关键点 192 转换失败: 无效的深度值：nan，必须大于0.1米
2025-09-26 15:11:18,401 - project.core.recognition.coordinate_converter - WARNING - 关键点 194 转换失败: 无效的深度值：nan，必须大于0.1米
2025-09-26 15:11:18,401 - project.core.recognition.coordinate_converter - WARNING - 关键点 199 转换失败: 无效的深度值：nan，必须大于0.1米
2025-09-26 15:11:18,401 - project.core.recognition.coordinate_converter - WARNING - 关键点 200 转换失败: 无效的深度值：nan，必须大于0.1米
2025-09-26 15:11:18,401 - project.core.recognition.coordinate_converter - WARNING - 关键点 201 转换失败: 无效的深度值：nan，必须大于0.1米
2025-09-26 15:11:18,401 - project.core.recognition.coordinate_converter - WARNING - 关键点 202 转换失败: 无效的深度值：nan，必须大于0.1米
2025-09-26 15:11:18,401 - project.core.recognition.coordinate_converter - WARNING - 关键点 204 转换失败: 无效的深度值：nan，必须大于0.1米
2025-09-26 15:11:18,401 - project.core.recognition.coordinate_converter - WARNING - 关键点 208 转换失败: 无效的深度值：nan，必须大于0.1米
2025-09-26 15:11:18,401 - project.core.recognition.coordinate_converter - WARNING - 关键点 210 转换失败: 无效的深度值：nan，必须大于0.1米
2025-09-26 15:11:18,401 - project.core.recognition.coordinate_converter - WARNING - 关键点 211 转换失败: 无效的深度值：nan，必须大于0.1米
2025-09-26 15:11:18,404 - project.core.recognition.coordinate_converter - WARNING - 关键点 212 转换失败: 无效的深度值：nan，必须大于0.1米
2025-09-26 15:11:18,404 - project.core.recognition.coordinate_converter - WARNING - 关键点 214 转换失败: 无效的深度值：nan，必须大于0.1米
2025-09-26 15:11:18,404 - project.core.recognition.coordinate_converter - WARNING - 关键点 216 转换失败: 无效的深度值：nan，必须大于0.1米
2025-09-26 15:11:18,404 - project.core.recognition.coordinate_converter - WARNING - 关键点 238 转换失败: 无效的深度值：nan，必须大于0.1米
2025-09-26 15:11:18,404 - project.core.recognition.coordinate_converter - WARNING - 关键点 241 转换失败: 无效的深度值：nan，必须大于0.1米
2025-09-26 15:11:18,404 - project.core.recognition.coordinate_converter - WARNING - 关键点 242 转换失败: 无效的深度值：nan，必须大于0.1米
2025-09-26 15:11:18,404 - project.core.recognition.coordinate_converter - WARNING - 关键点 250 转换失败: 无效的深度值：nan，必须大于0.1米
2025-09-26 15:11:18,406 - project.core.recognition.coordinate_converter - WARNING - 关键点 262 转换失败: 无效的深度值：nan，必须大于0.1米
2025-09-26 15:11:18,406 - project.core.recognition.coordinate_converter - WARNING - 关键点 267 转换失败: 无效的深度值：nan，必须大于0.1米
2025-09-26 15:11:18,406 - project.core.recognition.coordinate_converter - WARNING - 关键点 268 转换失败: 无效的深度值：nan，必须大于0.1米
2025-09-26 15:11:18,406 - project.core.recognition.coordinate_converter - WARNING - 关键点 269 转换失败: 无效的深度值：nan，必须大于0.1米
2025-09-26 15:11:18,406 - project.core.recognition.coordinate_converter - WARNING - 关键点 270 转换失败: 无效的深度值：nan，必须大于0.1米
2025-09-26 15:11:18,406 - project.core.recognition.coordinate_converter - WARNING - 关键点 271 转换失败: 无效的深度值：nan，必须大于0.1米
2025-09-26 15:11:18,406 - project.core.recognition.coordinate_converter - WARNING - 关键点 272 转换失败: 无效的深度值：nan，必须大于0.1米
2025-09-26 15:11:18,406 - project.core.recognition.coordinate_converter - WARNING - 关键点 273 转换失败: 无效的深度值：nan，必须大于0.1米
2025-09-26 15:11:18,406 - project.core.recognition.coordinate_converter - WARNING - 关键点 274 转换失败: 无效的深度值：nan，必须大于0.1米
2025-09-26 15:11:18,406 - project.core.recognition.coordinate_converter - WARNING - 关键点 287 转换失败: 无效的深度值：nan，必须大于0.1米
2025-09-26 15:11:18,406 - project.core.recognition.coordinate_converter - WARNING - 关键点 291 转换失败: 无效的深度值：nan，必须大于0.1米
2025-09-26 15:11:18,406 - project.core.recognition.coordinate_converter - WARNING - 关键点 292 转换失败: 无效的深度值：nan，必须大于0.1米
2025-09-26 15:11:18,406 - project.core.recognition.coordinate_converter - WARNING - 关键点 302 转换失败: 无效的深度值：nan，必须大于0.1米
2025-09-26 15:11:18,406 - project.core.recognition.coordinate_converter - WARNING - 关键点 303 转换失败: 无效的深度值：nan，必须大于0.1米
2025-09-26 15:11:18,406 - project.core.recognition.coordinate_converter - WARNING - 关键点 304 转换失败: 无效的深度值：nan，必须大于0.1米
2025-09-26 15:11:18,406 - project.core.recognition.coordinate_converter - WARNING - 关键点 306 转换失败: 无效的深度值：nan，必须大于0.1米
2025-09-26 15:11:18,406 - project.core.recognition.coordinate_converter - WARNING - 关键点 307 转换失败: 无效的深度值：nan，必须大于0.1米
2025-09-26 15:11:18,406 - project.core.recognition.coordinate_converter - WARNING - 关键点 308 转换失败: 无效的深度值：nan，必须大于0.1米
2025-09-26 15:11:18,406 - project.core.recognition.coordinate_converter - WARNING - 关键点 310 转换失败: 无效的深度值：nan，必须大于0.1米
2025-09-26 15:11:18,410 - project.core.recognition.coordinate_converter - WARNING - 关键点 311 转换失败: 无效的深度值：nan，必须大于0.1米
2025-09-26 15:11:18,410 - project.core.recognition.coordinate_converter - WARNING - 关键点 312 转换失败: 无效的深度值：nan，必须大于0.1米
2025-09-26 15:11:18,410 - project.core.recognition.coordinate_converter - WARNING - 关键点 313 转换失败: 无效的深度值：nan，必须大于0.1米
2025-09-26 15:11:18,410 - project.core.recognition.coordinate_converter - WARNING - 关键点 314 转换失败: 无效的深度值：nan，必须大于0.1米
2025-09-26 15:11:18,410 - project.core.recognition.coordinate_converter - WARNING - 关键点 315 转换失败: 无效的深度值：nan，必须大于0.1米
2025-09-26 15:11:18,410 - project.core.recognition.coordinate_converter - WARNING - 关键点 316 转换失败: 无效的深度值：nan，必须大于0.1米
2025-09-26 15:11:18,410 - project.core.recognition.coordinate_converter - WARNING - 关键点 317 转换失败: 无效的深度值：nan，必须大于0.1米
2025-09-26 15:11:18,410 - project.core.recognition.coordinate_converter - WARNING - 关键点 318 转换失败: 无效的深度值：nan，必须大于0.1米
2025-09-26 15:11:18,410 - project.core.recognition.coordinate_converter - WARNING - 关键点 319 转换失败: 无效的深度值：nan，必须大于0.1米
2025-09-26 15:11:18,410 - project.core.recognition.coordinate_converter - WARNING - 关键点 320 转换失败: 无效的深度值：nan，必须大于0.1米
2025-09-26 15:11:18,410 - project.core.recognition.coordinate_converter - WARNING - 关键点 321 转换失败: 无效的深度值：nan，必须大于0.1米
2025-09-26 15:11:18,410 - project.core.recognition.coordinate_converter - WARNING - 关键点 322 转换失败: 无效的深度值：nan，必须大于0.1米
2025-09-26 15:11:18,410 - project.core.recognition.coordinate_converter - WARNING - 关键点 324 转换失败: 无效的深度值：nan，必须大于0.1米
2025-09-26 15:11:18,410 - project.core.recognition.coordinate_converter - WARNING - 关键点 325 转换失败: 无效的深度值：nan，必须大于0.1米
2025-09-26 15:11:18,410 - project.core.recognition.coordinate_converter - WARNING - 关键点 326 转换失败: 无效的深度值：nan，必须大于0.1米
2025-09-26 15:11:18,410 - project.core.recognition.coordinate_converter - WARNING - 关键点 328 转换失败: 无效的深度值：nan，必须大于0.1米
2025-09-26 15:11:18,410 - project.core.recognition.coordinate_converter - WARNING - 关键点 335 转换失败: 无效的深度值：nan，必须大于0.1米
2025-09-26 15:11:18,414 - project.core.recognition.coordinate_converter - WARNING - 关键点 354 转换失败: 无效的深度值：nan，必须大于0.1米
2025-09-26 15:11:18,414 - project.core.recognition.coordinate_converter - WARNING - 关键点 364 转换失败: 无效的深度值：nan，必须大于0.1米
2025-09-26 15:11:18,414 - project.core.recognition.coordinate_converter - WARNING - 关键点 365 转换失败: 无效的深度值：nan，必须大于0.1米
2025-09-26 15:11:18,414 - project.core.recognition.coordinate_converter - WARNING - 关键点 367 转换失败: 无效的深度值：nan，必须大于0.1米
2025-09-26 15:11:18,414 - project.core.recognition.coordinate_converter - WARNING - 关键点 369 转换失败: 无效的深度值：nan，必须大于0.1米
2025-09-26 15:11:18,414 - project.core.recognition.coordinate_converter - WARNING - 关键点 370 转换失败: 无效的深度值：nan，必须大于0.1米
2025-09-26 15:11:18,414 - project.core.recognition.coordinate_converter - WARNING - 关键点 375 转换失败: 无效的深度值：nan，必须大于0.1米
2025-09-26 15:11:18,414 - project.core.recognition.coordinate_converter - WARNING - 关键点 377 转换失败: 无效的深度值：nan，必须大于0.1米
2025-09-26 15:11:18,414 - project.core.recognition.coordinate_converter - WARNING - 关键点 378 转换失败: 无效的深度值：nan，必须大于0.1米
2025-09-26 15:11:18,414 - project.core.recognition.coordinate_converter - WARNING - 关键点 379 转换失败: 无效的深度值：nan，必须大于0.1米
2025-09-26 15:11:18,414 - project.core.recognition.coordinate_converter - WARNING - 关键点 391 转换失败: 无效的深度值：nan，必须大于0.1米
2025-09-26 15:11:18,414 - project.core.recognition.coordinate_converter - WARNING - 关键点 393 转换失败: 无效的深度值：nan，必须大于0.1米
2025-09-26 15:11:18,414 - project.core.recognition.coordinate_converter - WARNING - 关键点 394 转换失败: 无效的深度值：nan，必须大于0.1米
2025-09-26 15:11:18,414 - project.core.recognition.coordinate_converter - WARNING - 关键点 395 转换失败: 无效的深度值：nan，必须大于0.1米
2025-09-26 15:11:18,414 - project.core.recognition.coordinate_converter - WARNING - 关键点 396 转换失败: 无效的深度值：nan，必须大于0.1米
2025-09-26 15:11:18,414 - project.core.recognition.coordinate_converter - WARNING - 关键点 397 转换失败: 无效的深度值：nan，必须大于0.1米
2025-09-26 15:11:18,414 - project.core.recognition.coordinate_converter - WARNING - 关键点 400 转换失败: 无效的深度值：nan，必须大于0.1米
2025-09-26 15:11:18,414 - project.core.recognition.coordinate_converter - WARNING - 关键点 402 转换失败: 无效的深度值：nan，必须大于0.1米
2025-09-26 15:11:18,414 - project.core.recognition.coordinate_converter - WARNING - 关键点 403 转换失败: 无效的深度值：nan，必须大于0.1米
2025-09-26 15:11:18,414 - project.core.recognition.coordinate_converter - WARNING - 关键点 404 转换失败: 无效的深度值：nan，必须大于0.1米
2025-09-26 15:11:18,414 - project.core.recognition.coordinate_converter - WARNING - 关键点 405 转换失败: 无效的深度值：nan，必须大于0.1米
2025-09-26 15:11:18,414 - project.core.recognition.coordinate_converter - WARNING - 关键点 406 转换失败: 无效的深度值：nan，必须大于0.1米
2025-09-26 15:11:18,414 - project.core.recognition.coordinate_converter - WARNING - 关键点 407 转换失败: 无效的深度值：nan，必须大于0.1米
2025-09-26 15:11:18,414 - project.core.recognition.coordinate_converter - WARNING - 关键点 408 转换失败: 无效的深度值：nan，必须大于0.1米
2025-09-26 15:11:18,414 - project.core.recognition.coordinate_converter - WARNING - 关键点 409 转换失败: 无效的深度值：nan，必须大于0.1米
2025-09-26 15:11:18,418 - project.core.recognition.coordinate_converter - WARNING - 关键点 410 转换失败: 无效的深度值：nan，必须大于0.1米
2025-09-26 15:11:18,418 - project.core.recognition.coordinate_converter - WARNING - 关键点 415 转换失败: 无效的深度值：nan，必须大于0.1米
2025-09-26 15:11:18,418 - project.core.recognition.coordinate_converter - WARNING - 关键点 416 转换失败: 无效的深度值：nan，必须大于0.1米
2025-09-26 15:11:18,418 - project.core.recognition.coordinate_converter - WARNING - 关键点 418 转换失败: 无效的深度值：nan，必须大于0.1米
2025-09-26 15:11:18,418 - project.core.recognition.coordinate_converter - WARNING - 关键点 421 转换失败: 无效的深度值：nan，必须大于0.1米
2025-09-26 15:11:18,418 - project.core.recognition.coordinate_converter - WARNING - 关键点 422 转换失败: 无效的深度值：nan，必须大于0.1米
2025-09-26 15:11:18,418 - project.core.recognition.coordinate_converter - WARNING - 关键点 424 转换失败: 无效的深度值：nan，必须大于0.1米
2025-09-26 15:11:18,418 - project.core.recognition.coordinate_converter - WARNING - 关键点 428 转换失败: 无效的深度值：nan，必须大于0.1米
2025-09-26 15:11:18,418 - project.core.recognition.coordinate_converter - WARNING - 关键点 430 转换失败: 无效的深度值：nan，必须大于0.1米
2025-09-26 15:11:18,418 - project.core.recognition.coordinate_converter - WARNING - 关键点 431 转换失败: 无效的深度值：nan，必须大于0.1米
2025-09-26 15:11:18,418 - project.core.recognition.coordinate_converter - WARNING - 关键点 432 转换失败: 无效的深度值：nan，必须大于0.1米
2025-09-26 15:11:18,418 - project.core.recognition.coordinate_converter - WARNING - 关键点 434 转换失败: 无效的深度值：nan，必须大于0.1米
2025-09-26 15:11:18,418 - project.core.recognition.coordinate_converter - WARNING - 关键点 436 转换失败: 无效的深度值：nan，必须大于0.1米
2025-09-26 15:11:18,418 - project.core.recognition.coordinate_converter - WARNING - 关键点 458 转换失败: 无效的深度值：nan，必须大于0.1米
2025-09-26 15:11:18,418 - project.core.recognition.coordinate_converter - WARNING - 关键点 461 转换失败: 无效的深度值：nan，必须大于0.1米
2025-09-26 15:11:18,418 - project.core.recognition.coordinate_converter - WARNING - 关键点 462 转换失败: 无效的深度值：nan，必须大于0.1米
2025-09-26 15:11:18,422 - project.data.data_manager - INFO - RecgFitDataManager初始化 - debug_log: True, key_coordinates: True
2025-09-26 15:11:18,422 - project.data.data_manager - INFO - RecgFitDataManager初始化完成
2025-09-26 15:11:18,422 - __main__ - INFO - 收到识别完成信号，开始拟合...
2025-09-26 15:11:18,422 - __main__ - INFO - 开始拟合frame_id: 23
2025-09-26 15:11:18,422 - __main__ - INFO - 等待识别完成信号...
2025-09-26 15:11:18,422 - root - INFO - 数据质量: {'point_count': 12, 'fitting_point_count': 0, 'constraint_point_count': 12, 'visibility': 0.9388622601748619}
2025-09-26 15:11:18,422 - root - INFO - 选择策略: high_quality
2025-09-26 15:11:18,422 - root - WARNING - 没有拟合点，无法进行优化
2025-09-26 15:11:18,422 - root - INFO - 数据质量: {'point_count': 0, 'fitting_point_count': 0, 'constraint_point_count': 0, 'visibility': 0.0}
2025-09-26 15:11:18,422 - root - INFO - 选择策略: fail
2025-09-26 15:11:18,422 - root - WARNING - 采样失败，返回空列表
2025-09-26 15:11:18,422 - root - WARNING - 优化失败
2025-09-26 15:11:18,422 - project.core.fitting.main - INFO - ==============================================
2025-09-26 15:11:18,422 - project.core.fitting.main - INFO - 拟合结果:
2025-09-26 15:11:18,426 - project.core.fitting.main - INFO -   LEFT 眼: 拟合结果：
 球心：[0 0 0]
 半径：12.0
 置信度：0.0
 收敛：False
 迭代次数：0
 最终残差范数：inf
 最终delta范数：inf
 使用策略：lm
2025-09-26 15:11:18,428 - project.core.fitting.main - INFO -   RIGHT 眼: 拟合结果：
 球心：[0 0 0]
 半径：0.0
 置信度：0.0
 收敛：False
 迭代次数：0
 最终残差范数：inf
 最终delta范数：inf
 使用策略：fail
2025-09-26 15:11:18,428 - project.core.fitting.main - INFO - ==============================================
2025-09-26 15:11:18,428 - project.core.fitting.main - ERROR - 拟合过程中发生异常: list index out of range
2025-09-26 15:11:18,428 - project.core.fitting.main - ERROR - 异常堆栈: Traceback (most recent call last):
  File "C:\Users\86158\Desktop\gaze_venv\gaze-refactor\project\core\fitting\main.py", line 42, in run
    pupil_center = self.data_manager.get_coordinate_point(eye, "pupil")[0]
                   ~~~~~~~~~~~~~~~~~~~~~~~~~~~~~~~~~~~~~~~~~~~~~~~~~~~~^^^
IndexError: list index out of range

2025-09-26 15:11:18,527 - project.data.data_manager - WARNING - 非RGB-D摄像头，使用默认深度图
2025-09-26 15:11:18,593 - project.core.recognition.landmark_extractor - WARNING - 关键点 13 原始y坐标超出范围: 1.002，已限制到边界
2025-09-26 15:11:18,595 - project.core.recognition.landmark_extractor - WARNING - 关键点 14 原始y坐标超出范围: 1.028，已限制到边界
2025-09-26 15:11:18,595 - project.core.recognition.landmark_extractor - WARNING - 关键点 15 原始y坐标超出范围: 1.038，已限制到边界
2025-09-26 15:11:18,595 - project.core.recognition.landmark_extractor - WARNING - 关键点 16 原始y坐标超出范围: 1.050，已限制到边界
2025-09-26 15:11:18,595 - project.core.recognition.landmark_extractor - WARNING - 关键点 17 原始y坐标超出范围: 1.061，已限制到边界
2025-09-26 15:11:18,595 - project.core.recognition.landmark_extractor - WARNING - 关键点 18 原始y坐标超出范围: 1.089，已限制到边界
2025-09-26 15:11:18,598 - project.core.recognition.landmark_extractor - WARNING - 关键点 32 原始y坐标超出范围: 1.101，已限制到边界
2025-09-26 15:11:18,598 - project.core.recognition.landmark_extractor - WARNING - 关键点 43 原始y坐标超出范围: 1.022，已限制到边界
2025-09-26 15:11:18,598 - project.core.recognition.landmark_extractor - WARNING - 关键点 77 原始y坐标超出范围: 1.009，已限制到边界
2025-09-26 15:11:18,598 - project.core.recognition.landmark_extractor - WARNING - 关键点 82 原始y坐标超出范围: 1.001，已限制到边界
2025-09-26 15:11:18,598 - project.core.recognition.landmark_extractor - WARNING - 关键点 83 原始y坐标超出范围: 1.084，已限制到边界
2025-09-26 15:11:18,598 - project.core.recognition.landmark_extractor - WARNING - 关键点 84 原始y坐标超出范围: 1.057，已限制到边界
2025-09-26 15:11:18,598 - project.core.recognition.landmark_extractor - WARNING - 关键点 85 原始y坐标超出范围: 1.046，已限制到边界
2025-09-26 15:11:18,601 - project.core.recognition.landmark_extractor - WARNING - 关键点 86 原始y坐标超出范围: 1.035，已限制到边界
2025-09-26 15:11:18,601 - project.core.recognition.landmark_extractor - WARNING - 关键点 87 原始y坐标超出范围: 1.027，已限制到边界
2025-09-26 15:11:18,601 - project.core.recognition.landmark_extractor - WARNING - 关键点 88 原始y坐标超出范围: 1.015，已限制到边界
2025-09-26 15:11:18,601 - project.core.recognition.landmark_extractor - WARNING - 关键点 89 原始y坐标超出范围: 1.018，已限制到边界
2025-09-26 15:11:18,601 - project.core.recognition.landmark_extractor - WARNING - 关键点 90 原始y坐标超出范围: 1.022，已限制到边界
2025-09-26 15:11:18,601 - project.core.recognition.landmark_extractor - WARNING - 关键点 91 原始y坐标超出范围: 1.028，已限制到边界
2025-09-26 15:11:18,601 - project.core.recognition.landmark_extractor - WARNING - 关键点 95 原始y坐标超出范围: 1.007，已限制到边界
2025-09-26 15:11:18,601 - project.core.recognition.landmark_extractor - WARNING - 关键点 96 原始y坐标超出范围: 1.008，已限制到边界
2025-09-26 15:11:18,601 - project.core.recognition.landmark_extractor - WARNING - 关键点 106 原始y坐标超出范围: 1.046，已限制到边界
2025-09-26 15:11:18,601 - project.core.recognition.landmark_extractor - WARNING - 关键点 135 原始y坐标超出范围: 1.028，已限制到边界
2025-09-26 15:11:18,601 - project.core.recognition.landmark_extractor - WARNING - 关键点 136 原始y坐标超出范围: 1.044，已限制到边界
2025-09-26 15:11:18,606 - project.core.recognition.landmark_extractor - WARNING - 关键点 140 原始y坐标超出范围: 1.123，已限制到边界
2025-09-26 15:11:18,606 - project.core.recognition.landmark_extractor - WARNING - 关键点 146 原始y坐标超出范围: 1.011，已限制到边界
2025-09-26 15:11:18,606 - project.core.recognition.landmark_extractor - WARNING - 关键点 148 原始y坐标超出范围: 1.158，已限制到边界
2025-09-26 15:11:18,606 - project.core.recognition.landmark_extractor - WARNING - 关键点 149 原始y坐标超出范围: 1.112，已限制到边界
2025-09-26 15:11:18,606 - project.core.recognition.landmark_extractor - WARNING - 关键点 150 原始y坐标超出范围: 1.084，已限制到边界
2025-09-26 15:11:18,606 - project.core.recognition.landmark_extractor - WARNING - 关键点 152 原始y坐标超出范围: 1.166，已限制到边界
2025-09-26 15:11:18,606 - project.core.recognition.landmark_extractor - WARNING - 关键点 169 原始y坐标超出范围: 1.062，已限制到边界
2025-09-26 15:11:18,606 - project.core.recognition.landmark_extractor - WARNING - 关键点 170 原始y坐标超出范围: 1.093，已限制到边界
2025-09-26 15:11:18,606 - project.core.recognition.landmark_extractor - WARNING - 关键点 171 原始y坐标超出范围: 1.144，已限制到边界
2025-09-26 15:11:18,606 - project.core.recognition.landmark_extractor - WARNING - 关键点 172 原始y坐标超出范围: 1.001，已限制到边界
2025-09-26 15:11:18,606 - project.core.recognition.landmark_extractor - WARNING - 关键点 175 原始y坐标超出范围: 1.153，已限制到边界
2025-09-26 15:11:18,606 - project.core.recognition.landmark_extractor - WARNING - 关键点 176 原始y坐标超出范围: 1.139，已限制到边界
2025-09-26 15:11:18,606 - project.core.recognition.landmark_extractor - WARNING - 关键点 178 原始y坐标超出范围: 1.022，已限制到边界
2025-09-26 15:11:18,610 - project.core.recognition.landmark_extractor - WARNING - 关键点 179 原始y坐标超出范围: 1.028，已限制到边界
2025-09-26 15:11:18,610 - project.core.recognition.landmark_extractor - WARNING - 关键点 180 原始y坐标超出范围: 1.036，已限制到边界
2025-09-26 15:11:18,611 - project.core.recognition.landmark_extractor - WARNING - 关键点 181 原始y坐标超出范围: 1.045，已限制到边界
2025-09-26 15:11:18,611 - project.core.recognition.landmark_extractor - WARNING - 关键点 182 原始y坐标超出范围: 1.069，已限制到边界
2025-09-26 15:11:18,611 - project.core.recognition.landmark_extractor - WARNING - 关键点 194 原始y坐标超出范围: 1.082，已限制到边界
2025-09-26 15:11:18,611 - project.core.recognition.landmark_extractor - WARNING - 关键点 199 原始y坐标超出范围: 1.132，已限制到边界
2025-09-26 15:11:18,611 - project.core.recognition.landmark_extractor - WARNING - 关键点 200 原始y坐标超出范围: 1.108，已限制到边界
2025-09-26 15:11:18,611 - project.core.recognition.landmark_extractor - WARNING - 关键点 201 原始y坐标超出范围: 1.101，已限制到边界
2025-09-26 15:11:18,611 - project.core.recognition.landmark_extractor - WARNING - 关键点 202 原始y坐标超出范围: 1.027，已限制到边界
2025-09-26 15:11:18,611 - project.core.recognition.landmark_extractor - WARNING - 关键点 204 原始y坐标超出范围: 1.056，已限制到边界
2025-09-26 15:11:18,611 - project.core.recognition.landmark_extractor - WARNING - 关键点 208 原始y坐标超出范围: 1.123，已限制到边界
2025-09-26 15:11:18,611 - project.core.recognition.landmark_extractor - WARNING - 关键点 210 原始y坐标超出范围: 1.042，已限制到边界
2025-09-26 15:11:18,611 - project.core.recognition.landmark_extractor - WARNING - 关键点 211 原始y坐标超出范围: 1.073，已限制到边界
2025-09-26 15:11:18,614 - project.core.recognition.landmark_extractor - WARNING - 关键点 214 原始y坐标超出范围: 1.000，已限制到边界
2025-09-26 15:11:18,614 - project.core.recognition.landmark_extractor - WARNING - 关键点 262 原始y坐标超出范围: 1.101，已限制到边界
2025-09-26 15:11:18,614 - project.core.recognition.landmark_extractor - WARNING - 关键点 273 原始y坐标超出范围: 1.022，已限制到边界
2025-09-26 15:11:18,614 - project.core.recognition.landmark_extractor - WARNING - 关键点 307 原始y坐标超出范围: 1.002，已限制到边界
2025-09-26 15:11:18,614 - project.core.recognition.landmark_extractor - WARNING - 关键点 313 原始y坐标超出范围: 1.084，已限制到边界
2025-09-26 15:11:18,614 - project.core.recognition.landmark_extractor - WARNING - 关键点 314 原始y坐标超出范围: 1.056，已限制到边界
2025-09-26 15:11:18,614 - project.core.recognition.landmark_extractor - WARNING - 关键点 315 原始y坐标超出范围: 1.045，已限制到边界
2025-09-26 15:11:18,614 - project.core.recognition.landmark_extractor - WARNING - 关键点 316 原始y坐标超出范围: 1.034，已限制到边界
2025-09-26 15:11:18,614 - project.core.recognition.landmark_extractor - WARNING - 关键点 317 原始y坐标超出范围: 1.025，已限制到边界
2025-09-26 15:11:18,614 - project.core.recognition.landmark_extractor - WARNING - 关键点 318 原始y坐标超出范围: 1.009，已限制到边界
2025-09-26 15:11:18,618 - project.core.recognition.landmark_extractor - WARNING - 关键点 319 原始y坐标超出范围: 1.013，已限制到边界
2025-09-26 15:11:18,618 - project.core.recognition.landmark_extractor - WARNING - 关键点 320 原始y坐标超出范围: 1.017，已限制到边界
2025-09-26 15:11:18,618 - project.core.recognition.landmark_extractor - WARNING - 关键点 321 原始y坐标超出范围: 1.023，已限制到边界
2025-09-26 15:11:18,618 - project.core.recognition.landmark_extractor - WARNING - 关键点 324 原始y坐标超出范围: 1.001，已限制到边界
2025-09-26 15:11:18,618 - project.core.recognition.landmark_extractor - WARNING - 关键点 325 原始y坐标超出范围: 1.001，已限制到边界
2025-09-26 15:11:18,618 - project.core.recognition.landmark_extractor - WARNING - 关键点 335 原始y坐标超出范围: 1.046，已限制到边界
2025-09-26 15:11:18,618 - project.core.recognition.landmark_extractor - WARNING - 关键点 364 原始y坐标超出范围: 1.028，已限制到边界
2025-09-26 15:11:18,618 - project.core.recognition.landmark_extractor - WARNING - 关键点 365 原始y坐标超出范围: 1.044，已限制到边界
2025-09-26 15:11:18,618 - project.core.recognition.landmark_extractor - WARNING - 关键点 369 原始y坐标超出范围: 1.123，已限制到边界
2025-09-26 15:11:18,618 - project.core.recognition.landmark_extractor - WARNING - 关键点 375 原始y坐标超出范围: 1.003，已限制到边界
2025-09-26 15:11:18,618 - project.core.recognition.landmark_extractor - WARNING - 关键点 377 原始y坐标超出范围: 1.158，已限制到边界
2025-09-26 15:11:18,618 - project.core.recognition.landmark_extractor - WARNING - 关键点 378 原始y坐标超出范围: 1.112，已限制到边界
2025-09-26 15:11:18,622 - project.core.recognition.landmark_extractor - WARNING - 关键点 379 原始y坐标超出范围: 1.083，已限制到边界
2025-09-26 15:11:18,622 - project.core.recognition.landmark_extractor - WARNING - 关键点 394 原始y坐标超出范围: 1.063，已限制到边界
2025-09-26 15:11:18,624 - project.core.recognition.landmark_extractor - WARNING - 关键点 395 原始y坐标超出范围: 1.093，已限制到边界
2025-09-26 15:11:18,625 - project.core.recognition.landmark_extractor - WARNING - 关键点 396 原始y坐标超出范围: 1.144，已限制到边界
2025-09-26 15:11:18,625 - project.core.recognition.landmark_extractor - WARNING - 关键点 397 原始y坐标超出范围: 1.001，已限制到边界
2025-09-26 15:11:18,625 - project.core.recognition.landmark_extractor - WARNING - 关键点 400 原始y坐标超出范围: 1.139，已限制到边界
2025-09-26 15:11:18,625 - project.core.recognition.landmark_extractor - WARNING - 关键点 402 原始y坐标超出范围: 1.018，已限制到边界
2025-09-26 15:11:18,626 - project.core.recognition.landmark_extractor - WARNING - 关键点 403 原始y坐标超出范围: 1.024，已限制到边界
2025-09-26 15:11:18,626 - project.core.recognition.landmark_extractor - WARNING - 关键点 404 原始y坐标超出范围: 1.033，已限制到边界
2025-09-26 15:11:18,626 - project.core.recognition.landmark_extractor - WARNING - 关键点 405 原始y坐标超出范围: 1.043，已限制到边界
2025-09-26 15:11:18,626 - project.core.recognition.landmark_extractor - WARNING - 关键点 406 原始y坐标超出范围: 1.069，已限制到边界
2025-09-26 15:11:18,626 - project.core.recognition.landmark_extractor - WARNING - 关键点 418 原始y坐标超出范围: 1.082，已限制到边界
2025-09-26 15:11:18,626 - project.core.recognition.landmark_extractor - WARNING - 关键点 421 原始y坐标超出范围: 1.101，已限制到边界
2025-09-26 15:11:18,626 - project.core.recognition.landmark_extractor - WARNING - 关键点 422 原始y坐标超出范围: 1.028，已限制到边界
2025-09-26 15:11:18,626 - project.core.recognition.landmark_extractor - WARNING - 关键点 424 原始y坐标超出范围: 1.056，已限制到边界
2025-09-26 15:11:18,626 - project.core.recognition.landmark_extractor - WARNING - 关键点 428 原始y坐标超出范围: 1.123，已限制到边界
2025-09-26 15:11:18,626 - project.core.recognition.landmark_extractor - WARNING - 关键点 430 原始y坐标超出范围: 1.042，已限制到边界
2025-09-26 15:11:18,626 - project.core.recognition.landmark_extractor - WARNING - 关键点 431 原始y坐标超出范围: 1.073，已限制到边界
2025-09-26 15:11:18,626 - project.core.recognition.landmark_extractor - WARNING - 关键点 432 原始y坐标超出范围: 1.000，已限制到边界
2025-09-26 15:11:18,626 - project.core.recognition.landmark_extractor - WARNING - 关键点 434 原始y坐标超出范围: 1.001，已限制到边界
2025-09-26 15:11:18,630 - project.core.recognition.detector - INFO - 提取到 478 个关键点
2025-09-26 15:11:18,630 - project.core.recognition.landmark_extractor - INFO - 关键点验证通过
2025-09-26 15:11:18,630 - project.core.recognition.detector - INFO - 关键点验证结果: True
2025-09-26 15:11:18,637 - project.core.recognition.detector - INFO - 人脸检测成功，提取到 478 个关键点
2025-09-26 15:11:18,637 - project.core.recognition.main - INFO - 人脸检测成功
2025-09-26 15:11:18,639 - project.core.recognition.coordinate_converter - WARNING - 关键点 12 转换失败: 无效的深度值：nan，必须大于0.1米
2025-09-26 15:11:18,639 - project.core.recognition.coordinate_converter - WARNING - 关键点 13 转换失败: 无效的深度值：nan，必须大于0.1米
2025-09-26 15:11:18,639 - project.core.recognition.coordinate_converter - WARNING - 关键点 14 转换失败: 无效的深度值：nan，必须大于0.1米
2025-09-26 15:11:18,639 - project.core.recognition.coordinate_converter - WARNING - 关键点 15 转换失败: 无效的深度值：nan，必须大于0.1米
2025-09-26 15:11:18,639 - project.core.recognition.coordinate_converter - WARNING - 关键点 16 转换失败: 无效的深度值：nan，必须大于0.1米
2025-09-26 15:11:18,639 - project.core.recognition.coordinate_converter - WARNING - 关键点 17 转换失败: 无效的深度值：nan，必须大于0.1米
2025-09-26 15:11:18,639 - project.core.recognition.coordinate_converter - WARNING - 关键点 18 转换失败: 无效的深度值：nan，必须大于0.1米
2025-09-26 15:11:18,639 - project.core.recognition.coordinate_converter - WARNING - 关键点 32 转换失败: 无效的深度值：nan，必须大于0.1米
2025-09-26 15:11:18,639 - project.core.recognition.coordinate_converter - WARNING - 关键点 43 转换失败: 无效的深度值：nan，必须大于0.1米
2025-09-26 15:11:18,639 - project.core.recognition.coordinate_converter - WARNING - 关键点 57 转换失败: 无效的深度值：nan，必须大于0.1米
2025-09-26 15:11:18,639 - project.core.recognition.coordinate_converter - WARNING - 关键点 77 转换失败: 无效的深度值：nan，必须大于0.1米
2025-09-26 15:11:18,639 - project.core.recognition.coordinate_converter - WARNING - 关键点 81 转换失败: 无效的深度值：nan，必须大于0.1米
2025-09-26 15:11:18,639 - project.core.recognition.coordinate_converter - WARNING - 关键点 82 转换失败: 无效的深度值：nan，必须大于0.1米
2025-09-26 15:11:18,643 - project.core.recognition.coordinate_converter - WARNING - 关键点 83 转换失败: 无效的深度值：nan，必须大于0.1米
2025-09-26 15:11:18,643 - project.core.recognition.coordinate_converter - WARNING - 关键点 84 转换失败: 无效的深度值：nan，必须大于0.1米
2025-09-26 15:11:18,643 - project.core.recognition.coordinate_converter - WARNING - 关键点 85 转换失败: 无效的深度值：nan，必须大于0.1米
2025-09-26 15:11:18,643 - project.core.recognition.coordinate_converter - WARNING - 关键点 86 转换失败: 无效的深度值：nan，必须大于0.1米
2025-09-26 15:11:18,643 - project.core.recognition.coordinate_converter - WARNING - 关键点 87 转换失败: 无效的深度值：nan，必须大于0.1米
2025-09-26 15:11:18,643 - project.core.recognition.coordinate_converter - WARNING - 关键点 88 转换失败: 无效的深度值：nan，必须大于0.1米
2025-09-26 15:11:18,643 - project.core.recognition.coordinate_converter - WARNING - 关键点 89 转换失败: 无效的深度值：nan，必须大于0.1米
2025-09-26 15:11:18,643 - project.core.recognition.coordinate_converter - WARNING - 关键点 90 转换失败: 无效的深度值：nan，必须大于0.1米
2025-09-26 15:11:18,643 - project.core.recognition.coordinate_converter - WARNING - 关键点 91 转换失败: 无效的深度值：nan，必须大于0.1米
2025-09-26 15:11:18,643 - project.core.recognition.coordinate_converter - WARNING - 关键点 95 转换失败: 无效的深度值：nan，必须大于0.1米
2025-09-26 15:11:18,643 - project.core.recognition.coordinate_converter - WARNING - 关键点 96 转换失败: 无效的深度值：nan，必须大于0.1米
2025-09-26 15:11:18,643 - project.core.recognition.coordinate_converter - WARNING - 关键点 106 转换失败: 无效的深度值：nan，必须大于0.1米
2025-09-26 15:11:18,643 - project.core.recognition.coordinate_converter - WARNING - 关键点 135 转换失败: 无效的深度值：nan，必须大于0.1米
2025-09-26 15:11:18,643 - project.core.recognition.coordinate_converter - WARNING - 关键点 136 转换失败: 无效的深度值：nan，必须大于0.1米
2025-09-26 15:11:18,647 - project.core.recognition.coordinate_converter - WARNING - 关键点 140 转换失败: 无效的深度值：nan，必须大于0.1米
2025-09-26 15:11:18,647 - project.core.recognition.coordinate_converter - WARNING - 关键点 146 转换失败: 无效的深度值：nan，必须大于0.1米
2025-09-26 15:11:18,647 - project.core.recognition.coordinate_converter - WARNING - 关键点 148 转换失败: 无效的深度值：nan，必须大于0.1米
2025-09-26 15:11:18,647 - project.core.recognition.coordinate_converter - WARNING - 关键点 149 转换失败: 无效的深度值：nan，必须大于0.1米
2025-09-26 15:11:18,647 - project.core.recognition.coordinate_converter - WARNING - 关键点 150 转换失败: 无效的深度值：nan，必须大于0.1米
2025-09-26 15:11:18,647 - project.core.recognition.coordinate_converter - WARNING - 关键点 152 转换失败: 无效的深度值：nan，必须大于0.1米
2025-09-26 15:11:18,647 - project.core.recognition.coordinate_converter - WARNING - 关键点 169 转换失败: 无效的深度值：nan，必须大于0.1米
2025-09-26 15:11:18,647 - project.core.recognition.coordinate_converter - WARNING - 关键点 170 转换失败: 无效的深度值：nan，必须大于0.1米
2025-09-26 15:11:18,647 - project.core.recognition.coordinate_converter - WARNING - 关键点 171 转换失败: 无效的深度值：nan，必须大于0.1米
2025-09-26 15:11:18,647 - project.core.recognition.coordinate_converter - WARNING - 关键点 172 转换失败: 无效的深度值：nan，必须大于0.1米
2025-09-26 15:11:18,647 - project.core.recognition.coordinate_converter - WARNING - 关键点 175 转换失败: 无效的深度值：nan，必须大于0.1米
2025-09-26 15:11:18,651 - project.core.recognition.coordinate_converter - WARNING - 关键点 176 转换失败: 无效的深度值：nan，必须大于0.1米
2025-09-26 15:11:18,651 - project.core.recognition.coordinate_converter - WARNING - 关键点 178 转换失败: 无效的深度值：nan，必须大于0.1米
2025-09-26 15:11:18,651 - project.core.recognition.coordinate_converter - WARNING - 关键点 179 转换失败: 无效的深度值：nan，必须大于0.1米
2025-09-26 15:11:18,651 - project.core.recognition.coordinate_converter - WARNING - 关键点 180 转换失败: 无效的深度值：nan，必须大于0.1米
2025-09-26 15:11:18,651 - project.core.recognition.coordinate_converter - WARNING - 关键点 181 转换失败: 无效的深度值：nan，必须大于0.1米
2025-09-26 15:11:18,651 - project.core.recognition.coordinate_converter - WARNING - 关键点 182 转换失败: 无效的深度值：nan，必须大于0.1米
2025-09-26 15:11:18,651 - project.core.recognition.coordinate_converter - WARNING - 关键点 194 转换失败: 无效的深度值：nan，必须大于0.1米
2025-09-26 15:11:18,651 - project.core.recognition.coordinate_converter - WARNING - 关键点 199 转换失败: 无效的深度值：nan，必须大于0.1米
2025-09-26 15:11:18,651 - project.core.recognition.coordinate_converter - WARNING - 关键点 200 转换失败: 无效的深度值：nan，必须大于0.1米
2025-09-26 15:11:18,651 - project.core.recognition.coordinate_converter - WARNING - 关键点 201 转换失败: 无效的深度值：nan，必须大于0.1米
2025-09-26 15:11:18,651 - project.core.recognition.coordinate_converter - WARNING - 关键点 202 转换失败: 无效的深度值：nan，必须大于0.1米
2025-09-26 15:11:18,651 - project.core.recognition.coordinate_converter - WARNING - 关键点 204 转换失败: 无效的深度值：nan，必须大于0.1米
2025-09-26 15:11:18,651 - project.core.recognition.coordinate_converter - WARNING - 关键点 208 转换失败: 无效的深度值：nan，必须大于0.1米
2025-09-26 15:11:18,651 - project.core.recognition.coordinate_converter - WARNING - 关键点 210 转换失败: 无效的深度值：nan，必须大于0.1米
2025-09-26 15:11:18,651 - project.core.recognition.coordinate_converter - WARNING - 关键点 211 转换失败: 无效的深度值：nan，必须大于0.1米
2025-09-26 15:11:18,651 - project.core.recognition.coordinate_converter - WARNING - 关键点 212 转换失败: 无效的深度值：nan，必须大于0.1米
2025-09-26 15:11:18,655 - project.core.recognition.coordinate_converter - WARNING - 关键点 214 转换失败: 无效的深度值：nan，必须大于0.1米
2025-09-26 15:11:18,655 - project.core.recognition.coordinate_converter - WARNING - 关键点 262 转换失败: 无效的深度值：nan，必须大于0.1米
2025-09-26 15:11:18,655 - project.core.recognition.coordinate_converter - WARNING - 关键点 273 转换失败: 无效的深度值：nan，必须大于0.1米
2025-09-26 15:11:18,655 - project.core.recognition.coordinate_converter - WARNING - 关键点 287 转换失败: 无效的深度值：nan，必须大于0.1米
2025-09-26 15:11:18,655 - project.core.recognition.coordinate_converter - WARNING - 关键点 307 转换失败: 无效的深度值：nan，必须大于0.1米
2025-09-26 15:11:18,655 - project.core.recognition.coordinate_converter - WARNING - 关键点 312 转换失败: 无效的深度值：nan，必须大于0.1米
2025-09-26 15:11:18,655 - project.core.recognition.coordinate_converter - WARNING - 关键点 313 转换失败: 无效的深度值：nan，必须大于0.1米
2025-09-26 15:11:18,655 - project.core.recognition.coordinate_converter - WARNING - 关键点 314 转换失败: 无效的深度值：nan，必须大于0.1米
2025-09-26 15:11:18,655 - project.core.recognition.coordinate_converter - WARNING - 关键点 315 转换失败: 无效的深度值：nan，必须大于0.1米
2025-09-26 15:11:18,655 - project.core.recognition.coordinate_converter - WARNING - 关键点 316 转换失败: 无效的深度值：nan，必须大于0.1米
2025-09-26 15:11:18,655 - project.core.recognition.coordinate_converter - WARNING - 关键点 317 转换失败: 无效的深度值：nan，必须大于0.1米
2025-09-26 15:11:18,659 - project.core.recognition.coordinate_converter - WARNING - 关键点 318 转换失败: 无效的深度值：nan，必须大于0.1米
2025-09-26 15:11:18,659 - project.core.recognition.coordinate_converter - WARNING - 关键点 319 转换失败: 无效的深度值：nan，必须大于0.1米
2025-09-26 15:11:18,659 - project.core.recognition.coordinate_converter - WARNING - 关键点 320 转换失败: 无效的深度值：nan，必须大于0.1米
2025-09-26 15:11:18,659 - project.core.recognition.coordinate_converter - WARNING - 关键点 321 转换失败: 无效的深度值：nan，必须大于0.1米
2025-09-26 15:11:18,659 - project.core.recognition.coordinate_converter - WARNING - 关键点 324 转换失败: 无效的深度值：nan，必须大于0.1米
2025-09-26 15:11:18,659 - project.core.recognition.coordinate_converter - WARNING - 关键点 325 转换失败: 无效的深度值：nan，必须大于0.1米
2025-09-26 15:11:18,659 - project.core.recognition.coordinate_converter - WARNING - 关键点 335 转换失败: 无效的深度值：nan，必须大于0.1米
2025-09-26 15:11:18,659 - project.core.recognition.coordinate_converter - WARNING - 关键点 364 转换失败: 无效的深度值：nan，必须大于0.1米
2025-09-26 15:11:18,659 - project.core.recognition.coordinate_converter - WARNING - 关键点 365 转换失败: 无效的深度值：nan，必须大于0.1米
2025-09-26 15:11:18,659 - project.core.recognition.coordinate_converter - WARNING - 关键点 369 转换失败: 无效的深度值：nan，必须大于0.1米
2025-09-26 15:11:18,659 - project.core.recognition.coordinate_converter - WARNING - 关键点 375 转换失败: 无效的深度值：nan，必须大于0.1米
2025-09-26 15:11:18,659 - project.core.recognition.coordinate_converter - WARNING - 关键点 377 转换失败: 无效的深度值：nan，必须大于0.1米
2025-09-26 15:11:18,659 - project.core.recognition.coordinate_converter - WARNING - 关键点 378 转换失败: 无效的深度值：nan，必须大于0.1米
2025-09-26 15:11:18,659 - project.core.recognition.coordinate_converter - WARNING - 关键点 379 转换失败: 无效的深度值：nan，必须大于0.1米
2025-09-26 15:11:18,663 - project.core.recognition.coordinate_converter - WARNING - 关键点 394 转换失败: 无效的深度值：nan，必须大于0.1米
2025-09-26 15:11:18,663 - project.core.recognition.coordinate_converter - WARNING - 关键点 395 转换失败: 无效的深度值：nan，必须大于0.1米
2025-09-26 15:11:18,663 - project.core.recognition.coordinate_converter - WARNING - 关键点 396 转换失败: 无效的深度值：nan，必须大于0.1米
2025-09-26 15:11:18,663 - project.core.recognition.coordinate_converter - WARNING - 关键点 397 转换失败: 无效的深度值：nan，必须大于0.1米
2025-09-26 15:11:18,663 - project.core.recognition.coordinate_converter - WARNING - 关键点 400 转换失败: 无效的深度值：nan，必须大于0.1米
2025-09-26 15:11:18,663 - project.core.recognition.coordinate_converter - WARNING - 关键点 402 转换失败: 无效的深度值：nan，必须大于0.1米
2025-09-26 15:11:18,663 - project.core.recognition.coordinate_converter - WARNING - 关键点 403 转换失败: 无效的深度值：nan，必须大于0.1米
2025-09-26 15:11:18,663 - project.core.recognition.coordinate_converter - WARNING - 关键点 404 转换失败: 无效的深度值：nan，必须大于0.1米
2025-09-26 15:11:18,663 - project.core.recognition.coordinate_converter - WARNING - 关键点 405 转换失败: 无效的深度值：nan，必须大于0.1米
2025-09-26 15:11:18,663 - project.core.recognition.coordinate_converter - WARNING - 关键点 406 转换失败: 无效的深度值：nan，必须大于0.1米
2025-09-26 15:11:18,663 - project.core.recognition.coordinate_converter - WARNING - 关键点 418 转换失败: 无效的深度值：nan，必须大于0.1米
2025-09-26 15:11:18,663 - project.core.recognition.coordinate_converter - WARNING - 关键点 421 转换失败: 无效的深度值：nan，必须大于0.1米
2025-09-26 15:11:18,663 - project.core.recognition.coordinate_converter - WARNING - 关键点 422 转换失败: 无效的深度值：nan，必须大于0.1米
2025-09-26 15:11:18,663 - project.core.recognition.coordinate_converter - WARNING - 关键点 424 转换失败: 无效的深度值：nan，必须大于0.1米
2025-09-26 15:11:18,663 - project.core.recognition.coordinate_converter - WARNING - 关键点 428 转换失败: 无效的深度值：nan，必须大于0.1米
2025-09-26 15:11:18,663 - project.core.recognition.coordinate_converter - WARNING - 关键点 430 转换失败: 无效的深度值：nan，必须大于0.1米
2025-09-26 15:11:18,663 - project.core.recognition.coordinate_converter - WARNING - 关键点 431 转换失败: 无效的深度值：nan，必须大于0.1米
2025-09-26 15:11:18,663 - project.core.recognition.coordinate_converter - WARNING - 关键点 432 转换失败: 无效的深度值：nan，必须大于0.1米
2025-09-26 15:11:18,668 - project.core.recognition.coordinate_converter - WARNING - 关键点 434 转换失败: 无效的深度值：nan，必须大于0.1米
2025-09-26 15:11:18,668 - project.data.data_manager - INFO - RecgFitDataManager初始化 - debug_log: True, key_coordinates: True
2025-09-26 15:11:18,668 - project.data.data_manager - INFO - RecgFitDataManager初始化完成
2025-09-26 15:11:18,668 - __main__ - INFO - 收到识别完成信号，开始拟合...
2025-09-26 15:11:18,668 - __main__ - INFO - 开始拟合frame_id: 24
2025-09-26 15:11:18,668 - __main__ - INFO - 等待识别完成信号...
2025-09-26 15:11:18,668 - root - INFO - 数据质量: {'point_count': 12, 'fitting_point_count': 0, 'constraint_point_count': 12, 'visibility': 0.8596772630454087}
2025-09-26 15:11:18,668 - root - INFO - 选择策略: medium_quality
2025-09-26 15:11:18,668 - root - WARNING - 没有拟合点，无法进行优化
2025-09-26 15:11:18,672 - root - WARNING - 没有拟合点，无法进行优化
2025-09-26 15:11:18,672 - root - WARNING - 没有拟合点，无法进行优化
2025-09-26 15:11:18,672 - root - WARNING - 没有拟合点，无法进行优化
2025-09-26 15:11:18,673 - root - WARNING - 没有拟合点，无法进行优化
2025-09-26 15:11:18,673 - root - WARNING - 没有拟合点，无法进行优化
2025-09-26 15:11:18,673 - root - WARNING - 没有拟合点，无法进行优化
2025-09-26 15:11:18,674 - root - WARNING - 没有拟合点，无法进行优化
2025-09-26 15:11:18,674 - root - WARNING - 没有拟合点，无法进行优化
2025-09-26 15:11:18,674 - root - WARNING - 没有拟合点，无法进行优化
2025-09-26 15:11:18,675 - root - WARNING - 没有拟合点，无法进行优化
2025-09-26 15:11:18,675 - root - WARNING - 没有拟合点，无法进行优化
2025-09-26 15:11:18,675 - root - WARNING - 没有拟合点，无法进行优化
2025-09-26 15:11:18,675 - root - WARNING - 没有拟合点，无法进行优化
2025-09-26 15:11:18,675 - root - WARNING - 没有拟合点，无法进行优化
2025-09-26 15:11:18,675 - root - WARNING - 没有拟合点，无法进行优化
2025-09-26 15:11:18,676 - root - WARNING - 没有拟合点，无法进行优化
2025-09-26 15:11:18,676 - root - WARNING - 没有拟合点，无法进行优化
2025-09-26 15:11:18,676 - root - WARNING - 没有拟合点，无法进行优化
2025-09-26 15:11:18,676 - root - WARNING - 没有拟合点，无法进行优化
2025-09-26 15:11:18,676 - root - INFO - 数据质量: {'point_count': 2, 'fitting_point_count': 0, 'constraint_point_count': 2, 'visibility': 0.9020475102573}
2025-09-26 15:11:18,676 - root - INFO - 选择策略: low_quality
2025-09-26 15:11:18,676 - root - WARNING - 没有拟合点，无法进行优化
2025-09-26 15:11:18,676 - root - WARNING - 没有拟合点，无法进行优化
2025-09-26 15:11:18,676 - root - WARNING - 没有拟合点，无法进行优化
2025-09-26 15:11:18,676 - root - WARNING - 没有拟合点，无法进行优化
2025-09-26 15:11:18,676 - root - WARNING - 没有拟合点，无法进行优化
2025-09-26 15:11:18,676 - root - WARNING - 没有拟合点，无法进行优化
2025-09-26 15:11:18,676 - root - WARNING - 没有拟合点，无法进行优化
2025-09-26 15:11:18,676 - root - WARNING - 没有拟合点，无法进行优化
2025-09-26 15:11:18,676 - root - WARNING - 没有拟合点，无法进行优化
2025-09-26 15:11:18,676 - root - WARNING - 没有拟合点，无法进行优化
2025-09-26 15:11:18,676 - root - WARNING - 没有拟合点，无法进行优化
2025-09-26 15:11:18,676 - root - WARNING - 没有拟合点，无法进行优化
2025-09-26 15:11:18,676 - root - WARNING - 没有拟合点，无法进行优化
2025-09-26 15:11:18,676 - root - WARNING - 没有拟合点，无法进行优化
2025-09-26 15:11:18,681 - root - WARNING - 没有拟合点，无法进行优化
2025-09-26 15:11:18,681 - root - WARNING - 没有拟合点，无法进行优化
2025-09-26 15:11:18,681 - root - WARNING - 没有拟合点，无法进行优化
2025-09-26 15:11:18,681 - root - WARNING - 没有拟合点，无法进行优化
2025-09-26 15:11:18,681 - root - WARNING - 没有拟合点，无法进行优化
2025-09-26 15:11:18,681 - root - WARNING - 没有拟合点，无法进行优化
2025-09-26 15:11:18,681 - root - WARNING - 没有拟合点，无法进行优化
2025-09-26 15:11:18,681 - root - WARNING - 没有拟合点，无法进行优化
2025-09-26 15:11:18,681 - root - WARNING - 没有拟合点，无法进行优化
2025-09-26 15:11:18,681 - root - WARNING - 没有拟合点，无法进行优化
2025-09-26 15:11:18,681 - root - WARNING - 没有拟合点，无法进行优化
2025-09-26 15:11:18,681 - root - WARNING - 没有拟合点，无法进行优化
2025-09-26 15:11:18,681 - root - WARNING - 没有拟合点，无法进行优化
2025-09-26 15:11:18,681 - root - WARNING - 没有拟合点，无法进行优化
2025-09-26 15:11:18,681 - root - WARNING - 没有拟合点，无法进行优化
2025-09-26 15:11:18,681 - root - WARNING - 没有拟合点，无法进行优化
2025-09-26 15:11:18,681 - project.core.fitting.main - INFO - ==============================================
2025-09-26 15:11:18,681 - project.core.fitting.main - INFO - 拟合结果:
2025-09-26 15:11:18,681 - project.core.fitting.main - INFO -   LEFT 眼: 拟合结果：
 球心：[0 0 0]
 半径：12.0
 置信度：0.0
 收敛：False
 迭代次数：0
 最终残差范数：inf
 最终delta范数：inf
 使用策略：ransac
2025-09-26 15:11:18,681 - project.core.fitting.main - INFO -   RIGHT 眼: 拟合结果：
 球心：[0 0 0]
 半径：12.0
 置信度：0.0
 收敛：False
 迭代次数：0
 最终残差范数：inf
 最终delta范数：inf
 使用策略：ransac
2025-09-26 15:11:18,681 - project.core.fitting.main - INFO - ==============================================
2025-09-26 15:11:18,681 - project.core.fitting.main - ERROR - 拟合过程中发生异常: list index out of range
2025-09-26 15:11:18,685 - project.core.fitting.main - ERROR - 异常堆栈: Traceback (most recent call last):
  File "C:\Users\86158\Desktop\gaze_venv\gaze-refactor\project\core\fitting\main.py", line 42, in run
    pupil_center = self.data_manager.get_coordinate_point(eye, "pupil")[0]
                   ~~~~~~~~~~~~~~~~~~~~~~~~~~~~~~~~~~~~~~~~~~~~~~~~~~~~^^^
IndexError: list index out of range

2025-09-26 15:11:18,774 - project.data.data_manager - WARNING - 非RGB-D摄像头，使用默认深度图
2025-09-26 15:11:18,838 - project.core.recognition.landmark_extractor - WARNING - 关键点 14 原始y坐标超出范围: 1.063，已限制到边界
2025-09-26 15:11:18,838 - project.core.recognition.landmark_extractor - WARNING - 关键点 15 原始y坐标超出范围: 1.070，已限制到边界
2025-09-26 15:11:18,838 - project.core.recognition.landmark_extractor - WARNING - 关键点 16 原始y坐标超出范围: 1.078，已限制到边界
2025-09-26 15:11:18,838 - project.core.recognition.landmark_extractor - WARNING - 关键点 17 原始y坐标超出范围: 1.086，已限制到边界
2025-09-26 15:11:18,838 - project.core.recognition.landmark_extractor - WARNING - 关键点 18 原始y坐标超出范围: 1.071，已限制到边界
2025-09-26 15:11:18,838 - project.core.recognition.landmark_extractor - WARNING - 关键点 32 原始y坐标超出范围: 1.087，已限制到边界
2025-09-26 15:11:18,842 - project.core.recognition.landmark_extractor - WARNING - 关键点 43 原始y坐标超出范围: 1.004，已限制到边界
2025-09-26 15:11:18,842 - project.core.recognition.landmark_extractor - WARNING - 关键点 77 原始y坐标超出范围: 1.003，已限制到边界
2025-09-26 15:11:18,842 - project.core.recognition.landmark_extractor - WARNING - 关键点 83 原始y坐标超出范围: 1.067，已限制到边界
2025-09-26 15:11:18,842 - project.core.recognition.landmark_extractor - WARNING - 关键点 84 原始y坐标超出范围: 1.080，已限制到边界
2025-09-26 15:11:18,842 - project.core.recognition.landmark_extractor - WARNING - 关键点 85 原始y坐标超出范围: 1.072，已限制到边界
2025-09-26 15:11:18,842 - project.core.recognition.landmark_extractor - WARNING - 关键点 86 原始y坐标超出范围: 1.065，已限制到边界
2025-09-26 15:11:18,842 - project.core.recognition.landmark_extractor - WARNING - 关键点 87 原始y坐标超出范围: 1.058，已限制到边界
2025-09-26 15:11:18,842 - project.core.recognition.landmark_extractor - WARNING - 关键点 88 原始y坐标超出范围: 1.023，已限制到边界
2025-09-26 15:11:18,842 - project.core.recognition.landmark_extractor - WARNING - 关键点 89 原始y坐标超出范围: 1.025，已限制到边界
2025-09-26 15:11:18,842 - project.core.recognition.landmark_extractor - WARNING - 关键点 90 原始y坐标超出范围: 1.027，已限制到边界
2025-09-26 15:11:18,847 - project.core.recognition.landmark_extractor - WARNING - 关键点 91 原始y坐标超出范围: 1.031，已限制到边界
2025-09-26 15:11:18,847 - project.core.recognition.landmark_extractor - WARNING - 关键点 95 原始y坐标超出范围: 1.004，已限制到边界
2025-09-26 15:11:18,847 - project.core.recognition.landmark_extractor - WARNING - 关键点 96 原始y坐标超出范围: 1.003，已限制到边界
2025-09-26 15:11:18,847 - project.core.recognition.landmark_extractor - WARNING - 关键点 106 原始y坐标超出范围: 1.029，已限制到边界
2025-09-26 15:11:18,847 - project.core.recognition.landmark_extractor - WARNING - 关键点 135 原始y坐标超出范围: 1.017，已限制到边界
2025-09-26 15:11:18,847 - project.core.recognition.landmark_extractor - WARNING - 关键点 136 原始y坐标超出范围: 1.035，已限制到边界
2025-09-26 15:11:18,847 - project.core.recognition.landmark_extractor - WARNING - 关键点 140 原始y坐标超出范围: 1.110，已限制到边界
2025-09-26 15:11:18,847 - project.core.recognition.landmark_extractor - WARNING - 关键点 146 原始y坐标超出范围: 1.003，已限制到边界
2025-09-26 15:11:18,847 - project.core.recognition.landmark_extractor - WARNING - 关键点 148 原始y坐标超出范围: 1.144，已限制到边界
2025-09-26 15:11:18,847 - project.core.recognition.landmark_extractor - WARNING - 关键点 149 原始y坐标超出范围: 1.100，已限制到边界
2025-09-26 15:11:18,847 - project.core.recognition.landmark_extractor - WARNING - 关键点 150 原始y坐标超出范围: 1.072，已限制到边界
2025-09-26 15:11:18,851 - project.core.recognition.landmark_extractor - WARNING - 关键点 152 原始y坐标超出范围: 1.151，已限制到边界
2025-09-26 15:11:18,851 - project.core.recognition.landmark_extractor - WARNING - 关键点 169 原始y坐标超出范围: 1.050，已限制到边界
2025-09-26 15:11:18,851 - project.core.recognition.landmark_extractor - WARNING - 关键点 170 原始y坐标超出范围: 1.080，已限制到边界
2025-09-26 15:11:18,851 - project.core.recognition.landmark_extractor - WARNING - 关键点 171 原始y坐标超出范围: 1.130，已限制到边界
2025-09-26 15:11:18,851 - project.core.recognition.landmark_extractor - WARNING - 关键点 175 原始y坐标超出范围: 1.138，已限制到边界
2025-09-26 15:11:18,851 - project.core.recognition.landmark_extractor - WARNING - 关键点 176 原始y坐标超出范围: 1.126，已限制到边界
2025-09-26 15:11:18,855 - project.core.recognition.landmark_extractor - WARNING - 关键点 178 原始y坐标超出范围: 1.043，已限制到边界
2025-09-26 15:11:18,855 - project.core.recognition.landmark_extractor - WARNING - 关键点 179 原始y坐标超出范围: 1.047，已限制到边界
2025-09-26 15:11:18,855 - project.core.recognition.landmark_extractor - WARNING - 关键点 180 原始y坐标超出范围: 1.053，已限制到边界
2025-09-26 15:11:18,855 - project.core.recognition.landmark_extractor - WARNING - 关键点 181 原始y坐标超出范围: 1.060，已限制到边界
2025-09-26 15:11:18,855 - project.core.recognition.landmark_extractor - WARNING - 关键点 182 原始y坐标超出范围: 1.052，已限制到边界
2025-09-26 15:11:18,855 - project.core.recognition.landmark_extractor - WARNING - 关键点 194 原始y坐标超出范围: 1.066，已限制到边界
2025-09-26 15:11:18,855 - project.core.recognition.landmark_extractor - WARNING - 关键点 199 原始y坐标超出范围: 1.116，已限制到边界
2025-09-26 15:11:18,855 - project.core.recognition.landmark_extractor - WARNING - 关键点 200 原始y坐标超出范围: 1.091，已限制到边界
2025-09-26 15:11:18,855 - project.core.recognition.landmark_extractor - WARNING - 关键点 201 原始y坐标超出范围: 1.085，已限制到边界
2025-09-26 15:11:18,855 - project.core.recognition.landmark_extractor - WARNING - 关键点 202 原始y坐标超出范围: 1.011，已限制到边界
2025-09-26 15:11:18,855 - project.core.recognition.landmark_extractor - WARNING - 关键点 204 原始y坐标超出范围: 1.040，已限制到边界
2025-09-26 15:11:18,855 - project.core.recognition.landmark_extractor - WARNING - 关键点 208 原始y坐标超出范围: 1.109，已限制到边界
2025-09-26 15:11:18,855 - project.core.recognition.landmark_extractor - WARNING - 关键点 210 原始y坐标超出范围: 1.028，已限制到边界
2025-09-26 15:11:18,859 - project.core.recognition.landmark_extractor - WARNING - 关键点 211 原始y坐标超出范围: 1.059，已限制到边界
2025-09-26 15:11:18,859 - project.core.recognition.landmark_extractor - WARNING - 关键点 262 原始y坐标超出范围: 1.084，已限制到边界
2025-09-26 15:11:18,859 - project.core.recognition.landmark_extractor - WARNING - 关键点 313 原始y坐标超出范围: 1.065，已限制到边界
2025-09-26 15:11:18,859 - project.core.recognition.landmark_extractor - WARNING - 关键点 314 原始y坐标超出范围: 1.077，已限制到边界
2025-09-26 15:11:18,859 - project.core.recognition.landmark_extractor - WARNING - 关键点 315 原始y坐标超出范围: 1.069，已限制到边界
2025-09-26 15:11:18,859 - project.core.recognition.landmark_extractor - WARNING - 关键点 316 原始y坐标超出范围: 1.062，已限制到边界
2025-09-26 15:11:18,859 - project.core.recognition.landmark_extractor - WARNING - 关键点 317 原始y坐标超出范围: 1.055，已限制到边界
2025-09-26 15:11:18,859 - project.core.recognition.landmark_extractor - WARNING - 关键点 318 原始y坐标超出范围: 1.015，已限制到边界
2025-09-26 15:11:18,859 - project.core.recognition.landmark_extractor - WARNING - 关键点 319 原始y坐标超出范围: 1.016，已限制到边界
2025-09-26 15:11:18,859 - project.core.recognition.landmark_extractor - WARNING - 关键点 320 原始y坐标超出范围: 1.019，已限制到边界
2025-09-26 15:11:18,859 - project.core.recognition.landmark_extractor - WARNING - 关键点 321 原始y坐标超出范围: 1.022，已限制到边界
2025-09-26 15:11:18,863 - project.core.recognition.landmark_extractor - WARNING - 关键点 335 原始y坐标超出范围: 1.023，已限制到边界
2025-09-26 15:11:18,863 - project.core.recognition.landmark_extractor - WARNING - 关键点 364 原始y坐标超出范围: 1.009，已限制到边界
2025-09-26 15:11:18,863 - project.core.recognition.landmark_extractor - WARNING - 关键点 365 原始y坐标超出范围: 1.028，已限制到边界
2025-09-26 15:11:18,863 - project.core.recognition.landmark_extractor - WARNING - 关键点 369 原始y坐标超出范围: 1.107，已限制到边界
2025-09-26 15:11:18,863 - project.core.recognition.landmark_extractor - WARNING - 关键点 377 原始y坐标超出范围: 1.143，已限制到边界
2025-09-26 15:11:18,863 - project.core.recognition.landmark_extractor - WARNING - 关键点 378 原始y坐标超出范围: 1.096，已限制到边界
2025-09-26 15:11:18,863 - project.core.recognition.landmark_extractor - WARNING - 关键点 379 原始y坐标超出范围: 1.067，已限制到边界
2025-09-26 15:11:18,863 - project.core.recognition.landmark_extractor - WARNING - 关键点 394 原始y坐标超出范围: 1.044，已限制到边界
2025-09-26 15:11:18,863 - project.core.recognition.landmark_extractor - WARNING - 关键点 395 原始y坐标超出范围: 1.075，已限制到边界
2025-09-26 15:11:18,863 - project.core.recognition.landmark_extractor - WARNING - 关键点 396 原始y坐标超出范围: 1.129，已限制到边界
2025-09-26 15:11:18,863 - project.core.recognition.landmark_extractor - WARNING - 关键点 400 原始y坐标超出范围: 1.123，已限制到边界
2025-09-26 15:11:18,863 - project.core.recognition.landmark_extractor - WARNING - 关键点 402 原始y坐标超出范围: 1.038，已限制到边界
2025-09-26 15:11:18,868 - project.core.recognition.landmark_extractor - WARNING - 关键点 403 原始y坐标超出范围: 1.042，已限制到边界
2025-09-26 15:11:18,868 - project.core.recognition.landmark_extractor - WARNING - 关键点 404 原始y坐标超出范围: 1.047，已限制到边界
2025-09-26 15:11:18,868 - project.core.recognition.landmark_extractor - WARNING - 关键点 405 原始y坐标超出范围: 1.054，已限制到边界
2025-09-26 15:11:18,868 - project.core.recognition.landmark_extractor - WARNING - 关键点 406 原始y坐标超出范围: 1.048，已限制到边界
2025-09-26 15:11:18,868 - project.core.recognition.landmark_extractor - WARNING - 关键点 418 原始y坐标超出范围: 1.063，已限制到边界
2025-09-26 15:11:18,868 - project.core.recognition.landmark_extractor - WARNING - 关键点 421 原始y坐标超出范围: 1.084，已限制到边界
2025-09-26 15:11:18,868 - project.core.recognition.landmark_extractor - WARNING - 关键点 422 原始y坐标超出范围: 1.004，已限制到边界
2025-09-26 15:11:18,868 - project.core.recognition.landmark_extractor - WARNING - 关键点 424 原始y坐标超出范围: 1.035，已限制到边界
2025-09-26 15:11:18,868 - project.core.recognition.landmark_extractor - WARNING - 关键点 428 原始y坐标超出范围: 1.107，已限制到边界
2025-09-26 15:11:18,868 - project.core.recognition.landmark_extractor - WARNING - 关键点 430 原始y坐标超出范围: 1.021，已限制到边界
2025-09-26 15:11:18,868 - project.core.recognition.landmark_extractor - WARNING - 关键点 431 原始y坐标超出范围: 1.054，已限制到边界
2025-09-26 15:11:18,873 - project.core.recognition.detector - INFO - 提取到 478 个关键点
2025-09-26 15:11:18,873 - project.core.recognition.landmark_extractor - INFO - 关键点验证通过
2025-09-26 15:11:18,876 - project.core.recognition.detector - INFO - 关键点验证结果: True
2025-09-26 15:11:18,879 - project.core.recognition.detector - INFO - 人脸检测成功，提取到 478 个关键点
2025-09-26 15:11:18,880 - project.core.recognition.main - INFO - 人脸检测成功
2025-09-26 15:11:18,880 - project.core.recognition.coordinate_converter - WARNING - 关键点 14 转换失败: 无效的深度值：nan，必须大于0.1米
2025-09-26 15:11:18,880 - project.core.recognition.coordinate_converter - WARNING - 关键点 15 转换失败: 无效的深度值：nan，必须大于0.1米
2025-09-26 15:11:18,880 - project.core.recognition.coordinate_converter - WARNING - 关键点 16 转换失败: 无效的深度值：nan，必须大于0.1米
2025-09-26 15:11:18,880 - project.core.recognition.coordinate_converter - WARNING - 关键点 17 转换失败: 无效的深度值：nan，必须大于0.1米
2025-09-26 15:11:18,880 - project.core.recognition.coordinate_converter - WARNING - 关键点 18 转换失败: 无效的深度值：nan，必须大于0.1米
2025-09-26 15:11:18,880 - project.core.recognition.coordinate_converter - WARNING - 关键点 32 转换失败: 无效的深度值：nan，必须大于0.1米
2025-09-26 15:11:18,880 - project.core.recognition.coordinate_converter - WARNING - 关键点 43 转换失败: 无效的深度值：nan，必须大于0.1米
2025-09-26 15:11:18,880 - project.core.recognition.coordinate_converter - WARNING - 关键点 77 转换失败: 无效的深度值：nan，必须大于0.1米
2025-09-26 15:11:18,880 - project.core.recognition.coordinate_converter - WARNING - 关键点 83 转换失败: 无效的深度值：nan，必须大于0.1米
2025-09-26 15:11:18,880 - project.core.recognition.coordinate_converter - WARNING - 关键点 84 转换失败: 无效的深度值：nan，必须大于0.1米
2025-09-26 15:11:18,880 - project.core.recognition.coordinate_converter - WARNING - 关键点 85 转换失败: 无效的深度值：nan，必须大于0.1米
2025-09-26 15:11:18,885 - project.core.recognition.coordinate_converter - WARNING - 关键点 86 转换失败: 无效的深度值：nan，必须大于0.1米
2025-09-26 15:11:18,885 - project.core.recognition.coordinate_converter - WARNING - 关键点 87 转换失败: 无效的深度值：nan，必须大于0.1米
2025-09-26 15:11:18,885 - project.core.recognition.coordinate_converter - WARNING - 关键点 88 转换失败: 无效的深度值：nan，必须大于0.1米
2025-09-26 15:11:18,886 - project.core.recognition.coordinate_converter - WARNING - 关键点 89 转换失败: 无效的深度值：nan，必须大于0.1米
2025-09-26 15:11:18,886 - project.core.recognition.coordinate_converter - WARNING - 关键点 90 转换失败: 无效的深度值：nan，必须大于0.1米
2025-09-26 15:11:18,886 - project.core.recognition.coordinate_converter - WARNING - 关键点 91 转换失败: 无效的深度值：nan，必须大于0.1米
2025-09-26 15:11:18,886 - project.core.recognition.coordinate_converter - WARNING - 关键点 95 转换失败: 无效的深度值：nan，必须大于0.1米
2025-09-26 15:11:18,886 - project.core.recognition.coordinate_converter - WARNING - 关键点 96 转换失败: 无效的深度值：nan，必须大于0.1米
2025-09-26 15:11:18,886 - project.core.recognition.coordinate_converter - WARNING - 关键点 106 转换失败: 无效的深度值：nan，必须大于0.1米
2025-09-26 15:11:18,889 - project.core.recognition.coordinate_converter - WARNING - 关键点 135 转换失败: 无效的深度值：nan，必须大于0.1米
2025-09-26 15:11:18,889 - project.core.recognition.coordinate_converter - WARNING - 关键点 136 转换失败: 无效的深度值：nan，必须大于0.1米
2025-09-26 15:11:18,889 - project.core.recognition.coordinate_converter - WARNING - 关键点 140 转换失败: 无效的深度值：nan，必须大于0.1米
2025-09-26 15:11:18,889 - project.core.recognition.coordinate_converter - WARNING - 关键点 146 转换失败: 无效的深度值：nan，必须大于0.1米
2025-09-26 15:11:18,889 - project.core.recognition.coordinate_converter - WARNING - 关键点 148 转换失败: 无效的深度值：nan，必须大于0.1米
2025-09-26 15:11:18,889 - project.core.recognition.coordinate_converter - WARNING - 关键点 149 转换失败: 无效的深度值：nan，必须大于0.1米
2025-09-26 15:11:18,889 - project.core.recognition.coordinate_converter - WARNING - 关键点 150 转换失败: 无效的深度值：nan，必须大于0.1米
2025-09-26 15:11:18,889 - project.core.recognition.coordinate_converter - WARNING - 关键点 152 转换失败: 无效的深度值：nan，必须大于0.1米
2025-09-26 15:11:18,889 - project.core.recognition.coordinate_converter - WARNING - 关键点 169 转换失败: 无效的深度值：nan，必须大于0.1米
2025-09-26 15:11:18,889 - project.core.recognition.coordinate_converter - WARNING - 关键点 170 转换失败: 无效的深度值：nan，必须大于0.1米
2025-09-26 15:11:18,889 - project.core.recognition.coordinate_converter - WARNING - 关键点 171 转换失败: 无效的深度值：nan，必须大于0.1米
2025-09-26 15:11:18,889 - project.core.recognition.coordinate_converter - WARNING - 关键点 175 转换失败: 无效的深度值：nan，必须大于0.1米
2025-09-26 15:11:18,889 - project.core.recognition.coordinate_converter - WARNING - 关键点 176 转换失败: 无效的深度值：nan，必须大于0.1米
2025-09-26 15:11:18,889 - project.core.recognition.coordinate_converter - WARNING - 关键点 178 转换失败: 无效的深度值：nan，必须大于0.1米
2025-09-26 15:11:18,893 - project.core.recognition.coordinate_converter - WARNING - 关键点 179 转换失败: 无效的深度值：nan，必须大于0.1米
2025-09-26 15:11:18,893 - project.core.recognition.coordinate_converter - WARNING - 关键点 180 转换失败: 无效的深度值：nan，必须大于0.1米
2025-09-26 15:11:18,895 - project.core.recognition.coordinate_converter - WARNING - 关键点 181 转换失败: 无效的深度值：nan，必须大于0.1米
2025-09-26 15:11:18,895 - project.core.recognition.coordinate_converter - WARNING - 关键点 182 转换失败: 无效的深度值：nan，必须大于0.1米
2025-09-26 15:11:18,896 - project.core.recognition.coordinate_converter - WARNING - 关键点 194 转换失败: 无效的深度值：nan，必须大于0.1米
2025-09-26 15:11:18,896 - project.core.recognition.coordinate_converter - WARNING - 关键点 199 转换失败: 无效的深度值：nan，必须大于0.1米
2025-09-26 15:11:18,896 - project.core.recognition.coordinate_converter - WARNING - 关键点 200 转换失败: 无效的深度值：nan，必须大于0.1米
2025-09-26 15:11:18,896 - project.core.recognition.coordinate_converter - WARNING - 关键点 201 转换失败: 无效的深度值：nan，必须大于0.1米
2025-09-26 15:11:18,896 - project.core.recognition.coordinate_converter - WARNING - 关键点 202 转换失败: 无效的深度值：nan，必须大于0.1米
2025-09-26 15:11:18,896 - project.core.recognition.coordinate_converter - WARNING - 关键点 204 转换失败: 无效的深度值：nan，必须大于0.1米
2025-09-26 15:11:18,897 - project.core.recognition.coordinate_converter - WARNING - 关键点 208 转换失败: 无效的深度值：nan，必须大于0.1米
2025-09-26 15:11:18,897 - project.core.recognition.coordinate_converter - WARNING - 关键点 210 转换失败: 无效的深度值：nan，必须大于0.1米
2025-09-26 15:11:18,897 - project.core.recognition.coordinate_converter - WARNING - 关键点 211 转换失败: 无效的深度值：nan，必须大于0.1米
2025-09-26 15:11:18,897 - project.core.recognition.coordinate_converter - WARNING - 关键点 262 转换失败: 无效的深度值：nan，必须大于0.1米
2025-09-26 15:11:18,899 - project.core.recognition.coordinate_converter - WARNING - 关键点 313 转换失败: 无效的深度值：nan，必须大于0.1米
2025-09-26 15:11:18,899 - project.core.recognition.coordinate_converter - WARNING - 关键点 314 转换失败: 无效的深度值：nan，必须大于0.1米
2025-09-26 15:11:18,899 - project.core.recognition.coordinate_converter - WARNING - 关键点 315 转换失败: 无效的深度值：nan，必须大于0.1米
2025-09-26 15:11:18,899 - project.core.recognition.coordinate_converter - WARNING - 关键点 316 转换失败: 无效的深度值：nan，必须大于0.1米
2025-09-26 15:11:18,899 - project.core.recognition.coordinate_converter - WARNING - 关键点 317 转换失败: 无效的深度值：nan，必须大于0.1米
2025-09-26 15:11:18,899 - project.core.recognition.coordinate_converter - WARNING - 关键点 318 转换失败: 无效的深度值：nan，必须大于0.1米
2025-09-26 15:11:18,899 - project.core.recognition.coordinate_converter - WARNING - 关键点 319 转换失败: 无效的深度值：nan，必须大于0.1米
2025-09-26 15:11:18,899 - project.core.recognition.coordinate_converter - WARNING - 关键点 320 转换失败: 无效的深度值：nan，必须大于0.1米
2025-09-26 15:11:18,899 - project.core.recognition.coordinate_converter - WARNING - 关键点 321 转换失败: 无效的深度值：nan，必须大于0.1米
2025-09-26 15:11:18,901 - project.core.recognition.coordinate_converter - WARNING - 关键点 335 转换失败: 无效的深度值：nan，必须大于0.1米
2025-09-26 15:11:18,901 - project.core.recognition.coordinate_converter - WARNING - 关键点 364 转换失败: 无效的深度值：nan，必须大于0.1米
2025-09-26 15:11:18,901 - project.core.recognition.coordinate_converter - WARNING - 关键点 365 转换失败: 无效的深度值：nan，必须大于0.1米
2025-09-26 15:11:18,901 - project.core.recognition.coordinate_converter - WARNING - 关键点 369 转换失败: 无效的深度值：nan，必须大于0.1米
2025-09-26 15:11:18,901 - project.core.recognition.coordinate_converter - WARNING - 关键点 377 转换失败: 无效的深度值：nan，必须大于0.1米
2025-09-26 15:11:18,901 - project.core.recognition.coordinate_converter - WARNING - 关键点 378 转换失败: 无效的深度值：nan，必须大于0.1米
2025-09-26 15:11:18,901 - project.core.recognition.coordinate_converter - WARNING - 关键点 379 转换失败: 无效的深度值：nan，必须大于0.1米
2025-09-26 15:11:18,901 - project.core.recognition.coordinate_converter - WARNING - 关键点 394 转换失败: 无效的深度值：nan，必须大于0.1米
2025-09-26 15:11:18,901 - project.core.recognition.coordinate_converter - WARNING - 关键点 395 转换失败: 无效的深度值：nan，必须大于0.1米
2025-09-26 15:11:18,901 - project.core.recognition.coordinate_converter - WARNING - 关键点 396 转换失败: 无效的深度值：nan，必须大于0.1米
2025-09-26 15:11:18,901 - project.core.recognition.coordinate_converter - WARNING - 关键点 400 转换失败: 无效的深度值：nan，必须大于0.1米
2025-09-26 15:11:18,901 - project.core.recognition.coordinate_converter - WARNING - 关键点 402 转换失败: 无效的深度值：nan，必须大于0.1米
2025-09-26 15:11:18,901 - project.core.recognition.coordinate_converter - WARNING - 关键点 403 转换失败: 无效的深度值：nan，必须大于0.1米
2025-09-26 15:11:18,901 - project.core.recognition.coordinate_converter - WARNING - 关键点 404 转换失败: 无效的深度值：nan，必须大于0.1米
2025-09-26 15:11:18,901 - project.core.recognition.coordinate_converter - WARNING - 关键点 405 转换失败: 无效的深度值：nan，必须大于0.1米
2025-09-26 15:11:18,901 - project.core.recognition.coordinate_converter - WARNING - 关键点 406 转换失败: 无效的深度值：nan，必须大于0.1米
2025-09-26 15:11:18,906 - project.core.recognition.coordinate_converter - WARNING - 关键点 418 转换失败: 无效的深度值：nan，必须大于0.1米
2025-09-26 15:11:18,906 - project.core.recognition.coordinate_converter - WARNING - 关键点 421 转换失败: 无效的深度值：nan，必须大于0.1米
2025-09-26 15:11:18,906 - project.core.recognition.coordinate_converter - WARNING - 关键点 422 转换失败: 无效的深度值：nan，必须大于0.1米
2025-09-26 15:11:18,906 - project.core.recognition.coordinate_converter - WARNING - 关键点 424 转换失败: 无效的深度值：nan，必须大于0.1米
2025-09-26 15:11:18,906 - project.core.recognition.coordinate_converter - WARNING - 关键点 428 转换失败: 无效的深度值：nan，必须大于0.1米
2025-09-26 15:11:18,906 - project.core.recognition.coordinate_converter - WARNING - 关键点 430 转换失败: 无效的深度值：nan，必须大于0.1米
2025-09-26 15:11:18,906 - project.core.recognition.coordinate_converter - WARNING - 关键点 431 转换失败: 无效的深度值：nan，必须大于0.1米
2025-09-26 15:11:18,906 - project.data.data_manager - INFO - RecgFitDataManager初始化 - debug_log: True, key_coordinates: True
2025-09-26 15:11:18,906 - project.data.data_manager - INFO - RecgFitDataManager初始化完成
2025-09-26 15:11:18,906 - __main__ - INFO - 收到识别完成信号，开始拟合...
2025-09-26 15:11:18,906 - __main__ - INFO - 开始拟合frame_id: 25
2025-09-26 15:11:18,906 - __main__ - INFO - 等待识别完成信号...
2025-09-26 15:11:18,910 - root - INFO - 数据质量: {'point_count': 12, 'fitting_point_count': 0, 'constraint_point_count': 12, 'visibility': 0.8735879423092038}
2025-09-26 15:11:18,910 - root - INFO - 选择策略: medium_quality
2025-09-26 15:11:18,911 - root - WARNING - 没有拟合点，无法进行优化
2025-09-26 15:11:18,911 - root - WARNING - 没有拟合点，无法进行优化
2025-09-26 15:11:18,911 - root - WARNING - 没有拟合点，无法进行优化
2025-09-26 15:11:18,911 - root - WARNING - 没有拟合点，无法进行优化
2025-09-26 15:11:18,911 - root - WARNING - 没有拟合点，无法进行优化
2025-09-26 15:11:18,911 - root - WARNING - 没有拟合点，无法进行优化
2025-09-26 15:11:18,911 - root - WARNING - 没有拟合点，无法进行优化
2025-09-26 15:11:18,911 - root - WARNING - 没有拟合点，无法进行优化
2025-09-26 15:11:18,911 - root - WARNING - 没有拟合点，无法进行优化
2025-09-26 15:11:18,911 - root - WARNING - 没有拟合点，无法进行优化
2025-09-26 15:11:18,911 - root - WARNING - 没有拟合点，无法进行优化
2025-09-26 15:11:18,911 - root - WARNING - 没有拟合点，无法进行优化
2025-09-26 15:11:18,911 - root - WARNING - 没有拟合点，无法进行优化
2025-09-26 15:11:18,911 - root - WARNING - 没有拟合点，无法进行优化
2025-09-26 15:11:18,911 - root - WARNING - 没有拟合点，无法进行优化
2025-09-26 15:11:18,911 - root - WARNING - 没有拟合点，无法进行优化
2025-09-26 15:11:18,911 - root - WARNING - 没有拟合点，无法进行优化
2025-09-26 15:11:18,914 - root - WARNING - 没有拟合点，无法进行优化
2025-09-26 15:11:18,914 - root - WARNING - 没有拟合点，无法进行优化
2025-09-26 15:11:18,914 - root - WARNING - 没有拟合点，无法进行优化
2025-09-26 15:11:18,914 - root - INFO - 数据质量: {'point_count': 10, 'fitting_point_count': 0, 'constraint_point_count': 10, 'visibility': 0.9525842232054332}
2025-09-26 15:11:18,914 - root - INFO - 选择策略: high_quality
2025-09-26 15:11:18,914 - root - WARNING - 没有拟合点，无法进行优化
2025-09-26 15:11:18,914 - project.core.fitting.main - INFO - ==============================================
2025-09-26 15:11:18,914 - project.core.fitting.main - INFO - 拟合结果:
2025-09-26 15:11:18,914 - project.core.fitting.main - INFO -   LEFT 眼: 拟合结果：
 球心：[0 0 0]
 半径：12.0
 置信度：0.0
 收敛：False
 迭代次数：0
 最终残差范数：inf
 最终delta范数：inf
 使用策略：ransac
2025-09-26 15:11:18,914 - project.core.fitting.main - INFO -   RIGHT 眼: 拟合结果：
 球心：[0 0 0]
 半径：12.0
 置信度：0.0
 收敛：False
 迭代次数：0
 最终残差范数：inf
 最终delta范数：inf
 使用策略：lm
2025-09-26 15:11:18,914 - project.core.fitting.main - INFO - ==============================================
2025-09-26 15:11:18,914 - project.core.fitting.main - ERROR - 拟合过程中发生异常: list index out of range
2025-09-26 15:11:18,914 - project.core.fitting.main - ERROR - 异常堆栈: Traceback (most recent call last):
  File "C:\Users\86158\Desktop\gaze_venv\gaze-refactor\project\core\fitting\main.py", line 42, in run
    pupil_center = self.data_manager.get_coordinate_point(eye, "pupil")[0]
                   ~~~~~~~~~~~~~~~~~~~~~~~~~~~~~~~~~~~~~~~~~~~~~~~~~~~~^^^
IndexError: list index out of range

2025-09-26 15:11:19,010 - project.data.data_manager - WARNING - 非RGB-D摄像头，使用默认深度图
2025-09-26 15:11:19,073 - project.core.recognition.landmark_extractor - WARNING - 关键点 14 原始y坐标超出范围: 1.056，已限制到边界
2025-09-26 15:11:19,073 - project.core.recognition.landmark_extractor - WARNING - 关键点 15 原始y坐标超出范围: 1.063，已限制到边界
2025-09-26 15:11:19,073 - project.core.recognition.landmark_extractor - WARNING - 关键点 16 原始y坐标超出范围: 1.071，已限制到边界
2025-09-26 15:11:19,073 - project.core.recognition.landmark_extractor - WARNING - 关键点 17 原始y坐标超出范围: 1.080，已限制到边界
2025-09-26 15:11:19,073 - project.core.recognition.landmark_extractor - WARNING - 关键点 18 原始y坐标超出范围: 1.089，已限制到边界
2025-09-26 15:11:19,073 - project.core.recognition.landmark_extractor - WARNING - 关键点 32 原始y坐标超出范围: 1.107，已限制到边界
2025-09-26 15:11:19,077 - project.core.recognition.landmark_extractor - WARNING - 关键点 43 原始y坐标超出范围: 1.026，已限制到边界
2025-09-26 15:11:19,078 - project.core.recognition.landmark_extractor - WARNING - 关键点 57 原始y坐标超出范围: 1.003，已限制到边界
2025-09-26 15:11:19,078 - project.core.recognition.landmark_extractor - WARNING - 关键点 77 原始y坐标超出范围: 1.019，已限制到边界
2025-09-26 15:11:19,078 - project.core.recognition.landmark_extractor - WARNING - 关键点 83 原始y坐标超出范围: 1.086，已限制到边界
2025-09-26 15:11:19,078 - project.core.recognition.landmark_extractor - WARNING - 关键点 84 原始y坐标超出范围: 1.077，已限制到边界
2025-09-26 15:11:19,078 - project.core.recognition.landmark_extractor - WARNING - 关键点 85 原始y坐标超出范围: 1.069，已限制到边界
2025-09-26 15:11:19,078 - project.core.recognition.landmark_extractor - WARNING - 关键点 86 原始y坐标超出范围: 1.061，已限制到边界
2025-09-26 15:11:19,078 - project.core.recognition.landmark_extractor - WARNING - 关键点 87 原始y坐标超出范围: 1.054，已限制到边界
2025-09-26 15:11:19,078 - project.core.recognition.landmark_extractor - WARNING - 关键点 88 原始y坐标超出范围: 1.033，已限制到边界
2025-09-26 15:11:19,081 - project.core.recognition.landmark_extractor - WARNING - 关键点 89 原始y坐标超出范围: 1.035，已限制到边界
2025-09-26 15:11:19,081 - project.core.recognition.landmark_extractor - WARNING - 关键点 90 原始y坐标超出范围: 1.038，已限制到边界
2025-09-26 15:11:19,081 - project.core.recognition.landmark_extractor - WARNING - 关键点 91 原始y坐标超出范围: 1.042，已限制到边界
2025-09-26 15:11:19,081 - project.core.recognition.landmark_extractor - WARNING - 关键点 95 原始y坐标超出范围: 1.019，已限制到边界
2025-09-26 15:11:19,081 - project.core.recognition.landmark_extractor - WARNING - 关键点 96 原始y坐标超出范围: 1.019，已限制到边界
2025-09-26 15:11:19,081 - project.core.recognition.landmark_extractor - WARNING - 关键点 106 原始y坐标超出范围: 1.050，已限制到边界
2025-09-26 15:11:19,081 - project.core.recognition.landmark_extractor - WARNING - 关键点 135 原始y坐标超出范围: 1.038，已限制到边界
2025-09-26 15:11:19,081 - project.core.recognition.landmark_extractor - WARNING - 关键点 136 原始y坐标超出范围: 1.057，已限制到边界
2025-09-26 15:11:19,084 - project.core.recognition.landmark_extractor - WARNING - 关键点 138 原始y坐标超出范围: 1.002，已限制到边界
2025-09-26 15:11:19,084 - project.core.recognition.landmark_extractor - WARNING - 关键点 140 原始y坐标超出范围: 1.131，已限制到边界
2025-09-26 15:11:19,084 - project.core.recognition.landmark_extractor - WARNING - 关键点 146 原始y坐标超出范围: 1.020，已限制到边界
2025-09-26 15:11:19,085 - project.core.recognition.landmark_extractor - WARNING - 关键点 148 原始y坐标超出范围: 1.166，已限制到边界
2025-09-26 15:11:19,085 - project.core.recognition.landmark_extractor - WARNING - 关键点 149 原始y坐标超出范围: 1.123，已限制到边界
2025-09-26 15:11:19,085 - project.core.recognition.landmark_extractor - WARNING - 关键点 150 原始y坐标超出范围: 1.095，已限制到边界
2025-09-26 15:11:19,085 - project.core.recognition.landmark_extractor - WARNING - 关键点 152 原始y坐标超出范围: 1.171，已限制到边界
2025-09-26 15:11:19,085 - project.core.recognition.landmark_extractor - WARNING - 关键点 169 原始y坐标超出范围: 1.072，已限制到边界
2025-09-26 15:11:19,085 - project.core.recognition.landmark_extractor - WARNING - 关键点 170 原始y坐标超出范围: 1.102，已限制到边界
2025-09-26 15:11:19,085 - project.core.recognition.landmark_extractor - WARNING - 关键点 171 原始y坐标超出范围: 1.150，已限制到边界
2025-09-26 15:11:19,085 - project.core.recognition.landmark_extractor - WARNING - 关键点 172 原始y坐标超出范围: 1.013，已限制到边界
2025-09-26 15:11:19,087 - project.core.recognition.landmark_extractor - WARNING - 关键点 175 原始y坐标超出范围: 1.156，已限制到边界
2025-09-26 15:11:19,087 - project.core.recognition.landmark_extractor - WARNING - 关键点 176 原始y坐标超出范围: 1.148，已限制到边界
2025-09-26 15:11:19,087 - project.core.recognition.landmark_extractor - WARNING - 关键点 178 原始y坐标超出范围: 1.046，已限制到边界
2025-09-26 15:11:19,087 - project.core.recognition.landmark_extractor - WARNING - 关键点 179 原始y坐标超出范围: 1.050，已限制到边界
2025-09-26 15:11:19,087 - project.core.recognition.landmark_extractor - WARNING - 关键点 180 原始y坐标超出范围: 1.056，已限制到边界
2025-09-26 15:11:19,087 - project.core.recognition.landmark_extractor - WARNING - 关键点 181 原始y坐标超出范围: 1.064，已限制到边界
2025-09-26 15:11:19,087 - project.core.recognition.landmark_extractor - WARNING - 关键点 182 原始y坐标超出范围: 1.072，已限制到边界
2025-09-26 15:11:19,087 - project.core.recognition.landmark_extractor - WARNING - 关键点 194 原始y坐标超出范围: 1.086，已限制到边界
2025-09-26 15:11:19,087 - project.core.recognition.landmark_extractor - WARNING - 关键点 199 原始y坐标超出范围: 1.134，已限制到边界
2025-09-26 15:11:19,089 - project.core.recognition.landmark_extractor - WARNING - 关键点 200 原始y坐标超出范围: 1.109，已限制到边界
2025-09-26 15:11:19,089 - project.core.recognition.landmark_extractor - WARNING - 关键点 201 原始y坐标超出范围: 1.104，已限制到边界
2025-09-26 15:11:19,090 - project.core.recognition.landmark_extractor - WARNING - 关键点 202 原始y坐标超出范围: 1.033，已限制到边界
2025-09-26 15:11:19,092 - project.core.recognition.landmark_extractor - WARNING - 关键点 204 原始y坐标超出范围: 1.061，已限制到边界
2025-09-26 15:11:19,092 - project.core.recognition.landmark_extractor - WARNING - 关键点 208 原始y坐标超出范围: 1.128，已限制到边界
2025-09-26 15:11:19,092 - project.core.recognition.landmark_extractor - WARNING - 关键点 210 原始y坐标超出范围: 1.050，已限制到边界
2025-09-26 15:11:19,092 - project.core.recognition.landmark_extractor - WARNING - 关键点 211 原始y坐标超出范围: 1.080，已限制到边界
2025-09-26 15:11:19,092 - project.core.recognition.landmark_extractor - WARNING - 关键点 212 原始y坐标超出范围: 1.005，已限制到边界
2025-09-26 15:11:19,092 - project.core.recognition.landmark_extractor - WARNING - 关键点 214 原始y坐标超出范围: 1.007，已限制到边界
2025-09-26 15:11:19,094 - project.core.recognition.landmark_extractor - WARNING - 关键点 262 原始y坐标超出范围: 1.099，已限制到边界
2025-09-26 15:11:19,094 - project.core.recognition.landmark_extractor - WARNING - 关键点 273 原始y坐标超出范围: 1.014，已限制到边界
2025-09-26 15:11:19,094 - project.core.recognition.landmark_extractor - WARNING - 关键点 307 原始y坐标超出范围: 1.002，已限制到边界
2025-09-26 15:11:19,094 - project.core.recognition.landmark_extractor - WARNING - 关键点 313 原始y坐标超出范围: 1.082，已限制到边界
2025-09-26 15:11:19,094 - project.core.recognition.landmark_extractor - WARNING - 关键点 314 原始y坐标超出范围: 1.071，已限制到边界
2025-09-26 15:11:19,094 - project.core.recognition.landmark_extractor - WARNING - 关键点 315 原始y坐标超出范围: 1.063，已限制到边界
2025-09-26 15:11:19,094 - project.core.recognition.landmark_extractor - WARNING - 关键点 316 原始y坐标超出范围: 1.055，已限制到边界
2025-09-26 15:11:19,094 - project.core.recognition.landmark_extractor - WARNING - 关键点 317 原始y坐标超出范围: 1.049，已限制到边界
2025-09-26 15:11:19,094 - project.core.recognition.landmark_extractor - WARNING - 关键点 318 原始y坐标超出范围: 1.020，已限制到边界
2025-09-26 15:11:19,094 - project.core.recognition.landmark_extractor - WARNING - 关键点 319 原始y坐标超出范围: 1.021，已限制到边界
2025-09-26 15:11:19,094 - project.core.recognition.landmark_extractor - WARNING - 关键点 320 原始y坐标超出范围: 1.024，已限制到边界
2025-09-26 15:11:19,094 - project.core.recognition.landmark_extractor - WARNING - 关键点 321 原始y坐标超出范围: 1.027，已限制到边界
2025-09-26 15:11:19,098 - project.core.recognition.landmark_extractor - WARNING - 关键点 324 原始y坐标超出范围: 1.004，已限制到边界
2025-09-26 15:11:19,098 - project.core.recognition.landmark_extractor - WARNING - 关键点 325 原始y坐标超出范围: 1.003，已限制到边界
2025-09-26 15:11:19,098 - project.core.recognition.landmark_extractor - WARNING - 关键点 335 原始y坐标超出范围: 1.040，已限制到边界
2025-09-26 15:11:19,098 - project.core.recognition.landmark_extractor - WARNING - 关键点 364 原始y坐标超出范围: 1.020，已限制到边界
2025-09-26 15:11:19,098 - project.core.recognition.landmark_extractor - WARNING - 关键点 365 原始y坐标超出范围: 1.038，已限制到边界
2025-09-26 15:11:19,098 - project.core.recognition.landmark_extractor - WARNING - 关键点 369 原始y坐标超出范围: 1.122，已限制到边界
2025-09-26 15:11:19,098 - project.core.recognition.landmark_extractor - WARNING - 关键点 375 原始y坐标超出范围: 1.002，已限制到边界
2025-09-26 15:11:19,098 - project.core.recognition.landmark_extractor - WARNING - 关键点 377 原始y坐标超出范围: 1.161，已限制到边界
2025-09-26 15:11:19,098 - project.core.recognition.landmark_extractor - WARNING - 关键点 378 原始y坐标超出范围: 1.111，已限制到边界
2025-09-26 15:11:19,098 - project.core.recognition.landmark_extractor - WARNING - 关键点 379 原始y坐标超出范围: 1.080，已限制到边界
2025-09-26 15:11:19,098 - project.core.recognition.landmark_extractor - WARNING - 关键点 394 原始y坐标超出范围: 1.057，已限制到边界
2025-09-26 15:11:19,098 - project.core.recognition.landmark_extractor - WARNING - 关键点 395 原始y坐标超出范围: 1.090，已限制到边界
2025-09-26 15:11:19,098 - project.core.recognition.landmark_extractor - WARNING - 关键点 396 原始y坐标超出范围: 1.146，已限制到边界
2025-09-26 15:11:19,098 - project.core.recognition.landmark_extractor - WARNING - 关键点 400 原始y坐标超出范围: 1.140，已限制到边界
2025-09-26 15:11:19,098 - project.core.recognition.landmark_extractor - WARNING - 关键点 402 原始y坐标超出范围: 1.037，已限制到边界
2025-09-26 15:11:19,098 - project.core.recognition.landmark_extractor - WARNING - 关键点 403 原始y坐标超出范围: 1.040，已限制到边界
2025-09-26 15:11:19,102 - project.core.recognition.landmark_extractor - WARNING - 关键点 404 原始y坐标超出范围: 1.046，已限制到边界
2025-09-26 15:11:19,102 - project.core.recognition.landmark_extractor - WARNING - 关键点 405 原始y坐标超出范围: 1.053，已限制到边界
2025-09-26 15:11:19,103 - project.core.recognition.landmark_extractor - WARNING - 关键点 406 原始y坐标超出范围: 1.065，已限制到边界
2025-09-26 15:11:19,103 - project.core.recognition.landmark_extractor - WARNING - 关键点 418 原始y坐标超出范围: 1.079，已限制到边界
2025-09-26 15:11:19,103 - project.core.recognition.landmark_extractor - WARNING - 关键点 421 原始y坐标超出范围: 1.101，已限制到边界
2025-09-26 15:11:19,103 - project.core.recognition.landmark_extractor - WARNING - 关键点 422 原始y坐标超出范围: 1.020，已限制到边界
2025-09-26 15:11:19,103 - project.core.recognition.landmark_extractor - WARNING - 关键点 424 原始y坐标超出范围: 1.051，已限制到边界
2025-09-26 15:11:19,103 - project.core.recognition.landmark_extractor - WARNING - 关键点 428 原始y坐标超出范围: 1.124，已限制到边界
2025-09-26 15:11:19,103 - project.core.recognition.landmark_extractor - WARNING - 关键点 430 原始y坐标超出范围: 1.035，已限制到边界
2025-09-26 15:11:19,103 - project.core.recognition.landmark_extractor - WARNING - 关键点 431 原始y坐标超出范围: 1.069，已限制到边界
2025-09-26 15:11:19,106 - project.core.recognition.detector - INFO - 提取到 478 个关键点
2025-09-26 15:11:19,106 - project.core.recognition.landmark_extractor - INFO - 关键点验证通过
2025-09-26 15:11:19,106 - project.core.recognition.detector - INFO - 关键点验证结果: True
2025-09-26 15:11:19,110 - project.core.recognition.detector - INFO - 人脸检测成功，提取到 478 个关键点
2025-09-26 15:11:19,110 - project.core.recognition.main - INFO - 人脸检测成功
2025-09-26 15:11:19,110 - project.core.recognition.coordinate_converter - WARNING - 关键点 14 转换失败: 无效的深度值：nan，必须大于0.1米
2025-09-26 15:11:19,110 - project.core.recognition.coordinate_converter - WARNING - 关键点 15 转换失败: 无效的深度值：nan，必须大于0.1米
2025-09-26 15:11:19,110 - project.core.recognition.coordinate_converter - WARNING - 关键点 16 转换失败: 无效的深度值：nan，必须大于0.1米
2025-09-26 15:11:19,110 - project.core.recognition.coordinate_converter - WARNING - 关键点 17 转换失败: 无效的深度值：nan，必须大于0.1米
2025-09-26 15:11:19,110 - project.core.recognition.coordinate_converter - WARNING - 关键点 18 转换失败: 无效的深度值：nan，必须大于0.1米
2025-09-26 15:11:19,110 - project.core.recognition.coordinate_converter - WARNING - 关键点 32 转换失败: 无效的深度值：nan，必须大于0.1米
2025-09-26 15:11:19,110 - project.core.recognition.coordinate_converter - WARNING - 关键点 43 转换失败: 无效的深度值：nan，必须大于0.1米
2025-09-26 15:11:19,114 - project.core.recognition.coordinate_converter - WARNING - 关键点 57 转换失败: 无效的深度值：nan，必须大于0.1米
2025-09-26 15:11:19,114 - project.core.recognition.coordinate_converter - WARNING - 关键点 62 转换失败: 无效的深度值：nan，必须大于0.1米
2025-09-26 15:11:19,114 - project.core.recognition.coordinate_converter - WARNING - 关键点 77 转换失败: 无效的深度值：nan，必须大于0.1米
2025-09-26 15:11:19,114 - project.core.recognition.coordinate_converter - WARNING - 关键点 78 转换失败: 无效的深度值：nan，必须大于0.1米
2025-09-26 15:11:19,114 - project.core.recognition.coordinate_converter - WARNING - 关键点 83 转换失败: 无效的深度值：nan，必须大于0.1米
2025-09-26 15:11:19,114 - project.core.recognition.coordinate_converter - WARNING - 关键点 84 转换失败: 无效的深度值：nan，必须大于0.1米
2025-09-26 15:11:19,114 - project.core.recognition.coordinate_converter - WARNING - 关键点 85 转换失败: 无效的深度值：nan，必须大于0.1米
2025-09-26 15:11:19,114 - project.core.recognition.coordinate_converter - WARNING - 关键点 86 转换失败: 无效的深度值：nan，必须大于0.1米
2025-09-26 15:11:19,114 - project.core.recognition.coordinate_converter - WARNING - 关键点 87 转换失败: 无效的深度值：nan，必须大于0.1米
2025-09-26 15:11:19,114 - project.core.recognition.coordinate_converter - WARNING - 关键点 88 转换失败: 无效的深度值：nan，必须大于0.1米
2025-09-26 15:11:19,114 - project.core.recognition.coordinate_converter - WARNING - 关键点 89 转换失败: 无效的深度值：nan，必须大于0.1米
2025-09-26 15:11:19,114 - project.core.recognition.coordinate_converter - WARNING - 关键点 90 转换失败: 无效的深度值：nan，必须大于0.1米
2025-09-26 15:11:19,114 - project.core.recognition.coordinate_converter - WARNING - 关键点 91 转换失败: 无效的深度值：nan，必须大于0.1米
2025-09-26 15:11:19,114 - project.core.recognition.coordinate_converter - WARNING - 关键点 95 转换失败: 无效的深度值：nan，必须大于0.1米
2025-09-26 15:11:19,114 - project.core.recognition.coordinate_converter - WARNING - 关键点 96 转换失败: 无效的深度值：nan，必须大于0.1米
2025-09-26 15:11:19,114 - project.core.recognition.coordinate_converter - WARNING - 关键点 106 转换失败: 无效的深度值：nan，必须大于0.1米
2025-09-26 15:11:19,114 - project.core.recognition.coordinate_converter - WARNING - 关键点 135 转换失败: 无效的深度值：nan，必须大于0.1米
2025-09-26 15:11:19,114 - project.core.recognition.coordinate_converter - WARNING - 关键点 136 转换失败: 无效的深度值：nan，必须大于0.1米
2025-09-26 15:11:19,114 - project.core.recognition.coordinate_converter - WARNING - 关键点 138 转换失败: 无效的深度值：nan，必须大于0.1米
2025-09-26 15:11:19,114 - project.core.recognition.coordinate_converter - WARNING - 关键点 140 转换失败: 无效的深度值：nan，必须大于0.1米
2025-09-26 15:11:19,118 - project.core.recognition.coordinate_converter - WARNING - 关键点 146 转换失败: 无效的深度值：nan，必须大于0.1米
2025-09-26 15:11:19,120 - project.core.recognition.coordinate_converter - WARNING - 关键点 148 转换失败: 无效的深度值：nan，必须大于0.1米
2025-09-26 15:11:19,120 - project.core.recognition.coordinate_converter - WARNING - 关键点 149 转换失败: 无效的深度值：nan，必须大于0.1米
2025-09-26 15:11:19,120 - project.core.recognition.coordinate_converter - WARNING - 关键点 150 转换失败: 无效的深度值：nan，必须大于0.1米
2025-09-26 15:11:19,120 - project.core.recognition.coordinate_converter - WARNING - 关键点 152 转换失败: 无效的深度值：nan，必须大于0.1米
2025-09-26 15:11:19,120 - project.core.recognition.coordinate_converter - WARNING - 关键点 169 转换失败: 无效的深度值：nan，必须大于0.1米
2025-09-26 15:11:19,120 - project.core.recognition.coordinate_converter - WARNING - 关键点 170 转换失败: 无效的深度值：nan，必须大于0.1米
2025-09-26 15:11:19,120 - project.core.recognition.coordinate_converter - WARNING - 关键点 171 转换失败: 无效的深度值：nan，必须大于0.1米
2025-09-26 15:11:19,120 - project.core.recognition.coordinate_converter - WARNING - 关键点 172 转换失败: 无效的深度值：nan，必须大于0.1米
2025-09-26 15:11:19,120 - project.core.recognition.coordinate_converter - WARNING - 关键点 175 转换失败: 无效的深度值：nan，必须大于0.1米
2025-09-26 15:11:19,120 - project.core.recognition.coordinate_converter - WARNING - 关键点 176 转换失败: 无效的深度值：nan，必须大于0.1米
2025-09-26 15:11:19,122 - project.core.recognition.coordinate_converter - WARNING - 关键点 178 转换失败: 无效的深度值：nan，必须大于0.1米
2025-09-26 15:11:19,122 - project.core.recognition.coordinate_converter - WARNING - 关键点 179 转换失败: 无效的深度值：nan，必须大于0.1米
2025-09-26 15:11:19,122 - project.core.recognition.coordinate_converter - WARNING - 关键点 180 转换失败: 无效的深度值：nan，必须大于0.1米
2025-09-26 15:11:19,122 - project.core.recognition.coordinate_converter - WARNING - 关键点 181 转换失败: 无效的深度值：nan，必须大于0.1米
2025-09-26 15:11:19,122 - project.core.recognition.coordinate_converter - WARNING - 关键点 182 转换失败: 无效的深度值：nan，必须大于0.1米
2025-09-26 15:11:19,122 - project.core.recognition.coordinate_converter - WARNING - 关键点 194 转换失败: 无效的深度值：nan，必须大于0.1米
2025-09-26 15:11:19,122 - project.core.recognition.coordinate_converter - WARNING - 关键点 199 转换失败: 无效的深度值：nan，必须大于0.1米
2025-09-26 15:11:19,122 - project.core.recognition.coordinate_converter - WARNING - 关键点 200 转换失败: 无效的深度值：nan，必须大于0.1米
2025-09-26 15:11:19,122 - project.core.recognition.coordinate_converter - WARNING - 关键点 201 转换失败: 无效的深度值：nan，必须大于0.1米
2025-09-26 15:11:19,122 - project.core.recognition.coordinate_converter - WARNING - 关键点 202 转换失败: 无效的深度值：nan，必须大于0.1米
2025-09-26 15:11:19,122 - project.core.recognition.coordinate_converter - WARNING - 关键点 204 转换失败: 无效的深度值：nan，必须大于0.1米
2025-09-26 15:11:19,122 - project.core.recognition.coordinate_converter - WARNING - 关键点 208 转换失败: 无效的深度值：nan，必须大于0.1米
2025-09-26 15:11:19,122 - project.core.recognition.coordinate_converter - WARNING - 关键点 210 转换失败: 无效的深度值：nan，必须大于0.1米
2025-09-26 15:11:19,122 - project.core.recognition.coordinate_converter - WARNING - 关键点 211 转换失败: 无效的深度值：nan，必须大于0.1米
2025-09-26 15:11:19,122 - project.core.recognition.coordinate_converter - WARNING - 关键点 212 转换失败: 无效的深度值：nan，必须大于0.1米
2025-09-26 15:11:19,122 - project.core.recognition.coordinate_converter - WARNING - 关键点 214 转换失败: 无效的深度值：nan，必须大于0.1米
2025-09-26 15:11:19,122 - project.core.recognition.coordinate_converter - WARNING - 关键点 262 转换失败: 无效的深度值：nan，必须大于0.1米
2025-09-26 15:11:19,122 - project.core.recognition.coordinate_converter - WARNING - 关键点 273 转换失败: 无效的深度值：nan，必须大于0.1米
2025-09-26 15:11:19,126 - project.core.recognition.coordinate_converter - WARNING - 关键点 307 转换失败: 无效的深度值：nan，必须大于0.1米
2025-09-26 15:11:19,126 - project.core.recognition.coordinate_converter - WARNING - 关键点 313 转换失败: 无效的深度值：nan，必须大于0.1米
2025-09-26 15:11:19,126 - project.core.recognition.coordinate_converter - WARNING - 关键点 314 转换失败: 无效的深度值：nan，必须大于0.1米
2025-09-26 15:11:19,126 - project.core.recognition.coordinate_converter - WARNING - 关键点 315 转换失败: 无效的深度值：nan，必须大于0.1米
2025-09-26 15:11:19,126 - project.core.recognition.coordinate_converter - WARNING - 关键点 316 转换失败: 无效的深度值：nan，必须大于0.1米
2025-09-26 15:11:19,126 - project.core.recognition.coordinate_converter - WARNING - 关键点 317 转换失败: 无效的深度值：nan，必须大于0.1米
2025-09-26 15:11:19,126 - project.core.recognition.coordinate_converter - WARNING - 关键点 318 转换失败: 无效的深度值：nan，必须大于0.1米
2025-09-26 15:11:19,126 - project.core.recognition.coordinate_converter - WARNING - 关键点 319 转换失败: 无效的深度值：nan，必须大于0.1米
2025-09-26 15:11:19,126 - project.core.recognition.coordinate_converter - WARNING - 关键点 320 转换失败: 无效的深度值：nan，必须大于0.1米
2025-09-26 15:11:19,126 - project.core.recognition.coordinate_converter - WARNING - 关键点 321 转换失败: 无效的深度值：nan，必须大于0.1米
2025-09-26 15:11:19,126 - project.core.recognition.coordinate_converter - WARNING - 关键点 324 转换失败: 无效的深度值：nan，必须大于0.1米
2025-09-26 15:11:19,126 - project.core.recognition.coordinate_converter - WARNING - 关键点 325 转换失败: 无效的深度值：nan，必须大于0.1米
2025-09-26 15:11:19,126 - project.core.recognition.coordinate_converter - WARNING - 关键点 335 转换失败: 无效的深度值：nan，必须大于0.1米
2025-09-26 15:11:19,126 - project.core.recognition.coordinate_converter - WARNING - 关键点 364 转换失败: 无效的深度值：nan，必须大于0.1米
2025-09-26 15:11:19,126 - project.core.recognition.coordinate_converter - WARNING - 关键点 365 转换失败: 无效的深度值：nan，必须大于0.1米
2025-09-26 15:11:19,126 - project.core.recognition.coordinate_converter - WARNING - 关键点 369 转换失败: 无效的深度值：nan，必须大于0.1米
2025-09-26 15:11:19,126 - project.core.recognition.coordinate_converter - WARNING - 关键点 375 转换失败: 无效的深度值：nan，必须大于0.1米
2025-09-26 15:11:19,126 - project.core.recognition.coordinate_converter - WARNING - 关键点 377 转换失败: 无效的深度值：nan，必须大于0.1米
2025-09-26 15:11:19,131 - project.core.recognition.coordinate_converter - WARNING - 关键点 378 转换失败: 无效的深度值：nan，必须大于0.1米
2025-09-26 15:11:19,131 - project.core.recognition.coordinate_converter - WARNING - 关键点 379 转换失败: 无效的深度值：nan，必须大于0.1米
2025-09-26 15:11:19,131 - project.core.recognition.coordinate_converter - WARNING - 关键点 394 转换失败: 无效的深度值：nan，必须大于0.1米
2025-09-26 15:11:19,131 - project.core.recognition.coordinate_converter - WARNING - 关键点 395 转换失败: 无效的深度值：nan，必须大于0.1米
2025-09-26 15:11:19,131 - project.core.recognition.coordinate_converter - WARNING - 关键点 396 转换失败: 无效的深度值：nan，必须大于0.1米
2025-09-26 15:11:19,131 - project.core.recognition.coordinate_converter - WARNING - 关键点 400 转换失败: 无效的深度值：nan，必须大于0.1米
2025-09-26 15:11:19,131 - project.core.recognition.coordinate_converter - WARNING - 关键点 402 转换失败: 无效的深度值：nan，必须大于0.1米
2025-09-26 15:11:19,131 - project.core.recognition.coordinate_converter - WARNING - 关键点 403 转换失败: 无效的深度值：nan，必须大于0.1米
2025-09-26 15:11:19,131 - project.core.recognition.coordinate_converter - WARNING - 关键点 404 转换失败: 无效的深度值：nan，必须大于0.1米
2025-09-26 15:11:19,131 - project.core.recognition.coordinate_converter - WARNING - 关键点 405 转换失败: 无效的深度值：nan，必须大于0.1米
2025-09-26 15:11:19,131 - project.core.recognition.coordinate_converter - WARNING - 关键点 406 转换失败: 无效的深度值：nan，必须大于0.1米
2025-09-26 15:11:19,131 - project.core.recognition.coordinate_converter - WARNING - 关键点 418 转换失败: 无效的深度值：nan，必须大于0.1米
2025-09-26 15:11:19,131 - project.core.recognition.coordinate_converter - WARNING - 关键点 421 转换失败: 无效的深度值：nan，必须大于0.1米
2025-09-26 15:11:19,131 - project.core.recognition.coordinate_converter - WARNING - 关键点 422 转换失败: 无效的深度值：nan，必须大于0.1米
2025-09-26 15:11:19,131 - project.core.recognition.coordinate_converter - WARNING - 关键点 424 转换失败: 无效的深度值：nan，必须大于0.1米
2025-09-26 15:11:19,131 - project.core.recognition.coordinate_converter - WARNING - 关键点 428 转换失败: 无效的深度值：nan，必须大于0.1米
2025-09-26 15:11:19,131 - project.core.recognition.coordinate_converter - WARNING - 关键点 430 转换失败: 无效的深度值：nan，必须大于0.1米
2025-09-26 15:11:19,131 - project.core.recognition.coordinate_converter - WARNING - 关键点 431 转换失败: 无效的深度值：nan，必须大于0.1米
2025-09-26 15:11:19,131 - project.data.data_manager - INFO - RecgFitDataManager初始化 - debug_log: True, key_coordinates: True
2025-09-26 15:11:19,131 - project.data.data_manager - INFO - RecgFitDataManager初始化完成
2025-09-26 15:11:19,135 - __main__ - INFO - 收到识别完成信号，开始拟合...
2025-09-26 15:11:19,135 - __main__ - INFO - 开始拟合frame_id: 26
2025-09-26 15:11:19,135 - __main__ - INFO - 等待识别完成信号...
2025-09-26 15:11:19,136 - root - INFO - 数据质量: {'point_count': 12, 'fitting_point_count': 0, 'constraint_point_count': 12, 'visibility': 0.8603974115021037}
2025-09-26 15:11:19,136 - root - INFO - 选择策略: medium_quality
2025-09-26 15:11:19,136 - root - WARNING - 没有拟合点，无法进行优化
2025-09-26 15:11:19,136 - root - WARNING - 没有拟合点，无法进行优化
2025-09-26 15:11:19,136 - root - WARNING - 没有拟合点，无法进行优化
2025-09-26 15:11:19,136 - root - WARNING - 没有拟合点，无法进行优化
2025-09-26 15:11:19,136 - root - WARNING - 没有拟合点，无法进行优化
2025-09-26 15:11:19,136 - root - WARNING - 没有拟合点，无法进行优化
2025-09-26 15:11:19,136 - root - WARNING - 没有拟合点，无法进行优化
2025-09-26 15:11:19,136 - root - WARNING - 没有拟合点，无法进行优化
2025-09-26 15:11:19,136 - root - WARNING - 没有拟合点，无法进行优化
2025-09-26 15:11:19,139 - root - WARNING - 没有拟合点，无法进行优化
2025-09-26 15:11:19,139 - root - WARNING - 没有拟合点，无法进行优化
2025-09-26 15:11:19,139 - root - WARNING - 没有拟合点，无法进行优化
2025-09-26 15:11:19,139 - root - WARNING - 没有拟合点，无法进行优化
2025-09-26 15:11:19,139 - root - WARNING - 没有拟合点，无法进行优化
2025-09-26 15:11:19,139 - root - WARNING - 没有拟合点，无法进行优化
2025-09-26 15:11:19,139 - root - WARNING - 没有拟合点，无法进行优化
2025-09-26 15:11:19,139 - root - WARNING - 没有拟合点，无法进行优化
2025-09-26 15:11:19,139 - root - WARNING - 没有拟合点，无法进行优化
2025-09-26 15:11:19,139 - root - WARNING - 没有拟合点，无法进行优化
2025-09-26 15:11:19,139 - root - WARNING - 没有拟合点，无法进行优化
2025-09-26 15:11:19,139 - root - INFO - 数据质量: {'point_count': 7, 'fitting_point_count': 0, 'constraint_point_count': 7, 'visibility': 0.9827340865447854}
2025-09-26 15:11:19,139 - root - INFO - 选择策略: high_quality
2025-09-26 15:11:19,139 - root - WARNING - 没有拟合点，无法进行优化
2025-09-26 15:11:19,139 - project.core.fitting.main - INFO - ==============================================
2025-09-26 15:11:19,139 - project.core.fitting.main - INFO - 拟合结果:
2025-09-26 15:11:19,139 - project.core.fitting.main - INFO -   LEFT 眼: 拟合结果：
 球心：[0 0 0]
 半径：12.0
 置信度：0.0
 收敛：False
 迭代次数：0
 最终残差范数：inf
 最终delta范数：inf
 使用策略：ransac
2025-09-26 15:11:19,143 - project.core.fitting.main - INFO -   RIGHT 眼: 拟合结果：
 球心：[0 0 0]
 半径：12.0
 置信度：0.0
 收敛：False
 迭代次数：0
 最终残差范数：inf
 最终delta范数：inf
 使用策略：lm
2025-09-26 15:11:19,143 - project.core.fitting.main - INFO - ==============================================
2025-09-26 15:11:19,143 - project.core.fitting.main - ERROR - 拟合过程中发生异常: list index out of range
2025-09-26 15:11:19,143 - project.core.fitting.main - ERROR - 异常堆栈: Traceback (most recent call last):
  File "C:\Users\86158\Desktop\gaze_venv\gaze-refactor\project\core\fitting\main.py", line 42, in run
    pupil_center = self.data_manager.get_coordinate_point(eye, "pupil")[0]
                   ~~~~~~~~~~~~~~~~~~~~~~~~~~~~~~~~~~~~~~~~~~~~~~~~~~~~^^^
IndexError: list index out of range

2025-09-26 15:11:19,242 - project.data.data_manager - WARNING - 非RGB-D摄像头，使用默认深度图
2025-09-26 15:11:19,306 - project.core.recognition.landmark_extractor - WARNING - 关键点 0 原始y坐标超出范围: 1.032，已限制到边界
2025-09-26 15:11:19,306 - project.core.recognition.landmark_extractor - WARNING - 关键点 11 原始y坐标超出范围: 1.039，已限制到边界
2025-09-26 15:11:19,306 - project.core.recognition.landmark_extractor - WARNING - 关键点 12 原始y坐标超出范围: 1.046，已限制到边界
2025-09-26 15:11:19,310 - project.core.recognition.landmark_extractor - WARNING - 关键点 13 原始y坐标超出范围: 1.051，已限制到边界
2025-09-26 15:11:19,310 - project.core.recognition.landmark_extractor - WARNING - 关键点 14 原始y坐标超出范围: 1.053，已限制到边界
2025-09-26 15:11:19,310 - project.core.recognition.landmark_extractor - WARNING - 关键点 15 原始y坐标超出范围: 1.061，已限制到边界
2025-09-26 15:11:19,310 - project.core.recognition.landmark_extractor - WARNING - 关键点 16 原始y坐标超出范围: 1.071，已限制到边界
2025-09-26 15:11:19,310 - project.core.recognition.landmark_extractor - WARNING - 关键点 17 原始y坐标超出范围: 1.082，已限制到边界
2025-09-26 15:11:19,310 - project.core.recognition.landmark_extractor - WARNING - 关键点 18 原始y坐标超出范围: 1.103，已限制到边界
2025-09-26 15:11:19,310 - project.core.recognition.landmark_extractor - WARNING - 关键点 19 原始y坐标超出范围: 1.000，已限制到边界
2025-09-26 15:11:19,310 - project.core.recognition.landmark_extractor - WARNING - 关键点 32 原始y坐标超出范围: 1.127，已限制到边界
2025-09-26 15:11:19,310 - project.core.recognition.landmark_extractor - WARNING - 关键点 37 原始y坐标超出范围: 1.031，已限制到边界
2025-09-26 15:11:19,310 - project.core.recognition.landmark_extractor - WARNING - 关键点 38 原始y坐标超出范围: 1.048，已限制到边界
2025-09-26 15:11:19,310 - project.core.recognition.landmark_extractor - WARNING - 关键点 39 原始y坐标超出范围: 1.039，已限制到边界
2025-09-26 15:11:19,310 - project.core.recognition.landmark_extractor - WARNING - 关键点 40 原始y坐标超出范围: 1.046，已限制到边界
2025-09-26 15:11:19,310 - project.core.recognition.landmark_extractor - WARNING - 关键点 41 原始y坐标超出范围: 1.050，已限制到边界
2025-09-26 15:11:19,310 - project.core.recognition.landmark_extractor - WARNING - 关键点 42 原始y坐标超出范围: 1.052，已限制到边界
2025-09-26 15:11:19,310 - project.core.recognition.landmark_extractor - WARNING - 关键点 43 原始y坐标超出范围: 1.053，已限制到边界
2025-09-26 15:11:19,310 - project.core.recognition.landmark_extractor - WARNING - 关键点 57 原始y坐标超出范围: 1.035，已限制到边界
2025-09-26 15:11:19,310 - project.core.recognition.landmark_extractor - WARNING - 关键点 61 原始y坐标超出范围: 1.056，已限制到边界
2025-09-26 15:11:19,310 - project.core.recognition.landmark_extractor - WARNING - 关键点 62 原始y坐标超出范围: 1.056，已限制到边界
2025-09-26 15:11:19,310 - project.core.recognition.landmark_extractor - WARNING - 关键点 72 原始y坐标超出范围: 1.041，已限制到边界
2025-09-26 15:11:19,310 - project.core.recognition.landmark_extractor - WARNING - 关键点 73 原始y坐标超出范围: 1.045，已限制到边界
2025-09-26 15:11:19,315 - project.core.recognition.landmark_extractor - WARNING - 关键点 74 原始y坐标超出范围: 1.049，已限制到边界
2025-09-26 15:11:19,315 - project.core.recognition.landmark_extractor - WARNING - 关键点 76 原始y坐标超出范围: 1.056，已限制到边界
2025-09-26 15:11:19,315 - project.core.recognition.landmark_extractor - WARNING - 关键点 77 原始y坐标超出范围: 1.060，已限制到边界
2025-09-26 15:11:19,315 - project.core.recognition.landmark_extractor - WARNING - 关键点 78 原始y坐标超出范围: 1.056，已限制到边界
2025-09-26 15:11:19,315 - project.core.recognition.landmark_extractor - WARNING - 关键点 80 原始y坐标超出范围: 1.054，已限制到边界
2025-09-26 15:11:19,315 - project.core.recognition.landmark_extractor - WARNING - 关键点 81 原始y坐标超出范围: 1.054，已限制到边界
2025-09-26 15:11:19,315 - project.core.recognition.landmark_extractor - WARNING - 关键点 82 原始y坐标超出范围: 1.053，已限制到边界
2025-09-26 15:11:19,315 - project.core.recognition.landmark_extractor - WARNING - 关键点 83 原始y坐标超出范围: 1.101，已限制到边界
2025-09-26 15:11:19,315 - project.core.recognition.landmark_extractor - WARNING - 关键点 84 原始y坐标超出范围: 1.082，已限制到边界
2025-09-26 15:11:19,315 - project.core.recognition.landmark_extractor - WARNING - 关键点 85 原始y坐标超出范围: 1.072，已限制到边界
2025-09-26 15:11:19,315 - project.core.recognition.landmark_extractor - WARNING - 关键点 86 原始y坐标超出范围: 1.062，已限制到边界
2025-09-26 15:11:19,315 - project.core.recognition.landmark_extractor - WARNING - 关键点 87 原始y坐标超出范围: 1.055，已限制到边界
2025-09-26 15:11:19,315 - project.core.recognition.landmark_extractor - WARNING - 关键点 88 原始y坐标超出范围: 1.055，已限制到边界
2025-09-26 15:11:19,319 - project.core.recognition.landmark_extractor - WARNING - 关键点 89 原始y坐标超出范围: 1.059，已限制到边界
2025-09-26 15:11:19,319 - project.core.recognition.landmark_extractor - WARNING - 关键点 90 原始y坐标超出范围: 1.064，已限制到边界
2025-09-26 15:11:19,319 - project.core.recognition.landmark_extractor - WARNING - 关键点 91 原始y坐标超出范围: 1.070，已限制到边界
2025-09-26 15:11:19,319 - project.core.recognition.landmark_extractor - WARNING - 关键点 92 原始y坐标超出范围: 1.014，已限制到边界
2025-09-26 15:11:19,319 - project.core.recognition.landmark_extractor - WARNING - 关键点 95 原始y坐标超出范围: 1.055，已限制到边界
2025-09-26 15:11:19,319 - project.core.recognition.landmark_extractor - WARNING - 关键点 96 原始y坐标超出范围: 1.058，已限制到边界
2025-09-26 15:11:19,319 - project.core.recognition.landmark_extractor - WARNING - 关键点 106 原始y坐标超出范围: 1.072，已限制到边界
2025-09-26 15:11:19,319 - project.core.recognition.landmark_extractor - WARNING - 关键点 125 原始y坐标超出范围: 1.000，已限制到边界
2025-09-26 15:11:19,319 - project.core.recognition.landmark_extractor - WARNING - 关键点 135 原始y坐标超出范围: 1.065，已限制到边界
2025-09-26 15:11:19,319 - project.core.recognition.landmark_extractor - WARNING - 关键点 136 原始y坐标超出范围: 1.080，已限制到边界
2025-09-26 15:11:19,319 - project.core.recognition.landmark_extractor - WARNING - 关键点 138 原始y坐标超出范围: 1.030，已限制到边界
2025-09-26 15:11:19,323 - project.core.recognition.landmark_extractor - WARNING - 关键点 140 原始y坐标超出范围: 1.151，已限制到边界
2025-09-26 15:11:19,323 - project.core.recognition.landmark_extractor - WARNING - 关键点 146 原始y坐标超出范围: 1.063，已限制到边界
2025-09-26 15:11:19,323 - project.core.recognition.landmark_extractor - WARNING - 关键点 148 原始y坐标超出范围: 1.183，已限制到边界
2025-09-26 15:11:19,323 - project.core.recognition.landmark_extractor - WARNING - 关键点 149 原始y坐标超出范围: 1.144，已限制到边界
2025-09-26 15:11:19,323 - project.core.recognition.landmark_extractor - WARNING - 关键点 150 原始y坐标超出范围: 1.118，已限制到边界
2025-09-26 15:11:19,323 - project.core.recognition.landmark_extractor - WARNING - 关键点 152 原始y坐标超出范围: 1.185，已限制到边界
2025-09-26 15:11:19,323 - project.core.recognition.landmark_extractor - WARNING - 关键点 164 原始y坐标超出范围: 1.007，已限制到边界
2025-09-26 15:11:19,323 - project.core.recognition.landmark_extractor - WARNING - 关键点 165 原始y坐标超出范围: 1.008，已限制到边界
2025-09-26 15:11:19,323 - project.core.recognition.landmark_extractor - WARNING - 关键点 167 原始y坐标超出范围: 1.008，已限制到边界
2025-09-26 15:11:19,323 - project.core.recognition.landmark_extractor - WARNING - 关键点 169 原始y坐标超出范围: 1.097，已限制到边界
2025-09-26 15:11:19,323 - project.core.recognition.landmark_extractor - WARNING - 关键点 170 原始y坐标超出范围: 1.125，已限制到边界
2025-09-26 15:11:19,323 - project.core.recognition.landmark_extractor - WARNING - 关键点 171 原始y坐标超出范围: 1.168，已限制到边界
2025-09-26 15:11:19,323 - project.core.recognition.landmark_extractor - WARNING - 关键点 172 原始y坐标超出范围: 1.037，已限制到边界
2025-09-26 15:11:19,327 - project.core.recognition.landmark_extractor - WARNING - 关键点 175 原始y坐标超出范围: 1.172，已限制到边界
2025-09-26 15:11:19,327 - project.core.recognition.landmark_extractor - WARNING - 关键点 176 原始y坐标超出范围: 1.168，已限制到边界
2025-09-26 15:11:19,327 - project.core.recognition.landmark_extractor - WARNING - 关键点 178 原始y坐标超出范围: 1.055，已限制到边界
2025-09-26 15:11:19,327 - project.core.recognition.landmark_extractor - WARNING - 关键点 179 原始y坐标超出范围: 1.061，已限制到边界
2025-09-26 15:11:19,327 - project.core.recognition.landmark_extractor - WARNING - 关键点 180 原始y坐标超出范围: 1.068，已限制到边界
2025-09-26 15:11:19,327 - project.core.recognition.landmark_extractor - WARNING - 关键点 181 原始y坐标超出范围: 1.077，已限制到边界
2025-09-26 15:11:19,327 - project.core.recognition.landmark_extractor - WARNING - 关键点 182 原始y坐标超出范围: 1.091，已限制到边界
2025-09-26 15:11:19,327 - project.core.recognition.landmark_extractor - WARNING - 关键点 183 原始y坐标超出范围: 1.054，已限制到边界
2025-09-26 15:11:19,327 - project.core.recognition.landmark_extractor - WARNING - 关键点 184 原始y坐标超出范围: 1.053，已限制到边界
2025-09-26 15:11:19,327 - project.core.recognition.landmark_extractor - WARNING - 关键点 185 原始y坐标超出范围: 1.051，已限制到边界
2025-09-26 15:11:19,327 - project.core.recognition.landmark_extractor - WARNING - 关键点 186 原始y坐标超出范围: 1.023，已限制到边界
2025-09-26 15:11:19,327 - project.core.recognition.landmark_extractor - WARNING - 关键点 191 原始y坐标超出范围: 1.055，已限制到边界
2025-09-26 15:11:19,327 - project.core.recognition.landmark_extractor - WARNING - 关键点 192 原始y坐标超出范围: 1.008，已限制到边界
2025-09-26 15:11:19,327 - project.core.recognition.landmark_extractor - WARNING - 关键点 194 原始y坐标超出范围: 1.106，已限制到边界
2025-09-26 15:11:19,327 - project.core.recognition.landmark_extractor - WARNING - 关键点 199 原始y坐标超出范围: 1.149，已限制到边界
2025-09-26 15:11:19,327 - project.core.recognition.landmark_extractor - WARNING - 关键点 200 原始y坐标超出范围: 1.123，已限制到边界
2025-09-26 15:11:19,327 - project.core.recognition.landmark_extractor - WARNING - 关键点 201 原始y坐标超出范围: 1.120，已限制到边界
2025-09-26 15:11:19,327 - project.core.recognition.landmark_extractor - WARNING - 关键点 202 原始y坐标超出范围: 1.060，已限制到边界
2025-09-26 15:11:19,331 - project.core.recognition.landmark_extractor - WARNING - 关键点 204 原始y坐标超出范围: 1.085，已限制到边界
2025-09-26 15:11:19,331 - project.core.recognition.landmark_extractor - WARNING - 关键点 208 原始y坐标超出范围: 1.145，已限制到边界
2025-09-26 15:11:19,331 - project.core.recognition.landmark_extractor - WARNING - 关键点 210 原始y坐标超出范围: 1.076，已限制到边界
2025-09-26 15:11:19,331 - project.core.recognition.landmark_extractor - WARNING - 关键点 211 原始y坐标超出范围: 1.103，已限制到边界
2025-09-26 15:11:19,331 - project.core.recognition.landmark_extractor - WARNING - 关键点 212 原始y坐标超出范围: 1.035，已限制到边界
2025-09-26 15:11:19,331 - project.core.recognition.landmark_extractor - WARNING - 关键点 214 原始y坐标超出范围: 1.037，已限制到边界
2025-09-26 15:11:19,331 - project.core.recognition.landmark_extractor - WARNING - 关键点 216 原始y坐标超出范围: 1.005，已限制到边界
2025-09-26 15:11:19,331 - project.core.recognition.landmark_extractor - WARNING - 关键点 262 原始y坐标超出范围: 1.113，已限制到边界
2025-09-26 15:11:19,331 - project.core.recognition.landmark_extractor - WARNING - 关键点 267 原始y坐标超出范围: 1.025，已限制到边界
2025-09-26 15:11:19,331 - project.core.recognition.landmark_extractor - WARNING - 关键点 268 原始y坐标超出范围: 1.043，已限制到边界
2025-09-26 15:11:19,331 - project.core.recognition.landmark_extractor - WARNING - 关键点 269 原始y坐标超出范围: 1.027，已限制到边界
2025-09-26 15:11:19,331 - project.core.recognition.landmark_extractor - WARNING - 关键点 270 原始y坐标超出范围: 1.031，已限制到边界
2025-09-26 15:11:19,331 - project.core.recognition.landmark_extractor - WARNING - 关键点 271 原始y坐标超出范围: 1.041，已限制到边界
2025-09-26 15:11:19,331 - project.core.recognition.landmark_extractor - WARNING - 关键点 272 原始y坐标超出范围: 1.040，已限制到边界
2025-09-26 15:11:19,335 - project.core.recognition.landmark_extractor - WARNING - 关键点 273 原始y坐标超出范围: 1.033，已限制到边界
2025-09-26 15:11:19,337 - project.core.recognition.landmark_extractor - WARNING - 关键点 287 原始y坐标超出范围: 1.011，已限制到边界
2025-09-26 15:11:19,337 - project.core.recognition.landmark_extractor - WARNING - 关键点 291 原始y坐标超出范围: 1.040，已限制到边界
2025-09-26 15:11:19,337 - project.core.recognition.landmark_extractor - WARNING - 关键点 292 原始y坐标超出范围: 1.041，已限制到边界
2025-09-26 15:11:19,337 - project.core.recognition.landmark_extractor - WARNING - 关键点 302 原始y坐标超出范围: 1.035，已限制到边界
2025-09-26 15:11:19,337 - project.core.recognition.landmark_extractor - WARNING - 关键点 303 原始y坐标超出范围: 1.034，已限制到边界
2025-09-26 15:11:19,337 - project.core.recognition.landmark_extractor - WARNING - 关键点 304 原始y坐标超出范围: 1.036，已限制到边界
2025-09-26 15:11:19,337 - project.core.recognition.landmark_extractor - WARNING - 关键点 306 原始y坐标超出范围: 1.040，已限制到边界
2025-09-26 15:11:19,337 - project.core.recognition.landmark_extractor - WARNING - 关键点 307 原始y坐标超出范围: 1.046，已限制到边界
2025-09-26 15:11:19,337 - project.core.recognition.landmark_extractor - WARNING - 关键点 308 原始y坐标超出范围: 1.041，已限制到边界
2025-09-26 15:11:19,337 - project.core.recognition.landmark_extractor - WARNING - 关键点 310 原始y坐标超出范围: 1.043，已限制到边界
2025-09-26 15:11:19,337 - project.core.recognition.landmark_extractor - WARNING - 关键点 311 原始y坐标超出范围: 1.045，已限制到边界
2025-09-26 15:11:19,339 - project.core.recognition.landmark_extractor - WARNING - 关键点 312 原始y坐标超出范围: 1.048，已限制到边界
2025-09-26 15:11:19,339 - project.core.recognition.landmark_extractor - WARNING - 关键点 313 原始y坐标超出范围: 1.096，已限制到边界
2025-09-26 15:11:19,339 - project.core.recognition.landmark_extractor - WARNING - 关键点 314 原始y坐标超出范围: 1.077，已限制到边界
2025-09-26 15:11:19,339 - project.core.recognition.landmark_extractor - WARNING - 关键点 315 原始y坐标超出范围: 1.067，已限制到边界
2025-09-26 15:11:19,339 - project.core.recognition.landmark_extractor - WARNING - 关键点 316 原始y坐标超出范围: 1.057，已限制到边界
2025-09-26 15:11:19,339 - project.core.recognition.landmark_extractor - WARNING - 关键点 317 原始y坐标超出范围: 1.050，已限制到边界
2025-09-26 15:11:19,339 - project.core.recognition.landmark_extractor - WARNING - 关键点 318 原始y坐标超出范围: 1.044，已限制到边界
2025-09-26 15:11:19,339 - project.core.recognition.landmark_extractor - WARNING - 关键点 319 原始y坐标超出范围: 1.047，已限制到边界
2025-09-26 15:11:19,339 - project.core.recognition.landmark_extractor - WARNING - 关键点 320 原始y坐标超出范围: 1.052，已限制到边界
2025-09-26 15:11:19,339 - project.core.recognition.landmark_extractor - WARNING - 关键点 321 原始y坐标超出范围: 1.057，已限制到边界
2025-09-26 15:11:19,339 - project.core.recognition.landmark_extractor - WARNING - 关键点 324 原始y坐标超出范围: 1.043，已限制到边界
2025-09-26 15:11:19,339 - project.core.recognition.landmark_extractor - WARNING - 关键点 325 原始y坐标超出范围: 1.044，已限制到边界
2025-09-26 15:11:19,339 - project.core.recognition.landmark_extractor - WARNING - 关键点 335 原始y坐标超出范围: 1.056，已限制到边界
2025-09-26 15:11:19,344 - project.core.recognition.landmark_extractor - WARNING - 关键点 364 原始y坐标超出范围: 1.032，已限制到边界
2025-09-26 15:11:19,344 - project.core.recognition.landmark_extractor - WARNING - 关键点 365 原始y坐标超出范围: 1.048，已限制到边界
2025-09-26 15:11:19,344 - project.core.recognition.landmark_extractor - WARNING - 关键点 369 原始y坐标超出范围: 1.135，已限制到边界
2025-09-26 15:11:19,344 - project.core.recognition.landmark_extractor - WARNING - 关键点 375 原始y坐标超出范围: 1.048，已限制到边界
2025-09-26 15:11:19,344 - project.core.recognition.landmark_extractor - WARNING - 关键点 377 原始y坐标超出范围: 1.174，已限制到边界
2025-09-26 15:11:19,344 - project.core.recognition.landmark_extractor - WARNING - 关键点 378 原始y坐标超出范围: 1.122，已限制到边界
2025-09-26 15:11:19,344 - project.core.recognition.landmark_extractor - WARNING - 关键点 379 原始y坐标超出范围: 1.091，已限制到边界
2025-09-26 15:11:19,344 - project.core.recognition.landmark_extractor - WARNING - 关键点 393 原始y坐标超出范围: 1.002，已限制到边界
2025-09-26 15:11:19,344 - project.core.recognition.landmark_extractor - WARNING - 关键点 394 原始y坐标超出范围: 1.070，已限制到边界
2025-09-26 15:11:19,344 - project.core.recognition.landmark_extractor - WARNING - 关键点 395 原始y坐标超出范围: 1.103，已限制到边界
2025-09-26 15:11:19,344 - project.core.recognition.landmark_extractor - WARNING - 关键点 396 原始y坐标超出范围: 1.160，已限制到边界
2025-09-26 15:11:19,344 - project.core.recognition.landmark_extractor - WARNING - 关键点 397 原始y坐标超出范围: 1.002，已限制到边界
2025-09-26 15:11:19,344 - project.core.recognition.landmark_extractor - WARNING - 关键点 400 原始y坐标超出范围: 1.152，已限制到边界
2025-09-26 15:11:19,348 - project.core.recognition.landmark_extractor - WARNING - 关键点 402 原始y坐标超出范围: 1.046，已限制到边界
2025-09-26 15:11:19,348 - project.core.recognition.landmark_extractor - WARNING - 关键点 403 原始y坐标超出范围: 1.052，已限制到边界
2025-09-26 15:11:19,348 - project.core.recognition.landmark_extractor - WARNING - 关键点 404 原始y坐标超出范围: 1.059，已限制到边界
2025-09-26 15:11:19,348 - project.core.recognition.landmark_extractor - WARNING - 关键点 405 原始y坐标超出范围: 1.068，已限制到边界
2025-09-26 15:11:19,348 - project.core.recognition.landmark_extractor - WARNING - 关键点 406 原始y坐标超出范围: 1.079，已限制到边界
2025-09-26 15:11:19,348 - project.core.recognition.landmark_extractor - WARNING - 关键点 407 原始y坐标超出范围: 1.040，已限制到边界
2025-09-26 15:11:19,348 - project.core.recognition.landmark_extractor - WARNING - 关键点 408 原始y坐标超出范围: 1.038，已限制到边界
2025-09-26 15:11:19,348 - project.core.recognition.landmark_extractor - WARNING - 关键点 409 原始y坐标超出范围: 1.035，已限制到边界
2025-09-26 15:11:19,348 - project.core.recognition.landmark_extractor - WARNING - 关键点 410 原始y坐标超出范围: 1.001，已限制到边界
2025-09-26 15:11:19,348 - project.core.recognition.landmark_extractor - WARNING - 关键点 415 原始y坐标超出范围: 1.042，已限制到边界
2025-09-26 15:11:19,348 - project.core.recognition.landmark_extractor - WARNING - 关键点 418 原始y坐标超出范围: 1.093，已限制到边界
2025-09-26 15:11:19,351 - project.core.recognition.landmark_extractor - WARNING - 关键点 421 原始y坐标超出范围: 1.114，已限制到边界
2025-09-26 15:11:19,352 - project.core.recognition.landmark_extractor - WARNING - 关键点 422 原始y坐标超出范围: 1.037，已限制到边界
2025-09-26 15:11:19,353 - project.core.recognition.landmark_extractor - WARNING - 关键点 424 原始y坐标超出范围: 1.066，已限制到边界
2025-09-26 15:11:19,353 - project.core.recognition.landmark_extractor - WARNING - 关键点 428 原始y坐标超出范围: 1.137，已限制到边界
2025-09-26 15:11:19,353 - project.core.recognition.landmark_extractor - WARNING - 关键点 430 原始y坐标超出范围: 1.050，已限制到边界
2025-09-26 15:11:19,353 - project.core.recognition.landmark_extractor - WARNING - 关键点 431 原始y坐标超出范围: 1.083，已限制到边界
2025-09-26 15:11:19,353 - project.core.recognition.landmark_extractor - WARNING - 关键点 432 原始y坐标超出范围: 1.009，已限制到边界
2025-09-26 15:11:19,353 - project.core.recognition.landmark_extractor - WARNING - 关键点 434 原始y坐标超出范围: 1.006，已限制到边界
2025-09-26 15:11:19,353 - project.core.recognition.detector - INFO - 提取到 478 个关键点
2025-09-26 15:11:19,355 - project.core.recognition.landmark_extractor - INFO - 关键点验证通过
2025-09-26 15:11:19,355 - project.core.recognition.detector - INFO - 关键点验证结果: True
2025-09-26 15:11:19,360 - project.core.recognition.detector - INFO - 人脸检测成功，提取到 478 个关键点
2025-09-26 15:11:19,360 - project.core.recognition.main - INFO - 人脸检测成功
2025-09-26 15:11:19,360 - project.core.recognition.coordinate_converter - WARNING - 关键点 0 转换失败: 无效的深度值：nan，必须大于0.1米
2025-09-26 15:11:19,360 - project.core.recognition.coordinate_converter - WARNING - 关键点 11 转换失败: 无效的深度值：nan，必须大于0.1米
2025-09-26 15:11:19,360 - project.core.recognition.coordinate_converter - WARNING - 关键点 12 转换失败: 无效的深度值：nan，必须大于0.1米
2025-09-26 15:11:19,360 - project.core.recognition.coordinate_converter - WARNING - 关键点 13 转换失败: 无效的深度值：nan，必须大于0.1米
2025-09-26 15:11:19,360 - project.core.recognition.coordinate_converter - WARNING - 关键点 14 转换失败: 无效的深度值：nan，必须大于0.1米
2025-09-26 15:11:19,360 - project.core.recognition.coordinate_converter - WARNING - 关键点 15 转换失败: 无效的深度值：nan，必须大于0.1米
2025-09-26 15:11:19,360 - project.core.recognition.coordinate_converter - WARNING - 关键点 16 转换失败: 无效的深度值：nan，必须大于0.1米
2025-09-26 15:11:19,364 - project.core.recognition.coordinate_converter - WARNING - 关键点 17 转换失败: 无效的深度值：nan，必须大于0.1米
2025-09-26 15:11:19,364 - project.core.recognition.coordinate_converter - WARNING - 关键点 18 转换失败: 无效的深度值：nan，必须大于0.1米
2025-09-26 15:11:19,365 - project.core.recognition.coordinate_converter - WARNING - 关键点 19 转换失败: 无效的深度值：nan，必须大于0.1米
2025-09-26 15:11:19,365 - project.core.recognition.coordinate_converter - WARNING - 关键点 32 转换失败: 无效的深度值：nan，必须大于0.1米
2025-09-26 15:11:19,365 - project.core.recognition.coordinate_converter - WARNING - 关键点 37 转换失败: 无效的深度值：nan，必须大于0.1米
2025-09-26 15:11:19,365 - project.core.recognition.coordinate_converter - WARNING - 关键点 38 转换失败: 无效的深度值：nan，必须大于0.1米
2025-09-26 15:11:19,365 - project.core.recognition.coordinate_converter - WARNING - 关键点 39 转换失败: 无效的深度值：nan，必须大于0.1米
2025-09-26 15:11:19,365 - project.core.recognition.coordinate_converter - WARNING - 关键点 40 转换失败: 无效的深度值：nan，必须大于0.1米
2025-09-26 15:11:19,365 - project.core.recognition.coordinate_converter - WARNING - 关键点 41 转换失败: 无效的深度值：nan，必须大于0.1米
2025-09-26 15:11:19,365 - project.core.recognition.coordinate_converter - WARNING - 关键点 42 转换失败: 无效的深度值：nan，必须大于0.1米
2025-09-26 15:11:19,365 - project.core.recognition.coordinate_converter - WARNING - 关键点 43 转换失败: 无效的深度值：nan，必须大于0.1米
2025-09-26 15:11:19,365 - project.core.recognition.coordinate_converter - WARNING - 关键点 57 转换失败: 无效的深度值：nan，必须大于0.1米
2025-09-26 15:11:19,365 - project.core.recognition.coordinate_converter - WARNING - 关键点 61 转换失败: 无效的深度值：nan，必须大于0.1米
2025-09-26 15:11:19,365 - project.core.recognition.coordinate_converter - WARNING - 关键点 62 转换失败: 无效的深度值：nan，必须大于0.1米
2025-09-26 15:11:19,365 - project.core.recognition.coordinate_converter - WARNING - 关键点 72 转换失败: 无效的深度值：nan，必须大于0.1米
2025-09-26 15:11:19,365 - project.core.recognition.coordinate_converter - WARNING - 关键点 73 转换失败: 无效的深度值：nan，必须大于0.1米
2025-09-26 15:11:19,365 - project.core.recognition.coordinate_converter - WARNING - 关键点 74 转换失败: 无效的深度值：nan，必须大于0.1米
2025-09-26 15:11:19,365 - project.core.recognition.coordinate_converter - WARNING - 关键点 76 转换失败: 无效的深度值：nan，必须大于0.1米
2025-09-26 15:11:19,368 - project.core.recognition.coordinate_converter - WARNING - 关键点 77 转换失败: 无效的深度值：nan，必须大于0.1米
2025-09-26 15:11:19,368 - project.core.recognition.coordinate_converter - WARNING - 关键点 78 转换失败: 无效的深度值：nan，必须大于0.1米
2025-09-26 15:11:19,368 - project.core.recognition.coordinate_converter - WARNING - 关键点 80 转换失败: 无效的深度值：nan，必须大于0.1米
2025-09-26 15:11:19,368 - project.core.recognition.coordinate_converter - WARNING - 关键点 81 转换失败: 无效的深度值：nan，必须大于0.1米
2025-09-26 15:11:19,368 - project.core.recognition.coordinate_converter - WARNING - 关键点 82 转换失败: 无效的深度值：nan，必须大于0.1米
2025-09-26 15:11:19,368 - project.core.recognition.coordinate_converter - WARNING - 关键点 83 转换失败: 无效的深度值：nan，必须大于0.1米
2025-09-26 15:11:19,368 - project.core.recognition.coordinate_converter - WARNING - 关键点 84 转换失败: 无效的深度值：nan，必须大于0.1米
2025-09-26 15:11:19,368 - project.core.recognition.coordinate_converter - WARNING - 关键点 85 转换失败: 无效的深度值：nan，必须大于0.1米
2025-09-26 15:11:19,368 - project.core.recognition.coordinate_converter - WARNING - 关键点 86 转换失败: 无效的深度值：nan，必须大于0.1米
2025-09-26 15:11:19,368 - project.core.recognition.coordinate_converter - WARNING - 关键点 87 转换失败: 无效的深度值：nan，必须大于0.1米
2025-09-26 15:11:19,368 - project.core.recognition.coordinate_converter - WARNING - 关键点 88 转换失败: 无效的深度值：nan，必须大于0.1米
2025-09-26 15:11:19,368 - project.core.recognition.coordinate_converter - WARNING - 关键点 89 转换失败: 无效的深度值：nan，必须大于0.1米
2025-09-26 15:11:19,368 - project.core.recognition.coordinate_converter - WARNING - 关键点 90 转换失败: 无效的深度值：nan，必须大于0.1米
2025-09-26 15:11:19,368 - project.core.recognition.coordinate_converter - WARNING - 关键点 91 转换失败: 无效的深度值：nan，必须大于0.1米
2025-09-26 15:11:19,368 - project.core.recognition.coordinate_converter - WARNING - 关键点 92 转换失败: 无效的深度值：nan，必须大于0.1米
2025-09-26 15:11:19,368 - project.core.recognition.coordinate_converter - WARNING - 关键点 94 转换失败: 无效的深度值：nan，必须大于0.1米
2025-09-26 15:11:19,368 - project.core.recognition.coordinate_converter - WARNING - 关键点 95 转换失败: 无效的深度值：nan，必须大于0.1米
2025-09-26 15:11:19,368 - project.core.recognition.coordinate_converter - WARNING - 关键点 96 转换失败: 无效的深度值：nan，必须大于0.1米
2025-09-26 15:11:19,368 - project.core.recognition.coordinate_converter - WARNING - 关键点 106 转换失败: 无效的深度值：nan，必须大于0.1米
2025-09-26 15:11:19,368 - project.core.recognition.coordinate_converter - WARNING - 关键点 125 转换失败: 无效的深度值：nan，必须大于0.1米
2025-09-26 15:11:19,372 - project.core.recognition.coordinate_converter - WARNING - 关键点 135 转换失败: 无效的深度值：nan，必须大于0.1米
2025-09-26 15:11:19,372 - project.core.recognition.coordinate_converter - WARNING - 关键点 136 转换失败: 无效的深度值：nan，必须大于0.1米
2025-09-26 15:11:19,372 - project.core.recognition.coordinate_converter - WARNING - 关键点 138 转换失败: 无效的深度值：nan，必须大于0.1米
2025-09-26 15:11:19,372 - project.core.recognition.coordinate_converter - WARNING - 关键点 140 转换失败: 无效的深度值：nan，必须大于0.1米
2025-09-26 15:11:19,372 - project.core.recognition.coordinate_converter - WARNING - 关键点 141 转换失败: 无效的深度值：nan，必须大于0.1米
2025-09-26 15:11:19,372 - project.core.recognition.coordinate_converter - WARNING - 关键点 146 转换失败: 无效的深度值：nan，必须大于0.1米
2025-09-26 15:11:19,372 - project.core.recognition.coordinate_converter - WARNING - 关键点 148 转换失败: 无效的深度值：nan，必须大于0.1米
2025-09-26 15:11:19,372 - project.core.recognition.coordinate_converter - WARNING - 关键点 149 转换失败: 无效的深度值：nan，必须大于0.1米
2025-09-26 15:11:19,372 - project.core.recognition.coordinate_converter - WARNING - 关键点 150 转换失败: 无效的深度值：nan，必须大于0.1米
2025-09-26 15:11:19,372 - project.core.recognition.coordinate_converter - WARNING - 关键点 152 转换失败: 无效的深度值：nan，必须大于0.1米
2025-09-26 15:11:19,372 - project.core.recognition.coordinate_converter - WARNING - 关键点 164 转换失败: 无效的深度值：nan，必须大于0.1米
2025-09-26 15:11:19,372 - project.core.recognition.coordinate_converter - WARNING - 关键点 165 转换失败: 无效的深度值：nan，必须大于0.1米
2025-09-26 15:11:19,372 - project.core.recognition.coordinate_converter - WARNING - 关键点 167 转换失败: 无效的深度值：nan，必须大于0.1米
2025-09-26 15:11:19,372 - project.core.recognition.coordinate_converter - WARNING - 关键点 169 转换失败: 无效的深度值：nan，必须大于0.1米
2025-09-26 15:11:19,372 - project.core.recognition.coordinate_converter - WARNING - 关键点 170 转换失败: 无效的深度值：nan，必须大于0.1米
2025-09-26 15:11:19,372 - project.core.recognition.coordinate_converter - WARNING - 关键点 171 转换失败: 无效的深度值：nan，必须大于0.1米
2025-09-26 15:11:19,372 - project.core.recognition.coordinate_converter - WARNING - 关键点 172 转换失败: 无效的深度值：nan，必须大于0.1米
2025-09-26 15:11:19,372 - project.core.recognition.coordinate_converter - WARNING - 关键点 175 转换失败: 无效的深度值：nan，必须大于0.1米
2025-09-26 15:11:19,372 - project.core.recognition.coordinate_converter - WARNING - 关键点 176 转换失败: 无效的深度值：nan，必须大于0.1米
2025-09-26 15:11:19,372 - project.core.recognition.coordinate_converter - WARNING - 关键点 178 转换失败: 无效的深度值：nan，必须大于0.1米
2025-09-26 15:11:19,372 - project.core.recognition.coordinate_converter - WARNING - 关键点 179 转换失败: 无效的深度值：nan，必须大于0.1米
2025-09-26 15:11:19,372 - project.core.recognition.coordinate_converter - WARNING - 关键点 180 转换失败: 无效的深度值：nan，必须大于0.1米
2025-09-26 15:11:19,372 - project.core.recognition.coordinate_converter - WARNING - 关键点 181 转换失败: 无效的深度值：nan，必须大于0.1米
2025-09-26 15:11:19,372 - project.core.recognition.coordinate_converter - WARNING - 关键点 182 转换失败: 无效的深度值：nan，必须大于0.1米
2025-09-26 15:11:19,372 - project.core.recognition.coordinate_converter - WARNING - 关键点 183 转换失败: 无效的深度值：nan，必须大于0.1米
2025-09-26 15:11:19,376 - project.core.recognition.coordinate_converter - WARNING - 关键点 184 转换失败: 无效的深度值：nan，必须大于0.1米
2025-09-26 15:11:19,376 - project.core.recognition.coordinate_converter - WARNING - 关键点 185 转换失败: 无效的深度值：nan，必须大于0.1米
2025-09-26 15:11:19,376 - project.core.recognition.coordinate_converter - WARNING - 关键点 186 转换失败: 无效的深度值：nan，必须大于0.1米
2025-09-26 15:11:19,376 - project.core.recognition.coordinate_converter - WARNING - 关键点 191 转换失败: 无效的深度值：nan，必须大于0.1米
2025-09-26 15:11:19,376 - project.core.recognition.coordinate_converter - WARNING - 关键点 192 转换失败: 无效的深度值：nan，必须大于0.1米
2025-09-26 15:11:19,376 - project.core.recognition.coordinate_converter - WARNING - 关键点 194 转换失败: 无效的深度值：nan，必须大于0.1米
2025-09-26 15:11:19,376 - project.core.recognition.coordinate_converter - WARNING - 关键点 199 转换失败: 无效的深度值：nan，必须大于0.1米
2025-09-26 15:11:19,376 - project.core.recognition.coordinate_converter - WARNING - 关键点 200 转换失败: 无效的深度值：nan，必须大于0.1米
2025-09-26 15:11:19,376 - project.core.recognition.coordinate_converter - WARNING - 关键点 201 转换失败: 无效的深度值：nan，必须大于0.1米
2025-09-26 15:11:19,376 - project.core.recognition.coordinate_converter - WARNING - 关键点 202 转换失败: 无效的深度值：nan，必须大于0.1米
2025-09-26 15:11:19,376 - project.core.recognition.coordinate_converter - WARNING - 关键点 204 转换失败: 无效的深度值：nan，必须大于0.1米
2025-09-26 15:11:19,376 - project.core.recognition.coordinate_converter - WARNING - 关键点 208 转换失败: 无效的深度值：nan，必须大于0.1米
2025-09-26 15:11:19,376 - project.core.recognition.coordinate_converter - WARNING - 关键点 210 转换失败: 无效的深度值：nan，必须大于0.1米
2025-09-26 15:11:19,380 - project.core.recognition.coordinate_converter - WARNING - 关键点 211 转换失败: 无效的深度值：nan，必须大于0.1米
2025-09-26 15:11:19,380 - project.core.recognition.coordinate_converter - WARNING - 关键点 212 转换失败: 无效的深度值：nan，必须大于0.1米
2025-09-26 15:11:19,380 - project.core.recognition.coordinate_converter - WARNING - 关键点 214 转换失败: 无效的深度值：nan，必须大于0.1米
2025-09-26 15:11:19,380 - project.core.recognition.coordinate_converter - WARNING - 关键点 216 转换失败: 无效的深度值：nan，必须大于0.1米
2025-09-26 15:11:19,380 - project.core.recognition.coordinate_converter - WARNING - 关键点 241 转换失败: 无效的深度值：nan，必须大于0.1米
2025-09-26 15:11:19,380 - project.core.recognition.coordinate_converter - WARNING - 关键点 242 转换失败: 无效的深度值：nan，必须大于0.1米
2025-09-26 15:11:19,380 - project.core.recognition.coordinate_converter - WARNING - 关键点 262 转换失败: 无效的深度值：nan，必须大于0.1米
2025-09-26 15:11:19,380 - project.core.recognition.coordinate_converter - WARNING - 关键点 267 转换失败: 无效的深度值：nan，必须大于0.1米
2025-09-26 15:11:19,380 - project.core.recognition.coordinate_converter - WARNING - 关键点 268 转换失败: 无效的深度值：nan，必须大于0.1米
2025-09-26 15:11:19,380 - project.core.recognition.coordinate_converter - WARNING - 关键点 269 转换失败: 无效的深度值：nan，必须大于0.1米
2025-09-26 15:11:19,380 - project.core.recognition.coordinate_converter - WARNING - 关键点 270 转换失败: 无效的深度值：nan，必须大于0.1米
2025-09-26 15:11:19,380 - project.core.recognition.coordinate_converter - WARNING - 关键点 271 转换失败: 无效的深度值：nan，必须大于0.1米
2025-09-26 15:11:19,380 - project.core.recognition.coordinate_converter - WARNING - 关键点 272 转换失败: 无效的深度值：nan，必须大于0.1米
2025-09-26 15:11:19,380 - project.core.recognition.coordinate_converter - WARNING - 关键点 273 转换失败: 无效的深度值：nan，必须大于0.1米
2025-09-26 15:11:19,380 - project.core.recognition.coordinate_converter - WARNING - 关键点 287 转换失败: 无效的深度值：nan，必须大于0.1米
2025-09-26 15:11:19,380 - project.core.recognition.coordinate_converter - WARNING - 关键点 291 转换失败: 无效的深度值：nan，必须大于0.1米
2025-09-26 15:11:19,380 - project.core.recognition.coordinate_converter - WARNING - 关键点 292 转换失败: 无效的深度值：nan，必须大于0.1米
2025-09-26 15:11:19,384 - project.core.recognition.coordinate_converter - WARNING - 关键点 302 转换失败: 无效的深度值：nan，必须大于0.1米
2025-09-26 15:11:19,384 - project.core.recognition.coordinate_converter - WARNING - 关键点 303 转换失败: 无效的深度值：nan，必须大于0.1米
2025-09-26 15:11:19,384 - project.core.recognition.coordinate_converter - WARNING - 关键点 304 转换失败: 无效的深度值：nan，必须大于0.1米
2025-09-26 15:11:19,384 - project.core.recognition.coordinate_converter - WARNING - 关键点 306 转换失败: 无效的深度值：nan，必须大于0.1米
2025-09-26 15:11:19,384 - project.core.recognition.coordinate_converter - WARNING - 关键点 307 转换失败: 无效的深度值：nan，必须大于0.1米
2025-09-26 15:11:19,384 - project.core.recognition.coordinate_converter - WARNING - 关键点 308 转换失败: 无效的深度值：nan，必须大于0.1米
2025-09-26 15:11:19,384 - project.core.recognition.coordinate_converter - WARNING - 关键点 310 转换失败: 无效的深度值：nan，必须大于0.1米
2025-09-26 15:11:19,384 - project.core.recognition.coordinate_converter - WARNING - 关键点 311 转换失败: 无效的深度值：nan，必须大于0.1米
2025-09-26 15:11:19,384 - project.core.recognition.coordinate_converter - WARNING - 关键点 312 转换失败: 无效的深度值：nan，必须大于0.1米
2025-09-26 15:11:19,384 - project.core.recognition.coordinate_converter - WARNING - 关键点 313 转换失败: 无效的深度值：nan，必须大于0.1米
2025-09-26 15:11:19,384 - project.core.recognition.coordinate_converter - WARNING - 关键点 314 转换失败: 无效的深度值：nan，必须大于0.1米
2025-09-26 15:11:19,384 - project.core.recognition.coordinate_converter - WARNING - 关键点 315 转换失败: 无效的深度值：nan，必须大于0.1米
2025-09-26 15:11:19,384 - project.core.recognition.coordinate_converter - WARNING - 关键点 316 转换失败: 无效的深度值：nan，必须大于0.1米
2025-09-26 15:11:19,384 - project.core.recognition.coordinate_converter - WARNING - 关键点 317 转换失败: 无效的深度值：nan，必须大于0.1米
2025-09-26 15:11:19,384 - project.core.recognition.coordinate_converter - WARNING - 关键点 318 转换失败: 无效的深度值：nan，必须大于0.1米
2025-09-26 15:11:19,384 - project.core.recognition.coordinate_converter - WARNING - 关键点 319 转换失败: 无效的深度值：nan，必须大于0.1米
2025-09-26 15:11:19,384 - project.core.recognition.coordinate_converter - WARNING - 关键点 320 转换失败: 无效的深度值：nan，必须大于0.1米
2025-09-26 15:11:19,384 - project.core.recognition.coordinate_converter - WARNING - 关键点 321 转换失败: 无效的深度值：nan，必须大于0.1米
2025-09-26 15:11:19,384 - project.core.recognition.coordinate_converter - WARNING - 关键点 324 转换失败: 无效的深度值：nan，必须大于0.1米
2025-09-26 15:11:19,389 - project.core.recognition.coordinate_converter - WARNING - 关键点 325 转换失败: 无效的深度值：nan，必须大于0.1米
2025-09-26 15:11:19,389 - project.core.recognition.coordinate_converter - WARNING - 关键点 335 转换失败: 无效的深度值：nan，必须大于0.1米
2025-09-26 15:11:19,389 - project.core.recognition.coordinate_converter - WARNING - 关键点 364 转换失败: 无效的深度值：nan，必须大于0.1米
2025-09-26 15:11:19,389 - project.core.recognition.coordinate_converter - WARNING - 关键点 365 转换失败: 无效的深度值：nan，必须大于0.1米
2025-09-26 15:11:19,389 - project.core.recognition.coordinate_converter - WARNING - 关键点 369 转换失败: 无效的深度值：nan，必须大于0.1米
2025-09-26 15:11:19,389 - project.core.recognition.coordinate_converter - WARNING - 关键点 375 转换失败: 无效的深度值：nan，必须大于0.1米
2025-09-26 15:11:19,389 - project.core.recognition.coordinate_converter - WARNING - 关键点 377 转换失败: 无效的深度值：nan，必须大于0.1米
2025-09-26 15:11:19,389 - project.core.recognition.coordinate_converter - WARNING - 关键点 378 转换失败: 无效的深度值：nan，必须大于0.1米
2025-09-26 15:11:19,389 - project.core.recognition.coordinate_converter - WARNING - 关键点 379 转换失败: 无效的深度值：nan，必须大于0.1米
2025-09-26 15:11:19,389 - project.core.recognition.coordinate_converter - WARNING - 关键点 393 转换失败: 无效的深度值：nan，必须大于0.1米
2025-09-26 15:11:19,389 - project.core.recognition.coordinate_converter - WARNING - 关键点 394 转换失败: 无效的深度值：nan，必须大于0.1米
2025-09-26 15:11:19,389 - project.core.recognition.coordinate_converter - WARNING - 关键点 395 转换失败: 无效的深度值：nan，必须大于0.1米
2025-09-26 15:11:19,389 - project.core.recognition.coordinate_converter - WARNING - 关键点 396 转换失败: 无效的深度值：nan，必须大于0.1米
2025-09-26 15:11:19,389 - project.core.recognition.coordinate_converter - WARNING - 关键点 397 转换失败: 无效的深度值：nan，必须大于0.1米
2025-09-26 15:11:19,393 - project.core.recognition.coordinate_converter - WARNING - 关键点 400 转换失败: 无效的深度值：nan，必须大于0.1米
2025-09-26 15:11:19,393 - project.core.recognition.coordinate_converter - WARNING - 关键点 402 转换失败: 无效的深度值：nan，必须大于0.1米
2025-09-26 15:11:19,394 - project.core.recognition.coordinate_converter - WARNING - 关键点 403 转换失败: 无效的深度值：nan，必须大于0.1米
2025-09-26 15:11:19,394 - project.core.recognition.coordinate_converter - WARNING - 关键点 404 转换失败: 无效的深度值：nan，必须大于0.1米
2025-09-26 15:11:19,394 - project.core.recognition.coordinate_converter - WARNING - 关键点 405 转换失败: 无效的深度值：nan，必须大于0.1米
2025-09-26 15:11:19,394 - project.core.recognition.coordinate_converter - WARNING - 关键点 406 转换失败: 无效的深度值：nan，必须大于0.1米
2025-09-26 15:11:19,394 - project.core.recognition.coordinate_converter - WARNING - 关键点 407 转换失败: 无效的深度值：nan，必须大于0.1米
2025-09-26 15:11:19,394 - project.core.recognition.coordinate_converter - WARNING - 关键点 408 转换失败: 无效的深度值：nan，必须大于0.1米
2025-09-26 15:11:19,394 - project.core.recognition.coordinate_converter - WARNING - 关键点 409 转换失败: 无效的深度值：nan，必须大于0.1米
2025-09-26 15:11:19,394 - project.core.recognition.coordinate_converter - WARNING - 关键点 410 转换失败: 无效的深度值：nan，必须大于0.1米
2025-09-26 15:11:19,394 - project.core.recognition.coordinate_converter - WARNING - 关键点 415 转换失败: 无效的深度值：nan，必须大于0.1米
2025-09-26 15:11:19,394 - project.core.recognition.coordinate_converter - WARNING - 关键点 418 转换失败: 无效的深度值：nan，必须大于0.1米
2025-09-26 15:11:19,394 - project.core.recognition.coordinate_converter - WARNING - 关键点 421 转换失败: 无效的深度值：nan，必须大于0.1米
2025-09-26 15:11:19,394 - project.core.recognition.coordinate_converter - WARNING - 关键点 422 转换失败: 无效的深度值：nan，必须大于0.1米
2025-09-26 15:11:19,394 - project.core.recognition.coordinate_converter - WARNING - 关键点 424 转换失败: 无效的深度值：nan，必须大于0.1米
2025-09-26 15:11:19,394 - project.core.recognition.coordinate_converter - WARNING - 关键点 428 转换失败: 无效的深度值：nan，必须大于0.1米
2025-09-26 15:11:19,397 - project.core.recognition.coordinate_converter - WARNING - 关键点 430 转换失败: 无效的深度值：nan，必须大于0.1米
2025-09-26 15:11:19,397 - project.core.recognition.coordinate_converter - WARNING - 关键点 431 转换失败: 无效的深度值：nan，必须大于0.1米
2025-09-26 15:11:19,397 - project.core.recognition.coordinate_converter - WARNING - 关键点 432 转换失败: 无效的深度值：nan，必须大于0.1米
2025-09-26 15:11:19,397 - project.core.recognition.coordinate_converter - WARNING - 关键点 434 转换失败: 无效的深度值：nan，必须大于0.1米
2025-09-26 15:11:19,397 - project.data.data_manager - INFO - RecgFitDataManager初始化 - debug_log: True, key_coordinates: True
2025-09-26 15:11:19,397 - project.data.data_manager - INFO - RecgFitDataManager初始化完成
2025-09-26 15:11:19,397 - __main__ - INFO - 收到识别完成信号，开始拟合...
2025-09-26 15:11:19,397 - __main__ - INFO - 开始拟合frame_id: 27
2025-09-26 15:11:19,397 - __main__ - INFO - 等待识别完成信号...
2025-09-26 15:11:19,397 - root - INFO - 数据质量: {'point_count': 12, 'fitting_point_count': 0, 'constraint_point_count': 12, 'visibility': 0.8918111884653511}
2025-09-26 15:11:19,397 - root - INFO - 选择策略: medium_quality
2025-09-26 15:11:19,397 - root - WARNING - 没有拟合点，无法进行优化
2025-09-26 15:11:19,397 - root - WARNING - 没有拟合点，无法进行优化
2025-09-26 15:11:19,397 - root - WARNING - 没有拟合点，无法进行优化
2025-09-26 15:11:19,397 - root - WARNING - 没有拟合点，无法进行优化
2025-09-26 15:11:19,397 - root - WARNING - 没有拟合点，无法进行优化
2025-09-26 15:11:19,397 - root - WARNING - 没有拟合点，无法进行优化
2025-09-26 15:11:19,397 - root - WARNING - 没有拟合点，无法进行优化
2025-09-26 15:11:19,397 - root - WARNING - 没有拟合点，无法进行优化
2025-09-26 15:11:19,397 - root - WARNING - 没有拟合点，无法进行优化
2025-09-26 15:11:19,401 - root - WARNING - 没有拟合点，无法进行优化
2025-09-26 15:11:19,401 - root - WARNING - 没有拟合点，无法进行优化
2025-09-26 15:11:19,401 - root - WARNING - 没有拟合点，无法进行优化
2025-09-26 15:11:19,401 - root - WARNING - 没有拟合点，无法进行优化
2025-09-26 15:11:19,401 - root - WARNING - 没有拟合点，无法进行优化
2025-09-26 15:11:19,401 - root - WARNING - 没有拟合点，无法进行优化
2025-09-26 15:11:19,401 - root - WARNING - 没有拟合点，无法进行优化
2025-09-26 15:11:19,401 - root - WARNING - 没有拟合点，无法进行优化
2025-09-26 15:11:19,401 - root - WARNING - 没有拟合点，无法进行优化
2025-09-26 15:11:19,401 - root - WARNING - 没有拟合点，无法进行优化
2025-09-26 15:11:19,401 - root - WARNING - 没有拟合点，无法进行优化
2025-09-26 15:11:19,401 - root - INFO - 数据质量: {'point_count': 0, 'fitting_point_count': 0, 'constraint_point_count': 0, 'visibility': 0.0}
2025-09-26 15:11:19,401 - root - INFO - 选择策略: fail
2025-09-26 15:11:19,401 - root - WARNING - 采样失败，返回空列表
2025-09-26 15:11:19,401 - root - WARNING - 优化失败
2025-09-26 15:11:19,401 - project.core.fitting.main - INFO - ==============================================
2025-09-26 15:11:19,401 - project.core.fitting.main - INFO - 拟合结果:
2025-09-26 15:11:19,401 - project.core.fitting.main - INFO -   LEFT 眼: 拟合结果：
 球心：[0 0 0]
 半径：12.0
 置信度：0.0
 收敛：False
 迭代次数：0
 最终残差范数：inf
 最终delta范数：inf
 使用策略：ransac
2025-09-26 15:11:19,401 - project.core.fitting.main - INFO -   RIGHT 眼: 拟合结果：
 球心：[0 0 0]
 半径：0.0
 置信度：0.0
 收敛：False
 迭代次数：0
 最终残差范数：inf
 最终delta范数：inf
 使用策略：fail
2025-09-26 15:11:19,401 - project.core.fitting.main - INFO - ==============================================
2025-09-26 15:11:19,401 - project.core.fitting.main - ERROR - 拟合过程中发生异常: list index out of range
2025-09-26 15:11:19,405 - project.core.fitting.main - ERROR - 异常堆栈: Traceback (most recent call last):
  File "C:\Users\86158\Desktop\gaze_venv\gaze-refactor\project\core\fitting\main.py", line 42, in run
    pupil_center = self.data_manager.get_coordinate_point(eye, "pupil")[0]
                   ~~~~~~~~~~~~~~~~~~~~~~~~~~~~~~~~~~~~~~~~~~~~~~~~~~~~^^^
IndexError: list index out of range

2025-09-26 15:11:19,505 - project.data.data_manager - WARNING - 非RGB-D摄像头，使用默认深度图
2025-09-26 15:11:19,594 - project.core.recognition.landmark_extractor - WARNING - 关键点 14 原始y坐标超出范围: 1.033，已限制到边界
2025-09-26 15:11:19,620 - project.core.recognition.landmark_extractor - WARNING - 关键点 15 原始y坐标超出范围: 1.040，已限制到边界
2025-09-26 15:11:19,622 - project.core.recognition.landmark_extractor - WARNING - 关键点 16 原始y坐标超出范围: 1.048，已限制到边界
2025-09-26 15:11:19,624 - project.core.recognition.landmark_extractor - WARNING - 关键点 17 原始y坐标超出范围: 1.056，已限制到边界
2025-09-26 15:11:19,640 - project.core.recognition.landmark_extractor - WARNING - 关键点 18 原始y坐标超出范围: 1.038，已限制到边界
2025-09-26 15:11:19,644 - project.core.recognition.landmark_extractor - WARNING - 关键点 32 原始y坐标超出范围: 1.053，已限制到边界
2025-09-26 15:11:19,656 - project.core.recognition.landmark_extractor - WARNING - 关键点 83 原始y坐标超出范围: 1.035，已限制到边界
2025-09-26 15:11:19,656 - project.core.recognition.landmark_extractor - WARNING - 关键点 84 原始y坐标超出范围: 1.050，已限制到边界
2025-09-26 15:11:19,656 - project.core.recognition.landmark_extractor - WARNING - 关键点 85 原始y坐标超出范围: 1.043，已限制到边界
2025-09-26 15:11:19,656 - project.core.recognition.landmark_extractor - WARNING - 关键点 86 原始y坐标超出范围: 1.035，已限制到边界
2025-09-26 15:11:19,656 - project.core.recognition.landmark_extractor - WARNING - 关键点 87 原始y坐标超出范围: 1.028，已限制到边界
2025-09-26 15:11:19,656 - project.core.recognition.landmark_extractor - WARNING - 关键点 89 原始y坐标超出范围: 1.001，已限制到边界
2025-09-26 15:11:19,656 - project.core.recognition.landmark_extractor - WARNING - 关键点 90 原始y坐标超出范围: 1.004，已限制到边界
2025-09-26 15:11:19,656 - project.core.recognition.landmark_extractor - WARNING - 关键点 91 原始y坐标超出范围: 1.008，已限制到边界
2025-09-26 15:11:19,660 - project.core.recognition.landmark_extractor - WARNING - 关键点 136 原始y坐标超出范围: 1.007，已限制到边界
2025-09-26 15:11:19,660 - project.core.recognition.landmark_extractor - WARNING - 关键点 140 原始y坐标超出范围: 1.074，已限制到边界
2025-09-26 15:11:19,660 - project.core.recognition.landmark_extractor - WARNING - 关键点 148 原始y坐标超出范围: 1.105，已限制到边界
2025-09-26 15:11:19,660 - project.core.recognition.landmark_extractor - WARNING - 关键点 149 原始y坐标超出范围: 1.066，已限制到边界
2025-09-26 15:11:19,660 - project.core.recognition.landmark_extractor - WARNING - 关键点 150 原始y坐标超出范围: 1.041，已限制到边界
2025-09-26 15:11:19,660 - project.core.recognition.landmark_extractor - WARNING - 关键点 152 原始y坐标超出范围: 1.111，已限制到边界
2025-09-26 15:11:19,660 - project.core.recognition.landmark_extractor - WARNING - 关键点 169 原始y坐标超出范围: 1.020，已限制到边界
2025-09-26 15:11:19,660 - project.core.recognition.landmark_extractor - WARNING - 关键点 170 原始y坐标超出范围: 1.046，已限制到边界
2025-09-26 15:11:19,660 - project.core.recognition.landmark_extractor - WARNING - 关键点 171 原始y坐标超出范围: 1.093，已限制到边界
2025-09-26 15:11:19,660 - project.core.recognition.landmark_extractor - WARNING - 关键点 175 原始y坐标超出范围: 1.099，已限制到边界
2025-09-26 15:11:19,664 - project.core.recognition.landmark_extractor - WARNING - 关键点 176 原始y坐标超出范围: 1.089，已限制到边界
2025-09-26 15:11:19,664 - project.core.recognition.landmark_extractor - WARNING - 关键点 178 原始y坐标超出范围: 1.016，已限制到边界
2025-09-26 15:11:19,666 - project.core.recognition.landmark_extractor - WARNING - 关键点 179 原始y坐标超出范围: 1.020，已限制到边界
2025-09-26 15:11:19,666 - project.core.recognition.landmark_extractor - WARNING - 关键点 180 原始y坐标超出范围: 1.027，已限制到边界
2025-09-26 15:11:19,666 - project.core.recognition.landmark_extractor - WARNING - 关键点 181 原始y坐标超出范围: 1.034，已限制到边界
2025-09-26 15:11:19,666 - project.core.recognition.landmark_extractor - WARNING - 关键点 182 原始y坐标超出范围: 1.020，已限制到边界
2025-09-26 15:11:19,666 - project.core.recognition.landmark_extractor - WARNING - 关键点 194 原始y坐标超出范围: 1.033，已限制到边界
2025-09-26 15:11:19,666 - project.core.recognition.landmark_extractor - WARNING - 关键点 199 原始y坐标超出范围: 1.078，已限制到边界
2025-09-26 15:11:19,666 - project.core.recognition.landmark_extractor - WARNING - 关键点 200 原始y坐标超出范围: 1.056，已限制到边界
2025-09-26 15:11:19,668 - project.core.recognition.landmark_extractor - WARNING - 关键点 201 原始y坐标超出范围: 1.051，已限制到边界
2025-09-26 15:11:19,668 - project.core.recognition.landmark_extractor - WARNING - 关键点 204 原始y坐标超出范围: 1.008，已限制到边界
2025-09-26 15:11:19,668 - project.core.recognition.landmark_extractor - WARNING - 关键点 208 原始y坐标超出范围: 1.073，已限制到边界
2025-09-26 15:11:19,668 - project.core.recognition.landmark_extractor - WARNING - 关键点 211 原始y坐标超出范围: 1.026，已限制到边界
2025-09-26 15:11:19,668 - project.core.recognition.landmark_extractor - WARNING - 关键点 262 原始y坐标超出范围: 1.047，已限制到边界
2025-09-26 15:11:19,668 - project.core.recognition.landmark_extractor - WARNING - 关键点 313 原始y坐标超出范围: 1.032，已限制到边界
2025-09-26 15:11:19,668 - project.core.recognition.landmark_extractor - WARNING - 关键点 314 原始y坐标超出范围: 1.049，已限制到边界
2025-09-26 15:11:19,668 - project.core.recognition.landmark_extractor - WARNING - 关键点 315 原始y坐标超出范围: 1.042，已限制到边界
2025-09-26 15:11:19,668 - project.core.recognition.landmark_extractor - WARNING - 关键点 316 原始y坐标超出范围: 1.034，已限制到边界
2025-09-26 15:11:19,668 - project.core.recognition.landmark_extractor - WARNING - 关键点 317 原始y坐标超出范围: 1.028，已限制到边界
2025-09-26 15:11:19,673 - project.core.recognition.landmark_extractor - WARNING - 关键点 321 原始y坐标超出范围: 1.002，已限制到边界
2025-09-26 15:11:19,673 - project.core.recognition.landmark_extractor - WARNING - 关键点 369 原始y坐标超出范围: 1.068，已限制到边界
2025-09-26 15:11:19,673 - project.core.recognition.landmark_extractor - WARNING - 关键点 377 原始y坐标超出范围: 1.103，已限制到边界
2025-09-26 15:11:19,673 - project.core.recognition.landmark_extractor - WARNING - 关键点 378 原始y坐标超出范围: 1.058，已限制到边界
2025-09-26 15:11:19,673 - project.core.recognition.landmark_extractor - WARNING - 关键点 379 原始y坐标超出范围: 1.031，已限制到边界
2025-09-26 15:11:19,673 - project.core.recognition.landmark_extractor - WARNING - 关键点 394 原始y坐标超出范围: 1.010，已限制到边界
2025-09-26 15:11:19,673 - project.core.recognition.landmark_extractor - WARNING - 关键点 395 原始y坐标超出范围: 1.039，已限制到边界
2025-09-26 15:11:19,673 - project.core.recognition.landmark_extractor - WARNING - 关键点 396 原始y坐标超出范围: 1.090，已限制到边界
2025-09-26 15:11:19,673 - project.core.recognition.landmark_extractor - WARNING - 关键点 400 原始y坐标超出范围: 1.084，已限制到边界
2025-09-26 15:11:19,673 - project.core.recognition.landmark_extractor - WARNING - 关键点 402 原始y坐标超出范围: 1.014，已限制到边界
2025-09-26 15:11:19,673 - project.core.recognition.landmark_extractor - WARNING - 关键点 403 原始y坐标超出范围: 1.018，已限制到边界
2025-09-26 15:11:19,673 - project.core.recognition.landmark_extractor - WARNING - 关键点 404 原始y坐标超出范围: 1.023，已限制到边界
2025-09-26 15:11:19,673 - project.core.recognition.landmark_extractor - WARNING - 关键点 405 原始y坐标超出范围: 1.030，已限制到边界
2025-09-26 15:11:19,673 - project.core.recognition.landmark_extractor - WARNING - 关键点 406 原始y坐标超出范围: 1.015，已限制到边界
2025-09-26 15:11:19,673 - project.core.recognition.landmark_extractor - WARNING - 关键点 418 原始y坐标超出范围: 1.028，已限制到边界
2025-09-26 15:11:19,677 - project.core.recognition.landmark_extractor - WARNING - 关键点 421 原始y坐标超出范围: 1.049，已限制到边界
2025-09-26 15:11:19,677 - project.core.recognition.landmark_extractor - WARNING - 关键点 424 原始y坐标超出范围: 1.001，已限制到边界
2025-09-26 15:11:19,677 - project.core.recognition.landmark_extractor - WARNING - 关键点 428 原始y坐标超出范围: 1.070，已限制到边界
2025-09-26 15:11:19,689 - project.core.recognition.landmark_extractor - WARNING - 关键点 431 原始y坐标超出范围: 1.018，已限制到边界
2025-09-26 15:11:19,695 - project.core.recognition.detector - INFO - 提取到 478 个关键点
2025-09-26 15:11:19,704 - project.core.recognition.landmark_extractor - INFO - 关键点验证通过
2025-09-26 15:11:19,704 - project.core.recognition.detector - INFO - 关键点验证结果: True
2025-09-26 15:11:19,709 - project.core.recognition.detector - INFO - 人脸检测成功，提取到 478 个关键点
2025-09-26 15:11:19,709 - project.core.recognition.main - INFO - 人脸检测成功
2025-09-26 15:11:19,710 - project.core.recognition.coordinate_converter - WARNING - 关键点 14 转换失败: 无效的深度值：nan，必须大于0.1米
2025-09-26 15:11:19,710 - project.core.recognition.coordinate_converter - WARNING - 关键点 15 转换失败: 无效的深度值：nan，必须大于0.1米
2025-09-26 15:11:19,710 - project.core.recognition.coordinate_converter - WARNING - 关键点 16 转换失败: 无效的深度值：nan，必须大于0.1米
2025-09-26 15:11:19,711 - project.core.recognition.coordinate_converter - WARNING - 关键点 17 转换失败: 无效的深度值：nan，必须大于0.1米
2025-09-26 15:11:19,711 - project.core.recognition.coordinate_converter - WARNING - 关键点 18 转换失败: 无效的深度值：nan，必须大于0.1米
2025-09-26 15:11:19,711 - project.core.recognition.coordinate_converter - WARNING - 关键点 32 转换失败: 无效的深度值：nan，必须大于0.1米
2025-09-26 15:11:19,712 - project.core.recognition.coordinate_converter - WARNING - 关键点 83 转换失败: 无效的深度值：nan，必须大于0.1米
2025-09-26 15:11:19,712 - project.core.recognition.coordinate_converter - WARNING - 关键点 84 转换失败: 无效的深度值：nan，必须大于0.1米
2025-09-26 15:11:19,712 - project.core.recognition.coordinate_converter - WARNING - 关键点 85 转换失败: 无效的深度值：nan，必须大于0.1米
2025-09-26 15:11:19,713 - project.core.recognition.coordinate_converter - WARNING - 关键点 86 转换失败: 无效的深度值：nan，必须大于0.1米
2025-09-26 15:11:19,713 - project.core.recognition.coordinate_converter - WARNING - 关键点 87 转换失败: 无效的深度值：nan，必须大于0.1米
2025-09-26 15:11:19,713 - project.core.recognition.coordinate_converter - WARNING - 关键点 88 转换失败: 无效的深度值：nan，必须大于0.1米
2025-09-26 15:11:19,715 - project.core.recognition.coordinate_converter - WARNING - 关键点 89 转换失败: 无效的深度值：nan，必须大于0.1米
2025-09-26 15:11:19,715 - project.core.recognition.coordinate_converter - WARNING - 关键点 90 转换失败: 无效的深度值：nan，必须大于0.1米
2025-09-26 15:11:19,715 - project.core.recognition.coordinate_converter - WARNING - 关键点 91 转换失败: 无效的深度值：nan，必须大于0.1米
2025-09-26 15:11:19,716 - project.core.recognition.coordinate_converter - WARNING - 关键点 136 转换失败: 无效的深度值：nan，必须大于0.1米
2025-09-26 15:11:19,716 - project.core.recognition.coordinate_converter - WARNING - 关键点 140 转换失败: 无效的深度值：nan，必须大于0.1米
2025-09-26 15:11:19,716 - project.core.recognition.coordinate_converter - WARNING - 关键点 148 转换失败: 无效的深度值：nan，必须大于0.1米
2025-09-26 15:11:19,716 - project.core.recognition.coordinate_converter - WARNING - 关键点 149 转换失败: 无效的深度值：nan，必须大于0.1米
2025-09-26 15:11:19,716 - project.core.recognition.coordinate_converter - WARNING - 关键点 150 转换失败: 无效的深度值：nan，必须大于0.1米
2025-09-26 15:11:19,716 - project.core.recognition.coordinate_converter - WARNING - 关键点 152 转换失败: 无效的深度值：nan，必须大于0.1米
2025-09-26 15:11:19,718 - project.core.recognition.coordinate_converter - WARNING - 关键点 169 转换失败: 无效的深度值：nan，必须大于0.1米
2025-09-26 15:11:19,718 - project.core.recognition.coordinate_converter - WARNING - 关键点 170 转换失败: 无效的深度值：nan，必须大于0.1米
2025-09-26 15:11:19,718 - project.core.recognition.coordinate_converter - WARNING - 关键点 171 转换失败: 无效的深度值：nan，必须大于0.1米
2025-09-26 15:11:19,718 - project.core.recognition.coordinate_converter - WARNING - 关键点 175 转换失败: 无效的深度值：nan，必须大于0.1米
2025-09-26 15:11:19,718 - project.core.recognition.coordinate_converter - WARNING - 关键点 176 转换失败: 无效的深度值：nan，必须大于0.1米
2025-09-26 15:11:19,718 - project.core.recognition.coordinate_converter - WARNING - 关键点 178 转换失败: 无效的深度值：nan，必须大于0.1米
2025-09-26 15:11:19,718 - project.core.recognition.coordinate_converter - WARNING - 关键点 179 转换失败: 无效的深度值：nan，必须大于0.1米
2025-09-26 15:11:19,718 - project.core.recognition.coordinate_converter - WARNING - 关键点 180 转换失败: 无效的深度值：nan，必须大于0.1米
2025-09-26 15:11:19,718 - project.core.recognition.coordinate_converter - WARNING - 关键点 181 转换失败: 无效的深度值：nan，必须大于0.1米
2025-09-26 15:11:19,718 - project.core.recognition.coordinate_converter - WARNING - 关键点 182 转换失败: 无效的深度值：nan，必须大于0.1米
2025-09-26 15:11:19,718 - project.core.recognition.coordinate_converter - WARNING - 关键点 194 转换失败: 无效的深度值：nan，必须大于0.1米
2025-09-26 15:11:19,718 - project.core.recognition.coordinate_converter - WARNING - 关键点 199 转换失败: 无效的深度值：nan，必须大于0.1米
2025-09-26 15:11:19,718 - project.core.recognition.coordinate_converter - WARNING - 关键点 200 转换失败: 无效的深度值：nan，必须大于0.1米
2025-09-26 15:11:19,722 - project.core.recognition.coordinate_converter - WARNING - 关键点 201 转换失败: 无效的深度值：nan，必须大于0.1米
2025-09-26 15:11:19,722 - project.core.recognition.coordinate_converter - WARNING - 关键点 204 转换失败: 无效的深度值：nan，必须大于0.1米
2025-09-26 15:11:19,723 - project.core.recognition.coordinate_converter - WARNING - 关键点 208 转换失败: 无效的深度值：nan，必须大于0.1米
2025-09-26 15:11:19,723 - project.core.recognition.coordinate_converter - WARNING - 关键点 211 转换失败: 无效的深度值：nan，必须大于0.1米
2025-09-26 15:11:19,723 - project.core.recognition.coordinate_converter - WARNING - 关键点 262 转换失败: 无效的深度值：nan，必须大于0.1米
2025-09-26 15:11:19,723 - project.core.recognition.coordinate_converter - WARNING - 关键点 313 转换失败: 无效的深度值：nan，必须大于0.1米
2025-09-26 15:11:19,723 - project.core.recognition.coordinate_converter - WARNING - 关键点 314 转换失败: 无效的深度值：nan，必须大于0.1米
2025-09-26 15:11:19,723 - project.core.recognition.coordinate_converter - WARNING - 关键点 315 转换失败: 无效的深度值：nan，必须大于0.1米
2025-09-26 15:11:19,723 - project.core.recognition.coordinate_converter - WARNING - 关键点 316 转换失败: 无效的深度值：nan，必须大于0.1米
2025-09-26 15:11:19,723 - project.core.recognition.coordinate_converter - WARNING - 关键点 317 转换失败: 无效的深度值：nan，必须大于0.1米
2025-09-26 15:11:19,723 - project.core.recognition.coordinate_converter - WARNING - 关键点 320 转换失败: 无效的深度值：nan，必须大于0.1米
2025-09-26 15:11:19,723 - project.core.recognition.coordinate_converter - WARNING - 关键点 321 转换失败: 无效的深度值：nan，必须大于0.1米
2025-09-26 15:11:19,726 - project.core.recognition.coordinate_converter - WARNING - 关键点 369 转换失败: 无效的深度值：nan，必须大于0.1米
2025-09-26 15:11:19,726 - project.core.recognition.coordinate_converter - WARNING - 关键点 377 转换失败: 无效的深度值：nan，必须大于0.1米
2025-09-26 15:11:19,726 - project.core.recognition.coordinate_converter - WARNING - 关键点 378 转换失败: 无效的深度值：nan，必须大于0.1米
2025-09-26 15:11:19,726 - project.core.recognition.coordinate_converter - WARNING - 关键点 379 转换失败: 无效的深度值：nan，必须大于0.1米
2025-09-26 15:11:19,726 - project.core.recognition.coordinate_converter - WARNING - 关键点 394 转换失败: 无效的深度值：nan，必须大于0.1米
2025-09-26 15:11:19,726 - project.core.recognition.coordinate_converter - WARNING - 关键点 395 转换失败: 无效的深度值：nan，必须大于0.1米
2025-09-26 15:11:19,726 - project.core.recognition.coordinate_converter - WARNING - 关键点 396 转换失败: 无效的深度值：nan，必须大于0.1米
2025-09-26 15:11:19,726 - project.core.recognition.coordinate_converter - WARNING - 关键点 400 转换失败: 无效的深度值：nan，必须大于0.1米
2025-09-26 15:11:19,726 - project.core.recognition.coordinate_converter - WARNING - 关键点 402 转换失败: 无效的深度值：nan，必须大于0.1米
2025-09-26 15:11:19,726 - project.core.recognition.coordinate_converter - WARNING - 关键点 403 转换失败: 无效的深度值：nan，必须大于0.1米
2025-09-26 15:11:19,726 - project.core.recognition.coordinate_converter - WARNING - 关键点 404 转换失败: 无效的深度值：nan，必须大于0.1米
2025-09-26 15:11:19,726 - project.core.recognition.coordinate_converter - WARNING - 关键点 405 转换失败: 无效的深度值：nan，必须大于0.1米
2025-09-26 15:11:19,726 - project.core.recognition.coordinate_converter - WARNING - 关键点 406 转换失败: 无效的深度值：nan，必须大于0.1米
2025-09-26 15:11:19,726 - project.core.recognition.coordinate_converter - WARNING - 关键点 418 转换失败: 无效的深度值：nan，必须大于0.1米
2025-09-26 15:11:19,726 - project.core.recognition.coordinate_converter - WARNING - 关键点 421 转换失败: 无效的深度值：nan，必须大于0.1米
2025-09-26 15:11:19,726 - project.core.recognition.coordinate_converter - WARNING - 关键点 424 转换失败: 无效的深度值：nan，必须大于0.1米
2025-09-26 15:11:19,726 - project.core.recognition.coordinate_converter - WARNING - 关键点 428 转换失败: 无效的深度值：nan，必须大于0.1米
2025-09-26 15:11:19,726 - project.core.recognition.coordinate_converter - WARNING - 关键点 431 转换失败: 无效的深度值：nan，必须大于0.1米
2025-09-26 15:11:19,730 - project.data.data_manager - INFO - RecgFitDataManager初始化 - debug_log: True, key_coordinates: True
2025-09-26 15:11:19,730 - project.data.data_manager - INFO - RecgFitDataManager初始化完成
2025-09-26 15:11:19,730 - __main__ - INFO - 收到识别完成信号，开始拟合...
2025-09-26 15:11:19,730 - __main__ - INFO - 开始拟合frame_id: 28
2025-09-26 15:11:19,730 - __main__ - INFO - 等待识别完成信号...
2025-09-26 15:11:19,730 - root - INFO - 数据质量: {'point_count': 12, 'fitting_point_count': 0, 'constraint_point_count': 12, 'visibility': 0.8837622493414797}
2025-09-26 15:11:19,730 - root - INFO - 选择策略: medium_quality
2025-09-26 15:11:19,730 - root - WARNING - 没有拟合点，无法进行优化
2025-09-26 15:11:19,730 - root - WARNING - 没有拟合点，无法进行优化
2025-09-26 15:11:19,730 - root - WARNING - 没有拟合点，无法进行优化
2025-09-26 15:11:19,730 - root - WARNING - 没有拟合点，无法进行优化
2025-09-26 15:11:19,730 - root - WARNING - 没有拟合点，无法进行优化
2025-09-26 15:11:19,730 - root - WARNING - 没有拟合点，无法进行优化
2025-09-26 15:11:19,730 - root - WARNING - 没有拟合点，无法进行优化
2025-09-26 15:11:19,730 - root - WARNING - 没有拟合点，无法进行优化
2025-09-26 15:11:19,735 - root - WARNING - 没有拟合点，无法进行优化
2025-09-26 15:11:19,735 - root - WARNING - 没有拟合点，无法进行优化
2025-09-26 15:11:19,735 - root - WARNING - 没有拟合点，无法进行优化
2025-09-26 15:11:19,735 - root - WARNING - 没有拟合点，无法进行优化
2025-09-26 15:11:19,735 - root - WARNING - 没有拟合点，无法进行优化
2025-09-26 15:11:19,735 - root - WARNING - 没有拟合点，无法进行优化
2025-09-26 15:11:19,735 - root - WARNING - 没有拟合点，无法进行优化
2025-09-26 15:11:19,735 - root - WARNING - 没有拟合点，无法进行优化
2025-09-26 15:11:19,735 - root - WARNING - 没有拟合点，无法进行优化
2025-09-26 15:11:19,735 - root - WARNING - 没有拟合点，无法进行优化
2025-09-26 15:11:19,735 - root - WARNING - 没有拟合点，无法进行优化
2025-09-26 15:11:19,735 - root - WARNING - 没有拟合点，无法进行优化
2025-09-26 15:11:19,739 - root - INFO - 数据质量: {'point_count': 11, 'fitting_point_count': 0, 'constraint_point_count': 11, 'visibility': 0.9772836677669854}
2025-09-26 15:11:19,739 - root - INFO - 选择策略: high_quality
2025-09-26 15:11:19,739 - root - WARNING - 没有拟合点，无法进行优化
2025-09-26 15:11:19,739 - project.core.fitting.main - INFO - ==============================================
2025-09-26 15:11:19,739 - project.core.fitting.main - INFO - 拟合结果:
2025-09-26 15:11:19,739 - project.core.fitting.main - INFO -   LEFT 眼: 拟合结果：
 球心：[0 0 0]
 半径：12.0
 置信度：0.0
 收敛：False
 迭代次数：0
 最终残差范数：inf
 最终delta范数：inf
 使用策略：ransac
2025-09-26 15:11:19,739 - project.core.fitting.main - INFO -   RIGHT 眼: 拟合结果：
 球心：[0 0 0]
 半径：12.0
 置信度：0.0
 收敛：False
 迭代次数：0
 最终残差范数：inf
 最终delta范数：inf
 使用策略：lm
2025-09-26 15:11:19,739 - project.core.fitting.main - INFO - ==============================================
2025-09-26 15:11:19,739 - project.core.fitting.main - ERROR - 拟合过程中发生异常: list index out of range
2025-09-26 15:11:19,739 - project.core.fitting.main - ERROR - 异常堆栈: Traceback (most recent call last):
  File "C:\Users\86158\Desktop\gaze_venv\gaze-refactor\project\core\fitting\main.py", line 42, in run
    pupil_center = self.data_manager.get_coordinate_point(eye, "pupil")[0]
                   ~~~~~~~~~~~~~~~~~~~~~~~~~~~~~~~~~~~~~~~~~~~~~~~~~~~~^^^
IndexError: list index out of range

2025-09-26 15:11:19,847 - project.data.data_manager - WARNING - 非RGB-D摄像头，使用默认深度图
2025-09-26 15:11:19,899 - project.core.recognition.landmark_extractor - WARNING - 关键点 0 原始y坐标超出范围: 1.049，已限制到边界
2025-09-26 15:11:19,899 - project.core.recognition.landmark_extractor - WARNING - 关键点 1 原始y坐标超出范围: 1.009，已限制到边界
2025-09-26 15:11:19,899 - project.core.recognition.landmark_extractor - WARNING - 关键点 2 原始y坐标超出范围: 1.014，已限制到边界
2025-09-26 15:11:19,899 - project.core.recognition.landmark_extractor - WARNING - 关键点 11 原始y坐标超出范围: 1.055，已限制到边界
2025-09-26 15:11:19,900 - project.core.recognition.landmark_extractor - WARNING - 关键点 12 原始y坐标超出范围: 1.061，已限制到边界
2025-09-26 15:11:19,901 - project.core.recognition.landmark_extractor - WARNING - 关键点 13 原始y坐标超出范围: 1.065，已限制到边界
2025-09-26 15:11:19,901 - project.core.recognition.landmark_extractor - WARNING - 关键点 14 原始y坐标超出范围: 1.068，已限制到边界
2025-09-26 15:11:19,901 - project.core.recognition.landmark_extractor - WARNING - 关键点 15 原始y坐标超出范围: 1.074，已限制到边界
2025-09-26 15:11:19,901 - project.core.recognition.landmark_extractor - WARNING - 关键点 16 原始y坐标超出范围: 1.083，已限制到边界
2025-09-26 15:11:19,901 - project.core.recognition.landmark_extractor - WARNING - 关键点 17 原始y坐标超出范围: 1.091，已限制到边界
2025-09-26 15:11:19,901 - project.core.recognition.landmark_extractor - WARNING - 关键点 18 原始y坐标超出范围: 1.115，已限制到边界
2025-09-26 15:11:19,901 - project.core.recognition.landmark_extractor - WARNING - 关键点 19 原始y坐标超出范围: 1.015，已限制到边界
2025-09-26 15:11:19,903 - project.core.recognition.landmark_extractor - WARNING - 关键点 20 原始y坐标超出范围: 1.009，已限制到边界
2025-09-26 15:11:19,905 - project.core.recognition.landmark_extractor - WARNING - 关键点 32 原始y坐标超出范围: 1.139，已限制到边界
2025-09-26 15:11:19,906 - project.core.recognition.landmark_extractor - WARNING - 关键点 37 原始y坐标超出范围: 1.048，已限制到边界
2025-09-26 15:11:19,907 - project.core.recognition.landmark_extractor - WARNING - 关键点 38 原始y坐标超出范围: 1.062，已限制到边界
2025-09-26 15:11:19,907 - project.core.recognition.landmark_extractor - WARNING - 关键点 39 原始y坐标超出范围: 1.055，已限制到边界
2025-09-26 15:11:19,907 - project.core.recognition.landmark_extractor - WARNING - 关键点 40 原始y坐标超出范围: 1.061，已限制到边界
2025-09-26 15:11:19,907 - project.core.recognition.landmark_extractor - WARNING - 关键点 41 原始y坐标超出范围: 1.064，已限制到边界
2025-09-26 15:11:19,907 - project.core.recognition.landmark_extractor - WARNING - 关键点 42 原始y坐标超出范围: 1.066，已限制到边界
2025-09-26 15:11:19,907 - project.core.recognition.landmark_extractor - WARNING - 关键点 43 原始y坐标超出范围: 1.068，已限制到边界
2025-09-26 15:11:19,907 - project.core.recognition.landmark_extractor - WARNING - 关键点 44 原始y坐标超出范围: 1.008，已限制到边界
2025-09-26 15:11:19,909 - project.core.recognition.landmark_extractor - WARNING - 关键点 57 原始y坐标超出范围: 1.050，已限制到边界
2025-09-26 15:11:19,909 - project.core.recognition.landmark_extractor - WARNING - 关键点 58 原始y坐标超出范围: 1.008，已限制到边界
2025-09-26 15:11:19,909 - project.core.recognition.landmark_extractor - WARNING - 关键点 60 原始y坐标超出范围: 1.003，已限制到边界
2025-09-26 15:11:19,909 - project.core.recognition.landmark_extractor - WARNING - 关键点 61 原始y坐标超出范围: 1.071，已限制到边界
2025-09-26 15:11:19,909 - project.core.recognition.landmark_extractor - WARNING - 关键点 62 原始y坐标超出范围: 1.071，已限制到边界
2025-09-26 15:11:19,909 - project.core.recognition.landmark_extractor - WARNING - 关键点 72 原始y坐标超出范围: 1.056，已限制到边界
2025-09-26 15:11:19,909 - project.core.recognition.landmark_extractor - WARNING - 关键点 73 原始y坐标超出范围: 1.060，已限制到边界
2025-09-26 15:11:19,909 - project.core.recognition.landmark_extractor - WARNING - 关键点 74 原始y坐标超出范围: 1.064，已限制到边界
2025-09-26 15:11:19,909 - project.core.recognition.landmark_extractor - WARNING - 关键点 76 原始y坐标超出范围: 1.071，已限制到边界
2025-09-26 15:11:19,909 - project.core.recognition.landmark_extractor - WARNING - 关键点 77 原始y坐标超出范围: 1.074，已限制到边界
2025-09-26 15:11:19,912 - project.core.recognition.landmark_extractor - WARNING - 关键点 78 原始y坐标超出范围: 1.070，已限制到边界
2025-09-26 15:11:19,912 - project.core.recognition.landmark_extractor - WARNING - 关键点 80 原始y坐标超出范围: 1.068，已限制到边界
2025-09-26 15:11:19,912 - project.core.recognition.landmark_extractor - WARNING - 关键点 81 原始y坐标超出范围: 1.067，已限制到边界
2025-09-26 15:11:19,912 - project.core.recognition.landmark_extractor - WARNING - 关键点 82 原始y坐标超出范围: 1.066，已限制到边界
2025-09-26 15:11:19,913 - project.core.recognition.landmark_extractor - WARNING - 关键点 83 原始y坐标超出范围: 1.113，已限制到边界
2025-09-26 15:11:19,913 - project.core.recognition.landmark_extractor - WARNING - 关键点 84 原始y坐标超出范围: 1.091，已限制到边界
2025-09-26 15:11:19,913 - project.core.recognition.landmark_extractor - WARNING - 关键点 85 原始y坐标超出范围: 1.083，已限制到边界
2025-09-26 15:11:19,913 - project.core.recognition.landmark_extractor - WARNING - 关键点 86 原始y坐标超出范围: 1.075，已限制到边界
2025-09-26 15:11:19,913 - project.core.recognition.landmark_extractor - WARNING - 关键点 87 原始y坐标超出范围: 1.068，已限制到边界
2025-09-26 15:11:19,913 - project.core.recognition.landmark_extractor - WARNING - 关键点 88 原始y坐标超出范围: 1.069，已限制到边界
2025-09-26 15:11:19,913 - project.core.recognition.landmark_extractor - WARNING - 关键点 89 原始y坐标超出范围: 1.073，已限制到边界
2025-09-26 15:11:19,913 - project.core.recognition.landmark_extractor - WARNING - 关键点 90 原始y坐标超出范围: 1.077，已限制到边界
2025-09-26 15:11:19,913 - project.core.recognition.landmark_extractor - WARNING - 关键点 91 原始y坐标超出范围: 1.081，已限制到边界
2025-09-26 15:11:19,913 - project.core.recognition.landmark_extractor - WARNING - 关键点 92 原始y坐标超出范围: 1.030，已限制到边界
2025-09-26 15:11:19,913 - project.core.recognition.landmark_extractor - WARNING - 关键点 94 原始y坐标超出范围: 1.015，已限制到边界
2025-09-26 15:11:19,913 - project.core.recognition.landmark_extractor - WARNING - 关键点 95 原始y坐标超出范围: 1.070，已限制到边界
2025-09-26 15:11:19,913 - project.core.recognition.landmark_extractor - WARNING - 关键点 96 原始y坐标超出范围: 1.072，已限制到边界
2025-09-26 15:11:19,913 - project.core.recognition.landmark_extractor - WARNING - 关键点 97 原始y坐标超出范围: 1.011，已限制到边界
2025-09-26 15:11:19,913 - project.core.recognition.landmark_extractor - WARNING - 关键点 99 原始y坐标超出范围: 1.007，已限制到边界
2025-09-26 15:11:19,913 - project.core.recognition.landmark_extractor - WARNING - 关键点 106 原始y坐标超出范围: 1.086，已限制到边界
2025-09-26 15:11:19,913 - project.core.recognition.landmark_extractor - WARNING - 关键点 125 原始y坐标超出范围: 1.014，已限制到边界
2025-09-26 15:11:19,913 - project.core.recognition.landmark_extractor - WARNING - 关键点 135 原始y坐标超出范围: 1.079，已限制到边界
2025-09-26 15:11:19,913 - project.core.recognition.landmark_extractor - WARNING - 关键点 136 原始y坐标超出范围: 1.096，已限制到边界
2025-09-26 15:11:19,918 - project.core.recognition.landmark_extractor - WARNING - 关键点 138 原始y坐标超出范围: 1.047，已限制到边界
2025-09-26 15:11:19,919 - project.core.recognition.landmark_extractor - WARNING - 关键点 140 原始y坐标超出范围: 1.162，已限制到边界
2025-09-26 15:11:19,920 - project.core.recognition.landmark_extractor - WARNING - 关键点 141 原始y坐标超出范围: 1.015，已限制到边界
2025-09-26 15:11:19,920 - project.core.recognition.landmark_extractor - WARNING - 关键点 146 原始y坐标超出范围: 1.076，已限制到边界
2025-09-26 15:11:19,921 - project.core.recognition.landmark_extractor - WARNING - 关键点 148 原始y坐标超出范围: 1.193，已限制到边界
2025-09-26 15:11:19,921 - project.core.recognition.landmark_extractor - WARNING - 关键点 149 原始y坐标超出范围: 1.156，已限制到边界
2025-09-26 15:11:19,921 - project.core.recognition.landmark_extractor - WARNING - 关键点 150 原始y坐标超出范围: 1.131，已限制到边界
2025-09-26 15:11:19,922 - project.core.recognition.landmark_extractor - WARNING - 关键点 152 原始y坐标超出范围: 1.197，已限制到边界
2025-09-26 15:11:19,922 - project.core.recognition.landmark_extractor - WARNING - 关键点 164 原始y坐标超出范围: 1.025，已限制到边界
2025-09-26 15:11:19,922 - project.core.recognition.landmark_extractor - WARNING - 关键点 165 原始y坐标超出范围: 1.024，已限制到边界
2025-09-26 15:11:19,922 - project.core.recognition.landmark_extractor - WARNING - 关键点 167 原始y坐标超出范围: 1.025，已限制到边界
2025-09-26 15:11:19,922 - project.core.recognition.landmark_extractor - WARNING - 关键点 169 原始y坐标超出范围: 1.111，已限制到边界
2025-09-26 15:11:19,922 - project.core.recognition.landmark_extractor - WARNING - 关键点 170 原始y坐标超出范围: 1.137，已限制到边界
2025-09-26 15:11:19,922 - project.core.recognition.landmark_extractor - WARNING - 关键点 171 原始y坐标超出范围: 1.178，已限制到边界
2025-09-26 15:11:19,922 - project.core.recognition.landmark_extractor - WARNING - 关键点 172 原始y坐标超出范围: 1.056，已限制到边界
2025-09-26 15:11:19,922 - project.core.recognition.landmark_extractor - WARNING - 关键点 175 原始y坐标超出范围: 1.183，已限制到边界
2025-09-26 15:11:19,922 - project.core.recognition.landmark_extractor - WARNING - 关键点 176 原始y坐标超出范围: 1.179，已限制到边界
2025-09-26 15:11:19,922 - project.core.recognition.landmark_extractor - WARNING - 关键点 178 原始y坐标超出范围: 1.069，已限制到边界
2025-09-26 15:11:19,922 - project.core.recognition.landmark_extractor - WARNING - 关键点 179 原始y坐标超出范围: 1.074，已限制到边界
2025-09-26 15:11:19,922 - project.core.recognition.landmark_extractor - WARNING - 关键点 180 原始y坐标超出范围: 1.080，已限制到边界
2025-09-26 15:11:19,922 - project.core.recognition.landmark_extractor - WARNING - 关键点 181 原始y坐标超出范围: 1.088，已限制到边界
2025-09-26 15:11:19,922 - project.core.recognition.landmark_extractor - WARNING - 关键点 182 原始y坐标超出范围: 1.103，已限制到边界
2025-09-26 15:11:19,922 - project.core.recognition.landmark_extractor - WARNING - 关键点 183 原始y坐标超出范围: 1.069，已限制到边界
2025-09-26 15:11:19,922 - project.core.recognition.landmark_extractor - WARNING - 关键点 184 原始y坐标超出范围: 1.068，已限制到边界
2025-09-26 15:11:19,922 - project.core.recognition.landmark_extractor - WARNING - 关键点 185 原始y坐标超出范围: 1.066，已限制到边界
2025-09-26 15:11:19,922 - project.core.recognition.landmark_extractor - WARNING - 关键点 186 原始y坐标超出范围: 1.039，已限制到边界
2025-09-26 15:11:19,926 - project.core.recognition.landmark_extractor - WARNING - 关键点 191 原始y坐标超出范围: 1.069，已限制到边界
2025-09-26 15:11:19,926 - project.core.recognition.landmark_extractor - WARNING - 关键点 192 原始y坐标超出范围: 1.026，已限制到边界
2025-09-26 15:11:19,926 - project.core.recognition.landmark_extractor - WARNING - 关键点 194 原始y坐标超出范围: 1.118，已限制到边界
2025-09-26 15:11:19,926 - project.core.recognition.landmark_extractor - WARNING - 关键点 199 原始y坐标超出范围: 1.161，已限制到边界
2025-09-26 15:11:19,926 - project.core.recognition.landmark_extractor - WARNING - 关键点 200 原始y坐标超出范围: 1.135，已限制到边界
2025-09-26 15:11:19,928 - project.core.recognition.landmark_extractor - WARNING - 关键点 201 原始y坐标超出范围: 1.132，已限制到边界
2025-09-26 15:11:19,928 - project.core.recognition.landmark_extractor - WARNING - 关键点 202 原始y坐标超出范围: 1.075，已限制到边界
2025-09-26 15:11:19,928 - project.core.recognition.landmark_extractor - WARNING - 关键点 204 原始y坐标超出范围: 1.098，已限制到边界
2025-09-26 15:11:19,928 - project.core.recognition.landmark_extractor - WARNING - 关键点 206 原始y坐标超出范围: 1.002，已限制到边界
2025-09-26 15:11:19,928 - project.core.recognition.landmark_extractor - WARNING - 关键点 207 原始y坐标超出范围: 1.005，已限制到边界
2025-09-26 15:11:19,928 - project.core.recognition.landmark_extractor - WARNING - 关键点 208 原始y坐标超出范围: 1.156，已限制到边界
2025-09-26 15:11:19,928 - project.core.recognition.landmark_extractor - WARNING - 关键点 210 原始y坐标超出范围: 1.090，已限制到边界
2025-09-26 15:11:19,928 - project.core.recognition.landmark_extractor - WARNING - 关键点 211 原始y坐标超出范围: 1.116，已限制到边界
2025-09-26 15:11:19,928 - project.core.recognition.landmark_extractor - WARNING - 关键点 212 原始y坐标超出范围: 1.051，已限制到边界
2025-09-26 15:11:19,928 - project.core.recognition.landmark_extractor - WARNING - 关键点 214 原始y坐标超出范围: 1.052，已限制到边界
2025-09-26 15:11:19,928 - project.core.recognition.landmark_extractor - WARNING - 关键点 215 原始y坐标超出范围: 1.005，已限制到边界
2025-09-26 15:11:19,928 - project.core.recognition.landmark_extractor - WARNING - 关键点 216 原始y坐标超出范围: 1.022，已限制到边界
2025-09-26 15:11:19,930 - project.core.recognition.landmark_extractor - WARNING - 关键点 237 原始y坐标超出范围: 1.003，已限制到边界
2025-09-26 15:11:19,930 - project.core.recognition.landmark_extractor - WARNING - 关键点 238 原始y坐标超出范围: 1.009，已限制到边界
2025-09-26 15:11:19,930 - project.core.recognition.landmark_extractor - WARNING - 关键点 239 原始y坐标超出范围: 1.003，已限制到边界
2025-09-26 15:11:19,930 - project.core.recognition.landmark_extractor - WARNING - 关键点 241 原始y坐标超出范围: 1.012，已限制到边界
2025-09-26 15:11:19,930 - project.core.recognition.landmark_extractor - WARNING - 关键点 242 原始y坐标超出范围: 1.013，已限制到边界
2025-09-26 15:11:19,930 - project.core.recognition.landmark_extractor - WARNING - 关键点 250 原始y坐标超出范围: 1.006，已限制到边界
2025-09-26 15:11:19,930 - project.core.recognition.landmark_extractor - WARNING - 关键点 262 原始y坐标超出范围: 1.131，已限制到边界
2025-09-26 15:11:19,930 - project.core.recognition.landmark_extractor - WARNING - 关键点 267 原始y坐标超出范围: 1.045，已限制到边界
2025-09-26 15:11:19,930 - project.core.recognition.landmark_extractor - WARNING - 关键点 268 原始y坐标超出范围: 1.059，已限制到边界
2025-09-26 15:11:19,930 - project.core.recognition.landmark_extractor - WARNING - 关键点 269 原始y坐标超出范围: 1.048，已限制到边界
2025-09-26 15:11:19,930 - project.core.recognition.landmark_extractor - WARNING - 关键点 270 原始y坐标超出范围: 1.053，已限制到边界
2025-09-26 15:11:19,930 - project.core.recognition.landmark_extractor - WARNING - 关键点 271 原始y坐标超出范围: 1.059，已限制到边界
2025-09-26 15:11:19,930 - project.core.recognition.landmark_extractor - WARNING - 关键点 272 原始y坐标超出范围: 1.059，已限制到边界
2025-09-26 15:11:19,930 - project.core.recognition.landmark_extractor - WARNING - 关键点 273 原始y坐标超出范围: 1.055，已限制到边界
2025-09-26 15:11:19,930 - project.core.recognition.landmark_extractor - WARNING - 关键点 274 原始y坐标超出范围: 1.006，已限制到边界
2025-09-26 15:11:19,930 - project.core.recognition.landmark_extractor - WARNING - 关键点 287 原始y坐标超出范围: 1.035，已限制到边界
2025-09-26 15:11:19,930 - project.core.recognition.landmark_extractor - WARNING - 关键点 291 原始y坐标超出范围: 1.060，已限制到边界
2025-09-26 15:11:19,935 - project.core.recognition.landmark_extractor - WARNING - 关键点 292 原始y坐标超出范围: 1.061，已限制到边界
2025-09-26 15:11:19,935 - project.core.recognition.landmark_extractor - WARNING - 关键点 302 原始y坐标超出范围: 1.053，已限制到边界
2025-09-26 15:11:19,935 - project.core.recognition.landmark_extractor - WARNING - 关键点 303 原始y坐标超出范围: 1.054，已限制到边界
2025-09-26 15:11:19,935 - project.core.recognition.landmark_extractor - WARNING - 关键点 304 原始y坐标超出范围: 1.056，已限制到边界
2025-09-26 15:11:19,935 - project.core.recognition.landmark_extractor - WARNING - 关键点 306 原始y坐标超出范围: 1.060，已限制到边界
2025-09-26 15:11:19,935 - project.core.recognition.landmark_extractor - WARNING - 关键点 307 原始y坐标超出范围: 1.064，已限制到边界
2025-09-26 15:11:19,935 - project.core.recognition.landmark_extractor - WARNING - 关键点 308 原始y坐标超出范围: 1.061，已限制到边界
2025-09-26 15:11:19,935 - project.core.recognition.landmark_extractor - WARNING - 关键点 310 原始y坐标超出范围: 1.061，已限制到边界
2025-09-26 15:11:19,935 - project.core.recognition.landmark_extractor - WARNING - 关键点 311 原始y坐标超出范围: 1.062，已限制到边界
2025-09-26 15:11:19,935 - project.core.recognition.landmark_extractor - WARNING - 关键点 312 原始y坐标超出范围: 1.063，已限制到边界
2025-09-26 15:11:19,935 - project.core.recognition.landmark_extractor - WARNING - 关键点 313 原始y坐标超出范围: 1.110，已限制到边界
2025-09-26 15:11:19,935 - project.core.recognition.landmark_extractor - WARNING - 关键点 314 原始y坐标超出范围: 1.087，已限制到边界
2025-09-26 15:11:19,939 - project.core.recognition.landmark_extractor - WARNING - 关键点 315 原始y坐标超出范围: 1.079，已限制到边界
2025-09-26 15:11:19,939 - project.core.recognition.landmark_extractor - WARNING - 关键点 316 原始y坐标超出范围: 1.071，已限制到边界
2025-09-26 15:11:19,939 - project.core.recognition.landmark_extractor - WARNING - 关键点 317 原始y坐标超出范围: 1.065，已限制到边界
2025-09-26 15:11:19,939 - project.core.recognition.landmark_extractor - WARNING - 关键点 318 原始y坐标超出范围: 1.062，已限制到边界
2025-09-26 15:11:19,939 - project.core.recognition.landmark_extractor - WARNING - 关键点 319 原始y坐标超出范围: 1.065，已限制到边界
2025-09-26 15:11:19,939 - project.core.recognition.landmark_extractor - WARNING - 关键点 320 原始y坐标超出范围: 1.068，已限制到边界
2025-09-26 15:11:19,939 - project.core.recognition.landmark_extractor - WARNING - 关键点 321 原始y坐标超出范围: 1.072，已限制到边界
2025-09-26 15:11:19,939 - project.core.recognition.landmark_extractor - WARNING - 关键点 322 原始y坐标超出范围: 1.017，已限制到边界
2025-09-26 15:11:19,939 - project.core.recognition.landmark_extractor - WARNING - 关键点 324 原始y坐标超出范围: 1.061，已限制到边界
2025-09-26 15:11:19,939 - project.core.recognition.landmark_extractor - WARNING - 关键点 325 原始y坐标超出范围: 1.063，已限制到边界
2025-09-26 15:11:19,939 - project.core.recognition.landmark_extractor - WARNING - 关键点 326 原始y坐标超出范围: 1.006，已限制到边界
2025-09-26 15:11:19,939 - project.core.recognition.landmark_extractor - WARNING - 关键点 328 原始y坐标超出范围: 1.002，已限制到边界
2025-09-26 15:11:19,939 - project.core.recognition.landmark_extractor - WARNING - 关键点 335 原始y坐标超出范围: 1.076，已限制到边界
2025-09-26 15:11:19,939 - project.core.recognition.landmark_extractor - WARNING - 关键点 354 原始y坐标超出范围: 1.013，已限制到边界
2025-09-26 15:11:19,939 - project.core.recognition.landmark_extractor - WARNING - 关键点 364 原始y坐标超出范围: 1.060，已限制到边界
2025-09-26 15:11:19,939 - project.core.recognition.landmark_extractor - WARNING - 关键点 365 原始y坐标超出范围: 1.078，已限制到边界
2025-09-26 15:11:19,943 - project.core.recognition.landmark_extractor - WARNING - 关键点 367 原始y坐标超出范围: 1.024，已限制到边界
2025-09-26 15:11:19,943 - project.core.recognition.landmark_extractor - WARNING - 关键点 369 原始y坐标超出范围: 1.153，已限制到边界
2025-09-26 15:11:19,943 - project.core.recognition.landmark_extractor - WARNING - 关键点 370 原始y坐标超出范围: 1.013，已限制到边界
2025-09-26 15:11:19,943 - project.core.recognition.landmark_extractor - WARNING - 关键点 375 原始y坐标超出范围: 1.065，已限制到边界
2025-09-26 15:11:19,943 - project.core.recognition.landmark_extractor - WARNING - 关键点 377 原始y坐标超出范围: 1.189，已限制到边界
2025-09-26 15:11:19,943 - project.core.recognition.landmark_extractor - WARNING - 关键点 378 原始y坐标超出范围: 1.144，已限制到边界
2025-09-26 15:11:19,943 - project.core.recognition.landmark_extractor - WARNING - 关键点 379 原始y坐标超出范围: 1.116，已限制到边界
2025-09-26 15:11:19,943 - project.core.recognition.landmark_extractor - WARNING - 关键点 391 原始y坐标超出范围: 1.014，已限制到边界
2025-09-26 15:11:19,943 - project.core.recognition.landmark_extractor - WARNING - 关键点 393 原始y坐标超出范围: 1.021，已限制到边界
2025-09-26 15:11:19,943 - project.core.recognition.landmark_extractor - WARNING - 关键点 394 原始y坐标超出范围: 1.095，已限制到边界
2025-09-26 15:11:19,943 - project.core.recognition.landmark_extractor - WARNING - 关键点 395 原始y坐标超出范围: 1.124，已限制到边界
2025-09-26 15:11:19,943 - project.core.recognition.landmark_extractor - WARNING - 关键点 396 原始y坐标超出范围: 1.174，已限制到边界
2025-09-26 15:11:19,943 - project.core.recognition.landmark_extractor - WARNING - 关键点 397 原始y坐标超出范围: 1.035，已限制到边界
2025-09-26 15:11:19,943 - project.core.recognition.landmark_extractor - WARNING - 关键点 400 原始y坐标超出范围: 1.170，已限制到边界
2025-09-26 15:11:19,943 - project.core.recognition.landmark_extractor - WARNING - 关键点 402 原始y坐标超出范围: 1.063，已限制到边界
2025-09-26 15:11:19,943 - project.core.recognition.landmark_extractor - WARNING - 关键点 403 原始y坐标超出范围: 1.068，已限制到边界
2025-09-26 15:11:19,943 - project.core.recognition.landmark_extractor - WARNING - 关键点 404 原始y坐标超出范围: 1.073，已限制到边界
2025-09-26 15:11:19,947 - project.core.recognition.landmark_extractor - WARNING - 关键点 405 原始y坐标超出范围: 1.080，已限制到边界
2025-09-26 15:11:19,947 - project.core.recognition.landmark_extractor - WARNING - 关键点 406 原始y坐标超出范围: 1.095，已限制到边界
2025-09-26 15:11:19,947 - project.core.recognition.landmark_extractor - WARNING - 关键点 407 原始y坐标超出范围: 1.060，已限制到边界
2025-09-26 15:11:19,947 - project.core.recognition.landmark_extractor - WARNING - 关键点 408 原始y坐标超出范围: 1.058，已限制到边界
2025-09-26 15:11:19,947 - project.core.recognition.landmark_extractor - WARNING - 关键点 409 原始y坐标超出范围: 1.056，已限制到边界
2025-09-26 15:11:19,947 - project.core.recognition.landmark_extractor - WARNING - 关键点 410 原始y坐标超出范围: 1.024，已限制到边界
2025-09-26 15:11:19,947 - project.core.recognition.landmark_extractor - WARNING - 关键点 415 原始y坐标超出范围: 1.061，已限制到边界
2025-09-26 15:11:19,947 - project.core.recognition.landmark_extractor - WARNING - 关键点 416 原始y坐标超出范围: 1.002，已限制到边界
2025-09-26 15:11:19,947 - project.core.recognition.landmark_extractor - WARNING - 关键点 418 原始y坐标超出范围: 1.110，已限制到边界
2025-09-26 15:11:19,947 - project.core.recognition.landmark_extractor - WARNING - 关键点 421 原始y坐标超出范围: 1.129，已限制到边界
2025-09-26 15:11:19,947 - project.core.recognition.landmark_extractor - WARNING - 关键点 422 原始y坐标超出范围: 1.061，已限制到边界
2025-09-26 15:11:19,947 - project.core.recognition.landmark_extractor - WARNING - 关键点 424 原始y坐标超出范围: 1.087，已限制到边界
2025-09-26 15:11:19,947 - project.core.recognition.landmark_extractor - WARNING - 关键点 428 原始y坐标超出范围: 1.152，已限制到边界
2025-09-26 15:11:19,947 - project.core.recognition.landmark_extractor - WARNING - 关键点 430 原始y坐标超出范围: 1.074，已限制到边界
2025-09-26 15:11:19,947 - project.core.recognition.landmark_extractor - WARNING - 关键点 431 原始y坐标超出范围: 1.104，已限制到边界
2025-09-26 15:11:19,947 - project.core.recognition.landmark_extractor - WARNING - 关键点 432 原始y坐标超出范围: 1.034，已限制到边界
2025-09-26 15:11:19,947 - project.core.recognition.landmark_extractor - WARNING - 关键点 434 原始y坐标超出范围: 1.032，已限制到边界
2025-09-26 15:11:19,947 - project.core.recognition.landmark_extractor - WARNING - 关键点 436 原始y坐标超出范围: 1.005，已限制到边界
2025-09-26 15:11:19,947 - project.core.recognition.landmark_extractor - WARNING - 关键点 458 原始y坐标超出范围: 1.006，已限制到边界
2025-09-26 15:11:19,947 - project.core.recognition.landmark_extractor - WARNING - 关键点 461 原始y坐标超出范围: 1.010，已限制到边界
2025-09-26 15:11:19,947 - project.core.recognition.landmark_extractor - WARNING - 关键点 462 原始y坐标超出范围: 1.010，已限制到边界
2025-09-26 15:11:19,952 - project.core.recognition.detector - INFO - 提取到 478 个关键点
2025-09-26 15:11:19,952 - project.core.recognition.landmark_extractor - INFO - 关键点验证通过
2025-09-26 15:11:19,956 - project.core.recognition.detector - INFO - 关键点验证结果: True
2025-09-26 15:11:19,958 - project.core.recognition.detector - INFO - 人脸检测成功，提取到 478 个关键点
2025-09-26 15:11:19,960 - project.core.recognition.main - INFO - 人脸检测成功
2025-09-26 15:11:19,960 - project.core.recognition.coordinate_converter - WARNING - 关键点 0 转换失败: 无效的深度值：nan，必须大于0.1米
2025-09-26 15:11:19,960 - project.core.recognition.coordinate_converter - WARNING - 关键点 1 转换失败: 无效的深度值：nan，必须大于0.1米
2025-09-26 15:11:19,960 - project.core.recognition.coordinate_converter - WARNING - 关键点 2 转换失败: 无效的深度值：nan，必须大于0.1米
2025-09-26 15:11:19,960 - project.core.recognition.coordinate_converter - WARNING - 关键点 11 转换失败: 无效的深度值：nan，必须大于0.1米
2025-09-26 15:11:19,960 - project.core.recognition.coordinate_converter - WARNING - 关键点 12 转换失败: 无效的深度值：nan，必须大于0.1米
2025-09-26 15:11:19,960 - project.core.recognition.coordinate_converter - WARNING - 关键点 13 转换失败: 无效的深度值：nan，必须大于0.1米
2025-09-26 15:11:19,960 - project.core.recognition.coordinate_converter - WARNING - 关键点 14 转换失败: 无效的深度值：nan，必须大于0.1米
2025-09-26 15:11:19,960 - project.core.recognition.coordinate_converter - WARNING - 关键点 15 转换失败: 无效的深度值：nan，必须大于0.1米
2025-09-26 15:11:19,960 - project.core.recognition.coordinate_converter - WARNING - 关键点 16 转换失败: 无效的深度值：nan，必须大于0.1米
2025-09-26 15:11:19,960 - project.core.recognition.coordinate_converter - WARNING - 关键点 17 转换失败: 无效的深度值：nan，必须大于0.1米
2025-09-26 15:11:19,960 - project.core.recognition.coordinate_converter - WARNING - 关键点 18 转换失败: 无效的深度值：nan，必须大于0.1米
2025-09-26 15:11:19,960 - project.core.recognition.coordinate_converter - WARNING - 关键点 19 转换失败: 无效的深度值：nan，必须大于0.1米
2025-09-26 15:11:19,960 - project.core.recognition.coordinate_converter - WARNING - 关键点 20 转换失败: 无效的深度值：nan，必须大于0.1米
2025-09-26 15:11:19,960 - project.core.recognition.coordinate_converter - WARNING - 关键点 32 转换失败: 无效的深度值：nan，必须大于0.1米
2025-09-26 15:11:19,960 - project.core.recognition.coordinate_converter - WARNING - 关键点 37 转换失败: 无效的深度值：nan，必须大于0.1米
2025-09-26 15:11:19,960 - project.core.recognition.coordinate_converter - WARNING - 关键点 38 转换失败: 无效的深度值：nan，必须大于0.1米
2025-09-26 15:11:19,960 - project.core.recognition.coordinate_converter - WARNING - 关键点 39 转换失败: 无效的深度值：nan，必须大于0.1米
2025-09-26 15:11:19,960 - project.core.recognition.coordinate_converter - WARNING - 关键点 40 转换失败: 无效的深度值：nan，必须大于0.1米
2025-09-26 15:11:19,960 - project.core.recognition.coordinate_converter - WARNING - 关键点 41 转换失败: 无效的深度值：nan，必须大于0.1米
2025-09-26 15:11:19,960 - project.core.recognition.coordinate_converter - WARNING - 关键点 42 转换失败: 无效的深度值：nan，必须大于0.1米
2025-09-26 15:11:19,960 - project.core.recognition.coordinate_converter - WARNING - 关键点 43 转换失败: 无效的深度值：nan，必须大于0.1米
2025-09-26 15:11:19,960 - project.core.recognition.coordinate_converter - WARNING - 关键点 44 转换失败: 无效的深度值：nan，必须大于0.1米
2025-09-26 15:11:19,960 - project.core.recognition.coordinate_converter - WARNING - 关键点 57 转换失败: 无效的深度值：nan，必须大于0.1米
2025-09-26 15:11:19,960 - project.core.recognition.coordinate_converter - WARNING - 关键点 58 转换失败: 无效的深度值：nan，必须大于0.1米
2025-09-26 15:11:19,960 - project.core.recognition.coordinate_converter - WARNING - 关键点 60 转换失败: 无效的深度值：nan，必须大于0.1米
2025-09-26 15:11:19,964 - project.core.recognition.coordinate_converter - WARNING - 关键点 61 转换失败: 无效的深度值：nan，必须大于0.1米
2025-09-26 15:11:19,964 - project.core.recognition.coordinate_converter - WARNING - 关键点 62 转换失败: 无效的深度值：nan，必须大于0.1米
2025-09-26 15:11:19,964 - project.core.recognition.coordinate_converter - WARNING - 关键点 72 转换失败: 无效的深度值：nan，必须大于0.1米
2025-09-26 15:11:19,964 - project.core.recognition.coordinate_converter - WARNING - 关键点 73 转换失败: 无效的深度值：nan，必须大于0.1米
2025-09-26 15:11:19,964 - project.core.recognition.coordinate_converter - WARNING - 关键点 74 转换失败: 无效的深度值：nan，必须大于0.1米
2025-09-26 15:11:19,964 - project.core.recognition.coordinate_converter - WARNING - 关键点 76 转换失败: 无效的深度值：nan，必须大于0.1米
2025-09-26 15:11:19,964 - project.core.recognition.coordinate_converter - WARNING - 关键点 77 转换失败: 无效的深度值：nan，必须大于0.1米
2025-09-26 15:11:19,964 - project.core.recognition.coordinate_converter - WARNING - 关键点 78 转换失败: 无效的深度值：nan，必须大于0.1米
2025-09-26 15:11:19,964 - project.core.recognition.coordinate_converter - WARNING - 关键点 79 转换失败: 无效的深度值：nan，必须大于0.1米
2025-09-26 15:11:19,964 - project.core.recognition.coordinate_converter - WARNING - 关键点 80 转换失败: 无效的深度值：nan，必须大于0.1米
2025-09-26 15:11:19,964 - project.core.recognition.coordinate_converter - WARNING - 关键点 81 转换失败: 无效的深度值：nan，必须大于0.1米
2025-09-26 15:11:19,964 - project.core.recognition.coordinate_converter - WARNING - 关键点 82 转换失败: 无效的深度值：nan，必须大于0.1米
2025-09-26 15:11:19,964 - project.core.recognition.coordinate_converter - WARNING - 关键点 83 转换失败: 无效的深度值：nan，必须大于0.1米
2025-09-26 15:11:19,964 - project.core.recognition.coordinate_converter - WARNING - 关键点 84 转换失败: 无效的深度值：nan，必须大于0.1米
2025-09-26 15:11:19,964 - project.core.recognition.coordinate_converter - WARNING - 关键点 85 转换失败: 无效的深度值：nan，必须大于0.1米
2025-09-26 15:11:19,964 - project.core.recognition.coordinate_converter - WARNING - 关键点 86 转换失败: 无效的深度值：nan，必须大于0.1米
2025-09-26 15:11:19,964 - project.core.recognition.coordinate_converter - WARNING - 关键点 87 转换失败: 无效的深度值：nan，必须大于0.1米
2025-09-26 15:11:19,964 - project.core.recognition.coordinate_converter - WARNING - 关键点 88 转换失败: 无效的深度值：nan，必须大于0.1米
2025-09-26 15:11:19,964 - project.core.recognition.coordinate_converter - WARNING - 关键点 89 转换失败: 无效的深度值：nan，必须大于0.1米
2025-09-26 15:11:19,964 - project.core.recognition.coordinate_converter - WARNING - 关键点 90 转换失败: 无效的深度值：nan，必须大于0.1米
2025-09-26 15:11:19,964 - project.core.recognition.coordinate_converter - WARNING - 关键点 91 转换失败: 无效的深度值：nan，必须大于0.1米
2025-09-26 15:11:19,964 - project.core.recognition.coordinate_converter - WARNING - 关键点 92 转换失败: 无效的深度值：nan，必须大于0.1米
2025-09-26 15:11:19,964 - project.core.recognition.coordinate_converter - WARNING - 关键点 94 转换失败: 无效的深度值：nan，必须大于0.1米
2025-09-26 15:11:19,964 - project.core.recognition.coordinate_converter - WARNING - 关键点 95 转换失败: 无效的深度值：nan，必须大于0.1米
2025-09-26 15:11:19,964 - project.core.recognition.coordinate_converter - WARNING - 关键点 96 转换失败: 无效的深度值：nan，必须大于0.1米
2025-09-26 15:11:19,964 - project.core.recognition.coordinate_converter - WARNING - 关键点 97 转换失败: 无效的深度值：nan，必须大于0.1米
2025-09-26 15:11:19,968 - project.core.recognition.coordinate_converter - WARNING - 关键点 99 转换失败: 无效的深度值：nan，必须大于0.1米
2025-09-26 15:11:19,968 - project.core.recognition.coordinate_converter - WARNING - 关键点 106 转换失败: 无效的深度值：nan，必须大于0.1米
2025-09-26 15:11:19,969 - project.core.recognition.coordinate_converter - WARNING - 关键点 125 转换失败: 无效的深度值：nan，必须大于0.1米
2025-09-26 15:11:19,969 - project.core.recognition.coordinate_converter - WARNING - 关键点 135 转换失败: 无效的深度值：nan，必须大于0.1米
2025-09-26 15:11:19,969 - project.core.recognition.coordinate_converter - WARNING - 关键点 136 转换失败: 无效的深度值：nan，必须大于0.1米
2025-09-26 15:11:19,969 - project.core.recognition.coordinate_converter - WARNING - 关键点 138 转换失败: 无效的深度值：nan，必须大于0.1米
2025-09-26 15:11:19,969 - project.core.recognition.coordinate_converter - WARNING - 关键点 140 转换失败: 无效的深度值：nan，必须大于0.1米
2025-09-26 15:11:19,969 - project.core.recognition.coordinate_converter - WARNING - 关键点 141 转换失败: 无效的深度值：nan，必须大于0.1米
2025-09-26 15:11:19,969 - project.core.recognition.coordinate_converter - WARNING - 关键点 146 转换失败: 无效的深度值：nan，必须大于0.1米
2025-09-26 15:11:19,969 - project.core.recognition.coordinate_converter - WARNING - 关键点 148 转换失败: 无效的深度值：nan，必须大于0.1米
2025-09-26 15:11:19,969 - project.core.recognition.coordinate_converter - WARNING - 关键点 149 转换失败: 无效的深度值：nan，必须大于0.1米
2025-09-26 15:11:19,969 - project.core.recognition.coordinate_converter - WARNING - 关键点 150 转换失败: 无效的深度值：nan，必须大于0.1米
2025-09-26 15:11:19,969 - project.core.recognition.coordinate_converter - WARNING - 关键点 152 转换失败: 无效的深度值：nan，必须大于0.1米
2025-09-26 15:11:19,969 - project.core.recognition.coordinate_converter - WARNING - 关键点 164 转换失败: 无效的深度值：nan，必须大于0.1米
2025-09-26 15:11:19,972 - project.core.recognition.coordinate_converter - WARNING - 关键点 165 转换失败: 无效的深度值：nan，必须大于0.1米
2025-09-26 15:11:19,972 - project.core.recognition.coordinate_converter - WARNING - 关键点 167 转换失败: 无效的深度值：nan，必须大于0.1米
2025-09-26 15:11:19,972 - project.core.recognition.coordinate_converter - WARNING - 关键点 169 转换失败: 无效的深度值：nan，必须大于0.1米
2025-09-26 15:11:19,972 - project.core.recognition.coordinate_converter - WARNING - 关键点 170 转换失败: 无效的深度值：nan，必须大于0.1米
2025-09-26 15:11:19,972 - project.core.recognition.coordinate_converter - WARNING - 关键点 171 转换失败: 无效的深度值：nan，必须大于0.1米
2025-09-26 15:11:19,972 - project.core.recognition.coordinate_converter - WARNING - 关键点 172 转换失败: 无效的深度值：nan，必须大于0.1米
2025-09-26 15:11:19,972 - project.core.recognition.coordinate_converter - WARNING - 关键点 175 转换失败: 无效的深度值：nan，必须大于0.1米
2025-09-26 15:11:19,972 - project.core.recognition.coordinate_converter - WARNING - 关键点 176 转换失败: 无效的深度值：nan，必须大于0.1米
2025-09-26 15:11:19,972 - project.core.recognition.coordinate_converter - WARNING - 关键点 178 转换失败: 无效的深度值：nan，必须大于0.1米
2025-09-26 15:11:19,972 - project.core.recognition.coordinate_converter - WARNING - 关键点 179 转换失败: 无效的深度值：nan，必须大于0.1米
2025-09-26 15:11:19,972 - project.core.recognition.coordinate_converter - WARNING - 关键点 180 转换失败: 无效的深度值：nan，必须大于0.1米
2025-09-26 15:11:19,972 - project.core.recognition.coordinate_converter - WARNING - 关键点 181 转换失败: 无效的深度值：nan，必须大于0.1米
2025-09-26 15:11:19,972 - project.core.recognition.coordinate_converter - WARNING - 关键点 182 转换失败: 无效的深度值：nan，必须大于0.1米
2025-09-26 15:11:19,972 - project.core.recognition.coordinate_converter - WARNING - 关键点 183 转换失败: 无效的深度值：nan，必须大于0.1米
2025-09-26 15:11:19,972 - project.core.recognition.coordinate_converter - WARNING - 关键点 184 转换失败: 无效的深度值：nan，必须大于0.1米
2025-09-26 15:11:19,972 - project.core.recognition.coordinate_converter - WARNING - 关键点 185 转换失败: 无效的深度值：nan，必须大于0.1米
2025-09-26 15:11:19,972 - project.core.recognition.coordinate_converter - WARNING - 关键点 186 转换失败: 无效的深度值：nan，必须大于0.1米
2025-09-26 15:11:19,972 - project.core.recognition.coordinate_converter - WARNING - 关键点 191 转换失败: 无效的深度值：nan，必须大于0.1米
2025-09-26 15:11:19,972 - project.core.recognition.coordinate_converter - WARNING - 关键点 192 转换失败: 无效的深度值：nan，必须大于0.1米
2025-09-26 15:11:19,972 - project.core.recognition.coordinate_converter - WARNING - 关键点 194 转换失败: 无效的深度值：nan，必须大于0.1米
2025-09-26 15:11:19,972 - project.core.recognition.coordinate_converter - WARNING - 关键点 199 转换失败: 无效的深度值：nan，必须大于0.1米
2025-09-26 15:11:19,972 - project.core.recognition.coordinate_converter - WARNING - 关键点 200 转换失败: 无效的深度值：nan，必须大于0.1米
2025-09-26 15:11:19,972 - project.core.recognition.coordinate_converter - WARNING - 关键点 201 转换失败: 无效的深度值：nan，必须大于0.1米
2025-09-26 15:11:19,972 - project.core.recognition.coordinate_converter - WARNING - 关键点 202 转换失败: 无效的深度值：nan，必须大于0.1米
2025-09-26 15:11:19,976 - project.core.recognition.coordinate_converter - WARNING - 关键点 204 转换失败: 无效的深度值：nan，必须大于0.1米
2025-09-26 15:11:19,976 - project.core.recognition.coordinate_converter - WARNING - 关键点 206 转换失败: 无效的深度值：nan，必须大于0.1米
2025-09-26 15:11:19,976 - project.core.recognition.coordinate_converter - WARNING - 关键点 207 转换失败: 无效的深度值：nan，必须大于0.1米
2025-09-26 15:11:19,976 - project.core.recognition.coordinate_converter - WARNING - 关键点 208 转换失败: 无效的深度值：nan，必须大于0.1米
2025-09-26 15:11:19,976 - project.core.recognition.coordinate_converter - WARNING - 关键点 210 转换失败: 无效的深度值：nan，必须大于0.1米
2025-09-26 15:11:19,976 - project.core.recognition.coordinate_converter - WARNING - 关键点 211 转换失败: 无效的深度值：nan，必须大于0.1米
2025-09-26 15:11:19,976 - project.core.recognition.coordinate_converter - WARNING - 关键点 212 转换失败: 无效的深度值：nan，必须大于0.1米
2025-09-26 15:11:19,976 - project.core.recognition.coordinate_converter - WARNING - 关键点 213 转换失败: 无效的深度值：nan，必须大于0.1米
2025-09-26 15:11:19,976 - project.core.recognition.coordinate_converter - WARNING - 关键点 214 转换失败: 无效的深度值：nan，必须大于0.1米
2025-09-26 15:11:19,976 - project.core.recognition.coordinate_converter - WARNING - 关键点 215 转换失败: 无效的深度值：nan，必须大于0.1米
2025-09-26 15:11:19,976 - project.core.recognition.coordinate_converter - WARNING - 关键点 216 转换失败: 无效的深度值：nan，必须大于0.1米
2025-09-26 15:11:19,976 - project.core.recognition.coordinate_converter - WARNING - 关键点 237 转换失败: 无效的深度值：nan，必须大于0.1米
2025-09-26 15:11:19,976 - project.core.recognition.coordinate_converter - WARNING - 关键点 238 转换失败: 无效的深度值：nan，必须大于0.1米
2025-09-26 15:11:19,976 - project.core.recognition.coordinate_converter - WARNING - 关键点 239 转换失败: 无效的深度值：nan，必须大于0.1米
2025-09-26 15:11:19,976 - project.core.recognition.coordinate_converter - WARNING - 关键点 241 转换失败: 无效的深度值：nan，必须大于0.1米
2025-09-26 15:11:19,976 - project.core.recognition.coordinate_converter - WARNING - 关键点 242 转换失败: 无效的深度值：nan，必须大于0.1米
2025-09-26 15:11:19,976 - project.core.recognition.coordinate_converter - WARNING - 关键点 250 转换失败: 无效的深度值：nan，必须大于0.1米
2025-09-26 15:11:19,976 - project.core.recognition.coordinate_converter - WARNING - 关键点 262 转换失败: 无效的深度值：nan，必须大于0.1米
2025-09-26 15:11:19,976 - project.core.recognition.coordinate_converter - WARNING - 关键点 267 转换失败: 无效的深度值：nan，必须大于0.1米
2025-09-26 15:11:19,976 - project.core.recognition.coordinate_converter - WARNING - 关键点 268 转换失败: 无效的深度值：nan，必须大于0.1米
2025-09-26 15:11:19,976 - project.core.recognition.coordinate_converter - WARNING - 关键点 269 转换失败: 无效的深度值：nan，必须大于0.1米
2025-09-26 15:11:19,976 - project.core.recognition.coordinate_converter - WARNING - 关键点 270 转换失败: 无效的深度值：nan，必须大于0.1米
2025-09-26 15:11:19,976 - project.core.recognition.coordinate_converter - WARNING - 关键点 271 转换失败: 无效的深度值：nan，必须大于0.1米
2025-09-26 15:11:19,976 - project.core.recognition.coordinate_converter - WARNING - 关键点 272 转换失败: 无效的深度值：nan，必须大于0.1米
2025-09-26 15:11:19,976 - project.core.recognition.coordinate_converter - WARNING - 关键点 273 转换失败: 无效的深度值：nan，必须大于0.1米
2025-09-26 15:11:19,976 - project.core.recognition.coordinate_converter - WARNING - 关键点 274 转换失败: 无效的深度值：nan，必须大于0.1米
2025-09-26 15:11:19,976 - project.core.recognition.coordinate_converter - WARNING - 关键点 287 转换失败: 无效的深度值：nan，必须大于0.1米
2025-09-26 15:11:19,976 - project.core.recognition.coordinate_converter - WARNING - 关键点 291 转换失败: 无效的深度值：nan，必须大于0.1米
2025-09-26 15:11:19,980 - project.core.recognition.coordinate_converter - WARNING - 关键点 292 转换失败: 无效的深度值：nan，必须大于0.1米
2025-09-26 15:11:19,980 - project.core.recognition.coordinate_converter - WARNING - 关键点 302 转换失败: 无效的深度值：nan，必须大于0.1米
2025-09-26 15:11:19,982 - project.core.recognition.coordinate_converter - WARNING - 关键点 303 转换失败: 无效的深度值：nan，必须大于0.1米
2025-09-26 15:11:19,982 - project.core.recognition.coordinate_converter - WARNING - 关键点 304 转换失败: 无效的深度值：nan，必须大于0.1米
2025-09-26 15:11:19,982 - project.core.recognition.coordinate_converter - WARNING - 关键点 306 转换失败: 无效的深度值：nan，必须大于0.1米
2025-09-26 15:11:19,982 - project.core.recognition.coordinate_converter - WARNING - 关键点 307 转换失败: 无效的深度值：nan，必须大于0.1米
2025-09-26 15:11:19,982 - project.core.recognition.coordinate_converter - WARNING - 关键点 308 转换失败: 无效的深度值：nan，必须大于0.1米
2025-09-26 15:11:19,982 - project.core.recognition.coordinate_converter - WARNING - 关键点 310 转换失败: 无效的深度值：nan，必须大于0.1米
2025-09-26 15:11:19,982 - project.core.recognition.coordinate_converter - WARNING - 关键点 311 转换失败: 无效的深度值：nan，必须大于0.1米
2025-09-26 15:11:19,982 - project.core.recognition.coordinate_converter - WARNING - 关键点 312 转换失败: 无效的深度值：nan，必须大于0.1米
2025-09-26 15:11:19,982 - project.core.recognition.coordinate_converter - WARNING - 关键点 313 转换失败: 无效的深度值：nan，必须大于0.1米
2025-09-26 15:11:19,982 - project.core.recognition.coordinate_converter - WARNING - 关键点 314 转换失败: 无效的深度值：nan，必须大于0.1米
2025-09-26 15:11:19,982 - project.core.recognition.coordinate_converter - WARNING - 关键点 315 转换失败: 无效的深度值：nan，必须大于0.1米
2025-09-26 15:11:19,982 - project.core.recognition.coordinate_converter - WARNING - 关键点 316 转换失败: 无效的深度值：nan，必须大于0.1米
2025-09-26 15:11:19,982 - project.core.recognition.coordinate_converter - WARNING - 关键点 317 转换失败: 无效的深度值：nan，必须大于0.1米
2025-09-26 15:11:19,982 - project.core.recognition.coordinate_converter - WARNING - 关键点 318 转换失败: 无效的深度值：nan，必须大于0.1米
2025-09-26 15:11:19,984 - project.core.recognition.coordinate_converter - WARNING - 关键点 319 转换失败: 无效的深度值：nan，必须大于0.1米
2025-09-26 15:11:19,984 - project.core.recognition.coordinate_converter - WARNING - 关键点 320 转换失败: 无效的深度值：nan，必须大于0.1米
2025-09-26 15:11:19,984 - project.core.recognition.coordinate_converter - WARNING - 关键点 321 转换失败: 无效的深度值：nan，必须大于0.1米
2025-09-26 15:11:19,984 - project.core.recognition.coordinate_converter - WARNING - 关键点 322 转换失败: 无效的深度值：nan，必须大于0.1米
2025-09-26 15:11:19,984 - project.core.recognition.coordinate_converter - WARNING - 关键点 324 转换失败: 无效的深度值：nan，必须大于0.1米
2025-09-26 15:11:19,984 - project.core.recognition.coordinate_converter - WARNING - 关键点 325 转换失败: 无效的深度值：nan，必须大于0.1米
2025-09-26 15:11:19,984 - project.core.recognition.coordinate_converter - WARNING - 关键点 326 转换失败: 无效的深度值：nan，必须大于0.1米
2025-09-26 15:11:19,984 - project.core.recognition.coordinate_converter - WARNING - 关键点 328 转换失败: 无效的深度值：nan，必须大于0.1米
2025-09-26 15:11:19,984 - project.core.recognition.coordinate_converter - WARNING - 关键点 335 转换失败: 无效的深度值：nan，必须大于0.1米
2025-09-26 15:11:19,987 - project.core.recognition.coordinate_converter - WARNING - 关键点 354 转换失败: 无效的深度值：nan，必须大于0.1米
2025-09-26 15:11:19,987 - project.core.recognition.coordinate_converter - WARNING - 关键点 364 转换失败: 无效的深度值：nan，必须大于0.1米
2025-09-26 15:11:19,987 - project.core.recognition.coordinate_converter - WARNING - 关键点 365 转换失败: 无效的深度值：nan，必须大于0.1米
2025-09-26 15:11:19,987 - project.core.recognition.coordinate_converter - WARNING - 关键点 367 转换失败: 无效的深度值：nan，必须大于0.1米
2025-09-26 15:11:19,987 - project.core.recognition.coordinate_converter - WARNING - 关键点 369 转换失败: 无效的深度值：nan，必须大于0.1米
2025-09-26 15:11:19,989 - project.core.recognition.coordinate_converter - WARNING - 关键点 370 转换失败: 无效的深度值：nan，必须大于0.1米
2025-09-26 15:11:19,989 - project.core.recognition.coordinate_converter - WARNING - 关键点 375 转换失败: 无效的深度值：nan，必须大于0.1米
2025-09-26 15:11:19,989 - project.core.recognition.coordinate_converter - WARNING - 关键点 377 转换失败: 无效的深度值：nan，必须大于0.1米
2025-09-26 15:11:19,989 - project.core.recognition.coordinate_converter - WARNING - 关键点 378 转换失败: 无效的深度值：nan，必须大于0.1米
2025-09-26 15:11:19,989 - project.core.recognition.coordinate_converter - WARNING - 关键点 379 转换失败: 无效的深度值：nan，必须大于0.1米
2025-09-26 15:11:19,989 - project.core.recognition.coordinate_converter - WARNING - 关键点 391 转换失败: 无效的深度值：nan，必须大于0.1米
2025-09-26 15:11:19,989 - project.core.recognition.coordinate_converter - WARNING - 关键点 393 转换失败: 无效的深度值：nan，必须大于0.1米
2025-09-26 15:11:19,989 - project.core.recognition.coordinate_converter - WARNING - 关键点 394 转换失败: 无效的深度值：nan，必须大于0.1米
2025-09-26 15:11:19,989 - project.core.recognition.coordinate_converter - WARNING - 关键点 395 转换失败: 无效的深度值：nan，必须大于0.1米
2025-09-26 15:11:19,989 - project.core.recognition.coordinate_converter - WARNING - 关键点 396 转换失败: 无效的深度值：nan，必须大于0.1米
2025-09-26 15:11:19,989 - project.core.recognition.coordinate_converter - WARNING - 关键点 397 转换失败: 无效的深度值：nan，必须大于0.1米
2025-09-26 15:11:19,989 - project.core.recognition.coordinate_converter - WARNING - 关键点 400 转换失败: 无效的深度值：nan，必须大于0.1米
2025-09-26 15:11:19,989 - project.core.recognition.coordinate_converter - WARNING - 关键点 402 转换失败: 无效的深度值：nan，必须大于0.1米
2025-09-26 15:11:19,989 - project.core.recognition.coordinate_converter - WARNING - 关键点 403 转换失败: 无效的深度值：nan，必须大于0.1米
2025-09-26 15:11:19,989 - project.core.recognition.coordinate_converter - WARNING - 关键点 404 转换失败: 无效的深度值：nan，必须大于0.1米
2025-09-26 15:11:19,989 - project.core.recognition.coordinate_converter - WARNING - 关键点 405 转换失败: 无效的深度值：nan，必须大于0.1米
2025-09-26 15:11:19,989 - project.core.recognition.coordinate_converter - WARNING - 关键点 406 转换失败: 无效的深度值：nan，必须大于0.1米
2025-09-26 15:11:19,989 - project.core.recognition.coordinate_converter - WARNING - 关键点 407 转换失败: 无效的深度值：nan，必须大于0.1米
2025-09-26 15:11:19,989 - project.core.recognition.coordinate_converter - WARNING - 关键点 408 转换失败: 无效的深度值：nan，必须大于0.1米
2025-09-26 15:11:19,989 - project.core.recognition.coordinate_converter - WARNING - 关键点 409 转换失败: 无效的深度值：nan，必须大于0.1米
2025-09-26 15:11:19,989 - project.core.recognition.coordinate_converter - WARNING - 关键点 410 转换失败: 无效的深度值：nan，必须大于0.1米
2025-09-26 15:11:19,993 - project.core.recognition.coordinate_converter - WARNING - 关键点 415 转换失败: 无效的深度值：nan，必须大于0.1米
2025-09-26 15:11:19,993 - project.core.recognition.coordinate_converter - WARNING - 关键点 416 转换失败: 无效的深度值：nan，必须大于0.1米
2025-09-26 15:11:19,994 - project.core.recognition.coordinate_converter - WARNING - 关键点 418 转换失败: 无效的深度值：nan，必须大于0.1米
2025-09-26 15:11:19,994 - project.core.recognition.coordinate_converter - WARNING - 关键点 421 转换失败: 无效的深度值：nan，必须大于0.1米
2025-09-26 15:11:19,994 - project.core.recognition.coordinate_converter - WARNING - 关键点 422 转换失败: 无效的深度值：nan，必须大于0.1米
2025-09-26 15:11:19,994 - project.core.recognition.coordinate_converter - WARNING - 关键点 424 转换失败: 无效的深度值：nan，必须大于0.1米
2025-09-26 15:11:19,994 - project.core.recognition.coordinate_converter - WARNING - 关键点 428 转换失败: 无效的深度值：nan，必须大于0.1米
2025-09-26 15:11:19,994 - project.core.recognition.coordinate_converter - WARNING - 关键点 430 转换失败: 无效的深度值：nan，必须大于0.1米
2025-09-26 15:11:19,994 - project.core.recognition.coordinate_converter - WARNING - 关键点 431 转换失败: 无效的深度值：nan，必须大于0.1米
2025-09-26 15:11:19,994 - project.core.recognition.coordinate_converter - WARNING - 关键点 432 转换失败: 无效的深度值：nan，必须大于0.1米
2025-09-26 15:11:19,994 - project.core.recognition.coordinate_converter - WARNING - 关键点 434 转换失败: 无效的深度值：nan，必须大于0.1米
2025-09-26 15:11:19,994 - project.core.recognition.coordinate_converter - WARNING - 关键点 436 转换失败: 无效的深度值：nan，必须大于0.1米
2025-09-26 15:11:19,996 - project.core.recognition.coordinate_converter - WARNING - 关键点 457 转换失败: 无效的深度值：nan，必须大于0.1米
2025-09-26 15:11:19,996 - project.core.recognition.coordinate_converter - WARNING - 关键点 458 转换失败: 无效的深度值：nan，必须大于0.1米
2025-09-26 15:11:19,996 - project.core.recognition.coordinate_converter - WARNING - 关键点 459 转换失败: 无效的深度值：nan，必须大于0.1米
2025-09-26 15:11:19,996 - project.core.recognition.coordinate_converter - WARNING - 关键点 461 转换失败: 无效的深度值：nan，必须大于0.1米
2025-09-26 15:11:19,996 - project.core.recognition.coordinate_converter - WARNING - 关键点 462 转换失败: 无效的深度值：nan，必须大于0.1米
2025-09-26 15:11:19,997 - project.data.data_manager - INFO - RecgFitDataManager初始化 - debug_log: True, key_coordinates: True
2025-09-26 15:11:19,997 - project.data.data_manager - INFO - RecgFitDataManager初始化完成
2025-09-26 15:11:19,997 - __main__ - INFO - 收到识别完成信号，开始拟合...
2025-09-26 15:11:19,997 - __main__ - INFO - 开始拟合frame_id: 29
2025-09-26 15:11:19,997 - __main__ - INFO - 等待识别完成信号...
2025-09-26 15:11:19,997 - root - INFO - 数据质量: {'point_count': 12, 'fitting_point_count': 0, 'constraint_point_count': 12, 'visibility': 0.9170731926167424}
2025-09-26 15:11:19,997 - root - INFO - 选择策略: high_quality
2025-09-26 15:11:19,997 - root - WARNING - 没有拟合点，无法进行优化
2025-09-26 15:11:19,997 - root - INFO - 数据质量: {'point_count': 0, 'fitting_point_count': 0, 'constraint_point_count': 0, 'visibility': 0.0}
2025-09-26 15:11:19,997 - root - INFO - 选择策略: fail
2025-09-26 15:11:19,997 - root - WARNING - 采样失败，返回空列表
2025-09-26 15:11:19,997 - root - WARNING - 优化失败
2025-09-26 15:11:19,997 - project.core.fitting.main - INFO - ==============================================
2025-09-26 15:11:19,997 - project.core.fitting.main - INFO - 拟合结果:
2025-09-26 15:11:19,997 - project.core.fitting.main - INFO -   LEFT 眼: 拟合结果：
 球心：[0 0 0]
 半径：12.0
 置信度：0.0
 收敛：False
 迭代次数：0
 最终残差范数：inf
 最终delta范数：inf
 使用策略：lm
2025-09-26 15:11:19,997 - project.core.fitting.main - INFO -   RIGHT 眼: 拟合结果：
 球心：[0 0 0]
 半径：0.0
 置信度：0.0
 收敛：False
 迭代次数：0
 最终残差范数：inf
 最终delta范数：inf
 使用策略：fail
2025-09-26 15:11:19,997 - project.core.fitting.main - INFO - ==============================================
2025-09-26 15:11:19,997 - project.core.fitting.main - ERROR - 拟合过程中发生异常: list index out of range
2025-09-26 15:11:19,997 - project.core.fitting.main - ERROR - 异常堆栈: Traceback (most recent call last):
  File "C:\Users\86158\Desktop\gaze_venv\gaze-refactor\project\core\fitting\main.py", line 42, in run
    pupil_center = self.data_manager.get_coordinate_point(eye, "pupil")[0]
                   ~~~~~~~~~~~~~~~~~~~~~~~~~~~~~~~~~~~~~~~~~~~~~~~~~~~~^^^
IndexError: list index out of range

2025-09-26 15:11:20,104 - project.data.data_manager - WARNING - 非RGB-D摄像头，使用默认深度图
2025-09-26 15:11:20,155 - project.core.recognition.detector - WARNING - 未提取到关键点
2025-09-26 15:11:20,155 - project.core.recognition.detector - WARNING - 人脸检测失败或关键点无效
2025-09-26 15:11:20,155 - project.core.recognition.main - WARNING - 警告 1/10: 人脸检测失败
2025-09-26 15:11:20,155 - __main__ - INFO - 收到识别完成信号，开始拟合...
2025-09-26 15:11:20,155 - __main__ - INFO - 开始拟合frame_id: 30
2025-09-26 15:11:20,155 - __main__ - WARNING - 无法获取frame_id 30的识别数据
2025-09-26 15:11:20,155 - __main__ - INFO - 等待识别完成信号...
2025-09-26 15:11:20,858 - __main__ - WARNING - 检测到线程异常退出
2025-09-26 15:11:20,858 - __main__ - INFO - 正在停止程序...
2025-09-26 15:11:20,860 - project.core.recognition.main - INFO - 识别线程主循环停止
2025-09-26 15:11:21,189 - project.core.recognition.main - INFO - 摄像头资源已释放
2025-09-26 15:11:42,687 - project.client.kappa.ui - INFO - 屏幕分辨率: 1440x960
2025-09-26 15:11:42,687 - project.data.data_manager - INFO - 从配置文件加载参数: project/config/camera_params.json
2025-09-26 15:11:42,687 - project.core.recognition.detector - INFO - FaceDetector初始化完成，RGB-D模式: False
2025-09-26 15:11:42,691 - __main__ - INFO - FittingScheduler.schedule_fitting() 开始执行
2025-09-26 15:11:42,691 - __main__ - INFO - 系统运行中... (按 Ctrl+C 停止)
2025-09-26 15:11:42,691 - __main__ - INFO - 等待识别完成信号...
2025-09-26 15:11:45,398 - project.data.data_manager - INFO - 摄像头初始化成功，RGB-D模式: False
2025-09-26 15:11:46,002 - project.data.data_manager - WARNING - 非RGB-D摄像头，使用默认深度图
2025-09-26 15:11:47,320 - project.core.recognition.landmark_extractor - WARNING - 关键点 148 原始y坐标超出范围: 1.014，已限制到边界
2025-09-26 15:11:47,320 - project.core.recognition.landmark_extractor - WARNING - 关键点 152 原始y坐标超出范围: 1.019，已限制到边界
2025-09-26 15:11:47,320 - project.core.recognition.landmark_extractor - WARNING - 关键点 171 原始y坐标超出范围: 1.005，已限制到边界
2025-09-26 15:11:47,324 - project.core.recognition.landmark_extractor - WARNING - 关键点 175 原始y坐标超出范围: 1.010，已限制到边界
2025-09-26 15:11:47,328 - project.core.recognition.landmark_extractor - WARNING - 关键点 377 原始y坐标超出范围: 1.014，已限制到边界
2025-09-26 15:11:47,328 - project.core.recognition.landmark_extractor - WARNING - 关键点 396 原始y坐标超出范围: 1.006，已限制到边界
2025-09-26 15:11:47,329 - project.core.recognition.landmark_extractor - WARNING - 关键点 400 原始y坐标超出范围: 1.001，已限制到边界
2025-09-26 15:11:47,331 - project.core.recognition.detector - INFO - 提取到 478 个关键点
2025-09-26 15:11:47,334 - project.core.recognition.landmark_extractor - INFO - 关键点验证通过
2025-09-26 15:11:47,334 - project.core.recognition.detector - INFO - 关键点验证结果: True
2025-09-26 15:11:47,341 - project.core.recognition.detector - INFO - 人脸检测成功，提取到 478 个关键点
2025-09-26 15:11:47,345 - project.core.recognition.main - INFO - 人脸检测成功
2025-09-26 15:11:47,351 - project.core.recognition.coordinate_converter - WARNING - 关键点 148 转换失败: 无效的深度值：nan，必须大于0.1米
2025-09-26 15:11:47,354 - project.core.recognition.coordinate_converter - WARNING - 关键点 152 转换失败: 无效的深度值：nan，必须大于0.1米
2025-09-26 15:11:47,354 - project.core.recognition.coordinate_converter - WARNING - 关键点 171 转换失败: 无效的深度值：nan，必须大于0.1米
2025-09-26 15:11:47,354 - project.core.recognition.coordinate_converter - WARNING - 关键点 175 转换失败: 无效的深度值：nan，必须大于0.1米
2025-09-26 15:11:47,354 - project.core.recognition.coordinate_converter - WARNING - 关键点 176 转换失败: 无效的深度值：nan，必须大于0.1米
2025-09-26 15:11:47,358 - project.core.recognition.coordinate_converter - WARNING - 关键点 377 转换失败: 无效的深度值：nan，必须大于0.1米
2025-09-26 15:11:47,360 - project.core.recognition.coordinate_converter - WARNING - 关键点 396 转换失败: 无效的深度值：nan，必须大于0.1米
2025-09-26 15:11:47,360 - project.core.recognition.coordinate_converter - WARNING - 关键点 400 转换失败: 无效的深度值：nan，必须大于0.1米
2025-09-26 15:11:47,360 - project.data.data_manager - INFO - RecgFitDataManager初始化 - debug_log: True, key_coordinates: True
2025-09-26 15:11:47,364 - project.data.data_manager - INFO - RecgFitDataManager初始化完成
2025-09-26 15:11:47,364 - __main__ - INFO - 收到识别完成信号，开始拟合...
2025-09-26 15:11:47,365 - __main__ - INFO - 开始拟合frame_id: 0
2025-09-26 15:11:47,367 - root - INFO - 数据质量: {'point_count': 14, 'fitting_point_count': 2, 'constraint_point_count': 12, 'visibility': 0.9930321991537491}
2025-09-26 15:11:47,367 - __main__ - INFO - 等待识别完成信号...
2025-09-26 15:11:47,368 - root - INFO - 选择策略: high_quality
2025-09-26 15:11:47,380 - root - INFO - 数据质量: {'point_count': 12, 'fitting_point_count': 0, 'constraint_point_count': 12, 'visibility': 0.9620135342065953}
2025-09-26 15:11:47,380 - root - INFO - 选择策略: high_quality
2025-09-26 15:11:47,381 - root - WARNING - 没有拟合点，无法进行优化
2025-09-26 15:11:47,381 - project.core.fitting.main - INFO - ==============================================
2025-09-26 15:11:47,381 - project.core.fitting.main - INFO - 拟合结果:
2025-09-26 15:11:47,381 - project.core.fitting.main - INFO -   LEFT 眼: 拟合结果：
 球心：[ 22.4500801   64.32549301 408.52487467]
 半径：12.385021808139875
 置信度：0.8997503563207059
 收敛：True
 迭代次数：3
 最终残差范数：0.7244936695211434
 最终delta范数：0.0376195262072429
 使用策略：lm
2025-09-26 15:11:47,383 - project.core.fitting.main - INFO -   RIGHT 眼: 拟合结果：
 球心：[0 0 0]
 半径：12.0
 置信度：0.0
 收敛：False
 迭代次数：0
 最终残差范数：inf
 最终delta范数：inf
 使用策略：lm
2025-09-26 15:11:47,383 - project.core.fitting.main - INFO - ==============================================
2025-09-26 15:11:47,383 - project.config.screen_config - INFO - 瞳孔位置: Point3D(20.649, 62.497, 399.958)
2025-09-26 15:11:47,384 - project.config.screen_config - INFO - 眼球位置: Point3D(22.450, 64.325, 408.525)
2025-09-26 15:11:47,384 - project.config.screen_config - INFO - 视线方向: Point3D(-1.801, -1.829, -8.567)
2025-09-26 15:11:47,384 - project.config.screen_config - INFO - 交点坐标: [-6.34519232e+01 -2.28659864e+01 -5.68434189e-14]
2025-09-26 15:11:47,384 - project.config.screen_config - WARNING - 交点超出屏幕边界，已裁剪: Point2D(1024.569231, -118.894875) -> Point2D(1024.569231, 0.000000)
2025-09-26 15:11:47,387 - project.config.screen_config - INFO - 最终像素坐标: Point2D(1024.569231, 0.000000)
2025-09-26 15:11:47,387 - project.core.fitting.main - INFO - -----------------------------------------------
2025-09-26 15:11:47,387 - project.core.fitting.main - INFO - left 视线焦点: Point2D(1024.569231, 0.000000)
2025-09-26 15:11:47,387 - project.core.fitting.main - INFO - -----------------------------------------------
2025-09-26 15:11:47,387 - project.core.fitting.main - ERROR - 拟合过程中发生异常: list index out of range
2025-09-26 15:11:47,391 - project.core.fitting.main - ERROR - 异常堆栈: Traceback (most recent call last):
  File "C:\Users\86158\Desktop\gaze_venv\gaze-refactor\project\core\fitting\main.py", line 42, in run
    pupil_center = self.data_manager.get_coordinate_point(eye, "pupil")[0]
                   ~~~~~~~~~~~~~~~~~~~~~~~~~~~~~~~~~~~~~~~~~~~~~~~~~~~~^^^
IndexError: list index out of range

2025-09-26 15:11:47,476 - project.data.data_manager - WARNING - 非RGB-D摄像头，使用默认深度图
2025-09-26 15:11:47,543 - project.core.recognition.landmark_extractor - WARNING - 关键点 148 原始y坐标超出范围: 1.015，已限制到边界
2025-09-26 15:11:47,543 - project.core.recognition.landmark_extractor - WARNING - 关键点 152 原始y坐标超出范围: 1.019，已限制到边界
2025-09-26 15:11:47,546 - project.core.recognition.landmark_extractor - WARNING - 关键点 171 原始y坐标超出范围: 1.005，已限制到边界
2025-09-26 15:11:47,546 - project.core.recognition.landmark_extractor - WARNING - 关键点 175 原始y坐标超出范围: 1.009，已限制到边界
2025-09-26 15:11:47,546 - project.core.recognition.landmark_extractor - WARNING - 关键点 176 原始y坐标超出范围: 1.001，已限制到边界
2025-09-26 15:11:47,552 - project.core.recognition.landmark_extractor - WARNING - 关键点 377 原始y坐标超出范围: 1.014，已限制到边界
2025-09-26 15:11:47,554 - project.core.recognition.landmark_extractor - WARNING - 关键点 396 原始y坐标超出范围: 1.005，已限制到边界
2025-09-26 15:11:47,557 - project.core.recognition.detector - INFO - 提取到 478 个关键点
2025-09-26 15:11:47,558 - project.core.recognition.landmark_extractor - INFO - 关键点验证通过
2025-09-26 15:11:47,558 - project.core.recognition.detector - INFO - 关键点验证结果: True
2025-09-26 15:11:47,558 - project.core.recognition.detector - INFO - 人脸检测成功，提取到 478 个关键点
2025-09-26 15:11:47,564 - project.core.recognition.main - INFO - 人脸检测成功
2025-09-26 15:11:47,566 - project.core.recognition.coordinate_converter - WARNING - 关键点 148 转换失败: 无效的深度值：nan，必须大于0.1米
2025-09-26 15:11:47,567 - project.core.recognition.coordinate_converter - WARNING - 关键点 152 转换失败: 无效的深度值：nan，必须大于0.1米
2025-09-26 15:11:47,567 - project.core.recognition.coordinate_converter - WARNING - 关键点 171 转换失败: 无效的深度值：nan，必须大于0.1米
2025-09-26 15:11:47,567 - project.core.recognition.coordinate_converter - WARNING - 关键点 175 转换失败: 无效的深度值：nan，必须大于0.1米
2025-09-26 15:11:47,569 - project.core.recognition.coordinate_converter - WARNING - 关键点 176 转换失败: 无效的深度值：nan，必须大于0.1米
2025-09-26 15:11:47,571 - project.core.recognition.coordinate_converter - WARNING - 关键点 377 转换失败: 无效的深度值：nan，必须大于0.1米
2025-09-26 15:11:47,571 - project.core.recognition.coordinate_converter - WARNING - 关键点 396 转换失败: 无效的深度值：nan，必须大于0.1米
2025-09-26 15:11:47,573 - project.core.recognition.coordinate_converter - WARNING - 关键点 400 转换失败: 无效的深度值：nan，必须大于0.1米
2025-09-26 15:11:47,573 - project.data.data_manager - INFO - RecgFitDataManager初始化 - debug_log: True, key_coordinates: True
2025-09-26 15:11:47,573 - project.data.data_manager - INFO - RecgFitDataManager初始化完成
2025-09-26 15:11:47,575 - __main__ - INFO - 收到识别完成信号，开始拟合...
2025-09-26 15:11:47,575 - __main__ - INFO - 开始拟合frame_id: 1
2025-09-26 15:11:47,575 - __main__ - INFO - 等待识别完成信号...
2025-09-26 15:11:47,579 - root - INFO - 数据质量: {'point_count': 14, 'fitting_point_count': 2, 'constraint_point_count': 12, 'visibility': 0.9932463765689447}
2025-09-26 15:11:47,581 - root - INFO - 选择策略: high_quality
2025-09-26 15:11:47,587 - root - INFO - 数据质量: {'point_count': 12, 'fitting_point_count': 0, 'constraint_point_count': 12, 'visibility': 0.9623670875211774}
2025-09-26 15:11:47,587 - root - INFO - 选择策略: high_quality
2025-09-26 15:11:47,587 - root - WARNING - 没有拟合点，无法进行优化
2025-09-26 15:11:47,587 - project.core.fitting.main - INFO - ==============================================
2025-09-26 15:11:47,589 - project.core.fitting.main - INFO - 拟合结果:
2025-09-26 15:11:47,589 - project.core.fitting.main - INFO -   LEFT 眼: 拟合结果：
 球心：[ 26.08716726  63.02376273 408.4989051 ]
 半径：12.385022392138296
 置信度：0.8997503093932
 收敛：True
 迭代次数：3
 最终残差范数：0.7244936654878718
 最终delta范数：0.0329582220798126
 使用策略：lm
2025-09-26 15:11:47,589 - project.core.fitting.main - INFO -   RIGHT 眼: 拟合结果：
 球心：[0 0 0]
 半径：12.0
 置信度：0.0
 收敛：False
 迭代次数：0
 最终残差范数：inf
 最终delta范数：inf
 使用策略：lm
2025-09-26 15:11:47,590 - project.core.fitting.main - INFO - ==============================================
2025-09-26 15:11:47,590 - project.config.screen_config - INFO - 瞳孔位置: Point3D(24.060, 60.990, 400.029)
2025-09-26 15:11:47,590 - project.config.screen_config - INFO - 眼球位置: Point3D(26.087, 63.024, 408.499)
2025-09-26 15:11:47,591 - project.config.screen_config - INFO - 视线方向: Point3D(-2.027, -2.034, -8.470)
2025-09-26 15:11:47,592 - project.config.screen_config - INFO - 交点坐标: [-71.66194497 -35.05861489   0.        ]
2025-09-26 15:11:47,593 - project.config.screen_config - WARNING - 交点超出屏幕边界，已裁剪: Point2D(1063.977336, -170.916757) -> Point2D(1063.977336, 0.000000)
2025-09-26 15:11:47,593 - project.config.screen_config - INFO - 最终像素坐标: Point2D(1063.977336, 0.000000)
2025-09-26 15:11:47,593 - project.core.fitting.main - INFO - -----------------------------------------------
2025-09-26 15:11:47,593 - project.core.fitting.main - INFO - left 视线焦点: Point2D(1063.977336, 0.000000)
2025-09-26 15:11:47,593 - project.core.fitting.main - INFO - -----------------------------------------------
2025-09-26 15:11:47,593 - project.core.fitting.main - ERROR - 拟合过程中发生异常: list index out of range
2025-09-26 15:11:47,593 - project.core.fitting.main - ERROR - 异常堆栈: Traceback (most recent call last):
  File "C:\Users\86158\Desktop\gaze_venv\gaze-refactor\project\core\fitting\main.py", line 42, in run
    pupil_center = self.data_manager.get_coordinate_point(eye, "pupil")[0]
                   ~~~~~~~~~~~~~~~~~~~~~~~~~~~~~~~~~~~~~~~~~~~~~~~~~~~~^^^
IndexError: list index out of range

2025-09-26 15:11:47,690 - project.data.data_manager - WARNING - 非RGB-D摄像头，使用默认深度图
2025-09-26 15:11:47,753 - project.core.recognition.landmark_extractor - WARNING - 关键点 148 原始y坐标超出范围: 1.012，已限制到边界
2025-09-26 15:11:47,753 - project.core.recognition.landmark_extractor - WARNING - 关键点 152 原始y坐标超出范围: 1.016，已限制到边界
2025-09-26 15:11:47,754 - project.core.recognition.landmark_extractor - WARNING - 关键点 171 原始y坐标超出范围: 1.003，已限制到边界
2025-09-26 15:11:47,754 - project.core.recognition.landmark_extractor - WARNING - 关键点 175 原始y坐标超出范围: 1.007，已限制到边界
2025-09-26 15:11:47,757 - project.core.recognition.landmark_extractor - WARNING - 关键点 377 原始y坐标超出范围: 1.011，已限制到边界
2025-09-26 15:11:47,757 - project.core.recognition.landmark_extractor - WARNING - 关键点 396 原始y坐标超出范围: 1.002，已限制到边界
2025-09-26 15:11:47,760 - project.core.recognition.detector - INFO - 提取到 478 个关键点
2025-09-26 15:11:47,762 - project.core.recognition.landmark_extractor - INFO - 关键点验证通过
2025-09-26 15:11:47,762 - project.core.recognition.detector - INFO - 关键点验证结果: True
2025-09-26 15:11:47,766 - project.core.recognition.detector - INFO - 人脸检测成功，提取到 478 个关键点
2025-09-26 15:11:47,771 - project.core.recognition.main - INFO - 人脸检测成功
2025-09-26 15:11:47,773 - project.core.recognition.coordinate_converter - WARNING - 关键点 148 转换失败: 无效的深度值：nan，必须大于0.1米
2025-09-26 15:11:47,774 - project.core.recognition.coordinate_converter - WARNING - 关键点 152 转换失败: 无效的深度值：nan，必须大于0.1米
2025-09-26 15:11:47,774 - project.core.recognition.coordinate_converter - WARNING - 关键点 171 转换失败: 无效的深度值：nan，必须大于0.1米
2025-09-26 15:11:47,774 - project.core.recognition.coordinate_converter - WARNING - 关键点 175 转换失败: 无效的深度值：nan，必须大于0.1米
2025-09-26 15:11:47,774 - project.core.recognition.coordinate_converter - WARNING - 关键点 176 转换失败: 无效的深度值：nan，必须大于0.1米
2025-09-26 15:11:47,779 - project.core.recognition.coordinate_converter - WARNING - 关键点 377 转换失败: 无效的深度值：nan，必须大于0.1米
2025-09-26 15:11:47,781 - project.core.recognition.coordinate_converter - WARNING - 关键点 396 转换失败: 无效的深度值：nan，必须大于0.1米
2025-09-26 15:11:47,783 - project.core.recognition.coordinate_converter - WARNING - 关键点 400 转换失败: 无效的深度值：nan，必须大于0.1米
2025-09-26 15:11:47,784 - project.data.data_manager - INFO - RecgFitDataManager初始化 - debug_log: True, key_coordinates: True
2025-09-26 15:11:47,784 - project.data.data_manager - INFO - RecgFitDataManager初始化完成
2025-09-26 15:11:47,785 - __main__ - INFO - 收到识别完成信号，开始拟合...
2025-09-26 15:11:47,785 - __main__ - INFO - 开始拟合frame_id: 2
2025-09-26 15:11:47,785 - __main__ - INFO - 等待识别完成信号...
2025-09-26 15:11:47,785 - root - INFO - 数据质量: {'point_count': 14, 'fitting_point_count': 2, 'constraint_point_count': 12, 'visibility': 0.9931603286915465}
2025-09-26 15:11:47,787 - root - INFO - 选择策略: high_quality
2025-09-26 15:11:47,795 - root - INFO - 数据质量: {'point_count': 12, 'fitting_point_count': 0, 'constraint_point_count': 12, 'visibility': 0.9622865151922863}
2025-09-26 15:11:47,796 - root - INFO - 选择策略: high_quality
2025-09-26 15:11:47,796 - root - WARNING - 没有拟合点，无法进行优化
2025-09-26 15:11:47,796 - project.core.fitting.main - INFO - ==============================================
2025-09-26 15:11:47,796 - project.core.fitting.main - INFO - 拟合结果:
2025-09-26 15:11:47,796 - project.core.fitting.main - INFO -   LEFT 眼: 拟合结果：
 球心：[ 26.02704719  62.99846139 408.64593658]
 半径：12.385022202104873
 置信度：0.8997502806391853
 收敛：True
 迭代次数：3
 最终残差范数：0.7244936621963988
 最终delta范数：0.02645318964456852
 使用策略：lm
2025-09-26 15:11:47,796 - project.core.fitting.main - INFO -   RIGHT 眼: 拟合结果：
 球心：[0 0 0]
 半径：12.0
 置信度：0.0
 收敛：False
 迭代次数：0
 最终残差范数：inf
 最终delta范数：inf
 使用策略：lm
2025-09-26 15:11:47,798 - project.core.fitting.main - INFO - ==============================================
2025-09-26 15:11:47,798 - project.config.screen_config - INFO - 瞳孔位置: Point3D(24.053, 61.017, 400.151)
2025-09-26 15:11:47,798 - project.config.screen_config - INFO - 眼球位置: Point3D(26.027, 62.998, 408.646)
2025-09-26 15:11:47,798 - project.config.screen_config - INFO - 视线方向: Point3D(-1.974, -1.981, -8.495)
2025-09-26 15:11:47,798 - project.config.screen_config - INFO - 交点坐标: [-68.91572168 -32.31799636   0.        ]
2025-09-26 15:11:47,798 - project.config.screen_config - WARNING - 交点超出屏幕边界，已裁剪: Point2D(1050.795464, -159.223451) -> Point2D(1050.795464, 0.000000)
2025-09-26 15:11:47,801 - project.config.screen_config - INFO - 最终像素坐标: Point2D(1050.795464, 0.000000)
2025-09-26 15:11:47,803 - project.core.fitting.main - INFO - -----------------------------------------------
2025-09-26 15:11:47,804 - project.core.fitting.main - INFO - left 视线焦点: Point2D(1050.795464, 0.000000)
2025-09-26 15:11:47,804 - project.core.fitting.main - INFO - -----------------------------------------------
2025-09-26 15:11:47,804 - project.core.fitting.main - ERROR - 拟合过程中发生异常: list index out of range
2025-09-26 15:11:47,805 - project.core.fitting.main - ERROR - 异常堆栈: Traceback (most recent call last):
  File "C:\Users\86158\Desktop\gaze_venv\gaze-refactor\project\core\fitting\main.py", line 42, in run
    pupil_center = self.data_manager.get_coordinate_point(eye, "pupil")[0]
                   ~~~~~~~~~~~~~~~~~~~~~~~~~~~~~~~~~~~~~~~~~~~~~~~~~~~~^^^
IndexError: list index out of range

2025-09-26 15:11:47,892 - project.data.data_manager - WARNING - 非RGB-D摄像头，使用默认深度图
2025-09-26 15:11:47,954 - project.core.recognition.landmark_extractor - WARNING - 关键点 148 原始y坐标超出范围: 1.013，已限制到边界
2025-09-26 15:11:47,955 - project.core.recognition.landmark_extractor - WARNING - 关键点 152 原始y坐标超出范围: 1.017，已限制到边界
2025-09-26 15:11:47,955 - project.core.recognition.landmark_extractor - WARNING - 关键点 171 原始y坐标超出范围: 1.004，已限制到边界
2025-09-26 15:11:47,955 - project.core.recognition.landmark_extractor - WARNING - 关键点 175 原始y坐标超出范围: 1.007，已限制到边界
2025-09-26 15:11:47,960 - project.core.recognition.landmark_extractor - WARNING - 关键点 377 原始y坐标超出范围: 1.012，已限制到边界
2025-09-26 15:11:47,961 - project.core.recognition.landmark_extractor - WARNING - 关键点 396 原始y坐标超出范围: 1.002，已限制到边界
2025-09-26 15:11:47,964 - project.core.recognition.detector - INFO - 提取到 478 个关键点
2025-09-26 15:11:47,964 - project.core.recognition.landmark_extractor - INFO - 关键点验证通过
2025-09-26 15:11:47,964 - project.core.recognition.detector - INFO - 关键点验证结果: True
2025-09-26 15:11:47,968 - project.core.recognition.detector - INFO - 人脸检测成功，提取到 478 个关键点
2025-09-26 15:11:47,968 - project.core.recognition.main - INFO - 人脸检测成功
2025-09-26 15:11:47,972 - project.core.recognition.coordinate_converter - WARNING - 关键点 148 转换失败: 无效的深度值：nan，必须大于0.1米
2025-09-26 15:11:47,972 - project.core.recognition.coordinate_converter - WARNING - 关键点 152 转换失败: 无效的深度值：nan，必须大于0.1米
2025-09-26 15:11:47,972 - project.core.recognition.coordinate_converter - WARNING - 关键点 171 转换失败: 无效的深度值：nan，必须大于0.1米
2025-09-26 15:11:47,972 - project.core.recognition.coordinate_converter - WARNING - 关键点 175 转换失败: 无效的深度值：nan，必须大于0.1米
2025-09-26 15:11:47,972 - project.core.recognition.coordinate_converter - WARNING - 关键点 176 转换失败: 无效的深度值：nan，必须大于0.1米
2025-09-26 15:11:47,976 - project.core.recognition.coordinate_converter - WARNING - 关键点 377 转换失败: 无效的深度值：nan，必须大于0.1米
2025-09-26 15:11:47,976 - project.core.recognition.coordinate_converter - WARNING - 关键点 396 转换失败: 无效的深度值：nan，必须大于0.1米
2025-09-26 15:11:47,978 - project.data.data_manager - INFO - RecgFitDataManager初始化 - debug_log: True, key_coordinates: True
2025-09-26 15:11:47,978 - project.data.data_manager - INFO - RecgFitDataManager初始化完成
2025-09-26 15:11:47,978 - __main__ - INFO - 收到识别完成信号，开始拟合...
2025-09-26 15:11:47,978 - __main__ - INFO - 开始拟合frame_id: 3
2025-09-26 15:11:47,978 - __main__ - INFO - 等待识别完成信号...
2025-09-26 15:11:47,980 - root - INFO - 数据质量: {'point_count': 15, 'fitting_point_count': 3, 'constraint_point_count': 12, 'visibility': 0.9936437584481069}
2025-09-26 15:11:47,981 - root - INFO - 选择策略: high_quality
2025-09-26 15:11:47,984 - root - INFO - 数据质量: {'point_count': 12, 'fitting_point_count': 0, 'constraint_point_count': 12, 'visibility': 0.963079610335433}
2025-09-26 15:11:47,984 - root - INFO - 选择策略: high_quality
2025-09-26 15:11:47,988 - root - WARNING - 没有拟合点，无法进行优化
2025-09-26 15:11:47,989 - project.core.fitting.main - INFO - ==============================================
2025-09-26 15:11:47,989 - project.core.fitting.main - INFO - 拟合结果:
2025-09-26 15:11:47,990 - project.core.fitting.main - INFO -   LEFT 眼: 拟合结果：
 球心：[ 32.98309364  59.20992052 407.17299529]
 半径：12.363350539778745
 置信度：0.8998032788567093
 收敛：True
 迭代次数：4
 最终残差范数：0.7246685878375856
 最终delta范数：0.0020833240982673137
 使用策略：lm
2025-09-26 15:11:47,990 - project.core.fitting.main - INFO -   RIGHT 眼: 拟合结果：
 球心：[0 0 0]
 半径：12.0
 置信度：0.0
 收敛：False
 迭代次数：0
 最终残差范数：inf
 最终delta范数：inf
 使用策略：lm
2025-09-26 15:11:47,990 - project.core.fitting.main - INFO - ==============================================
2025-09-26 15:11:47,990 - project.config.screen_config - INFO - 瞳孔位置: Point3D(31.916, 54.034, 399.960)
2025-09-26 15:11:47,990 - project.config.screen_config - INFO - 眼球位置: Point3D(32.983, 59.210, 407.173)
2025-09-26 15:11:47,990 - project.config.screen_config - INFO - 视线方向: Point3D(-1.067, -5.176, -7.213)
2025-09-26 15:11:47,993 - project.config.screen_config - INFO - 交点坐标: [ -27.22940118 -232.95768377    0.        ]
2025-09-26 15:11:47,993 - project.config.screen_config - WARNING - 交点超出屏幕边界，已裁剪: Point2D(850.701126, -1015.286117) -> Point2D(850.701126, 0.000000)
2025-09-26 15:11:47,993 - project.config.screen_config - INFO - 最终像素坐标: Point2D(850.701126, 0.000000)
2025-09-26 15:11:47,993 - project.core.fitting.main - INFO - -----------------------------------------------
2025-09-26 15:11:47,993 - project.core.fitting.main - INFO - left 视线焦点: Point2D(850.701126, 0.000000)
2025-09-26 15:11:47,993 - project.core.fitting.main - INFO - -----------------------------------------------
2025-09-26 15:11:47,993 - project.core.fitting.main - ERROR - 拟合过程中发生异常: list index out of range
2025-09-26 15:11:47,993 - project.core.fitting.main - ERROR - 异常堆栈: Traceback (most recent call last):
  File "C:\Users\86158\Desktop\gaze_venv\gaze-refactor\project\core\fitting\main.py", line 42, in run
    pupil_center = self.data_manager.get_coordinate_point(eye, "pupil")[0]
                   ~~~~~~~~~~~~~~~~~~~~~~~~~~~~~~~~~~~~~~~~~~~~~~~~~~~~^^^
IndexError: list index out of range

2025-09-26 15:11:48,086 - project.data.data_manager - WARNING - 非RGB-D摄像头，使用默认深度图
2025-09-26 15:11:48,135 - project.core.recognition.landmark_extractor - WARNING - 关键点 148 原始y坐标超出范围: 1.014，已限制到边界
2025-09-26 15:11:48,137 - project.core.recognition.landmark_extractor - WARNING - 关键点 152 原始y坐标超出范围: 1.018，已限制到边界
2025-09-26 15:11:48,139 - project.core.recognition.landmark_extractor - WARNING - 关键点 171 原始y坐标超出范围: 1.005，已限制到边界
2025-09-26 15:11:48,139 - project.core.recognition.landmark_extractor - WARNING - 关键点 175 原始y坐标超出范围: 1.009，已限制到边界
2025-09-26 15:11:48,139 - project.core.recognition.landmark_extractor - WARNING - 关键点 176 原始y坐标超出范围: 1.001，已限制到边界
2025-09-26 15:11:48,141 - project.core.recognition.landmark_extractor - WARNING - 关键点 377 原始y坐标超出范围: 1.013，已限制到边界
2025-09-26 15:11:48,141 - project.core.recognition.landmark_extractor - WARNING - 关键点 396 原始y坐标超出范围: 1.004，已限制到边界
2025-09-26 15:11:48,141 - project.core.recognition.detector - INFO - 提取到 478 个关键点
2025-09-26 15:11:48,145 - project.core.recognition.landmark_extractor - INFO - 关键点验证通过
2025-09-26 15:11:48,145 - project.core.recognition.detector - INFO - 关键点验证结果: True
2025-09-26 15:11:48,151 - project.core.recognition.detector - INFO - 人脸检测成功，提取到 478 个关键点
2025-09-26 15:11:48,151 - project.core.recognition.main - INFO - 人脸检测成功
2025-09-26 15:11:48,154 - project.core.recognition.coordinate_converter - WARNING - 关键点 148 转换失败: 无效的深度值：nan，必须大于0.1米
2025-09-26 15:11:48,154 - project.core.recognition.coordinate_converter - WARNING - 关键点 152 转换失败: 无效的深度值：nan，必须大于0.1米
2025-09-26 15:11:48,154 - project.core.recognition.coordinate_converter - WARNING - 关键点 171 转换失败: 无效的深度值：nan，必须大于0.1米
2025-09-26 15:11:48,154 - project.core.recognition.coordinate_converter - WARNING - 关键点 175 转换失败: 无效的深度值：nan，必须大于0.1米
2025-09-26 15:11:48,154 - project.core.recognition.coordinate_converter - WARNING - 关键点 176 转换失败: 无效的深度值：nan，必须大于0.1米
2025-09-26 15:11:48,157 - project.core.recognition.coordinate_converter - WARNING - 关键点 377 转换失败: 无效的深度值：nan，必须大于0.1米
2025-09-26 15:11:48,157 - project.core.recognition.coordinate_converter - WARNING - 关键点 396 转换失败: 无效的深度值：nan，必须大于0.1米
2025-09-26 15:11:48,157 - project.core.recognition.coordinate_converter - WARNING - 关键点 400 转换失败: 无效的深度值：nan，必须大于0.1米
2025-09-26 15:11:48,160 - project.data.data_manager - INFO - RecgFitDataManager初始化 - debug_log: True, key_coordinates: True
2025-09-26 15:11:48,160 - project.data.data_manager - INFO - RecgFitDataManager初始化完成
2025-09-26 15:11:48,160 - __main__ - INFO - 收到识别完成信号，开始拟合...
2025-09-26 15:11:48,160 - __main__ - INFO - 开始拟合frame_id: 4
2025-09-26 15:11:48,160 - __main__ - INFO - 等待识别完成信号...
2025-09-26 15:11:48,160 - root - INFO - 数据质量: {'point_count': 14, 'fitting_point_count': 2, 'constraint_point_count': 12, 'visibility': 0.9931385306847708}
2025-09-26 15:11:48,160 - root - INFO - 选择策略: high_quality
2025-09-26 15:11:48,165 - root - INFO - 数据质量: {'point_count': 12, 'fitting_point_count': 0, 'constraint_point_count': 12, 'visibility': 0.9618302711178829}
2025-09-26 15:11:48,165 - root - INFO - 选择策略: high_quality
2025-09-26 15:11:48,165 - root - WARNING - 没有拟合点，无法进行优化
2025-09-26 15:11:48,165 - project.core.fitting.main - INFO - ==============================================
2025-09-26 15:11:48,165 - project.core.fitting.main - INFO - 拟合结果:
2025-09-26 15:11:48,169 - project.core.fitting.main - INFO -   LEFT 眼: 拟合结果：
 球心：[ 23.45245764  64.189645   408.67302911]
 半径：12.385021904431051
 置信度：0.899750358246948
 收敛：True
 迭代次数：3
 最终残差范数：0.7244936699656473
 最终delta范数：0.03813495184916491
 使用策略：lm
2025-09-26 15:11:48,171 - project.core.fitting.main - INFO -   RIGHT 眼: 拟合结果：
 球心：[0 0 0]
 半径：12.0
 置信度：0.0
 收敛：False
 迭代次数：0
 最终残差范数：inf
 最终delta范数：inf
 使用策略：lm
2025-09-26 15:11:48,171 - project.core.fitting.main - INFO - ==============================================
2025-09-26 15:11:48,171 - project.config.screen_config - INFO - 瞳孔位置: Point3D(21.609, 62.323, 400.123)
2025-09-26 15:11:48,171 - project.config.screen_config - INFO - 眼球位置: Point3D(23.452, 64.190, 408.673)
2025-09-26 15:11:48,171 - project.config.screen_config - INFO - 视线方向: Point3D(-1.843, -1.866, -8.550)
2025-09-26 15:11:48,171 - project.config.screen_config - INFO - 交点坐标: [-64.65954126 -25.02200314   0.        ]
2025-09-26 15:11:48,173 - project.config.screen_config - WARNING - 交点超出屏幕边界，已裁剪: Point2D(1030.365798, -128.093880) -> Point2D(1030.365798, 0.000000)
2025-09-26 15:11:48,173 - project.config.screen_config - INFO - 最终像素坐标: Point2D(1030.365798, 0.000000)
2025-09-26 15:11:48,173 - project.core.fitting.main - INFO - -----------------------------------------------
2025-09-26 15:11:48,173 - project.core.fitting.main - INFO - left 视线焦点: Point2D(1030.365798, 0.000000)
2025-09-26 15:11:48,173 - project.core.fitting.main - INFO - -----------------------------------------------
2025-09-26 15:11:48,173 - project.core.fitting.main - ERROR - 拟合过程中发生异常: list index out of range
2025-09-26 15:11:48,173 - project.core.fitting.main - ERROR - 异常堆栈: Traceback (most recent call last):
  File "C:\Users\86158\Desktop\gaze_venv\gaze-refactor\project\core\fitting\main.py", line 42, in run
    pupil_center = self.data_manager.get_coordinate_point(eye, "pupil")[0]
                   ~~~~~~~~~~~~~~~~~~~~~~~~~~~~~~~~~~~~~~~~~~~~~~~~~~~~^^^
IndexError: list index out of range

2025-09-26 15:11:48,266 - project.data.data_manager - WARNING - 非RGB-D摄像头，使用默认深度图
2025-09-26 15:11:48,335 - project.core.recognition.landmark_extractor - WARNING - 关键点 148 原始y坐标超出范围: 1.017，已限制到边界
2025-09-26 15:11:48,337 - project.core.recognition.landmark_extractor - WARNING - 关键点 152 原始y坐标超出范围: 1.021，已限制到边界
2025-09-26 15:11:48,337 - project.core.recognition.landmark_extractor - WARNING - 关键点 171 原始y坐标超出范围: 1.008，已限制到边界
2025-09-26 15:11:48,337 - project.core.recognition.landmark_extractor - WARNING - 关键点 175 原始y坐标超出范围: 1.012，已限制到边界
2025-09-26 15:11:48,340 - project.core.recognition.landmark_extractor - WARNING - 关键点 176 原始y坐标超出范围: 1.004，已限制到边界
2025-09-26 15:11:48,340 - project.core.recognition.landmark_extractor - WARNING - 关键点 377 原始y坐标超出范围: 1.016，已限制到边界
2025-09-26 15:11:48,344 - project.core.recognition.landmark_extractor - WARNING - 关键点 396 原始y坐标超出范围: 1.007，已限制到边界
2025-09-26 15:11:48,344 - project.core.recognition.landmark_extractor - WARNING - 关键点 400 原始y坐标超出范围: 1.002，已限制到边界
2025-09-26 15:11:48,347 - project.core.recognition.detector - INFO - 提取到 478 个关键点
2025-09-26 15:11:48,348 - project.core.recognition.landmark_extractor - INFO - 关键点验证通过
2025-09-26 15:11:48,348 - project.core.recognition.detector - INFO - 关键点验证结果: True
2025-09-26 15:11:48,351 - project.core.recognition.detector - INFO - 人脸检测成功，提取到 478 个关键点
2025-09-26 15:11:48,353 - project.core.recognition.main - INFO - 人脸检测成功
2025-09-26 15:11:48,354 - project.core.recognition.coordinate_converter - WARNING - 关键点 148 转换失败: 无效的深度值：nan，必须大于0.1米
2025-09-26 15:11:48,354 - project.core.recognition.coordinate_converter - WARNING - 关键点 152 转换失败: 无效的深度值：nan，必须大于0.1米
2025-09-26 15:11:48,354 - project.core.recognition.coordinate_converter - WARNING - 关键点 171 转换失败: 无效的深度值：nan，必须大于0.1米
2025-09-26 15:11:48,354 - project.core.recognition.coordinate_converter - WARNING - 关键点 175 转换失败: 无效的深度值：nan，必须大于0.1米
2025-09-26 15:11:48,354 - project.core.recognition.coordinate_converter - WARNING - 关键点 176 转换失败: 无效的深度值：nan，必须大于0.1米
2025-09-26 15:11:48,357 - project.core.recognition.coordinate_converter - WARNING - 关键点 377 转换失败: 无效的深度值：nan，必须大于0.1米
2025-09-26 15:11:48,357 - project.core.recognition.coordinate_converter - WARNING - 关键点 396 转换失败: 无效的深度值：nan，必须大于0.1米
2025-09-26 15:11:48,357 - project.core.recognition.coordinate_converter - WARNING - 关键点 400 转换失败: 无效的深度值：nan，必须大于0.1米
2025-09-26 15:11:48,357 - project.data.data_manager - INFO - RecgFitDataManager初始化 - debug_log: True, key_coordinates: True
2025-09-26 15:11:48,357 - project.data.data_manager - INFO - RecgFitDataManager初始化完成
2025-09-26 15:11:48,357 - __main__ - INFO - 收到识别完成信号，开始拟合...
2025-09-26 15:11:48,361 - __main__ - INFO - 开始拟合frame_id: 5
2025-09-26 15:11:48,361 - __main__ - INFO - 等待识别完成信号...
2025-09-26 15:11:48,361 - root - INFO - 数据质量: {'point_count': 14, 'fitting_point_count': 2, 'constraint_point_count': 12, 'visibility': 0.9931764991913236}
2025-09-26 15:11:48,361 - root - INFO - 选择策略: high_quality
2025-09-26 15:11:48,365 - root - INFO - 数据质量: {'point_count': 12, 'fitting_point_count': 0, 'constraint_point_count': 12, 'visibility': 0.9611485237540075}
2025-09-26 15:11:48,365 - root - INFO - 选择策略: high_quality
2025-09-26 15:11:48,365 - root - WARNING - 没有拟合点，无法进行优化
2025-09-26 15:11:48,365 - project.core.fitting.main - INFO - ==============================================
2025-09-26 15:11:48,365 - project.core.fitting.main - INFO - 拟合结果:
2025-09-26 15:11:48,365 - project.core.fitting.main - INFO -   LEFT 眼: 拟合结果：
 球心：[ 23.36805145  63.75834693 408.52782077]
 半径：12.38502207600386
 置信度：0.8997503293039408
 收敛：True
 迭代次数：3
 最终残差范数：0.724493666707467
 最终delta范数：0.03443015226882551
 使用策略：lm
2025-09-26 15:11:48,365 - project.core.fitting.main - INFO -   RIGHT 眼: 拟合结果：
 球心：[0 0 0]
 半径：12.0
 置信度：0.0
 收敛：False
 迭代次数：0
 最终残差范数：inf
 最终delta范数：inf
 使用策略：lm
2025-09-26 15:11:48,365 - project.core.fitting.main - INFO - ==============================================
2025-09-26 15:11:48,365 - project.config.screen_config - INFO - 瞳孔位置: Point3D(21.459, 61.832, 400.005)
2025-09-26 15:11:48,365 - project.config.screen_config - INFO - 眼球位置: Point3D(23.368, 63.758, 408.528)
2025-09-26 15:11:48,365 - project.config.screen_config - INFO - 视线方向: Point3D(-1.909, -1.927, -8.522)
2025-09-26 15:11:48,365 - project.config.screen_config - INFO - 交点坐标: [-68.1526305  -28.59214751   0.        ]
2025-09-26 15:11:48,365 - project.config.screen_config - WARNING - 交点超出屏幕边界，已裁剪: Point2D(1047.132626, -143.326496) -> Point2D(1047.132626, 0.000000)
2025-09-26 15:11:48,365 - project.config.screen_config - INFO - 最终像素坐标: Point2D(1047.132626, 0.000000)
2025-09-26 15:11:48,365 - project.core.fitting.main - INFO - -----------------------------------------------
2025-09-26 15:11:48,369 - project.core.fitting.main - INFO - left 视线焦点: Point2D(1047.132626, 0.000000)
2025-09-26 15:11:48,371 - project.core.fitting.main - INFO - -----------------------------------------------
2025-09-26 15:11:48,371 - project.core.fitting.main - ERROR - 拟合过程中发生异常: list index out of range
2025-09-26 15:11:48,372 - project.core.fitting.main - ERROR - 异常堆栈: Traceback (most recent call last):
  File "C:\Users\86158\Desktop\gaze_venv\gaze-refactor\project\core\fitting\main.py", line 42, in run
    pupil_center = self.data_manager.get_coordinate_point(eye, "pupil")[0]
                   ~~~~~~~~~~~~~~~~~~~~~~~~~~~~~~~~~~~~~~~~~~~~~~~~~~~~^^^
IndexError: list index out of range

2025-09-26 15:11:48,464 - project.data.data_manager - WARNING - 非RGB-D摄像头，使用默认深度图
2025-09-26 15:11:48,520 - project.core.recognition.landmark_extractor - WARNING - 关键点 148 原始y坐标超出范围: 1.017，已限制到边界
2025-09-26 15:11:48,520 - project.core.recognition.landmark_extractor - WARNING - 关键点 152 原始y坐标超出范围: 1.021，已限制到边界
2025-09-26 15:11:48,524 - project.core.recognition.landmark_extractor - WARNING - 关键点 171 原始y坐标超出范围: 1.007，已限制到边界
2025-09-26 15:11:48,526 - project.core.recognition.landmark_extractor - WARNING - 关键点 175 原始y坐标超出范围: 1.011，已限制到边界
2025-09-26 15:11:48,526 - project.core.recognition.landmark_extractor - WARNING - 关键点 176 原始y坐标超出范围: 1.004，已限制到边界
2025-09-26 15:11:48,528 - project.core.recognition.landmark_extractor - WARNING - 关键点 377 原始y坐标超出范围: 1.015，已限制到边界
2025-09-26 15:11:48,528 - project.core.recognition.landmark_extractor - WARNING - 关键点 396 原始y坐标超出范围: 1.005，已限制到边界
2025-09-26 15:11:48,528 - project.core.recognition.landmark_extractor - WARNING - 关键点 400 原始y坐标超出范围: 1.001，已限制到边界
2025-09-26 15:11:48,528 - project.core.recognition.detector - INFO - 提取到 478 个关键点
2025-09-26 15:11:48,533 - project.core.recognition.landmark_extractor - INFO - 关键点验证通过
2025-09-26 15:11:48,533 - project.core.recognition.detector - INFO - 关键点验证结果: True
2025-09-26 15:11:48,537 - project.core.recognition.detector - INFO - 人脸检测成功，提取到 478 个关键点
2025-09-26 15:11:48,537 - project.core.recognition.main - INFO - 人脸检测成功
2025-09-26 15:11:48,541 - project.core.recognition.coordinate_converter - WARNING - 关键点 148 转换失败: 无效的深度值：nan，必须大于0.1米
2025-09-26 15:11:48,541 - project.core.recognition.coordinate_converter - WARNING - 关键点 152 转换失败: 无效的深度值：nan，必须大于0.1米
2025-09-26 15:11:48,541 - project.core.recognition.coordinate_converter - WARNING - 关键点 171 转换失败: 无效的深度值：nan，必须大于0.1米
2025-09-26 15:11:48,541 - project.core.recognition.coordinate_converter - WARNING - 关键点 175 转换失败: 无效的深度值：nan，必须大于0.1米
2025-09-26 15:11:48,541 - project.core.recognition.coordinate_converter - WARNING - 关键点 176 转换失败: 无效的深度值：nan，必须大于0.1米
2025-09-26 15:11:48,545 - project.core.recognition.coordinate_converter - WARNING - 关键点 377 转换失败: 无效的深度值：nan，必须大于0.1米
2025-09-26 15:11:48,545 - project.core.recognition.coordinate_converter - WARNING - 关键点 396 转换失败: 无效的深度值：nan，必须大于0.1米
2025-09-26 15:11:48,545 - project.core.recognition.coordinate_converter - WARNING - 关键点 400 转换失败: 无效的深度值：nan，必须大于0.1米
2025-09-26 15:11:48,545 - project.data.data_manager - INFO - RecgFitDataManager初始化 - debug_log: True, key_coordinates: True
2025-09-26 15:11:48,545 - project.data.data_manager - INFO - RecgFitDataManager初始化完成
2025-09-26 15:11:48,545 - __main__ - INFO - 收到识别完成信号，开始拟合...
2025-09-26 15:11:48,545 - __main__ - INFO - 开始拟合frame_id: 6
2025-09-26 15:11:48,545 - __main__ - INFO - 等待识别完成信号...
2025-09-26 15:11:48,549 - root - INFO - 数据质量: {'point_count': 14, 'fitting_point_count': 2, 'constraint_point_count': 12, 'visibility': 0.9930741329475781}
2025-09-26 15:11:48,549 - root - INFO - 选择策略: high_quality
2025-09-26 15:11:48,554 - root - INFO - 数据质量: {'point_count': 12, 'fitting_point_count': 0, 'constraint_point_count': 12, 'visibility': 0.9619408967024378}
2025-09-26 15:11:48,554 - root - INFO - 选择策略: high_quality
2025-09-26 15:11:48,554 - root - WARNING - 没有拟合点，无法进行优化
2025-09-26 15:11:48,554 - project.core.fitting.main - INFO - ==============================================
2025-09-26 15:11:48,554 - project.core.fitting.main - INFO - 拟合结果:
2025-09-26 15:11:48,554 - project.core.fitting.main - INFO -   LEFT 眼: 拟合结果：
 球心：[ 24.38204404  63.99527364 408.65711408]
 半径：12.385021678445698
 置信度：0.8997503416224854
 收敛：True
 迭代次数：3
 最终残差范数：0.7244936674502233
 最终delta范数：0.03519287221356646
 使用策略：lm
2025-09-26 15:11:48,554 - project.core.fitting.main - INFO -   RIGHT 眼: 拟合结果：
 球心：[0 0 0]
 半径：12.0
 置信度：0.0
 收敛：False
 迭代次数：0
 最终残差范数：inf
 最终delta范数：inf
 使用策略：lm
2025-09-26 15:11:48,554 - project.core.fitting.main - INFO - ==============================================
2025-09-26 15:11:48,554 - project.config.screen_config - INFO - 瞳孔位置: Point3D(22.633, 62.217, 400.068)
2025-09-26 15:11:48,554 - project.config.screen_config - INFO - 眼球位置: Point3D(24.382, 63.995, 408.657)
2025-09-26 15:11:48,554 - project.config.screen_config - INFO - 视线方向: Point3D(-1.749, -1.778, -8.589)
2025-09-26 15:11:48,554 - project.config.screen_config - INFO - 交点坐标: [-58.84317098 -20.60462535   0.        ]
2025-09-26 15:11:48,558 - project.config.screen_config - WARNING - 交点超出屏幕边界，已裁剪: Point2D(1002.447221, -109.246401) -> Point2D(1002.447221, 0.000000)
2025-09-26 15:11:48,558 - project.config.screen_config - INFO - 最终像素坐标: Point2D(1002.447221, 0.000000)
2025-09-26 15:11:48,558 - project.core.fitting.main - INFO - -----------------------------------------------
2025-09-26 15:11:48,558 - project.core.fitting.main - INFO - left 视线焦点: Point2D(1002.447221, 0.000000)
2025-09-26 15:11:48,558 - project.core.fitting.main - INFO - -----------------------------------------------
2025-09-26 15:11:48,558 - project.core.fitting.main - ERROR - 拟合过程中发生异常: list index out of range
2025-09-26 15:11:48,558 - project.core.fitting.main - ERROR - 异常堆栈: Traceback (most recent call last):
  File "C:\Users\86158\Desktop\gaze_venv\gaze-refactor\project\core\fitting\main.py", line 42, in run
    pupil_center = self.data_manager.get_coordinate_point(eye, "pupil")[0]
                   ~~~~~~~~~~~~~~~~~~~~~~~~~~~~~~~~~~~~~~~~~~~~~~~~~~~~^^^
IndexError: list index out of range

2025-09-26 15:11:48,652 - project.data.data_manager - WARNING - 非RGB-D摄像头，使用默认深度图
2025-09-26 15:11:48,713 - project.core.recognition.landmark_extractor - WARNING - 关键点 148 原始y坐标超出范围: 1.017，已限制到边界
2025-09-26 15:11:48,713 - project.core.recognition.landmark_extractor - WARNING - 关键点 152 原始y坐标超出范围: 1.021，已限制到边界
2025-09-26 15:11:48,713 - project.core.recognition.landmark_extractor - WARNING - 关键点 171 原始y坐标超出范围: 1.008，已限制到边界
2025-09-26 15:11:48,713 - project.core.recognition.landmark_extractor - WARNING - 关键点 175 原始y坐标超出范围: 1.011，已限制到边界
2025-09-26 15:11:48,713 - project.core.recognition.landmark_extractor - WARNING - 关键点 176 原始y坐标超出范围: 1.004，已限制到边界
2025-09-26 15:11:48,718 - project.core.recognition.landmark_extractor - WARNING - 关键点 377 原始y坐标超出范围: 1.015，已限制到边界
2025-09-26 15:11:48,718 - project.core.recognition.landmark_extractor - WARNING - 关键点 396 原始y坐标超出范围: 1.006，已限制到边界
2025-09-26 15:11:48,718 - project.core.recognition.landmark_extractor - WARNING - 关键点 400 原始y坐标超出范围: 1.001，已限制到边界
2025-09-26 15:11:48,722 - project.core.recognition.detector - INFO - 提取到 478 个关键点
2025-09-26 15:11:48,722 - project.core.recognition.landmark_extractor - INFO - 关键点验证通过
2025-09-26 15:11:48,722 - project.core.recognition.detector - INFO - 关键点验证结果: True
2025-09-26 15:11:48,730 - project.core.recognition.detector - INFO - 人脸检测成功，提取到 478 个关键点
2025-09-26 15:11:48,730 - project.core.recognition.main - INFO - 人脸检测成功
2025-09-26 15:11:48,733 - project.core.recognition.coordinate_converter - WARNING - 关键点 148 转换失败: 无效的深度值：nan，必须大于0.1米
2025-09-26 15:11:48,733 - project.core.recognition.coordinate_converter - WARNING - 关键点 152 转换失败: 无效的深度值：nan，必须大于0.1米
2025-09-26 15:11:48,733 - project.core.recognition.coordinate_converter - WARNING - 关键点 171 转换失败: 无效的深度值：nan，必须大于0.1米
2025-09-26 15:11:48,733 - project.core.recognition.coordinate_converter - WARNING - 关键点 175 转换失败: 无效的深度值：nan，必须大于0.1米
2025-09-26 15:11:48,734 - project.core.recognition.coordinate_converter - WARNING - 关键点 176 转换失败: 无效的深度值：nan，必须大于0.1米
2025-09-26 15:11:48,734 - project.core.recognition.coordinate_converter - WARNING - 关键点 377 转换失败: 无效的深度值：nan，必须大于0.1米
2025-09-26 15:11:48,734 - project.core.recognition.coordinate_converter - WARNING - 关键点 396 转换失败: 无效的深度值：nan，必须大于0.1米
2025-09-26 15:11:48,734 - project.core.recognition.coordinate_converter - WARNING - 关键点 400 转换失败: 无效的深度值：nan，必须大于0.1米
2025-09-26 15:11:48,734 - project.data.data_manager - INFO - RecgFitDataManager初始化 - debug_log: True, key_coordinates: True
2025-09-26 15:11:48,734 - project.data.data_manager - INFO - RecgFitDataManager初始化完成
2025-09-26 15:11:48,739 - __main__ - INFO - 收到识别完成信号，开始拟合...
2025-09-26 15:11:48,739 - __main__ - INFO - 开始拟合frame_id: 7
2025-09-26 15:11:48,739 - __main__ - INFO - 等待识别完成信号...
2025-09-26 15:11:48,739 - root - INFO - 数据质量: {'point_count': 14, 'fitting_point_count': 2, 'constraint_point_count': 12, 'visibility': 0.9931032824612503}
2025-09-26 15:11:48,739 - root - INFO - 选择策略: high_quality
2025-09-26 15:11:48,747 - root - INFO - 数据质量: {'point_count': 12, 'fitting_point_count': 0, 'constraint_point_count': 12, 'visibility': 0.9615586769551575}
2025-09-26 15:11:48,747 - root - INFO - 选择策略: high_quality
2025-09-26 15:11:48,747 - root - WARNING - 没有拟合点，无法进行优化
2025-09-26 15:11:48,747 - project.core.fitting.main - INFO - ==============================================
2025-09-26 15:11:48,747 - project.core.fitting.main - INFO - 拟合结果:
2025-09-26 15:11:48,747 - project.core.fitting.main - INFO -   LEFT 眼: 拟合结果：
 球心：[ 23.70863678  65.11432157 408.56947306]
 半径：12.385022491146865
 置信度：0.8997504567404886
 收敛：True
 迭代次数：3
 最终残差范数：0.7244936914356611
 最终delta范数：0.05237004124651234
 使用策略：lm
2025-09-26 15:11:48,747 - project.core.fitting.main - INFO -   RIGHT 眼: 拟合结果：
 球心：[0 0 0]
 半径：12.0
 置信度：0.0
 收敛：False
 迭代次数：0
 最终残差范数：inf
 最终delta范数：inf
 使用策略：lm
2025-09-26 15:11:48,747 - project.core.fitting.main - INFO - ==============================================
2025-09-26 15:11:48,747 - project.config.screen_config - INFO - 瞳孔位置: Point3D(21.689, 63.083, 400.097)
2025-09-26 15:11:48,747 - project.config.screen_config - INFO - 眼球位置: Point3D(23.709, 65.114, 408.569)
2025-09-26 15:11:48,747 - project.config.screen_config - INFO - 视线方向: Point3D(-2.020, -2.032, -8.472)
2025-09-26 15:11:48,751 - project.config.screen_config - INFO - 交点坐标: [-73.69657064 -32.85709162   0.        ]
2025-09-26 15:11:48,751 - project.config.screen_config - WARNING - 交点超出屏幕边界，已裁剪: Point2D(1073.743539, -161.523591) -> Point2D(1073.743539, 0.000000)
2025-09-26 15:11:48,751 - project.config.screen_config - INFO - 最终像素坐标: Point2D(1073.743539, 0.000000)
2025-09-26 15:11:48,751 - project.core.fitting.main - INFO - -----------------------------------------------
2025-09-26 15:11:48,751 - project.core.fitting.main - INFO - left 视线焦点: Point2D(1073.743539, 0.000000)
2025-09-26 15:11:48,751 - project.core.fitting.main - INFO - -----------------------------------------------
2025-09-26 15:11:48,751 - project.core.fitting.main - ERROR - 拟合过程中发生异常: list index out of range
2025-09-26 15:11:48,751 - project.core.fitting.main - ERROR - 异常堆栈: Traceback (most recent call last):
  File "C:\Users\86158\Desktop\gaze_venv\gaze-refactor\project\core\fitting\main.py", line 42, in run
    pupil_center = self.data_manager.get_coordinate_point(eye, "pupil")[0]
                   ~~~~~~~~~~~~~~~~~~~~~~~~~~~~~~~~~~~~~~~~~~~~~~~~~~~~^^^
IndexError: list index out of range

2025-09-26 15:11:48,846 - project.data.data_manager - WARNING - 非RGB-D摄像头，使用默认深度图
2025-09-26 15:11:48,905 - project.core.recognition.landmark_extractor - WARNING - 关键点 148 原始y坐标超出范围: 1.025，已限制到边界
2025-09-26 15:11:48,905 - project.core.recognition.landmark_extractor - WARNING - 关键点 152 原始y坐标超出范围: 1.030，已限制到边界
2025-09-26 15:11:48,909 - project.core.recognition.landmark_extractor - WARNING - 关键点 171 原始y坐标超出范围: 1.015，已限制到边界
2025-09-26 15:11:48,909 - project.core.recognition.landmark_extractor - WARNING - 关键点 175 原始y坐标超出范围: 1.019，已限制到边界
2025-09-26 15:11:48,909 - project.core.recognition.landmark_extractor - WARNING - 关键点 176 原始y坐标超出范围: 1.011，已限制到边界
2025-09-26 15:11:48,911 - project.core.recognition.landmark_extractor - WARNING - 关键点 199 原始y坐标超出范围: 1.002，已限制到边界
2025-09-26 15:11:48,913 - project.core.recognition.landmark_extractor - WARNING - 关键点 377 原始y坐标超出范围: 1.024，已限制到边界
2025-09-26 15:11:48,913 - project.core.recognition.landmark_extractor - WARNING - 关键点 396 原始y坐标超出范围: 1.014，已限制到边界
2025-09-26 15:11:48,913 - project.core.recognition.landmark_extractor - WARNING - 关键点 400 原始y坐标超出范围: 1.010，已限制到边界
2025-09-26 15:11:48,918 - project.core.recognition.detector - INFO - 提取到 478 个关键点
2025-09-26 15:11:48,918 - project.core.recognition.landmark_extractor - INFO - 关键点验证通过
2025-09-26 15:11:48,918 - project.core.recognition.detector - INFO - 关键点验证结果: True
2025-09-26 15:11:48,922 - project.core.recognition.detector - INFO - 人脸检测成功，提取到 478 个关键点
2025-09-26 15:11:48,922 - project.core.recognition.main - INFO - 人脸检测成功
2025-09-26 15:11:48,926 - project.core.recognition.coordinate_converter - WARNING - 关键点 140 转换失败: 无效的深度值：nan，必须大于0.1米
2025-09-26 15:11:48,926 - project.core.recognition.coordinate_converter - WARNING - 关键点 148 转换失败: 无效的深度值：nan，必须大于0.1米
2025-09-26 15:11:48,926 - project.core.recognition.coordinate_converter - WARNING - 关键点 152 转换失败: 无效的深度值：nan，必须大于0.1米
2025-09-26 15:11:48,926 - project.core.recognition.coordinate_converter - WARNING - 关键点 171 转换失败: 无效的深度值：nan，必须大于0.1米
2025-09-26 15:11:48,926 - project.core.recognition.coordinate_converter - WARNING - 关键点 175 转换失败: 无效的深度值：nan，必须大于0.1米
2025-09-26 15:11:48,926 - project.core.recognition.coordinate_converter - WARNING - 关键点 176 转换失败: 无效的深度值：nan，必须大于0.1米
2025-09-26 15:11:48,930 - project.core.recognition.coordinate_converter - WARNING - 关键点 199 转换失败: 无效的深度值：nan，必须大于0.1米
2025-09-26 15:11:48,930 - project.core.recognition.coordinate_converter - WARNING - 关键点 208 转换失败: 无效的深度值：nan，必须大于0.1米
2025-09-26 15:11:48,930 - project.core.recognition.coordinate_converter - WARNING - 关键点 377 转换失败: 无效的深度值：nan，必须大于0.1米
2025-09-26 15:11:48,930 - project.core.recognition.coordinate_converter - WARNING - 关键点 396 转换失败: 无效的深度值：nan，必须大于0.1米
2025-09-26 15:11:48,930 - project.core.recognition.coordinate_converter - WARNING - 关键点 400 转换失败: 无效的深度值：nan，必须大于0.1米
2025-09-26 15:11:48,933 - project.data.data_manager - INFO - RecgFitDataManager初始化 - debug_log: True, key_coordinates: True
2025-09-26 15:11:48,933 - project.data.data_manager - INFO - RecgFitDataManager初始化完成
2025-09-26 15:11:48,934 - __main__ - INFO - 收到识别完成信号，开始拟合...
2025-09-26 15:11:48,934 - __main__ - INFO - 开始拟合frame_id: 8
2025-09-26 15:11:48,934 - __main__ - INFO - 等待识别完成信号...
2025-09-26 15:11:48,934 - root - INFO - 数据质量: {'point_count': 12, 'fitting_point_count': 0, 'constraint_point_count': 12, 'visibility': 0.9777728733362677}
2025-09-26 15:11:48,934 - root - INFO - 选择策略: high_quality
2025-09-26 15:11:48,934 - root - WARNING - 没有拟合点，无法进行优化
2025-09-26 15:11:48,934 - root - INFO - 数据质量: {'point_count': 12, 'fitting_point_count': 0, 'constraint_point_count': 12, 'visibility': 0.9088991464992829}
2025-09-26 15:11:48,934 - root - INFO - 选择策略: high_quality
2025-09-26 15:11:48,938 - root - WARNING - 没有拟合点，无法进行优化
2025-09-26 15:11:48,938 - project.core.fitting.main - INFO - ==============================================
2025-09-26 15:11:48,938 - project.core.fitting.main - INFO - 拟合结果:
2025-09-26 15:11:48,938 - project.core.fitting.main - INFO -   LEFT 眼: 拟合结果：
 球心：[0 0 0]
 半径：12.0
 置信度：0.0
 收敛：False
 迭代次数：0
 最终残差范数：inf
 最终delta范数：inf
 使用策略：lm
2025-09-26 15:11:48,938 - project.core.fitting.main - INFO -   RIGHT 眼: 拟合结果：
 球心：[0 0 0]
 半径：12.0
 置信度：0.0
 收敛：False
 迭代次数：0
 最终残差范数：inf
 最终delta范数：inf
 使用策略：lm
2025-09-26 15:11:48,938 - project.core.fitting.main - INFO - ==============================================
2025-09-26 15:11:48,938 - project.core.fitting.main - ERROR - 拟合过程中发生异常: list index out of range
2025-09-26 15:11:48,938 - project.core.fitting.main - ERROR - 异常堆栈: Traceback (most recent call last):
  File "C:\Users\86158\Desktop\gaze_venv\gaze-refactor\project\core\fitting\main.py", line 42, in run
    pupil_center = self.data_manager.get_coordinate_point(eye, "pupil")[0]
                   ~~~~~~~~~~~~~~~~~~~~~~~~~~~~~~~~~~~~~~~~~~~~~~~~~~~~^^^
IndexError: list index out of range

2025-09-26 15:11:49,037 - project.data.data_manager - WARNING - 非RGB-D摄像头，使用默认深度图
2025-09-26 15:11:49,101 - project.core.recognition.landmark_extractor - WARNING - 关键点 148 原始y坐标超出范围: 1.022，已限制到边界
2025-09-26 15:11:49,101 - project.core.recognition.landmark_extractor - WARNING - 关键点 152 原始y坐标超出范围: 1.026，已限制到边界
2025-09-26 15:11:49,104 - project.core.recognition.landmark_extractor - WARNING - 关键点 171 原始y坐标超出范围: 1.013，已限制到边界
2025-09-26 15:11:49,105 - project.core.recognition.landmark_extractor - WARNING - 关键点 175 原始y坐标超出范围: 1.017，已限制到边界
2025-09-26 15:11:49,105 - project.core.recognition.landmark_extractor - WARNING - 关键点 176 原始y坐标超出范围: 1.008，已限制到边界
2025-09-26 15:11:49,108 - project.core.recognition.landmark_extractor - WARNING - 关键点 377 原始y坐标超出范围: 1.021，已限制到边界
2025-09-26 15:11:49,108 - project.core.recognition.landmark_extractor - WARNING - 关键点 396 原始y坐标超出范围: 1.012，已限制到边界
2025-09-26 15:11:49,108 - project.core.recognition.landmark_extractor - WARNING - 关键点 400 原始y坐标超出范围: 1.007，已限制到边界
2025-09-26 15:11:49,112 - project.core.recognition.detector - INFO - 提取到 478 个关键点
2025-09-26 15:11:49,112 - project.core.recognition.landmark_extractor - INFO - 关键点验证通过
2025-09-26 15:11:49,112 - project.core.recognition.detector - INFO - 关键点验证结果: True
2025-09-26 15:11:49,118 - project.core.recognition.detector - INFO - 人脸检测成功，提取到 478 个关键点
2025-09-26 15:11:49,119 - project.core.recognition.main - INFO - 人脸检测成功
2025-09-26 15:11:49,121 - project.core.recognition.coordinate_converter - WARNING - 关键点 148 转换失败: 无效的深度值：nan，必须大于0.1米
2025-09-26 15:11:49,121 - project.core.recognition.coordinate_converter - WARNING - 关键点 152 转换失败: 无效的深度值：nan，必须大于0.1米
2025-09-26 15:11:49,121 - project.core.recognition.coordinate_converter - WARNING - 关键点 171 转换失败: 无效的深度值：nan，必须大于0.1米
2025-09-26 15:11:49,121 - project.core.recognition.coordinate_converter - WARNING - 关键点 175 转换失败: 无效的深度值：nan，必须大于0.1米
2025-09-26 15:11:49,121 - project.core.recognition.coordinate_converter - WARNING - 关键点 176 转换失败: 无效的深度值：nan，必须大于0.1米
2025-09-26 15:11:49,121 - project.core.recognition.coordinate_converter - WARNING - 关键点 199 转换失败: 无效的深度值：nan，必须大于0.1米
2025-09-26 15:11:49,125 - project.core.recognition.coordinate_converter - WARNING - 关键点 377 转换失败: 无效的深度值：nan，必须大于0.1米
2025-09-26 15:11:49,125 - project.core.recognition.coordinate_converter - WARNING - 关键点 396 转换失败: 无效的深度值：nan，必须大于0.1米
2025-09-26 15:11:49,125 - project.core.recognition.coordinate_converter - WARNING - 关键点 400 转换失败: 无效的深度值：nan，必须大于0.1米
2025-09-26 15:11:49,125 - project.data.data_manager - INFO - RecgFitDataManager初始化 - debug_log: True, key_coordinates: True
2025-09-26 15:11:49,129 - project.data.data_manager - INFO - RecgFitDataManager初始化完成
2025-09-26 15:11:49,131 - __main__ - INFO - 收到识别完成信号，开始拟合...
2025-09-26 15:11:49,131 - __main__ - INFO - 开始拟合frame_id: 9
2025-09-26 15:11:49,131 - __main__ - INFO - 等待识别完成信号...
2025-09-26 15:11:49,131 - root - INFO - 数据质量: {'point_count': 13, 'fitting_point_count': 1, 'constraint_point_count': 12, 'visibility': 0.9923831548292074}
2025-09-26 15:11:49,131 - root - INFO - 选择策略: high_quality
2025-09-26 15:11:49,133 - root - WARNING - 线性方程组求解失败，使用最小二乘法求解
2025-09-26 15:11:49,160 - root - INFO - 数据质量: {'point_count': 12, 'fitting_point_count': 0, 'constraint_point_count': 12, 'visibility': 0.9575138483788518}
2025-09-26 15:11:49,160 - root - INFO - 选择策略: high_quality
2025-09-26 15:11:49,160 - root - WARNING - 没有拟合点，无法进行优化
2025-09-26 15:11:49,160 - project.core.fitting.main - INFO - ==============================================
2025-09-26 15:11:49,160 - project.core.fitting.main - INFO - 拟合结果:
2025-09-26 15:11:49,160 - project.core.fitting.main - INFO -   LEFT 眼: 拟合结果：
 球心：[ 31.16164868  69.79872497 409.0043614 ]
 半径：12.445097986479912
 置信度：0.9999989456154671
 收敛：False
 迭代次数：30
 最终残差范数：0.7239701132287376
 最终delta范数：0.0006671416001182355
 使用策略：lm
2025-09-26 15:11:49,160 - project.core.fitting.main - INFO -   RIGHT 眼: 拟合结果：
 球心：[0 0 0]
 半径：12.0
 置信度：0.0
 收敛：False
 迭代次数：0
 最终残差范数：inf
 最终delta范数：inf
 使用策略：lm
2025-09-26 15:11:49,164 - project.core.fitting.main - INFO - ==============================================
2025-09-26 15:11:49,164 - project.config.screen_config - INFO - 瞳孔位置: Point3D(31.162, 69.799, 400.055)
2025-09-26 15:11:49,164 - project.config.screen_config - INFO - 眼球位置: Point3D(31.162, 69.799, 409.004)
2025-09-26 15:11:49,164 - project.config.screen_config - INFO - 视线方向: Point3D(0.000, 0.000, -8.950)
2025-09-26 15:11:49,164 - project.config.screen_config - INFO - 交点坐标: [31.16164868 69.79872497  0.        ]
2025-09-26 15:11:49,164 - project.config.screen_config - INFO - 最终像素坐标: Point2D(570.424086, 276.474560)
2025-09-26 15:11:49,164 - project.core.fitting.main - INFO - -----------------------------------------------
2025-09-26 15:11:49,164 - project.core.fitting.main - INFO - left 视线焦点: Point2D(570.424086, 276.474560)
2025-09-26 15:11:49,164 - project.core.fitting.main - INFO - -----------------------------------------------
2025-09-26 15:11:49,164 - project.core.fitting.main - ERROR - 拟合过程中发生异常: list index out of range
2025-09-26 15:11:49,164 - project.core.fitting.main - ERROR - 异常堆栈: Traceback (most recent call last):
  File "C:\Users\86158\Desktop\gaze_venv\gaze-refactor\project\core\fitting\main.py", line 42, in run
    pupil_center = self.data_manager.get_coordinate_point(eye, "pupil")[0]
                   ~~~~~~~~~~~~~~~~~~~~~~~~~~~~~~~~~~~~~~~~~~~~~~~~~~~~^^^
IndexError: list index out of range

2025-09-26 15:11:49,238 - project.data.data_manager - WARNING - 非RGB-D摄像头，使用默认深度图
2025-09-26 15:11:49,288 - project.core.recognition.landmark_extractor - WARNING - 关键点 148 原始y坐标超出范围: 1.018，已限制到边界
2025-09-26 15:11:49,288 - project.core.recognition.landmark_extractor - WARNING - 关键点 152 原始y坐标超出范围: 1.022，已限制到边界
2025-09-26 15:11:49,288 - project.core.recognition.landmark_extractor - WARNING - 关键点 171 原始y坐标超出范围: 1.009，已限制到边界
2025-09-26 15:11:49,288 - project.core.recognition.landmark_extractor - WARNING - 关键点 175 原始y坐标超出范围: 1.012，已限制到边界
2025-09-26 15:11:49,288 - project.core.recognition.landmark_extractor - WARNING - 关键点 176 原始y坐标超出范围: 1.005，已限制到边界
2025-09-26 15:11:49,292 - project.core.recognition.landmark_extractor - WARNING - 关键点 377 原始y坐标超出范围: 1.017，已限制到边界
2025-09-26 15:11:49,292 - project.core.recognition.landmark_extractor - WARNING - 关键点 396 原始y坐标超出范围: 1.008，已限制到边界
2025-09-26 15:11:49,296 - project.core.recognition.landmark_extractor - WARNING - 关键点 400 原始y坐标超出范围: 1.003，已限制到边界
2025-09-26 15:11:49,296 - project.core.recognition.detector - INFO - 提取到 478 个关键点
2025-09-26 15:11:49,296 - project.core.recognition.landmark_extractor - INFO - 关键点验证通过
2025-09-26 15:11:49,296 - project.core.recognition.detector - INFO - 关键点验证结果: True
2025-09-26 15:11:49,300 - project.core.recognition.detector - INFO - 人脸检测成功，提取到 478 个关键点
2025-09-26 15:11:49,300 - project.core.recognition.main - INFO - 人脸检测成功
2025-09-26 15:11:49,307 - project.core.recognition.coordinate_converter - WARNING - 关键点 148 转换失败: 无效的深度值：nan，必须大于0.1米
2025-09-26 15:11:49,308 - project.core.recognition.coordinate_converter - WARNING - 关键点 152 转换失败: 无效的深度值：nan，必须大于0.1米
2025-09-26 15:11:49,308 - project.core.recognition.coordinate_converter - WARNING - 关键点 171 转换失败: 无效的深度值：nan，必须大于0.1米
2025-09-26 15:11:49,308 - project.core.recognition.coordinate_converter - WARNING - 关键点 175 转换失败: 无效的深度值：nan，必须大于0.1米
2025-09-26 15:11:49,308 - project.core.recognition.coordinate_converter - WARNING - 关键点 176 转换失败: 无效的深度值：nan，必须大于0.1米
2025-09-26 15:11:49,308 - project.core.recognition.coordinate_converter - WARNING - 关键点 377 转换失败: 无效的深度值：nan，必须大于0.1米
2025-09-26 15:11:49,312 - project.core.recognition.coordinate_converter - WARNING - 关键点 396 转换失败: 无效的深度值：nan，必须大于0.1米
2025-09-26 15:11:49,312 - project.core.recognition.coordinate_converter - WARNING - 关键点 400 转换失败: 无效的深度值：nan，必须大于0.1米
2025-09-26 15:11:49,312 - project.data.data_manager - INFO - RecgFitDataManager初始化 - debug_log: True, key_coordinates: True
2025-09-26 15:11:49,312 - project.data.data_manager - INFO - RecgFitDataManager初始化完成
2025-09-26 15:11:49,312 - __main__ - INFO - 收到识别完成信号，开始拟合...
2025-09-26 15:11:49,312 - __main__ - INFO - 开始拟合frame_id: 10
2025-09-26 15:11:49,312 - __main__ - INFO - 等待识别完成信号...
2025-09-26 15:11:49,312 - root - INFO - 数据质量: {'point_count': 14, 'fitting_point_count': 2, 'constraint_point_count': 12, 'visibility': 0.9930160321508755}
2025-09-26 15:11:49,316 - root - INFO - 选择策略: high_quality
2025-09-26 15:11:49,316 - root - INFO - 数据质量: {'point_count': 12, 'fitting_point_count': 0, 'constraint_point_count': 12, 'visibility': 0.9611217117815579}
2025-09-26 15:11:49,316 - root - INFO - 选择策略: high_quality
2025-09-26 15:11:49,316 - root - WARNING - 没有拟合点，无法进行优化
2025-09-26 15:11:49,316 - project.core.fitting.main - INFO - ==============================================
2025-09-26 15:11:49,321 - project.core.fitting.main - INFO - 拟合结果:
2025-09-26 15:11:49,321 - project.core.fitting.main - INFO -   LEFT 眼: 拟合结果：
 球心：[ 26.2453135   63.34322161 408.50463642]
 半径：12.385023013822332
 置信度：0.8997502958365514
 收敛：True
 迭代次数：3
 最终残差范数：0.7244936673651491
 最终delta范数：0.03620695255092101
 使用策略：lm
2025-09-26 15:11:49,321 - project.core.fitting.main - INFO -   RIGHT 眼: 拟合结果：
 球心：[0 0 0]
 半径：12.0
 置信度：0.0
 收敛：False
 迭代次数：0
 最终残差范数：inf
 最终delta范数：inf
 使用策略：lm
2025-09-26 15:11:49,321 - project.core.fitting.main - INFO - ==============================================
2025-09-26 15:11:49,321 - project.config.screen_config - INFO - 瞳孔位置: Point3D(24.038, 61.142, 400.122)
2025-09-26 15:11:49,321 - project.config.screen_config - INFO - 眼球位置: Point3D(26.245, 63.343, 408.505)
2025-09-26 15:11:49,321 - project.config.screen_config - INFO - 视线方向: Point3D(-2.207, -2.201, -8.383)
2025-09-26 15:11:49,321 - project.config.screen_config - INFO - 交点坐标: [-81.31121071 -43.91754156   0.        ]
2025-09-26 15:11:49,325 - project.config.screen_config - WARNING - 交点超出屏幕边界，已裁剪: Point2D(1110.293811, -208.714844) -> Point2D(1110.293811, 0.000000)
2025-09-26 15:11:49,325 - project.config.screen_config - INFO - 最终像素坐标: Point2D(1110.293811, 0.000000)
2025-09-26 15:11:49,325 - project.core.fitting.main - INFO - -----------------------------------------------
2025-09-26 15:11:49,325 - project.core.fitting.main - INFO - left 视线焦点: Point2D(1110.293811, 0.000000)
2025-09-26 15:11:49,325 - project.core.fitting.main - INFO - -----------------------------------------------
2025-09-26 15:11:49,325 - project.core.fitting.main - ERROR - 拟合过程中发生异常: list index out of range
2025-09-26 15:11:49,325 - project.core.fitting.main - ERROR - 异常堆栈: Traceback (most recent call last):
  File "C:\Users\86158\Desktop\gaze_venv\gaze-refactor\project\core\fitting\main.py", line 42, in run
    pupil_center = self.data_manager.get_coordinate_point(eye, "pupil")[0]
                   ~~~~~~~~~~~~~~~~~~~~~~~~~~~~~~~~~~~~~~~~~~~~~~~~~~~~^^^
IndexError: list index out of range

2025-09-26 15:11:49,421 - project.data.data_manager - WARNING - 非RGB-D摄像头，使用默认深度图
2025-09-26 15:11:49,485 - project.core.recognition.landmark_extractor - WARNING - 关键点 148 原始y坐标超出范围: 1.019，已限制到边界
2025-09-26 15:11:49,485 - project.core.recognition.landmark_extractor - WARNING - 关键点 152 原始y坐标超出范围: 1.023，已限制到边界
2025-09-26 15:11:49,485 - project.core.recognition.landmark_extractor - WARNING - 关键点 171 原始y坐标超出范围: 1.010，已限制到边界
2025-09-26 15:11:49,485 - project.core.recognition.landmark_extractor - WARNING - 关键点 175 原始y坐标超出范围: 1.013，已限制到边界
2025-09-26 15:11:49,489 - project.core.recognition.landmark_extractor - WARNING - 关键点 176 原始y坐标超出范围: 1.006，已限制到边界
2025-09-26 15:11:49,491 - project.core.recognition.landmark_extractor - WARNING - 关键点 377 原始y坐标超出范围: 1.017，已限制到边界
2025-09-26 15:11:49,491 - project.core.recognition.landmark_extractor - WARNING - 关键点 396 原始y坐标超出范围: 1.008，已限制到边界
2025-09-26 15:11:49,493 - project.core.recognition.landmark_extractor - WARNING - 关键点 400 原始y坐标超出范围: 1.003，已限制到边界
2025-09-26 15:11:49,493 - project.core.recognition.detector - INFO - 提取到 478 个关键点
2025-09-26 15:11:49,497 - project.core.recognition.landmark_extractor - INFO - 关键点验证通过
2025-09-26 15:11:49,498 - project.core.recognition.detector - INFO - 关键点验证结果: True
2025-09-26 15:11:49,501 - project.core.recognition.detector - INFO - 人脸检测成功，提取到 478 个关键点
2025-09-26 15:11:49,501 - project.core.recognition.main - INFO - 人脸检测成功
2025-09-26 15:11:49,505 - project.core.recognition.coordinate_converter - WARNING - 关键点 148 转换失败: 无效的深度值：nan，必须大于0.1米
2025-09-26 15:11:49,505 - project.core.recognition.coordinate_converter - WARNING - 关键点 152 转换失败: 无效的深度值：nan，必须大于0.1米
2025-09-26 15:11:49,505 - project.core.recognition.coordinate_converter - WARNING - 关键点 171 转换失败: 无效的深度值：nan，必须大于0.1米
2025-09-26 15:11:49,505 - project.core.recognition.coordinate_converter - WARNING - 关键点 175 转换失败: 无效的深度值：nan，必须大于0.1米
2025-09-26 15:11:49,505 - project.core.recognition.coordinate_converter - WARNING - 关键点 176 转换失败: 无效的深度值：nan，必须大于0.1米
2025-09-26 15:11:49,509 - project.core.recognition.coordinate_converter - WARNING - 关键点 377 转换失败: 无效的深度值：nan，必须大于0.1米
2025-09-26 15:11:49,510 - project.core.recognition.coordinate_converter - WARNING - 关键点 396 转换失败: 无效的深度值：nan，必须大于0.1米
2025-09-26 15:11:49,510 - project.core.recognition.coordinate_converter - WARNING - 关键点 400 转换失败: 无效的深度值：nan，必须大于0.1米
2025-09-26 15:11:49,510 - project.data.data_manager - INFO - RecgFitDataManager初始化 - debug_log: True, key_coordinates: True
2025-09-26 15:11:49,510 - project.data.data_manager - INFO - RecgFitDataManager初始化完成
2025-09-26 15:11:49,510 - __main__ - INFO - 收到识别完成信号，开始拟合...
2025-09-26 15:11:49,510 - __main__ - INFO - 开始拟合frame_id: 11
2025-09-26 15:11:49,510 - __main__ - INFO - 等待识别完成信号...
2025-09-26 15:11:49,514 - root - INFO - 数据质量: {'point_count': 14, 'fitting_point_count': 2, 'constraint_point_count': 12, 'visibility': 0.9931070116350968}
2025-09-26 15:11:49,514 - root - INFO - 选择策略: high_quality
2025-09-26 15:11:49,518 - root - INFO - 数据质量: {'point_count': 12, 'fitting_point_count': 0, 'constraint_point_count': 12, 'visibility': 0.962009904898539}
2025-09-26 15:11:49,518 - root - INFO - 选择策略: high_quality
2025-09-26 15:11:49,518 - root - WARNING - 没有拟合点，无法进行优化
2025-09-26 15:11:49,518 - project.core.fitting.main - INFO - ==============================================
2025-09-26 15:11:49,518 - project.core.fitting.main - INFO - 拟合结果:
2025-09-26 15:11:49,518 - project.core.fitting.main - INFO -   LEFT 眼: 拟合结果：
 球心：[ 25.6455443   62.81072772 408.41592563]
 半径：12.385022909696847
 置信度：0.8997504543526363
 收敛：True
 迭代次数：3
 最终残差范数：0.724493695804728
 最终delta范数：0.054646467690508724
 使用策略：lm
2025-09-26 15:11:49,518 - project.core.fitting.main - INFO -   RIGHT 眼: 拟合结果：
 球心：[0 0 0]
 半径：12.0
 置信度：0.0
 收敛：False
 迭代次数：0
 最终残差范数：inf
 最终delta范数：inf
 使用策略：lm
2025-09-26 15:11:49,518 - project.core.fitting.main - INFO - ==============================================
2025-09-26 15:11:49,518 - project.config.screen_config - INFO - 瞳孔位置: Point3D(23.506, 60.679, 399.998)
2025-09-26 15:11:49,518 - project.config.screen_config - INFO - 眼球位置: Point3D(25.646, 62.811, 408.416)
2025-09-26 15:11:49,518 - project.config.screen_config - INFO - 视线方向: Point3D(-2.139, -2.132, -8.418)
2025-09-26 15:11:49,518 - project.config.screen_config - INFO - 交点坐标: [-78.14689319 -40.63050313   0.        ]
2025-09-26 15:11:49,522 - project.config.screen_config - WARNING - 交点超出屏幕边界，已裁剪: Point2D(1095.105087, -194.690147) -> Point2D(1095.105087, 0.000000)
2025-09-26 15:11:49,522 - project.config.screen_config - INFO - 最终像素坐标: Point2D(1095.105087, 0.000000)
2025-09-26 15:11:49,522 - project.core.fitting.main - INFO - -----------------------------------------------
2025-09-26 15:11:49,522 - project.core.fitting.main - INFO - left 视线焦点: Point2D(1095.105087, 0.000000)
2025-09-26 15:11:49,522 - project.core.fitting.main - INFO - -----------------------------------------------
2025-09-26 15:11:49,522 - project.core.fitting.main - ERROR - 拟合过程中发生异常: list index out of range
2025-09-26 15:11:49,522 - project.core.fitting.main - ERROR - 异常堆栈: Traceback (most recent call last):
  File "C:\Users\86158\Desktop\gaze_venv\gaze-refactor\project\core\fitting\main.py", line 42, in run
    pupil_center = self.data_manager.get_coordinate_point(eye, "pupil")[0]
                   ~~~~~~~~~~~~~~~~~~~~~~~~~~~~~~~~~~~~~~~~~~~~~~~~~~~~^^^
IndexError: list index out of range

2025-09-26 15:11:49,618 - project.data.data_manager - WARNING - 非RGB-D摄像头，使用默认深度图
2025-09-26 15:11:49,691 - project.core.recognition.landmark_extractor - WARNING - 关键点 148 原始y坐标超出范围: 1.016，已限制到边界
2025-09-26 15:11:49,691 - project.core.recognition.landmark_extractor - WARNING - 关键点 152 原始y坐标超出范围: 1.020，已限制到边界
2025-09-26 15:11:49,695 - project.core.recognition.landmark_extractor - WARNING - 关键点 171 原始y坐标超出范围: 1.007，已限制到边界
2025-09-26 15:11:49,695 - project.core.recognition.landmark_extractor - WARNING - 关键点 175 原始y坐标超出范围: 1.010，已限制到边界
2025-09-26 15:11:49,695 - project.core.recognition.landmark_extractor - WARNING - 关键点 176 原始y坐标超出范围: 1.003，已限制到边界
2025-09-26 15:11:49,699 - project.core.recognition.landmark_extractor - WARNING - 关键点 377 原始y坐标超出范围: 1.014，已限制到边界
2025-09-26 15:11:49,699 - project.core.recognition.landmark_extractor - WARNING - 关键点 396 原始y坐标超出范围: 1.005，已限制到边界
2025-09-26 15:11:49,706 - project.core.recognition.detector - INFO - 提取到 478 个关键点
2025-09-26 15:11:49,717 - project.core.recognition.landmark_extractor - INFO - 关键点验证通过
2025-09-26 15:11:49,717 - project.core.recognition.detector - INFO - 关键点验证结果: True
2025-09-26 15:11:49,721 - project.core.recognition.detector - INFO - 人脸检测成功，提取到 478 个关键点
2025-09-26 15:11:49,721 - project.core.recognition.main - INFO - 人脸检测成功
2025-09-26 15:11:49,725 - project.core.recognition.coordinate_converter - WARNING - 关键点 148 转换失败: 无效的深度值：nan，必须大于0.1米
2025-09-26 15:11:49,725 - project.core.recognition.coordinate_converter - WARNING - 关键点 152 转换失败: 无效的深度值：nan，必须大于0.1米
2025-09-26 15:11:49,725 - project.core.recognition.coordinate_converter - WARNING - 关键点 171 转换失败: 无效的深度值：nan，必须大于0.1米
2025-09-26 15:11:49,725 - project.core.recognition.coordinate_converter - WARNING - 关键点 175 转换失败: 无效的深度值：nan，必须大于0.1米
2025-09-26 15:11:49,725 - project.core.recognition.coordinate_converter - WARNING - 关键点 176 转换失败: 无效的深度值：nan，必须大于0.1米
2025-09-26 15:11:49,729 - project.core.recognition.coordinate_converter - WARNING - 关键点 377 转换失败: 无效的深度值：nan，必须大于0.1米
2025-09-26 15:11:49,731 - project.core.recognition.coordinate_converter - WARNING - 关键点 396 转换失败: 无效的深度值：nan，必须大于0.1米
2025-09-26 15:11:49,731 - project.core.recognition.coordinate_converter - WARNING - 关键点 400 转换失败: 无效的深度值：nan，必须大于0.1米
2025-09-26 15:11:49,731 - project.data.data_manager - INFO - RecgFitDataManager初始化 - debug_log: True, key_coordinates: True
2025-09-26 15:11:49,731 - project.data.data_manager - INFO - RecgFitDataManager初始化完成
2025-09-26 15:11:49,731 - __main__ - INFO - 收到识别完成信号，开始拟合...
2025-09-26 15:11:49,731 - __main__ - INFO - 开始拟合frame_id: 12
2025-09-26 15:11:49,734 - __main__ - INFO - 等待识别完成信号...
2025-09-26 15:11:49,734 - root - INFO - 数据质量: {'point_count': 14, 'fitting_point_count': 2, 'constraint_point_count': 12, 'visibility': 0.9931742416706537}
2025-09-26 15:11:49,734 - root - INFO - 选择策略: high_quality
2025-09-26 15:11:49,745 - root - INFO - 数据质量: {'point_count': 12, 'fitting_point_count': 0, 'constraint_point_count': 12, 'visibility': 0.9631365874285942}
2025-09-26 15:11:49,745 - root - INFO - 选择策略: high_quality
2025-09-26 15:11:49,745 - root - WARNING - 没有拟合点，无法进行优化
2025-09-26 15:11:49,745 - project.core.fitting.main - INFO - ==============================================
2025-09-26 15:11:49,745 - project.core.fitting.main - INFO - 拟合结果:
2025-09-26 15:11:49,747 - project.core.fitting.main - INFO -   LEFT 眼: 拟合结果：
 球心：[ 25.48956822  62.34405999 408.60066473]
 半径：12.385022082019919
 置信度：0.8997503805747753
 收敛：True
 迭代次数：3
 最终残差范数：0.7244936738835371
 最终delta范数：0.04173150032215358
 使用策略：lm
2025-09-26 15:11:49,747 - project.core.fitting.main - INFO -   RIGHT 眼: 拟合结果：
 球心：[0 0 0]
 半径：12.0
 置信度：0.0
 收敛：False
 迭代次数：0
 最终残差范数：inf
 最终delta范数：inf
 使用策略：lm
2025-09-26 15:11:49,747 - project.core.fitting.main - INFO - ==============================================
2025-09-26 15:11:49,747 - project.config.screen_config - INFO - 瞳孔位置: Point3D(23.607, 60.432, 400.069)
2025-09-26 15:11:49,747 - project.config.screen_config - INFO - 眼球位置: Point3D(25.490, 62.344, 408.601)
2025-09-26 15:11:49,747 - project.config.screen_config - INFO - 视线方向: Point3D(-1.882, -1.912, -8.532)
2025-09-26 15:11:49,747 - project.config.screen_config - INFO - 交点坐标: [-64.66027421 -29.22769453   0.        ]
2025-09-26 15:11:49,747 - project.config.screen_config - WARNING - 交点超出屏幕边界，已裁剪: Point2D(1030.369316, -146.038163) -> Point2D(1030.369316, 0.000000)
2025-09-26 15:11:49,747 - project.config.screen_config - INFO - 最终像素坐标: Point2D(1030.369316, 0.000000)
2025-09-26 15:11:49,747 - project.core.fitting.main - INFO - -----------------------------------------------
2025-09-26 15:11:49,747 - project.core.fitting.main - INFO - left 视线焦点: Point2D(1030.369316, 0.000000)
2025-09-26 15:11:49,747 - project.core.fitting.main - INFO - -----------------------------------------------
2025-09-26 15:11:49,751 - project.core.fitting.main - ERROR - 拟合过程中发生异常: list index out of range
2025-09-26 15:11:49,751 - project.core.fitting.main - ERROR - 异常堆栈: Traceback (most recent call last):
  File "C:\Users\86158\Desktop\gaze_venv\gaze-refactor\project\core\fitting\main.py", line 42, in run
    pupil_center = self.data_manager.get_coordinate_point(eye, "pupil")[0]
                   ~~~~~~~~~~~~~~~~~~~~~~~~~~~~~~~~~~~~~~~~~~~~~~~~~~~~^^^
IndexError: list index out of range

2025-09-26 15:11:49,837 - project.data.data_manager - WARNING - 非RGB-D摄像头，使用默认深度图
2025-09-26 15:11:49,899 - project.core.recognition.landmark_extractor - WARNING - 关键点 148 原始y坐标超出范围: 1.015，已限制到边界
2025-09-26 15:11:49,903 - project.core.recognition.landmark_extractor - WARNING - 关键点 152 原始y坐标超出范围: 1.019，已限制到边界
2025-09-26 15:11:49,904 - project.core.recognition.landmark_extractor - WARNING - 关键点 171 原始y坐标超出范围: 1.005，已限制到边界
2025-09-26 15:11:49,904 - project.core.recognition.landmark_extractor - WARNING - 关键点 175 原始y坐标超出范围: 1.009，已限制到边界
2025-09-26 15:11:49,904 - project.core.recognition.landmark_extractor - WARNING - 关键点 176 原始y坐标超出范围: 1.001，已限制到边界
2025-09-26 15:11:49,907 - project.core.recognition.landmark_extractor - WARNING - 关键点 377 原始y坐标超出范围: 1.013，已限制到边界
2025-09-26 15:11:49,907 - project.core.recognition.landmark_extractor - WARNING - 关键点 396 原始y坐标超出范围: 1.004，已限制到边界
2025-09-26 15:11:49,912 - project.core.recognition.detector - INFO - 提取到 478 个关键点
2025-09-26 15:11:49,912 - project.core.recognition.landmark_extractor - INFO - 关键点验证通过
2025-09-26 15:11:49,912 - project.core.recognition.detector - INFO - 关键点验证结果: True
2025-09-26 15:11:49,917 - project.core.recognition.detector - INFO - 人脸检测成功，提取到 478 个关键点
2025-09-26 15:11:49,917 - project.core.recognition.main - INFO - 人脸检测成功
2025-09-26 15:11:49,920 - project.core.recognition.coordinate_converter - WARNING - 关键点 148 转换失败: 无效的深度值：nan，必须大于0.1米
2025-09-26 15:11:49,920 - project.core.recognition.coordinate_converter - WARNING - 关键点 152 转换失败: 无效的深度值：nan，必须大于0.1米
2025-09-26 15:11:49,920 - project.core.recognition.coordinate_converter - WARNING - 关键点 171 转换失败: 无效的深度值：nan，必须大于0.1米
2025-09-26 15:11:49,920 - project.core.recognition.coordinate_converter - WARNING - 关键点 175 转换失败: 无效的深度值：nan，必须大于0.1米
2025-09-26 15:11:49,920 - project.core.recognition.coordinate_converter - WARNING - 关键点 176 转换失败: 无效的深度值：nan，必须大于0.1米
2025-09-26 15:11:49,920 - project.core.recognition.coordinate_converter - WARNING - 关键点 377 转换失败: 无效的深度值：nan，必须大于0.1米
2025-09-26 15:11:49,924 - project.core.recognition.coordinate_converter - WARNING - 关键点 396 转换失败: 无效的深度值：nan，必须大于0.1米
2025-09-26 15:11:49,924 - project.core.recognition.coordinate_converter - WARNING - 关键点 400 转换失败: 无效的深度值：nan，必须大于0.1米
2025-09-26 15:11:49,924 - project.data.data_manager - INFO - RecgFitDataManager初始化 - debug_log: True, key_coordinates: True
2025-09-26 15:11:49,924 - project.data.data_manager - INFO - RecgFitDataManager初始化完成
2025-09-26 15:11:49,924 - __main__ - INFO - 收到识别完成信号，开始拟合...
2025-09-26 15:11:49,924 - __main__ - INFO - 开始拟合frame_id: 13
2025-09-26 15:11:49,924 - __main__ - INFO - 等待识别完成信号...
2025-09-26 15:11:49,924 - root - INFO - 数据质量: {'point_count': 14, 'fitting_point_count': 2, 'constraint_point_count': 12, 'visibility': 0.9931935193290949}
2025-09-26 15:11:49,929 - root - INFO - 选择策略: high_quality
2025-09-26 15:11:49,935 - root - INFO - 数据质量: {'point_count': 12, 'fitting_point_count': 0, 'constraint_point_count': 12, 'visibility': 0.962421290033692}
2025-09-26 15:11:49,935 - root - INFO - 选择策略: high_quality
2025-09-26 15:11:49,935 - root - WARNING - 没有拟合点，无法进行优化
2025-09-26 15:11:49,935 - project.core.fitting.main - INFO - ==============================================
2025-09-26 15:11:49,935 - project.core.fitting.main - INFO - 拟合结果:
2025-09-26 15:11:49,935 - project.core.fitting.main - INFO -   LEFT 眼: 拟合结果：
 球心：[ 25.9307969   62.17036938 408.52394344]
 半径：12.385022775879873
 置信度：0.8997504056550856
 收敛：True
 迭代次数：3
 最终残差范数：0.7244936832142487
 最终delta范数：0.04860420348281326
 使用策略：lm
2025-09-26 15:11:49,935 - project.core.fitting.main - INFO -   RIGHT 眼: 拟合结果：
 球心：[0 0 0]
 半径：12.0
 置信度：0.0
 收敛：False
 迭代次数：0
 最终残差范数：inf
 最终delta范数：inf
 使用策略：lm
2025-09-26 15:11:49,935 - project.core.fitting.main - INFO - ==============================================
2025-09-26 15:11:49,935 - project.config.screen_config - INFO - 瞳孔位置: Point3D(23.808, 60.055, 400.097)
2025-09-26 15:11:49,937 - project.config.screen_config - INFO - 眼球位置: Point3D(25.931, 62.170, 408.524)
2025-09-26 15:11:49,937 - project.config.screen_config - INFO - 视线方向: Point3D(-2.122, -2.116, -8.427)
2025-09-26 15:11:49,937 - project.config.screen_config - INFO - 交点坐标: [-76.96010045 -40.40382536   0.        ]
2025-09-26 15:11:49,937 - project.config.screen_config - WARNING - 交点超出屏幕边界，已裁剪: Point2D(1089.408482, -193.722988) -> Point2D(1089.408482, 0.000000)
2025-09-26 15:11:49,937 - project.config.screen_config - INFO - 最终像素坐标: Point2D(1089.408482, 0.000000)
2025-09-26 15:11:49,937 - project.core.fitting.main - INFO - -----------------------------------------------
2025-09-26 15:11:49,937 - project.core.fitting.main - INFO - left 视线焦点: Point2D(1089.408482, 0.000000)
2025-09-26 15:11:49,937 - project.core.fitting.main - INFO - -----------------------------------------------
2025-09-26 15:11:49,937 - project.core.fitting.main - ERROR - 拟合过程中发生异常: list index out of range
2025-09-26 15:11:49,937 - project.core.fitting.main - ERROR - 异常堆栈: Traceback (most recent call last):
  File "C:\Users\86158\Desktop\gaze_venv\gaze-refactor\project\core\fitting\main.py", line 42, in run
    pupil_center = self.data_manager.get_coordinate_point(eye, "pupil")[0]
                   ~~~~~~~~~~~~~~~~~~~~~~~~~~~~~~~~~~~~~~~~~~~~~~~~~~~~^^^
IndexError: list index out of range

2025-09-26 15:11:50,033 - project.data.data_manager - WARNING - 非RGB-D摄像头，使用默认深度图
2025-09-26 15:11:50,090 - project.core.recognition.landmark_extractor - WARNING - 关键点 148 原始y坐标超出范围: 1.016，已限制到边界
2025-09-26 15:11:50,094 - project.core.recognition.landmark_extractor - WARNING - 关键点 152 原始y坐标超出范围: 1.020，已限制到边界
2025-09-26 15:11:50,094 - project.core.recognition.landmark_extractor - WARNING - 关键点 171 原始y坐标超出范围: 1.007，已限制到边界
2025-09-26 15:11:50,094 - project.core.recognition.landmark_extractor - WARNING - 关键点 175 原始y坐标超出范围: 1.010，已限制到边界
2025-09-26 15:11:50,094 - project.core.recognition.landmark_extractor - WARNING - 关键点 176 原始y坐标超出范围: 1.003，已限制到边界
2025-09-26 15:11:50,094 - project.core.recognition.landmark_extractor - WARNING - 关键点 377 原始y坐标超出范围: 1.014，已限制到边界
2025-09-26 15:11:50,098 - project.core.recognition.landmark_extractor - WARNING - 关键点 396 原始y坐标超出范围: 1.005，已限制到边界
2025-09-26 15:11:50,099 - project.core.recognition.detector - INFO - 提取到 478 个关键点
2025-09-26 15:11:50,102 - project.core.recognition.landmark_extractor - INFO - 关键点验证通过
2025-09-26 15:11:50,102 - project.core.recognition.detector - INFO - 关键点验证结果: True
2025-09-26 15:11:50,107 - project.core.recognition.detector - INFO - 人脸检测成功，提取到 478 个关键点
2025-09-26 15:11:50,107 - project.core.recognition.main - INFO - 人脸检测成功
2025-09-26 15:11:50,107 - project.core.recognition.coordinate_converter - WARNING - 关键点 148 转换失败: 无效的深度值：nan，必须大于0.1米
2025-09-26 15:11:50,107 - project.core.recognition.coordinate_converter - WARNING - 关键点 152 转换失败: 无效的深度值：nan，必须大于0.1米
2025-09-26 15:11:50,107 - project.core.recognition.coordinate_converter - WARNING - 关键点 171 转换失败: 无效的深度值：nan，必须大于0.1米
2025-09-26 15:11:50,107 - project.core.recognition.coordinate_converter - WARNING - 关键点 175 转换失败: 无效的深度值：nan，必须大于0.1米
2025-09-26 15:11:50,107 - project.core.recognition.coordinate_converter - WARNING - 关键点 176 转换失败: 无效的深度值：nan，必须大于0.1米
2025-09-26 15:11:50,112 - project.core.recognition.coordinate_converter - WARNING - 关键点 377 转换失败: 无效的深度值：nan，必须大于0.1米
2025-09-26 15:11:50,113 - project.core.recognition.coordinate_converter - WARNING - 关键点 396 转换失败: 无效的深度值：nan，必须大于0.1米
2025-09-26 15:11:50,114 - project.core.recognition.coordinate_converter - WARNING - 关键点 400 转换失败: 无效的深度值：nan，必须大于0.1米
2025-09-26 15:11:50,114 - project.data.data_manager - INFO - RecgFitDataManager初始化 - debug_log: True, key_coordinates: True
2025-09-26 15:11:50,114 - project.data.data_manager - INFO - RecgFitDataManager初始化完成
2025-09-26 15:11:50,115 - __main__ - INFO - 收到识别完成信号，开始拟合...
2025-09-26 15:11:50,115 - __main__ - INFO - 开始拟合frame_id: 14
2025-09-26 15:11:50,115 - __main__ - INFO - 等待识别完成信号...
2025-09-26 15:11:50,115 - root - INFO - 数据质量: {'point_count': 14, 'fitting_point_count': 2, 'constraint_point_count': 12, 'visibility': 0.9931521719723865}
2025-09-26 15:11:50,115 - root - INFO - 选择策略: high_quality
2025-09-26 15:11:50,120 - root - INFO - 数据质量: {'point_count': 12, 'fitting_point_count': 0, 'constraint_point_count': 12, 'visibility': 0.9625306926252345}
2025-09-26 15:11:50,121 - root - INFO - 选择策略: high_quality
2025-09-26 15:11:50,121 - root - WARNING - 没有拟合点，无法进行优化
2025-09-26 15:11:50,121 - project.core.fitting.main - INFO - ==============================================
2025-09-26 15:11:50,121 - project.core.fitting.main - INFO - 拟合结果:
2025-09-26 15:11:50,121 - project.core.fitting.main - INFO -   LEFT 眼: 拟合结果：
 球心：[ 25.90982848  62.29176686 408.66574221]
 半径：12.385021936132807
 置信度：0.8997503382986131
 收敛：True
 迭代次数：3
 最终残差范数：0.7244936674496694
 最终delta范数：0.0353063136055131
 使用策略：lm
2025-09-26 15:11:50,121 - project.core.fitting.main - INFO -   RIGHT 眼: 拟合结果：
 球心：[0 0 0]
 半径：12.0
 置信度：0.0
 收敛：False
 迭代次数：0
 最终残差范数：inf
 最终delta范数：inf
 使用策略：lm
2025-09-26 15:11:50,121 - project.core.fitting.main - INFO - ==============================================
2025-09-26 15:11:50,124 - project.config.screen_config - INFO - 瞳孔位置: Point3D(24.055, 60.415, 400.120)
2025-09-26 15:11:50,124 - project.config.screen_config - INFO - 眼球位置: Point3D(25.910, 62.292, 408.666)
2025-09-26 15:11:50,124 - project.config.screen_config - INFO - 视线方向: Point3D(-1.855, -1.877, -8.545)
2025-09-26 15:11:50,124 - project.config.screen_config - INFO - 交点坐标: [-62.80663382 -27.46028316   0.        ]
2025-09-26 15:11:50,124 - project.config.screen_config - WARNING - 交点超出屏幕边界，已裁剪: Point2D(1021.471842, -138.497208) -> Point2D(1021.471842, 0.000000)
2025-09-26 15:11:50,124 - project.config.screen_config - INFO - 最终像素坐标: Point2D(1021.471842, 0.000000)
2025-09-26 15:11:50,124 - project.core.fitting.main - INFO - -----------------------------------------------
2025-09-26 15:11:50,124 - project.core.fitting.main - INFO - left 视线焦点: Point2D(1021.471842, 0.000000)
2025-09-26 15:11:50,124 - project.core.fitting.main - INFO - -----------------------------------------------
2025-09-26 15:11:50,124 - project.core.fitting.main - ERROR - 拟合过程中发生异常: list index out of range
2025-09-26 15:11:50,128 - project.core.fitting.main - ERROR - 异常堆栈: Traceback (most recent call last):
  File "C:\Users\86158\Desktop\gaze_venv\gaze-refactor\project\core\fitting\main.py", line 42, in run
    pupil_center = self.data_manager.get_coordinate_point(eye, "pupil")[0]
                   ~~~~~~~~~~~~~~~~~~~~~~~~~~~~~~~~~~~~~~~~~~~~~~~~~~~~^^^
IndexError: list index out of range

2025-09-26 15:11:50,220 - project.data.data_manager - WARNING - 非RGB-D摄像头，使用默认深度图
2025-09-26 15:11:50,287 - project.core.recognition.landmark_extractor - WARNING - 关键点 148 原始y坐标超出范围: 1.015，已限制到边界
2025-09-26 15:11:50,289 - project.core.recognition.landmark_extractor - WARNING - 关键点 152 原始y坐标超出范围: 1.019，已限制到边界
2025-09-26 15:11:50,289 - project.core.recognition.landmark_extractor - WARNING - 关键点 171 原始y坐标超出范围: 1.006，已限制到边界
2025-09-26 15:11:50,289 - project.core.recognition.landmark_extractor - WARNING - 关键点 175 原始y坐标超出范围: 1.009，已限制到边界
2025-09-26 15:11:50,289 - project.core.recognition.landmark_extractor - WARNING - 关键点 176 原始y坐标超出范围: 1.002，已限制到边界
2025-09-26 15:11:50,295 - project.core.recognition.landmark_extractor - WARNING - 关键点 377 原始y坐标超出范围: 1.013，已限制到边界
2025-09-26 15:11:50,295 - project.core.recognition.landmark_extractor - WARNING - 关键点 396 原始y坐标超出范围: 1.004，已限制到边界
2025-09-26 15:11:50,299 - project.core.recognition.detector - INFO - 提取到 478 个关键点
2025-09-26 15:11:50,301 - project.core.recognition.landmark_extractor - INFO - 关键点验证通过
2025-09-26 15:11:50,301 - project.core.recognition.detector - INFO - 关键点验证结果: True
2025-09-26 15:11:50,305 - project.core.recognition.detector - INFO - 人脸检测成功，提取到 478 个关键点
2025-09-26 15:11:50,305 - project.core.recognition.main - INFO - 人脸检测成功
2025-09-26 15:11:50,307 - project.core.recognition.coordinate_converter - WARNING - 关键点 148 转换失败: 无效的深度值：nan，必须大于0.1米
2025-09-26 15:11:50,310 - project.core.recognition.coordinate_converter - WARNING - 关键点 152 转换失败: 无效的深度值：nan，必须大于0.1米
2025-09-26 15:11:50,311 - project.core.recognition.coordinate_converter - WARNING - 关键点 171 转换失败: 无效的深度值：nan，必须大于0.1米
2025-09-26 15:11:50,311 - project.core.recognition.coordinate_converter - WARNING - 关键点 175 转换失败: 无效的深度值：nan，必须大于0.1米
2025-09-26 15:11:50,311 - project.core.recognition.coordinate_converter - WARNING - 关键点 176 转换失败: 无效的深度值：nan，必须大于0.1米
2025-09-26 15:11:50,314 - project.core.recognition.coordinate_converter - WARNING - 关键点 377 转换失败: 无效的深度值：nan，必须大于0.1米
2025-09-26 15:11:50,314 - project.core.recognition.coordinate_converter - WARNING - 关键点 396 转换失败: 无效的深度值：nan，必须大于0.1米
2025-09-26 15:11:50,314 - project.core.recognition.coordinate_converter - WARNING - 关键点 400 转换失败: 无效的深度值：nan，必须大于0.1米
2025-09-26 15:11:50,314 - project.data.data_manager - INFO - RecgFitDataManager初始化 - debug_log: True, key_coordinates: True
2025-09-26 15:11:50,314 - project.data.data_manager - INFO - RecgFitDataManager初始化完成
2025-09-26 15:11:50,314 - __main__ - INFO - 收到识别完成信号，开始拟合...
2025-09-26 15:11:50,314 - __main__ - INFO - 开始拟合frame_id: 15
2025-09-26 15:11:50,318 - __main__ - INFO - 等待识别完成信号...
2025-09-26 15:11:50,318 - root - INFO - 数据质量: {'point_count': 14, 'fitting_point_count': 2, 'constraint_point_count': 12, 'visibility': 0.9931551392157257}
2025-09-26 15:11:50,318 - root - INFO - 选择策略: high_quality
2025-09-26 15:11:50,323 - root - INFO - 数据质量: {'point_count': 12, 'fitting_point_count': 0, 'constraint_point_count': 12, 'visibility': 0.9626435357589317}
2025-09-26 15:11:50,324 - root - INFO - 选择策略: high_quality
2025-09-26 15:11:50,324 - root - WARNING - 没有拟合点，无法进行优化
2025-09-26 15:11:50,324 - project.core.fitting.main - INFO - ==============================================
2025-09-26 15:11:50,324 - project.core.fitting.main - INFO - 拟合结果:
2025-09-26 15:11:50,325 - project.core.fitting.main - INFO -   LEFT 眼: 拟合结果：
 球心：[ 22.88911051  63.33486719 408.6261923 ]
 半径：12.385022115826418
 置信度：0.8997504314183699
 收敛：True
 迭代次数：3
 最终残差范数：0.7244936832232058
 最终delta范数：0.048025824235259
 使用策略：lm
2025-09-26 15:11:50,325 - project.core.fitting.main - INFO -   RIGHT 眼: 拟合结果：
 球心：[0 0 0]
 半径：12.0
 置信度：0.0
 收敛：False
 迭代次数：0
 最终残差范数：inf
 最终delta范数：inf
 使用策略：lm
2025-09-26 15:11:50,325 - project.core.fitting.main - INFO - ==============================================
2025-09-26 15:11:50,325 - project.config.screen_config - INFO - 瞳孔位置: Point3D(20.983, 61.406, 400.104)
2025-09-26 15:11:50,327 - project.config.screen_config - INFO - 眼球位置: Point3D(22.889, 63.335, 408.626)
2025-09-26 15:11:50,327 - project.config.screen_config - INFO - 视线方向: Point3D(-1.906, -1.929, -8.523)
2025-09-26 15:11:50,327 - project.config.screen_config - INFO - 交点坐标: [-6.84954660e+01 -2.91539584e+01 -5.68434189e-14]
2025-09-26 15:11:50,327 - project.config.screen_config - WARNING - 交点超出屏幕边界，已裁剪: Point2D(1048.778237, -145.723556) -> Point2D(1048.778237, 0.000000)
2025-09-26 15:11:50,327 - project.config.screen_config - INFO - 最终像素坐标: Point2D(1048.778237, 0.000000)
2025-09-26 15:11:50,327 - project.core.fitting.main - INFO - -----------------------------------------------
2025-09-26 15:11:50,327 - project.core.fitting.main - INFO - left 视线焦点: Point2D(1048.778237, 0.000000)
2025-09-26 15:11:50,327 - project.core.fitting.main - INFO - -----------------------------------------------
2025-09-26 15:11:50,327 - project.core.fitting.main - ERROR - 拟合过程中发生异常: list index out of range
2025-09-26 15:11:50,327 - project.core.fitting.main - ERROR - 异常堆栈: Traceback (most recent call last):
  File "C:\Users\86158\Desktop\gaze_venv\gaze-refactor\project\core\fitting\main.py", line 42, in run
    pupil_center = self.data_manager.get_coordinate_point(eye, "pupil")[0]
                   ~~~~~~~~~~~~~~~~~~~~~~~~~~~~~~~~~~~~~~~~~~~~~~~~~~~~^^^
IndexError: list index out of range

2025-09-26 15:11:50,422 - project.data.data_manager - WARNING - 非RGB-D摄像头，使用默认深度图
2025-09-26 15:11:50,490 - project.core.recognition.landmark_extractor - WARNING - 关键点 148 原始y坐标超出范围: 1.017，已限制到边界
2025-09-26 15:11:50,490 - project.core.recognition.landmark_extractor - WARNING - 关键点 152 原始y坐标超出范围: 1.021，已限制到边界
2025-09-26 15:11:50,490 - project.core.recognition.landmark_extractor - WARNING - 关键点 171 原始y坐标超出范围: 1.008，已限制到边界
2025-09-26 15:11:50,490 - project.core.recognition.landmark_extractor - WARNING - 关键点 175 原始y坐标超出范围: 1.011，已限制到边界
2025-09-26 15:11:50,494 - project.core.recognition.landmark_extractor - WARNING - 关键点 176 原始y坐标超出范围: 1.004，已限制到边界
2025-09-26 15:11:50,494 - project.core.recognition.landmark_extractor - WARNING - 关键点 377 原始y坐标超出范围: 1.016，已限制到边界
2025-09-26 15:11:50,499 - project.core.recognition.landmark_extractor - WARNING - 关键点 396 原始y坐标超出范围: 1.007，已限制到边界
2025-09-26 15:11:50,499 - project.core.recognition.landmark_extractor - WARNING - 关键点 400 原始y坐标超出范围: 1.002，已限制到边界
2025-09-26 15:11:50,503 - project.core.recognition.detector - INFO - 提取到 478 个关键点
2025-09-26 15:11:50,507 - project.core.recognition.landmark_extractor - INFO - 关键点验证通过
2025-09-26 15:11:50,507 - project.core.recognition.detector - INFO - 关键点验证结果: True
2025-09-26 15:11:50,511 - project.core.recognition.detector - INFO - 人脸检测成功，提取到 478 个关键点
2025-09-26 15:11:50,511 - project.core.recognition.main - INFO - 人脸检测成功
2025-09-26 15:11:50,511 - project.core.recognition.coordinate_converter - WARNING - 关键点 148 转换失败: 无效的深度值：nan，必须大于0.1米
2025-09-26 15:11:50,511 - project.core.recognition.coordinate_converter - WARNING - 关键点 152 转换失败: 无效的深度值：nan，必须大于0.1米
2025-09-26 15:11:50,516 - project.core.recognition.coordinate_converter - WARNING - 关键点 171 转换失败: 无效的深度值：nan，必须大于0.1米
2025-09-26 15:11:50,516 - project.core.recognition.coordinate_converter - WARNING - 关键点 175 转换失败: 无效的深度值：nan，必须大于0.1米
2025-09-26 15:11:50,516 - project.core.recognition.coordinate_converter - WARNING - 关键点 176 转换失败: 无效的深度值：nan，必须大于0.1米
2025-09-26 15:11:50,518 - project.core.recognition.coordinate_converter - WARNING - 关键点 377 转换失败: 无效的深度值：nan，必须大于0.1米
2025-09-26 15:11:50,518 - project.core.recognition.coordinate_converter - WARNING - 关键点 396 转换失败: 无效的深度值：nan，必须大于0.1米
2025-09-26 15:11:50,520 - project.core.recognition.coordinate_converter - WARNING - 关键点 400 转换失败: 无效的深度值：nan，必须大于0.1米
2025-09-26 15:11:50,520 - project.data.data_manager - INFO - RecgFitDataManager初始化 - debug_log: True, key_coordinates: True
2025-09-26 15:11:50,520 - project.data.data_manager - INFO - RecgFitDataManager初始化完成
2025-09-26 15:11:50,520 - __main__ - INFO - 收到识别完成信号，开始拟合...
2025-09-26 15:11:50,520 - __main__ - INFO - 开始拟合frame_id: 16
2025-09-26 15:11:50,520 - __main__ - INFO - 等待识别完成信号...
2025-09-26 15:11:50,524 - root - INFO - 数据质量: {'point_count': 14, 'fitting_point_count': 2, 'constraint_point_count': 12, 'visibility': 0.9931232834774659}
2025-09-26 15:11:50,524 - root - INFO - 选择策略: high_quality
2025-09-26 15:11:50,528 - root - INFO - 数据质量: {'point_count': 12, 'fitting_point_count': 0, 'constraint_point_count': 12, 'visibility': 0.9616874404833363}
2025-09-26 15:11:50,528 - root - INFO - 选择策略: high_quality
2025-09-26 15:11:50,528 - root - WARNING - 没有拟合点，无法进行优化
2025-09-26 15:11:50,529 - project.core.fitting.main - INFO - ==============================================
2025-09-26 15:11:50,529 - project.core.fitting.main - INFO - 拟合结果:
2025-09-26 15:11:50,529 - project.core.fitting.main - INFO -   LEFT 眼: 拟合结果：
 球心：[ 22.57406445  64.02572007 408.43067971]
 半径：12.38502347645447
 置信度：0.8997503526173641
 收敛：True
 迭代次数：3
 最终残差范数：0.724493682064634
 最终delta范数：0.04885872399875024
 使用策略：lm
2025-09-26 15:11:50,529 - project.core.fitting.main - INFO -   RIGHT 眼: 拟合结果：
 球心：[0 0 0]
 半径：12.0
 置信度：0.0
 收敛：False
 迭代次数：0
 最终残差范数：inf
 最终delta范数：inf
 使用策略：lm
2025-09-26 15:11:50,529 - project.core.fitting.main - INFO - ==============================================
2025-09-26 15:11:50,529 - project.config.screen_config - INFO - 瞳孔位置: Point3D(20.269, 61.750, 400.094)
2025-09-26 15:11:50,529 - project.config.screen_config - INFO - 眼球位置: Point3D(22.574, 64.026, 408.431)
2025-09-26 15:11:50,529 - project.config.screen_config - INFO - 视线方向: Point3D(-2.305, -2.276, -8.336)
2025-09-26 15:11:50,529 - project.config.screen_config - INFO - 交点坐标: [-90.37243941 -47.48732323   0.        ]
2025-09-26 15:11:50,529 - project.config.screen_config - WARNING - 交点超出屏幕边界，已裁剪: Point2D(1153.787709, -223.945912) -> Point2D(1153.787709, 0.000000)
2025-09-26 15:11:50,533 - project.config.screen_config - INFO - 最终像素坐标: Point2D(1153.787709, 0.000000)
2025-09-26 15:11:50,533 - project.core.fitting.main - INFO - -----------------------------------------------
2025-09-26 15:11:50,533 - project.core.fitting.main - INFO - left 视线焦点: Point2D(1153.787709, 0.000000)
2025-09-26 15:11:50,533 - project.core.fitting.main - INFO - -----------------------------------------------
2025-09-26 15:11:50,533 - project.core.fitting.main - ERROR - 拟合过程中发生异常: list index out of range
2025-09-26 15:11:50,535 - project.core.fitting.main - ERROR - 异常堆栈: Traceback (most recent call last):
  File "C:\Users\86158\Desktop\gaze_venv\gaze-refactor\project\core\fitting\main.py", line 42, in run
    pupil_center = self.data_manager.get_coordinate_point(eye, "pupil")[0]
                   ~~~~~~~~~~~~~~~~~~~~~~~~~~~~~~~~~~~~~~~~~~~~~~~~~~~~^^^
IndexError: list index out of range

2025-09-26 15:11:50,626 - project.data.data_manager - WARNING - 非RGB-D摄像头，使用默认深度图
2025-09-26 15:11:50,689 - project.core.recognition.landmark_extractor - WARNING - 关键点 148 原始y坐标超出范围: 1.014，已限制到边界
2025-09-26 15:11:50,689 - project.core.recognition.landmark_extractor - WARNING - 关键点 152 原始y坐标超出范围: 1.018，已限制到边界
2025-09-26 15:11:50,689 - project.core.recognition.landmark_extractor - WARNING - 关键点 171 原始y坐标超出范围: 1.004，已限制到边界
2025-09-26 15:11:50,689 - project.core.recognition.landmark_extractor - WARNING - 关键点 175 原始y坐标超出范围: 1.008，已限制到边界
2025-09-26 15:11:50,689 - project.core.recognition.landmark_extractor - WARNING - 关键点 176 原始y坐标超出范围: 1.001，已限制到边界
2025-09-26 15:11:50,693 - project.core.recognition.landmark_extractor - WARNING - 关键点 377 原始y坐标超出范围: 1.012，已限制到边界
2025-09-26 15:11:50,693 - project.core.recognition.landmark_extractor - WARNING - 关键点 396 原始y坐标超出范围: 1.003，已限制到边界
2025-09-26 15:11:50,697 - project.core.recognition.detector - INFO - 提取到 478 个关键点
2025-09-26 15:11:50,699 - project.core.recognition.landmark_extractor - INFO - 关键点验证通过
2025-09-26 15:11:50,701 - project.core.recognition.detector - INFO - 关键点验证结果: True
2025-09-26 15:11:50,704 - project.core.recognition.detector - INFO - 人脸检测成功，提取到 478 个关键点
2025-09-26 15:11:50,706 - project.core.recognition.main - INFO - 人脸检测成功
2025-09-26 15:11:50,706 - project.core.recognition.coordinate_converter - WARNING - 关键点 148 转换失败: 无效的深度值：nan，必须大于0.1米
2025-09-26 15:11:50,706 - project.core.recognition.coordinate_converter - WARNING - 关键点 152 转换失败: 无效的深度值：nan，必须大于0.1米
2025-09-26 15:11:50,706 - project.core.recognition.coordinate_converter - WARNING - 关键点 171 转换失败: 无效的深度值：nan，必须大于0.1米
2025-09-26 15:11:50,706 - project.core.recognition.coordinate_converter - WARNING - 关键点 175 转换失败: 无效的深度值：nan，必须大于0.1米
2025-09-26 15:11:50,706 - project.core.recognition.coordinate_converter - WARNING - 关键点 176 转换失败: 无效的深度值：nan，必须大于0.1米
2025-09-26 15:11:50,710 - project.core.recognition.coordinate_converter - WARNING - 关键点 377 转换失败: 无效的深度值：nan，必须大于0.1米
2025-09-26 15:11:50,710 - project.core.recognition.coordinate_converter - WARNING - 关键点 396 转换失败: 无效的深度值：nan，必须大于0.1米
2025-09-26 15:11:50,710 - project.core.recognition.coordinate_converter - WARNING - 关键点 400 转换失败: 无效的深度值：nan，必须大于0.1米
2025-09-26 15:11:50,710 - project.data.data_manager - INFO - RecgFitDataManager初始化 - debug_log: True, key_coordinates: True
2025-09-26 15:11:50,714 - project.data.data_manager - INFO - RecgFitDataManager初始化完成
2025-09-26 15:11:50,716 - __main__ - INFO - 收到识别完成信号，开始拟合...
2025-09-26 15:11:50,716 - __main__ - INFO - 开始拟合frame_id: 17
2025-09-26 15:11:50,716 - __main__ - INFO - 等待识别完成信号...
2025-09-26 15:11:50,716 - root - INFO - 数据质量: {'point_count': 14, 'fitting_point_count': 2, 'constraint_point_count': 12, 'visibility': 0.9931605025469707}
2025-09-26 15:11:50,717 - root - INFO - 选择策略: high_quality
2025-09-26 15:11:50,723 - root - INFO - 数据质量: {'point_count': 12, 'fitting_point_count': 0, 'constraint_point_count': 12, 'visibility': 0.9626478493215926}
2025-09-26 15:11:50,723 - root - INFO - 选择策略: high_quality
2025-09-26 15:11:50,723 - root - WARNING - 没有拟合点，无法进行优化
2025-09-26 15:11:50,723 - project.core.fitting.main - INFO - ==============================================
2025-09-26 15:11:50,723 - project.core.fitting.main - INFO - 拟合结果:
2025-09-26 15:11:50,723 - project.core.fitting.main - INFO -   LEFT 眼: 拟合结果：
 球心：[ 22.483234    63.23352648 408.53174921]
 半径：12.3850221549755
 置信度：0.8997503739139268
 收敛：True
 迭代次数：3
 最终残差范数：0.7244936730774082
 最终delta范数：0.041155815859483226
 使用策略：lm
2025-09-26 15:11:50,723 - project.core.fitting.main - INFO -   RIGHT 眼: 拟合结果：
 球心：[0 0 0]
 半径：12.0
 置信度：0.0
 收敛：False
 迭代次数：0
 最终残差范数：inf
 最终delta范数：inf
 使用策略：lm
2025-09-26 15:11:50,723 - project.core.fitting.main - INFO - ==============================================
2025-09-26 15:11:50,723 - project.config.screen_config - INFO - 瞳孔位置: Point3D(20.555, 61.286, 400.018)
2025-09-26 15:11:50,723 - project.config.screen_config - INFO - 眼球位置: Point3D(22.483, 63.234, 408.532)
2025-09-26 15:11:50,723 - project.config.screen_config - INFO - 视线方向: Point3D(-1.928, -1.947, -8.513)
2025-09-26 15:11:50,723 - project.config.screen_config - INFO - 交点坐标: [-70.05299194 -30.2061286    0.        ]
2025-09-26 15:11:50,723 - project.config.screen_config - WARNING - 交点超出屏幕边界，已裁剪: Point2D(1056.254361, -150.212815) -> Point2D(1056.254361, 0.000000)
2025-09-26 15:11:50,723 - project.config.screen_config - INFO - 最终像素坐标: Point2D(1056.254361, 0.000000)
2025-09-26 15:11:50,723 - project.core.fitting.main - INFO - -----------------------------------------------
2025-09-26 15:11:50,727 - project.core.fitting.main - INFO - left 视线焦点: Point2D(1056.254361, 0.000000)
2025-09-26 15:11:50,727 - project.core.fitting.main - INFO - -----------------------------------------------
2025-09-26 15:11:50,727 - project.core.fitting.main - ERROR - 拟合过程中发生异常: list index out of range
2025-09-26 15:11:50,727 - project.core.fitting.main - ERROR - 异常堆栈: Traceback (most recent call last):
  File "C:\Users\86158\Desktop\gaze_venv\gaze-refactor\project\core\fitting\main.py", line 42, in run
    pupil_center = self.data_manager.get_coordinate_point(eye, "pupil")[0]
                   ~~~~~~~~~~~~~~~~~~~~~~~~~~~~~~~~~~~~~~~~~~~~~~~~~~~~^^^
IndexError: list index out of range

2025-09-26 15:11:50,820 - project.data.data_manager - WARNING - 非RGB-D摄像头，使用默认深度图
2025-09-26 15:11:50,886 - project.core.recognition.landmark_extractor - WARNING - 关键点 148 原始y坐标超出范围: 1.014，已限制到边界
2025-09-26 15:11:50,886 - project.core.recognition.landmark_extractor - WARNING - 关键点 152 原始y坐标超出范围: 1.018，已限制到边界
2025-09-26 15:11:50,886 - project.core.recognition.landmark_extractor - WARNING - 关键点 171 原始y坐标超出范围: 1.005，已限制到边界
2025-09-26 15:11:50,886 - project.core.recognition.landmark_extractor - WARNING - 关键点 175 原始y坐标超出范围: 1.009，已限制到边界
2025-09-26 15:11:50,886 - project.core.recognition.landmark_extractor - WARNING - 关键点 176 原始y坐标超出范围: 1.002，已限制到边界
2025-09-26 15:11:50,891 - project.core.recognition.landmark_extractor - WARNING - 关键点 377 原始y坐标超出范围: 1.013，已限制到边界
2025-09-26 15:11:50,891 - project.core.recognition.landmark_extractor - WARNING - 关键点 396 原始y坐标超出范围: 1.004，已限制到边界
2025-09-26 15:11:50,895 - project.core.recognition.detector - INFO - 提取到 478 个关键点
2025-09-26 15:11:50,895 - project.core.recognition.landmark_extractor - INFO - 关键点验证通过
2025-09-26 15:11:50,895 - project.core.recognition.detector - INFO - 关键点验证结果: True
2025-09-26 15:11:50,901 - project.core.recognition.detector - INFO - 人脸检测成功，提取到 478 个关键点
2025-09-26 15:11:50,901 - project.core.recognition.main - INFO - 人脸检测成功
2025-09-26 15:11:50,904 - project.core.recognition.coordinate_converter - WARNING - 关键点 148 转换失败: 无效的深度值：nan，必须大于0.1米
2025-09-26 15:11:50,904 - project.core.recognition.coordinate_converter - WARNING - 关键点 152 转换失败: 无效的深度值：nan，必须大于0.1米
2025-09-26 15:11:50,904 - project.core.recognition.coordinate_converter - WARNING - 关键点 171 转换失败: 无效的深度值：nan，必须大于0.1米
2025-09-26 15:11:50,904 - project.core.recognition.coordinate_converter - WARNING - 关键点 175 转换失败: 无效的深度值：nan，必须大于0.1米
2025-09-26 15:11:50,904 - project.core.recognition.coordinate_converter - WARNING - 关键点 176 转换失败: 无效的深度值：nan，必须大于0.1米
2025-09-26 15:11:50,907 - project.core.recognition.coordinate_converter - WARNING - 关键点 377 转换失败: 无效的深度值：nan，必须大于0.1米
2025-09-26 15:11:50,907 - project.core.recognition.coordinate_converter - WARNING - 关键点 396 转换失败: 无效的深度值：nan，必须大于0.1米
2025-09-26 15:11:50,907 - project.core.recognition.coordinate_converter - WARNING - 关键点 400 转换失败: 无效的深度值：nan，必须大于0.1米
2025-09-26 15:11:50,907 - project.data.data_manager - INFO - RecgFitDataManager初始化 - debug_log: True, key_coordinates: True
2025-09-26 15:11:50,907 - project.data.data_manager - INFO - RecgFitDataManager初始化完成
2025-09-26 15:11:50,911 - __main__ - INFO - 收到识别完成信号，开始拟合...
2025-09-26 15:11:50,911 - __main__ - INFO - 开始拟合frame_id: 18
2025-09-26 15:11:50,911 - __main__ - INFO - 等待识别完成信号...
2025-09-26 15:11:50,911 - root - INFO - 数据质量: {'point_count': 14, 'fitting_point_count': 2, 'constraint_point_count': 12, 'visibility': 0.993207054896587}
2025-09-26 15:11:50,911 - root - INFO - 选择策略: high_quality
2025-09-26 15:11:50,915 - root - INFO - 数据质量: {'point_count': 12, 'fitting_point_count': 0, 'constraint_point_count': 12, 'visibility': 0.9624500395515696}
2025-09-26 15:11:50,915 - root - INFO - 选择策略: high_quality
2025-09-26 15:11:50,915 - root - WARNING - 没有拟合点，无法进行优化
2025-09-26 15:11:50,915 - project.core.fitting.main - INFO - ==============================================
2025-09-26 15:11:50,915 - project.core.fitting.main - INFO - 拟合结果:
2025-09-26 15:11:50,915 - project.core.fitting.main - INFO -   LEFT 眼: 拟合结果：
 球心：[ 23.05918002  63.66681186 408.51198671]
 半径：12.385022430028668
 置信度：0.8997505159916073
 收敛：True
 迭代次数：3
 最终残差范数：0.7244937062028839
 最终delta范数：0.05800893146942609
 使用策略：lm
2025-09-26 15:11:50,915 - project.core.fitting.main - INFO -   RIGHT 眼: 拟合结果：
 球心：[0 0 0]
 半径：12.0
 置信度：0.0
 收敛：False
 迭代次数：0
 最终残差范数：inf
 最终delta范数：inf
 使用策略：lm
2025-09-26 15:11:50,915 - project.core.fitting.main - INFO - ==============================================
2025-09-26 15:11:50,919 - project.config.screen_config - INFO - 瞳孔位置: Point3D(21.065, 61.660, 400.028)
2025-09-26 15:11:50,921 - project.config.screen_config - INFO - 眼球位置: Point3D(23.059, 63.667, 408.512)
2025-09-26 15:11:50,921 - project.config.screen_config - INFO - 视线方向: Point3D(-1.994, -2.007, -8.484)
2025-09-26 15:11:50,921 - project.config.screen_config - INFO - 交点坐标: [-72.93558047 -32.97541148   0.        ]
2025-09-26 15:11:50,921 - project.config.screen_config - WARNING - 交点超出屏幕边界，已裁剪: Point2D(1070.090786, -162.028422) -> Point2D(1070.090786, 0.000000)
2025-09-26 15:11:50,921 - project.config.screen_config - INFO - 最终像素坐标: Point2D(1070.090786, 0.000000)
2025-09-26 15:11:50,921 - project.core.fitting.main - INFO - -----------------------------------------------
2025-09-26 15:11:50,924 - project.core.fitting.main - INFO - left 视线焦点: Point2D(1070.090786, 0.000000)
2025-09-26 15:11:50,924 - project.core.fitting.main - INFO - -----------------------------------------------
2025-09-26 15:11:50,924 - project.core.fitting.main - ERROR - 拟合过程中发生异常: list index out of range
2025-09-26 15:11:50,924 - project.core.fitting.main - ERROR - 异常堆栈: Traceback (most recent call last):
  File "C:\Users\86158\Desktop\gaze_venv\gaze-refactor\project\core\fitting\main.py", line 42, in run
    pupil_center = self.data_manager.get_coordinate_point(eye, "pupil")[0]
                   ~~~~~~~~~~~~~~~~~~~~~~~~~~~~~~~~~~~~~~~~~~~~~~~~~~~~^^^
IndexError: list index out of range

2025-09-26 15:11:51,017 - project.data.data_manager - WARNING - 非RGB-D摄像头，使用默认深度图
2025-09-26 15:11:51,075 - project.core.recognition.landmark_extractor - WARNING - 关键点 148 原始y坐标超出范围: 1.013，已限制到边界
2025-09-26 15:11:51,075 - project.core.recognition.landmark_extractor - WARNING - 关键点 152 原始y坐标超出范围: 1.017，已限制到边界
2025-09-26 15:11:51,075 - project.core.recognition.landmark_extractor - WARNING - 关键点 171 原始y坐标超出范围: 1.004，已限制到边界
2025-09-26 15:11:51,075 - project.core.recognition.landmark_extractor - WARNING - 关键点 175 原始y坐标超出范围: 1.008，已限制到边界
2025-09-26 15:11:51,078 - project.core.recognition.landmark_extractor - WARNING - 关键点 176 原始y坐标超出范围: 1.000，已限制到边界
2025-09-26 15:11:51,078 - project.core.recognition.landmark_extractor - WARNING - 关键点 377 原始y坐标超出范围: 1.012，已限制到边界
2025-09-26 15:11:51,078 - project.core.recognition.landmark_extractor - WARNING - 关键点 396 原始y坐标超出范围: 1.003，已限制到边界
2025-09-26 15:11:51,082 - project.core.recognition.detector - INFO - 提取到 478 个关键点
2025-09-26 15:11:51,082 - project.core.recognition.landmark_extractor - INFO - 关键点验证通过
2025-09-26 15:11:51,082 - project.core.recognition.detector - INFO - 关键点验证结果: True
2025-09-26 15:11:51,086 - project.core.recognition.detector - INFO - 人脸检测成功，提取到 478 个关键点
2025-09-26 15:11:51,091 - project.core.recognition.main - INFO - 人脸检测成功
2025-09-26 15:11:51,091 - project.core.recognition.coordinate_converter - WARNING - 关键点 148 转换失败: 无效的深度值：nan，必须大于0.1米
2025-09-26 15:11:51,091 - project.core.recognition.coordinate_converter - WARNING - 关键点 152 转换失败: 无效的深度值：nan，必须大于0.1米
2025-09-26 15:11:51,091 - project.core.recognition.coordinate_converter - WARNING - 关键点 171 转换失败: 无效的深度值：nan，必须大于0.1米
2025-09-26 15:11:51,094 - project.core.recognition.coordinate_converter - WARNING - 关键点 175 转换失败: 无效的深度值：nan，必须大于0.1米
2025-09-26 15:11:51,094 - project.core.recognition.coordinate_converter - WARNING - 关键点 176 转换失败: 无效的深度值：nan，必须大于0.1米
2025-09-26 15:11:51,095 - project.core.recognition.coordinate_converter - WARNING - 关键点 377 转换失败: 无效的深度值：nan，必须大于0.1米
2025-09-26 15:11:51,095 - project.core.recognition.coordinate_converter - WARNING - 关键点 396 转换失败: 无效的深度值：nan，必须大于0.1米
2025-09-26 15:11:51,095 - project.core.recognition.coordinate_converter - WARNING - 关键点 400 转换失败: 无效的深度值：nan，必须大于0.1米
2025-09-26 15:11:51,095 - project.data.data_manager - INFO - RecgFitDataManager初始化 - debug_log: True, key_coordinates: True
2025-09-26 15:11:51,095 - project.data.data_manager - INFO - RecgFitDataManager初始化完成
2025-09-26 15:11:51,095 - __main__ - INFO - 收到识别完成信号，开始拟合...
2025-09-26 15:11:51,099 - __main__ - INFO - 开始拟合frame_id: 19
2025-09-26 15:11:51,100 - __main__ - INFO - 等待识别完成信号...
2025-09-26 15:11:51,101 - root - INFO - 数据质量: {'point_count': 14, 'fitting_point_count': 2, 'constraint_point_count': 12, 'visibility': 0.9931957917068097}
2025-09-26 15:11:51,101 - root - INFO - 选择策略: high_quality
2025-09-26 15:11:51,103 - root - INFO - 数据质量: {'point_count': 12, 'fitting_point_count': 0, 'constraint_point_count': 12, 'visibility': 0.9623480775660934}
2025-09-26 15:11:51,103 - root - INFO - 选择策略: high_quality
2025-09-26 15:11:51,108 - root - WARNING - 没有拟合点，无法进行优化
2025-09-26 15:11:51,108 - project.core.fitting.main - INFO - ==============================================
2025-09-26 15:11:51,108 - project.core.fitting.main - INFO - 拟合结果:
2025-09-26 15:11:51,108 - project.core.fitting.main - INFO -   LEFT 眼: 拟合结果：
 球心：[ 23.89080035  63.11513229 408.54321716]
 半径：12.385021627288683
 置信度：0.8997503416243472
 收敛：True
 迭代次数：3
 最终残差范数：0.7244936674059338
 最终delta范数：0.035119554158003996
 使用策略：lm
2025-09-26 15:11:51,108 - project.core.fitting.main - INFO -   RIGHT 眼: 拟合结果：
 球心：[0 0 0]
 半径：12.0
 置信度：0.0
 收敛：False
 迭代次数：0
 最终残差范数：inf
 最终delta范数：inf
 使用策略：lm
2025-09-26 15:11:51,108 - project.core.fitting.main - INFO - ==============================================
2025-09-26 15:11:51,108 - project.config.screen_config - INFO - 瞳孔位置: Point3D(22.164, 61.358, 399.945)
2025-09-26 15:11:51,108 - project.config.screen_config - INFO - 眼球位置: Point3D(23.891, 63.115, 408.543)
2025-09-26 15:11:51,108 - project.config.screen_config - INFO - 视线方向: Point3D(-1.726, -1.757, -8.598)
2025-09-26 15:11:51,108 - project.config.screen_config - INFO - 交点坐标: [-58.14659208 -20.36575244   0.        ]
2025-09-26 15:11:51,108 - project.config.screen_config - WARNING - 交点超出屏幕边界，已裁剪: Point2D(999.103642, -108.227210) -> Point2D(999.103642, 0.000000)
2025-09-26 15:11:51,108 - project.config.screen_config - INFO - 最终像素坐标: Point2D(999.103642, 0.000000)
2025-09-26 15:11:51,112 - project.core.fitting.main - INFO - -----------------------------------------------
2025-09-26 15:11:51,112 - project.core.fitting.main - INFO - left 视线焦点: Point2D(999.103642, 0.000000)
2025-09-26 15:11:51,112 - project.core.fitting.main - INFO - -----------------------------------------------
2025-09-26 15:11:51,112 - project.core.fitting.main - ERROR - 拟合过程中发生异常: list index out of range
2025-09-26 15:11:51,112 - project.core.fitting.main - ERROR - 异常堆栈: Traceback (most recent call last):
  File "C:\Users\86158\Desktop\gaze_venv\gaze-refactor\project\core\fitting\main.py", line 42, in run
    pupil_center = self.data_manager.get_coordinate_point(eye, "pupil")[0]
                   ~~~~~~~~~~~~~~~~~~~~~~~~~~~~~~~~~~~~~~~~~~~~~~~~~~~~^^^
IndexError: list index out of range

2025-09-26 15:11:51,205 - project.data.data_manager - WARNING - 非RGB-D摄像头，使用默认深度图
2025-09-26 15:11:51,261 - project.core.recognition.landmark_extractor - WARNING - 关键点 148 原始y坐标超出范围: 1.003，已限制到边界
2025-09-26 15:11:51,261 - project.core.recognition.landmark_extractor - WARNING - 关键点 152 原始y坐标超出范围: 1.008，已限制到边界
2025-09-26 15:11:51,261 - project.core.recognition.landmark_extractor - WARNING - 关键点 175 原始y坐标超出范围: 1.001，已限制到边界
2025-09-26 15:11:51,266 - project.core.recognition.landmark_extractor - WARNING - 关键点 377 原始y坐标超出范围: 1.003，已限制到边界
2025-09-26 15:11:51,271 - project.core.recognition.detector - INFO - 提取到 478 个关键点
2025-09-26 15:11:51,295 - project.core.recognition.landmark_extractor - INFO - 关键点验证通过
2025-09-26 15:11:51,303 - project.core.recognition.detector - INFO - 关键点验证结果: True
2025-09-26 15:11:51,309 - project.core.recognition.detector - INFO - 人脸检测成功，提取到 478 个关键点
2025-09-26 15:11:51,327 - project.core.recognition.main - INFO - 人脸检测成功
2025-09-26 15:11:51,330 - project.core.recognition.coordinate_converter - WARNING - 关键点 148 转换失败: 无效的深度值：nan，必须大于0.1米
2025-09-26 15:11:51,334 - project.core.recognition.coordinate_converter - WARNING - 关键点 152 转换失败: 无效的深度值：nan，必须大于0.1米
2025-09-26 15:11:51,349 - project.core.recognition.coordinate_converter - WARNING - 关键点 175 转换失败: 无效的深度值：nan，必须大于0.1米
2025-09-26 15:11:51,354 - project.core.recognition.coordinate_converter - WARNING - 关键点 377 转换失败: 无效的深度值：nan，必须大于0.1米
2025-09-26 15:11:51,360 - project.data.data_manager - INFO - RecgFitDataManager初始化 - debug_log: True, key_coordinates: True
2025-09-26 15:11:51,372 - project.data.data_manager - INFO - RecgFitDataManager初始化完成
2025-09-26 15:11:51,376 - __main__ - INFO - 收到识别完成信号，开始拟合...
2025-09-26 15:11:51,379 - __main__ - INFO - 开始拟合frame_id: 20
2025-09-26 15:11:51,381 - __main__ - INFO - 等待识别完成信号...
2025-09-26 15:11:51,382 - root - INFO - 数据质量: {'point_count': 17, 'fitting_point_count': 5, 'constraint_point_count': 12, 'visibility': 0.9906434547920897}
2025-09-26 15:11:51,382 - root - INFO - 选择策略: high_quality
2025-09-26 15:11:51,383 - root - INFO - 虹膜点拟合外接圆，圆心：[ 26.68125374  58.61810128 399.59325641]，半径：5.649154660681104
2025-09-26 15:11:51,389 - root - INFO - 数据质量: {'point_count': 13, 'fitting_point_count': 1, 'constraint_point_count': 12, 'visibility': 0.959408184307138}
2025-09-26 15:11:51,389 - root - INFO - 选择策略: high_quality
2025-09-26 15:11:51,402 - project.core.fitting.main - INFO - ==============================================
2025-09-26 15:11:51,406 - project.core.fitting.main - INFO - 拟合结果:
2025-09-26 15:11:51,410 - project.core.fitting.main - INFO -   LEFT 眼: 拟合结果：
 球心：[ 28.71802325  59.82158028 409.24512378]
 半径：12.457745727289801
 置信度：0.6069564710309338
 收敛：True
 迭代次数：5
 最终残差范数：2.563761621384577
 最终delta范数：0.0346152644898206
 使用策略：lm
2025-09-26 15:11:51,412 - project.core.fitting.main - INFO -   RIGHT 眼: 拟合结果：
 球心：[ 29.63937491  66.53299194 408.04925118]
 半径：12.450027099677865
 置信度：0.8999999936497044
 收敛：True
 迭代次数：13
 最终残差范数：0.7239686698845778
 最终delta范数：0.06630372405689727
 使用策略：lm
2025-09-26 15:11:51,414 - project.core.fitting.main - INFO - ==============================================
2025-09-26 15:11:51,415 - project.config.screen_config - INFO - 瞳孔位置: Point3D(-53.040, 69.193, 399.868)
2025-09-26 15:11:51,415 - project.config.screen_config - INFO - 眼球位置: Point3D(28.718, 59.822, 409.245)
2025-09-26 15:11:51,415 - project.config.screen_config - INFO - 视线方向: Point3D(-81.758, 9.372, -9.377)
2025-09-26 15:11:51,417 - project.config.screen_config - INFO - 交点坐标: [-3539.56832601   468.85032892     0.        ]
2025-09-26 15:11:51,418 - project.config.screen_config - WARNING - 交点超出屏幕边界，已裁剪: Point2D(17709.927965, 1979.094737) -> Point2D(1439.000000, 959.000000)
2025-09-26 15:11:51,418 - project.config.screen_config - INFO - 最终像素坐标: Point2D(1439.000000, 959.000000)
2025-09-26 15:11:51,418 - project.core.fitting.main - INFO - -----------------------------------------------
2025-09-26 15:11:51,418 - project.core.fitting.main - INFO - left 视线焦点: Point2D(1439.000000, 959.000000)
2025-09-26 15:11:51,420 - project.core.fitting.main - INFO - -----------------------------------------------
2025-09-26 15:11:51,421 - project.config.screen_config - INFO - 瞳孔位置: Point3D(28.762, 66.239, 399.147)
2025-09-26 15:11:51,421 - project.config.screen_config - INFO - 眼球位置: Point3D(29.639, 66.533, 408.049)
2025-09-26 15:11:51,421 - project.config.screen_config - INFO - 视线方向: Point3D(-0.877, -0.294, -8.902)
2025-09-26 15:11:51,421 - project.config.screen_config - INFO - 交点坐标: [-10.57135663  53.03635528   0.        ]
2025-09-26 15:11:51,421 - project.config.screen_config - INFO - 最终像素坐标: Point2D(770.742512, 204.955116)
2025-09-26 15:11:51,421 - project.core.fitting.main - INFO - -----------------------------------------------
2025-09-26 15:11:51,421 - project.core.fitting.main - INFO - right 视线焦点: Point2D(770.742512, 204.955116)
2025-09-26 15:11:51,421 - project.core.fitting.main - INFO - -----------------------------------------------
2025-09-26 15:11:51,492 - project.data.data_manager - WARNING - 非RGB-D摄像头，使用默认深度图
2025-09-26 15:11:51,545 - project.core.recognition.landmark_extractor - WARNING - 关键点 148 原始y坐标超出范围: 1.000，已限制到边界
2025-09-26 15:11:51,549 - project.core.recognition.landmark_extractor - WARNING - 关键点 152 原始y坐标超出范围: 1.005，已限制到边界
2025-09-26 15:11:51,554 - project.core.recognition.detector - INFO - 提取到 478 个关键点
2025-09-26 15:11:51,554 - project.core.recognition.landmark_extractor - INFO - 关键点验证通过
2025-09-26 15:11:51,554 - project.core.recognition.detector - INFO - 关键点验证结果: True
2025-09-26 15:11:51,558 - project.core.recognition.detector - INFO - 人脸检测成功，提取到 478 个关键点
2025-09-26 15:11:51,562 - project.core.recognition.main - INFO - 人脸检测成功
2025-09-26 15:11:51,562 - project.core.recognition.coordinate_converter - WARNING - 关键点 148 转换失败: 无效的深度值：nan，必须大于0.1米
2025-09-26 15:11:51,562 - project.core.recognition.coordinate_converter - WARNING - 关键点 152 转换失败: 无效的深度值：nan，必须大于0.1米
2025-09-26 15:11:51,562 - project.core.recognition.coordinate_converter - WARNING - 关键点 175 转换失败: 无效的深度值：nan，必须大于0.1米
2025-09-26 15:11:51,566 - project.core.recognition.coordinate_converter - WARNING - 关键点 377 转换失败: 无效的深度值：nan，必须大于0.1米
2025-09-26 15:11:51,566 - project.data.data_manager - INFO - RecgFitDataManager初始化 - debug_log: True, key_coordinates: True
2025-09-26 15:11:51,566 - project.data.data_manager - INFO - RecgFitDataManager初始化完成
2025-09-26 15:11:51,566 - __main__ - INFO - 收到识别完成信号，开始拟合...
2025-09-26 15:11:51,566 - __main__ - INFO - 开始拟合frame_id: 21
2025-09-26 15:11:51,566 - __main__ - INFO - 等待识别完成信号...
2025-09-26 15:11:51,570 - root - INFO - 数据质量: {'point_count': 17, 'fitting_point_count': 5, 'constraint_point_count': 12, 'visibility': 0.9908682746768182}
2025-09-26 15:11:51,570 - root - INFO - 选择策略: high_quality
2025-09-26 15:11:51,570 - root - INFO - 虹膜点拟合外接圆，圆心：[ 32.33677934  59.10083865 399.28101748]，半径：8.663248261490317
2025-09-26 15:11:51,579 - root - INFO - 数据质量: {'point_count': 13, 'fitting_point_count': 1, 'constraint_point_count': 12, 'visibility': 0.9601228602766944}
2025-09-26 15:11:51,579 - root - INFO - 选择策略: high_quality
2025-09-26 15:11:51,600 - project.core.fitting.main - INFO - ==============================================
2025-09-26 15:11:51,600 - project.core.fitting.main - INFO - 拟合结果:
2025-09-26 15:11:51,600 - project.core.fitting.main - INFO -   LEFT 眼: 拟合结果：
 球心：[ 31.28602426  59.78679705 408.70229161]
 半径：11.720183845013443
 置信度：0.5687201096865523
 收敛：True
 迭代次数：6
 最终残差范数：2.382276279339005
 最终delta范数：0.04258195036670247
 使用策略：lm
2025-09-26 15:11:51,600 - project.core.fitting.main - INFO -   RIGHT 眼: 拟合结果：
 球心：[ 30.94899468  65.26992203 408.38444615]
 半径：12.450037779704203
 置信度：0.8999999971221115
 收敛：True
 迭代次数：24
 最终残差范数：0.7239686431206516
 最终delta范数：0.052317937535268186
 使用策略：lm
2025-09-26 15:11:51,600 - project.core.fitting.main - INFO - ==============================================
2025-09-26 15:11:51,600 - project.config.screen_config - INFO - 瞳孔位置: Point3D(-50.921, 69.033, 399.723)
2025-09-26 15:11:51,604 - project.config.screen_config - INFO - 眼球位置: Point3D(31.286, 59.787, 408.702)
2025-09-26 15:11:51,604 - project.config.screen_config - INFO - 视线方向: Point3D(-82.207, 9.247, -8.979)
2025-09-26 15:11:51,604 - project.config.screen_config - INFO - 交点坐标: [-3710.54268872   480.66835307     0.        ]
2025-09-26 15:11:51,604 - project.config.screen_config - WARNING - 交点超出屏幕边界，已裁剪: Point2D(18530.604906, 2029.518306) -> Point2D(1439.000000, 959.000000)
2025-09-26 15:11:51,604 - project.config.screen_config - INFO - 最终像素坐标: Point2D(1439.000000, 959.000000)
2025-09-26 15:11:51,604 - project.core.fitting.main - INFO - -----------------------------------------------
2025-09-26 15:11:51,604 - project.core.fitting.main - INFO - left 视线焦点: Point2D(1439.000000, 959.000000)
2025-09-26 15:11:51,604 - project.core.fitting.main - INFO - -----------------------------------------------
2025-09-26 15:11:51,604 - project.config.screen_config - INFO - 瞳孔位置: Point3D(31.087, 65.253, 399.435)
2025-09-26 15:11:51,604 - project.config.screen_config - INFO - 眼球位置: Point3D(30.949, 65.270, 408.384)
2025-09-26 15:11:51,608 - project.config.screen_config - INFO - 视线方向: Point3D(0.138, -0.017, -8.949)
2025-09-26 15:11:51,609 - project.config.screen_config - INFO - 交点坐标: [37.26644385 64.48383782  0.        ]
2025-09-26 15:11:51,609 - project.config.screen_config - INFO - 最终像素坐标: Point2D(541.121070, 253.797708)
2025-09-26 15:11:51,609 - project.core.fitting.main - INFO - -----------------------------------------------
2025-09-26 15:11:51,609 - project.core.fitting.main - INFO - right 视线焦点: Point2D(541.121070, 253.797708)
2025-09-26 15:11:51,609 - project.core.fitting.main - INFO - -----------------------------------------------
2025-09-26 15:11:51,676 - project.data.data_manager - WARNING - 非RGB-D摄像头，使用默认深度图
2025-09-26 15:11:51,727 - project.core.recognition.landmark_extractor - WARNING - 关键点 148 原始y坐标超出范围: 1.007，已限制到边界
2025-09-26 15:11:51,727 - project.core.recognition.landmark_extractor - WARNING - 关键点 152 原始y坐标超出范围: 1.012，已限制到边界
2025-09-26 15:11:51,727 - project.core.recognition.landmark_extractor - WARNING - 关键点 175 原始y坐标超出范围: 1.005，已限制到边界
2025-09-26 15:11:51,731 - project.core.recognition.landmark_extractor - WARNING - 关键点 377 原始y坐标超出范围: 1.006，已限制到边界
2025-09-26 15:11:51,736 - project.core.recognition.detector - INFO - 提取到 478 个关键点
2025-09-26 15:11:51,739 - project.core.recognition.landmark_extractor - INFO - 关键点验证通过
2025-09-26 15:11:51,739 - project.core.recognition.detector - INFO - 关键点验证结果: True
2025-09-26 15:11:51,744 - project.core.recognition.detector - INFO - 人脸检测成功，提取到 478 个关键点
2025-09-26 15:11:51,746 - project.core.recognition.main - INFO - 人脸检测成功
2025-09-26 15:11:51,748 - project.core.recognition.coordinate_converter - WARNING - 关键点 148 转换失败: 无效的深度值：nan，必须大于0.1米
2025-09-26 15:11:51,748 - project.core.recognition.coordinate_converter - WARNING - 关键点 152 转换失败: 无效的深度值：nan，必须大于0.1米
2025-09-26 15:11:51,748 - project.core.recognition.coordinate_converter - WARNING - 关键点 171 转换失败: 无效的深度值：nan，必须大于0.1米
2025-09-26 15:11:51,748 - project.core.recognition.coordinate_converter - WARNING - 关键点 175 转换失败: 无效的深度值：nan，必须大于0.1米
2025-09-26 15:11:51,751 - project.core.recognition.coordinate_converter - WARNING - 关键点 377 转换失败: 无效的深度值：nan，必须大于0.1米
2025-09-26 15:11:51,752 - project.core.recognition.coordinate_converter - WARNING - 关键点 396 转换失败: 无效的深度值：nan，必须大于0.1米
2025-09-26 15:11:51,752 - project.data.data_manager - INFO - RecgFitDataManager初始化 - debug_log: True, key_coordinates: True
2025-09-26 15:11:51,752 - project.data.data_manager - INFO - RecgFitDataManager初始化完成
2025-09-26 15:11:51,752 - __main__ - INFO - 收到识别完成信号，开始拟合...
2025-09-26 15:11:51,752 - __main__ - INFO - 开始拟合frame_id: 22
2025-09-26 15:11:51,752 - __main__ - INFO - 等待识别完成信号...
2025-09-26 15:11:51,752 - root - INFO - 数据质量: {'point_count': 16, 'fitting_point_count': 4, 'constraint_point_count': 12, 'visibility': 0.9936099955438198}
2025-09-26 15:11:51,756 - root - INFO - 选择策略: high_quality
2025-09-26 15:11:51,756 - root - INFO - 虹膜点拟合外接圆，圆心：[ 34.15705754  62.60936411 399.45954829]，半径：7.637544923327129
2025-09-26 15:11:51,791 - root - INFO - 数据质量: {'point_count': 12, 'fitting_point_count': 0, 'constraint_point_count': 12, 'visibility': 0.9578036517336407}
2025-09-26 15:11:51,791 - root - INFO - 选择策略: high_quality
2025-09-26 15:11:51,791 - root - WARNING - 没有拟合点，无法进行优化
2025-09-26 15:11:51,791 - project.core.fitting.main - INFO - ==============================================
2025-09-26 15:11:51,791 - project.core.fitting.main - INFO - 拟合结果:
2025-09-26 15:11:51,795 - project.core.fitting.main - INFO -   LEFT 眼: 拟合结果：
 球心：[ 36.50674623  63.99916042 408.39495855]
 半径：12.133588942569418
 置信度：0.8469227872778509
 收敛：False
 迭代次数：30
 最终残差范数：1.8847129278385069
 最终delta范数：5.792136902036005e-09
 使用策略：lm
2025-09-26 15:11:51,795 - project.core.fitting.main - INFO -   RIGHT 眼: 拟合结果：
 球心：[0 0 0]
 半径：12.0
 置信度：0.0
 收敛：False
 迭代次数：0
 最终残差范数：inf
 最终delta范数：inf
 使用策略：lm
2025-09-26 15:11:51,795 - project.core.fitting.main - INFO - ==============================================
2025-09-26 15:11:51,795 - project.config.screen_config - INFO - 瞳孔位置: Point3D(43.125, 63.501, 399.349)
2025-09-26 15:11:51,795 - project.config.screen_config - INFO - 眼球位置: Point3D(36.507, 63.999, 408.395)
2025-09-26 15:11:51,795 - project.config.screen_config - INFO - 视线方向: Point3D(6.618, -0.498, -9.046)
2025-09-26 15:11:51,795 - project.config.screen_config - INFO - 交点坐标: [335.26089868  41.50487788   0.        ]
2025-09-26 15:11:51,795 - project.config.screen_config - WARNING - 交点超出屏幕边界，已裁剪: Point2D(-889.252314, 155.754146) -> Point2D(0.000000, 155.754146)
2025-09-26 15:11:51,795 - project.config.screen_config - INFO - 最终像素坐标: Point2D(0.000000, 155.754146)
2025-09-26 15:11:51,795 - project.core.fitting.main - INFO - -----------------------------------------------
2025-09-26 15:11:51,795 - project.core.fitting.main - INFO - left 视线焦点: Point2D(0.000000, 155.754146)
2025-09-26 15:11:51,799 - project.core.fitting.main - INFO - -----------------------------------------------
2025-09-26 15:11:51,799 - project.core.fitting.main - ERROR - 拟合过程中发生异常: list index out of range
2025-09-26 15:11:51,799 - project.core.fitting.main - ERROR - 异常堆栈: Traceback (most recent call last):
  File "C:\Users\86158\Desktop\gaze_venv\gaze-refactor\project\core\fitting\main.py", line 42, in run
    pupil_center = self.data_manager.get_coordinate_point(eye, "pupil")[0]
                   ~~~~~~~~~~~~~~~~~~~~~~~~~~~~~~~~~~~~~~~~~~~~~~~~~~~~^^^
IndexError: list index out of range

2025-09-26 15:11:51,859 - project.data.data_manager - WARNING - 非RGB-D摄像头，使用默认深度图
2025-09-26 15:11:51,927 - project.core.recognition.landmark_extractor - WARNING - 关键点 148 原始y坐标超出范围: 1.015，已限制到边界
2025-09-26 15:11:51,927 - project.core.recognition.landmark_extractor - WARNING - 关键点 152 原始y坐标超出范围: 1.020，已限制到边界
2025-09-26 15:11:51,932 - project.core.recognition.landmark_extractor - WARNING - 关键点 171 原始y坐标超出范围: 1.009，已限制到边界
2025-09-26 15:11:51,932 - project.core.recognition.landmark_extractor - WARNING - 关键点 175 原始y坐标超出范围: 1.015，已限制到边界
2025-09-26 15:11:51,932 - project.core.recognition.landmark_extractor - WARNING - 关键点 199 原始y坐标超出范围: 1.001，已限制到边界
2025-09-26 15:11:51,936 - project.core.recognition.landmark_extractor - WARNING - 关键点 377 原始y坐标超出范围: 1.013，已限制到边界
2025-09-26 15:11:51,936 - project.core.recognition.landmark_extractor - WARNING - 关键点 396 原始y坐标超出范围: 1.007，已限制到边界
2025-09-26 15:11:51,936 - project.core.recognition.detector - INFO - 提取到 478 个关键点
2025-09-26 15:11:51,941 - project.core.recognition.landmark_extractor - INFO - 关键点验证通过
2025-09-26 15:11:51,941 - project.core.recognition.detector - INFO - 关键点验证结果: True
2025-09-26 15:11:51,946 - project.core.recognition.detector - INFO - 人脸检测成功，提取到 478 个关键点
2025-09-26 15:11:51,946 - project.core.recognition.main - INFO - 人脸检测成功
2025-09-26 15:11:51,948 - project.core.recognition.coordinate_converter - WARNING - 关键点 148 转换失败: 无效的深度值：nan，必须大于0.1米
2025-09-26 15:11:51,948 - project.core.recognition.coordinate_converter - WARNING - 关键点 152 转换失败: 无效的深度值：nan，必须大于0.1米
2025-09-26 15:11:51,948 - project.core.recognition.coordinate_converter - WARNING - 关键点 171 转换失败: 无效的深度值：nan，必须大于0.1米
2025-09-26 15:11:51,949 - project.core.recognition.coordinate_converter - WARNING - 关键点 175 转换失败: 无效的深度值：nan，必须大于0.1米
2025-09-26 15:11:51,949 - project.core.recognition.coordinate_converter - WARNING - 关键点 176 转换失败: 无效的深度值：nan，必须大于0.1米
2025-09-26 15:11:51,950 - project.core.recognition.coordinate_converter - WARNING - 关键点 199 转换失败: 无效的深度值：nan，必须大于0.1米
2025-09-26 15:11:51,952 - project.core.recognition.coordinate_converter - WARNING - 关键点 377 转换失败: 无效的深度值：nan，必须大于0.1米
2025-09-26 15:11:51,952 - project.core.recognition.coordinate_converter - WARNING - 关键点 396 转换失败: 无效的深度值：nan，必须大于0.1米
2025-09-26 15:11:51,955 - project.data.data_manager - INFO - RecgFitDataManager初始化 - debug_log: True, key_coordinates: True
2025-09-26 15:11:51,955 - project.data.data_manager - INFO - RecgFitDataManager初始化完成
2025-09-26 15:11:51,955 - __main__ - INFO - 收到识别完成信号，开始拟合...
2025-09-26 15:11:51,955 - __main__ - INFO - 开始拟合frame_id: 23
2025-09-26 15:11:51,955 - __main__ - INFO - 等待识别完成信号...
2025-09-26 15:11:51,957 - root - INFO - 数据质量: {'point_count': 14, 'fitting_point_count': 2, 'constraint_point_count': 12, 'visibility': 0.9920228302038299}
2025-09-26 15:11:51,958 - root - INFO - 选择策略: high_quality
2025-09-26 15:11:51,963 - root - INFO - 数据质量: {'point_count': 12, 'fitting_point_count': 0, 'constraint_point_count': 12, 'visibility': 0.9157717737597889}
2025-09-26 15:11:51,963 - root - INFO - 选择策略: high_quality
2025-09-26 15:11:51,963 - root - WARNING - 没有拟合点，无法进行优化
2025-09-26 15:11:51,963 - project.core.fitting.main - INFO - ==============================================
2025-09-26 15:11:51,963 - project.core.fitting.main - INFO - 拟合结果:
2025-09-26 15:11:51,963 - project.core.fitting.main - INFO -   LEFT 眼: 拟合结果：
 球心：[ 38.88937381  79.00525925 407.85583719]
 半径：12.385020097846098
 置信度：0.8997510837770882
 收敛：True
 迭代次数：3
 最终残差范数：0.7244940009040812
 最终delta范数：0.09736781673495785
 使用策略：lm
2025-09-26 15:11:51,965 - project.core.fitting.main - INFO -   RIGHT 眼: 拟合结果：
 球心：[0 0 0]
 半径：12.0
 置信度：0.0
 收敛：False
 迭代次数：0
 最终残差范数：inf
 最终delta范数：inf
 使用策略：lm
2025-09-26 15:11:51,965 - project.core.fitting.main - INFO - ==============================================
2025-09-26 15:11:51,966 - project.config.screen_config - INFO - 瞳孔位置: Point3D(38.004, 77.972, 399.016)
2025-09-26 15:11:51,966 - project.config.screen_config - INFO - 眼球位置: Point3D(38.889, 79.005, 407.856)
2025-09-26 15:11:51,966 - project.config.screen_config - INFO - 视线方向: Point3D(-0.885, -1.034, -8.840)
2025-09-26 15:11:51,967 - project.config.screen_config - INFO - 交点坐标: [-1.94923122 31.31757922  0.        ]
2025-09-26 15:11:51,967 - project.config.screen_config - INFO - 最终像素坐标: Point2D(729.356310, 112.288338)
2025-09-26 15:11:51,967 - project.core.fitting.main - INFO - -----------------------------------------------
2025-09-26 15:11:51,967 - project.core.fitting.main - INFO - left 视线焦点: Point2D(729.356310, 112.288338)
2025-09-26 15:11:51,967 - project.core.fitting.main - INFO - -----------------------------------------------
2025-09-26 15:11:51,967 - project.core.fitting.main - ERROR - 拟合过程中发生异常: list index out of range
2025-09-26 15:11:51,969 - project.core.fitting.main - ERROR - 异常堆栈: Traceback (most recent call last):
  File "C:\Users\86158\Desktop\gaze_venv\gaze-refactor\project\core\fitting\main.py", line 42, in run
    pupil_center = self.data_manager.get_coordinate_point(eye, "pupil")[0]
                   ~~~~~~~~~~~~~~~~~~~~~~~~~~~~~~~~~~~~~~~~~~~~~~~~~~~~^^^
IndexError: list index out of range

2025-09-26 15:11:52,063 - project.data.data_manager - WARNING - 非RGB-D摄像头，使用默认深度图
2025-09-26 15:11:52,116 - project.core.recognition.landmark_extractor - WARNING - 关键点 148 原始y坐标超出范围: 1.004，已限制到边界
2025-09-26 15:11:52,117 - project.core.recognition.landmark_extractor - WARNING - 关键点 152 原始y坐标超出范围: 1.010，已限制到边界
2025-09-26 15:11:52,117 - project.core.recognition.landmark_extractor - WARNING - 关键点 175 原始y坐标超出范围: 1.003，已限制到边界
2025-09-26 15:11:52,125 - project.core.recognition.landmark_extractor - WARNING - 关键点 377 原始y坐标超出范围: 1.003，已限制到边界
2025-09-26 15:11:52,126 - project.core.recognition.detector - INFO - 提取到 478 个关键点
2025-09-26 15:11:52,129 - project.core.recognition.landmark_extractor - INFO - 关键点验证通过
2025-09-26 15:11:52,129 - project.core.recognition.detector - INFO - 关键点验证结果: True
2025-09-26 15:11:52,129 - project.core.recognition.detector - INFO - 人脸检测成功，提取到 478 个关键点
2025-09-26 15:11:52,129 - project.core.recognition.main - INFO - 人脸检测成功
2025-09-26 15:11:52,135 - project.core.recognition.coordinate_converter - WARNING - 关键点 148 转换失败: 无效的深度值：nan，必须大于0.1米
2025-09-26 15:11:52,135 - project.core.recognition.coordinate_converter - WARNING - 关键点 152 转换失败: 无效的深度值：nan，必须大于0.1米
2025-09-26 15:11:52,137 - project.core.recognition.coordinate_converter - WARNING - 关键点 175 转换失败: 无效的深度值：nan，必须大于0.1米
2025-09-26 15:11:52,138 - project.core.recognition.coordinate_converter - WARNING - 关键点 377 转换失败: 无效的深度值：nan，必须大于0.1米
2025-09-26 15:11:52,139 - project.data.data_manager - INFO - RecgFitDataManager初始化 - debug_log: True, key_coordinates: True
2025-09-26 15:11:52,142 - project.data.data_manager - INFO - RecgFitDataManager初始化完成
2025-09-26 15:11:52,142 - __main__ - INFO - 收到识别完成信号，开始拟合...
2025-09-26 15:11:52,142 - __main__ - INFO - 开始拟合frame_id: 24
2025-09-26 15:11:52,142 - __main__ - INFO - 等待识别完成信号...
2025-09-26 15:11:52,142 - root - INFO - 数据质量: {'point_count': 17, 'fitting_point_count': 5, 'constraint_point_count': 12, 'visibility': 0.9909742802951361}
2025-09-26 15:11:52,142 - root - INFO - 选择策略: high_quality
2025-09-26 15:11:52,142 - root - INFO - 虹膜点拟合外接圆，圆心：[ 49.18645744  73.05137583 398.91510457]，半径：1.6728881151996338
2025-09-26 15:11:52,181 - root - INFO - 数据质量: {'point_count': 13, 'fitting_point_count': 1, 'constraint_point_count': 12, 'visibility': 0.9267085247551449}
2025-09-26 15:11:52,181 - root - INFO - 选择策略: high_quality
2025-09-26 15:11:52,196 - project.core.fitting.main - INFO - ==============================================
2025-09-26 15:11:52,196 - project.core.fitting.main - INFO - 拟合结果:
2025-09-26 15:11:52,196 - project.core.fitting.main - INFO -   LEFT 眼: 拟合结果：
 球心：[ 48.86073146  72.48931121 409.51909033]
 半径：9.629633069433245
 置信度：0.18925611486315513
 收敛：False
 迭代次数：30
 最终残差范数：2.653214384824833
 最终delta范数：2.6676891127283392e-08
 使用策略：lm
2025-09-26 15:11:52,196 - project.core.fitting.main - INFO -   RIGHT 眼: 拟合结果：
 球心：[ 50.39118533  78.41243203 407.57402285]
 半径：12.45005590338648
 置信度：0.8999999981769166
 收敛：True
 迭代次数：20
 最终残差范数：0.7239686401075747
 最终delta范数：0.04418527112928093
 使用策略：lm
2025-09-26 15:11:52,196 - project.core.fitting.main - INFO - ==============================================
2025-09-26 15:11:52,200 - project.config.screen_config - INFO - 瞳孔位置: Point3D(-35.218, 80.143, 399.021)
2025-09-26 15:11:52,200 - project.config.screen_config - INFO - 眼球位置: Point3D(48.861, 72.489, 409.519)
2025-09-26 15:11:52,200 - project.config.screen_config - INFO - 视线方向: Point3D(-84.079, 7.654, -10.498)
2025-09-26 15:11:52,202 - project.config.screen_config - INFO - 交点坐标: [-3.23109039e+03  3.71077349e+02  5.68434189e-14]
2025-09-26 15:11:52,202 - project.config.screen_config - WARNING - 交点超出屏幕边界，已裁剪: Point2D(16229.233866, 1561.930021) -> Point2D(1439.000000, 959.000000)
2025-09-26 15:11:52,202 - project.config.screen_config - INFO - 最终像素坐标: Point2D(1439.000000, 959.000000)
2025-09-26 15:11:52,202 - project.core.fitting.main - INFO - -----------------------------------------------
2025-09-26 15:11:52,204 - project.core.fitting.main - INFO - left 视线焦点: Point2D(1439.000000, 959.000000)
2025-09-26 15:11:52,204 - project.core.fitting.main - INFO - -----------------------------------------------
2025-09-26 15:11:52,204 - project.config.screen_config - INFO - 瞳孔位置: Point3D(47.631, 78.357, 399.060)
2025-09-26 15:11:52,204 - project.config.screen_config - INFO - 眼球位置: Point3D(50.391, 78.412, 407.574)
2025-09-26 15:11:52,204 - project.config.screen_config - INFO - 视线方向: Point3D(-2.761, -0.056, -8.514)
2025-09-26 15:11:52,204 - project.config.screen_config - INFO - 交点坐标: [-81.76900991  75.74888884   0.        ]
2025-09-26 15:11:52,204 - project.config.screen_config - INFO - 最终像素坐标: Point2D(1112.491248, 301.861926)
2025-09-26 15:11:52,204 - project.core.fitting.main - INFO - -----------------------------------------------
2025-09-26 15:11:52,204 - project.core.fitting.main - INFO - right 视线焦点: Point2D(1112.491248, 301.861926)
2025-09-26 15:11:52,204 - project.core.fitting.main - INFO - -----------------------------------------------
2025-09-26 15:11:52,250 - project.data.data_manager - WARNING - 非RGB-D摄像头，使用默认深度图
2025-09-26 15:11:52,304 - project.core.recognition.landmark_extractor - WARNING - 关键点 148 原始y坐标超出范围: 1.001，已限制到边界
2025-09-26 15:11:52,304 - project.core.recognition.landmark_extractor - WARNING - 关键点 152 原始y坐标超出范围: 1.006，已限制到边界
2025-09-26 15:11:52,312 - project.core.recognition.detector - INFO - 提取到 478 个关键点
2025-09-26 15:11:52,314 - project.core.recognition.landmark_extractor - INFO - 关键点验证通过
2025-09-26 15:11:52,314 - project.core.recognition.detector - INFO - 关键点验证结果: True
2025-09-26 15:11:52,316 - project.core.recognition.detector - INFO - 人脸检测成功，提取到 478 个关键点
2025-09-26 15:11:52,316 - project.core.recognition.main - INFO - 人脸检测成功
2025-09-26 15:11:52,321 - project.core.recognition.coordinate_converter - WARNING - 关键点 148 转换失败: 无效的深度值：nan，必须大于0.1米
2025-09-26 15:11:52,322 - project.core.recognition.coordinate_converter - WARNING - 关键点 152 转换失败: 无效的深度值：nan，必须大于0.1米
2025-09-26 15:11:52,322 - project.core.recognition.coordinate_converter - WARNING - 关键点 175 转换失败: 无效的深度值：nan，必须大于0.1米
2025-09-26 15:11:52,325 - project.core.recognition.coordinate_converter - WARNING - 关键点 377 转换失败: 无效的深度值：nan，必须大于0.1米
2025-09-26 15:11:52,325 - project.data.data_manager - INFO - RecgFitDataManager初始化 - debug_log: True, key_coordinates: True
2025-09-26 15:11:52,325 - project.data.data_manager - INFO - RecgFitDataManager初始化完成
2025-09-26 15:11:52,325 - __main__ - INFO - 收到识别完成信号，开始拟合...
2025-09-26 15:11:52,325 - __main__ - INFO - 开始拟合frame_id: 25
2025-09-26 15:11:52,325 - __main__ - INFO - 等待识别完成信号...
2025-09-26 15:11:52,329 - root - INFO - 数据质量: {'point_count': 17, 'fitting_point_count': 5, 'constraint_point_count': 12, 'visibility': 0.9910758097084208}
2025-09-26 15:11:52,329 - root - INFO - 选择策略: high_quality
2025-09-26 15:11:52,329 - root - INFO - 虹膜点拟合外接圆，圆心：[ 51.06506166  71.36017971 399.10198003]，半径：5.104426398176876
2025-09-26 15:11:52,372 - root - INFO - 数据质量: {'point_count': 13, 'fitting_point_count': 1, 'constraint_point_count': 12, 'visibility': 0.9270966916118355}
2025-09-26 15:11:52,372 - root - INFO - 选择策略: high_quality
2025-09-26 15:11:52,380 - project.core.fitting.main - INFO - ==============================================
2025-09-26 15:11:52,384 - project.core.fitting.main - INFO - 拟合结果:
2025-09-26 15:11:52,384 - project.core.fitting.main - INFO -   LEFT 眼: 拟合结果：
 球心：[ 47.90902939  73.37538644 409.01199376]
 半径：12.397340263645196
 置信度：0.7083108355579262
 收敛：False
 迭代次数：30
 最终残差范数：2.3364743294446595
 最终delta范数：1.3656331959595882e-10
 使用策略：lm
2025-09-26 15:11:52,384 - project.core.fitting.main - INFO -   RIGHT 眼: 拟合结果：
 球心：[ 48.02986032  74.79755563 407.45636727]
 半径：12.373905603345264
 置信度：0.8888429330948677
 收敛：True
 迭代次数：13
 最终残差范数：0.7881850002294378
 最终delta范数：0.027351287957857795
 使用策略：lm
2025-09-26 15:11:52,384 - project.core.fitting.main - INFO - ==============================================
2025-09-26 15:11:52,384 - project.config.screen_config - INFO - 瞳孔位置: Point3D(-32.914, 80.300, 398.986)
2025-09-26 15:11:52,384 - project.config.screen_config - INFO - 眼球位置: Point3D(47.909, 73.375, 409.012)
2025-09-26 15:11:52,384 - project.config.screen_config - INFO - 视线方向: Point3D(-80.823, 6.925, -10.026)
2025-09-26 15:11:52,384 - project.config.screen_config - INFO - 交点坐标: [-3249.17973396   355.85970697     0.        ]
2025-09-26 15:11:52,384 - project.config.screen_config - WARNING - 交点超出屏幕边界，已裁剪: Point2D(16316.062723, 1497.001416) -> Point2D(1439.000000, 959.000000)
2025-09-26 15:11:52,384 - project.config.screen_config - INFO - 最终像素坐标: Point2D(1439.000000, 959.000000)
2025-09-26 15:11:52,384 - project.core.fitting.main - INFO - -----------------------------------------------
2025-09-26 15:11:52,384 - project.core.fitting.main - INFO - left 视线焦点: Point2D(1439.000000, 959.000000)
2025-09-26 15:11:52,384 - project.core.fitting.main - INFO - -----------------------------------------------
2025-09-26 15:11:52,384 - project.config.screen_config - INFO - 瞳孔位置: Point3D(48.047, 78.086, 398.807)
2025-09-26 15:11:52,384 - project.config.screen_config - INFO - 眼球位置: Point3D(48.030, 74.798, 407.456)
2025-09-26 15:11:52,384 - project.config.screen_config - INFO - 视线方向: Point3D(0.017, 3.288, -8.649)
2025-09-26 15:11:52,384 - project.config.screen_config - INFO - 交点坐标: [ 4.88231087e+01  2.29710048e+02 -5.68434189e-14]
2025-09-26 15:11:52,389 - project.config.screen_config - INFO - 最终像素坐标: Point2D(485.649078, 958.762870)
2025-09-26 15:11:52,389 - project.core.fitting.main - INFO - -----------------------------------------------
2025-09-26 15:11:52,389 - project.core.fitting.main - INFO - right 视线焦点: Point2D(485.649078, 958.762870)
2025-09-26 15:11:52,389 - project.core.fitting.main - INFO - -----------------------------------------------
2025-09-26 15:11:52,437 - project.data.data_manager - WARNING - 非RGB-D摄像头，使用默认深度图
2025-09-26 15:11:52,494 - project.core.recognition.landmark_extractor - WARNING - 关键点 152 原始y坐标超出范围: 1.001，已限制到边界
2025-09-26 15:11:52,497 - project.core.recognition.detector - INFO - 提取到 478 个关键点
2025-09-26 15:11:52,501 - project.core.recognition.landmark_extractor - INFO - 关键点验证通过
2025-09-26 15:11:52,501 - project.core.recognition.detector - INFO - 关键点验证结果: True
2025-09-26 15:11:52,507 - project.core.recognition.detector - INFO - 人脸检测成功，提取到 478 个关键点
2025-09-26 15:11:52,507 - project.core.recognition.main - INFO - 人脸检测成功
2025-09-26 15:11:52,511 - project.core.recognition.coordinate_converter - WARNING - 关键点 152 转换失败: 无效的深度值：nan，必须大于0.1米
2025-09-26 15:11:52,515 - project.data.data_manager - INFO - RecgFitDataManager初始化 - debug_log: True, key_coordinates: True
2025-09-26 15:11:52,515 - project.data.data_manager - INFO - RecgFitDataManager初始化完成
2025-09-26 15:11:52,515 - __main__ - INFO - 收到识别完成信号，开始拟合...
2025-09-26 15:11:52,515 - __main__ - INFO - 开始拟合frame_id: 26
2025-09-26 15:11:52,515 - __main__ - INFO - 等待识别完成信号...
2025-09-26 15:11:52,519 - root - INFO - 数据质量: {'point_count': 17, 'fitting_point_count': 5, 'constraint_point_count': 12, 'visibility': 1.0}
2025-09-26 15:11:52,520 - root - INFO - 选择策略: high_quality
2025-09-26 15:11:52,521 - root - INFO - 虹膜点拟合外接圆，圆心：[-30.72162271  68.09401726 398.82791042]，半径：5.970750871961983
2025-09-26 15:11:52,567 - root - INFO - 数据质量: {'point_count': 16, 'fitting_point_count': 4, 'constraint_point_count': 12, 'visibility': 0.9910249943133851}
2025-09-26 15:11:52,567 - root - INFO - 选择策略: high_quality
2025-09-26 15:11:52,567 - root - INFO - 虹膜点拟合外接圆，圆心：[ 47.98949645  64.67535917 399.04905856]，半径：5.47633329430945
2025-09-26 15:11:52,594 - project.core.fitting.main - INFO - ==============================================
2025-09-26 15:11:52,594 - project.core.fitting.main - INFO - 拟合结果:
2025-09-26 15:11:52,594 - project.core.fitting.main - INFO -   LEFT 眼: 拟合结果：
 球心：[-28.99506206  67.02683888 408.04457542]
 半径：12.313894452858435
 置信度：0.6582673125119652
 收敛：False
 迭代次数：30
 最终残差范数：2.3695567059955915
 最终delta范数：4.41273180690074e-09
 使用策略：lm
2025-09-26 15:11:52,597 - project.core.fitting.main - INFO -   RIGHT 眼: 拟合结果：
 球心：[ 50.01991563  65.69386828 408.39514589]
 半径：12.352177349122858
 置信度：0.8398620211128744
 收敛：False
 迭代次数：30
 最终残差范数：1.798961606623016
 最终delta范数：4.859651475342532e-09
 使用策略：lm
2025-09-26 15:11:52,598 - project.core.fitting.main - INFO - ==============================================
2025-09-26 15:11:52,599 - project.config.screen_config - INFO - 瞳孔位置: Point3D(-21.126, 67.242, 399.213)
2025-09-26 15:11:52,599 - project.config.screen_config - INFO - 眼球位置: Point3D(-28.995, 67.027, 408.045)
2025-09-26 15:11:52,599 - project.config.screen_config - INFO - 视线方向: Point3D(7.869, 0.215, -8.831)
2025-09-26 15:11:52,599 - project.config.screen_config - INFO - 交点坐标: [334.58763433  76.98108715   0.        ]
2025-09-26 15:11:52,601 - project.config.screen_config - WARNING - 交点超出屏幕边界，已裁剪: Point2D(-886.020645, 307.119305) -> Point2D(0.000000, 307.119305)
2025-09-26 15:11:52,601 - project.config.screen_config - INFO - 最终像素坐标: Point2D(0.000000, 307.119305)
2025-09-26 15:11:52,601 - project.core.fitting.main - INFO - -----------------------------------------------
2025-09-26 15:11:52,603 - project.core.fitting.main - INFO - left 视线焦点: Point2D(0.000000, 307.119305)
2025-09-26 15:11:52,603 - project.core.fitting.main - INFO - -----------------------------------------------
2025-09-26 15:11:52,605 - project.config.screen_config - INFO - 瞳孔位置: Point3D(56.894, 65.478, 398.970)
2025-09-26 15:11:52,605 - project.config.screen_config - INFO - 眼球位置: Point3D(50.020, 65.694, 408.395)
2025-09-26 15:11:52,609 - project.config.screen_config - INFO - 视线方向: Point3D(6.874, -0.216, -9.425)
2025-09-26 15:11:52,609 - project.config.screen_config - INFO - 交点坐标: [3.47871777e+02 5.63280625e+01 5.68434189e-14]
2025-09-26 15:11:52,612 - project.config.screen_config - WARNING - 交点超出屏幕边界，已裁剪: Point2D(-949.784532, 218.999734) -> Point2D(0.000000, 218.999734)
2025-09-26 15:11:52,612 - project.config.screen_config - INFO - 最终像素坐标: Point2D(0.000000, 218.999734)
2025-09-26 15:11:52,612 - project.core.fitting.main - INFO - -----------------------------------------------
2025-09-26 15:11:52,612 - project.core.fitting.main - INFO - right 视线焦点: Point2D(0.000000, 218.999734)
2025-09-26 15:11:52,612 - project.core.fitting.main - INFO - -----------------------------------------------
2025-09-26 15:11:52,624 - project.data.data_manager - WARNING - 非RGB-D摄像头，使用默认深度图
2025-09-26 15:11:52,687 - project.core.recognition.detector - INFO - 提取到 478 个关键点
2025-09-26 15:11:52,690 - project.core.recognition.landmark_extractor - INFO - 关键点验证通过
2025-09-26 15:11:52,690 - project.core.recognition.detector - INFO - 关键点验证结果: True
2025-09-26 15:11:52,692 - project.core.recognition.detector - INFO - 人脸检测成功，提取到 478 个关键点
2025-09-26 15:11:52,692 - project.core.recognition.main - INFO - 人脸检测成功
2025-09-26 15:11:52,698 - project.data.data_manager - INFO - RecgFitDataManager初始化 - debug_log: True, key_coordinates: True
2025-09-26 15:11:52,700 - project.data.data_manager - INFO - RecgFitDataManager初始化完成
2025-09-26 15:11:52,700 - __main__ - INFO - 收到识别完成信号，开始拟合...
2025-09-26 15:11:52,700 - __main__ - INFO - 开始拟合frame_id: 27
2025-09-26 15:11:52,700 - __main__ - INFO - 等待识别完成信号...
2025-09-26 15:11:52,703 - root - INFO - 数据质量: {'point_count': 17, 'fitting_point_count': 5, 'constraint_point_count': 12, 'visibility': 1.0}
2025-09-26 15:11:52,703 - root - INFO - 选择策略: high_quality
2025-09-26 15:11:52,704 - root - INFO - 虹膜点拟合外接圆，圆心：[-34.59219431  67.19021035 398.98254722]，半径：5.219870754222058
2025-09-26 15:11:52,743 - root - INFO - 数据质量: {'point_count': 17, 'fitting_point_count': 5, 'constraint_point_count': 12, 'visibility': 1.0}
2025-09-26 15:11:52,743 - root - INFO - 选择策略: high_quality
2025-09-26 15:11:52,743 - root - INFO - 虹膜点拟合外接圆，圆心：[ 49.01099099  64.37565327 399.13044125]，半径：4.620918442141515
2025-09-26 15:11:52,752 - project.core.fitting.main - INFO - ==============================================
2025-09-26 15:11:52,752 - project.core.fitting.main - INFO - 拟合结果:
2025-09-26 15:11:52,752 - project.core.fitting.main - INFO -   LEFT 眼: 拟合结果：
 球心：[-33.33331779  66.09027193 408.03150675]
 半径：12.404236731085234
 置信度：0.8787770255574754
 收敛：False
 迭代次数：30
 最终残差范数：1.7906934712007314
 最终delta范数：5.946243393800026e-09
 使用策略：lm
2025-09-26 15:11:52,752 - project.core.fitting.main - INFO -   RIGHT 眼: 拟合结果：
 球心：[ 47.41044001  63.03466231 408.2922028 ]
 半径：12.324322736414329
 置信度：0.8811011852687435
 收敛：True
 迭代次数：4
 最终残差范数：1.0946136368089068
 最终delta范数：0.002307200546092855
 使用策略：lm
2025-09-26 15:11:52,752 - project.core.fitting.main - INFO - ==============================================
2025-09-26 15:11:52,752 - project.config.screen_config - INFO - 瞳孔位置: Point3D(-32.526, 65.821, 399.368)
2025-09-26 15:11:52,752 - project.config.screen_config - INFO - 眼球位置: Point3D(-33.333, 66.090, 408.032)
2025-09-26 15:11:52,752 - project.config.screen_config - INFO - 视线方向: Point3D(0.807, -0.270, -8.663)
2025-09-26 15:11:52,752 - project.config.screen_config - INFO - 交点坐标: [ 4.69062607 53.38676145  0.        ]
2025-09-26 15:11:52,756 - project.config.screen_config - INFO - 最终像素坐标: Point2D(697.484995, 206.450182)
2025-09-26 15:11:52,756 - project.core.fitting.main - INFO - -----------------------------------------------
2025-09-26 15:11:52,756 - project.core.fitting.main - INFO - left 视线焦点: Point2D(697.484995, 206.450182)
2025-09-26 15:11:52,756 - project.core.fitting.main - INFO - -----------------------------------------------
2025-09-26 15:11:52,756 - project.config.screen_config - INFO - 瞳孔位置: Point3D(47.230, 63.007, 398.785)
2025-09-26 15:11:52,756 - project.config.screen_config - INFO - 眼球位置: Point3D(47.410, 63.035, 408.292)
2025-09-26 15:11:52,756 - project.config.screen_config - INFO - 视线方向: Point3D(-0.180, -0.027, -9.507)
2025-09-26 15:11:52,756 - project.config.screen_config - INFO - 交点坐标: [ 3.96724178e+01  6.18650946e+01 -5.68434189e-14]
2025-09-26 15:11:52,756 - project.config.screen_config - INFO - 最终像素坐标: Point2D(529.572394, 242.624404)
2025-09-26 15:11:52,756 - project.core.fitting.main - INFO - -----------------------------------------------
2025-09-26 15:11:52,756 - project.core.fitting.main - INFO - right 视线焦点: Point2D(529.572394, 242.624404)
2025-09-26 15:11:52,756 - project.core.fitting.main - INFO - -----------------------------------------------
2025-09-26 15:11:52,817 - project.data.data_manager - WARNING - 非RGB-D摄像头，使用默认深度图
2025-09-26 15:11:52,874 - project.core.recognition.landmark_extractor - WARNING - 关键点 152 原始y坐标超出范围: 1.006，已限制到边界
2025-09-26 15:11:52,874 - project.core.recognition.landmark_extractor - WARNING - 关键点 377 原始y坐标超出范围: 1.001，已限制到边界
2025-09-26 15:11:52,878 - project.core.recognition.detector - INFO - 提取到 478 个关键点
2025-09-26 15:11:52,878 - project.core.recognition.landmark_extractor - INFO - 关键点验证通过
2025-09-26 15:11:52,878 - project.core.recognition.detector - INFO - 关键点验证结果: True
2025-09-26 15:11:52,886 - project.core.recognition.detector - INFO - 人脸检测成功，提取到 478 个关键点
2025-09-26 15:11:52,886 - project.core.recognition.main - INFO - 人脸检测成功
2025-09-26 15:11:52,886 - project.core.recognition.coordinate_converter - WARNING - 关键点 148 转换失败: 无效的深度值：nan，必须大于0.1米
2025-09-26 15:11:52,886 - project.core.recognition.coordinate_converter - WARNING - 关键点 152 转换失败: 无效的深度值：nan，必须大于0.1米
2025-09-26 15:11:52,891 - project.core.recognition.coordinate_converter - WARNING - 关键点 175 转换失败: 无效的深度值：nan，必须大于0.1米
2025-09-26 15:11:52,891 - project.core.recognition.coordinate_converter - WARNING - 关键点 377 转换失败: 无效的深度值：nan，必须大于0.1米
2025-09-26 15:11:52,891 - project.data.data_manager - INFO - RecgFitDataManager初始化 - debug_log: True, key_coordinates: True
2025-09-26 15:11:52,891 - project.data.data_manager - INFO - RecgFitDataManager初始化完成
2025-09-26 15:11:52,895 - __main__ - INFO - 收到识别完成信号，开始拟合...
2025-09-26 15:11:52,895 - __main__ - INFO - 开始拟合frame_id: 28
2025-09-26 15:11:52,895 - __main__ - INFO - 等待识别完成信号...
2025-09-26 15:11:52,895 - root - INFO - 数据质量: {'point_count': 17, 'fitting_point_count': 5, 'constraint_point_count': 12, 'visibility': 0.9912035738825538}
2025-09-26 15:11:52,895 - root - INFO - 选择策略: high_quality
2025-09-26 15:11:52,895 - root - INFO - 虹膜点拟合外接圆，圆心：[ 44.44281673  61.50903036 399.16564524]，半径：7.3384370310061895
2025-09-26 15:11:52,925 - root - INFO - 数据质量: {'point_count': 13, 'fitting_point_count': 1, 'constraint_point_count': 12, 'visibility': 0.9602023639102413}
2025-09-26 15:11:52,925 - root - INFO - 选择策略: high_quality
2025-09-26 15:11:52,943 - project.core.fitting.main - INFO - ==============================================
2025-09-26 15:11:52,943 - project.core.fitting.main - INFO - 拟合结果:
2025-09-26 15:11:52,943 - project.core.fitting.main - INFO -   LEFT 眼: 拟合结果：
 球心：[ 44.59266472  61.58714696 408.45333825]
 半径：11.699523197399154
 置信度：0.6432080370260965
 收敛：False
 迭代次数：30
 最终残差范数：2.373233675255014
 最终delta范数：4.613481988174073e-09
 使用策略：lm
2025-09-26 15:11:52,943 - project.core.fitting.main - INFO -   RIGHT 眼: 拟合结果：
 球心：[ 47.37311979  67.62016702 407.77045624]
 半径：12.45001706519329
 置信度：0.8999999791343385
 收敛：True
 迭代次数：13
 最终残差范数：0.7239687778106151
 最终delta范数：0.09081868338192356
 使用策略：lm
2025-09-26 15:11:52,943 - project.core.fitting.main - INFO - ==============================================
2025-09-26 15:11:52,943 - project.config.screen_config - INFO - 瞳孔位置: Point3D(-36.607, 68.948, 398.867)
2025-09-26 15:11:52,943 - project.config.screen_config - INFO - 眼球位置: Point3D(44.593, 61.587, 408.453)
2025-09-26 15:11:52,943 - project.config.screen_config - INFO - 视线方向: Point3D(-81.200, 7.361, -9.587)
2025-09-26 15:11:52,946 - project.config.screen_config - INFO - 交点坐标: [-3414.98327153   375.2140929      0.        ]
2025-09-26 15:11:52,946 - project.config.screen_config - WARNING - 交点超出屏幕边界，已裁剪: Point2D(17111.919703, 1579.580130) -> Point2D(1439.000000, 959.000000)
2025-09-26 15:11:52,946 - project.config.screen_config - INFO - 最终像素坐标: Point2D(1439.000000, 959.000000)
2025-09-26 15:11:52,946 - project.core.fitting.main - INFO - -----------------------------------------------
2025-09-26 15:11:52,946 - project.core.fitting.main - INFO - left 视线焦点: Point2D(1439.000000, 959.000000)
2025-09-26 15:11:52,946 - project.core.fitting.main - INFO - -----------------------------------------------
2025-09-26 15:11:52,946 - project.config.screen_config - INFO - 瞳孔位置: Point3D(44.867, 67.561, 399.178)
2025-09-26 15:11:52,946 - project.config.screen_config - INFO - 眼球位置: Point3D(47.373, 67.620, 407.770)
2025-09-26 15:11:52,946 - project.config.screen_config - INFO - 视线方向: Point3D(-2.506, -0.059, -8.592)
2025-09-26 15:11:52,946 - project.config.screen_config - INFO - 交点坐标: [-71.57965958  64.81940743   0.        ]
2025-09-26 15:11:52,950 - project.config.screen_config - INFO - 最终像素坐标: Point2D(1063.582366, 255.229472)
2025-09-26 15:11:52,950 - project.core.fitting.main - INFO - -----------------------------------------------
2025-09-26 15:11:52,950 - project.core.fitting.main - INFO - right 视线焦点: Point2D(1063.582366, 255.229472)
2025-09-26 15:11:52,950 - project.core.fitting.main - INFO - -----------------------------------------------
2025-09-26 15:11:53,001 - project.data.data_manager - WARNING - 非RGB-D摄像头，使用默认深度图
2025-09-26 15:11:53,063 - project.core.recognition.landmark_extractor - WARNING - 关键点 148 原始y坐标超出范围: 1.001，已限制到边界
2025-09-26 15:11:53,064 - project.core.recognition.landmark_extractor - WARNING - 关键点 152 原始y坐标超出范围: 1.007，已限制到边界
2025-09-26 15:11:53,069 - project.core.recognition.landmark_extractor - WARNING - 关键点 377 原始y坐标超出范围: 1.002，已限制到边界
2025-09-26 15:11:53,069 - project.core.recognition.detector - INFO - 提取到 478 个关键点
2025-09-26 15:11:53,074 - project.core.recognition.landmark_extractor - INFO - 关键点验证通过
2025-09-26 15:11:53,074 - project.core.recognition.detector - INFO - 关键点验证结果: True
2025-09-26 15:11:53,078 - project.core.recognition.detector - INFO - 人脸检测成功，提取到 478 个关键点
2025-09-26 15:11:53,078 - project.core.recognition.main - INFO - 人脸检测成功
2025-09-26 15:11:53,078 - project.core.recognition.coordinate_converter - WARNING - 关键点 148 转换失败: 无效的深度值：nan，必须大于0.1米
2025-09-26 15:11:53,082 - project.core.recognition.coordinate_converter - WARNING - 关键点 152 转换失败: 无效的深度值：nan，必须大于0.1米
2025-09-26 15:11:53,082 - project.core.recognition.coordinate_converter - WARNING - 关键点 175 转换失败: 无效的深度值：nan，必须大于0.1米
2025-09-26 15:11:53,082 - project.core.recognition.coordinate_converter - WARNING - 关键点 377 转换失败: 无效的深度值：nan，必须大于0.1米
2025-09-26 15:11:53,086 - project.data.data_manager - INFO - RecgFitDataManager初始化 - debug_log: True, key_coordinates: True
2025-09-26 15:11:53,086 - project.data.data_manager - INFO - RecgFitDataManager初始化完成
2025-09-26 15:11:53,086 - __main__ - INFO - 收到识别完成信号，开始拟合...
2025-09-26 15:11:53,086 - __main__ - INFO - 开始拟合frame_id: 29
2025-09-26 15:11:53,086 - __main__ - INFO - 等待识别完成信号...
2025-09-26 15:11:53,086 - root - INFO - 数据质量: {'point_count': 17, 'fitting_point_count': 5, 'constraint_point_count': 12, 'visibility': 0.990987944513302}
2025-09-26 15:11:53,091 - root - INFO - 选择策略: high_quality
2025-09-26 15:11:53,091 - root - INFO - 虹膜点拟合外接圆，圆心：[ 34.70217893  59.9883962  399.21981096]，半径：4.788888026819464
2025-09-26 15:11:53,132 - root - INFO - 数据质量: {'point_count': 13, 'fitting_point_count': 1, 'constraint_point_count': 12, 'visibility': 0.9493118823720104}
2025-09-26 15:11:53,132 - root - INFO - 选择策略: high_quality
2025-09-26 15:11:53,147 - project.core.fitting.main - INFO - ==============================================
2025-09-26 15:11:53,147 - project.core.fitting.main - INFO - 拟合结果:
2025-09-26 15:11:53,151 - project.core.fitting.main - INFO -   LEFT 眼: 拟合结果：
 球心：[ 35.70926588  61.24148226 409.21280019]
 半径：12.205762330283179
 置信度：0.6483384656937192
 收敛：False
 迭代次数：30
 最终残差范数：2.5307079427452175
 最终delta范数：6.645863643482868e-09
 使用策略：lm
2025-09-26 15:11:53,151 - project.core.fitting.main - INFO -   RIGHT 眼: 拟合结果：
 球心：[ 34.94730822  67.46271214 408.27347052]
 半径：12.454571829786042
 置信度：0.8999858257631614
 收敛：True
 迭代次数：24
 最终残差范数：0.7241021793152176
 最终delta范数：0.011885837452832275
 使用策略：lm
2025-09-26 15:11:53,151 - project.core.fitting.main - INFO - ==============================================
2025-09-26 15:11:53,151 - project.config.screen_config - INFO - 瞳孔位置: Point3D(-41.259, 68.155, 399.663)
2025-09-26 15:11:53,151 - project.config.screen_config - INFO - 眼球位置: Point3D(35.709, 61.241, 409.213)
2025-09-26 15:11:53,151 - project.config.screen_config - INFO - 视线方向: Point3D(-76.969, 6.913, -9.550)
2025-09-26 15:11:53,151 - project.config.screen_config - INFO - 交点坐标: [-3262.41268133   357.47917812     0.        ]
2025-09-26 15:11:53,151 - project.config.screen_config - WARNING - 交点超出屏幕边界，已裁剪: Point2D(16379.580870, 1503.911160) -> Point2D(1439.000000, 959.000000)
2025-09-26 15:11:53,151 - project.config.screen_config - INFO - 最终像素坐标: Point2D(1439.000000, 959.000000)
2025-09-26 15:11:53,151 - project.core.fitting.main - INFO - -----------------------------------------------
2025-09-26 15:11:53,156 - project.core.fitting.main - INFO - left 视线焦点: Point2D(1439.000000, 959.000000)
2025-09-26 15:11:53,156 - project.core.fitting.main - INFO - -----------------------------------------------
2025-09-26 15:11:53,156 - project.config.screen_config - INFO - 瞳孔位置: Point3D(37.000, 67.464, 399.547)
2025-09-26 15:11:53,156 - project.config.screen_config - INFO - 眼球位置: Point3D(34.947, 67.463, 408.273)
2025-09-26 15:11:53,156 - project.config.screen_config - INFO - 视线方向: Point3D(2.052, 0.001, -8.726)
2025-09-26 15:11:53,156 - project.config.screen_config - INFO - 交点坐标: [130.97766811  67.53073546   0.        ]
2025-09-26 15:11:53,156 - project.config.screen_config - INFO - 最终像素坐标: Point2D(91.307193, 266.797805)
2025-09-26 15:11:53,156 - project.core.fitting.main - INFO - -----------------------------------------------
2025-09-26 15:11:53,156 - project.core.fitting.main - INFO - right 视线焦点: Point2D(91.307193, 266.797805)
2025-09-26 15:11:53,156 - project.core.fitting.main - INFO - -----------------------------------------------
2025-09-26 15:11:53,194 - project.data.data_manager - WARNING - 非RGB-D摄像头，使用默认深度图
2025-09-26 15:11:53,261 - project.core.recognition.landmark_extractor - WARNING - 关键点 148 原始y坐标超出范围: 1.001，已限制到边界
2025-09-26 15:11:53,261 - project.core.recognition.landmark_extractor - WARNING - 关键点 152 原始y坐标超出范围: 1.006，已限制到边界
2025-09-26 15:11:53,265 - project.core.recognition.landmark_extractor - WARNING - 关键点 377 原始y坐标超出范围: 1.001，已限制到边界
2025-09-26 15:11:53,269 - project.core.recognition.detector - INFO - 提取到 478 个关键点
2025-09-26 15:11:53,269 - project.core.recognition.landmark_extractor - INFO - 关键点验证通过
2025-09-26 15:11:53,272 - project.core.recognition.detector - INFO - 关键点验证结果: True
2025-09-26 15:11:53,274 - project.core.recognition.detector - INFO - 人脸检测成功，提取到 478 个关键点
2025-09-26 15:11:53,274 - project.core.recognition.main - INFO - 人脸检测成功
2025-09-26 15:11:53,279 - project.core.recognition.coordinate_converter - WARNING - 关键点 148 转换失败: 无效的深度值：nan，必须大于0.1米
2025-09-26 15:11:53,279 - project.core.recognition.coordinate_converter - WARNING - 关键点 152 转换失败: 无效的深度值：nan，必须大于0.1米
2025-09-26 15:11:53,279 - project.core.recognition.coordinate_converter - WARNING - 关键点 175 转换失败: 无效的深度值：nan，必须大于0.1米
2025-09-26 15:11:53,284 - project.core.recognition.coordinate_converter - WARNING - 关键点 377 转换失败: 无效的深度值：nan，必须大于0.1米
2025-09-26 15:11:53,284 - project.data.data_manager - INFO - RecgFitDataManager初始化 - debug_log: True, key_coordinates: True
2025-09-26 15:11:53,286 - project.data.data_manager - INFO - RecgFitDataManager初始化完成
2025-09-26 15:11:53,286 - __main__ - INFO - 收到识别完成信号，开始拟合...
2025-09-26 15:11:53,286 - __main__ - INFO - 开始拟合frame_id: 30
2025-09-26 15:11:53,286 - __main__ - INFO - 等待识别完成信号...
2025-09-26 15:11:53,286 - root - INFO - 数据质量: {'point_count': 17, 'fitting_point_count': 5, 'constraint_point_count': 12, 'visibility': 0.9910207292879969}
2025-09-26 15:11:53,286 - root - INFO - 选择策略: high_quality
2025-09-26 15:11:53,286 - root - INFO - 虹膜点拟合外接圆，圆心：[ 35.83342687  56.11330087 399.63196218]，半径：7.642566483678258
2025-09-26 15:11:53,295 - root - INFO - 数据质量: {'point_count': 13, 'fitting_point_count': 1, 'constraint_point_count': 12, 'visibility': 0.9307172170482519}
2025-09-26 15:11:53,297 - root - INFO - 选择策略: high_quality
2025-09-26 15:11:53,311 - project.core.fitting.main - INFO - ==============================================
2025-09-26 15:11:53,311 - project.core.fitting.main - INFO - 拟合结果:
2025-09-26 15:11:53,311 - project.core.fitting.main - INFO -   LEFT 眼: 拟合结果：
 球心：[ 36.05937238  59.04828658 409.2440111 ]
 半径：12.399157912946235
 置信度：0.6516599535532548
 收敛：True
 迭代次数：4
 最终残差范数：2.2258984665822976
 最终delta范数：0.0027317702619648783
 使用策略：lm
2025-09-26 15:11:53,311 - project.core.fitting.main - INFO -   RIGHT 眼: 拟合结果：
 球心：[ 33.9489122   65.46106673 408.12386529]
 半径：12.450063731233723
 置信度：0.8999999968709954
 收敛：True
 迭代次数：11
 最终残差范数：0.7239686476318454
 最终delta范数：0.05614228729552606
 使用策略：lm
2025-09-26 15:11:53,314 - project.core.fitting.main - INFO - ==============================================
2025-09-26 15:11:53,315 - project.config.screen_config - INFO - 瞳孔位置: Point3D(-42.158, 65.674, 399.656)
2025-09-26 15:11:53,315 - project.config.screen_config - INFO - 眼球位置: Point3D(36.059, 59.048, 409.244)
2025-09-26 15:11:53,315 - project.config.screen_config - INFO - 视线方向: Point3D(-78.217, 6.626, -9.588)
2025-09-26 15:11:53,316 - project.config.screen_config - INFO - 交点坐标: [-3.30233492e+03  3.41845760e+02 -5.68434189e-14]
2025-09-26 15:11:53,316 - project.config.screen_config - WARNING - 交点超出屏幕边界，已裁剪: Point2D(16571.207599, 1437.208576) -> Point2D(1439.000000, 959.000000)
2025-09-26 15:11:53,316 - project.config.screen_config - INFO - 最终像素坐标: Point2D(1439.000000, 959.000000)
2025-09-26 15:11:53,316 - project.core.fitting.main - INFO - -----------------------------------------------
2025-09-26 15:11:53,316 - project.core.fitting.main - INFO - left 视线焦点: Point2D(1439.000000, 959.000000)
2025-09-26 15:11:53,316 - project.core.fitting.main - INFO - -----------------------------------------------
2025-09-26 15:11:53,316 - project.config.screen_config - INFO - 瞳孔位置: Point3D(36.517, 65.023, 399.561)
2025-09-26 15:11:53,319 - project.config.screen_config - INFO - 眼球位置: Point3D(33.949, 65.461, 408.124)
2025-09-26 15:11:53,319 - project.config.screen_config - INFO - 视线方向: Point3D(2.568, -0.438, -8.563)
2025-09-26 15:11:53,319 - project.config.screen_config - INFO - 交点坐标: [1.56342026e+02 4.45831408e+01 5.68434189e-14]
2025-09-26 15:11:53,321 - project.config.screen_config - WARNING - 交点超出屏幕边界，已裁剪: Point2D(-30.441725, 168.888068) -> Point2D(0.000000, 168.888068)
2025-09-26 15:11:53,322 - project.config.screen_config - INFO - 最终像素坐标: Point2D(0.000000, 168.888068)
2025-09-26 15:11:53,322 - project.core.fitting.main - INFO - -----------------------------------------------
2025-09-26 15:11:53,322 - project.core.fitting.main - INFO - right 视线焦点: Point2D(0.000000, 168.888068)
2025-09-26 15:11:53,322 - project.core.fitting.main - INFO - -----------------------------------------------
2025-09-26 15:11:53,398 - project.data.data_manager - WARNING - 非RGB-D摄像头，使用默认深度图
2025-09-26 15:11:53,463 - project.core.recognition.landmark_extractor - WARNING - 关键点 152 原始y坐标超出范围: 1.001，已限制到边界
2025-09-26 15:11:53,470 - project.core.recognition.detector - INFO - 提取到 478 个关键点
2025-09-26 15:11:53,470 - project.core.recognition.landmark_extractor - INFO - 关键点验证通过
2025-09-26 15:11:53,470 - project.core.recognition.detector - INFO - 关键点验证结果: True
2025-09-26 15:11:53,476 - project.core.recognition.detector - INFO - 人脸检测成功，提取到 478 个关键点
2025-09-26 15:11:53,476 - project.core.recognition.main - INFO - 人脸检测成功
2025-09-26 15:11:53,478 - project.core.recognition.coordinate_converter - WARNING - 关键点 152 转换失败: 无效的深度值：nan，必须大于0.1米
2025-09-26 15:11:53,483 - project.data.data_manager - INFO - RecgFitDataManager初始化 - debug_log: True, key_coordinates: True
2025-09-26 15:11:53,483 - project.data.data_manager - INFO - RecgFitDataManager初始化完成
2025-09-26 15:11:53,483 - __main__ - INFO - 收到识别完成信号，开始拟合...
2025-09-26 15:11:53,483 - __main__ - INFO - 开始拟合frame_id: 31
2025-09-26 15:11:53,485 - __main__ - INFO - 等待识别完成信号...
2025-09-26 15:11:53,485 - root - INFO - 数据质量: {'point_count': 17, 'fitting_point_count': 5, 'constraint_point_count': 12, 'visibility': 1.0}
2025-09-26 15:11:53,485 - root - INFO - 选择策略: high_quality
2025-09-26 15:11:53,487 - root - INFO - 虹膜点拟合外接圆，圆心：[-23.95766181  58.14552014 399.64029193]，半径：16.7048526416433
2025-09-26 15:11:53,487 - root - WARNING - 虹膜点拟合失败: Invalid triangle: iris_to_center_median(11.219999999999999) < circle_radius(16.7048526416433)
2025-09-26 15:11:53,521 - root - INFO - 数据质量: {'point_count': 16, 'fitting_point_count': 4, 'constraint_point_count': 12, 'visibility': 0.9930026423835683}
2025-09-26 15:11:53,525 - root - INFO - 选择策略: high_quality
2025-09-26 15:11:53,526 - root - INFO - 虹膜点拟合外接圆，圆心：[ 36.70902483  53.88621993 399.56879616]，半径：7.371803946646436
2025-09-26 15:11:53,529 - project.core.fitting.main - INFO - ==============================================
2025-09-26 15:11:53,532 - project.core.fitting.main - INFO - 拟合结果:
2025-09-26 15:11:53,533 - project.core.fitting.main - INFO -   LEFT 眼: 拟合结果：
 球心：[-36.51144487  57.26776271 407.94685679]
 半径：12.397140947003436
 置信度：0.6619015677166388
 收敛：False
 迭代次数：30
 最终残差范数：2.324127855723131
 最终delta范数：5.978109616758181e-09
 使用策略：lm
2025-09-26 15:11:53,534 - project.core.fitting.main - INFO -   RIGHT 眼: 拟合结果：
 球心：[ 40.59941359  55.04452229 408.01423057]
 半径：12.37865405534362
 置信度：0.7962436319692877
 收敛：True
 迭代次数：5
 最终残差范数：1.815707539479977
 最终delta范数：0.030493957424894004
 使用策略：lm
2025-09-26 15:11:53,534 - project.core.fitting.main - INFO - ==============================================
2025-09-26 15:11:53,534 - project.config.screen_config - INFO - 瞳孔位置: Point3D(-32.047, 57.170, 399.819)
2025-09-26 15:11:53,534 - project.config.screen_config - INFO - 眼球位置: Point3D(-36.511, 57.268, 407.947)
2025-09-26 15:11:53,534 - project.config.screen_config - INFO - 视线方向: Point3D(4.464, -0.098, -8.128)
2025-09-26 15:11:53,534 - project.config.screen_config - INFO - 交点坐标: [187.54957231  52.35470651   0.        ]
2025-09-26 15:11:53,534 - project.config.screen_config - WARNING - 交点超出屏幕边界，已裁剪: Point2D(-180.237947, 202.046748) -> Point2D(0.000000, 202.046748)
2025-09-26 15:11:53,534 - project.config.screen_config - INFO - 最终像素坐标: Point2D(0.000000, 202.046748)
2025-09-26 15:11:53,534 - project.core.fitting.main - INFO - -----------------------------------------------
2025-09-26 15:11:53,534 - project.core.fitting.main - INFO - left 视线焦点: Point2D(0.000000, 202.046748)
2025-09-26 15:11:53,534 - project.core.fitting.main - INFO - -----------------------------------------------
2025-09-26 15:11:53,534 - project.config.screen_config - INFO - 瞳孔位置: Point3D(45.310, 55.008, 399.533)
2025-09-26 15:11:53,534 - project.config.screen_config - INFO - 眼球位置: Point3D(40.599, 55.045, 408.014)
2025-09-26 15:11:53,537 - project.config.screen_config - INFO - 视线方向: Point3D(4.711, -0.036, -8.481)
2025-09-26 15:11:53,537 - project.config.screen_config - INFO - 交点坐标: [267.24533529  53.3000417    0.        ]
2025-09-26 15:11:53,537 - project.config.screen_config - WARNING - 交点超出屏幕边界，已裁剪: Point2D(-562.777609, 206.080178) -> Point2D(0.000000, 206.080178)
2025-09-26 15:11:53,537 - project.config.screen_config - INFO - 最终像素坐标: Point2D(0.000000, 206.080178)
2025-09-26 15:11:53,537 - project.core.fitting.main - INFO - -----------------------------------------------
2025-09-26 15:11:53,537 - project.core.fitting.main - INFO - right 视线焦点: Point2D(0.000000, 206.080178)
2025-09-26 15:11:53,537 - project.core.fitting.main - INFO - -----------------------------------------------
2025-09-26 15:11:53,604 - project.data.data_manager - WARNING - 非RGB-D摄像头，使用默认深度图
2025-09-26 15:11:53,657 - project.core.recognition.landmark_extractor - WARNING - 关键点 152 原始y坐标超出范围: 1.003，已限制到边界
2025-09-26 15:11:53,661 - project.core.recognition.detector - INFO - 提取到 478 个关键点
2025-09-26 15:11:53,666 - project.core.recognition.landmark_extractor - INFO - 关键点验证通过
2025-09-26 15:11:53,666 - project.core.recognition.detector - INFO - 关键点验证结果: True
2025-09-26 15:11:53,670 - project.core.recognition.detector - INFO - 人脸检测成功，提取到 478 个关键点
2025-09-26 15:11:53,670 - project.core.recognition.main - INFO - 人脸检测成功
2025-09-26 15:11:53,674 - project.core.recognition.coordinate_converter - WARNING - 关键点 152 转换失败: 无效的深度值：nan，必须大于0.1米
2025-09-26 15:11:53,678 - project.data.data_manager - INFO - RecgFitDataManager初始化 - debug_log: True, key_coordinates: True
2025-09-26 15:11:53,678 - project.data.data_manager - INFO - RecgFitDataManager初始化完成
2025-09-26 15:11:53,678 - __main__ - INFO - 收到识别完成信号，开始拟合...
2025-09-26 15:11:53,678 - __main__ - INFO - 开始拟合frame_id: 32
2025-09-26 15:11:53,678 - __main__ - INFO - 等待识别完成信号...
2025-09-26 15:11:53,678 - root - INFO - 数据质量: {'point_count': 17, 'fitting_point_count': 5, 'constraint_point_count': 12, 'visibility': 1.0}
2025-09-26 15:11:53,678 - root - INFO - 选择策略: high_quality
2025-09-26 15:11:53,682 - root - INFO - 虹膜点拟合外接圆，圆心：[-22.79737106  59.63460933 399.68812466]，半径：21.345456603586705
2025-09-26 15:11:53,682 - root - WARNING - 虹膜点拟合失败: Invalid triangle: iris_to_center_median(11.219999999999999) < circle_radius(21.345456603586705)
2025-09-26 15:11:53,716 - root - INFO - 数据质量: {'point_count': 16, 'fitting_point_count': 4, 'constraint_point_count': 12, 'visibility': 0.9925822658188251}
2025-09-26 15:11:53,716 - root - INFO - 选择策略: high_quality
2025-09-26 15:11:53,716 - root - INFO - 虹膜点拟合外接圆，圆心：[ 33.79307843  57.3384043  399.4686231 ]，半径：6.566304727211475
2025-09-26 15:11:53,749 - project.core.fitting.main - INFO - ==============================================
2025-09-26 15:11:53,749 - project.core.fitting.main - INFO - 拟合结果:
2025-09-26 15:11:53,749 - project.core.fitting.main - INFO -   LEFT 眼: 拟合结果：
 球心：[-39.41344402  58.48160455 407.89652929]
 半径：12.398429873056916
 置信度：0.6481638746356737
 收敛：False
 迭代次数：30
 最终残差范数：2.3180623838341505
 最终delta范数：5.192466442402007e-09
 使用策略：lm
2025-09-26 15:11:53,749 - project.core.fitting.main - INFO -   RIGHT 眼: 拟合结果：
 球心：[ 37.28862168  57.2844112  408.87062271]
 半径：12.344496883305302
 置信度：0.8678673009533584
 收敛：False
 迭代次数：30
 最终残差范数：1.757529236991757
 最终delta范数：7.058234099517734e-09
 使用策略：lm
2025-09-26 15:11:53,749 - project.core.fitting.main - INFO - ==============================================
2025-09-26 15:11:53,754 - project.config.screen_config - INFO - 瞳孔位置: Point3D(-34.979, 58.417, 399.767)
2025-09-26 15:11:53,755 - project.config.screen_config - INFO - 眼球位置: Point3D(-39.413, 58.482, 407.897)
2025-09-26 15:11:53,755 - project.config.screen_config - INFO - 视线方向: Point3D(4.435, -0.065, -8.130)
2025-09-26 15:11:53,755 - project.config.screen_config - INFO - 交点坐标: [ 1.83087568e+02  5.52197610e+01 -5.68434189e-14]
2025-09-26 15:11:53,755 - project.config.screen_config - WARNING - 交点超出屏幕边界，已裁剪: Point2D(-158.820326, 214.270980) -> Point2D(0.000000, 214.270980)
2025-09-26 15:11:53,755 - project.config.screen_config - INFO - 最终像素坐标: Point2D(0.000000, 214.270980)
2025-09-26 15:11:53,755 - project.core.fitting.main - INFO - -----------------------------------------------
2025-09-26 15:11:53,755 - project.core.fitting.main - INFO - left 视线焦点: Point2D(0.000000, 214.270980)
2025-09-26 15:11:53,755 - project.core.fitting.main - INFO - -----------------------------------------------
2025-09-26 15:11:53,755 - project.config.screen_config - INFO - 瞳孔位置: Point3D(43.779, 56.919, 399.566)
2025-09-26 15:11:53,755 - project.config.screen_config - INFO - 眼球位置: Point3D(37.289, 57.284, 408.871)
2025-09-26 15:11:53,755 - project.config.screen_config - INFO - 视线方向: Point3D(6.490, -0.366, -9.304)
2025-09-26 15:11:53,755 - project.config.screen_config - INFO - 交点坐标: [322.49544977  41.21764908   0.        ]
2025-09-26 15:11:53,755 - project.config.screen_config - WARNING - 交点超出屏幕边界，已裁剪: Point2D(-827.978159, 154.528636) -> Point2D(0.000000, 154.528636)
2025-09-26 15:11:53,755 - project.config.screen_config - INFO - 最终像素坐标: Point2D(0.000000, 154.528636)
2025-09-26 15:11:53,758 - project.core.fitting.main - INFO - -----------------------------------------------
2025-09-26 15:11:53,758 - project.core.fitting.main - INFO - right 视线焦点: Point2D(0.000000, 154.528636)
2025-09-26 15:11:53,758 - project.core.fitting.main - INFO - -----------------------------------------------
2025-09-26 15:11:53,786 - project.data.data_manager - WARNING - 非RGB-D摄像头，使用默认深度图
2025-09-26 15:11:53,843 - project.core.recognition.landmark_extractor - WARNING - 关键点 148 原始y坐标超出范围: 1.009，已限制到边界
2025-09-26 15:11:53,848 - project.core.recognition.landmark_extractor - WARNING - 关键点 152 原始y坐标超出范围: 1.014，已限制到边界
2025-09-26 15:11:53,848 - project.core.recognition.landmark_extractor - WARNING - 关键点 171 原始y坐标超出范围: 1.001，已限制到边界
2025-09-26 15:11:53,851 - project.core.recognition.landmark_extractor - WARNING - 关键点 175 原始y坐标超出范围: 1.005，已限制到边界
2025-09-26 15:11:53,855 - project.core.recognition.landmark_extractor - WARNING - 关键点 377 原始y坐标超出范围: 1.009，已限制到边界
2025-09-26 15:11:53,856 - project.core.recognition.landmark_extractor - WARNING - 关键点 396 原始y坐标超出范围: 1.001，已限制到边界
2025-09-26 15:11:53,856 - project.core.recognition.detector - INFO - 提取到 478 个关键点
2025-09-26 15:11:53,856 - project.core.recognition.landmark_extractor - INFO - 关键点验证通过
2025-09-26 15:11:53,856 - project.core.recognition.detector - INFO - 关键点验证结果: True
2025-09-26 15:11:53,860 - project.core.recognition.detector - INFO - 人脸检测成功，提取到 478 个关键点
2025-09-26 15:11:53,860 - project.core.recognition.main - INFO - 人脸检测成功
2025-09-26 15:11:53,864 - project.core.recognition.coordinate_converter - WARNING - 关键点 148 转换失败: 无效的深度值：nan，必须大于0.1米
2025-09-26 15:11:53,864 - project.core.recognition.coordinate_converter - WARNING - 关键点 152 转换失败: 无效的深度值：nan，必须大于0.1米
2025-09-26 15:11:53,864 - project.core.recognition.coordinate_converter - WARNING - 关键点 171 转换失败: 无效的深度值：nan，必须大于0.1米
2025-09-26 15:11:53,864 - project.core.recognition.coordinate_converter - WARNING - 关键点 175 转换失败: 无效的深度值：nan，必须大于0.1米
2025-09-26 15:11:53,869 - project.core.recognition.coordinate_converter - WARNING - 关键点 377 转换失败: 无效的深度值：nan，必须大于0.1米
2025-09-26 15:11:53,869 - project.core.recognition.coordinate_converter - WARNING - 关键点 396 转换失败: 无效的深度值：nan，必须大于0.1米
2025-09-26 15:11:53,870 - project.data.data_manager - INFO - RecgFitDataManager初始化 - debug_log: True, key_coordinates: True
2025-09-26 15:11:53,870 - project.data.data_manager - INFO - RecgFitDataManager初始化完成
2025-09-26 15:11:53,870 - __main__ - INFO - 收到识别完成信号，开始拟合...
2025-09-26 15:11:53,870 - __main__ - INFO - 开始拟合frame_id: 33
2025-09-26 15:11:53,870 - __main__ - INFO - 等待识别完成信号...
2025-09-26 15:11:53,872 - root - INFO - 数据质量: {'point_count': 16, 'fitting_point_count': 4, 'constraint_point_count': 12, 'visibility': 0.9946793904885411}
2025-09-26 15:11:53,872 - root - INFO - 选择策略: high_quality
2025-09-26 15:11:53,872 - root - INFO - 虹膜点拟合外接圆，圆心：[ 33.35542824  58.1465915  399.8310864 ]，半径：7.291137966398418
2025-09-26 15:11:53,911 - root - INFO - 数据质量: {'point_count': 12, 'fitting_point_count': 0, 'constraint_point_count': 12, 'visibility': 0.9599620047494449}
2025-09-26 15:11:53,911 - root - INFO - 选择策略: high_quality
2025-09-26 15:11:53,911 - root - WARNING - 没有拟合点，无法进行优化
2025-09-26 15:11:53,911 - project.core.fitting.main - INFO - ==============================================
2025-09-26 15:11:53,911 - project.core.fitting.main - INFO - 拟合结果:
2025-09-26 15:11:53,911 - project.core.fitting.main - INFO -   LEFT 眼: 拟合结果：
 球心：[ 37.07947285  58.03794282 408.91694492]
 半径：12.307148942180287
 置信度：0.8626555231669579
 收敛：False
 迭代次数：30
 最终残差范数：1.748141768294979
 最终delta范数：6.808559357377929e-09
 使用策略：lm
2025-09-26 15:11:53,911 - project.core.fitting.main - INFO -   RIGHT 眼: 拟合结果：
 球心：[0 0 0]
 半径：12.0
 置信度：0.0
 收敛：False
 迭代次数：0
 最终残差范数：inf
 最终delta范数：inf
 使用策略：lm
2025-09-26 15:11:53,911 - project.core.fitting.main - INFO - ==============================================
2025-09-26 15:11:53,911 - project.config.screen_config - INFO - 瞳孔位置: Point3D(43.957, 57.848, 399.791)
2025-09-26 15:11:53,911 - project.config.screen_config - INFO - 眼球位置: Point3D(37.079, 58.038, 408.917)
2025-09-26 15:11:53,911 - project.config.screen_config - INFO - 视线方向: Point3D(6.878, -0.190, -9.126)
2025-09-26 15:11:53,911 - project.config.screen_config - INFO - 交点坐标: [345.2706616   49.51805405   0.        ]
2025-09-26 15:11:53,911 - project.config.screen_config - WARNING - 交点超出屏幕边界，已裁剪: Point2D(-937.299176, 189.943697) -> Point2D(0.000000, 189.943697)
2025-09-26 15:11:53,911 - project.config.screen_config - INFO - 最终像素坐标: Point2D(0.000000, 189.943697)
2025-09-26 15:11:53,911 - project.core.fitting.main - INFO - -----------------------------------------------
2025-09-26 15:11:53,915 - project.core.fitting.main - INFO - left 视线焦点: Point2D(0.000000, 189.943697)
2025-09-26 15:11:53,915 - project.core.fitting.main - INFO - -----------------------------------------------
2025-09-26 15:11:53,915 - project.core.fitting.main - ERROR - 拟合过程中发生异常: list index out of range
2025-09-26 15:11:53,915 - project.core.fitting.main - ERROR - 异常堆栈: Traceback (most recent call last):
  File "C:\Users\86158\Desktop\gaze_venv\gaze-refactor\project\core\fitting\main.py", line 42, in run
    pupil_center = self.data_manager.get_coordinate_point(eye, "pupil")[0]
                   ~~~~~~~~~~~~~~~~~~~~~~~~~~~~~~~~~~~~~~~~~~~~~~~~~~~~^^^
IndexError: list index out of range

2025-09-26 15:11:53,977 - project.data.data_manager - WARNING - 非RGB-D摄像头，使用默认深度图
2025-09-26 15:11:54,029 - project.core.recognition.landmark_extractor - WARNING - 关键点 148 原始y坐标超出范围: 1.008，已限制到边界
2025-09-26 15:11:54,029 - project.core.recognition.landmark_extractor - WARNING - 关键点 152 原始y坐标超出范围: 1.013，已限制到边界
2025-09-26 15:11:54,031 - project.core.recognition.landmark_extractor - WARNING - 关键点 171 原始y坐标超出范围: 1.000，已限制到边界
2025-09-26 15:11:54,031 - project.core.recognition.landmark_extractor - WARNING - 关键点 175 原始y坐标超出范围: 1.005，已限制到边界
2025-09-26 15:11:54,035 - project.core.recognition.landmark_extractor - WARNING - 关键点 377 原始y坐标超出范围: 1.008，已限制到边界
2025-09-26 15:11:54,039 - project.core.recognition.detector - INFO - 提取到 478 个关键点
2025-09-26 15:11:54,041 - project.core.recognition.landmark_extractor - INFO - 关键点验证通过
2025-09-26 15:11:54,041 - project.core.recognition.detector - INFO - 关键点验证结果: True
2025-09-26 15:11:54,047 - project.core.recognition.detector - INFO - 人脸检测成功，提取到 478 个关键点
2025-09-26 15:11:54,047 - project.core.recognition.main - INFO - 人脸检测成功
2025-09-26 15:11:54,049 - project.core.recognition.coordinate_converter - WARNING - 关键点 148 转换失败: 无效的深度值：nan，必须大于0.1米
2025-09-26 15:11:54,049 - project.core.recognition.coordinate_converter - WARNING - 关键点 152 转换失败: 无效的深度值：nan，必须大于0.1米
2025-09-26 15:11:54,049 - project.core.recognition.coordinate_converter - WARNING - 关键点 171 转换失败: 无效的深度值：nan，必须大于0.1米
2025-09-26 15:11:54,049 - project.core.recognition.coordinate_converter - WARNING - 关键点 175 转换失败: 无效的深度值：nan，必须大于0.1米
2025-09-26 15:11:54,054 - project.core.recognition.coordinate_converter - WARNING - 关键点 377 转换失败: 无效的深度值：nan，必须大于0.1米
2025-09-26 15:11:54,054 - project.core.recognition.coordinate_converter - WARNING - 关键点 396 转换失败: 无效的深度值：nan，必须大于0.1米
2025-09-26 15:11:54,056 - project.data.data_manager - INFO - RecgFitDataManager初始化 - debug_log: True, key_coordinates: True
2025-09-26 15:11:54,056 - project.data.data_manager - INFO - RecgFitDataManager初始化完成
2025-09-26 15:11:54,056 - __main__ - INFO - 收到识别完成信号，开始拟合...
2025-09-26 15:11:54,058 - __main__ - INFO - 开始拟合frame_id: 34
2025-09-26 15:11:54,058 - __main__ - INFO - 等待识别完成信号...
2025-09-26 15:11:54,058 - root - INFO - 数据质量: {'point_count': 16, 'fitting_point_count': 4, 'constraint_point_count': 12, 'visibility': 0.9944356834845538}
2025-09-26 15:11:54,058 - root - INFO - 选择策略: high_quality
2025-09-26 15:11:54,058 - root - INFO - 虹膜点拟合外接圆，圆心：[ 35.20275961  58.55615534 399.75176752]，半径：7.897337242910512
2025-09-26 15:11:54,087 - root - INFO - 数据质量: {'point_count': 12, 'fitting_point_count': 0, 'constraint_point_count': 12, 'visibility': 0.9592708830623785}
2025-09-26 15:11:54,087 - root - INFO - 选择策略: high_quality
2025-09-26 15:11:54,093 - root - WARNING - 没有拟合点，无法进行优化
2025-09-26 15:11:54,093 - project.core.fitting.main - INFO - ==============================================
2025-09-26 15:11:54,093 - project.core.fitting.main - INFO - 拟合结果:
2025-09-26 15:11:54,093 - project.core.fitting.main - INFO -   LEFT 眼: 拟合结果：
 球心：[ 37.52691734  59.80223454 408.56462899]
 半径：11.705869272626712
 置信度：0.8267959515114728
 收敛：False
 迭代次数：30
 最终残差范数：1.830079420129975
 最终delta范数：9.963265635956249e-09
 使用策略：lm
2025-09-26 15:11:54,093 - project.core.fitting.main - INFO -   RIGHT 眼: 拟合结果：
 球心：[0 0 0]
 半径：12.0
 置信度：0.0
 收敛：False
 迭代次数：0
 最终残差范数：inf
 最终delta范数：inf
 使用策略：lm
2025-09-26 15:11:54,093 - project.core.fitting.main - INFO - ==============================================
2025-09-26 15:11:54,095 - project.config.screen_config - INFO - 瞳孔位置: Point3D(43.973, 59.829, 399.571)
2025-09-26 15:11:54,095 - project.config.screen_config - INFO - 眼球位置: Point3D(37.527, 59.802, 408.565)
2025-09-26 15:11:54,095 - project.config.screen_config - INFO - 视线方向: Point3D(6.446, 0.027, -8.993)
2025-09-26 15:11:54,095 - project.config.screen_config - INFO - 交点坐标: [330.35327945  61.03062294   0.        ]
2025-09-26 15:11:54,095 - project.config.screen_config - WARNING - 交点超出屏幕边界，已裁剪: Point2D(-865.695741, 239.063991) -> Point2D(0.000000, 239.063991)
2025-09-26 15:11:54,095 - project.config.screen_config - INFO - 最终像素坐标: Point2D(0.000000, 239.063991)
2025-09-26 15:11:54,095 - project.core.fitting.main - INFO - -----------------------------------------------
2025-09-26 15:11:54,095 - project.core.fitting.main - INFO - left 视线焦点: Point2D(0.000000, 239.063991)
2025-09-26 15:11:54,095 - project.core.fitting.main - INFO - -----------------------------------------------
2025-09-26 15:11:54,095 - project.core.fitting.main - ERROR - 拟合过程中发生异常: list index out of range
2025-09-26 15:11:54,095 - project.core.fitting.main - ERROR - 异常堆栈: Traceback (most recent call last):
  File "C:\Users\86158\Desktop\gaze_venv\gaze-refactor\project\core\fitting\main.py", line 42, in run
    pupil_center = self.data_manager.get_coordinate_point(eye, "pupil")[0]
                   ~~~~~~~~~~~~~~~~~~~~~~~~~~~~~~~~~~~~~~~~~~~~~~~~~~~~^^^
IndexError: list index out of range

2025-09-26 15:11:54,168 - project.data.data_manager - WARNING - 非RGB-D摄像头，使用默认深度图
2025-09-26 15:11:54,215 - project.core.recognition.landmark_extractor - WARNING - 关键点 148 原始y坐标超出范围: 1.002，已限制到边界
2025-09-26 15:11:54,216 - project.core.recognition.landmark_extractor - WARNING - 关键点 152 原始y坐标超出范围: 1.006，已限制到边界
2025-09-26 15:11:54,220 - project.core.recognition.landmark_extractor - WARNING - 关键点 377 原始y坐标超出范围: 1.000，已限制到边界
2025-09-26 15:11:54,222 - project.core.recognition.detector - INFO - 提取到 478 个关键点
2025-09-26 15:11:54,222 - project.core.recognition.landmark_extractor - INFO - 关键点验证通过
2025-09-26 15:11:54,222 - project.core.recognition.detector - INFO - 关键点验证结果: True
2025-09-26 15:11:54,228 - project.core.recognition.detector - INFO - 人脸检测成功，提取到 478 个关键点
2025-09-26 15:11:54,228 - project.core.recognition.main - INFO - 人脸检测成功
2025-09-26 15:11:54,231 - project.core.recognition.coordinate_converter - WARNING - 关键点 148 转换失败: 无效的深度值：nan，必须大于0.1米
2025-09-26 15:11:54,231 - project.core.recognition.coordinate_converter - WARNING - 关键点 152 转换失败: 无效的深度值：nan，必须大于0.1米
2025-09-26 15:11:54,231 - project.core.recognition.coordinate_converter - WARNING - 关键点 377 转换失败: 无效的深度值：nan，必须大于0.1米
2025-09-26 15:11:54,235 - project.data.data_manager - INFO - RecgFitDataManager初始化 - debug_log: True, key_coordinates: True
2025-09-26 15:11:54,235 - project.data.data_manager - INFO - RecgFitDataManager初始化完成
2025-09-26 15:11:54,235 - __main__ - INFO - 收到识别完成信号，开始拟合...
2025-09-26 15:11:54,235 - __main__ - INFO - 开始拟合frame_id: 35
2025-09-26 15:11:54,235 - __main__ - INFO - 等待识别完成信号...
2025-09-26 15:11:54,235 - root - INFO - 数据质量: {'point_count': 17, 'fitting_point_count': 5, 'constraint_point_count': 12, 'visibility': 0.9907450493722244}
2025-09-26 15:11:54,235 - root - INFO - 选择策略: high_quality
2025-09-26 15:11:54,239 - root - INFO - 虹膜点拟合外接圆，圆心：[ 37.31847757  58.69986307 399.75663275]，半径：5.4304184196223
2025-09-26 15:11:54,243 - root - INFO - 数据质量: {'point_count': 14, 'fitting_point_count': 2, 'constraint_point_count': 12, 'visibility': 0.9811687041326259}
2025-09-26 15:11:54,245 - root - INFO - 选择策略: high_quality
2025-09-26 15:11:54,247 - project.core.fitting.main - INFO - ==============================================
2025-09-26 15:11:54,247 - project.core.fitting.main - INFO - 拟合结果:
2025-09-26 15:11:54,247 - project.core.fitting.main - INFO -   LEFT 眼: 拟合结果：
 球心：[ 39.21714727  57.03496857 409.86817697]
 半径：12.337795521139423
 置信度：0.5394279665767342
 收敛：True
 迭代次数：4
 最终残差范数：2.2451547842726125
 最终delta范数：0.0022229110383228546
 使用策略：lm
2025-09-26 15:11:54,247 - project.core.fitting.main - INFO -   RIGHT 眼: 拟合结果：
 球心：[ 30.40812414  62.18430807 408.33452996]
 半径：12.385021335470231
 置信度：0.8997504280942606
 收敛：True
 迭代次数：3
 最终残差范数：0.7244936809464322
 最终delta范数：0.046412373817056714
 使用策略：lm
2025-09-26 15:11:54,247 - project.core.fitting.main - INFO - ==============================================
2025-09-26 15:11:54,247 - project.config.screen_config - INFO - 瞳孔位置: Point3D(-53.797, 61.648, 400.176)
2025-09-26 15:11:54,247 - project.config.screen_config - INFO - 眼球位置: Point3D(39.217, 57.035, 409.868)
2025-09-26 15:11:54,247 - project.config.screen_config - INFO - 视线方向: Point3D(-93.014, 4.614, -9.693)
2025-09-26 15:11:54,251 - project.config.screen_config - INFO - 交点坐标: [-3.89404727e+03  2.52125595e+02  5.68434189e-14]
2025-09-26 15:11:54,251 - project.config.screen_config - WARNING - 交点超出屏幕边界，已裁剪: Point2D(19411.426909, 1054.402540) -> Point2D(1439.000000, 959.000000)
2025-09-26 15:11:54,251 - project.config.screen_config - INFO - 最终像素坐标: Point2D(1439.000000, 959.000000)
2025-09-26 15:11:54,251 - project.core.fitting.main - INFO - -----------------------------------------------
2025-09-26 15:11:54,251 - project.core.fitting.main - INFO - left 视线焦点: Point2D(1439.000000, 959.000000)
2025-09-26 15:11:54,251 - project.core.fitting.main - INFO - -----------------------------------------------
2025-09-26 15:11:54,251 - project.config.screen_config - INFO - 瞳孔位置: Point3D(28.837, 60.558, 399.682)
2025-09-26 15:11:54,251 - project.config.screen_config - INFO - 眼球位置: Point3D(30.408, 62.184, 408.335)
2025-09-26 15:11:54,251 - project.config.screen_config - INFO - 视线方向: Point3D(-1.571, -1.627, -8.653)
2025-09-26 15:11:54,251 - project.config.screen_config - INFO - 交点坐标: [-43.75022512 -14.57150117   0.        ]
2025-09-26 15:11:54,255 - project.config.screen_config - WARNING - 交点超出屏幕边界，已裁剪: Point2D(930.001081, -83.505072) -> Point2D(930.001081, 0.000000)
2025-09-26 15:11:54,255 - project.config.screen_config - INFO - 最终像素坐标: Point2D(930.001081, 0.000000)
2025-09-26 15:11:54,255 - project.core.fitting.main - INFO - -----------------------------------------------
2025-09-26 15:11:54,255 - project.core.fitting.main - INFO - right 视线焦点: Point2D(930.001081, 0.000000)
2025-09-26 15:11:54,255 - project.core.fitting.main - INFO - -----------------------------------------------
2025-09-26 15:11:54,341 - project.data.data_manager - WARNING - 非RGB-D摄像头，使用默认深度图
2025-09-26 15:11:54,397 - project.core.recognition.landmark_extractor - WARNING - 关键点 148 原始y坐标超出范围: 1.005，已限制到边界
2025-09-26 15:11:54,397 - project.core.recognition.landmark_extractor - WARNING - 关键点 152 原始y坐标超出范围: 1.009，已限制到边界
2025-09-26 15:11:54,401 - project.core.recognition.landmark_extractor - WARNING - 关键点 377 原始y坐标超出范围: 1.004，已限制到边界
2025-09-26 15:11:54,401 - project.core.recognition.detector - INFO - 提取到 478 个关键点
2025-09-26 15:11:54,405 - project.core.recognition.landmark_extractor - INFO - 关键点验证通过
2025-09-26 15:11:54,405 - project.core.recognition.detector - INFO - 关键点验证结果: True
2025-09-26 15:11:54,409 - project.core.recognition.detector - INFO - 人脸检测成功，提取到 478 个关键点
2025-09-26 15:11:54,409 - project.core.recognition.main - INFO - 人脸检测成功
2025-09-26 15:11:54,409 - project.core.recognition.coordinate_converter - WARNING - 关键点 148 转换失败: 无效的深度值：nan，必须大于0.1米
2025-09-26 15:11:54,409 - project.core.recognition.coordinate_converter - WARNING - 关键点 152 转换失败: 无效的深度值：nan，必须大于0.1米
2025-09-26 15:11:54,409 - project.core.recognition.coordinate_converter - WARNING - 关键点 175 转换失败: 无效的深度值：nan，必须大于0.1米
2025-09-26 15:11:54,413 - project.core.recognition.coordinate_converter - WARNING - 关键点 377 转换失败: 无效的深度值：nan，必须大于0.1米
2025-09-26 15:11:54,413 - project.data.data_manager - INFO - RecgFitDataManager初始化 - debug_log: True, key_coordinates: True
2025-09-26 15:11:54,413 - project.data.data_manager - INFO - RecgFitDataManager初始化完成
2025-09-26 15:11:54,413 - __main__ - INFO - 收到识别完成信号，开始拟合...
2025-09-26 15:11:54,418 - __main__ - INFO - 开始拟合frame_id: 36
2025-09-26 15:11:54,418 - __main__ - INFO - 等待识别完成信号...
2025-09-26 15:11:54,418 - root - INFO - 数据质量: {'point_count': 17, 'fitting_point_count': 5, 'constraint_point_count': 12, 'visibility': 0.9906230236568073}
2025-09-26 15:11:54,418 - root - INFO - 选择策略: high_quality
2025-09-26 15:11:54,418 - root - INFO - 虹膜点拟合外接圆，圆心：[ 31.9973795   60.97835433 399.86589551]，半径：1.728006259880576
2025-09-26 15:11:54,426 - root - INFO - 数据质量: {'point_count': 13, 'fitting_point_count': 1, 'constraint_point_count': 12, 'visibility': 0.9591492724787476}
2025-09-26 15:11:54,426 - root - INFO - 选择策略: high_quality
2025-09-26 15:11:54,426 - root - WARNING - 线性方程组求解失败，使用最小二乘法求解
2025-09-26 15:11:54,447 - project.core.fitting.main - INFO - ==============================================
2025-09-26 15:11:54,447 - project.core.fitting.main - INFO - 拟合结果:
2025-09-26 15:11:54,447 - project.core.fitting.main - INFO -   LEFT 眼: 拟合结果：
 球心：[ 33.78276625  60.01717734 409.64433687]
 半径：12.414927416002577
 置信度：0.6193036213527165
 收敛：True
 迭代次数：6
 最终残差范数：2.476137700170298
 最终delta范数：0.015751441979113625
 使用策略：lm
2025-09-26 15:11:54,447 - project.core.fitting.main - INFO -   RIGHT 眼: 拟合结果：
 球心：[ 34.02618073  67.26500878 408.82900453]
 半径：12.445097986479912
 置信度：0.9999989456154671
 收敛：False
 迭代次数：30
 最终残差范数：0.7239701132287377
 最终delta范数：0.0013070125313214209
 使用策略：lm
2025-09-26 15:11:54,447 - project.core.fitting.main - INFO - ==============================================
2025-09-26 15:11:54,451 - project.config.screen_config - INFO - 瞳孔位置: Point3D(-47.264, 68.879, 400.677)
2025-09-26 15:11:54,451 - project.config.screen_config - INFO - 眼球位置: Point3D(33.783, 60.017, 409.644)
2025-09-26 15:11:54,451 - project.config.screen_config - INFO - 视线方向: Point3D(-81.047, 8.862, -8.967)
2025-09-26 15:11:54,451 - project.config.screen_config - INFO - 交点坐标: [-3668.61457032   464.84469154     0.        ]
2025-09-26 15:11:54,451 - project.config.screen_config - WARNING - 交点超出屏幕边界，已裁剪: Point2D(18329.349938, 1962.004017) -> Point2D(1439.000000, 959.000000)
2025-09-26 15:11:54,451 - project.config.screen_config - INFO - 最终像素坐标: Point2D(1439.000000, 959.000000)
2025-09-26 15:11:54,451 - project.core.fitting.main - INFO - -----------------------------------------------
2025-09-26 15:11:54,451 - project.core.fitting.main - INFO - left 视线焦点: Point2D(1439.000000, 959.000000)
2025-09-26 15:11:54,451 - project.core.fitting.main - INFO - -----------------------------------------------
2025-09-26 15:11:54,451 - project.config.screen_config - INFO - 瞳孔位置: Point3D(34.026, 67.265, 399.879)
2025-09-26 15:11:54,451 - project.config.screen_config - INFO - 眼球位置: Point3D(34.026, 67.265, 408.829)
2025-09-26 15:11:54,451 - project.config.screen_config - INFO - 视线方向: Point3D(0.000, 0.000, -8.950)
2025-09-26 15:11:54,451 - project.config.screen_config - INFO - 交点坐标: [34.02618073 67.26500878  0.        ]
2025-09-26 15:11:54,455 - project.config.screen_config - INFO - 最终像素坐标: Point2D(556.674332, 265.664037)
2025-09-26 15:11:54,455 - project.core.fitting.main - INFO - -----------------------------------------------
2025-09-26 15:11:54,455 - project.core.fitting.main - INFO - right 视线焦点: Point2D(556.674332, 265.664037)
2025-09-26 15:11:54,455 - project.core.fitting.main - INFO - -----------------------------------------------
2025-09-26 15:11:54,522 - project.data.data_manager - WARNING - 非RGB-D摄像头，使用默认深度图
2025-09-26 15:11:54,566 - project.core.recognition.landmark_extractor - WARNING - 关键点 148 原始y坐标超出范围: 1.004，已限制到边界
2025-09-26 15:11:54,566 - project.core.recognition.landmark_extractor - WARNING - 关键点 152 原始y坐标超出范围: 1.007，已限制到边界
2025-09-26 15:11:54,572 - project.core.recognition.landmark_extractor - WARNING - 关键点 377 原始y坐标超出范围: 1.002，已限制到边界
2025-09-26 15:11:54,574 - project.core.recognition.detector - INFO - 提取到 478 个关键点
2025-09-26 15:11:54,574 - project.core.recognition.landmark_extractor - INFO - 关键点验证通过
2025-09-26 15:11:54,574 - project.core.recognition.detector - INFO - 关键点验证结果: True
2025-09-26 15:11:54,581 - project.core.recognition.detector - INFO - 人脸检测成功，提取到 478 个关键点
2025-09-26 15:11:54,581 - project.core.recognition.main - INFO - 人脸检测成功
2025-09-26 15:11:54,583 - project.core.recognition.coordinate_converter - WARNING - 关键点 148 转换失败: 无效的深度值：nan，必须大于0.1米
2025-09-26 15:11:54,583 - project.core.recognition.coordinate_converter - WARNING - 关键点 152 转换失败: 无效的深度值：nan，必须大于0.1米
2025-09-26 15:11:54,583 - project.core.recognition.coordinate_converter - WARNING - 关键点 377 转换失败: 无效的深度值：nan，必须大于0.1米
2025-09-26 15:11:54,587 - project.data.data_manager - INFO - RecgFitDataManager初始化 - debug_log: True, key_coordinates: True
2025-09-26 15:11:54,587 - project.data.data_manager - INFO - RecgFitDataManager初始化完成
2025-09-26 15:11:54,587 - __main__ - INFO - 收到识别完成信号，开始拟合...
2025-09-26 15:11:54,587 - __main__ - INFO - 开始拟合frame_id: 37
2025-09-26 15:11:54,587 - __main__ - INFO - 等待识别完成信号...
2025-09-26 15:11:54,587 - root - INFO - 数据质量: {'point_count': 17, 'fitting_point_count': 5, 'constraint_point_count': 12, 'visibility': 0.9906969168134545}
2025-09-26 15:11:54,587 - root - INFO - 选择策略: high_quality
2025-09-26 15:11:54,587 - root - INFO - 虹膜点拟合外接圆，圆心：[ 36.99385164  59.14379366 399.66426045]，半径：3.973164949666317
2025-09-26 15:11:54,591 - root - INFO - 数据质量: {'point_count': 14, 'fitting_point_count': 2, 'constraint_point_count': 12, 'visibility': 0.9810771574220253}
2025-09-26 15:11:54,591 - root - INFO - 选择策略: high_quality
2025-09-26 15:11:54,595 - project.core.fitting.main - INFO - ==============================================
2025-09-26 15:11:54,595 - project.core.fitting.main - INFO - 拟合结果:
2025-09-26 15:11:54,595 - project.core.fitting.main - INFO -   LEFT 眼: 拟合结果：
 球心：[ 36.73996804  57.8478936  409.83939104]
 半径：12.338907725079261
 置信度：0.5394666120515195
 收敛：True
 迭代次数：4
 最终残差范数：2.244896073138743
 最终delta范数：0.0006200806779819148
 使用策略：lm
2025-09-26 15:11:54,595 - project.core.fitting.main - INFO -   RIGHT 眼: 拟合结果：
 球心：[ 28.02669704  63.00098058 408.34107286]
 半径：12.385021982348785
 置信度：0.8997506415229557
 收敛：True
 迭代次数：3
 最终残差范数：0.7244937430774696
 最终delta范数：0.06758224123494376
 使用策略：lm
2025-09-26 15:11:54,595 - project.core.fitting.main - INFO - ==============================================
2025-09-26 15:11:54,595 - project.config.screen_config - INFO - 瞳孔位置: Point3D(-56.350, 62.760, 400.163)
2025-09-26 15:11:54,595 - project.config.screen_config - INFO - 眼球位置: Point3D(36.740, 57.848, 409.839)
2025-09-26 15:11:54,595 - project.config.screen_config - INFO - 视线方向: Point3D(-93.090, 4.912, -9.677)
2025-09-26 15:11:54,600 - project.config.screen_config - INFO - 交点坐标: [-3.90590132e+03  2.65905959e+02 -5.68434189e-14]
2025-09-26 15:11:54,600 - project.config.screen_config - WARNING - 交点超出屏幕边界，已裁剪: Point2D(19468.326327, 1113.198760) -> Point2D(1439.000000, 959.000000)
2025-09-26 15:11:54,600 - project.config.screen_config - INFO - 最终像素坐标: Point2D(1439.000000, 959.000000)
2025-09-26 15:11:54,600 - project.core.fitting.main - INFO - -----------------------------------------------
2025-09-26 15:11:54,600 - project.core.fitting.main - INFO - left 视线焦点: Point2D(1439.000000, 959.000000)
2025-09-26 15:11:54,600 - project.core.fitting.main - INFO - -----------------------------------------------
2025-09-26 15:11:54,600 - project.config.screen_config - INFO - 瞳孔位置: Point3D(26.161, 61.123, 399.798)
2025-09-26 15:11:54,600 - project.config.screen_config - INFO - 眼球位置: Point3D(28.027, 63.001, 408.341)
2025-09-26 15:11:54,600 - project.config.screen_config - INFO - 视线方向: Point3D(-1.865, -1.878, -8.543)
2025-09-26 15:11:54,600 - project.config.screen_config - INFO - 交点坐标: [-61.13464881 -26.76567567   0.        ]
2025-09-26 15:11:54,604 - project.config.screen_config - WARNING - 交点超出屏幕边界，已裁剪: Point2D(1013.446314, -135.533550) -> Point2D(1013.446314, 0.000000)
2025-09-26 15:11:54,604 - project.config.screen_config - INFO - 最终像素坐标: Point2D(1013.446314, 0.000000)
2025-09-26 15:11:54,604 - project.core.fitting.main - INFO - -----------------------------------------------
2025-09-26 15:11:54,604 - project.core.fitting.main - INFO - right 视线焦点: Point2D(1013.446314, 0.000000)
2025-09-26 15:11:54,604 - project.core.fitting.main - INFO - -----------------------------------------------
2025-09-26 15:11:54,691 - project.data.data_manager - WARNING - 非RGB-D摄像头，使用默认深度图
2025-09-26 15:11:54,745 - project.core.recognition.landmark_extractor - WARNING - 关键点 148 原始y坐标超出范围: 1.002，已限制到边界
2025-09-26 15:11:54,745 - project.core.recognition.landmark_extractor - WARNING - 关键点 152 原始y坐标超出范围: 1.005，已限制到边界
2025-09-26 15:11:54,745 - project.core.recognition.landmark_extractor - WARNING - 关键点 377 原始y坐标超出范围: 1.001，已限制到边界
2025-09-26 15:11:54,751 - project.core.recognition.detector - INFO - 提取到 478 个关键点
2025-09-26 15:11:54,752 - project.core.recognition.landmark_extractor - INFO - 关键点验证通过
2025-09-26 15:11:54,753 - project.core.recognition.detector - INFO - 关键点验证结果: True
2025-09-26 15:11:54,756 - project.core.recognition.detector - INFO - 人脸检测成功，提取到 478 个关键点
2025-09-26 15:11:54,757 - project.core.recognition.main - INFO - 人脸检测成功
2025-09-26 15:11:54,758 - project.core.recognition.coordinate_converter - WARNING - 关键点 148 转换失败: 无效的深度值：nan，必须大于0.1米
2025-09-26 15:11:54,759 - project.core.recognition.coordinate_converter - WARNING - 关键点 152 转换失败: 无效的深度值：nan，必须大于0.1米
2025-09-26 15:11:54,761 - project.core.recognition.coordinate_converter - WARNING - 关键点 377 转换失败: 无效的深度值：nan，必须大于0.1米
2025-09-26 15:11:54,761 - project.data.data_manager - INFO - RecgFitDataManager初始化 - debug_log: True, key_coordinates: True
2025-09-26 15:11:54,761 - project.data.data_manager - INFO - RecgFitDataManager初始化完成
2025-09-26 15:11:54,761 - __main__ - INFO - 收到识别完成信号，开始拟合...
2025-09-26 15:11:54,761 - __main__ - INFO - 开始拟合frame_id: 38
2025-09-26 15:11:54,761 - __main__ - INFO - 等待识别完成信号...
2025-09-26 15:11:54,761 - root - INFO - 数据质量: {'point_count': 17, 'fitting_point_count': 5, 'constraint_point_count': 12, 'visibility': 0.9907669510833983}
2025-09-26 15:11:54,761 - root - INFO - 选择策略: high_quality
2025-09-26 15:11:54,765 - root - INFO - 虹膜点拟合外接圆，圆心：[ 17.97918354  59.28290648 400.07829666]，半径：62.83963908498599
2025-09-26 15:11:54,769 - root - WARNING - 虹膜点拟合失败: Invalid triangle: iris_to_center_median(11.219999999999999) < circle_radius(62.83963908498599)
2025-09-26 15:11:54,786 - root - INFO - 数据质量: {'point_count': 14, 'fitting_point_count': 2, 'constraint_point_count': 12, 'visibility': 0.9703206457903438}
2025-09-26 15:11:54,786 - root - INFO - 选择策略: high_quality
2025-09-26 15:11:54,790 - project.core.fitting.main - INFO - ==============================================
2025-09-26 15:11:54,790 - project.core.fitting.main - INFO - 拟合结果:
2025-09-26 15:11:54,790 - project.core.fitting.main - INFO -   LEFT 眼: 拟合结果：
 球心：[-45.92668766  59.19376281 405.50788544]
 半径：12.451481387254749
 置信度：0.3592087613126005
 收敛：True
 迭代次数：17
 最终残差范数：2.6995346744820683
 最终delta范数：0.06708862741270581
 使用策略：lm
2025-09-26 15:11:54,790 - project.core.fitting.main - INFO -   RIGHT 眼: 拟合结果：
 球心：[ 33.57519012  62.26390673 408.50564847]
 半径：12.385021680896664
 置信度：0.8997505644192243
 收敛：True
 迭代次数：3
 最终残差范数：0.7244937150352481
 最终delta范数：0.06038017947513186
 使用策略：lm
2025-09-26 15:11:54,790 - project.core.fitting.main - INFO - ==============================================
2025-09-26 15:11:54,790 - project.config.screen_config - INFO - 瞳孔位置: Point3D(-52.776, 62.430, 400.569)
2025-09-26 15:11:54,790 - project.config.screen_config - INFO - 眼球位置: Point3D(-45.927, 59.194, 405.508)
2025-09-26 15:11:54,790 - project.config.screen_config - INFO - 视线方向: Point3D(-6.849, 3.236, -4.939)
2025-09-26 15:11:54,794 - project.config.screen_config - INFO - 交点坐标: [-6.08270614e+02  3.24922540e+02 -5.68434189e-14]
2025-09-26 15:11:54,794 - project.config.screen_config - WARNING - 交点超出屏幕边界，已裁剪: Point2D(3639.698948, 1365.002836) -> Point2D(1439.000000, 959.000000)
2025-09-26 15:11:54,794 - project.config.screen_config - INFO - 最终像素坐标: Point2D(1439.000000, 959.000000)
2025-09-26 15:11:54,794 - project.core.fitting.main - INFO - -----------------------------------------------
2025-09-26 15:11:54,794 - project.core.fitting.main - INFO - left 视线焦点: Point2D(1439.000000, 959.000000)
2025-09-26 15:11:54,794 - project.core.fitting.main - INFO - -----------------------------------------------
2025-09-26 15:11:54,794 - project.config.screen_config - INFO - 瞳孔位置: Point3D(31.837, 60.482, 399.915)
2025-09-26 15:11:54,794 - project.config.screen_config - INFO - 眼球位置: Point3D(33.575, 62.264, 408.506)
2025-09-26 15:11:54,794 - project.config.screen_config - INFO - 视线方向: Point3D(-1.738, -1.782, -8.590)
2025-09-26 15:11:54,794 - project.config.screen_config - INFO - 交点坐标: [-49.07612949 -22.45592104   0.        ]
2025-09-26 15:11:54,794 - project.config.screen_config - WARNING - 交点超出屏幕边界，已裁剪: Point2D(955.565422, -117.145263) -> Point2D(955.565422, 0.000000)
2025-09-26 15:11:54,794 - project.config.screen_config - INFO - 最终像素坐标: Point2D(955.565422, 0.000000)
2025-09-26 15:11:54,794 - project.core.fitting.main - INFO - -----------------------------------------------
2025-09-26 15:11:54,794 - project.core.fitting.main - INFO - right 视线焦点: Point2D(955.565422, 0.000000)
2025-09-26 15:11:54,794 - project.core.fitting.main - INFO - -----------------------------------------------
2025-09-26 15:11:54,871 - project.data.data_manager - WARNING - 非RGB-D摄像头，使用默认深度图
2025-09-26 15:11:54,922 - project.core.recognition.landmark_extractor - WARNING - 关键点 148 原始y坐标超出范围: 1.000，已限制到边界
2025-09-26 15:11:54,922 - project.core.recognition.landmark_extractor - WARNING - 关键点 152 原始y坐标超出范围: 1.004，已限制到边界
2025-09-26 15:11:54,929 - project.core.recognition.detector - INFO - 提取到 478 个关键点
2025-09-26 15:11:54,930 - project.core.recognition.landmark_extractor - INFO - 关键点验证通过
2025-09-26 15:11:54,930 - project.core.recognition.detector - INFO - 关键点验证结果: True
2025-09-26 15:11:54,933 - project.core.recognition.detector - INFO - 人脸检测成功，提取到 478 个关键点
2025-09-26 15:11:54,933 - project.core.recognition.main - INFO - 人脸检测成功
2025-09-26 15:11:54,937 - project.core.recognition.coordinate_converter - WARNING - 关键点 148 转换失败: 无效的深度值：nan，必须大于0.1米
2025-09-26 15:11:54,939 - project.core.recognition.coordinate_converter - WARNING - 关键点 152 转换失败: 无效的深度值：nan，必须大于0.1米
2025-09-26 15:11:54,941 - project.core.recognition.coordinate_converter - WARNING - 关键点 377 转换失败: 无效的深度值：nan，必须大于0.1米
2025-09-26 15:11:54,943 - project.data.data_manager - INFO - RecgFitDataManager初始化 - debug_log: True, key_coordinates: True
2025-09-26 15:11:54,943 - project.data.data_manager - INFO - RecgFitDataManager初始化完成
2025-09-26 15:11:54,943 - __main__ - INFO - 收到识别完成信号，开始拟合...
2025-09-26 15:11:54,943 - __main__ - INFO - 开始拟合frame_id: 39
2025-09-26 15:11:54,945 - __main__ - INFO - 等待识别完成信号...
2025-09-26 15:11:54,945 - root - INFO - 数据质量: {'point_count': 17, 'fitting_point_count': 5, 'constraint_point_count': 12, 'visibility': 0.9908559717968786}
2025-09-26 15:11:54,945 - root - INFO - 选择策略: high_quality
2025-09-26 15:11:54,945 - root - INFO - 虹膜点拟合外接圆，圆心：[ 20.29236429  60.34902295 400.18558502]，半径：16.711200478851584
2025-09-26 15:11:54,945 - root - WARNING - 虹膜点拟合失败: Invalid triangle: iris_to_center_median(11.219999999999999) < circle_radius(16.711200478851584)
2025-09-26 15:11:54,977 - root - INFO - 数据质量: {'point_count': 14, 'fitting_point_count': 2, 'constraint_point_count': 12, 'visibility': 0.9712839995706871}
2025-09-26 15:11:54,977 - root - INFO - 选择策略: high_quality
2025-09-26 15:11:54,977 - project.core.fitting.main - INFO - ==============================================
2025-09-26 15:11:54,980 - project.core.fitting.main - INFO - 拟合结果:
2025-09-26 15:11:54,980 - project.core.fitting.main - INFO -   LEFT 眼: 拟合结果：
 球心：[-45.41258132  56.67963354 405.15662284]
 半径：12.45428655031631
 置信度：0.35918672684157305
 收敛：True
 迭代次数：17
 最终残差范数：2.699644708026892
 最终delta范数：0.07734463223951214
 使用策略：lm
2025-09-26 15:11:54,980 - project.core.fitting.main - INFO -   RIGHT 眼: 拟合结果：
 球心：[ 31.47791765  60.34576198 408.59219761]
 半径：12.385022038878295
 置信度：0.8997504699450082
 收敛：True
 迭代次数：3
 最终残差范数：0.7244936912096192
 最终delta范数：0.05198412931946465
 使用策略：lm
2025-09-26 15:11:54,980 - project.core.fitting.main - INFO - ==============================================
2025-09-26 15:11:54,980 - project.config.screen_config - INFO - 瞳孔位置: Point3D(-52.449, 59.906, 400.475)
2025-09-26 15:11:54,980 - project.config.screen_config - INFO - 眼球位置: Point3D(-45.413, 56.680, 405.157)
2025-09-26 15:11:54,980 - project.config.screen_config - INFO - 视线方向: Point3D(-7.036, 3.227, -4.681)
2025-09-26 15:11:54,980 - project.config.screen_config - INFO - 交点坐标: [-654.38078245  335.96186247    0.        ]
2025-09-26 15:11:54,980 - project.config.screen_config - WARNING - 交点超出屏幕边界，已裁剪: Point2D(3861.027756, 1412.103947) -> Point2D(1439.000000, 959.000000)
2025-09-26 15:11:54,980 - project.config.screen_config - INFO - 最终像素坐标: Point2D(1439.000000, 959.000000)
2025-09-26 15:11:54,980 - project.core.fitting.main - INFO - -----------------------------------------------
2025-09-26 15:11:54,980 - project.core.fitting.main - INFO - left 视线焦点: Point2D(1439.000000, 959.000000)
2025-09-26 15:11:54,980 - project.core.fitting.main - INFO - -----------------------------------------------
2025-09-26 15:11:54,984 - project.config.screen_config - INFO - 瞳孔位置: Point3D(29.598, 58.442, 400.058)
2025-09-26 15:11:54,984 - project.config.screen_config - INFO - 眼球位置: Point3D(31.478, 60.346, 408.592)
2025-09-26 15:11:54,984 - project.config.screen_config - INFO - 视线方向: Point3D(-1.880, -1.904, -8.534)
2025-09-26 15:11:54,984 - project.config.screen_config - INFO - 交点坐标: [-58.53380111 -30.82426653   0.        ]
2025-09-26 15:11:54,984 - project.config.screen_config - WARNING - 交点超出屏幕边界，已裁剪: Point2D(1000.962245, -152.850204) -> Point2D(1000.962245, 0.000000)
2025-09-26 15:11:54,984 - project.config.screen_config - INFO - 最终像素坐标: Point2D(1000.962245, 0.000000)
2025-09-26 15:11:54,984 - project.core.fitting.main - INFO - -----------------------------------------------
2025-09-26 15:11:54,984 - project.core.fitting.main - INFO - right 视线焦点: Point2D(1000.962245, 0.000000)
2025-09-26 15:11:54,984 - project.core.fitting.main - INFO - -----------------------------------------------
2025-09-26 15:11:55,049 - project.data.data_manager - WARNING - 非RGB-D摄像头，使用默认深度图
2025-09-26 15:11:55,114 - project.core.recognition.landmark_extractor - WARNING - 关键点 152 原始y坐标超出范围: 1.001，已限制到边界
2025-09-26 15:11:55,118 - project.core.recognition.detector - INFO - 提取到 478 个关键点
2025-09-26 15:11:55,122 - project.core.recognition.landmark_extractor - INFO - 关键点验证通过
2025-09-26 15:11:55,122 - project.core.recognition.detector - INFO - 关键点验证结果: True
2025-09-26 15:11:55,126 - project.core.recognition.detector - INFO - 人脸检测成功，提取到 478 个关键点
2025-09-26 15:11:55,126 - project.core.recognition.main - INFO - 人脸检测成功
2025-09-26 15:11:55,126 - project.core.recognition.coordinate_converter - WARNING - 关键点 152 转换失败: 无效的深度值：nan，必须大于0.1米
2025-09-26 15:11:55,131 - project.data.data_manager - INFO - RecgFitDataManager初始化 - debug_log: True, key_coordinates: True
2025-09-26 15:11:55,131 - project.data.data_manager - INFO - RecgFitDataManager初始化完成
2025-09-26 15:11:55,131 - __main__ - INFO - 收到识别完成信号，开始拟合...
2025-09-26 15:11:55,131 - __main__ - INFO - 开始拟合frame_id: 40
2025-09-26 15:11:55,131 - __main__ - INFO - 等待识别完成信号...
2025-09-26 15:11:55,134 - root - INFO - 数据质量: {'point_count': 17, 'fitting_point_count': 5, 'constraint_point_count': 12, 'visibility': 1.0}
2025-09-26 15:11:55,134 - root - INFO - 选择策略: high_quality
2025-09-26 15:11:55,134 - root - INFO - 虹膜点拟合外接圆，圆心：[ -7.98157585  60.86370398 400.3156051 ]，半径：46.641862436629744
2025-09-26 15:11:55,134 - root - WARNING - 虹膜点拟合失败: Invalid triangle: iris_to_center_median(11.219999999999999) < circle_radius(46.641862436629744)
2025-09-26 15:11:55,176 - root - INFO - 数据质量: {'point_count': 16, 'fitting_point_count': 4, 'constraint_point_count': 12, 'visibility': 0.9835179043068499}
2025-09-26 15:11:55,181 - root - INFO - 选择策略: high_quality
2025-09-26 15:11:55,181 - root - INFO - 虹膜点拟合外接圆，圆心：[ 32.68423203  56.88992091 399.9806866 ]，半径：5.5817923772301405
2025-09-26 15:11:55,215 - project.core.fitting.main - INFO - ==============================================
2025-09-26 15:11:55,219 - project.core.fitting.main - INFO - 拟合结果:
2025-09-26 15:11:55,219 - project.core.fitting.main - INFO -   LEFT 眼: 拟合结果：
 球心：[-42.74879046  59.7525622  408.43452376]
 半径：12.389374455173634
 置信度：0.6284317182340396
 收敛：False
 迭代次数：30
 最终残差范数：2.295231011816577
 最终delta范数：4.327450419313223e-09
 使用策略：lm
2025-09-26 15:11:55,221 - project.core.fitting.main - INFO -   RIGHT 眼: 拟合结果：
 球心：[ 34.95188136  58.49081987 408.87297724]
 半径：12.361587878865674
 置信度：0.875463908524987
 收敛：False
 迭代次数：30
 最终残差范数：1.7846709251051507
 最终delta范数：6.608493509067092e-09
 使用策略：lm
2025-09-26 15:11:55,221 - project.core.fitting.main - INFO - ==============================================
2025-09-26 15:11:55,221 - project.config.screen_config - INFO - 瞳孔位置: Point3D(-38.256, 59.680, 400.400)
2025-09-26 15:11:55,221 - project.config.screen_config - INFO - 眼球位置: Point3D(-42.749, 59.753, 408.435)
2025-09-26 15:11:55,223 - project.config.screen_config - INFO - 视线方向: Point3D(4.493, -0.072, -8.034)
2025-09-26 15:11:55,223 - project.config.screen_config - INFO - 交点坐标: [185.64490178  56.08032613   0.        ]
2025-09-26 15:11:55,223 - project.config.screen_config - WARNING - 交点超出屏幕边界，已裁剪: Point2D(-171.095529, 217.942725) -> Point2D(0.000000, 217.942725)
2025-09-26 15:11:55,223 - project.config.screen_config - INFO - 最终像素坐标: Point2D(0.000000, 217.942725)
2025-09-26 15:11:55,223 - project.core.fitting.main - INFO - -----------------------------------------------
2025-09-26 15:11:55,223 - project.core.fitting.main - INFO - left 视线焦点: Point2D(0.000000, 217.942725)
2025-09-26 15:11:55,223 - project.core.fitting.main - INFO - -----------------------------------------------
2025-09-26 15:11:55,223 - project.config.screen_config - INFO - 瞳孔位置: Point3D(41.723, 58.380, 399.976)
2025-09-26 15:11:55,223 - project.config.screen_config - INFO - 眼球位置: Point3D(34.952, 58.491, 408.873)
2025-09-26 15:11:55,223 - project.config.screen_config - INFO - 视线方向: Point3D(6.771, -0.111, -8.897)
2025-09-26 15:11:55,228 - project.config.screen_config - INFO - 交点坐标: [346.14797956  53.37896607   0.        ]
2025-09-26 15:11:55,228 - project.config.screen_config - WARNING - 交点超出屏幕边界，已裁剪: Point2D(-941.510302, 206.416922) -> Point2D(0.000000, 206.416922)
2025-09-26 15:11:55,228 - project.config.screen_config - INFO - 最终像素坐标: Point2D(0.000000, 206.416922)
2025-09-26 15:11:55,228 - project.core.fitting.main - INFO - -----------------------------------------------
2025-09-26 15:11:55,228 - project.core.fitting.main - INFO - right 视线焦点: Point2D(0.000000, 206.416922)
2025-09-26 15:11:55,228 - project.core.fitting.main - INFO - -----------------------------------------------
2025-09-26 15:11:55,247 - project.data.data_manager - WARNING - 非RGB-D摄像头，使用默认深度图
2025-09-26 15:11:55,298 - project.core.recognition.landmark_extractor - WARNING - 关键点 148 原始y坐标超出范围: 1.004，已限制到边界
2025-09-26 15:11:55,301 - project.core.recognition.landmark_extractor - WARNING - 关键点 152 原始y坐标超出范围: 1.008，已限制到边界
2025-09-26 15:11:55,302 - project.core.recognition.landmark_extractor - WARNING - 关键点 377 原始y坐标超出范围: 1.004，已限制到边界
2025-09-26 15:11:55,306 - project.core.recognition.detector - INFO - 提取到 478 个关键点
2025-09-26 15:11:55,306 - project.core.recognition.landmark_extractor - INFO - 关键点验证通过
2025-09-26 15:11:55,306 - project.core.recognition.detector - INFO - 关键点验证结果: True
2025-09-26 15:11:55,311 - project.core.recognition.detector - INFO - 人脸检测成功，提取到 478 个关键点
2025-09-26 15:11:55,314 - project.core.recognition.main - INFO - 人脸检测成功
2025-09-26 15:11:55,315 - project.core.recognition.coordinate_converter - WARNING - 关键点 148 转换失败: 无效的深度值：nan，必须大于0.1米
2025-09-26 15:11:55,315 - project.core.recognition.coordinate_converter - WARNING - 关键点 152 转换失败: 无效的深度值：nan，必须大于0.1米
2025-09-26 15:11:55,315 - project.core.recognition.coordinate_converter - WARNING - 关键点 175 转换失败: 无效的深度值：nan，必须大于0.1米
2025-09-26 15:11:55,319 - project.core.recognition.coordinate_converter - WARNING - 关键点 377 转换失败: 无效的深度值：nan，必须大于0.1米
2025-09-26 15:11:55,320 - project.data.data_manager - INFO - RecgFitDataManager初始化 - debug_log: True, key_coordinates: True
2025-09-26 15:11:55,322 - project.data.data_manager - INFO - RecgFitDataManager初始化完成
2025-09-26 15:11:55,322 - __main__ - INFO - 收到识别完成信号，开始拟合...
2025-09-26 15:11:55,322 - __main__ - INFO - 开始拟合frame_id: 41
2025-09-26 15:11:55,324 - __main__ - INFO - 等待识别完成信号...
2025-09-26 15:11:55,324 - root - INFO - 数据质量: {'point_count': 17, 'fitting_point_count': 5, 'constraint_point_count': 12, 'visibility': 0.9907097604512323}
2025-09-26 15:11:55,324 - root - INFO - 选择策略: high_quality
2025-09-26 15:11:55,324 - root - INFO - 虹膜点拟合外接圆，圆心：[ 42.56254045  59.75232997 399.87610281]，半径：3.768684065738244
2025-09-26 15:11:55,339 - root - INFO - 数据质量: {'point_count': 13, 'fitting_point_count': 1, 'constraint_point_count': 12, 'visibility': 0.9587079445787327}
2025-09-26 15:11:55,340 - root - INFO - 选择策略: high_quality
2025-09-26 15:11:55,340 - root - WARNING - 线性方程组求解失败，使用最小二乘法求解
2025-09-26 15:11:55,378 - project.core.fitting.main - INFO - ==============================================
2025-09-26 15:11:55,378 - project.core.fitting.main - INFO - 拟合结果:
2025-09-26 15:11:55,378 - project.core.fitting.main - INFO -   LEFT 眼: 拟合结果：
 球心：[ 40.76751269  59.8078404  410.15343619]
 半径：11.550272099832387
 置信度：0.5096902348339858
 收敛：True
 迭代次数：10
 最终残差范数：2.4046939851276012
 最终delta范数：0.0012870736774576138
 使用策略：lm
2025-09-26 15:11:55,378 - project.core.fitting.main - INFO -   RIGHT 眼: 拟合结果：
 球心：[ 39.57580616  67.42001585 408.85457493]
 半径：12.445097986479912
 置信度：0.9999989456154671
 收敛：False
 迭代次数：30
 最终残差范数：0.7239701132287376
 最终delta范数：0.0019519178233880106
 使用策略：lm
2025-09-26 15:11:55,378 - project.core.fitting.main - INFO - ==============================================
2025-09-26 15:11:55,378 - project.config.screen_config - INFO - 瞳孔位置: Point3D(-41.854, 70.299, 400.321)
2025-09-26 15:11:55,378 - project.config.screen_config - INFO - 眼球位置: Point3D(40.768, 59.808, 410.153)
2025-09-26 15:11:55,378 - project.config.screen_config - INFO - 视线方向: Point3D(-82.621, 10.492, -9.832)
2025-09-26 15:11:55,378 - project.config.screen_config - INFO - 交点坐标: [-3405.89498916   497.47950684     0.        ]
2025-09-26 15:11:55,378 - project.config.screen_config - WARNING - 交点超出屏幕边界，已裁剪: Point2D(17068.295948, 2101.245896) -> Point2D(1439.000000, 959.000000)
2025-09-26 15:11:55,382 - project.config.screen_config - INFO - 最终像素坐标: Point2D(1439.000000, 959.000000)
2025-09-26 15:11:55,382 - project.core.fitting.main - INFO - -----------------------------------------------
2025-09-26 15:11:55,382 - project.core.fitting.main - INFO - left 视线焦点: Point2D(1439.000000, 959.000000)
2025-09-26 15:11:55,385 - project.core.fitting.main - INFO - -----------------------------------------------
2025-09-26 15:11:55,385 - project.config.screen_config - INFO - 瞳孔位置: Point3D(39.576, 67.420, 399.905)
2025-09-26 15:11:55,388 - project.config.screen_config - INFO - 眼球位置: Point3D(39.576, 67.420, 408.855)
2025-09-26 15:11:55,390 - project.config.screen_config - INFO - 视线方向: Point3D(0.000, 0.000, -8.950)
2025-09-26 15:11:55,390 - project.config.screen_config - INFO - 交点坐标: [39.57580616 67.42001585  0.        ]
2025-09-26 15:11:55,390 - project.config.screen_config - INFO - 最终像素坐标: Point2D(530.036130, 266.325401)
2025-09-26 15:11:55,390 - project.core.fitting.main - INFO - -----------------------------------------------
2025-09-26 15:11:55,390 - project.core.fitting.main - INFO - right 视线焦点: Point2D(530.036130, 266.325401)
2025-09-26 15:11:55,390 - project.core.fitting.main - INFO - -----------------------------------------------
2025-09-26 15:11:55,428 - project.data.data_manager - WARNING - 非RGB-D摄像头，使用默认深度图
2025-09-26 15:11:55,493 - project.core.recognition.landmark_extractor - WARNING - 关键点 148 原始y坐标超出范围: 1.015，已限制到边界
2025-09-26 15:11:55,495 - project.core.recognition.landmark_extractor - WARNING - 关键点 152 原始y坐标超出范围: 1.020，已限制到边界
2025-09-26 15:11:55,495 - project.core.recognition.landmark_extractor - WARNING - 关键点 171 原始y坐标超出范围: 1.009，已限制到边界
2025-09-26 15:11:55,495 - project.core.recognition.landmark_extractor - WARNING - 关键点 175 原始y坐标超出范围: 1.013，已限制到边界
2025-09-26 15:11:55,495 - project.core.recognition.landmark_extractor - WARNING - 关键点 176 原始y坐标超出范围: 1.000，已限制到边界
2025-09-26 15:11:55,497 - project.core.recognition.landmark_extractor - WARNING - 关键点 377 原始y坐标超出范围: 1.014，已限制到边界
2025-09-26 15:11:55,497 - project.core.recognition.landmark_extractor - WARNING - 关键点 396 原始y坐标超出范围: 1.007，已限制到边界
2025-09-26 15:11:55,497 - project.core.recognition.detector - INFO - 提取到 478 个关键点
2025-09-26 15:11:55,501 - project.core.recognition.landmark_extractor - INFO - 关键点验证通过
2025-09-26 15:11:55,501 - project.core.recognition.detector - INFO - 关键点验证结果: True
2025-09-26 15:11:55,501 - project.core.recognition.detector - INFO - 人脸检测成功，提取到 478 个关键点
2025-09-26 15:11:55,506 - project.core.recognition.main - INFO - 人脸检测成功
2025-09-26 15:11:55,506 - project.core.recognition.coordinate_converter - WARNING - 关键点 148 转换失败: 无效的深度值：nan，必须大于0.1米
2025-09-26 15:11:55,506 - project.core.recognition.coordinate_converter - WARNING - 关键点 152 转换失败: 无效的深度值：nan，必须大于0.1米
2025-09-26 15:11:55,506 - project.core.recognition.coordinate_converter - WARNING - 关键点 171 转换失败: 无效的深度值：nan，必须大于0.1米
2025-09-26 15:11:55,506 - project.core.recognition.coordinate_converter - WARNING - 关键点 175 转换失败: 无效的深度值：nan，必须大于0.1米
2025-09-26 15:11:55,506 - project.core.recognition.coordinate_converter - WARNING - 关键点 176 转换失败: 无效的深度值：nan，必须大于0.1米
2025-09-26 15:11:55,510 - project.core.recognition.coordinate_converter - WARNING - 关键点 199 转换失败: 无效的深度值：nan，必须大于0.1米
2025-09-26 15:11:55,512 - project.core.recognition.coordinate_converter - WARNING - 关键点 377 转换失败: 无效的深度值：nan，必须大于0.1米
2025-09-26 15:11:55,512 - project.core.recognition.coordinate_converter - WARNING - 关键点 396 转换失败: 无效的深度值：nan，必须大于0.1米
2025-09-26 15:11:55,512 - project.core.recognition.coordinate_converter - WARNING - 关键点 400 转换失败: 无效的深度值：nan，必须大于0.1米
2025-09-26 15:11:55,512 - project.data.data_manager - INFO - RecgFitDataManager初始化 - debug_log: True, key_coordinates: True
2025-09-26 15:11:55,514 - project.data.data_manager - INFO - RecgFitDataManager初始化完成
2025-09-26 15:11:55,514 - __main__ - INFO - 收到识别完成信号，开始拟合...
2025-09-26 15:11:55,514 - __main__ - INFO - 开始拟合frame_id: 42
2025-09-26 15:11:55,514 - __main__ - INFO - 等待识别完成信号...
2025-09-26 15:11:55,514 - root - INFO - 数据质量: {'point_count': 13, 'fitting_point_count': 1, 'constraint_point_count': 12, 'visibility': 0.991432214466347}
2025-09-26 15:11:55,514 - root - INFO - 选择策略: high_quality
2025-09-26 15:11:55,514 - root - WARNING - 线性方程组求解失败，使用最小二乘法求解
2025-09-26 15:11:55,518 - root - WARNING - 线性方程组求解失败，使用最小二乘法求解
2025-09-26 15:11:55,522 - root - INFO - 数据质量: {'point_count': 12, 'fitting_point_count': 0, 'constraint_point_count': 12, 'visibility': 0.9549281224524188}
2025-09-26 15:11:55,522 - root - INFO - 选择策略: high_quality
2025-09-26 15:11:55,522 - root - WARNING - 没有拟合点，无法进行优化
2025-09-26 15:11:55,522 - project.core.fitting.main - INFO - ==============================================
2025-09-26 15:11:55,522 - project.core.fitting.main - INFO - 拟合结果:
2025-09-26 15:11:55,522 - project.core.fitting.main - INFO -   LEFT 眼: 拟合结果：
 球心：[ 43.69010569  74.27301066 408.09227293]
 半径：12.45003248267864
 置信度：0.8999999999324663
 收敛：True
 迭代次数：2
 最终残差范数：0.7239686194169664
 最终delta范数：0.0049586124015416535
 使用策略：lm
2025-09-26 15:11:55,522 - project.core.fitting.main - INFO -   RIGHT 眼: 拟合结果：
 球心：[0 0 0]
 半径：12.0
 置信度：0.0
 收敛：False
 迭代次数：0
 最终残差范数：inf
 最终delta范数：inf
 使用策略：lm
2025-09-26 15:11:55,522 - project.core.fitting.main - INFO - ==============================================
2025-09-26 15:11:55,522 - project.config.screen_config - INFO - 瞳孔位置: Point3D(43.690, 74.273, 399.142)
2025-09-26 15:11:55,522 - project.config.screen_config - INFO - 眼球位置: Point3D(43.690, 74.273, 408.092)
2025-09-26 15:11:55,522 - project.config.screen_config - INFO - 视线方向: Point3D(0.000, 0.000, -8.950)
2025-09-26 15:11:55,522 - project.config.screen_config - INFO - 交点坐标: [ 4.36901057e+01  7.42730107e+01 -5.68434189e-14]
2025-09-26 15:11:55,526 - project.config.screen_config - INFO - 最终像素坐标: Point2D(510.287493, 295.564845)
2025-09-26 15:11:55,526 - project.core.fitting.main - INFO - -----------------------------------------------
2025-09-26 15:11:55,527 - project.core.fitting.main - INFO - left 视线焦点: Point2D(510.287493, 295.564845)
2025-09-26 15:11:55,527 - project.core.fitting.main - INFO - -----------------------------------------------
2025-09-26 15:11:55,527 - project.core.fitting.main - ERROR - 拟合过程中发生异常: list index out of range
2025-09-26 15:11:55,527 - project.core.fitting.main - ERROR - 异常堆栈: Traceback (most recent call last):
  File "C:\Users\86158\Desktop\gaze_venv\gaze-refactor\project\core\fitting\main.py", line 42, in run
    pupil_center = self.data_manager.get_coordinate_point(eye, "pupil")[0]
                   ~~~~~~~~~~~~~~~~~~~~~~~~~~~~~~~~~~~~~~~~~~~~~~~~~~~~^^^
IndexError: list index out of range

2025-09-26 15:11:55,621 - project.data.data_manager - WARNING - 非RGB-D摄像头，使用默认深度图
2025-09-26 15:11:55,684 - project.core.recognition.landmark_extractor - WARNING - 关键点 148 原始y坐标超出范围: 1.006，已限制到边界
2025-09-26 15:11:55,684 - project.core.recognition.landmark_extractor - WARNING - 关键点 152 原始y坐标超出范围: 1.011，已限制到边界
2025-09-26 15:11:55,686 - project.core.recognition.landmark_extractor - WARNING - 关键点 175 原始y坐标超出范围: 1.004，已限制到边界
2025-09-26 15:11:55,690 - project.core.recognition.landmark_extractor - WARNING - 关键点 377 原始y坐标超出范围: 1.005，已限制到边界
2025-09-26 15:11:55,692 - project.core.recognition.detector - INFO - 提取到 478 个关键点
2025-09-26 15:11:55,693 - project.core.recognition.landmark_extractor - INFO - 关键点验证通过
2025-09-26 15:11:55,693 - project.core.recognition.detector - INFO - 关键点验证结果: True
2025-09-26 15:11:55,697 - project.core.recognition.detector - INFO - 人脸检测成功，提取到 478 个关键点
2025-09-26 15:11:55,697 - project.core.recognition.main - INFO - 人脸检测成功
2025-09-26 15:11:55,697 - project.core.recognition.coordinate_converter - WARNING - 关键点 148 转换失败: 无效的深度值：nan，必须大于0.1米
2025-09-26 15:11:55,701 - project.core.recognition.coordinate_converter - WARNING - 关键点 152 转换失败: 无效的深度值：nan，必须大于0.1米
2025-09-26 15:11:55,702 - project.core.recognition.coordinate_converter - WARNING - 关键点 171 转换失败: 无效的深度值：nan，必须大于0.1米
2025-09-26 15:11:55,702 - project.core.recognition.coordinate_converter - WARNING - 关键点 175 转换失败: 无效的深度值：nan，必须大于0.1米
2025-09-26 15:11:55,705 - project.core.recognition.coordinate_converter - WARNING - 关键点 377 转换失败: 无效的深度值：nan，必须大于0.1米
2025-09-26 15:11:55,734 - project.core.recognition.coordinate_converter - WARNING - 关键点 396 转换失败: 无效的深度值：nan，必须大于0.1米
2025-09-26 15:11:55,751 - project.data.data_manager - INFO - RecgFitDataManager初始化 - debug_log: True, key_coordinates: True
2025-09-26 15:11:55,764 - project.data.data_manager - INFO - RecgFitDataManager初始化完成
2025-09-26 15:11:55,775 - __main__ - INFO - 收到识别完成信号，开始拟合...
2025-09-26 15:11:55,780 - __main__ - INFO - 开始拟合frame_id: 43
2025-09-26 15:11:55,788 - __main__ - INFO - 等待识别完成信号...
2025-09-26 15:11:55,791 - root - INFO - 数据质量: {'point_count': 16, 'fitting_point_count': 4, 'constraint_point_count': 12, 'visibility': 0.9944757937338589}
2025-09-26 15:11:55,804 - root - INFO - 选择策略: high_quality
2025-09-26 15:11:55,808 - root - INFO - 虹膜点拟合外接圆，圆心：[ 43.13926095  66.09928954 399.54061806]，半径：5.333588457412173
2025-09-26 15:11:55,815 - root - INFO - 数据质量: {'point_count': 12, 'fitting_point_count': 0, 'constraint_point_count': 12, 'visibility': 0.9230541607864214}
2025-09-26 15:11:55,815 - root - INFO - 选择策略: high_quality
2025-09-26 15:11:55,815 - root - WARNING - 没有拟合点，无法进行优化
2025-09-26 15:11:55,815 - project.core.fitting.main - INFO - ==============================================
2025-09-26 15:11:55,815 - project.core.fitting.main - INFO - 拟合结果:
2025-09-26 15:11:55,815 - project.core.fitting.main - INFO -   LEFT 眼: 拟合结果：
 球心：[ 46.6405156   64.40896418 407.92843517]
 半径：12.370153256425176
 置信度：0.8129303248889586
 收敛：True
 迭代次数：5
 最终残差范数：1.68075488447854
 最终delta范数：0.028622824358031873
 使用策略：lm
2025-09-26 15:11:55,815 - project.core.fitting.main - INFO -   RIGHT 眼: 拟合结果：
 球心：[0 0 0]
 半径：12.0
 置信度：0.0
 收敛：False
 迭代次数：0
 最终残差范数：inf
 最终delta范数：inf
 使用策略：lm
2025-09-26 15:11:55,820 - project.core.fitting.main - INFO - ==============================================
2025-09-26 15:11:55,820 - project.config.screen_config - INFO - 瞳孔位置: Point3D(51.578, 64.280, 399.664)
2025-09-26 15:11:55,820 - project.config.screen_config - INFO - 眼球位置: Point3D(46.641, 64.409, 407.928)
2025-09-26 15:11:55,820 - project.config.screen_config - INFO - 视线方向: Point3D(4.937, -0.129, -8.264)
2025-09-26 15:11:55,820 - project.config.screen_config - INFO - 交点坐标: [290.3442675   58.06013298   0.        ]
2025-09-26 15:11:55,820 - project.config.screen_config - WARNING - 交点超出屏幕边界，已裁剪: Point2D(-673.652484, 226.389901) -> Point2D(0.000000, 226.389901)
2025-09-26 15:11:55,820 - project.config.screen_config - INFO - 最终像素坐标: Point2D(0.000000, 226.389901)
2025-09-26 15:11:55,820 - project.core.fitting.main - INFO - -----------------------------------------------
2025-09-26 15:11:55,820 - project.core.fitting.main - INFO - left 视线焦点: Point2D(0.000000, 226.389901)
2025-09-26 15:11:55,820 - project.core.fitting.main - INFO - -----------------------------------------------
2025-09-26 15:11:55,820 - project.core.fitting.main - ERROR - 拟合过程中发生异常: list index out of range
2025-09-26 15:11:55,820 - project.core.fitting.main - ERROR - 异常堆栈: Traceback (most recent call last):
  File "C:\Users\86158\Desktop\gaze_venv\gaze-refactor\project\core\fitting\main.py", line 42, in run
    pupil_center = self.data_manager.get_coordinate_point(eye, "pupil")[0]
                   ~~~~~~~~~~~~~~~~~~~~~~~~~~~~~~~~~~~~~~~~~~~~~~~~~~~~^^^
IndexError: list index out of range

2025-09-26 15:11:55,891 - project.data.data_manager - WARNING - 非RGB-D摄像头，使用默认深度图
2025-09-26 15:11:55,952 - project.core.recognition.landmark_extractor - WARNING - 关键点 148 原始y坐标超出范围: 1.004，已限制到边界
2025-09-26 15:11:55,952 - project.core.recognition.landmark_extractor - WARNING - 关键点 152 原始y坐标超出范围: 1.009，已限制到边界
2025-09-26 15:11:55,952 - project.core.recognition.landmark_extractor - WARNING - 关键点 175 原始y坐标超出范围: 1.002，已限制到边界
2025-09-26 15:11:55,956 - project.core.recognition.landmark_extractor - WARNING - 关键点 377 原始y坐标超出范围: 1.005，已限制到边界
2025-09-26 15:11:55,961 - project.core.recognition.detector - INFO - 提取到 478 个关键点
2025-09-26 15:11:55,963 - project.core.recognition.landmark_extractor - INFO - 关键点验证通过
2025-09-26 15:11:55,963 - project.core.recognition.detector - INFO - 关键点验证结果: True
2025-09-26 15:11:55,965 - project.core.recognition.detector - INFO - 人脸检测成功，提取到 478 个关键点
2025-09-26 15:11:55,969 - project.core.recognition.main - INFO - 人脸检测成功
2025-09-26 15:11:55,971 - project.core.recognition.coordinate_converter - WARNING - 关键点 148 转换失败: 无效的深度值：nan，必须大于0.1米
2025-09-26 15:11:55,971 - project.core.recognition.coordinate_converter - WARNING - 关键点 152 转换失败: 无效的深度值：nan，必须大于0.1米
2025-09-26 15:11:55,971 - project.core.recognition.coordinate_converter - WARNING - 关键点 175 转换失败: 无效的深度值：nan，必须大于0.1米
2025-09-26 15:11:55,977 - project.core.recognition.coordinate_converter - WARNING - 关键点 377 转换失败: 无效的深度值：nan，必须大于0.1米
2025-09-26 15:11:55,979 - project.core.recognition.coordinate_converter - WARNING - 关键点 396 转换失败: 无效的深度值：nan，必须大于0.1米
2025-09-26 15:11:55,981 - project.data.data_manager - INFO - RecgFitDataManager初始化 - debug_log: True, key_coordinates: True
2025-09-26 15:11:55,981 - project.data.data_manager - INFO - RecgFitDataManager初始化完成
2025-09-26 15:11:55,981 - __main__ - INFO - 收到识别完成信号，开始拟合...
2025-09-26 15:11:55,981 - __main__ - INFO - 开始拟合frame_id: 44
2025-09-26 15:11:55,981 - __main__ - INFO - 等待识别完成信号...
2025-09-26 15:11:55,981 - root - INFO - 数据质量: {'point_count': 17, 'fitting_point_count': 5, 'constraint_point_count': 12, 'visibility': 0.9908295176414749}
2025-09-26 15:11:55,981 - root - INFO - 选择策略: high_quality
2025-09-26 15:11:55,985 - root - INFO - 虹膜点拟合外接圆，圆心：[ 40.38217088  57.46096114 399.67556298]，半径：8.13508743089507
2025-09-26 15:11:55,990 - root - INFO - 数据质量: {'point_count': 12, 'fitting_point_count': 0, 'constraint_point_count': 12, 'visibility': 0.9540201745012284}
2025-09-26 15:11:55,990 - root - INFO - 选择策略: high_quality
2025-09-26 15:11:55,990 - root - WARNING - 没有拟合点，无法进行优化
2025-09-26 15:11:55,990 - project.core.fitting.main - INFO - ==============================================
2025-09-26 15:11:55,990 - project.core.fitting.main - INFO - 拟合结果:
2025-09-26 15:11:55,990 - project.core.fitting.main - INFO -   LEFT 眼: 拟合结果：
 球心：[ 42.04574843  58.98833304 408.67685466]
 半径：12.345083809429704
 置信度：0.8909173272557768
 收敛：True
 迭代次数：3
 最终残差范数：0.889169270638724
 最终delta范数：0.02225914181138458
 使用策略：lm
2025-09-26 15:11:55,990 - project.core.fitting.main - INFO -   RIGHT 眼: 拟合结果：
 球心：[0 0 0]
 半径：12.0
 置信度：0.0
 收敛：False
 迭代次数：0
 最终残差范数：inf
 最终delta范数：inf
 使用策略：lm
2025-09-26 15:11:55,990 - project.core.fitting.main - INFO - ==============================================
2025-09-26 15:11:55,990 - project.config.screen_config - INFO - 瞳孔位置: Point3D(42.216, 59.013, 399.645)
2025-09-26 15:11:55,990 - project.config.screen_config - INFO - 眼球位置: Point3D(42.046, 58.988, 408.677)
2025-09-26 15:11:55,990 - project.config.screen_config - INFO - 视线方向: Point3D(0.170, 0.025, -9.032)
2025-09-26 15:11:55,994 - project.config.screen_config - INFO - 交点坐标: [49.73787911 60.09929056  0.        ]
2025-09-26 15:11:55,994 - project.config.screen_config - INFO - 最终像素坐标: Point2D(481.258180, 235.090306)
2025-09-26 15:11:55,994 - project.core.fitting.main - INFO - -----------------------------------------------
2025-09-26 15:11:55,994 - project.core.fitting.main - INFO - left 视线焦点: Point2D(481.258180, 235.090306)
2025-09-26 15:11:55,994 - project.core.fitting.main - INFO - -----------------------------------------------
2025-09-26 15:11:55,994 - project.core.fitting.main - ERROR - 拟合过程中发生异常: list index out of range
2025-09-26 15:11:55,996 - project.core.fitting.main - ERROR - 异常堆栈: Traceback (most recent call last):
  File "C:\Users\86158\Desktop\gaze_venv\gaze-refactor\project\core\fitting\main.py", line 42, in run
    pupil_center = self.data_manager.get_coordinate_point(eye, "pupil")[0]
                   ~~~~~~~~~~~~~~~~~~~~~~~~~~~~~~~~~~~~~~~~~~~~~~~~~~~~^^^
IndexError: list index out of range

2025-09-26 15:11:56,092 - project.data.data_manager - WARNING - 非RGB-D摄像头，使用默认深度图
2025-09-26 15:11:56,162 - project.core.recognition.landmark_extractor - WARNING - 关键点 148 原始y坐标超出范围: 1.007，已限制到边界
2025-09-26 15:11:56,163 - project.core.recognition.landmark_extractor - WARNING - 关键点 152 原始y坐标超出范围: 1.013，已限制到边界
2025-09-26 15:11:56,163 - project.core.recognition.landmark_extractor - WARNING - 关键点 175 原始y坐标超出范围: 1.005，已限制到边界
2025-09-26 15:11:56,167 - project.core.recognition.landmark_extractor - WARNING - 关键点 377 原始y坐标超出范围: 1.008，已限制到边界
2025-09-26 15:11:56,172 - project.core.recognition.landmark_extractor - WARNING - 关键点 396 原始y坐标超出范围: 1.001，已限制到边界
2025-09-26 15:11:56,175 - project.core.recognition.detector - INFO - 提取到 478 个关键点
2025-09-26 15:11:56,179 - project.core.recognition.landmark_extractor - INFO - 关键点验证通过
2025-09-26 15:11:56,180 - project.core.recognition.detector - INFO - 关键点验证结果: True
2025-09-26 15:11:56,186 - project.core.recognition.detector - INFO - 人脸检测成功，提取到 478 个关键点
2025-09-26 15:11:56,186 - project.core.recognition.main - INFO - 人脸检测成功
2025-09-26 15:11:56,190 - project.core.recognition.coordinate_converter - WARNING - 关键点 148 转换失败: 无效的深度值：nan，必须大于0.1米
2025-09-26 15:11:56,190 - project.core.recognition.coordinate_converter - WARNING - 关键点 152 转换失败: 无效的深度值：nan，必须大于0.1米
2025-09-26 15:11:56,190 - project.core.recognition.coordinate_converter - WARNING - 关键点 171 转换失败: 无效的深度值：nan，必须大于0.1米
2025-09-26 15:11:56,190 - project.core.recognition.coordinate_converter - WARNING - 关键点 175 转换失败: 无效的深度值：nan，必须大于0.1米
2025-09-26 15:11:56,196 - project.core.recognition.coordinate_converter - WARNING - 关键点 377 转换失败: 无效的深度值：nan，必须大于0.1米
2025-09-26 15:11:56,197 - project.core.recognition.coordinate_converter - WARNING - 关键点 396 转换失败: 无效的深度值：nan，必须大于0.1米
2025-09-26 15:11:56,199 - project.data.data_manager - INFO - RecgFitDataManager初始化 - debug_log: True, key_coordinates: True
2025-09-26 15:11:56,202 - project.data.data_manager - INFO - RecgFitDataManager初始化完成
2025-09-26 15:11:56,204 - __main__ - INFO - 收到识别完成信号，开始拟合...
2025-09-26 15:11:56,207 - __main__ - INFO - 开始拟合frame_id: 45
2025-09-26 15:11:56,210 - __main__ - INFO - 等待识别完成信号...
2025-09-26 15:11:56,210 - root - INFO - 数据质量: {'point_count': 16, 'fitting_point_count': 4, 'constraint_point_count': 12, 'visibility': 0.9947358549126992}
2025-09-26 15:11:56,212 - root - INFO - 选择策略: high_quality
2025-09-26 15:11:56,213 - root - INFO - 虹膜点拟合外接圆，圆心：[ 34.07263642  58.69131307 399.69734848]，半径：7.346266878676712
2025-09-26 15:11:56,251 - root - INFO - 数据质量: {'point_count': 12, 'fitting_point_count': 0, 'constraint_point_count': 12, 'visibility': 0.9584285313818652}
2025-09-26 15:11:56,251 - root - INFO - 选择策略: high_quality
2025-09-26 15:11:56,251 - root - WARNING - 没有拟合点，无法进行优化
2025-09-26 15:11:56,251 - project.core.fitting.main - INFO - ==============================================
2025-09-26 15:11:56,251 - project.core.fitting.main - INFO - 拟合结果:
2025-09-26 15:11:56,251 - project.core.fitting.main - INFO -   LEFT 眼: 拟合结果：
 球心：[ 37.95506736  58.52248353 408.57300841]
 半径：12.32596432515489
 置信度：0.870403570820415
 收敛：False
 迭代次数：30
 最终残差范数：1.740100300498319
 最终delta范数：7.1207517979152575e-09
 使用策略：lm
2025-09-26 15:11:56,251 - project.core.fitting.main - INFO -   RIGHT 眼: 拟合结果：
 球心：[0 0 0]
 半径：12.0
 置信度：0.0
 收敛：False
 迭代次数：0
 最终残差范数：inf
 最终delta范数：inf
 使用策略：lm
2025-09-26 15:11:56,251 - project.core.fitting.main - INFO - ==============================================
2025-09-26 15:11:56,251 - project.config.screen_config - INFO - 瞳孔位置: Point3D(44.993, 58.595, 399.676)
2025-09-26 15:11:56,251 - project.config.screen_config - INFO - 眼球位置: Point3D(37.955, 58.522, 408.573)
2025-09-26 15:11:56,251 - project.config.screen_config - INFO - 视线方向: Point3D(7.038, 0.072, -8.897)
2025-09-26 15:11:56,251 - project.config.screen_config - INFO - 交点坐标: [ 3.61178614e+02  6.18448943e+01 -5.68434189e-14]
2025-09-26 15:11:56,255 - project.config.screen_config - WARNING - 交点超出屏幕边界，已裁剪: Point2D(-1013.657348, 242.538216) -> Point2D(0.000000, 242.538216)
2025-09-26 15:11:56,255 - project.config.screen_config - INFO - 最终像素坐标: Point2D(0.000000, 242.538216)
2025-09-26 15:11:56,255 - project.core.fitting.main - INFO - -----------------------------------------------
2025-09-26 15:11:56,255 - project.core.fitting.main - INFO - left 视线焦点: Point2D(0.000000, 242.538216)
2025-09-26 15:11:56,255 - project.core.fitting.main - INFO - -----------------------------------------------
2025-09-26 15:11:56,255 - project.core.fitting.main - ERROR - 拟合过程中发生异常: list index out of range
2025-09-26 15:11:56,255 - project.core.fitting.main - ERROR - 异常堆栈: Traceback (most recent call last):
  File "C:\Users\86158\Desktop\gaze_venv\gaze-refactor\project\core\fitting\main.py", line 42, in run
    pupil_center = self.data_manager.get_coordinate_point(eye, "pupil")[0]
                   ~~~~~~~~~~~~~~~~~~~~~~~~~~~~~~~~~~~~~~~~~~~~~~~~~~~~^^^
IndexError: list index out of range

2025-09-26 15:11:56,312 - project.data.data_manager - WARNING - 非RGB-D摄像头，使用默认深度图
2025-09-26 15:11:56,370 - project.core.recognition.landmark_extractor - WARNING - 关键点 148 原始y坐标超出范围: 1.010，已限制到边界
2025-09-26 15:11:56,370 - project.core.recognition.landmark_extractor - WARNING - 关键点 152 原始y坐标超出范围: 1.017，已限制到边界
2025-09-26 15:11:56,370 - project.core.recognition.landmark_extractor - WARNING - 关键点 171 原始y坐标超出范围: 1.002，已限制到边界
2025-09-26 15:11:56,370 - project.core.recognition.landmark_extractor - WARNING - 关键点 175 原始y坐标超出范围: 1.008，已限制到边界
2025-09-26 15:11:56,374 - project.core.recognition.landmark_extractor - WARNING - 关键点 377 原始y坐标超出范围: 1.012，已限制到边界
2025-09-26 15:11:56,374 - project.core.recognition.landmark_extractor - WARNING - 关键点 396 原始y坐标超出范围: 1.004，已限制到边界
2025-09-26 15:11:56,378 - project.core.recognition.detector - INFO - 提取到 478 个关键点
2025-09-26 15:11:56,380 - project.core.recognition.landmark_extractor - INFO - 关键点验证通过
2025-09-26 15:11:56,382 - project.core.recognition.detector - INFO - 关键点验证结果: True
2025-09-26 15:11:56,387 - project.core.recognition.detector - INFO - 人脸检测成功，提取到 478 个关键点
2025-09-26 15:11:56,387 - project.core.recognition.main - INFO - 人脸检测成功
2025-09-26 15:11:56,389 - project.core.recognition.coordinate_converter - WARNING - 关键点 148 转换失败: 无效的深度值：nan，必须大于0.1米
2025-09-26 15:11:56,391 - project.core.recognition.coordinate_converter - WARNING - 关键点 152 转换失败: 无效的深度值：nan，必须大于0.1米
2025-09-26 15:11:56,392 - project.core.recognition.coordinate_converter - WARNING - 关键点 171 转换失败: 无效的深度值：nan，必须大于0.1米
2025-09-26 15:11:56,392 - project.core.recognition.coordinate_converter - WARNING - 关键点 175 转换失败: 无效的深度值：nan，必须大于0.1米
2025-09-26 15:11:56,396 - project.core.recognition.coordinate_converter - WARNING - 关键点 377 转换失败: 无效的深度值：nan，必须大于0.1米
2025-09-26 15:11:56,396 - project.core.recognition.coordinate_converter - WARNING - 关键点 396 转换失败: 无效的深度值：nan，必须大于0.1米
2025-09-26 15:11:56,396 - project.data.data_manager - INFO - RecgFitDataManager初始化 - debug_log: True, key_coordinates: True
2025-09-26 15:11:56,396 - project.data.data_manager - INFO - RecgFitDataManager初始化完成
2025-09-26 15:11:56,399 - __main__ - INFO - 收到识别完成信号，开始拟合...
2025-09-26 15:11:56,399 - __main__ - INFO - 开始拟合frame_id: 46
2025-09-26 15:11:56,399 - __main__ - INFO - 等待识别完成信号...
2025-09-26 15:11:56,399 - root - INFO - 数据质量: {'point_count': 16, 'fitting_point_count': 4, 'constraint_point_count': 12, 'visibility': 0.9944012091317003}
2025-09-26 15:11:56,399 - root - INFO - 选择策略: high_quality
2025-09-26 15:11:56,399 - root - INFO - 虹膜点拟合外接圆，圆心：[ 27.45964717  58.90755791 399.42216128]，半径：7.019436638770494
2025-09-26 15:11:56,411 - root - INFO - 数据质量: {'point_count': 12, 'fitting_point_count': 0, 'constraint_point_count': 12, 'visibility': 0.9602927392260864}
2025-09-26 15:11:56,411 - root - INFO - 选择策略: high_quality
2025-09-26 15:11:56,412 - root - WARNING - 没有拟合点，无法进行优化
2025-09-26 15:11:56,412 - project.core.fitting.main - INFO - ==============================================
2025-09-26 15:11:56,412 - project.core.fitting.main - INFO - 拟合结果:
2025-09-26 15:11:56,412 - project.core.fitting.main - INFO -   LEFT 眼: 拟合结果：
 球心：[ 32.79478054  58.69298308 407.74171051]
 半径：12.36518690064373
 置信度：0.8195321249723135
 收敛：True
 迭代次数：5
 最终残差范数：1.624846798901519
 最终delta范数：0.034125535678299776
 使用策略：lm
2025-09-26 15:11:56,413 - project.core.fitting.main - INFO -   RIGHT 眼: 拟合结果：
 球心：[0 0 0]
 半径：12.0
 置信度：0.0
 收敛：False
 迭代次数：0
 最终残差范数：inf
 最终delta范数：inf
 使用策略：lm
2025-09-26 15:11:56,414 - project.core.fitting.main - INFO - ==============================================
2025-09-26 15:11:56,414 - project.config.screen_config - INFO - 瞳孔位置: Point3D(37.620, 58.569, 399.451)
2025-09-26 15:11:56,414 - project.config.screen_config - INFO - 眼球位置: Point3D(32.795, 58.693, 407.742)
2025-09-26 15:11:56,414 - project.config.screen_config - INFO - 视线方向: Point3D(4.825, -0.124, -8.291)
2025-09-26 15:11:56,414 - project.config.screen_config - INFO - 交点坐标: [270.10469244  52.6049833    0.        ]
2025-09-26 15:11:56,414 - project.config.screen_config - WARNING - 交点超出屏幕边界，已裁剪: Point2D(-576.502524, 203.114595) -> Point2D(0.000000, 203.114595)
2025-09-26 15:11:56,414 - project.config.screen_config - INFO - 最终像素坐标: Point2D(0.000000, 203.114595)
2025-09-26 15:11:56,414 - project.core.fitting.main - INFO - -----------------------------------------------
2025-09-26 15:11:56,416 - project.core.fitting.main - INFO - left 视线焦点: Point2D(0.000000, 203.114595)
2025-09-26 15:11:56,416 - project.core.fitting.main - INFO - -----------------------------------------------
2025-09-26 15:11:56,416 - project.core.fitting.main - ERROR - 拟合过程中发生异常: list index out of range
2025-09-26 15:11:56,417 - project.core.fitting.main - ERROR - 异常堆栈: Traceback (most recent call last):
  File "C:\Users\86158\Desktop\gaze_venv\gaze-refactor\project\core\fitting\main.py", line 42, in run
    pupil_center = self.data_manager.get_coordinate_point(eye, "pupil")[0]
                   ~~~~~~~~~~~~~~~~~~~~~~~~~~~~~~~~~~~~~~~~~~~~~~~~~~~~^^^
IndexError: list index out of range

2025-09-26 15:11:56,504 - project.data.data_manager - WARNING - 非RGB-D摄像头，使用默认深度图
2025-09-26 15:11:56,561 - project.core.recognition.landmark_extractor - WARNING - 关键点 148 原始y坐标超出范围: 1.003，已限制到边界
2025-09-26 15:11:56,563 - project.core.recognition.landmark_extractor - WARNING - 关键点 152 原始y坐标超出范围: 1.009，已限制到边界
2025-09-26 15:11:56,564 - project.core.recognition.landmark_extractor - WARNING - 关键点 175 原始y坐标超出范围: 1.000，已限制到边界
2025-09-26 15:11:56,569 - project.core.recognition.landmark_extractor - WARNING - 关键点 377 原始y坐标超出范围: 1.004，已限制到边界
2025-09-26 15:11:56,572 - project.core.recognition.detector - INFO - 提取到 478 个关键点
2025-09-26 15:11:56,575 - project.core.recognition.landmark_extractor - INFO - 关键点验证通过
2025-09-26 15:11:56,576 - project.core.recognition.detector - INFO - 关键点验证结果: True
2025-09-26 15:11:56,580 - project.core.recognition.detector - INFO - 人脸检测成功，提取到 478 个关键点
2025-09-26 15:11:56,583 - project.core.recognition.main - INFO - 人脸检测成功
2025-09-26 15:11:56,586 - project.core.recognition.coordinate_converter - WARNING - 关键点 148 转换失败: 无效的深度值：nan，必须大于0.1米
2025-09-26 15:11:56,587 - project.core.recognition.coordinate_converter - WARNING - 关键点 152 转换失败: 无效的深度值：nan，必须大于0.1米
2025-09-26 15:11:56,587 - project.core.recognition.coordinate_converter - WARNING - 关键点 175 转换失败: 无效的深度值：nan，必须大于0.1米
2025-09-26 15:11:56,587 - project.core.recognition.coordinate_converter - WARNING - 关键点 377 转换失败: 无效的深度值：nan，必须大于0.1米
2025-09-26 15:11:56,591 - project.data.data_manager - INFO - RecgFitDataManager初始化 - debug_log: True, key_coordinates: True
2025-09-26 15:11:56,591 - project.data.data_manager - INFO - RecgFitDataManager初始化完成
2025-09-26 15:11:56,591 - __main__ - INFO - 收到识别完成信号，开始拟合...
2025-09-26 15:11:56,591 - __main__ - INFO - 开始拟合frame_id: 47
2025-09-26 15:11:56,594 - __main__ - INFO - 等待识别完成信号...
2025-09-26 15:11:56,594 - root - INFO - 数据质量: {'point_count': 17, 'fitting_point_count': 5, 'constraint_point_count': 12, 'visibility': 0.9906859068952576}
2025-09-26 15:11:56,594 - root - INFO - 选择策略: high_quality
2025-09-26 15:11:56,594 - root - INFO - 虹膜点拟合外接圆，圆心：[ 30.5846861   53.98034998 399.45374429]，半径：6.216974066868079
2025-09-26 15:11:56,600 - root - INFO - 数据质量: {'point_count': 13, 'fitting_point_count': 1, 'constraint_point_count': 12, 'visibility': 0.9601646143492686}
2025-09-26 15:11:56,600 - root - INFO - 选择策略: high_quality
2025-09-26 15:11:56,611 - project.core.fitting.main - INFO - ==============================================
2025-09-26 15:11:56,613 - project.core.fitting.main - INFO - 拟合结果:
2025-09-26 15:11:56,613 - project.core.fitting.main - INFO -   LEFT 眼: 拟合结果：
 球心：[ 29.00249588  56.30512645 409.24842814]
 半径：12.437432443629636
 置信度：0.6022089506893863
 收敛：True
 迭代次数：4
 最终残差范数：2.6004254281759653
 最终delta范数：0.09205011562299106
 使用策略：lm
2025-09-26 15:11:56,613 - project.core.fitting.main - INFO -   RIGHT 眼: 拟合结果：
 球心：[ 33.52793824  63.47769158 408.41927725]
 半径：12.000144446454039
 置信度：0.7803638778733827
 收敛：True
 迭代次数：9
 最终残差范数：1.16134323869501
 最终delta范数：0.03935832312991
 使用策略：lm
2025-09-26 15:11:56,615 - project.core.fitting.main - INFO - ==============================================
2025-09-26 15:11:56,615 - project.config.screen_config - INFO - 瞳孔位置: Point3D(-51.915, 64.729, 399.968)
2025-09-26 15:11:56,615 - project.config.screen_config - INFO - 眼球位置: Point3D(29.002, 56.305, 409.248)
2025-09-26 15:11:56,615 - project.config.screen_config - INFO - 视线方向: Point3D(-80.917, 8.424, -9.281)
2025-09-26 15:11:56,615 - project.config.screen_config - INFO - 交点坐标: [-3.53921096e+03  4.27788008e+02 -5.68434189e-14]
2025-09-26 15:11:56,617 - project.config.screen_config - WARNING - 交点超出屏幕边界，已裁剪: Point2D(17708.212587, 1803.895499) -> Point2D(1439.000000, 959.000000)
2025-09-26 15:11:56,618 - project.config.screen_config - INFO - 最终像素坐标: Point2D(1439.000000, 959.000000)
2025-09-26 15:11:56,620 - project.core.fitting.main - INFO - -----------------------------------------------
2025-09-26 15:11:56,624 - project.core.fitting.main - INFO - left 视线焦点: Point2D(1439.000000, 959.000000)
2025-09-26 15:11:56,627 - project.core.fitting.main - INFO - -----------------------------------------------
2025-09-26 15:11:56,629 - project.config.screen_config - INFO - 瞳孔位置: Point3D(29.528, 63.495, 399.469)
2025-09-26 15:11:56,629 - project.config.screen_config - INFO - 眼球位置: Point3D(33.528, 63.478, 408.419)
2025-09-26 15:11:56,629 - project.config.screen_config - INFO - 视线方向: Point3D(-4.000, 0.017, -8.950)
2025-09-26 15:11:56,631 - project.config.screen_config - INFO - 交点坐标: [-148.99492746   64.25311415    0.        ]
2025-09-26 15:11:56,633 - project.config.screen_config - INFO - 最终像素坐标: Point2D(1435.175652, 252.813287)
2025-09-26 15:11:56,634 - project.core.fitting.main - INFO - -----------------------------------------------
2025-09-26 15:11:56,636 - project.core.fitting.main - INFO - right 视线焦点: Point2D(1435.175652, 252.813287)
2025-09-26 15:11:56,637 - project.core.fitting.main - INFO - -----------------------------------------------
2025-09-26 15:11:56,700 - project.data.data_manager - WARNING - 非RGB-D摄像头，使用默认深度图
2025-09-26 15:11:56,752 - project.core.recognition.landmark_extractor - WARNING - 关键点 148 原始y坐标超出范围: 1.008，已限制到边界
2025-09-26 15:11:56,752 - project.core.recognition.landmark_extractor - WARNING - 关键点 152 原始y坐标超出范围: 1.014，已限制到边界
2025-09-26 15:11:56,753 - project.core.recognition.landmark_extractor - WARNING - 关键点 175 原始y坐标超出范围: 1.005，已限制到边界
2025-09-26 15:11:56,756 - project.core.recognition.landmark_extractor - WARNING - 关键点 377 原始y坐标超出范围: 1.010，已限制到边界
2025-09-26 15:11:56,757 - project.core.recognition.landmark_extractor - WARNING - 关键点 396 原始y坐标超出范围: 1.001，已限制到边界
2025-09-26 15:11:56,758 - project.core.recognition.detector - INFO - 提取到 478 个关键点
2025-09-26 15:11:56,760 - project.core.recognition.landmark_extractor - INFO - 关键点验证通过
2025-09-26 15:11:56,760 - project.core.recognition.detector - INFO - 关键点验证结果: True
2025-09-26 15:11:56,764 - project.core.recognition.detector - INFO - 人脸检测成功，提取到 478 个关键点
2025-09-26 15:11:56,764 - project.core.recognition.main - INFO - 人脸检测成功
2025-09-26 15:11:56,766 - project.core.recognition.coordinate_converter - WARNING - 关键点 148 转换失败: 无效的深度值：nan，必须大于0.1米
2025-09-26 15:11:56,766 - project.core.recognition.coordinate_converter - WARNING - 关键点 152 转换失败: 无效的深度值：nan，必须大于0.1米
2025-09-26 15:11:56,766 - project.core.recognition.coordinate_converter - WARNING - 关键点 171 转换失败: 无效的深度值：nan，必须大于0.1米
2025-09-26 15:11:56,766 - project.core.recognition.coordinate_converter - WARNING - 关键点 175 转换失败: 无效的深度值：nan，必须大于0.1米
2025-09-26 15:11:56,771 - project.core.recognition.coordinate_converter - WARNING - 关键点 377 转换失败: 无效的深度值：nan，必须大于0.1米
2025-09-26 15:11:56,771 - project.core.recognition.coordinate_converter - WARNING - 关键点 396 转换失败: 无效的深度值：nan，必须大于0.1米
2025-09-26 15:11:56,771 - project.data.data_manager - INFO - RecgFitDataManager初始化 - debug_log: True, key_coordinates: True
2025-09-26 15:11:56,771 - project.data.data_manager - INFO - RecgFitDataManager初始化完成
2025-09-26 15:11:56,774 - __main__ - INFO - 收到识别完成信号，开始拟合...
2025-09-26 15:11:56,774 - __main__ - INFO - 开始拟合frame_id: 48
2025-09-26 15:11:56,774 - __main__ - INFO - 等待识别完成信号...
2025-09-26 15:11:56,776 - root - INFO - 数据质量: {'point_count': 16, 'fitting_point_count': 4, 'constraint_point_count': 12, 'visibility': 0.994526627933964}
2025-09-26 15:11:56,776 - root - INFO - 选择策略: high_quality
2025-09-26 15:11:56,776 - root - INFO - 虹膜点拟合外接圆，圆心：[ 31.63892019  60.29238121 399.29634333]，半径：7.652612591784562
2025-09-26 15:11:56,816 - root - INFO - 数据质量: {'point_count': 12, 'fitting_point_count': 0, 'constraint_point_count': 12, 'visibility': 0.9608561180426917}
2025-09-26 15:11:56,817 - root - INFO - 选择策略: high_quality
2025-09-26 15:11:56,817 - root - WARNING - 没有拟合点，无法进行优化
2025-09-26 15:11:56,819 - project.core.fitting.main - INFO - ==============================================
2025-09-26 15:11:56,819 - project.core.fitting.main - INFO - 拟合结果:
2025-09-26 15:11:56,819 - project.core.fitting.main - INFO -   LEFT 眼: 拟合结果：
 球心：[ 33.96969221  58.51823725 408.12423841]
 半径：12.128276159166875
 置信度：0.8637254177721695
 收敛：False
 迭代次数：30
 最终残差范数：1.8741938222941346
 最终delta范数：6.584945905896028e-09
 使用策略：lm
2025-09-26 15:11:56,819 - project.core.fitting.main - INFO -   RIGHT 眼: 拟合结果：
 球心：[0 0 0]
 半径：12.0
 置信度：0.0
 收敛：False
 迭代次数：0
 最终残差范数：inf
 最终delta范数：inf
 使用策略：lm
2025-09-26 15:11:56,822 - project.core.fitting.main - INFO - ==============================================
2025-09-26 15:11:56,824 - project.config.screen_config - INFO - 瞳孔位置: Point3D(40.264, 58.440, 399.117)
2025-09-26 15:11:56,824 - project.config.screen_config - INFO - 眼球位置: Point3D(33.970, 58.518, 408.124)
2025-09-26 15:11:56,824 - project.config.screen_config - INFO - 视线方向: Point3D(6.294, -0.078, -9.007)
2025-09-26 15:11:56,825 - project.config.screen_config - INFO - 交点坐标: [319.15047025  54.97645658   0.        ]
2025-09-26 15:11:56,825 - project.config.screen_config - WARNING - 交点超出屏幕边界，已裁剪: Point2D(-811.922257, 213.232881) -> Point2D(0.000000, 213.232881)
2025-09-26 15:11:56,827 - project.config.screen_config - INFO - 最终像素坐标: Point2D(0.000000, 213.232881)
2025-09-26 15:11:56,828 - project.core.fitting.main - INFO - -----------------------------------------------
2025-09-26 15:11:56,828 - project.core.fitting.main - INFO - left 视线焦点: Point2D(0.000000, 213.232881)
2025-09-26 15:11:56,833 - project.core.fitting.main - INFO - -----------------------------------------------
2025-09-26 15:11:56,833 - project.core.fitting.main - ERROR - 拟合过程中发生异常: list index out of range
2025-09-26 15:11:56,833 - project.core.fitting.main - ERROR - 异常堆栈: Traceback (most recent call last):
  File "C:\Users\86158\Desktop\gaze_venv\gaze-refactor\project\core\fitting\main.py", line 42, in run
    pupil_center = self.data_manager.get_coordinate_point(eye, "pupil")[0]
                   ~~~~~~~~~~~~~~~~~~~~~~~~~~~~~~~~~~~~~~~~~~~~~~~~~~~~^^^
IndexError: list index out of range

2025-09-26 15:11:56,880 - project.data.data_manager - WARNING - 非RGB-D摄像头，使用默认深度图
2025-09-26 15:11:56,932 - project.core.recognition.landmark_extractor - WARNING - 关键点 148 原始y坐标超出范围: 1.009，已限制到边界
2025-09-26 15:11:56,934 - project.core.recognition.landmark_extractor - WARNING - 关键点 152 原始y坐标超出范围: 1.014，已限制到边界
2025-09-26 15:11:56,934 - project.core.recognition.landmark_extractor - WARNING - 关键点 171 原始y坐标超出范围: 1.000，已限制到边界
2025-09-26 15:11:56,934 - project.core.recognition.landmark_extractor - WARNING - 关键点 175 原始y坐标超出范围: 1.005，已限制到边界
2025-09-26 15:11:56,939 - project.core.recognition.landmark_extractor - WARNING - 关键点 377 原始y坐标超出范围: 1.009，已限制到边界
2025-09-26 15:11:56,941 - project.core.recognition.landmark_extractor - WARNING - 关键点 396 原始y坐标超出范围: 1.000，已限制到边界
2025-09-26 15:11:56,946 - project.core.recognition.detector - INFO - 提取到 478 个关键点
2025-09-26 15:11:56,948 - project.core.recognition.landmark_extractor - INFO - 关键点验证通过
2025-09-26 15:11:56,949 - project.core.recognition.detector - INFO - 关键点验证结果: True
2025-09-26 15:11:56,953 - project.core.recognition.detector - INFO - 人脸检测成功，提取到 478 个关键点
2025-09-26 15:11:56,953 - project.core.recognition.main - INFO - 人脸检测成功
2025-09-26 15:11:56,955 - project.core.recognition.coordinate_converter - WARNING - 关键点 148 转换失败: 无效的深度值：nan，必须大于0.1米
2025-09-26 15:11:56,957 - project.core.recognition.coordinate_converter - WARNING - 关键点 152 转换失败: 无效的深度值：nan，必须大于0.1米
2025-09-26 15:11:56,957 - project.core.recognition.coordinate_converter - WARNING - 关键点 171 转换失败: 无效的深度值：nan，必须大于0.1米
2025-09-26 15:11:56,957 - project.core.recognition.coordinate_converter - WARNING - 关键点 175 转换失败: 无效的深度值：nan，必须大于0.1米
2025-09-26 15:11:56,957 - project.core.recognition.coordinate_converter - WARNING - 关键点 377 转换失败: 无效的深度值：nan，必须大于0.1米
2025-09-26 15:11:56,957 - project.core.recognition.coordinate_converter - WARNING - 关键点 396 转换失败: 无效的深度值：nan，必须大于0.1米
2025-09-26 15:11:56,961 - project.data.data_manager - INFO - RecgFitDataManager初始化 - debug_log: True, key_coordinates: True
2025-09-26 15:11:56,963 - project.data.data_manager - INFO - RecgFitDataManager初始化完成
2025-09-26 15:11:56,964 - __main__ - INFO - 收到识别完成信号，开始拟合...
2025-09-26 15:11:56,965 - __main__ - INFO - 开始拟合frame_id: 49
2025-09-26 15:11:56,965 - __main__ - INFO - 等待识别完成信号...
2025-09-26 15:11:56,966 - root - INFO - 数据质量: {'point_count': 16, 'fitting_point_count': 4, 'constraint_point_count': 12, 'visibility': 0.9943158423751035}
2025-09-26 15:11:56,968 - root - INFO - 选择策略: high_quality
2025-09-26 15:11:56,970 - root - INFO - 虹膜点拟合外接圆，圆心：[ 29.63393331  60.10956297 399.564147  ]，半径：5.654805087413596
2025-09-26 15:11:57,008 - root - INFO - 数据质量: {'point_count': 12, 'fitting_point_count': 0, 'constraint_point_count': 12, 'visibility': 0.9611859900185548}
2025-09-26 15:11:57,008 - root - INFO - 选择策略: high_quality
2025-09-26 15:11:57,008 - root - WARNING - 没有拟合点，无法进行优化
2025-09-26 15:11:57,008 - project.core.fitting.main - INFO - ==============================================
2025-09-26 15:11:57,010 - project.core.fitting.main - INFO - 拟合结果:
2025-09-26 15:11:57,010 - project.core.fitting.main - INFO -   LEFT 眼: 拟合结果：
 球心：[ 31.49787947  58.5894537  408.63698727]
 半径：12.349836681964064
 置信度：0.8336242367042966
 收敛：False
 迭代次数：30
 最终残差范数：1.7889961593651353
 最终delta范数：4.642646560501642e-09
 使用策略：lm
2025-09-26 15:11:57,010 - project.core.fitting.main - INFO -   RIGHT 眼: 拟合结果：
 球心：[0 0 0]
 半径：12.0
 置信度：0.0
 收敛：False
 迭代次数：0
 最终残差范数：inf
 最终delta范数：inf
 使用策略：lm
2025-09-26 15:11:57,010 - project.core.fitting.main - INFO - ==============================================
2025-09-26 15:11:57,010 - project.config.screen_config - INFO - 瞳孔位置: Point3D(38.498, 58.207, 399.158)
2025-09-26 15:11:57,010 - project.config.screen_config - INFO - 眼球位置: Point3D(31.498, 58.589, 408.637)
2025-09-26 15:11:57,010 - project.config.screen_config - INFO - 视线方向: Point3D(7.000, -0.382, -9.479)
2025-09-26 15:11:57,010 - project.config.screen_config - INFO - 交点坐标: [333.28036793  42.11515246   0.        ]
2025-09-26 15:11:57,012 - project.config.screen_config - WARNING - 交点超出屏幕边界，已裁剪: Point2D(-879.745766, 158.357984) -> Point2D(0.000000, 158.357984)
2025-09-26 15:11:57,012 - project.config.screen_config - INFO - 最终像素坐标: Point2D(0.000000, 158.357984)
2025-09-26 15:11:57,012 - project.core.fitting.main - INFO - -----------------------------------------------
2025-09-26 15:11:57,012 - project.core.fitting.main - INFO - left 视线焦点: Point2D(0.000000, 158.357984)
2025-09-26 15:11:57,012 - project.core.fitting.main - INFO - -----------------------------------------------
2025-09-26 15:11:57,012 - project.core.fitting.main - ERROR - 拟合过程中发生异常: list index out of range
2025-09-26 15:11:57,012 - project.core.fitting.main - ERROR - 异常堆栈: Traceback (most recent call last):
  File "C:\Users\86158\Desktop\gaze_venv\gaze-refactor\project\core\fitting\main.py", line 42, in run
    pupil_center = self.data_manager.get_coordinate_point(eye, "pupil")[0]
                   ~~~~~~~~~~~~~~~~~~~~~~~~~~~~~~~~~~~~~~~~~~~~~~~~~~~~^^^
IndexError: list index out of range

2025-09-26 15:11:57,076 - project.data.data_manager - WARNING - 非RGB-D摄像头，使用默认深度图
2025-09-26 15:11:57,114 - project.core.recognition.landmark_extractor - WARNING - 关键点 148 原始y坐标超出范围: 1.009，已限制到边界
2025-09-26 15:11:57,118 - project.core.recognition.landmark_extractor - WARNING - 关键点 152 原始y坐标超出范围: 1.016，已限制到边界
2025-09-26 15:11:57,119 - project.core.recognition.landmark_extractor - WARNING - 关键点 171 原始y坐标超出范围: 1.000，已限制到边界
2025-09-26 15:11:57,119 - project.core.recognition.landmark_extractor - WARNING - 关键点 175 原始y坐标超出范围: 1.006，已限制到边界
2025-09-26 15:11:57,119 - project.core.recognition.landmark_extractor - WARNING - 关键点 377 原始y坐标超出范围: 1.011，已限制到边界
2025-09-26 15:11:57,122 - project.core.recognition.landmark_extractor - WARNING - 关键点 396 原始y坐标超出范围: 1.002，已限制到边界
2025-09-26 15:11:57,127 - project.core.recognition.detector - INFO - 提取到 478 个关键点
2025-09-26 15:11:57,129 - project.core.recognition.landmark_extractor - INFO - 关键点验证通过
2025-09-26 15:11:57,131 - project.core.recognition.detector - INFO - 关键点验证结果: True
2025-09-26 15:11:57,137 - project.core.recognition.detector - INFO - 人脸检测成功，提取到 478 个关键点
2025-09-26 15:11:57,139 - project.core.recognition.main - INFO - 人脸检测成功
2025-09-26 15:11:57,141 - project.core.recognition.coordinate_converter - WARNING - 关键点 148 转换失败: 无效的深度值：nan，必须大于0.1米
2025-09-26 15:11:57,141 - project.core.recognition.coordinate_converter - WARNING - 关键点 152 转换失败: 无效的深度值：nan，必须大于0.1米
2025-09-26 15:11:57,143 - project.core.recognition.coordinate_converter - WARNING - 关键点 171 转换失败: 无效的深度值：nan，必须大于0.1米
2025-09-26 15:11:57,143 - project.core.recognition.coordinate_converter - WARNING - 关键点 175 转换失败: 无效的深度值：nan，必须大于0.1米
2025-09-26 15:11:57,146 - project.core.recognition.coordinate_converter - WARNING - 关键点 377 转换失败: 无效的深度值：nan，必须大于0.1米
2025-09-26 15:11:57,147 - project.core.recognition.coordinate_converter - WARNING - 关键点 396 转换失败: 无效的深度值：nan，必须大于0.1米
2025-09-26 15:11:57,148 - project.data.data_manager - INFO - RecgFitDataManager初始化 - debug_log: True, key_coordinates: True
2025-09-26 15:11:57,148 - project.data.data_manager - INFO - RecgFitDataManager初始化完成
2025-09-26 15:11:57,148 - __main__ - INFO - 收到识别完成信号，开始拟合...
2025-09-26 15:11:57,148 - __main__ - INFO - 开始拟合frame_id: 50
2025-09-26 15:11:57,148 - __main__ - INFO - 等待识别完成信号...
2025-09-26 15:11:57,148 - root - INFO - 数据质量: {'point_count': 16, 'fitting_point_count': 4, 'constraint_point_count': 12, 'visibility': 0.9946444903193761}
2025-09-26 15:11:57,151 - root - INFO - 选择策略: high_quality
2025-09-26 15:11:57,151 - root - INFO - 虹膜点拟合外接圆，圆心：[ 28.80374101  58.70174949 399.59625155]，半径：6.969485780913887
2025-09-26 15:11:57,185 - root - INFO - 数据质量: {'point_count': 12, 'fitting_point_count': 0, 'constraint_point_count': 12, 'visibility': 0.9609469444062065}
2025-09-26 15:11:57,185 - root - INFO - 选择策略: high_quality
2025-09-26 15:11:57,185 - root - WARNING - 没有拟合点，无法进行优化
2025-09-26 15:11:57,185 - project.core.fitting.main - INFO - ==============================================
2025-09-26 15:11:57,185 - project.core.fitting.main - INFO - 拟合结果:
2025-09-26 15:11:57,190 - project.core.fitting.main - INFO -   LEFT 眼: 拟合结果：
 球心：[ 32.70951171  58.47753698 408.76391356]
 半径：12.366981437513699
 置信度：0.8744057268354453
 收敛：False
 迭代次数：30
 最终残差范数：1.7434904270216394
 最终delta范数：6.851123835927667e-09
 使用策略：lm
2025-09-26 15:11:57,190 - project.core.fitting.main - INFO -   RIGHT 眼: 拟合结果：
 球心：[0 0 0]
 半径：12.0
 置信度：0.0
 收敛：False
 迭代次数：0
 最终残差范数：inf
 最终delta范数：inf
 使用策略：lm
2025-09-26 15:11:57,190 - project.core.fitting.main - INFO - ==============================================
2025-09-26 15:11:57,190 - project.config.screen_config - INFO - 瞳孔位置: Point3D(39.104, 58.460, 399.446)
2025-09-26 15:11:57,190 - project.config.screen_config - INFO - 眼球位置: Point3D(32.710, 58.478, 408.764)
2025-09-26 15:11:57,190 - project.config.screen_config - INFO - 视线方向: Point3D(6.394, -0.018, -9.318)
2025-09-26 15:11:57,190 - project.config.screen_config - INFO - 交点坐标: [313.20425815  57.69194464   0.        ]
2025-09-26 15:11:57,190 - project.config.screen_config - WARNING - 交点超出屏幕边界，已裁剪: Point2D(-783.380439, 224.818964) -> Point2D(0.000000, 224.818964)
2025-09-26 15:11:57,190 - project.config.screen_config - INFO - 最终像素坐标: Point2D(0.000000, 224.818964)
2025-09-26 15:11:57,190 - project.core.fitting.main - INFO - -----------------------------------------------
2025-09-26 15:11:57,190 - project.core.fitting.main - INFO - left 视线焦点: Point2D(0.000000, 224.818964)
2025-09-26 15:11:57,194 - project.core.fitting.main - INFO - -----------------------------------------------
2025-09-26 15:11:57,194 - project.core.fitting.main - ERROR - 拟合过程中发生异常: list index out of range
2025-09-26 15:11:57,194 - project.core.fitting.main - ERROR - 异常堆栈: Traceback (most recent call last):
  File "C:\Users\86158\Desktop\gaze_venv\gaze-refactor\project\core\fitting\main.py", line 42, in run
    pupil_center = self.data_manager.get_coordinate_point(eye, "pupil")[0]
                   ~~~~~~~~~~~~~~~~~~~~~~~~~~~~~~~~~~~~~~~~~~~~~~~~~~~~^^^
IndexError: list index out of range

2025-09-26 15:11:57,257 - project.data.data_manager - WARNING - 非RGB-D摄像头，使用默认深度图
2025-09-26 15:11:57,310 - project.core.recognition.landmark_extractor - WARNING - 关键点 148 原始y坐标超出范围: 1.008，已限制到边界
2025-09-26 15:11:57,310 - project.core.recognition.landmark_extractor - WARNING - 关键点 152 原始y坐标超出范围: 1.013，已限制到边界
2025-09-26 15:11:57,310 - project.core.recognition.landmark_extractor - WARNING - 关键点 171 原始y坐标超出范围: 1.000，已限制到边界
2025-09-26 15:11:57,310 - project.core.recognition.landmark_extractor - WARNING - 关键点 175 原始y坐标超出范围: 1.004，已限制到边界
2025-09-26 15:11:57,314 - project.core.recognition.landmark_extractor - WARNING - 关键点 377 原始y坐标超出范围: 1.007，已限制到边界
2025-09-26 15:11:57,314 - project.core.recognition.detector - INFO - 提取到 478 个关键点
2025-09-26 15:11:57,318 - project.core.recognition.landmark_extractor - INFO - 关键点验证通过
2025-09-26 15:11:57,318 - project.core.recognition.detector - INFO - 关键点验证结果: True
2025-09-26 15:11:57,322 - project.core.recognition.detector - INFO - 人脸检测成功，提取到 478 个关键点
2025-09-26 15:11:57,322 - project.core.recognition.main - INFO - 人脸检测成功
2025-09-26 15:11:57,322 - project.core.recognition.coordinate_converter - WARNING - 关键点 148 转换失败: 无效的深度值：nan，必须大于0.1米
2025-09-26 15:11:57,322 - project.core.recognition.coordinate_converter - WARNING - 关键点 152 转换失败: 无效的深度值：nan，必须大于0.1米
2025-09-26 15:11:57,322 - project.core.recognition.coordinate_converter - WARNING - 关键点 171 转换失败: 无效的深度值：nan，必须大于0.1米
2025-09-26 15:11:57,322 - project.core.recognition.coordinate_converter - WARNING - 关键点 175 转换失败: 无效的深度值：nan，必须大于0.1米
2025-09-26 15:11:57,326 - project.core.recognition.coordinate_converter - WARNING - 关键点 377 转换失败: 无效的深度值：nan，必须大于0.1米
2025-09-26 15:11:57,326 - project.core.recognition.coordinate_converter - WARNING - 关键点 396 转换失败: 无效的深度值：nan，必须大于0.1米
2025-09-26 15:11:57,326 - project.data.data_manager - INFO - RecgFitDataManager初始化 - debug_log: True, key_coordinates: True
2025-09-26 15:11:57,326 - project.data.data_manager - INFO - RecgFitDataManager初始化完成
2025-09-26 15:11:57,326 - __main__ - INFO - 收到识别完成信号，开始拟合...
2025-09-26 15:11:57,326 - __main__ - INFO - 开始拟合frame_id: 51
2025-09-26 15:11:57,326 - __main__ - INFO - 等待识别完成信号...
2025-09-26 15:11:57,326 - root - INFO - 数据质量: {'point_count': 16, 'fitting_point_count': 4, 'constraint_point_count': 12, 'visibility': 0.9941225686278538}
2025-09-26 15:11:57,331 - root - INFO - 选择策略: high_quality
2025-09-26 15:11:57,331 - root - INFO - 虹膜点拟合外接圆，圆心：[ 34.54318486  59.93765039 399.58012104]，半径：7.819787754461627
2025-09-26 15:11:57,335 - root - INFO - 数据质量: {'point_count': 12, 'fitting_point_count': 0, 'constraint_point_count': 12, 'visibility': 0.9474827825538346}
2025-09-26 15:11:57,335 - root - INFO - 选择策略: high_quality
2025-09-26 15:11:57,335 - root - WARNING - 没有拟合点，无法进行优化
2025-09-26 15:11:57,335 - project.core.fitting.main - INFO - ==============================================
2025-09-26 15:11:57,335 - project.core.fitting.main - INFO - 拟合结果:
2025-09-26 15:11:57,335 - project.core.fitting.main - INFO -   LEFT 眼: 拟合结果：
 球心：[ 38.22191513  61.25067586 407.99163959]
 半径：12.363022485656028
 置信度：0.8211735819281927
 收敛：True
 迭代次数：4
 最终残差范数：1.610586078232835
 最终delta范数：0.03842658699396949
 使用策略：lm
2025-09-26 15:11:57,335 - project.core.fitting.main - INFO -   RIGHT 眼: 拟合结果：
 球心：[0 0 0]
 半径：12.0
 置信度：0.0
 收敛：False
 迭代次数：0
 最终残差范数：inf
 最终delta范数：inf
 使用策略：lm
2025-09-26 15:11:57,335 - project.core.fitting.main - INFO - ==============================================
2025-09-26 15:11:57,335 - project.config.screen_config - INFO - 瞳孔位置: Point3D(42.996, 61.243, 399.683)
2025-09-26 15:11:57,335 - project.config.screen_config - INFO - 眼球位置: Point3D(38.222, 61.251, 407.992)
2025-09-26 15:11:57,335 - project.config.screen_config - INFO - 视线方向: Point3D(4.774, -0.007, -8.309)
2025-09-26 15:11:57,335 - project.config.screen_config - INFO - 交点坐标: [272.63593232  60.89408759   0.        ]
2025-09-26 15:11:57,335 - project.config.screen_config - WARNING - 交点超出屏幕边界，已裁剪: Point2D(-588.652475, 238.481440) -> Point2D(0.000000, 238.481440)
2025-09-26 15:11:57,335 - project.config.screen_config - INFO - 最终像素坐标: Point2D(0.000000, 238.481440)
2025-09-26 15:11:57,335 - project.core.fitting.main - INFO - -----------------------------------------------
2025-09-26 15:11:57,335 - project.core.fitting.main - INFO - left 视线焦点: Point2D(0.000000, 238.481440)
2025-09-26 15:11:57,335 - project.core.fitting.main - INFO - -----------------------------------------------
2025-09-26 15:11:57,335 - project.core.fitting.main - ERROR - 拟合过程中发生异常: list index out of range
2025-09-26 15:11:57,335 - project.core.fitting.main - ERROR - 异常堆栈: Traceback (most recent call last):
  File "C:\Users\86158\Desktop\gaze_venv\gaze-refactor\project\core\fitting\main.py", line 42, in run
    pupil_center = self.data_manager.get_coordinate_point(eye, "pupil")[0]
                   ~~~~~~~~~~~~~~~~~~~~~~~~~~~~~~~~~~~~~~~~~~~~~~~~~~~~^^^
IndexError: list index out of range

2025-09-26 15:11:57,444 - project.data.data_manager - WARNING - 非RGB-D摄像头，使用默认深度图
2025-09-26 15:11:57,487 - project.core.recognition.landmark_extractor - WARNING - 关键点 148 原始y坐标超出范围: 1.011，已限制到边界
2025-09-26 15:11:57,489 - project.core.recognition.landmark_extractor - WARNING - 关键点 152 原始y坐标超出范围: 1.016，已限制到边界
2025-09-26 15:11:57,489 - project.core.recognition.landmark_extractor - WARNING - 关键点 171 原始y坐标超出范围: 1.002，已限制到边界
2025-09-26 15:11:57,489 - project.core.recognition.landmark_extractor - WARNING - 关键点 175 原始y坐标超出范围: 1.007，已限制到边界
2025-09-26 15:11:57,492 - project.core.recognition.landmark_extractor - WARNING - 关键点 377 原始y坐标超出范围: 1.010，已限制到边界
2025-09-26 15:11:57,492 - project.core.recognition.landmark_extractor - WARNING - 关键点 396 原始y坐标超出范围: 1.001，已限制到边界
2025-09-26 15:11:57,496 - project.core.recognition.detector - INFO - 提取到 478 个关键点
2025-09-26 15:11:57,496 - project.core.recognition.landmark_extractor - INFO - 关键点验证通过
2025-09-26 15:11:57,496 - project.core.recognition.detector - INFO - 关键点验证结果: True
2025-09-26 15:11:57,500 - project.core.recognition.detector - INFO - 人脸检测成功，提取到 478 个关键点
2025-09-26 15:11:57,501 - project.core.recognition.main - INFO - 人脸检测成功
2025-09-26 15:11:57,502 - project.core.recognition.coordinate_converter - WARNING - 关键点 148 转换失败: 无效的深度值：nan，必须大于0.1米
2025-09-26 15:11:57,502 - project.core.recognition.coordinate_converter - WARNING - 关键点 152 转换失败: 无效的深度值：nan，必须大于0.1米
2025-09-26 15:11:57,502 - project.core.recognition.coordinate_converter - WARNING - 关键点 171 转换失败: 无效的深度值：nan，必须大于0.1米
2025-09-26 15:11:57,502 - project.core.recognition.coordinate_converter - WARNING - 关键点 175 转换失败: 无效的深度值：nan，必须大于0.1米
2025-09-26 15:11:57,504 - project.core.recognition.coordinate_converter - WARNING - 关键点 377 转换失败: 无效的深度值：nan，必须大于0.1米
2025-09-26 15:11:57,504 - project.core.recognition.coordinate_converter - WARNING - 关键点 396 转换失败: 无效的深度值：nan，必须大于0.1米
2025-09-26 15:11:57,509 - project.data.data_manager - INFO - RecgFitDataManager初始化 - debug_log: True, key_coordinates: True
2025-09-26 15:11:57,509 - project.data.data_manager - INFO - RecgFitDataManager初始化完成
2025-09-26 15:11:57,509 - __main__ - INFO - 收到识别完成信号，开始拟合...
2025-09-26 15:11:57,509 - __main__ - INFO - 开始拟合frame_id: 52
2025-09-26 15:11:57,509 - __main__ - INFO - 等待识别完成信号...
2025-09-26 15:11:57,509 - root - INFO - 数据质量: {'point_count': 16, 'fitting_point_count': 4, 'constraint_point_count': 12, 'visibility': 0.9943092239964291}
2025-09-26 15:11:57,509 - root - INFO - 选择策略: high_quality
2025-09-26 15:11:57,509 - root - INFO - 虹膜点拟合外接圆，圆心：[ 34.99553705  60.53047662 399.70443398]，半径：5.258403401972953
2025-09-26 15:11:57,513 - root - INFO - 数据质量: {'point_count': 12, 'fitting_point_count': 0, 'constraint_point_count': 12, 'visibility': 0.9591236914116962}
2025-09-26 15:11:57,513 - root - INFO - 选择策略: high_quality
2025-09-26 15:11:57,513 - root - WARNING - 没有拟合点，无法进行优化
2025-09-26 15:11:57,517 - project.core.fitting.main - INFO - ==============================================
2025-09-26 15:11:57,517 - project.core.fitting.main - INFO - 拟合结果:
2025-09-26 15:11:57,519 - project.core.fitting.main - INFO -   LEFT 眼: 拟合结果：
 球心：[ 38.72269853  61.86224929 408.07624076]
 半径：12.369066286598489
 置信度：0.8195751930248555
 收敛：True
 迭代次数：5
 最终残差范数：1.6246800876390048
 最终delta范数：0.02303662481037299
 使用策略：lm
2025-09-26 15:11:57,519 - project.core.fitting.main - INFO -   RIGHT 眼: 拟合结果：
 球心：[0 0 0]
 半径：12.0
 置信度：0.0
 收敛：False
 迭代次数：0
 最终残差范数：inf
 最终delta范数：inf
 使用策略：lm
2025-09-26 15:11:57,520 - project.core.fitting.main - INFO - ==============================================
2025-09-26 15:11:57,520 - project.config.screen_config - INFO - 瞳孔位置: Point3D(43.600, 61.881, 399.809)
2025-09-26 15:11:57,520 - project.config.screen_config - INFO - 眼球位置: Point3D(38.723, 61.862, 408.076)
2025-09-26 15:11:57,520 - project.config.screen_config - INFO - 视线方向: Point3D(4.877, 0.019, -8.267)
2025-09-26 15:11:57,521 - project.config.screen_config - INFO - 交点坐标: [279.47326185  62.7949392    0.        ]
2025-09-26 15:11:57,521 - project.config.screen_config - WARNING - 交点超出屏幕边界，已裁剪: Point2D(-621.471657, 246.591741) -> Point2D(0.000000, 246.591741)
2025-09-26 15:11:57,521 - project.config.screen_config - INFO - 最终像素坐标: Point2D(0.000000, 246.591741)
2025-09-26 15:11:57,521 - project.core.fitting.main - INFO - -----------------------------------------------
2025-09-26 15:11:57,521 - project.core.fitting.main - INFO - left 视线焦点: Point2D(0.000000, 246.591741)
2025-09-26 15:11:57,521 - project.core.fitting.main - INFO - -----------------------------------------------
2025-09-26 15:11:57,521 - project.core.fitting.main - ERROR - 拟合过程中发生异常: list index out of range
2025-09-26 15:11:57,521 - project.core.fitting.main - ERROR - 异常堆栈: Traceback (most recent call last):
  File "C:\Users\86158\Desktop\gaze_venv\gaze-refactor\project\core\fitting\main.py", line 42, in run
    pupil_center = self.data_manager.get_coordinate_point(eye, "pupil")[0]
                   ~~~~~~~~~~~~~~~~~~~~~~~~~~~~~~~~~~~~~~~~~~~~~~~~~~~~^^^
IndexError: list index out of range

2025-09-26 15:11:57,617 - project.data.data_manager - WARNING - 非RGB-D摄像头，使用默认深度图
2025-09-26 15:11:57,660 - project.core.recognition.landmark_extractor - WARNING - 关键点 148 原始y坐标超出范围: 1.010，已限制到边界
2025-09-26 15:11:57,660 - project.core.recognition.landmark_extractor - WARNING - 关键点 152 原始y坐标超出范围: 1.015，已限制到边界
2025-09-26 15:11:57,660 - project.core.recognition.landmark_extractor - WARNING - 关键点 171 原始y坐标超出范围: 1.002，已限制到边界
2025-09-26 15:11:57,660 - project.core.recognition.landmark_extractor - WARNING - 关键点 175 原始y坐标超出范围: 1.006，已限制到边界
2025-09-26 15:11:57,663 - project.core.recognition.landmark_extractor - WARNING - 关键点 377 原始y坐标超出范围: 1.010，已限制到边界
2025-09-26 15:11:57,663 - project.core.recognition.landmark_extractor - WARNING - 关键点 396 原始y坐标超出范围: 1.001，已限制到边界
2025-09-26 15:11:57,663 - project.core.recognition.detector - INFO - 提取到 478 个关键点
2025-09-26 15:11:57,668 - project.core.recognition.landmark_extractor - INFO - 关键点验证通过
2025-09-26 15:11:57,668 - project.core.recognition.detector - INFO - 关键点验证结果: True
2025-09-26 15:11:57,673 - project.core.recognition.detector - INFO - 人脸检测成功，提取到 478 个关键点
2025-09-26 15:11:57,673 - project.core.recognition.main - INFO - 人脸检测成功
2025-09-26 15:11:57,673 - project.core.recognition.coordinate_converter - WARNING - 关键点 148 转换失败: 无效的深度值：nan，必须大于0.1米
2025-09-26 15:11:57,675 - project.core.recognition.coordinate_converter - WARNING - 关键点 152 转换失败: 无效的深度值：nan，必须大于0.1米
2025-09-26 15:11:57,675 - project.core.recognition.coordinate_converter - WARNING - 关键点 171 转换失败: 无效的深度值：nan，必须大于0.1米
2025-09-26 15:11:57,675 - project.core.recognition.coordinate_converter - WARNING - 关键点 175 转换失败: 无效的深度值：nan，必须大于0.1米
2025-09-26 15:11:57,678 - project.core.recognition.coordinate_converter - WARNING - 关键点 377 转换失败: 无效的深度值：nan，必须大于0.1米
2025-09-26 15:11:57,678 - project.core.recognition.coordinate_converter - WARNING - 关键点 396 转换失败: 无效的深度值：nan，必须大于0.1米
2025-09-26 15:11:57,678 - project.data.data_manager - INFO - RecgFitDataManager初始化 - debug_log: True, key_coordinates: True
2025-09-26 15:11:57,678 - project.data.data_manager - INFO - RecgFitDataManager初始化完成
2025-09-26 15:11:57,679 - __main__ - INFO - 收到识别完成信号，开始拟合...
2025-09-26 15:11:57,679 - __main__ - INFO - 开始拟合frame_id: 53
2025-09-26 15:11:57,679 - __main__ - INFO - 等待识别完成信号...
2025-09-26 15:11:57,679 - root - INFO - 数据质量: {'point_count': 16, 'fitting_point_count': 4, 'constraint_point_count': 12, 'visibility': 0.9939008832927798}
2025-09-26 15:11:57,679 - root - INFO - 选择策略: high_quality
2025-09-26 15:11:57,679 - root - INFO - 虹膜点拟合外接圆，圆心：[ 31.95419398  62.42469887 399.89744127]，半径：6.840641031040417
2025-09-26 15:11:57,704 - root - INFO - 数据质量: {'point_count': 12, 'fitting_point_count': 0, 'constraint_point_count': 12, 'visibility': 0.9590612424421024}
2025-09-26 15:11:57,704 - root - INFO - 选择策略: high_quality
2025-09-26 15:11:57,704 - root - WARNING - 没有拟合点，无法进行优化
2025-09-26 15:11:57,704 - project.core.fitting.main - INFO - ==============================================
2025-09-26 15:11:57,704 - project.core.fitting.main - INFO - 拟合结果:
2025-09-26 15:11:57,704 - project.core.fitting.main - INFO -   LEFT 眼: 拟合结果：
 球心：[ 35.72273384  62.29481647 409.18883557]
 半径：12.339516605811383
 置信度：0.8852354909429387
 收敛：False
 迭代次数：30
 最终残差范数：1.7578179895354151
 最终delta范数：7.57838582235042e-09
 使用策略：lm
2025-09-26 15:11:57,704 - project.core.fitting.main - INFO -   RIGHT 眼: 拟合结果：
 球心：[0 0 0]
 半径：12.0
 置信度：0.0
 收敛：False
 迭代次数：0
 最终残差范数：inf
 最终delta范数：inf
 使用策略：lm
2025-09-26 15:11:57,704 - project.core.fitting.main - INFO - ==============================================
2025-09-26 15:11:57,704 - project.config.screen_config - INFO - 瞳孔位置: Point3D(41.775, 62.121, 399.890)
2025-09-26 15:11:57,704 - project.config.screen_config - INFO - 眼球位置: Point3D(35.723, 62.295, 409.189)
2025-09-26 15:11:57,704 - project.config.screen_config - INFO - 视线方向: Point3D(6.052, -0.174, -9.299)
2025-09-26 15:11:57,704 - project.config.screen_config - INFO - 交点坐标: [302.05796657  54.65333866   0.        ]
2025-09-26 15:11:57,709 - project.config.screen_config - WARNING - 交点超出屏幕边界，已裁剪: Point2D(-729.878240, 211.854245) -> Point2D(0.000000, 211.854245)
2025-09-26 15:11:57,709 - project.config.screen_config - INFO - 最终像素坐标: Point2D(0.000000, 211.854245)
2025-09-26 15:11:57,709 - project.core.fitting.main - INFO - -----------------------------------------------
2025-09-26 15:11:57,709 - project.core.fitting.main - INFO - left 视线焦点: Point2D(0.000000, 211.854245)
2025-09-26 15:11:57,709 - project.core.fitting.main - INFO - -----------------------------------------------
2025-09-26 15:11:57,709 - project.core.fitting.main - ERROR - 拟合过程中发生异常: list index out of range
2025-09-26 15:11:57,709 - project.core.fitting.main - ERROR - 异常堆栈: Traceback (most recent call last):
  File "C:\Users\86158\Desktop\gaze_venv\gaze-refactor\project\core\fitting\main.py", line 42, in run
    pupil_center = self.data_manager.get_coordinate_point(eye, "pupil")[0]
                   ~~~~~~~~~~~~~~~~~~~~~~~~~~~~~~~~~~~~~~~~~~~~~~~~~~~~^^^
IndexError: list index out of range

2025-09-26 15:11:57,786 - project.data.data_manager - WARNING - 非RGB-D摄像头，使用默认深度图
2025-09-26 15:11:57,828 - project.core.recognition.landmark_extractor - WARNING - 关键点 148 原始y坐标超出范围: 1.009，已限制到边界
2025-09-26 15:11:57,828 - project.core.recognition.landmark_extractor - WARNING - 关键点 152 原始y坐标超出范围: 1.014，已限制到边界
2025-09-26 15:11:57,828 - project.core.recognition.landmark_extractor - WARNING - 关键点 171 原始y坐标超出范围: 1.000，已限制到边界
2025-09-26 15:11:57,832 - project.core.recognition.landmark_extractor - WARNING - 关键点 175 原始y坐标超出范围: 1.004，已限制到边界
2025-09-26 15:11:57,832 - project.core.recognition.landmark_extractor - WARNING - 关键点 377 原始y坐标超出范围: 1.009，已限制到边界
2025-09-26 15:11:57,838 - project.core.recognition.detector - INFO - 提取到 478 个关键点
2025-09-26 15:11:57,838 - project.core.recognition.landmark_extractor - INFO - 关键点验证通过
2025-09-26 15:11:57,841 - project.core.recognition.detector - INFO - 关键点验证结果: True
2025-09-26 15:11:57,844 - project.core.recognition.detector - INFO - 人脸检测成功，提取到 478 个关键点
2025-09-26 15:11:57,844 - project.core.recognition.main - INFO - 人脸检测成功
2025-09-26 15:11:57,844 - project.core.recognition.coordinate_converter - WARNING - 关键点 148 转换失败: 无效的深度值：nan，必须大于0.1米
2025-09-26 15:11:57,844 - project.core.recognition.coordinate_converter - WARNING - 关键点 152 转换失败: 无效的深度值：nan，必须大于0.1米
2025-09-26 15:11:57,844 - project.core.recognition.coordinate_converter - WARNING - 关键点 171 转换失败: 无效的深度值：nan，必须大于0.1米
2025-09-26 15:11:57,848 - project.core.recognition.coordinate_converter - WARNING - 关键点 175 转换失败: 无效的深度值：nan，必须大于0.1米
2025-09-26 15:11:57,849 - project.core.recognition.coordinate_converter - WARNING - 关键点 377 转换失败: 无效的深度值：nan，必须大于0.1米
2025-09-26 15:11:57,849 - project.core.recognition.coordinate_converter - WARNING - 关键点 396 转换失败: 无效的深度值：nan，必须大于0.1米
2025-09-26 15:11:57,849 - project.data.data_manager - INFO - RecgFitDataManager初始化 - debug_log: True, key_coordinates: True
2025-09-26 15:11:57,853 - project.data.data_manager - INFO - RecgFitDataManager初始化完成
2025-09-26 15:11:57,853 - __main__ - INFO - 收到识别完成信号，开始拟合...
2025-09-26 15:11:57,853 - __main__ - INFO - 开始拟合frame_id: 54
2025-09-26 15:11:57,853 - __main__ - INFO - 等待识别完成信号...
2025-09-26 15:11:57,853 - root - INFO - 数据质量: {'point_count': 16, 'fitting_point_count': 4, 'constraint_point_count': 12, 'visibility': 0.9943598350855964}
2025-09-26 15:11:57,853 - root - INFO - 选择策略: high_quality
2025-09-26 15:11:57,853 - root - INFO - 虹膜点拟合外接圆，圆心：[ 30.85720795  60.84994573 399.9639228 ]，半径：7.037354394645173
2025-09-26 15:11:57,860 - root - INFO - 数据质量: {'point_count': 12, 'fitting_point_count': 0, 'constraint_point_count': 12, 'visibility': 0.9601330468780397}
2025-09-26 15:11:57,860 - root - INFO - 选择策略: high_quality
2025-09-26 15:11:57,860 - root - WARNING - 没有拟合点，无法进行优化
2025-09-26 15:11:57,861 - project.core.fitting.main - INFO - ==============================================
2025-09-26 15:11:57,861 - project.core.fitting.main - INFO - 拟合结果:
2025-09-26 15:11:57,862 - project.core.fitting.main - INFO -   LEFT 眼: 拟合结果：
 球心：[ 36.20298046  60.71370028 408.32180756]
 半径：12.362145687167661
 置信度：0.8225515675502387
 收敛：True
 迭代次数：5
 最终残差范数：1.5986602362858564
 最终delta范数：0.030616131672930407
 使用策略：lm
2025-09-26 15:11:57,863 - project.core.fitting.main - INFO -   RIGHT 眼: 拟合结果：
 球心：[0 0 0]
 半径：12.0
 置信度：0.0
 收敛：False
 迭代次数：0
 最终残差范数：inf
 最终delta范数：inf
 使用策略：lm
2025-09-26 15:11:57,863 - project.core.fitting.main - INFO - ==============================================
2025-09-26 15:11:57,863 - project.config.screen_config - INFO - 瞳孔位置: Point3D(40.814, 60.813, 399.930)
2025-09-26 15:11:57,863 - project.config.screen_config - INFO - 眼球位置: Point3D(36.203, 60.714, 408.322)
2025-09-26 15:11:57,863 - project.config.screen_config - INFO - 视线方向: Point3D(4.611, 0.100, -8.392)
2025-09-26 15:11:57,863 - project.config.screen_config - INFO - 交点坐标: [260.53586326  65.55563313   0.        ]
2025-09-26 15:11:57,863 - project.config.screen_config - WARNING - 交点超出屏幕边界，已裁剪: Point2D(-530.572144, 258.370701) -> Point2D(0.000000, 258.370701)
2025-09-26 15:11:57,865 - project.config.screen_config - INFO - 最终像素坐标: Point2D(0.000000, 258.370701)
2025-09-26 15:11:57,865 - project.core.fitting.main - INFO - -----------------------------------------------
2025-09-26 15:11:57,865 - project.core.fitting.main - INFO - left 视线焦点: Point2D(0.000000, 258.370701)
2025-09-26 15:11:57,865 - project.core.fitting.main - INFO - -----------------------------------------------
2025-09-26 15:11:57,865 - project.core.fitting.main - ERROR - 拟合过程中发生异常: list index out of range
2025-09-26 15:11:57,865 - project.core.fitting.main - ERROR - 异常堆栈: Traceback (most recent call last):
  File "C:\Users\86158\Desktop\gaze_venv\gaze-refactor\project\core\fitting\main.py", line 42, in run
    pupil_center = self.data_manager.get_coordinate_point(eye, "pupil")[0]
                   ~~~~~~~~~~~~~~~~~~~~~~~~~~~~~~~~~~~~~~~~~~~~~~~~~~~~^^^
IndexError: list index out of range

2025-09-26 15:11:57,965 - project.data.data_manager - WARNING - 非RGB-D摄像头，使用默认深度图
2025-09-26 15:11:58,021 - project.core.recognition.landmark_extractor - WARNING - 关键点 148 原始y坐标超出范围: 1.011，已限制到边界
2025-09-26 15:11:58,023 - project.core.recognition.landmark_extractor - WARNING - 关键点 152 原始y坐标超出范围: 1.016，已限制到边界
2025-09-26 15:11:58,025 - project.core.recognition.landmark_extractor - WARNING - 关键点 171 原始y坐标超出范围: 1.001，已限制到边界
2025-09-26 15:11:58,028 - project.core.recognition.landmark_extractor - WARNING - 关键点 175 原始y坐标超出范围: 1.006，已限制到边界
2025-09-26 15:11:58,034 - project.core.recognition.landmark_extractor - WARNING - 关键点 377 原始y坐标超出范围: 1.011，已限制到边界
2025-09-26 15:11:58,035 - project.core.recognition.landmark_extractor - WARNING - 关键点 396 原始y坐标超出范围: 1.001，已限制到边界
2025-09-26 15:11:58,037 - project.core.recognition.detector - INFO - 提取到 478 个关键点
2025-09-26 15:11:58,040 - project.core.recognition.landmark_extractor - INFO - 关键点验证通过
2025-09-26 15:11:58,043 - project.core.recognition.detector - INFO - 关键点验证结果: True
2025-09-26 15:11:58,045 - project.core.recognition.detector - INFO - 人脸检测成功，提取到 478 个关键点
2025-09-26 15:11:58,045 - project.core.recognition.main - INFO - 人脸检测成功
2025-09-26 15:11:58,049 - project.core.recognition.coordinate_converter - WARNING - 关键点 148 转换失败: 无效的深度值：nan，必须大于0.1米
2025-09-26 15:11:58,049 - project.core.recognition.coordinate_converter - WARNING - 关键点 152 转换失败: 无效的深度值：nan，必须大于0.1米
2025-09-26 15:11:58,049 - project.core.recognition.coordinate_converter - WARNING - 关键点 171 转换失败: 无效的深度值：nan，必须大于0.1米
2025-09-26 15:11:58,049 - project.core.recognition.coordinate_converter - WARNING - 关键点 175 转换失败: 无效的深度值：nan，必须大于0.1米
2025-09-26 15:11:58,055 - project.core.recognition.coordinate_converter - WARNING - 关键点 377 转换失败: 无效的深度值：nan，必须大于0.1米
2025-09-26 15:11:58,057 - project.core.recognition.coordinate_converter - WARNING - 关键点 396 转换失败: 无效的深度值：nan，必须大于0.1米
2025-09-26 15:11:58,059 - project.data.data_manager - INFO - RecgFitDataManager初始化 - debug_log: True, key_coordinates: True
2025-09-26 15:11:58,060 - project.data.data_manager - INFO - RecgFitDataManager初始化完成
2025-09-26 15:11:58,060 - __main__ - INFO - 收到识别完成信号，开始拟合...
2025-09-26 15:11:58,061 - __main__ - INFO - 开始拟合frame_id: 55
2025-09-26 15:11:58,062 - __main__ - INFO - 等待识别完成信号...
2025-09-26 15:11:58,062 - root - INFO - 数据质量: {'point_count': 16, 'fitting_point_count': 4, 'constraint_point_count': 12, 'visibility': 0.9945786869822109}
2025-09-26 15:11:58,066 - root - INFO - 选择策略: high_quality
2025-09-26 15:11:58,068 - root - INFO - 虹膜点拟合外接圆，圆心：[ 29.15999291  61.159567   399.8869434 ]，半径：6.978899594438155
2025-09-26 15:11:58,110 - root - INFO - 数据质量: {'point_count': 12, 'fitting_point_count': 0, 'constraint_point_count': 12, 'visibility': 0.9611143103865389}
2025-09-26 15:11:58,112 - root - INFO - 选择策略: high_quality
2025-09-26 15:11:58,112 - root - WARNING - 没有拟合点，无法进行优化
2025-09-26 15:11:58,113 - project.core.fitting.main - INFO - ==============================================
2025-09-26 15:11:58,114 - project.core.fitting.main - INFO - 拟合结果:
2025-09-26 15:11:58,114 - project.core.fitting.main - INFO -   LEFT 眼: 拟合结果：
 球心：[ 33.01712052  60.97689638 409.09435901]
 半径：12.351795066427625
 置信度：0.8825168764094417
 收敛：False
 迭代次数：30
 最终残差范数：1.7508608536810104
 最终delta范数：7.339060379068209e-09
 使用策略：lm
2025-09-26 15:11:58,114 - project.core.fitting.main - INFO -   RIGHT 眼: 拟合结果：
 球心：[0 0 0]
 半径：12.0
 置信度：0.0
 收敛：False
 迭代次数：0
 最终残差范数：inf
 最终delta范数：inf
 使用策略：lm
2025-09-26 15:11:58,114 - project.core.fitting.main - INFO - ==============================================
2025-09-26 15:11:58,114 - project.config.screen_config - INFO - 瞳孔位置: Point3D(39.259, 60.885, 399.846)
2025-09-26 15:11:58,117 - project.config.screen_config - INFO - 眼球位置: Point3D(33.017, 60.977, 409.094)
2025-09-26 15:11:58,118 - project.config.screen_config - INFO - 视线方向: Point3D(6.242, -0.092, -9.248)
2025-09-26 15:11:58,118 - project.config.screen_config - INFO - 交点坐标: [309.14373793  56.91327626   0.        ]
2025-09-26 15:11:58,120 - project.config.screen_config - WARNING - 交点超出屏幕边界，已裁剪: Point2D(-763.889942, 221.496645) -> Point2D(0.000000, 221.496645)
2025-09-26 15:11:58,120 - project.config.screen_config - INFO - 最终像素坐标: Point2D(0.000000, 221.496645)
2025-09-26 15:11:58,121 - project.core.fitting.main - INFO - -----------------------------------------------
2025-09-26 15:11:58,121 - project.core.fitting.main - INFO - left 视线焦点: Point2D(0.000000, 221.496645)
2025-09-26 15:11:58,121 - project.core.fitting.main - INFO - -----------------------------------------------
2025-09-26 15:11:58,121 - project.core.fitting.main - ERROR - 拟合过程中发生异常: list index out of range
2025-09-26 15:11:58,123 - project.core.fitting.main - ERROR - 异常堆栈: Traceback (most recent call last):
  File "C:\Users\86158\Desktop\gaze_venv\gaze-refactor\project\core\fitting\main.py", line 42, in run
    pupil_center = self.data_manager.get_coordinate_point(eye, "pupil")[0]
                   ~~~~~~~~~~~~~~~~~~~~~~~~~~~~~~~~~~~~~~~~~~~~~~~~~~~~^^^
IndexError: list index out of range

2025-09-26 15:11:58,167 - project.data.data_manager - WARNING - 非RGB-D摄像头，使用默认深度图
2025-09-26 15:11:58,243 - project.core.recognition.landmark_extractor - WARNING - 关键点 148 原始y坐标超出范围: 1.008，已限制到边界
2025-09-26 15:11:58,243 - project.core.recognition.landmark_extractor - WARNING - 关键点 152 原始y坐标超出范围: 1.013，已限制到边界
2025-09-26 15:11:58,245 - project.core.recognition.landmark_extractor - WARNING - 关键点 175 原始y坐标超出范围: 1.002，已限制到边界
2025-09-26 15:11:58,250 - project.core.recognition.landmark_extractor - WARNING - 关键点 377 原始y坐标超出范围: 1.008，已限制到边界
2025-09-26 15:11:58,255 - project.core.recognition.detector - INFO - 提取到 478 个关键点
2025-09-26 15:11:58,259 - project.core.recognition.landmark_extractor - INFO - 关键点验证通过
2025-09-26 15:11:58,259 - project.core.recognition.detector - INFO - 关键点验证结果: True
2025-09-26 15:11:58,265 - project.core.recognition.detector - INFO - 人脸检测成功，提取到 478 个关键点
2025-09-26 15:11:58,265 - project.core.recognition.main - INFO - 人脸检测成功
2025-09-26 15:11:58,270 - project.core.recognition.coordinate_converter - WARNING - 关键点 148 转换失败: 无效的深度值：nan，必须大于0.1米
2025-09-26 15:11:58,271 - project.core.recognition.coordinate_converter - WARNING - 关键点 152 转换失败: 无效的深度值：nan，必须大于0.1米
2025-09-26 15:11:58,273 - project.core.recognition.coordinate_converter - WARNING - 关键点 175 转换失败: 无效的深度值：nan，必须大于0.1米
2025-09-26 15:11:58,275 - project.core.recognition.coordinate_converter - WARNING - 关键点 377 转换失败: 无效的深度值：nan，必须大于0.1米
2025-09-26 15:11:58,279 - project.data.data_manager - INFO - RecgFitDataManager初始化 - debug_log: True, key_coordinates: True
2025-09-26 15:11:58,280 - project.data.data_manager - INFO - RecgFitDataManager初始化完成
2025-09-26 15:11:58,280 - __main__ - INFO - 收到识别完成信号，开始拟合...
2025-09-26 15:11:58,280 - __main__ - INFO - 开始拟合frame_id: 56
2025-09-26 15:11:58,281 - __main__ - INFO - 等待识别完成信号...
2025-09-26 15:11:58,281 - root - INFO - 数据质量: {'point_count': 17, 'fitting_point_count': 5, 'constraint_point_count': 12, 'visibility': 0.9904797325223434}
2025-09-26 15:11:58,282 - root - INFO - 选择策略: high_quality
2025-09-26 15:11:58,283 - root - INFO - 虹膜点拟合外接圆，圆心：[ 34.98876917  51.11432166 400.11848509]，半径：6.813214782939549
2025-09-26 15:11:58,334 - root - INFO - 数据质量: {'point_count': 13, 'fitting_point_count': 1, 'constraint_point_count': 12, 'visibility': 0.9595785879847333}
2025-09-26 15:11:58,337 - root - INFO - 选择策略: high_quality
2025-09-26 15:11:58,339 - root - WARNING - 线性方程组求解失败，使用最小二乘法求解
2025-09-26 15:11:58,340 - root - WARNING - 线性方程组求解失败，使用最小二乘法求解
2025-09-26 15:11:58,345 - project.core.fitting.main - INFO - ==============================================
2025-09-26 15:11:58,347 - project.core.fitting.main - INFO - 拟合结果:
2025-09-26 15:11:58,355 - project.core.fitting.main - INFO -   LEFT 眼: 拟合结果：
 球心：[ 34.23006112  52.64491486 409.81582712]
 半径：11.218973524651583
 置信度：0.4883095557478585
 收敛：False
 迭代次数：30
 最终残差范数：2.6929933385494507
 最终delta范数：1.0644037691332351e-08
 使用策略：lm
2025-09-26 15:11:58,355 - project.core.fitting.main - INFO -   RIGHT 眼: 拟合结果：
 球心：[ 33.36422081  61.11591374 409.03229779]
 半径：12.45003248267864
 置信度：0.8999999999324663
 收敛：True
 迭代次数：2
 最终残差范数：0.7239686194169664
 最终delta范数：0.0049586124015416535
 使用策略：lm
2025-09-26 15:11:58,360 - project.core.fitting.main - INFO - ==============================================
2025-09-26 15:11:58,360 - project.config.screen_config - INFO - 瞳孔位置: Point3D(-48.634, 62.261, 400.519)
2025-09-26 15:11:58,361 - project.config.screen_config - INFO - 眼球位置: Point3D(34.230, 52.645, 409.816)
2025-09-26 15:11:58,361 - project.config.screen_config - INFO - 视线方向: Point3D(-82.864, 9.617, -9.297)
2025-09-26 15:11:58,361 - project.config.screen_config - INFO - 交点坐标: [-3618.33017189   476.53127026     0.        ]
2025-09-26 15:11:58,361 - project.config.screen_config - WARNING - 交点超出屏幕边界，已裁剪: Point2D(18087.984825, 2011.866753) -> Point2D(1439.000000, 959.000000)
2025-09-26 15:11:58,362 - project.config.screen_config - INFO - 最终像素坐标: Point2D(1439.000000, 959.000000)
2025-09-26 15:11:58,363 - project.core.fitting.main - INFO - -----------------------------------------------
2025-09-26 15:11:58,363 - project.core.fitting.main - INFO - left 视线焦点: Point2D(1439.000000, 959.000000)
2025-09-26 15:11:58,363 - project.core.fitting.main - INFO - -----------------------------------------------
2025-09-26 15:11:58,363 - project.config.screen_config - INFO - 瞳孔位置: Point3D(33.364, 61.116, 400.082)
2025-09-26 15:11:58,363 - project.config.screen_config - INFO - 眼球位置: Point3D(33.364, 61.116, 409.032)
2025-09-26 15:11:58,363 - project.config.screen_config - INFO - 视线方向: Point3D(0.000, 0.000, -8.950)
2025-09-26 15:11:58,363 - project.config.screen_config - INFO - 交点坐标: [3.33642208e+01 6.11159137e+01 5.68434189e-14]
2025-09-26 15:11:58,366 - project.config.screen_config - INFO - 最终像素坐标: Point2D(559.851740, 239.427899)
2025-09-26 15:11:58,366 - project.core.fitting.main - INFO - -----------------------------------------------
2025-09-26 15:11:58,367 - project.core.fitting.main - INFO - right 视线焦点: Point2D(559.851740, 239.427899)
2025-09-26 15:11:58,367 - project.core.fitting.main - INFO - -----------------------------------------------
2025-09-26 15:11:58,389 - project.data.data_manager - WARNING - 非RGB-D摄像头，使用默认深度图
2025-09-26 15:11:58,443 - project.core.recognition.landmark_extractor - WARNING - 关键点 148 原始y坐标超出范围: 1.007，已限制到边界
2025-09-26 15:11:58,447 - project.core.recognition.landmark_extractor - WARNING - 关键点 152 原始y坐标超出范围: 1.012，已限制到边界
2025-09-26 15:11:58,449 - project.core.recognition.landmark_extractor - WARNING - 关键点 175 原始y坐标超出范围: 1.000，已限制到边界
2025-09-26 15:11:58,457 - project.core.recognition.landmark_extractor - WARNING - 关键点 377 原始y坐标超出范围: 1.007，已限制到边界
2025-09-26 15:11:58,460 - project.core.recognition.detector - INFO - 提取到 478 个关键点
2025-09-26 15:11:58,463 - project.core.recognition.landmark_extractor - INFO - 关键点验证通过
2025-09-26 15:11:58,464 - project.core.recognition.detector - INFO - 关键点验证结果: True
2025-09-26 15:11:58,468 - project.core.recognition.detector - INFO - 人脸检测成功，提取到 478 个关键点
2025-09-26 15:11:58,471 - project.core.recognition.main - INFO - 人脸检测成功
2025-09-26 15:11:58,474 - project.core.recognition.coordinate_converter - WARNING - 关键点 148 转换失败: 无效的深度值：nan，必须大于0.1米
2025-09-26 15:11:58,475 - project.core.recognition.coordinate_converter - WARNING - 关键点 152 转换失败: 无效的深度值：nan，必须大于0.1米
2025-09-26 15:11:58,475 - project.core.recognition.coordinate_converter - WARNING - 关键点 175 转换失败: 无效的深度值：nan，必须大于0.1米
2025-09-26 15:11:58,479 - project.core.recognition.coordinate_converter - WARNING - 关键点 377 转换失败: 无效的深度值：nan，必须大于0.1米
2025-09-26 15:11:58,482 - project.data.data_manager - INFO - RecgFitDataManager初始化 - debug_log: True, key_coordinates: True
2025-09-26 15:11:58,482 - project.data.data_manager - INFO - RecgFitDataManager初始化完成
2025-09-26 15:11:58,482 - __main__ - INFO - 收到识别完成信号，开始拟合...
2025-09-26 15:11:58,483 - __main__ - INFO - 开始拟合frame_id: 57
2025-09-26 15:11:58,483 - __main__ - INFO - 等待识别完成信号...
2025-09-26 15:11:58,484 - root - INFO - 数据质量: {'point_count': 17, 'fitting_point_count': 5, 'constraint_point_count': 12, 'visibility': 0.9905098554337457}
2025-09-26 15:11:58,484 - root - INFO - 选择策略: high_quality
2025-09-26 15:11:58,484 - root - INFO - 虹膜点拟合外接圆，圆心：[ 32.4207217   49.06222792 400.08013695]，半径：6.487237714794746
2025-09-26 15:11:58,540 - root - INFO - 数据质量: {'point_count': 13, 'fitting_point_count': 1, 'constraint_point_count': 12, 'visibility': 0.9604951285395819}
2025-09-26 15:11:58,540 - root - INFO - 选择策略: high_quality
2025-09-26 15:11:58,540 - root - WARNING - 线性方程组求解失败，使用最小二乘法求解
2025-09-26 15:11:58,542 - root - WARNING - 线性方程组求解失败，使用最小二乘法求解
2025-09-26 15:11:58,544 - project.core.fitting.main - INFO - ==============================================
2025-09-26 15:11:58,544 - project.core.fitting.main - INFO - 拟合结果:
2025-09-26 15:11:58,544 - project.core.fitting.main - INFO -   LEFT 眼: 拟合结果：
 球心：[ 33.28073156  51.02999249 409.98259153]
 半径：12.003546123617426
 置信度：0.6091858726288958
 收敛：False
 迭代次数：30
 最终残差范数：2.621560107197439
 最终delta范数：5.887191461316915e-09
 使用策略：lm
2025-09-26 15:11:58,544 - project.core.fitting.main - INFO -   RIGHT 眼: 拟合结果：
 球心：[ 34.26850145  58.93164228 409.02815526]
 半径：12.45003248267864
 置信度：0.8999999999324663
 收敛：True
 迭代次数：2
 最终残差范数：0.7239686194169664
 最终delta范数：0.0049586124015416535
 使用策略：lm
2025-09-26 15:11:58,544 - project.core.fitting.main - INFO - ==============================================
2025-09-26 15:11:58,544 - project.config.screen_config - INFO - 瞳孔位置: Point3D(-46.617, 60.880, 400.808)
2025-09-26 15:11:58,544 - project.config.screen_config - INFO - 眼球位置: Point3D(33.281, 51.030, 409.983)
2025-09-26 15:11:58,544 - project.config.screen_config - INFO - 视线方向: Point3D(-79.898, 9.850, -9.175)
2025-09-26 15:11:58,544 - project.config.screen_config - INFO - 交点坐标: [-3536.99233123   491.19571009     0.        ]
2025-09-26 15:11:58,544 - project.config.screen_config - WARNING - 交点超出屏幕边界，已裁剪: Point2D(17697.563190, 2074.435030) -> Point2D(1439.000000, 959.000000)
2025-09-26 15:11:58,544 - project.config.screen_config - INFO - 最终像素坐标: Point2D(1439.000000, 959.000000)
2025-09-26 15:11:58,548 - project.core.fitting.main - INFO - -----------------------------------------------
2025-09-26 15:11:58,548 - project.core.fitting.main - INFO - left 视线焦点: Point2D(1439.000000, 959.000000)
2025-09-26 15:11:58,548 - project.core.fitting.main - INFO - -----------------------------------------------
2025-09-26 15:11:58,548 - project.config.screen_config - INFO - 瞳孔位置: Point3D(34.269, 58.932, 400.078)
2025-09-26 15:11:58,548 - project.config.screen_config - INFO - 眼球位置: Point3D(34.269, 58.932, 409.028)
2025-09-26 15:11:58,548 - project.config.screen_config - INFO - 视线方向: Point3D(0.000, 0.000, -8.950)
2025-09-26 15:11:58,548 - project.config.screen_config - INFO - 交点坐标: [34.26850145 58.93164228  0.        ]
2025-09-26 15:11:58,548 - project.config.screen_config - INFO - 最终像素坐标: Point2D(555.511193, 230.108340)
2025-09-26 15:11:58,548 - project.core.fitting.main - INFO - -----------------------------------------------
2025-09-26 15:11:58,548 - project.core.fitting.main - INFO - right 视线焦点: Point2D(555.511193, 230.108340)
2025-09-26 15:11:58,548 - project.core.fitting.main - INFO - -----------------------------------------------
2025-09-26 15:11:58,591 - project.data.data_manager - WARNING - 非RGB-D摄像头，使用默认深度图
2025-09-26 15:11:58,647 - project.core.recognition.landmark_extractor - WARNING - 关键点 148 原始y坐标超出范围: 1.005，已限制到边界
2025-09-26 15:11:58,647 - project.core.recognition.landmark_extractor - WARNING - 关键点 152 原始y坐标超出范围: 1.009，已限制到边界
2025-09-26 15:11:58,655 - project.core.recognition.landmark_extractor - WARNING - 关键点 377 原始y坐标超出范围: 1.005，已限制到边界
2025-09-26 15:11:58,657 - project.core.recognition.detector - INFO - 提取到 478 个关键点
2025-09-26 15:11:58,659 - project.core.recognition.landmark_extractor - INFO - 关键点验证通过
2025-09-26 15:11:58,659 - project.core.recognition.detector - INFO - 关键点验证结果: True
2025-09-26 15:11:58,663 - project.core.recognition.detector - INFO - 人脸检测成功，提取到 478 个关键点
2025-09-26 15:11:58,663 - project.core.recognition.main - INFO - 人脸检测成功
2025-09-26 15:11:58,663 - project.core.recognition.coordinate_converter - WARNING - 关键点 148 转换失败: 无效的深度值：nan，必须大于0.1米
2025-09-26 15:11:58,663 - project.core.recognition.coordinate_converter - WARNING - 关键点 152 转换失败: 无效的深度值：nan，必须大于0.1米
2025-09-26 15:11:58,667 - project.core.recognition.coordinate_converter - WARNING - 关键点 377 转换失败: 无效的深度值：nan，必须大于0.1米
2025-09-26 15:11:58,667 - project.data.data_manager - INFO - RecgFitDataManager初始化 - debug_log: True, key_coordinates: True
2025-09-26 15:11:58,667 - project.data.data_manager - INFO - RecgFitDataManager初始化完成
2025-09-26 15:11:58,667 - __main__ - INFO - 收到识别完成信号，开始拟合...
2025-09-26 15:11:58,667 - __main__ - INFO - 开始拟合frame_id: 58
2025-09-26 15:11:58,667 - __main__ - INFO - 等待识别完成信号...
2025-09-26 15:11:58,671 - root - INFO - 数据质量: {'point_count': 17, 'fitting_point_count': 5, 'constraint_point_count': 12, 'visibility': 0.9906702486445904}
2025-09-26 15:11:58,671 - root - INFO - 选择策略: high_quality
2025-09-26 15:11:58,671 - root - INFO - 虹膜点拟合外接圆，圆心：[ -4.86604336  56.12420606 400.61236918]，半径：38.99478004421819
2025-09-26 15:11:58,671 - root - WARNING - 虹膜点拟合失败: Invalid triangle: iris_to_center_median(11.219999999999999) < circle_radius(38.99478004421819)
2025-09-26 15:11:58,696 - root - INFO - 数据质量: {'point_count': 14, 'fitting_point_count': 2, 'constraint_point_count': 12, 'visibility': 0.9718819163500176}
2025-09-26 15:11:58,697 - root - INFO - 选择策略: high_quality
2025-09-26 15:11:58,702 - project.core.fitting.main - INFO - ==============================================
2025-09-26 15:11:58,702 - project.core.fitting.main - INFO - 拟合结果:
2025-09-26 15:11:58,703 - project.core.fitting.main - INFO -   LEFT 眼: 拟合结果：
 球心：[-48.85449335  50.03806034 405.33282999]
 半径：12.452661542523565
 置信度：0.3591585406031347
 收敛：True
 迭代次数：17
 最终残差范数：2.6997727955128217
 最终delta范数：0.07799431447699845
 使用策略：lm
2025-09-26 15:11:58,703 - project.core.fitting.main - INFO -   RIGHT 眼: 拟合结果：
 球心：[ 28.36755027  54.06125661 408.63467161]
 半径：12.385022952462393
 置信度：0.8997503406806963
 收敛：True
 迭代次数：3
 最终残差范数：0.7244936733935999
 最终delta范数：0.04226548571590882
 使用策略：lm
2025-09-26 15:11:58,705 - project.core.fitting.main - INFO - ==============================================
2025-09-26 15:11:58,705 - project.config.screen_config - INFO - 瞳孔位置: Point3D(-55.703, 53.500, 400.539)
2025-09-26 15:11:58,706 - project.config.screen_config - INFO - 眼球位置: Point3D(-48.854, 50.038, 405.333)
2025-09-26 15:11:58,706 - project.config.screen_config - INFO - 视线方向: Point3D(-6.848, 3.461, -4.793)
2025-09-26 15:11:58,707 - project.config.screen_config - INFO - 交点坐标: [-627.96123567  342.7456538     0.        ]
2025-09-26 15:11:58,707 - project.config.screen_config - WARNING - 交点超出屏幕边界，已裁剪: Point2D(3734.213931, 1441.048123) -> Point2D(1439.000000, 959.000000)
2025-09-26 15:11:58,708 - project.config.screen_config - INFO - 最终像素坐标: Point2D(1439.000000, 959.000000)
2025-09-26 15:11:58,708 - project.core.fitting.main - INFO - -----------------------------------------------
2025-09-26 15:11:58,708 - project.core.fitting.main - INFO - left 视线焦点: Point2D(1439.000000, 959.000000)
2025-09-26 15:11:58,708 - project.core.fitting.main - INFO - -----------------------------------------------
2025-09-26 15:11:58,710 - project.config.screen_config - INFO - 瞳孔位置: Point3D(26.174, 51.883, 400.242)
2025-09-26 15:11:58,711 - project.config.screen_config - INFO - 眼球位置: Point3D(28.368, 54.061, 408.635)
2025-09-26 15:11:58,711 - project.config.screen_config - INFO - 视线方向: Point3D(-2.193, -2.178, -8.392)
2025-09-26 15:11:58,712 - project.config.screen_config - INFO - 交点坐标: [-78.43434138 -51.98736433   0.        ]
2025-09-26 15:11:58,712 - project.config.screen_config - WARNING - 交点超出屏幕边界，已裁剪: Point2D(1096.484839, -243.146088) -> Point2D(1096.484839, 0.000000)
2025-09-26 15:11:58,713 - project.config.screen_config - INFO - 最终像素坐标: Point2D(1096.484839, 0.000000)
2025-09-26 15:11:58,713 - project.core.fitting.main - INFO - -----------------------------------------------
2025-09-26 15:11:58,713 - project.core.fitting.main - INFO - right 视线焦点: Point2D(1096.484839, 0.000000)
2025-09-26 15:11:58,713 - project.core.fitting.main - INFO - -----------------------------------------------
2025-09-26 15:11:58,780 - project.data.data_manager - WARNING - 非RGB-D摄像头，使用默认深度图
2025-09-26 15:11:58,828 - project.core.recognition.landmark_extractor - WARNING - 关键点 148 原始y坐标超出范围: 1.005，已限制到边界
2025-09-26 15:11:58,828 - project.core.recognition.landmark_extractor - WARNING - 关键点 152 原始y坐标超出范围: 1.010，已限制到边界
2025-09-26 15:11:58,835 - project.core.recognition.landmark_extractor - WARNING - 关键点 377 原始y坐标超出范围: 1.005，已限制到边界
2025-09-26 15:11:58,837 - project.core.recognition.detector - INFO - 提取到 478 个关键点
2025-09-26 15:11:58,841 - project.core.recognition.landmark_extractor - INFO - 关键点验证通过
2025-09-26 15:11:58,841 - project.core.recognition.detector - INFO - 关键点验证结果: True
2025-09-26 15:11:58,847 - project.core.recognition.detector - INFO - 人脸检测成功，提取到 478 个关键点
2025-09-26 15:11:58,847 - project.core.recognition.main - INFO - 人脸检测成功
2025-09-26 15:11:58,851 - project.core.recognition.coordinate_converter - WARNING - 关键点 148 转换失败: 无效的深度值：nan，必须大于0.1米
2025-09-26 15:11:58,851 - project.core.recognition.coordinate_converter - WARNING - 关键点 152 转换失败: 无效的深度值：nan，必须大于0.1米
2025-09-26 15:11:58,851 - project.core.recognition.coordinate_converter - WARNING - 关键点 175 转换失败: 无效的深度值：nan，必须大于0.1米
2025-09-26 15:11:58,857 - project.core.recognition.coordinate_converter - WARNING - 关键点 377 转换失败: 无效的深度值：nan，必须大于0.1米
2025-09-26 15:11:58,859 - project.data.data_manager - INFO - RecgFitDataManager初始化 - debug_log: True, key_coordinates: True
2025-09-26 15:11:58,859 - project.data.data_manager - INFO - RecgFitDataManager初始化完成
2025-09-26 15:11:58,859 - __main__ - INFO - 收到识别完成信号，开始拟合...
2025-09-26 15:11:58,859 - __main__ - INFO - 开始拟合frame_id: 59
2025-09-26 15:11:58,859 - __main__ - INFO - 等待识别完成信号...
2025-09-26 15:11:58,859 - root - INFO - 数据质量: {'point_count': 17, 'fitting_point_count': 5, 'constraint_point_count': 12, 'visibility': 0.9905774070912526}
2025-09-26 15:11:58,859 - root - INFO - 选择策略: high_quality
2025-09-26 15:11:58,863 - root - INFO - 虹膜点拟合外接圆，圆心：[ 36.95559459  49.73982721 400.18900484]，半径：4.2148638196729475
2025-09-26 15:11:58,901 - root - INFO - 数据质量: {'point_count': 13, 'fitting_point_count': 1, 'constraint_point_count': 12, 'visibility': 0.961009484835381}
2025-09-26 15:11:58,901 - root - INFO - 选择策略: high_quality
2025-09-26 15:11:58,901 - root - WARNING - 线性方程组求解失败，使用最小二乘法求解
2025-09-26 15:11:58,901 - root - WARNING - 线性方程组求解失败，使用最小二乘法求解
2025-09-26 15:11:58,905 - project.core.fitting.main - INFO - ==============================================
2025-09-26 15:11:58,905 - project.core.fitting.main - INFO - 拟合结果:
2025-09-26 15:11:58,905 - project.core.fitting.main - INFO -   LEFT 眼: 拟合结果：
 球心：[ 35.5552846   48.95292348 410.19502255]
 半径：12.036136761159819
 置信度：0.5983708612466783
 收敛：False
 迭代次数：30
 最终残差范数：2.3660115635419308
 最终delta范数：6.80121364194381e-09
 使用策略：lm
2025-09-26 15:11:58,905 - project.core.fitting.main - INFO -   RIGHT 眼: 拟合结果：
 球心：[ 33.26154631  58.3583832  409.14366907]
 半径：12.45003248267864
 置信度：0.8999999999324663
 收敛：True
 迭代次数：2
 最终残差范数：0.7239686194169664
 最终delta范数：0.0049586124015416535
 使用策略：lm
2025-09-26 15:11:58,905 - project.core.fitting.main - INFO - ==============================================
2025-09-26 15:11:58,905 - project.config.screen_config - INFO - 瞳孔位置: Point3D(-47.045, 59.904, 400.724)
2025-09-26 15:11:58,905 - project.config.screen_config - INFO - 眼球位置: Point3D(35.555, 48.953, 410.195)
2025-09-26 15:11:58,905 - project.config.screen_config - INFO - 视线方向: Point3D(-82.600, 10.951, -9.471)
2025-09-26 15:11:58,909 - project.config.screen_config - INFO - 交点坐标: [-3541.85052436   523.22684768     0.        ]
2025-09-26 15:11:58,909 - project.config.screen_config - WARNING - 交点超出屏幕边界，已裁剪: Point2D(17720.882517, 2211.101217) -> Point2D(1439.000000, 959.000000)
2025-09-26 15:11:58,909 - project.config.screen_config - INFO - 最终像素坐标: Point2D(1439.000000, 959.000000)
2025-09-26 15:11:58,909 - project.core.fitting.main - INFO - -----------------------------------------------
2025-09-26 15:11:58,909 - project.core.fitting.main - INFO - left 视线焦点: Point2D(1439.000000, 959.000000)
2025-09-26 15:11:58,909 - project.core.fitting.main - INFO - -----------------------------------------------
2025-09-26 15:11:58,909 - project.config.screen_config - INFO - 瞳孔位置: Point3D(33.262, 58.358, 400.194)
2025-09-26 15:11:58,909 - project.config.screen_config - INFO - 眼球位置: Point3D(33.262, 58.358, 409.144)
2025-09-26 15:11:58,909 - project.config.screen_config - INFO - 视线方向: Point3D(0.000, 0.000, -8.950)
2025-09-26 15:11:58,909 - project.config.screen_config - INFO - 交点坐标: [33.26154631 58.3583832   0.        ]
2025-09-26 15:11:58,909 - project.config.screen_config - INFO - 最终像素坐标: Point2D(560.344578, 227.662435)
2025-09-26 15:11:58,909 - project.core.fitting.main - INFO - -----------------------------------------------
2025-09-26 15:11:58,909 - project.core.fitting.main - INFO - right 视线焦点: Point2D(560.344578, 227.662435)
2025-09-26 15:11:58,909 - project.core.fitting.main - INFO - -----------------------------------------------
2025-09-26 15:11:58,972 - project.data.data_manager - WARNING - 非RGB-D摄像头，使用默认深度图
2025-09-26 15:11:59,054 - project.core.recognition.landmark_extractor - WARNING - 关键点 148 原始y坐标超出范围: 1.005，已限制到边界
2025-09-26 15:11:59,055 - project.core.recognition.landmark_extractor - WARNING - 关键点 152 原始y坐标超出范围: 1.010，已限制到边界
2025-09-26 15:11:59,066 - project.core.recognition.landmark_extractor - WARNING - 关键点 377 原始y坐标超出范围: 1.005，已限制到边界
2025-09-26 15:11:59,077 - project.core.recognition.detector - INFO - 提取到 478 个关键点
2025-09-26 15:11:59,081 - project.core.recognition.landmark_extractor - INFO - 关键点验证通过
2025-09-26 15:11:59,084 - project.core.recognition.detector - INFO - 关键点验证结果: True
2025-09-26 15:11:59,093 - project.core.recognition.detector - INFO - 人脸检测成功，提取到 478 个关键点
2025-09-26 15:11:59,099 - project.core.recognition.main - INFO - 人脸检测成功
2025-09-26 15:11:59,106 - project.core.recognition.coordinate_converter - WARNING - 关键点 148 转换失败: 无效的深度值：nan，必须大于0.1米
2025-09-26 15:11:59,108 - project.core.recognition.coordinate_converter - WARNING - 关键点 152 转换失败: 无效的深度值：nan，必须大于0.1米
2025-09-26 15:11:59,110 - project.core.recognition.coordinate_converter - WARNING - 关键点 175 转换失败: 无效的深度值：nan，必须大于0.1米
2025-09-26 15:11:59,110 - project.core.recognition.coordinate_converter - WARNING - 关键点 377 转换失败: 无效的深度值：nan，必须大于0.1米
2025-09-26 15:11:59,113 - project.data.data_manager - INFO - RecgFitDataManager初始化 - debug_log: True, key_coordinates: True
2025-09-26 15:11:59,113 - project.data.data_manager - INFO - RecgFitDataManager初始化完成
2025-09-26 15:11:59,113 - __main__ - INFO - 收到识别完成信号，开始拟合...
2025-09-26 15:11:59,113 - __main__ - INFO - 开始拟合frame_id: 60
2025-09-26 15:11:59,113 - __main__ - INFO - 等待识别完成信号...
2025-09-26 15:11:59,113 - root - INFO - 数据质量: {'point_count': 17, 'fitting_point_count': 5, 'constraint_point_count': 12, 'visibility': 0.9905620363902903}
2025-09-26 15:11:59,113 - root - INFO - 选择策略: high_quality
2025-09-26 15:11:59,113 - root - INFO - 虹膜点拟合外接圆，圆心：[ 30.89828406  47.77796733 400.11727065]，半径：6.821927823172447
2025-09-26 15:11:59,149 - root - INFO - 数据质量: {'point_count': 13, 'fitting_point_count': 1, 'constraint_point_count': 12, 'visibility': 0.9607637118065114}
2025-09-26 15:11:59,160 - root - INFO - 选择策略: high_quality
2025-09-26 15:11:59,164 - root - WARNING - 线性方程组求解失败，使用最小二乘法求解
2025-09-26 15:11:59,166 - root - WARNING - 线性方程组求解失败，使用最小二乘法求解
2025-09-26 15:11:59,170 - project.core.fitting.main - INFO - ==============================================
2025-09-26 15:11:59,174 - project.core.fitting.main - INFO - 拟合结果:
2025-09-26 15:11:59,176 - project.core.fitting.main - INFO -   LEFT 眼: 拟合结果：
 球心：[ 31.36987115  49.44215331 409.96059239]
 半径：12.133623821022267
 置信度：0.5940042513267203
 收敛：False
 迭代次数：30
 最终残差范数：2.549732694954625
 最终delta范数：3.048649652051077e-09
 使用策略：lm
2025-09-26 15:11:59,178 - project.core.fitting.main - INFO -   RIGHT 眼: 拟合结果：
 球心：[ 33.45684287  58.33904407 409.08939904]
 半径：12.45003248267864
 置信度：0.8999999999324663
 收敛：True
 迭代次数：2
 最终残差范数：0.7239686194169664
 最终delta范数：0.0049586124015416535
 使用策略：lm
2025-09-26 15:11:59,180 - project.core.fitting.main - INFO - ==============================================
2025-09-26 15:11:59,180 - project.config.screen_config - INFO - 瞳孔位置: Point3D(-47.403, 60.223, 401.290)
2025-09-26 15:11:59,180 - project.config.screen_config - INFO - 眼球位置: Point3D(31.370, 49.442, 409.961)
2025-09-26 15:11:59,180 - project.config.screen_config - INFO - 视线方向: Point3D(-78.773, 10.781, -8.670)
2025-09-26 15:11:59,182 - project.config.screen_config - INFO - 交点坐标: [-3693.33660682   559.19827847     0.        ]
2025-09-26 15:11:59,184 - project.config.screen_config - WARNING - 交点超出屏幕边界，已裁剪: Point2D(18448.015713, 2364.579321) -> Point2D(1439.000000, 959.000000)
2025-09-26 15:11:59,192 - project.config.screen_config - INFO - 最终像素坐标: Point2D(1439.000000, 959.000000)
2025-09-26 15:11:59,194 - project.core.fitting.main - INFO - -----------------------------------------------
2025-09-26 15:11:59,194 - project.core.fitting.main - INFO - left 视线焦点: Point2D(1439.000000, 959.000000)
2025-09-26 15:11:59,196 - project.core.fitting.main - INFO - -----------------------------------------------
2025-09-26 15:11:59,202 - project.config.screen_config - INFO - 瞳孔位置: Point3D(33.457, 58.339, 400.139)
2025-09-26 15:11:59,202 - project.config.screen_config - INFO - 眼球位置: Point3D(33.457, 58.339, 409.089)
2025-09-26 15:11:59,204 - project.config.screen_config - INFO - 视线方向: Point3D(0.000, 0.000, -8.950)
2025-09-26 15:11:59,206 - project.config.screen_config - INFO - 交点坐标: [ 3.34568429e+01  5.83390441e+01 -5.68434189e-14]
2025-09-26 15:11:59,206 - project.config.screen_config - INFO - 最终像素坐标: Point2D(559.407154, 227.579921)
2025-09-26 15:11:59,206 - project.core.fitting.main - INFO - -----------------------------------------------
2025-09-26 15:11:59,206 - project.core.fitting.main - INFO - right 视线焦点: Point2D(559.407154, 227.579921)
2025-09-26 15:11:59,208 - project.core.fitting.main - INFO - -----------------------------------------------
2025-09-26 15:11:59,232 - project.data.data_manager - WARNING - 非RGB-D摄像头，使用默认深度图
2025-09-26 15:11:59,305 - project.core.recognition.landmark_extractor - WARNING - 关键点 148 原始y坐标超出范围: 1.006，已限制到边界
2025-09-26 15:11:59,307 - project.core.recognition.landmark_extractor - WARNING - 关键点 152 原始y坐标超出范围: 1.010，已限制到边界
2025-09-26 15:11:59,311 - project.core.recognition.landmark_extractor - WARNING - 关键点 377 原始y坐标超出范围: 1.005，已限制到边界
2025-09-26 15:11:59,315 - project.core.recognition.detector - INFO - 提取到 478 个关键点
2025-09-26 15:11:59,321 - project.core.recognition.landmark_extractor - INFO - 关键点验证通过
2025-09-26 15:11:59,323 - project.core.recognition.detector - INFO - 关键点验证结果: True
2025-09-26 15:11:59,329 - project.core.recognition.detector - INFO - 人脸检测成功，提取到 478 个关键点
2025-09-26 15:11:59,329 - project.core.recognition.main - INFO - 人脸检测成功
2025-09-26 15:11:59,329 - project.core.recognition.coordinate_converter - WARNING - 关键点 148 转换失败: 无效的深度值：nan，必须大于0.1米
2025-09-26 15:11:59,329 - project.core.recognition.coordinate_converter - WARNING - 关键点 152 转换失败: 无效的深度值：nan，必须大于0.1米
2025-09-26 15:11:59,329 - project.core.recognition.coordinate_converter - WARNING - 关键点 175 转换失败: 无效的深度值：nan，必须大于0.1米
2025-09-26 15:11:59,335 - project.core.recognition.coordinate_converter - WARNING - 关键点 377 转换失败: 无效的深度值：nan，必须大于0.1米
2025-09-26 15:11:59,337 - project.data.data_manager - INFO - RecgFitDataManager初始化 - debug_log: True, key_coordinates: True
2025-09-26 15:11:59,337 - project.data.data_manager - INFO - RecgFitDataManager初始化完成
2025-09-26 15:11:59,337 - __main__ - INFO - 收到识别完成信号，开始拟合...
2025-09-26 15:11:59,337 - __main__ - INFO - 开始拟合frame_id: 61
2025-09-26 15:11:59,337 - __main__ - INFO - 等待识别完成信号...
2025-09-26 15:11:59,337 - root - INFO - 数据质量: {'point_count': 17, 'fitting_point_count': 5, 'constraint_point_count': 12, 'visibility': 0.9905217380262364}
2025-09-26 15:11:59,337 - root - INFO - 选择策略: high_quality
2025-09-26 15:11:59,341 - root - INFO - 虹膜点拟合外接圆，圆心：[ 29.72497628  49.49717799 400.35448968]，半径：6.469867821012025
2025-09-26 15:11:59,369 - root - INFO - 数据质量: {'point_count': 13, 'fitting_point_count': 1, 'constraint_point_count': 12, 'visibility': 0.9604416689083615}
2025-09-26 15:11:59,369 - root - INFO - 选择策略: high_quality
2025-09-26 15:11:59,369 - root - WARNING - 线性方程组求解失败，使用最小二乘法求解
2025-09-26 15:11:59,371 - root - WARNING - 线性方程组求解失败，使用最小二乘法求解
2025-09-26 15:11:59,371 - project.core.fitting.main - INFO - ==============================================
2025-09-26 15:11:59,371 - project.core.fitting.main - INFO - 拟合结果:
2025-09-26 15:11:59,371 - project.core.fitting.main - INFO -   LEFT 眼: 拟合结果：
 球心：[ 31.22236416  48.89046476 410.31168052]
 半径：12.237561905786293
 置信度：0.6019933718846765
 收敛：False
 迭代次数：30
 最终残差范数：2.3603725795287667
 最终delta范数：3.5469630944886363e-09
 使用策略：lm
2025-09-26 15:11:59,371 - project.core.fitting.main - INFO -   RIGHT 眼: 拟合结果：
 球心：[ 33.96573542  58.24229857 409.16155046]
 半径：12.45003248267864
 置信度：0.8999999999324663
 收敛：True
 迭代次数：2
 最终残差范数：0.7239686194169664
 最终delta范数：0.0049586124015416535
 使用策略：lm
2025-09-26 15:11:59,371 - project.core.fitting.main - INFO - ==============================================
2025-09-26 15:11:59,371 - project.config.screen_config - INFO - 瞳孔位置: Point3D(-47.289, 60.241, 401.113)
2025-09-26 15:11:59,371 - project.config.screen_config - INFO - 眼球位置: Point3D(31.222, 48.890, 410.312)
2025-09-26 15:11:59,371 - project.config.screen_config - INFO - 视线方向: Point3D(-78.512, 11.351, -9.198)
2025-09-26 15:11:59,375 - project.config.screen_config - INFO - 交点坐标: [-3471.00022781   555.22544044     0.        ]
2025-09-26 15:11:59,375 - project.config.screen_config - WARNING - 交点超出屏幕边界，已裁剪: Point2D(17380.801093, 2347.628546) -> Point2D(1439.000000, 959.000000)
2025-09-26 15:11:59,375 - project.config.screen_config - INFO - 最终像素坐标: Point2D(1439.000000, 959.000000)
2025-09-26 15:11:59,375 - project.core.fitting.main - INFO - -----------------------------------------------
2025-09-26 15:11:59,375 - project.core.fitting.main - INFO - left 视线焦点: Point2D(1439.000000, 959.000000)
2025-09-26 15:11:59,375 - project.core.fitting.main - INFO - -----------------------------------------------
2025-09-26 15:11:59,375 - project.config.screen_config - INFO - 瞳孔位置: Point3D(33.966, 58.242, 400.212)
2025-09-26 15:11:59,375 - project.config.screen_config - INFO - 眼球位置: Point3D(33.966, 58.242, 409.162)
2025-09-26 15:11:59,375 - project.config.screen_config - INFO - 视线方向: Point3D(0.000, 0.000, -8.950)
2025-09-26 15:11:59,375 - project.config.screen_config - INFO - 交点坐标: [33.96573542 58.24229857  0.        ]
2025-09-26 15:11:59,375 - project.config.screen_config - INFO - 最终像素坐标: Point2D(556.964470, 227.167141)
2025-09-26 15:11:59,375 - project.core.fitting.main - INFO - -----------------------------------------------
2025-09-26 15:11:59,375 - project.core.fitting.main - INFO - right 视线焦点: Point2D(556.964470, 227.167141)
2025-09-26 15:11:59,375 - project.core.fitting.main - INFO - -----------------------------------------------
2025-09-26 15:11:59,443 - project.data.data_manager - WARNING - 非RGB-D摄像头，使用默认深度图
2025-09-26 15:11:59,501 - project.core.recognition.landmark_extractor - WARNING - 关键点 148 原始y坐标超出范围: 1.004，已限制到边界
2025-09-26 15:11:59,501 - project.core.recognition.landmark_extractor - WARNING - 关键点 152 原始y坐标超出范围: 1.009，已限制到边界
2025-09-26 15:11:59,503 - project.core.recognition.landmark_extractor - WARNING - 关键点 377 原始y坐标超出范围: 1.004，已限制到边界
2025-09-26 15:11:59,527 - project.core.recognition.detector - INFO - 提取到 478 个关键点
2025-09-26 15:11:59,548 - project.core.recognition.landmark_extractor - INFO - 关键点验证通过
2025-09-26 15:11:59,554 - project.core.recognition.detector - INFO - 关键点验证结果: True
2025-09-26 15:11:59,563 - project.core.recognition.detector - INFO - 人脸检测成功，提取到 478 个关键点
2025-09-26 15:11:59,571 - project.core.recognition.main - INFO - 人脸检测成功
2025-09-26 15:11:59,575 - project.core.recognition.coordinate_converter - WARNING - 关键点 148 转换失败: 无效的深度值：nan，必须大于0.1米
2025-09-26 15:11:59,587 - project.core.recognition.coordinate_converter - WARNING - 关键点 152 转换失败: 无效的深度值：nan，必须大于0.1米
2025-09-26 15:11:59,587 - project.core.recognition.coordinate_converter - WARNING - 关键点 377 转换失败: 无效的深度值：nan，必须大于0.1米
2025-09-26 15:11:59,591 - project.data.data_manager - INFO - RecgFitDataManager初始化 - debug_log: True, key_coordinates: True
2025-09-26 15:11:59,591 - project.data.data_manager - INFO - RecgFitDataManager初始化完成
2025-09-26 15:11:59,591 - __main__ - INFO - 收到识别完成信号，开始拟合...
2025-09-26 15:11:59,591 - __main__ - INFO - 开始拟合frame_id: 62
2025-09-26 15:11:59,591 - __main__ - INFO - 等待识别完成信号...
2025-09-26 15:11:59,591 - root - INFO - 数据质量: {'point_count': 17, 'fitting_point_count': 5, 'constraint_point_count': 12, 'visibility': 0.990690125622975}
2025-09-26 15:11:59,595 - root - INFO - 选择策略: high_quality
2025-09-26 15:11:59,595 - root - INFO - 虹膜点拟合外接圆，圆心：[ 12.28945392  51.42135958 400.35019815]，半径：26.263348373779802
2025-09-26 15:11:59,595 - root - WARNING - 虹膜点拟合失败: Invalid triangle: iris_to_center_median(11.219999999999999) < circle_radius(26.263348373779802)
2025-09-26 15:11:59,620 - root - INFO - 数据质量: {'point_count': 14, 'fitting_point_count': 2, 'constraint_point_count': 12, 'visibility': 0.9549690275761468}
2025-09-26 15:11:59,620 - root - INFO - 选择策略: high_quality
2025-09-26 15:11:59,624 - project.core.fitting.main - INFO - ==============================================
2025-09-26 15:11:59,624 - project.core.fitting.main - INFO - 拟合结果:
2025-09-26 15:11:59,624 - project.core.fitting.main - INFO -   LEFT 眼: 拟合结果：
 球心：[-52.31890305  50.94564584 406.09308546]
 半径：12.454265846812623
 置信度：0.35921290745323964
 收敛：True
 迭代次数：17
 最终残差范数：2.699521385255496
 最终delta范数：0.06598461350190031
 使用策略：lm
2025-09-26 15:11:59,624 - project.core.fitting.main - INFO -   RIGHT 眼: 拟合结果：
 球心：[ 25.16602362  54.77495834 408.66245189]
 半径：12.385022638902967
 置信度：0.8997504261036946
 收敛：True
 迭代次数：3
 最终残差范数：0.724493686031372
 最终delta范数：0.04995017385402107
 使用策略：lm
2025-09-26 15:11:59,624 - project.core.fitting.main - INFO - ==============================================
2025-09-26 15:11:59,624 - project.config.screen_config - INFO - 瞳孔位置: Point3D(-59.344, 53.842, 401.189)
2025-09-26 15:11:59,624 - project.config.screen_config - INFO - 眼球位置: Point3D(-52.319, 50.946, 406.093)
2025-09-26 15:11:59,624 - project.config.screen_config - INFO - 视线方向: Point3D(-7.025, 2.896, -4.904)
2025-09-26 15:11:59,628 - project.config.screen_config - INFO - 交点坐标: [-6.34020666e+02  2.90780955e+02  5.68434189e-14]
2025-09-26 15:11:59,628 - project.config.screen_config - WARNING - 交点超出屏幕边界，已裁剪: Point2D(3763.299196, 1219.332075) -> Point2D(1439.000000, 959.000000)
2025-09-26 15:11:59,628 - project.config.screen_config - INFO - 最终像素坐标: Point2D(1439.000000, 959.000000)
2025-09-26 15:11:59,628 - project.core.fitting.main - INFO - -----------------------------------------------
2025-09-26 15:11:59,628 - project.core.fitting.main - INFO - left 视线焦点: Point2D(1439.000000, 959.000000)
2025-09-26 15:11:59,628 - project.core.fitting.main - INFO - -----------------------------------------------
2025-09-26 15:11:59,628 - project.config.screen_config - INFO - 瞳孔位置: Point3D(23.090, 52.698, 400.215)
2025-09-26 15:11:59,628 - project.config.screen_config - INFO - 眼球位置: Point3D(25.166, 54.775, 408.662)
2025-09-26 15:11:59,628 - project.config.screen_config - INFO - 视线方向: Point3D(-2.076, -2.077, -8.448)
2025-09-26 15:11:59,628 - project.config.screen_config - INFO - 交点坐标: [-75.25907636 -45.70106166   0.        ]
2025-09-26 15:11:59,628 - project.config.screen_config - WARNING - 交点超出屏幕边界，已裁剪: Point2D(1081.243567, -216.324530) -> Point2D(1081.243567, 0.000000)
2025-09-26 15:11:59,628 - project.config.screen_config - INFO - 最终像素坐标: Point2D(1081.243567, 0.000000)
2025-09-26 15:11:59,628 - project.core.fitting.main - INFO - -----------------------------------------------
2025-09-26 15:11:59,628 - project.core.fitting.main - INFO - right 视线焦点: Point2D(1081.243567, 0.000000)
2025-09-26 15:11:59,628 - project.core.fitting.main - INFO - -----------------------------------------------
2025-09-26 15:11:59,703 - project.data.data_manager - WARNING - 非RGB-D摄像头，使用默认深度图
2025-09-26 15:11:59,781 - project.core.recognition.landmark_extractor - WARNING - 关键点 148 原始y坐标超出范围: 1.008，已限制到边界
2025-09-26 15:11:59,781 - project.core.recognition.landmark_extractor - WARNING - 关键点 152 原始y坐标超出范围: 1.012，已限制到边界
2025-09-26 15:11:59,781 - project.core.recognition.landmark_extractor - WARNING - 关键点 175 原始y坐标超出范围: 1.000，已限制到边界
2025-09-26 15:11:59,786 - project.core.recognition.landmark_extractor - WARNING - 关键点 377 原始y坐标超出范围: 1.007，已限制到边界
2025-09-26 15:11:59,790 - project.core.recognition.detector - INFO - 提取到 478 个关键点
2025-09-26 15:11:59,795 - project.core.recognition.landmark_extractor - INFO - 关键点验证通过
2025-09-26 15:11:59,795 - project.core.recognition.detector - INFO - 关键点验证结果: True
2025-09-26 15:11:59,801 - project.core.recognition.detector - INFO - 人脸检测成功，提取到 478 个关键点
2025-09-26 15:11:59,801 - project.core.recognition.main - INFO - 人脸检测成功
2025-09-26 15:11:59,804 - project.core.recognition.coordinate_converter - WARNING - 关键点 148 转换失败: 无效的深度值：nan，必须大于0.1米
2025-09-26 15:11:59,804 - project.core.recognition.coordinate_converter - WARNING - 关键点 152 转换失败: 无效的深度值：nan，必须大于0.1米
2025-09-26 15:11:59,804 - project.core.recognition.coordinate_converter - WARNING - 关键点 175 转换失败: 无效的深度值：nan，必须大于0.1米
2025-09-26 15:11:59,807 - project.core.recognition.coordinate_converter - WARNING - 关键点 377 转换失败: 无效的深度值：nan，必须大于0.1米
2025-09-26 15:11:59,810 - project.data.data_manager - INFO - RecgFitDataManager初始化 - debug_log: True, key_coordinates: True
2025-09-26 15:11:59,810 - project.data.data_manager - INFO - RecgFitDataManager初始化完成
2025-09-26 15:11:59,810 - __main__ - INFO - 收到识别完成信号，开始拟合...
2025-09-26 15:11:59,810 - __main__ - INFO - 开始拟合frame_id: 63
2025-09-26 15:11:59,812 - __main__ - INFO - 等待识别完成信号...
2025-09-26 15:11:59,813 - root - INFO - 数据质量: {'point_count': 17, 'fitting_point_count': 5, 'constraint_point_count': 12, 'visibility': 0.9904375330715505}
2025-09-26 15:11:59,813 - root - INFO - 选择策略: high_quality
2025-09-26 15:11:59,814 - root - INFO - 虹膜点拟合外接圆，圆心：[ 28.31089854  51.07380797 400.12992918]，半径：3.8496325474091777
2025-09-26 15:11:59,865 - root - INFO - 数据质量: {'point_count': 13, 'fitting_point_count': 1, 'constraint_point_count': 12, 'visibility': 0.9605105383881098}
2025-09-26 15:11:59,865 - root - INFO - 选择策略: high_quality
2025-09-26 15:11:59,869 - root - WARNING - 线性方程组求解失败，使用最小二乘法求解
2025-09-26 15:11:59,911 - project.core.fitting.main - INFO - ==============================================
2025-09-26 15:11:59,911 - project.core.fitting.main - INFO - 拟合结果:
2025-09-26 15:11:59,912 - project.core.fitting.main - INFO -   LEFT 眼: 拟合结果：
 球心：[ 28.48269639  52.40818764 410.25330856]
 半径：11.721578300533125
 置信度：0.5744357602237774
 收敛：False
 迭代次数：30
 最终残差范数：2.464168349633399
 最终delta范数：8.307083795665848e-09
 使用策略：lm
2025-09-26 15:11:59,913 - project.core.fitting.main - INFO -   RIGHT 眼: 拟合结果：
 球心：[ 30.38408646  60.934642   409.15927387]
 半径：12.445097986479912
 置信度：0.9999989456154671
 收敛：False
 迭代次数：30
 最终残差范数：0.7239701132287376
 最终delta范数：0.001665045427343369
 使用策略：lm
2025-09-26 15:11:59,915 - project.core.fitting.main - INFO - ==============================================
2025-09-26 15:11:59,917 - project.config.screen_config - INFO - 瞳孔位置: Point3D(-52.197, 62.836, 400.562)
2025-09-26 15:11:59,924 - project.config.screen_config - INFO - 眼球位置: Point3D(28.483, 52.408, 410.253)
2025-09-26 15:11:59,925 - project.config.screen_config - INFO - 视线方向: Point3D(-80.680, 10.427, -9.691)
2025-09-26 15:11:59,927 - project.config.screen_config - INFO - 交点坐标: [-3.38681218e+03  4.93813072e+02 -5.68434189e-14]
2025-09-26 15:11:59,929 - project.config.screen_config - WARNING - 交点超出屏幕边界，已裁剪: Point2D(16976.698444, 2085.602439) -> Point2D(1439.000000, 959.000000)
2025-09-26 15:11:59,929 - project.config.screen_config - INFO - 最终像素坐标: Point2D(1439.000000, 959.000000)
2025-09-26 15:11:59,929 - project.core.fitting.main - INFO - -----------------------------------------------
2025-09-26 15:11:59,931 - project.core.fitting.main - INFO - left 视线焦点: Point2D(1439.000000, 959.000000)
2025-09-26 15:11:59,932 - project.data.data_manager - WARNING - 非RGB-D摄像头，使用默认深度图
2025-09-26 15:11:59,932 - project.core.fitting.main - INFO - -----------------------------------------------
2025-09-26 15:11:59,950 - project.config.screen_config - INFO - 瞳孔位置: Point3D(30.384, 60.935, 400.210)
2025-09-26 15:11:59,952 - project.config.screen_config - INFO - 眼球位置: Point3D(30.384, 60.935, 409.159)
2025-09-26 15:11:59,953 - project.config.screen_config - INFO - 视线方向: Point3D(0.000, 0.000, -8.950)
2025-09-26 15:11:59,955 - project.config.screen_config - INFO - 交点坐标: [30.38408646 60.934642    0.        ]
2025-09-26 15:11:59,959 - project.config.screen_config - INFO - 最终像素坐标: Point2D(574.156385, 238.654473)
2025-09-26 15:11:59,967 - project.core.fitting.main - INFO - -----------------------------------------------
2025-09-26 15:11:59,970 - project.core.fitting.main - INFO - right 视线焦点: Point2D(574.156385, 238.654473)
2025-09-26 15:11:59,972 - project.core.fitting.main - INFO - -----------------------------------------------
2025-09-26 15:12:00,001 - project.core.recognition.landmark_extractor - WARNING - 关键点 148 原始y坐标超出范围: 1.006，已限制到边界
2025-09-26 15:12:00,004 - project.core.recognition.landmark_extractor - WARNING - 关键点 152 原始y坐标超出范围: 1.011，已限制到边界
2025-09-26 15:12:00,011 - project.core.recognition.landmark_extractor - WARNING - 关键点 377 原始y坐标超出范围: 1.006，已限制到边界
2025-09-26 15:12:00,014 - project.core.recognition.detector - INFO - 提取到 478 个关键点
2025-09-26 15:12:00,020 - project.core.recognition.landmark_extractor - INFO - 关键点验证通过
2025-09-26 15:12:00,022 - project.core.recognition.detector - INFO - 关键点验证结果: True
2025-09-26 15:12:00,030 - project.core.recognition.detector - INFO - 人脸检测成功，提取到 478 个关键点
2025-09-26 15:12:00,030 - project.core.recognition.main - INFO - 人脸检测成功
2025-09-26 15:12:00,033 - project.core.recognition.coordinate_converter - WARNING - 关键点 148 转换失败: 无效的深度值：nan，必须大于0.1米
2025-09-26 15:12:00,034 - project.core.recognition.coordinate_converter - WARNING - 关键点 152 转换失败: 无效的深度值：nan，必须大于0.1米
2025-09-26 15:12:00,034 - project.core.recognition.coordinate_converter - WARNING - 关键点 175 转换失败: 无效的深度值：nan，必须大于0.1米
2025-09-26 15:12:00,037 - project.core.recognition.coordinate_converter - WARNING - 关键点 377 转换失败: 无效的深度值：nan，必须大于0.1米
2025-09-26 15:12:00,039 - project.data.data_manager - INFO - RecgFitDataManager初始化 - debug_log: True, key_coordinates: True
2025-09-26 15:12:00,039 - project.data.data_manager - INFO - RecgFitDataManager初始化完成
2025-09-26 15:12:00,039 - __main__ - INFO - 收到识别完成信号，开始拟合...
2025-09-26 15:12:00,039 - __main__ - INFO - 开始拟合frame_id: 64
2025-09-26 15:12:00,039 - __main__ - INFO - 等待识别完成信号...
2025-09-26 15:12:00,039 - root - INFO - 数据质量: {'point_count': 17, 'fitting_point_count': 5, 'constraint_point_count': 12, 'visibility': 0.9904921144310371}
2025-09-26 15:12:00,039 - root - INFO - 选择策略: high_quality
2025-09-26 15:12:00,043 - root - INFO - 虹膜点拟合外接圆，圆心：[ 27.96722781  53.44455629 400.06938577]，半径：5.111120445215768
2025-09-26 15:12:00,073 - root - INFO - 数据质量: {'point_count': 13, 'fitting_point_count': 1, 'constraint_point_count': 12, 'visibility': 0.9607440680187774}
2025-09-26 15:12:00,073 - root - INFO - 选择策略: high_quality
2025-09-26 15:12:00,073 - root - WARNING - 线性方程组求解失败，使用最小二乘法求解
2025-09-26 15:12:00,097 - project.core.fitting.main - INFO - ==============================================
2025-09-26 15:12:00,097 - project.core.fitting.main - INFO - 拟合结果:
2025-09-26 15:12:00,097 - project.core.fitting.main - INFO -   LEFT 眼: 拟合结果：
 球心：[ 28.64371147  53.7390379  410.02113898]
 半径：12.085920605083967
 置信度：0.6137477502703153
 收敛：False
 迭代次数：30
 最终残差范数：2.565406367480372
 最终delta范数：5.017762690336872e-09
 使用策略：lm
2025-09-26 15:12:00,097 - project.core.fitting.main - INFO -   RIGHT 眼: 拟合结果：
 球心：[ 30.18343693  61.49140664 409.01947118]
 半径：12.445097986479912
 置信度：0.9999989456154671
 收敛：False
 迭代次数：30
 最终残差范数：0.7239701132287376
 最终delta范数：0.001366310376421927
 使用策略：lm
2025-09-26 15:12:00,097 - project.core.fitting.main - INFO - ==============================================
2025-09-26 15:12:00,097 - project.config.screen_config - INFO - 瞳孔位置: Point3D(-52.218, 63.259, 400.790)
2025-09-26 15:12:00,097 - project.config.screen_config - INFO - 眼球位置: Point3D(28.644, 53.739, 410.021)
2025-09-26 15:12:00,097 - project.config.screen_config - INFO - 视线方向: Point3D(-80.862, 9.520, -9.231)
2025-09-26 15:12:00,097 - project.config.screen_config - INFO - 交点坐标: [-3563.07229855   476.57762998     0.        ]
2025-09-26 15:12:00,102 - project.config.screen_config - WARNING - 交点超出屏幕边界，已裁剪: Point2D(17822.747033, 2012.064555) -> Point2D(1439.000000, 959.000000)
2025-09-26 15:12:00,102 - project.config.screen_config - INFO - 最终像素坐标: Point2D(1439.000000, 959.000000)
2025-09-26 15:12:00,102 - project.core.fitting.main - INFO - -----------------------------------------------
2025-09-26 15:12:00,102 - project.core.fitting.main - INFO - left 视线焦点: Point2D(1439.000000, 959.000000)
2025-09-26 15:12:00,102 - project.core.fitting.main - INFO - -----------------------------------------------
2025-09-26 15:12:00,102 - project.config.screen_config - INFO - 瞳孔位置: Point3D(30.183, 61.491, 400.070)
2025-09-26 15:12:00,102 - project.config.screen_config - INFO - 眼球位置: Point3D(30.183, 61.491, 409.019)
2025-09-26 15:12:00,102 - project.config.screen_config - INFO - 视线方向: Point3D(0.000, 0.000, -8.950)
2025-09-26 15:12:00,102 - project.config.screen_config - INFO - 交点坐标: [30.18343693 61.49140664  0.        ]
2025-09-26 15:12:00,102 - project.config.screen_config - INFO - 最终像素坐标: Point2D(575.119503, 241.030002)
2025-09-26 15:12:00,102 - project.core.fitting.main - INFO - -----------------------------------------------
2025-09-26 15:12:00,102 - project.core.fitting.main - INFO - right 视线焦点: Point2D(575.119503, 241.030002)
2025-09-26 15:12:00,102 - project.core.fitting.main - INFO - -----------------------------------------------
2025-09-26 15:12:00,149 - project.data.data_manager - WARNING - 非RGB-D摄像头，使用默认深度图
2025-09-26 15:12:00,206 - project.core.recognition.landmark_extractor - WARNING - 关键点 148 原始y坐标超出范围: 1.006，已限制到边界
2025-09-26 15:12:00,206 - project.core.recognition.landmark_extractor - WARNING - 关键点 152 原始y坐标超出范围: 1.011，已限制到边界
2025-09-26 15:12:00,210 - project.core.recognition.landmark_extractor - WARNING - 关键点 377 原始y坐标超出范围: 1.006，已限制到边界
2025-09-26 15:12:00,212 - project.core.recognition.detector - INFO - 提取到 478 个关键点
2025-09-26 15:12:00,216 - project.core.recognition.landmark_extractor - INFO - 关键点验证通过
2025-09-26 15:12:00,216 - project.core.recognition.detector - INFO - 关键点验证结果: True
2025-09-26 15:12:00,220 - project.core.recognition.detector - INFO - 人脸检测成功，提取到 478 个关键点
2025-09-26 15:12:00,220 - project.core.recognition.main - INFO - 人脸检测成功
2025-09-26 15:12:00,225 - project.core.recognition.coordinate_converter - WARNING - 关键点 148 转换失败: 无效的深度值：nan，必须大于0.1米
2025-09-26 15:12:00,225 - project.core.recognition.coordinate_converter - WARNING - 关键点 152 转换失败: 无效的深度值：nan，必须大于0.1米
2025-09-26 15:12:00,225 - project.core.recognition.coordinate_converter - WARNING - 关键点 175 转换失败: 无效的深度值：nan，必须大于0.1米
2025-09-26 15:12:00,228 - project.core.recognition.coordinate_converter - WARNING - 关键点 377 转换失败: 无效的深度值：nan，必须大于0.1米
2025-09-26 15:12:00,228 - project.data.data_manager - INFO - RecgFitDataManager初始化 - debug_log: True, key_coordinates: True
2025-09-26 15:12:00,228 - project.data.data_manager - INFO - RecgFitDataManager初始化完成
2025-09-26 15:12:00,232 - __main__ - INFO - 收到识别完成信号，开始拟合...
2025-09-26 15:12:00,232 - __main__ - INFO - 开始拟合frame_id: 65
2025-09-26 15:12:00,232 - __main__ - INFO - 等待识别完成信号...
2025-09-26 15:12:00,232 - root - INFO - 数据质量: {'point_count': 17, 'fitting_point_count': 5, 'constraint_point_count': 12, 'visibility': 0.9905221659753378}
2025-09-26 15:12:00,232 - root - INFO - 选择策略: high_quality
2025-09-26 15:12:00,232 - root - INFO - 虹膜点拟合外接圆，圆心：[ 28.15795873  54.13026299 399.98082817]，半径：5.127848779269366
2025-09-26 15:12:00,271 - root - INFO - 数据质量: {'point_count': 13, 'fitting_point_count': 1, 'constraint_point_count': 12, 'visibility': 0.9602847736388924}
2025-09-26 15:12:00,273 - root - INFO - 选择策略: high_quality
2025-09-26 15:12:00,290 - project.core.fitting.main - INFO - ==============================================
2025-09-26 15:12:00,290 - project.core.fitting.main - INFO - 拟合结果:
2025-09-26 15:12:00,290 - project.core.fitting.main - INFO -   LEFT 眼: 拟合结果：
 球心：[ 28.95487415  54.37522541 409.93194767]
 半径：12.06502912815711
 置信度：0.6182057273016416
 收敛：False
 迭代次数：30
 最终残差范数：2.5775376383851905
 最终delta范数：5.675706538473511e-09
 使用策略：lm
2025-09-26 15:12:00,290 - project.core.fitting.main - INFO -   RIGHT 眼: 拟合结果：
 球心：[ 27.80043161  61.78248408 408.4841056 ]
 半径：12.450021712154811
 置信度：0.8999999987962768
 收敛：True
 迭代次数：13
 最终残差范数：0.72396862865748
 最终delta范数：0.042624868849944604
 使用策略：lm
2025-09-26 15:12:00,290 - project.core.fitting.main - INFO - ==============================================
2025-09-26 15:12:00,294 - project.config.screen_config - INFO - 瞳孔位置: Point3D(-52.834, 63.649, 400.542)
2025-09-26 15:12:00,294 - project.config.screen_config - INFO - 眼球位置: Point3D(28.955, 54.375, 409.932)
2025-09-26 15:12:00,294 - project.config.screen_config - INFO - 视线方向: Point3D(-81.789, 9.273, -9.390)
2025-09-26 15:12:00,294 - project.config.screen_config - INFO - 交点坐标: [-3541.74676567   459.2271624      0.        ]
2025-09-26 15:12:00,294 - project.config.screen_config - WARNING - 交点超出屏幕边界，已裁剪: Point2D(17720.384475, 1938.035893) -> Point2D(1439.000000, 959.000000)
2025-09-26 15:12:00,294 - project.config.screen_config - INFO - 最终像素坐标: Point2D(1439.000000, 959.000000)
2025-09-26 15:12:00,294 - project.core.fitting.main - INFO - -----------------------------------------------
2025-09-26 15:12:00,294 - project.core.fitting.main - INFO - left 视线焦点: Point2D(1439.000000, 959.000000)
2025-09-26 15:12:00,294 - project.core.fitting.main - INFO - -----------------------------------------------
2025-09-26 15:12:00,294 - project.config.screen_config - INFO - 瞳孔位置: Point3D(30.555, 62.157, 399.977)
2025-09-26 15:12:00,294 - project.config.screen_config - INFO - 眼球位置: Point3D(27.800, 61.782, 408.484)
2025-09-26 15:12:00,299 - project.config.screen_config - INFO - 视线方向: Point3D(2.754, 0.375, -8.508)
2025-09-26 15:12:00,300 - project.config.screen_config - INFO - 交点坐标: [160.04303275  79.77451636   0.        ]
2025-09-26 15:12:00,300 - project.config.screen_config - WARNING - 交点超出屏幕边界，已裁剪: Point2D(-48.206557, 319.037936) -> Point2D(0.000000, 319.037936)
2025-09-26 15:12:00,300 - project.config.screen_config - INFO - 最终像素坐标: Point2D(0.000000, 319.037936)
2025-09-26 15:12:00,300 - project.core.fitting.main - INFO - -----------------------------------------------
2025-09-26 15:12:00,300 - project.core.fitting.main - INFO - right 视线焦点: Point2D(0.000000, 319.037936)
2025-09-26 15:12:00,300 - project.core.fitting.main - INFO - -----------------------------------------------
2025-09-26 15:12:00,338 - project.data.data_manager - WARNING - 非RGB-D摄像头，使用默认深度图
2025-09-26 15:12:00,405 - project.core.recognition.landmark_extractor - WARNING - 关键点 148 原始y坐标超出范围: 1.005，已限制到边界
2025-09-26 15:12:00,407 - project.core.recognition.landmark_extractor - WARNING - 关键点 152 原始y坐标超出范围: 1.010，已限制到边界
2025-09-26 15:12:00,407 - project.core.recognition.landmark_extractor - WARNING - 关键点 175 原始y坐标超出范围: 1.001，已限制到边界
2025-09-26 15:12:00,413 - project.core.recognition.landmark_extractor - WARNING - 关键点 377 原始y坐标超出范围: 1.005，已限制到边界
2025-09-26 15:12:00,413 - project.core.recognition.detector - INFO - 提取到 478 个关键点
2025-09-26 15:12:00,418 - project.core.recognition.landmark_extractor - INFO - 关键点验证通过
2025-09-26 15:12:00,418 - project.core.recognition.detector - INFO - 关键点验证结果: True
2025-09-26 15:12:00,426 - project.core.recognition.detector - INFO - 人脸检测成功，提取到 478 个关键点
2025-09-26 15:12:00,426 - project.core.recognition.main - INFO - 人脸检测成功
2025-09-26 15:12:00,426 - project.core.recognition.coordinate_converter - WARNING - 关键点 148 转换失败: 无效的深度值：nan，必须大于0.1米
2025-09-26 15:12:00,426 - project.core.recognition.coordinate_converter - WARNING - 关键点 152 转换失败: 无效的深度值：nan，必须大于0.1米
2025-09-26 15:12:00,426 - project.core.recognition.coordinate_converter - WARNING - 关键点 175 转换失败: 无效的深度值：nan，必须大于0.1米
2025-09-26 15:12:00,432 - project.core.recognition.coordinate_converter - WARNING - 关键点 377 转换失败: 无效的深度值：nan，必须大于0.1米
2025-09-26 15:12:00,435 - project.data.data_manager - INFO - RecgFitDataManager初始化 - debug_log: True, key_coordinates: True
2025-09-26 15:12:00,435 - project.data.data_manager - INFO - RecgFitDataManager初始化完成
2025-09-26 15:12:00,435 - __main__ - INFO - 收到识别完成信号，开始拟合...
2025-09-26 15:12:00,435 - __main__ - INFO - 开始拟合frame_id: 66
2025-09-26 15:12:00,435 - __main__ - INFO - 等待识别完成信号...
2025-09-26 15:12:00,435 - root - INFO - 数据质量: {'point_count': 17, 'fitting_point_count': 5, 'constraint_point_count': 12, 'visibility': 0.9906469167158931}
2025-09-26 15:12:00,439 - root - INFO - 选择策略: high_quality
2025-09-26 15:12:00,439 - root - INFO - 虹膜点拟合外接圆，圆心：[ 32.16387562  53.43931265 399.83651787]，半径：9.256482241964198
2025-09-26 15:12:00,485 - root - INFO - 数据质量: {'point_count': 13, 'fitting_point_count': 1, 'constraint_point_count': 12, 'visibility': 0.9598178484218108}
2025-09-26 15:12:00,485 - root - INFO - 选择策略: high_quality
2025-09-26 15:12:00,500 - project.core.fitting.main - INFO - ==============================================
2025-09-26 15:12:00,500 - project.core.fitting.main - INFO - 拟合结果:
2025-09-26 15:12:00,500 - project.core.fitting.main - INFO -   LEFT 眼: 拟合结果：
 球心：[ 30.43817679  54.89926566 409.13080064]
 半径：12.088142827088705
 置信度：0.664247742416895
 收敛：False
 迭代次数：30
 最终残差范数：2.444718944487459
 最终delta范数：1.8621868603931246e-09
 使用策略：lm
2025-09-26 15:12:00,502 - project.core.fitting.main - INFO -   RIGHT 眼: 拟合结果：
 球心：[ 31.64785371  62.21777383 408.74254605]
 半径：12.450021010134346
 置信度：0.8999999995900884
 收敛：True
 迭代次数：13
 最终残差范数：0.723968622283998
 最终delta范数：0.031267101038605936
 使用策略：lm
2025-09-26 15:12:00,502 - project.core.fitting.main - INFO - ==============================================
2025-09-26 15:12:00,502 - project.config.screen_config - INFO - 瞳孔位置: Point3D(-52.458, 63.199, 400.364)
2025-09-26 15:12:00,502 - project.config.screen_config - INFO - 眼球位置: Point3D(30.438, 54.899, 409.131)
2025-09-26 15:12:00,502 - project.config.screen_config - INFO - 视线方向: Point3D(-82.896, 8.300, -8.767)
2025-09-26 15:12:00,502 - project.config.screen_config - INFO - 交点坐标: [-3838.18147363   442.25212814     0.        ]
2025-09-26 15:12:00,502 - project.config.screen_config - WARNING - 交点超出屏幕边界，已裁剪: Point2D(19143.271073, 1865.609080) -> Point2D(1439.000000, 959.000000)
2025-09-26 15:12:00,502 - project.config.screen_config - INFO - 最终像素坐标: Point2D(1439.000000, 959.000000)
2025-09-26 15:12:00,502 - project.core.fitting.main - INFO - -----------------------------------------------
2025-09-26 15:12:00,502 - project.core.fitting.main - INFO - left 视线焦点: Point2D(1439.000000, 959.000000)
2025-09-26 15:12:00,502 - project.core.fitting.main - INFO - -----------------------------------------------
2025-09-26 15:12:00,502 - project.config.screen_config - INFO - 瞳孔位置: Point3D(30.842, 61.520, 399.856)
2025-09-26 15:12:00,502 - project.config.screen_config - INFO - 眼球位置: Point3D(31.648, 62.218, 408.743)
2025-09-26 15:12:00,502 - project.config.screen_config - INFO - 视线方向: Point3D(-0.806, -0.698, -8.886)
2025-09-26 15:12:00,506 - project.config.screen_config - INFO - 交点坐标: [-5.41610525 30.0999513   0.        ]
2025-09-26 15:12:00,507 - project.config.screen_config - INFO - 最终像素坐标: Point2D(745.997305, 107.093126)
2025-09-26 15:12:00,507 - project.core.fitting.main - INFO - -----------------------------------------------
2025-09-26 15:12:00,507 - project.core.fitting.main - INFO - right 视线焦点: Point2D(745.997305, 107.093126)
2025-09-26 15:12:00,510 - project.core.fitting.main - INFO - -----------------------------------------------
2025-09-26 15:12:00,542 - project.data.data_manager - WARNING - 非RGB-D摄像头，使用默认深度图
2025-09-26 15:12:00,610 - project.core.recognition.landmark_extractor - WARNING - 关键点 148 原始y坐标超出范围: 1.002，已限制到边界
2025-09-26 15:12:00,614 - project.core.recognition.landmark_extractor - WARNING - 关键点 152 原始y坐标超出范围: 1.007，已限制到边界
2025-09-26 15:12:00,622 - project.core.recognition.landmark_extractor - WARNING - 关键点 377 原始y坐标超出范围: 1.001，已限制到边界
2025-09-26 15:12:00,625 - project.core.recognition.detector - INFO - 提取到 478 个关键点
2025-09-26 15:12:00,625 - project.core.recognition.landmark_extractor - INFO - 关键点验证通过
2025-09-26 15:12:00,625 - project.core.recognition.detector - INFO - 关键点验证结果: True
2025-09-26 15:12:00,629 - project.core.recognition.detector - INFO - 人脸检测成功，提取到 478 个关键点
2025-09-26 15:12:00,629 - project.core.recognition.main - INFO - 人脸检测成功
2025-09-26 15:12:00,637 - project.core.recognition.coordinate_converter - WARNING - 关键点 148 转换失败: 无效的深度值：nan，必须大于0.1米
2025-09-26 15:12:00,637 - project.core.recognition.coordinate_converter - WARNING - 关键点 152 转换失败: 无效的深度值：nan，必须大于0.1米
2025-09-26 15:12:00,637 - project.core.recognition.coordinate_converter - WARNING - 关键点 377 转换失败: 无效的深度值：nan，必须大于0.1米
2025-09-26 15:12:00,641 - project.data.data_manager - INFO - RecgFitDataManager初始化 - debug_log: True, key_coordinates: True
2025-09-26 15:12:00,644 - project.data.data_manager - INFO - RecgFitDataManager初始化完成
2025-09-26 15:12:00,644 - __main__ - INFO - 收到识别完成信号，开始拟合...
2025-09-26 15:12:00,644 - __main__ - INFO - 开始拟合frame_id: 67
2025-09-26 15:12:00,644 - __main__ - INFO - 等待识别完成信号...
2025-09-26 15:12:00,646 - root - INFO - 数据质量: {'point_count': 17, 'fitting_point_count': 5, 'constraint_point_count': 12, 'visibility': 0.9906891087637449}
2025-09-26 15:12:00,646 - root - INFO - 选择策略: high_quality
2025-09-26 15:12:00,646 - root - INFO - 虹膜点拟合外接圆，圆心：[ 12.80005557  55.1299493  400.20108223]，半径：62.18337470728803
2025-09-26 15:12:00,646 - root - WARNING - 虹膜点拟合失败: Invalid triangle: iris_to_center_median(11.219999999999999) < circle_radius(62.18337470728803)
2025-09-26 15:12:00,679 - root - INFO - 数据质量: {'point_count': 14, 'fitting_point_count': 2, 'constraint_point_count': 12, 'visibility': 0.9834874694126381}
2025-09-26 15:12:00,679 - root - INFO - 选择策略: high_quality
2025-09-26 15:12:00,679 - project.core.fitting.main - INFO - ==============================================
2025-09-26 15:12:00,683 - project.core.fitting.main - INFO - 拟合结果:
2025-09-26 15:12:00,686 - project.core.fitting.main - INFO -   LEFT 眼: 拟合结果：
 球心：[-50.7213488   53.09713067 405.60019733]
 半径：12.453605002543444
 置信度：0.3592313293917216
 收敛：True
 迭代次数：17
 最终残差范数：2.699443589942533
 最终delta范数：0.06570771411081663
 使用策略：lm
2025-09-26 15:12:00,687 - project.core.fitting.main - INFO -   RIGHT 眼: 拟合结果：
 球心：[ 28.13230952  56.44954244 408.75480051]
 半径：12.385021773341958
 置信度：0.8997503994699091
 收敛：True
 迭代次数：3
 最终残差范数：0.7244936760305538
 最终delta范数：0.04328660214409202
 使用策略：lm
2025-09-26 15:12:00,687 - project.core.fitting.main - INFO - ==============================================
2025-09-26 15:12:00,687 - project.config.screen_config - INFO - 瞳孔位置: Point3D(-57.742, 55.970, 400.678)
2025-09-26 15:12:00,688 - project.config.screen_config - INFO - 眼球位置: Point3D(-50.721, 53.097, 405.600)
2025-09-26 15:12:00,688 - project.config.screen_config - INFO - 视线方向: Point3D(-7.020, 2.873, -4.922)
2025-09-26 15:12:00,688 - project.config.screen_config - INFO - 交点坐标: [-629.18878209  289.79565559    0.        ]
2025-09-26 15:12:00,688 - project.config.screen_config - WARNING - 交点超出屏幕边界，已裁剪: Point2D(3740.106154, 1215.128131) -> Point2D(1439.000000, 959.000000)
2025-09-26 15:12:00,688 - project.config.screen_config - INFO - 最终像素坐标: Point2D(1439.000000, 959.000000)
2025-09-26 15:12:00,688 - project.core.fitting.main - INFO - -----------------------------------------------
2025-09-26 15:12:00,688 - project.core.fitting.main - INFO - left 视线焦点: Point2D(1439.000000, 959.000000)
2025-09-26 15:12:00,688 - project.core.fitting.main - INFO - -----------------------------------------------
2025-09-26 15:12:00,688 - project.config.screen_config - INFO - 瞳孔位置: Point3D(26.347, 54.633, 400.181)
2025-09-26 15:12:00,688 - project.config.screen_config - INFO - 眼球位置: Point3D(28.132, 56.450, 408.755)
2025-09-26 15:12:00,688 - project.config.screen_config - INFO - 视线方向: Point3D(-1.785, -1.816, -8.573)
2025-09-26 15:12:00,688 - project.config.screen_config - INFO - 交点坐标: [-56.97285429 -30.13613282   0.        ]
2025-09-26 15:12:00,692 - project.config.screen_config - WARNING - 交点超出屏幕边界，已裁剪: Point2D(993.469701, -149.914167) -> Point2D(993.469701, 0.000000)
2025-09-26 15:12:00,692 - project.config.screen_config - INFO - 最终像素坐标: Point2D(993.469701, 0.000000)
2025-09-26 15:12:00,692 - project.core.fitting.main - INFO - -----------------------------------------------
2025-09-26 15:12:00,692 - project.core.fitting.main - INFO - right 视线焦点: Point2D(993.469701, 0.000000)
2025-09-26 15:12:00,692 - project.core.fitting.main - INFO - -----------------------------------------------
2025-09-26 15:12:00,756 - project.data.data_manager - WARNING - 非RGB-D摄像头，使用默认深度图
2025-09-26 15:12:00,829 - project.core.recognition.landmark_extractor - WARNING - 关键点 148 原始y坐标超出范围: 1.000，已限制到边界
2025-09-26 15:12:00,830 - project.core.recognition.landmark_extractor - WARNING - 关键点 152 原始y坐标超出范围: 1.004，已限制到边界
2025-09-26 15:12:00,835 - project.core.recognition.detector - INFO - 提取到 478 个关键点
2025-09-26 15:12:00,840 - project.core.recognition.landmark_extractor - INFO - 关键点验证通过
2025-09-26 15:12:00,840 - project.core.recognition.detector - INFO - 关键点验证结果: True
2025-09-26 15:12:00,844 - project.core.recognition.detector - INFO - 人脸检测成功，提取到 478 个关键点
2025-09-26 15:12:00,844 - project.core.recognition.main - INFO - 人脸检测成功
2025-09-26 15:12:00,847 - project.core.recognition.coordinate_converter - WARNING - 关键点 148 转换失败: 无效的深度值：nan，必须大于0.1米
2025-09-26 15:12:00,847 - project.core.recognition.coordinate_converter - WARNING - 关键点 152 转换失败: 无效的深度值：nan，必须大于0.1米
2025-09-26 15:12:00,852 - project.core.recognition.coordinate_converter - WARNING - 关键点 377 转换失败: 无效的深度值：nan，必须大于0.1米
2025-09-26 15:12:00,853 - project.data.data_manager - INFO - RecgFitDataManager初始化 - debug_log: True, key_coordinates: True
2025-09-26 15:12:00,853 - project.data.data_manager - INFO - RecgFitDataManager初始化完成
2025-09-26 15:12:00,853 - __main__ - INFO - 收到识别完成信号，开始拟合...
2025-09-26 15:12:00,853 - __main__ - INFO - 开始拟合frame_id: 68
2025-09-26 15:12:00,856 - __main__ - INFO - 等待识别完成信号...
2025-09-26 15:12:00,856 - root - INFO - 数据质量: {'point_count': 17, 'fitting_point_count': 5, 'constraint_point_count': 12, 'visibility': 0.990845834568307}
2025-09-26 15:12:00,856 - root - INFO - 选择策略: high_quality
2025-09-26 15:12:00,856 - root - INFO - 虹膜点拟合外接圆，圆心：[ 15.09430743  53.45337128 400.26009083]，半径：62.10952064193134
2025-09-26 15:12:00,856 - root - WARNING - 虹膜点拟合失败: Invalid triangle: iris_to_center_median(11.219999999999999) < circle_radius(62.10952064193134)
2025-09-26 15:12:00,879 - root - INFO - 数据质量: {'point_count': 14, 'fitting_point_count': 2, 'constraint_point_count': 12, 'visibility': 0.9834936317368791}
2025-09-26 15:12:00,879 - root - INFO - 选择策略: high_quality
2025-09-26 15:12:00,882 - project.core.fitting.main - INFO - ==============================================
2025-09-26 15:12:00,882 - project.core.fitting.main - INFO - 拟合结果:
2025-09-26 15:12:00,886 - project.core.fitting.main - INFO -   LEFT 眼: 拟合结果：
 球心：[-47.65385108  52.28660223 405.05803885]
 半径：12.453876620358665
 置信度：0.3592070122029245
 收敛：True
 迭代次数：17
 最终残差范数：2.6995639445874002
 最终delta范数：0.07571860375120562
 使用策略：lm
2025-09-26 15:12:00,886 - project.core.fitting.main - INFO -   RIGHT 眼: 拟合结果：
 球心：[ 30.22946312  56.45232876 408.81125259]
 半径：12.385021583664598
 置信度：0.899750382981933
 收敛：True
 迭代次数：3
 最终残差范数：0.7244936732268882
 最终delta范数：0.04099708393005868
 使用策略：lm
2025-09-26 15:12:00,886 - project.core.fitting.main - INFO - ==============================================
2025-09-26 15:12:00,886 - project.config.screen_config - INFO - 瞳孔位置: Point3D(-54.729, 55.361, 400.336)
2025-09-26 15:12:00,886 - project.config.screen_config - INFO - 眼球位置: Point3D(-47.654, 52.287, 405.058)
2025-09-26 15:12:00,886 - project.config.screen_config - INFO - 视线方向: Point3D(-7.075, 3.074, -4.722)
2025-09-26 15:12:00,886 - project.config.screen_config - INFO - 交点坐标: [-6.54489647e+02  3.15981076e+02 -5.68434189e-14]
2025-09-26 15:12:00,886 - project.config.screen_config - WARNING - 交点超出屏幕边界，已裁剪: Point2D(3861.550307, 1326.852591) -> Point2D(1439.000000, 959.000000)
2025-09-26 15:12:00,890 - project.config.screen_config - INFO - 最终像素坐标: Point2D(1439.000000, 959.000000)
2025-09-26 15:12:00,890 - project.core.fitting.main - INFO - -----------------------------------------------
2025-09-26 15:12:00,890 - project.core.fitting.main - INFO - left 视线焦点: Point2D(1439.000000, 959.000000)
2025-09-26 15:12:00,890 - project.core.fitting.main - INFO - -----------------------------------------------
2025-09-26 15:12:00,890 - project.config.screen_config - INFO - 瞳孔位置: Point3D(28.545, 54.725, 400.199)
2025-09-26 15:12:00,890 - project.config.screen_config - INFO - 眼球位置: Point3D(30.229, 56.452, 408.811)
2025-09-26 15:12:00,890 - project.config.screen_config - INFO - 视线方向: Point3D(-1.684, -1.728, -8.612)
2025-09-26 15:12:00,890 - project.config.screen_config - INFO - 交点坐标: [-49.72436656 -25.55721443   0.        ]
2025-09-26 15:12:00,890 - project.config.screen_config - WARNING - 交点超出屏幕边界，已裁剪: Point2D(958.676959, -130.377448) -> Point2D(958.676959, 0.000000)
2025-09-26 15:12:00,890 - project.config.screen_config - INFO - 最终像素坐标: Point2D(958.676959, 0.000000)
2025-09-26 15:12:00,894 - project.core.fitting.main - INFO - -----------------------------------------------
2025-09-26 15:12:00,894 - project.core.fitting.main - INFO - right 视线焦点: Point2D(958.676959, 0.000000)
2025-09-26 15:12:00,894 - project.core.fitting.main - INFO - -----------------------------------------------
2025-09-26 15:12:00,962 - project.data.data_manager - WARNING - 非RGB-D摄像头，使用默认深度图
2025-09-26 15:12:01,025 - project.core.recognition.landmark_extractor - WARNING - 关键点 148 原始y坐标超出范围: 1.002，已限制到边界
2025-09-26 15:12:01,025 - project.core.recognition.landmark_extractor - WARNING - 关键点 152 原始y坐标超出范围: 1.006，已限制到边界
2025-09-26 15:12:01,035 - project.core.recognition.detector - INFO - 提取到 478 个关键点
2025-09-26 15:12:01,037 - project.core.recognition.landmark_extractor - INFO - 关键点验证通过
2025-09-26 15:12:01,039 - project.core.recognition.detector - INFO - 关键点验证结果: True
2025-09-26 15:12:01,044 - project.core.recognition.detector - INFO - 人脸检测成功，提取到 478 个关键点
2025-09-26 15:12:01,044 - project.core.recognition.main - INFO - 人脸检测成功
2025-09-26 15:12:01,045 - project.core.recognition.coordinate_converter - WARNING - 关键点 148 转换失败: 无效的深度值：nan，必须大于0.1米
2025-09-26 15:12:01,045 - project.core.recognition.coordinate_converter - WARNING - 关键点 152 转换失败: 无效的深度值：nan，必须大于0.1米
2025-09-26 15:12:01,049 - project.core.recognition.coordinate_converter - WARNING - 关键点 377 转换失败: 无效的深度值：nan，必须大于0.1米
2025-09-26 15:12:01,054 - project.data.data_manager - INFO - RecgFitDataManager初始化 - debug_log: True, key_coordinates: True
2025-09-26 15:12:01,054 - project.data.data_manager - INFO - RecgFitDataManager初始化完成
2025-09-26 15:12:01,054 - __main__ - INFO - 收到识别完成信号，开始拟合...
2025-09-26 15:12:01,054 - __main__ - INFO - 开始拟合frame_id: 69
2025-09-26 15:12:01,054 - __main__ - INFO - 等待识别完成信号...
2025-09-26 15:12:01,058 - root - INFO - 数据质量: {'point_count': 17, 'fitting_point_count': 5, 'constraint_point_count': 12, 'visibility': 0.9907014681569682}
2025-09-26 15:12:01,058 - root - INFO - 选择策略: high_quality
2025-09-26 15:12:01,058 - root - INFO - 虹膜点拟合外接圆，圆心：[ 42.84436471  53.63003785 400.39582551]，半径：5.472767002494473
2025-09-26 15:12:01,062 - root - INFO - 数据质量: {'point_count': 14, 'fitting_point_count': 2, 'constraint_point_count': 12, 'visibility': 0.9826368324441709}
2025-09-26 15:12:01,062 - root - INFO - 选择策略: high_quality
2025-09-26 15:12:01,069 - project.core.fitting.main - INFO - ==============================================
2025-09-26 15:12:01,070 - project.core.fitting.main - INFO - 拟合结果:
2025-09-26 15:12:01,070 - project.core.fitting.main - INFO -   LEFT 眼: 拟合结果：
 球心：[ 44.10660207  52.20069155 410.65397659]
 半径：12.339418711665477
 置信度：0.5393939722334633
 收敛：True
 迭代次数：3
 最终残差范数：2.2453785997712337
 最终delta范数：0.06434889037483345
 使用策略：lm
2025-09-26 15:12:01,070 - project.core.fitting.main - INFO -   RIGHT 眼: 拟合结果：
 球心：[ 35.638083    56.71729798 408.96954167]
 半径：12.385021230267087
 置信度：0.899750321513654
 收敛：True
 迭代次数：3
 最终残差范数：0.7244936650738742
 最终delta范数：0.03174840560728087
 使用策略：lm
2025-09-26 15:12:01,070 - project.core.fitting.main - INFO - ==============================================
2025-09-26 15:12:01,070 - project.config.screen_config - INFO - 瞳孔位置: Point3D(-48.226, 55.114, 399.961)
2025-09-26 15:12:01,070 - project.config.screen_config - INFO - 眼球位置: Point3D(44.107, 52.201, 410.654)
2025-09-26 15:12:01,070 - project.config.screen_config - INFO - 视线方向: Point3D(-92.333, 2.913, -10.693)
2025-09-26 15:12:01,070 - project.config.screen_config - INFO - 交点坐标: [-3501.70957588   164.06801234     0.        ]
2025-09-26 15:12:01,070 - project.config.screen_config - WARNING - 交点超出屏幕边界，已裁剪: Point2D(17528.205964, 678.690186) -> Point2D(1439.000000, 678.690186)
2025-09-26 15:12:01,070 - project.config.screen_config - INFO - 最终像素坐标: Point2D(1439.000000, 678.690186)
2025-09-26 15:12:01,070 - project.core.fitting.main - INFO - -----------------------------------------------
2025-09-26 15:12:01,070 - project.core.fitting.main - INFO - left 视线焦点: Point2D(1439.000000, 678.690186)
2025-09-26 15:12:01,070 - project.core.fitting.main - INFO - -----------------------------------------------
2025-09-26 15:12:01,074 - project.config.screen_config - INFO - 瞳孔位置: Point3D(34.093, 55.137, 400.303)
2025-09-26 15:12:01,074 - project.config.screen_config - INFO - 眼球位置: Point3D(35.638, 56.717, 408.970)
2025-09-26 15:12:01,074 - project.config.screen_config - INFO - 视线方向: Point3D(-1.545, -1.580, -8.666)
2025-09-26 15:12:01,074 - project.config.screen_config - INFO - 交点坐标: [-37.26285101 -17.84678126   0.        ]
2025-09-26 15:12:01,074 - project.config.screen_config - WARNING - 交点超出屏幕边界，已裁剪: Point2D(898.861685, -97.479600) -> Point2D(898.861685, 0.000000)
2025-09-26 15:12:01,074 - project.config.screen_config - INFO - 最终像素坐标: Point2D(898.861685, 0.000000)
2025-09-26 15:12:01,074 - project.core.fitting.main - INFO - -----------------------------------------------
2025-09-26 15:12:01,074 - project.core.fitting.main - INFO - right 视线焦点: Point2D(898.861685, 0.000000)
2025-09-26 15:12:01,074 - project.core.fitting.main - INFO - -----------------------------------------------
2025-09-26 15:12:01,162 - project.data.data_manager - WARNING - 非RGB-D摄像头，使用默认深度图
2025-09-26 15:12:01,222 - project.core.recognition.landmark_extractor - WARNING - 关键点 148 原始y坐标超出范围: 1.005，已限制到边界
2025-09-26 15:12:01,222 - project.core.recognition.landmark_extractor - WARNING - 关键点 152 原始y坐标超出范围: 1.009，已限制到边界
2025-09-26 15:12:01,225 - project.core.recognition.landmark_extractor - WARNING - 关键点 377 原始y坐标超出范围: 1.003，已限制到边界
2025-09-26 15:12:01,227 - project.core.recognition.detector - INFO - 提取到 478 个关键点
2025-09-26 15:12:01,227 - project.core.recognition.landmark_extractor - INFO - 关键点验证通过
2025-09-26 15:12:01,227 - project.core.recognition.detector - INFO - 关键点验证结果: True
2025-09-26 15:12:01,231 - project.core.recognition.detector - INFO - 人脸检测成功，提取到 478 个关键点
2025-09-26 15:12:01,231 - project.core.recognition.main - INFO - 人脸检测成功
2025-09-26 15:12:01,235 - project.core.recognition.coordinate_converter - WARNING - 关键点 148 转换失败: 无效的深度值：nan，必须大于0.1米
2025-09-26 15:12:01,235 - project.core.recognition.coordinate_converter - WARNING - 关键点 152 转换失败: 无效的深度值：nan，必须大于0.1米
2025-09-26 15:12:01,235 - project.core.recognition.coordinate_converter - WARNING - 关键点 377 转换失败: 无效的深度值：nan，必须大于0.1米
2025-09-26 15:12:01,235 - project.data.data_manager - INFO - RecgFitDataManager初始化 - debug_log: True, key_coordinates: True
2025-09-26 15:12:01,235 - project.data.data_manager - INFO - RecgFitDataManager初始化完成
2025-09-26 15:12:01,239 - __main__ - INFO - 收到识别完成信号，开始拟合...
2025-09-26 15:12:01,239 - __main__ - INFO - 开始拟合frame_id: 70
2025-09-26 15:12:01,239 - __main__ - INFO - 等待识别完成信号...
2025-09-26 15:12:01,239 - root - INFO - 数据质量: {'point_count': 17, 'fitting_point_count': 5, 'constraint_point_count': 12, 'visibility': 0.990723023892568}
2025-09-26 15:12:01,239 - root - INFO - 选择策略: high_quality
2025-09-26 15:12:01,244 - root - INFO - 虹膜点拟合外接圆，圆心：[  2.0987294   58.99569664 400.41779727]，半径：46.711180407264635
2025-09-26 15:12:01,244 - root - WARNING - 虹膜点拟合失败: Invalid triangle: iris_to_center_median(11.219999999999999) < circle_radius(46.711180407264635)
2025-09-26 15:12:01,265 - root - INFO - 数据质量: {'point_count': 14, 'fitting_point_count': 2, 'constraint_point_count': 12, 'visibility': 0.9536887221561834}
2025-09-26 15:12:01,265 - root - INFO - 选择策略: high_quality
2025-09-26 15:12:01,269 - project.core.fitting.main - INFO - ==============================================
2025-09-26 15:12:01,269 - project.core.fitting.main - INFO - 拟合结果:
2025-09-26 15:12:01,269 - project.core.fitting.main - INFO -   LEFT 眼: 拟合结果：
 球心：[-42.21322808  51.55456247 404.6575264 ]
 半径：12.450716968314074
 置信度：0.35916391722586083
 收敛：True
 迭代次数：19
 最终残差范数：2.6997170898796967
 最终delta范数：0.07085032950818922
 使用策略：lm
2025-09-26 15:12:01,269 - project.core.fitting.main - INFO -   RIGHT 眼: 拟合结果：
 球心：[ 35.79838333  57.82903    409.14981291]
 半径：12.385021503311549
 置信度：0.8997503529583165
 收敛：True
 迭代次数：3
 最终残差范数：0.724493668937723
 最终delta范数：0.03685484779305028
 使用策略：lm
2025-09-26 15:12:01,269 - project.core.fitting.main - INFO - ==============================================
2025-09-26 15:12:01,269 - project.config.screen_config - INFO - 瞳孔位置: Point3D(-49.233, 55.033, 400.137)
2025-09-26 15:12:01,269 - project.config.screen_config - INFO - 眼球位置: Point3D(-42.213, 51.555, 404.658)
2025-09-26 15:12:01,269 - project.config.screen_config - INFO - 视线方向: Point3D(-7.020, 3.479, -4.520)
2025-09-26 15:12:01,269 - project.config.screen_config - INFO - 交点坐标: [-670.66715188  362.98266671    0.        ]
2025-09-26 15:12:01,269 - project.config.screen_config - WARNING - 交点超出屏幕边界，已裁剪: Point2D(3939.202329, 1527.392711) -> Point2D(1439.000000, 959.000000)
2025-09-26 15:12:01,273 - project.config.screen_config - INFO - 最终像素坐标: Point2D(1439.000000, 959.000000)
2025-09-26 15:12:01,273 - project.core.fitting.main - INFO - -----------------------------------------------
2025-09-26 15:12:01,273 - project.core.fitting.main - INFO - left 视线焦点: Point2D(1439.000000, 959.000000)
2025-09-26 15:12:01,273 - project.core.fitting.main - INFO - -----------------------------------------------
2025-09-26 15:12:01,273 - project.config.screen_config - INFO - 瞳孔位置: Point3D(34.155, 56.142, 400.522)
2025-09-26 15:12:01,273 - project.config.screen_config - INFO - 眼球位置: Point3D(35.798, 57.829, 409.150)
2025-09-26 15:12:01,273 - project.config.screen_config - INFO - 视线方向: Point3D(-1.644, -1.687, -8.628)
2025-09-26 15:12:01,273 - project.config.screen_config - INFO - 交点坐标: [-4.21504997e+01 -2.21631327e+01  5.68434189e-14]
2025-09-26 15:12:01,273 - project.config.screen_config - WARNING - 交点超出屏幕边界，已裁剪: Point2D(922.322399, -115.896033) -> Point2D(922.322399, 0.000000)
2025-09-26 15:12:01,273 - project.config.screen_config - INFO - 最终像素坐标: Point2D(922.322399, 0.000000)
2025-09-26 15:12:01,273 - project.core.fitting.main - INFO - -----------------------------------------------
2025-09-26 15:12:01,273 - project.core.fitting.main - INFO - right 视线焦点: Point2D(922.322399, 0.000000)
2025-09-26 15:12:01,273 - project.core.fitting.main - INFO - -----------------------------------------------
2025-09-26 15:12:01,345 - project.data.data_manager - WARNING - 非RGB-D摄像头，使用默认深度图
2025-09-26 15:12:01,404 - project.core.recognition.landmark_extractor - WARNING - 关键点 152 原始y坐标超出范围: 1.002，已限制到边界
2025-09-26 15:12:01,408 - project.core.recognition.detector - INFO - 提取到 478 个关键点
2025-09-26 15:12:01,413 - project.core.recognition.landmark_extractor - INFO - 关键点验证通过
2025-09-26 15:12:01,413 - project.core.recognition.detector - INFO - 关键点验证结果: True
2025-09-26 15:12:01,417 - project.core.recognition.detector - INFO - 人脸检测成功，提取到 478 个关键点
2025-09-26 15:12:01,421 - project.core.recognition.main - INFO - 人脸检测成功
2025-09-26 15:12:01,423 - project.core.recognition.coordinate_converter - WARNING - 关键点 148 转换失败: 无效的深度值：nan，必须大于0.1米
2025-09-26 15:12:01,423 - project.core.recognition.coordinate_converter - WARNING - 关键点 152 转换失败: 无效的深度值：nan，必须大于0.1米
2025-09-26 15:12:01,425 - project.data.data_manager - INFO - RecgFitDataManager初始化 - debug_log: True, key_coordinates: True
2025-09-26 15:12:01,425 - project.data.data_manager - INFO - RecgFitDataManager初始化完成
2025-09-26 15:12:01,425 - __main__ - INFO - 收到识别完成信号，开始拟合...
2025-09-26 15:12:01,425 - __main__ - INFO - 开始拟合frame_id: 71
2025-09-26 15:12:01,430 - __main__ - INFO - 等待识别完成信号...
2025-09-26 15:12:01,430 - root - INFO - 数据质量: {'point_count': 17, 'fitting_point_count': 5, 'constraint_point_count': 12, 'visibility': 0.9909798100380443}
2025-09-26 15:12:01,432 - root - INFO - 选择策略: high_quality
2025-09-26 15:12:01,432 - root - INFO - 虹膜点拟合外接圆，圆心：[ -3.2874868   57.1773828  400.37749708]，半径：39.3154855915077
2025-09-26 15:12:01,432 - root - WARNING - 虹膜点拟合失败: Invalid triangle: iris_to_center_median(11.219999999999999) < circle_radius(39.3154855915077)
2025-09-26 15:12:01,442 - root - INFO - 数据质量: {'point_count': 15, 'fitting_point_count': 3, 'constraint_point_count': 12, 'visibility': 0.9790066253613745}
2025-09-26 15:12:01,442 - root - INFO - 选择策略: high_quality
2025-09-26 15:12:01,447 - project.core.fitting.main - INFO - ==============================================
2025-09-26 15:12:01,447 - project.core.fitting.main - INFO - 拟合结果:
2025-09-26 15:12:01,447 - project.core.fitting.main - INFO -   LEFT 眼: 拟合结果：
 球心：[-42.05867611  53.15077437 407.71725151]
 半径：12.386726525850726
 置信度：0.5395958342700613
 收敛：True
 迭代次数：4
 最终残差范数：2.2441411968267344
 最终delta范数：0.001859332318635926
 使用策略：lm
2025-09-26 15:12:01,447 - project.core.fitting.main - INFO -   RIGHT 眼: 拟合结果：
 球心：[ 40.3263013   54.30930698 408.19408314]
 半径：12.363351584250664
 置信度：0.8998037686927479
 收敛：True
 迭代次数：3
 最终残差范数：0.7246699204616899
 最终delta范数：0.05390435112332701
 使用策略：lm
2025-09-26 15:12:01,447 - project.core.fitting.main - INFO - ==============================================
2025-09-26 15:12:01,447 - project.config.screen_config - INFO - 瞳孔位置: Point3D(-42.501, 48.321, 400.245)
2025-09-26 15:12:01,447 - project.config.screen_config - INFO - 眼球位置: Point3D(-42.059, 53.151, 407.717)
2025-09-26 15:12:01,447 - project.config.screen_config - INFO - 视线方向: Point3D(-0.442, -4.830, -7.472)
2025-09-26 15:12:01,447 - project.config.screen_config - INFO - 交点坐标: [ -66.16811464 -210.37178184    0.        ]
2025-09-26 15:12:01,451 - project.config.screen_config - WARNING - 交点超出屏幕边界，已裁剪: Point2D(1037.606950, -918.919603) -> Point2D(1037.606950, 0.000000)
2025-09-26 15:12:01,451 - project.config.screen_config - INFO - 最终像素坐标: Point2D(1037.606950, 0.000000)
2025-09-26 15:12:01,451 - project.core.fitting.main - INFO - -----------------------------------------------
2025-09-26 15:12:01,451 - project.core.fitting.main - INFO - left 视线焦点: Point2D(1037.606950, 0.000000)
2025-09-26 15:12:01,451 - project.core.fitting.main - INFO - -----------------------------------------------
2025-09-26 15:12:01,451 - project.config.screen_config - INFO - 瞳孔位置: Point3D(39.993, 49.836, 400.460)
2025-09-26 15:12:01,451 - project.config.screen_config - INFO - 眼球位置: Point3D(40.326, 54.309, 408.194)
2025-09-26 15:12:01,451 - project.config.screen_config - INFO - 视线方向: Point3D(-0.333, -4.474, -7.735)
2025-09-26 15:12:01,451 - project.config.screen_config - INFO - 交点坐标: [  22.72688124 -181.79307983    0.        ]
2025-09-26 15:12:01,451 - project.config.screen_config - WARNING - 交点超出屏幕边界，已裁剪: Point2D(610.910970, -796.983807) -> Point2D(610.910970, 0.000000)
2025-09-26 15:12:01,451 - project.config.screen_config - INFO - 最终像素坐标: Point2D(610.910970, 0.000000)
2025-09-26 15:12:01,455 - project.core.fitting.main - INFO - -----------------------------------------------
2025-09-26 15:12:01,455 - project.core.fitting.main - INFO - right 视线焦点: Point2D(610.910970, 0.000000)
2025-09-26 15:12:01,456 - project.core.fitting.main - INFO - -----------------------------------------------
2025-09-26 15:12:01,534 - project.data.data_manager - WARNING - 非RGB-D摄像头，使用默认深度图
2025-09-26 15:12:01,599 - project.core.recognition.landmark_extractor - WARNING - 关键点 152 原始y坐标超出范围: 1.002，已限制到边界
2025-09-26 15:12:01,608 - project.core.recognition.detector - INFO - 提取到 478 个关键点
2025-09-26 15:12:01,610 - project.core.recognition.landmark_extractor - INFO - 关键点验证通过
2025-09-26 15:12:01,610 - project.core.recognition.detector - INFO - 关键点验证结果: True
2025-09-26 15:12:01,616 - project.core.recognition.detector - INFO - 人脸检测成功，提取到 478 个关键点
2025-09-26 15:12:01,616 - project.core.recognition.main - INFO - 人脸检测成功
2025-09-26 15:12:01,621 - project.core.recognition.coordinate_converter - WARNING - 关键点 148 转换失败: 无效的深度值：nan，必须大于0.1米
2025-09-26 15:12:01,621 - project.core.recognition.coordinate_converter - WARNING - 关键点 152 转换失败: 无效的深度值：nan，必须大于0.1米
2025-09-26 15:12:01,624 - project.data.data_manager - INFO - RecgFitDataManager初始化 - debug_log: True, key_coordinates: True
2025-09-26 15:12:01,624 - project.data.data_manager - INFO - RecgFitDataManager初始化完成
2025-09-26 15:12:01,624 - __main__ - INFO - 收到识别完成信号，开始拟合...
2025-09-26 15:12:01,624 - __main__ - INFO - 开始拟合frame_id: 72
2025-09-26 15:12:01,624 - __main__ - INFO - 等待识别完成信号...
2025-09-26 15:12:01,628 - root - INFO - 数据质量: {'point_count': 17, 'fitting_point_count': 5, 'constraint_point_count': 12, 'visibility': 0.990984042327491}
2025-09-26 15:12:01,628 - root - INFO - 选择策略: high_quality
2025-09-26 15:12:01,630 - root - INFO - 虹膜点拟合外接圆，圆心：[  1.41825497  60.65255845 400.18702298]，半径：39.76056181639452
2025-09-26 15:12:01,630 - root - WARNING - 虹膜点拟合失败: Invalid triangle: iris_to_center_median(11.219999999999999) < circle_radius(39.76056181639452)
2025-09-26 15:12:01,635 - root - INFO - 数据质量: {'point_count': 15, 'fitting_point_count': 3, 'constraint_point_count': 12, 'visibility': 0.9788566177673653}
2025-09-26 15:12:01,635 - root - INFO - 选择策略: high_quality
2025-09-26 15:12:01,640 - project.core.fitting.main - INFO - ==============================================
2025-09-26 15:12:01,641 - project.core.fitting.main - INFO - 拟合结果:
2025-09-26 15:12:01,641 - project.core.fitting.main - INFO -   LEFT 眼: 拟合结果：
 球心：[-41.24524672  55.2046117  407.34953704]
 半径：12.38667326381957
 置信度：0.5396176594269101
 收敛：True
 迭代次数：4
 最终残差范数：2.243987985574595
 最终delta范数：0.003615760168509702
 使用策略：lm
2025-09-26 15:12:01,641 - project.core.fitting.main - INFO -   RIGHT 眼: 拟合结果：
 球心：[ 42.16481183  55.47047551 408.28172333]
 半径：12.36334865380576
 置信度：0.8998032541220964
 收敛：True
 迭代次数：3
 最终残差范数：0.7246698491059762
 最终delta范数：0.018137622039430826
 使用策略：lm
2025-09-26 15:12:01,641 - project.core.fitting.main - INFO - ==============================================
2025-09-26 15:12:01,641 - project.config.screen_config - INFO - 瞳孔位置: Point3D(-41.528, 50.087, 400.063)
2025-09-26 15:12:01,641 - project.config.screen_config - INFO - 眼球位置: Point3D(-41.245, 55.205, 407.350)
2025-09-26 15:12:01,641 - project.config.screen_config - INFO - 视线方向: Point3D(-0.282, -5.118, -7.286)
2025-09-26 15:12:01,641 - project.config.screen_config - INFO - 交点坐标: [ -57.03124714 -230.89566277    0.        ]
2025-09-26 15:12:01,641 - project.config.screen_config - WARNING - 交点超出屏幕边界，已裁剪: Point2D(993.749986, -1006.488161) -> Point2D(993.749986, 0.000000)
2025-09-26 15:12:01,641 - project.config.screen_config - INFO - 最终像素坐标: Point2D(993.749986, 0.000000)
2025-09-26 15:12:01,641 - project.core.fitting.main - INFO - -----------------------------------------------
2025-09-26 15:12:01,641 - project.core.fitting.main - INFO - left 视线焦点: Point2D(993.749986, 0.000000)
2025-09-26 15:12:01,641 - project.core.fitting.main - INFO - -----------------------------------------------
2025-09-26 15:12:01,641 - project.config.screen_config - INFO - 瞳孔位置: Point3D(41.036, 51.701, 400.253)
2025-09-26 15:12:01,641 - project.config.screen_config - INFO - 眼球位置: Point3D(42.165, 55.470, 408.282)
2025-09-26 15:12:01,645 - project.config.screen_config - INFO - 视线方向: Point3D(-1.128, -3.770, -8.029)
2025-09-26 15:12:01,645 - project.config.screen_config - INFO - 交点坐标: [ -15.21853541 -136.21480777    0.        ]
2025-09-26 15:12:01,645 - project.config.screen_config - WARNING - 交点超出屏幕边界，已裁剪: Point2D(793.048970, -602.516513) -> Point2D(793.048970, 0.000000)
2025-09-26 15:12:01,645 - project.config.screen_config - INFO - 最终像素坐标: Point2D(793.048970, 0.000000)
2025-09-26 15:12:01,645 - project.core.fitting.main - INFO - -----------------------------------------------
2025-09-26 15:12:01,645 - project.core.fitting.main - INFO - right 视线焦点: Point2D(793.048970, 0.000000)
2025-09-26 15:12:01,645 - project.core.fitting.main - INFO - -----------------------------------------------
2025-09-26 15:12:01,733 - project.data.data_manager - WARNING - 非RGB-D摄像头，使用默认深度图
2025-09-26 15:12:01,790 - project.core.recognition.landmark_extractor - WARNING - 关键点 148 原始y坐标超出范围: 1.001，已限制到边界
2025-09-26 15:12:01,791 - project.core.recognition.landmark_extractor - WARNING - 关键点 152 原始y坐标超出范围: 1.005，已限制到边界
2025-09-26 15:12:01,797 - project.core.recognition.detector - INFO - 提取到 478 个关键点
2025-09-26 15:12:01,797 - project.core.recognition.landmark_extractor - INFO - 关键点验证通过
2025-09-26 15:12:01,797 - project.core.recognition.detector - INFO - 关键点验证结果: True
2025-09-26 15:12:01,802 - project.core.recognition.detector - INFO - 人脸检测成功，提取到 478 个关键点
2025-09-26 15:12:01,806 - project.core.recognition.main - INFO - 人脸检测成功
2025-09-26 15:12:01,808 - project.core.recognition.coordinate_converter - WARNING - 关键点 148 转换失败: 无效的深度值：nan，必须大于0.1米
2025-09-26 15:12:01,808 - project.core.recognition.coordinate_converter - WARNING - 关键点 152 转换失败: 无效的深度值：nan，必须大于0.1米
2025-09-26 15:12:01,811 - project.core.recognition.coordinate_converter - WARNING - 关键点 377 转换失败: 无效的深度值：nan，必须大于0.1米
2025-09-26 15:12:01,811 - project.data.data_manager - INFO - RecgFitDataManager初始化 - debug_log: True, key_coordinates: True
2025-09-26 15:12:01,811 - project.data.data_manager - INFO - RecgFitDataManager初始化完成
2025-09-26 15:12:01,811 - __main__ - INFO - 收到识别完成信号，开始拟合...
2025-09-26 15:12:01,811 - __main__ - INFO - 开始拟合frame_id: 73
2025-09-26 15:12:01,811 - __main__ - INFO - 等待识别完成信号...
2025-09-26 15:12:01,815 - root - INFO - 数据质量: {'point_count': 17, 'fitting_point_count': 5, 'constraint_point_count': 12, 'visibility': 0.9908453312158113}
2025-09-26 15:12:01,815 - root - INFO - 选择策略: high_quality
2025-09-26 15:12:01,815 - root - INFO - 虹膜点拟合外接圆，圆心：[ 23.43111258  58.98081293 400.19773692]，半径：65.00746087673946
2025-09-26 15:12:01,815 - root - WARNING - 虹膜点拟合失败: Invalid triangle: iris_to_center_median(11.219999999999999) < circle_radius(65.00746087673946)
2025-09-26 15:12:01,841 - root - INFO - 数据质量: {'point_count': 14, 'fitting_point_count': 2, 'constraint_point_count': 12, 'visibility': 0.9705900825983529}
2025-09-26 15:12:01,841 - root - INFO - 选择策略: high_quality
2025-09-26 15:12:01,850 - project.core.fitting.main - INFO - ==============================================
2025-09-26 15:12:01,850 - __main__ - INFO - 收到停止信号，开始优雅关闭...
2025-09-26 15:12:01,850 - project.core.fitting.main - INFO - 拟合结果:
2025-09-26 15:12:01,850 - __main__ - INFO - 正在停止程序...
2025-09-26 15:12:01,850 - project.core.fitting.main - INFO -   LEFT 眼: 拟合结果：
 球心：[-41.95804983  54.24352274 404.39180751]
 半径：12.453163349906474
 置信度：0.35909026613458106
 收敛：True
 迭代次数：19
 最终残差范数：2.7000815378724083
 最终delta范数：0.07411934839554625
 使用策略：lm
2025-09-26 15:12:01,850 - project.core.recognition.main - INFO - 识别线程主循环停止
2025-09-26 15:12:01,850 - project.core.fitting.main - INFO -   RIGHT 眼: 拟合结果：
 球心：[ 35.12264223  60.28620562 408.94758154]
 半径：12.385020813302893
 置信度：0.8997503468128054
 收敛：True
 迭代次数：3
 最终残差范数：0.724493668840123
 最终delta范数：0.03670261204013558
 使用策略：lm
2025-09-26 15:12:01,850 - project.core.fitting.main - INFO - ==============================================
2025-09-26 15:12:01,850 - project.config.screen_config - INFO - 瞳孔位置: Point3D(-48.993, 57.821, 399.959)
2025-09-26 15:12:01,850 - project.config.screen_config - INFO - 眼球位置: Point3D(-41.958, 54.244, 404.392)
2025-09-26 15:12:01,850 - project.config.screen_config - INFO - 视线方向: Point3D(-7.035, 3.578, -4.433)
2025-09-26 15:12:01,854 - project.config.screen_config - INFO - 交点坐标: [-683.71885645  380.61136359    0.        ]
2025-09-26 15:12:01,854 - project.config.screen_config - WARNING - 交点超出屏幕边界，已裁剪: Point2D(4001.850511, 1602.608485) -> Point2D(1439.000000, 959.000000)
2025-09-26 15:12:01,854 - project.config.screen_config - INFO - 最终像素坐标: Point2D(1439.000000, 959.000000)
2025-09-26 15:12:01,854 - project.core.fitting.main - INFO - -----------------------------------------------
2025-09-26 15:12:01,854 - project.core.fitting.main - INFO - left 视线焦点: Point2D(1439.000000, 959.000000)
2025-09-26 15:12:01,854 - project.core.fitting.main - INFO - -----------------------------------------------
2025-09-26 15:12:01,854 - project.config.screen_config - INFO - 瞳孔位置: Point3D(33.847, 58.953, 400.196)
2025-09-26 15:12:01,854 - project.config.screen_config - INFO - 眼球位置: Point3D(35.123, 60.286, 408.948)
2025-09-26 15:12:01,854 - project.config.screen_config - INFO - 视线方向: Point3D(-1.276, -1.333, -8.751)
2025-09-26 15:12:01,854 - project.config.screen_config - INFO - 交点坐标: [-24.48483719  -2.02360999   0.        ]
2025-09-26 15:12:01,854 - project.config.screen_config - WARNING - 交点超出屏幕边界，已裁剪: Point2D(837.527219, -29.967403) -> Point2D(837.527219, 0.000000)
2025-09-26 15:12:01,858 - project.config.screen_config - INFO - 最终像素坐标: Point2D(837.527219, 0.000000)
2025-09-26 15:12:01,858 - project.core.fitting.main - INFO - -----------------------------------------------
2025-09-26 15:12:01,858 - project.core.fitting.main - INFO - right 视线焦点: Point2D(837.527219, 0.000000)
2025-09-26 15:12:01,858 - project.core.fitting.main - INFO - -----------------------------------------------
2025-09-26 15:12:02,176 - __main__ - INFO - 收到停止信号，开始优雅关闭...
2025-09-26 15:12:02,176 - project.core.recognition.main - INFO - 摄像头资源已释放
