2025-08-24 03:40:49,200 - INFO - 日志文件创建: logs\recognition_20250824_034049.log
2025-08-24 03:40:51,537 - INFO - 坐标转换器初始化完成，相机参数：fx=554.26, fy=554.26, cx=320.0, cy=240.0
2025-08-24 03:40:51,537 - INFO - 坐标转换器初始化完成，相机参数：fx=554.26, fy=554.26, cx=320.0, cy=240.0
2025-08-24 03:40:51,537 - INFO - 坐标转换器初始化完成，相机参数：fx=554.26, fy=554.26, cx=320.0, cy=240.0
2025-08-24 03:40:51,538 - INFO - 批量转换完成：成功 4/4 个关键点
2025-08-24 03:40:51,538 - INFO - 坐标转换器初始化完成，相机参数：fx=554.26, fy=554.26, cx=320.0, cy=240.0
2025-08-24 03:40:51,540 - INFO - 批量转换完成：成功 4/4 个关键点
2025-08-24 03:40:51,540 - INFO - 坐标转换器初始化完成，相机参数：fx=554.26, fy=554.26, cx=320.0, cy=240.0
2025-08-24 03:40:51,541 - INFO - 批量转换完成：成功 16/16 个关键点
2025-08-24 03:40:51,541 - INFO - 坐标转换器初始化完成，相机参数：fx=554.26, fy=554.26, cx=320.0, cy=240.0
2025-08-24 03:40:51,541 - INFO - 批量转换完成：成功 16/16 个关键点
2025-08-24 03:40:51,541 - INFO - 坐标转换器初始化完成，相机参数：fx=554.26, fy=554.26, cx=320.0, cy=240.0
2025-08-24 03:40:51,541 - INFO - 批量转换完成：成功 10/10 个关键点
2025-08-24 03:40:51,542 - INFO - 坐标转换器初始化完成，相机参数：fx=554.26, fy=554.26, cx=320.0, cy=240.0
2025-08-24 03:40:51,542 - INFO - 批量转换完成：成功 10/10 个关键点
2025-08-24 03:40:51,542 - INFO - 坐标转换器初始化完成，相机参数：fx=554.26, fy=554.26, cx=320.0, cy=240.0
2025-08-24 03:40:51,542 - INFO - 批量转换完成：成功 10/10 个关键点
2025-08-24 03:40:51,542 - INFO - 坐标转换器初始化完成，相机参数：fx=554.26, fy=554.26, cx=320.0, cy=240.0
2025-08-24 03:40:51,542 - INFO - 批量转换完成：成功 10/10 个关键点
2025-08-24 03:40:51,567 - INFO - ==================================================
2025-08-24 03:40:51,567 - INFO - 眼动追踪数据测评
2025-08-24 03:40:51,568 - INFO - ==================================================
2025-08-24 03:40:51,568 - INFO - 瞳孔中心: 左(0.068, 0.068, 0.600) | 右(-0.004, 0.068, 0.600)
2025-08-24 03:40:51,568 - INFO - 虹膜边界: 左眼4个点 | 右眼4个点
2025-08-24 03:40:51,568 - INFO - 眼睛轮廓: 左眼16个点 | 右眼16个点
2025-08-24 03:40:51,568 - INFO - --------------------------------------------------
2025-08-24 03:40:51,568 - INFO - 开始RANSAC球体拟合...
2025-08-24 03:40:51,569 - DEBUG - ransac_sphere_eyeball函数开始
2025-08-24 03:40:51,569 - DEBUG - key_coordinates类型: <class 'dict'>
2025-08-24 03:40:51,569 - DEBUG - center_fitter类型: <class 'function'>
2025-08-24 03:40:51,569 - DEBUG - _EyeCenterFitter.__new__: cls._instance=None
2025-08-24 03:40:51,569 - DEBUG - 创建新的单例实例
2025-08-24 03:40:51,569 - DEBUG - _EyeCenterFitter.__init__开始
2025-08-24 03:40:51,569 - DEBUG - key_coordinates类型: <class 'dict'>
2025-08-24 03:40:51,569 - DEBUG - key_coordinates键: ['pupil_center', 'iris_boundaries', 'eyes_contours', 'eye_sockets', 'eyelid_points']
2025-08-24 03:40:51,569 - DEBUG - _EyeCenterFitter.__init__完成
2025-08-24 03:40:51,570 - DEBUG - _EyeCenterFitter实例创建成功
2025-08-24 03:40:51,570 - DEBUG - _update_key_coordinates开始
2025-08-24 03:40:51,570 - DEBUG - 新key_coordinates类型: <class 'dict'>
2025-08-24 03:40:51,570 - DEBUG - 新key_coordinates键: ['pupil_center', 'iris_boundaries', 'eyes_contours', 'eye_sockets', 'eyelid_points']
2025-08-24 03:40:51,570 - DEBUG - pupil_center: <class 'dict'>
2025-08-24 03:40:51,570 - DEBUG -   left: <class 'numpy.ndarray'>
2025-08-24 03:40:51,570 - DEBUG -     array形状: (4,)
2025-08-24 03:40:51,570 - DEBUG -   right: <class 'numpy.ndarray'>
2025-08-24 03:40:51,570 - DEBUG -     array形状: (4,)
2025-08-24 03:40:51,570 - DEBUG - iris_boundaries: <class 'dict'>
2025-08-24 03:40:51,571 - DEBUG -   left: <class 'list'>
2025-08-24 03:40:51,571 - DEBUG -     list长度: 4
2025-08-24 03:40:51,571 - DEBUG -     第一个元素类型: <class 'numpy.ndarray'>
2025-08-24 03:40:51,571 - DEBUG -   right: <class 'list'>
2025-08-24 03:40:51,571 - DEBUG -     list长度: 4
2025-08-24 03:40:51,571 - DEBUG -     第一个元素类型: <class 'numpy.ndarray'>
2025-08-24 03:40:51,571 - DEBUG - eyes_contours: <class 'dict'>
2025-08-24 03:40:51,571 - DEBUG -   left: <class 'list'>
2025-08-24 03:40:51,571 - DEBUG -     list长度: 16
2025-08-24 03:40:51,571 - DEBUG -     第一个元素类型: <class 'numpy.ndarray'>
2025-08-24 03:40:51,572 - DEBUG -   right: <class 'list'>
2025-08-24 03:40:51,572 - DEBUG -     list长度: 16
2025-08-24 03:40:51,572 - DEBUG -     第一个元素类型: <class 'numpy.ndarray'>
2025-08-24 03:40:51,572 - DEBUG - eye_sockets: <class 'dict'>
2025-08-24 03:40:51,572 - DEBUG -   left: <class 'list'>
2025-08-24 03:40:51,572 - DEBUG -     list长度: 10
2025-08-24 03:40:51,572 - DEBUG -     第一个元素类型: <class 'numpy.ndarray'>
2025-08-24 03:40:51,573 - DEBUG -   right: <class 'list'>
2025-08-24 03:40:51,573 - DEBUG -     list长度: 10
2025-08-24 03:40:51,573 - DEBUG -     第一个元素类型: <class 'numpy.ndarray'>
2025-08-24 03:40:51,573 - DEBUG - eyelid_points: <class 'dict'>
2025-08-24 03:40:51,573 - DEBUG -   left: <class 'list'>
2025-08-24 03:40:51,573 - DEBUG -     list长度: 10
2025-08-24 03:40:51,574 - DEBUG -     第一个元素类型: <class 'numpy.ndarray'>
2025-08-24 03:40:51,574 - DEBUG -   right: <class 'list'>
2025-08-24 03:40:51,574 - DEBUG -     list长度: 10
2025-08-24 03:40:51,574 - DEBUG -     第一个元素类型: <class 'numpy.ndarray'>
2025-08-24 03:40:51,574 - DEBUG - _update_key_coordinates完成
2025-08-24 03:40:51,574 - DEBUG - key_coordinates更新成功
2025-08-24 03:40:51,574 - DEBUG - ransac_sphere_eyeball开始
2025-08-24 03:40:51,574 - DEBUG - 当前trials_times: 0
2025-08-24 03:40:51,575 - DEBUG - center_fitter类型: <class 'function'>
2025-08-24 03:40:51,575 - DEBUG - _fit_one_eye开始: eye_key=left
2025-08-24 03:40:51,575 - DEBUG - 更新trials_times: 1
2025-08-24 03:40:51,575 - DEBUG - 开始提取left眼关键点坐标
2025-08-24 03:40:51,575 - DEBUG - _extract_eye_key_coordinates开始: eye_key=left
2025-08-24 03:40:51,579 - DEBUG - self._key_coordinates: {'pupil_center': {'left': array([0.06819904, 0.06819904, 0.60000002, 1.        ]), 'right': array([-0.0043301 ,  0.06819904,  0.60000002,  1.        ])}, 'iris_boundaries': {'left': [array([0.07567975, 0.06923108, 0.60000002, 1.        ]), array([0.06890804, 0.06292496, 0.60000008, 1.        ]), array([0.06132544, 0.06762095, 0.60000002, 1.        ]), array([0.06805277, 0.07393218, 0.60000002, 1.        ])], 'right': [array([0.00221614, 0.06868735, 0.60000002, 1.        ]), array([-0.00466783,  0.0641337 ,  0.60000002,  1.        ]), array([-0.01086654,  0.06977302,  0.60000002,  1.        ]), array([-0.00394983,  0.07421941,  0.60000002,  1.        ])]}, 'eyes_contours': {'left': [array([0.05305449, 0.06767515, 0.60000002, 1.        ]), array([0.05489361, 0.06684174, 0.60000002, 1.        ]), array([0.0587755 , 0.06611412, 0.59999996, 1.        ]), array([0.0645495 , 0.06643382, 0.60000002, 1.        ]), array([0.07032379, 0.06722538, 0.60000002, 1.        ]), array([0.07631777, 0.06834686, 0.60000008, 1.        ]), array([0.08047745, 0.06946321, 0.60000002, 1.        ]), array([0.08318298, 0.07021702, 0.60000002, 1.        ]), array([0.08539751, 0.07079463, 0.60000002, 1.        ]), array([0.08277374, 0.07161296, 0.60000002, 1.        ]), array([0.07988912, 0.07189653, 0.60000002, 1.        ]), array([0.075819  , 0.0720399 , 0.60000002, 1.        ]), array([0.06981751, 0.07177305, 0.60000002, 1.        ]), array([0.06400312, 0.07093914, 0.59999996, 1.        ]), array([0.05855132, 0.06949263, 0.60000002, 1.        ]), array([0.05496278, 0.06847278, 0.60000002, 1.        ])], 'right': [array([-0.01847779,  0.07102156,  0.60000002,  1.        ]), array([-0.01599984,  0.07155746,  0.60000002,  1.        ]), array([-0.01330398,  0.0717173 ,  0.60000002,  1.        ]), array([-0.00954588,  0.07189133,  0.60000002,  1.        ]), array([-0.00395138,  0.07173006,  0.60000002,  1.        ]), array([0.00148505, 0.07099403, 0.60000002, 1.        ]), array([0.0066127 , 0.06977735, 0.60000002, 1.        ]), array([0.01003812, 0.0690232 , 0.60000002, 1.        ]), array([0.01190065, 0.06850245, 0.60000002, 1.        ]), array([0.01008065, 0.06780984, 0.60000002, 1.        ]), array([0.00620305, 0.06751255, 0.60000002, 1.        ]), array([6.11992376e-04, 6.79576032e-02, 6.00000024e-01, 1.00000000e+00]), array([-0.00446007,  0.06847358,  0.60000002,  1.        ]), array([-0.00983057,  0.06926478,  0.60000002,  1.        ]), array([-0.01375643,  0.07002503,  0.60000002,  1.        ]), array([-0.01634208,  0.07057316,  0.60000002,  1.        ])]}, 'eye_sockets': {'left': [array([0.10127929, 0.05290606, 0.60000002, 1.        ]), array([0.09425141, 0.04395852, 0.60000002, 1.        ]), array([0.08333507, 0.0382852 , 0.60000002, 1.        ]), array([0.06856491, 0.03643262, 0.60000002, 1.        ]), array([0.05117145, 0.03691488, 0.60000008, 1.        ]), array([0.04859054, 0.04614596, 0.60000002, 1.        ]), array([0.06702155, 0.04184811, 0.60000002, 1.        ]), array([0.08040126, 0.04311486, 0.60000002, 1.        ]), array([0.09004835, 0.04767584, 0.59999996, 1.        ]), array([0.09679163, 0.05468462, 0.60000002, 1.        ])], 'right': [array([-0.03346954,  0.05512633,  0.60000002,  1.        ]), array([-0.02609805,  0.04755633,  0.60000002,  1.        ]), array([-0.0150546 ,  0.04242516,  0.60000002,  1.        ]), array([-6.72076648e-04,  4.07240354e-02,  6.00000024e-01,  1.00000000e+00]), array([0.01582149, 0.04077244, 0.60000002, 1.        ]), array([0.01813938, 0.04992241, 0.60000002, 1.        ]), array([6.48373299e-04, 4.61934075e-02, 6.00000024e-01, 1.00000000e+00]), array([-0.01240201,  0.04740054,  0.60000002,  1.        ]), array([-0.02208446,  0.05129233,  0.60000002,  1.        ]), array([-0.02905275,  0.05732408,  0.60000002,  1.        ])]}, 'eyelid_points': {'left': [array([0.10720298, 0.09451714, 0.60000002, 1.        ]), array([0.09438706, 0.08920384, 0.60000002, 1.        ]), array([0.08500516, 0.09025169, 0.60000002, 1.        ]), array([0.0712163 , 0.08757989, 0.60000002, 1.        ]), array([0.06121535, 0.08365525, 0.60000008, 1.        ]), array([0.05363568, 0.07953203, 0.60000002, 1.        ]), array([0.05388002, 0.09070142, 0.60000002, 1.        ]), array([0.06006247, 0.09706791, 0.60000002, 1.        ]), array([0.06829425, 0.10324794, 0.59999996, 1.        ]), array([0.07957219, 0.11272322, 0.60000008, 1.        ])], 'right': [array([-0.04121893,  0.09032246,  0.60000002,  1.        ]), array([-0.02866443,  0.08691769,  0.60000002,  1.        ]), array([-0.01962517,  0.08812919,  0.60000002,  1.        ]), array([-0.00610105,  0.08639719,  0.60000002,  1.        ]), array([0.00385844, 0.08321743, 0.60000002, 1.        ]), array([0.01145223, 0.0795595 , 0.60000002, 1.        ]), array([0.01208156, 0.08953009, 0.60000002, 1.        ]), array([0.00584304, 0.09548666, 0.59999996, 1.        ]), array([-0.00227916,  0.10118089,  0.60000002,  1.        ]), array([-0.01344554,  0.11006519,  0.60000002,  1.        ])]}}
2025-08-24 03:40:51,580 - DEBUG - 提取瞳孔中心
2025-08-24 03:40:51,580 - DEBUG - pupil_center: {'left': array([0.06819904, 0.06819904, 0.60000002, 1.        ]), 'right': array([-0.0043301 ,  0.06819904,  0.60000002,  1.        ])}
2025-08-24 03:40:51,580 - DEBUG - pupil_center类型: <class 'dict'>
2025-08-24 03:40:51,580 - DEBUG - eye_pupil: [0.06819904 0.06819904 0.60000002 1.        ]
2025-08-24 03:40:51,581 - DEBUG - eye_pupil类型: <class 'numpy.ndarray'>
2025-08-24 03:40:51,581 - DEBUG - eye_pupil形状: (4,)
2025-08-24 03:40:51,581 - DEBUG - 提取虹膜边界
2025-08-24 03:40:51,582 - DEBUG - iris_boundaries: {'left': [array([0.07567975, 0.06923108, 0.60000002, 1.        ]), array([0.06890804, 0.06292496, 0.60000008, 1.        ]), array([0.06132544, 0.06762095, 0.60000002, 1.        ]), array([0.06805277, 0.07393218, 0.60000002, 1.        ])], 'right': [array([0.00221614, 0.06868735, 0.60000002, 1.        ]), array([-0.00466783,  0.0641337 ,  0.60000002,  1.        ]), array([-0.01086654,  0.06977302,  0.60000002,  1.        ]), array([-0.00394983,  0.07421941,  0.60000002,  1.        ])]}
2025-08-24 03:40:51,582 - DEBUG - iris_boundaries类型: <class 'dict'>
2025-08-24 03:40:51,582 - DEBUG - eye_iris: [array([0.07567975, 0.06923108, 0.60000002, 1.        ]), array([0.06890804, 0.06292496, 0.60000008, 1.        ]), array([0.06132544, 0.06762095, 0.60000002, 1.        ]), array([0.06805277, 0.07393218, 0.60000002, 1.        ])]
2025-08-24 03:40:51,583 - DEBUG - eye_iris类型: <class 'list'>
2025-08-24 03:40:51,583 - DEBUG - eye_iris长度: 4
2025-08-24 03:40:51,583 - DEBUG - 第一个元素类型: <class 'numpy.ndarray'>
2025-08-24 03:40:51,583 - DEBUG - 第一个元素形状: (4,)
2025-08-24 03:40:51,584 - DEBUG - 提取眼睛轮廓
2025-08-24 03:40:51,586 - DEBUG - eyes_contours: {'left': [array([0.05305449, 0.06767515, 0.60000002, 1.        ]), array([0.05489361, 0.06684174, 0.60000002, 1.        ]), array([0.0587755 , 0.06611412, 0.59999996, 1.        ]), array([0.0645495 , 0.06643382, 0.60000002, 1.        ]), array([0.07032379, 0.06722538, 0.60000002, 1.        ]), array([0.07631777, 0.06834686, 0.60000008, 1.        ]), array([0.08047745, 0.06946321, 0.60000002, 1.        ]), array([0.08318298, 0.07021702, 0.60000002, 1.        ]), array([0.08539751, 0.07079463, 0.60000002, 1.        ]), array([0.08277374, 0.07161296, 0.60000002, 1.        ]), array([0.07988912, 0.07189653, 0.60000002, 1.        ]), array([0.075819  , 0.0720399 , 0.60000002, 1.        ]), array([0.06981751, 0.07177305, 0.60000002, 1.        ]), array([0.06400312, 0.07093914, 0.59999996, 1.        ]), array([0.05855132, 0.06949263, 0.60000002, 1.        ]), array([0.05496278, 0.06847278, 0.60000002, 1.        ])], 'right': [array([-0.01847779,  0.07102156,  0.60000002,  1.        ]), array([-0.01599984,  0.07155746,  0.60000002,  1.        ]), array([-0.01330398,  0.0717173 ,  0.60000002,  1.        ]), array([-0.00954588,  0.07189133,  0.60000002,  1.        ]), array([-0.00395138,  0.07173006,  0.60000002,  1.        ]), array([0.00148505, 0.07099403, 0.60000002, 1.        ]), array([0.0066127 , 0.06977735, 0.60000002, 1.        ]), array([0.01003812, 0.0690232 , 0.60000002, 1.        ]), array([0.01190065, 0.06850245, 0.60000002, 1.        ]), array([0.01008065, 0.06780984, 0.60000002, 1.        ]), array([0.00620305, 0.06751255, 0.60000002, 1.        ]), array([6.11992376e-04, 6.79576032e-02, 6.00000024e-01, 1.00000000e+00]), array([-0.00446007,  0.06847358,  0.60000002,  1.        ]), array([-0.00983057,  0.06926478,  0.60000002,  1.        ]), array([-0.01375643,  0.07002503,  0.60000002,  1.        ]), array([-0.01634208,  0.07057316,  0.60000002,  1.        ])]}
2025-08-24 03:40:51,586 - DEBUG - eyes_contours类型: <class 'dict'>
2025-08-24 03:40:51,587 - DEBUG - eye_contour: [array([0.05305449, 0.06767515, 0.60000002, 1.        ]), array([0.05489361, 0.06684174, 0.60000002, 1.        ]), array([0.0587755 , 0.06611412, 0.59999996, 1.        ]), array([0.0645495 , 0.06643382, 0.60000002, 1.        ]), array([0.07032379, 0.06722538, 0.60000002, 1.        ]), array([0.07631777, 0.06834686, 0.60000008, 1.        ]), array([0.08047745, 0.06946321, 0.60000002, 1.        ]), array([0.08318298, 0.07021702, 0.60000002, 1.        ]), array([0.08539751, 0.07079463, 0.60000002, 1.        ]), array([0.08277374, 0.07161296, 0.60000002, 1.        ]), array([0.07988912, 0.07189653, 0.60000002, 1.        ]), array([0.075819  , 0.0720399 , 0.60000002, 1.        ]), array([0.06981751, 0.07177305, 0.60000002, 1.        ]), array([0.06400312, 0.07093914, 0.59999996, 1.        ]), array([0.05855132, 0.06949263, 0.60000002, 1.        ]), array([0.05496278, 0.06847278, 0.60000002, 1.        ])]
2025-08-24 03:40:51,587 - DEBUG - eye_contour类型: <class 'list'>
2025-08-24 03:40:51,587 - DEBUG - eye_contour长度: 16
2025-08-24 03:40:51,588 - DEBUG - 第一个元素类型: <class 'numpy.ndarray'>
2025-08-24 03:40:51,588 - DEBUG - 第一个元素形状: (4,)
2025-08-24 03:40:51,589 - DEBUG - _extract_eye_key_coordinates完成: {'pupil_center': array([0.06819904, 0.06819904, 0.60000002, 1.        ]), 'iris_boundaries': [array([0.07567975, 0.06923108, 0.60000002, 1.        ]), array([0.06890804, 0.06292496, 0.60000008, 1.        ]), array([0.06132544, 0.06762095, 0.60000002, 1.        ]), array([0.06805277, 0.07393218, 0.60000002, 1.        ])], 'eyes_contours': [array([0.05305449, 0.06767515, 0.60000002, 1.        ]), array([0.05489361, 0.06684174, 0.60000002, 1.        ]), array([0.0587755 , 0.06611412, 0.59999996, 1.        ]), array([0.0645495 , 0.06643382, 0.60000002, 1.        ]), array([0.07032379, 0.06722538, 0.60000002, 1.        ]), array([0.07631777, 0.06834686, 0.60000008, 1.        ]), array([0.08047745, 0.06946321, 0.60000002, 1.        ]), array([0.08318298, 0.07021702, 0.60000002, 1.        ]), array([0.08539751, 0.07079463, 0.60000002, 1.        ]), array([0.08277374, 0.07161296, 0.60000002, 1.        ]), array([0.07988912, 0.07189653, 0.60000002, 1.        ]), array([0.075819  , 0.0720399 , 0.60000002, 1.        ]), array([0.06981751, 0.07177305, 0.60000002, 1.        ]), array([0.06400312, 0.07093914, 0.59999996, 1.        ]), array([0.05855132, 0.06949263, 0.60000002, 1.        ]), array([0.05496278, 0.06847278, 0.60000002, 1.        ])]}
2025-08-24 03:40:51,590 - DEBUG - left眼关键点坐标: {'pupil_center': array([0.06819904, 0.06819904, 0.60000002, 1.        ]), 'iris_boundaries': [array([0.07567975, 0.06923108, 0.60000002, 1.        ]), array([0.06890804, 0.06292496, 0.60000008, 1.        ]), array([0.06132544, 0.06762095, 0.60000002, 1.        ]), array([0.06805277, 0.07393218, 0.60000002, 1.        ])], 'eyes_contours': [array([0.05305449, 0.06767515, 0.60000002, 1.        ]), array([0.05489361, 0.06684174, 0.60000002, 1.        ]), array([0.0587755 , 0.06611412, 0.59999996, 1.        ]), array([0.0645495 , 0.06643382, 0.60000002, 1.        ]), array([0.07032379, 0.06722538, 0.60000002, 1.        ]), array([0.07631777, 0.06834686, 0.60000008, 1.        ]), array([0.08047745, 0.06946321, 0.60000002, 1.        ]), array([0.08318298, 0.07021702, 0.60000002, 1.        ]), array([0.08539751, 0.07079463, 0.60000002, 1.        ]), array([0.08277374, 0.07161296, 0.60000002, 1.        ]), array([0.07988912, 0.07189653, 0.60000002, 1.        ]), array([0.075819  , 0.0720399 , 0.60000002, 1.        ]), array([0.06981751, 0.07177305, 0.60000002, 1.        ]), array([0.06400312, 0.07093914, 0.59999996, 1.        ]), array([0.05855132, 0.06949263, 0.60000002, 1.        ]), array([0.05496278, 0.06847278, 0.60000002, 1.        ])]}
2025-08-24 03:40:51,590 - DEBUG - 调用center_fitter进行拟合
2025-08-24 03:40:51,590 - DEBUG - CenterFitter单例初始化完成
2025-08-24 03:40:51,592 - INFO - 🔍 开始眼球拟合: trials_times=1, strategy=None
2025-08-24 03:40:51,592 - INFO - 📋 数据预处理完成: 总点数=21, 平均visibility=1.000
2025-08-24 03:40:51,592 - INFO -   📍 pupil_center: 1点, 平均visibility=1.000
2025-08-24 03:40:51,592 - INFO -   📍 iris_boundaries: 4点, 平均visibility=1.000
2025-08-24 03:40:51,592 - INFO -   📍 eyes_contours: 16点, 平均visibility=1.000
2025-08-24 03:40:51,593 - INFO - 📊 自动选择拟合策略: constrained_lm
2025-08-24 03:40:51,593 - INFO - 🚀 执行拟合策略: constrained_lm
2025-08-24 03:40:51,593 - INFO - 📊 全部采样完成: 采样点数=21
2025-08-24 03:40:51,593 - INFO - 📊 使用全部采样策略: 21个点
2025-08-24 03:40:51,593 - INFO - 🔄 开始约束LM优化...
2025-08-24 03:40:51,593 - INFO - 🔧 开始参数初始化...
2025-08-24 03:40:51,593 - INFO - 🔍 虹膜边界点数量: 4
2025-08-24 03:40:51,594 - INFO - 🔧 开始2D圆拟合...
2025-08-24 03:40:51,594 - INFO - 🔍 中值距离+半径: 0.013m，2D半径: 0.006m，使用虹膜深度偏移
2025-08-24 03:40:51,594 - INFO - ✅ 智能初始化完成: 2D圆心=(0.070, 0.069), 3D球心=(0.070, 0.069, 0.612)
2025-08-24 03:40:51,594 - INFO - 📏 2D半径=0.006m, 3D半径=0.012m, 深度偏移=0.012m
2025-08-24 03:40:51,594 - INFO - 📍 初始中心点: (0.070, 0.069, 0.612)
2025-08-24 03:40:51,594 - INFO - 📏 初始半径: 0.012m
2025-08-24 03:40:51,594 - INFO - ⚙️ 创建约束LM优化器...
2025-08-24 03:40:51,596 - INFO - 🔄 约束LM优化开始: 最大迭代次数=50
2025-08-24 03:40:51,597 - INFO - -----------------------------------------------------------------------------------
2025-08-24 03:40:51,597 - INFO - 🔍 迭代第0次，球心向左4.0381e-01mm，向下1.2234e-01mm，向后2.5691e+00mm，半径变大1.0593e+00mm
2025-08-24 03:40:51,597 - INFO - 📊 变化前: 中心(0.070, 0.069, 0.612), 半径12.00mm
2025-08-24 03:40:51,597 - INFO - 📊 变化后: 中心(0.070, 0.069, 0.614), 半径13.06mm
2025-08-24 03:40:51,597 - INFO - 📈 变化量: 中心移动0.42mm, 半径变化1.06mm
2025-08-24 03:40:51,598 - INFO - 📍 眼球中心: [0.06999534 0.06854628 0.611504  ]
2025-08-24 03:40:51,598 - INFO - 📏 眼球半径: 12.00mm
2025-08-24 03:40:51,598 - INFO - 👁️ 瞳孔中心: [0.06819904 0.06819904 0.60000002]
2025-08-24 03:40:51,598 - INFO - 📐 眼球中心在瞳孔中心的右1.80mm，下0.35mm，后11.50mm
2025-08-24 03:40:51,599 - INFO - 📏 距离: 11.65mm
2025-08-24 03:40:51,599 - INFO - -----------------------------------------------------------------------------------
2025-08-24 03:40:51,601 - INFO - -----------------------------------------------------------------------------------
2025-08-24 03:40:51,601 - INFO - 🔍 迭代第1次，球心向左2.2441e-01mm，向上5.9395e-04mm，向前2.0186e+01mm，半径变大2.0953e+01mm
2025-08-24 03:40:51,601 - INFO - 📊 变化前: 中心(0.070, 0.069, 0.614), 半径13.06mm
2025-08-24 03:40:51,601 - INFO - 📊 变化后: 中心(0.071, 0.069, 0.594), 半径34.01mm
2025-08-24 03:40:51,601 - INFO - 📈 变化量: 中心移动0.22mm, 半径变化20.95mm
2025-08-24 03:40:51,602 - INFO - 📍 眼球中心: [0.07039915 0.06866862 0.61407309]
2025-08-24 03:40:51,602 - INFO - 📏 眼球半径: 13.06mm
2025-08-24 03:40:51,602 - INFO - 👁️ 瞳孔中心: [0.06819904 0.06819904 0.60000002]
2025-08-24 03:40:51,602 - INFO - 📐 眼球中心在瞳孔中心的右2.20mm，下0.47mm，后14.07mm
2025-08-24 03:40:51,602 - INFO - 📏 距离: 14.25mm
2025-08-24 03:40:51,602 - INFO - -----------------------------------------------------------------------------------
2025-08-24 03:40:51,603 - INFO - -----------------------------------------------------------------------------------
2025-08-24 03:40:51,603 - INFO - 🔍 迭代第2次，球心向左5.8427e-01mm，向上1.1773e-01mm，向前1.1782e+01mm，半径变大1.3930e+01mm
2025-08-24 03:40:51,603 - INFO - 📊 变化前: 中心(0.070, 0.069, 0.614), 半径13.06mm
2025-08-24 03:40:51,603 - INFO - 📊 变化后: 中心(0.071, 0.069, 0.602), 半径26.99mm
2025-08-24 03:40:51,603 - INFO - 📈 变化量: 中心移动0.60mm, 半径变化13.93mm
2025-08-24 03:40:51,604 - INFO - 📍 眼球中心: [0.07039915 0.06866862 0.61407309]
2025-08-24 03:40:51,604 - INFO - 📏 眼球半径: 13.06mm
2025-08-24 03:40:51,604 - INFO - 👁️ 瞳孔中心: [0.06819904 0.06819904 0.60000002]
2025-08-24 03:40:51,605 - INFO - 📐 眼球中心在瞳孔中心的右2.20mm，下0.47mm，后14.07mm
2025-08-24 03:40:51,605 - INFO - 📏 距离: 14.25mm
2025-08-24 03:40:51,605 - INFO - -----------------------------------------------------------------------------------
2025-08-24 03:40:51,605 - INFO - -----------------------------------------------------------------------------------
2025-08-24 03:40:51,605 - INFO - 🔍 迭代第3次，球心向左9.0309e-01mm，向上8.3195e-02mm，向前9.3064e-01mm，半径变大4.7811e+00mm
2025-08-24 03:40:51,605 - INFO - 📊 变化前: 中心(0.070, 0.069, 0.614), 半径13.06mm
2025-08-24 03:40:51,606 - INFO - 📊 变化后: 中心(0.071, 0.069, 0.613), 半径17.84mm
2025-08-24 03:40:51,606 - INFO - 📈 变化量: 中心移动0.91mm, 半径变化4.78mm
2025-08-24 03:40:51,606 - INFO - 📍 眼球中心: [0.07039915 0.06866862 0.61407309]
2025-08-24 03:40:51,608 - INFO - 📏 眼球半径: 13.06mm
2025-08-24 03:40:51,608 - INFO - 👁️ 瞳孔中心: [0.06819904 0.06819904 0.60000002]
2025-08-24 03:40:51,609 - INFO - 📐 眼球中心在瞳孔中心的右2.20mm，下0.47mm，后14.07mm
2025-08-24 03:40:51,609 - INFO - 📏 距离: 14.25mm
2025-08-24 03:40:51,609 - INFO - -----------------------------------------------------------------------------------
2025-08-24 03:40:51,611 - INFO - -----------------------------------------------------------------------------------
2025-08-24 03:40:51,611 - INFO - 🔍 迭代第4次，球心向左1.7398e-01mm，向下2.0829e-01mm，向后6.8087e+00mm，半径变大2.6859e+00mm
2025-08-24 03:40:51,611 - INFO - 📊 变化前: 中心(0.071, 0.069, 0.613), 半径17.84mm
2025-08-24 03:40:51,611 - INFO - 📊 变化后: 中心(0.071, 0.069, 0.620), 半径20.53mm
2025-08-24 03:40:51,612 - INFO - 📈 变化量: 中心移动0.27mm, 半径变化2.69mm
2025-08-24 03:40:51,612 - INFO - 📍 眼球中心: [0.07130224 0.06858542 0.61314244]
2025-08-24 03:40:51,612 - INFO - 📏 眼球半径: 17.84mm
2025-08-24 03:40:51,612 - INFO - 👁️ 瞳孔中心: [0.06819904 0.06819904 0.60000002]
2025-08-24 03:40:51,613 - INFO - 📐 眼球中心在瞳孔中心的右3.10mm，下0.39mm，后13.14mm
2025-08-24 03:40:51,613 - INFO - 📏 距离: 13.51mm
2025-08-24 03:40:51,613 - INFO - -----------------------------------------------------------------------------------
2025-08-24 03:40:51,613 - INFO - -----------------------------------------------------------------------------------
2025-08-24 03:40:51,613 - INFO - 🔍 迭代第5次，球心向左1.9539e-01mm，向下2.1705e-01mm，向后6.1587e+00mm，半径变大2.1001e+00mm
2025-08-24 03:40:51,613 - INFO - 📊 变化前: 中心(0.071, 0.069, 0.613), 半径17.84mm
2025-08-24 03:40:51,614 - INFO - 📊 变化后: 中心(0.071, 0.069, 0.619), 半径19.94mm
2025-08-24 03:40:51,614 - INFO - 📈 变化量: 中心移动0.29mm, 半径变化2.10mm
2025-08-24 03:40:51,614 - INFO - 📍 眼球中心: [0.07130224 0.06858542 0.61314244]
2025-08-24 03:40:51,614 - INFO - 📏 眼球半径: 17.84mm
2025-08-24 03:40:51,614 - INFO - 👁️ 瞳孔中心: [0.06819904 0.06819904 0.60000002]
2025-08-24 03:40:51,615 - INFO - 📐 眼球中心在瞳孔中心的右3.10mm，下0.39mm，后13.14mm
2025-08-24 03:40:51,615 - INFO - 📏 距离: 13.51mm
2025-08-24 03:40:51,615 - INFO - -----------------------------------------------------------------------------------
2025-08-24 03:40:51,616 - INFO - -----------------------------------------------------------------------------------
2025-08-24 03:40:51,616 - INFO - 🔍 迭代第6次，球心向左3.2984e-01mm，向下1.2385e-01mm，向后1.5636e+00mm，半径变大4.4469e-02mm
2025-08-24 03:40:51,616 - INFO - 📊 变化前: 中心(0.071, 0.069, 0.619), 半径19.94mm
2025-08-24 03:40:51,617 - INFO - 📊 变化后: 中心(0.072, 0.069, 0.621), 半径19.99mm
2025-08-24 03:40:51,617 - INFO - 📈 变化量: 中心移动0.35mm, 半径变化0.04mm
2025-08-24 03:40:51,617 - INFO - 📍 眼球中心: [0.07149764 0.06880248 0.61930117]
2025-08-24 03:40:51,617 - INFO - 📏 眼球半径: 19.94mm
2025-08-24 03:40:51,617 - INFO - 👁️ 瞳孔中心: [0.06819904 0.06819904 0.60000002]
2025-08-24 03:40:51,618 - INFO - 📐 眼球中心在瞳孔中心的右3.30mm，下0.60mm，后19.30mm
2025-08-24 03:40:51,618 - INFO - 📏 距离: 19.59mm
2025-08-24 03:40:51,619 - INFO - -----------------------------------------------------------------------------------
2025-08-24 03:40:51,619 - INFO - -----------------------------------------------------------------------------------
2025-08-24 03:40:51,620 - INFO - 🔍 迭代第7次，球心向左7.3443e-01mm，向下4.6205e-02mm，向后1.0902e+00mm，半径变大1.5419e+00mm
2025-08-24 03:40:51,620 - INFO - 📊 变化前: 中心(0.072, 0.069, 0.621), 半径19.99mm
2025-08-24 03:40:51,620 - INFO - 📊 变化后: 中心(0.073, 0.069, 0.622), 半径21.53mm
2025-08-24 03:40:51,620 - INFO - 📈 变化量: 中心移动0.74mm, 半径变化1.54mm
2025-08-24 03:40:51,621 - INFO - 📍 眼球中心: [0.07182747 0.06892632 0.62086479]
2025-08-24 03:40:51,621 - INFO - 📏 眼球半径: 19.99mm
2025-08-24 03:40:51,621 - INFO - 👁️ 瞳孔中心: [0.06819904 0.06819904 0.60000002]
2025-08-24 03:40:51,621 - INFO - 📐 眼球中心在瞳孔中心的右3.63mm，下0.73mm，后20.86mm
2025-08-24 03:40:51,622 - INFO - 📏 距离: 21.19mm
2025-08-24 03:40:51,622 - INFO - -----------------------------------------------------------------------------------
2025-08-24 03:40:51,622 - INFO - -----------------------------------------------------------------------------------
2025-08-24 03:40:51,623 - INFO - 🔍 迭代第8次，球心向左1.2220e-01mm，向下2.8627e-03mm，向后4.1558e-01mm，半径变大4.9574e-01mm
2025-08-24 03:40:51,623 - INFO - 📊 变化前: 中心(0.072, 0.069, 0.621), 半径19.99mm
2025-08-24 03:40:51,623 - INFO - 📊 变化后: 中心(0.072, 0.069, 0.621), 半径20.48mm
2025-08-24 03:40:51,623 - INFO - 📈 变化量: 中心移动0.12mm, 半径变化0.50mm
2025-08-24 03:40:51,624 - INFO - 📍 眼球中心: [0.07182747 0.06892632 0.62086479]
2025-08-24 03:40:51,624 - INFO - 📏 眼球半径: 19.99mm
2025-08-24 03:40:51,624 - INFO - 👁️ 瞳孔中心: [0.06819904 0.06819904 0.60000002]
2025-08-24 03:40:51,624 - INFO - 📐 眼球中心在瞳孔中心的右3.63mm，下0.73mm，后20.86mm
2025-08-24 03:40:51,624 - INFO - 📏 距离: 21.19mm
2025-08-24 03:40:51,624 - INFO - -----------------------------------------------------------------------------------
2025-08-24 03:40:51,625 - INFO - -----------------------------------------------------------------------------------
2025-08-24 03:40:51,625 - INFO - 🔍 迭代第9次，球心向左1.3841e-02mm，向下1.3910e-04mm，向后5.5340e-02mm，半径变大6.4871e-02mm
2025-08-24 03:40:51,625 - INFO - 📊 变化前: 中心(0.072, 0.069, 0.621), 半径19.99mm
2025-08-24 03:40:51,625 - INFO - 📊 变化后: 中心(0.072, 0.069, 0.621), 半径20.05mm
2025-08-24 03:40:51,625 - INFO - 📈 变化量: 中心移动0.01mm, 半径变化0.06mm
2025-08-24 03:40:51,625 - INFO - 📍 眼球中心: [0.07182747 0.06892632 0.62086479]
2025-08-24 03:40:51,625 - INFO - 📏 眼球半径: 19.99mm
2025-08-24 03:40:51,626 - INFO - 👁️ 瞳孔中心: [0.06819904 0.06819904 0.60000002]
2025-08-24 03:40:51,626 - INFO - 📐 眼球中心在瞳孔中心的右3.63mm，下0.73mm，后20.86mm
2025-08-24 03:40:51,626 - INFO - 📏 距离: 21.19mm
2025-08-24 03:40:51,626 - INFO - -----------------------------------------------------------------------------------
2025-08-24 03:40:51,626 - INFO - -----------------------------------------------------------------------------------
2025-08-24 03:40:51,626 - INFO - 🔍 迭代第10次，球心向左1.4053e-03mm，向下1.1815e-05mm，向后5.7214e-03mm，半径变大6.6951e-03mm
2025-08-24 03:40:51,626 - INFO - 📊 变化前: 中心(0.072, 0.069, 0.621), 半径19.99mm
2025-08-24 03:40:51,627 - INFO - 📊 变化后: 中心(0.072, 0.069, 0.621), 半径19.99mm
2025-08-24 03:40:51,627 - INFO - 📈 变化量: 中心移动0.00mm, 半径变化0.01mm
2025-08-24 03:40:51,627 - INFO - 📍 眼球中心: [0.07182747 0.06892632 0.62086479]
2025-08-24 03:40:51,627 - INFO - 📏 眼球半径: 19.99mm
2025-08-24 03:40:51,627 - INFO - 👁️ 瞳孔中心: [0.06819904 0.06819904 0.60000002]
2025-08-24 03:40:51,627 - INFO - 📐 眼球中心在瞳孔中心的右3.63mm，下0.73mm，后20.86mm
2025-08-24 03:40:51,628 - INFO - 📏 距离: 21.19mm
2025-08-24 03:40:51,628 - INFO - -----------------------------------------------------------------------------------
2025-08-24 03:40:51,628 - INFO - -----------------------------------------------------------------------------------
2025-08-24 03:40:51,628 - INFO - 🔍 迭代第11次，球心向左1.4054e-03mm，向下1.1882e-05mm，向后5.7192e-03mm，半径变大6.6922e-03mm
2025-08-24 03:40:51,628 - INFO - 📊 变化前: 中心(0.072, 0.069, 0.621), 半径19.99mm
2025-08-24 03:40:51,628 - INFO - 📊 变化后: 中心(0.072, 0.069, 0.621), 半径20.00mm
2025-08-24 03:40:51,629 - INFO - 📈 变化量: 中心移动0.00mm, 半径变化0.01mm
2025-08-24 03:40:51,629 - INFO - 📍 眼球中心: [0.07182888 0.06892634 0.62087051]
2025-08-24 03:40:51,629 - INFO - 📏 眼球半径: 19.99mm
2025-08-24 03:40:51,629 - INFO - 👁️ 瞳孔中心: [0.06819904 0.06819904 0.60000002]
2025-08-24 03:40:51,629 - INFO - 📐 眼球中心在瞳孔中心的右3.63mm，下0.73mm，后20.87mm
2025-08-24 03:40:51,629 - INFO - 📏 距离: 21.20mm
2025-08-24 03:40:51,629 - INFO - -----------------------------------------------------------------------------------
2025-08-24 03:40:51,630 - INFO - -----------------------------------------------------------------------------------
2025-08-24 03:40:51,630 - INFO - 🔍 迭代第12次，球心向左1.4055e-03mm，向下1.1948e-05mm，向后5.7171e-03mm，半径变大6.6894e-03mm
2025-08-24 03:40:51,630 - INFO - 📊 变化前: 中心(0.072, 0.069, 0.621), 半径20.00mm
2025-08-24 03:40:51,630 - INFO - 📊 变化后: 中心(0.072, 0.069, 0.621), 半径20.01mm
2025-08-24 03:40:51,630 - INFO - 📈 变化量: 中心移动0.00mm, 半径变化0.01mm
2025-08-24 03:40:51,631 - INFO - 📍 眼球中心: [0.07183028 0.06892635 0.62087623]
2025-08-24 03:40:51,631 - INFO - 📏 眼球半径: 20.00mm
2025-08-24 03:40:51,631 - INFO - 👁️ 瞳孔中心: [0.06819904 0.06819904 0.60000002]
2025-08-24 03:40:51,631 - INFO - 📐 眼球中心在瞳孔中心的右3.63mm，下0.73mm，后20.88mm
2025-08-24 03:40:51,632 - INFO - 📏 距离: 21.20mm
2025-08-24 03:40:51,632 - INFO - -----------------------------------------------------------------------------------
2025-08-24 03:40:51,632 - INFO - -----------------------------------------------------------------------------------
2025-08-24 03:40:51,634 - INFO - 🔍 迭代第13次，球心向左1.4077e-04mm，向下1.1731e-06mm，向后5.7365e-04mm，半径变大6.7109e-04mm
2025-08-24 03:40:51,634 - INFO - 📊 变化前: 中心(0.072, 0.069, 0.621), 半径20.00mm
2025-08-24 03:40:51,634 - INFO - 📊 变化后: 中心(0.072, 0.069, 0.621), 半径20.00mm
2025-08-24 03:40:51,635 - INFO - 📈 变化量: 中心移动0.00mm, 半径变化0.00mm
2025-08-24 03:40:51,635 - INFO - 📍 眼球中心: [0.07183028 0.06892635 0.62087623]
2025-08-24 03:40:51,635 - INFO - 📏 眼球半径: 20.00mm
2025-08-24 03:40:51,636 - INFO - 👁️ 瞳孔中心: [0.06819904 0.06819904 0.60000002]
2025-08-24 03:40:51,636 - INFO - 📐 眼球中心在瞳孔中心的右3.63mm，下0.73mm，后20.88mm
2025-08-24 03:40:51,636 - INFO - 📏 距离: 21.20mm
2025-08-24 03:40:51,636 - INFO - -----------------------------------------------------------------------------------
2025-08-24 03:40:51,636 - INFO - -----------------------------------------------------------------------------------
2025-08-24 03:40:51,637 - INFO - 🔍 迭代第14次，球心向左1.4077e-04mm，向下1.1737e-06mm，向后5.7362e-04mm，半径变大6.7106e-04mm
2025-08-24 03:40:51,637 - INFO - 📊 变化前: 中心(0.072, 0.069, 0.621), 半径20.00mm
2025-08-24 03:40:51,637 - INFO - 📊 变化后: 中心(0.072, 0.069, 0.621), 半径20.00mm
2025-08-24 03:40:51,637 - INFO - 📈 变化量: 中心移动0.00mm, 半径变化0.00mm
2025-08-24 03:40:51,637 - INFO - 📍 眼球中心: [0.07183042 0.06892635 0.6208768 ]
2025-08-24 03:40:51,637 - INFO - 📏 眼球半径: 20.00mm
2025-08-24 03:40:51,638 - INFO - 👁️ 瞳孔中心: [0.06819904 0.06819904 0.60000002]
2025-08-24 03:40:51,638 - INFO - 📐 眼球中心在瞳孔中心的右3.63mm，下0.73mm，后20.88mm
2025-08-24 03:40:51,638 - INFO - 📏 距离: 21.20mm
2025-08-24 03:40:51,638 - INFO - -----------------------------------------------------------------------------------
2025-08-24 03:40:51,638 - INFO - -----------------------------------------------------------------------------------
2025-08-24 03:40:51,638 - INFO - 🔍 迭代第15次，球心向左1.4078e-04mm，向下1.1744e-06mm，向后5.7360e-04mm，半径变大6.7104e-04mm
2025-08-24 03:40:51,638 - INFO - 📊 变化前: 中心(0.072, 0.069, 0.621), 半径20.00mm
2025-08-24 03:40:51,638 - INFO - 📊 变化后: 中心(0.072, 0.069, 0.621), 半径20.00mm
2025-08-24 03:40:51,639 - INFO - 📈 变化量: 中心移动0.00mm, 半径变化0.00mm
2025-08-24 03:40:51,639 - INFO - 📍 眼球中心: [0.07183056 0.06892635 0.62087738]
2025-08-24 03:40:51,639 - INFO - 📏 眼球半径: 20.00mm
2025-08-24 03:40:51,639 - INFO - 👁️ 瞳孔中心: [0.06819904 0.06819904 0.60000002]
2025-08-24 03:40:51,639 - INFO - 📐 眼球中心在瞳孔中心的右3.63mm，下0.73mm，后20.88mm
2025-08-24 03:40:51,639 - INFO - 📏 距离: 21.20mm
2025-08-24 03:40:51,639 - INFO - -----------------------------------------------------------------------------------
2025-08-24 03:40:51,640 - INFO - -----------------------------------------------------------------------------------
2025-08-24 03:40:51,640 - INFO - 🔍 迭代第16次，球心向左1.4080e-05mm，向下1.1722e-07mm，向后5.7380e-05mm，半径变大6.7125e-05mm
2025-08-24 03:40:51,640 - INFO - 📊 变化前: 中心(0.072, 0.069, 0.621), 半径20.00mm
2025-08-24 03:40:51,640 - INFO - 📊 变化后: 中心(0.072, 0.069, 0.621), 半径20.00mm
2025-08-24 03:40:51,640 - INFO - 📈 变化量: 中心移动0.00mm, 半径变化0.00mm
2025-08-24 03:40:51,640 - INFO - 📍 眼球中心: [0.07183056 0.06892635 0.62087738]
2025-08-24 03:40:51,640 - INFO - 📏 眼球半径: 20.00mm
2025-08-24 03:40:51,640 - INFO - 👁️ 瞳孔中心: [0.06819904 0.06819904 0.60000002]
2025-08-24 03:40:51,640 - INFO - 📐 眼球中心在瞳孔中心的右3.63mm，下0.73mm，后20.88mm
2025-08-24 03:40:51,640 - INFO - 📏 距离: 21.20mm
2025-08-24 03:40:51,640 - INFO - -----------------------------------------------------------------------------------
2025-08-24 03:40:51,641 - INFO - -----------------------------------------------------------------------------------
2025-08-24 03:40:51,641 - INFO - 🔍 迭代第17次，球心向左1.4080e-05mm，向下1.1723e-07mm，向后5.7379e-05mm，半径变大6.7125e-05mm
2025-08-24 03:40:51,641 - INFO - 📊 变化前: 中心(0.072, 0.069, 0.621), 半径20.00mm
2025-08-24 03:40:51,641 - INFO - 📊 变化后: 中心(0.072, 0.069, 0.621), 半径20.00mm
2025-08-24 03:40:51,641 - INFO - 📈 变化量: 中心移动0.00mm, 半径变化0.00mm
2025-08-24 03:40:51,641 - INFO - 📍 眼球中心: [0.07183058 0.06892635 0.62087744]
2025-08-24 03:40:51,641 - INFO - 📏 眼球半径: 20.00mm
2025-08-24 03:40:51,642 - INFO - 👁️ 瞳孔中心: [0.06819904 0.06819904 0.60000002]
2025-08-24 03:40:51,642 - INFO - 📐 眼球中心在瞳孔中心的右3.63mm，下0.73mm，后20.88mm
2025-08-24 03:40:51,642 - INFO - 📏 距离: 21.20mm
2025-08-24 03:40:51,642 - INFO - -----------------------------------------------------------------------------------
2025-08-24 03:40:51,643 - INFO - -----------------------------------------------------------------------------------
2025-08-24 03:40:51,643 - INFO - 🔍 迭代第18次，球心向左1.4080e-05mm，向下1.1723e-07mm，向后5.7379e-05mm，半径变大6.7125e-05mm
2025-08-24 03:40:51,643 - INFO - 📊 变化前: 中心(0.072, 0.069, 0.621), 半径20.00mm
2025-08-24 03:40:51,643 - INFO - 📊 变化后: 中心(0.072, 0.069, 0.621), 半径20.00mm
2025-08-24 03:40:51,643 - INFO - 📈 变化量: 中心移动0.00mm, 半径变化0.00mm
2025-08-24 03:40:51,643 - INFO - 📍 眼球中心: [0.07183059 0.06892635 0.62087749]
2025-08-24 03:40:51,643 - INFO - 📏 眼球半径: 20.00mm
2025-08-24 03:40:51,644 - INFO - 👁️ 瞳孔中心: [0.06819904 0.06819904 0.60000002]
2025-08-24 03:40:51,644 - INFO - 📐 眼球中心在瞳孔中心的右3.63mm，下0.73mm，后20.88mm
2025-08-24 03:40:51,644 - INFO - 📏 距离: 21.20mm
2025-08-24 03:40:51,644 - INFO - -----------------------------------------------------------------------------------
2025-08-24 03:40:51,644 - INFO - -----------------------------------------------------------------------------------
2025-08-24 03:40:51,644 - INFO - 🔍 迭代第19次，球心向左1.4080e-05mm，向下1.1724e-07mm，向后5.7379e-05mm，半径变大6.7124e-05mm
2025-08-24 03:40:51,644 - INFO - 📊 变化前: 中心(0.072, 0.069, 0.621), 半径20.00mm
2025-08-24 03:40:51,644 - INFO - 📊 变化后: 中心(0.072, 0.069, 0.621), 半径20.00mm
2025-08-24 03:40:51,644 - INFO - 📈 变化量: 中心移动0.00mm, 半径变化0.00mm
2025-08-24 03:40:51,645 - INFO - 📍 眼球中心: [0.07183061 0.06892635 0.62087755]
2025-08-24 03:40:51,645 - INFO - 📏 眼球半径: 20.00mm
2025-08-24 03:40:51,645 - INFO - 👁️ 瞳孔中心: [0.06819904 0.06819904 0.60000002]
2025-08-24 03:40:51,645 - INFO - 📐 眼球中心在瞳孔中心的右3.63mm，下0.73mm，后20.88mm
2025-08-24 03:40:51,645 - INFO - 📏 距离: 21.20mm
2025-08-24 03:40:51,645 - INFO - -----------------------------------------------------------------------------------
2025-08-24 03:40:51,645 - INFO - -----------------------------------------------------------------------------------
2025-08-24 03:40:51,646 - INFO - 🔍 迭代第20次，球心向左1.4080e-06mm，向下1.1722e-08mm，向后5.7381e-06mm，半径变大6.7127e-06mm
2025-08-24 03:40:51,646 - INFO - 📊 变化前: 中心(0.072, 0.069, 0.621), 半径20.00mm
2025-08-24 03:40:51,646 - INFO - 📊 变化后: 中心(0.072, 0.069, 0.621), 半径20.00mm
2025-08-24 03:40:51,646 - INFO - 📈 变化量: 中心移动0.00mm, 半径变化0.00mm
2025-08-24 03:40:51,646 - INFO - 📍 眼球中心: [0.07183061 0.06892635 0.62087755]
2025-08-24 03:40:51,646 - INFO - 📏 眼球半径: 20.00mm
2025-08-24 03:40:51,646 - INFO - 👁️ 瞳孔中心: [0.06819904 0.06819904 0.60000002]
2025-08-24 03:40:51,646 - INFO - 📐 眼球中心在瞳孔中心的右3.63mm，下0.73mm，后20.88mm
2025-08-24 03:40:51,646 - INFO - 📏 距离: 21.20mm
2025-08-24 03:40:51,646 - INFO - -----------------------------------------------------------------------------------
2025-08-24 03:40:51,647 - INFO - -----------------------------------------------------------------------------------
2025-08-24 03:40:51,647 - INFO - 🔍 迭代第21次，球心向左1.4080e-06mm，向下1.1722e-08mm，向后5.7381e-06mm，半径变大6.7127e-06mm
2025-08-24 03:40:51,647 - INFO - 📊 变化前: 中心(0.072, 0.069, 0.621), 半径20.00mm
2025-08-24 03:40:51,647 - INFO - 📊 变化后: 中心(0.072, 0.069, 0.621), 半径20.00mm
2025-08-24 03:40:51,647 - INFO - 📈 变化量: 中心移动0.00mm, 半径变化0.00mm
2025-08-24 03:40:51,648 - INFO - 📍 眼球中心: [0.07183061 0.06892635 0.62087756]
2025-08-24 03:40:51,648 - INFO - 📏 眼球半径: 20.00mm
2025-08-24 03:40:51,648 - INFO - 👁️ 瞳孔中心: [0.06819904 0.06819904 0.60000002]
2025-08-24 03:40:51,648 - INFO - 📐 眼球中心在瞳孔中心的右3.63mm，下0.73mm，后20.88mm
2025-08-24 03:40:51,648 - INFO - 📏 距离: 21.20mm
2025-08-24 03:40:51,649 - INFO - -----------------------------------------------------------------------------------
2025-08-24 03:40:51,649 - INFO - -----------------------------------------------------------------------------------
2025-08-24 03:40:51,649 - INFO - 🔍 迭代第22次，球心向左1.4080e-06mm，向下1.1722e-08mm，向后5.7381e-06mm，半径变大6.7126e-06mm
2025-08-24 03:40:51,650 - INFO - 📊 变化前: 中心(0.072, 0.069, 0.621), 半径20.00mm
2025-08-24 03:40:51,650 - INFO - 📊 变化后: 中心(0.072, 0.069, 0.621), 半径20.00mm
2025-08-24 03:40:51,650 - INFO - 📈 变化量: 中心移动0.00mm, 半径变化0.00mm
2025-08-24 03:40:51,651 - INFO - 📍 眼球中心: [0.07183061 0.06892635 0.62087756]
2025-08-24 03:40:51,651 - INFO - 📏 眼球半径: 20.00mm
2025-08-24 03:40:51,651 - INFO - 👁️ 瞳孔中心: [0.06819904 0.06819904 0.60000002]
2025-08-24 03:40:51,651 - INFO - 📐 眼球中心在瞳孔中心的右3.63mm，下0.73mm，后20.88mm
2025-08-24 03:40:51,651 - INFO - 📏 距离: 21.20mm
2025-08-24 03:40:51,651 - INFO - -----------------------------------------------------------------------------------
2025-08-24 03:40:51,652 - INFO - -----------------------------------------------------------------------------------
2025-08-24 03:40:51,652 - INFO - 🔍 迭代第23次，球心向左1.4080e-06mm，向下1.1722e-08mm，向后5.7381e-06mm，半径变大6.7126e-06mm
2025-08-24 03:40:51,652 - INFO - 📊 变化前: 中心(0.072, 0.069, 0.621), 半径20.00mm
2025-08-24 03:40:51,652 - INFO - 📊 变化后: 中心(0.072, 0.069, 0.621), 半径20.00mm
2025-08-24 03:40:51,652 - INFO - 📈 变化量: 中心移动0.00mm, 半径变化0.00mm
2025-08-24 03:40:51,653 - INFO - 📍 眼球中心: [0.07183061 0.06892635 0.62087757]
2025-08-24 03:40:51,653 - INFO - 📏 眼球半径: 20.00mm
2025-08-24 03:40:51,653 - INFO - 👁️ 瞳孔中心: [0.06819904 0.06819904 0.60000002]
2025-08-24 03:40:51,653 - INFO - 📐 眼球中心在瞳孔中心的右3.63mm，下0.73mm，后20.88mm
2025-08-24 03:40:51,653 - INFO - 📏 距离: 21.20mm
2025-08-24 03:40:51,653 - INFO - -----------------------------------------------------------------------------------
2025-08-24 03:40:51,654 - INFO - -----------------------------------------------------------------------------------
2025-08-24 03:40:51,654 - INFO - 🔍 迭代第24次，球心向左1.4080e-06mm，向下1.1722e-08mm，向后5.7381e-06mm，半径变大6.7126e-06mm
2025-08-24 03:40:51,654 - INFO - 📊 变化前: 中心(0.072, 0.069, 0.621), 半径20.00mm
2025-08-24 03:40:51,654 - INFO - 📊 变化后: 中心(0.072, 0.069, 0.621), 半径20.00mm
2025-08-24 03:40:51,655 - INFO - 📈 变化量: 中心移动0.00mm, 半径变化0.00mm
2025-08-24 03:40:51,655 - INFO - 📍 眼球中心: [0.07183061 0.06892635 0.62087757]
2025-08-24 03:40:51,655 - INFO - 📏 眼球半径: 20.00mm
2025-08-24 03:40:51,655 - INFO - 👁️ 瞳孔中心: [0.06819904 0.06819904 0.60000002]
2025-08-24 03:40:51,655 - INFO - 📐 眼球中心在瞳孔中心的右3.63mm，下0.73mm，后20.88mm
2025-08-24 03:40:51,656 - INFO - 📏 距离: 21.20mm
2025-08-24 03:40:51,656 - INFO - -----------------------------------------------------------------------------------
2025-08-24 03:40:51,656 - INFO - -----------------------------------------------------------------------------------
2025-08-24 03:40:51,656 - INFO - 🔍 迭代第25次，球心向左1.4080e-06mm，向下1.1722e-08mm，向后5.7381e-06mm，半径变大6.7126e-06mm
2025-08-24 03:40:51,656 - INFO - 📊 变化前: 中心(0.072, 0.069, 0.621), 半径20.00mm
2025-08-24 03:40:51,656 - INFO - 📊 变化后: 中心(0.072, 0.069, 0.621), 半径20.00mm
2025-08-24 03:40:51,657 - INFO - 📈 变化量: 中心移动0.00mm, 半径变化0.00mm
2025-08-24 03:40:51,657 - INFO - 📍 眼球中心: [0.07183061 0.06892635 0.62087758]
2025-08-24 03:40:51,657 - INFO - 📏 眼球半径: 20.00mm
2025-08-24 03:40:51,657 - INFO - 👁️ 瞳孔中心: [0.06819904 0.06819904 0.60000002]
2025-08-24 03:40:51,657 - INFO - 📐 眼球中心在瞳孔中心的右3.63mm，下0.73mm，后20.88mm
2025-08-24 03:40:51,657 - INFO - 📏 距离: 21.20mm
2025-08-24 03:40:51,658 - INFO - -----------------------------------------------------------------------------------
2025-08-24 03:40:51,658 - INFO - -----------------------------------------------------------------------------------
2025-08-24 03:40:51,658 - INFO - 🔍 迭代第26次，球心向左1.4080e-06mm，向下1.1722e-08mm，向后5.7381e-06mm，半径变大6.7126e-06mm
2025-08-24 03:40:51,658 - INFO - 📊 变化前: 中心(0.072, 0.069, 0.621), 半径20.00mm
2025-08-24 03:40:51,658 - INFO - 📊 变化后: 中心(0.072, 0.069, 0.621), 半径20.00mm
2025-08-24 03:40:51,658 - INFO - 📈 变化量: 中心移动0.00mm, 半径变化0.00mm
2025-08-24 03:40:51,659 - INFO - 📍 眼球中心: [0.07183061 0.06892635 0.62087758]
2025-08-24 03:40:51,659 - INFO - 📏 眼球半径: 20.00mm
2025-08-24 03:40:51,659 - INFO - 👁️ 瞳孔中心: [0.06819904 0.06819904 0.60000002]
2025-08-24 03:40:51,659 - INFO - 📐 眼球中心在瞳孔中心的右3.63mm，下0.73mm，后20.88mm
2025-08-24 03:40:51,659 - INFO - 📏 距离: 21.20mm
2025-08-24 03:40:51,659 - INFO - -----------------------------------------------------------------------------------
2025-08-24 03:40:51,660 - INFO - -----------------------------------------------------------------------------------
2025-08-24 03:40:51,660 - INFO - 🔍 迭代第27次，球心向左1.4080e-06mm，向下1.1722e-08mm，向后5.7381e-06mm，半径变大6.7126e-06mm
2025-08-24 03:40:51,660 - INFO - 📊 变化前: 中心(0.072, 0.069, 0.621), 半径20.00mm
2025-08-24 03:40:51,660 - INFO - 📊 变化后: 中心(0.072, 0.069, 0.621), 半径20.00mm
2025-08-24 03:40:51,660 - INFO - 📈 变化量: 中心移动0.00mm, 半径变化0.00mm
2025-08-24 03:40:51,660 - INFO - 📍 眼球中心: [0.07183062 0.06892635 0.62087759]
2025-08-24 03:40:51,660 - INFO - 📏 眼球半径: 20.00mm
2025-08-24 03:40:51,660 - INFO - 👁️ 瞳孔中心: [0.06819904 0.06819904 0.60000002]
2025-08-24 03:40:51,660 - INFO - 📐 眼球中心在瞳孔中心的右3.63mm，下0.73mm，后20.88mm
2025-08-24 03:40:51,660 - INFO - 📏 距离: 21.20mm
2025-08-24 03:40:51,660 - INFO - -----------------------------------------------------------------------------------
2025-08-24 03:40:51,661 - INFO - -----------------------------------------------------------------------------------
2025-08-24 03:40:51,661 - INFO - 🔍 迭代第28次，球心向左1.4080e-06mm，向下1.1723e-08mm，向后5.7381e-06mm，半径变大6.7126e-06mm
2025-08-24 03:40:51,661 - INFO - 📊 变化前: 中心(0.072, 0.069, 0.621), 半径20.00mm
2025-08-24 03:40:51,661 - INFO - 📊 变化后: 中心(0.072, 0.069, 0.621), 半径20.00mm
2025-08-24 03:40:51,661 - INFO - 📈 变化量: 中心移动0.00mm, 半径变化0.00mm
2025-08-24 03:40:51,661 - INFO - 📍 眼球中心: [0.07183062 0.06892635 0.6208776 ]
2025-08-24 03:40:51,661 - INFO - 📏 眼球半径: 20.00mm
2025-08-24 03:40:51,662 - INFO - 👁️ 瞳孔中心: [0.06819904 0.06819904 0.60000002]
2025-08-24 03:40:51,662 - INFO - 📐 眼球中心在瞳孔中心的右3.63mm，下0.73mm，后20.88mm
2025-08-24 03:40:51,662 - INFO - 📏 距离: 21.20mm
2025-08-24 03:40:51,662 - INFO - -----------------------------------------------------------------------------------
2025-08-24 03:40:51,663 - INFO - -----------------------------------------------------------------------------------
2025-08-24 03:40:51,663 - INFO - 🔍 迭代第29次，球心向左1.4080e-07mm，向下1.1722e-09mm，向后5.7381e-07mm，半径变大6.7127e-07mm
2025-08-24 03:40:51,663 - INFO - 📊 变化前: 中心(0.072, 0.069, 0.621), 半径20.00mm
2025-08-24 03:40:51,663 - INFO - 📊 变化后: 中心(0.072, 0.069, 0.621), 半径20.00mm
2025-08-24 03:40:51,663 - INFO - 📈 变化量: 中心移动0.00mm, 半径变化0.00mm
2025-08-24 03:40:51,663 - INFO - 📍 眼球中心: [0.07183062 0.06892635 0.6208776 ]
2025-08-24 03:40:51,664 - INFO - 📏 眼球半径: 20.00mm
2025-08-24 03:40:51,664 - INFO - 👁️ 瞳孔中心: [0.06819904 0.06819904 0.60000002]
2025-08-24 03:40:51,664 - INFO - 📐 眼球中心在瞳孔中心的右3.63mm，下0.73mm，后20.88mm
2025-08-24 03:40:51,664 - INFO - 📏 距离: 21.20mm
2025-08-24 03:40:51,664 - INFO - -----------------------------------------------------------------------------------
2025-08-24 03:40:51,664 - INFO - -----------------------------------------------------------------------------------
2025-08-24 03:40:51,665 - INFO - 🔍 迭代第30次，球心向左1.4080e-07mm，向下1.1722e-09mm，向后5.7381e-07mm，半径变大6.7127e-07mm
2025-08-24 03:40:51,665 - INFO - 📊 变化前: 中心(0.072, 0.069, 0.621), 半径20.00mm
2025-08-24 03:40:51,665 - INFO - 📊 变化后: 中心(0.072, 0.069, 0.621), 半径20.00mm
2025-08-24 03:40:51,665 - INFO - 📈 变化量: 中心移动0.00mm, 半径变化0.00mm
2025-08-24 03:40:51,665 - INFO - 📍 眼球中心: [0.07183062 0.06892635 0.6208776 ]
2025-08-24 03:40:51,666 - INFO - 📏 眼球半径: 20.00mm
2025-08-24 03:40:51,666 - INFO - 👁️ 瞳孔中心: [0.06819904 0.06819904 0.60000002]
2025-08-24 03:40:51,666 - INFO - 📐 眼球中心在瞳孔中心的右3.63mm，下0.73mm，后20.88mm
2025-08-24 03:40:51,666 - INFO - 📏 距离: 21.20mm
2025-08-24 03:40:51,666 - INFO - -----------------------------------------------------------------------------------
2025-08-24 03:40:51,667 - INFO - -----------------------------------------------------------------------------------
2025-08-24 03:40:51,667 - INFO - 🔍 迭代第31次，球心向左1.4080e-07mm，向下1.1722e-09mm，向后5.7381e-07mm，半径变大6.7127e-07mm
2025-08-24 03:40:51,667 - INFO - 📊 变化前: 中心(0.072, 0.069, 0.621), 半径20.00mm
2025-08-24 03:40:51,667 - INFO - 📊 变化后: 中心(0.072, 0.069, 0.621), 半径20.00mm
2025-08-24 03:40:51,669 - INFO - 📈 变化量: 中心移动0.00mm, 半径变化0.00mm
2025-08-24 03:40:51,670 - INFO - 📍 眼球中心: [0.07183062 0.06892635 0.6208776 ]
2025-08-24 03:40:51,670 - INFO - 📏 眼球半径: 20.00mm
2025-08-24 03:40:51,671 - INFO - 👁️ 瞳孔中心: [0.06819904 0.06819904 0.60000002]
2025-08-24 03:40:51,671 - INFO - 📐 眼球中心在瞳孔中心的右3.63mm，下0.73mm，后20.88mm
2025-08-24 03:40:51,671 - INFO - 📏 距离: 21.20mm
2025-08-24 03:40:51,671 - INFO - -----------------------------------------------------------------------------------
2025-08-24 03:40:51,672 - INFO - -----------------------------------------------------------------------------------
2025-08-24 03:40:51,672 - INFO - 🔍 迭代第32次，球心向左1.4080e-07mm，向下1.1722e-09mm，向后5.7381e-07mm，半径变大6.7127e-07mm
2025-08-24 03:40:51,672 - INFO - 📊 变化前: 中心(0.072, 0.069, 0.621), 半径20.00mm
2025-08-24 03:40:51,673 - INFO - 📊 变化后: 中心(0.072, 0.069, 0.621), 半径20.00mm
2025-08-24 03:40:51,673 - INFO - 📈 变化量: 中心移动0.00mm, 半径变化0.00mm
2025-08-24 03:40:51,673 - INFO - 📍 眼球中心: [0.07183062 0.06892635 0.6208776 ]
2025-08-24 03:40:51,673 - INFO - 📏 眼球半径: 20.00mm
2025-08-24 03:40:51,673 - INFO - 👁️ 瞳孔中心: [0.06819904 0.06819904 0.60000002]
2025-08-24 03:40:51,673 - INFO - 📐 眼球中心在瞳孔中心的右3.63mm，下0.73mm，后20.88mm
2025-08-24 03:40:51,674 - INFO - 📏 距离: 21.20mm
2025-08-24 03:40:51,674 - INFO - -----------------------------------------------------------------------------------
2025-08-24 03:40:51,674 - INFO - -----------------------------------------------------------------------------------
2025-08-24 03:40:51,674 - INFO - 🔍 迭代第33次，球心向左1.4080e-07mm，向下1.1722e-09mm，向后5.7381e-07mm，半径变大6.7127e-07mm
2025-08-24 03:40:51,674 - INFO - 📊 变化前: 中心(0.072, 0.069, 0.621), 半径20.00mm
2025-08-24 03:40:51,674 - INFO - 📊 变化后: 中心(0.072, 0.069, 0.621), 半径20.00mm
2025-08-24 03:40:51,674 - INFO - 📈 变化量: 中心移动0.00mm, 半径变化0.00mm
2025-08-24 03:40:51,675 - INFO - 📍 眼球中心: [0.07183062 0.06892635 0.6208776 ]
2025-08-24 03:40:51,675 - INFO - 📏 眼球半径: 20.00mm
2025-08-24 03:40:51,675 - INFO - 👁️ 瞳孔中心: [0.06819904 0.06819904 0.60000002]
2025-08-24 03:40:51,675 - INFO - 📐 眼球中心在瞳孔中心的右3.63mm，下0.73mm，后20.88mm
2025-08-24 03:40:51,675 - INFO - 📏 距离: 21.20mm
2025-08-24 03:40:51,675 - INFO - -----------------------------------------------------------------------------------
2025-08-24 03:40:51,675 - INFO - -----------------------------------------------------------------------------------
2025-08-24 03:40:51,676 - INFO - 🔍 迭代第34次，球心向左1.4080e-07mm，向下1.1722e-09mm，向后5.7381e-07mm，半径变大6.7127e-07mm
2025-08-24 03:40:51,676 - INFO - 📊 变化前: 中心(0.072, 0.069, 0.621), 半径20.00mm
2025-08-24 03:40:51,676 - INFO - 📊 变化后: 中心(0.072, 0.069, 0.621), 半径20.00mm
2025-08-24 03:40:51,676 - INFO - 📈 变化量: 中心移动0.00mm, 半径变化0.00mm
2025-08-24 03:40:51,676 - INFO - 📍 眼球中心: [0.07183062 0.06892635 0.6208776 ]
2025-08-24 03:40:51,676 - INFO - 📏 眼球半径: 20.00mm
2025-08-24 03:40:51,676 - INFO - 👁️ 瞳孔中心: [0.06819904 0.06819904 0.60000002]
2025-08-24 03:40:51,676 - INFO - 📐 眼球中心在瞳孔中心的右3.63mm，下0.73mm，后20.88mm
2025-08-24 03:40:51,676 - INFO - 📏 距离: 21.20mm
2025-08-24 03:40:51,676 - INFO - -----------------------------------------------------------------------------------
2025-08-24 03:40:51,677 - INFO - -----------------------------------------------------------------------------------
2025-08-24 03:40:51,677 - INFO - 🔍 迭代第35次，球心向左1.4080e-08mm，向下1.1722e-10mm，向后5.7381e-08mm，半径变大6.7127e-08mm
2025-08-24 03:40:51,677 - INFO - 📊 变化前: 中心(0.072, 0.069, 0.621), 半径20.00mm
2025-08-24 03:40:51,677 - INFO - 📊 变化后: 中心(0.072, 0.069, 0.621), 半径20.00mm
2025-08-24 03:40:51,677 - INFO - 📈 变化量: 中心移动0.00mm, 半径变化0.00mm
2025-08-24 03:40:51,677 - INFO - 📍 眼球中心: [0.07183062 0.06892635 0.6208776 ]
2025-08-24 03:40:51,678 - INFO - 📏 眼球半径: 20.00mm
2025-08-24 03:40:51,678 - INFO - 👁️ 瞳孔中心: [0.06819904 0.06819904 0.60000002]
2025-08-24 03:40:51,678 - INFO - 📐 眼球中心在瞳孔中心的右3.63mm，下0.73mm，后20.88mm
2025-08-24 03:40:51,678 - INFO - 📏 距离: 21.20mm
2025-08-24 03:40:51,678 - INFO - -----------------------------------------------------------------------------------
2025-08-24 03:40:51,679 - INFO - -----------------------------------------------------------------------------------
2025-08-24 03:40:51,680 - INFO - 🔍 迭代第36次，球心向左1.4080e-08mm，向下1.1722e-10mm，向后5.7381e-08mm，半径变大6.7127e-08mm
2025-08-24 03:40:51,680 - INFO - 📊 变化前: 中心(0.072, 0.069, 0.621), 半径20.00mm
2025-08-24 03:40:51,680 - INFO - 📊 变化后: 中心(0.072, 0.069, 0.621), 半径20.00mm
2025-08-24 03:40:51,680 - INFO - 📈 变化量: 中心移动0.00mm, 半径变化0.00mm
2025-08-24 03:40:51,680 - INFO - 📍 眼球中心: [0.07183062 0.06892635 0.6208776 ]
2025-08-24 03:40:51,680 - INFO - 📏 眼球半径: 20.00mm
2025-08-24 03:40:51,680 - INFO - 👁️ 瞳孔中心: [0.06819904 0.06819904 0.60000002]
2025-08-24 03:40:51,681 - INFO - 📐 眼球中心在瞳孔中心的右3.63mm，下0.73mm，后20.88mm
2025-08-24 03:40:51,681 - INFO - 📏 距离: 21.20mm
2025-08-24 03:40:51,681 - INFO - -----------------------------------------------------------------------------------
2025-08-24 03:40:51,682 - INFO - -----------------------------------------------------------------------------------
2025-08-24 03:40:51,682 - INFO - 🔍 迭代第37次，球心向左1.4080e-08mm，向下1.1722e-10mm，向后5.7381e-08mm，半径变大6.7127e-08mm
2025-08-24 03:40:51,682 - INFO - 📊 变化前: 中心(0.072, 0.069, 0.621), 半径20.00mm
2025-08-24 03:40:51,683 - INFO - 📊 变化后: 中心(0.072, 0.069, 0.621), 半径20.00mm
2025-08-24 03:40:51,683 - INFO - 📈 变化量: 中心移动0.00mm, 半径变化0.00mm
2025-08-24 03:40:51,683 - INFO - 📍 眼球中心: [0.07183062 0.06892635 0.6208776 ]
2025-08-24 03:40:51,683 - INFO - 📏 眼球半径: 20.00mm
2025-08-24 03:40:51,684 - INFO - 👁️ 瞳孔中心: [0.06819904 0.06819904 0.60000002]
2025-08-24 03:40:51,684 - INFO - 📐 眼球中心在瞳孔中心的右3.63mm，下0.73mm，后20.88mm
2025-08-24 03:40:51,684 - INFO - 📏 距离: 21.20mm
2025-08-24 03:40:51,684 - INFO - -----------------------------------------------------------------------------------
2025-08-24 03:40:51,686 - INFO - -----------------------------------------------------------------------------------
2025-08-24 03:40:51,687 - INFO - 🔍 迭代第38次，球心向左1.4080e-08mm，向下1.1722e-10mm，向后5.7381e-08mm，半径变大6.7127e-08mm
2025-08-24 03:40:51,687 - INFO - 📊 变化前: 中心(0.072, 0.069, 0.621), 半径20.00mm
2025-08-24 03:40:51,687 - INFO - 📊 变化后: 中心(0.072, 0.069, 0.621), 半径20.00mm
2025-08-24 03:40:51,687 - INFO - 📈 变化量: 中心移动0.00mm, 半径变化0.00mm
2025-08-24 03:40:51,687 - INFO - 📍 眼球中心: [0.07183062 0.06892635 0.6208776 ]
2025-08-24 03:40:51,688 - INFO - 📏 眼球半径: 20.00mm
2025-08-24 03:40:51,688 - INFO - 👁️ 瞳孔中心: [0.06819904 0.06819904 0.60000002]
2025-08-24 03:40:51,688 - INFO - 📐 眼球中心在瞳孔中心的右3.63mm，下0.73mm，后20.88mm
2025-08-24 03:40:51,688 - INFO - 📏 距离: 21.20mm
2025-08-24 03:40:51,688 - INFO - -----------------------------------------------------------------------------------
2025-08-24 03:40:51,689 - INFO - -----------------------------------------------------------------------------------
2025-08-24 03:40:51,689 - INFO - 🔍 迭代第39次，球心向左1.4080e-08mm，向下1.1722e-10mm，向后5.7381e-08mm，半径变大6.7127e-08mm
2025-08-24 03:40:51,689 - INFO - 📊 变化前: 中心(0.072, 0.069, 0.621), 半径20.00mm
2025-08-24 03:40:51,689 - INFO - 📊 变化后: 中心(0.072, 0.069, 0.621), 半径20.00mm
2025-08-24 03:40:51,689 - INFO - 📈 变化量: 中心移动0.00mm, 半径变化0.00mm
2025-08-24 03:40:51,689 - INFO - 📍 眼球中心: [0.07183062 0.06892635 0.6208776 ]
2025-08-24 03:40:51,689 - INFO - 📏 眼球半径: 20.00mm
2025-08-24 03:40:51,690 - INFO - 👁️ 瞳孔中心: [0.06819904 0.06819904 0.60000002]
2025-08-24 03:40:51,690 - INFO - 📐 眼球中心在瞳孔中心的右3.63mm，下0.73mm，后20.88mm
2025-08-24 03:40:51,690 - INFO - 📏 距离: 21.20mm
2025-08-24 03:40:51,690 - INFO - -----------------------------------------------------------------------------------
2025-08-24 03:40:51,690 - INFO - -----------------------------------------------------------------------------------
2025-08-24 03:40:51,690 - INFO - 🔍 迭代第40次，球心向左1.4080e-08mm，向下1.1722e-10mm，向后5.7381e-08mm，半径变大6.7127e-08mm
2025-08-24 03:40:51,691 - INFO - 📊 变化前: 中心(0.072, 0.069, 0.621), 半径20.00mm
2025-08-24 03:40:51,691 - INFO - 📊 变化后: 中心(0.072, 0.069, 0.621), 半径20.00mm
2025-08-24 03:40:51,691 - INFO - 📈 变化量: 中心移动0.00mm, 半径变化0.00mm
2025-08-24 03:40:51,691 - INFO - 📍 眼球中心: [0.07183062 0.06892635 0.6208776 ]
2025-08-24 03:40:51,691 - INFO - 📏 眼球半径: 20.00mm
2025-08-24 03:40:51,691 - INFO - 👁️ 瞳孔中心: [0.06819904 0.06819904 0.60000002]
2025-08-24 03:40:51,691 - INFO - 📐 眼球中心在瞳孔中心的右3.63mm，下0.73mm，后20.88mm
2025-08-24 03:40:51,691 - INFO - 📏 距离: 21.20mm
2025-08-24 03:40:51,692 - INFO - -----------------------------------------------------------------------------------
2025-08-24 03:40:51,693 - INFO - -----------------------------------------------------------------------------------
2025-08-24 03:40:51,693 - INFO - 🔍 迭代第41次，球心向左1.4080e-08mm，向下1.1722e-10mm，向后5.7381e-08mm，半径变大6.7127e-08mm
2025-08-24 03:40:51,693 - INFO - 📊 变化前: 中心(0.072, 0.069, 0.621), 半径20.00mm
2025-08-24 03:40:51,693 - INFO - 📊 变化后: 中心(0.072, 0.069, 0.621), 半径20.00mm
2025-08-24 03:40:51,693 - INFO - 📈 变化量: 中心移动0.00mm, 半径变化0.00mm
2025-08-24 03:40:51,693 - INFO - 📍 眼球中心: [0.07183062 0.06892635 0.6208776 ]
2025-08-24 03:40:51,693 - INFO - 📏 眼球半径: 20.00mm
2025-08-24 03:40:51,694 - INFO - 👁️ 瞳孔中心: [0.06819904 0.06819904 0.60000002]
2025-08-24 03:40:51,694 - INFO - 📐 眼球中心在瞳孔中心的右3.63mm，下0.73mm，后20.88mm
2025-08-24 03:40:51,694 - INFO - 📏 距离: 21.20mm
2025-08-24 03:40:51,694 - INFO - -----------------------------------------------------------------------------------
2025-08-24 03:40:51,694 - INFO - -----------------------------------------------------------------------------------
2025-08-24 03:40:51,694 - INFO - 🔍 迭代第42次，球心向左1.4080e-09mm，向下1.1722e-11mm，向后5.7381e-09mm，半径变大6.7127e-09mm
2025-08-24 03:40:51,695 - INFO - 📊 变化前: 中心(0.072, 0.069, 0.621), 半径20.00mm
2025-08-24 03:40:51,695 - INFO - 📊 变化后: 中心(0.072, 0.069, 0.621), 半径20.00mm
2025-08-24 03:40:51,695 - INFO - 📈 变化量: 中心移动0.00mm, 半径变化0.00mm
2025-08-24 03:40:51,695 - INFO - 📍 眼球中心: [0.07183062 0.06892635 0.6208776 ]
2025-08-24 03:40:51,695 - INFO - 📏 眼球半径: 20.00mm
2025-08-24 03:40:51,695 - INFO - 👁️ 瞳孔中心: [0.06819904 0.06819904 0.60000002]
2025-08-24 03:40:51,695 - INFO - 📐 眼球中心在瞳孔中心的右3.63mm，下0.73mm，后20.88mm
2025-08-24 03:40:51,695 - INFO - 📏 距离: 21.20mm
2025-08-24 03:40:51,695 - INFO - -----------------------------------------------------------------------------------
2025-08-24 03:40:51,696 - INFO - -----------------------------------------------------------------------------------
2025-08-24 03:40:51,696 - INFO - 🔍 迭代第43次，球心向左1.4080e-09mm，向下1.1722e-11mm，向后5.7381e-09mm，半径变大6.7127e-09mm
2025-08-24 03:40:51,696 - INFO - 📊 变化前: 中心(0.072, 0.069, 0.621), 半径20.00mm
2025-08-24 03:40:51,696 - INFO - 📊 变化后: 中心(0.072, 0.069, 0.621), 半径20.00mm
2025-08-24 03:40:51,696 - INFO - 📈 变化量: 中心移动0.00mm, 半径变化0.00mm
2025-08-24 03:40:51,696 - INFO - 📍 眼球中心: [0.07183062 0.06892635 0.6208776 ]
2025-08-24 03:40:51,696 - INFO - 📏 眼球半径: 20.00mm
2025-08-24 03:40:51,696 - INFO - 👁️ 瞳孔中心: [0.06819904 0.06819904 0.60000002]
2025-08-24 03:40:51,697 - INFO - 📐 眼球中心在瞳孔中心的右3.63mm，下0.73mm，后20.88mm
2025-08-24 03:40:51,697 - INFO - 📏 距离: 21.20mm
2025-08-24 03:40:51,697 - INFO - -----------------------------------------------------------------------------------
2025-08-24 03:40:51,697 - INFO - -----------------------------------------------------------------------------------
2025-08-24 03:40:51,697 - INFO - 🔍 迭代第44次，球心向左1.4080e-09mm，向下1.1722e-11mm，向后5.7381e-09mm，半径变大6.7127e-09mm
2025-08-24 03:40:51,698 - INFO - 📊 变化前: 中心(0.072, 0.069, 0.621), 半径20.00mm
2025-08-24 03:40:51,698 - INFO - 📊 变化后: 中心(0.072, 0.069, 0.621), 半径20.00mm
2025-08-24 03:40:51,699 - INFO - 📈 变化量: 中心移动0.00mm, 半径变化0.00mm
2025-08-24 03:40:51,700 - INFO - 📍 眼球中心: [0.07183062 0.06892635 0.6208776 ]
2025-08-24 03:40:51,700 - INFO - 📏 眼球半径: 20.00mm
2025-08-24 03:40:51,701 - INFO - 👁️ 瞳孔中心: [0.06819904 0.06819904 0.60000002]
2025-08-24 03:40:51,701 - INFO - 📐 眼球中心在瞳孔中心的右3.63mm，下0.73mm，后20.88mm
2025-08-24 03:40:51,702 - INFO - 📏 距离: 21.20mm
2025-08-24 03:40:51,702 - INFO - -----------------------------------------------------------------------------------
2025-08-24 03:40:51,703 - INFO - -----------------------------------------------------------------------------------
2025-08-24 03:40:51,703 - INFO - 🔍 迭代第45次，球心向左1.4080e-09mm，向下1.1722e-11mm，向后5.7381e-09mm，半径变大6.7127e-09mm
2025-08-24 03:40:51,703 - INFO - 📊 变化前: 中心(0.072, 0.069, 0.621), 半径20.00mm
2025-08-24 03:40:51,703 - INFO - 📊 变化后: 中心(0.072, 0.069, 0.621), 半径20.00mm
2025-08-24 03:40:51,703 - INFO - 📈 变化量: 中心移动0.00mm, 半径变化0.00mm
2025-08-24 03:40:51,704 - INFO - 📍 眼球中心: [0.07183062 0.06892635 0.6208776 ]
2025-08-24 03:40:51,704 - INFO - 📏 眼球半径: 20.00mm
2025-08-24 03:40:51,704 - INFO - 👁️ 瞳孔中心: [0.06819904 0.06819904 0.60000002]
2025-08-24 03:40:51,704 - INFO - 📐 眼球中心在瞳孔中心的右3.63mm，下0.73mm，后20.88mm
2025-08-24 03:40:51,705 - INFO - 📏 距离: 21.20mm
2025-08-24 03:40:51,705 - INFO - -----------------------------------------------------------------------------------
2025-08-24 03:40:51,705 - INFO - -----------------------------------------------------------------------------------
2025-08-24 03:40:51,705 - INFO - 🔍 迭代第46次，球心向左1.4080e-09mm，向下1.1722e-11mm，向后5.7381e-09mm，半径变大6.7127e-09mm
2025-08-24 03:40:51,706 - INFO - 📊 变化前: 中心(0.072, 0.069, 0.621), 半径20.00mm
2025-08-24 03:40:51,706 - INFO - 📊 变化后: 中心(0.072, 0.069, 0.621), 半径20.00mm
2025-08-24 03:40:51,706 - INFO - 📈 变化量: 中心移动0.00mm, 半径变化0.00mm
2025-08-24 03:40:51,706 - INFO - 📍 眼球中心: [0.07183062 0.06892635 0.6208776 ]
2025-08-24 03:40:51,706 - INFO - 📏 眼球半径: 20.00mm
2025-08-24 03:40:51,707 - INFO - 👁️ 瞳孔中心: [0.06819904 0.06819904 0.60000002]
2025-08-24 03:40:51,707 - INFO - 📐 眼球中心在瞳孔中心的右3.63mm，下0.73mm，后20.88mm
2025-08-24 03:40:51,707 - INFO - 📏 距离: 21.20mm
2025-08-24 03:40:51,707 - INFO - -----------------------------------------------------------------------------------
2025-08-24 03:40:51,707 - INFO - -----------------------------------------------------------------------------------
2025-08-24 03:40:51,707 - INFO - 🔍 迭代第47次，球心向左1.4080e-09mm，向下1.1722e-11mm，向后5.7381e-09mm，半径变大6.7127e-09mm
2025-08-24 03:40:51,708 - INFO - 📊 变化前: 中心(0.072, 0.069, 0.621), 半径20.00mm
2025-08-24 03:40:51,708 - INFO - 📊 变化后: 中心(0.072, 0.069, 0.621), 半径20.00mm
2025-08-24 03:40:51,708 - INFO - 📈 变化量: 中心移动0.00mm, 半径变化0.00mm
2025-08-24 03:40:51,708 - INFO - 📍 眼球中心: [0.07183062 0.06892635 0.6208776 ]
2025-08-24 03:40:51,708 - INFO - 📏 眼球半径: 20.00mm
2025-08-24 03:40:51,708 - INFO - 👁️ 瞳孔中心: [0.06819904 0.06819904 0.60000002]
2025-08-24 03:40:51,709 - INFO - 📐 眼球中心在瞳孔中心的右3.63mm，下0.73mm，后20.88mm
2025-08-24 03:40:51,709 - INFO - 📏 距离: 21.20mm
2025-08-24 03:40:51,709 - INFO - -----------------------------------------------------------------------------------
2025-08-24 03:40:51,709 - INFO - -----------------------------------------------------------------------------------
2025-08-24 03:40:51,709 - INFO - 🔍 迭代第48次，球心向左1.4080e-09mm，向下1.1722e-11mm，向后5.7381e-09mm，半径变大6.7127e-09mm
2025-08-24 03:40:51,710 - INFO - 📊 变化前: 中心(0.072, 0.069, 0.621), 半径20.00mm
2025-08-24 03:40:51,710 - INFO - 📊 变化后: 中心(0.072, 0.069, 0.621), 半径20.00mm
2025-08-24 03:40:51,710 - INFO - 📈 变化量: 中心移动0.00mm, 半径变化0.00mm
2025-08-24 03:40:51,710 - INFO - 📍 眼球中心: [0.07183062 0.06892635 0.6208776 ]
2025-08-24 03:40:51,710 - INFO - 📏 眼球半径: 20.00mm
2025-08-24 03:40:51,710 - INFO - 👁️ 瞳孔中心: [0.06819904 0.06819904 0.60000002]
2025-08-24 03:40:51,710 - INFO - 📐 眼球中心在瞳孔中心的右3.63mm，下0.73mm，后20.88mm
2025-08-24 03:40:51,710 - INFO - 📏 距离: 21.20mm
2025-08-24 03:40:51,710 - INFO - -----------------------------------------------------------------------------------
2025-08-24 03:40:51,711 - INFO - -----------------------------------------------------------------------------------
2025-08-24 03:40:51,711 - INFO - 🔍 迭代第49次，球心向左1.4080e-10mm，向下1.1722e-12mm，向后5.7381e-10mm，半径变大6.7127e-10mm
2025-08-24 03:40:51,711 - INFO - 📊 变化前: 中心(0.072, 0.069, 0.621), 半径20.00mm
2025-08-24 03:40:51,712 - INFO - 📊 变化后: 中心(0.072, 0.069, 0.621), 半径20.00mm
2025-08-24 03:40:51,712 - INFO - 📈 变化量: 中心移动0.00mm, 半径变化0.00mm
2025-08-24 03:40:51,712 - INFO - 📍 眼球中心: [0.07183062 0.06892635 0.6208776 ]
2025-08-24 03:40:51,712 - INFO - 📏 眼球半径: 20.00mm
2025-08-24 03:40:51,712 - INFO - 👁️ 瞳孔中心: [0.06819904 0.06819904 0.60000002]
2025-08-24 03:40:51,712 - INFO - 📐 眼球中心在瞳孔中心的右3.63mm，下0.73mm，后20.88mm
2025-08-24 03:40:51,712 - INFO - 📏 距离: 21.20mm
2025-08-24 03:40:51,712 - INFO - -----------------------------------------------------------------------------------
2025-08-24 03:40:51,713 - WARNING - ⚠️ LM达到最大迭代次数: 50
2025-08-24 03:40:51,713 - WARNING - ⚠️ LM优化未收敛: 参数变化8.94e-13 参数变化阈值1e-06，残差变化inf 残差变化阈值1e-08
2025-08-24 03:40:51,713 - WARNING - ⚠️ LM优化未收敛: 达到最大迭代次数50
2025-08-24 03:40:51,713 - WARNING - ⚠️ 其中最后一次半径有效性为True，几何空间分布良好性为False
2025-08-24 03:40:51,713 - WARNING - ⚠️ LM达到最大迭代次数: 50
2025-08-24 03:40:51,713 - WARNING - ⚠️ LM优化未收敛: 参数变化8.94e-13 参数变化阈值1e-06，残差变化1.44e-02 残差变化阈值1e-08
2025-08-24 03:40:51,714 - INFO - ✅ 优化完成: 最终中心点=(0.072, 0.069, 0.621), 半径=0.020m
2025-08-24 03:40:51,714 - INFO - 拟合完成 - 拟合结果:
  📍 中心点: (0.072, 0.069, 0.621)
  📏 半径: 0.02mm
  🔄 收敛状态: ✗ 未收敛
  📊 内点比例: 100.0% (21/21)
  🎯 质量分数: 0.000
  📈 迭代次数: 49
  📉 最终残差: 1.77e-02
⚠️  警告: 迭代1: 参数无效; 迭代2: 参数无效; 迭代4: 参数无效; 迭代7: 参数无效; 迭代8: 参数无效; 迭代9: 参数无效; 迭代12: 参数无效; 迭代15: 参数无效; 迭代19: 参数无效; 迭代28: 参数无效; 迭代34: 参数无效; 迭代41: 参数无效; 迭代48: 参数无效
2025-08-24 03:40:51,714 - DEBUG - left眼拟合完成: shape=椭球参数 (球体):
  📏 主轴长度: (0.020, 0.020, 0.020) m
  📍 中心坐标: (0.072, 0.069, 0.621) m
  🔄 旋转矩阵: 3x3 单位矩阵, center=[0.07183062 0.06892635 0.6208776 ]
2025-08-24 03:40:51,714 - DEBUG - 左眼拟合完成
2025-08-24 03:40:51,715 - DEBUG - _fit_one_eye开始: eye_key=right
2025-08-24 03:40:51,715 - DEBUG - 更新trials_times: 2
2025-08-24 03:40:51,715 - DEBUG - 开始提取right眼关键点坐标
2025-08-24 03:40:51,715 - DEBUG - _extract_eye_key_coordinates开始: eye_key=right
2025-08-24 03:40:51,719 - DEBUG - self._key_coordinates: {'pupil_center': {'left': array([0.06819904, 0.06819904, 0.60000002, 1.        ]), 'right': array([-0.0043301 ,  0.06819904,  0.60000002,  1.        ])}, 'iris_boundaries': {'left': [array([0.07567975, 0.06923108, 0.60000002, 1.        ]), array([0.06890804, 0.06292496, 0.60000008, 1.        ]), array([0.06132544, 0.06762095, 0.60000002, 1.        ]), array([0.06805277, 0.07393218, 0.60000002, 1.        ])], 'right': [array([0.00221614, 0.06868735, 0.60000002, 1.        ]), array([-0.00466783,  0.0641337 ,  0.60000002,  1.        ]), array([-0.01086654,  0.06977302,  0.60000002,  1.        ]), array([-0.00394983,  0.07421941,  0.60000002,  1.        ])]}, 'eyes_contours': {'left': [array([0.05305449, 0.06767515, 0.60000002, 1.        ]), array([0.05489361, 0.06684174, 0.60000002, 1.        ]), array([0.0587755 , 0.06611412, 0.59999996, 1.        ]), array([0.0645495 , 0.06643382, 0.60000002, 1.        ]), array([0.07032379, 0.06722538, 0.60000002, 1.        ]), array([0.07631777, 0.06834686, 0.60000008, 1.        ]), array([0.08047745, 0.06946321, 0.60000002, 1.        ]), array([0.08318298, 0.07021702, 0.60000002, 1.        ]), array([0.08539751, 0.07079463, 0.60000002, 1.        ]), array([0.08277374, 0.07161296, 0.60000002, 1.        ]), array([0.07988912, 0.07189653, 0.60000002, 1.        ]), array([0.075819  , 0.0720399 , 0.60000002, 1.        ]), array([0.06981751, 0.07177305, 0.60000002, 1.        ]), array([0.06400312, 0.07093914, 0.59999996, 1.        ]), array([0.05855132, 0.06949263, 0.60000002, 1.        ]), array([0.05496278, 0.06847278, 0.60000002, 1.        ])], 'right': [array([-0.01847779,  0.07102156,  0.60000002,  1.        ]), array([-0.01599984,  0.07155746,  0.60000002,  1.        ]), array([-0.01330398,  0.0717173 ,  0.60000002,  1.        ]), array([-0.00954588,  0.07189133,  0.60000002,  1.        ]), array([-0.00395138,  0.07173006,  0.60000002,  1.        ]), array([0.00148505, 0.07099403, 0.60000002, 1.        ]), array([0.0066127 , 0.06977735, 0.60000002, 1.        ]), array([0.01003812, 0.0690232 , 0.60000002, 1.        ]), array([0.01190065, 0.06850245, 0.60000002, 1.        ]), array([0.01008065, 0.06780984, 0.60000002, 1.        ]), array([0.00620305, 0.06751255, 0.60000002, 1.        ]), array([6.11992376e-04, 6.79576032e-02, 6.00000024e-01, 1.00000000e+00]), array([-0.00446007,  0.06847358,  0.60000002,  1.        ]), array([-0.00983057,  0.06926478,  0.60000002,  1.        ]), array([-0.01375643,  0.07002503,  0.60000002,  1.        ]), array([-0.01634208,  0.07057316,  0.60000002,  1.        ])]}, 'eye_sockets': {'left': [array([0.10127929, 0.05290606, 0.60000002, 1.        ]), array([0.09425141, 0.04395852, 0.60000002, 1.        ]), array([0.08333507, 0.0382852 , 0.60000002, 1.        ]), array([0.06856491, 0.03643262, 0.60000002, 1.        ]), array([0.05117145, 0.03691488, 0.60000008, 1.        ]), array([0.04859054, 0.04614596, 0.60000002, 1.        ]), array([0.06702155, 0.04184811, 0.60000002, 1.        ]), array([0.08040126, 0.04311486, 0.60000002, 1.        ]), array([0.09004835, 0.04767584, 0.59999996, 1.        ]), array([0.09679163, 0.05468462, 0.60000002, 1.        ])], 'right': [array([-0.03346954,  0.05512633,  0.60000002,  1.        ]), array([-0.02609805,  0.04755633,  0.60000002,  1.        ]), array([-0.0150546 ,  0.04242516,  0.60000002,  1.        ]), array([-6.72076648e-04,  4.07240354e-02,  6.00000024e-01,  1.00000000e+00]), array([0.01582149, 0.04077244, 0.60000002, 1.        ]), array([0.01813938, 0.04992241, 0.60000002, 1.        ]), array([6.48373299e-04, 4.61934075e-02, 6.00000024e-01, 1.00000000e+00]), array([-0.01240201,  0.04740054,  0.60000002,  1.        ]), array([-0.02208446,  0.05129233,  0.60000002,  1.        ]), array([-0.02905275,  0.05732408,  0.60000002,  1.        ])]}, 'eyelid_points': {'left': [array([0.10720298, 0.09451714, 0.60000002, 1.        ]), array([0.09438706, 0.08920384, 0.60000002, 1.        ]), array([0.08500516, 0.09025169, 0.60000002, 1.        ]), array([0.0712163 , 0.08757989, 0.60000002, 1.        ]), array([0.06121535, 0.08365525, 0.60000008, 1.        ]), array([0.05363568, 0.07953203, 0.60000002, 1.        ]), array([0.05388002, 0.09070142, 0.60000002, 1.        ]), array([0.06006247, 0.09706791, 0.60000002, 1.        ]), array([0.06829425, 0.10324794, 0.59999996, 1.        ]), array([0.07957219, 0.11272322, 0.60000008, 1.        ])], 'right': [array([-0.04121893,  0.09032246,  0.60000002,  1.        ]), array([-0.02866443,  0.08691769,  0.60000002,  1.        ]), array([-0.01962517,  0.08812919,  0.60000002,  1.        ]), array([-0.00610105,  0.08639719,  0.60000002,  1.        ]), array([0.00385844, 0.08321743, 0.60000002, 1.        ]), array([0.01145223, 0.0795595 , 0.60000002, 1.        ]), array([0.01208156, 0.08953009, 0.60000002, 1.        ]), array([0.00584304, 0.09548666, 0.59999996, 1.        ]), array([-0.00227916,  0.10118089,  0.60000002,  1.        ]), array([-0.01344554,  0.11006519,  0.60000002,  1.        ])]}}
2025-08-24 03:40:51,719 - DEBUG - 提取瞳孔中心
2025-08-24 03:40:51,719 - DEBUG - pupil_center: {'left': array([0.06819904, 0.06819904, 0.60000002, 1.        ]), 'right': array([-0.0043301 ,  0.06819904,  0.60000002,  1.        ])}
2025-08-24 03:40:51,719 - DEBUG - pupil_center类型: <class 'dict'>
2025-08-24 03:40:51,720 - DEBUG - eye_pupil: [-0.0043301   0.06819904  0.60000002  1.        ]
2025-08-24 03:40:51,720 - DEBUG - eye_pupil类型: <class 'numpy.ndarray'>
2025-08-24 03:40:51,720 - DEBUG - eye_pupil形状: (4,)
2025-08-24 03:40:51,720 - DEBUG - 提取虹膜边界
2025-08-24 03:40:51,721 - DEBUG - iris_boundaries: {'left': [array([0.07567975, 0.06923108, 0.60000002, 1.        ]), array([0.06890804, 0.06292496, 0.60000008, 1.        ]), array([0.06132544, 0.06762095, 0.60000002, 1.        ]), array([0.06805277, 0.07393218, 0.60000002, 1.        ])], 'right': [array([0.00221614, 0.06868735, 0.60000002, 1.        ]), array([-0.00466783,  0.0641337 ,  0.60000002,  1.        ]), array([-0.01086654,  0.06977302,  0.60000002,  1.        ]), array([-0.00394983,  0.07421941,  0.60000002,  1.        ])]}
2025-08-24 03:40:51,721 - DEBUG - iris_boundaries类型: <class 'dict'>
2025-08-24 03:40:51,721 - DEBUG - eye_iris: [array([0.00221614, 0.06868735, 0.60000002, 1.        ]), array([-0.00466783,  0.0641337 ,  0.60000002,  1.        ]), array([-0.01086654,  0.06977302,  0.60000002,  1.        ]), array([-0.00394983,  0.07421941,  0.60000002,  1.        ])]
2025-08-24 03:40:51,721 - DEBUG - eye_iris类型: <class 'list'>
2025-08-24 03:40:51,721 - DEBUG - eye_iris长度: 4
2025-08-24 03:40:51,722 - DEBUG - 第一个元素类型: <class 'numpy.ndarray'>
2025-08-24 03:40:51,722 - DEBUG - 第一个元素形状: (4,)
2025-08-24 03:40:51,722 - DEBUG - 提取眼睛轮廓
2025-08-24 03:40:51,723 - DEBUG - eyes_contours: {'left': [array([0.05305449, 0.06767515, 0.60000002, 1.        ]), array([0.05489361, 0.06684174, 0.60000002, 1.        ]), array([0.0587755 , 0.06611412, 0.59999996, 1.        ]), array([0.0645495 , 0.06643382, 0.60000002, 1.        ]), array([0.07032379, 0.06722538, 0.60000002, 1.        ]), array([0.07631777, 0.06834686, 0.60000008, 1.        ]), array([0.08047745, 0.06946321, 0.60000002, 1.        ]), array([0.08318298, 0.07021702, 0.60000002, 1.        ]), array([0.08539751, 0.07079463, 0.60000002, 1.        ]), array([0.08277374, 0.07161296, 0.60000002, 1.        ]), array([0.07988912, 0.07189653, 0.60000002, 1.        ]), array([0.075819  , 0.0720399 , 0.60000002, 1.        ]), array([0.06981751, 0.07177305, 0.60000002, 1.        ]), array([0.06400312, 0.07093914, 0.59999996, 1.        ]), array([0.05855132, 0.06949263, 0.60000002, 1.        ]), array([0.05496278, 0.06847278, 0.60000002, 1.        ])], 'right': [array([-0.01847779,  0.07102156,  0.60000002,  1.        ]), array([-0.01599984,  0.07155746,  0.60000002,  1.        ]), array([-0.01330398,  0.0717173 ,  0.60000002,  1.        ]), array([-0.00954588,  0.07189133,  0.60000002,  1.        ]), array([-0.00395138,  0.07173006,  0.60000002,  1.        ]), array([0.00148505, 0.07099403, 0.60000002, 1.        ]), array([0.0066127 , 0.06977735, 0.60000002, 1.        ]), array([0.01003812, 0.0690232 , 0.60000002, 1.        ]), array([0.01190065, 0.06850245, 0.60000002, 1.        ]), array([0.01008065, 0.06780984, 0.60000002, 1.        ]), array([0.00620305, 0.06751255, 0.60000002, 1.        ]), array([6.11992376e-04, 6.79576032e-02, 6.00000024e-01, 1.00000000e+00]), array([-0.00446007,  0.06847358,  0.60000002,  1.        ]), array([-0.00983057,  0.06926478,  0.60000002,  1.        ]), array([-0.01375643,  0.07002503,  0.60000002,  1.        ]), array([-0.01634208,  0.07057316,  0.60000002,  1.        ])]}
2025-08-24 03:40:51,723 - DEBUG - eyes_contours类型: <class 'dict'>
2025-08-24 03:40:51,724 - DEBUG - eye_contour: [array([-0.01847779,  0.07102156,  0.60000002,  1.        ]), array([-0.01599984,  0.07155746,  0.60000002,  1.        ]), array([-0.01330398,  0.0717173 ,  0.60000002,  1.        ]), array([-0.00954588,  0.07189133,  0.60000002,  1.        ]), array([-0.00395138,  0.07173006,  0.60000002,  1.        ]), array([0.00148505, 0.07099403, 0.60000002, 1.        ]), array([0.0066127 , 0.06977735, 0.60000002, 1.        ]), array([0.01003812, 0.0690232 , 0.60000002, 1.        ]), array([0.01190065, 0.06850245, 0.60000002, 1.        ]), array([0.01008065, 0.06780984, 0.60000002, 1.        ]), array([0.00620305, 0.06751255, 0.60000002, 1.        ]), array([6.11992376e-04, 6.79576032e-02, 6.00000024e-01, 1.00000000e+00]), array([-0.00446007,  0.06847358,  0.60000002,  1.        ]), array([-0.00983057,  0.06926478,  0.60000002,  1.        ]), array([-0.01375643,  0.07002503,  0.60000002,  1.        ]), array([-0.01634208,  0.07057316,  0.60000002,  1.        ])]
2025-08-24 03:40:51,724 - DEBUG - eye_contour类型: <class 'list'>
2025-08-24 03:40:51,724 - DEBUG - eye_contour长度: 16
2025-08-24 03:40:51,724 - DEBUG - 第一个元素类型: <class 'numpy.ndarray'>
2025-08-24 03:40:51,725 - DEBUG - 第一个元素形状: (4,)
2025-08-24 03:40:51,725 - DEBUG - _extract_eye_key_coordinates完成: {'pupil_center': array([-0.0043301 ,  0.06819904,  0.60000002,  1.        ]), 'iris_boundaries': [array([0.00221614, 0.06868735, 0.60000002, 1.        ]), array([-0.00466783,  0.0641337 ,  0.60000002,  1.        ]), array([-0.01086654,  0.06977302,  0.60000002,  1.        ]), array([-0.00394983,  0.07421941,  0.60000002,  1.        ])], 'eyes_contours': [array([-0.01847779,  0.07102156,  0.60000002,  1.        ]), array([-0.01599984,  0.07155746,  0.60000002,  1.        ]), array([-0.01330398,  0.0717173 ,  0.60000002,  1.        ]), array([-0.00954588,  0.07189133,  0.60000002,  1.        ]), array([-0.00395138,  0.07173006,  0.60000002,  1.        ]), array([0.00148505, 0.07099403, 0.60000002, 1.        ]), array([0.0066127 , 0.06977735, 0.60000002, 1.        ]), array([0.01003812, 0.0690232 , 0.60000002, 1.        ]), array([0.01190065, 0.06850245, 0.60000002, 1.        ]), array([0.01008065, 0.06780984, 0.60000002, 1.        ]), array([0.00620305, 0.06751255, 0.60000002, 1.        ]), array([6.11992376e-04, 6.79576032e-02, 6.00000024e-01, 1.00000000e+00]), array([-0.00446007,  0.06847358,  0.60000002,  1.        ]), array([-0.00983057,  0.06926478,  0.60000002,  1.        ]), array([-0.01375643,  0.07002503,  0.60000002,  1.        ]), array([-0.01634208,  0.07057316,  0.60000002,  1.        ])]}
2025-08-24 03:40:51,726 - DEBUG - right眼关键点坐标: {'pupil_center': array([-0.0043301 ,  0.06819904,  0.60000002,  1.        ]), 'iris_boundaries': [array([0.00221614, 0.06868735, 0.60000002, 1.        ]), array([-0.00466783,  0.0641337 ,  0.60000002,  1.        ]), array([-0.01086654,  0.06977302,  0.60000002,  1.        ]), array([-0.00394983,  0.07421941,  0.60000002,  1.        ])], 'eyes_contours': [array([-0.01847779,  0.07102156,  0.60000002,  1.        ]), array([-0.01599984,  0.07155746,  0.60000002,  1.        ]), array([-0.01330398,  0.0717173 ,  0.60000002,  1.        ]), array([-0.00954588,  0.07189133,  0.60000002,  1.        ]), array([-0.00395138,  0.07173006,  0.60000002,  1.        ]), array([0.00148505, 0.07099403, 0.60000002, 1.        ]), array([0.0066127 , 0.06977735, 0.60000002, 1.        ]), array([0.01003812, 0.0690232 , 0.60000002, 1.        ]), array([0.01190065, 0.06850245, 0.60000002, 1.        ]), array([0.01008065, 0.06780984, 0.60000002, 1.        ]), array([0.00620305, 0.06751255, 0.60000002, 1.        ]), array([6.11992376e-04, 6.79576032e-02, 6.00000024e-01, 1.00000000e+00]), array([-0.00446007,  0.06847358,  0.60000002,  1.        ]), array([-0.00983057,  0.06926478,  0.60000002,  1.        ]), array([-0.01375643,  0.07002503,  0.60000002,  1.        ]), array([-0.01634208,  0.07057316,  0.60000002,  1.        ])]}
2025-08-24 03:40:51,727 - DEBUG - 调用center_fitter进行拟合
2025-08-24 03:40:51,727 - INFO - 🔍 开始眼球拟合: trials_times=2, strategy=None
2025-08-24 03:40:51,727 - INFO - 📋 数据预处理完成: 总点数=21, 平均visibility=1.000
2025-08-24 03:40:51,727 - INFO -   📍 pupil_center: 1点, 平均visibility=1.000
2025-08-24 03:40:51,727 - INFO -   📍 iris_boundaries: 4点, 平均visibility=1.000
2025-08-24 03:40:51,727 - INFO -   📍 eyes_contours: 16点, 平均visibility=1.000
2025-08-24 03:40:51,727 - INFO - 📊 自动选择拟合策略: constrained_lm
2025-08-24 03:40:51,727 - INFO - 🚀 执行拟合策略: constrained_lm
2025-08-24 03:40:51,727 - INFO - 📊 全部采样完成: 采样点数=21
2025-08-24 03:40:51,727 - INFO - 📊 使用全部采样策略: 21个点
2025-08-24 03:40:51,727 - INFO - 🔄 开始约束LM优化...
2025-08-24 03:40:51,727 - INFO - 🔧 开始参数初始化...
2025-08-24 03:40:51,728 - INFO - 🔍 虹膜边界点数量: 4
2025-08-24 03:40:51,728 - INFO - 🔧 开始2D圆拟合...
2025-08-24 03:40:51,728 - INFO - 🔍 中值距离+半径: 0.013m，2D半径: 0.005m，使用虹膜深度偏移
2025-08-24 03:40:51,728 - INFO - ✅ 智能初始化完成: 2D圆心=(-0.003, 0.069), 3D球心=(-0.003, 0.069, 0.612)
2025-08-24 03:40:51,728 - INFO - 📏 2D半径=0.005m, 3D半径=0.012m, 深度偏移=0.012m
2025-08-24 03:40:51,728 - INFO - 📍 初始中心点: (-0.003, 0.069, 0.612)
2025-08-24 03:40:51,728 - INFO - 📏 初始半径: 0.012m
2025-08-24 03:40:51,728 - INFO - ⚙️ 创建约束LM优化器...
2025-08-24 03:40:51,728 - INFO - 🔄 约束LM优化开始: 最大迭代次数=50
2025-08-24 03:40:51,729 - INFO - -----------------------------------------------------------------------------------
2025-08-24 03:40:51,729 - INFO - 🔍 迭代第0次，球心向左1.0266e-09mm，向下4.9679e-10mm，向后8.6560e-09mm，半径变小7.7067e-09mm
2025-08-24 03:40:51,729 - INFO - 📊 变化前: 中心(-0.003, 0.069, 0.612), 半径12.00mm
2025-08-24 03:40:51,729 - INFO - 📊 变化后: 中心(-0.003, 0.069, 0.612), 半径12.00mm
2025-08-24 03:40:51,729 - INFO - 📈 变化量: 中心移动0.00mm, 半径变化0.00mm
2025-08-24 03:40:51,730 - INFO - 📍 眼球中心: [-0.0029936   0.06908292  0.6117399 ]
2025-08-24 03:40:51,730 - INFO - 📏 眼球半径: 12.00mm
2025-08-24 03:40:51,730 - INFO - 👁️ 瞳孔中心: [-0.0043301   0.06819904  0.60000002]
2025-08-24 03:40:51,730 - INFO - 📐 眼球中心在瞳孔中心的右1.34mm，下0.88mm，后11.74mm
2025-08-24 03:40:51,730 - INFO - 📏 距离: 11.85mm
2025-08-24 03:40:51,731 - INFO - -----------------------------------------------------------------------------------
2025-08-24 03:40:51,732 - INFO - -----------------------------------------------------------------------------------
2025-08-24 03:40:51,732 - INFO - 🔍 迭代第1次，球心向左1.0266e-09mm，向下4.9679e-10mm，向后8.6560e-09mm，半径变小7.7067e-09mm
2025-08-24 03:40:51,732 - INFO - 📊 变化前: 中心(-0.003, 0.069, 0.612), 半径12.00mm
2025-08-24 03:40:51,732 - INFO - 📊 变化后: 中心(-0.003, 0.069, 0.612), 半径12.00mm
2025-08-24 03:40:51,734 - INFO - 📈 变化量: 中心移动0.00mm, 半径变化0.00mm
2025-08-24 03:40:51,734 - INFO - 📍 眼球中心: [-0.0029936   0.06908292  0.6117399 ]
2025-08-24 03:40:51,734 - INFO - 📏 眼球半径: 12.00mm
2025-08-24 03:40:51,734 - INFO - 👁️ 瞳孔中心: [-0.0043301   0.06819904  0.60000002]
2025-08-24 03:40:51,734 - INFO - 📐 眼球中心在瞳孔中心的右1.34mm，下0.88mm，后11.74mm
2025-08-24 03:40:51,735 - INFO - 📏 距离: 11.85mm
2025-08-24 03:40:51,735 - INFO - -----------------------------------------------------------------------------------
2025-08-24 03:40:51,735 - INFO - -----------------------------------------------------------------------------------
2025-08-24 03:40:51,735 - INFO - 🔍 迭代第2次，球心向左1.0266e-09mm，向下4.9679e-10mm，向后8.6560e-09mm，半径变小7.7067e-09mm
2025-08-24 03:40:51,735 - INFO - 📊 变化前: 中心(-0.003, 0.069, 0.612), 半径12.00mm
2025-08-24 03:40:51,735 - INFO - 📊 变化后: 中心(-0.003, 0.069, 0.612), 半径12.00mm
2025-08-24 03:40:51,736 - INFO - 📈 变化量: 中心移动0.00mm, 半径变化0.00mm
2025-08-24 03:40:51,736 - INFO - 📍 眼球中心: [-0.0029936   0.06908292  0.6117399 ]
2025-08-24 03:40:51,736 - INFO - 📏 眼球半径: 12.00mm
2025-08-24 03:40:51,736 - INFO - 👁️ 瞳孔中心: [-0.0043301   0.06819904  0.60000002]
2025-08-24 03:40:51,736 - INFO - 📐 眼球中心在瞳孔中心的右1.34mm，下0.88mm，后11.74mm
2025-08-24 03:40:51,736 - INFO - 📏 距离: 11.85mm
2025-08-24 03:40:51,736 - INFO - -----------------------------------------------------------------------------------
2025-08-24 03:40:51,737 - INFO - -----------------------------------------------------------------------------------
2025-08-24 03:40:51,737 - INFO - 🔍 迭代第3次，球心向左1.0266e-09mm，向下4.9679e-10mm，向后8.6560e-09mm，半径变小7.7067e-09mm
2025-08-24 03:40:51,737 - INFO - 📊 变化前: 中心(-0.003, 0.069, 0.612), 半径12.00mm
2025-08-24 03:40:51,737 - INFO - 📊 变化后: 中心(-0.003, 0.069, 0.612), 半径12.00mm
2025-08-24 03:40:51,737 - INFO - 📈 变化量: 中心移动0.00mm, 半径变化0.00mm
2025-08-24 03:40:51,738 - INFO - 📍 眼球中心: [-0.0029936   0.06908292  0.6117399 ]
2025-08-24 03:40:51,738 - INFO - 📏 眼球半径: 12.00mm
2025-08-24 03:40:51,738 - INFO - 👁️ 瞳孔中心: [-0.0043301   0.06819904  0.60000002]
2025-08-24 03:40:51,738 - INFO - 📐 眼球中心在瞳孔中心的右1.34mm，下0.88mm，后11.74mm
2025-08-24 03:40:51,738 - INFO - 📏 距离: 11.85mm
2025-08-24 03:40:51,738 - INFO - -----------------------------------------------------------------------------------
2025-08-24 03:40:51,739 - INFO - -----------------------------------------------------------------------------------
2025-08-24 03:40:51,739 - INFO - 🔍 迭代第4次，球心向左1.0266e-09mm，向下4.9679e-10mm，向后8.6560e-09mm，半径变小7.7067e-09mm
2025-08-24 03:40:51,739 - INFO - 📊 变化前: 中心(-0.003, 0.069, 0.612), 半径12.00mm
2025-08-24 03:40:51,739 - INFO - 📊 变化后: 中心(-0.003, 0.069, 0.612), 半径12.00mm
2025-08-24 03:40:51,739 - INFO - 📈 变化量: 中心移动0.00mm, 半径变化0.00mm
2025-08-24 03:40:51,740 - INFO - 📍 眼球中心: [-0.0029936   0.06908292  0.6117399 ]
2025-08-24 03:40:51,740 - INFO - 📏 眼球半径: 12.00mm
2025-08-24 03:40:51,740 - INFO - 👁️ 瞳孔中心: [-0.0043301   0.06819904  0.60000002]
2025-08-24 03:40:51,740 - INFO - 📐 眼球中心在瞳孔中心的右1.34mm，下0.88mm，后11.74mm
2025-08-24 03:40:51,740 - INFO - 📏 距离: 11.85mm
2025-08-24 03:40:51,740 - INFO - -----------------------------------------------------------------------------------
2025-08-24 03:40:51,741 - INFO - -----------------------------------------------------------------------------------
2025-08-24 03:40:51,741 - INFO - 🔍 迭代第5次，球心向左1.0266e-09mm，向下4.9679e-10mm，向后8.6560e-09mm，半径变小7.7067e-09mm
2025-08-24 03:40:51,741 - INFO - 📊 变化前: 中心(-0.003, 0.069, 0.612), 半径12.00mm
2025-08-24 03:40:51,741 - INFO - 📊 变化后: 中心(-0.003, 0.069, 0.612), 半径12.00mm
2025-08-24 03:40:51,741 - INFO - 📈 变化量: 中心移动0.00mm, 半径变化0.00mm
2025-08-24 03:40:51,741 - INFO - 📍 眼球中心: [-0.0029936   0.06908292  0.6117399 ]
2025-08-24 03:40:51,741 - INFO - 📏 眼球半径: 12.00mm
2025-08-24 03:40:51,742 - INFO - 👁️ 瞳孔中心: [-0.0043301   0.06819904  0.60000002]
2025-08-24 03:40:51,742 - INFO - 📐 眼球中心在瞳孔中心的右1.34mm，下0.88mm，后11.74mm
2025-08-24 03:40:51,742 - INFO - 📏 距离: 11.85mm
2025-08-24 03:40:51,742 - INFO - -----------------------------------------------------------------------------------
2025-08-24 03:40:51,742 - INFO - -----------------------------------------------------------------------------------
2025-08-24 03:40:51,742 - INFO - 🔍 迭代第6次，球心向左1.0266e-09mm，向下4.9679e-10mm，向后8.6560e-09mm，半径变小7.7067e-09mm
2025-08-24 03:40:51,742 - INFO - 📊 变化前: 中心(-0.003, 0.069, 0.612), 半径12.00mm
2025-08-24 03:40:51,743 - INFO - 📊 变化后: 中心(-0.003, 0.069, 0.612), 半径12.00mm
2025-08-24 03:40:51,743 - INFO - 📈 变化量: 中心移动0.00mm, 半径变化0.00mm
2025-08-24 03:40:51,743 - INFO - 📍 眼球中心: [-0.0029936   0.06908292  0.6117399 ]
2025-08-24 03:40:51,743 - INFO - 📏 眼球半径: 12.00mm
2025-08-24 03:40:51,743 - INFO - 👁️ 瞳孔中心: [-0.0043301   0.06819904  0.60000002]
2025-08-24 03:40:51,743 - INFO - 📐 眼球中心在瞳孔中心的右1.34mm，下0.88mm，后11.74mm
2025-08-24 03:40:51,743 - INFO - 📏 距离: 11.85mm
2025-08-24 03:40:51,743 - INFO - -----------------------------------------------------------------------------------
2025-08-24 03:40:51,744 - INFO - -----------------------------------------------------------------------------------
2025-08-24 03:40:51,744 - INFO - 🔍 迭代第7次，球心向左1.0266e-09mm，向下4.9679e-10mm，向后8.6560e-09mm，半径变小7.7067e-09mm
2025-08-24 03:40:51,744 - INFO - 📊 变化前: 中心(-0.003, 0.069, 0.612), 半径12.00mm
2025-08-24 03:40:51,744 - INFO - 📊 变化后: 中心(-0.003, 0.069, 0.612), 半径12.00mm
2025-08-24 03:40:51,744 - INFO - 📈 变化量: 中心移动0.00mm, 半径变化0.00mm
2025-08-24 03:40:51,744 - INFO - 📍 眼球中心: [-0.0029936   0.06908292  0.6117399 ]
2025-08-24 03:40:51,744 - INFO - 📏 眼球半径: 12.00mm
2025-08-24 03:40:51,744 - INFO - 👁️ 瞳孔中心: [-0.0043301   0.06819904  0.60000002]
2025-08-24 03:40:51,745 - INFO - 📐 眼球中心在瞳孔中心的右1.34mm，下0.88mm，后11.74mm
2025-08-24 03:40:51,745 - INFO - 📏 距离: 11.85mm
2025-08-24 03:40:51,745 - INFO - -----------------------------------------------------------------------------------
2025-08-24 03:40:51,746 - INFO - -----------------------------------------------------------------------------------
2025-08-24 03:40:51,746 - INFO - 🔍 迭代第8次，球心向左1.0266e-09mm，向下4.9679e-10mm，向后8.6560e-09mm，半径变小7.7067e-09mm
2025-08-24 03:40:51,746 - INFO - 📊 变化前: 中心(-0.003, 0.069, 0.612), 半径12.00mm
2025-08-24 03:40:51,746 - INFO - 📊 变化后: 中心(-0.003, 0.069, 0.612), 半径12.00mm
2025-08-24 03:40:51,746 - INFO - 📈 变化量: 中心移动0.00mm, 半径变化0.00mm
2025-08-24 03:40:51,746 - INFO - 📍 眼球中心: [-0.0029936   0.06908292  0.6117399 ]
2025-08-24 03:40:51,746 - INFO - 📏 眼球半径: 12.00mm
2025-08-24 03:40:51,746 - INFO - 👁️ 瞳孔中心: [-0.0043301   0.06819904  0.60000002]
2025-08-24 03:40:51,746 - INFO - 📐 眼球中心在瞳孔中心的右1.34mm，下0.88mm，后11.74mm
2025-08-24 03:40:51,747 - INFO - 📏 距离: 11.85mm
2025-08-24 03:40:51,747 - INFO - -----------------------------------------------------------------------------------
2025-08-24 03:40:51,747 - INFO - -----------------------------------------------------------------------------------
2025-08-24 03:40:51,747 - INFO - 🔍 迭代第9次，球心向左1.0266e-09mm，向下4.9679e-10mm，向后8.6560e-09mm，半径变小7.7067e-09mm
2025-08-24 03:40:51,748 - INFO - 📊 变化前: 中心(-0.003, 0.069, 0.612), 半径12.00mm
2025-08-24 03:40:51,748 - INFO - 📊 变化后: 中心(-0.003, 0.069, 0.612), 半径12.00mm
2025-08-24 03:40:51,748 - INFO - 📈 变化量: 中心移动0.00mm, 半径变化0.00mm
2025-08-24 03:40:51,748 - INFO - 📍 眼球中心: [-0.0029936   0.06908292  0.6117399 ]
2025-08-24 03:40:51,748 - INFO - 📏 眼球半径: 12.00mm
2025-08-24 03:40:51,748 - INFO - 👁️ 瞳孔中心: [-0.0043301   0.06819904  0.60000002]
2025-08-24 03:40:51,749 - INFO - 📐 眼球中心在瞳孔中心的右1.34mm，下0.88mm，后11.74mm
2025-08-24 03:40:51,749 - INFO - 📏 距离: 11.85mm
2025-08-24 03:40:51,749 - INFO - -----------------------------------------------------------------------------------
2025-08-24 03:40:51,750 - INFO - -----------------------------------------------------------------------------------
2025-08-24 03:40:51,750 - INFO - 🔍 迭代第10次，球心向左1.0266e-09mm，向下4.9679e-10mm，向后8.6560e-09mm，半径变小7.7067e-09mm
2025-08-24 03:40:51,751 - INFO - 📊 变化前: 中心(-0.003, 0.069, 0.612), 半径12.00mm
2025-08-24 03:40:51,751 - INFO - 📊 变化后: 中心(-0.003, 0.069, 0.612), 半径12.00mm
2025-08-24 03:40:51,751 - INFO - 📈 变化量: 中心移动0.00mm, 半径变化0.00mm
2025-08-24 03:40:51,752 - INFO - 📍 眼球中心: [-0.0029936   0.06908292  0.6117399 ]
2025-08-24 03:40:51,752 - INFO - 📏 眼球半径: 12.00mm
2025-08-24 03:40:51,753 - INFO - 👁️ 瞳孔中心: [-0.0043301   0.06819904  0.60000002]
2025-08-24 03:40:51,753 - INFO - 📐 眼球中心在瞳孔中心的右1.34mm，下0.88mm，后11.74mm
2025-08-24 03:40:51,753 - INFO - 📏 距离: 11.85mm
2025-08-24 03:40:51,753 - INFO - -----------------------------------------------------------------------------------
2025-08-24 03:40:51,754 - INFO - -----------------------------------------------------------------------------------
2025-08-24 03:40:51,754 - INFO - 🔍 迭代第11次，球心向左1.0266e-09mm，向下4.9679e-10mm，向后8.6560e-09mm，半径变小7.7067e-09mm
2025-08-24 03:40:51,754 - INFO - 📊 变化前: 中心(-0.003, 0.069, 0.612), 半径12.00mm
2025-08-24 03:40:51,754 - INFO - 📊 变化后: 中心(-0.003, 0.069, 0.612), 半径12.00mm
2025-08-24 03:40:51,754 - INFO - 📈 变化量: 中心移动0.00mm, 半径变化0.00mm
2025-08-24 03:40:51,754 - INFO - 📍 眼球中心: [-0.0029936   0.06908292  0.6117399 ]
2025-08-24 03:40:51,754 - INFO - 📏 眼球半径: 12.00mm
2025-08-24 03:40:51,754 - INFO - 👁️ 瞳孔中心: [-0.0043301   0.06819904  0.60000002]
2025-08-24 03:40:51,754 - INFO - 📐 眼球中心在瞳孔中心的右1.34mm，下0.88mm，后11.74mm
2025-08-24 03:40:51,754 - INFO - 📏 距离: 11.85mm
2025-08-24 03:40:51,754 - INFO - -----------------------------------------------------------------------------------
2025-08-24 03:40:51,755 - INFO - -----------------------------------------------------------------------------------
2025-08-24 03:40:51,755 - INFO - 🔍 迭代第12次，球心向左1.0266e-09mm，向下4.9679e-10mm，向后8.6560e-09mm，半径变小7.7067e-09mm
2025-08-24 03:40:51,755 - INFO - 📊 变化前: 中心(-0.003, 0.069, 0.612), 半径12.00mm
2025-08-24 03:40:51,755 - INFO - 📊 变化后: 中心(-0.003, 0.069, 0.612), 半径12.00mm
2025-08-24 03:40:51,756 - INFO - 📈 变化量: 中心移动0.00mm, 半径变化0.00mm
2025-08-24 03:40:51,756 - INFO - 📍 眼球中心: [-0.0029936   0.06908292  0.6117399 ]
2025-08-24 03:40:51,756 - INFO - 📏 眼球半径: 12.00mm
2025-08-24 03:40:51,756 - INFO - 👁️ 瞳孔中心: [-0.0043301   0.06819904  0.60000002]
2025-08-24 03:40:51,757 - INFO - 📐 眼球中心在瞳孔中心的右1.34mm，下0.88mm，后11.74mm
2025-08-24 03:40:51,757 - INFO - 📏 距离: 11.85mm
2025-08-24 03:40:51,757 - INFO - -----------------------------------------------------------------------------------
2025-08-24 03:40:51,757 - INFO - -----------------------------------------------------------------------------------
2025-08-24 03:40:51,757 - INFO - 🔍 迭代第13次，球心向左1.0266e-09mm，向下4.9679e-10mm，向后8.6560e-09mm，半径变小7.7067e-09mm
2025-08-24 03:40:51,757 - INFO - 📊 变化前: 中心(-0.003, 0.069, 0.612), 半径12.00mm
2025-08-24 03:40:51,758 - INFO - 📊 变化后: 中心(-0.003, 0.069, 0.612), 半径12.00mm
2025-08-24 03:40:51,758 - INFO - 📈 变化量: 中心移动0.00mm, 半径变化0.00mm
2025-08-24 03:40:51,758 - INFO - 📍 眼球中心: [-0.0029936   0.06908292  0.6117399 ]
2025-08-24 03:40:51,758 - INFO - 📏 眼球半径: 12.00mm
2025-08-24 03:40:51,758 - INFO - 👁️ 瞳孔中心: [-0.0043301   0.06819904  0.60000002]
2025-08-24 03:40:51,758 - INFO - 📐 眼球中心在瞳孔中心的右1.34mm，下0.88mm，后11.74mm
2025-08-24 03:40:51,759 - INFO - 📏 距离: 11.85mm
2025-08-24 03:40:51,759 - INFO - -----------------------------------------------------------------------------------
2025-08-24 03:40:51,759 - INFO - -----------------------------------------------------------------------------------
2025-08-24 03:40:51,759 - INFO - 🔍 迭代第14次，球心向左1.0266e-09mm，向下4.9679e-10mm，向后8.6560e-09mm，半径变小7.7067e-09mm
2025-08-24 03:40:51,759 - INFO - 📊 变化前: 中心(-0.003, 0.069, 0.612), 半径12.00mm
2025-08-24 03:40:51,759 - INFO - 📊 变化后: 中心(-0.003, 0.069, 0.612), 半径12.00mm
2025-08-24 03:40:51,759 - INFO - 📈 变化量: 中心移动0.00mm, 半径变化0.00mm
2025-08-24 03:40:51,760 - INFO - 📍 眼球中心: [-0.0029936   0.06908292  0.6117399 ]
2025-08-24 03:40:51,760 - INFO - 📏 眼球半径: 12.00mm
2025-08-24 03:40:51,760 - INFO - 👁️ 瞳孔中心: [-0.0043301   0.06819904  0.60000002]
2025-08-24 03:40:51,760 - INFO - 📐 眼球中心在瞳孔中心的右1.34mm，下0.88mm，后11.74mm
2025-08-24 03:40:51,760 - INFO - 📏 距离: 11.85mm
2025-08-24 03:40:51,760 - INFO - -----------------------------------------------------------------------------------
2025-08-24 03:40:51,761 - INFO - -----------------------------------------------------------------------------------
2025-08-24 03:40:51,762 - INFO - 🔍 迭代第15次，球心向左1.0266e-09mm，向下4.9679e-10mm，向后8.6560e-09mm，半径变小7.7067e-09mm
2025-08-24 03:40:51,762 - INFO - 📊 变化前: 中心(-0.003, 0.069, 0.612), 半径12.00mm
2025-08-24 03:40:51,762 - INFO - 📊 变化后: 中心(-0.003, 0.069, 0.612), 半径12.00mm
2025-08-24 03:40:51,762 - INFO - 📈 变化量: 中心移动0.00mm, 半径变化0.00mm
2025-08-24 03:40:51,762 - INFO - 📍 眼球中心: [-0.0029936   0.06908292  0.6117399 ]
2025-08-24 03:40:51,762 - INFO - 📏 眼球半径: 12.00mm
2025-08-24 03:40:51,762 - INFO - 👁️ 瞳孔中心: [-0.0043301   0.06819904  0.60000002]
2025-08-24 03:40:51,762 - INFO - 📐 眼球中心在瞳孔中心的右1.34mm，下0.88mm，后11.74mm
2025-08-24 03:40:51,762 - INFO - 📏 距离: 11.85mm
2025-08-24 03:40:51,763 - INFO - -----------------------------------------------------------------------------------
2025-08-24 03:40:51,763 - INFO - -----------------------------------------------------------------------------------
2025-08-24 03:40:51,763 - INFO - 🔍 迭代第16次，球心向左1.0266e-09mm，向下4.9679e-10mm，向后8.6560e-09mm，半径变小7.7067e-09mm
2025-08-24 03:40:51,763 - INFO - 📊 变化前: 中心(-0.003, 0.069, 0.612), 半径12.00mm
2025-08-24 03:40:51,763 - INFO - 📊 变化后: 中心(-0.003, 0.069, 0.612), 半径12.00mm
2025-08-24 03:40:51,764 - INFO - 📈 变化量: 中心移动0.00mm, 半径变化0.00mm
2025-08-24 03:40:51,764 - INFO - 📍 眼球中心: [-0.0029936   0.06908292  0.6117399 ]
2025-08-24 03:40:51,764 - INFO - 📏 眼球半径: 12.00mm
2025-08-24 03:40:51,764 - INFO - 👁️ 瞳孔中心: [-0.0043301   0.06819904  0.60000002]
2025-08-24 03:40:51,764 - INFO - 📐 眼球中心在瞳孔中心的右1.34mm，下0.88mm，后11.74mm
2025-08-24 03:40:51,764 - INFO - 📏 距离: 11.85mm
2025-08-24 03:40:51,765 - INFO - -----------------------------------------------------------------------------------
2025-08-24 03:40:51,765 - INFO - -----------------------------------------------------------------------------------
2025-08-24 03:40:51,765 - INFO - 🔍 迭代第17次，球心向左1.0266e-09mm，向下4.9679e-10mm，向后8.6560e-09mm，半径变小7.7067e-09mm
2025-08-24 03:40:51,765 - INFO - 📊 变化前: 中心(-0.003, 0.069, 0.612), 半径12.00mm
2025-08-24 03:40:51,766 - INFO - 📊 变化后: 中心(-0.003, 0.069, 0.612), 半径12.00mm
2025-08-24 03:40:51,766 - INFO - 📈 变化量: 中心移动0.00mm, 半径变化0.00mm
2025-08-24 03:40:51,766 - INFO - 📍 眼球中心: [-0.0029936   0.06908292  0.6117399 ]
2025-08-24 03:40:51,766 - INFO - 📏 眼球半径: 12.00mm
2025-08-24 03:40:51,766 - INFO - 👁️ 瞳孔中心: [-0.0043301   0.06819904  0.60000002]
2025-08-24 03:40:51,767 - INFO - 📐 眼球中心在瞳孔中心的右1.34mm，下0.88mm，后11.74mm
2025-08-24 03:40:51,767 - INFO - 📏 距离: 11.85mm
2025-08-24 03:40:51,767 - INFO - -----------------------------------------------------------------------------------
2025-08-24 03:40:51,767 - INFO - -----------------------------------------------------------------------------------
2025-08-24 03:40:51,767 - INFO - 🔍 迭代第18次，球心向左1.0266e-09mm，向下4.9679e-10mm，向后8.6560e-09mm，半径变小7.7067e-09mm
2025-08-24 03:40:51,768 - INFO - 📊 变化前: 中心(-0.003, 0.069, 0.612), 半径12.00mm
2025-08-24 03:40:51,768 - INFO - 📊 变化后: 中心(-0.003, 0.069, 0.612), 半径12.00mm
2025-08-24 03:40:51,768 - INFO - 📈 变化量: 中心移动0.00mm, 半径变化0.00mm
2025-08-24 03:40:51,768 - INFO - 📍 眼球中心: [-0.0029936   0.06908292  0.6117399 ]
2025-08-24 03:40:51,768 - INFO - 📏 眼球半径: 12.00mm
2025-08-24 03:40:51,768 - INFO - 👁️ 瞳孔中心: [-0.0043301   0.06819904  0.60000002]
2025-08-24 03:40:51,768 - INFO - 📐 眼球中心在瞳孔中心的右1.34mm，下0.88mm，后11.74mm
2025-08-24 03:40:51,768 - INFO - 📏 距离: 11.85mm
2025-08-24 03:40:51,768 - INFO - -----------------------------------------------------------------------------------
2025-08-24 03:40:51,769 - INFO - -----------------------------------------------------------------------------------
2025-08-24 03:40:51,769 - INFO - 🔍 迭代第19次，球心向左1.0266e-09mm，向下4.9679e-10mm，向后8.6560e-09mm，半径变小7.7067e-09mm
2025-08-24 03:40:51,769 - INFO - 📊 变化前: 中心(-0.003, 0.069, 0.612), 半径12.00mm
2025-08-24 03:40:51,769 - INFO - 📊 变化后: 中心(-0.003, 0.069, 0.612), 半径12.00mm
2025-08-24 03:40:51,769 - INFO - 📈 变化量: 中心移动0.00mm, 半径变化0.00mm
2025-08-24 03:40:51,769 - INFO - 📍 眼球中心: [-0.0029936   0.06908292  0.6117399 ]
2025-08-24 03:40:51,770 - INFO - 📏 眼球半径: 12.00mm
2025-08-24 03:40:51,770 - INFO - 👁️ 瞳孔中心: [-0.0043301   0.06819904  0.60000002]
2025-08-24 03:40:51,770 - INFO - 📐 眼球中心在瞳孔中心的右1.34mm，下0.88mm，后11.74mm
2025-08-24 03:40:51,770 - INFO - 📏 距离: 11.85mm
2025-08-24 03:40:51,770 - INFO - -----------------------------------------------------------------------------------
2025-08-24 03:40:51,770 - INFO - -----------------------------------------------------------------------------------
2025-08-24 03:40:51,771 - INFO - 🔍 迭代第20次，球心向左1.0266e-09mm，向下4.9679e-10mm，向后8.6560e-09mm，半径变小7.7067e-09mm
2025-08-24 03:40:51,771 - INFO - 📊 变化前: 中心(-0.003, 0.069, 0.612), 半径12.00mm
2025-08-24 03:40:51,771 - INFO - 📊 变化后: 中心(-0.003, 0.069, 0.612), 半径12.00mm
2025-08-24 03:40:51,771 - INFO - 📈 变化量: 中心移动0.00mm, 半径变化0.00mm
2025-08-24 03:40:51,771 - INFO - 📍 眼球中心: [-0.0029936   0.06908292  0.6117399 ]
2025-08-24 03:40:51,771 - INFO - 📏 眼球半径: 12.00mm
2025-08-24 03:40:51,771 - INFO - 👁️ 瞳孔中心: [-0.0043301   0.06819904  0.60000002]
2025-08-24 03:40:51,772 - INFO - 📐 眼球中心在瞳孔中心的右1.34mm，下0.88mm，后11.74mm
2025-08-24 03:40:51,772 - INFO - 📏 距离: 11.85mm
2025-08-24 03:40:51,772 - INFO - -----------------------------------------------------------------------------------
2025-08-24 03:40:51,772 - INFO - -----------------------------------------------------------------------------------
2025-08-24 03:40:51,773 - INFO - 🔍 迭代第21次，球心向左1.0266e-09mm，向下4.9679e-10mm，向后8.6560e-09mm，半径变小7.7067e-09mm
2025-08-24 03:40:51,773 - INFO - 📊 变化前: 中心(-0.003, 0.069, 0.612), 半径12.00mm
2025-08-24 03:40:51,773 - INFO - 📊 变化后: 中心(-0.003, 0.069, 0.612), 半径12.00mm
2025-08-24 03:40:51,773 - INFO - 📈 变化量: 中心移动0.00mm, 半径变化0.00mm
2025-08-24 03:40:51,773 - INFO - 📍 眼球中心: [-0.0029936   0.06908292  0.6117399 ]
2025-08-24 03:40:51,773 - INFO - 📏 眼球半径: 12.00mm
2025-08-24 03:40:51,773 - INFO - 👁️ 瞳孔中心: [-0.0043301   0.06819904  0.60000002]
2025-08-24 03:40:51,773 - INFO - 📐 眼球中心在瞳孔中心的右1.34mm，下0.88mm，后11.74mm
2025-08-24 03:40:51,774 - INFO - 📏 距离: 11.85mm
2025-08-24 03:40:51,774 - INFO - -----------------------------------------------------------------------------------
2025-08-24 03:40:51,774 - INFO - -----------------------------------------------------------------------------------
2025-08-24 03:40:51,774 - INFO - 🔍 迭代第22次，球心向左1.0266e-09mm，向下4.9679e-10mm，向后8.6560e-09mm，半径变小7.7067e-09mm
2025-08-24 03:40:51,775 - INFO - 📊 变化前: 中心(-0.003, 0.069, 0.612), 半径12.00mm
2025-08-24 03:40:51,775 - INFO - 📊 变化后: 中心(-0.003, 0.069, 0.612), 半径12.00mm
2025-08-24 03:40:51,775 - INFO - 📈 变化量: 中心移动0.00mm, 半径变化0.00mm
2025-08-24 03:40:51,775 - INFO - 📍 眼球中心: [-0.0029936   0.06908292  0.6117399 ]
2025-08-24 03:40:51,775 - INFO - 📏 眼球半径: 12.00mm
2025-08-24 03:40:51,775 - INFO - 👁️ 瞳孔中心: [-0.0043301   0.06819904  0.60000002]
2025-08-24 03:40:51,775 - INFO - 📐 眼球中心在瞳孔中心的右1.34mm，下0.88mm，后11.74mm
2025-08-24 03:40:51,775 - INFO - 📏 距离: 11.85mm
2025-08-24 03:40:51,775 - INFO - -----------------------------------------------------------------------------------
2025-08-24 03:40:51,776 - INFO - -----------------------------------------------------------------------------------
2025-08-24 03:40:51,776 - INFO - 🔍 迭代第23次，球心向左1.0266e-09mm，向下4.9679e-10mm，向后8.6560e-09mm，半径变小7.7067e-09mm
2025-08-24 03:40:51,776 - INFO - 📊 变化前: 中心(-0.003, 0.069, 0.612), 半径12.00mm
2025-08-24 03:40:51,776 - INFO - 📊 变化后: 中心(-0.003, 0.069, 0.612), 半径12.00mm
2025-08-24 03:40:51,776 - INFO - 📈 变化量: 中心移动0.00mm, 半径变化0.00mm
2025-08-24 03:40:51,776 - INFO - 📍 眼球中心: [-0.0029936   0.06908292  0.6117399 ]
2025-08-24 03:40:51,776 - INFO - 📏 眼球半径: 12.00mm
2025-08-24 03:40:51,776 - INFO - 👁️ 瞳孔中心: [-0.0043301   0.06819904  0.60000002]
2025-08-24 03:40:51,777 - INFO - 📐 眼球中心在瞳孔中心的右1.34mm，下0.88mm，后11.74mm
2025-08-24 03:40:51,777 - INFO - 📏 距离: 11.85mm
2025-08-24 03:40:51,777 - INFO - -----------------------------------------------------------------------------------
2025-08-24 03:40:51,777 - INFO - -----------------------------------------------------------------------------------
2025-08-24 03:40:51,777 - INFO - 🔍 迭代第24次，球心向左1.0266e-09mm，向下4.9679e-10mm，向后8.6560e-09mm，半径变小7.7067e-09mm
2025-08-24 03:40:51,777 - INFO - 📊 变化前: 中心(-0.003, 0.069, 0.612), 半径12.00mm
2025-08-24 03:40:51,777 - INFO - 📊 变化后: 中心(-0.003, 0.069, 0.612), 半径12.00mm
2025-08-24 03:40:51,777 - INFO - 📈 变化量: 中心移动0.00mm, 半径变化0.00mm
2025-08-24 03:40:51,777 - INFO - 📍 眼球中心: [-0.0029936   0.06908292  0.6117399 ]
2025-08-24 03:40:51,778 - INFO - 📏 眼球半径: 12.00mm
2025-08-24 03:40:51,778 - INFO - 👁️ 瞳孔中心: [-0.0043301   0.06819904  0.60000002]
2025-08-24 03:40:51,778 - INFO - 📐 眼球中心在瞳孔中心的右1.34mm，下0.88mm，后11.74mm
2025-08-24 03:40:51,778 - INFO - 📏 距离: 11.85mm
2025-08-24 03:40:51,778 - INFO - -----------------------------------------------------------------------------------
2025-08-24 03:40:51,778 - INFO - -----------------------------------------------------------------------------------
2025-08-24 03:40:51,779 - INFO - 🔍 迭代第25次，球心向左1.0266e-09mm，向下4.9679e-10mm，向后8.6560e-09mm，半径变小7.7067e-09mm
2025-08-24 03:40:51,779 - INFO - 📊 变化前: 中心(-0.003, 0.069, 0.612), 半径12.00mm
2025-08-24 03:40:51,779 - INFO - 📊 变化后: 中心(-0.003, 0.069, 0.612), 半径12.00mm
2025-08-24 03:40:51,779 - INFO - 📈 变化量: 中心移动0.00mm, 半径变化0.00mm
2025-08-24 03:40:51,779 - INFO - 📍 眼球中心: [-0.0029936   0.06908292  0.6117399 ]
2025-08-24 03:40:51,779 - INFO - 📏 眼球半径: 12.00mm
2025-08-24 03:40:51,779 - INFO - 👁️ 瞳孔中心: [-0.0043301   0.06819904  0.60000002]
2025-08-24 03:40:51,779 - INFO - 📐 眼球中心在瞳孔中心的右1.34mm，下0.88mm，后11.74mm
2025-08-24 03:40:51,779 - INFO - 📏 距离: 11.85mm
2025-08-24 03:40:51,780 - INFO - -----------------------------------------------------------------------------------
2025-08-24 03:40:51,780 - INFO - -----------------------------------------------------------------------------------
2025-08-24 03:40:51,780 - INFO - 🔍 迭代第26次，球心向左1.0266e-09mm，向下4.9679e-10mm，向后8.6560e-09mm，半径变小7.7067e-09mm
2025-08-24 03:40:51,780 - INFO - 📊 变化前: 中心(-0.003, 0.069, 0.612), 半径12.00mm
2025-08-24 03:40:51,780 - INFO - 📊 变化后: 中心(-0.003, 0.069, 0.612), 半径12.00mm
2025-08-24 03:40:51,780 - INFO - 📈 变化量: 中心移动0.00mm, 半径变化0.00mm
2025-08-24 03:40:51,781 - INFO - 📍 眼球中心: [-0.0029936   0.06908292  0.6117399 ]
2025-08-24 03:40:51,781 - INFO - 📏 眼球半径: 12.00mm
2025-08-24 03:40:51,781 - INFO - 👁️ 瞳孔中心: [-0.0043301   0.06819904  0.60000002]
2025-08-24 03:40:51,781 - INFO - 📐 眼球中心在瞳孔中心的右1.34mm，下0.88mm，后11.74mm
2025-08-24 03:40:51,782 - INFO - 📏 距离: 11.85mm
2025-08-24 03:40:51,782 - INFO - -----------------------------------------------------------------------------------
2025-08-24 03:40:51,782 - INFO - -----------------------------------------------------------------------------------
2025-08-24 03:40:51,783 - INFO - 🔍 迭代第27次，球心向左1.0266e-09mm，向下4.9679e-10mm，向后8.6560e-09mm，半径变小7.7067e-09mm
2025-08-24 03:40:51,783 - INFO - 📊 变化前: 中心(-0.003, 0.069, 0.612), 半径12.00mm
2025-08-24 03:40:51,783 - INFO - 📊 变化后: 中心(-0.003, 0.069, 0.612), 半径12.00mm
2025-08-24 03:40:51,783 - INFO - 📈 变化量: 中心移动0.00mm, 半径变化0.00mm
2025-08-24 03:40:51,784 - INFO - 📍 眼球中心: [-0.0029936   0.06908292  0.6117399 ]
2025-08-24 03:40:51,784 - INFO - 📏 眼球半径: 12.00mm
2025-08-24 03:40:51,784 - INFO - 👁️ 瞳孔中心: [-0.0043301   0.06819904  0.60000002]
2025-08-24 03:40:51,784 - INFO - 📐 眼球中心在瞳孔中心的右1.34mm，下0.88mm，后11.74mm
2025-08-24 03:40:51,784 - INFO - 📏 距离: 11.85mm
2025-08-24 03:40:51,784 - INFO - -----------------------------------------------------------------------------------
2025-08-24 03:40:51,785 - INFO - -----------------------------------------------------------------------------------
2025-08-24 03:40:51,785 - INFO - 🔍 迭代第28次，球心向左1.0266e-09mm，向下4.9679e-10mm，向后8.6560e-09mm，半径变小7.7067e-09mm
2025-08-24 03:40:51,785 - INFO - 📊 变化前: 中心(-0.003, 0.069, 0.612), 半径12.00mm
2025-08-24 03:40:51,785 - INFO - 📊 变化后: 中心(-0.003, 0.069, 0.612), 半径12.00mm
2025-08-24 03:40:51,785 - INFO - 📈 变化量: 中心移动0.00mm, 半径变化0.00mm
2025-08-24 03:40:51,785 - INFO - 📍 眼球中心: [-0.0029936   0.06908292  0.6117399 ]
2025-08-24 03:40:51,785 - INFO - 📏 眼球半径: 12.00mm
2025-08-24 03:40:51,786 - INFO - 👁️ 瞳孔中心: [-0.0043301   0.06819904  0.60000002]
2025-08-24 03:40:51,786 - INFO - 📐 眼球中心在瞳孔中心的右1.34mm，下0.88mm，后11.74mm
2025-08-24 03:40:51,786 - INFO - 📏 距离: 11.85mm
2025-08-24 03:40:51,786 - INFO - -----------------------------------------------------------------------------------
2025-08-24 03:40:51,786 - INFO - -----------------------------------------------------------------------------------
2025-08-24 03:40:51,786 - INFO - 🔍 迭代第29次，球心向左1.0266e-09mm，向下4.9679e-10mm，向后8.6560e-09mm，半径变小7.7067e-09mm
2025-08-24 03:40:51,786 - INFO - 📊 变化前: 中心(-0.003, 0.069, 0.612), 半径12.00mm
2025-08-24 03:40:51,787 - INFO - 📊 变化后: 中心(-0.003, 0.069, 0.612), 半径12.00mm
2025-08-24 03:40:51,787 - INFO - 📈 变化量: 中心移动0.00mm, 半径变化0.00mm
2025-08-24 03:40:51,787 - INFO - 📍 眼球中心: [-0.0029936   0.06908292  0.6117399 ]
2025-08-24 03:40:51,787 - INFO - 📏 眼球半径: 12.00mm
2025-08-24 03:40:51,788 - INFO - 👁️ 瞳孔中心: [-0.0043301   0.06819904  0.60000002]
2025-08-24 03:40:51,788 - INFO - 📐 眼球中心在瞳孔中心的右1.34mm，下0.88mm，后11.74mm
2025-08-24 03:40:51,788 - INFO - 📏 距离: 11.85mm
2025-08-24 03:40:51,788 - INFO - -----------------------------------------------------------------------------------
2025-08-24 03:40:51,789 - INFO - -----------------------------------------------------------------------------------
2025-08-24 03:40:51,789 - INFO - 🔍 迭代第30次，球心向左1.0266e-09mm，向下4.9679e-10mm，向后8.6560e-09mm，半径变小7.7067e-09mm
2025-08-24 03:40:51,789 - INFO - 📊 变化前: 中心(-0.003, 0.069, 0.612), 半径12.00mm
2025-08-24 03:40:51,789 - INFO - 📊 变化后: 中心(-0.003, 0.069, 0.612), 半径12.00mm
2025-08-24 03:40:51,789 - INFO - 📈 变化量: 中心移动0.00mm, 半径变化0.00mm
2025-08-24 03:40:51,789 - INFO - 📍 眼球中心: [-0.0029936   0.06908292  0.6117399 ]
2025-08-24 03:40:51,789 - INFO - 📏 眼球半径: 12.00mm
2025-08-24 03:40:51,790 - INFO - 👁️ 瞳孔中心: [-0.0043301   0.06819904  0.60000002]
2025-08-24 03:40:51,790 - INFO - 📐 眼球中心在瞳孔中心的右1.34mm，下0.88mm，后11.74mm
2025-08-24 03:40:51,790 - INFO - 📏 距离: 11.85mm
2025-08-24 03:40:51,790 - INFO - -----------------------------------------------------------------------------------
2025-08-24 03:40:51,790 - INFO - -----------------------------------------------------------------------------------
2025-08-24 03:40:51,790 - INFO - 🔍 迭代第31次，球心向左1.0266e-09mm，向下4.9679e-10mm，向后8.6560e-09mm，半径变小7.7067e-09mm
2025-08-24 03:40:51,791 - INFO - 📊 变化前: 中心(-0.003, 0.069, 0.612), 半径12.00mm
2025-08-24 03:40:51,791 - INFO - 📊 变化后: 中心(-0.003, 0.069, 0.612), 半径12.00mm
2025-08-24 03:40:51,791 - INFO - 📈 变化量: 中心移动0.00mm, 半径变化0.00mm
2025-08-24 03:40:51,791 - INFO - 📍 眼球中心: [-0.0029936   0.06908292  0.6117399 ]
2025-08-24 03:40:51,791 - INFO - 📏 眼球半径: 12.00mm
2025-08-24 03:40:51,792 - INFO - 👁️ 瞳孔中心: [-0.0043301   0.06819904  0.60000002]
2025-08-24 03:40:51,792 - INFO - 📐 眼球中心在瞳孔中心的右1.34mm，下0.88mm，后11.74mm
2025-08-24 03:40:51,792 - INFO - 📏 距离: 11.85mm
2025-08-24 03:40:51,792 - INFO - -----------------------------------------------------------------------------------
2025-08-24 03:40:51,793 - INFO - -----------------------------------------------------------------------------------
2025-08-24 03:40:51,793 - INFO - 🔍 迭代第32次，球心向左1.0266e-09mm，向下4.9679e-10mm，向后8.6560e-09mm，半径变小7.7067e-09mm
2025-08-24 03:40:51,794 - INFO - 📊 变化前: 中心(-0.003, 0.069, 0.612), 半径12.00mm
2025-08-24 03:40:51,794 - INFO - 📊 变化后: 中心(-0.003, 0.069, 0.612), 半径12.00mm
2025-08-24 03:40:51,794 - INFO - 📈 变化量: 中心移动0.00mm, 半径变化0.00mm
2025-08-24 03:40:51,794 - INFO - 📍 眼球中心: [-0.0029936   0.06908292  0.6117399 ]
2025-08-24 03:40:51,794 - INFO - 📏 眼球半径: 12.00mm
2025-08-24 03:40:51,794 - INFO - 👁️ 瞳孔中心: [-0.0043301   0.06819904  0.60000002]
2025-08-24 03:40:51,794 - INFO - 📐 眼球中心在瞳孔中心的右1.34mm，下0.88mm，后11.74mm
2025-08-24 03:40:51,795 - INFO - 📏 距离: 11.85mm
2025-08-24 03:40:51,795 - INFO - -----------------------------------------------------------------------------------
2025-08-24 03:40:51,795 - INFO - -----------------------------------------------------------------------------------
2025-08-24 03:40:51,795 - INFO - 🔍 迭代第33次，球心向左1.0266e-09mm，向下4.9679e-10mm，向后8.6560e-09mm，半径变小7.7067e-09mm
2025-08-24 03:40:51,795 - INFO - 📊 变化前: 中心(-0.003, 0.069, 0.612), 半径12.00mm
2025-08-24 03:40:51,796 - INFO - 📊 变化后: 中心(-0.003, 0.069, 0.612), 半径12.00mm
2025-08-24 03:40:51,796 - INFO - 📈 变化量: 中心移动0.00mm, 半径变化0.00mm
2025-08-24 03:40:51,796 - INFO - 📍 眼球中心: [-0.0029936   0.06908292  0.6117399 ]
2025-08-24 03:40:51,796 - INFO - 📏 眼球半径: 12.00mm
2025-08-24 03:40:51,796 - INFO - 👁️ 瞳孔中心: [-0.0043301   0.06819904  0.60000002]
2025-08-24 03:40:51,796 - INFO - 📐 眼球中心在瞳孔中心的右1.34mm，下0.88mm，后11.74mm
2025-08-24 03:40:51,796 - INFO - 📏 距离: 11.85mm
2025-08-24 03:40:51,796 - INFO - -----------------------------------------------------------------------------------
2025-08-24 03:40:51,797 - INFO - -----------------------------------------------------------------------------------
2025-08-24 03:40:51,797 - INFO - 🔍 迭代第34次，球心向左1.0266e-09mm，向下4.9679e-10mm，向后8.6560e-09mm，半径变小7.7067e-09mm
2025-08-24 03:40:51,797 - INFO - 📊 变化前: 中心(-0.003, 0.069, 0.612), 半径12.00mm
2025-08-24 03:40:51,797 - INFO - 📊 变化后: 中心(-0.003, 0.069, 0.612), 半径12.00mm
2025-08-24 03:40:51,797 - INFO - 📈 变化量: 中心移动0.00mm, 半径变化0.00mm
2025-08-24 03:40:51,798 - INFO - 📍 眼球中心: [-0.0029936   0.06908292  0.6117399 ]
2025-08-24 03:40:51,798 - INFO - 📏 眼球半径: 12.00mm
2025-08-24 03:40:51,798 - INFO - 👁️ 瞳孔中心: [-0.0043301   0.06819904  0.60000002]
2025-08-24 03:40:51,798 - INFO - 📐 眼球中心在瞳孔中心的右1.34mm，下0.88mm，后11.74mm
2025-08-24 03:40:51,800 - INFO - 📏 距离: 11.85mm
2025-08-24 03:40:51,800 - INFO - -----------------------------------------------------------------------------------
2025-08-24 03:40:51,801 - INFO - -----------------------------------------------------------------------------------
2025-08-24 03:40:51,801 - INFO - 🔍 迭代第35次，球心向左1.0266e-09mm，向下4.9679e-10mm，向后8.6560e-09mm，半径变小7.7067e-09mm
2025-08-24 03:40:51,801 - INFO - 📊 变化前: 中心(-0.003, 0.069, 0.612), 半径12.00mm
2025-08-24 03:40:51,801 - INFO - 📊 变化后: 中心(-0.003, 0.069, 0.612), 半径12.00mm
2025-08-24 03:40:51,801 - INFO - 📈 变化量: 中心移动0.00mm, 半径变化0.00mm
2025-08-24 03:40:51,802 - INFO - 📍 眼球中心: [-0.0029936   0.06908292  0.6117399 ]
2025-08-24 03:40:51,802 - INFO - 📏 眼球半径: 12.00mm
2025-08-24 03:40:51,802 - INFO - 👁️ 瞳孔中心: [-0.0043301   0.06819904  0.60000002]
2025-08-24 03:40:51,802 - INFO - 📐 眼球中心在瞳孔中心的右1.34mm，下0.88mm，后11.74mm
2025-08-24 03:40:51,802 - INFO - 📏 距离: 11.85mm
2025-08-24 03:40:51,802 - INFO - -----------------------------------------------------------------------------------
2025-08-24 03:40:51,803 - INFO - -----------------------------------------------------------------------------------
2025-08-24 03:40:51,803 - INFO - 🔍 迭代第36次，球心向左1.0266e-09mm，向下4.9679e-10mm，向后8.6560e-09mm，半径变小7.7067e-09mm
2025-08-24 03:40:51,803 - INFO - 📊 变化前: 中心(-0.003, 0.069, 0.612), 半径12.00mm
2025-08-24 03:40:51,803 - INFO - 📊 变化后: 中心(-0.003, 0.069, 0.612), 半径12.00mm
2025-08-24 03:40:51,804 - INFO - 📈 变化量: 中心移动0.00mm, 半径变化0.00mm
2025-08-24 03:40:51,804 - INFO - 📍 眼球中心: [-0.0029936   0.06908292  0.6117399 ]
2025-08-24 03:40:51,804 - INFO - 📏 眼球半径: 12.00mm
2025-08-24 03:40:51,804 - INFO - 👁️ 瞳孔中心: [-0.0043301   0.06819904  0.60000002]
2025-08-24 03:40:51,804 - INFO - 📐 眼球中心在瞳孔中心的右1.34mm，下0.88mm，后11.74mm
2025-08-24 03:40:51,804 - INFO - 📏 距离: 11.85mm
2025-08-24 03:40:51,805 - INFO - -----------------------------------------------------------------------------------
2025-08-24 03:40:51,805 - INFO - -----------------------------------------------------------------------------------
2025-08-24 03:40:51,805 - INFO - 🔍 迭代第37次，球心向左1.0266e-09mm，向下4.9679e-10mm，向后8.6560e-09mm，半径变小7.7067e-09mm
2025-08-24 03:40:51,805 - INFO - 📊 变化前: 中心(-0.003, 0.069, 0.612), 半径12.00mm
2025-08-24 03:40:51,805 - INFO - 📊 变化后: 中心(-0.003, 0.069, 0.612), 半径12.00mm
2025-08-24 03:40:51,806 - INFO - 📈 变化量: 中心移动0.00mm, 半径变化0.00mm
2025-08-24 03:40:51,806 - INFO - 📍 眼球中心: [-0.0029936   0.06908292  0.6117399 ]
2025-08-24 03:40:51,806 - INFO - 📏 眼球半径: 12.00mm
2025-08-24 03:40:51,806 - INFO - 👁️ 瞳孔中心: [-0.0043301   0.06819904  0.60000002]
2025-08-24 03:40:51,806 - INFO - 📐 眼球中心在瞳孔中心的右1.34mm，下0.88mm，后11.74mm
2025-08-24 03:40:51,806 - INFO - 📏 距离: 11.85mm
2025-08-24 03:40:51,807 - INFO - -----------------------------------------------------------------------------------
2025-08-24 03:40:51,807 - INFO - -----------------------------------------------------------------------------------
2025-08-24 03:40:51,807 - INFO - 🔍 迭代第38次，球心向左1.0266e-09mm，向下4.9679e-10mm，向后8.6560e-09mm，半径变小7.7067e-09mm
2025-08-24 03:40:51,807 - INFO - 📊 变化前: 中心(-0.003, 0.069, 0.612), 半径12.00mm
2025-08-24 03:40:51,808 - INFO - 📊 变化后: 中心(-0.003, 0.069, 0.612), 半径12.00mm
2025-08-24 03:40:51,808 - INFO - 📈 变化量: 中心移动0.00mm, 半径变化0.00mm
2025-08-24 03:40:51,808 - INFO - 📍 眼球中心: [-0.0029936   0.06908292  0.6117399 ]
2025-08-24 03:40:51,808 - INFO - 📏 眼球半径: 12.00mm
2025-08-24 03:40:51,808 - INFO - 👁️ 瞳孔中心: [-0.0043301   0.06819904  0.60000002]
2025-08-24 03:40:51,808 - INFO - 📐 眼球中心在瞳孔中心的右1.34mm，下0.88mm，后11.74mm
2025-08-24 03:40:51,809 - INFO - 📏 距离: 11.85mm
2025-08-24 03:40:51,809 - INFO - -----------------------------------------------------------------------------------
2025-08-24 03:40:51,809 - INFO - -----------------------------------------------------------------------------------
2025-08-24 03:40:51,809 - INFO - 🔍 迭代第39次，球心向左1.0266e-09mm，向下4.9679e-10mm，向后8.6560e-09mm，半径变小7.7067e-09mm
2025-08-24 03:40:51,809 - INFO - 📊 变化前: 中心(-0.003, 0.069, 0.612), 半径12.00mm
2025-08-24 03:40:51,810 - INFO - 📊 变化后: 中心(-0.003, 0.069, 0.612), 半径12.00mm
2025-08-24 03:40:51,810 - INFO - 📈 变化量: 中心移动0.00mm, 半径变化0.00mm
2025-08-24 03:40:51,810 - INFO - 📍 眼球中心: [-0.0029936   0.06908292  0.6117399 ]
2025-08-24 03:40:51,810 - INFO - 📏 眼球半径: 12.00mm
2025-08-24 03:40:51,810 - INFO - 👁️ 瞳孔中心: [-0.0043301   0.06819904  0.60000002]
2025-08-24 03:40:51,810 - INFO - 📐 眼球中心在瞳孔中心的右1.34mm，下0.88mm，后11.74mm
2025-08-24 03:40:51,810 - INFO - 📏 距离: 11.85mm
2025-08-24 03:40:51,810 - INFO - -----------------------------------------------------------------------------------
2025-08-24 03:40:51,811 - INFO - -----------------------------------------------------------------------------------
2025-08-24 03:40:51,811 - INFO - 🔍 迭代第40次，球心向左1.0266e-09mm，向下4.9679e-10mm，向后8.6560e-09mm，半径变小7.7067e-09mm
2025-08-24 03:40:51,811 - INFO - 📊 变化前: 中心(-0.003, 0.069, 0.612), 半径12.00mm
2025-08-24 03:40:51,811 - INFO - 📊 变化后: 中心(-0.003, 0.069, 0.612), 半径12.00mm
2025-08-24 03:40:51,811 - INFO - 📈 变化量: 中心移动0.00mm, 半径变化0.00mm
2025-08-24 03:40:51,811 - INFO - 📍 眼球中心: [-0.0029936   0.06908292  0.6117399 ]
2025-08-24 03:40:51,812 - INFO - 📏 眼球半径: 12.00mm
2025-08-24 03:40:51,812 - INFO - 👁️ 瞳孔中心: [-0.0043301   0.06819904  0.60000002]
2025-08-24 03:40:51,812 - INFO - 📐 眼球中心在瞳孔中心的右1.34mm，下0.88mm，后11.74mm
2025-08-24 03:40:51,812 - INFO - 📏 距离: 11.85mm
2025-08-24 03:40:51,812 - INFO - -----------------------------------------------------------------------------------
2025-08-24 03:40:51,813 - INFO - -----------------------------------------------------------------------------------
2025-08-24 03:40:51,813 - INFO - 🔍 迭代第41次，球心向左1.0266e-09mm，向下4.9679e-10mm，向后8.6560e-09mm，半径变小7.7067e-09mm
2025-08-24 03:40:51,813 - INFO - 📊 变化前: 中心(-0.003, 0.069, 0.612), 半径12.00mm
2025-08-24 03:40:51,813 - INFO - 📊 变化后: 中心(-0.003, 0.069, 0.612), 半径12.00mm
2025-08-24 03:40:51,813 - INFO - 📈 变化量: 中心移动0.00mm, 半径变化0.00mm
2025-08-24 03:40:51,813 - INFO - 📍 眼球中心: [-0.0029936   0.06908292  0.6117399 ]
2025-08-24 03:40:51,814 - INFO - 📏 眼球半径: 12.00mm
2025-08-24 03:40:51,814 - INFO - 👁️ 瞳孔中心: [-0.0043301   0.06819904  0.60000002]
2025-08-24 03:40:51,814 - INFO - 📐 眼球中心在瞳孔中心的右1.34mm，下0.88mm，后11.74mm
2025-08-24 03:40:51,814 - INFO - 📏 距离: 11.85mm
2025-08-24 03:40:51,814 - INFO - -----------------------------------------------------------------------------------
2025-08-24 03:40:51,815 - INFO - -----------------------------------------------------------------------------------
2025-08-24 03:40:51,815 - INFO - 🔍 迭代第42次，球心向左1.0266e-09mm，向下4.9679e-10mm，向后8.6560e-09mm，半径变小7.7067e-09mm
2025-08-24 03:40:51,815 - INFO - 📊 变化前: 中心(-0.003, 0.069, 0.612), 半径12.00mm
2025-08-24 03:40:51,815 - INFO - 📊 变化后: 中心(-0.003, 0.069, 0.612), 半径12.00mm
2025-08-24 03:40:51,815 - INFO - 📈 变化量: 中心移动0.00mm, 半径变化0.00mm
2025-08-24 03:40:51,816 - INFO - 📍 眼球中心: [-0.0029936   0.06908292  0.6117399 ]
2025-08-24 03:40:51,816 - INFO - 📏 眼球半径: 12.00mm
2025-08-24 03:40:51,816 - INFO - 👁️ 瞳孔中心: [-0.0043301   0.06819904  0.60000002]
2025-08-24 03:40:51,816 - INFO - 📐 眼球中心在瞳孔中心的右1.34mm，下0.88mm，后11.74mm
2025-08-24 03:40:51,816 - INFO - 📏 距离: 11.85mm
2025-08-24 03:40:51,816 - INFO - -----------------------------------------------------------------------------------
2025-08-24 03:40:51,817 - INFO - -----------------------------------------------------------------------------------
2025-08-24 03:40:51,817 - INFO - 🔍 迭代第43次，球心向左1.0266e-09mm，向下4.9679e-10mm，向后8.6560e-09mm，半径变小7.7067e-09mm
2025-08-24 03:40:51,818 - INFO - 📊 变化前: 中心(-0.003, 0.069, 0.612), 半径12.00mm
2025-08-24 03:40:51,818 - INFO - 📊 变化后: 中心(-0.003, 0.069, 0.612), 半径12.00mm
2025-08-24 03:40:51,818 - INFO - 📈 变化量: 中心移动0.00mm, 半径变化0.00mm
2025-08-24 03:40:51,818 - INFO - 📍 眼球中心: [-0.0029936   0.06908292  0.6117399 ]
2025-08-24 03:40:51,818 - INFO - 📏 眼球半径: 12.00mm
2025-08-24 03:40:51,818 - INFO - 👁️ 瞳孔中心: [-0.0043301   0.06819904  0.60000002]
2025-08-24 03:40:51,818 - INFO - 📐 眼球中心在瞳孔中心的右1.34mm，下0.88mm，后11.74mm
2025-08-24 03:40:51,818 - INFO - 📏 距离: 11.85mm
2025-08-24 03:40:51,818 - INFO - -----------------------------------------------------------------------------------
2025-08-24 03:40:51,819 - INFO - -----------------------------------------------------------------------------------
2025-08-24 03:40:51,819 - INFO - 🔍 迭代第44次，球心向左1.0266e-09mm，向下4.9679e-10mm，向后8.6560e-09mm，半径变小7.7067e-09mm
2025-08-24 03:40:51,819 - INFO - 📊 变化前: 中心(-0.003, 0.069, 0.612), 半径12.00mm
2025-08-24 03:40:51,819 - INFO - 📊 变化后: 中心(-0.003, 0.069, 0.612), 半径12.00mm
2025-08-24 03:40:51,820 - INFO - 📈 变化量: 中心移动0.00mm, 半径变化0.00mm
2025-08-24 03:40:51,820 - INFO - 📍 眼球中心: [-0.0029936   0.06908292  0.6117399 ]
2025-08-24 03:40:51,820 - INFO - 📏 眼球半径: 12.00mm
2025-08-24 03:40:51,820 - INFO - 👁️ 瞳孔中心: [-0.0043301   0.06819904  0.60000002]
2025-08-24 03:40:51,820 - INFO - 📐 眼球中心在瞳孔中心的右1.34mm，下0.88mm，后11.74mm
2025-08-24 03:40:51,820 - INFO - 📏 距离: 11.85mm
2025-08-24 03:40:51,820 - INFO - -----------------------------------------------------------------------------------
2025-08-24 03:40:51,821 - INFO - -----------------------------------------------------------------------------------
2025-08-24 03:40:51,821 - INFO - 🔍 迭代第45次，球心向左1.0266e-09mm，向下4.9679e-10mm，向后8.6560e-09mm，半径变小7.7067e-09mm
2025-08-24 03:40:51,821 - INFO - 📊 变化前: 中心(-0.003, 0.069, 0.612), 半径12.00mm
2025-08-24 03:40:51,821 - INFO - 📊 变化后: 中心(-0.003, 0.069, 0.612), 半径12.00mm
2025-08-24 03:40:51,821 - INFO - 📈 变化量: 中心移动0.00mm, 半径变化0.00mm
2025-08-24 03:40:51,821 - INFO - 📍 眼球中心: [-0.0029936   0.06908292  0.6117399 ]
2025-08-24 03:40:51,822 - INFO - 📏 眼球半径: 12.00mm
2025-08-24 03:40:51,822 - INFO - 👁️ 瞳孔中心: [-0.0043301   0.06819904  0.60000002]
2025-08-24 03:40:51,822 - INFO - 📐 眼球中心在瞳孔中心的右1.34mm，下0.88mm，后11.74mm
2025-08-24 03:40:51,822 - INFO - 📏 距离: 11.85mm
2025-08-24 03:40:51,822 - INFO - -----------------------------------------------------------------------------------
2025-08-24 03:40:51,824 - INFO - -----------------------------------------------------------------------------------
2025-08-24 03:40:51,824 - INFO - 🔍 迭代第46次，球心向左1.0266e-09mm，向下4.9679e-10mm，向后8.6560e-09mm，半径变小7.7067e-09mm
2025-08-24 03:40:51,824 - INFO - 📊 变化前: 中心(-0.003, 0.069, 0.612), 半径12.00mm
2025-08-24 03:40:51,824 - INFO - 📊 变化后: 中心(-0.003, 0.069, 0.612), 半径12.00mm
2025-08-24 03:40:51,824 - INFO - 📈 变化量: 中心移动0.00mm, 半径变化0.00mm
2025-08-24 03:40:51,824 - INFO - 📍 眼球中心: [-0.0029936   0.06908292  0.6117399 ]
2025-08-24 03:40:51,824 - INFO - 📏 眼球半径: 12.00mm
2025-08-24 03:40:51,824 - INFO - 👁️ 瞳孔中心: [-0.0043301   0.06819904  0.60000002]
2025-08-24 03:40:51,824 - INFO - 📐 眼球中心在瞳孔中心的右1.34mm，下0.88mm，后11.74mm
2025-08-24 03:40:51,824 - INFO - 📏 距离: 11.85mm
2025-08-24 03:40:51,824 - INFO - -----------------------------------------------------------------------------------
2025-08-24 03:40:51,827 - INFO - -----------------------------------------------------------------------------------
2025-08-24 03:40:51,827 - INFO - 🔍 迭代第47次，球心向左1.0266e-09mm，向下4.9679e-10mm，向后8.6560e-09mm，半径变小7.7067e-09mm
2025-08-24 03:40:51,827 - INFO - 📊 变化前: 中心(-0.003, 0.069, 0.612), 半径12.00mm
2025-08-24 03:40:51,827 - INFO - 📊 变化后: 中心(-0.003, 0.069, 0.612), 半径12.00mm
2025-08-24 03:40:51,827 - INFO - 📈 变化量: 中心移动0.00mm, 半径变化0.00mm
2025-08-24 03:40:51,827 - INFO - 📍 眼球中心: [-0.0029936   0.06908292  0.6117399 ]
2025-08-24 03:40:51,828 - INFO - 📏 眼球半径: 12.00mm
2025-08-24 03:40:51,828 - INFO - 👁️ 瞳孔中心: [-0.0043301   0.06819904  0.60000002]
2025-08-24 03:40:51,828 - INFO - 📐 眼球中心在瞳孔中心的右1.34mm，下0.88mm，后11.74mm
2025-08-24 03:40:51,828 - INFO - 📏 距离: 11.85mm
2025-08-24 03:40:51,828 - INFO - -----------------------------------------------------------------------------------
2025-08-24 03:40:51,828 - INFO - -----------------------------------------------------------------------------------
2025-08-24 03:40:51,829 - INFO - 🔍 迭代第48次，球心向左1.0266e-09mm，向下4.9679e-10mm，向后8.6560e-09mm，半径变小7.7067e-09mm
2025-08-24 03:40:51,829 - INFO - 📊 变化前: 中心(-0.003, 0.069, 0.612), 半径12.00mm
2025-08-24 03:40:51,829 - INFO - 📊 变化后: 中心(-0.003, 0.069, 0.612), 半径12.00mm
2025-08-24 03:40:51,829 - INFO - 📈 变化量: 中心移动0.00mm, 半径变化0.00mm
2025-08-24 03:40:51,829 - INFO - 📍 眼球中心: [-0.0029936   0.06908292  0.6117399 ]
2025-08-24 03:40:51,829 - INFO - 📏 眼球半径: 12.00mm
2025-08-24 03:40:51,829 - INFO - 👁️ 瞳孔中心: [-0.0043301   0.06819904  0.60000002]
2025-08-24 03:40:51,829 - INFO - 📐 眼球中心在瞳孔中心的右1.34mm，下0.88mm，后11.74mm
2025-08-24 03:40:51,829 - INFO - 📏 距离: 11.85mm
2025-08-24 03:40:51,829 - INFO - -----------------------------------------------------------------------------------
2025-08-24 03:40:51,830 - INFO - -----------------------------------------------------------------------------------
2025-08-24 03:40:51,830 - INFO - 🔍 迭代第49次，球心向左1.0266e-09mm，向下4.9679e-10mm，向后8.6560e-09mm，半径变小7.7067e-09mm
2025-08-24 03:40:51,830 - INFO - 📊 变化前: 中心(-0.003, 0.069, 0.612), 半径12.00mm
2025-08-24 03:40:51,830 - INFO - 📊 变化后: 中心(-0.003, 0.069, 0.612), 半径12.00mm
2025-08-24 03:40:51,830 - INFO - 📈 变化量: 中心移动0.00mm, 半径变化0.00mm
2025-08-24 03:40:51,830 - INFO - 📍 眼球中心: [-0.0029936   0.06908292  0.6117399 ]
2025-08-24 03:40:51,831 - INFO - 📏 眼球半径: 12.00mm
2025-08-24 03:40:51,831 - INFO - 👁️ 瞳孔中心: [-0.0043301   0.06819904  0.60000002]
2025-08-24 03:40:51,831 - INFO - 📐 眼球中心在瞳孔中心的右1.34mm，下0.88mm，后11.74mm
2025-08-24 03:40:51,831 - INFO - 📏 距离: 11.85mm
2025-08-24 03:40:51,831 - INFO - -----------------------------------------------------------------------------------
2025-08-24 03:40:51,831 - WARNING - ⚠️ LM达到最大迭代次数: 50
2025-08-24 03:40:51,832 - WARNING - ⚠️ LM优化未收敛: 参数变化1.16e-11 参数变化阈值1e-06，残差变化inf 残差变化阈值1e-08
2025-08-24 03:40:51,832 - WARNING - ⚠️ LM优化未收敛: 达到最大迭代次数50
2025-08-24 03:40:51,832 - WARNING - ⚠️ 其中最后一次半径有效性为True，几何空间分布良好性为False
2025-08-24 03:40:51,832 - WARNING - ⚠️ LM达到最大迭代次数: 50
2025-08-24 03:40:51,832 - WARNING - ⚠️ LM优化未收敛: 参数变化1.16e-11 参数变化阈值1e-06，残差变化1.44e-02 残差变化阈值1e-08
2025-08-24 03:40:51,833 - INFO - ✅ 优化完成: 最终中心点=(-0.003, 0.069, 0.612), 半径=0.012m
2025-08-24 03:40:51,833 - INFO - 拟合完成 - 拟合结果:
  📍 中心点: (-0.003, 0.069, 0.612)
  📏 半径: 0.01mm
  🔄 收敛状态: ✗ 未收敛
  📊 内点比例: 100.0% (21/21)
  🎯 质量分数: 0.000
  📈 迭代次数: 49
  📉 最终残差: 1.72e-02
2025-08-24 03:40:51,834 - DEBUG - right眼拟合完成: shape=椭球参数 (球体):
  📏 主轴长度: (0.012, 0.012, 0.012) m
  📍 中心坐标: (-0.003, 0.069, 0.612) m
  🔄 旋转矩阵: 3x3 单位矩阵, center=[-0.0029936   0.06908292  0.6117399 ]
2025-08-24 03:40:51,834 - DEBUG - 右眼拟合完成
2025-08-24 03:40:51,834 - DEBUG - ransac_sphere_eyeball返回结果: {'left': (<project.fitting.config.models.EllipsoidParams object at 0x000002B30023ECD0>, array([0.07183062, 0.06892635, 0.6208776 ])), 'right': (<project.fitting.config.models.EllipsoidParams object at 0x000002B30023ECD0>, array([-0.0029936 ,  0.06908292,  0.6117399 ]))}
2025-08-24 03:40:51,834 - DEBUG - ransac_sphere_eyeball执行成功
2025-08-24 03:40:51,834 - INFO - 拟合完成!
2025-08-24 03:40:51,834 - INFO - --------------------------------------------------
2025-08-24 03:40:51,834 - INFO - 拟合结果:
2025-08-24 03:40:51,834 - INFO - 左眼中心: (0.072, 0.069, 0.621)
2025-08-24 03:40:51,834 - INFO - 左眼半径: 12.00mm
2025-08-24 03:40:51,835 - INFO - ------------------------------
2025-08-24 03:40:51,835 - INFO - 左眼关键点分布分析:
2025-08-24 03:40:51,835 - INFO - 瞳孔中心点: 眼球外部, 距离眼球表面: 9.20mm, ✗ 超出规范
2025-08-24 03:40:51,835 - INFO - 虹膜边界点 (4个):
2025-08-24 03:40:51,835 - INFO -   点1: 眼球外部, 距离眼球表面: 9.23mm, ✗ 超出规范
2025-08-24 03:40:51,836 - INFO -   点2: 眼球外部, 距离眼球表面: 9.92mm, ✗ 超出规范
2025-08-24 03:40:51,836 - INFO -   点3: 眼球外部, 距离眼球表面: 11.41mm, ✗ 超出规范
2025-08-24 03:40:51,836 - INFO -   点4: 眼球外部, 距离眼球表面: 9.80mm, ✗ 超出规范
2025-08-24 03:40:51,836 - INFO - 眼睛轮廓点 (16个):
2025-08-24 03:40:51,837 - INFO -   点1: 眼球外部, 距离眼球表面: 16.11mm, ✗ 超出规范
2025-08-24 03:40:51,838 - INFO -   点2: 眼球外部, 距离眼球表面: 14.96mm, ✗ 超出规范
2025-08-24 03:40:51,839 - INFO -   点3: 眼球外部, 距离眼球表面: 12.78mm, ✗ 超出规范
2025-08-24 03:40:51,839 - INFO -   点4: 眼球外部, 距离眼球表面: 10.25mm, ✗ 超出规范
2025-08-24 03:40:51,839 - INFO -   点5: 眼球外部, 距离眼球表面: 9.00mm, ✗ 超出规范
2025-08-24 03:40:51,839 - INFO -   点6: 眼球外部, 距离眼球表面: 9.36mm, ✗ 超出规范
2025-08-24 03:40:51,839 - INFO -   点7: 眼球外部, 距离眼球表面: 10.60mm, ✗ 超出规范
2025-08-24 03:40:51,840 - INFO -   点8: 眼球外部, 距离眼球表面: 11.80mm, ✗ 超出规范
2025-08-24 03:40:51,840 - INFO -   点9: 眼球外部, 距离眼球表面: 12.97mm, ✗ 超出规范
2025-08-24 03:40:51,840 - INFO -   点10: 眼球外部, 距离眼球表面: 11.72mm, ✗ 超出规范
2025-08-24 03:40:51,840 - INFO -   点11: 眼球外部, 距离眼球表面: 10.58mm, ✗ 超出规范
2025-08-24 03:40:51,840 - INFO -   点12: 眼球外部, 距离眼球表面: 9.48mm, ✗ 超出规范
2025-08-24 03:40:51,840 - INFO -   点13: 眼球外部, 距离眼球表面: 9.17mm, ✗ 超出规范
2025-08-24 03:40:51,840 - INFO -   点14: 眼球外部, 距离眼球表面: 10.39mm, ✗ 超出规范
2025-08-24 03:40:51,841 - INFO -   点15: 眼球外部, 距离眼球表面: 12.75mm, ✗ 超出规范
2025-08-24 03:40:51,841 - INFO -   点16: 眼球外部, 距离眼球表面: 14.84mm, ✗ 超出规范
2025-08-24 03:40:51,841 - INFO - 总结: left眼共21个关键点, 0个符合规范, 符合率: 0.0%
2025-08-24 03:40:51,841 - INFO - 数据质量评估: 较差
2025-08-24 03:40:51,841 - INFO - 右眼中心: (-0.003, 0.069, 0.612)
2025-08-24 03:40:51,841 - INFO - 右眼半径: 12.00mm
2025-08-24 03:40:51,842 - INFO - ------------------------------
2025-08-24 03:40:51,842 - INFO - 右眼关键点分布分析:
2025-08-24 03:40:51,842 - INFO - 瞳孔中心点: 眼球内部, 距离眼球表面: 0.15mm, ✗ 超出规范
2025-08-24 03:40:51,842 - INFO - 虹膜边界点 (4个):
2025-08-24 03:40:51,842 - INFO -   点1: 眼球外部, 距离眼球表面: 0.85mm, ✓ 符合规范
2025-08-24 03:40:51,842 - INFO -   点2: 眼球外部, 距离眼球表面: 0.85mm, ✓ 符合规范
2025-08-24 03:40:51,842 - INFO -   点3: 眼球外部, 距离眼球表面: 2.15mm, ✗ 超出规范
2025-08-24 03:40:51,842 - INFO -   点4: 眼球外部, 距离眼球表面: 0.85mm, ✓ 符合规范
2025-08-24 03:40:51,843 - INFO - 眼睛轮廓点 (16个):
2025-08-24 03:40:51,843 - INFO -   点1: 眼球外部, 距离眼球表面: 7.53mm, ✗ 超出规范
2025-08-24 03:40:51,843 - INFO -   点2: 眼球外部, 距离眼球表面: 5.69mm, ✗ 超出规范
2025-08-24 03:40:51,843 - INFO -   点3: 眼球外部, 距离眼球表面: 3.85mm, ✗ 超出规范
2025-08-24 03:40:51,843 - INFO -   点4: 眼球外部, 距离眼球表面: 1.73mm, ✓ 符合规范
2025-08-24 03:40:51,843 - INFO -   点5: 眼球外部, 距离眼球表面: 0.07mm, ✓ 符合规范
2025-08-24 03:40:51,843 - INFO -   点6: 眼球外部, 距离眼球表面: 0.71mm, ✓ 符合规范
2025-08-24 03:40:51,843 - INFO -   点7: 眼球外部, 距离眼球表面: 3.19mm, ✗ 超出规范
2025-08-24 03:40:51,843 - INFO -   点8: 眼球外部, 距离眼球表面: 5.54mm, ✗ 超出规范
2025-08-24 03:40:51,844 - INFO -   点9: 眼球外部, 距离眼球表面: 6.97mm, ✗ 超出规范
2025-08-24 03:40:51,844 - INFO -   点10: 眼球外部, 距离眼球表面: 5.62mm, ✗ 超出规范
2025-08-24 03:40:51,844 - INFO -   点11: 眼球外部, 距离眼球表面: 3.00mm, ✗ 超出规范
2025-08-24 03:40:51,844 - INFO -   点12: 眼球外部, 距离眼球表面: 0.33mm, ✓ 符合规范
2025-08-24 03:40:51,844 - INFO -   点13: 眼球内部, 距离眼球表面: 0.15mm, ✗ 超出规范
2025-08-24 03:40:51,844 - INFO -   点14: 眼球外部, 距离眼球表面: 1.59mm, ✓ 符合规范
2025-08-24 03:40:51,844 - INFO -   点15: 眼球外部, 距离眼球表面: 3.95mm, ✗ 超出规范
2025-08-24 03:40:51,844 - INFO -   点16: 眼球外部, 距离眼球表面: 5.84mm, ✗ 超出规范
2025-08-24 03:40:51,845 - INFO - 总结: right眼共21个关键点, 8个符合规范, 符合率: 38.1%
2025-08-24 03:40:51,845 - INFO - 数据质量评估: 较差
2025-08-24 03:40:51,845 - INFO - ==================================================
