2025-08-25 03:12:28,717 - INFO - 日志文件创建: logs\recognition_20250825_031228.log
2025-08-25 03:12:31,993 - INFO - DEBUG: self._rgb_d = False
2025-08-25 03:12:31,993 - INFO - DEBUG: 检测到 478 个关键点
2025-08-25 03:12:31,993 - INFO - DEBUG: 不使用RGB-D相机，开始修改深度图
2025-08-25 03:12:31,993 - INFO - DEBUG: _set_depth_map_without_rgb_d 开始执行
2025-08-25 03:12:31,993 - INFO - DEBUG: 输入深度图形状: (480, 640)
2025-08-25 03:12:31,993 - INFO - DEBUG: 输入深度图数据类型: float32
2025-08-25 03:12:31,993 - INFO - DEBUG: 输入深度图值范围: 600.000000 ~ 600.000000
2025-08-25 03:12:32,006 - INFO - DEBUG: 关键点数量: 478
2025-08-25 03:12:32,006 - INFO - DEBUG: 第一个关键点示例: [353.3897399902344, 340.0176429748535, -0.0364169217646122, 1.0]
2025-08-25 03:12:32,008 - INFO - DEBUG: 创建深度图副本，形状: (480, 640)
2025-08-25 03:12:32,010 - INFO - DEBUG: 关键点 0: 位置(353, 340), 原始深度: 600.000000, z值: -0.036417, 新深度: 596.358308
2025-08-25 03:12:32,010 - INFO - DEBUG: 关键点 1: 位置(354, 318), 原始深度: 600.000000, z值: -0.061726, 新深度: 593.827377
2025-08-25 03:12:32,010 - INFO - DEBUG: 关键点 2: 位置(354, 325), 原始深度: 600.000000, z值: -0.034573, 新深度: 596.542653
2025-08-25 03:12:32,010 - INFO - DEBUG: 关键点 3: 位置(348, 291), 原始深度: 600.000000, z值: -0.043128, 新深度: 595.687231
2025-08-25 03:12:32,010 - INFO - DEBUG: 关键点 4: 位置(354, 310), 原始深度: 600.000000, z值: -0.064671, 新深度: 593.532879
2025-08-25 03:12:32,012 - INFO - DEBUG: 成功修改了 478 个关键点位置的深度值
2025-08-25 03:12:32,012 - INFO - DEBUG: 修改后深度图值范围: 593.532898 ~ 612.729248
2025-08-25 03:12:32,012 - INFO - DEBUG: 深度图修改完成，原始深度图形状: (480, 640), 修改后深度图形状: (480, 640)
2025-08-25 03:12:32,012 - INFO - DEBUG: _convert_depth_to_meters: depth_scale = 0.001
2025-08-25 03:12:32,012 - INFO - DEBUG: _convert_depth_to_meters: 输入深度图值范围: 593.532898 ~ 612.729248
2025-08-25 03:12:32,012 - INFO - DEBUG: _convert_depth_to_meters: 转换后深度图值范围: 0.593533 ~ 0.612729
2025-08-25 03:12:32,016 - INFO - 坐标转换器初始化完成，相机参数：fx=450.0, fy=450.0, cx=320.0, cy=240.0
2025-08-25 03:12:32,019 - INFO - 坐标转换器初始化完成，相机参数：fx=450.0, fy=450.0, cx=320.0, cy=240.0
2025-08-25 03:12:32,019 - INFO - 坐标转换器初始化完成，相机参数：fx=450.0, fy=450.0, cx=320.0, cy=240.0
2025-08-25 03:12:32,019 - INFO - 批量转换完成：成功 4/4 个关键点
2025-08-25 03:12:32,021 - INFO - 坐标转换器初始化完成，相机参数：fx=450.0, fy=450.0, cx=320.0, cy=240.0
2025-08-25 03:12:32,021 - INFO - 批量转换完成：成功 4/4 个关键点
2025-08-25 03:12:32,021 - INFO - 坐标转换器初始化完成，相机参数：fx=450.0, fy=450.0, cx=320.0, cy=240.0
2025-08-25 03:12:32,021 - INFO - 批量转换完成：成功 16/16 个关键点
2025-08-25 03:12:32,021 - INFO - 坐标转换器初始化完成，相机参数：fx=450.0, fy=450.0, cx=320.0, cy=240.0
2025-08-25 03:12:32,023 - INFO - 批量转换完成：成功 16/16 个关键点
2025-08-25 03:12:32,023 - INFO - 坐标转换器初始化完成，相机参数：fx=450.0, fy=450.0, cx=320.0, cy=240.0
2025-08-25 03:12:32,025 - INFO - 批量转换完成：成功 10/10 个关键点
2025-08-25 03:12:32,025 - INFO - 坐标转换器初始化完成，相机参数：fx=450.0, fy=450.0, cx=320.0, cy=240.0
2025-08-25 03:12:32,025 - INFO - 批量转换完成：成功 10/10 个关键点
2025-08-25 03:12:32,027 - INFO - 坐标转换器初始化完成，相机参数：fx=450.0, fy=450.0, cx=320.0, cy=240.0
2025-08-25 03:12:32,027 - INFO - 批量转换完成：成功 10/10 个关键点
2025-08-25 03:12:32,027 - INFO - 坐标转换器初始化完成，相机参数：fx=450.0, fy=450.0, cx=320.0, cy=240.0
2025-08-25 03:12:32,027 - INFO - 批量转换完成：成功 10/10 个关键点
2025-08-25 03:12:32,058 - INFO - ==================================================
2025-08-25 03:12:32,058 - INFO - 眼动追踪数据测评
2025-08-25 03:12:32,058 - INFO - ==================================================
2025-08-25 03:12:32,058 - INFO - 瞳孔中心: 左(0.094929, 0.034763, 0.601664) | 右(-0.006683, 0.036088, 0.601459)
2025-08-25 03:12:32,058 - INFO - 瞳孔中心详细坐标:
2025-08-25 03:12:32,058 - INFO -   左眼: X=0.094929, Y=0.034763, Z=0.601664, Visibility=1.000000
2025-08-25 03:12:32,058 - INFO -   右眼: X=-0.006683, Y=0.036088, Z=0.601459, Visibility=1.000000
2025-08-25 03:12:32,058 - INFO - 虹膜边界: 左眼4个点 | 右眼4个点
2025-08-25 03:12:32,058 - INFO - 虹膜边界详细坐标:
2025-08-25 03:12:32,058 - INFO -   左眼虹膜边界点:
2025-08-25 03:12:32,058 - INFO -     点1: X=0.104432, Y=0.035345, Z=0.600663, Visibility=1.000000
2025-08-25 03:12:32,058 - INFO -     点2: X=0.094927, Y=0.026815, Z=0.601560, Visibility=1.000000
2025-08-25 03:12:32,058 - INFO -     点3: X=0.085466, Y=0.035000, Z=0.601310, Visibility=1.000000
2025-08-25 03:12:32,058 - INFO -     点4: X=0.095077, Y=0.043602, Z=0.601289, Visibility=1.000000
2025-08-25 03:12:32,058 - INFO -   右眼虹膜边界点:
2025-08-25 03:12:32,058 - INFO -     点1: X=0.003420, Y=0.036167, Z=0.600744, Visibility=1.000000
2025-08-25 03:12:32,058 - INFO -     点2: X=-0.006684, Y=0.028016, Z=0.601413, Visibility=1.000000
2025-08-25 03:12:32,058 - INFO -     点3: X=-0.016704, Y=0.036613, Z=0.600436, Visibility=1.000000
2025-08-25 03:12:32,058 - INFO -     点4: X=-0.006649, Y=0.044720, Z=0.600706, Visibility=1.000000
2025-08-25 03:12:32,058 - INFO - 眼睛轮廓: 左眼16个点 | 右眼16个点
2025-08-25 03:12:32,058 - INFO - 眼睛轮廓详细坐标 (显示前5个点):
2025-08-25 03:12:32,058 - INFO -   左眼轮廓点:
2025-08-25 03:12:32,058 - INFO -     点1: X=0.072816, Y=0.039135, Z=0.600649, Visibility=1.000000
2025-08-25 03:12:32,058 - INFO -     点2: X=0.075627, Y=0.036636, Z=0.600567, Visibility=1.000000
2025-08-25 03:12:32,058 - INFO -     点3: X=0.081642, Y=0.033076, Z=0.600908, Visibility=1.000000
2025-08-25 03:12:32,058 - INFO -     点4: X=0.090039, Y=0.030886, Z=0.600512, Visibility=1.000000
2025-08-25 03:12:32,065 - INFO -     点5: X=0.098339, Y=0.030720, Z=0.600786, Visibility=1.000000
2025-08-25 03:12:32,065 - INFO -     ... 还有11个点
2025-08-25 03:12:32,065 - INFO -   右眼轮廓点:
2025-08-25 03:12:32,065 - INFO -     点1: X=-0.027567, Y=0.038511, Z=0.601242, Visibility=1.000000
2025-08-25 03:12:32,065 - INFO -     点2: X=-0.023838, Y=0.040182, Z=0.601628, Visibility=1.000000
2025-08-25 03:12:32,065 - INFO -     点3: X=-0.019854, Y=0.041045, Z=0.601087, Visibility=1.000000
2025-08-25 03:12:32,065 - INFO -     点4: X=-0.014407, Y=0.041860, Z=0.600667, Visibility=1.000000
2025-08-25 03:12:32,065 - INFO -     点5: X=-0.006245, Y=0.042225, Z=0.600493, Visibility=1.000000
2025-08-25 03:12:32,065 - INFO -     ... 还有11个点
2025-08-25 03:12:32,065 - INFO - --------------------------------------------------
2025-08-25 03:12:32,065 - INFO - 开始RANSAC球体拟合...
2025-08-25 03:12:32,065 - DEBUG - ransac_sphere_eyeball函数开始
2025-08-25 03:12:32,065 - DEBUG - key_coordinates类型: <class 'dict'>
2025-08-25 03:12:32,065 - DEBUG - center_fitter类型: <class 'function'>
2025-08-25 03:12:32,065 - DEBUG - _EyeCenterFitter.__new__: cls._instance=None
2025-08-25 03:12:32,065 - DEBUG - 创建新的单例实例
2025-08-25 03:12:32,065 - DEBUG - _EyeCenterFitter.__init__开始
2025-08-25 03:12:32,065 - DEBUG - key_coordinates类型: <class 'dict'>
2025-08-25 03:12:32,065 - DEBUG - key_coordinates键: ['pupil_center', 'iris_boundaries', 'eye_contours', 'eye_sockets', 'eyelid_points']
2025-08-25 03:12:32,065 - DEBUG - _EyeCenterFitter.__init__完成
2025-08-25 03:12:32,065 - DEBUG - _EyeCenterFitter实例创建成功
2025-08-25 03:12:32,065 - DEBUG - _update_key_coordinates开始
2025-08-25 03:12:32,065 - DEBUG - 新key_coordinates类型: <class 'dict'>
2025-08-25 03:12:32,065 - DEBUG - 新key_coordinates键: ['pupil_center', 'iris_boundaries', 'eye_contours', 'eye_sockets', 'eyelid_points']
2025-08-25 03:12:32,065 - DEBUG - pupil_center: <class 'dict'>
2025-08-25 03:12:32,065 - DEBUG -   left: <class 'numpy.ndarray'>
2025-08-25 03:12:32,065 - DEBUG -     array形状: (4,)
2025-08-25 03:12:32,065 - DEBUG -   right: <class 'numpy.ndarray'>
2025-08-25 03:12:32,065 - DEBUG -     array形状: (4,)
2025-08-25 03:12:32,065 - DEBUG - iris_boundaries: <class 'dict'>
2025-08-25 03:12:32,065 - DEBUG -   left: <class 'list'>
2025-08-25 03:12:32,065 - DEBUG -     list长度: 4
2025-08-25 03:12:32,065 - DEBUG -     第一个元素类型: <class 'numpy.ndarray'>
2025-08-25 03:12:32,065 - DEBUG -   right: <class 'list'>
2025-08-25 03:12:32,065 - DEBUG -     list长度: 4
2025-08-25 03:12:32,065 - DEBUG -     第一个元素类型: <class 'numpy.ndarray'>
2025-08-25 03:12:32,065 - DEBUG - eye_contours: <class 'dict'>
2025-08-25 03:12:32,065 - DEBUG -   left: <class 'list'>
2025-08-25 03:12:32,065 - DEBUG -     list长度: 16
2025-08-25 03:12:32,065 - DEBUG -     第一个元素类型: <class 'numpy.ndarray'>
2025-08-25 03:12:32,065 - DEBUG -   right: <class 'list'>
2025-08-25 03:12:32,065 - DEBUG -     list长度: 16
2025-08-25 03:12:32,065 - DEBUG -     第一个元素类型: <class 'numpy.ndarray'>
2025-08-25 03:12:32,065 - DEBUG - eye_sockets: <class 'dict'>
2025-08-25 03:12:32,065 - DEBUG -   left: <class 'list'>
2025-08-25 03:12:32,065 - DEBUG -     list长度: 10
2025-08-25 03:12:32,065 - DEBUG -     第一个元素类型: <class 'numpy.ndarray'>
2025-08-25 03:12:32,065 - DEBUG -   right: <class 'list'>
2025-08-25 03:12:32,065 - DEBUG -     list长度: 10
2025-08-25 03:12:32,065 - DEBUG -     第一个元素类型: <class 'numpy.ndarray'>
2025-08-25 03:12:32,065 - DEBUG - eyelid_points: <class 'dict'>
2025-08-25 03:12:32,072 - DEBUG -   left: <class 'list'>
2025-08-25 03:12:32,072 - DEBUG -     list长度: 10
2025-08-25 03:12:32,074 - DEBUG -     第一个元素类型: <class 'numpy.ndarray'>
2025-08-25 03:12:32,074 - DEBUG -   right: <class 'list'>
2025-08-25 03:12:32,074 - DEBUG -     list长度: 10
2025-08-25 03:12:32,074 - DEBUG -     第一个元素类型: <class 'numpy.ndarray'>
2025-08-25 03:12:32,076 - DEBUG - _update_key_coordinates完成
2025-08-25 03:12:32,076 - DEBUG - key_coordinates更新成功
2025-08-25 03:12:32,076 - DEBUG - ransac_sphere_eyeball开始
2025-08-25 03:12:32,076 - DEBUG - 当前trials_times: 0
2025-08-25 03:12:32,076 - DEBUG - center_fitter类型: <class 'function'>
2025-08-25 03:12:32,076 - DEBUG - _fit_one_eye开始: eye_key=left
2025-08-25 03:12:32,076 - DEBUG - 更新trials_times: 1
2025-08-25 03:12:32,076 - DEBUG - 开始提取left眼关键点坐标
2025-08-25 03:12:32,076 - DEBUG - _extract_eye_key_coordinates开始: eye_key=left
2025-08-25 03:12:32,076 - DEBUG - self._key_coordinates: {'pupil_center': {'left': array([0.09492923, 0.03476282, 0.60166413, 1.        ]), 'right': array([-0.00668287,  0.03608752,  0.60145861,  1.        ])}, 'iris_boundaries': {'left': [array([0.10443179, 0.03534545, 0.60066307, 1.        ]), array([0.09492743, 0.02681507, 0.60156012, 1.        ]), array([0.08546557, 0.03499976, 0.6013099 , 1.        ]), array([0.09507728, 0.04360239, 0.60128903, 1.        ])], 'right': [array([0.00342032, 0.03616655, 0.60074359, 1.        ]), array([-0.00668356,  0.02801634,  0.60141301,  1.        ]), array([-0.01670392,  0.03661288,  0.60043585,  1.        ]), array([-0.00664883,  0.04472014,  0.60070646,  1.        ])]}, 'eye_contours': {'left': [array([0.07281558, 0.0391353 , 0.60064888, 1.        ]), array([0.07562712, 0.03663588, 0.60056692, 1.        ]), array([0.08164213, 0.03307593, 0.60090768, 1.        ]), array([0.09003933, 0.03088554, 0.60051167, 1.        ]), array([0.09833933, 0.03071999, 0.60078645, 1.        ]), array([0.10630105, 0.03216163, 0.60083163, 1.        ]), array([0.11123478, 0.03421989, 0.60078949, 1.        ]), array([0.11418037, 0.03578991, 0.60090059, 1.        ]), array([0.11647609, 0.03699138, 0.60155827, 1.        ]), array([0.11264806, 0.03912403, 0.60109538, 1.        ]), array([0.10869981, 0.04039436, 0.60088235, 1.        ]), array([0.10334098, 0.04152835, 0.60090572, 1.        ]), array([0.09530913, 0.04206126, 0.60038859, 1.        ]), array([0.08752132, 0.04156107, 0.60061336, 1.        ]), array([0.08013256, 0.04040422, 0.60105574, 1.        ]), array([0.07525204, 0.03980633, 0.60088104, 1.        ])], 'right': [array([-0.02756655,  0.03851055,  0.60124177,  1.        ]), array([-0.02383768,  0.04018206,  0.60162807,  1.        ]), array([-0.01985439,  0.04104504,  0.60108656,  1.        ]), array([-0.0144074 ,  0.04185971,  0.60066676,  1.        ]), array([-0.00624454,  0.04222466,  0.6004926 ,  1.        ]), array([0.00181629, 0.04171124, 0.6004988 , 1.        ]), array([0.00951671, 0.04071075, 0.60054576, 1.        ]), array([0.01457477, 0.04024255, 0.60119522, 1.        ]), array([0.01705588, 0.03968455, 0.60086787, 1.        ]), array([0.01421146, 0.03756416, 0.60079926, 1.        ]), array([0.00814411, 0.03482131, 0.60099339, 1.        ]), array([-4.44252078e-04,  3.33388006e-02,  6.00608647e-01,  1.00000000e+00]), array([-0.00857426,  0.03332147,  0.60053927,  1.        ]), array([-0.01658347,  0.03456321,  0.60062969,  1.        ]), array([-0.02189344,  0.03626434,  0.60079497,  1.        ]), array([-0.02516165,  0.03758598,  0.60138971,  1.        ])]}, 'eye_sockets': {'left': [array([0.13781369, 0.01267854, 0.60142267, 1.        ]), array([0.12831081, 0.00306214, 0.60124463, 1.        ]), array([ 0.11281537, -0.00296342,  0.60024583,  1.        ]), array([ 0.09232263, -0.00363875,  0.59969532,  1.        ]), array([ 0.0683344 , -0.00184526,  0.59947038,  1.        ]), array([0.06503322, 0.01227417, 0.59942997, 1.        ]), array([0.09045138, 0.00464927, 0.59979308, 1.        ]), array([0.10916348, 0.00503015, 0.60013348, 1.        ]), array([0.12270509, 0.0095947 , 0.60080546, 1.        ]), array([0.13199019, 0.01733581, 0.6015619 , 1.        ])], 'right': [array([-0.04801794,  0.01541318,  0.6014533 ,  1.        ]), array([-0.03787042,  0.00623713,  0.60064113,  1.        ]), array([-2.26054821e-02,  2.92589273e-04,  6.00238860e-01,  1.00000000e+00]), array([-2.31462585e-03, -7.23288804e-04,  5.99702120e-01,  1.00000000e+00]), array([2.16052599e-02, 5.26140217e-04, 5.99411130e-01, 1.00000000e+00]), array([0.02487965, 0.01442729, 0.59942758, 1.        ]), array([-5.30340300e-04,  7.51101886e-03,  5.99765003e-01,  1.00000000e+00]), array([-0.01922028,  0.00812929,  0.59998178,  1.        ]), array([-0.03274191,  0.01256859,  0.60024256,  1.        ]), array([-0.04227614,  0.02008663,  0.60117012,  1.        ])]}, 'eyelid_points': {'left': [array([0.14788336, 0.06706949, 0.60371095, 1.        ]), array([0.12988079, 0.06405063, 0.60190743, 1.        ]), array([0.11733325, 0.06774068, 0.60083854, 1.        ]), array([0.0984291 , 0.06618049, 0.6003387 , 1.        ]), array([0.08445793, 0.06197519, 0.60018158, 1.        ]), array([0.07405746, 0.05734814, 0.60011578, 1.        ]), array([0.07290886, 0.07691695, 0.59936798, 1.        ]), array([0.08170816, 0.0846046 , 0.59971845, 1.        ]), array([0.09326944, 0.09259304, 0.59966373, 1.        ]), array([0.10869247, 0.10448932, 0.59989834, 1.        ])], 'right': [array([-0.05924385,  0.06858117,  0.60276777,  1.        ]), array([-0.04287193,  0.06532424,  0.6016463 ,  1.        ]), array([-0.03021619,  0.06874759,  0.60034603,  1.        ]), array([-0.01066642,  0.06704555,  0.60037744,  1.        ]), array([0.00394187, 0.06277966, 0.60029733, 1.        ]), array([0.01479858, 0.05801573, 0.60004324, 1.        ]), array([0.01614216, 0.07726644, 0.59898609, 1.        ]), array([0.00716343, 0.085001  , 0.59953511, 1.        ]), array([-0.00425889,  0.09308671,  0.59940732,  1.        ]), array([-0.01960717,  0.10524017,  0.59959358,  1.        ])]}}
2025-08-25 03:12:32,076 - DEBUG - 提取瞳孔中心
2025-08-25 03:12:32,082 - DEBUG - pupil_center: {'left': array([0.09492923, 0.03476282, 0.60166413, 1.        ]), 'right': array([-0.00668287,  0.03608752,  0.60145861,  1.        ])}
2025-08-25 03:12:32,082 - DEBUG - pupil_center类型: <class 'dict'>
2025-08-25 03:12:32,082 - DEBUG - eye_pupil: [0.09492923 0.03476282 0.60166413 1.        ]
2025-08-25 03:12:32,082 - DEBUG - eye_pupil类型: <class 'numpy.ndarray'>
2025-08-25 03:12:32,082 - DEBUG - eye_pupil形状: (4,)
2025-08-25 03:12:32,082 - DEBUG - 提取虹膜边界
2025-08-25 03:12:32,082 - DEBUG - iris_boundaries: {'left': [array([0.10443179, 0.03534545, 0.60066307, 1.        ]), array([0.09492743, 0.02681507, 0.60156012, 1.        ]), array([0.08546557, 0.03499976, 0.6013099 , 1.        ]), array([0.09507728, 0.04360239, 0.60128903, 1.        ])], 'right': [array([0.00342032, 0.03616655, 0.60074359, 1.        ]), array([-0.00668356,  0.02801634,  0.60141301,  1.        ]), array([-0.01670392,  0.03661288,  0.60043585,  1.        ]), array([-0.00664883,  0.04472014,  0.60070646,  1.        ])]}
2025-08-25 03:12:32,082 - DEBUG - iris_boundaries类型: <class 'dict'>
2025-08-25 03:12:32,082 - DEBUG - eye_iris: [array([0.10443179, 0.03534545, 0.60066307, 1.        ]), array([0.09492743, 0.02681507, 0.60156012, 1.        ]), array([0.08546557, 0.03499976, 0.6013099 , 1.        ]), array([0.09507728, 0.04360239, 0.60128903, 1.        ])]
2025-08-25 03:12:32,082 - DEBUG - eye_iris类型: <class 'list'>
2025-08-25 03:12:32,082 - DEBUG - eye_iris长度: 4
2025-08-25 03:12:32,082 - DEBUG - 第一个元素类型: <class 'numpy.ndarray'>
2025-08-25 03:12:32,082 - DEBUG - 第一个元素形状: (4,)
2025-08-25 03:12:32,082 - DEBUG - 提取眼睛轮廓
2025-08-25 03:12:32,082 - DEBUG - eye_contours: {'left': [array([0.07281558, 0.0391353 , 0.60064888, 1.        ]), array([0.07562712, 0.03663588, 0.60056692, 1.        ]), array([0.08164213, 0.03307593, 0.60090768, 1.        ]), array([0.09003933, 0.03088554, 0.60051167, 1.        ]), array([0.09833933, 0.03071999, 0.60078645, 1.        ]), array([0.10630105, 0.03216163, 0.60083163, 1.        ]), array([0.11123478, 0.03421989, 0.60078949, 1.        ]), array([0.11418037, 0.03578991, 0.60090059, 1.        ]), array([0.11647609, 0.03699138, 0.60155827, 1.        ]), array([0.11264806, 0.03912403, 0.60109538, 1.        ]), array([0.10869981, 0.04039436, 0.60088235, 1.        ]), array([0.10334098, 0.04152835, 0.60090572, 1.        ]), array([0.09530913, 0.04206126, 0.60038859, 1.        ]), array([0.08752132, 0.04156107, 0.60061336, 1.        ]), array([0.08013256, 0.04040422, 0.60105574, 1.        ]), array([0.07525204, 0.03980633, 0.60088104, 1.        ])], 'right': [array([-0.02756655,  0.03851055,  0.60124177,  1.        ]), array([-0.02383768,  0.04018206,  0.60162807,  1.        ]), array([-0.01985439,  0.04104504,  0.60108656,  1.        ]), array([-0.0144074 ,  0.04185971,  0.60066676,  1.        ]), array([-0.00624454,  0.04222466,  0.6004926 ,  1.        ]), array([0.00181629, 0.04171124, 0.6004988 , 1.        ]), array([0.00951671, 0.04071075, 0.60054576, 1.        ]), array([0.01457477, 0.04024255, 0.60119522, 1.        ]), array([0.01705588, 0.03968455, 0.60086787, 1.        ]), array([0.01421146, 0.03756416, 0.60079926, 1.        ]), array([0.00814411, 0.03482131, 0.60099339, 1.        ]), array([-4.44252078e-04,  3.33388006e-02,  6.00608647e-01,  1.00000000e+00]), array([-0.00857426,  0.03332147,  0.60053927,  1.        ]), array([-0.01658347,  0.03456321,  0.60062969,  1.        ]), array([-0.02189344,  0.03626434,  0.60079497,  1.        ]), array([-0.02516165,  0.03758598,  0.60138971,  1.        ])]}
2025-08-25 03:12:32,082 - DEBUG - eye_contours类型: <class 'dict'>
2025-08-25 03:12:32,090 - DEBUG - eye_contour: [array([0.07281558, 0.0391353 , 0.60064888, 1.        ]), array([0.07562712, 0.03663588, 0.60056692, 1.        ]), array([0.08164213, 0.03307593, 0.60090768, 1.        ]), array([0.09003933, 0.03088554, 0.60051167, 1.        ]), array([0.09833933, 0.03071999, 0.60078645, 1.        ]), array([0.10630105, 0.03216163, 0.60083163, 1.        ]), array([0.11123478, 0.03421989, 0.60078949, 1.        ]), array([0.11418037, 0.03578991, 0.60090059, 1.        ]), array([0.11647609, 0.03699138, 0.60155827, 1.        ]), array([0.11264806, 0.03912403, 0.60109538, 1.        ]), array([0.10869981, 0.04039436, 0.60088235, 1.        ]), array([0.10334098, 0.04152835, 0.60090572, 1.        ]), array([0.09530913, 0.04206126, 0.60038859, 1.        ]), array([0.08752132, 0.04156107, 0.60061336, 1.        ]), array([0.08013256, 0.04040422, 0.60105574, 1.        ]), array([0.07525204, 0.03980633, 0.60088104, 1.        ])]
2025-08-25 03:12:32,092 - DEBUG - eye_contour类型: <class 'list'>
2025-08-25 03:12:32,092 - DEBUG - eye_contour长度: 16
2025-08-25 03:12:32,092 - DEBUG - 第一个元素类型: <class 'numpy.ndarray'>
2025-08-25 03:12:32,092 - DEBUG - 第一个元素形状: (4,)
2025-08-25 03:12:32,095 - DEBUG - _extract_eye_key_coordinates完成: {'pupil_center': array([0.09492923, 0.03476282, 0.60166413, 1.        ]), 'iris_boundaries': [array([0.10443179, 0.03534545, 0.60066307, 1.        ]), array([0.09492743, 0.02681507, 0.60156012, 1.        ]), array([0.08546557, 0.03499976, 0.6013099 , 1.        ]), array([0.09507728, 0.04360239, 0.60128903, 1.        ])], 'eye_contours': [array([0.07281558, 0.0391353 , 0.60064888, 1.        ]), array([0.07562712, 0.03663588, 0.60056692, 1.        ]), array([0.08164213, 0.03307593, 0.60090768, 1.        ]), array([0.09003933, 0.03088554, 0.60051167, 1.        ]), array([0.09833933, 0.03071999, 0.60078645, 1.        ]), array([0.10630105, 0.03216163, 0.60083163, 1.        ]), array([0.11123478, 0.03421989, 0.60078949, 1.        ]), array([0.11418037, 0.03578991, 0.60090059, 1.        ]), array([0.11647609, 0.03699138, 0.60155827, 1.        ]), array([0.11264806, 0.03912403, 0.60109538, 1.        ]), array([0.10869981, 0.04039436, 0.60088235, 1.        ]), array([0.10334098, 0.04152835, 0.60090572, 1.        ]), array([0.09530913, 0.04206126, 0.60038859, 1.        ]), array([0.08752132, 0.04156107, 0.60061336, 1.        ]), array([0.08013256, 0.04040422, 0.60105574, 1.        ]), array([0.07525204, 0.03980633, 0.60088104, 1.        ])]}
2025-08-25 03:12:32,095 - DEBUG - left眼关键点坐标: {'pupil_center': array([0.09492923, 0.03476282, 0.60166413, 1.        ]), 'iris_boundaries': [array([0.10443179, 0.03534545, 0.60066307, 1.        ]), array([0.09492743, 0.02681507, 0.60156012, 1.        ]), array([0.08546557, 0.03499976, 0.6013099 , 1.        ]), array([0.09507728, 0.04360239, 0.60128903, 1.        ])], 'eye_contours': [array([0.07281558, 0.0391353 , 0.60064888, 1.        ]), array([0.07562712, 0.03663588, 0.60056692, 1.        ]), array([0.08164213, 0.03307593, 0.60090768, 1.        ]), array([0.09003933, 0.03088554, 0.60051167, 1.        ]), array([0.09833933, 0.03071999, 0.60078645, 1.        ]), array([0.10630105, 0.03216163, 0.60083163, 1.        ]), array([0.11123478, 0.03421989, 0.60078949, 1.        ]), array([0.11418037, 0.03578991, 0.60090059, 1.        ]), array([0.11647609, 0.03699138, 0.60155827, 1.        ]), array([0.11264806, 0.03912403, 0.60109538, 1.        ]), array([0.10869981, 0.04039436, 0.60088235, 1.        ]), array([0.10334098, 0.04152835, 0.60090572, 1.        ]), array([0.09530913, 0.04206126, 0.60038859, 1.        ]), array([0.08752132, 0.04156107, 0.60061336, 1.        ]), array([0.08013256, 0.04040422, 0.60105574, 1.        ]), array([0.07525204, 0.03980633, 0.60088104, 1.        ])]}
2025-08-25 03:12:32,095 - DEBUG - 调用center_fitter进行拟合
2025-08-25 03:12:32,095 - DEBUG - 🆕 创建新的CenterFitter单例实例
2025-08-25 03:12:32,095 - DEBUG - CenterFitter单例初始化完成
2025-08-25 03:12:32,095 - INFO - 🔍 开始眼球拟合: trials_times=1, strategy=None
2025-08-25 03:12:32,095 - DEBUG - 🔍 对象状态检查: _initialized=True, _strategy_functions=True
2025-08-25 03:12:32,098 - DEBUG - 🔍 策略函数映射表: ['constrained_lm', 'constrained_ransac_lm', 'ellipsoid_fallback', 'fail']
2025-08-25 03:12:32,098 - INFO - 📋 数据预处理完成: 总点数=21, 平均visibility=1.000
2025-08-25 03:12:32,098 - INFO -   📍 pupil_center: 1点, 平均visibility=1.000
2025-08-25 03:12:32,098 - INFO -   📍 iris_boundaries: 4点, 平均visibility=1.000
2025-08-25 03:12:32,098 - INFO -   📍 eye_contours: 16点, 平均visibility=1.000
2025-08-25 03:12:32,098 - INFO - 📊 自动选择拟合策略: constrained_lm
2025-08-25 03:12:32,098 - INFO - 🚀 执行拟合策略: constrained_lm
2025-08-25 03:12:32,098 - DEBUG - 📊 采样数据已更新: full, 点数=21
2025-08-25 03:12:32,098 - INFO - 📊 全部采样完成: 采样点数=21
2025-08-25 03:12:32,098 - INFO - 📊 使用全部采样策略: 21个点
2025-08-25 03:12:32,098 - INFO - 🔄 开始约束LM优化...
2025-08-25 03:12:32,098 - DEBUG - 🔍 约束优化开始:
2025-08-25 03:12:32,098 - DEBUG -    目标函数: Φ(θ) = F(θ) + (1/2)λ_depth * h(θ)²
2025-08-25 03:12:32,098 - DEBUG -    数据项: F(θ) = (1/2)∑w_i(||p_i - c|| - (r + δ_i))²
2025-08-25 03:12:32,098 - DEBUG -    约束项: h(θ) = max{0, ε + z_max - c_z}
2025-08-25 03:12:32,098 - INFO - 🔧 开始参数初始化...
2025-08-25 03:12:32,098 - DEBUG - 🔍 参数初始化开始:
2025-08-25 03:12:32,098 - INFO - 🔍 虹膜边界点数量: 4
2025-08-25 03:12:32,098 - DEBUG -    虹膜点数据:
2025-08-25 03:12:32,098 - DEBUG -      形状: (4, 3)
2025-08-25 03:12:32,098 - DEBUG -      前3个点: [[0.10443179 0.03534545 0.60066307]
 [0.09492743 0.02681507 0.60156012]
 [0.08546557 0.03499976 0.6013099 ]]
2025-08-25 03:12:32,098 - DEBUG -      所有点: [[0.10443179 0.03534545 0.60066307]
 [0.09492743 0.02681507 0.60156012]
 [0.08546557 0.03499976 0.6013099 ]
 [0.09507728 0.04360239 0.60128903]]
2025-08-25 03:12:32,098 - DEBUG -    随机选择3个点，索引: [2 0 3]
2025-08-25 03:12:32,098 - DEBUG -    选中的点:
2025-08-25 03:12:32,098 - DEBUG -      形状: (3, 3)
2025-08-25 03:12:32,098 - DEBUG -      坐标: [[0.08546557 0.03499976 0.6013099 ]
 [0.10443179 0.03534545 0.60066307]
 [0.09507728 0.04360239 0.60128903]]
2025-08-25 03:12:32,098 - INFO - 🔧 开始2D圆拟合...
2025-08-25 03:12:32,098 - DEBUG - 🔍 2D圆拟合开始:
2025-08-25 03:12:32,098 - DEBUG -    输入点: [[0.08546557 0.03499976 0.6013099 ]
 [0.10443179 0.03534545 0.60066307]
 [0.09507728 0.04360239 0.60128903]]
2025-08-25 03:12:32,098 - DEBUG -    点数量: 3
2025-08-25 03:12:32,098 - DEBUG -    坐标提取:
2025-08-25 03:12:32,098 - DEBUG -      X坐标: [0.08546557 0.10443179 0.09507728]
2025-08-25 03:12:32,098 - DEBUG -      Y坐标: [0.03499976 0.03534545 0.04360239]
2025-08-25 03:12:32,098 - DEBUG -    线性方程组:
2025-08-25 03:12:32,098 - DEBUG -      系数矩阵 A:
[[0.17093113 0.06999952 1.        ]
 [0.20886358 0.0706909  1.        ]
 [0.19015456 0.08720477 1.        ]]
2025-08-25 03:12:32,106 - DEBUG -      常数向量 b: [[0.00852935]
 [0.0121553 ]
 [0.01094086]]
2025-08-25 03:12:32,106 - DEBUG -    线性方程组求解结果:
2025-08-25 03:12:32,106 - DEBUG -      解向量: [[ 0.0949691 ]
 [ 0.03405236]
 [-0.01008748]]
2025-08-25 03:12:32,106 - DEBUG -    圆心和半径计算:
2025-08-25 03:12:32,106 - DEBUG -      圆心X坐标: 0.094969
2025-08-25 03:12:32,112 - DEBUG -      圆心Y坐标: 0.034052
2025-08-25 03:12:32,115 - DEBUG -      圆心: [0.0949691  0.03405236]
2025-08-25 03:12:32,115 - DEBUG -      常数c: -0.010087
2025-08-25 03:12:32,115 - DEBUG -      半径: 0.009551
2025-08-25 03:12:32,115 - DEBUG -    2D圆拟合成功:
2025-08-25 03:12:32,115 - DEBUG -      圆心: [0.0949691  0.03405236]
2025-08-25 03:12:32,115 - DEBUG -      半径: 0.009551
2025-08-25 03:12:32,115 - DEBUG -    2D圆拟合结果:
2025-08-25 03:12:32,115 - DEBUG -      圆心: [0.0949691  0.03405236]
2025-08-25 03:12:32,115 - DEBUG -      半径: 0.009551
2025-08-25 03:12:32,115 - DEBUG -    解剖学约束:
2025-08-25 03:12:32,115 - DEBUG -      虹膜到表面最小距离: 0.000500
2025-08-25 03:12:32,115 - DEBUG -      虹膜到表面最大距离: 0.001200
2025-08-25 03:12:32,115 - DEBUG -    半径计算:
2025-08-25 03:12:32,115 - DEBUG -      默认半径: 0.012000
2025-08-25 03:12:32,115 - DEBUG -      中值距离: 0.000850
2025-08-25 03:12:32,115 - DEBUG -      中值距离+半径 d: 0.012850
2025-08-25 03:12:32,115 - INFO - 🔍 中值距离+半径: 0.013m，2D半径: 0.010m，使用虹膜深度偏移
2025-08-25 03:12:32,115 - DEBUG -    勾股定理计算深度偏移: z = sqrt(0.012850² - 0.009551²) = 0.008597
2025-08-25 03:12:32,115 - DEBUG -    3D球心计算:
2025-08-25 03:12:32,115 - DEBUG -      虹膜点平均Z坐标: 0.601087
2025-08-25 03:12:32,115 - DEBUG -      深度偏移: 0.008597
2025-08-25 03:12:32,115 - DEBUG -      3D球心: [0.0949691  0.03405236 0.6096843 ]
2025-08-25 03:12:32,115 - DEBUG -    最终初始化参数:
2025-08-25 03:12:32,115 - DEBUG -      球心: [0.0949691  0.03405236 0.6096843 ]
2025-08-25 03:12:32,115 - DEBUG -      半径: 0.012000
2025-08-25 03:12:32,115 - INFO - 📍 初始中心点: (0.095, 0.034, 0.610)
2025-08-25 03:12:32,115 - INFO - 📏 初始半径: 0.012m
2025-08-25 03:12:32,115 - INFO - ⚙️ 创建约束LM优化器...
2025-08-25 03:12:32,115 - DEBUG - 🔍 约束LM优化器初始化:
2025-08-25 03:12:32,115 - DEBUG -    初始球心: [0.0949691  0.03405236 0.6096843 ]
2025-08-25 03:12:32,115 - DEBUG -    初始半径: 0.012000
2025-08-25 03:12:32,115 - DEBUG -    参数向量 θ: [[0.0949691 ]
 [0.03405236]
 [0.6096843 ]
 [0.012     ]]
2025-08-25 03:12:32,115 - DEBUG -    样本数量: 21
2025-08-25 03:12:32,115 - DEBUG -    LM配置: LMAlgorithmConfig(lambda_lm=0.01, lambda_factor=10.0, min_lambda=1e-08, max_lambda=100000000.0, max_iterations=30, param_tolerance=5e-06, residual_tolerance=5e-06, max_step=0.01, geometric_weight_factor=10, residual_error_tolerance=0.0005)
2025-08-25 03:12:32,115 - DEBUG -    约束配置: ConstraintConfig(lambda_depth=1000.0, lambda_radius=20.0, radius_prior=0.012, depth_offset_epsilon=0.0002, softplus_tau=0.001, constraint_penalty_factor=1000.0)
2025-08-25 03:12:32,122 - INFO - 🔄 约束LM优化开始: 最大迭代次数=30
2025-08-25 03:12:32,122 - DEBUG - 🔍 优化开始状态:
2025-08-25 03:12:32,122 - DEBUG -    当前参数: [[0.0949691 ]
 [0.03405236]
 [0.6096843 ]
 [0.012     ]]
2025-08-25 03:12:32,122 - DEBUG -    当前球心: [0.0949691  0.03405236 0.6096843 ]
2025-08-25 03:12:32,122 - DEBUG -    当前半径: 0.012000
2025-08-25 03:12:32,122 - DEBUG -    最大迭代次数: 30
2025-08-25 03:12:32,122 - DEBUG - 🔍 迭代 1/30:
2025-08-25 03:12:32,127 - DEBUG - 🔍 计算点到球心距离: 形状=(21,)
2025-08-25 03:12:32,127 - DEBUG - 🔍 生理偏差向量计算:
2025-08-25 03:12:32,127 - DEBUG -    点类型列表: ['pupil_center', 'iris_boundaries', 'iris_boundaries', 'iris_boundaries', 'iris_boundaries', 'eye_contours', 'eye_contours', 'eye_contours', 'eye_contours', 'eye_contours', 'eye_contours', 'eye_contours', 'eye_contours', 'eye_contours', 'eye_contours', 'eye_contours', 'eye_contours', 'eye_contours', 'eye_contours', 'eye_contours', 'eye_contours']
2025-08-25 03:12:32,127 - DEBUG -    偏差向量: [0.0002  0.00085 0.00085 0.00085 0.00085 0.0025  0.0025  0.0025  0.0025
 0.0025  0.0025  0.0025  0.0025  0.0025  0.0025  0.0025  0.0025  0.0025
 0.0025  0.0025  0.0025 ]
2025-08-25 03:12:32,127 - DEBUG -    向量形状: (21,)
2025-08-25 03:12:32,127 - DEBUG -    偏差统计: 均值=0.002076, 标准差=0.000769
2025-08-25 03:12:32,127 - DEBUG - 获取生理偏差: 点类型=['pupil_center', 'iris_boundaries', 'iris_boundaries', 'iris_boundaries', 'iris_boundaries', 'eye_contours', 'eye_contours', 'eye_contours', 'eye_contours', 'eye_contours', 'eye_contours', 'eye_contours', 'eye_contours', 'eye_contours', 'eye_contours', 'eye_contours', 'eye_contours', 'eye_contours', 'eye_contours', 'eye_contours', 'eye_contours'], 偏差值=[0.0002  0.00085 0.00085 0.00085 0.00085 0.0025  0.0025  0.0025  0.0025
 0.0025  0.0025  0.0025  0.0025  0.0025  0.0025  0.0025  0.0025  0.0025
 0.0025  0.0025  0.0025 ]
2025-08-25 03:12:32,127 - INFO - -----------------------------------------------------------------------------------
2025-08-25 03:12:32,127 - DEBUG - 🔍 拟合残差计算详情:
2025-08-25 03:12:32,127 - DEBUG -    球心坐标: [0.0949691  0.03405236 0.6096843 ]
2025-08-25 03:12:32,127 - DEBUG -    球体半径: 0.012000
2025-08-25 03:12:32,127 - DEBUG -    采样点数: 21
2025-08-25 03:12:32,127 - DEBUG -    点类型分布: {'eye_contours': 16, 'iris_boundaries': 4, 'pupil_center': 1}
2025-08-25 03:12:32,127 - DEBUG -    理论距离向量: [0.0122  0.01285 0.01285 0.01285 0.01285 0.0145  0.0145  0.0145  0.0145
 0.0145  0.0145  0.0145  0.0145  0.0145  0.0145  0.0145  0.0145  0.0145
 0.0145  0.0145  0.0145 ]
2025-08-25 03:12:32,127 - DEBUG -    实际距离向量: [0.00805168 0.01313763 0.01088037 0.01270218 0.01271594 0.02445922
 0.02153865 0.0159872  0.01088432 0.01008142 0.01450372 0.01853964
 0.02119542 0.02317802 0.0202987  0.01749936 0.0142493  0.0122747
 0.01393313 0.01830084 0.02234654]
2025-08-25 03:12:32,130 - DEBUG -    生理偏差向量: [0.0002  0.00085 0.00085 0.00085 0.00085 0.0025  0.0025  0.0025  0.0025
 0.0025  0.0025  0.0025  0.0025  0.0025  0.0025  0.0025  0.0025  0.0025
 0.0025  0.0025  0.0025 ]
2025-08-25 03:12:32,130 - DEBUG -    残差向量 f(θ): 
[[-4.14832134e-03]
 [ 2.87629237e-04]
 [-1.96962893e-03]
 [-1.47823507e-04]
 [-1.34059993e-04]
 [ 9.95921675e-03]
 [ 7.03864747e-03]
 [ 1.48719566e-03]
 [-3.61567780e-03]
 [-4.41858370e-03]
 [ 3.72156870e-06]
 [ 4.03964325e-03]
 [ 6.69541896e-03]
 [ 8.67802424e-03]
 [ 5.79869674e-03]
 [ 2.99936342e-03]
 [-2.50704024e-04]
 [-2.22529760e-03]
 [-5.66870655e-04]
 [ 3.80084375e-03]
 [ 7.84653836e-03]]
2025-08-25 03:12:32,130 - DEBUG -    平均残差范数: 0.001027
2025-08-25 03:12:32,130 - DEBUG -    残差范数=0.021568
2025-08-25 03:12:32,130 - INFO - -----------------------------------------------------------------------------------
2025-08-25 03:12:32,130 - DEBUG - 🔍 深度约束计算详情 (softplus):
2025-08-25 03:12:32,130 - DEBUG -    采样点Z坐标范围: [0.600389, 0.601664]
2025-08-25 03:12:32,130 - DEBUG -    球心Z坐标: 0.609684
2025-08-25 03:12:32,130 - DEBUG -    深度偏移ε: 0.000200
2025-08-25 03:12:32,130 - DEBUG -    softplus参数τ: 0.001000
2025-08-25 03:12:32,130 - DEBUG -    原始违反值: -0.007820
2025-08-25 03:12:32,130 - DEBUG -    softplus输入 u: -7.820174
2025-08-25 03:12:32,130 - DEBUG -    约束惩罚 h(θ): 0.000000
2025-08-25 03:12:32,130 - DEBUG -    🟢 深度约束满足: 球心深度足够
2025-08-25 03:12:32,130 - INFO - -----------------------------------------------------------------------------------
2025-08-25 03:12:32,130 - DEBUG - 🔍 半径惩罚计算详情:
2025-08-25 03:12:32,130 - DEBUG -    当前半径: 0.012000
2025-08-25 03:12:32,130 - DEBUG -    半径先验值: 0.012000
2025-08-25 03:12:32,130 - DEBUG -    半径残差 r(θ): 0.000000
2025-08-25 03:12:32,130 - DEBUG -    数据残差 f(θ): [[-4.14832134e-03]
 [ 2.87629237e-04]
 [-1.96962893e-03]
 [-1.47823507e-04]
 [-1.34059993e-04]
 [ 9.95921675e-03]
 [ 7.03864747e-03]
 [ 1.48719566e-03]
 [-3.61567780e-03]
 [-4.41858370e-03]
 [ 3.72156870e-06]
 [ 4.03964325e-03]
 [ 6.69541896e-03]
 [ 8.67802424e-03]
 [ 5.79869674e-03]
 [ 2.99936342e-03]
 [-2.50704024e-04]
 [-2.22529760e-03]
 [-5.66870655e-04]
 [ 3.80084375e-03]
 [ 7.84653836e-03]]
2025-08-25 03:12:32,130 - DEBUG -    约束残差 g(θ): [[4.01471087e-07]]
2025-08-25 03:12:32,130 - DEBUG -    半径残差 r(θ): [[0.]]
2025-08-25 03:12:32,130 - DEBUG - 🔍 首次迭代，无历史状态可比较
2025-08-25 03:12:32,130 - INFO - -----------------------------------------------------------------------------------
2025-08-25 03:12:32,130 - DEBUG - 🔍 权重管理器状态更新详情:
2025-08-25 03:12:32,130 - DEBUG -    当前迭代: 0
2025-08-25 03:12:32,130 - DEBUG -    参数变化: 0.000000 (阈值: 0.000005)
2025-08-25 03:12:32,130 - DEBUG -    残差变化: 0.000000 (阈值: 0.000005)
2025-08-25 03:12:32,130 - DEBUG -    几何权重因子: 10
2025-08-25 03:12:32,130 - DEBUG - ⏸️ 保持图像置信度权重: 参数变化=0.00e+00, 残差变化=0.00e+00
2025-08-25 03:12:32,130 - DEBUG - 状态已保存: 参数=[0.0949691  0.03405236 0.6096843  0.012     ], 残差范数=0.021568
2025-08-25 03:12:32,130 - DEBUG - 🔍 获取visibility信息: 形状=(21,), 范围=[1.000, 1.000]
2025-08-25 03:12:32,130 - DEBUG - 🔧 设置图像置信度权重: 21个点
2025-08-25 03:12:32,130 - DEBUG - 🔍 开始计算权重矩阵:
2025-08-25 03:12:32,130 - DEBUG -    点类型: ['pupil_center', 'iris_boundaries', 'iris_boundaries', 'iris_boundaries', 'iris_boundaries', 'eye_contours', 'eye_contours', 'eye_contours', 'eye_contours', 'eye_contours', 'eye_contours', 'eye_contours', 'eye_contours', 'eye_contours', 'eye_contours', 'eye_contours', 'eye_contours', 'eye_contours', 'eye_contours', 'eye_contours', 'eye_contours']
2025-08-25 03:12:32,130 - DEBUG -    残差向量: 形状=(21,), 范数=0.021568
2025-08-25 03:12:32,130 - DEBUG -    Visibility: 形状=(21,), 均值=1.000
2025-08-25 03:12:32,130 - DEBUG - 🔍 权重矩阵计算成功: 形状=(21, 21)
2025-08-25 03:12:32,130 - DEBUG - 🔍 几何权重统计:
2025-08-25 03:12:32,130 - DEBUG -    权重向量: [[1.]
 [1.]
 [1.]
 [1.]
 [1.]
 [1.]
 [1.]
 [1.]
 [1.]
 [1.]
 [1.]
 [1.]
 [1.]
 [1.]
 [1.]
 [1.]
 [1.]
 [1.]
 [1.]
 [1.]
 [1.]]
2025-08-25 03:12:32,130 - DEBUG -    权重范围: [1.000000, 1.000000]
2025-08-25 03:12:32,130 - DEBUG -    权重均值: 1.000000
2025-08-25 03:12:32,130 - DEBUG -    权重标准差: 0.000000
2025-08-25 03:12:32,130 - DEBUG -    高权重点(>0.8): 21/21
2025-08-25 03:12:32,130 - DEBUG -    低权重点(<0.2): 0/21
2025-08-25 03:12:32,130 - INFO - -----------------------------------------------------------------------------------
2025-08-25 03:12:32,130 - DEBUG - 🔍 开始求解LM更新方程:
2025-08-25 03:12:32,130 - DEBUG -    数据残差: 形状=(21,), 范数=0.021568
2025-08-25 03:12:32,130 - DEBUG -    约束残差: 形状=(1,), 范数=0.000000
2025-08-25 03:12:32,130 - DEBUG - 🔍 计算数据残差雅可比矩阵 J_f: 形状=(21, 4)
2025-08-25 03:12:32,138 - DEBUG - 🔍 J_f矩阵计算完成: 条件数=8.18e+00
2025-08-25 03:12:32,138 - DEBUG - 🔍 深度约束雅可比计算: u=-7.820174, σ=0.000401, J_h=[[ 0.          0.         -0.00040139  0.        ]]
2025-08-25 03:12:32,140 - DEBUG - 🔍 半径先验雅可比: J_r=[[0. 0. 0. 1.]]
2025-08-25 03:12:32,140 - DEBUG - 🔍 使用几何权重矩阵: 形状=(21, 21)
2025-08-25 03:12:32,140 - DEBUG - 🔍 Hessian矩阵计算:
2025-08-25 03:12:32,140 - DEBUG -    H_data = J_f^T W J_f: 形状=(4, 4), 条件数=6.69e+01
2025-08-25 03:12:32,140 - DEBUG -    H_h = λ_depth J_h^T J_h: 形状=(4, 4), λ_depth=1000.0
2025-08-25 03:12:32,140 - DEBUG -    H_r = λ_radius J_r^T J_r: 形状=(4, 4), λ_radius=20.0
2025-08-25 03:12:32,140 - DEBUG -    H_total: 形状=(4, 4), 条件数=1.97e+01
2025-08-25 03:12:32,144 - DEBUG - 🔍 梯度计算:
2025-08-25 03:12:32,144 - DEBUG -    g_data: 形状=(4,), 范数=0.043849
2025-08-25 03:12:32,144 - DEBUG -    g_h: 形状=(4,), 范数=0.000000
2025-08-25 03:12:32,144 - DEBUG -    g_r: 形状=(4,), 范数=0.000000
2025-08-25 03:12:32,144 - DEBUG -    g_total: 形状=(4,), 范数=0.043849
2025-08-25 03:12:32,144 - DEBUG - 🔍 初始化LM阻尼因子: λ_LM = 0.01
2025-08-25 03:12:32,144 - DEBUG - 🔍 LM阻尼矩阵: H_lm = H_total + 0.01 * I
2025-08-25 03:12:32,144 - DEBUG -    H_lm条件数: 1.96e+01
2025-08-25 03:12:32,144 - DEBUG - 🔍 线性方程组求解成功:
2025-08-25 03:12:32,144 - DEBUG -    参数更新向量 Δθ: [[ 9.43002574e-05]
 [-3.83994188e-03]
 [-1.25077898e-03]
 [ 1.10410101e-03]]
2025-08-25 03:12:32,147 - DEBUG -    更新向量范数: 0.004188
2025-08-25 03:12:32,147 - DEBUG -    各分量更新: Δc_x=0.000094, Δc_y=-0.003840, Δc_z=-0.001251, Δr=0.001104
2025-08-25 03:12:32,147 - DEBUG -    参数更新:
2025-08-25 03:12:32,147 - DEBUG -      旧参数: [[0.0949691 ]
 [0.03405236]
 [0.6096843 ]
 [0.012     ]]
2025-08-25 03:12:32,147 - DEBUG -      更新向量: [[ 9.43002574e-05]
 [-3.83994188e-03]
 [-1.25077898e-03]
 [ 1.10410101e-03]]
2025-08-25 03:12:32,147 - DEBUG -      新参数: [[0.0950634 ]
 [0.03021242]
 [0.60843352]
 [0.0131041 ]]
2025-08-25 03:12:32,147 - INFO - -----------------------------------------------------------------------------------
2025-08-25 03:12:32,147 - INFO - 🔍 迭代第0次，球心向左0.094300mm，向上3.839942mm，向前1.250779mm，半径变大1.104101mm
2025-08-25 03:12:32,147 - INFO - 📊 变化前: 中心(0.095, 0.034, 0.610), 半径12.00mm
2025-08-25 03:12:32,147 - INFO - 📊 变化后: 中心(0.095, 0.030, 0.608), 半径13.10mm
2025-08-25 03:12:32,147 - INFO - 📈 变化量: 中心移动3.84mm, 半径变化1.10mm
2025-08-25 03:12:32,147 - INFO - 📍 眼球中心: [0.0949691  0.03405236 0.6096843 ]
2025-08-25 03:12:32,147 - INFO - 📏 眼球半径: 12.00mm
2025-08-25 03:12:32,147 - INFO - 👁️ 瞳孔中心: [0.09492923 0.03476282 0.60166413]
2025-08-25 03:12:32,147 - INFO - 📐 眼球中心在瞳孔中心的右0.04mm，上0.71mm，后8.02mm
2025-08-25 03:12:32,147 - INFO - 📏 距离: 8.05mm
2025-08-25 03:12:32,147 - INFO - -----------------------------------------------------------------------------------
2025-08-25 03:12:32,147 - INFO - -----------------------------------------------------------------------------------
2025-08-25 03:12:32,147 - DEBUG - 🔍 参数有效性检查:
2025-08-25 03:12:32,147 - DEBUG -    参数向量: [[0.0950634 ]
 [0.03021242]
 [0.60843352]
 [0.0131041 ]]
2025-08-25 03:12:32,147 - DEBUG -    球心: [0.0950634  0.03021242 0.60843352]
2025-08-25 03:12:32,147 - DEBUG -    半径: 0.013104
2025-08-25 03:12:32,147 - DEBUG - 🔍 初始化函数值 Φ(θ): 0.000233
2025-08-25 03:12:32,147 - DEBUG - 🔍 参数有效: True
2025-08-25 03:12:32,147 - DEBUG -    参数更新成功:
2025-08-25 03:12:32,147 - DEBUG -      新球心: [0.0950634  0.03021242 0.60843352]
2025-08-25 03:12:32,147 - DEBUG -      新半径: 0.013104
2025-08-25 03:12:32,147 - INFO - -----------------------------------------------------------------------------------
2025-08-25 03:12:32,147 - DEBUG - 🔍 LM收敛性检查:
2025-08-25 03:12:32,147 - DEBUG -    当前迭代次数: 0
2025-08-25 03:12:32,147 - DEBUG -    最大迭代次数: 30
2025-08-25 03:12:32,147 - DEBUG -    参数变化: 0.004188
2025-08-25 03:12:32,147 - DEBUG -    参数容忍度: 5e-06
2025-08-25 03:12:32,147 - DEBUG -    残差变化: 0.000000
2025-08-25 03:12:32,147 - DEBUG -    残差容忍度: 5e-06
2025-08-25 03:12:32,147 - DEBUG - 🔍 迭代 2/30:
2025-08-25 03:12:32,147 - DEBUG - 🔍 计算点到球心距离: 形状=(21,)
2025-08-25 03:12:32,147 - DEBUG - 🔍 生理偏差向量计算:
2025-08-25 03:12:32,147 - DEBUG -    点类型列表: ['pupil_center', 'iris_boundaries', 'iris_boundaries', 'iris_boundaries', 'iris_boundaries', 'eye_contours', 'eye_contours', 'eye_contours', 'eye_contours', 'eye_contours', 'eye_contours', 'eye_contours', 'eye_contours', 'eye_contours', 'eye_contours', 'eye_contours', 'eye_contours', 'eye_contours', 'eye_contours', 'eye_contours', 'eye_contours']
2025-08-25 03:12:32,147 - DEBUG -    偏差向量: [0.0002  0.00085 0.00085 0.00085 0.00085 0.0025  0.0025  0.0025  0.0025
 0.0025  0.0025  0.0025  0.0025  0.0025  0.0025  0.0025  0.0025  0.0025
 0.0025  0.0025  0.0025 ]
2025-08-25 03:12:32,147 - DEBUG -    向量形状: (21,)
2025-08-25 03:12:32,147 - DEBUG -    偏差统计: 均值=0.002076, 标准差=0.000769
2025-08-25 03:12:32,147 - DEBUG - 获取生理偏差: 点类型=['pupil_center', 'iris_boundaries', 'iris_boundaries', 'iris_boundaries', 'iris_boundaries', 'eye_contours', 'eye_contours', 'eye_contours', 'eye_contours', 'eye_contours', 'eye_contours', 'eye_contours', 'eye_contours', 'eye_contours', 'eye_contours', 'eye_contours', 'eye_contours', 'eye_contours', 'eye_contours', 'eye_contours', 'eye_contours'], 偏差值=[0.0002  0.00085 0.00085 0.00085 0.00085 0.0025  0.0025  0.0025  0.0025
 0.0025  0.0025  0.0025  0.0025  0.0025  0.0025  0.0025  0.0025  0.0025
 0.0025  0.0025  0.0025 ]
2025-08-25 03:12:32,147 - INFO - -----------------------------------------------------------------------------------
2025-08-25 03:12:32,147 - DEBUG - 🔍 拟合残差计算详情:
2025-08-25 03:12:32,155 - DEBUG -    球心坐标: [0.0950634  0.03021242 0.60843352]
2025-08-25 03:12:32,155 - DEBUG -    球体半径: 0.013104
2025-08-25 03:12:32,155 - DEBUG -    采样点数: 21
2025-08-25 03:12:32,158 - DEBUG -    点类型分布: {'eye_contours': 16, 'iris_boundaries': 4, 'pupil_center': 1}
2025-08-25 03:12:32,158 - DEBUG -    理论距离向量: [0.0133041 0.0139541 0.0139541 0.0139541 0.0139541 0.0156041 0.0156041
 0.0156041 0.0156041 0.0156041 0.0156041 0.0156041 0.0156041 0.0156041
 0.0156041 0.0156041 0.0156041 0.0156041 0.0156041 0.0156041 0.0156041]
2025-08-25 03:12:32,158 - DEBUG -    实际距离向量: [0.00815775 0.01320965 0.00766839 0.01287567 0.01517679 0.02520285
 0.02192973 0.01565146 0.00940479 0.00833469 0.01370668 0.01833043
 0.02129113 0.02348886 0.02103534 0.01861837 0.01591341 0.01432398
 0.01571082 0.01952522 0.02327172]
2025-08-25 03:12:32,160 - DEBUG -    生理偏差向量: [0.0002  0.00085 0.00085 0.00085 0.00085 0.0025  0.0025  0.0025  0.0025
 0.0025  0.0025  0.0025  0.0025  0.0025  0.0025  0.0025  0.0025  0.0025
 0.0025  0.0025  0.0025 ]
2025-08-25 03:12:32,160 - DEBUG -    残差向量 f(θ): 
[[-5.14635551e-03]
 [-7.44454408e-04]
 [-6.28571380e-03]
 [-1.07842680e-03]
 [ 1.22269176e-03]
 [ 9.59874898e-03]
 [ 6.32563213e-03]
 [ 4.73623145e-05]
 [-6.19931430e-03]
 [-7.26940783e-03]
 [-1.89741740e-03]
 [ 2.72633339e-03]
 [ 5.68702995e-03]
 [ 7.88476163e-03]
 [ 5.43123720e-03]
 [ 3.01427216e-03]
 [ 3.09308057e-04]
 [-1.28012464e-03]
 [ 1.06716155e-04]
 [ 3.92111981e-03]
 [ 7.66761666e-03]]
2025-08-25 03:12:32,160 - DEBUG -    平均残差范数: 0.001078
2025-08-25 03:12:32,160 - DEBUG -    残差范数=0.022642
2025-08-25 03:12:32,160 - INFO - -----------------------------------------------------------------------------------
2025-08-25 03:12:32,160 - DEBUG - 🔍 深度约束计算详情 (softplus):
2025-08-25 03:12:32,163 - DEBUG -    采样点Z坐标范围: [0.600389, 0.601664]
2025-08-25 03:12:32,163 - DEBUG -    球心Z坐标: 0.608434
2025-08-25 03:12:32,163 - DEBUG -    深度偏移ε: 0.000200
2025-08-25 03:12:32,163 - DEBUG -    softplus参数τ: 0.001000
2025-08-25 03:12:32,163 - DEBUG -    原始违反值: -0.006569
2025-08-25 03:12:32,163 - DEBUG -    softplus输入 u: -6.569395
2025-08-25 03:12:32,163 - DEBUG -    约束惩罚 h(θ): 0.000001
2025-08-25 03:12:32,163 - DEBUG -    🟢 深度约束满足: 球心深度足够
2025-08-25 03:12:32,163 - INFO - -----------------------------------------------------------------------------------
2025-08-25 03:12:32,163 - DEBUG - 🔍 半径惩罚计算详情:
2025-08-25 03:12:32,163 - DEBUG -    当前半径: 0.013104
2025-08-25 03:12:32,163 - DEBUG -    半径先验值: 0.012000
2025-08-25 03:12:32,163 - DEBUG -    半径残差 r(θ): 0.001104
2025-08-25 03:12:32,163 - DEBUG -    数据残差 f(θ): [[-5.14635551e-03]
 [-7.44454408e-04]
 [-6.28571380e-03]
 [-1.07842680e-03]
 [ 1.22269176e-03]
 [ 9.59874898e-03]
 [ 6.32563213e-03]
 [ 4.73623145e-05]
 [-6.19931430e-03]
 [-7.26940783e-03]
 [-1.89741740e-03]
 [ 2.72633339e-03]
 [ 5.68702995e-03]
 [ 7.88476163e-03]
 [ 5.43123720e-03]
 [ 3.01427216e-03]
 [ 3.09308057e-04]
 [-1.28012464e-03]
 [ 1.06716155e-04]
 [ 3.92111981e-03]
 [ 7.66761666e-03]]
2025-08-25 03:12:32,163 - DEBUG -    约束残差 g(θ): [[1.40166252e-06]]
2025-08-25 03:12:32,163 - DEBUG -    半径残差 r(θ): [[0.0011041]]
2025-08-25 03:12:32,163 - DEBUG - 🔍 状态变化计算: 参数变化=0.004188, 残差变化=0.001074
2025-08-25 03:12:32,163 - INFO - -----------------------------------------------------------------------------------
2025-08-25 03:12:32,163 - DEBUG - 🔍 权重管理器状态更新详情:
2025-08-25 03:12:32,163 - DEBUG -    当前迭代: 1
2025-08-25 03:12:32,163 - DEBUG -    参数变化: 0.004188 (阈值: 0.000005)
2025-08-25 03:12:32,163 - DEBUG -    残差变化: 0.001074 (阈值: 0.000005)
2025-08-25 03:12:32,163 - DEBUG -    几何权重因子: 10
2025-08-25 03:12:32,163 - DEBUG - ⏸️ 保持图像置信度权重: 参数变化=4.19e-03, 残差变化=1.07e-03
2025-08-25 03:12:32,163 - DEBUG - 状态已保存: 参数=[0.0950634  0.03021242 0.60843352 0.0131041 ], 残差范数=0.022642
2025-08-25 03:12:32,163 - DEBUG - 🔍 获取visibility信息: 形状=(21,), 范围=[1.000, 1.000]
2025-08-25 03:12:32,163 - DEBUG - 🔧 设置图像置信度权重: 21个点
2025-08-25 03:12:32,163 - DEBUG - 🔍 开始计算权重矩阵:
2025-08-25 03:12:32,163 - DEBUG -    点类型: ['pupil_center', 'iris_boundaries', 'iris_boundaries', 'iris_boundaries', 'iris_boundaries', 'eye_contours', 'eye_contours', 'eye_contours', 'eye_contours', 'eye_contours', 'eye_contours', 'eye_contours', 'eye_contours', 'eye_contours', 'eye_contours', 'eye_contours', 'eye_contours', 'eye_contours', 'eye_contours', 'eye_contours', 'eye_contours']
2025-08-25 03:12:32,163 - DEBUG -    残差向量: 形状=(21,), 范数=0.022642
2025-08-25 03:12:32,163 - DEBUG -    Visibility: 形状=(21,), 均值=1.000
2025-08-25 03:12:32,163 - DEBUG - 🔍 权重矩阵计算成功: 形状=(21, 21)
2025-08-25 03:12:32,163 - DEBUG - 🔍 几何权重统计:
2025-08-25 03:12:32,163 - DEBUG -    权重向量: [[1.]
 [1.]
 [1.]
 [1.]
 [1.]
 [1.]
 [1.]
 [1.]
 [1.]
 [1.]
 [1.]
 [1.]
 [1.]
 [1.]
 [1.]
 [1.]
 [1.]
 [1.]
 [1.]
 [1.]
 [1.]]
2025-08-25 03:12:32,163 - DEBUG -    权重范围: [1.000000, 1.000000]
2025-08-25 03:12:32,163 - DEBUG -    权重均值: 1.000000
2025-08-25 03:12:32,163 - DEBUG -    权重标准差: 0.000000
2025-08-25 03:12:32,163 - DEBUG -    高权重点(>0.8): 21/21
2025-08-25 03:12:32,163 - DEBUG -    低权重点(<0.2): 0/21
2025-08-25 03:12:32,163 - INFO - -----------------------------------------------------------------------------------
2025-08-25 03:12:32,163 - DEBUG - 🔍 开始求解LM更新方程:
2025-08-25 03:12:32,163 - DEBUG -    数据残差: 形状=(21,), 范数=0.022642
2025-08-25 03:12:32,171 - DEBUG -    约束残差: 形状=(1,), 范数=0.000001
2025-08-25 03:12:32,171 - DEBUG - 🔍 计算数据残差雅可比矩阵 J_f: 形状=(21, 4)
2025-08-25 03:12:32,171 - DEBUG - 🔍 J_f矩阵计算完成: 条件数=8.46e+00
2025-08-25 03:12:32,171 - DEBUG - 🔍 深度约束雅可比计算: u=-6.569395, σ=0.001401, J_h=[[ 0.          0.         -0.00140068  0.        ]]
2025-08-25 03:12:32,173 - DEBUG - 🔍 半径先验雅可比: J_r=[[0. 0. 0. 1.]]
2025-08-25 03:12:32,173 - DEBUG - 🔍 使用几何权重矩阵: 形状=(21, 21)
2025-08-25 03:12:32,173 - DEBUG - 🔍 Hessian矩阵计算:
2025-08-25 03:12:32,173 - DEBUG -    H_data = J_f^T W J_f: 形状=(4, 4), 条件数=7.16e+01
2025-08-25 03:12:32,173 - DEBUG -    H_h = λ_depth J_h^T J_h: 形状=(4, 4), λ_depth=1000.0
2025-08-25 03:12:32,173 - DEBUG -    H_r = λ_radius J_r^T J_r: 形状=(4, 4), λ_radius=20.0
2025-08-25 03:12:32,173 - DEBUG -    H_total: 形状=(4, 4), 条件数=2.46e+01
2025-08-25 03:12:32,173 - DEBUG - 🔍 梯度计算:
2025-08-25 03:12:32,173 - DEBUG -    g_data: 形状=(4,), 范数=0.030272
2025-08-25 03:12:32,173 - DEBUG -    g_h: 形状=(4,), 范数=0.000002
2025-08-25 03:12:32,173 - DEBUG -    g_r: 形状=(4,), 范数=0.022082
2025-08-25 03:12:32,173 - DEBUG -    g_total: 形状=(4,), 范数=0.018499
2025-08-25 03:12:32,173 - DEBUG - 🔍 LM阻尼矩阵: H_lm = H_total + 0.01 * I
2025-08-25 03:12:32,173 - DEBUG -    H_lm条件数: 2.45e+01
2025-08-25 03:12:32,173 - DEBUG - 🔍 线性方程组求解成功:
2025-08-25 03:12:32,173 - DEBUG -    参数更新向量 Δθ: [[ 1.84014147e-04]
 [-7.54043180e-03]
 [-5.01129628e-03]
 [-5.63639996e-05]]
2025-08-25 03:12:32,173 - DEBUG -    更新向量范数: 0.009056
2025-08-25 03:12:32,173 - DEBUG -    各分量更新: Δc_x=0.000184, Δc_y=-0.007540, Δc_z=-0.005011, Δr=-0.000056
2025-08-25 03:12:32,173 - DEBUG -    参数更新:
2025-08-25 03:12:32,173 - DEBUG -      旧参数: [[0.0950634 ]
 [0.03021242]
 [0.60843352]
 [0.0131041 ]]
2025-08-25 03:12:32,173 - DEBUG -      更新向量: [[ 1.84014147e-04]
 [-7.54043180e-03]
 [-5.01129628e-03]
 [-5.63639996e-05]]
2025-08-25 03:12:32,173 - DEBUG -      新参数: [[0.09524741]
 [0.02267199]
 [0.60342222]
 [0.01304774]]
2025-08-25 03:12:32,173 - INFO - -----------------------------------------------------------------------------------
2025-08-25 03:12:32,179 - INFO - 🔍 迭代第1次，球心向左0.184014mm，向上7.540432mm，向前5.011296mm，半径变小0.056364mm
2025-08-25 03:12:32,179 - INFO - 📊 变化前: 中心(0.095, 0.030, 0.608), 半径13.10mm
2025-08-25 03:12:32,179 - INFO - 📊 变化后: 中心(0.095, 0.023, 0.603), 半径13.05mm
2025-08-25 03:12:32,179 - INFO - 📈 变化量: 中心移动7.54mm, 半径变化0.06mm
2025-08-25 03:12:32,179 - INFO - 📍 眼球中心: [0.0950634  0.03021242 0.60843352]
2025-08-25 03:12:32,179 - INFO - 📏 眼球半径: 13.10mm
2025-08-25 03:12:32,179 - INFO - 👁️ 瞳孔中心: [0.09492923 0.03476282 0.60166413]
2025-08-25 03:12:32,179 - INFO - 📐 眼球中心在瞳孔中心的右0.13mm，上4.55mm，后6.77mm
2025-08-25 03:12:32,179 - INFO - 📏 距离: 8.16mm
2025-08-25 03:12:32,179 - INFO - -----------------------------------------------------------------------------------
2025-08-25 03:12:32,179 - INFO - -----------------------------------------------------------------------------------
2025-08-25 03:12:32,179 - DEBUG - 🔍 参数有效性检查:
2025-08-25 03:12:32,179 - DEBUG -    参数向量: [[0.09524741]
 [0.02267199]
 [0.60342222]
 [0.01304774]]
2025-08-25 03:12:32,179 - DEBUG -    球心: [0.09524741 0.02267199 0.60342222]
2025-08-25 03:12:32,179 - DEBUG -    半径: 0.013048
2025-08-25 03:12:32,179 - DEBUG - 🔍 函数值计算详情:
2025-08-25 03:12:32,179 - DEBUG -    数据项 F(θ): 0.000256
2025-08-25 03:12:32,179 - DEBUG -    深度约束项: 0.000000
2025-08-25 03:12:32,179 - DEBUG -    半径先验项: 0.000012
2025-08-25 03:12:32,179 - DEBUG -    总函数值 Φ(θ): 0.000269
2025-08-25 03:12:32,179 - DEBUG -    函数值改善: -0.000036
2025-08-25 03:12:32,179 - DEBUG - 🔍 参数有效: False
2025-08-25 03:12:32,179 - DEBUG -    参数无效，阻尼因子调整: λ_LM = 1.00e-01
2025-08-25 03:12:32,179 - DEBUG - 🔍 迭代 3/30:
2025-08-25 03:12:32,179 - DEBUG - 🔍 计算点到球心距离: 形状=(21,)
2025-08-25 03:12:32,179 - DEBUG - 🔍 生理偏差向量计算:
2025-08-25 03:12:32,179 - DEBUG -    点类型列表: ['pupil_center', 'iris_boundaries', 'iris_boundaries', 'iris_boundaries', 'iris_boundaries', 'eye_contours', 'eye_contours', 'eye_contours', 'eye_contours', 'eye_contours', 'eye_contours', 'eye_contours', 'eye_contours', 'eye_contours', 'eye_contours', 'eye_contours', 'eye_contours', 'eye_contours', 'eye_contours', 'eye_contours', 'eye_contours']
2025-08-25 03:12:32,179 - DEBUG -    偏差向量: [0.0002  0.00085 0.00085 0.00085 0.00085 0.0025  0.0025  0.0025  0.0025
 0.0025  0.0025  0.0025  0.0025  0.0025  0.0025  0.0025  0.0025  0.0025
 0.0025  0.0025  0.0025 ]
2025-08-25 03:12:32,179 - DEBUG -    向量形状: (21,)
2025-08-25 03:12:32,179 - DEBUG -    偏差统计: 均值=0.002076, 标准差=0.000769
2025-08-25 03:12:32,179 - DEBUG - 获取生理偏差: 点类型=['pupil_center', 'iris_boundaries', 'iris_boundaries', 'iris_boundaries', 'iris_boundaries', 'eye_contours', 'eye_contours', 'eye_contours', 'eye_contours', 'eye_contours', 'eye_contours', 'eye_contours', 'eye_contours', 'eye_contours', 'eye_contours', 'eye_contours', 'eye_contours', 'eye_contours', 'eye_contours', 'eye_contours', 'eye_contours'], 偏差值=[0.0002  0.00085 0.00085 0.00085 0.00085 0.0025  0.0025  0.0025  0.0025
 0.0025  0.0025  0.0025  0.0025  0.0025  0.0025  0.0025  0.0025  0.0025
 0.0025  0.0025  0.0025 ]
2025-08-25 03:12:32,179 - INFO - -----------------------------------------------------------------------------------
2025-08-25 03:12:32,179 - DEBUG - 🔍 拟合残差计算详情:
2025-08-25 03:12:32,179 - DEBUG -    球心坐标: [0.0950634  0.03021242 0.60843352]
2025-08-25 03:12:32,179 - DEBUG -    球体半径: 0.013104
2025-08-25 03:12:32,179 - DEBUG -    采样点数: 21
2025-08-25 03:12:32,179 - DEBUG -    点类型分布: {'eye_contours': 16, 'iris_boundaries': 4, 'pupil_center': 1}
2025-08-25 03:12:32,179 - DEBUG -    理论距离向量: [0.0133041 0.0139541 0.0139541 0.0139541 0.0139541 0.0156041 0.0156041
 0.0156041 0.0156041 0.0156041 0.0156041 0.0156041 0.0156041 0.0156041
 0.0156041 0.0156041 0.0156041 0.0156041 0.0156041 0.0156041 0.0156041]
2025-08-25 03:12:32,179 - DEBUG -    实际距离向量: [0.00815775 0.01320965 0.00766839 0.01287567 0.01517679 0.02520285
 0.02192973 0.01565146 0.00940479 0.00833469 0.01370668 0.01833043
 0.02129113 0.02348886 0.02103534 0.01861837 0.01591341 0.01432398
 0.01571082 0.01952522 0.02327172]
2025-08-25 03:12:32,179 - DEBUG -    生理偏差向量: [0.0002  0.00085 0.00085 0.00085 0.00085 0.0025  0.0025  0.0025  0.0025
 0.0025  0.0025  0.0025  0.0025  0.0025  0.0025  0.0025  0.0025  0.0025
 0.0025  0.0025  0.0025 ]
2025-08-25 03:12:32,179 - DEBUG -    残差向量 f(θ): 
[[-5.14635551e-03]
 [-7.44454408e-04]
 [-6.28571380e-03]
 [-1.07842680e-03]
 [ 1.22269176e-03]
 [ 9.59874898e-03]
 [ 6.32563213e-03]
 [ 4.73623145e-05]
 [-6.19931430e-03]
 [-7.26940783e-03]
 [-1.89741740e-03]
 [ 2.72633339e-03]
 [ 5.68702995e-03]
 [ 7.88476163e-03]
 [ 5.43123720e-03]
 [ 3.01427216e-03]
 [ 3.09308057e-04]
 [-1.28012464e-03]
 [ 1.06716155e-04]
 [ 3.92111981e-03]
 [ 7.66761666e-03]]
2025-08-25 03:12:32,187 - DEBUG -    平均残差范数: 0.001078
2025-08-25 03:12:32,187 - DEBUG -    残差范数=0.022642
2025-08-25 03:12:32,187 - INFO - -----------------------------------------------------------------------------------
2025-08-25 03:12:32,187 - DEBUG - 🔍 深度约束计算详情 (softplus):
2025-08-25 03:12:32,187 - DEBUG -    采样点Z坐标范围: [0.600389, 0.601664]
2025-08-25 03:12:32,187 - DEBUG -    球心Z坐标: 0.608434
2025-08-25 03:12:32,187 - DEBUG -    深度偏移ε: 0.000200
2025-08-25 03:12:32,189 - DEBUG -    softplus参数τ: 0.001000
2025-08-25 03:12:32,189 - DEBUG -    原始违反值: -0.006569
2025-08-25 03:12:32,189 - DEBUG -    softplus输入 u: -6.569395
2025-08-25 03:12:32,189 - DEBUG -    约束惩罚 h(θ): 0.000001
2025-08-25 03:12:32,190 - DEBUG -    🟢 深度约束满足: 球心深度足够
2025-08-25 03:12:32,190 - INFO - -----------------------------------------------------------------------------------
2025-08-25 03:12:32,193 - DEBUG - 🔍 半径惩罚计算详情:
2025-08-25 03:12:32,193 - DEBUG -    当前半径: 0.013104
2025-08-25 03:12:32,193 - DEBUG -    半径先验值: 0.012000
2025-08-25 03:12:32,193 - DEBUG -    半径残差 r(θ): 0.001104
2025-08-25 03:12:32,193 - DEBUG -    数据残差 f(θ): [[-5.14635551e-03]
 [-7.44454408e-04]
 [-6.28571380e-03]
 [-1.07842680e-03]
 [ 1.22269176e-03]
 [ 9.59874898e-03]
 [ 6.32563213e-03]
 [ 4.73623145e-05]
 [-6.19931430e-03]
 [-7.26940783e-03]
 [-1.89741740e-03]
 [ 2.72633339e-03]
 [ 5.68702995e-03]
 [ 7.88476163e-03]
 [ 5.43123720e-03]
 [ 3.01427216e-03]
 [ 3.09308057e-04]
 [-1.28012464e-03]
 [ 1.06716155e-04]
 [ 3.92111981e-03]
 [ 7.66761666e-03]]
2025-08-25 03:12:32,195 - DEBUG -    约束残差 g(θ): [[1.40166252e-06]]
2025-08-25 03:12:32,196 - DEBUG -    半径残差 r(θ): [[0.0011041]]
2025-08-25 03:12:32,196 - DEBUG - 🔍 状态变化计算: 参数变化=0.000000, 残差变化=0.000000
2025-08-25 03:12:32,196 - INFO - -----------------------------------------------------------------------------------
2025-08-25 03:12:32,196 - DEBUG - 🔍 权重管理器状态更新详情:
2025-08-25 03:12:32,196 - DEBUG -    当前迭代: 2
2025-08-25 03:12:32,196 - DEBUG -    参数变化: 0.000000 (阈值: 0.000005)
2025-08-25 03:12:32,196 - DEBUG -    残差变化: 0.000000 (阈值: 0.000005)
2025-08-25 03:12:32,196 - DEBUG -    几何权重因子: 10
2025-08-25 03:12:32,196 - DEBUG - ⏸️ 保持图像置信度权重: 参数变化=0.00e+00, 残差变化=0.00e+00
2025-08-25 03:12:32,196 - DEBUG - 状态已保存: 参数=[0.0950634  0.03021242 0.60843352 0.0131041 ], 残差范数=0.022642
2025-08-25 03:12:32,196 - DEBUG - 🔍 获取visibility信息: 形状=(21,), 范围=[1.000, 1.000]
2025-08-25 03:12:32,196 - DEBUG - 🔧 设置图像置信度权重: 21个点
2025-08-25 03:12:32,196 - DEBUG - 🔍 开始计算权重矩阵:
2025-08-25 03:12:32,196 - DEBUG -    点类型: ['pupil_center', 'iris_boundaries', 'iris_boundaries', 'iris_boundaries', 'iris_boundaries', 'eye_contours', 'eye_contours', 'eye_contours', 'eye_contours', 'eye_contours', 'eye_contours', 'eye_contours', 'eye_contours', 'eye_contours', 'eye_contours', 'eye_contours', 'eye_contours', 'eye_contours', 'eye_contours', 'eye_contours', 'eye_contours']
2025-08-25 03:12:32,196 - DEBUG -    残差向量: 形状=(21,), 范数=0.022642
2025-08-25 03:12:32,196 - DEBUG -    Visibility: 形状=(21,), 均值=1.000
2025-08-25 03:12:32,196 - DEBUG - 🔍 权重矩阵计算成功: 形状=(21, 21)
2025-08-25 03:12:32,196 - DEBUG - 🔍 几何权重统计:
2025-08-25 03:12:32,196 - DEBUG -    权重向量: [[1.]
 [1.]
 [1.]
 [1.]
 [1.]
 [1.]
 [1.]
 [1.]
 [1.]
 [1.]
 [1.]
 [1.]
 [1.]
 [1.]
 [1.]
 [1.]
 [1.]
 [1.]
 [1.]
 [1.]
 [1.]]
2025-08-25 03:12:32,196 - DEBUG -    权重范围: [1.000000, 1.000000]
2025-08-25 03:12:32,196 - DEBUG -    权重均值: 1.000000
2025-08-25 03:12:32,196 - DEBUG -    权重标准差: 0.000000
2025-08-25 03:12:32,196 - DEBUG -    高权重点(>0.8): 21/21
2025-08-25 03:12:32,196 - DEBUG -    低权重点(<0.2): 0/21
2025-08-25 03:12:32,196 - INFO - -----------------------------------------------------------------------------------
2025-08-25 03:12:32,196 - DEBUG - 🔍 开始求解LM更新方程:
2025-08-25 03:12:32,196 - DEBUG -    数据残差: 形状=(21,), 范数=0.022642
2025-08-25 03:12:32,196 - DEBUG -    约束残差: 形状=(1,), 范数=0.000001
2025-08-25 03:12:32,196 - DEBUG - 🔍 计算数据残差雅可比矩阵 J_f: 形状=(21, 4)
2025-08-25 03:12:32,196 - DEBUG - 🔍 J_f矩阵计算完成: 条件数=8.46e+00
2025-08-25 03:12:32,196 - DEBUG - 🔍 深度约束雅可比计算: u=-6.569395, σ=0.001401, J_h=[[ 0.          0.         -0.00140068  0.        ]]
2025-08-25 03:12:32,196 - DEBUG - 🔍 半径先验雅可比: J_r=[[0. 0. 0. 1.]]
2025-08-25 03:12:32,196 - DEBUG - 🔍 使用几何权重矩阵: 形状=(21, 21)
2025-08-25 03:12:32,196 - DEBUG - 🔍 Hessian矩阵计算:
2025-08-25 03:12:32,196 - DEBUG -    H_data = J_f^T W J_f: 形状=(4, 4), 条件数=7.16e+01
2025-08-25 03:12:32,196 - DEBUG -    H_h = λ_depth J_h^T J_h: 形状=(4, 4), λ_depth=1000.0
2025-08-25 03:12:32,196 - DEBUG -    H_r = λ_radius J_r^T J_r: 形状=(4, 4), λ_radius=20.0
2025-08-25 03:12:32,203 - DEBUG -    H_total: 形状=(4, 4), 条件数=2.46e+01
2025-08-25 03:12:32,203 - DEBUG - 🔍 梯度计算:
2025-08-25 03:12:32,203 - DEBUG -    g_data: 形状=(4,), 范数=0.030272
2025-08-25 03:12:32,203 - DEBUG -    g_h: 形状=(4,), 范数=0.000002
2025-08-25 03:12:32,203 - DEBUG -    g_r: 形状=(4,), 范数=0.022082
2025-08-25 03:12:32,203 - DEBUG -    g_total: 形状=(4,), 范数=0.018499
2025-08-25 03:12:32,203 - DEBUG - 🔍 LM阻尼矩阵: H_lm = H_total + 0.1 * I
2025-08-25 03:12:32,203 - DEBUG -    H_lm条件数: 2.34e+01
2025-08-25 03:12:32,203 - DEBUG - 🔍 线性方程组求解成功:
2025-08-25 03:12:32,203 - DEBUG -    参数更新向量 Δθ: [[ 1.87013549e-04]
 [-7.21977261e-03]
 [-4.75566621e-03]
 [-6.28711107e-05]]
2025-08-25 03:12:32,203 - DEBUG -    更新向量范数: 0.008648
2025-08-25 03:12:32,203 - DEBUG -    各分量更新: Δc_x=0.000187, Δc_y=-0.007220, Δc_z=-0.004756, Δr=-0.000063
2025-08-25 03:12:32,203 - DEBUG -    参数更新:
2025-08-25 03:12:32,203 - DEBUG -      旧参数: [[0.0950634 ]
 [0.03021242]
 [0.60843352]
 [0.0131041 ]]
2025-08-25 03:12:32,203 - DEBUG -      更新向量: [[ 1.87013549e-04]
 [-7.21977261e-03]
 [-4.75566621e-03]
 [-6.28711107e-05]]
2025-08-25 03:12:32,203 - DEBUG -      新参数: [[0.09525041]
 [0.02299265]
 [0.60367786]
 [0.01304123]]
2025-08-25 03:12:32,203 - INFO - -----------------------------------------------------------------------------------
2025-08-25 03:12:32,203 - INFO - 🔍 迭代第2次，球心向左0.187014mm，向上7.219773mm，向前4.755666mm，半径变小0.062871mm
2025-08-25 03:12:32,203 - INFO - 📊 变化前: 中心(0.095, 0.030, 0.608), 半径13.10mm
2025-08-25 03:12:32,210 - INFO - 📊 变化后: 中心(0.095, 0.023, 0.604), 半径13.04mm
2025-08-25 03:12:32,210 - INFO - 📈 变化量: 中心移动7.22mm, 半径变化0.06mm
2025-08-25 03:12:32,210 - INFO - 📍 眼球中心: [0.0950634  0.03021242 0.60843352]
2025-08-25 03:12:32,213 - INFO - 📏 眼球半径: 13.10mm
2025-08-25 03:12:32,214 - INFO - 👁️ 瞳孔中心: [0.09492923 0.03476282 0.60166413]
2025-08-25 03:12:32,214 - INFO - 📐 眼球中心在瞳孔中心的右0.13mm，上4.55mm，后6.77mm
2025-08-25 03:12:32,215 - INFO - 📏 距离: 8.16mm
2025-08-25 03:12:32,215 - INFO - -----------------------------------------------------------------------------------
2025-08-25 03:12:32,215 - INFO - -----------------------------------------------------------------------------------
2025-08-25 03:12:32,215 - DEBUG - 🔍 参数有效性检查:
2025-08-25 03:12:32,215 - DEBUG -    参数向量: [[0.09525041]
 [0.02299265]
 [0.60367786]
 [0.01304123]]
2025-08-25 03:12:32,216 - DEBUG -    球心: [0.09525041 0.02299265 0.60367786]
2025-08-25 03:12:32,216 - DEBUG -    半径: 0.013041
2025-08-25 03:12:32,216 - DEBUG - 🔍 函数值计算详情:
2025-08-25 03:12:32,216 - DEBUG -    数据项 F(θ): 0.000256
2025-08-25 03:12:32,216 - DEBUG -    深度约束项: 0.000000
2025-08-25 03:12:32,216 - DEBUG -    半径先验项: 0.000012
2025-08-25 03:12:32,216 - DEBUG -    总函数值 Φ(θ): 0.000269
2025-08-25 03:12:32,217 - DEBUG -    函数值改善: 0.000000
2025-08-25 03:12:32,217 - DEBUG - 🔍 参数有效: True
2025-08-25 03:12:32,217 - DEBUG -    参数更新成功:
2025-08-25 03:12:32,217 - DEBUG -      新球心: [0.09525041 0.02299265 0.60367786]
2025-08-25 03:12:32,217 - DEBUG -      新半径: 0.013041
2025-08-25 03:12:32,217 - INFO - -----------------------------------------------------------------------------------
2025-08-25 03:12:32,217 - DEBUG - 🔍 LM收敛性检查:
2025-08-25 03:12:32,217 - DEBUG -    当前迭代次数: 2
2025-08-25 03:12:32,217 - DEBUG -    最大迭代次数: 30
2025-08-25 03:12:32,218 - DEBUG -    参数变化: 0.008648
2025-08-25 03:12:32,218 - DEBUG -    参数容忍度: 5e-06
2025-08-25 03:12:32,218 - DEBUG -    残差变化: 0.000000
2025-08-25 03:12:32,218 - DEBUG -    残差容忍度: 5e-06
2025-08-25 03:12:32,222 - DEBUG - 🔍 迭代 4/30:
2025-08-25 03:12:32,224 - DEBUG - 🔍 计算点到球心距离: 形状=(21,)
2025-08-25 03:12:32,224 - DEBUG - 🔍 生理偏差向量计算:
2025-08-25 03:12:32,224 - DEBUG -    点类型列表: ['pupil_center', 'iris_boundaries', 'iris_boundaries', 'iris_boundaries', 'iris_boundaries', 'eye_contours', 'eye_contours', 'eye_contours', 'eye_contours', 'eye_contours', 'eye_contours', 'eye_contours', 'eye_contours', 'eye_contours', 'eye_contours', 'eye_contours', 'eye_contours', 'eye_contours', 'eye_contours', 'eye_contours', 'eye_contours']
2025-08-25 03:12:32,224 - DEBUG -    偏差向量: [0.0002  0.00085 0.00085 0.00085 0.00085 0.0025  0.0025  0.0025  0.0025
 0.0025  0.0025  0.0025  0.0025  0.0025  0.0025  0.0025  0.0025  0.0025
 0.0025  0.0025  0.0025 ]
2025-08-25 03:12:32,224 - DEBUG -    向量形状: (21,)
2025-08-25 03:12:32,224 - DEBUG -    偏差统计: 均值=0.002076, 标准差=0.000769
2025-08-25 03:12:32,224 - DEBUG - 获取生理偏差: 点类型=['pupil_center', 'iris_boundaries', 'iris_boundaries', 'iris_boundaries', 'iris_boundaries', 'eye_contours', 'eye_contours', 'eye_contours', 'eye_contours', 'eye_contours', 'eye_contours', 'eye_contours', 'eye_contours', 'eye_contours', 'eye_contours', 'eye_contours', 'eye_contours', 'eye_contours', 'eye_contours', 'eye_contours', 'eye_contours'], 偏差值=[0.0002  0.00085 0.00085 0.00085 0.00085 0.0025  0.0025  0.0025  0.0025
 0.0025  0.0025  0.0025  0.0025  0.0025  0.0025  0.0025  0.0025  0.0025
 0.0025  0.0025  0.0025 ]
2025-08-25 03:12:32,224 - INFO - -----------------------------------------------------------------------------------
2025-08-25 03:12:32,227 - DEBUG - 🔍 拟合残差计算详情:
2025-08-25 03:12:32,227 - DEBUG -    球心坐标: [0.09525041 0.02299265 0.60367786]
2025-08-25 03:12:32,229 - DEBUG -    球体半径: 0.013041
2025-08-25 03:12:32,229 - DEBUG -    采样点数: 21
2025-08-25 03:12:32,229 - DEBUG -    点类型分布: {'eye_contours': 16, 'iris_boundaries': 4, 'pupil_center': 1}
2025-08-25 03:12:32,231 - DEBUG -    理论距离向量: [0.01324123 0.01389123 0.01389123 0.01389123 0.01389123 0.01554123
 0.01554123 0.01554123 0.01554123 0.01554123 0.01554123 0.01554123
 0.01554123 0.01554123 0.01554123 0.01554123 0.01554123 0.01554123
 0.01554123 0.01554123 0.01554123]
2025-08-25 03:12:32,231 - DEBUG -    实际距离向量: [0.01194551 0.0156837  0.00438179 0.01566911 0.02074844 0.02780434
 0.02410165 0.01716193 0.00997385 0.00880985 0.01463858 0.01974573
 0.02301796 0.02551444 0.02386564 0.02217027 0.02041359 0.01935031
 0.02034493 0.02320749 0.02627654]
2025-08-25 03:12:32,231 - DEBUG -    生理偏差向量: [0.0002  0.00085 0.00085 0.00085 0.00085 0.0025  0.0025  0.0025  0.0025
 0.0025  0.0025  0.0025  0.0025  0.0025  0.0025  0.0025  0.0025  0.0025
 0.0025  0.0025  0.0025 ]
2025-08-25 03:12:32,231 - DEBUG -    残差向量 f(θ): 
[[-0.00129572]
 [ 0.00179247]
 [-0.00950944]
 [ 0.00177788]
 [ 0.00685721]
 [ 0.01226311]
 [ 0.00856042]
 [ 0.0016207 ]
 [-0.00556738]
 [-0.00673138]
 [-0.00090265]
 [ 0.0042045 ]
 [ 0.00747673]
 [ 0.00997321]
 [ 0.00832441]
 [ 0.00662904]
 [ 0.00487236]
 [ 0.00380908]
 [ 0.0048037 ]
 [ 0.00766626]
 [ 0.01073531]]
2025-08-25 03:12:32,231 - DEBUG -    平均残差范数: 0.001484
2025-08-25 03:12:32,231 - DEBUG -    残差范数=0.031154
2025-08-25 03:12:32,231 - INFO - -----------------------------------------------------------------------------------
2025-08-25 03:12:32,231 - DEBUG - 🔍 深度约束计算详情 (softplus):
2025-08-25 03:12:32,231 - DEBUG -    采样点Z坐标范围: [0.600389, 0.601664]
2025-08-25 03:12:32,231 - DEBUG -    球心Z坐标: 0.603678
2025-08-25 03:12:32,231 - DEBUG -    深度偏移ε: 0.000200
2025-08-25 03:12:32,231 - DEBUG -    softplus参数τ: 0.001000
2025-08-25 03:12:32,231 - DEBUG -    原始违反值: -0.001814
2025-08-25 03:12:32,231 - DEBUG -    softplus输入 u: -1.813729
2025-08-25 03:12:32,231 - DEBUG -    约束惩罚 h(θ): 0.000151
2025-08-25 03:12:32,231 - DEBUG -    🟢 深度约束满足: 球心深度足够
2025-08-25 03:12:32,231 - INFO - -----------------------------------------------------------------------------------
2025-08-25 03:12:32,231 - DEBUG - 🔍 半径惩罚计算详情:
2025-08-25 03:12:32,231 - DEBUG -    当前半径: 0.013041
2025-08-25 03:12:32,231 - DEBUG -    半径先验值: 0.012000
2025-08-25 03:12:32,235 - DEBUG -    半径残差 r(θ): 0.001041
2025-08-25 03:12:32,235 - DEBUG -    数据残差 f(θ): [[-0.00129572]
 [ 0.00179247]
 [-0.00950944]
 [ 0.00177788]
 [ 0.00685721]
 [ 0.01226311]
 [ 0.00856042]
 [ 0.0016207 ]
 [-0.00556738]
 [-0.00673138]
 [-0.00090265]
 [ 0.0042045 ]
 [ 0.00747673]
 [ 0.00997321]
 [ 0.00832441]
 [ 0.00662904]
 [ 0.00487236]
 [ 0.00380908]
 [ 0.0048037 ]
 [ 0.00766626]
 [ 0.01073531]]
2025-08-25 03:12:32,235 - DEBUG -    约束残差 g(θ): [[0.00015104]]
2025-08-25 03:12:32,235 - DEBUG -    半径残差 r(θ): [[0.00104123]]
2025-08-25 03:12:32,235 - DEBUG - 🔍 状态变化计算: 参数变化=0.008648, 残差变化=0.008511
2025-08-25 03:12:32,235 - INFO - -----------------------------------------------------------------------------------
2025-08-25 03:12:32,235 - DEBUG - 🔍 权重管理器状态更新详情:
2025-08-25 03:12:32,235 - DEBUG -    当前迭代: 3
2025-08-25 03:12:32,235 - DEBUG -    参数变化: 0.008648 (阈值: 0.000005)
2025-08-25 03:12:32,235 - DEBUG -    残差变化: 0.008511 (阈值: 0.000005)
2025-08-25 03:12:32,235 - DEBUG -    几何权重因子: 10
2025-08-25 03:12:32,235 - DEBUG - ⏸️ 保持图像置信度权重: 参数变化=8.65e-03, 残差变化=8.51e-03
2025-08-25 03:12:32,235 - DEBUG - 状态已保存: 参数=[0.09525041 0.02299265 0.60367786 0.01304123], 残差范数=0.031154
2025-08-25 03:12:32,235 - DEBUG - 🔍 获取visibility信息: 形状=(21,), 范围=[1.000, 1.000]
2025-08-25 03:12:32,235 - DEBUG - 🔧 设置图像置信度权重: 21个点
2025-08-25 03:12:32,235 - DEBUG - 🔍 开始计算权重矩阵:
2025-08-25 03:12:32,235 - DEBUG -    点类型: ['pupil_center', 'iris_boundaries', 'iris_boundaries', 'iris_boundaries', 'iris_boundaries', 'eye_contours', 'eye_contours', 'eye_contours', 'eye_contours', 'eye_contours', 'eye_contours', 'eye_contours', 'eye_contours', 'eye_contours', 'eye_contours', 'eye_contours', 'eye_contours', 'eye_contours', 'eye_contours', 'eye_contours', 'eye_contours']
2025-08-25 03:12:32,235 - DEBUG -    残差向量: 形状=(21,), 范数=0.031154
2025-08-25 03:12:32,235 - DEBUG -    Visibility: 形状=(21,), 均值=1.000
2025-08-25 03:12:32,235 - DEBUG - 🔍 权重矩阵计算成功: 形状=(21, 21)
2025-08-25 03:12:32,235 - DEBUG - 🔍 几何权重统计:
2025-08-25 03:12:32,235 - DEBUG -    权重向量: [[1.]
 [1.]
 [1.]
 [1.]
 [1.]
 [1.]
 [1.]
 [1.]
 [1.]
 [1.]
 [1.]
 [1.]
 [1.]
 [1.]
 [1.]
 [1.]
 [1.]
 [1.]
 [1.]
 [1.]
 [1.]]
2025-08-25 03:12:32,235 - DEBUG -    权重范围: [1.000000, 1.000000]
2025-08-25 03:12:32,235 - DEBUG -    权重均值: 1.000000
2025-08-25 03:12:32,235 - DEBUG -    权重标准差: 0.000000
2025-08-25 03:12:32,235 - DEBUG -    高权重点(>0.8): 21/21
2025-08-25 03:12:32,235 - DEBUG -    低权重点(<0.2): 0/21
2025-08-25 03:12:32,235 - INFO - -----------------------------------------------------------------------------------
2025-08-25 03:12:32,235 - DEBUG - 🔍 开始求解LM更新方程:
2025-08-25 03:12:32,235 - DEBUG -    数据残差: 形状=(21,), 范数=0.031154
2025-08-25 03:12:32,235 - DEBUG -    约束残差: 形状=(1,), 范数=0.000151
2025-08-25 03:12:32,235 - DEBUG - 🔍 计算数据残差雅可比矩阵 J_f: 形状=(21, 4)
2025-08-25 03:12:32,244 - DEBUG - 🔍 J_f矩阵计算完成: 条件数=1.50e+01
2025-08-25 03:12:32,244 - DEBUG - 🔍 深度约束雅可比计算: u=-1.813729, σ=0.140188, J_h=[[ 0.          0.         -0.14018803  0.        ]]
2025-08-25 03:12:32,244 - DEBUG - 🔍 半径先验雅可比: J_r=[[0. 0. 0. 1.]]
2025-08-25 03:12:32,244 - DEBUG - 🔍 使用几何权重矩阵: 形状=(21, 21)
2025-08-25 03:12:32,244 - DEBUG - 🔍 Hessian矩阵计算:
2025-08-25 03:12:32,244 - DEBUG -    H_data = J_f^T W J_f: 形状=(4, 4), 条件数=2.25e+02
2025-08-25 03:12:32,244 - DEBUG -    H_h = λ_depth J_h^T J_h: 形状=(4, 4), λ_depth=1000.0
2025-08-25 03:12:32,244 - DEBUG -    H_r = λ_radius J_r^T J_r: 形状=(4, 4), λ_radius=20.0
2025-08-25 03:12:32,244 - DEBUG -    H_total: 形状=(4, 4), 条件数=9.24e+00
2025-08-25 03:12:32,244 - DEBUG - 🔍 梯度计算:
2025-08-25 03:12:32,244 - DEBUG -    g_data: 形状=(4,), 范数=0.092259
2025-08-25 03:12:32,244 - DEBUG -    g_h: 形状=(4,), 范数=0.021174
2025-08-25 03:12:32,244 - DEBUG -    g_r: 形状=(4,), 范数=0.020825
2025-08-25 03:12:32,244 - DEBUG -    g_total: 形状=(4,), 范数=0.079435
2025-08-25 03:12:32,244 - DEBUG - 🔍 LM阻尼矩阵: H_lm = H_total + 0.1 * I
2025-08-25 03:12:32,244 - DEBUG -    H_lm条件数: 9.09e+00
2025-08-25 03:12:32,244 - DEBUG - 🔍 线性方程组求解成功:
2025-08-25 03:12:32,244 - DEBUG -    参数更新向量 Δθ: [[ 0.00046179]
 [-0.0043119 ]
 [ 0.00065837]
 [-0.00033134]]
2025-08-25 03:12:32,244 - DEBUG -    更新向量范数: 0.004399
2025-08-25 03:12:32,244 - DEBUG -    各分量更新: Δc_x=0.000462, Δc_y=-0.004312, Δc_z=0.000658, Δr=-0.000331
2025-08-25 03:12:32,244 - DEBUG -    参数更新:
2025-08-25 03:12:32,244 - DEBUG -      旧参数: [[0.09525041]
 [0.02299265]
 [0.60367786]
 [0.01304123]]
2025-08-25 03:12:32,244 - DEBUG -      更新向量: [[ 0.00046179]
 [-0.0043119 ]
 [ 0.00065837]
 [-0.00033134]]
2025-08-25 03:12:32,244 - DEBUG -      新参数: [[0.0957122 ]
 [0.01868075]
 [0.60433623]
 [0.01270989]]
2025-08-25 03:12:32,244 - INFO - -----------------------------------------------------------------------------------
2025-08-25 03:12:32,244 - INFO - 🔍 迭代第3次，球心向左0.461789mm，向上4.311898mm，向后0.658370mm，半径变小0.331336mm
2025-08-25 03:12:32,244 - INFO - 📊 变化前: 中心(0.095, 0.023, 0.604), 半径13.04mm
2025-08-25 03:12:32,244 - INFO - 📊 变化后: 中心(0.096, 0.019, 0.604), 半径12.71mm
2025-08-25 03:12:32,244 - INFO - 📈 变化量: 中心移动4.34mm, 半径变化0.33mm
2025-08-25 03:12:32,244 - INFO - 📍 眼球中心: [0.09525041 0.02299265 0.60367786]
2025-08-25 03:12:32,244 - INFO - 📏 眼球半径: 13.04mm
2025-08-25 03:12:32,244 - INFO - 👁️ 瞳孔中心: [0.09492923 0.03476282 0.60166413]
2025-08-25 03:12:32,244 - INFO - 📐 眼球中心在瞳孔中心的右0.32mm，上11.77mm，后2.01mm
2025-08-25 03:12:32,244 - INFO - 📏 距离: 11.95mm
2025-08-25 03:12:32,244 - INFO - -----------------------------------------------------------------------------------
2025-08-25 03:12:32,244 - INFO - -----------------------------------------------------------------------------------
2025-08-25 03:12:32,244 - DEBUG - 🔍 参数有效性检查:
2025-08-25 03:12:32,244 - DEBUG -    参数向量: [[0.0957122 ]
 [0.01868075]
 [0.60433623]
 [0.01270989]]
2025-08-25 03:12:32,252 - DEBUG -    球心: [0.0957122  0.01868075 0.60433623]
2025-08-25 03:12:32,252 - DEBUG -    半径: 0.012710
2025-08-25 03:12:32,252 - DEBUG - 🔍 函数值计算详情:
2025-08-25 03:12:32,252 - DEBUG -    数据项 F(θ): 0.000485
2025-08-25 03:12:32,252 - DEBUG -    深度约束项: 0.000011
2025-08-25 03:12:32,252 - DEBUG -    半径先验项: 0.000011
2025-08-25 03:12:32,252 - DEBUG -    总函数值 Φ(θ): 0.000508
2025-08-25 03:12:32,252 - DEBUG -    函数值改善: -0.000239
2025-08-25 03:12:32,252 - DEBUG - 🔍 参数有效: False
2025-08-25 03:12:32,252 - DEBUG -    参数无效，阻尼因子调整: λ_LM = 1.00e+00
2025-08-25 03:12:32,252 - DEBUG - 🔍 迭代 5/30:
2025-08-25 03:12:32,252 - DEBUG - 🔍 计算点到球心距离: 形状=(21,)
2025-08-25 03:12:32,252 - DEBUG - 🔍 生理偏差向量计算:
2025-08-25 03:12:32,252 - DEBUG -    点类型列表: ['pupil_center', 'iris_boundaries', 'iris_boundaries', 'iris_boundaries', 'iris_boundaries', 'eye_contours', 'eye_contours', 'eye_contours', 'eye_contours', 'eye_contours', 'eye_contours', 'eye_contours', 'eye_contours', 'eye_contours', 'eye_contours', 'eye_contours', 'eye_contours', 'eye_contours', 'eye_contours', 'eye_contours', 'eye_contours']
2025-08-25 03:12:32,252 - DEBUG -    偏差向量: [0.0002  0.00085 0.00085 0.00085 0.00085 0.0025  0.0025  0.0025  0.0025
 0.0025  0.0025  0.0025  0.0025  0.0025  0.0025  0.0025  0.0025  0.0025
 0.0025  0.0025  0.0025 ]
2025-08-25 03:12:32,252 - DEBUG -    向量形状: (21,)
2025-08-25 03:12:32,252 - DEBUG -    偏差统计: 均值=0.002076, 标准差=0.000769
2025-08-25 03:12:32,252 - DEBUG - 获取生理偏差: 点类型=['pupil_center', 'iris_boundaries', 'iris_boundaries', 'iris_boundaries', 'iris_boundaries', 'eye_contours', 'eye_contours', 'eye_contours', 'eye_contours', 'eye_contours', 'eye_contours', 'eye_contours', 'eye_contours', 'eye_contours', 'eye_contours', 'eye_contours', 'eye_contours', 'eye_contours', 'eye_contours', 'eye_contours', 'eye_contours'], 偏差值=[0.0002  0.00085 0.00085 0.00085 0.00085 0.0025  0.0025  0.0025  0.0025
 0.0025  0.0025  0.0025  0.0025  0.0025  0.0025  0.0025  0.0025  0.0025
 0.0025  0.0025  0.0025 ]
2025-08-25 03:12:32,252 - INFO - -----------------------------------------------------------------------------------
2025-08-25 03:12:32,252 - DEBUG - 🔍 拟合残差计算详情:
2025-08-25 03:12:32,252 - DEBUG -    球心坐标: [0.09525041 0.02299265 0.60367786]
2025-08-25 03:12:32,252 - DEBUG -    球体半径: 0.013041
2025-08-25 03:12:32,252 - DEBUG -    采样点数: 21
2025-08-25 03:12:32,252 - DEBUG -    点类型分布: {'eye_contours': 16, 'iris_boundaries': 4, 'pupil_center': 1}
2025-08-25 03:12:32,252 - DEBUG -    理论距离向量: [0.01324123 0.01389123 0.01389123 0.01389123 0.01389123 0.01554123
 0.01554123 0.01554123 0.01554123 0.01554123 0.01554123 0.01554123
 0.01554123 0.01554123 0.01554123 0.01554123 0.01554123 0.01554123
 0.01554123 0.01554123 0.01554123]
2025-08-25 03:12:32,252 - DEBUG -    实际距离向量: [0.01194551 0.0156837  0.00438179 0.01566911 0.02074844 0.02780434
 0.02410165 0.01716193 0.00997385 0.00880985 0.01463858 0.01974573
 0.02301796 0.02551444 0.02386564 0.02217027 0.02041359 0.01935031
 0.02034493 0.02320749 0.02627654]
2025-08-25 03:12:32,252 - DEBUG -    生理偏差向量: [0.0002  0.00085 0.00085 0.00085 0.00085 0.0025  0.0025  0.0025  0.0025
 0.0025  0.0025  0.0025  0.0025  0.0025  0.0025  0.0025  0.0025  0.0025
 0.0025  0.0025  0.0025 ]
2025-08-25 03:12:32,252 - DEBUG -    残差向量 f(θ): 
[[-0.00129572]
 [ 0.00179247]
 [-0.00950944]
 [ 0.00177788]
 [ 0.00685721]
 [ 0.01226311]
 [ 0.00856042]
 [ 0.0016207 ]
 [-0.00556738]
 [-0.00673138]
 [-0.00090265]
 [ 0.0042045 ]
 [ 0.00747673]
 [ 0.00997321]
 [ 0.00832441]
 [ 0.00662904]
 [ 0.00487236]
 [ 0.00380908]
 [ 0.0048037 ]
 [ 0.00766626]
 [ 0.01073531]]
2025-08-25 03:12:32,252 - DEBUG -    平均残差范数: 0.001484
2025-08-25 03:12:32,252 - DEBUG -    残差范数=0.031154
2025-08-25 03:12:32,260 - INFO - -----------------------------------------------------------------------------------
2025-08-25 03:12:32,260 - DEBUG - 🔍 深度约束计算详情 (softplus):
2025-08-25 03:12:32,260 - DEBUG -    采样点Z坐标范围: [0.600389, 0.601664]
2025-08-25 03:12:32,260 - DEBUG -    球心Z坐标: 0.603678
2025-08-25 03:12:32,260 - DEBUG -    深度偏移ε: 0.000200
2025-08-25 03:12:32,260 - DEBUG -    softplus参数τ: 0.001000
2025-08-25 03:12:32,260 - DEBUG -    原始违反值: -0.001814
2025-08-25 03:12:32,260 - DEBUG -    softplus输入 u: -1.813729
2025-08-25 03:12:32,260 - DEBUG -    约束惩罚 h(θ): 0.000151
2025-08-25 03:12:32,260 - DEBUG -    🟢 深度约束满足: 球心深度足够
2025-08-25 03:12:32,260 - INFO - -----------------------------------------------------------------------------------
2025-08-25 03:12:32,260 - DEBUG - 🔍 半径惩罚计算详情:
2025-08-25 03:12:32,260 - DEBUG -    当前半径: 0.013041
2025-08-25 03:12:32,260 - DEBUG -    半径先验值: 0.012000
2025-08-25 03:12:32,260 - DEBUG -    半径残差 r(θ): 0.001041
2025-08-25 03:12:32,260 - DEBUG -    数据残差 f(θ): [[-0.00129572]
 [ 0.00179247]
 [-0.00950944]
 [ 0.00177788]
 [ 0.00685721]
 [ 0.01226311]
 [ 0.00856042]
 [ 0.0016207 ]
 [-0.00556738]
 [-0.00673138]
 [-0.00090265]
 [ 0.0042045 ]
 [ 0.00747673]
 [ 0.00997321]
 [ 0.00832441]
 [ 0.00662904]
 [ 0.00487236]
 [ 0.00380908]
 [ 0.0048037 ]
 [ 0.00766626]
 [ 0.01073531]]
2025-08-25 03:12:32,260 - DEBUG -    约束残差 g(θ): [[0.00015104]]
2025-08-25 03:12:32,260 - DEBUG -    半径残差 r(θ): [[0.00104123]]
2025-08-25 03:12:32,260 - DEBUG - 🔍 状态变化计算: 参数变化=0.000000, 残差变化=0.000000
2025-08-25 03:12:32,260 - INFO - -----------------------------------------------------------------------------------
2025-08-25 03:12:32,260 - DEBUG - 🔍 权重管理器状态更新详情:
2025-08-25 03:12:32,260 - DEBUG -    当前迭代: 4
2025-08-25 03:12:32,260 - DEBUG -    参数变化: 0.000000 (阈值: 0.000005)
2025-08-25 03:12:32,260 - DEBUG -    残差变化: 0.000000 (阈值: 0.000005)
2025-08-25 03:12:32,260 - DEBUG -    几何权重因子: 10
2025-08-25 03:12:32,260 - DEBUG - ⏸️ 保持图像置信度权重: 参数变化=0.00e+00, 残差变化=0.00e+00
2025-08-25 03:12:32,260 - DEBUG - 状态已保存: 参数=[0.09525041 0.02299265 0.60367786 0.01304123], 残差范数=0.031154
2025-08-25 03:12:32,260 - DEBUG - 🔍 获取visibility信息: 形状=(21,), 范围=[1.000, 1.000]
2025-08-25 03:12:32,260 - DEBUG - 🔧 设置图像置信度权重: 21个点
2025-08-25 03:12:32,260 - DEBUG - 🔍 开始计算权重矩阵:
2025-08-25 03:12:32,260 - DEBUG -    点类型: ['pupil_center', 'iris_boundaries', 'iris_boundaries', 'iris_boundaries', 'iris_boundaries', 'eye_contours', 'eye_contours', 'eye_contours', 'eye_contours', 'eye_contours', 'eye_contours', 'eye_contours', 'eye_contours', 'eye_contours', 'eye_contours', 'eye_contours', 'eye_contours', 'eye_contours', 'eye_contours', 'eye_contours', 'eye_contours']
2025-08-25 03:12:32,260 - DEBUG -    残差向量: 形状=(21,), 范数=0.031154
2025-08-25 03:12:32,260 - DEBUG -    Visibility: 形状=(21,), 均值=1.000
2025-08-25 03:12:32,260 - DEBUG - 🔍 权重矩阵计算成功: 形状=(21, 21)
2025-08-25 03:12:32,260 - DEBUG - 🔍 几何权重统计:
2025-08-25 03:12:32,260 - DEBUG -    权重向量: [[1.]
 [1.]
 [1.]
 [1.]
 [1.]
 [1.]
 [1.]
 [1.]
 [1.]
 [1.]
 [1.]
 [1.]
 [1.]
 [1.]
 [1.]
 [1.]
 [1.]
 [1.]
 [1.]
 [1.]
 [1.]]
2025-08-25 03:12:32,260 - DEBUG -    权重范围: [1.000000, 1.000000]
2025-08-25 03:12:32,260 - DEBUG -    权重均值: 1.000000
2025-08-25 03:12:32,260 - DEBUG -    权重标准差: 0.000000
2025-08-25 03:12:32,260 - DEBUG -    高权重点(>0.8): 21/21
2025-08-25 03:12:32,260 - DEBUG -    低权重点(<0.2): 0/21
2025-08-25 03:12:32,260 - INFO - -----------------------------------------------------------------------------------
2025-08-25 03:12:32,268 - DEBUG - 🔍 开始求解LM更新方程:
2025-08-25 03:12:32,268 - DEBUG -    数据残差: 形状=(21,), 范数=0.031154
2025-08-25 03:12:32,268 - DEBUG -    约束残差: 形状=(1,), 范数=0.000151
2025-08-25 03:12:32,268 - DEBUG - 🔍 计算数据残差雅可比矩阵 J_f: 形状=(21, 4)
2025-08-25 03:12:32,268 - DEBUG - 🔍 J_f矩阵计算完成: 条件数=1.50e+01
2025-08-25 03:12:32,268 - DEBUG - 🔍 深度约束雅可比计算: u=-1.813729, σ=0.140188, J_h=[[ 0.          0.         -0.14018803  0.        ]]
2025-08-25 03:12:32,268 - DEBUG - 🔍 半径先验雅可比: J_r=[[0. 0. 0. 1.]]
2025-08-25 03:12:32,268 - DEBUG - 🔍 使用几何权重矩阵: 形状=(21, 21)
2025-08-25 03:12:32,268 - DEBUG - 🔍 Hessian矩阵计算:
2025-08-25 03:12:32,268 - DEBUG -    H_data = J_f^T W J_f: 形状=(4, 4), 条件数=2.25e+02
2025-08-25 03:12:32,268 - DEBUG -    H_h = λ_depth J_h^T J_h: 形状=(4, 4), λ_depth=1000.0
2025-08-25 03:12:32,268 - DEBUG -    H_r = λ_radius J_r^T J_r: 形状=(4, 4), λ_radius=20.0
2025-08-25 03:12:32,268 - DEBUG -    H_total: 形状=(4, 4), 条件数=9.24e+00
2025-08-25 03:12:32,268 - DEBUG - 🔍 梯度计算:
2025-08-25 03:12:32,268 - DEBUG -    g_data: 形状=(4,), 范数=0.092259
2025-08-25 03:12:32,268 - DEBUG -    g_h: 形状=(4,), 范数=0.021174
2025-08-25 03:12:32,268 - DEBUG -    g_r: 形状=(4,), 范数=0.020825
2025-08-25 03:12:32,268 - DEBUG -    g_total: 形状=(4,), 范数=0.079435
2025-08-25 03:12:32,268 - DEBUG - 🔍 LM阻尼矩阵: H_lm = H_total + 1.0 * I
2025-08-25 03:12:32,268 - DEBUG -    H_lm条件数: 7.93e+00
2025-08-25 03:12:32,268 - DEBUG - 🔍 线性方程组求解成功:
2025-08-25 03:12:32,268 - DEBUG -    参数更新向量 Δθ: [[ 0.00041053]
 [-0.00377075]
 [ 0.00066638]
 [-0.00012233]]
2025-08-25 03:12:32,273 - DEBUG -    更新向量范数: 0.003853
2025-08-25 03:12:32,273 - DEBUG -    各分量更新: Δc_x=0.000411, Δc_y=-0.003771, Δc_z=0.000666, Δr=-0.000122
2025-08-25 03:12:32,273 - DEBUG -    参数更新:
2025-08-25 03:12:32,273 - DEBUG -      旧参数: [[0.09525041]
 [0.02299265]
 [0.60367786]
 [0.01304123]]
2025-08-25 03:12:32,273 - DEBUG -      更新向量: [[ 0.00041053]
 [-0.00377075]
 [ 0.00066638]
 [-0.00012233]]
2025-08-25 03:12:32,273 - DEBUG -      新参数: [[0.09566094]
 [0.0192219 ]
 [0.60434424]
 [0.0129189 ]]
2025-08-25 03:12:32,276 - INFO - -----------------------------------------------------------------------------------
2025-08-25 03:12:32,276 - INFO - 🔍 迭代第4次，球心向左0.410525mm，向上3.770751mm，向后0.666384mm，半径变小0.122332mm
2025-08-25 03:12:32,276 - INFO - 📊 变化前: 中心(0.095, 0.023, 0.604), 半径13.04mm
2025-08-25 03:12:32,276 - INFO - 📊 变化后: 中心(0.096, 0.019, 0.604), 半径12.92mm
2025-08-25 03:12:32,276 - INFO - 📈 变化量: 中心移动3.79mm, 半径变化0.12mm
2025-08-25 03:12:32,276 - INFO - 📍 眼球中心: [0.09525041 0.02299265 0.60367786]
2025-08-25 03:12:32,276 - INFO - 📏 眼球半径: 13.04mm
2025-08-25 03:12:32,276 - INFO - 👁️ 瞳孔中心: [0.09492923 0.03476282 0.60166413]
2025-08-25 03:12:32,276 - INFO - 📐 眼球中心在瞳孔中心的右0.32mm，上11.77mm，后2.01mm
2025-08-25 03:12:32,276 - INFO - 📏 距离: 11.95mm
2025-08-25 03:12:32,276 - INFO - -----------------------------------------------------------------------------------
2025-08-25 03:12:32,276 - INFO - -----------------------------------------------------------------------------------
2025-08-25 03:12:32,276 - DEBUG - 🔍 参数有效性检查:
2025-08-25 03:12:32,276 - DEBUG -    参数向量: [[0.09566094]
 [0.0192219 ]
 [0.60434424]
 [0.0129189 ]]
2025-08-25 03:12:32,276 - DEBUG -    球心: [0.09566094 0.0192219  0.60434424]
2025-08-25 03:12:32,276 - DEBUG -    半径: 0.012919
2025-08-25 03:12:32,276 - DEBUG - 🔍 函数值计算详情:
2025-08-25 03:12:32,276 - DEBUG -    数据项 F(θ): 0.000485
2025-08-25 03:12:32,276 - DEBUG -    深度约束项: 0.000011
2025-08-25 03:12:32,276 - DEBUG -    半径先验项: 0.000011
2025-08-25 03:12:32,276 - DEBUG -    总函数值 Φ(θ): 0.000508
2025-08-25 03:12:32,276 - DEBUG -    函数值改善: 0.000000
2025-08-25 03:12:32,276 - DEBUG - 🔍 参数有效: True
2025-08-25 03:12:32,276 - DEBUG -    参数更新成功:
2025-08-25 03:12:32,276 - DEBUG -      新球心: [0.09566094 0.0192219  0.60434424]
2025-08-25 03:12:32,276 - DEBUG -      新半径: 0.012919
2025-08-25 03:12:32,276 - INFO - -----------------------------------------------------------------------------------
2025-08-25 03:12:32,276 - DEBUG - 🔍 LM收敛性检查:
2025-08-25 03:12:32,276 - DEBUG -    当前迭代次数: 4
2025-08-25 03:12:32,276 - DEBUG -    最大迭代次数: 30
2025-08-25 03:12:32,276 - DEBUG -    参数变化: 0.003853
2025-08-25 03:12:32,276 - DEBUG -    参数容忍度: 5e-06
2025-08-25 03:12:32,276 - DEBUG -    残差变化: 0.000000
2025-08-25 03:12:32,276 - DEBUG -    残差容忍度: 5e-06
2025-08-25 03:12:32,276 - DEBUG - 🔍 迭代 6/30:
2025-08-25 03:12:32,276 - DEBUG - 🔍 计算点到球心距离: 形状=(21,)
2025-08-25 03:12:32,276 - DEBUG - 🔍 生理偏差向量计算:
2025-08-25 03:12:32,276 - DEBUG -    点类型列表: ['pupil_center', 'iris_boundaries', 'iris_boundaries', 'iris_boundaries', 'iris_boundaries', 'eye_contours', 'eye_contours', 'eye_contours', 'eye_contours', 'eye_contours', 'eye_contours', 'eye_contours', 'eye_contours', 'eye_contours', 'eye_contours', 'eye_contours', 'eye_contours', 'eye_contours', 'eye_contours', 'eye_contours', 'eye_contours']
2025-08-25 03:12:32,276 - DEBUG -    偏差向量: [0.0002  0.00085 0.00085 0.00085 0.00085 0.0025  0.0025  0.0025  0.0025
 0.0025  0.0025  0.0025  0.0025  0.0025  0.0025  0.0025  0.0025  0.0025
 0.0025  0.0025  0.0025 ]
2025-08-25 03:12:32,276 - DEBUG -    向量形状: (21,)
2025-08-25 03:12:32,283 - DEBUG -    偏差统计: 均值=0.002076, 标准差=0.000769
2025-08-25 03:12:32,283 - DEBUG - 获取生理偏差: 点类型=['pupil_center', 'iris_boundaries', 'iris_boundaries', 'iris_boundaries', 'iris_boundaries', 'eye_contours', 'eye_contours', 'eye_contours', 'eye_contours', 'eye_contours', 'eye_contours', 'eye_contours', 'eye_contours', 'eye_contours', 'eye_contours', 'eye_contours', 'eye_contours', 'eye_contours', 'eye_contours', 'eye_contours', 'eye_contours'], 偏差值=[0.0002  0.00085 0.00085 0.00085 0.00085 0.0025  0.0025  0.0025  0.0025
 0.0025  0.0025  0.0025  0.0025  0.0025  0.0025  0.0025  0.0025  0.0025
 0.0025  0.0025  0.0025 ]
2025-08-25 03:12:32,283 - INFO - -----------------------------------------------------------------------------------
2025-08-25 03:12:32,283 - DEBUG - 🔍 拟合残差计算详情:
2025-08-25 03:12:32,284 - DEBUG -    球心坐标: [0.09566094 0.0192219  0.60434424]
2025-08-25 03:12:32,284 - DEBUG -    球体半径: 0.012919
2025-08-25 03:12:32,284 - DEBUG -    采样点数: 21
2025-08-25 03:12:32,284 - DEBUG -    点类型分布: {'eye_contours': 16, 'iris_boundaries': 4, 'pupil_center': 1}
2025-08-25 03:12:32,284 - DEBUG -    理论距离向量: [0.0131189 0.0137689 0.0137689 0.0137689 0.0137689 0.0154189 0.0154189
 0.0154189 0.0154189 0.0154189 0.0154189 0.0154189 0.0154189 0.0154189
 0.0154189 0.0154189 0.0154189 0.0154189 0.0154189 0.0154189 0.0154189]
2025-08-25 03:12:32,284 - DEBUG -    实际距离向量: [0.01578729 0.01872025 0.00812069 0.01902876 0.0245781  0.03053047
 0.02681173 0.02000678 0.01350302 0.01233036 0.01711687 0.02191166
 0.0250864  0.02750976 0.02636688 0.02510518 0.02384082 0.02318205
 0.02406681 0.02646952 0.02919307]
2025-08-25 03:12:32,284 - DEBUG -    生理偏差向量: [0.0002  0.00085 0.00085 0.00085 0.00085 0.0025  0.0025  0.0025  0.0025
 0.0025  0.0025  0.0025  0.0025  0.0025  0.0025  0.0025  0.0025  0.0025
 0.0025  0.0025  0.0025 ]
2025-08-25 03:12:32,284 - DEBUG -    残差向量 f(θ): 
[[ 0.00266839]
 [ 0.00495136]
 [-0.0056482 ]
 [ 0.00525986]
 [ 0.0108092 ]
 [ 0.01511157]
 [ 0.01139283]
 [ 0.00458788]
 [-0.00191588]
 [-0.00308853]
 [ 0.00169798]
 [ 0.00649276]
 [ 0.0096675 ]
 [ 0.01209086]
 [ 0.01094798]
 [ 0.00968628]
 [ 0.00842192]
 [ 0.00776315]
 [ 0.00864792]
 [ 0.01105062]
 [ 0.01377418]]
2025-08-25 03:12:32,284 - DEBUG -    平均残差范数: 0.001915
2025-08-25 03:12:32,284 - DEBUG -    残差范数=0.040208
2025-08-25 03:12:32,284 - INFO - -----------------------------------------------------------------------------------
2025-08-25 03:12:32,284 - DEBUG - 🔍 深度约束计算详情 (softplus):
2025-08-25 03:12:32,284 - DEBUG -    采样点Z坐标范围: [0.600389, 0.601664]
2025-08-25 03:12:32,284 - DEBUG -    球心Z坐标: 0.604344
2025-08-25 03:12:32,284 - DEBUG -    深度偏移ε: 0.000200
2025-08-25 03:12:32,284 - DEBUG -    softplus参数τ: 0.001000
2025-08-25 03:12:32,284 - DEBUG -    原始违反值: -0.002480
2025-08-25 03:12:32,284 - DEBUG -    softplus输入 u: -2.480114
2025-08-25 03:12:32,284 - DEBUG -    约束惩罚 h(θ): 0.000080
2025-08-25 03:12:32,284 - DEBUG -    🟢 深度约束满足: 球心深度足够
2025-08-25 03:12:32,284 - INFO - -----------------------------------------------------------------------------------
2025-08-25 03:12:32,289 - DEBUG - 🔍 半径惩罚计算详情:
2025-08-25 03:12:32,290 - DEBUG -    当前半径: 0.012919
2025-08-25 03:12:32,292 - DEBUG -    半径先验值: 0.012000
2025-08-25 03:12:32,292 - DEBUG -    半径残差 r(θ): 0.000919
2025-08-25 03:12:32,292 - DEBUG -    数据残差 f(θ): [[ 0.00266839]
 [ 0.00495136]
 [-0.0056482 ]
 [ 0.00525986]
 [ 0.0108092 ]
 [ 0.01511157]
 [ 0.01139283]
 [ 0.00458788]
 [-0.00191588]
 [-0.00308853]
 [ 0.00169798]
 [ 0.00649276]
 [ 0.0096675 ]
 [ 0.01209086]
 [ 0.01094798]
 [ 0.00968628]
 [ 0.00842192]
 [ 0.00776315]
 [ 0.00864792]
 [ 0.01105062]
 [ 0.01377418]]
2025-08-25 03:12:32,292 - DEBUG -    约束残差 g(θ): [[8.0412222e-05]]
2025-08-25 03:12:32,292 - DEBUG -    半径残差 r(θ): [[0.0009189]]
2025-08-25 03:12:32,292 - DEBUG - 🔍 状态变化计算: 参数变化=0.003853, 残差变化=0.009054
2025-08-25 03:12:32,292 - INFO - -----------------------------------------------------------------------------------
2025-08-25 03:12:32,292 - DEBUG - 🔍 权重管理器状态更新详情:
2025-08-25 03:12:32,292 - DEBUG -    当前迭代: 5
2025-08-25 03:12:32,292 - DEBUG -    参数变化: 0.003853 (阈值: 0.000005)
2025-08-25 03:12:32,292 - DEBUG -    残差变化: 0.009054 (阈值: 0.000005)
2025-08-25 03:12:32,292 - DEBUG -    几何权重因子: 10
2025-08-25 03:12:32,292 - DEBUG - ⏸️ 保持图像置信度权重: 参数变化=3.85e-03, 残差变化=9.05e-03
2025-08-25 03:12:32,292 - DEBUG - 状态已保存: 参数=[0.09566094 0.0192219  0.60434424 0.0129189 ], 残差范数=0.040208
2025-08-25 03:12:32,292 - DEBUG - 🔍 获取visibility信息: 形状=(21,), 范围=[1.000, 1.000]
2025-08-25 03:12:32,292 - DEBUG - 🔧 设置图像置信度权重: 21个点
2025-08-25 03:12:32,292 - DEBUG - 🔍 开始计算权重矩阵:
2025-08-25 03:12:32,292 - DEBUG -    点类型: ['pupil_center', 'iris_boundaries', 'iris_boundaries', 'iris_boundaries', 'iris_boundaries', 'eye_contours', 'eye_contours', 'eye_contours', 'eye_contours', 'eye_contours', 'eye_contours', 'eye_contours', 'eye_contours', 'eye_contours', 'eye_contours', 'eye_contours', 'eye_contours', 'eye_contours', 'eye_contours', 'eye_contours', 'eye_contours']
2025-08-25 03:12:32,292 - DEBUG -    残差向量: 形状=(21,), 范数=0.040208
2025-08-25 03:12:32,292 - DEBUG -    Visibility: 形状=(21,), 均值=1.000
2025-08-25 03:12:32,292 - DEBUG - 🔍 权重矩阵计算成功: 形状=(21, 21)
2025-08-25 03:12:32,292 - DEBUG - 🔍 几何权重统计:
2025-08-25 03:12:32,292 - DEBUG -    权重向量: [[1.]
 [1.]
 [1.]
 [1.]
 [1.]
 [1.]
 [1.]
 [1.]
 [1.]
 [1.]
 [1.]
 [1.]
 [1.]
 [1.]
 [1.]
 [1.]
 [1.]
 [1.]
 [1.]
 [1.]
 [1.]]
2025-08-25 03:12:32,292 - DEBUG -    权重范围: [1.000000, 1.000000]
2025-08-25 03:12:32,292 - DEBUG -    权重均值: 1.000000
2025-08-25 03:12:32,292 - DEBUG -    权重标准差: 0.000000
2025-08-25 03:12:32,292 - DEBUG -    高权重点(>0.8): 21/21
2025-08-25 03:12:32,292 - DEBUG -    低权重点(<0.2): 0/21
2025-08-25 03:12:32,292 - INFO - -----------------------------------------------------------------------------------
2025-08-25 03:12:32,292 - DEBUG - 🔍 开始求解LM更新方程:
2025-08-25 03:12:32,292 - DEBUG -    数据残差: 形状=(21,), 范数=0.040208
2025-08-25 03:12:32,292 - DEBUG -    约束残差: 形状=(1,), 范数=0.000080
2025-08-25 03:12:32,292 - DEBUG - 🔍 计算数据残差雅可比矩阵 J_f: 形状=(21, 4)
2025-08-25 03:12:32,292 - DEBUG - 🔍 J_f矩阵计算完成: 条件数=2.40e+01
2025-08-25 03:12:32,300 - DEBUG - 🔍 深度约束雅可比计算: u=-2.480114, σ=0.077264, J_h=[[ 0.         0.        -0.0772641  0.       ]]
2025-08-25 03:12:32,300 - DEBUG - 🔍 半径先验雅可比: J_r=[[0. 0. 0. 1.]]
2025-08-25 03:12:32,300 - DEBUG - 🔍 使用几何权重矩阵: 形状=(21, 21)
2025-08-25 03:12:32,300 - DEBUG - 🔍 Hessian矩阵计算:
2025-08-25 03:12:32,300 - DEBUG -    H_data = J_f^T W J_f: 形状=(4, 4), 条件数=5.78e+02
2025-08-25 03:12:32,300 - DEBUG -    H_h = λ_depth J_h^T J_h: 形状=(4, 4), λ_depth=1000.0
2025-08-25 03:12:32,300 - DEBUG -    H_r = λ_radius J_r^T J_r: 形状=(4, 4), λ_radius=20.0
2025-08-25 03:12:32,300 - DEBUG -    H_total: 形状=(4, 4), 条件数=1.01e+01
2025-08-25 03:12:32,300 - DEBUG - 🔍 梯度计算:
2025-08-25 03:12:32,300 - DEBUG -    g_data: 形状=(4,), 范数=0.183118
2025-08-25 03:12:32,300 - DEBUG -    g_h: 形状=(4,), 范数=0.006213
2025-08-25 03:12:32,300 - DEBUG -    g_r: 形状=(4,), 范数=0.018378
2025-08-25 03:12:32,300 - DEBUG -    g_total: 形状=(4,), 范数=0.169781
2025-08-25 03:12:32,300 - DEBUG - 🔍 LM阻尼矩阵: H_lm = H_total + 1.0 * I
2025-08-25 03:12:32,300 - DEBUG -    H_lm条件数: 8.57e+00
2025-08-25 03:12:32,300 - DEBUG - 🔍 线性方程组求解成功:
2025-08-25 03:12:32,300 - DEBUG -    参数更新向量 Δθ: [[ 8.58972187e-04]
 [-7.17523485e-03]
 [ 3.45743423e-04]
 [ 5.14453180e-05]]
2025-08-25 03:12:32,300 - DEBUG -    更新向量范数: 0.007235
2025-08-25 03:12:32,300 - DEBUG -    各分量更新: Δc_x=0.000859, Δc_y=-0.007175, Δc_z=0.000346, Δr=0.000051
2025-08-25 03:12:32,300 - DEBUG -    参数更新:
2025-08-25 03:12:32,300 - DEBUG -      旧参数: [[0.09566094]
 [0.0192219 ]
 [0.60434424]
 [0.0129189 ]]
2025-08-25 03:12:32,300 - DEBUG -      更新向量: [[ 8.58972187e-04]
 [-7.17523485e-03]
 [ 3.45743423e-04]
 [ 5.14453180e-05]]
2025-08-25 03:12:32,300 - DEBUG -      新参数: [[0.09651991]
 [0.01204666]
 [0.60468998]
 [0.01297034]]
2025-08-25 03:12:32,300 - INFO - -----------------------------------------------------------------------------------
2025-08-25 03:12:32,300 - INFO - 🔍 迭代第5次，球心向左0.858972mm，向上7.175235mm，向后0.345743mm，半径变大0.051445mm
2025-08-25 03:12:32,300 - INFO - 📊 变化前: 中心(0.096, 0.019, 0.604), 半径12.92mm
2025-08-25 03:12:32,300 - INFO - 📊 变化后: 中心(0.097, 0.012, 0.605), 半径12.97mm
2025-08-25 03:12:32,300 - INFO - 📈 变化量: 中心移动7.23mm, 半径变化0.05mm
2025-08-25 03:12:32,300 - INFO - 📍 眼球中心: [0.09566094 0.0192219  0.60434424]
2025-08-25 03:12:32,300 - INFO - 📏 眼球半径: 12.92mm
2025-08-25 03:12:32,300 - INFO - 👁️ 瞳孔中心: [0.09492923 0.03476282 0.60166413]
2025-08-25 03:12:32,308 - INFO - 📐 眼球中心在瞳孔中心的右0.73mm，上15.54mm，后2.68mm
2025-08-25 03:12:32,308 - INFO - 📏 距离: 15.79mm
2025-08-25 03:12:32,308 - INFO - -----------------------------------------------------------------------------------
2025-08-25 03:12:32,308 - INFO - -----------------------------------------------------------------------------------
2025-08-25 03:12:32,308 - DEBUG - 🔍 参数有效性检查:
2025-08-25 03:12:32,308 - DEBUG -    参数向量: [[0.09651991]
 [0.01204666]
 [0.60468998]
 [0.01297034]]
2025-08-25 03:12:32,308 - DEBUG -    球心: [0.09651991 0.01204666 0.60468998]
2025-08-25 03:12:32,308 - DEBUG -    半径: 0.012970
2025-08-25 03:12:32,308 - DEBUG - 🔍 函数值计算详情:
2025-08-25 03:12:32,308 - DEBUG -    数据项 F(θ): 0.000808
2025-08-25 03:12:32,308 - DEBUG -    深度约束项: 0.000003
2025-08-25 03:12:32,308 - DEBUG -    半径先验项: 0.000008
2025-08-25 03:12:32,308 - DEBUG -    总函数值 Φ(θ): 0.000820
2025-08-25 03:12:32,308 - DEBUG -    函数值改善: -0.000312
2025-08-25 03:12:32,308 - DEBUG - 🔍 参数有效: False
2025-08-25 03:12:32,308 - DEBUG -    参数无效，阻尼因子调整: λ_LM = 1.00e+01
2025-08-25 03:12:32,308 - DEBUG - 🔍 迭代 7/30:
2025-08-25 03:12:32,308 - DEBUG - 🔍 计算点到球心距离: 形状=(21,)
2025-08-25 03:12:32,308 - DEBUG - 🔍 生理偏差向量计算:
2025-08-25 03:12:32,308 - DEBUG -    点类型列表: ['pupil_center', 'iris_boundaries', 'iris_boundaries', 'iris_boundaries', 'iris_boundaries', 'eye_contours', 'eye_contours', 'eye_contours', 'eye_contours', 'eye_contours', 'eye_contours', 'eye_contours', 'eye_contours', 'eye_contours', 'eye_contours', 'eye_contours', 'eye_contours', 'eye_contours', 'eye_contours', 'eye_contours', 'eye_contours']
2025-08-25 03:12:32,308 - DEBUG -    偏差向量: [0.0002  0.00085 0.00085 0.00085 0.00085 0.0025  0.0025  0.0025  0.0025
 0.0025  0.0025  0.0025  0.0025  0.0025  0.0025  0.0025  0.0025  0.0025
 0.0025  0.0025  0.0025 ]
2025-08-25 03:12:32,308 - DEBUG -    向量形状: (21,)
2025-08-25 03:12:32,308 - DEBUG -    偏差统计: 均值=0.002076, 标准差=0.000769
2025-08-25 03:12:32,308 - DEBUG - 获取生理偏差: 点类型=['pupil_center', 'iris_boundaries', 'iris_boundaries', 'iris_boundaries', 'iris_boundaries', 'eye_contours', 'eye_contours', 'eye_contours', 'eye_contours', 'eye_contours', 'eye_contours', 'eye_contours', 'eye_contours', 'eye_contours', 'eye_contours', 'eye_contours', 'eye_contours', 'eye_contours', 'eye_contours', 'eye_contours', 'eye_contours'], 偏差值=[0.0002  0.00085 0.00085 0.00085 0.00085 0.0025  0.0025  0.0025  0.0025
 0.0025  0.0025  0.0025  0.0025  0.0025  0.0025  0.0025  0.0025  0.0025
 0.0025  0.0025  0.0025 ]
2025-08-25 03:12:32,308 - INFO - -----------------------------------------------------------------------------------
2025-08-25 03:12:32,308 - DEBUG - 🔍 拟合残差计算详情:
2025-08-25 03:12:32,308 - DEBUG -    球心坐标: [0.09566094 0.0192219  0.60434424]
2025-08-25 03:12:32,308 - DEBUG -    球体半径: 0.012919
2025-08-25 03:12:32,308 - DEBUG -    采样点数: 21
2025-08-25 03:12:32,308 - DEBUG -    点类型分布: {'eye_contours': 16, 'iris_boundaries': 4, 'pupil_center': 1}
2025-08-25 03:12:32,308 - DEBUG -    理论距离向量: [0.0131189 0.0137689 0.0137689 0.0137689 0.0137689 0.0154189 0.0154189
 0.0154189 0.0154189 0.0154189 0.0154189 0.0154189 0.0154189 0.0154189
 0.0154189 0.0154189 0.0154189 0.0154189 0.0154189 0.0154189 0.0154189]
2025-08-25 03:12:32,316 - DEBUG -    实际距离向量: [0.01578729 0.01872025 0.00812069 0.01902876 0.0245781  0.03053047
 0.02681173 0.02000678 0.01350302 0.01233036 0.01711687 0.02191166
 0.0250864  0.02750976 0.02636688 0.02510518 0.02384082 0.02318205
 0.02406681 0.02646952 0.02919307]
2025-08-25 03:12:32,316 - DEBUG -    生理偏差向量: [0.0002  0.00085 0.00085 0.00085 0.00085 0.0025  0.0025  0.0025  0.0025
 0.0025  0.0025  0.0025  0.0025  0.0025  0.0025  0.0025  0.0025  0.0025
 0.0025  0.0025  0.0025 ]
2025-08-25 03:12:32,316 - DEBUG -    残差向量 f(θ): 
[[ 0.00266839]
 [ 0.00495136]
 [-0.0056482 ]
 [ 0.00525986]
 [ 0.0108092 ]
 [ 0.01511157]
 [ 0.01139283]
 [ 0.00458788]
 [-0.00191588]
 [-0.00308853]
 [ 0.00169798]
 [ 0.00649276]
 [ 0.0096675 ]
 [ 0.01209086]
 [ 0.01094798]
 [ 0.00968628]
 [ 0.00842192]
 [ 0.00776315]
 [ 0.00864792]
 [ 0.01105062]
 [ 0.01377418]]
2025-08-25 03:12:32,316 - DEBUG -    平均残差范数: 0.001915
2025-08-25 03:12:32,316 - DEBUG -    残差范数=0.040208
2025-08-25 03:12:32,316 - INFO - -----------------------------------------------------------------------------------
2025-08-25 03:12:32,316 - DEBUG - 🔍 深度约束计算详情 (softplus):
2025-08-25 03:12:32,316 - DEBUG -    采样点Z坐标范围: [0.600389, 0.601664]
2025-08-25 03:12:32,316 - DEBUG -    球心Z坐标: 0.604344
2025-08-25 03:12:32,316 - DEBUG -    深度偏移ε: 0.000200
2025-08-25 03:12:32,316 - DEBUG -    softplus参数τ: 0.001000
2025-08-25 03:12:32,316 - DEBUG -    原始违反值: -0.002480
2025-08-25 03:12:32,316 - DEBUG -    softplus输入 u: -2.480114
2025-08-25 03:12:32,316 - DEBUG -    约束惩罚 h(θ): 0.000080
2025-08-25 03:12:32,316 - DEBUG -    🟢 深度约束满足: 球心深度足够
2025-08-25 03:12:32,316 - INFO - -----------------------------------------------------------------------------------
2025-08-25 03:12:32,316 - DEBUG - 🔍 半径惩罚计算详情:
2025-08-25 03:12:32,316 - DEBUG -    当前半径: 0.012919
2025-08-25 03:12:32,316 - DEBUG -    半径先验值: 0.012000
2025-08-25 03:12:32,316 - DEBUG -    半径残差 r(θ): 0.000919
2025-08-25 03:12:32,316 - DEBUG -    数据残差 f(θ): [[ 0.00266839]
 [ 0.00495136]
 [-0.0056482 ]
 [ 0.00525986]
 [ 0.0108092 ]
 [ 0.01511157]
 [ 0.01139283]
 [ 0.00458788]
 [-0.00191588]
 [-0.00308853]
 [ 0.00169798]
 [ 0.00649276]
 [ 0.0096675 ]
 [ 0.01209086]
 [ 0.01094798]
 [ 0.00968628]
 [ 0.00842192]
 [ 0.00776315]
 [ 0.00864792]
 [ 0.01105062]
 [ 0.01377418]]
2025-08-25 03:12:32,316 - DEBUG -    约束残差 g(θ): [[8.0412222e-05]]
2025-08-25 03:12:32,316 - DEBUG -    半径残差 r(θ): [[0.0009189]]
2025-08-25 03:12:32,316 - DEBUG - 🔍 状态变化计算: 参数变化=0.000000, 残差变化=0.000000
2025-08-25 03:12:32,316 - INFO - -----------------------------------------------------------------------------------
2025-08-25 03:12:32,316 - DEBUG - 🔍 权重管理器状态更新详情:
2025-08-25 03:12:32,316 - DEBUG -    当前迭代: 6
2025-08-25 03:12:32,316 - DEBUG -    参数变化: 0.000000 (阈值: 0.000005)
2025-08-25 03:12:32,316 - DEBUG -    残差变化: 0.000000 (阈值: 0.000005)
2025-08-25 03:12:32,316 - DEBUG -    几何权重因子: 10
2025-08-25 03:12:32,316 - DEBUG - ⏸️ 保持图像置信度权重: 参数变化=0.00e+00, 残差变化=0.00e+00
2025-08-25 03:12:32,324 - DEBUG - 状态已保存: 参数=[0.09566094 0.0192219  0.60434424 0.0129189 ], 残差范数=0.040208
2025-08-25 03:12:32,324 - DEBUG - 🔍 获取visibility信息: 形状=(21,), 范围=[1.000, 1.000]
2025-08-25 03:12:32,324 - DEBUG - 🔧 设置图像置信度权重: 21个点
2025-08-25 03:12:32,324 - DEBUG - 🔍 开始计算权重矩阵:
2025-08-25 03:12:32,324 - DEBUG -    点类型: ['pupil_center', 'iris_boundaries', 'iris_boundaries', 'iris_boundaries', 'iris_boundaries', 'eye_contours', 'eye_contours', 'eye_contours', 'eye_contours', 'eye_contours', 'eye_contours', 'eye_contours', 'eye_contours', 'eye_contours', 'eye_contours', 'eye_contours', 'eye_contours', 'eye_contours', 'eye_contours', 'eye_contours', 'eye_contours']
2025-08-25 03:12:32,324 - DEBUG -    残差向量: 形状=(21,), 范数=0.040208
2025-08-25 03:12:32,324 - DEBUG -    Visibility: 形状=(21,), 均值=1.000
2025-08-25 03:12:32,324 - DEBUG - 🔍 权重矩阵计算成功: 形状=(21, 21)
2025-08-25 03:12:32,324 - DEBUG - 🔍 几何权重统计:
2025-08-25 03:12:32,324 - DEBUG -    权重向量: [[1.]
 [1.]
 [1.]
 [1.]
 [1.]
 [1.]
 [1.]
 [1.]
 [1.]
 [1.]
 [1.]
 [1.]
 [1.]
 [1.]
 [1.]
 [1.]
 [1.]
 [1.]
 [1.]
 [1.]
 [1.]]
2025-08-25 03:12:32,324 - DEBUG -    权重范围: [1.000000, 1.000000]
2025-08-25 03:12:32,324 - DEBUG -    权重均值: 1.000000
2025-08-25 03:12:32,324 - DEBUG -    权重标准差: 0.000000
2025-08-25 03:12:32,324 - DEBUG -    高权重点(>0.8): 21/21
2025-08-25 03:12:32,324 - DEBUG -    低权重点(<0.2): 0/21
2025-08-25 03:12:32,324 - INFO - -----------------------------------------------------------------------------------
2025-08-25 03:12:32,324 - DEBUG - 🔍 开始求解LM更新方程:
2025-08-25 03:12:32,324 - DEBUG -    数据残差: 形状=(21,), 范数=0.040208
2025-08-25 03:12:32,324 - DEBUG -    约束残差: 形状=(1,), 范数=0.000080
2025-08-25 03:12:32,324 - DEBUG - 🔍 计算数据残差雅可比矩阵 J_f: 形状=(21, 4)
2025-08-25 03:12:32,324 - DEBUG - 🔍 J_f矩阵计算完成: 条件数=2.40e+01
2025-08-25 03:12:32,324 - DEBUG - 🔍 深度约束雅可比计算: u=-2.480114, σ=0.077264, J_h=[[ 0.         0.        -0.0772641  0.       ]]
2025-08-25 03:12:32,324 - DEBUG - 🔍 半径先验雅可比: J_r=[[0. 0. 0. 1.]]
2025-08-25 03:12:32,324 - DEBUG - 🔍 使用几何权重矩阵: 形状=(21, 21)
2025-08-25 03:12:32,324 - DEBUG - 🔍 Hessian矩阵计算:
2025-08-25 03:12:32,324 - DEBUG -    H_data = J_f^T W J_f: 形状=(4, 4), 条件数=5.78e+02
2025-08-25 03:12:32,324 - DEBUG -    H_h = λ_depth J_h^T J_h: 形状=(4, 4), λ_depth=1000.0
2025-08-25 03:12:32,324 - DEBUG -    H_r = λ_radius J_r^T J_r: 形状=(4, 4), λ_radius=20.0
2025-08-25 03:12:32,324 - DEBUG -    H_total: 形状=(4, 4), 条件数=1.01e+01
2025-08-25 03:12:32,324 - DEBUG - 🔍 梯度计算:
2025-08-25 03:12:32,324 - DEBUG -    g_data: 形状=(4,), 范数=0.183118
2025-08-25 03:12:32,324 - DEBUG -    g_h: 形状=(4,), 范数=0.006213
2025-08-25 03:12:32,324 - DEBUG -    g_r: 形状=(4,), 范数=0.018378
2025-08-25 03:12:32,324 - DEBUG -    g_total: 形状=(4,), 范数=0.169781
2025-08-25 03:12:32,324 - DEBUG - 🔍 LM阻尼矩阵: H_lm = H_total + 10.0 * I
2025-08-25 03:12:32,324 - DEBUG -    H_lm条件数: 4.01e+00
2025-08-25 03:12:32,332 - DEBUG - 🔍 线性方程组求解成功:
2025-08-25 03:12:32,332 - DEBUG -    参数更新向量 Δθ: [[ 0.00036978]
 [-0.00367168]
 [ 0.0005379 ]
 [ 0.00120255]]
2025-08-25 03:12:32,332 - DEBUG -    更新向量范数: 0.003918
2025-08-25 03:12:32,332 - DEBUG -    各分量更新: Δc_x=0.000370, Δc_y=-0.003672, Δc_z=0.000538, Δr=0.001203
2025-08-25 03:12:32,332 - DEBUG -    参数更新:
2025-08-25 03:12:32,332 - DEBUG -      旧参数: [[0.09566094]
 [0.0192219 ]
 [0.60434424]
 [0.0129189 ]]
2025-08-25 03:12:32,332 - DEBUG -      更新向量: [[ 0.00036978]
 [-0.00367168]
 [ 0.0005379 ]
 [ 0.00120255]]
2025-08-25 03:12:32,332 - DEBUG -      新参数: [[0.09603072]
 [0.01555022]
 [0.60488214]
 [0.01412145]]
2025-08-25 03:12:32,332 - INFO - -----------------------------------------------------------------------------------
2025-08-25 03:12:32,332 - INFO - 🔍 迭代第6次，球心向左0.369783mm，向上3.671681mm，向后0.537899mm，半径变大1.202548mm
2025-08-25 03:12:32,332 - INFO - 📊 变化前: 中心(0.096, 0.019, 0.604), 半径12.92mm
2025-08-25 03:12:32,332 - INFO - 📊 变化后: 中心(0.096, 0.016, 0.605), 半径14.12mm
2025-08-25 03:12:32,332 - INFO - 📈 变化量: 中心移动3.69mm, 半径变化1.20mm
2025-08-25 03:12:32,332 - INFO - 📍 眼球中心: [0.09566094 0.0192219  0.60434424]
2025-08-25 03:12:32,332 - INFO - 📏 眼球半径: 12.92mm
2025-08-25 03:12:32,332 - INFO - 👁️ 瞳孔中心: [0.09492923 0.03476282 0.60166413]
2025-08-25 03:12:32,332 - INFO - 📐 眼球中心在瞳孔中心的右0.73mm，上15.54mm，后2.68mm
2025-08-25 03:12:32,332 - INFO - 📏 距离: 15.79mm
2025-08-25 03:12:32,332 - INFO - -----------------------------------------------------------------------------------
2025-08-25 03:12:32,332 - INFO - -----------------------------------------------------------------------------------
2025-08-25 03:12:32,332 - DEBUG - 🔍 参数有效性检查:
2025-08-25 03:12:32,332 - DEBUG -    参数向量: [[0.09603072]
 [0.01555022]
 [0.60488214]
 [0.01412145]]
2025-08-25 03:12:32,332 - DEBUG -    球心: [0.09603072 0.01555022 0.60488214]
2025-08-25 03:12:32,332 - DEBUG -    半径: 0.014121
2025-08-25 03:12:32,332 - DEBUG - 🔍 函数值计算详情:
2025-08-25 03:12:32,332 - DEBUG -    数据项 F(θ): 0.000808
2025-08-25 03:12:32,332 - DEBUG -    深度约束项: 0.000003
2025-08-25 03:12:32,339 - DEBUG -    半径先验项: 0.000008
2025-08-25 03:12:32,339 - DEBUG -    总函数值 Φ(θ): 0.000820
2025-08-25 03:12:32,339 - DEBUG -    函数值改善: 0.000000
2025-08-25 03:12:32,339 - DEBUG - 🔍 参数有效: True
2025-08-25 03:12:32,339 - DEBUG -    参数更新成功:
2025-08-25 03:12:32,341 - DEBUG -      新球心: [0.09603072 0.01555022 0.60488214]
2025-08-25 03:12:32,341 - DEBUG -      新半径: 0.014121
2025-08-25 03:12:32,341 - INFO - -----------------------------------------------------------------------------------
2025-08-25 03:12:32,341 - DEBUG - 🔍 LM收敛性检查:
2025-08-25 03:12:32,341 - DEBUG -    当前迭代次数: 6
2025-08-25 03:12:32,341 - DEBUG -    最大迭代次数: 30
2025-08-25 03:12:32,341 - DEBUG -    参数变化: 0.003918
2025-08-25 03:12:32,341 - DEBUG -    参数容忍度: 5e-06
2025-08-25 03:12:32,341 - DEBUG -    残差变化: 0.000000
2025-08-25 03:12:32,341 - DEBUG -    残差容忍度: 5e-06
2025-08-25 03:12:32,341 - DEBUG - 🔍 迭代 8/30:
2025-08-25 03:12:32,341 - DEBUG - 🔍 计算点到球心距离: 形状=(21,)
2025-08-25 03:12:32,341 - DEBUG - 🔍 生理偏差向量计算:
2025-08-25 03:12:32,341 - DEBUG -    点类型列表: ['pupil_center', 'iris_boundaries', 'iris_boundaries', 'iris_boundaries', 'iris_boundaries', 'eye_contours', 'eye_contours', 'eye_contours', 'eye_contours', 'eye_contours', 'eye_contours', 'eye_contours', 'eye_contours', 'eye_contours', 'eye_contours', 'eye_contours', 'eye_contours', 'eye_contours', 'eye_contours', 'eye_contours', 'eye_contours']
2025-08-25 03:12:32,341 - DEBUG -    偏差向量: [0.0002  0.00085 0.00085 0.00085 0.00085 0.0025  0.0025  0.0025  0.0025
 0.0025  0.0025  0.0025  0.0025  0.0025  0.0025  0.0025  0.0025  0.0025
 0.0025  0.0025  0.0025 ]
2025-08-25 03:12:32,341 - DEBUG -    向量形状: (21,)
2025-08-25 03:12:32,341 - DEBUG -    偏差统计: 均值=0.002076, 标准差=0.000769
2025-08-25 03:12:32,341 - DEBUG - 获取生理偏差: 点类型=['pupil_center', 'iris_boundaries', 'iris_boundaries', 'iris_boundaries', 'iris_boundaries', 'eye_contours', 'eye_contours', 'eye_contours', 'eye_contours', 'eye_contours', 'eye_contours', 'eye_contours', 'eye_contours', 'eye_contours', 'eye_contours', 'eye_contours', 'eye_contours', 'eye_contours', 'eye_contours', 'eye_contours', 'eye_contours'], 偏差值=[0.0002  0.00085 0.00085 0.00085 0.00085 0.0025  0.0025  0.0025  0.0025
 0.0025  0.0025  0.0025  0.0025  0.0025  0.0025  0.0025  0.0025  0.0025
 0.0025  0.0025  0.0025 ]
2025-08-25 03:12:32,341 - INFO - -----------------------------------------------------------------------------------
2025-08-25 03:12:32,341 - DEBUG - 🔍 拟合残差计算详情:
2025-08-25 03:12:32,341 - DEBUG -    球心坐标: [0.09603072 0.01555022 0.60488214]
2025-08-25 03:12:32,341 - DEBUG -    球体半径: 0.014121
2025-08-25 03:12:32,341 - DEBUG -    采样点数: 21
2025-08-25 03:12:32,341 - DEBUG -    点类型分布: {'eye_contours': 16, 'iris_boundaries': 4, 'pupil_center': 1}
2025-08-25 03:12:32,341 - DEBUG -    理论距离向量: [0.01432145 0.01497145 0.01497145 0.01497145 0.01497145 0.01662145
 0.01662145 0.01662145 0.01662145 0.01662145 0.01662145 0.01662145
 0.01662145 0.01662145 0.01662145 0.01662145 0.01662145 0.01662145
 0.01662145 0.01662145 0.01662145]
2025-08-25 03:12:32,341 - DEBUG -    实际距离向量: [0.01951135 0.02191415 0.01179619 0.02242026 0.02829741 0.03336344
 0.02965693 0.02302126 0.01703437 0.01588164 0.01994557 0.02442274
 0.02747559 0.02981249 0.02908952 0.02817331 0.02727848 0.02689885
 0.02769832 0.02975087 0.03218884]
2025-08-25 03:12:32,341 - DEBUG -    生理偏差向量: [0.0002  0.00085 0.00085 0.00085 0.00085 0.0025  0.0025  0.0025  0.0025
 0.0025  0.0025  0.0025  0.0025  0.0025  0.0025  0.0025  0.0025  0.0025
 0.0025  0.0025  0.0025 ]
2025-08-25 03:12:32,341 - DEBUG -    残差向量 f(θ): 
[[ 0.00518991]
 [ 0.0069427 ]
 [-0.00317526]
 [ 0.00744881]
 [ 0.01332597]
 [ 0.01674199]
 [ 0.01303548]
 [ 0.00639982]
 [ 0.00041292]
 [-0.00073981]
 [ 0.00332412]
 [ 0.00780129]
 [ 0.01085414]
 [ 0.01319105]
 [ 0.01246808]
 [ 0.01155187]
 [ 0.01065703]
 [ 0.0102774 ]
 [ 0.01107688]
 [ 0.01312942]
 [ 0.01556739]]
2025-08-25 03:12:32,341 - DEBUG -    平均残差范数: 0.002243
2025-08-25 03:12:32,341 - DEBUG -    残差范数=0.047111
2025-08-25 03:12:32,341 - INFO - -----------------------------------------------------------------------------------
2025-08-25 03:12:32,341 - DEBUG - 🔍 深度约束计算详情 (softplus):
2025-08-25 03:12:32,341 - DEBUG -    采样点Z坐标范围: [0.600389, 0.601664]
2025-08-25 03:12:32,341 - DEBUG -    球心Z坐标: 0.604882
2025-08-25 03:12:32,341 - DEBUG -    深度偏移ε: 0.000200
2025-08-25 03:12:32,341 - DEBUG -    softplus参数τ: 0.001000
2025-08-25 03:12:32,341 - DEBUG -    原始违反值: -0.003018
2025-08-25 03:12:32,349 - DEBUG -    softplus输入 u: -3.018013
2025-08-25 03:12:32,349 - DEBUG -    约束惩罚 h(θ): 0.000048
2025-08-25 03:12:32,349 - DEBUG -    🟢 深度约束满足: 球心深度足够
2025-08-25 03:12:32,349 - INFO - -----------------------------------------------------------------------------------
2025-08-25 03:12:32,349 - DEBUG - 🔍 半径惩罚计算详情:
2025-08-25 03:12:32,349 - DEBUG -    当前半径: 0.014121
2025-08-25 03:12:32,349 - DEBUG -    半径先验值: 0.012000
2025-08-25 03:12:32,349 - DEBUG -    半径残差 r(θ): 0.002121
2025-08-25 03:12:32,349 - DEBUG -    数据残差 f(θ): [[ 0.00518991]
 [ 0.0069427 ]
 [-0.00317526]
 [ 0.00744881]
 [ 0.01332597]
 [ 0.01674199]
 [ 0.01303548]
 [ 0.00639982]
 [ 0.00041292]
 [-0.00073981]
 [ 0.00332412]
 [ 0.00780129]
 [ 0.01085414]
 [ 0.01319105]
 [ 0.01246808]
 [ 0.01155187]
 [ 0.01065703]
 [ 0.0102774 ]
 [ 0.01107688]
 [ 0.01312942]
 [ 0.01556739]]
2025-08-25 03:12:32,349 - DEBUG -    约束残差 g(θ): [[4.77403757e-05]]
2025-08-25 03:12:32,349 - DEBUG -    半径残差 r(θ): [[0.00212145]]
2025-08-25 03:12:32,349 - DEBUG - 🔍 状态变化计算: 参数变化=0.003918, 残差变化=0.006903
2025-08-25 03:12:32,349 - INFO - -----------------------------------------------------------------------------------
2025-08-25 03:12:32,349 - DEBUG - 🔍 权重管理器状态更新详情:
2025-08-25 03:12:32,349 - DEBUG -    当前迭代: 7
2025-08-25 03:12:32,349 - DEBUG -    参数变化: 0.003918 (阈值: 0.000005)
2025-08-25 03:12:32,349 - DEBUG -    残差变化: 0.006903 (阈值: 0.000005)
2025-08-25 03:12:32,349 - DEBUG -    几何权重因子: 10
2025-08-25 03:12:32,349 - DEBUG - ⏸️ 保持图像置信度权重: 参数变化=3.92e-03, 残差变化=6.90e-03
2025-08-25 03:12:32,349 - DEBUG - 状态已保存: 参数=[0.09603072 0.01555022 0.60488214 0.01412145], 残差范数=0.047111
2025-08-25 03:12:32,349 - DEBUG - 🔍 获取visibility信息: 形状=(21,), 范围=[1.000, 1.000]
2025-08-25 03:12:32,349 - DEBUG - 🔧 设置图像置信度权重: 21个点
2025-08-25 03:12:32,349 - DEBUG - 🔍 开始计算权重矩阵:
2025-08-25 03:12:32,349 - DEBUG -    点类型: ['pupil_center', 'iris_boundaries', 'iris_boundaries', 'iris_boundaries', 'iris_boundaries', 'eye_contours', 'eye_contours', 'eye_contours', 'eye_contours', 'eye_contours', 'eye_contours', 'eye_contours', 'eye_contours', 'eye_contours', 'eye_contours', 'eye_contours', 'eye_contours', 'eye_contours', 'eye_contours', 'eye_contours', 'eye_contours']
2025-08-25 03:12:32,349 - DEBUG -    残差向量: 形状=(21,), 范数=0.047111
2025-08-25 03:12:32,349 - DEBUG -    Visibility: 形状=(21,), 均值=1.000
2025-08-25 03:12:32,349 - DEBUG - 🔍 权重矩阵计算成功: 形状=(21, 21)
2025-08-25 03:12:32,349 - DEBUG - 🔍 几何权重统计:
2025-08-25 03:12:32,349 - DEBUG -    权重向量: [[1.]
 [1.]
 [1.]
 [1.]
 [1.]
 [1.]
 [1.]
 [1.]
 [1.]
 [1.]
 [1.]
 [1.]
 [1.]
 [1.]
 [1.]
 [1.]
 [1.]
 [1.]
 [1.]
 [1.]
 [1.]]
2025-08-25 03:12:32,349 - DEBUG -    权重范围: [1.000000, 1.000000]
2025-08-25 03:12:32,349 - DEBUG -    权重均值: 1.000000
2025-08-25 03:12:32,349 - DEBUG -    权重标准差: 0.000000
2025-08-25 03:12:32,349 - DEBUG -    高权重点(>0.8): 21/21
2025-08-25 03:12:32,349 - DEBUG -    低权重点(<0.2): 0/21
2025-08-25 03:12:32,356 - INFO - -----------------------------------------------------------------------------------
2025-08-25 03:12:32,356 - DEBUG - 🔍 开始求解LM更新方程:
2025-08-25 03:12:32,357 - DEBUG -    数据残差: 形状=(21,), 范数=0.047111
2025-08-25 03:12:32,357 - DEBUG -    约束残差: 形状=(1,), 范数=0.000048
2025-08-25 03:12:32,357 - DEBUG - 🔍 计算数据残差雅可比矩阵 J_f: 形状=(21, 4)
2025-08-25 03:12:32,357 - DEBUG - 🔍 J_f矩阵计算完成: 条件数=3.28e+01
2025-08-25 03:12:32,357 - DEBUG - 🔍 深度约束雅可比计算: u=-3.018013, σ=0.046619, J_h=[[ 0.          0.         -0.04661872  0.        ]]
2025-08-25 03:12:32,357 - DEBUG - 🔍 半径先验雅可比: J_r=[[0. 0. 0. 1.]]
2025-08-25 03:12:32,357 - DEBUG - 🔍 使用几何权重矩阵: 形状=(21, 21)
2025-08-25 03:12:32,357 - DEBUG - 🔍 Hessian矩阵计算:
2025-08-25 03:12:32,357 - DEBUG -    H_data = J_f^T W J_f: 形状=(4, 4), 条件数=1.07e+03
2025-08-25 03:12:32,357 - DEBUG -    H_h = λ_depth J_h^T J_h: 形状=(4, 4), λ_depth=1000.0
2025-08-25 03:12:32,357 - DEBUG -    H_r = λ_radius J_r^T J_r: 形状=(4, 4), λ_radius=20.0
2025-08-25 03:12:32,357 - DEBUG -    H_total: 形状=(4, 4), 条件数=2.42e+01
2025-08-25 03:12:32,357 - DEBUG - 🔍 梯度计算:
2025-08-25 03:12:32,357 - DEBUG -    g_data: 形状=(4,), 范数=0.242367
2025-08-25 03:12:32,357 - DEBUG -    g_h: 形状=(4,), 范数=0.002226
2025-08-25 03:12:32,357 - DEBUG -    g_r: 形状=(4,), 范数=0.042429
2025-08-25 03:12:32,357 - DEBUG -    g_total: 形状=(4,), 范数=0.211952
2025-08-25 03:12:32,357 - DEBUG - 🔍 LM阻尼矩阵: H_lm = H_total + 10.0 * I
2025-08-25 03:12:32,357 - DEBUG -    H_lm条件数: 5.02e+00
2025-08-25 03:12:32,357 - DEBUG - 🔍 线性方程组求解成功:
2025-08-25 03:12:32,357 - DEBUG -    参数更新向量 Δθ: [[ 0.00054391]
 [-0.00530098]
 [ 0.00071189]
 [ 0.00088811]]
2025-08-25 03:12:32,357 - DEBUG -    更新向量范数: 0.005449
2025-08-25 03:12:32,357 - DEBUG -    各分量更新: Δc_x=0.000544, Δc_y=-0.005301, Δc_z=0.000712, Δr=0.000888
2025-08-25 03:12:32,357 - DEBUG -    参数更新:
2025-08-25 03:12:32,357 - DEBUG -      旧参数: [[0.09603072]
 [0.01555022]
 [0.60488214]
 [0.01412145]]
2025-08-25 03:12:32,357 - DEBUG -      更新向量: [[ 0.00054391]
 [-0.00530098]
 [ 0.00071189]
 [ 0.00088811]]
2025-08-25 03:12:32,357 - DEBUG -      新参数: [[0.09657463]
 [0.01024923]
 [0.60559402]
 [0.01500955]]
2025-08-25 03:12:32,357 - INFO - -----------------------------------------------------------------------------------
2025-08-25 03:12:32,357 - INFO - 🔍 迭代第7次，球心向左0.543910mm，向上5.300983mm，向后0.711886mm，半径变大0.888108mm
2025-08-25 03:12:32,357 - INFO - 📊 变化前: 中心(0.096, 0.016, 0.605), 半径14.12mm
2025-08-25 03:12:32,357 - INFO - 📊 变化后: 中心(0.097, 0.010, 0.606), 半径15.01mm
2025-08-25 03:12:32,357 - INFO - 📈 变化量: 中心移动5.33mm, 半径变化0.89mm
2025-08-25 03:12:32,366 - INFO - 📍 眼球中心: [0.09603072 0.01555022 0.60488214]
2025-08-25 03:12:32,366 - INFO - 📏 眼球半径: 14.12mm
2025-08-25 03:12:32,366 - INFO - 👁️ 瞳孔中心: [0.09492923 0.03476282 0.60166413]
2025-08-25 03:12:32,366 - INFO - 📐 眼球中心在瞳孔中心的右1.10mm，上19.21mm，后3.22mm
2025-08-25 03:12:32,366 - INFO - 📏 距离: 19.51mm
2025-08-25 03:12:32,366 - INFO - -----------------------------------------------------------------------------------
2025-08-25 03:12:32,367 - INFO - -----------------------------------------------------------------------------------
2025-08-25 03:12:32,367 - DEBUG - 🔍 参数有效性检查:
2025-08-25 03:12:32,367 - DEBUG -    参数向量: [[0.09657463]
 [0.01024923]
 [0.60559402]
 [0.01500955]]
2025-08-25 03:12:32,367 - DEBUG -    球心: [0.09657463 0.01024923 0.60559402]
2025-08-25 03:12:32,367 - DEBUG -    半径: 0.015010
2025-08-25 03:12:32,367 - DEBUG - 🔍 函数值计算详情:
2025-08-25 03:12:32,367 - DEBUG -    数据项 F(θ): 0.001110
2025-08-25 03:12:32,367 - DEBUG -    深度约束项: 0.000001
2025-08-25 03:12:32,367 - DEBUG -    半径先验项: 0.000045
2025-08-25 03:12:32,367 - DEBUG -    总函数值 Φ(θ): 0.001156
2025-08-25 03:12:32,367 - DEBUG -    函数值改善: -0.000336
2025-08-25 03:12:32,367 - DEBUG - 🔍 参数有效: False
2025-08-25 03:12:32,367 - DEBUG -    参数无效，阻尼因子调整: λ_LM = 1.00e+02
2025-08-25 03:12:32,367 - DEBUG - 🔍 迭代 9/30:
2025-08-25 03:12:32,367 - DEBUG - 🔍 计算点到球心距离: 形状=(21,)
2025-08-25 03:12:32,367 - DEBUG - 🔍 生理偏差向量计算:
2025-08-25 03:12:32,367 - DEBUG -    点类型列表: ['pupil_center', 'iris_boundaries', 'iris_boundaries', 'iris_boundaries', 'iris_boundaries', 'eye_contours', 'eye_contours', 'eye_contours', 'eye_contours', 'eye_contours', 'eye_contours', 'eye_contours', 'eye_contours', 'eye_contours', 'eye_contours', 'eye_contours', 'eye_contours', 'eye_contours', 'eye_contours', 'eye_contours', 'eye_contours']
2025-08-25 03:12:32,374 - DEBUG -    偏差向量: [0.0002  0.00085 0.00085 0.00085 0.00085 0.0025  0.0025  0.0025  0.0025
 0.0025  0.0025  0.0025  0.0025  0.0025  0.0025  0.0025  0.0025  0.0025
 0.0025  0.0025  0.0025 ]
2025-08-25 03:12:32,376 - DEBUG -    向量形状: (21,)
2025-08-25 03:12:32,376 - DEBUG -    偏差统计: 均值=0.002076, 标准差=0.000769
2025-08-25 03:12:32,377 - DEBUG - 获取生理偏差: 点类型=['pupil_center', 'iris_boundaries', 'iris_boundaries', 'iris_boundaries', 'iris_boundaries', 'eye_contours', 'eye_contours', 'eye_contours', 'eye_contours', 'eye_contours', 'eye_contours', 'eye_contours', 'eye_contours', 'eye_contours', 'eye_contours', 'eye_contours', 'eye_contours', 'eye_contours', 'eye_contours', 'eye_contours', 'eye_contours'], 偏差值=[0.0002  0.00085 0.00085 0.00085 0.00085 0.0025  0.0025  0.0025  0.0025
 0.0025  0.0025  0.0025  0.0025  0.0025  0.0025  0.0025  0.0025  0.0025
 0.0025  0.0025  0.0025 ]
2025-08-25 03:12:32,377 - INFO - -----------------------------------------------------------------------------------
2025-08-25 03:12:32,377 - DEBUG - 🔍 拟合残差计算详情:
2025-08-25 03:12:32,378 - DEBUG -    球心坐标: [0.09603072 0.01555022 0.60488214]
2025-08-25 03:12:32,378 - DEBUG -    球体半径: 0.014121
2025-08-25 03:12:32,378 - DEBUG -    采样点数: 21
2025-08-25 03:12:32,378 - DEBUG -    点类型分布: {'eye_contours': 16, 'iris_boundaries': 4, 'pupil_center': 1}
2025-08-25 03:12:32,379 - DEBUG -    理论距离向量: [0.01432145 0.01497145 0.01497145 0.01497145 0.01497145 0.01662145
 0.01662145 0.01662145 0.01662145 0.01662145 0.01662145 0.01662145
 0.01662145 0.01662145 0.01662145 0.01662145 0.01662145 0.01662145
 0.01662145 0.01662145 0.01662145]
2025-08-25 03:12:32,379 - DEBUG -    实际距离向量: [0.01951135 0.02191415 0.01179619 0.02242026 0.02829741 0.03336344
 0.02965693 0.02302126 0.01703437 0.01588164 0.01994557 0.02442274
 0.02747559 0.02981249 0.02908952 0.02817331 0.02727848 0.02689885
 0.02769832 0.02975087 0.03218884]
2025-08-25 03:12:32,379 - DEBUG -    生理偏差向量: [0.0002  0.00085 0.00085 0.00085 0.00085 0.0025  0.0025  0.0025  0.0025
 0.0025  0.0025  0.0025  0.0025  0.0025  0.0025  0.0025  0.0025  0.0025
 0.0025  0.0025  0.0025 ]
2025-08-25 03:12:32,380 - DEBUG -    残差向量 f(θ): 
[[ 0.00518991]
 [ 0.0069427 ]
 [-0.00317526]
 [ 0.00744881]
 [ 0.01332597]
 [ 0.01674199]
 [ 0.01303548]
 [ 0.00639982]
 [ 0.00041292]
 [-0.00073981]
 [ 0.00332412]
 [ 0.00780129]
 [ 0.01085414]
 [ 0.01319105]
 [ 0.01246808]
 [ 0.01155187]
 [ 0.01065703]
 [ 0.0102774 ]
 [ 0.01107688]
 [ 0.01312942]
 [ 0.01556739]]
2025-08-25 03:12:32,380 - DEBUG -    平均残差范数: 0.002243
2025-08-25 03:12:32,380 - DEBUG -    残差范数=0.047111
2025-08-25 03:12:32,380 - INFO - -----------------------------------------------------------------------------------
2025-08-25 03:12:32,380 - DEBUG - 🔍 深度约束计算详情 (softplus):
2025-08-25 03:12:32,381 - DEBUG -    采样点Z坐标范围: [0.600389, 0.601664]
2025-08-25 03:12:32,381 - DEBUG -    球心Z坐标: 0.604882
2025-08-25 03:12:32,381 - DEBUG -    深度偏移ε: 0.000200
2025-08-25 03:12:32,381 - DEBUG -    softplus参数τ: 0.001000
2025-08-25 03:12:32,381 - DEBUG -    原始违反值: -0.003018
2025-08-25 03:12:32,381 - DEBUG -    softplus输入 u: -3.018013
2025-08-25 03:12:32,381 - DEBUG -    约束惩罚 h(θ): 0.000048
2025-08-25 03:12:32,381 - DEBUG -    🟢 深度约束满足: 球心深度足够
2025-08-25 03:12:32,381 - INFO - -----------------------------------------------------------------------------------
2025-08-25 03:12:32,382 - DEBUG - 🔍 半径惩罚计算详情:
2025-08-25 03:12:32,382 - DEBUG -    当前半径: 0.014121
2025-08-25 03:12:32,382 - DEBUG -    半径先验值: 0.012000
2025-08-25 03:12:32,382 - DEBUG -    半径残差 r(θ): 0.002121
2025-08-25 03:12:32,382 - DEBUG -    数据残差 f(θ): [[ 0.00518991]
 [ 0.0069427 ]
 [-0.00317526]
 [ 0.00744881]
 [ 0.01332597]
 [ 0.01674199]
 [ 0.01303548]
 [ 0.00639982]
 [ 0.00041292]
 [-0.00073981]
 [ 0.00332412]
 [ 0.00780129]
 [ 0.01085414]
 [ 0.01319105]
 [ 0.01246808]
 [ 0.01155187]
 [ 0.01065703]
 [ 0.0102774 ]
 [ 0.01107688]
 [ 0.01312942]
 [ 0.01556739]]
2025-08-25 03:12:32,382 - DEBUG -    约束残差 g(θ): [[4.77403757e-05]]
2025-08-25 03:12:32,383 - DEBUG -    半径残差 r(θ): [[0.00212145]]
2025-08-25 03:12:32,383 - DEBUG - 🔍 状态变化计算: 参数变化=0.000000, 残差变化=0.000000
2025-08-25 03:12:32,383 - INFO - -----------------------------------------------------------------------------------
2025-08-25 03:12:32,383 - DEBUG - 🔍 权重管理器状态更新详情:
2025-08-25 03:12:32,383 - DEBUG -    当前迭代: 8
2025-08-25 03:12:32,383 - DEBUG -    参数变化: 0.000000 (阈值: 0.000005)
2025-08-25 03:12:32,383 - DEBUG -    残差变化: 0.000000 (阈值: 0.000005)
2025-08-25 03:12:32,383 - DEBUG -    几何权重因子: 10
2025-08-25 03:12:32,383 - DEBUG - ⏸️ 保持图像置信度权重: 参数变化=0.00e+00, 残差变化=0.00e+00
2025-08-25 03:12:32,384 - DEBUG - 状态已保存: 参数=[0.09603072 0.01555022 0.60488214 0.01412145], 残差范数=0.047111
2025-08-25 03:12:32,384 - DEBUG - 🔍 获取visibility信息: 形状=(21,), 范围=[1.000, 1.000]
2025-08-25 03:12:32,384 - DEBUG - 🔧 设置图像置信度权重: 21个点
2025-08-25 03:12:32,384 - DEBUG - 🔍 开始计算权重矩阵:
2025-08-25 03:12:32,384 - DEBUG -    点类型: ['pupil_center', 'iris_boundaries', 'iris_boundaries', 'iris_boundaries', 'iris_boundaries', 'eye_contours', 'eye_contours', 'eye_contours', 'eye_contours', 'eye_contours', 'eye_contours', 'eye_contours', 'eye_contours', 'eye_contours', 'eye_contours', 'eye_contours', 'eye_contours', 'eye_contours', 'eye_contours', 'eye_contours', 'eye_contours']
2025-08-25 03:12:32,384 - DEBUG -    残差向量: 形状=(21,), 范数=0.047111
2025-08-25 03:12:32,384 - DEBUG -    Visibility: 形状=(21,), 均值=1.000
2025-08-25 03:12:32,384 - DEBUG - 🔍 权重矩阵计算成功: 形状=(21, 21)
2025-08-25 03:12:32,384 - DEBUG - 🔍 几何权重统计:
2025-08-25 03:12:32,384 - DEBUG -    权重向量: [[1.]
 [1.]
 [1.]
 [1.]
 [1.]
 [1.]
 [1.]
 [1.]
 [1.]
 [1.]
 [1.]
 [1.]
 [1.]
 [1.]
 [1.]
 [1.]
 [1.]
 [1.]
 [1.]
 [1.]
 [1.]]
2025-08-25 03:12:32,384 - DEBUG -    权重范围: [1.000000, 1.000000]
2025-08-25 03:12:32,384 - DEBUG -    权重均值: 1.000000
2025-08-25 03:12:32,384 - DEBUG -    权重标准差: 0.000000
2025-08-25 03:12:32,384 - DEBUG -    高权重点(>0.8): 21/21
2025-08-25 03:12:32,384 - DEBUG -    低权重点(<0.2): 0/21
2025-08-25 03:12:32,384 - INFO - -----------------------------------------------------------------------------------
2025-08-25 03:12:32,384 - DEBUG - 🔍 开始求解LM更新方程:
2025-08-25 03:12:32,384 - DEBUG -    数据残差: 形状=(21,), 范数=0.047111
2025-08-25 03:12:32,384 - DEBUG -    约束残差: 形状=(1,), 范数=0.000048
2025-08-25 03:12:32,384 - DEBUG - 🔍 计算数据残差雅可比矩阵 J_f: 形状=(21, 4)
2025-08-25 03:12:32,384 - DEBUG - 🔍 J_f矩阵计算完成: 条件数=3.28e+01
2025-08-25 03:12:32,384 - DEBUG - 🔍 深度约束雅可比计算: u=-3.018013, σ=0.046619, J_h=[[ 0.          0.         -0.04661872  0.        ]]
2025-08-25 03:12:32,384 - DEBUG - 🔍 半径先验雅可比: J_r=[[0. 0. 0. 1.]]
2025-08-25 03:12:32,384 - DEBUG - 🔍 使用几何权重矩阵: 形状=(21, 21)
2025-08-25 03:12:32,384 - DEBUG - 🔍 Hessian矩阵计算:
2025-08-25 03:12:32,384 - DEBUG -    H_data = J_f^T W J_f: 形状=(4, 4), 条件数=1.07e+03
2025-08-25 03:12:32,384 - DEBUG -    H_h = λ_depth J_h^T J_h: 形状=(4, 4), λ_depth=1000.0
2025-08-25 03:12:32,384 - DEBUG -    H_r = λ_radius J_r^T J_r: 形状=(4, 4), λ_radius=20.0
2025-08-25 03:12:32,390 - DEBUG -    H_total: 形状=(4, 4), 条件数=2.42e+01
2025-08-25 03:12:32,392 - DEBUG - 🔍 梯度计算:
2025-08-25 03:12:32,392 - DEBUG -    g_data: 形状=(4,), 范数=0.242367
2025-08-25 03:12:32,392 - DEBUG -    g_h: 形状=(4,), 范数=0.002226
2025-08-25 03:12:32,392 - DEBUG -    g_r: 形状=(4,), 范数=0.042429
2025-08-25 03:12:32,392 - DEBUG -    g_total: 形状=(4,), 范数=0.211952
2025-08-25 03:12:32,392 - DEBUG - 🔍 LM阻尼矩阵: H_lm = H_total + 100.0 * I
2025-08-25 03:12:32,392 - DEBUG -    H_lm条件数: 1.48e+00
2025-08-25 03:12:32,392 - DEBUG - 🔍 线性方程组求解成功:
2025-08-25 03:12:32,392 - DEBUG -    参数更新向量 Δθ: [[ 8.20394716e-05]
 [-1.19010063e-03]
 [ 2.11218440e-04]
 [ 8.57687568e-04]]
2025-08-25 03:12:32,392 - DEBUG -    更新向量范数: 0.001484
2025-08-25 03:12:32,392 - DEBUG -    各分量更新: Δc_x=0.000082, Δc_y=-0.001190, Δc_z=0.000211, Δr=0.000858
2025-08-25 03:12:32,392 - DEBUG -    参数更新:
2025-08-25 03:12:32,392 - DEBUG -      旧参数: [[0.09603072]
 [0.01555022]
 [0.60488214]
 [0.01412145]]
2025-08-25 03:12:32,392 - DEBUG -      更新向量: [[ 8.20394716e-05]
 [-1.19010063e-03]
 [ 2.11218440e-04]
 [ 8.57687568e-04]]
2025-08-25 03:12:32,392 - DEBUG -      新参数: [[0.09611276]
 [0.01436012]
 [0.60509336]
 [0.01497913]]
2025-08-25 03:12:32,392 - INFO - -----------------------------------------------------------------------------------
2025-08-25 03:12:32,392 - INFO - 🔍 迭代第8次，球心向左0.082039mm，向上1.190101mm，向后0.211218mm，半径变大0.857688mm
2025-08-25 03:12:32,392 - INFO - 📊 变化前: 中心(0.096, 0.016, 0.605), 半径14.12mm
2025-08-25 03:12:32,392 - INFO - 📊 变化后: 中心(0.096, 0.014, 0.605), 半径14.98mm
2025-08-25 03:12:32,392 - INFO - 📈 变化量: 中心移动1.19mm, 半径变化0.86mm
2025-08-25 03:12:32,392 - INFO - 📍 眼球中心: [0.09603072 0.01555022 0.60488214]
2025-08-25 03:12:32,392 - INFO - 📏 眼球半径: 14.12mm
2025-08-25 03:12:32,392 - INFO - 👁️ 瞳孔中心: [0.09492923 0.03476282 0.60166413]
2025-08-25 03:12:32,398 - INFO - 📐 眼球中心在瞳孔中心的右1.10mm，上19.21mm，后3.22mm
2025-08-25 03:12:32,398 - INFO - 📏 距离: 19.51mm
2025-08-25 03:12:32,398 - INFO - -----------------------------------------------------------------------------------
2025-08-25 03:12:32,398 - INFO - -----------------------------------------------------------------------------------
2025-08-25 03:12:32,398 - DEBUG - 🔍 参数有效性检查:
2025-08-25 03:12:32,398 - DEBUG -    参数向量: [[0.09611276]
 [0.01436012]
 [0.60509336]
 [0.01497913]]
2025-08-25 03:12:32,398 - DEBUG -    球心: [0.09611276 0.01436012 0.60509336]
2025-08-25 03:12:32,398 - DEBUG -    半径: 0.014979
2025-08-25 03:12:32,398 - DEBUG - 🔍 函数值计算详情:
2025-08-25 03:12:32,398 - DEBUG -    数据项 F(θ): 0.001110
2025-08-25 03:12:32,398 - DEBUG -    深度约束项: 0.000001
2025-08-25 03:12:32,398 - DEBUG -    半径先验项: 0.000045
2025-08-25 03:12:32,398 - DEBUG -    总函数值 Φ(θ): 0.001156
2025-08-25 03:12:32,398 - DEBUG -    函数值改善: 0.000000
2025-08-25 03:12:32,398 - DEBUG - 🔍 参数有效: True
2025-08-25 03:12:32,398 - DEBUG -    参数更新成功:
2025-08-25 03:12:32,398 - DEBUG -      新球心: [0.09611276 0.01436012 0.60509336]
2025-08-25 03:12:32,398 - DEBUG -      新半径: 0.014979
2025-08-25 03:12:32,398 - INFO - -----------------------------------------------------------------------------------
2025-08-25 03:12:32,398 - DEBUG - 🔍 LM收敛性检查:
2025-08-25 03:12:32,398 - DEBUG -    当前迭代次数: 8
2025-08-25 03:12:32,398 - DEBUG -    最大迭代次数: 30
2025-08-25 03:12:32,398 - DEBUG -    参数变化: 0.001484
2025-08-25 03:12:32,398 - DEBUG -    参数容忍度: 5e-06
2025-08-25 03:12:32,398 - DEBUG -    残差变化: 0.000000
2025-08-25 03:12:32,398 - DEBUG -    残差容忍度: 5e-06
2025-08-25 03:12:32,398 - DEBUG - 🔍 迭代 10/30:
2025-08-25 03:12:32,398 - DEBUG - 🔍 计算点到球心距离: 形状=(21,)
2025-08-25 03:12:32,398 - DEBUG - 🔍 生理偏差向量计算:
2025-08-25 03:12:32,398 - DEBUG -    点类型列表: ['pupil_center', 'iris_boundaries', 'iris_boundaries', 'iris_boundaries', 'iris_boundaries', 'eye_contours', 'eye_contours', 'eye_contours', 'eye_contours', 'eye_contours', 'eye_contours', 'eye_contours', 'eye_contours', 'eye_contours', 'eye_contours', 'eye_contours', 'eye_contours', 'eye_contours', 'eye_contours', 'eye_contours', 'eye_contours']
2025-08-25 03:12:32,398 - DEBUG -    偏差向量: [0.0002  0.00085 0.00085 0.00085 0.00085 0.0025  0.0025  0.0025  0.0025
 0.0025  0.0025  0.0025  0.0025  0.0025  0.0025  0.0025  0.0025  0.0025
 0.0025  0.0025  0.0025 ]
2025-08-25 03:12:32,398 - DEBUG -    向量形状: (21,)
2025-08-25 03:12:32,398 - DEBUG -    偏差统计: 均值=0.002076, 标准差=0.000769
2025-08-25 03:12:32,398 - DEBUG - 获取生理偏差: 点类型=['pupil_center', 'iris_boundaries', 'iris_boundaries', 'iris_boundaries', 'iris_boundaries', 'eye_contours', 'eye_contours', 'eye_contours', 'eye_contours', 'eye_contours', 'eye_contours', 'eye_contours', 'eye_contours', 'eye_contours', 'eye_contours', 'eye_contours', 'eye_contours', 'eye_contours', 'eye_contours', 'eye_contours', 'eye_contours'], 偏差值=[0.0002  0.00085 0.00085 0.00085 0.00085 0.0025  0.0025  0.0025  0.0025
 0.0025  0.0025  0.0025  0.0025  0.0025  0.0025  0.0025  0.0025  0.0025
 0.0025  0.0025  0.0025 ]
2025-08-25 03:12:32,398 - INFO - -----------------------------------------------------------------------------------
2025-08-25 03:12:32,398 - DEBUG - 🔍 拟合残差计算详情:
2025-08-25 03:12:32,398 - DEBUG -    球心坐标: [0.09611276 0.01436012 0.60509336]
2025-08-25 03:12:32,398 - DEBUG -    球体半径: 0.014979
2025-08-25 03:12:32,398 - DEBUG -    采样点数: 21
2025-08-25 03:12:32,398 - DEBUG -    点类型分布: {'eye_contours': 16, 'iris_boundaries': 4, 'pupil_center': 1}
2025-08-25 03:12:32,398 - DEBUG -    理论距离向量: [0.01517913 0.01582913 0.01582913 0.01582913 0.01582913 0.01747913
 0.01747913 0.01747913 0.01747913 0.01747913 0.01747913 0.01747913
 0.01747913 0.01747913 0.01747913 0.01747913 0.01747913 0.01747913
 0.01747913 0.01747913 0.01747913]
2025-08-25 03:12:32,398 - DEBUG -    实际距离向量: [0.02072271 0.02300474 0.01300057 0.02353024 0.02950687 0.03429754
 0.0306     0.024025   0.01819252 0.0170632  0.02094893 0.02533001
 0.02834174 0.03064859 0.03004416 0.02922239 0.02842352 0.02810932
 0.02887517 0.03082149 0.03317262]
2025-08-25 03:12:32,398 - DEBUG -    生理偏差向量: [0.0002  0.00085 0.00085 0.00085 0.00085 0.0025  0.0025  0.0025  0.0025
 0.0025  0.0025  0.0025  0.0025  0.0025  0.0025  0.0025  0.0025  0.0025
 0.0025  0.0025  0.0025 ]
2025-08-25 03:12:32,406 - DEBUG -    残差向量 f(θ): 
[[ 0.00554357]
 [ 0.00717561]
 [-0.00282857]
 [ 0.00770111]
 [ 0.01367774]
 [ 0.01681841]
 [ 0.01312086]
 [ 0.00654587]
 [ 0.00071339]
 [-0.00041594]
 [ 0.0034698 ]
 [ 0.00785088]
 [ 0.01086261]
 [ 0.01316946]
 [ 0.01256503]
 [ 0.01174326]
 [ 0.01094439]
 [ 0.01063019]
 [ 0.01139603]
 [ 0.01334236]
 [ 0.01569349]]
2025-08-25 03:12:32,409 - DEBUG -    平均残差范数: 0.002275
2025-08-25 03:12:32,409 - DEBUG -    残差范数=0.047781
2025-08-25 03:12:32,409 - INFO - -----------------------------------------------------------------------------------
2025-08-25 03:12:32,409 - DEBUG - 🔍 深度约束计算详情 (softplus):
2025-08-25 03:12:32,409 - DEBUG -    采样点Z坐标范围: [0.600389, 0.601664]
2025-08-25 03:12:32,409 - DEBUG -    球心Z坐标: 0.605093
2025-08-25 03:12:32,409 - DEBUG -    深度偏移ε: 0.000200
2025-08-25 03:12:32,409 - DEBUG -    softplus参数τ: 0.001000
2025-08-25 03:12:32,409 - DEBUG -    原始违反值: -0.003229
2025-08-25 03:12:32,409 - DEBUG -    softplus输入 u: -3.229231
2025-08-25 03:12:32,409 - DEBUG -    约束惩罚 h(θ): 0.000039
2025-08-25 03:12:32,409 - DEBUG -    🟢 深度约束满足: 球心深度足够
2025-08-25 03:12:32,409 - INFO - -----------------------------------------------------------------------------------
2025-08-25 03:12:32,409 - DEBUG - 🔍 半径惩罚计算详情:
2025-08-25 03:12:32,409 - DEBUG -    当前半径: 0.014979
2025-08-25 03:12:32,409 - DEBUG -    半径先验值: 0.012000
2025-08-25 03:12:32,409 - DEBUG -    半径残差 r(θ): 0.002979
2025-08-25 03:12:32,409 - DEBUG -    数据残差 f(θ): [[ 0.00554357]
 [ 0.00717561]
 [-0.00282857]
 [ 0.00770111]
 [ 0.01367774]
 [ 0.01681841]
 [ 0.01312086]
 [ 0.00654587]
 [ 0.00071339]
 [-0.00041594]
 [ 0.0034698 ]
 [ 0.00785088]
 [ 0.01086261]
 [ 0.01316946]
 [ 0.01256503]
 [ 0.01174326]
 [ 0.01094439]
 [ 0.01063019]
 [ 0.01139603]
 [ 0.01334236]
 [ 0.01569349]]
2025-08-25 03:12:32,409 - DEBUG -    约束残差 g(θ): [[3.88244108e-05]]
2025-08-25 03:12:32,409 - DEBUG -    半径残差 r(θ): [[0.00297913]]
2025-08-25 03:12:32,409 - DEBUG - 🔍 状态变化计算: 参数变化=0.001484, 残差变化=0.000670
2025-08-25 03:12:32,409 - INFO - -----------------------------------------------------------------------------------
2025-08-25 03:12:32,409 - DEBUG - 🔍 权重管理器状态更新详情:
2025-08-25 03:12:32,409 - DEBUG -    当前迭代: 9
2025-08-25 03:12:32,409 - DEBUG -    参数变化: 0.001484 (阈值: 0.000005)
2025-08-25 03:12:32,415 - DEBUG -    残差变化: 0.000670 (阈值: 0.000005)
2025-08-25 03:12:32,415 - DEBUG -    几何权重因子: 10
2025-08-25 03:12:32,415 - DEBUG - ⏸️ 保持图像置信度权重: 参数变化=1.48e-03, 残差变化=6.70e-04
2025-08-25 03:12:32,415 - DEBUG - 状态已保存: 参数=[0.09611276 0.01436012 0.60509336 0.01497913], 残差范数=0.047781
2025-08-25 03:12:32,415 - DEBUG - 🔍 获取visibility信息: 形状=(21,), 范围=[1.000, 1.000]
2025-08-25 03:12:32,415 - DEBUG - 🔧 设置图像置信度权重: 21个点
2025-08-25 03:12:32,415 - DEBUG - 🔍 开始计算权重矩阵:
2025-08-25 03:12:32,415 - DEBUG -    点类型: ['pupil_center', 'iris_boundaries', 'iris_boundaries', 'iris_boundaries', 'iris_boundaries', 'eye_contours', 'eye_contours', 'eye_contours', 'eye_contours', 'eye_contours', 'eye_contours', 'eye_contours', 'eye_contours', 'eye_contours', 'eye_contours', 'eye_contours', 'eye_contours', 'eye_contours', 'eye_contours', 'eye_contours', 'eye_contours']
2025-08-25 03:12:32,415 - DEBUG -    残差向量: 形状=(21,), 范数=0.047781
2025-08-25 03:12:32,415 - DEBUG -    Visibility: 形状=(21,), 均值=1.000
2025-08-25 03:12:32,415 - DEBUG - 🔍 权重矩阵计算成功: 形状=(21, 21)
2025-08-25 03:12:32,415 - DEBUG - 🔍 几何权重统计:
2025-08-25 03:12:32,415 - DEBUG -    权重向量: [[1.]
 [1.]
 [1.]
 [1.]
 [1.]
 [1.]
 [1.]
 [1.]
 [1.]
 [1.]
 [1.]
 [1.]
 [1.]
 [1.]
 [1.]
 [1.]
 [1.]
 [1.]
 [1.]
 [1.]
 [1.]]
2025-08-25 03:12:32,415 - DEBUG -    权重范围: [1.000000, 1.000000]
2025-08-25 03:12:32,415 - DEBUG -    权重均值: 1.000000
2025-08-25 03:12:32,415 - DEBUG -    权重标准差: 0.000000
2025-08-25 03:12:32,415 - DEBUG -    高权重点(>0.8): 21/21
2025-08-25 03:12:32,415 - DEBUG -    低权重点(<0.2): 0/21
2025-08-25 03:12:32,415 - INFO - -----------------------------------------------------------------------------------
2025-08-25 03:12:32,415 - DEBUG - 🔍 开始求解LM更新方程:
2025-08-25 03:12:32,415 - DEBUG -    数据残差: 形状=(21,), 范数=0.047781
2025-08-25 03:12:32,415 - DEBUG -    约束残差: 形状=(1,), 范数=0.000039
2025-08-25 03:12:32,415 - DEBUG - 🔍 计算数据残差雅可比矩阵 J_f: 形状=(21, 4)
2025-08-25 03:12:32,415 - DEBUG - 🔍 J_f矩阵计算完成: 条件数=3.53e+01
2025-08-25 03:12:32,415 - DEBUG - 🔍 深度约束雅可比计算: u=-3.229231, σ=0.038080, J_h=[[ 0.         0.        -0.0380804  0.       ]]
2025-08-25 03:12:32,415 - DEBUG - 🔍 半径先验雅可比: J_r=[[0. 0. 0. 1.]]
2025-08-25 03:12:32,415 - DEBUG - 🔍 使用几何权重矩阵: 形状=(21, 21)
2025-08-25 03:12:32,415 - DEBUG - 🔍 Hessian矩阵计算:
2025-08-25 03:12:32,415 - DEBUG -    H_data = J_f^T W J_f: 形状=(4, 4), 条件数=1.24e+03
2025-08-25 03:12:32,415 - DEBUG -    H_h = λ_depth J_h^T J_h: 形状=(4, 4), λ_depth=1000.0
2025-08-25 03:12:32,422 - DEBUG -    H_r = λ_radius J_r^T J_r: 形状=(4, 4), λ_radius=20.0
2025-08-25 03:12:32,422 - DEBUG -    H_total: 形状=(4, 4), 条件数=3.60e+01
2025-08-25 03:12:32,422 - DEBUG - 🔍 梯度计算:
2025-08-25 03:12:32,422 - DEBUG -    g_data: 形状=(4,), 范数=0.249539
2025-08-25 03:12:32,422 - DEBUG -    g_h: 形状=(4,), 范数=0.001478
2025-08-25 03:12:32,424 - DEBUG -    g_r: 形状=(4,), 范数=0.059583
2025-08-25 03:12:32,424 - DEBUG -    g_total: 形状=(4,), 范数=0.208073
2025-08-25 03:12:32,426 - DEBUG - 🔍 LM阻尼矩阵: H_lm = H_total + 100.0 * I
2025-08-25 03:12:32,426 - DEBUG -    H_lm条件数: 1.49e+00
2025-08-25 03:12:32,428 - DEBUG - 🔍 线性方程组求解成功:
2025-08-25 03:12:32,428 - DEBUG -    参数更新向量 Δθ: [[ 8.72619393e-05]
 [-1.25206407e-03]
 [ 2.18082740e-04]
 [ 7.56098068e-04]]
2025-08-25 03:12:32,428 - DEBUG -    更新向量范数: 0.001481
2025-08-25 03:12:32,428 - DEBUG -    各分量更新: Δc_x=0.000087, Δc_y=-0.001252, Δc_z=0.000218, Δr=0.000756
2025-08-25 03:12:32,428 - DEBUG -    参数更新:
2025-08-25 03:12:32,428 - DEBUG -      旧参数: [[0.09611276]
 [0.01436012]
 [0.60509336]
 [0.01497913]]
2025-08-25 03:12:32,430 - DEBUG -      更新向量: [[ 8.72619393e-05]
 [-1.25206407e-03]
 [ 2.18082740e-04]
 [ 7.56098068e-04]]
2025-08-25 03:12:32,430 - DEBUG -      新参数: [[0.09620002]
 [0.01310805]
 [0.60531144]
 [0.01573523]]
2025-08-25 03:12:32,430 - INFO - -----------------------------------------------------------------------------------
2025-08-25 03:12:32,430 - INFO - 🔍 迭代第9次，球心向左0.087262mm，向上1.252064mm，向后0.218083mm，半径变大0.756098mm
2025-08-25 03:12:32,430 - INFO - 📊 变化前: 中心(0.096, 0.014, 0.605), 半径14.98mm
2025-08-25 03:12:32,430 - INFO - 📊 变化后: 中心(0.096, 0.013, 0.605), 半径15.74mm
2025-08-25 03:12:32,430 - INFO - 📈 变化量: 中心移动1.26mm, 半径变化0.76mm
2025-08-25 03:12:32,430 - INFO - 📍 眼球中心: [0.09611276 0.01436012 0.60509336]
2025-08-25 03:12:32,430 - INFO - 📏 眼球半径: 14.98mm
2025-08-25 03:12:32,430 - INFO - 👁️ 瞳孔中心: [0.09492923 0.03476282 0.60166413]
2025-08-25 03:12:32,430 - INFO - 📐 眼球中心在瞳孔中心的右1.18mm，上20.40mm，后3.43mm
2025-08-25 03:12:32,430 - INFO - 📏 距离: 20.72mm
2025-08-25 03:12:32,430 - INFO - -----------------------------------------------------------------------------------
2025-08-25 03:12:32,430 - INFO - -----------------------------------------------------------------------------------
2025-08-25 03:12:32,430 - DEBUG - 🔍 参数有效性检查:
2025-08-25 03:12:32,430 - DEBUG -    参数向量: [[0.09620002]
 [0.01310805]
 [0.60531144]
 [0.01573523]]
2025-08-25 03:12:32,430 - DEBUG -    球心: [0.09620002 0.01310805 0.60531144]
2025-08-25 03:12:32,430 - DEBUG -    半径: 0.015735
2025-08-25 03:12:32,430 - DEBUG - 🔍 函数值计算详情:
2025-08-25 03:12:32,430 - DEBUG -    数据项 F(θ): 0.001142
2025-08-25 03:12:32,430 - DEBUG -    深度约束项: 0.000001
2025-08-25 03:12:32,430 - DEBUG -    半径先验项: 0.000089
2025-08-25 03:12:32,430 - DEBUG -    总函数值 Φ(θ): 0.001231
2025-08-25 03:12:32,430 - DEBUG -    函数值改善: -0.000075
2025-08-25 03:12:32,430 - DEBUG - 🔍 参数有效: False
2025-08-25 03:12:32,430 - DEBUG -    参数无效，阻尼因子调整: λ_LM = 1.00e+03
2025-08-25 03:12:32,430 - DEBUG - 🔍 迭代 11/30:
2025-08-25 03:12:32,430 - DEBUG - 🔍 计算点到球心距离: 形状=(21,)
2025-08-25 03:12:32,430 - DEBUG - 🔍 生理偏差向量计算:
2025-08-25 03:12:32,430 - DEBUG -    点类型列表: ['pupil_center', 'iris_boundaries', 'iris_boundaries', 'iris_boundaries', 'iris_boundaries', 'eye_contours', 'eye_contours', 'eye_contours', 'eye_contours', 'eye_contours', 'eye_contours', 'eye_contours', 'eye_contours', 'eye_contours', 'eye_contours', 'eye_contours', 'eye_contours', 'eye_contours', 'eye_contours', 'eye_contours', 'eye_contours']
2025-08-25 03:12:32,430 - DEBUG -    偏差向量: [0.0002  0.00085 0.00085 0.00085 0.00085 0.0025  0.0025  0.0025  0.0025
 0.0025  0.0025  0.0025  0.0025  0.0025  0.0025  0.0025  0.0025  0.0025
 0.0025  0.0025  0.0025 ]
2025-08-25 03:12:32,430 - DEBUG -    向量形状: (21,)
2025-08-25 03:12:32,430 - DEBUG -    偏差统计: 均值=0.002076, 标准差=0.000769
2025-08-25 03:12:32,442 - DEBUG - 获取生理偏差: 点类型=['pupil_center', 'iris_boundaries', 'iris_boundaries', 'iris_boundaries', 'iris_boundaries', 'eye_contours', 'eye_contours', 'eye_contours', 'eye_contours', 'eye_contours', 'eye_contours', 'eye_contours', 'eye_contours', 'eye_contours', 'eye_contours', 'eye_contours', 'eye_contours', 'eye_contours', 'eye_contours', 'eye_contours', 'eye_contours'], 偏差值=[0.0002  0.00085 0.00085 0.00085 0.00085 0.0025  0.0025  0.0025  0.0025
 0.0025  0.0025  0.0025  0.0025  0.0025  0.0025  0.0025  0.0025  0.0025
 0.0025  0.0025  0.0025 ]
2025-08-25 03:12:32,443 - INFO - -----------------------------------------------------------------------------------
2025-08-25 03:12:32,443 - DEBUG - 🔍 拟合残差计算详情:
2025-08-25 03:12:32,443 - DEBUG -    球心坐标: [0.09611276 0.01436012 0.60509336]
2025-08-25 03:12:32,443 - DEBUG -    球体半径: 0.014979
2025-08-25 03:12:32,443 - DEBUG -    采样点数: 21
2025-08-25 03:12:32,446 - DEBUG -    点类型分布: {'eye_contours': 16, 'iris_boundaries': 4, 'pupil_center': 1}
2025-08-25 03:12:32,446 - DEBUG -    理论距离向量: [0.01517913 0.01582913 0.01582913 0.01582913 0.01582913 0.01747913
 0.01747913 0.01747913 0.01747913 0.01747913 0.01747913 0.01747913
 0.01747913 0.01747913 0.01747913 0.01747913 0.01747913 0.01747913
 0.01747913 0.01747913 0.01747913]
2025-08-25 03:12:32,446 - DEBUG -    实际距离向量: [0.02072271 0.02300474 0.01300057 0.02353024 0.02950687 0.03429754
 0.0306     0.024025   0.01819252 0.0170632  0.02094893 0.02533001
 0.02834174 0.03064859 0.03004416 0.02922239 0.02842352 0.02810932
 0.02887517 0.03082149 0.03317262]
2025-08-25 03:12:32,446 - DEBUG -    生理偏差向量: [0.0002  0.00085 0.00085 0.00085 0.00085 0.0025  0.0025  0.0025  0.0025
 0.0025  0.0025  0.0025  0.0025  0.0025  0.0025  0.0025  0.0025  0.0025
 0.0025  0.0025  0.0025 ]
2025-08-25 03:12:32,446 - DEBUG -    残差向量 f(θ): 
[[ 0.00554357]
 [ 0.00717561]
 [-0.00282857]
 [ 0.00770111]
 [ 0.01367774]
 [ 0.01681841]
 [ 0.01312086]
 [ 0.00654587]
 [ 0.00071339]
 [-0.00041594]
 [ 0.0034698 ]
 [ 0.00785088]
 [ 0.01086261]
 [ 0.01316946]
 [ 0.01256503]
 [ 0.01174326]
 [ 0.01094439]
 [ 0.01063019]
 [ 0.01139603]
 [ 0.01334236]
 [ 0.01569349]]
2025-08-25 03:12:32,448 - DEBUG -    平均残差范数: 0.002275
2025-08-25 03:12:32,448 - DEBUG -    残差范数=0.047781
2025-08-25 03:12:32,448 - INFO - -----------------------------------------------------------------------------------
2025-08-25 03:12:32,448 - DEBUG - 🔍 深度约束计算详情 (softplus):
2025-08-25 03:12:32,448 - DEBUG -    采样点Z坐标范围: [0.600389, 0.601664]
2025-08-25 03:12:32,448 - DEBUG -    球心Z坐标: 0.605093
2025-08-25 03:12:32,448 - DEBUG -    深度偏移ε: 0.000200
2025-08-25 03:12:32,448 - DEBUG -    softplus参数τ: 0.001000
2025-08-25 03:12:32,448 - DEBUG -    原始违反值: -0.003229
2025-08-25 03:12:32,450 - DEBUG -    softplus输入 u: -3.229231
2025-08-25 03:12:32,450 - DEBUG -    约束惩罚 h(θ): 0.000039
2025-08-25 03:12:32,450 - DEBUG -    🟢 深度约束满足: 球心深度足够
2025-08-25 03:12:32,450 - INFO - -----------------------------------------------------------------------------------
2025-08-25 03:12:32,450 - DEBUG - 🔍 半径惩罚计算详情:
2025-08-25 03:12:32,450 - DEBUG -    当前半径: 0.014979
2025-08-25 03:12:32,450 - DEBUG -    半径先验值: 0.012000
2025-08-25 03:12:32,450 - DEBUG -    半径残差 r(θ): 0.002979
2025-08-25 03:12:32,450 - DEBUG -    数据残差 f(θ): [[ 0.00554357]
 [ 0.00717561]
 [-0.00282857]
 [ 0.00770111]
 [ 0.01367774]
 [ 0.01681841]
 [ 0.01312086]
 [ 0.00654587]
 [ 0.00071339]
 [-0.00041594]
 [ 0.0034698 ]
 [ 0.00785088]
 [ 0.01086261]
 [ 0.01316946]
 [ 0.01256503]
 [ 0.01174326]
 [ 0.01094439]
 [ 0.01063019]
 [ 0.01139603]
 [ 0.01334236]
 [ 0.01569349]]
2025-08-25 03:12:32,450 - DEBUG -    约束残差 g(θ): [[3.88244108e-05]]
2025-08-25 03:12:32,450 - DEBUG -    半径残差 r(θ): [[0.00297913]]
2025-08-25 03:12:32,450 - DEBUG - 🔍 状态变化计算: 参数变化=0.000000, 残差变化=0.000000
2025-08-25 03:12:32,450 - INFO - -----------------------------------------------------------------------------------
2025-08-25 03:12:32,450 - DEBUG - 🔍 权重管理器状态更新详情:
2025-08-25 03:12:32,450 - DEBUG -    当前迭代: 10
2025-08-25 03:12:32,450 - DEBUG -    参数变化: 0.000000 (阈值: 0.000005)
2025-08-25 03:12:32,450 - DEBUG -    残差变化: 0.000000 (阈值: 0.000005)
2025-08-25 03:12:32,450 - DEBUG -    几何权重因子: 10
2025-08-25 03:12:32,450 - DEBUG - ⏸️ 保持图像置信度权重: 参数变化=0.00e+00, 残差变化=0.00e+00
2025-08-25 03:12:32,450 - DEBUG - 状态已保存: 参数=[0.09611276 0.01436012 0.60509336 0.01497913], 残差范数=0.047781
2025-08-25 03:12:32,450 - DEBUG - 🔍 获取visibility信息: 形状=(21,), 范围=[1.000, 1.000]
2025-08-25 03:12:32,457 - DEBUG - 🔧 设置图像置信度权重: 21个点
2025-08-25 03:12:32,457 - DEBUG - 🔍 开始计算权重矩阵:
2025-08-25 03:12:32,457 - DEBUG -    点类型: ['pupil_center', 'iris_boundaries', 'iris_boundaries', 'iris_boundaries', 'iris_boundaries', 'eye_contours', 'eye_contours', 'eye_contours', 'eye_contours', 'eye_contours', 'eye_contours', 'eye_contours', 'eye_contours', 'eye_contours', 'eye_contours', 'eye_contours', 'eye_contours', 'eye_contours', 'eye_contours', 'eye_contours', 'eye_contours']
2025-08-25 03:12:32,460 - DEBUG -    残差向量: 形状=(21,), 范数=0.047781
2025-08-25 03:12:32,460 - DEBUG -    Visibility: 形状=(21,), 均值=1.000
2025-08-25 03:12:32,460 - DEBUG - 🔍 权重矩阵计算成功: 形状=(21, 21)
2025-08-25 03:12:32,460 - DEBUG - 🔍 几何权重统计:
2025-08-25 03:12:32,460 - DEBUG -    权重向量: [[1.]
 [1.]
 [1.]
 [1.]
 [1.]
 [1.]
 [1.]
 [1.]
 [1.]
 [1.]
 [1.]
 [1.]
 [1.]
 [1.]
 [1.]
 [1.]
 [1.]
 [1.]
 [1.]
 [1.]
 [1.]]
2025-08-25 03:12:32,460 - DEBUG -    权重范围: [1.000000, 1.000000]
2025-08-25 03:12:32,460 - DEBUG -    权重均值: 1.000000
2025-08-25 03:12:32,460 - DEBUG -    权重标准差: 0.000000
2025-08-25 03:12:32,460 - DEBUG -    高权重点(>0.8): 21/21
2025-08-25 03:12:32,460 - DEBUG -    低权重点(<0.2): 0/21
2025-08-25 03:12:32,460 - INFO - -----------------------------------------------------------------------------------
2025-08-25 03:12:32,460 - DEBUG - 🔍 开始求解LM更新方程:
2025-08-25 03:12:32,460 - DEBUG -    数据残差: 形状=(21,), 范数=0.047781
2025-08-25 03:12:32,460 - DEBUG -    约束残差: 形状=(1,), 范数=0.000039
2025-08-25 03:12:32,460 - DEBUG - 🔍 计算数据残差雅可比矩阵 J_f: 形状=(21, 4)
2025-08-25 03:12:32,463 - DEBUG - 🔍 J_f矩阵计算完成: 条件数=3.53e+01
2025-08-25 03:12:32,463 - DEBUG - 🔍 深度约束雅可比计算: u=-3.229231, σ=0.038080, J_h=[[ 0.         0.        -0.0380804  0.       ]]
2025-08-25 03:12:32,463 - DEBUG - 🔍 半径先验雅可比: J_r=[[0. 0. 0. 1.]]
2025-08-25 03:12:32,463 - DEBUG - 🔍 使用几何权重矩阵: 形状=(21, 21)
2025-08-25 03:12:32,463 - DEBUG - 🔍 Hessian矩阵计算:
2025-08-25 03:12:32,463 - DEBUG -    H_data = J_f^T W J_f: 形状=(4, 4), 条件数=1.24e+03
2025-08-25 03:12:32,463 - DEBUG -    H_h = λ_depth J_h^T J_h: 形状=(4, 4), λ_depth=1000.0
2025-08-25 03:12:32,463 - DEBUG -    H_r = λ_radius J_r^T J_r: 形状=(4, 4), λ_radius=20.0
2025-08-25 03:12:32,463 - DEBUG -    H_total: 形状=(4, 4), 条件数=3.60e+01
2025-08-25 03:12:32,463 - DEBUG - 🔍 梯度计算:
2025-08-25 03:12:32,463 - DEBUG -    g_data: 形状=(4,), 范数=0.249539
2025-08-25 03:12:32,463 - DEBUG -    g_h: 形状=(4,), 范数=0.001478
2025-08-25 03:12:32,463 - DEBUG -    g_r: 形状=(4,), 范数=0.059583
2025-08-25 03:12:32,463 - DEBUG -    g_total: 形状=(4,), 范数=0.208073
2025-08-25 03:12:32,463 - DEBUG - 🔍 LM阻尼矩阵: H_lm = H_total + 1000.0 * I
2025-08-25 03:12:32,463 - DEBUG -    H_lm条件数: 1.05e+00
2025-08-25 03:12:32,463 - DEBUG - 🔍 线性方程组求解成功:
2025-08-25 03:12:32,463 - DEBUG -    参数更新向量 Δθ: [[ 9.44343559e-06]
 [-1.54735447e-04]
 [ 2.78124610e-05]
 [ 1.22215806e-04]]
2025-08-25 03:12:32,463 - DEBUG -    更新向量范数: 0.000199
2025-08-25 03:12:32,463 - DEBUG -    各分量更新: Δc_x=0.000009, Δc_y=-0.000155, Δc_z=0.000028, Δr=0.000122
2025-08-25 03:12:32,468 - DEBUG -    参数更新:
2025-08-25 03:12:32,468 - DEBUG -      旧参数: [[0.09611276]
 [0.01436012]
 [0.60509336]
 [0.01497913]]
2025-08-25 03:12:32,468 - DEBUG -      更新向量: [[ 9.44343559e-06]
 [-1.54735447e-04]
 [ 2.78124610e-05]
 [ 1.22215806e-04]]
2025-08-25 03:12:32,468 - DEBUG -      新参数: [[0.0961222 ]
 [0.01420538]
 [0.60512117]
 [0.01510135]]
2025-08-25 03:12:32,468 - INFO - -----------------------------------------------------------------------------------
2025-08-25 03:12:32,468 - INFO - 🔍 迭代第10次，球心向左0.009443mm，向上0.154735mm，向后0.027812mm，半径变大0.122216mm
2025-08-25 03:12:32,468 - INFO - 📊 变化前: 中心(0.096, 0.014, 0.605), 半径14.98mm
2025-08-25 03:12:32,468 - INFO - 📊 变化后: 中心(0.096, 0.014, 0.605), 半径15.10mm
2025-08-25 03:12:32,468 - INFO - 📈 变化量: 中心移动0.16mm, 半径变化0.12mm
2025-08-25 03:12:32,470 - INFO - 📍 眼球中心: [0.09611276 0.01436012 0.60509336]
2025-08-25 03:12:32,470 - INFO - 📏 眼球半径: 14.98mm
2025-08-25 03:12:32,470 - INFO - 👁️ 瞳孔中心: [0.09492923 0.03476282 0.60166413]
2025-08-25 03:12:32,471 - INFO - 📐 眼球中心在瞳孔中心的右1.18mm，上20.40mm，后3.43mm
2025-08-25 03:12:32,473 - INFO - 📏 距离: 20.72mm
2025-08-25 03:12:32,473 - INFO - -----------------------------------------------------------------------------------
2025-08-25 03:12:32,473 - INFO - -----------------------------------------------------------------------------------
2025-08-25 03:12:32,473 - DEBUG - 🔍 参数有效性检查:
2025-08-25 03:12:32,473 - DEBUG -    参数向量: [[0.0961222 ]
 [0.01420538]
 [0.60512117]
 [0.01510135]]
2025-08-25 03:12:32,476 - DEBUG -    球心: [0.0961222  0.01420538 0.60512117]
2025-08-25 03:12:32,476 - DEBUG -    半径: 0.015101
2025-08-25 03:12:32,476 - DEBUG - 🔍 函数值计算详情:
2025-08-25 03:12:32,476 - DEBUG -    数据项 F(θ): 0.001142
2025-08-25 03:12:32,478 - DEBUG -    深度约束项: 0.000001
2025-08-25 03:12:32,478 - DEBUG -    半径先验项: 0.000089
2025-08-25 03:12:32,478 - DEBUG -    总函数值 Φ(θ): 0.001231
2025-08-25 03:12:32,478 - DEBUG -    函数值改善: 0.000000
2025-08-25 03:12:32,478 - DEBUG - 🔍 参数有效: True
2025-08-25 03:12:32,478 - DEBUG -    参数更新成功:
2025-08-25 03:12:32,478 - DEBUG -      新球心: [0.0961222  0.01420538 0.60512117]
2025-08-25 03:12:32,478 - DEBUG -      新半径: 0.015101
2025-08-25 03:12:32,478 - INFO - -----------------------------------------------------------------------------------
2025-08-25 03:12:32,478 - DEBUG - 🔍 LM收敛性检查:
2025-08-25 03:12:32,480 - DEBUG -    当前迭代次数: 10
2025-08-25 03:12:32,480 - DEBUG -    最大迭代次数: 30
2025-08-25 03:12:32,480 - DEBUG -    参数变化: 0.000199
2025-08-25 03:12:32,480 - DEBUG -    参数容忍度: 5e-06
2025-08-25 03:12:32,480 - DEBUG -    残差变化: 0.000000
2025-08-25 03:12:32,480 - DEBUG -    残差容忍度: 5e-06
2025-08-25 03:12:32,480 - DEBUG - 🔍 迭代 12/30:
2025-08-25 03:12:32,480 - DEBUG - 🔍 计算点到球心距离: 形状=(21,)
2025-08-25 03:12:32,480 - DEBUG - 🔍 生理偏差向量计算:
2025-08-25 03:12:32,480 - DEBUG -    点类型列表: ['pupil_center', 'iris_boundaries', 'iris_boundaries', 'iris_boundaries', 'iris_boundaries', 'eye_contours', 'eye_contours', 'eye_contours', 'eye_contours', 'eye_contours', 'eye_contours', 'eye_contours', 'eye_contours', 'eye_contours', 'eye_contours', 'eye_contours', 'eye_contours', 'eye_contours', 'eye_contours', 'eye_contours', 'eye_contours']
2025-08-25 03:12:32,480 - DEBUG -    偏差向量: [0.0002  0.00085 0.00085 0.00085 0.00085 0.0025  0.0025  0.0025  0.0025
 0.0025  0.0025  0.0025  0.0025  0.0025  0.0025  0.0025  0.0025  0.0025
 0.0025  0.0025  0.0025 ]
2025-08-25 03:12:32,480 - DEBUG -    向量形状: (21,)
2025-08-25 03:12:32,480 - DEBUG -    偏差统计: 均值=0.002076, 标准差=0.000769
2025-08-25 03:12:32,480 - DEBUG - 获取生理偏差: 点类型=['pupil_center', 'iris_boundaries', 'iris_boundaries', 'iris_boundaries', 'iris_boundaries', 'eye_contours', 'eye_contours', 'eye_contours', 'eye_contours', 'eye_contours', 'eye_contours', 'eye_contours', 'eye_contours', 'eye_contours', 'eye_contours', 'eye_contours', 'eye_contours', 'eye_contours', 'eye_contours', 'eye_contours', 'eye_contours'], 偏差值=[0.0002  0.00085 0.00085 0.00085 0.00085 0.0025  0.0025  0.0025  0.0025
 0.0025  0.0025  0.0025  0.0025  0.0025  0.0025  0.0025  0.0025  0.0025
 0.0025  0.0025  0.0025 ]
2025-08-25 03:12:32,480 - INFO - -----------------------------------------------------------------------------------
2025-08-25 03:12:32,480 - DEBUG - 🔍 拟合残差计算详情:
2025-08-25 03:12:32,480 - DEBUG -    球心坐标: [0.0961222  0.01420538 0.60512117]
2025-08-25 03:12:32,480 - DEBUG -    球体半径: 0.015101
2025-08-25 03:12:32,480 - DEBUG -    采样点数: 21
2025-08-25 03:12:32,480 - DEBUG -    点类型分布: {'eye_contours': 16, 'iris_boundaries': 4, 'pupil_center': 1}
2025-08-25 03:12:32,480 - DEBUG -    理论距离向量: [0.01530135 0.01595135 0.01595135 0.01595135 0.01595135 0.01760135
 0.01760135 0.01760135 0.01760135 0.01760135 0.01760135 0.01760135
 0.01760135 0.01760135 0.01760135 0.01760135 0.01760135 0.01760135
 0.01760135 0.01760135 0.01760135]
2025-08-25 03:12:32,480 - DEBUG -    实际距离向量: [0.02088019 0.02314793 0.01315724 0.02367479 0.02966414 0.03441948
 0.03072323 0.02415623 0.01834329 0.01721737 0.02108166 0.02545062
 0.02845704 0.03075999 0.03017035 0.02936029 0.02857316 0.02826674
 0.02902808 0.03096087 0.03330091]
2025-08-25 03:12:32,480 - DEBUG -    生理偏差向量: [0.0002  0.00085 0.00085 0.00085 0.00085 0.0025  0.0025  0.0025  0.0025
 0.0025  0.0025  0.0025  0.0025  0.0025  0.0025  0.0025  0.0025  0.0025
 0.0025  0.0025  0.0025 ]
2025-08-25 03:12:32,480 - DEBUG -    残差向量 f(θ): 
[[ 0.00557884]
 [ 0.00719658]
 [-0.00279411]
 [ 0.00772344]
 [ 0.01371279]
 [ 0.01681813]
 [ 0.01312188]
 [ 0.00655488]
 [ 0.00074194]
 [-0.00038398]
 [ 0.00348031]
 [ 0.00784927]
 [ 0.01085569]
 [ 0.01315864]
 [ 0.012569  ]
 [ 0.01175894]
 [ 0.01097181]
 [ 0.01066539]
 [ 0.01142673]
 [ 0.01335952]
 [ 0.01569956]]
2025-08-25 03:12:32,480 - DEBUG -    平均残差范数: 0.002278
2025-08-25 03:12:32,480 - DEBUG -    残差范数=0.047830
2025-08-25 03:12:32,480 - INFO - -----------------------------------------------------------------------------------
2025-08-25 03:12:32,480 - DEBUG - 🔍 深度约束计算详情 (softplus):
2025-08-25 03:12:32,480 - DEBUG -    采样点Z坐标范围: [0.600389, 0.601664]
2025-08-25 03:12:32,480 - DEBUG -    球心Z坐标: 0.605121
2025-08-25 03:12:32,480 - DEBUG -    深度偏移ε: 0.000200
2025-08-25 03:12:32,480 - DEBUG -    softplus参数τ: 0.001000
2025-08-25 03:12:32,489 - DEBUG -    原始违反值: -0.003257
2025-08-25 03:12:32,489 - DEBUG -    softplus输入 u: -3.257044
2025-08-25 03:12:32,489 - DEBUG -    约束惩罚 h(θ): 0.000038
2025-08-25 03:12:32,490 - DEBUG -    🟢 深度约束满足: 球心深度足够
2025-08-25 03:12:32,494 - INFO - -----------------------------------------------------------------------------------
2025-08-25 03:12:32,496 - DEBUG - 🔍 半径惩罚计算详情:
2025-08-25 03:12:32,496 - DEBUG -    当前半径: 0.015101
2025-08-25 03:12:32,496 - DEBUG -    半径先验值: 0.012000
2025-08-25 03:12:32,496 - DEBUG -    半径残差 r(θ): 0.003101
2025-08-25 03:12:32,496 - DEBUG -    数据残差 f(θ): [[ 0.00557884]
 [ 0.00719658]
 [-0.00279411]
 [ 0.00772344]
 [ 0.01371279]
 [ 0.01681813]
 [ 0.01312188]
 [ 0.00655488]
 [ 0.00074194]
 [-0.00038398]
 [ 0.00348031]
 [ 0.00784927]
 [ 0.01085569]
 [ 0.01315864]
 [ 0.012569  ]
 [ 0.01175894]
 [ 0.01097181]
 [ 0.01066539]
 [ 0.01142673]
 [ 0.01335952]
 [ 0.01569956]]
2025-08-25 03:12:32,496 - DEBUG -    约束残差 g(θ): [[3.77793478e-05]]
2025-08-25 03:12:32,496 - DEBUG -    半径残差 r(θ): [[0.00310135]]
2025-08-25 03:12:32,496 - DEBUG - 🔍 状态变化计算: 参数变化=0.000199, 残差变化=0.000050
2025-08-25 03:12:32,496 - INFO - -----------------------------------------------------------------------------------
2025-08-25 03:12:32,496 - DEBUG - 🔍 权重管理器状态更新详情:
2025-08-25 03:12:32,496 - DEBUG -    当前迭代: 11
2025-08-25 03:12:32,496 - DEBUG -    参数变化: 0.000199 (阈值: 0.000005)
2025-08-25 03:12:32,496 - DEBUG -    残差变化: 0.000050 (阈值: 0.000005)
2025-08-25 03:12:32,496 - DEBUG -    几何权重因子: 10
2025-08-25 03:12:32,496 - DEBUG - ⏸️ 保持图像置信度权重: 参数变化=1.99e-04, 残差变化=4.95e-05
2025-08-25 03:12:32,496 - DEBUG - 状态已保存: 参数=[0.0961222  0.01420538 0.60512117 0.01510135], 残差范数=0.047830
2025-08-25 03:12:32,496 - DEBUG - 🔍 获取visibility信息: 形状=(21,), 范围=[1.000, 1.000]
2025-08-25 03:12:32,496 - DEBUG - 🔧 设置图像置信度权重: 21个点
2025-08-25 03:12:32,496 - DEBUG - 🔍 开始计算权重矩阵:
2025-08-25 03:12:32,496 - DEBUG -    点类型: ['pupil_center', 'iris_boundaries', 'iris_boundaries', 'iris_boundaries', 'iris_boundaries', 'eye_contours', 'eye_contours', 'eye_contours', 'eye_contours', 'eye_contours', 'eye_contours', 'eye_contours', 'eye_contours', 'eye_contours', 'eye_contours', 'eye_contours', 'eye_contours', 'eye_contours', 'eye_contours', 'eye_contours', 'eye_contours']
2025-08-25 03:12:32,496 - DEBUG -    残差向量: 形状=(21,), 范数=0.047830
2025-08-25 03:12:32,496 - DEBUG -    Visibility: 形状=(21,), 均值=1.000
2025-08-25 03:12:32,496 - DEBUG - 🔍 权重矩阵计算成功: 形状=(21, 21)
2025-08-25 03:12:32,496 - DEBUG - 🔍 几何权重统计:
2025-08-25 03:12:32,496 - DEBUG -    权重向量: [[1.]
 [1.]
 [1.]
 [1.]
 [1.]
 [1.]
 [1.]
 [1.]
 [1.]
 [1.]
 [1.]
 [1.]
 [1.]
 [1.]
 [1.]
 [1.]
 [1.]
 [1.]
 [1.]
 [1.]
 [1.]]
2025-08-25 03:12:32,496 - DEBUG -    权重范围: [1.000000, 1.000000]
2025-08-25 03:12:32,496 - DEBUG -    权重均值: 1.000000
2025-08-25 03:12:32,496 - DEBUG -    权重标准差: 0.000000
2025-08-25 03:12:32,496 - DEBUG -    高权重点(>0.8): 21/21
2025-08-25 03:12:32,496 - DEBUG -    低权重点(<0.2): 0/21
2025-08-25 03:12:32,496 - INFO - -----------------------------------------------------------------------------------
2025-08-25 03:12:32,496 - DEBUG - 🔍 开始求解LM更新方程:
2025-08-25 03:12:32,496 - DEBUG -    数据残差: 形状=(21,), 范数=0.047830
2025-08-25 03:12:32,496 - DEBUG -    约束残差: 形状=(1,), 范数=0.000038
2025-08-25 03:12:32,496 - DEBUG - 🔍 计算数据残差雅可比矩阵 J_f: 形状=(21, 4)
2025-08-25 03:12:32,507 - DEBUG - 🔍 J_f矩阵计算完成: 条件数=3.56e+01
2025-08-25 03:12:32,509 - DEBUG - 🔍 深度约束雅可比计算: u=-3.257044, σ=0.037075, J_h=[[ 0.          0.         -0.03707461  0.        ]]
2025-08-25 03:12:32,509 - DEBUG - 🔍 半径先验雅可比: J_r=[[0. 0. 0. 1.]]
2025-08-25 03:12:32,509 - DEBUG - 🔍 使用几何权重矩阵: 形状=(21, 21)
2025-08-25 03:12:32,509 - DEBUG - 🔍 Hessian矩阵计算:
2025-08-25 03:12:32,509 - DEBUG -    H_data = J_f^T W J_f: 形状=(4, 4), 条件数=1.27e+03
2025-08-25 03:12:32,509 - DEBUG -    H_h = λ_depth J_h^T J_h: 形状=(4, 4), λ_depth=1000.0
2025-08-25 03:12:32,509 - DEBUG -    H_r = λ_radius J_r^T J_r: 形状=(4, 4), λ_radius=20.0
2025-08-25 03:12:32,509 - DEBUG -    H_total: 形状=(4, 4), 条件数=3.79e+01
2025-08-25 03:12:32,509 - DEBUG - 🔍 梯度计算:
2025-08-25 03:12:32,509 - DEBUG -    g_data: 形状=(4,), 范数=0.250190
2025-08-25 03:12:32,509 - DEBUG -    g_h: 形状=(4,), 范数=0.001401
2025-08-25 03:12:32,509 - DEBUG -    g_r: 形状=(4,), 范数=0.062027
2025-08-25 03:12:32,513 - DEBUG -    g_total: 形状=(4,), 范数=0.207226
2025-08-25 03:12:32,513 - DEBUG - 🔍 LM阻尼矩阵: H_lm = H_total + 1000.0 * I
2025-08-25 03:12:32,513 - DEBUG -    H_lm条件数: 1.05e+00
2025-08-25 03:12:32,513 - DEBUG - 🔍 线性方程组求解成功:
2025-08-25 03:12:32,513 - DEBUG -    参数更新向量 Δθ: [[ 9.50296482e-06]
 [-1.55336343e-04]
 [ 2.78596687e-05]
 [ 1.20185291e-04]]
2025-08-25 03:12:32,513 - DEBUG -    更新向量范数: 0.000199
2025-08-25 03:12:32,513 - DEBUG -    各分量更新: Δc_x=0.000010, Δc_y=-0.000155, Δc_z=0.000028, Δr=0.000120
2025-08-25 03:12:32,513 - DEBUG -    参数更新:
2025-08-25 03:12:32,513 - DEBUG -      旧参数: [[0.0961222 ]
 [0.01420538]
 [0.60512117]
 [0.01510135]]
2025-08-25 03:12:32,513 - DEBUG -      更新向量: [[ 9.50296482e-06]
 [-1.55336343e-04]
 [ 2.78596687e-05]
 [ 1.20185291e-04]]
2025-08-25 03:12:32,513 - DEBUG -      新参数: [[0.0961317 ]
 [0.01405004]
 [0.60514903]
 [0.01522153]]
2025-08-25 03:12:32,513 - INFO - -----------------------------------------------------------------------------------
2025-08-25 03:12:32,513 - INFO - 🔍 迭代第11次，球心向左0.009503mm，向上0.155336mm，向后0.027860mm，半径变大0.120185mm
2025-08-25 03:12:32,513 - INFO - 📊 变化前: 中心(0.096, 0.014, 0.605), 半径15.10mm
2025-08-25 03:12:32,513 - INFO - 📊 变化后: 中心(0.096, 0.014, 0.605), 半径15.22mm
2025-08-25 03:12:32,517 - INFO - 📈 变化量: 中心移动0.16mm, 半径变化0.12mm
2025-08-25 03:12:32,517 - INFO - 📍 眼球中心: [0.0961222  0.01420538 0.60512117]
2025-08-25 03:12:32,517 - INFO - 📏 眼球半径: 15.10mm
2025-08-25 03:12:32,517 - INFO - 👁️ 瞳孔中心: [0.09492923 0.03476282 0.60166413]
2025-08-25 03:12:32,517 - INFO - 📐 眼球中心在瞳孔中心的右1.19mm，上20.56mm，后3.46mm
2025-08-25 03:12:32,517 - INFO - 📏 距离: 20.88mm
2025-08-25 03:12:32,517 - INFO - -----------------------------------------------------------------------------------
2025-08-25 03:12:32,517 - INFO - -----------------------------------------------------------------------------------
2025-08-25 03:12:32,517 - DEBUG - 🔍 参数有效性检查:
2025-08-25 03:12:32,517 - DEBUG -    参数向量: [[0.0961317 ]
 [0.01405004]
 [0.60514903]
 [0.01522153]]
2025-08-25 03:12:32,519 - DEBUG -    球心: [0.0961317  0.01405004 0.60514903]
2025-08-25 03:12:32,519 - DEBUG -    半径: 0.015222
2025-08-25 03:12:32,594 - DEBUG - 🔍 函数值计算详情:
2025-08-25 03:12:32,649 - DEBUG -    数据项 F(θ): 0.001144
2025-08-25 03:12:32,659 - DEBUG -    深度约束项: 0.000001
2025-08-25 03:12:32,681 - DEBUG -    半径先验项: 0.000096
2025-08-25 03:12:32,695 - DEBUG -    总函数值 Φ(θ): 0.001241
2025-08-25 03:12:32,697 - DEBUG -    函数值改善: -0.000010
2025-08-25 03:12:32,713 - DEBUG - 🔍 参数有效: False
2025-08-25 03:12:32,713 - DEBUG -    参数无效，阻尼因子调整: λ_LM = 1.00e+04
2025-08-25 03:12:32,713 - DEBUG - 🔍 迭代 13/30:
2025-08-25 03:12:32,713 - DEBUG - 🔍 计算点到球心距离: 形状=(21,)
2025-08-25 03:12:32,713 - DEBUG - 🔍 生理偏差向量计算:
2025-08-25 03:12:32,713 - DEBUG -    点类型列表: ['pupil_center', 'iris_boundaries', 'iris_boundaries', 'iris_boundaries', 'iris_boundaries', 'eye_contours', 'eye_contours', 'eye_contours', 'eye_contours', 'eye_contours', 'eye_contours', 'eye_contours', 'eye_contours', 'eye_contours', 'eye_contours', 'eye_contours', 'eye_contours', 'eye_contours', 'eye_contours', 'eye_contours', 'eye_contours']
2025-08-25 03:12:32,713 - DEBUG -    偏差向量: [0.0002  0.00085 0.00085 0.00085 0.00085 0.0025  0.0025  0.0025  0.0025
 0.0025  0.0025  0.0025  0.0025  0.0025  0.0025  0.0025  0.0025  0.0025
 0.0025  0.0025  0.0025 ]
2025-08-25 03:12:32,718 - DEBUG -    向量形状: (21,)
2025-08-25 03:12:32,718 - DEBUG -    偏差统计: 均值=0.002076, 标准差=0.000769
2025-08-25 03:12:32,718 - DEBUG - 获取生理偏差: 点类型=['pupil_center', 'iris_boundaries', 'iris_boundaries', 'iris_boundaries', 'iris_boundaries', 'eye_contours', 'eye_contours', 'eye_contours', 'eye_contours', 'eye_contours', 'eye_contours', 'eye_contours', 'eye_contours', 'eye_contours', 'eye_contours', 'eye_contours', 'eye_contours', 'eye_contours', 'eye_contours', 'eye_contours', 'eye_contours'], 偏差值=[0.0002  0.00085 0.00085 0.00085 0.00085 0.0025  0.0025  0.0025  0.0025
 0.0025  0.0025  0.0025  0.0025  0.0025  0.0025  0.0025  0.0025  0.0025
 0.0025  0.0025  0.0025 ]
2025-08-25 03:12:32,718 - INFO - -----------------------------------------------------------------------------------
2025-08-25 03:12:32,718 - DEBUG - 🔍 拟合残差计算详情:
2025-08-25 03:12:32,718 - DEBUG -    球心坐标: [0.0961222  0.01420538 0.60512117]
2025-08-25 03:12:32,718 - DEBUG -    球体半径: 0.015101
2025-08-25 03:12:32,718 - DEBUG -    采样点数: 21
2025-08-25 03:12:32,718 - DEBUG -    点类型分布: {'eye_contours': 16, 'iris_boundaries': 4, 'pupil_center': 1}
2025-08-25 03:12:32,721 - DEBUG -    理论距离向量: [0.01530135 0.01595135 0.01595135 0.01595135 0.01595135 0.01760135
 0.01760135 0.01760135 0.01760135 0.01760135 0.01760135 0.01760135
 0.01760135 0.01760135 0.01760135 0.01760135 0.01760135 0.01760135
 0.01760135 0.01760135 0.01760135]
2025-08-25 03:12:32,721 - DEBUG -    实际距离向量: [0.02088019 0.02314793 0.01315724 0.02367479 0.02966414 0.03441948
 0.03072323 0.02415623 0.01834329 0.01721737 0.02108166 0.02545062
 0.02845704 0.03075999 0.03017035 0.02936029 0.02857316 0.02826674
 0.02902808 0.03096087 0.03330091]
2025-08-25 03:12:32,721 - DEBUG -    生理偏差向量: [0.0002  0.00085 0.00085 0.00085 0.00085 0.0025  0.0025  0.0025  0.0025
 0.0025  0.0025  0.0025  0.0025  0.0025  0.0025  0.0025  0.0025  0.0025
 0.0025  0.0025  0.0025 ]
2025-08-25 03:12:32,721 - DEBUG -    残差向量 f(θ): 
[[ 0.00557884]
 [ 0.00719658]
 [-0.00279411]
 [ 0.00772344]
 [ 0.01371279]
 [ 0.01681813]
 [ 0.01312188]
 [ 0.00655488]
 [ 0.00074194]
 [-0.00038398]
 [ 0.00348031]
 [ 0.00784927]
 [ 0.01085569]
 [ 0.01315864]
 [ 0.012569  ]
 [ 0.01175894]
 [ 0.01097181]
 [ 0.01066539]
 [ 0.01142673]
 [ 0.01335952]
 [ 0.01569956]]
2025-08-25 03:12:32,721 - DEBUG -    平均残差范数: 0.002278
2025-08-25 03:12:32,721 - DEBUG -    残差范数=0.047830
2025-08-25 03:12:32,721 - INFO - -----------------------------------------------------------------------------------
2025-08-25 03:12:32,721 - DEBUG - 🔍 深度约束计算详情 (softplus):
2025-08-25 03:12:32,721 - DEBUG -    采样点Z坐标范围: [0.600389, 0.601664]
2025-08-25 03:12:32,721 - DEBUG -    球心Z坐标: 0.605121
2025-08-25 03:12:32,721 - DEBUG -    深度偏移ε: 0.000200
2025-08-25 03:12:32,721 - DEBUG -    softplus参数τ: 0.001000
2025-08-25 03:12:32,721 - DEBUG -    原始违反值: -0.003257
2025-08-25 03:12:32,721 - DEBUG -    softplus输入 u: -3.257044
2025-08-25 03:12:32,721 - DEBUG -    约束惩罚 h(θ): 0.000038
2025-08-25 03:12:32,721 - DEBUG -    🟢 深度约束满足: 球心深度足够
2025-08-25 03:12:32,721 - INFO - -----------------------------------------------------------------------------------
2025-08-25 03:12:32,721 - DEBUG - 🔍 半径惩罚计算详情:
2025-08-25 03:12:32,721 - DEBUG -    当前半径: 0.015101
2025-08-25 03:12:32,721 - DEBUG -    半径先验值: 0.012000
2025-08-25 03:12:32,721 - DEBUG -    半径残差 r(θ): 0.003101
2025-08-25 03:12:32,721 - DEBUG -    数据残差 f(θ): [[ 0.00557884]
 [ 0.00719658]
 [-0.00279411]
 [ 0.00772344]
 [ 0.01371279]
 [ 0.01681813]
 [ 0.01312188]
 [ 0.00655488]
 [ 0.00074194]
 [-0.00038398]
 [ 0.00348031]
 [ 0.00784927]
 [ 0.01085569]
 [ 0.01315864]
 [ 0.012569  ]
 [ 0.01175894]
 [ 0.01097181]
 [ 0.01066539]
 [ 0.01142673]
 [ 0.01335952]
 [ 0.01569956]]
2025-08-25 03:12:32,721 - DEBUG -    约束残差 g(θ): [[3.77793478e-05]]
2025-08-25 03:12:32,721 - DEBUG -    半径残差 r(θ): [[0.00310135]]
2025-08-25 03:12:32,721 - DEBUG - 🔍 状态变化计算: 参数变化=0.000000, 残差变化=0.000000
2025-08-25 03:12:32,721 - INFO - -----------------------------------------------------------------------------------
2025-08-25 03:12:32,721 - DEBUG - 🔍 权重管理器状态更新详情:
2025-08-25 03:12:32,721 - DEBUG -    当前迭代: 12
2025-08-25 03:12:32,721 - DEBUG -    参数变化: 0.000000 (阈值: 0.000005)
2025-08-25 03:12:32,721 - DEBUG -    残差变化: 0.000000 (阈值: 0.000005)
2025-08-25 03:12:32,730 - DEBUG -    几何权重因子: 10
2025-08-25 03:12:32,730 - DEBUG - ⏸️ 保持图像置信度权重: 参数变化=0.00e+00, 残差变化=0.00e+00
2025-08-25 03:12:32,730 - DEBUG - 状态已保存: 参数=[0.0961222  0.01420538 0.60512117 0.01510135], 残差范数=0.047830
2025-08-25 03:12:32,730 - DEBUG - 🔍 获取visibility信息: 形状=(21,), 范围=[1.000, 1.000]
2025-08-25 03:12:32,730 - DEBUG - 🔧 设置图像置信度权重: 21个点
2025-08-25 03:12:32,730 - DEBUG - 🔍 开始计算权重矩阵:
2025-08-25 03:12:32,730 - DEBUG -    点类型: ['pupil_center', 'iris_boundaries', 'iris_boundaries', 'iris_boundaries', 'iris_boundaries', 'eye_contours', 'eye_contours', 'eye_contours', 'eye_contours', 'eye_contours', 'eye_contours', 'eye_contours', 'eye_contours', 'eye_contours', 'eye_contours', 'eye_contours', 'eye_contours', 'eye_contours', 'eye_contours', 'eye_contours', 'eye_contours']
2025-08-25 03:12:32,730 - DEBUG -    残差向量: 形状=(21,), 范数=0.047830
2025-08-25 03:12:32,730 - DEBUG -    Visibility: 形状=(21,), 均值=1.000
2025-08-25 03:12:32,730 - DEBUG - 🔍 权重矩阵计算成功: 形状=(21, 21)
2025-08-25 03:12:32,730 - DEBUG - 🔍 几何权重统计:
2025-08-25 03:12:32,730 - DEBUG -    权重向量: [[1.]
 [1.]
 [1.]
 [1.]
 [1.]
 [1.]
 [1.]
 [1.]
 [1.]
 [1.]
 [1.]
 [1.]
 [1.]
 [1.]
 [1.]
 [1.]
 [1.]
 [1.]
 [1.]
 [1.]
 [1.]]
2025-08-25 03:12:32,733 - DEBUG -    权重范围: [1.000000, 1.000000]
2025-08-25 03:12:32,733 - DEBUG -    权重均值: 1.000000
2025-08-25 03:12:32,733 - DEBUG -    权重标准差: 0.000000
2025-08-25 03:12:32,733 - DEBUG -    高权重点(>0.8): 21/21
2025-08-25 03:12:32,733 - DEBUG -    低权重点(<0.2): 0/21
2025-08-25 03:12:32,733 - INFO - -----------------------------------------------------------------------------------
2025-08-25 03:12:32,733 - DEBUG - 🔍 开始求解LM更新方程:
2025-08-25 03:12:32,733 - DEBUG -    数据残差: 形状=(21,), 范数=0.047830
2025-08-25 03:12:32,733 - DEBUG -    约束残差: 形状=(1,), 范数=0.000038
2025-08-25 03:12:32,733 - DEBUG - 🔍 计算数据残差雅可比矩阵 J_f: 形状=(21, 4)
2025-08-25 03:12:32,733 - DEBUG - 🔍 J_f矩阵计算完成: 条件数=3.56e+01
2025-08-25 03:12:32,733 - DEBUG - 🔍 深度约束雅可比计算: u=-3.257044, σ=0.037075, J_h=[[ 0.          0.         -0.03707461  0.        ]]
2025-08-25 03:12:32,733 - DEBUG - 🔍 半径先验雅可比: J_r=[[0. 0. 0. 1.]]
2025-08-25 03:12:32,733 - DEBUG - 🔍 使用几何权重矩阵: 形状=(21, 21)
2025-08-25 03:12:32,733 - DEBUG - 🔍 Hessian矩阵计算:
2025-08-25 03:12:32,733 - DEBUG -    H_data = J_f^T W J_f: 形状=(4, 4), 条件数=1.27e+03
2025-08-25 03:12:32,733 - DEBUG -    H_h = λ_depth J_h^T J_h: 形状=(4, 4), λ_depth=1000.0
2025-08-25 03:12:32,733 - DEBUG -    H_r = λ_radius J_r^T J_r: 形状=(4, 4), λ_radius=20.0
2025-08-25 03:12:32,738 - DEBUG -    H_total: 形状=(4, 4), 条件数=3.79e+01
2025-08-25 03:12:32,738 - DEBUG - 🔍 梯度计算:
2025-08-25 03:12:32,738 - DEBUG -    g_data: 形状=(4,), 范数=0.250190
2025-08-25 03:12:32,738 - DEBUG -    g_h: 形状=(4,), 范数=0.001401
2025-08-25 03:12:32,738 - DEBUG -    g_r: 形状=(4,), 范数=0.062027
2025-08-25 03:12:32,738 - DEBUG -    g_total: 形状=(4,), 范数=0.207226
2025-08-25 03:12:32,738 - DEBUG - 🔍 LM阻尼矩阵: H_lm = H_total + 10000.0 * I
2025-08-25 03:12:32,738 - DEBUG -    H_lm条件数: 1.00e+00
2025-08-25 03:12:32,738 - DEBUG - 🔍 线性方程组求解成功:
2025-08-25 03:12:32,740 - DEBUG -    参数更新向量 Δθ: [[ 9.59661859e-07]
 [-1.59587359e-05]
 [ 2.87178135e-06]
 [ 1.27216135e-05]]
2025-08-25 03:12:32,740 - DEBUG -    更新向量范数: 0.000021
2025-08-25 03:12:32,740 - DEBUG -    各分量更新: Δc_x=0.000001, Δc_y=-0.000016, Δc_z=0.000003, Δr=0.000013
2025-08-25 03:12:32,740 - DEBUG -    参数更新:
2025-08-25 03:12:32,740 - DEBUG -      旧参数: [[0.0961222 ]
 [0.01420538]
 [0.60512117]
 [0.01510135]]
2025-08-25 03:12:32,740 - DEBUG -      更新向量: [[ 9.59661859e-07]
 [-1.59587359e-05]
 [ 2.87178135e-06]
 [ 1.27216135e-05]]
2025-08-25 03:12:32,742 - DEBUG -      新参数: [[0.09612316]
 [0.01418942]
 [0.60512404]
 [0.01511407]]
2025-08-25 03:12:32,742 - INFO - -----------------------------------------------------------------------------------
2025-08-25 03:12:32,742 - INFO - 🔍 迭代第12次，球心向左0.000960mm，向上0.015959mm，向后0.002872mm，半径变大0.012722mm
2025-08-25 03:12:32,742 - INFO - 📊 变化前: 中心(0.096, 0.014, 0.605), 半径15.10mm
2025-08-25 03:12:32,742 - INFO - 📊 变化后: 中心(0.096, 0.014, 0.605), 半径15.11mm
2025-08-25 03:12:32,742 - INFO - 📈 变化量: 中心移动0.02mm, 半径变化0.01mm
2025-08-25 03:12:32,744 - INFO - 📍 眼球中心: [0.0961222  0.01420538 0.60512117]
2025-08-25 03:12:32,744 - INFO - 📏 眼球半径: 15.10mm
2025-08-25 03:12:32,744 - INFO - 👁️ 瞳孔中心: [0.09492923 0.03476282 0.60166413]
2025-08-25 03:12:32,744 - INFO - 📐 眼球中心在瞳孔中心的右1.19mm，上20.56mm，后3.46mm
2025-08-25 03:12:32,744 - INFO - 📏 距离: 20.88mm
2025-08-25 03:12:32,744 - INFO - -----------------------------------------------------------------------------------
2025-08-25 03:12:32,744 - INFO - -----------------------------------------------------------------------------------
2025-08-25 03:12:32,744 - DEBUG - 🔍 参数有效性检查:
2025-08-25 03:12:32,744 - DEBUG -    参数向量: [[0.09612316]
 [0.01418942]
 [0.60512404]
 [0.01511407]]
2025-08-25 03:12:32,746 - DEBUG -    球心: [0.09612316 0.01418942 0.60512404]
2025-08-25 03:12:32,746 - DEBUG -    半径: 0.015114
2025-08-25 03:12:32,746 - DEBUG - 🔍 函数值计算详情:
2025-08-25 03:12:32,746 - DEBUG -    数据项 F(θ): 0.001144
2025-08-25 03:12:32,746 - DEBUG -    深度约束项: 0.000001
2025-08-25 03:12:32,746 - DEBUG -    半径先验项: 0.000096
2025-08-25 03:12:32,746 - DEBUG -    总函数值 Φ(θ): 0.001241
2025-08-25 03:12:32,746 - DEBUG -    函数值改善: 0.000000
2025-08-25 03:12:32,746 - DEBUG - 🔍 参数有效: True
2025-08-25 03:12:32,746 - DEBUG -    参数更新成功:
2025-08-25 03:12:32,748 - DEBUG -      新球心: [0.09612316 0.01418942 0.60512404]
2025-08-25 03:12:32,748 - DEBUG -      新半径: 0.015114
2025-08-25 03:12:32,748 - INFO - -----------------------------------------------------------------------------------
2025-08-25 03:12:32,748 - DEBUG - 🔍 LM收敛性检查:
2025-08-25 03:12:32,748 - DEBUG -    当前迭代次数: 12
2025-08-25 03:12:32,748 - DEBUG -    最大迭代次数: 30
2025-08-25 03:12:32,748 - DEBUG -    参数变化: 0.000021
2025-08-25 03:12:32,748 - DEBUG -    参数容忍度: 5e-06
2025-08-25 03:12:32,748 - DEBUG -    残差变化: 0.000000
2025-08-25 03:12:32,748 - DEBUG -    残差容忍度: 5e-06
2025-08-25 03:12:32,748 - DEBUG - 🔍 迭代 14/30:
2025-08-25 03:12:32,764 - DEBUG - 🔍 计算点到球心距离: 形状=(21,)
2025-08-25 03:12:32,770 - DEBUG - 🔍 生理偏差向量计算:
2025-08-25 03:12:32,785 - DEBUG -    点类型列表: ['pupil_center', 'iris_boundaries', 'iris_boundaries', 'iris_boundaries', 'iris_boundaries', 'eye_contours', 'eye_contours', 'eye_contours', 'eye_contours', 'eye_contours', 'eye_contours', 'eye_contours', 'eye_contours', 'eye_contours', 'eye_contours', 'eye_contours', 'eye_contours', 'eye_contours', 'eye_contours', 'eye_contours', 'eye_contours']
2025-08-25 03:12:32,785 - DEBUG -    偏差向量: [0.0002  0.00085 0.00085 0.00085 0.00085 0.0025  0.0025  0.0025  0.0025
 0.0025  0.0025  0.0025  0.0025  0.0025  0.0025  0.0025  0.0025  0.0025
 0.0025  0.0025  0.0025 ]
2025-08-25 03:12:32,789 - DEBUG -    向量形状: (21,)
2025-08-25 03:12:32,789 - DEBUG -    偏差统计: 均值=0.002076, 标准差=0.000769
2025-08-25 03:12:32,791 - DEBUG - 获取生理偏差: 点类型=['pupil_center', 'iris_boundaries', 'iris_boundaries', 'iris_boundaries', 'iris_boundaries', 'eye_contours', 'eye_contours', 'eye_contours', 'eye_contours', 'eye_contours', 'eye_contours', 'eye_contours', 'eye_contours', 'eye_contours', 'eye_contours', 'eye_contours', 'eye_contours', 'eye_contours', 'eye_contours', 'eye_contours', 'eye_contours'], 偏差值=[0.0002  0.00085 0.00085 0.00085 0.00085 0.0025  0.0025  0.0025  0.0025
 0.0025  0.0025  0.0025  0.0025  0.0025  0.0025  0.0025  0.0025  0.0025
 0.0025  0.0025  0.0025 ]
2025-08-25 03:12:32,791 - INFO - -----------------------------------------------------------------------------------
2025-08-25 03:12:32,791 - DEBUG - 🔍 拟合残差计算详情:
2025-08-25 03:12:32,791 - DEBUG -    球心坐标: [0.09612316 0.01418942 0.60512404]
2025-08-25 03:12:32,793 - DEBUG -    球体半径: 0.015114
2025-08-25 03:12:32,793 - DEBUG -    采样点数: 21
2025-08-25 03:12:32,793 - DEBUG -    点类型分布: {'eye_contours': 16, 'iris_boundaries': 4, 'pupil_center': 1}
2025-08-25 03:12:32,793 - DEBUG -    理论距离向量: [0.01531407 0.01596407 0.01596407 0.01596407 0.01596407 0.01761407
 0.01761407 0.01761407 0.01761407 0.01761407 0.01761407 0.01761407
 0.01761407 0.01761407 0.01761407 0.01761407 0.01761407 0.01761407
 0.01761407 0.01761407 0.01761407]
2025-08-25 03:12:32,793 - DEBUG -    实际距离向量: [0.02089644 0.02316271 0.0131734  0.02368971 0.02968036 0.03443206
 0.03073595 0.02416978 0.01835885 0.01723328 0.02109537 0.02546309
 0.02846896 0.03077151 0.03018339 0.02937453 0.02858861 0.02828297
 0.02904385 0.03097525 0.03331415]
2025-08-25 03:12:32,795 - DEBUG -    生理偏差向量: [0.0002  0.00085 0.00085 0.00085 0.00085 0.0025  0.0025  0.0025  0.0025
 0.0025  0.0025  0.0025  0.0025  0.0025  0.0025  0.0025  0.0025  0.0025
 0.0025  0.0025  0.0025 ]
2025-08-25 03:12:32,795 - DEBUG -    残差向量 f(θ): 
[[ 0.00558237]
 [ 0.00719864]
 [-0.00279067]
 [ 0.00772563]
 [ 0.01371629]
 [ 0.01681799]
 [ 0.01312188]
 [ 0.00655571]
 [ 0.00074478]
 [-0.00038079]
 [ 0.0034813 ]
 [ 0.00784902]
 [ 0.01085489]
 [ 0.01315744]
 [ 0.01256932]
 [ 0.01176046]
 [ 0.01097453]
 [ 0.0106689 ]
 [ 0.01142978]
 [ 0.01336118]
 [ 0.01570008]]
2025-08-25 03:12:32,795 - DEBUG -    平均残差范数: 0.002278
2025-08-25 03:12:32,795 - DEBUG -    残差范数=0.047835
2025-08-25 03:12:32,795 - INFO - -----------------------------------------------------------------------------------
2025-08-25 03:12:32,795 - DEBUG - 🔍 深度约束计算详情 (softplus):
2025-08-25 03:12:32,795 - DEBUG -    采样点Z坐标范围: [0.600389, 0.601664]
2025-08-25 03:12:32,795 - DEBUG -    球心Z坐标: 0.605124
2025-08-25 03:12:32,797 - DEBUG -    深度偏移ε: 0.000200
2025-08-25 03:12:32,797 - DEBUG -    softplus参数τ: 0.001000
2025-08-25 03:12:32,797 - DEBUG -    原始违反值: -0.003260
2025-08-25 03:12:32,797 - DEBUG -    softplus输入 u: -3.259915
2025-08-25 03:12:32,797 - DEBUG -    约束惩罚 h(θ): 0.000038
2025-08-25 03:12:32,797 - DEBUG -    🟢 深度约束满足: 球心深度足够
2025-08-25 03:12:32,797 - INFO - -----------------------------------------------------------------------------------
2025-08-25 03:12:32,797 - DEBUG - 🔍 半径惩罚计算详情:
2025-08-25 03:12:32,797 - DEBUG -    当前半径: 0.015114
2025-08-25 03:12:32,797 - DEBUG -    半径先验值: 0.012000
2025-08-25 03:12:32,797 - DEBUG -    半径残差 r(θ): 0.003114
2025-08-25 03:12:32,797 - DEBUG -    数据残差 f(θ): [[ 0.00558237]
 [ 0.00719864]
 [-0.00279067]
 [ 0.00772563]
 [ 0.01371629]
 [ 0.01681799]
 [ 0.01312188]
 [ 0.00655571]
 [ 0.00074478]
 [-0.00038079]
 [ 0.0034813 ]
 [ 0.00784902]
 [ 0.01085489]
 [ 0.01315744]
 [ 0.01256932]
 [ 0.01176046]
 [ 0.01097453]
 [ 0.0106689 ]
 [ 0.01142978]
 [ 0.01336118]
 [ 0.01570008]]
2025-08-25 03:12:32,799 - DEBUG -    约束残差 g(θ): [[3.76730247e-05]]
2025-08-25 03:12:32,799 - DEBUG -    半径残差 r(θ): [[0.00311407]]
2025-08-25 03:12:32,799 - DEBUG - 🔍 状态变化计算: 参数变化=0.000021, 残差变化=0.000005
2025-08-25 03:12:32,799 - INFO - -----------------------------------------------------------------------------------
2025-08-25 03:12:32,799 - DEBUG - 🔍 权重管理器状态更新详情:
2025-08-25 03:12:32,799 - DEBUG -    当前迭代: 13
2025-08-25 03:12:32,799 - DEBUG -    参数变化: 0.000021 (阈值: 0.000005)
2025-08-25 03:12:32,799 - DEBUG -    残差变化: 0.000005 (阈值: 0.000005)
2025-08-25 03:12:32,799 - DEBUG -    几何权重因子: 10
2025-08-25 03:12:32,799 - DEBUG - ⏸️ 保持图像置信度权重: 参数变化=2.06e-05, 残差变化=4.70e-06
2025-08-25 03:12:32,799 - DEBUG - 状态已保存: 参数=[0.09612316 0.01418942 0.60512404 0.01511407], 残差范数=0.047835
2025-08-25 03:12:32,801 - DEBUG - 🔍 获取visibility信息: 形状=(21,), 范围=[1.000, 1.000]
2025-08-25 03:12:32,801 - DEBUG - 🔧 设置图像置信度权重: 21个点
2025-08-25 03:12:32,801 - DEBUG - 🔍 开始计算权重矩阵:
2025-08-25 03:12:32,801 - DEBUG -    点类型: ['pupil_center', 'iris_boundaries', 'iris_boundaries', 'iris_boundaries', 'iris_boundaries', 'eye_contours', 'eye_contours', 'eye_contours', 'eye_contours', 'eye_contours', 'eye_contours', 'eye_contours', 'eye_contours', 'eye_contours', 'eye_contours', 'eye_contours', 'eye_contours', 'eye_contours', 'eye_contours', 'eye_contours', 'eye_contours']
2025-08-25 03:12:32,801 - DEBUG -    残差向量: 形状=(21,), 范数=0.047835
2025-08-25 03:12:32,801 - DEBUG -    Visibility: 形状=(21,), 均值=1.000
2025-08-25 03:12:32,801 - DEBUG - 🔍 权重矩阵计算成功: 形状=(21, 21)
2025-08-25 03:12:32,801 - DEBUG - 🔍 几何权重统计:
2025-08-25 03:12:32,801 - DEBUG -    权重向量: [[1.]
 [1.]
 [1.]
 [1.]
 [1.]
 [1.]
 [1.]
 [1.]
 [1.]
 [1.]
 [1.]
 [1.]
 [1.]
 [1.]
 [1.]
 [1.]
 [1.]
 [1.]
 [1.]
 [1.]
 [1.]]
2025-08-25 03:12:32,803 - DEBUG -    权重范围: [1.000000, 1.000000]
2025-08-25 03:12:32,803 - DEBUG -    权重均值: 1.000000
2025-08-25 03:12:32,803 - DEBUG -    权重标准差: 0.000000
2025-08-25 03:12:32,803 - DEBUG -    高权重点(>0.8): 21/21
2025-08-25 03:12:32,803 - DEBUG -    低权重点(<0.2): 0/21
2025-08-25 03:12:32,803 - INFO - -----------------------------------------------------------------------------------
2025-08-25 03:12:32,803 - DEBUG - 🔍 开始求解LM更新方程:
2025-08-25 03:12:32,803 - DEBUG -    数据残差: 形状=(21,), 范数=0.047835
2025-08-25 03:12:32,803 - DEBUG -    约束残差: 形状=(1,), 范数=0.000038
2025-08-25 03:12:32,803 - DEBUG - 🔍 计算数据残差雅可比矩阵 J_f: 形状=(21, 4)
2025-08-25 03:12:32,803 - DEBUG - 🔍 J_f矩阵计算完成: 条件数=3.56e+01
2025-08-25 03:12:32,803 - DEBUG - 🔍 深度约束雅可比计算: u=-3.259915, σ=0.036972, J_h=[[ 0.          0.         -0.03697222  0.        ]]
2025-08-25 03:12:32,803 - DEBUG - 🔍 半径先验雅可比: J_r=[[0. 0. 0. 1.]]
2025-08-25 03:12:32,803 - DEBUG - 🔍 使用几何权重矩阵: 形状=(21, 21)
2025-08-25 03:12:32,803 - DEBUG - 🔍 Hessian矩阵计算:
2025-08-25 03:12:32,803 - DEBUG -    H_data = J_f^T W J_f: 形状=(4, 4), 条件数=1.27e+03
2025-08-25 03:12:32,803 - DEBUG -    H_h = λ_depth J_h^T J_h: 形状=(4, 4), λ_depth=1000.0
2025-08-25 03:12:32,803 - DEBUG -    H_r = λ_radius J_r^T J_r: 形状=(4, 4), λ_radius=20.0
2025-08-25 03:12:32,803 - DEBUG -    H_total: 形状=(4, 4), 条件数=3.81e+01
2025-08-25 03:12:32,803 - DEBUG - 🔍 梯度计算:
2025-08-25 03:12:32,803 - DEBUG -    g_data: 形状=(4,), 范数=0.250254
2025-08-25 03:12:32,803 - DEBUG -    g_h: 形状=(4,), 范数=0.001393
2025-08-25 03:12:32,803 - DEBUG -    g_r: 形状=(4,), 范数=0.062281
2025-08-25 03:12:32,803 - DEBUG -    g_total: 形状=(4,), 范数=0.207136
2025-08-25 03:12:32,803 - DEBUG - 🔍 LM阻尼矩阵: H_lm = H_total + 10000.0 * I
2025-08-25 03:12:32,803 - DEBUG -    H_lm条件数: 1.00e+00
2025-08-25 03:12:32,803 - DEBUG - 🔍 线性方程组求解成功:
2025-08-25 03:12:32,803 - DEBUG -    参数更新向量 Δθ: [[ 9.60263675e-07]
 [-1.59645630e-05]
 [ 2.87219362e-06]
 [ 1.26995898e-05]]
2025-08-25 03:12:32,803 - DEBUG -    更新向量范数: 0.000021
2025-08-25 03:12:32,803 - DEBUG -    各分量更新: Δc_x=0.000001, Δc_y=-0.000016, Δc_z=0.000003, Δr=0.000013
2025-08-25 03:12:32,803 - DEBUG -    参数更新:
2025-08-25 03:12:32,803 - DEBUG -      旧参数: [[0.09612316]
 [0.01418942]
 [0.60512404]
 [0.01511407]]
2025-08-25 03:12:32,803 - DEBUG -      更新向量: [[ 9.60263675e-07]
 [-1.59645630e-05]
 [ 2.87219362e-06]
 [ 1.26995898e-05]]
2025-08-25 03:12:32,803 - DEBUG -      新参数: [[0.09612412]
 [0.01417346]
 [0.60512691]
 [0.01512677]]
2025-08-25 03:12:32,803 - INFO - -----------------------------------------------------------------------------------
2025-08-25 03:12:32,803 - INFO - 🔍 迭代第13次，球心向左0.000960mm，向上0.015965mm，向后0.002872mm，半径变大0.012700mm
2025-08-25 03:12:32,811 - INFO - 📊 变化前: 中心(0.096, 0.014, 0.605), 半径15.11mm
2025-08-25 03:12:32,811 - INFO - 📊 变化后: 中心(0.096, 0.014, 0.605), 半径15.13mm
2025-08-25 03:12:32,811 - INFO - 📈 变化量: 中心移动0.02mm, 半径变化0.01mm
2025-08-25 03:12:32,811 - INFO - 📍 眼球中心: [0.09612316 0.01418942 0.60512404]
2025-08-25 03:12:32,811 - INFO - 📏 眼球半径: 15.11mm
2025-08-25 03:12:32,811 - INFO - 👁️ 瞳孔中心: [0.09492923 0.03476282 0.60166413]
2025-08-25 03:12:32,811 - INFO - 📐 眼球中心在瞳孔中心的右1.19mm，上20.57mm，后3.46mm
2025-08-25 03:12:32,811 - INFO - 📏 距离: 20.90mm
2025-08-25 03:12:32,811 - INFO - -----------------------------------------------------------------------------------
2025-08-25 03:12:32,811 - INFO - -----------------------------------------------------------------------------------
2025-08-25 03:12:32,811 - DEBUG - 🔍 参数有效性检查:
2025-08-25 03:12:32,811 - DEBUG -    参数向量: [[0.09612412]
 [0.01417346]
 [0.60512691]
 [0.01512677]]
2025-08-25 03:12:32,811 - DEBUG -    球心: [0.09612412 0.01417346 0.60512691]
2025-08-25 03:12:32,811 - DEBUG -    半径: 0.015127
2025-08-25 03:12:32,811 - DEBUG - 🔍 函数值计算详情:
2025-08-25 03:12:32,811 - DEBUG -    数据项 F(θ): 0.001144
2025-08-25 03:12:32,811 - DEBUG -    深度约束项: 0.000001
2025-08-25 03:12:32,811 - DEBUG -    半径先验项: 0.000097
2025-08-25 03:12:32,811 - DEBUG -    总函数值 Φ(θ): 0.001242
2025-08-25 03:12:32,811 - DEBUG -    函数值改善: -0.000001
2025-08-25 03:12:32,811 - DEBUG - 🔍 参数有效: False
2025-08-25 03:12:32,811 - DEBUG -    参数无效，阻尼因子调整: λ_LM = 1.00e+05
2025-08-25 03:12:32,811 - DEBUG - 🔍 迭代 15/30:
2025-08-25 03:12:32,811 - DEBUG - 🔍 计算点到球心距离: 形状=(21,)
2025-08-25 03:12:32,811 - DEBUG - 🔍 生理偏差向量计算:
2025-08-25 03:12:32,811 - DEBUG -    点类型列表: ['pupil_center', 'iris_boundaries', 'iris_boundaries', 'iris_boundaries', 'iris_boundaries', 'eye_contours', 'eye_contours', 'eye_contours', 'eye_contours', 'eye_contours', 'eye_contours', 'eye_contours', 'eye_contours', 'eye_contours', 'eye_contours', 'eye_contours', 'eye_contours', 'eye_contours', 'eye_contours', 'eye_contours', 'eye_contours']
2025-08-25 03:12:32,811 - DEBUG -    偏差向量: [0.0002  0.00085 0.00085 0.00085 0.00085 0.0025  0.0025  0.0025  0.0025
 0.0025  0.0025  0.0025  0.0025  0.0025  0.0025  0.0025  0.0025  0.0025
 0.0025  0.0025  0.0025 ]
2025-08-25 03:12:32,811 - DEBUG -    向量形状: (21,)
2025-08-25 03:12:32,811 - DEBUG -    偏差统计: 均值=0.002076, 标准差=0.000769
2025-08-25 03:12:32,811 - DEBUG - 获取生理偏差: 点类型=['pupil_center', 'iris_boundaries', 'iris_boundaries', 'iris_boundaries', 'iris_boundaries', 'eye_contours', 'eye_contours', 'eye_contours', 'eye_contours', 'eye_contours', 'eye_contours', 'eye_contours', 'eye_contours', 'eye_contours', 'eye_contours', 'eye_contours', 'eye_contours', 'eye_contours', 'eye_contours', 'eye_contours', 'eye_contours'], 偏差值=[0.0002  0.00085 0.00085 0.00085 0.00085 0.0025  0.0025  0.0025  0.0025
 0.0025  0.0025  0.0025  0.0025  0.0025  0.0025  0.0025  0.0025  0.0025
 0.0025  0.0025  0.0025 ]
2025-08-25 03:12:32,811 - INFO - -----------------------------------------------------------------------------------
2025-08-25 03:12:32,811 - DEBUG - 🔍 拟合残差计算详情:
2025-08-25 03:12:32,811 - DEBUG -    球心坐标: [0.09612316 0.01418942 0.60512404]
2025-08-25 03:12:32,811 - DEBUG -    球体半径: 0.015114
2025-08-25 03:12:32,811 - DEBUG -    采样点数: 21
2025-08-25 03:12:32,811 - DEBUG -    点类型分布: {'eye_contours': 16, 'iris_boundaries': 4, 'pupil_center': 1}
2025-08-25 03:12:32,811 - DEBUG -    理论距离向量: [0.01531407 0.01596407 0.01596407 0.01596407 0.01596407 0.01761407
 0.01761407 0.01761407 0.01761407 0.01761407 0.01761407 0.01761407
 0.01761407 0.01761407 0.01761407 0.01761407 0.01761407 0.01761407
 0.01761407 0.01761407 0.01761407]
2025-08-25 03:12:32,811 - DEBUG -    实际距离向量: [0.02089644 0.02316271 0.0131734  0.02368971 0.02968036 0.03443206
 0.03073595 0.02416978 0.01835885 0.01723328 0.02109537 0.02546309
 0.02846896 0.03077151 0.03018339 0.02937453 0.02858861 0.02828297
 0.02904385 0.03097525 0.03331415]
2025-08-25 03:12:32,811 - DEBUG -    生理偏差向量: [0.0002  0.00085 0.00085 0.00085 0.00085 0.0025  0.0025  0.0025  0.0025
 0.0025  0.0025  0.0025  0.0025  0.0025  0.0025  0.0025  0.0025  0.0025
 0.0025  0.0025  0.0025 ]
2025-08-25 03:12:32,811 - DEBUG -    残差向量 f(θ): 
[[ 0.00558237]
 [ 0.00719864]
 [-0.00279067]
 [ 0.00772563]
 [ 0.01371629]
 [ 0.01681799]
 [ 0.01312188]
 [ 0.00655571]
 [ 0.00074478]
 [-0.00038079]
 [ 0.0034813 ]
 [ 0.00784902]
 [ 0.01085489]
 [ 0.01315744]
 [ 0.01256932]
 [ 0.01176046]
 [ 0.01097453]
 [ 0.0106689 ]
 [ 0.01142978]
 [ 0.01336118]
 [ 0.01570008]]
2025-08-25 03:12:32,811 - DEBUG -    平均残差范数: 0.002278
2025-08-25 03:12:32,811 - DEBUG -    残差范数=0.047835
2025-08-25 03:12:32,811 - INFO - -----------------------------------------------------------------------------------
2025-08-25 03:12:32,811 - DEBUG - 🔍 深度约束计算详情 (softplus):
2025-08-25 03:12:32,811 - DEBUG -    采样点Z坐标范围: [0.600389, 0.601664]
2025-08-25 03:12:32,811 - DEBUG -    球心Z坐标: 0.605124
2025-08-25 03:12:32,811 - DEBUG -    深度偏移ε: 0.000200
2025-08-25 03:12:32,811 - DEBUG -    softplus参数τ: 0.001000
2025-08-25 03:12:32,811 - DEBUG -    原始违反值: -0.003260
2025-08-25 03:12:32,811 - DEBUG -    softplus输入 u: -3.259915
2025-08-25 03:12:32,811 - DEBUG -    约束惩罚 h(θ): 0.000038
2025-08-25 03:12:32,811 - DEBUG -    🟢 深度约束满足: 球心深度足够
2025-08-25 03:12:32,811 - INFO - -----------------------------------------------------------------------------------
2025-08-25 03:12:32,811 - DEBUG - 🔍 半径惩罚计算详情:
2025-08-25 03:12:32,811 - DEBUG -    当前半径: 0.015114
2025-08-25 03:12:32,820 - DEBUG -    半径先验值: 0.012000
2025-08-25 03:12:32,820 - DEBUG -    半径残差 r(θ): 0.003114
2025-08-25 03:12:32,820 - DEBUG -    数据残差 f(θ): [[ 0.00558237]
 [ 0.00719864]
 [-0.00279067]
 [ 0.00772563]
 [ 0.01371629]
 [ 0.01681799]
 [ 0.01312188]
 [ 0.00655571]
 [ 0.00074478]
 [-0.00038079]
 [ 0.0034813 ]
 [ 0.00784902]
 [ 0.01085489]
 [ 0.01315744]
 [ 0.01256932]
 [ 0.01176046]
 [ 0.01097453]
 [ 0.0106689 ]
 [ 0.01142978]
 [ 0.01336118]
 [ 0.01570008]]
2025-08-25 03:12:32,820 - DEBUG -    约束残差 g(θ): [[3.76730247e-05]]
2025-08-25 03:12:32,820 - DEBUG -    半径残差 r(θ): [[0.00311407]]
2025-08-25 03:12:32,820 - DEBUG - 🔍 状态变化计算: 参数变化=0.000000, 残差变化=0.000000
2025-08-25 03:12:32,820 - INFO - -----------------------------------------------------------------------------------
2025-08-25 03:12:32,820 - DEBUG - 🔍 权重管理器状态更新详情:
2025-08-25 03:12:32,820 - DEBUG -    当前迭代: 14
2025-08-25 03:12:32,820 - DEBUG -    参数变化: 0.000000 (阈值: 0.000005)
2025-08-25 03:12:32,820 - DEBUG -    残差变化: 0.000000 (阈值: 0.000005)
2025-08-25 03:12:32,820 - DEBUG -    几何权重因子: 10
2025-08-25 03:12:32,820 - DEBUG - ⏸️ 保持图像置信度权重: 参数变化=0.00e+00, 残差变化=0.00e+00
2025-08-25 03:12:32,820 - DEBUG - 状态已保存: 参数=[0.09612316 0.01418942 0.60512404 0.01511407], 残差范数=0.047835
2025-08-25 03:12:32,820 - DEBUG - 🔍 获取visibility信息: 形状=(21,), 范围=[1.000, 1.000]
2025-08-25 03:12:32,820 - DEBUG - 🔧 设置图像置信度权重: 21个点
2025-08-25 03:12:32,820 - DEBUG - 🔍 开始计算权重矩阵:
2025-08-25 03:12:32,820 - DEBUG -    点类型: ['pupil_center', 'iris_boundaries', 'iris_boundaries', 'iris_boundaries', 'iris_boundaries', 'eye_contours', 'eye_contours', 'eye_contours', 'eye_contours', 'eye_contours', 'eye_contours', 'eye_contours', 'eye_contours', 'eye_contours', 'eye_contours', 'eye_contours', 'eye_contours', 'eye_contours', 'eye_contours', 'eye_contours', 'eye_contours']
2025-08-25 03:12:32,820 - DEBUG -    残差向量: 形状=(21,), 范数=0.047835
2025-08-25 03:12:32,820 - DEBUG -    Visibility: 形状=(21,), 均值=1.000
2025-08-25 03:12:32,820 - DEBUG - 🔍 权重矩阵计算成功: 形状=(21, 21)
2025-08-25 03:12:32,820 - DEBUG - 🔍 几何权重统计:
2025-08-25 03:12:32,820 - DEBUG -    权重向量: [[1.]
 [1.]
 [1.]
 [1.]
 [1.]
 [1.]
 [1.]
 [1.]
 [1.]
 [1.]
 [1.]
 [1.]
 [1.]
 [1.]
 [1.]
 [1.]
 [1.]
 [1.]
 [1.]
 [1.]
 [1.]]
2025-08-25 03:12:32,820 - DEBUG -    权重范围: [1.000000, 1.000000]
2025-08-25 03:12:32,820 - DEBUG -    权重均值: 1.000000
2025-08-25 03:12:32,820 - DEBUG -    权重标准差: 0.000000
2025-08-25 03:12:32,820 - DEBUG -    高权重点(>0.8): 21/21
2025-08-25 03:12:32,820 - DEBUG -    低权重点(<0.2): 0/21
2025-08-25 03:12:32,820 - INFO - -----------------------------------------------------------------------------------
2025-08-25 03:12:32,820 - DEBUG - 🔍 开始求解LM更新方程:
2025-08-25 03:12:32,820 - DEBUG -    数据残差: 形状=(21,), 范数=0.047835
2025-08-25 03:12:32,820 - DEBUG -    约束残差: 形状=(1,), 范数=0.000038
2025-08-25 03:12:32,820 - DEBUG - 🔍 计算数据残差雅可比矩阵 J_f: 形状=(21, 4)
2025-08-25 03:12:32,820 - DEBUG - 🔍 J_f矩阵计算完成: 条件数=3.56e+01
2025-08-25 03:12:32,828 - DEBUG - 🔍 深度约束雅可比计算: u=-3.259915, σ=0.036972, J_h=[[ 0.          0.         -0.03697222  0.        ]]
2025-08-25 03:12:32,828 - DEBUG - 🔍 半径先验雅可比: J_r=[[0. 0. 0. 1.]]
2025-08-25 03:12:32,828 - DEBUG - 🔍 使用几何权重矩阵: 形状=(21, 21)
2025-08-25 03:12:32,828 - DEBUG - 🔍 Hessian矩阵计算:
2025-08-25 03:12:32,828 - DEBUG -    H_data = J_f^T W J_f: 形状=(4, 4), 条件数=1.27e+03
2025-08-25 03:12:32,828 - DEBUG -    H_h = λ_depth J_h^T J_h: 形状=(4, 4), λ_depth=1000.0
2025-08-25 03:12:32,828 - DEBUG -    H_r = λ_radius J_r^T J_r: 形状=(4, 4), λ_radius=20.0
2025-08-25 03:12:32,828 - DEBUG -    H_total: 形状=(4, 4), 条件数=3.81e+01
2025-08-25 03:12:32,828 - DEBUG - 🔍 梯度计算:
2025-08-25 03:12:32,828 - DEBUG -    g_data: 形状=(4,), 范数=0.250254
2025-08-25 03:12:32,828 - DEBUG -    g_h: 形状=(4,), 范数=0.001393
2025-08-25 03:12:32,828 - DEBUG -    g_r: 形状=(4,), 范数=0.062281
2025-08-25 03:12:32,828 - DEBUG -    g_total: 形状=(4,), 范数=0.207136
2025-08-25 03:12:32,828 - DEBUG - 🔍 LM阻尼矩阵: H_lm = H_total + 100000.0 * I
2025-08-25 03:12:32,828 - DEBUG -    H_lm条件数: 1.00e+00
2025-08-25 03:12:32,828 - DEBUG - 🔍 线性方程组求解成功:
2025-08-25 03:12:32,828 - DEBUG -    参数更新向量 Δθ: [[ 9.61232623e-08]
 [-1.60090158e-06]
 [ 2.88116039e-07]
 [ 1.27734780e-06]]
2025-08-25 03:12:32,828 - DEBUG -    更新向量范数: 0.000002
2025-08-25 03:12:32,828 - DEBUG -    各分量更新: Δc_x=0.000000, Δc_y=-0.000002, Δc_z=0.000000, Δr=0.000001
2025-08-25 03:12:32,828 - DEBUG -    参数更新:
2025-08-25 03:12:32,828 - DEBUG -      旧参数: [[0.09612316]
 [0.01418942]
 [0.60512404]
 [0.01511407]]
2025-08-25 03:12:32,828 - DEBUG -      更新向量: [[ 9.61232623e-08]
 [-1.60090158e-06]
 [ 2.88116039e-07]
 [ 1.27734780e-06]]
2025-08-25 03:12:32,828 - DEBUG -      新参数: [[0.09612326]
 [0.01418782]
 [0.60512433]
 [0.01511535]]
2025-08-25 03:12:32,828 - INFO - -----------------------------------------------------------------------------------
2025-08-25 03:12:32,828 - INFO - 🔍 迭代第14次，球心向左0.000096mm，向上0.001601mm，向后0.000288mm，半径变大0.001277mm
2025-08-25 03:12:32,828 - INFO - 📊 变化前: 中心(0.096, 0.014, 0.605), 半径15.11mm
2025-08-25 03:12:32,828 - INFO - 📊 变化后: 中心(0.096, 0.014, 0.605), 半径15.12mm
2025-08-25 03:12:32,828 - INFO - 📈 变化量: 中心移动0.00mm, 半径变化0.00mm
2025-08-25 03:12:32,828 - INFO - 📍 眼球中心: [0.09612316 0.01418942 0.60512404]
2025-08-25 03:12:32,828 - INFO - 📏 眼球半径: 15.11mm
2025-08-25 03:12:32,828 - INFO - 👁️ 瞳孔中心: [0.09492923 0.03476282 0.60166413]
2025-08-25 03:12:32,828 - INFO - 📐 眼球中心在瞳孔中心的右1.19mm，上20.57mm，后3.46mm
2025-08-25 03:12:32,828 - INFO - 📏 距离: 20.90mm
2025-08-25 03:12:32,828 - INFO - -----------------------------------------------------------------------------------
2025-08-25 03:12:32,828 - INFO - -----------------------------------------------------------------------------------
2025-08-25 03:12:32,828 - DEBUG - 🔍 参数有效性检查:
2025-08-25 03:12:32,828 - DEBUG -    参数向量: [[0.09612326]
 [0.01418782]
 [0.60512433]
 [0.01511535]]
2025-08-25 03:12:32,828 - DEBUG -    球心: [0.09612326 0.01418782 0.60512433]
2025-08-25 03:12:32,828 - DEBUG -    半径: 0.015115
2025-08-25 03:12:32,828 - DEBUG - 🔍 函数值计算详情:
2025-08-25 03:12:32,828 - DEBUG -    数据项 F(θ): 0.001144
2025-08-25 03:12:32,828 - DEBUG -    深度约束项: 0.000001
2025-08-25 03:12:32,828 - DEBUG -    半径先验项: 0.000097
2025-08-25 03:12:32,828 - DEBUG -    总函数值 Φ(θ): 0.001242
2025-08-25 03:12:32,828 - DEBUG -    函数值改善: 0.000000
2025-08-25 03:12:32,828 - DEBUG - 🔍 参数有效: True
2025-08-25 03:12:32,828 - DEBUG -    参数更新成功:
2025-08-25 03:12:32,828 - DEBUG -      新球心: [0.09612326 0.01418782 0.60512433]
2025-08-25 03:12:32,828 - DEBUG -      新半径: 0.015115
2025-08-25 03:12:32,828 - INFO - -----------------------------------------------------------------------------------
2025-08-25 03:12:32,828 - DEBUG - 🔍 LM收敛性检查:
2025-08-25 03:12:32,828 - DEBUG -    当前迭代次数: 14
2025-08-25 03:12:32,828 - DEBUG -    最大迭代次数: 30
2025-08-25 03:12:32,828 - DEBUG -    参数变化: 0.000002
2025-08-25 03:12:32,828 - DEBUG -    参数容忍度: 5e-06
2025-08-25 03:12:32,828 - DEBUG -    残差变化: 0.000000
2025-08-25 03:12:32,828 - DEBUG -    残差容忍度: 5e-06
2025-08-25 03:12:32,836 - INFO - ✅ LM收敛：参数变化2.07e-06 < 5e-06，平均残差变化0.00e+00 < 5e-06
2025-08-25 03:12:32,836 - INFO - ✅ LM优化收敛: 迭代14次
2025-08-25 03:12:32,836 - DEBUG - 🔍 优化结束状态:
2025-08-25 03:12:32,836 - DEBUG -    最终参数: [[0.09612326]
 [0.01418782]
 [0.60512433]
 [0.01511535]]
2025-08-25 03:12:32,836 - DEBUG -    最终球心: [0.09612326 0.01418782 0.60512433]
2025-08-25 03:12:32,836 - DEBUG -    最终半径: 0.015115
2025-08-25 03:12:32,836 - DEBUG -    是否收敛: True
2025-08-25 03:12:32,836 - DEBUG -    迭代次数: 14
2025-08-25 03:12:32,836 - INFO - -----------------------------------------------------------------------------------
2025-08-25 03:12:32,836 - DEBUG - 🔍 更新最终状态:
2025-08-25 03:12:32,836 - DEBUG - 🔍 计算点到球心距离: 形状=(21,)
2025-08-25 03:12:32,836 - DEBUG - 🔍 生理偏差向量计算:
2025-08-25 03:12:32,836 - DEBUG -    点类型列表: ['pupil_center', 'iris_boundaries', 'iris_boundaries', 'iris_boundaries', 'iris_boundaries', 'eye_contours', 'eye_contours', 'eye_contours', 'eye_contours', 'eye_contours', 'eye_contours', 'eye_contours', 'eye_contours', 'eye_contours', 'eye_contours', 'eye_contours', 'eye_contours', 'eye_contours', 'eye_contours', 'eye_contours', 'eye_contours']
2025-08-25 03:12:32,836 - DEBUG -    偏差向量: [0.0002  0.00085 0.00085 0.00085 0.00085 0.0025  0.0025  0.0025  0.0025
 0.0025  0.0025  0.0025  0.0025  0.0025  0.0025  0.0025  0.0025  0.0025
 0.0025  0.0025  0.0025 ]
2025-08-25 03:12:32,836 - DEBUG -    向量形状: (21,)
2025-08-25 03:12:32,836 - DEBUG -    偏差统计: 均值=0.002076, 标准差=0.000769
2025-08-25 03:12:32,841 - DEBUG - 获取生理偏差: 点类型=['pupil_center', 'iris_boundaries', 'iris_boundaries', 'iris_boundaries', 'iris_boundaries', 'eye_contours', 'eye_contours', 'eye_contours', 'eye_contours', 'eye_contours', 'eye_contours', 'eye_contours', 'eye_contours', 'eye_contours', 'eye_contours', 'eye_contours', 'eye_contours', 'eye_contours', 'eye_contours', 'eye_contours', 'eye_contours'], 偏差值=[0.0002  0.00085 0.00085 0.00085 0.00085 0.0025  0.0025  0.0025  0.0025
 0.0025  0.0025  0.0025  0.0025  0.0025  0.0025  0.0025  0.0025  0.0025
 0.0025  0.0025  0.0025 ]
2025-08-25 03:12:32,841 - INFO - -----------------------------------------------------------------------------------
2025-08-25 03:12:32,841 - DEBUG - 🔍 拟合残差计算详情:
2025-08-25 03:12:32,841 - DEBUG -    球心坐标: [0.09612326 0.01418782 0.60512433]
2025-08-25 03:12:32,841 - DEBUG -    球体半径: 0.015115
2025-08-25 03:12:32,841 - DEBUG -    采样点数: 21
2025-08-25 03:12:32,841 - DEBUG -    点类型分布: {'eye_contours': 16, 'iris_boundaries': 4, 'pupil_center': 1}
2025-08-25 03:12:32,843 - DEBUG -    理论距离向量: [0.01531535 0.01596535 0.01596535 0.01596535 0.01596535 0.01761535
 0.01761535 0.01761535 0.01761535 0.01761535 0.01761535 0.01761535
 0.01761535 0.01761535 0.01761535 0.01761535 0.01761535 0.01761535
 0.01761535 0.01761535 0.01761535]
2025-08-25 03:12:32,843 - DEBUG -    实际距离向量: [0.02089807 0.0231642  0.01317502 0.0236912  0.02968198 0.03443333
 0.03073723 0.02417114 0.01836041 0.01723487 0.02109675 0.02546434
 0.02847016 0.03077266 0.0301847  0.02937596 0.02859015 0.0282846
 0.02904543 0.03097669 0.03331548]
2025-08-25 03:12:32,843 - DEBUG -    生理偏差向量: [0.0002  0.00085 0.00085 0.00085 0.00085 0.0025  0.0025  0.0025  0.0025
 0.0025  0.0025  0.0025  0.0025  0.0025  0.0025  0.0025  0.0025  0.0025
 0.0025  0.0025  0.0025 ]
2025-08-25 03:12:32,843 - DEBUG -    残差向量 f(θ): 
[[ 0.00558272]
 [ 0.00719885]
 [-0.00279033]
 [ 0.00772585]
 [ 0.01371664]
 [ 0.01681798]
 [ 0.01312188]
 [ 0.00655579]
 [ 0.00074506]
 [-0.00038047]
 [ 0.0034814 ]
 [ 0.007849  ]
 [ 0.01085481]
 [ 0.01315732]
 [ 0.01256935]
 [ 0.01176061]
 [ 0.01097481]
 [ 0.01066925]
 [ 0.01143008]
 [ 0.01336134]
 [ 0.01570013]]
2025-08-25 03:12:32,843 - DEBUG -    平均残差范数: 0.002278
2025-08-25 03:12:32,843 - DEBUG -    残差范数=0.047835
2025-08-25 03:12:32,845 - DEBUG -    最终残差向量: [[ 0.00558272]
 [ 0.00719885]
 [-0.00279033]
 [ 0.00772585]
 [ 0.01371664]
 [ 0.01681798]
 [ 0.01312188]
 [ 0.00655579]
 [ 0.00074506]
 [-0.00038047]
 [ 0.0034814 ]
 [ 0.007849  ]
 [ 0.01085481]
 [ 0.01315732]
 [ 0.01256935]
 [ 0.01176061]
 [ 0.01097481]
 [ 0.01066925]
 [ 0.01143008]
 [ 0.01336134]
 [ 0.01570013]]
2025-08-25 03:12:32,845 - DEBUG -    最终残差范数: 0.047835
2025-08-25 03:12:32,845 - DEBUG -    内点比例: 1.000000
2025-08-25 03:12:32,845 - DEBUG -    质量分数: 0.000000
2025-08-25 03:12:32,845 - DEBUG -    收敛迭代次数: 14
2025-08-25 03:12:32,845 - DEBUG -    是否收敛: True
2025-08-25 03:12:32,845 - DEBUG -    警告信息: ['迭代1: 参数无效，阻尼因子=1.00e-01', '迭代3: 参数无效，阻尼因子=1.00e+00', '迭代5: 参数无效，阻尼因子=1.00e+01', '迭代7: 参数无效，阻尼因子=1.00e+02', '迭代9: 参数无效，阻尼因子=1.00e+03', '迭代11: 参数无效，阻尼因子=1.00e+04', '迭代13: 参数无效，阻尼因子=1.00e+05']
2025-08-25 03:12:32,845 - INFO - ✅ 优化完成: 最终中心点=(0.096, 0.014, 0.605), 半径=0.015m
2025-08-25 03:12:32,845 - INFO - 拟合完成 - 拟合结果:
  📍 中心点: (0.096, 0.014, 0.605)
  📏 半径: 0.02mm
  🔄 收敛状态: ✓ 已收敛
  📊 内点比例: 100.0% (21/21)
  🎯 质量分数: 0.000
  📈 迭代次数: 14
  📉 最终残差: 4.78e-02
⚠️  警告: 迭代1: 参数无效，阻尼因子=1.00e-01; 迭代3: 参数无效，阻尼因子=1.00e+00; 迭代5: 参数无效，阻尼因子=1.00e+01; 迭代7: 参数无效，阻尼因子=1.00e+02; 迭代9: 参数无效，阻尼因子=1.00e+03; 迭代11: 参数无效，阻尼因子=1.00e+04; 迭代13: 参数无效，阻尼因子=1.00e+05
2025-08-25 03:12:32,845 - DEBUG - left眼拟合完成: shape=椭球参数 (球体):
  📏 主轴长度: (0.015, 0.015, 0.015) m
  📍 中心坐标: (0.096, 0.014, 0.605) m
  🔄 旋转矩阵: 3x3 单位矩阵, center=[0.09612326 0.01418782 0.60512433]
2025-08-25 03:12:32,845 - DEBUG - 左眼拟合完成
2025-08-25 03:12:32,845 - DEBUG - _fit_one_eye开始: eye_key=right
2025-08-25 03:12:32,845 - DEBUG - 更新trials_times: 2
2025-08-25 03:12:32,845 - DEBUG - 开始提取right眼关键点坐标
2025-08-25 03:12:32,845 - DEBUG - _extract_eye_key_coordinates开始: eye_key=right
2025-08-25 03:12:32,845 - DEBUG - self._key_coordinates: {'pupil_center': {'left': array([0.09492923, 0.03476282, 0.60166413, 1.        ]), 'right': array([-0.00668287,  0.03608752,  0.60145861,  1.        ])}, 'iris_boundaries': {'left': [array([0.10443179, 0.03534545, 0.60066307, 1.        ]), array([0.09492743, 0.02681507, 0.60156012, 1.        ]), array([0.08546557, 0.03499976, 0.6013099 , 1.        ]), array([0.09507728, 0.04360239, 0.60128903, 1.        ])], 'right': [array([0.00342032, 0.03616655, 0.60074359, 1.        ]), array([-0.00668356,  0.02801634,  0.60141301,  1.        ]), array([-0.01670392,  0.03661288,  0.60043585,  1.        ]), array([-0.00664883,  0.04472014,  0.60070646,  1.        ])]}, 'eye_contours': {'left': [array([0.07281558, 0.0391353 , 0.60064888, 1.        ]), array([0.07562712, 0.03663588, 0.60056692, 1.        ]), array([0.08164213, 0.03307593, 0.60090768, 1.        ]), array([0.09003933, 0.03088554, 0.60051167, 1.        ]), array([0.09833933, 0.03071999, 0.60078645, 1.        ]), array([0.10630105, 0.03216163, 0.60083163, 1.        ]), array([0.11123478, 0.03421989, 0.60078949, 1.        ]), array([0.11418037, 0.03578991, 0.60090059, 1.        ]), array([0.11647609, 0.03699138, 0.60155827, 1.        ]), array([0.11264806, 0.03912403, 0.60109538, 1.        ]), array([0.10869981, 0.04039436, 0.60088235, 1.        ]), array([0.10334098, 0.04152835, 0.60090572, 1.        ]), array([0.09530913, 0.04206126, 0.60038859, 1.        ]), array([0.08752132, 0.04156107, 0.60061336, 1.        ]), array([0.08013256, 0.04040422, 0.60105574, 1.        ]), array([0.07525204, 0.03980633, 0.60088104, 1.        ])], 'right': [array([-0.02756655,  0.03851055,  0.60124177,  1.        ]), array([-0.02383768,  0.04018206,  0.60162807,  1.        ]), array([-0.01985439,  0.04104504,  0.60108656,  1.        ]), array([-0.0144074 ,  0.04185971,  0.60066676,  1.        ]), array([-0.00624454,  0.04222466,  0.6004926 ,  1.        ]), array([0.00181629, 0.04171124, 0.6004988 , 1.        ]), array([0.00951671, 0.04071075, 0.60054576, 1.        ]), array([0.01457477, 0.04024255, 0.60119522, 1.        ]), array([0.01705588, 0.03968455, 0.60086787, 1.        ]), array([0.01421146, 0.03756416, 0.60079926, 1.        ]), array([0.00814411, 0.03482131, 0.60099339, 1.        ]), array([-4.44252078e-04,  3.33388006e-02,  6.00608647e-01,  1.00000000e+00]), array([-0.00857426,  0.03332147,  0.60053927,  1.        ]), array([-0.01658347,  0.03456321,  0.60062969,  1.        ]), array([-0.02189344,  0.03626434,  0.60079497,  1.        ]), array([-0.02516165,  0.03758598,  0.60138971,  1.        ])]}, 'eye_sockets': {'left': [array([0.13781369, 0.01267854, 0.60142267, 1.        ]), array([0.12831081, 0.00306214, 0.60124463, 1.        ]), array([ 0.11281537, -0.00296342,  0.60024583,  1.        ]), array([ 0.09232263, -0.00363875,  0.59969532,  1.        ]), array([ 0.0683344 , -0.00184526,  0.59947038,  1.        ]), array([0.06503322, 0.01227417, 0.59942997, 1.        ]), array([0.09045138, 0.00464927, 0.59979308, 1.        ]), array([0.10916348, 0.00503015, 0.60013348, 1.        ]), array([0.12270509, 0.0095947 , 0.60080546, 1.        ]), array([0.13199019, 0.01733581, 0.6015619 , 1.        ])], 'right': [array([-0.04801794,  0.01541318,  0.6014533 ,  1.        ]), array([-0.03787042,  0.00623713,  0.60064113,  1.        ]), array([-2.26054821e-02,  2.92589273e-04,  6.00238860e-01,  1.00000000e+00]), array([-2.31462585e-03, -7.23288804e-04,  5.99702120e-01,  1.00000000e+00]), array([2.16052599e-02, 5.26140217e-04, 5.99411130e-01, 1.00000000e+00]), array([0.02487965, 0.01442729, 0.59942758, 1.        ]), array([-5.30340300e-04,  7.51101886e-03,  5.99765003e-01,  1.00000000e+00]), array([-0.01922028,  0.00812929,  0.59998178,  1.        ]), array([-0.03274191,  0.01256859,  0.60024256,  1.        ]), array([-0.04227614,  0.02008663,  0.60117012,  1.        ])]}, 'eyelid_points': {'left': [array([0.14788336, 0.06706949, 0.60371095, 1.        ]), array([0.12988079, 0.06405063, 0.60190743, 1.        ]), array([0.11733325, 0.06774068, 0.60083854, 1.        ]), array([0.0984291 , 0.06618049, 0.6003387 , 1.        ]), array([0.08445793, 0.06197519, 0.60018158, 1.        ]), array([0.07405746, 0.05734814, 0.60011578, 1.        ]), array([0.07290886, 0.07691695, 0.59936798, 1.        ]), array([0.08170816, 0.0846046 , 0.59971845, 1.        ]), array([0.09326944, 0.09259304, 0.59966373, 1.        ]), array([0.10869247, 0.10448932, 0.59989834, 1.        ])], 'right': [array([-0.05924385,  0.06858117,  0.60276777,  1.        ]), array([-0.04287193,  0.06532424,  0.6016463 ,  1.        ]), array([-0.03021619,  0.06874759,  0.60034603,  1.        ]), array([-0.01066642,  0.06704555,  0.60037744,  1.        ]), array([0.00394187, 0.06277966, 0.60029733, 1.        ]), array([0.01479858, 0.05801573, 0.60004324, 1.        ]), array([0.01614216, 0.07726644, 0.59898609, 1.        ]), array([0.00716343, 0.085001  , 0.59953511, 1.        ]), array([-0.00425889,  0.09308671,  0.59940732,  1.        ]), array([-0.01960717,  0.10524017,  0.59959358,  1.        ])]}}
2025-08-25 03:12:32,845 - DEBUG - 提取瞳孔中心
2025-08-25 03:12:32,845 - DEBUG - pupil_center: {'left': array([0.09492923, 0.03476282, 0.60166413, 1.        ]), 'right': array([-0.00668287,  0.03608752,  0.60145861,  1.        ])}
2025-08-25 03:12:32,845 - DEBUG - pupil_center类型: <class 'dict'>
2025-08-25 03:12:32,845 - DEBUG - eye_pupil: [-0.00668287  0.03608752  0.60145861  1.        ]
2025-08-25 03:12:32,845 - DEBUG - eye_pupil类型: <class 'numpy.ndarray'>
2025-08-25 03:12:32,845 - DEBUG - eye_pupil形状: (4,)
2025-08-25 03:12:32,845 - DEBUG - 提取虹膜边界
2025-08-25 03:12:32,853 - DEBUG - iris_boundaries: {'left': [array([0.10443179, 0.03534545, 0.60066307, 1.        ]), array([0.09492743, 0.02681507, 0.60156012, 1.        ]), array([0.08546557, 0.03499976, 0.6013099 , 1.        ]), array([0.09507728, 0.04360239, 0.60128903, 1.        ])], 'right': [array([0.00342032, 0.03616655, 0.60074359, 1.        ]), array([-0.00668356,  0.02801634,  0.60141301,  1.        ]), array([-0.01670392,  0.03661288,  0.60043585,  1.        ]), array([-0.00664883,  0.04472014,  0.60070646,  1.        ])]}
2025-08-25 03:12:32,853 - DEBUG - iris_boundaries类型: <class 'dict'>
2025-08-25 03:12:32,853 - DEBUG - eye_iris: [array([0.00342032, 0.03616655, 0.60074359, 1.        ]), array([-0.00668356,  0.02801634,  0.60141301,  1.        ]), array([-0.01670392,  0.03661288,  0.60043585,  1.        ]), array([-0.00664883,  0.04472014,  0.60070646,  1.        ])]
2025-08-25 03:12:32,853 - DEBUG - eye_iris类型: <class 'list'>
2025-08-25 03:12:32,853 - DEBUG - eye_iris长度: 4
2025-08-25 03:12:32,853 - DEBUG - 第一个元素类型: <class 'numpy.ndarray'>
2025-08-25 03:12:32,853 - DEBUG - 第一个元素形状: (4,)
2025-08-25 03:12:32,853 - DEBUG - 提取眼睛轮廓
2025-08-25 03:12:32,853 - DEBUG - eye_contours: {'left': [array([0.07281558, 0.0391353 , 0.60064888, 1.        ]), array([0.07562712, 0.03663588, 0.60056692, 1.        ]), array([0.08164213, 0.03307593, 0.60090768, 1.        ]), array([0.09003933, 0.03088554, 0.60051167, 1.        ]), array([0.09833933, 0.03071999, 0.60078645, 1.        ]), array([0.10630105, 0.03216163, 0.60083163, 1.        ]), array([0.11123478, 0.03421989, 0.60078949, 1.        ]), array([0.11418037, 0.03578991, 0.60090059, 1.        ]), array([0.11647609, 0.03699138, 0.60155827, 1.        ]), array([0.11264806, 0.03912403, 0.60109538, 1.        ]), array([0.10869981, 0.04039436, 0.60088235, 1.        ]), array([0.10334098, 0.04152835, 0.60090572, 1.        ]), array([0.09530913, 0.04206126, 0.60038859, 1.        ]), array([0.08752132, 0.04156107, 0.60061336, 1.        ]), array([0.08013256, 0.04040422, 0.60105574, 1.        ]), array([0.07525204, 0.03980633, 0.60088104, 1.        ])], 'right': [array([-0.02756655,  0.03851055,  0.60124177,  1.        ]), array([-0.02383768,  0.04018206,  0.60162807,  1.        ]), array([-0.01985439,  0.04104504,  0.60108656,  1.        ]), array([-0.0144074 ,  0.04185971,  0.60066676,  1.        ]), array([-0.00624454,  0.04222466,  0.6004926 ,  1.        ]), array([0.00181629, 0.04171124, 0.6004988 , 1.        ]), array([0.00951671, 0.04071075, 0.60054576, 1.        ]), array([0.01457477, 0.04024255, 0.60119522, 1.        ]), array([0.01705588, 0.03968455, 0.60086787, 1.        ]), array([0.01421146, 0.03756416, 0.60079926, 1.        ]), array([0.00814411, 0.03482131, 0.60099339, 1.        ]), array([-4.44252078e-04,  3.33388006e-02,  6.00608647e-01,  1.00000000e+00]), array([-0.00857426,  0.03332147,  0.60053927,  1.        ]), array([-0.01658347,  0.03456321,  0.60062969,  1.        ]), array([-0.02189344,  0.03626434,  0.60079497,  1.        ]), array([-0.02516165,  0.03758598,  0.60138971,  1.        ])]}
2025-08-25 03:12:32,853 - DEBUG - eye_contours类型: <class 'dict'>
2025-08-25 03:12:32,853 - DEBUG - eye_contour: [array([-0.02756655,  0.03851055,  0.60124177,  1.        ]), array([-0.02383768,  0.04018206,  0.60162807,  1.        ]), array([-0.01985439,  0.04104504,  0.60108656,  1.        ]), array([-0.0144074 ,  0.04185971,  0.60066676,  1.        ]), array([-0.00624454,  0.04222466,  0.6004926 ,  1.        ]), array([0.00181629, 0.04171124, 0.6004988 , 1.        ]), array([0.00951671, 0.04071075, 0.60054576, 1.        ]), array([0.01457477, 0.04024255, 0.60119522, 1.        ]), array([0.01705588, 0.03968455, 0.60086787, 1.        ]), array([0.01421146, 0.03756416, 0.60079926, 1.        ]), array([0.00814411, 0.03482131, 0.60099339, 1.        ]), array([-4.44252078e-04,  3.33388006e-02,  6.00608647e-01,  1.00000000e+00]), array([-0.00857426,  0.03332147,  0.60053927,  1.        ]), array([-0.01658347,  0.03456321,  0.60062969,  1.        ]), array([-0.02189344,  0.03626434,  0.60079497,  1.        ]), array([-0.02516165,  0.03758598,  0.60138971,  1.        ])]
2025-08-25 03:12:32,853 - DEBUG - eye_contour类型: <class 'list'>
2025-08-25 03:12:32,853 - DEBUG - eye_contour长度: 16
2025-08-25 03:12:32,853 - DEBUG - 第一个元素类型: <class 'numpy.ndarray'>
2025-08-25 03:12:32,853 - DEBUG - 第一个元素形状: (4,)
2025-08-25 03:12:32,853 - DEBUG - _extract_eye_key_coordinates完成: {'pupil_center': array([-0.00668287,  0.03608752,  0.60145861,  1.        ]), 'iris_boundaries': [array([0.00342032, 0.03616655, 0.60074359, 1.        ]), array([-0.00668356,  0.02801634,  0.60141301,  1.        ]), array([-0.01670392,  0.03661288,  0.60043585,  1.        ]), array([-0.00664883,  0.04472014,  0.60070646,  1.        ])], 'eye_contours': [array([-0.02756655,  0.03851055,  0.60124177,  1.        ]), array([-0.02383768,  0.04018206,  0.60162807,  1.        ]), array([-0.01985439,  0.04104504,  0.60108656,  1.        ]), array([-0.0144074 ,  0.04185971,  0.60066676,  1.        ]), array([-0.00624454,  0.04222466,  0.6004926 ,  1.        ]), array([0.00181629, 0.04171124, 0.6004988 , 1.        ]), array([0.00951671, 0.04071075, 0.60054576, 1.        ]), array([0.01457477, 0.04024255, 0.60119522, 1.        ]), array([0.01705588, 0.03968455, 0.60086787, 1.        ]), array([0.01421146, 0.03756416, 0.60079926, 1.        ]), array([0.00814411, 0.03482131, 0.60099339, 1.        ]), array([-4.44252078e-04,  3.33388006e-02,  6.00608647e-01,  1.00000000e+00]), array([-0.00857426,  0.03332147,  0.60053927,  1.        ]), array([-0.01658347,  0.03456321,  0.60062969,  1.        ]), array([-0.02189344,  0.03626434,  0.60079497,  1.        ]), array([-0.02516165,  0.03758598,  0.60138971,  1.        ])]}
2025-08-25 03:12:32,861 - DEBUG - right眼关键点坐标: {'pupil_center': array([-0.00668287,  0.03608752,  0.60145861,  1.        ]), 'iris_boundaries': [array([0.00342032, 0.03616655, 0.60074359, 1.        ]), array([-0.00668356,  0.02801634,  0.60141301,  1.        ]), array([-0.01670392,  0.03661288,  0.60043585,  1.        ]), array([-0.00664883,  0.04472014,  0.60070646,  1.        ])], 'eye_contours': [array([-0.02756655,  0.03851055,  0.60124177,  1.        ]), array([-0.02383768,  0.04018206,  0.60162807,  1.        ]), array([-0.01985439,  0.04104504,  0.60108656,  1.        ]), array([-0.0144074 ,  0.04185971,  0.60066676,  1.        ]), array([-0.00624454,  0.04222466,  0.6004926 ,  1.        ]), array([0.00181629, 0.04171124, 0.6004988 , 1.        ]), array([0.00951671, 0.04071075, 0.60054576, 1.        ]), array([0.01457477, 0.04024255, 0.60119522, 1.        ]), array([0.01705588, 0.03968455, 0.60086787, 1.        ]), array([0.01421146, 0.03756416, 0.60079926, 1.        ]), array([0.00814411, 0.03482131, 0.60099339, 1.        ]), array([-4.44252078e-04,  3.33388006e-02,  6.00608647e-01,  1.00000000e+00]), array([-0.00857426,  0.03332147,  0.60053927,  1.        ]), array([-0.01658347,  0.03456321,  0.60062969,  1.        ]), array([-0.02189344,  0.03626434,  0.60079497,  1.        ]), array([-0.02516165,  0.03758598,  0.60138971,  1.        ])]}
2025-08-25 03:12:32,861 - DEBUG - 调用center_fitter进行拟合
2025-08-25 03:12:32,861 - DEBUG - 🔄 返回已存在的CenterFitter单例实例
2025-08-25 03:12:32,861 - INFO - 🔍 开始眼球拟合: trials_times=2, strategy=None
2025-08-25 03:12:32,861 - DEBUG - 🔍 对象状态检查: _initialized=True, _strategy_functions=True
2025-08-25 03:12:32,861 - DEBUG - 🔍 策略函数映射表: ['constrained_lm', 'constrained_ransac_lm', 'ellipsoid_fallback', 'fail']
2025-08-25 03:12:32,861 - INFO - 📋 数据预处理完成: 总点数=21, 平均visibility=1.000
2025-08-25 03:12:32,861 - INFO -   📍 pupil_center: 1点, 平均visibility=1.000
2025-08-25 03:12:32,861 - INFO -   📍 iris_boundaries: 4点, 平均visibility=1.000
2025-08-25 03:12:32,864 - INFO -   📍 eye_contours: 16点, 平均visibility=1.000
2025-08-25 03:12:32,864 - INFO - 📊 自动选择拟合策略: constrained_lm
2025-08-25 03:12:32,864 - INFO - 🚀 执行拟合策略: constrained_lm
2025-08-25 03:12:32,865 - DEBUG - 📊 采样数据已更新: full, 点数=21
2025-08-25 03:12:32,865 - INFO - 📊 全部采样完成: 采样点数=21
2025-08-25 03:12:32,865 - INFO - 📊 使用全部采样策略: 21个点
2025-08-25 03:12:32,865 - INFO - 🔄 开始约束LM优化...
2025-08-25 03:12:32,865 - DEBUG - 🔍 约束优化开始:
2025-08-25 03:12:32,865 - DEBUG -    目标函数: Φ(θ) = F(θ) + (1/2)λ_depth * h(θ)²
2025-08-25 03:12:32,865 - DEBUG -    数据项: F(θ) = (1/2)∑w_i(||p_i - c|| - (r + δ_i))²
2025-08-25 03:12:32,865 - DEBUG -    约束项: h(θ) = max{0, ε + z_max - c_z}
2025-08-25 03:12:32,865 - INFO - 🔧 开始参数初始化...
2025-08-25 03:12:32,865 - DEBUG - 🔍 参数初始化开始:
2025-08-25 03:12:32,865 - INFO - 🔍 虹膜边界点数量: 4
2025-08-25 03:12:32,865 - DEBUG -    虹膜点数据:
2025-08-25 03:12:32,865 - DEBUG -      形状: (4, 3)
2025-08-25 03:12:32,865 - DEBUG -      前3个点: [[ 0.00342032  0.03616655  0.60074359]
 [-0.00668356  0.02801634  0.60141301]
 [-0.01670392  0.03661288  0.60043585]]
2025-08-25 03:12:32,865 - DEBUG -      所有点: [[ 0.00342032  0.03616655  0.60074359]
 [-0.00668356  0.02801634  0.60141301]
 [-0.01670392  0.03661288  0.60043585]
 [-0.00664883  0.04472014  0.60070646]]
2025-08-25 03:12:32,865 - DEBUG -    随机选择3个点，索引: [3 2 0]
2025-08-25 03:12:32,865 - DEBUG -    选中的点:
2025-08-25 03:12:32,865 - DEBUG -      形状: (3, 3)
2025-08-25 03:12:32,865 - DEBUG -      坐标: [[-0.00664883  0.04472014  0.60070646]
 [-0.01670392  0.03661288  0.60043585]
 [ 0.00342032  0.03616655  0.60074359]]
2025-08-25 03:12:32,865 - INFO - 🔧 开始2D圆拟合...
2025-08-25 03:12:32,869 - DEBUG - 🔍 2D圆拟合开始:
2025-08-25 03:12:32,869 - DEBUG -    输入点: [[-0.00664883  0.04472014  0.60070646]
 [-0.01670392  0.03661288  0.60043585]
 [ 0.00342032  0.03616655  0.60074359]]
2025-08-25 03:12:32,869 - DEBUG -    点数量: 3
2025-08-25 03:12:32,869 - DEBUG -    坐标提取:
2025-08-25 03:12:32,869 - DEBUG -      X坐标: [-0.00664883 -0.01670392  0.00342032]
2025-08-25 03:12:32,869 - DEBUG -      Y坐标: [0.04472014 0.03661288 0.03616655]
2025-08-25 03:12:32,869 - DEBUG -    线性方程组:
2025-08-25 03:12:32,869 - DEBUG -      系数矩阵 A:
[[-0.01329765  0.08944028  1.        ]
 [-0.03340784  0.07322576  1.        ]
 [ 0.00684064  0.07233311  1.        ]]
2025-08-25 03:12:32,869 - DEBUG -      常数向量 b: [[0.0020441 ]
 [0.00161952]
 [0.00131972]]
2025-08-25 03:12:32,869 - DEBUG -    线性方程组求解结果:
2025-08-25 03:12:32,869 - DEBUG -      解向量: [[-0.00668426]
 [ 0.03447501]
 [-0.00112824]]
2025-08-25 03:12:32,869 - DEBUG -    圆心和半径计算:
2025-08-25 03:12:32,869 - DEBUG -      圆心X坐标: -0.006684
2025-08-25 03:12:32,869 - DEBUG -      圆心Y坐标: 0.034475
2025-08-25 03:12:32,869 - DEBUG -      圆心: [-0.00668426  0.03447501]
2025-08-25 03:12:32,869 - DEBUG -      常数c: -0.001128
2025-08-25 03:12:32,869 - DEBUG -      半径: 0.010245
2025-08-25 03:12:32,869 - DEBUG -    2D圆拟合成功:
2025-08-25 03:12:32,869 - DEBUG -      圆心: [-0.00668426  0.03447501]
2025-08-25 03:12:32,869 - DEBUG -      半径: 0.010245
2025-08-25 03:12:32,869 - DEBUG -    2D圆拟合结果:
2025-08-25 03:12:32,869 - DEBUG -      圆心: [-0.00668426  0.03447501]
2025-08-25 03:12:32,869 - DEBUG -      半径: 0.010245
2025-08-25 03:12:32,877 - DEBUG -    解剖学约束:
2025-08-25 03:12:32,877 - DEBUG -      虹膜到表面最小距离: 0.000500
2025-08-25 03:12:32,877 - DEBUG -      虹膜到表面最大距离: 0.001200
2025-08-25 03:12:32,877 - DEBUG -    半径计算:
2025-08-25 03:12:32,877 - DEBUG -      默认半径: 0.012000
2025-08-25 03:12:32,877 - DEBUG -      中值距离: 0.000850
2025-08-25 03:12:32,877 - DEBUG -      中值距离+半径 d: 0.012850
2025-08-25 03:12:32,877 - INFO - 🔍 中值距离+半径: 0.013m，2D半径: 0.010m，使用虹膜深度偏移
2025-08-25 03:12:32,877 - DEBUG -    勾股定理计算深度偏移: z = sqrt(0.012850² - 0.010245²) = 0.007756
2025-08-25 03:12:32,877 - DEBUG -    3D球心计算:
2025-08-25 03:12:32,877 - DEBUG -      虹膜点平均Z坐标: 0.600629
2025-08-25 03:12:32,877 - DEBUG -      深度偏移: 0.007756
2025-08-25 03:12:32,877 - DEBUG -      3D球心: [-0.00668426  0.03447501  0.60838483]
2025-08-25 03:12:32,877 - DEBUG -    最终初始化参数:
2025-08-25 03:12:32,877 - DEBUG -      球心: [-0.00668426  0.03447501  0.60838483]
2025-08-25 03:12:32,877 - DEBUG -      半径: 0.012000
2025-08-25 03:12:32,877 - INFO - 📍 初始中心点: (-0.007, 0.034, 0.608)
2025-08-25 03:12:32,877 - INFO - 📏 初始半径: 0.012m
2025-08-25 03:12:32,877 - INFO - ⚙️ 创建约束LM优化器...
2025-08-25 03:12:32,877 - DEBUG - 🔍 约束LM优化器初始化:
2025-08-25 03:12:32,877 - DEBUG -    初始球心: [-0.00668426  0.03447501  0.60838483]
2025-08-25 03:12:32,877 - DEBUG -    初始半径: 0.012000
2025-08-25 03:12:32,877 - DEBUG -    参数向量 θ: [[-0.00668426]
 [ 0.03447501]
 [ 0.60838483]
 [ 0.012     ]]
2025-08-25 03:12:32,877 - DEBUG -    样本数量: 21
2025-08-25 03:12:32,877 - DEBUG -    LM配置: LMAlgorithmConfig(lambda_lm=0.01, lambda_factor=10.0, min_lambda=1e-08, max_lambda=100000000.0, max_iterations=30, param_tolerance=5e-06, residual_tolerance=5e-06, max_step=0.01, geometric_weight_factor=10, residual_error_tolerance=0.0005)
2025-08-25 03:12:32,877 - DEBUG -    约束配置: ConstraintConfig(lambda_depth=1000.0, lambda_radius=20.0, radius_prior=0.012, depth_offset_epsilon=0.0002, softplus_tau=0.001, constraint_penalty_factor=1000.0)
2025-08-25 03:12:32,877 - INFO - 🔄 约束LM优化开始: 最大迭代次数=30
2025-08-25 03:12:32,877 - DEBUG - 🔍 优化开始状态:
2025-08-25 03:12:32,877 - DEBUG -    当前参数: [[-0.00668426]
 [ 0.03447501]
 [ 0.60838483]
 [ 0.012     ]]
2025-08-25 03:12:32,877 - DEBUG -    当前球心: [-0.00668426  0.03447501  0.60838483]
2025-08-25 03:12:32,877 - DEBUG -    当前半径: 0.012000
2025-08-25 03:12:32,877 - DEBUG -    最大迭代次数: 30
2025-08-25 03:12:32,877 - DEBUG - 🔍 迭代 1/30:
2025-08-25 03:12:32,877 - DEBUG - 🔍 计算点到球心距离: 形状=(21,)
2025-08-25 03:12:32,877 - DEBUG - 🔍 生理偏差向量计算:
2025-08-25 03:12:32,877 - DEBUG -    点类型列表: ['pupil_center', 'iris_boundaries', 'iris_boundaries', 'iris_boundaries', 'iris_boundaries', 'eye_contours', 'eye_contours', 'eye_contours', 'eye_contours', 'eye_contours', 'eye_contours', 'eye_contours', 'eye_contours', 'eye_contours', 'eye_contours', 'eye_contours', 'eye_contours', 'eye_contours', 'eye_contours', 'eye_contours', 'eye_contours']
2025-08-25 03:12:32,885 - DEBUG -    偏差向量: [0.0002  0.00085 0.00085 0.00085 0.00085 0.0025  0.0025  0.0025  0.0025
 0.0025  0.0025  0.0025  0.0025  0.0025  0.0025  0.0025  0.0025  0.0025
 0.0025  0.0025  0.0025 ]
2025-08-25 03:12:32,885 - DEBUG -    向量形状: (21,)
2025-08-25 03:12:32,885 - DEBUG -    偏差统计: 均值=0.002076, 标准差=0.000769
2025-08-25 03:12:32,885 - DEBUG - 获取生理偏差: 点类型=['pupil_center', 'iris_boundaries', 'iris_boundaries', 'iris_boundaries', 'iris_boundaries', 'eye_contours', 'eye_contours', 'eye_contours', 'eye_contours', 'eye_contours', 'eye_contours', 'eye_contours', 'eye_contours', 'eye_contours', 'eye_contours', 'eye_contours', 'eye_contours', 'eye_contours', 'eye_contours', 'eye_contours', 'eye_contours'], 偏差值=[0.0002  0.00085 0.00085 0.00085 0.00085 0.0025  0.0025  0.0025  0.0025
 0.0025  0.0025  0.0025  0.0025  0.0025  0.0025  0.0025  0.0025  0.0025
 0.0025  0.0025  0.0025 ]
2025-08-25 03:12:32,885 - INFO - -----------------------------------------------------------------------------------
2025-08-25 03:12:32,885 - DEBUG - 🔍 拟合残差计算详情:
2025-08-25 03:12:32,885 - DEBUG -    球心坐标: [-0.00668426  0.03447501  0.60838483]
2025-08-25 03:12:32,885 - DEBUG -    球体半径: 0.012000
2025-08-25 03:12:32,885 - DEBUG -    采样点数: 21
2025-08-25 03:12:32,885 - DEBUG -    点类型分布: {'eye_contours': 16, 'iris_boundaries': 4, 'pupil_center': 1}
2025-08-25 03:12:32,885 - DEBUG -    理论距离向量: [0.0122  0.01285 0.01285 0.01285 0.01285 0.0145  0.0145  0.0145  0.0145
 0.0145  0.0145  0.0145  0.0145  0.0145  0.0145  0.0145  0.0145  0.0145
 0.0145  0.0145  0.0145 ]
2025-08-25 03:12:32,885 - DEBUG -    实际距离向量: [0.00711145 0.01278094 0.00950372 0.01296727 0.01280318 0.0224361
 0.01929932 0.01642809 0.01318139 0.01106967 0.01366792 0.01904749
 0.02317114 0.02544089 0.0224436  0.01657208 0.01003483 0.00815203
 0.01257554 0.01709171 0.02000059]
2025-08-25 03:12:32,891 - DEBUG -    生理偏差向量: [0.0002  0.00085 0.00085 0.00085 0.00085 0.0025  0.0025  0.0025  0.0025
 0.0025  0.0025  0.0025  0.0025  0.0025  0.0025  0.0025  0.0025  0.0025
 0.0025  0.0025  0.0025 ]
2025-08-25 03:12:32,893 - DEBUG -    残差向量 f(θ): 
[[-5.08855205e-03]
 [-6.90591151e-05]
 [-3.34628062e-03]
 [ 1.17272765e-04]
 [-4.68236940e-05]
 [ 7.93610167e-03]
 [ 4.79931865e-03]
 [ 1.92808899e-03]
 [-1.31861042e-03]
 [-3.43032711e-03]
 [-8.32082910e-04]
 [ 4.54748707e-03]
 [ 8.67113827e-03]
 [ 1.09408850e-02]
 [ 7.94359672e-03]
 [ 2.07207958e-03]
 [-4.46517402e-03]
 [-6.34797013e-03]
 [-1.92445607e-03]
 [ 2.59171397e-03]
 [ 5.50059042e-03]]
2025-08-25 03:12:32,893 - DEBUG -    平均残差范数: 0.001091
2025-08-25 03:12:32,894 - DEBUG -    残差范数=0.022911
2025-08-25 03:12:32,894 - INFO - -----------------------------------------------------------------------------------
2025-08-25 03:12:32,894 - DEBUG - 🔍 深度约束计算详情 (softplus):
2025-08-25 03:12:32,894 - DEBUG -    采样点Z坐标范围: [0.600436, 0.601628]
2025-08-25 03:12:32,894 - DEBUG -    球心Z坐标: 0.608385
2025-08-25 03:12:32,894 - DEBUG -    深度偏移ε: 0.000200
2025-08-25 03:12:32,894 - DEBUG -    softplus参数τ: 0.001000
2025-08-25 03:12:32,894 - DEBUG -    原始违反值: -0.006557
2025-08-25 03:12:32,894 - DEBUG -    softplus输入 u: -6.556764
2025-08-25 03:12:32,894 - DEBUG -    约束惩罚 h(θ): 0.000001
2025-08-25 03:12:32,894 - DEBUG -    🟢 深度约束满足: 球心深度足够
2025-08-25 03:12:32,894 - INFO - -----------------------------------------------------------------------------------
2025-08-25 03:12:32,894 - DEBUG - 🔍 半径惩罚计算详情:
2025-08-25 03:12:32,894 - DEBUG -    当前半径: 0.012000
2025-08-25 03:12:32,894 - DEBUG -    半径先验值: 0.012000
2025-08-25 03:12:32,894 - DEBUG -    半径残差 r(θ): 0.000000
2025-08-25 03:12:32,894 - DEBUG -    数据残差 f(θ): [[-5.08855205e-03]
 [-6.90591151e-05]
 [-3.34628062e-03]
 [ 1.17272765e-04]
 [-4.68236940e-05]
 [ 7.93610167e-03]
 [ 4.79931865e-03]
 [ 1.92808899e-03]
 [-1.31861042e-03]
 [-3.43032711e-03]
 [-8.32082910e-04]
 [ 4.54748707e-03]
 [ 8.67113827e-03]
 [ 1.09408850e-02]
 [ 7.94359672e-03]
 [ 2.07207958e-03]
 [-4.46517402e-03]
 [-6.34797013e-03]
 [-1.92445607e-03]
 [ 2.59171397e-03]
 [ 5.50059042e-03]]
2025-08-25 03:12:32,894 - DEBUG -    约束残差 g(θ): [[1.4194675e-06]]
2025-08-25 03:12:32,894 - DEBUG -    半径残差 r(θ): [[0.]]
2025-08-25 03:12:32,894 - DEBUG - 🔍 状态变化计算: 参数变化=0.104887, 残差变化=0.024924
2025-08-25 03:12:32,894 - INFO - -----------------------------------------------------------------------------------
2025-08-25 03:12:32,894 - DEBUG - 🔍 权重管理器状态更新详情:
2025-08-25 03:12:32,894 - DEBUG -    当前迭代: 0
2025-08-25 03:12:32,894 - DEBUG -    参数变化: 0.104887 (阈值: 0.000005)
2025-08-25 03:12:32,894 - DEBUG -    残差变化: 0.024924 (阈值: 0.000005)
2025-08-25 03:12:32,894 - DEBUG -    几何权重因子: 10
2025-08-25 03:12:32,894 - DEBUG - ⏸️ 保持图像置信度权重: 参数变化=1.05e-01, 残差变化=2.49e-02
2025-08-25 03:12:32,894 - DEBUG - 状态已保存: 参数=[-0.00668426  0.03447501  0.60838483  0.012     ], 残差范数=0.022911
2025-08-25 03:12:32,894 - DEBUG - 🔍 获取visibility信息: 形状=(21,), 范围=[1.000, 1.000]
2025-08-25 03:12:32,894 - DEBUG - 🔧 设置图像置信度权重: 21个点
2025-08-25 03:12:32,894 - DEBUG - 🔍 开始计算权重矩阵:
2025-08-25 03:12:32,894 - DEBUG -    点类型: ['pupil_center', 'iris_boundaries', 'iris_boundaries', 'iris_boundaries', 'iris_boundaries', 'eye_contours', 'eye_contours', 'eye_contours', 'eye_contours', 'eye_contours', 'eye_contours', 'eye_contours', 'eye_contours', 'eye_contours', 'eye_contours', 'eye_contours', 'eye_contours', 'eye_contours', 'eye_contours', 'eye_contours', 'eye_contours']
2025-08-25 03:12:32,894 - DEBUG -    残差向量: 形状=(21,), 范数=0.022911
2025-08-25 03:12:32,894 - DEBUG -    Visibility: 形状=(21,), 均值=1.000
2025-08-25 03:12:32,902 - DEBUG - 🔍 权重矩阵计算成功: 形状=(21, 21)
2025-08-25 03:12:32,902 - DEBUG - 🔍 几何权重统计:
2025-08-25 03:12:32,902 - DEBUG -    权重向量: [[1.]
 [1.]
 [1.]
 [1.]
 [1.]
 [1.]
 [1.]
 [1.]
 [1.]
 [1.]
 [1.]
 [1.]
 [1.]
 [1.]
 [1.]
 [1.]
 [1.]
 [1.]
 [1.]
 [1.]
 [1.]]
2025-08-25 03:12:32,902 - DEBUG -    权重范围: [1.000000, 1.000000]
2025-08-25 03:12:32,902 - DEBUG -    权重均值: 1.000000
2025-08-25 03:12:32,902 - DEBUG -    权重标准差: 0.000000
2025-08-25 03:12:32,902 - DEBUG -    高权重点(>0.8): 21/21
2025-08-25 03:12:32,902 - DEBUG -    低权重点(<0.2): 0/21
2025-08-25 03:12:32,902 - INFO - -----------------------------------------------------------------------------------
2025-08-25 03:12:32,902 - DEBUG - 🔍 开始求解LM更新方程:
2025-08-25 03:12:32,902 - DEBUG -    数据残差: 形状=(21,), 范数=0.022911
2025-08-25 03:12:32,902 - DEBUG -    约束残差: 形状=(1,), 范数=0.000001
2025-08-25 03:12:32,902 - DEBUG - 🔍 计算数据残差雅可比矩阵 J_f: 形状=(21, 4)
2025-08-25 03:12:32,902 - DEBUG - 🔍 J_f矩阵计算完成: 条件数=7.02e+00
2025-08-25 03:12:32,902 - DEBUG - 🔍 深度约束雅可比计算: u=-6.556764, σ=0.001418, J_h=[[ 0.          0.         -0.00141846  0.        ]]
2025-08-25 03:12:32,902 - DEBUG - 🔍 半径先验雅可比: J_r=[[0. 0. 0. 1.]]
2025-08-25 03:12:32,902 - DEBUG - 🔍 使用几何权重矩阵: 形状=(21, 21)
2025-08-25 03:12:32,902 - DEBUG - 🔍 Hessian矩阵计算:
2025-08-25 03:12:32,902 - DEBUG -    H_data = J_f^T W J_f: 形状=(4, 4), 条件数=4.93e+01
2025-08-25 03:12:32,902 - DEBUG -    H_h = λ_depth J_h^T J_h: 形状=(4, 4), λ_depth=1000.0
2025-08-25 03:12:32,902 - DEBUG -    H_r = λ_radius J_r^T J_r: 形状=(4, 4), λ_radius=20.0
2025-08-25 03:12:32,902 - DEBUG -    H_total: 形状=(4, 4), 条件数=2.24e+01
2025-08-25 03:12:32,902 - DEBUG - 🔍 梯度计算:
2025-08-25 03:12:32,902 - DEBUG -    g_data: 形状=(4,), 范数=0.033888
2025-08-25 03:12:32,902 - DEBUG -    g_h: 形状=(4,), 范数=0.000002
2025-08-25 03:12:32,910 - DEBUG -    g_r: 形状=(4,), 范数=0.000000
2025-08-25 03:12:32,910 - DEBUG -    g_total: 形状=(4,), 范数=0.033888
2025-08-25 03:12:32,910 - DEBUG - 🔍 初始化LM阻尼因子: λ_LM = 0.01
2025-08-25 03:12:32,910 - DEBUG - 🔍 LM阻尼矩阵: H_lm = H_total + 0.01 * I
2025-08-25 03:12:32,910 - DEBUG -    H_lm条件数: 2.23e+01
2025-08-25 03:12:32,910 - DEBUG - 🔍 线性方程组求解成功:
2025-08-25 03:12:32,910 - DEBUG -    参数更新向量 Δθ: [[-0.00099914]
 [-0.00450766]
 [-0.00372794]
 [ 0.00131385]]
2025-08-25 03:12:32,910 - DEBUG -    更新向量范数: 0.006078
2025-08-25 03:12:32,910 - DEBUG -    各分量更新: Δc_x=-0.000999, Δc_y=-0.004508, Δc_z=-0.003728, Δr=0.001314
2025-08-25 03:12:32,910 - DEBUG -    参数更新:
2025-08-25 03:12:32,910 - DEBUG -      旧参数: [[-0.00668426]
 [ 0.03447501]
 [ 0.60838483]
 [ 0.012     ]]
2025-08-25 03:12:32,910 - DEBUG -      更新向量: [[-0.00099914]
 [-0.00450766]
 [-0.00372794]
 [ 0.00131385]]
2025-08-25 03:12:32,910 - DEBUG -      新参数: [[-0.0076834 ]
 [ 0.02996735]
 [ 0.60465689]
 [ 0.01331385]]
2025-08-25 03:12:32,910 - INFO - -----------------------------------------------------------------------------------
2025-08-25 03:12:32,910 - INFO - 🔍 迭代第0次，球心向右0.999140mm，向上4.507657mm，向前3.727942mm，半径变大1.313852mm
2025-08-25 03:12:32,910 - INFO - 📊 变化前: 中心(-0.007, 0.034, 0.608), 半径12.00mm
2025-08-25 03:12:32,910 - INFO - 📊 变化后: 中心(-0.008, 0.030, 0.605), 半径13.31mm
2025-08-25 03:12:32,910 - INFO - 📈 变化量: 中心移动4.62mm, 半径变化1.31mm
2025-08-25 03:12:32,910 - INFO - 📍 眼球中心: [-0.00668426  0.03447501  0.60838483]
2025-08-25 03:12:32,910 - INFO - 📏 眼球半径: 12.00mm
2025-08-25 03:12:32,910 - INFO - 👁️ 瞳孔中心: [-0.00668287  0.03608752  0.60145861]
2025-08-25 03:12:32,910 - INFO - 📐 眼球中心在瞳孔中心的左0.00mm，上1.61mm，后6.93mm
2025-08-25 03:12:32,910 - INFO - 📏 距离: 7.11mm
2025-08-25 03:12:32,910 - INFO - -----------------------------------------------------------------------------------
2025-08-25 03:12:32,910 - INFO - -----------------------------------------------------------------------------------
2025-08-25 03:12:32,910 - DEBUG - 🔍 参数有效性检查:
2025-08-25 03:12:32,910 - DEBUG -    参数向量: [[-0.0076834 ]
 [ 0.02996735]
 [ 0.60465689]
 [ 0.01331385]]
2025-08-25 03:12:32,910 - DEBUG -    球心: [-0.0076834   0.02996735  0.60465689]
2025-08-25 03:12:32,910 - DEBUG -    半径: 0.013314
2025-08-25 03:12:32,910 - DEBUG - 🔍 初始化函数值 Φ(θ): 0.000262
2025-08-25 03:12:32,910 - DEBUG - 🔍 参数有效: True
2025-08-25 03:12:32,910 - DEBUG -    参数更新成功:
2025-08-25 03:12:32,910 - DEBUG -      新球心: [-0.0076834   0.02996735  0.60465689]
2025-08-25 03:12:32,910 - DEBUG -      新半径: 0.013314
2025-08-25 03:12:32,910 - INFO - -----------------------------------------------------------------------------------
2025-08-25 03:12:32,910 - DEBUG - 🔍 LM收敛性检查:
2025-08-25 03:12:32,910 - DEBUG -    当前迭代次数: 0
2025-08-25 03:12:32,910 - DEBUG -    最大迭代次数: 30
2025-08-25 03:12:32,910 - DEBUG -    参数变化: 0.006078
2025-08-25 03:12:32,910 - DEBUG -    参数容忍度: 5e-06
2025-08-25 03:12:32,918 - DEBUG -    残差变化: 0.000000
2025-08-25 03:12:32,918 - DEBUG -    残差容忍度: 5e-06
2025-08-25 03:12:32,918 - DEBUG - 🔍 迭代 2/30:
2025-08-25 03:12:32,918 - DEBUG - 🔍 计算点到球心距离: 形状=(21,)
2025-08-25 03:12:32,918 - DEBUG - 🔍 生理偏差向量计算:
2025-08-25 03:12:32,918 - DEBUG -    点类型列表: ['pupil_center', 'iris_boundaries', 'iris_boundaries', 'iris_boundaries', 'iris_boundaries', 'eye_contours', 'eye_contours', 'eye_contours', 'eye_contours', 'eye_contours', 'eye_contours', 'eye_contours', 'eye_contours', 'eye_contours', 'eye_contours', 'eye_contours', 'eye_contours', 'eye_contours', 'eye_contours', 'eye_contours', 'eye_contours']
2025-08-25 03:12:32,918 - DEBUG -    偏差向量: [0.0002  0.00085 0.00085 0.00085 0.00085 0.0025  0.0025  0.0025  0.0025
 0.0025  0.0025  0.0025  0.0025  0.0025  0.0025  0.0025  0.0025  0.0025
 0.0025  0.0025  0.0025 ]
2025-08-25 03:12:32,918 - DEBUG -    向量形状: (21,)
2025-08-25 03:12:32,918 - DEBUG -    偏差统计: 均值=0.002076, 标准差=0.000769
2025-08-25 03:12:32,918 - DEBUG - 获取生理偏差: 点类型=['pupil_center', 'iris_boundaries', 'iris_boundaries', 'iris_boundaries', 'iris_boundaries', 'eye_contours', 'eye_contours', 'eye_contours', 'eye_contours', 'eye_contours', 'eye_contours', 'eye_contours', 'eye_contours', 'eye_contours', 'eye_contours', 'eye_contours', 'eye_contours', 'eye_contours', 'eye_contours', 'eye_contours', 'eye_contours'], 偏差值=[0.0002  0.00085 0.00085 0.00085 0.00085 0.0025  0.0025  0.0025  0.0025
 0.0025  0.0025  0.0025  0.0025  0.0025  0.0025  0.0025  0.0025  0.0025
 0.0025  0.0025  0.0025 ]
2025-08-25 03:12:32,918 - INFO - -----------------------------------------------------------------------------------
2025-08-25 03:12:32,918 - DEBUG - 🔍 拟合残差计算详情:
2025-08-25 03:12:32,918 - DEBUG -    球心坐标: [-0.0076834   0.02996735  0.60465689]
2025-08-25 03:12:32,918 - DEBUG -    球体半径: 0.013314
2025-08-25 03:12:32,918 - DEBUG -    采样点数: 21
2025-08-25 03:12:32,918 - DEBUG -    点类型分布: {'eye_contours': 16, 'iris_boundaries': 4, 'pupil_center': 1}
2025-08-25 03:12:32,918 - DEBUG -    理论距离向量: [0.01351385 0.01416385 0.01416385 0.01416385 0.01416385 0.01581385
 0.01581385 0.01581385 0.01581385 0.01581385 0.01581385 0.01581385
 0.01581385 0.01581385 0.01581385 0.01581385 0.01581385 0.01581385
 0.01581385 0.01581385 0.01581385]
2025-08-25 03:12:32,918 - DEBUG -    实际距离向量: [0.00697757 0.01330551 0.00391521 0.01197288 0.01530755 0.02190864
 0.01935134 0.01684028 0.0142324  0.01302509 0.01566693 0.02069216
 0.02475862 0.02684796 0.02349421 0.01695559 0.00895322 0.00538503
 0.0107959  0.01601535 0.01934443]
2025-08-25 03:12:32,918 - DEBUG -    生理偏差向量: [0.0002  0.00085 0.00085 0.00085 0.00085 0.0025  0.0025  0.0025  0.0025
 0.0025  0.0025  0.0025  0.0025  0.0025  0.0025  0.0025  0.0025  0.0025
 0.0025  0.0025  0.0025 ]
2025-08-25 03:12:32,918 - DEBUG -    残差向量 f(θ): 
[[-0.00653629]
 [-0.00085834]
 [-0.01024864]
 [-0.00219097]
 [ 0.00114369]
 [ 0.00609479]
 [ 0.00353749]
 [ 0.00102643]
 [-0.00158145]
 [-0.00278876]
 [-0.00014692]
 [ 0.00487831]
 [ 0.00894477]
 [ 0.01103411]
 [ 0.00768036]
 [ 0.00114174]
 [-0.00686063]
 [-0.01042882]
 [-0.00501795]
 [ 0.0002015 ]
 [ 0.00353058]]
2025-08-25 03:12:32,918 - DEBUG -    平均残差范数: 0.001255
2025-08-25 03:12:32,918 - DEBUG -    残差范数=0.026362
2025-08-25 03:12:32,918 - INFO - -----------------------------------------------------------------------------------
2025-08-25 03:12:32,918 - DEBUG - 🔍 深度约束计算详情 (softplus):
2025-08-25 03:12:32,918 - DEBUG -    采样点Z坐标范围: [0.600436, 0.601628]
2025-08-25 03:12:32,918 - DEBUG -    球心Z坐标: 0.604657
2025-08-25 03:12:32,918 - DEBUG -    深度偏移ε: 0.000200
2025-08-25 03:12:32,918 - DEBUG -    softplus参数τ: 0.001000
2025-08-25 03:12:32,918 - DEBUG -    原始违反值: -0.002829
2025-08-25 03:12:32,918 - DEBUG -    softplus输入 u: -2.828822
2025-08-25 03:12:32,918 - DEBUG -    约束惩罚 h(θ): 0.000057
2025-08-25 03:12:32,926 - DEBUG -    🟢 深度约束满足: 球心深度足够
2025-08-25 03:12:32,926 - INFO - -----------------------------------------------------------------------------------
2025-08-25 03:12:32,926 - DEBUG - 🔍 半径惩罚计算详情:
2025-08-25 03:12:32,926 - DEBUG -    当前半径: 0.013314
2025-08-25 03:12:32,926 - DEBUG -    半径先验值: 0.012000
2025-08-25 03:12:32,926 - DEBUG -    半径残差 r(θ): 0.001314
2025-08-25 03:12:32,926 - DEBUG -    数据残差 f(θ): [[-0.00653629]
 [-0.00085834]
 [-0.01024864]
 [-0.00219097]
 [ 0.00114369]
 [ 0.00609479]
 [ 0.00353749]
 [ 0.00102643]
 [-0.00158145]
 [-0.00278876]
 [-0.00014692]
 [ 0.00487831]
 [ 0.00894477]
 [ 0.01103411]
 [ 0.00768036]
 [ 0.00114174]
 [-0.00686063]
 [-0.01042882]
 [-0.00501795]
 [ 0.0002015 ]
 [ 0.00353058]]
2025-08-25 03:12:32,926 - DEBUG -    约束残差 g(θ): [[5.74028814e-05]]
2025-08-25 03:12:32,926 - DEBUG -    半径残差 r(θ): [[0.00131385]]
2025-08-25 03:12:32,926 - DEBUG - 🔍 状态变化计算: 参数变化=0.006078, 残差变化=0.003451
2025-08-25 03:12:32,926 - INFO - -----------------------------------------------------------------------------------
2025-08-25 03:12:32,926 - DEBUG - 🔍 权重管理器状态更新详情:
2025-08-25 03:12:32,926 - DEBUG -    当前迭代: 1
2025-08-25 03:12:32,926 - DEBUG -    参数变化: 0.006078 (阈值: 0.000005)
2025-08-25 03:12:32,926 - DEBUG -    残差变化: 0.003451 (阈值: 0.000005)
2025-08-25 03:12:32,926 - DEBUG -    几何权重因子: 10
2025-08-25 03:12:32,926 - DEBUG - ⏸️ 保持图像置信度权重: 参数变化=6.08e-03, 残差变化=3.45e-03
2025-08-25 03:12:32,926 - DEBUG - 状态已保存: 参数=[-0.0076834   0.02996735  0.60465689  0.01331385], 残差范数=0.026362
2025-08-25 03:12:32,926 - DEBUG - 🔍 获取visibility信息: 形状=(21,), 范围=[1.000, 1.000]
2025-08-25 03:12:32,926 - DEBUG - 🔧 设置图像置信度权重: 21个点
2025-08-25 03:12:32,926 - DEBUG - 🔍 开始计算权重矩阵:
2025-08-25 03:12:32,926 - DEBUG -    点类型: ['pupil_center', 'iris_boundaries', 'iris_boundaries', 'iris_boundaries', 'iris_boundaries', 'eye_contours', 'eye_contours', 'eye_contours', 'eye_contours', 'eye_contours', 'eye_contours', 'eye_contours', 'eye_contours', 'eye_contours', 'eye_contours', 'eye_contours', 'eye_contours', 'eye_contours', 'eye_contours', 'eye_contours', 'eye_contours']
2025-08-25 03:12:32,926 - DEBUG -    残差向量: 形状=(21,), 范数=0.026362
2025-08-25 03:12:32,926 - DEBUG -    Visibility: 形状=(21,), 均值=1.000
2025-08-25 03:12:32,926 - DEBUG - 🔍 权重矩阵计算成功: 形状=(21, 21)
2025-08-25 03:12:32,926 - DEBUG - 🔍 几何权重统计:
2025-08-25 03:12:32,926 - DEBUG -    权重向量: [[1.]
 [1.]
 [1.]
 [1.]
 [1.]
 [1.]
 [1.]
 [1.]
 [1.]
 [1.]
 [1.]
 [1.]
 [1.]
 [1.]
 [1.]
 [1.]
 [1.]
 [1.]
 [1.]
 [1.]
 [1.]]
2025-08-25 03:12:32,926 - DEBUG -    权重范围: [1.000000, 1.000000]
2025-08-25 03:12:32,926 - DEBUG -    权重均值: 1.000000
2025-08-25 03:12:32,926 - DEBUG -    权重标准差: 0.000000
2025-08-25 03:12:32,926 - DEBUG -    高权重点(>0.8): 21/21
2025-08-25 03:12:32,926 - DEBUG -    低权重点(<0.2): 0/21
2025-08-25 03:12:32,926 - INFO - -----------------------------------------------------------------------------------
2025-08-25 03:12:32,926 - DEBUG - 🔍 开始求解LM更新方程:
2025-08-25 03:12:32,926 - DEBUG -    数据残差: 形状=(21,), 范数=0.026362
2025-08-25 03:12:32,926 - DEBUG -    约束残差: 形状=(1,), 范数=0.000057
2025-08-25 03:12:32,926 - DEBUG - 🔍 计算数据残差雅可比矩阵 J_f: 形状=(21, 4)
2025-08-25 03:12:32,926 - DEBUG - 🔍 J_f矩阵计算完成: 条件数=7.55e+00
2025-08-25 03:12:32,926 - DEBUG - 🔍 深度约束雅可比计算: u=-2.828822, σ=0.055786, J_h=[[ 0.          0.         -0.05578641  0.        ]]
2025-08-25 03:12:32,926 - DEBUG - 🔍 半径先验雅可比: J_r=[[0. 0. 0. 1.]]
2025-08-25 03:12:32,926 - DEBUG - 🔍 使用几何权重矩阵: 形状=(21, 21)
2025-08-25 03:12:32,926 - DEBUG - 🔍 Hessian矩阵计算:
2025-08-25 03:12:32,926 - DEBUG -    H_data = J_f^T W J_f: 形状=(4, 4), 条件数=5.70e+01
2025-08-25 03:12:32,934 - DEBUG -    H_h = λ_depth J_h^T J_h: 形状=(4, 4), λ_depth=1000.0
2025-08-25 03:12:32,934 - DEBUG -    H_r = λ_radius J_r^T J_r: 形状=(4, 4), λ_radius=20.0
2025-08-25 03:12:32,934 - DEBUG -    H_total: 形状=(4, 4), 条件数=1.34e+01
2025-08-25 03:12:32,934 - DEBUG - 🔍 梯度计算:
2025-08-25 03:12:32,934 - DEBUG -    g_data: 形状=(4,), 范数=0.025078
2025-08-25 03:12:32,934 - DEBUG -    g_h: 形状=(4,), 范数=0.003202
2025-08-25 03:12:32,934 - DEBUG -    g_r: 形状=(4,), 范数=0.026277
2025-08-25 03:12:32,934 - DEBUG -    g_total: 形状=(4,), 范数=0.032778
2025-08-25 03:12:32,934 - DEBUG - 🔍 LM阻尼矩阵: H_lm = H_total + 0.01 * I
2025-08-25 03:12:32,934 - DEBUG -    H_lm条件数: 1.34e+01
2025-08-25 03:12:32,934 - DEBUG - 🔍 线性方程组求解成功:
2025-08-25 03:12:32,934 - DEBUG -    参数更新向量 Δθ: [[-0.00165409]
 [-0.00306699]
 [-0.00331298]
 [-0.00088474]]
2025-08-25 03:12:32,934 - DEBUG -    更新向量范数: 0.004889
2025-08-25 03:12:32,934 - DEBUG -    各分量更新: Δc_x=-0.001654, Δc_y=-0.003067, Δc_z=-0.003313, Δr=-0.000885
2025-08-25 03:12:32,934 - DEBUG -    参数更新:
2025-08-25 03:12:32,934 - DEBUG -      旧参数: [[-0.0076834 ]
 [ 0.02996735]
 [ 0.60465689]
 [ 0.01331385]]
2025-08-25 03:12:32,934 - DEBUG -      更新向量: [[-0.00165409]
 [-0.00306699]
 [-0.00331298]
 [-0.00088474]]
2025-08-25 03:12:32,934 - DEBUG -      新参数: [[-0.0093375 ]
 [ 0.02690037]
 [ 0.60134391]
 [ 0.01242911]]
2025-08-25 03:12:32,934 - INFO - -----------------------------------------------------------------------------------
2025-08-25 03:12:32,934 - INFO - 🔍 迭代第1次，球心向右1.654095mm，向上3.066987mm，向前3.312978mm，半径变小0.884739mm
2025-08-25 03:12:32,934 - INFO - 📊 变化前: 中心(-0.008, 0.030, 0.605), 半径13.31mm
2025-08-25 03:12:32,934 - INFO - 📊 变化后: 中心(-0.009, 0.027, 0.601), 半径12.43mm
2025-08-25 03:12:32,934 - INFO - 📈 变化量: 中心移动3.48mm, 半径变化0.88mm
2025-08-25 03:12:32,934 - INFO - 📍 眼球中心: [-0.0076834   0.02996735  0.60465689]
2025-08-25 03:12:32,934 - INFO - 📏 眼球半径: 13.31mm
2025-08-25 03:12:32,934 - INFO - 👁️ 瞳孔中心: [-0.00668287  0.03608752  0.60145861]
2025-08-25 03:12:32,934 - INFO - 📐 眼球中心在瞳孔中心的左1.00mm，上6.12mm，后3.20mm
2025-08-25 03:12:32,934 - INFO - 📏 距离: 6.98mm
2025-08-25 03:12:32,934 - INFO - -----------------------------------------------------------------------------------
2025-08-25 03:12:32,934 - INFO - -----------------------------------------------------------------------------------
2025-08-25 03:12:32,934 - DEBUG - 🔍 参数有效性检查:
2025-08-25 03:12:32,934 - DEBUG -    参数向量: [[-0.0093375 ]
 [ 0.02690037]
 [ 0.60134391]
 [ 0.01242911]]
2025-08-25 03:12:32,941 - DEBUG -    球心: [-0.0093375   0.02690037  0.60134391]
2025-08-25 03:12:32,941 - DEBUG -    半径: 0.012429
2025-08-25 03:12:32,941 - DEBUG - 🔍 函数值计算详情:
2025-08-25 03:12:32,941 - DEBUG -    数据项 F(θ): 0.000347
2025-08-25 03:12:32,941 - DEBUG -    深度约束项: 0.000002
2025-08-25 03:12:32,941 - DEBUG -    半径先验项: 0.000017
2025-08-25 03:12:32,941 - DEBUG -    总函数值 Φ(θ): 0.000366
2025-08-25 03:12:32,941 - DEBUG -    函数值改善: -0.000104
2025-08-25 03:12:32,941 - DEBUG - 🔍 参数有效: False
2025-08-25 03:12:32,941 - DEBUG -    参数无效，阻尼因子调整: λ_LM = 1.00e-01
2025-08-25 03:12:32,943 - DEBUG - 🔍 迭代 3/30:
2025-08-25 03:12:32,943 - DEBUG - 🔍 计算点到球心距离: 形状=(21,)
2025-08-25 03:12:32,943 - DEBUG - 🔍 生理偏差向量计算:
2025-08-25 03:12:32,943 - DEBUG -    点类型列表: ['pupil_center', 'iris_boundaries', 'iris_boundaries', 'iris_boundaries', 'iris_boundaries', 'eye_contours', 'eye_contours', 'eye_contours', 'eye_contours', 'eye_contours', 'eye_contours', 'eye_contours', 'eye_contours', 'eye_contours', 'eye_contours', 'eye_contours', 'eye_contours', 'eye_contours', 'eye_contours', 'eye_contours', 'eye_contours']
2025-08-25 03:12:32,943 - DEBUG -    偏差向量: [0.0002  0.00085 0.00085 0.00085 0.00085 0.0025  0.0025  0.0025  0.0025
 0.0025  0.0025  0.0025  0.0025  0.0025  0.0025  0.0025  0.0025  0.0025
 0.0025  0.0025  0.0025 ]
2025-08-25 03:12:32,943 - DEBUG -    向量形状: (21,)
2025-08-25 03:12:32,943 - DEBUG -    偏差统计: 均值=0.002076, 标准差=0.000769
2025-08-25 03:12:32,943 - DEBUG - 获取生理偏差: 点类型=['pupil_center', 'iris_boundaries', 'iris_boundaries', 'iris_boundaries', 'iris_boundaries', 'eye_contours', 'eye_contours', 'eye_contours', 'eye_contours', 'eye_contours', 'eye_contours', 'eye_contours', 'eye_contours', 'eye_contours', 'eye_contours', 'eye_contours', 'eye_contours', 'eye_contours', 'eye_contours', 'eye_contours', 'eye_contours'], 偏差值=[0.0002  0.00085 0.00085 0.00085 0.00085 0.0025  0.0025  0.0025  0.0025
 0.0025  0.0025  0.0025  0.0025  0.0025  0.0025  0.0025  0.0025  0.0025
 0.0025  0.0025  0.0025 ]
2025-08-25 03:12:32,943 - INFO - -----------------------------------------------------------------------------------
2025-08-25 03:12:32,943 - DEBUG - 🔍 拟合残差计算详情:
2025-08-25 03:12:32,943 - DEBUG -    球心坐标: [-0.0076834   0.02996735  0.60465689]
2025-08-25 03:12:32,943 - DEBUG -    球体半径: 0.013314
2025-08-25 03:12:32,943 - DEBUG -    采样点数: 21
2025-08-25 03:12:32,943 - DEBUG -    点类型分布: {'eye_contours': 16, 'iris_boundaries': 4, 'pupil_center': 1}
2025-08-25 03:12:32,943 - DEBUG -    理论距离向量: [0.01351385 0.01416385 0.01416385 0.01416385 0.01416385 0.01581385
 0.01581385 0.01581385 0.01581385 0.01581385 0.01581385 0.01581385
 0.01581385 0.01581385 0.01581385 0.01581385 0.01581385 0.01581385
 0.01581385 0.01581385 0.01581385]
2025-08-25 03:12:32,943 - DEBUG -    实际距离向量: [0.00697757 0.01330551 0.00391521 0.01197288 0.01530755 0.02190864
 0.01935134 0.01684028 0.0142324  0.01302509 0.01566693 0.02069216
 0.02475862 0.02684796 0.02349421 0.01695559 0.00895322 0.00538503
 0.0107959  0.01601535 0.01934443]
2025-08-25 03:12:32,943 - DEBUG -    生理偏差向量: [0.0002  0.00085 0.00085 0.00085 0.00085 0.0025  0.0025  0.0025  0.0025
 0.0025  0.0025  0.0025  0.0025  0.0025  0.0025  0.0025  0.0025  0.0025
 0.0025  0.0025  0.0025 ]
2025-08-25 03:12:32,943 - DEBUG -    残差向量 f(θ): 
[[-0.00653629]
 [-0.00085834]
 [-0.01024864]
 [-0.00219097]
 [ 0.00114369]
 [ 0.00609479]
 [ 0.00353749]
 [ 0.00102643]
 [-0.00158145]
 [-0.00278876]
 [-0.00014692]
 [ 0.00487831]
 [ 0.00894477]
 [ 0.01103411]
 [ 0.00768036]
 [ 0.00114174]
 [-0.00686063]
 [-0.01042882]
 [-0.00501795]
 [ 0.0002015 ]
 [ 0.00353058]]
2025-08-25 03:12:32,943 - DEBUG -    平均残差范数: 0.001255
2025-08-25 03:12:32,943 - DEBUG -    残差范数=0.026362
2025-08-25 03:12:32,943 - INFO - -----------------------------------------------------------------------------------
2025-08-25 03:12:32,943 - DEBUG - 🔍 深度约束计算详情 (softplus):
2025-08-25 03:12:32,943 - DEBUG -    采样点Z坐标范围: [0.600436, 0.601628]
2025-08-25 03:12:32,943 - DEBUG -    球心Z坐标: 0.604657
2025-08-25 03:12:32,943 - DEBUG -    深度偏移ε: 0.000200
2025-08-25 03:12:32,943 - DEBUG -    softplus参数τ: 0.001000
2025-08-25 03:12:32,943 - DEBUG -    原始违反值: -0.002829
2025-08-25 03:12:32,943 - DEBUG -    softplus输入 u: -2.828822
2025-08-25 03:12:32,943 - DEBUG -    约束惩罚 h(θ): 0.000057
2025-08-25 03:12:32,943 - DEBUG -    🟢 深度约束满足: 球心深度足够
2025-08-25 03:12:32,943 - INFO - -----------------------------------------------------------------------------------
2025-08-25 03:12:32,943 - DEBUG - 🔍 半径惩罚计算详情:
2025-08-25 03:12:32,943 - DEBUG -    当前半径: 0.013314
2025-08-25 03:12:32,943 - DEBUG -    半径先验值: 0.012000
2025-08-25 03:12:32,943 - DEBUG -    半径残差 r(θ): 0.001314
2025-08-25 03:12:32,951 - DEBUG -    数据残差 f(θ): [[-0.00653629]
 [-0.00085834]
 [-0.01024864]
 [-0.00219097]
 [ 0.00114369]
 [ 0.00609479]
 [ 0.00353749]
 [ 0.00102643]
 [-0.00158145]
 [-0.00278876]
 [-0.00014692]
 [ 0.00487831]
 [ 0.00894477]
 [ 0.01103411]
 [ 0.00768036]
 [ 0.00114174]
 [-0.00686063]
 [-0.01042882]
 [-0.00501795]
 [ 0.0002015 ]
 [ 0.00353058]]
2025-08-25 03:12:32,951 - DEBUG -    约束残差 g(θ): [[5.74028814e-05]]
2025-08-25 03:12:32,951 - DEBUG -    半径残差 r(θ): [[0.00131385]]
2025-08-25 03:12:32,951 - DEBUG - 🔍 状态变化计算: 参数变化=0.000000, 残差变化=0.000000
2025-08-25 03:12:32,951 - INFO - -----------------------------------------------------------------------------------
2025-08-25 03:12:32,951 - DEBUG - 🔍 权重管理器状态更新详情:
2025-08-25 03:12:32,951 - DEBUG -    当前迭代: 2
2025-08-25 03:12:32,951 - DEBUG -    参数变化: 0.000000 (阈值: 0.000005)
2025-08-25 03:12:32,951 - DEBUG -    残差变化: 0.000000 (阈值: 0.000005)
2025-08-25 03:12:32,951 - DEBUG -    几何权重因子: 10
2025-08-25 03:12:32,951 - DEBUG - ⏸️ 保持图像置信度权重: 参数变化=0.00e+00, 残差变化=0.00e+00
2025-08-25 03:12:32,951 - DEBUG - 状态已保存: 参数=[-0.0076834   0.02996735  0.60465689  0.01331385], 残差范数=0.026362
2025-08-25 03:12:32,951 - DEBUG - 🔍 获取visibility信息: 形状=(21,), 范围=[1.000, 1.000]
2025-08-25 03:12:32,951 - DEBUG - 🔧 设置图像置信度权重: 21个点
2025-08-25 03:12:32,951 - DEBUG - 🔍 开始计算权重矩阵:
2025-08-25 03:12:32,951 - DEBUG -    点类型: ['pupil_center', 'iris_boundaries', 'iris_boundaries', 'iris_boundaries', 'iris_boundaries', 'eye_contours', 'eye_contours', 'eye_contours', 'eye_contours', 'eye_contours', 'eye_contours', 'eye_contours', 'eye_contours', 'eye_contours', 'eye_contours', 'eye_contours', 'eye_contours', 'eye_contours', 'eye_contours', 'eye_contours', 'eye_contours']
2025-08-25 03:12:32,951 - DEBUG -    残差向量: 形状=(21,), 范数=0.026362
2025-08-25 03:12:32,951 - DEBUG -    Visibility: 形状=(21,), 均值=1.000
2025-08-25 03:12:32,951 - DEBUG - 🔍 权重矩阵计算成功: 形状=(21, 21)
2025-08-25 03:12:32,956 - DEBUG - 🔍 几何权重统计:
2025-08-25 03:12:32,956 - DEBUG -    权重向量: [[1.]
 [1.]
 [1.]
 [1.]
 [1.]
 [1.]
 [1.]
 [1.]
 [1.]
 [1.]
 [1.]
 [1.]
 [1.]
 [1.]
 [1.]
 [1.]
 [1.]
 [1.]
 [1.]
 [1.]
 [1.]]
2025-08-25 03:12:32,961 - DEBUG -    权重范围: [1.000000, 1.000000]
2025-08-25 03:12:32,961 - DEBUG -    权重均值: 1.000000
2025-08-25 03:12:32,961 - DEBUG -    权重标准差: 0.000000
2025-08-25 03:12:32,961 - DEBUG -    高权重点(>0.8): 21/21
2025-08-25 03:12:32,961 - DEBUG -    低权重点(<0.2): 0/21
2025-08-25 03:12:32,961 - INFO - -----------------------------------------------------------------------------------
2025-08-25 03:12:32,961 - DEBUG - 🔍 开始求解LM更新方程:
2025-08-25 03:12:32,961 - DEBUG -    数据残差: 形状=(21,), 范数=0.026362
2025-08-25 03:12:32,961 - DEBUG -    约束残差: 形状=(1,), 范数=0.000057
2025-08-25 03:12:32,961 - DEBUG - 🔍 计算数据残差雅可比矩阵 J_f: 形状=(21, 4)
2025-08-25 03:12:32,961 - DEBUG - 🔍 J_f矩阵计算完成: 条件数=7.55e+00
2025-08-25 03:12:32,961 - DEBUG - 🔍 深度约束雅可比计算: u=-2.828822, σ=0.055786, J_h=[[ 0.          0.         -0.05578641  0.        ]]
2025-08-25 03:12:32,961 - DEBUG - 🔍 半径先验雅可比: J_r=[[0. 0. 0. 1.]]
2025-08-25 03:12:32,961 - DEBUG - 🔍 使用几何权重矩阵: 形状=(21, 21)
2025-08-25 03:12:32,965 - DEBUG - 🔍 Hessian矩阵计算:
2025-08-25 03:12:32,965 - DEBUG -    H_data = J_f^T W J_f: 形状=(4, 4), 条件数=5.70e+01
2025-08-25 03:12:32,965 - DEBUG -    H_h = λ_depth J_h^T J_h: 形状=(4, 4), λ_depth=1000.0
2025-08-25 03:12:32,965 - DEBUG -    H_r = λ_radius J_r^T J_r: 形状=(4, 4), λ_radius=20.0
2025-08-25 03:12:32,965 - DEBUG -    H_total: 形状=(4, 4), 条件数=1.34e+01
2025-08-25 03:12:32,965 - DEBUG - 🔍 梯度计算:
2025-08-25 03:12:32,965 - DEBUG -    g_data: 形状=(4,), 范数=0.025078
2025-08-25 03:12:32,965 - DEBUG -    g_h: 形状=(4,), 范数=0.003202
2025-08-25 03:12:32,965 - DEBUG -    g_r: 形状=(4,), 范数=0.026277
2025-08-25 03:12:32,965 - DEBUG -    g_total: 形状=(4,), 范数=0.032778
2025-08-25 03:12:32,965 - DEBUG - 🔍 LM阻尼矩阵: H_lm = H_total + 0.1 * I
2025-08-25 03:12:32,965 - DEBUG -    H_lm条件数: 1.31e+01
2025-08-25 03:12:32,965 - DEBUG - 🔍 线性方程组求解成功:
2025-08-25 03:12:32,965 - DEBUG -    参数更新向量 Δθ: [[-0.00163626]
 [-0.00298005]
 [-0.00323237]
 [-0.00087267]]
2025-08-25 03:12:32,965 - DEBUG -    更新向量范数: 0.004772
2025-08-25 03:12:32,965 - DEBUG -    各分量更新: Δc_x=-0.001636, Δc_y=-0.002980, Δc_z=-0.003232, Δr=-0.000873
2025-08-25 03:12:32,965 - DEBUG -    参数更新:
2025-08-25 03:12:32,967 - DEBUG -      旧参数: [[-0.0076834 ]
 [ 0.02996735]
 [ 0.60465689]
 [ 0.01331385]]
2025-08-25 03:12:32,967 - DEBUG -      更新向量: [[-0.00163626]
 [-0.00298005]
 [-0.00323237]
 [-0.00087267]]
2025-08-25 03:12:32,967 - DEBUG -      新参数: [[-0.00931966]
 [ 0.02698731]
 [ 0.60142451]
 [ 0.01244118]]
2025-08-25 03:12:32,967 - INFO - -----------------------------------------------------------------------------------
2025-08-25 03:12:32,967 - INFO - 🔍 迭代第2次，球心向右1.636259mm，向上2.980047mm，向前3.232374mm，半径变小0.872669mm
2025-08-25 03:12:32,967 - INFO - 📊 变化前: 中心(-0.008, 0.030, 0.605), 半径13.31mm
2025-08-25 03:12:32,967 - INFO - 📊 变化后: 中心(-0.009, 0.027, 0.601), 半径12.44mm
2025-08-25 03:12:32,967 - INFO - 📈 变化量: 中心移动3.40mm, 半径变化0.87mm
2025-08-25 03:12:32,967 - INFO - 📍 眼球中心: [-0.0076834   0.02996735  0.60465689]
2025-08-25 03:12:32,967 - INFO - 📏 眼球半径: 13.31mm
2025-08-25 03:12:32,967 - INFO - 👁️ 瞳孔中心: [-0.00668287  0.03608752  0.60145861]
2025-08-25 03:12:32,967 - INFO - 📐 眼球中心在瞳孔中心的左1.00mm，上6.12mm，后3.20mm
2025-08-25 03:12:32,967 - INFO - 📏 距离: 6.98mm
2025-08-25 03:12:32,967 - INFO - -----------------------------------------------------------------------------------
2025-08-25 03:12:32,967 - INFO - -----------------------------------------------------------------------------------
2025-08-25 03:12:32,967 - DEBUG - 🔍 参数有效性检查:
2025-08-25 03:12:32,970 - DEBUG -    参数向量: [[-0.00931966]
 [ 0.02698731]
 [ 0.60142451]
 [ 0.01244118]]
2025-08-25 03:12:32,970 - DEBUG -    球心: [-0.00931966  0.02698731  0.60142451]
2025-08-25 03:12:32,970 - DEBUG -    半径: 0.012441
2025-08-25 03:12:32,970 - DEBUG - 🔍 函数值计算详情:
2025-08-25 03:12:32,970 - DEBUG -    数据项 F(θ): 0.000347
2025-08-25 03:12:32,970 - DEBUG -    深度约束项: 0.000002
2025-08-25 03:12:32,970 - DEBUG -    半径先验项: 0.000017
2025-08-25 03:12:32,970 - DEBUG -    总函数值 Φ(θ): 0.000366
2025-08-25 03:12:32,972 - DEBUG -    函数值改善: 0.000000
2025-08-25 03:12:32,972 - DEBUG - 🔍 参数有效: True
2025-08-25 03:12:32,972 - DEBUG -    参数更新成功:
2025-08-25 03:12:32,973 - DEBUG -      新球心: [-0.00931966  0.02698731  0.60142451]
2025-08-25 03:12:32,973 - DEBUG -      新半径: 0.012441
2025-08-25 03:12:32,973 - INFO - -----------------------------------------------------------------------------------
2025-08-25 03:12:32,973 - DEBUG - 🔍 LM收敛性检查:
2025-08-25 03:12:32,973 - DEBUG -    当前迭代次数: 2
2025-08-25 03:12:32,973 - DEBUG -    最大迭代次数: 30
2025-08-25 03:12:32,973 - DEBUG -    参数变化: 0.004772
2025-08-25 03:12:32,973 - DEBUG -    参数容忍度: 5e-06
2025-08-25 03:12:32,973 - DEBUG -    残差变化: 0.000000
2025-08-25 03:12:32,973 - DEBUG -    残差容忍度: 5e-06
2025-08-25 03:12:32,973 - DEBUG - 🔍 迭代 4/30:
2025-08-25 03:12:32,975 - DEBUG - 🔍 计算点到球心距离: 形状=(21,)
2025-08-25 03:12:32,975 - DEBUG - 🔍 生理偏差向量计算:
2025-08-25 03:12:32,975 - DEBUG -    点类型列表: ['pupil_center', 'iris_boundaries', 'iris_boundaries', 'iris_boundaries', 'iris_boundaries', 'eye_contours', 'eye_contours', 'eye_contours', 'eye_contours', 'eye_contours', 'eye_contours', 'eye_contours', 'eye_contours', 'eye_contours', 'eye_contours', 'eye_contours', 'eye_contours', 'eye_contours', 'eye_contours', 'eye_contours', 'eye_contours']
2025-08-25 03:12:32,975 - DEBUG -    偏差向量: [0.0002  0.00085 0.00085 0.00085 0.00085 0.0025  0.0025  0.0025  0.0025
 0.0025  0.0025  0.0025  0.0025  0.0025  0.0025  0.0025  0.0025  0.0025
 0.0025  0.0025  0.0025 ]
2025-08-25 03:12:32,975 - DEBUG -    向量形状: (21,)
2025-08-25 03:12:32,975 - DEBUG -    偏差统计: 均值=0.002076, 标准差=0.000769
2025-08-25 03:12:32,975 - DEBUG - 获取生理偏差: 点类型=['pupil_center', 'iris_boundaries', 'iris_boundaries', 'iris_boundaries', 'iris_boundaries', 'eye_contours', 'eye_contours', 'eye_contours', 'eye_contours', 'eye_contours', 'eye_contours', 'eye_contours', 'eye_contours', 'eye_contours', 'eye_contours', 'eye_contours', 'eye_contours', 'eye_contours', 'eye_contours', 'eye_contours', 'eye_contours'], 偏差值=[0.0002  0.00085 0.00085 0.00085 0.00085 0.0025  0.0025  0.0025  0.0025
 0.0025  0.0025  0.0025  0.0025  0.0025  0.0025  0.0025  0.0025  0.0025
 0.0025  0.0025  0.0025 ]
2025-08-25 03:12:32,975 - INFO - -----------------------------------------------------------------------------------
2025-08-25 03:12:32,975 - DEBUG - 🔍 拟合残差计算详情:
2025-08-25 03:12:32,975 - DEBUG -    球心坐标: [-0.00931966  0.02698731  0.60142451]
2025-08-25 03:12:32,975 - DEBUG -    球体半径: 0.012441
2025-08-25 03:12:32,975 - DEBUG -    采样点数: 21
2025-08-25 03:12:32,975 - DEBUG -    点类型分布: {'eye_contours': 16, 'iris_boundaries': 4, 'pupil_center': 1}
2025-08-25 03:12:32,975 - DEBUG -    理论距离向量: [0.01264118 0.01329118 0.01329118 0.01329118 0.01329118 0.01494118
 0.01494118 0.01494118 0.01494118 0.01494118 0.01494118 0.01494118
 0.01494118 0.01494118 0.01494118 0.01494118 0.01494118 0.01494118
 0.01494118 0.01494118 0.01494118]
2025-08-25 03:12:32,975 - DEBUG -    实际距离向量: [0.00947458 0.01571717 0.00282985 0.01217195 0.01794721 0.02158164
 0.01961926 0.01757027 0.01573682 0.01557246 0.01848406 0.02332196
 0.02732578 0.02927797 0.02580648 0.01914525 0.01094441 0.00643901
 0.01052564 0.0156384  0.01906047]
2025-08-25 03:12:32,975 - DEBUG -    生理偏差向量: [0.0002  0.00085 0.00085 0.00085 0.00085 0.0025  0.0025  0.0025  0.0025
 0.0025  0.0025  0.0025  0.0025  0.0025  0.0025  0.0025  0.0025  0.0025
 0.0025  0.0025  0.0025 ]
2025-08-25 03:12:32,975 - DEBUG -    残差向量 f(θ): 
[[-0.00316661]
 [ 0.00242599]
 [-0.01046133]
 [-0.00111924]
 [ 0.00465603]
 [ 0.00664046]
 [ 0.00467808]
 [ 0.00262908]
 [ 0.00079563]
 [ 0.00063128]
 [ 0.00354288]
 [ 0.00838078]
 [ 0.01238459]
 [ 0.01433678]
 [ 0.0108653 ]
 [ 0.00420407]
 [-0.00399678]
 [-0.00850217]
 [-0.00441555]
 [ 0.00069722]
 [ 0.00411929]]
2025-08-25 03:12:32,975 - DEBUG -    平均残差范数: 0.001448
2025-08-25 03:12:32,975 - DEBUG -    残差范数=0.030412
2025-08-25 03:12:32,975 - INFO - -----------------------------------------------------------------------------------
2025-08-25 03:12:32,980 - DEBUG - 🔍 深度约束计算详情 (softplus):
2025-08-25 03:12:32,980 - DEBUG -    采样点Z坐标范围: [0.600436, 0.601628]
2025-08-25 03:12:32,981 - DEBUG -    球心Z坐标: 0.601425
2025-08-25 03:12:32,981 - DEBUG -    深度偏移ε: 0.000200
2025-08-25 03:12:32,981 - DEBUG -    softplus参数τ: 0.001000
2025-08-25 03:12:32,981 - DEBUG -    原始违反值: 0.000404
2025-08-25 03:12:32,981 - DEBUG -    softplus输入 u: 0.403552
2025-08-25 03:12:32,981 - DEBUG -    约束惩罚 h(θ): 0.000915
2025-08-25 03:12:32,981 - DEBUG -    🔴 深度约束被违反: 球心过浅
2025-08-25 03:12:32,981 - INFO - -----------------------------------------------------------------------------------
2025-08-25 03:12:32,981 - DEBUG - 🔍 半径惩罚计算详情:
2025-08-25 03:12:32,981 - DEBUG -    当前半径: 0.012441
2025-08-25 03:12:32,981 - DEBUG -    半径先验值: 0.012000
2025-08-25 03:12:32,981 - DEBUG -    半径残差 r(θ): 0.000441
2025-08-25 03:12:32,981 - DEBUG -    数据残差 f(θ): [[-0.00316661]
 [ 0.00242599]
 [-0.01046133]
 [-0.00111924]
 [ 0.00465603]
 [ 0.00664046]
 [ 0.00467808]
 [ 0.00262908]
 [ 0.00079563]
 [ 0.00063128]
 [ 0.00354288]
 [ 0.00838078]
 [ 0.01238459]
 [ 0.01433678]
 [ 0.0108653 ]
 [ 0.00420407]
 [-0.00399678]
 [-0.00850217]
 [-0.00441555]
 [ 0.00069722]
 [ 0.00411929]]
2025-08-25 03:12:32,981 - DEBUG -    约束残差 g(θ): [[0.00091514]]
2025-08-25 03:12:32,981 - DEBUG -    半径残差 r(θ): [[0.00044118]]
2025-08-25 03:12:32,981 - DEBUG - 🔍 状态变化计算: 参数变化=0.004772, 残差变化=0.004049
2025-08-25 03:12:32,981 - INFO - -----------------------------------------------------------------------------------
2025-08-25 03:12:32,981 - DEBUG - 🔍 权重管理器状态更新详情:
2025-08-25 03:12:32,981 - DEBUG -    当前迭代: 3
2025-08-25 03:12:32,981 - DEBUG -    参数变化: 0.004772 (阈值: 0.000005)
2025-08-25 03:12:32,981 - DEBUG -    残差变化: 0.004049 (阈值: 0.000005)
2025-08-25 03:12:32,981 - DEBUG -    几何权重因子: 10
2025-08-25 03:12:32,981 - DEBUG - ⏸️ 保持图像置信度权重: 参数变化=4.77e-03, 残差变化=4.05e-03
2025-08-25 03:12:32,981 - DEBUG - 状态已保存: 参数=[-0.00931966  0.02698731  0.60142451  0.01244118], 残差范数=0.030412
2025-08-25 03:12:32,981 - DEBUG - 🔍 获取visibility信息: 形状=(21,), 范围=[1.000, 1.000]
2025-08-25 03:12:32,981 - DEBUG - 🔧 设置图像置信度权重: 21个点
2025-08-25 03:12:32,981 - DEBUG - 🔍 开始计算权重矩阵:
2025-08-25 03:12:32,984 - DEBUG -    点类型: ['pupil_center', 'iris_boundaries', 'iris_boundaries', 'iris_boundaries', 'iris_boundaries', 'eye_contours', 'eye_contours', 'eye_contours', 'eye_contours', 'eye_contours', 'eye_contours', 'eye_contours', 'eye_contours', 'eye_contours', 'eye_contours', 'eye_contours', 'eye_contours', 'eye_contours', 'eye_contours', 'eye_contours', 'eye_contours']
2025-08-25 03:12:32,984 - DEBUG -    残差向量: 形状=(21,), 范数=0.030412
2025-08-25 03:12:32,985 - DEBUG -    Visibility: 形状=(21,), 均值=1.000
2025-08-25 03:12:32,985 - DEBUG - 🔍 权重矩阵计算成功: 形状=(21, 21)
2025-08-25 03:12:32,985 - DEBUG - 🔍 几何权重统计:
2025-08-25 03:12:32,985 - DEBUG -    权重向量: [[1.]
 [1.]
 [1.]
 [1.]
 [1.]
 [1.]
 [1.]
 [1.]
 [1.]
 [1.]
 [1.]
 [1.]
 [1.]
 [1.]
 [1.]
 [1.]
 [1.]
 [1.]
 [1.]
 [1.]
 [1.]]
2025-08-25 03:12:32,985 - DEBUG -    权重范围: [1.000000, 1.000000]
2025-08-25 03:12:32,985 - DEBUG -    权重均值: 1.000000
2025-08-25 03:12:32,985 - DEBUG -    权重标准差: 0.000000
2025-08-25 03:12:32,985 - DEBUG -    高权重点(>0.8): 21/21
2025-08-25 03:12:32,985 - DEBUG -    低权重点(<0.2): 0/21
2025-08-25 03:12:32,985 - INFO - -----------------------------------------------------------------------------------
2025-08-25 03:12:32,985 - DEBUG - 🔍 开始求解LM更新方程:
2025-08-25 03:12:32,985 - DEBUG -    数据残差: 形状=(21,), 范数=0.030412
2025-08-25 03:12:32,985 - DEBUG -    约束残差: 形状=(1,), 范数=0.000915
2025-08-25 03:12:32,985 - DEBUG - 🔍 计算数据残差雅可比矩阵 J_f: 形状=(21, 4)
2025-08-25 03:12:32,985 - DEBUG - 🔍 J_f矩阵计算完成: 条件数=4.08e+01
2025-08-25 03:12:32,985 - DEBUG - 🔍 深度约束雅可比计算: u=0.403552, σ=0.599541, J_h=[[ 0.          0.         -0.59954066  0.        ]]
2025-08-25 03:12:32,988 - DEBUG - 🔍 半径先验雅可比: J_r=[[0. 0. 0. 1.]]
2025-08-25 03:12:32,988 - DEBUG - 🔍 使用几何权重矩阵: 形状=(21, 21)
2025-08-25 03:12:32,988 - DEBUG - 🔍 Hessian矩阵计算:
2025-08-25 03:12:32,991 - DEBUG -    H_data = J_f^T W J_f: 形状=(4, 4), 条件数=1.67e+03
2025-08-25 03:12:32,992 - DEBUG -    H_h = λ_depth J_h^T J_h: 形状=(4, 4), λ_depth=1000.0
2025-08-25 03:12:32,993 - DEBUG -    H_r = λ_radius J_r^T J_r: 形状=(4, 4), λ_radius=20.0
2025-08-25 03:12:32,993 - DEBUG -    H_total: 形状=(4, 4), 条件数=7.37e+01
2025-08-25 03:12:32,993 - DEBUG - 🔍 梯度计算:
2025-08-25 03:12:32,993 - DEBUG -    g_data: 形状=(4,), 范数=0.059321
2025-08-25 03:12:32,993 - DEBUG -    g_h: 形状=(4,), 范数=0.548665
2025-08-25 03:12:32,993 - DEBUG -    g_r: 形状=(4,), 范数=0.008824
2025-08-25 03:12:32,993 - DEBUG -    g_total: 形状=(4,), 范数=0.550912
2025-08-25 03:12:32,993 - DEBUG - 🔍 LM阻尼矩阵: H_lm = H_total + 0.1 * I
2025-08-25 03:12:32,993 - DEBUG -    H_lm条件数: 7.23e+01
2025-08-25 03:12:32,993 - DEBUG - 🔍 线性方程组求解成功:
2025-08-25 03:12:32,993 - DEBUG -    参数更新向量 Δθ: [[-0.00196734]
 [-0.00162719]
 [ 0.00152131]
 [ 0.00025837]]
2025-08-25 03:12:32,993 - DEBUG -    更新向量范数: 0.002983
2025-08-25 03:12:32,993 - DEBUG -    各分量更新: Δc_x=-0.001967, Δc_y=-0.001627, Δc_z=0.001521, Δr=0.000258
2025-08-25 03:12:32,993 - DEBUG -    参数更新:
2025-08-25 03:12:32,996 - DEBUG -      旧参数: [[-0.00931966]
 [ 0.02698731]
 [ 0.60142451]
 [ 0.01244118]]
2025-08-25 03:12:32,996 - DEBUG -      更新向量: [[-0.00196734]
 [-0.00162719]
 [ 0.00152131]
 [ 0.00025837]]
2025-08-25 03:12:32,996 - DEBUG -      新参数: [[-0.01128701]
 [ 0.02536012]
 [ 0.60294583]
 [ 0.01269955]]
2025-08-25 03:12:32,996 - INFO - -----------------------------------------------------------------------------------
2025-08-25 03:12:32,996 - INFO - 🔍 迭代第3次，球心向右1.967342mm，向上1.627189mm，向后1.521314mm，半径变大0.258366mm
2025-08-25 03:12:32,996 - INFO - 📊 变化前: 中心(-0.009, 0.027, 0.601), 半径12.44mm
2025-08-25 03:12:32,996 - INFO - 📊 变化后: 中心(-0.011, 0.025, 0.603), 半径12.70mm
2025-08-25 03:12:32,996 - INFO - 📈 变化量: 中心移动2.55mm, 半径变化0.26mm
2025-08-25 03:12:32,996 - INFO - 📍 眼球中心: [-0.00931966  0.02698731  0.60142451]
2025-08-25 03:12:32,996 - INFO - 📏 眼球半径: 12.44mm
2025-08-25 03:12:32,996 - INFO - 👁️ 瞳孔中心: [-0.00668287  0.03608752  0.60145861]
2025-08-25 03:12:32,996 - INFO - 📐 眼球中心在瞳孔中心的左2.64mm，上9.10mm，前0.03mm
2025-08-25 03:12:32,996 - INFO - 📏 距离: 9.47mm
2025-08-25 03:12:32,996 - INFO - -----------------------------------------------------------------------------------
2025-08-25 03:12:32,996 - INFO - -----------------------------------------------------------------------------------
2025-08-25 03:12:32,996 - DEBUG - 🔍 参数有效性检查:
2025-08-25 03:12:32,996 - DEBUG -    参数向量: [[-0.01128701]
 [ 0.02536012]
 [ 0.60294583]
 [ 0.01269955]]
2025-08-25 03:12:32,996 - DEBUG -    球心: [-0.01128701  0.02536012  0.60294583]
2025-08-25 03:12:32,996 - DEBUG -    半径: 0.012700
2025-08-25 03:12:32,996 - DEBUG - 🔍 函数值计算详情:
2025-08-25 03:12:32,996 - DEBUG -    数据项 F(θ): 0.000462
2025-08-25 03:12:32,996 - DEBUG -    深度约束项: 0.000419
2025-08-25 03:12:32,996 - DEBUG -    半径先验项: 0.000002
2025-08-25 03:12:32,996 - DEBUG -    总函数值 Φ(θ): 0.000883
2025-08-25 03:12:32,996 - DEBUG -    函数值改善: -0.000517
2025-08-25 03:12:32,996 - DEBUG - 🔍 参数有效: False
2025-08-25 03:12:32,996 - DEBUG -    参数无效，阻尼因子调整: λ_LM = 1.00e+00
2025-08-25 03:12:32,996 - DEBUG - 🔍 迭代 5/30:
2025-08-25 03:12:32,996 - DEBUG - 🔍 计算点到球心距离: 形状=(21,)
2025-08-25 03:12:32,996 - DEBUG - 🔍 生理偏差向量计算:
2025-08-25 03:12:32,996 - DEBUG -    点类型列表: ['pupil_center', 'iris_boundaries', 'iris_boundaries', 'iris_boundaries', 'iris_boundaries', 'eye_contours', 'eye_contours', 'eye_contours', 'eye_contours', 'eye_contours', 'eye_contours', 'eye_contours', 'eye_contours', 'eye_contours', 'eye_contours', 'eye_contours', 'eye_contours', 'eye_contours', 'eye_contours', 'eye_contours', 'eye_contours']
2025-08-25 03:12:32,996 - DEBUG -    偏差向量: [0.0002  0.00085 0.00085 0.00085 0.00085 0.0025  0.0025  0.0025  0.0025
 0.0025  0.0025  0.0025  0.0025  0.0025  0.0025  0.0025  0.0025  0.0025
 0.0025  0.0025  0.0025 ]
2025-08-25 03:12:33,000 - DEBUG -    向量形状: (21,)
2025-08-25 03:12:33,000 - DEBUG -    偏差统计: 均值=0.002076, 标准差=0.000769
2025-08-25 03:12:33,001 - DEBUG - 获取生理偏差: 点类型=['pupil_center', 'iris_boundaries', 'iris_boundaries', 'iris_boundaries', 'iris_boundaries', 'eye_contours', 'eye_contours', 'eye_contours', 'eye_contours', 'eye_contours', 'eye_contours', 'eye_contours', 'eye_contours', 'eye_contours', 'eye_contours', 'eye_contours', 'eye_contours', 'eye_contours', 'eye_contours', 'eye_contours', 'eye_contours'], 偏差值=[0.0002  0.00085 0.00085 0.00085 0.00085 0.0025  0.0025  0.0025  0.0025
 0.0025  0.0025  0.0025  0.0025  0.0025  0.0025  0.0025  0.0025  0.0025
 0.0025  0.0025  0.0025 ]
2025-08-25 03:12:33,001 - INFO - -----------------------------------------------------------------------------------
2025-08-25 03:12:33,001 - DEBUG - 🔍 拟合残差计算详情:
2025-08-25 03:12:33,001 - DEBUG -    球心坐标: [-0.00931966  0.02698731  0.60142451]
2025-08-25 03:12:33,001 - DEBUG -    球体半径: 0.012441
2025-08-25 03:12:33,001 - DEBUG -    采样点数: 21
2025-08-25 03:12:33,001 - DEBUG -    点类型分布: {'eye_contours': 16, 'iris_boundaries': 4, 'pupil_center': 1}
2025-08-25 03:12:33,001 - DEBUG -    理论距离向量: [0.01264118 0.01329118 0.01329118 0.01329118 0.01329118 0.01494118
 0.01494118 0.01494118 0.01494118 0.01494118 0.01494118 0.01494118
 0.01494118 0.01494118 0.01494118 0.01494118 0.01494118 0.01494118
 0.01494118 0.01494118 0.01494118]
2025-08-25 03:12:33,001 - DEBUG -    实际距离向量: [0.00947458 0.01571717 0.00282985 0.01217195 0.01794721 0.02158164
 0.01961926 0.01757027 0.01573682 0.01557246 0.01848406 0.02332196
 0.02732578 0.02927797 0.02580648 0.01914525 0.01094441 0.00643901
 0.01052564 0.0156384  0.01906047]
2025-08-25 03:12:33,001 - DEBUG -    生理偏差向量: [0.0002  0.00085 0.00085 0.00085 0.00085 0.0025  0.0025  0.0025  0.0025
 0.0025  0.0025  0.0025  0.0025  0.0025  0.0025  0.0025  0.0025  0.0025
 0.0025  0.0025  0.0025 ]
2025-08-25 03:12:33,001 - DEBUG -    残差向量 f(θ): 
[[-0.00316661]
 [ 0.00242599]
 [-0.01046133]
 [-0.00111924]
 [ 0.00465603]
 [ 0.00664046]
 [ 0.00467808]
 [ 0.00262908]
 [ 0.00079563]
 [ 0.00063128]
 [ 0.00354288]
 [ 0.00838078]
 [ 0.01238459]
 [ 0.01433678]
 [ 0.0108653 ]
 [ 0.00420407]
 [-0.00399678]
 [-0.00850217]
 [-0.00441555]
 [ 0.00069722]
 [ 0.00411929]]
2025-08-25 03:12:33,001 - DEBUG -    平均残差范数: 0.001448
2025-08-25 03:12:33,001 - DEBUG -    残差范数=0.030412
2025-08-25 03:12:33,001 - INFO - -----------------------------------------------------------------------------------
2025-08-25 03:12:33,001 - DEBUG - 🔍 深度约束计算详情 (softplus):
2025-08-25 03:12:33,001 - DEBUG -    采样点Z坐标范围: [0.600436, 0.601628]
2025-08-25 03:12:33,001 - DEBUG -    球心Z坐标: 0.601425
2025-08-25 03:12:33,005 - DEBUG -    深度偏移ε: 0.000200
2025-08-25 03:12:33,005 - DEBUG -    softplus参数τ: 0.001000
2025-08-25 03:12:33,005 - DEBUG -    原始违反值: 0.000404
2025-08-25 03:12:33,005 - DEBUG -    softplus输入 u: 0.403552
2025-08-25 03:12:33,005 - DEBUG -    约束惩罚 h(θ): 0.000915
2025-08-25 03:12:33,005 - DEBUG -    🔴 深度约束被违反: 球心过浅
2025-08-25 03:12:33,005 - INFO - -----------------------------------------------------------------------------------
2025-08-25 03:12:33,005 - DEBUG - 🔍 半径惩罚计算详情:
2025-08-25 03:12:33,005 - DEBUG -    当前半径: 0.012441
2025-08-25 03:12:33,005 - DEBUG -    半径先验值: 0.012000
2025-08-25 03:12:33,005 - DEBUG -    半径残差 r(θ): 0.000441
2025-08-25 03:12:33,008 - DEBUG -    数据残差 f(θ): [[-0.00316661]
 [ 0.00242599]
 [-0.01046133]
 [-0.00111924]
 [ 0.00465603]
 [ 0.00664046]
 [ 0.00467808]
 [ 0.00262908]
 [ 0.00079563]
 [ 0.00063128]
 [ 0.00354288]
 [ 0.00838078]
 [ 0.01238459]
 [ 0.01433678]
 [ 0.0108653 ]
 [ 0.00420407]
 [-0.00399678]
 [-0.00850217]
 [-0.00441555]
 [ 0.00069722]
 [ 0.00411929]]
2025-08-25 03:12:33,008 - DEBUG -    约束残差 g(θ): [[0.00091514]]
2025-08-25 03:12:33,008 - DEBUG -    半径残差 r(θ): [[0.00044118]]
2025-08-25 03:12:33,008 - DEBUG - 🔍 状态变化计算: 参数变化=0.000000, 残差变化=0.000000
2025-08-25 03:12:33,008 - INFO - -----------------------------------------------------------------------------------
2025-08-25 03:12:33,008 - DEBUG - 🔍 权重管理器状态更新详情:
2025-08-25 03:12:33,008 - DEBUG -    当前迭代: 4
2025-08-25 03:12:33,008 - DEBUG -    参数变化: 0.000000 (阈值: 0.000005)
2025-08-25 03:12:33,008 - DEBUG -    残差变化: 0.000000 (阈值: 0.000005)
2025-08-25 03:12:33,010 - DEBUG -    几何权重因子: 10
2025-08-25 03:12:33,010 - DEBUG - ⏸️ 保持图像置信度权重: 参数变化=0.00e+00, 残差变化=0.00e+00
2025-08-25 03:12:33,010 - DEBUG - 状态已保存: 参数=[-0.00931966  0.02698731  0.60142451  0.01244118], 残差范数=0.030412
2025-08-25 03:12:33,010 - DEBUG - 🔍 获取visibility信息: 形状=(21,), 范围=[1.000, 1.000]
2025-08-25 03:12:33,010 - DEBUG - 🔧 设置图像置信度权重: 21个点
2025-08-25 03:12:33,010 - DEBUG - 🔍 开始计算权重矩阵:
2025-08-25 03:12:33,011 - DEBUG -    点类型: ['pupil_center', 'iris_boundaries', 'iris_boundaries', 'iris_boundaries', 'iris_boundaries', 'eye_contours', 'eye_contours', 'eye_contours', 'eye_contours', 'eye_contours', 'eye_contours', 'eye_contours', 'eye_contours', 'eye_contours', 'eye_contours', 'eye_contours', 'eye_contours', 'eye_contours', 'eye_contours', 'eye_contours', 'eye_contours']
2025-08-25 03:12:33,011 - DEBUG -    残差向量: 形状=(21,), 范数=0.030412
2025-08-25 03:12:33,011 - DEBUG -    Visibility: 形状=(21,), 均值=1.000
2025-08-25 03:12:33,011 - DEBUG - 🔍 权重矩阵计算成功: 形状=(21, 21)
2025-08-25 03:12:33,011 - DEBUG - 🔍 几何权重统计:
2025-08-25 03:12:33,011 - DEBUG -    权重向量: [[1.]
 [1.]
 [1.]
 [1.]
 [1.]
 [1.]
 [1.]
 [1.]
 [1.]
 [1.]
 [1.]
 [1.]
 [1.]
 [1.]
 [1.]
 [1.]
 [1.]
 [1.]
 [1.]
 [1.]
 [1.]]
2025-08-25 03:12:33,011 - DEBUG -    权重范围: [1.000000, 1.000000]
2025-08-25 03:12:33,011 - DEBUG -    权重均值: 1.000000
2025-08-25 03:12:33,011 - DEBUG -    权重标准差: 0.000000
2025-08-25 03:12:33,011 - DEBUG -    高权重点(>0.8): 21/21
2025-08-25 03:12:33,011 - DEBUG -    低权重点(<0.2): 0/21
2025-08-25 03:12:33,011 - INFO - -----------------------------------------------------------------------------------
2025-08-25 03:12:33,011 - DEBUG - 🔍 开始求解LM更新方程:
2025-08-25 03:12:33,011 - DEBUG -    数据残差: 形状=(21,), 范数=0.030412
2025-08-25 03:12:33,011 - DEBUG -    约束残差: 形状=(1,), 范数=0.000915
2025-08-25 03:12:33,011 - DEBUG - 🔍 计算数据残差雅可比矩阵 J_f: 形状=(21, 4)
2025-08-25 03:12:33,011 - DEBUG - 🔍 J_f矩阵计算完成: 条件数=4.08e+01
2025-08-25 03:12:33,011 - DEBUG - 🔍 深度约束雅可比计算: u=0.403552, σ=0.599541, J_h=[[ 0.          0.         -0.59954066  0.        ]]
2025-08-25 03:12:33,011 - DEBUG - 🔍 半径先验雅可比: J_r=[[0. 0. 0. 1.]]
2025-08-25 03:12:33,011 - DEBUG - 🔍 使用几何权重矩阵: 形状=(21, 21)
2025-08-25 03:12:33,011 - DEBUG - 🔍 Hessian矩阵计算:
2025-08-25 03:12:33,011 - DEBUG -    H_data = J_f^T W J_f: 形状=(4, 4), 条件数=1.67e+03
2025-08-25 03:12:33,011 - DEBUG -    H_h = λ_depth J_h^T J_h: 形状=(4, 4), λ_depth=1000.0
2025-08-25 03:12:33,011 - DEBUG -    H_r = λ_radius J_r^T J_r: 形状=(4, 4), λ_radius=20.0
2025-08-25 03:12:33,011 - DEBUG -    H_total: 形状=(4, 4), 条件数=7.37e+01
2025-08-25 03:12:33,011 - DEBUG - 🔍 梯度计算:
2025-08-25 03:12:33,011 - DEBUG -    g_data: 形状=(4,), 范数=0.059321
2025-08-25 03:12:33,011 - DEBUG -    g_h: 形状=(4,), 范数=0.548665
2025-08-25 03:12:33,011 - DEBUG -    g_r: 形状=(4,), 范数=0.008824
2025-08-25 03:12:33,011 - DEBUG -    g_total: 形状=(4,), 范数=0.550912
2025-08-25 03:12:33,011 - DEBUG - 🔍 LM阻尼矩阵: H_lm = H_total + 1.0 * I
2025-08-25 03:12:33,015 - DEBUG -    H_lm条件数: 6.14e+01
2025-08-25 03:12:33,015 - DEBUG - 🔍 线性方程组求解成功:
2025-08-25 03:12:33,015 - DEBUG -    参数更新向量 Δθ: [[-0.00181034]
 [-0.00141722]
 [ 0.00151774]
 [ 0.00033445]]
2025-08-25 03:12:33,016 - DEBUG -    更新向量范数: 0.002775
2025-08-25 03:12:33,016 - DEBUG -    各分量更新: Δc_x=-0.001810, Δc_y=-0.001417, Δc_z=0.001518, Δr=0.000334
2025-08-25 03:12:33,016 - DEBUG -    参数更新:
2025-08-25 03:12:33,016 - DEBUG -      旧参数: [[-0.00931966]
 [ 0.02698731]
 [ 0.60142451]
 [ 0.01244118]]
2025-08-25 03:12:33,016 - DEBUG -      更新向量: [[-0.00181034]
 [-0.00141722]
 [ 0.00151774]
 [ 0.00033445]]
2025-08-25 03:12:33,016 - DEBUG -      新参数: [[-0.01113   ]
 [ 0.02557009]
 [ 0.60294225]
 [ 0.01277564]]
2025-08-25 03:12:33,016 - INFO - -----------------------------------------------------------------------------------
2025-08-25 03:12:33,016 - INFO - 🔍 迭代第4次，球心向右1.810339mm，向上1.417217mm，向后1.517740mm，半径变大0.334452mm
2025-08-25 03:12:33,016 - INFO - 📊 变化前: 中心(-0.009, 0.027, 0.601), 半径12.44mm
2025-08-25 03:12:33,016 - INFO - 📊 变化后: 中心(-0.011, 0.026, 0.603), 半径12.78mm
2025-08-25 03:12:33,016 - INFO - 📈 变化量: 中心移动2.30mm, 半径变化0.33mm
2025-08-25 03:12:33,018 - INFO - 📍 眼球中心: [-0.00931966  0.02698731  0.60142451]
2025-08-25 03:12:33,018 - INFO - 📏 眼球半径: 12.44mm
2025-08-25 03:12:33,018 - INFO - 👁️ 瞳孔中心: [-0.00668287  0.03608752  0.60145861]
2025-08-25 03:12:33,018 - INFO - 📐 眼球中心在瞳孔中心的左2.64mm，上9.10mm，前0.03mm
2025-08-25 03:12:33,018 - INFO - 📏 距离: 9.47mm
2025-08-25 03:12:33,018 - INFO - -----------------------------------------------------------------------------------
2025-08-25 03:12:33,018 - INFO - -----------------------------------------------------------------------------------
2025-08-25 03:12:33,018 - DEBUG - 🔍 参数有效性检查:
2025-08-25 03:12:33,021 - DEBUG -    参数向量: [[-0.01113   ]
 [ 0.02557009]
 [ 0.60294225]
 [ 0.01277564]]
2025-08-25 03:12:33,021 - DEBUG -    球心: [-0.01113     0.02557009  0.60294225]
2025-08-25 03:12:33,021 - DEBUG -    半径: 0.012776
2025-08-25 03:12:33,021 - DEBUG - 🔍 函数值计算详情:
2025-08-25 03:12:33,021 - DEBUG -    数据项 F(θ): 0.000462
2025-08-25 03:12:33,021 - DEBUG -    深度约束项: 0.000419
2025-08-25 03:12:33,021 - DEBUG -    半径先验项: 0.000002
2025-08-25 03:12:33,021 - DEBUG -    总函数值 Φ(θ): 0.000883
2025-08-25 03:12:33,021 - DEBUG -    函数值改善: 0.000000
2025-08-25 03:12:33,021 - DEBUG - 🔍 参数有效: True
2025-08-25 03:12:33,021 - DEBUG -    参数更新成功:
2025-08-25 03:12:33,021 - DEBUG -      新球心: [-0.01113     0.02557009  0.60294225]
2025-08-25 03:12:33,021 - DEBUG -      新半径: 0.012776
2025-08-25 03:12:33,021 - INFO - -----------------------------------------------------------------------------------
2025-08-25 03:12:33,021 - DEBUG - 🔍 LM收敛性检查:
2025-08-25 03:12:33,021 - DEBUG -    当前迭代次数: 4
2025-08-25 03:12:33,021 - DEBUG -    最大迭代次数: 30
2025-08-25 03:12:33,021 - DEBUG -    参数变化: 0.002775
2025-08-25 03:12:33,021 - DEBUG -    参数容忍度: 5e-06
2025-08-25 03:12:33,021 - DEBUG -    残差变化: 0.000000
2025-08-25 03:12:33,021 - DEBUG -    残差容忍度: 5e-06
2025-08-25 03:12:33,021 - DEBUG - 🔍 迭代 6/30:
2025-08-25 03:12:33,021 - DEBUG - 🔍 计算点到球心距离: 形状=(21,)
2025-08-25 03:12:33,021 - DEBUG - 🔍 生理偏差向量计算:
2025-08-25 03:12:33,021 - DEBUG -    点类型列表: ['pupil_center', 'iris_boundaries', 'iris_boundaries', 'iris_boundaries', 'iris_boundaries', 'eye_contours', 'eye_contours', 'eye_contours', 'eye_contours', 'eye_contours', 'eye_contours', 'eye_contours', 'eye_contours', 'eye_contours', 'eye_contours', 'eye_contours', 'eye_contours', 'eye_contours', 'eye_contours', 'eye_contours', 'eye_contours']
2025-08-25 03:12:33,027 - DEBUG -    偏差向量: [0.0002  0.00085 0.00085 0.00085 0.00085 0.0025  0.0025  0.0025  0.0025
 0.0025  0.0025  0.0025  0.0025  0.0025  0.0025  0.0025  0.0025  0.0025
 0.0025  0.0025  0.0025 ]
2025-08-25 03:12:33,027 - DEBUG -    向量形状: (21,)
2025-08-25 03:12:33,027 - DEBUG -    偏差统计: 均值=0.002076, 标准差=0.000769
2025-08-25 03:12:33,027 - DEBUG - 获取生理偏差: 点类型=['pupil_center', 'iris_boundaries', 'iris_boundaries', 'iris_boundaries', 'iris_boundaries', 'eye_contours', 'eye_contours', 'eye_contours', 'eye_contours', 'eye_contours', 'eye_contours', 'eye_contours', 'eye_contours', 'eye_contours', 'eye_contours', 'eye_contours', 'eye_contours', 'eye_contours', 'eye_contours', 'eye_contours', 'eye_contours'], 偏差值=[0.0002  0.00085 0.00085 0.00085 0.00085 0.0025  0.0025  0.0025  0.0025
 0.0025  0.0025  0.0025  0.0025  0.0025  0.0025  0.0025  0.0025  0.0025
 0.0025  0.0025  0.0025 ]
2025-08-25 03:12:33,027 - INFO - -----------------------------------------------------------------------------------
2025-08-25 03:12:33,027 - DEBUG - 🔍 拟合残差计算详情:
2025-08-25 03:12:33,027 - DEBUG -    球心坐标: [-0.01113     0.02557009  0.60294225]
2025-08-25 03:12:33,027 - DEBUG -    球体半径: 0.012776
2025-08-25 03:12:33,027 - DEBUG -    采样点数: 21
2025-08-25 03:12:33,027 - DEBUG -    点类型分布: {'eye_contours': 16, 'iris_boundaries': 4, 'pupil_center': 1}
2025-08-25 03:12:33,027 - DEBUG -    理论距离向量: [0.01297564 0.01362564 0.01362564 0.01362564 0.01362564 0.01527564
 0.01527564 0.01527564 0.01527564 0.01527564 0.01527564 0.01527564
 0.01527564 0.01527564 0.01527564 0.01527564 0.01527564 0.01527564
 0.01527564 0.01527564 0.01527564]
2025-08-25 03:12:33,027 - DEBUG -    实际距离向量: [0.01151496 0.0181337  0.00530033 0.01262116 0.01979404 0.02098826
 0.01940932 0.01786148 0.01677113 0.01752835 0.0208354  0.02571516
 0.02964909 0.03159059 0.02811832 0.02146799 0.01341581 0.00850823
 0.01076868 0.01532414 0.01853858]
2025-08-25 03:12:33,027 - DEBUG -    生理偏差向量: [0.0002  0.00085 0.00085 0.00085 0.00085 0.0025  0.0025  0.0025  0.0025
 0.0025  0.0025  0.0025  0.0025  0.0025  0.0025  0.0025  0.0025  0.0025
 0.0025  0.0025  0.0025 ]
2025-08-25 03:12:33,027 - DEBUG -    残差向量 f(θ): 
[[-1.46067122e-03]
 [ 4.50806392e-03]
 [-8.32530312e-03]
 [-1.00447117e-03]
 [ 6.16840878e-03]
 [ 5.71262782e-03]
 [ 4.13368004e-03]
 [ 2.58584275e-03]
 [ 1.49549233e-03]
 [ 2.25271460e-03]
 [ 5.55976103e-03]
 [ 1.04395202e-02]
 [ 1.43734559e-02]
 [ 1.63149513e-02]
 [ 1.28426859e-02]
 [ 6.19235151e-03]
 [-1.85983010e-03]
 [-6.76740131e-03]
 [-4.50695259e-03]
 [ 4.85080381e-05]
 [ 3.26294716e-03]]
2025-08-25 03:12:33,027 - DEBUG -    平均残差范数: 0.001573
2025-08-25 03:12:33,027 - DEBUG -    残差范数=0.033026
2025-08-25 03:12:33,027 - INFO - -----------------------------------------------------------------------------------
2025-08-25 03:12:33,027 - DEBUG - 🔍 深度约束计算详情 (softplus):
2025-08-25 03:12:33,027 - DEBUG -    采样点Z坐标范围: [0.600436, 0.601628]
2025-08-25 03:12:33,031 - DEBUG -    球心Z坐标: 0.602942
2025-08-25 03:12:33,031 - DEBUG -    深度偏移ε: 0.000200
2025-08-25 03:12:33,031 - DEBUG -    softplus参数τ: 0.001000
2025-08-25 03:12:33,031 - DEBUG -    原始违反值: -0.001114
2025-08-25 03:12:33,031 - DEBUG -    softplus输入 u: -1.114189
2025-08-25 03:12:33,031 - DEBUG -    约束惩罚 h(θ): 0.000284
2025-08-25 03:12:33,031 - DEBUG -    🟢 深度约束满足: 球心深度足够
2025-08-25 03:12:33,031 - INFO - -----------------------------------------------------------------------------------
2025-08-25 03:12:33,031 - DEBUG - 🔍 半径惩罚计算详情:
2025-08-25 03:12:33,031 - DEBUG -    当前半径: 0.012776
2025-08-25 03:12:33,031 - DEBUG -    半径先验值: 0.012000
2025-08-25 03:12:33,031 - DEBUG -    半径残差 r(θ): 0.000776
2025-08-25 03:12:33,031 - DEBUG -    数据残差 f(θ): [[-1.46067122e-03]
 [ 4.50806392e-03]
 [-8.32530312e-03]
 [-1.00447117e-03]
 [ 6.16840878e-03]
 [ 5.71262782e-03]
 [ 4.13368004e-03]
 [ 2.58584275e-03]
 [ 1.49549233e-03]
 [ 2.25271460e-03]
 [ 5.55976103e-03]
 [ 1.04395202e-02]
 [ 1.43734559e-02]
 [ 1.63149513e-02]
 [ 1.28426859e-02]
 [ 6.19235151e-03]
 [-1.85983010e-03]
 [-6.76740131e-03]
 [-4.50695259e-03]
 [ 4.85080381e-05]
 [ 3.26294716e-03]]
2025-08-25 03:12:33,031 - DEBUG -    约束残差 g(θ): [[0.00028381]]
2025-08-25 03:12:33,031 - DEBUG -    半径残差 r(θ): [[0.00077564]]
2025-08-25 03:12:33,031 - DEBUG - 🔍 状态变化计算: 参数变化=0.002775, 残差变化=0.002614
2025-08-25 03:12:33,031 - INFO - -----------------------------------------------------------------------------------
2025-08-25 03:12:33,031 - DEBUG - 🔍 权重管理器状态更新详情:
2025-08-25 03:12:33,031 - DEBUG -    当前迭代: 5
2025-08-25 03:12:33,031 - DEBUG -    参数变化: 0.002775 (阈值: 0.000005)
2025-08-25 03:12:33,031 - DEBUG -    残差变化: 0.002614 (阈值: 0.000005)
2025-08-25 03:12:33,031 - DEBUG -    几何权重因子: 10
2025-08-25 03:12:33,031 - DEBUG - ⏸️ 保持图像置信度权重: 参数变化=2.78e-03, 残差变化=2.61e-03
2025-08-25 03:12:33,031 - DEBUG - 状态已保存: 参数=[-0.01113     0.02557009  0.60294225  0.01277564], 残差范数=0.033026
2025-08-25 03:12:33,031 - DEBUG - 🔍 获取visibility信息: 形状=(21,), 范围=[1.000, 1.000]
2025-08-25 03:12:33,031 - DEBUG - 🔧 设置图像置信度权重: 21个点
2025-08-25 03:12:33,031 - DEBUG - 🔍 开始计算权重矩阵:
2025-08-25 03:12:33,034 - DEBUG -    点类型: ['pupil_center', 'iris_boundaries', 'iris_boundaries', 'iris_boundaries', 'iris_boundaries', 'eye_contours', 'eye_contours', 'eye_contours', 'eye_contours', 'eye_contours', 'eye_contours', 'eye_contours', 'eye_contours', 'eye_contours', 'eye_contours', 'eye_contours', 'eye_contours', 'eye_contours', 'eye_contours', 'eye_contours', 'eye_contours']
2025-08-25 03:12:33,034 - DEBUG -    残差向量: 形状=(21,), 范数=0.033026
2025-08-25 03:12:33,034 - DEBUG -    Visibility: 形状=(21,), 均值=1.000
2025-08-25 03:12:33,034 - DEBUG - 🔍 权重矩阵计算成功: 形状=(21, 21)
2025-08-25 03:12:33,034 - DEBUG - 🔍 几何权重统计:
2025-08-25 03:12:33,036 - DEBUG -    权重向量: [[1.]
 [1.]
 [1.]
 [1.]
 [1.]
 [1.]
 [1.]
 [1.]
 [1.]
 [1.]
 [1.]
 [1.]
 [1.]
 [1.]
 [1.]
 [1.]
 [1.]
 [1.]
 [1.]
 [1.]
 [1.]]
2025-08-25 03:12:33,036 - DEBUG -    权重范围: [1.000000, 1.000000]
2025-08-25 03:12:33,036 - DEBUG -    权重均值: 1.000000
2025-08-25 03:12:33,036 - DEBUG -    权重标准差: 0.000000
2025-08-25 03:12:33,036 - DEBUG -    高权重点(>0.8): 21/21
2025-08-25 03:12:33,036 - DEBUG -    低权重点(<0.2): 0/21
2025-08-25 03:12:33,036 - INFO - -----------------------------------------------------------------------------------
2025-08-25 03:12:33,036 - DEBUG - 🔍 开始求解LM更新方程:
2025-08-25 03:12:33,036 - DEBUG -    数据残差: 形状=(21,), 范数=0.033026
2025-08-25 03:12:33,036 - DEBUG -    约束残差: 形状=(1,), 范数=0.000284
2025-08-25 03:12:33,038 - DEBUG - 🔍 计算数据残差雅可比矩阵 J_f: 形状=(21, 4)
2025-08-25 03:12:33,038 - DEBUG - 🔍 J_f矩阵计算完成: 条件数=2.07e+01
2025-08-25 03:12:33,038 - DEBUG - 🔍 深度约束雅可比计算: u=-1.114189, σ=0.247091, J_h=[[ 0.          0.         -0.24709079  0.        ]]
2025-08-25 03:12:33,039 - DEBUG - 🔍 半径先验雅可比: J_r=[[0. 0. 0. 1.]]
2025-08-25 03:12:33,039 - DEBUG - 🔍 使用几何权重矩阵: 形状=(21, 21)
2025-08-25 03:12:33,039 - DEBUG - 🔍 Hessian矩阵计算:
2025-08-25 03:12:33,039 - DEBUG -    H_data = J_f^T W J_f: 形状=(4, 4), 条件数=4.30e+02
2025-08-25 03:12:33,039 - DEBUG -    H_h = λ_depth J_h^T J_h: 形状=(4, 4), λ_depth=1000.0
2025-08-25 03:12:33,039 - DEBUG -    H_r = λ_radius J_r^T J_r: 形状=(4, 4), λ_radius=20.0
2025-08-25 03:12:33,041 - DEBUG -    H_total: 形状=(4, 4), 条件数=1.23e+01
2025-08-25 03:12:33,041 - DEBUG - 🔍 梯度计算:
2025-08-25 03:12:33,041 - DEBUG -    g_data: 形状=(4,), 范数=0.092118
2025-08-25 03:12:33,041 - DEBUG -    g_h: 形状=(4,), 范数=0.070127
2025-08-25 03:12:33,041 - DEBUG -    g_r: 形状=(4,), 范数=0.015513
2025-08-25 03:12:33,041 - DEBUG -    g_total: 形状=(4,), 范数=0.108223
2025-08-25 03:12:33,041 - DEBUG - 🔍 LM阻尼矩阵: H_lm = H_total + 1.0 * I
2025-08-25 03:12:33,041 - DEBUG -    H_lm条件数: 1.04e+01
2025-08-25 03:12:33,041 - DEBUG - 🔍 线性方程组求解成功:
2025-08-25 03:12:33,041 - DEBUG -    参数更新向量 Δθ: [[-3.59172606e-03]
 [-2.53083297e-03]
 [ 1.04154549e-03]
 [ 3.47679960e-05]]
2025-08-25 03:12:33,041 - DEBUG -    更新向量范数: 0.004516
2025-08-25 03:12:33,041 - DEBUG -    各分量更新: Δc_x=-0.003592, Δc_y=-0.002531, Δc_z=0.001042, Δr=0.000035
2025-08-25 03:12:33,041 - DEBUG -    参数更新:
2025-08-25 03:12:33,041 - DEBUG -      旧参数: [[-0.01113   ]
 [ 0.02557009]
 [ 0.60294225]
 [ 0.01277564]]
2025-08-25 03:12:33,041 - DEBUG -      更新向量: [[-3.59172606e-03]
 [-2.53083297e-03]
 [ 1.04154549e-03]
 [ 3.47679960e-05]]
2025-08-25 03:12:33,041 - DEBUG -      新参数: [[-0.01472173]
 [ 0.02303926]
 [ 0.6039838 ]
 [ 0.0128104 ]]
2025-08-25 03:12:33,041 - INFO - -----------------------------------------------------------------------------------
2025-08-25 03:12:33,041 - INFO - 🔍 迭代第5次，球心向右3.591726mm，向上2.530833mm，向后1.041545mm，半径变大0.034768mm
2025-08-25 03:12:33,041 - INFO - 📊 变化前: 中心(-0.011, 0.026, 0.603), 半径12.78mm
2025-08-25 03:12:33,041 - INFO - 📊 变化后: 中心(-0.015, 0.023, 0.604), 半径12.81mm
2025-08-25 03:12:33,041 - INFO - 📈 变化量: 中心移动4.39mm, 半径变化0.03mm
2025-08-25 03:12:33,041 - INFO - 📍 眼球中心: [-0.01113     0.02557009  0.60294225]
2025-08-25 03:12:33,041 - INFO - 📏 眼球半径: 12.78mm
2025-08-25 03:12:33,041 - INFO - 👁️ 瞳孔中心: [-0.00668287  0.03608752  0.60145861]
2025-08-25 03:12:33,041 - INFO - 📐 眼球中心在瞳孔中心的左4.45mm，上10.52mm，后1.48mm
2025-08-25 03:12:33,041 - INFO - 📏 距离: 11.51mm
2025-08-25 03:12:33,041 - INFO - -----------------------------------------------------------------------------------
2025-08-25 03:12:33,041 - INFO - -----------------------------------------------------------------------------------
2025-08-25 03:12:33,041 - DEBUG - 🔍 参数有效性检查:
2025-08-25 03:12:33,046 - DEBUG -    参数向量: [[-0.01472173]
 [ 0.02303926]
 [ 0.6039838 ]
 [ 0.0128104 ]]
2025-08-25 03:12:33,046 - DEBUG -    球心: [-0.01472173  0.02303926  0.6039838 ]
2025-08-25 03:12:33,046 - DEBUG -    半径: 0.012810
2025-08-25 03:12:33,046 - DEBUG - 🔍 函数值计算详情:
2025-08-25 03:12:33,046 - DEBUG -    数据项 F(θ): 0.000545
2025-08-25 03:12:33,046 - DEBUG -    深度约束项: 0.000040
2025-08-25 03:12:33,046 - DEBUG -    半径先验项: 0.000006
2025-08-25 03:12:33,046 - DEBUG -    总函数值 Φ(θ): 0.000592
2025-08-25 03:12:33,046 - DEBUG -    函数值改善: 0.000291
2025-08-25 03:12:33,046 - DEBUG - 🔍 参数有效: True
2025-08-25 03:12:33,046 - DEBUG -    参数更新成功:
2025-08-25 03:12:33,048 - DEBUG -      新球心: [-0.01472173  0.02303926  0.6039838 ]
2025-08-25 03:12:33,048 - DEBUG -      新半径: 0.012810
2025-08-25 03:12:33,048 - INFO - -----------------------------------------------------------------------------------
2025-08-25 03:12:33,048 - DEBUG - 🔍 LM收敛性检查:
2025-08-25 03:12:33,049 - DEBUG -    当前迭代次数: 5
2025-08-25 03:12:33,049 - DEBUG -    最大迭代次数: 30
2025-08-25 03:12:33,049 - DEBUG -    参数变化: 0.004516
2025-08-25 03:12:33,049 - DEBUG -    参数容忍度: 5e-06
2025-08-25 03:12:33,049 - DEBUG -    残差变化: 0.000000
2025-08-25 03:12:33,049 - DEBUG -    残差容忍度: 5e-06
2025-08-25 03:12:33,049 - DEBUG - 🔍 迭代 7/30:
2025-08-25 03:12:33,049 - DEBUG - 🔍 计算点到球心距离: 形状=(21,)
2025-08-25 03:12:33,049 - DEBUG - 🔍 生理偏差向量计算:
2025-08-25 03:12:33,051 - DEBUG -    点类型列表: ['pupil_center', 'iris_boundaries', 'iris_boundaries', 'iris_boundaries', 'iris_boundaries', 'eye_contours', 'eye_contours', 'eye_contours', 'eye_contours', 'eye_contours', 'eye_contours', 'eye_contours', 'eye_contours', 'eye_contours', 'eye_contours', 'eye_contours', 'eye_contours', 'eye_contours', 'eye_contours', 'eye_contours', 'eye_contours']
2025-08-25 03:12:33,051 - DEBUG -    偏差向量: [0.0002  0.00085 0.00085 0.00085 0.00085 0.0025  0.0025  0.0025  0.0025
 0.0025  0.0025  0.0025  0.0025  0.0025  0.0025  0.0025  0.0025  0.0025
 0.0025  0.0025  0.0025 ]
2025-08-25 03:12:33,051 - DEBUG -    向量形状: (21,)
2025-08-25 03:12:33,051 - DEBUG -    偏差统计: 均值=0.002076, 标准差=0.000769
2025-08-25 03:12:33,051 - DEBUG - 获取生理偏差: 点类型=['pupil_center', 'iris_boundaries', 'iris_boundaries', 'iris_boundaries', 'iris_boundaries', 'eye_contours', 'eye_contours', 'eye_contours', 'eye_contours', 'eye_contours', 'eye_contours', 'eye_contours', 'eye_contours', 'eye_contours', 'eye_contours', 'eye_contours', 'eye_contours', 'eye_contours', 'eye_contours', 'eye_contours', 'eye_contours'], 偏差值=[0.0002  0.00085 0.00085 0.00085 0.00085 0.0025  0.0025  0.0025  0.0025
 0.0025  0.0025  0.0025  0.0025  0.0025  0.0025  0.0025  0.0025  0.0025
 0.0025  0.0025  0.0025 ]
2025-08-25 03:12:33,051 - INFO - -----------------------------------------------------------------------------------
2025-08-25 03:12:33,051 - DEBUG - 🔍 拟合残差计算详情:
2025-08-25 03:12:33,051 - DEBUG -    球心坐标: [-0.01472173  0.02303926  0.6039838 ]
2025-08-25 03:12:33,051 - DEBUG -    球体半径: 0.012810
2025-08-25 03:12:33,051 - DEBUG -    采样点数: 21
2025-08-25 03:12:33,051 - DEBUG -    点类型分布: {'eye_contours': 16, 'iris_boundaries': 4, 'pupil_center': 1}
2025-08-25 03:12:33,051 - DEBUG -    理论距离向量: [0.0130104 0.0136604 0.0136604 0.0136604 0.0136604 0.0153104 0.0153104
 0.0153104 0.0153104 0.0153104 0.0153104 0.0153104 0.0153104 0.0153104
 0.0153104 0.0153104 0.0153104 0.0153104 0.0153104 0.0153104 0.0153104]
2025-08-25 03:12:33,051 - DEBUG -    实际距离向量: [0.01553244 0.02262651 0.00979757 0.01416899 0.02336608 0.02029456
 0.01955826 0.01894588 0.01911311 0.02126336 0.0251852  0.03019277
 0.03408833 0.03600821 0.03253066 0.02589606 0.01792536 0.01246515
 0.01214569 0.01537871 0.01809222]
2025-08-25 03:12:33,051 - DEBUG -    生理偏差向量: [0.0002  0.00085 0.00085 0.00085 0.00085 0.0025  0.0025  0.0025  0.0025
 0.0025  0.0025  0.0025  0.0025  0.0025  0.0025  0.0025  0.0025  0.0025
 0.0025  0.0025  0.0025 ]
2025-08-25 03:12:33,054 - DEBUG -    残差向量 f(θ): 
[[ 2.52204101e-03]
 [ 8.96610317e-03]
 [-3.86283393e-03]
 [ 5.08585080e-04]
 [ 9.70567157e-03]
 [ 4.98415379e-03]
 [ 4.24785457e-03]
 [ 3.63547273e-03]
 [ 3.80270211e-03]
 [ 5.95296056e-03]
 [ 9.87479659e-03]
 [ 1.48823664e-02]
 [ 1.87779287e-02]
 [ 2.06978091e-02]
 [ 1.72202537e-02]
 [ 1.05856538e-02]
 [ 2.61495755e-03]
 [-2.84525021e-03]
 [-3.16471731e-03]
 [ 6.83110034e-05]
 [ 2.78181341e-03]]
2025-08-25 03:12:33,055 - DEBUG -    平均残差范数: 0.002045
2025-08-25 03:12:33,055 - DEBUG -    残差范数=0.042935
2025-08-25 03:12:33,055 - INFO - -----------------------------------------------------------------------------------
2025-08-25 03:12:33,055 - DEBUG - 🔍 深度约束计算详情 (softplus):
2025-08-25 03:12:33,055 - DEBUG -    采样点Z坐标范围: [0.600436, 0.601628]
2025-08-25 03:12:33,055 - DEBUG -    球心Z坐标: 0.603984
2025-08-25 03:12:33,057 - DEBUG -    深度偏移ε: 0.000200
2025-08-25 03:12:33,057 - DEBUG -    softplus参数τ: 0.001000
2025-08-25 03:12:33,057 - DEBUG -    原始违反值: -0.002156
2025-08-25 03:12:33,057 - DEBUG -    softplus输入 u: -2.155734
2025-08-25 03:12:33,057 - DEBUG -    约束惩罚 h(θ): 0.000110
2025-08-25 03:12:33,057 - DEBUG -    🟢 深度约束满足: 球心深度足够
2025-08-25 03:12:33,057 - INFO - -----------------------------------------------------------------------------------
2025-08-25 03:12:33,057 - DEBUG - 🔍 半径惩罚计算详情:
2025-08-25 03:12:33,057 - DEBUG -    当前半径: 0.012810
2025-08-25 03:12:33,057 - DEBUG -    半径先验值: 0.012000
2025-08-25 03:12:33,057 - DEBUG -    半径残差 r(θ): 0.000810
2025-08-25 03:12:33,057 - DEBUG -    数据残差 f(θ): [[ 2.52204101e-03]
 [ 8.96610317e-03]
 [-3.86283393e-03]
 [ 5.08585080e-04]
 [ 9.70567157e-03]
 [ 4.98415379e-03]
 [ 4.24785457e-03]
 [ 3.63547273e-03]
 [ 3.80270211e-03]
 [ 5.95296056e-03]
 [ 9.87479659e-03]
 [ 1.48823664e-02]
 [ 1.87779287e-02]
 [ 2.06978091e-02]
 [ 1.72202537e-02]
 [ 1.05856538e-02]
 [ 2.61495755e-03]
 [-2.84525021e-03]
 [-3.16471731e-03]
 [ 6.83110034e-05]
 [ 2.78181341e-03]]
2025-08-25 03:12:33,057 - DEBUG -    约束残差 g(θ): [[0.00010959]]
2025-08-25 03:12:33,057 - DEBUG -    半径残差 r(θ): [[0.0008104]]
2025-08-25 03:12:33,057 - DEBUG - 🔍 状态变化计算: 参数变化=0.004516, 残差变化=0.009909
2025-08-25 03:12:33,057 - INFO - -----------------------------------------------------------------------------------
2025-08-25 03:12:33,057 - DEBUG - 🔍 权重管理器状态更新详情:
2025-08-25 03:12:33,061 - DEBUG -    当前迭代: 6
2025-08-25 03:12:33,061 - DEBUG -    参数变化: 0.004516 (阈值: 0.000005)
2025-08-25 03:12:33,061 - DEBUG -    残差变化: 0.009909 (阈值: 0.000005)
2025-08-25 03:12:33,061 - DEBUG -    几何权重因子: 10
2025-08-25 03:12:33,061 - DEBUG - ⏸️ 保持图像置信度权重: 参数变化=4.52e-03, 残差变化=9.91e-03
2025-08-25 03:12:33,061 - DEBUG - 状态已保存: 参数=[-0.01472173  0.02303926  0.6039838   0.0128104 ], 残差范数=0.042935
2025-08-25 03:12:33,061 - DEBUG - 🔍 获取visibility信息: 形状=(21,), 范围=[1.000, 1.000]
2025-08-25 03:12:33,061 - DEBUG - 🔧 设置图像置信度权重: 21个点
2025-08-25 03:12:33,061 - DEBUG - 🔍 开始计算权重矩阵:
2025-08-25 03:12:33,061 - DEBUG -    点类型: ['pupil_center', 'iris_boundaries', 'iris_boundaries', 'iris_boundaries', 'iris_boundaries', 'eye_contours', 'eye_contours', 'eye_contours', 'eye_contours', 'eye_contours', 'eye_contours', 'eye_contours', 'eye_contours', 'eye_contours', 'eye_contours', 'eye_contours', 'eye_contours', 'eye_contours', 'eye_contours', 'eye_contours', 'eye_contours']
2025-08-25 03:12:33,061 - DEBUG -    残差向量: 形状=(21,), 范数=0.042935
2025-08-25 03:12:33,061 - DEBUG -    Visibility: 形状=(21,), 均值=1.000
2025-08-25 03:12:33,063 - DEBUG - 🔍 权重矩阵计算成功: 形状=(21, 21)
2025-08-25 03:12:33,064 - DEBUG - 🔍 几何权重统计:
2025-08-25 03:12:33,064 - DEBUG -    权重向量: [[1.]
 [1.]
 [1.]
 [1.]
 [1.]
 [1.]
 [1.]
 [1.]
 [1.]
 [1.]
 [1.]
 [1.]
 [1.]
 [1.]
 [1.]
 [1.]
 [1.]
 [1.]
 [1.]
 [1.]
 [1.]]
2025-08-25 03:12:33,064 - DEBUG -    权重范围: [1.000000, 1.000000]
2025-08-25 03:12:33,064 - DEBUG -    权重均值: 1.000000
2025-08-25 03:12:33,064 - DEBUG -    权重标准差: 0.000000
2025-08-25 03:12:33,064 - DEBUG -    高权重点(>0.8): 21/21
2025-08-25 03:12:33,064 - DEBUG -    低权重点(<0.2): 0/21
2025-08-25 03:12:33,064 - INFO - -----------------------------------------------------------------------------------
2025-08-25 03:12:33,064 - DEBUG - 🔍 开始求解LM更新方程:
2025-08-25 03:12:33,064 - DEBUG -    数据残差: 形状=(21,), 范数=0.042935
2025-08-25 03:12:33,064 - DEBUG -    约束残差: 形状=(1,), 范数=0.000110
2025-08-25 03:12:33,064 - DEBUG - 🔍 计算数据残差雅可比矩阵 J_f: 形状=(21, 4)
2025-08-25 03:12:33,066 - DEBUG - 🔍 J_f矩阵计算完成: 条件数=2.55e+01
2025-08-25 03:12:33,066 - DEBUG - 🔍 深度约束雅可比计算: u=-2.155734, σ=0.103797, J_h=[[ 0.          0.         -0.10379659  0.        ]]
2025-08-25 03:12:33,066 - DEBUG - 🔍 半径先验雅可比: J_r=[[0. 0. 0. 1.]]
2025-08-25 03:12:33,066 - DEBUG - 🔍 使用几何权重矩阵: 形状=(21, 21)
2025-08-25 03:12:33,066 - DEBUG - 🔍 Hessian矩阵计算:
2025-08-25 03:12:33,066 - DEBUG -    H_data = J_f^T W J_f: 形状=(4, 4), 条件数=6.50e+02
2025-08-25 03:12:33,066 - DEBUG -    H_h = λ_depth J_h^T J_h: 形状=(4, 4), λ_depth=1000.0
2025-08-25 03:12:33,066 - DEBUG -    H_r = λ_radius J_r^T J_r: 形状=(4, 4), λ_radius=20.0
2025-08-25 03:12:33,066 - DEBUG -    H_total: 形状=(4, 4), 条件数=9.54e+00
2025-08-25 03:12:33,066 - DEBUG - 🔍 梯度计算:
2025-08-25 03:12:33,066 - DEBUG -    g_data: 形状=(4,), 范数=0.175738
2025-08-25 03:12:33,066 - DEBUG -    g_h: 形状=(4,), 范数=0.011375
2025-08-25 03:12:33,066 - DEBUG -    g_r: 形状=(4,), 范数=0.016208
2025-08-25 03:12:33,066 - DEBUG -    g_total: 形状=(4,), 范数=0.165284
2025-08-25 03:12:33,066 - DEBUG - 🔍 LM阻尼矩阵: H_lm = H_total + 1.0 * I
2025-08-25 03:12:33,066 - DEBUG -    H_lm条件数: 8.16e+00
2025-08-25 03:12:33,066 - DEBUG - 🔍 线性方程组求解成功:
2025-08-25 03:12:33,066 - DEBUG -    参数更新向量 Δθ: [[-7.38800474e-03]
 [-4.22363719e-03]
 [ 6.19420201e-04]
 [ 1.09592558e-05]]
2025-08-25 03:12:33,071 - DEBUG -    更新向量范数: 0.008533
2025-08-25 03:12:33,071 - DEBUG -    各分量更新: Δc_x=-0.007388, Δc_y=-0.004224, Δc_z=0.000619, Δr=0.000011
2025-08-25 03:12:33,071 - DEBUG -    参数更新:
2025-08-25 03:12:33,071 - DEBUG -      旧参数: [[-0.01472173]
 [ 0.02303926]
 [ 0.6039838 ]
 [ 0.0128104 ]]
2025-08-25 03:12:33,071 - DEBUG -      更新向量: [[-7.38800474e-03]
 [-4.22363719e-03]
 [ 6.19420201e-04]
 [ 1.09592558e-05]]
2025-08-25 03:12:33,071 - DEBUG -      新参数: [[-0.02210973]
 [ 0.01881562]
 [ 0.60460322]
 [ 0.01282136]]
2025-08-25 03:12:33,071 - INFO - -----------------------------------------------------------------------------------
2025-08-25 03:12:33,071 - INFO - 🔍 迭代第6次，球心向右7.388005mm，向上4.223637mm，向后0.619420mm，半径变大0.010959mm
2025-08-25 03:12:33,071 - INFO - 📊 变化前: 中心(-0.015, 0.023, 0.604), 半径12.81mm
2025-08-25 03:12:33,071 - INFO - 📊 变化后: 中心(-0.022, 0.019, 0.605), 半径12.82mm
2025-08-25 03:12:33,071 - INFO - 📈 变化量: 中心移动8.51mm, 半径变化0.01mm
2025-08-25 03:12:33,071 - INFO - 📍 眼球中心: [-0.01472173  0.02303926  0.6039838 ]
2025-08-25 03:12:33,071 - INFO - 📏 眼球半径: 12.81mm
2025-08-25 03:12:33,071 - INFO - 👁️ 瞳孔中心: [-0.00668287  0.03608752  0.60145861]
2025-08-25 03:12:33,071 - INFO - 📐 眼球中心在瞳孔中心的左8.04mm，上13.05mm，后2.53mm
2025-08-25 03:12:33,071 - INFO - 📏 距离: 15.53mm
2025-08-25 03:12:33,071 - INFO - -----------------------------------------------------------------------------------
2025-08-25 03:12:33,071 - INFO - -----------------------------------------------------------------------------------
2025-08-25 03:12:33,076 - DEBUG - 🔍 参数有效性检查:
2025-08-25 03:12:33,076 - DEBUG -    参数向量: [[-0.02210973]
 [ 0.01881562]
 [ 0.60460322]
 [ 0.01282136]]
2025-08-25 03:12:33,077 - DEBUG -    球心: [-0.02210973  0.01881562  0.60460322]
2025-08-25 03:12:33,077 - DEBUG -    半径: 0.012821
2025-08-25 03:12:33,077 - DEBUG - 🔍 函数值计算详情:
2025-08-25 03:12:33,077 - DEBUG -    数据项 F(θ): 0.000922
2025-08-25 03:12:33,077 - DEBUG -    深度约束项: 0.000006
2025-08-25 03:12:33,077 - DEBUG -    半径先验项: 0.000007
2025-08-25 03:12:33,077 - DEBUG -    总函数值 Φ(θ): 0.000934
2025-08-25 03:12:33,077 - DEBUG -    函数值改善: -0.000343
2025-08-25 03:12:33,077 - DEBUG - 🔍 参数有效: False
2025-08-25 03:12:33,077 - DEBUG -    参数无效，阻尼因子调整: λ_LM = 1.00e+01
2025-08-25 03:12:33,077 - DEBUG - 🔍 迭代 8/30:
2025-08-25 03:12:33,079 - DEBUG - 🔍 计算点到球心距离: 形状=(21,)
2025-08-25 03:12:33,079 - DEBUG - 🔍 生理偏差向量计算:
2025-08-25 03:12:33,079 - DEBUG -    点类型列表: ['pupil_center', 'iris_boundaries', 'iris_boundaries', 'iris_boundaries', 'iris_boundaries', 'eye_contours', 'eye_contours', 'eye_contours', 'eye_contours', 'eye_contours', 'eye_contours', 'eye_contours', 'eye_contours', 'eye_contours', 'eye_contours', 'eye_contours', 'eye_contours', 'eye_contours', 'eye_contours', 'eye_contours', 'eye_contours']
2025-08-25 03:12:33,079 - DEBUG -    偏差向量: [0.0002  0.00085 0.00085 0.00085 0.00085 0.0025  0.0025  0.0025  0.0025
 0.0025  0.0025  0.0025  0.0025  0.0025  0.0025  0.0025  0.0025  0.0025
 0.0025  0.0025  0.0025 ]
2025-08-25 03:12:33,079 - DEBUG -    向量形状: (21,)
2025-08-25 03:12:33,079 - DEBUG -    偏差统计: 均值=0.002076, 标准差=0.000769
2025-08-25 03:12:33,079 - DEBUG - 获取生理偏差: 点类型=['pupil_center', 'iris_boundaries', 'iris_boundaries', 'iris_boundaries', 'iris_boundaries', 'eye_contours', 'eye_contours', 'eye_contours', 'eye_contours', 'eye_contours', 'eye_contours', 'eye_contours', 'eye_contours', 'eye_contours', 'eye_contours', 'eye_contours', 'eye_contours', 'eye_contours', 'eye_contours', 'eye_contours', 'eye_contours'], 偏差值=[0.0002  0.00085 0.00085 0.00085 0.00085 0.0025  0.0025  0.0025  0.0025
 0.0025  0.0025  0.0025  0.0025  0.0025  0.0025  0.0025  0.0025  0.0025
 0.0025  0.0025  0.0025 ]
2025-08-25 03:12:33,079 - INFO - -----------------------------------------------------------------------------------
2025-08-25 03:12:33,079 - DEBUG - 🔍 拟合残差计算详情:
2025-08-25 03:12:33,081 - DEBUG -    球心坐标: [-0.01472173  0.02303926  0.6039838 ]
2025-08-25 03:12:33,081 - DEBUG -    球体半径: 0.012810
2025-08-25 03:12:33,081 - DEBUG -    采样点数: 21
2025-08-25 03:12:33,081 - DEBUG -    点类型分布: {'eye_contours': 16, 'iris_boundaries': 4, 'pupil_center': 1}
2025-08-25 03:12:33,082 - DEBUG -    理论距离向量: [0.0130104 0.0136604 0.0136604 0.0136604 0.0136604 0.0153104 0.0153104
 0.0153104 0.0153104 0.0153104 0.0153104 0.0153104 0.0153104 0.0153104
 0.0153104 0.0153104 0.0153104 0.0153104 0.0153104 0.0153104 0.0153104]
2025-08-25 03:12:33,082 - DEBUG -    实际距离向量: [0.01553244 0.02262651 0.00979757 0.01416899 0.02336608 0.02029456
 0.01955826 0.01894588 0.01911311 0.02126336 0.0251852  0.03019277
 0.03408833 0.03600821 0.03253066 0.02589606 0.01792536 0.01246515
 0.01214569 0.01537871 0.01809222]
2025-08-25 03:12:33,082 - DEBUG -    生理偏差向量: [0.0002  0.00085 0.00085 0.00085 0.00085 0.0025  0.0025  0.0025  0.0025
 0.0025  0.0025  0.0025  0.0025  0.0025  0.0025  0.0025  0.0025  0.0025
 0.0025  0.0025  0.0025 ]
2025-08-25 03:12:33,082 - DEBUG -    残差向量 f(θ): 
[[ 2.52204101e-03]
 [ 8.96610317e-03]
 [-3.86283393e-03]
 [ 5.08585080e-04]
 [ 9.70567157e-03]
 [ 4.98415379e-03]
 [ 4.24785457e-03]
 [ 3.63547273e-03]
 [ 3.80270211e-03]
 [ 5.95296056e-03]
 [ 9.87479659e-03]
 [ 1.48823664e-02]
 [ 1.87779287e-02]
 [ 2.06978091e-02]
 [ 1.72202537e-02]
 [ 1.05856538e-02]
 [ 2.61495755e-03]
 [-2.84525021e-03]
 [-3.16471731e-03]
 [ 6.83110034e-05]
 [ 2.78181341e-03]]
2025-08-25 03:12:33,082 - DEBUG -    平均残差范数: 0.002045
2025-08-25 03:12:33,082 - DEBUG -    残差范数=0.042935
2025-08-25 03:12:33,082 - INFO - -----------------------------------------------------------------------------------
2025-08-25 03:12:33,082 - DEBUG - 🔍 深度约束计算详情 (softplus):
2025-08-25 03:12:33,082 - DEBUG -    采样点Z坐标范围: [0.600436, 0.601628]
2025-08-25 03:12:33,082 - DEBUG -    球心Z坐标: 0.603984
2025-08-25 03:12:33,082 - DEBUG -    深度偏移ε: 0.000200
2025-08-25 03:12:33,082 - DEBUG -    softplus参数τ: 0.001000
2025-08-25 03:12:33,082 - DEBUG -    原始违反值: -0.002156
2025-08-25 03:12:33,082 - DEBUG -    softplus输入 u: -2.155734
2025-08-25 03:12:33,082 - DEBUG -    约束惩罚 h(θ): 0.000110
2025-08-25 03:12:33,082 - DEBUG -    🟢 深度约束满足: 球心深度足够
2025-08-25 03:12:33,082 - INFO - -----------------------------------------------------------------------------------
2025-08-25 03:12:33,082 - DEBUG - 🔍 半径惩罚计算详情:
2025-08-25 03:12:33,082 - DEBUG -    当前半径: 0.012810
2025-08-25 03:12:33,082 - DEBUG -    半径先验值: 0.012000
2025-08-25 03:12:33,082 - DEBUG -    半径残差 r(θ): 0.000810
2025-08-25 03:12:33,082 - DEBUG -    数据残差 f(θ): [[ 2.52204101e-03]
 [ 8.96610317e-03]
 [-3.86283393e-03]
 [ 5.08585080e-04]
 [ 9.70567157e-03]
 [ 4.98415379e-03]
 [ 4.24785457e-03]
 [ 3.63547273e-03]
 [ 3.80270211e-03]
 [ 5.95296056e-03]
 [ 9.87479659e-03]
 [ 1.48823664e-02]
 [ 1.87779287e-02]
 [ 2.06978091e-02]
 [ 1.72202537e-02]
 [ 1.05856538e-02]
 [ 2.61495755e-03]
 [-2.84525021e-03]
 [-3.16471731e-03]
 [ 6.83110034e-05]
 [ 2.78181341e-03]]
2025-08-25 03:12:33,086 - DEBUG -    约束残差 g(θ): [[0.00010959]]
2025-08-25 03:12:33,086 - DEBUG -    半径残差 r(θ): [[0.0008104]]
2025-08-25 03:12:33,086 - DEBUG - 🔍 状态变化计算: 参数变化=0.000000, 残差变化=0.000000
2025-08-25 03:12:33,086 - INFO - -----------------------------------------------------------------------------------
2025-08-25 03:12:33,086 - DEBUG - 🔍 权重管理器状态更新详情:
2025-08-25 03:12:33,086 - DEBUG -    当前迭代: 7
2025-08-25 03:12:33,087 - DEBUG -    参数变化: 0.000000 (阈值: 0.000005)
2025-08-25 03:12:33,087 - DEBUG -    残差变化: 0.000000 (阈值: 0.000005)
2025-08-25 03:12:33,087 - DEBUG -    几何权重因子: 10
2025-08-25 03:12:33,087 - DEBUG - ⏸️ 保持图像置信度权重: 参数变化=0.00e+00, 残差变化=0.00e+00
2025-08-25 03:12:33,087 - DEBUG - 状态已保存: 参数=[-0.01472173  0.02303926  0.6039838   0.0128104 ], 残差范数=0.042935
2025-08-25 03:12:33,087 - DEBUG - 🔍 获取visibility信息: 形状=(21,), 范围=[1.000, 1.000]
2025-08-25 03:12:33,087 - DEBUG - 🔧 设置图像置信度权重: 21个点
2025-08-25 03:12:33,088 - DEBUG - 🔍 开始计算权重矩阵:
2025-08-25 03:12:33,088 - DEBUG -    点类型: ['pupil_center', 'iris_boundaries', 'iris_boundaries', 'iris_boundaries', 'iris_boundaries', 'eye_contours', 'eye_contours', 'eye_contours', 'eye_contours', 'eye_contours', 'eye_contours', 'eye_contours', 'eye_contours', 'eye_contours', 'eye_contours', 'eye_contours', 'eye_contours', 'eye_contours', 'eye_contours', 'eye_contours', 'eye_contours']
2025-08-25 03:12:33,088 - DEBUG -    残差向量: 形状=(21,), 范数=0.042935
2025-08-25 03:12:33,088 - DEBUG -    Visibility: 形状=(21,), 均值=1.000
2025-08-25 03:12:33,088 - DEBUG - 🔍 权重矩阵计算成功: 形状=(21, 21)
2025-08-25 03:12:33,088 - DEBUG - 🔍 几何权重统计:
2025-08-25 03:12:33,088 - DEBUG -    权重向量: [[1.]
 [1.]
 [1.]
 [1.]
 [1.]
 [1.]
 [1.]
 [1.]
 [1.]
 [1.]
 [1.]
 [1.]
 [1.]
 [1.]
 [1.]
 [1.]
 [1.]
 [1.]
 [1.]
 [1.]
 [1.]]
2025-08-25 03:12:33,088 - DEBUG -    权重范围: [1.000000, 1.000000]
2025-08-25 03:12:33,088 - DEBUG -    权重均值: 1.000000
2025-08-25 03:12:33,088 - DEBUG -    权重标准差: 0.000000
2025-08-25 03:12:33,091 - DEBUG -    高权重点(>0.8): 21/21
2025-08-25 03:12:33,091 - DEBUG -    低权重点(<0.2): 0/21
2025-08-25 03:12:33,091 - INFO - -----------------------------------------------------------------------------------
2025-08-25 03:12:33,092 - DEBUG - 🔍 开始求解LM更新方程:
2025-08-25 03:12:33,092 - DEBUG -    数据残差: 形状=(21,), 范数=0.042935
2025-08-25 03:12:33,092 - DEBUG -    约束残差: 形状=(1,), 范数=0.000110
2025-08-25 03:12:33,092 - DEBUG - 🔍 计算数据残差雅可比矩阵 J_f: 形状=(21, 4)
2025-08-25 03:12:33,092 - DEBUG - 🔍 J_f矩阵计算完成: 条件数=2.55e+01
2025-08-25 03:12:33,092 - DEBUG - 🔍 深度约束雅可比计算: u=-2.155734, σ=0.103797, J_h=[[ 0.          0.         -0.10379659  0.        ]]
2025-08-25 03:12:33,092 - DEBUG - 🔍 半径先验雅可比: J_r=[[0. 0. 0. 1.]]
2025-08-25 03:12:33,092 - DEBUG - 🔍 使用几何权重矩阵: 形状=(21, 21)
2025-08-25 03:12:33,092 - DEBUG - 🔍 Hessian矩阵计算:
2025-08-25 03:12:33,092 - DEBUG -    H_data = J_f^T W J_f: 形状=(4, 4), 条件数=6.50e+02
2025-08-25 03:12:33,092 - DEBUG -    H_h = λ_depth J_h^T J_h: 形状=(4, 4), λ_depth=1000.0
2025-08-25 03:12:33,092 - DEBUG -    H_r = λ_radius J_r^T J_r: 形状=(4, 4), λ_radius=20.0
2025-08-25 03:12:33,092 - DEBUG -    H_total: 形状=(4, 4), 条件数=9.54e+00
2025-08-25 03:12:33,092 - DEBUG - 🔍 梯度计算:
2025-08-25 03:12:33,092 - DEBUG -    g_data: 形状=(4,), 范数=0.175738
2025-08-25 03:12:33,092 - DEBUG -    g_h: 形状=(4,), 范数=0.011375
2025-08-25 03:12:33,095 - DEBUG -    g_r: 形状=(4,), 范数=0.016208
2025-08-25 03:12:33,095 - DEBUG -    g_total: 形状=(4,), 范数=0.165284
2025-08-25 03:12:33,095 - DEBUG - 🔍 LM阻尼矩阵: H_lm = H_total + 10.0 * I
2025-08-25 03:12:33,095 - DEBUG -    H_lm条件数: 3.92e+00
2025-08-25 03:12:33,096 - DEBUG - 🔍 线性方程组求解成功:
2025-08-25 03:12:33,096 - DEBUG -    参数更新向量 Δθ: [[-0.00369631]
 [-0.00231073]
 [ 0.00058065]
 [ 0.00106034]]
2025-08-25 03:12:33,096 - DEBUG -    更新向量范数: 0.004524
2025-08-25 03:12:33,096 - DEBUG -    各分量更新: Δc_x=-0.003696, Δc_y=-0.002311, Δc_z=0.000581, Δr=0.001060
2025-08-25 03:12:33,096 - DEBUG -    参数更新:
2025-08-25 03:12:33,096 - DEBUG -      旧参数: [[-0.01472173]
 [ 0.02303926]
 [ 0.6039838 ]
 [ 0.0128104 ]]
2025-08-25 03:12:33,096 - DEBUG -      更新向量: [[-0.00369631]
 [-0.00231073]
 [ 0.00058065]
 [ 0.00106034]]
2025-08-25 03:12:33,096 - DEBUG -      新参数: [[-0.01841804]
 [ 0.02072853]
 [ 0.60456445]
 [ 0.01387074]]
2025-08-25 03:12:33,096 - INFO - -----------------------------------------------------------------------------------
2025-08-25 03:12:33,096 - INFO - 🔍 迭代第7次，球心向右3.696314mm，向上2.310730mm，向后0.580652mm，半径变大1.060341mm
2025-08-25 03:12:33,096 - INFO - 📊 变化前: 中心(-0.015, 0.023, 0.604), 半径12.81mm
2025-08-25 03:12:33,096 - INFO - 📊 变化后: 中心(-0.018, 0.021, 0.605), 半径13.87mm
2025-08-25 03:12:33,096 - INFO - 📈 变化量: 中心移动4.36mm, 半径变化1.06mm
2025-08-25 03:12:33,096 - INFO - 📍 眼球中心: [-0.01472173  0.02303926  0.6039838 ]
2025-08-25 03:12:33,096 - INFO - 📏 眼球半径: 12.81mm
2025-08-25 03:12:33,096 - INFO - 👁️ 瞳孔中心: [-0.00668287  0.03608752  0.60145861]
2025-08-25 03:12:33,096 - INFO - 📐 眼球中心在瞳孔中心的左8.04mm，上13.05mm，后2.53mm
2025-08-25 03:12:33,096 - INFO - 📏 距离: 15.53mm
2025-08-25 03:12:33,096 - INFO - -----------------------------------------------------------------------------------
2025-08-25 03:12:33,096 - INFO - -----------------------------------------------------------------------------------
2025-08-25 03:12:33,096 - DEBUG - 🔍 参数有效性检查:
2025-08-25 03:12:33,101 - DEBUG -    参数向量: [[-0.01841804]
 [ 0.02072853]
 [ 0.60456445]
 [ 0.01387074]]
2025-08-25 03:12:33,101 - DEBUG -    球心: [-0.01841804  0.02072853  0.60456445]
2025-08-25 03:12:33,101 - DEBUG -    半径: 0.013871
2025-08-25 03:12:33,101 - DEBUG - 🔍 函数值计算详情:
2025-08-25 03:12:33,101 - DEBUG -    数据项 F(θ): 0.000922
2025-08-25 03:12:33,101 - DEBUG -    深度约束项: 0.000006
2025-08-25 03:12:33,101 - DEBUG -    半径先验项: 0.000007
2025-08-25 03:12:33,101 - DEBUG -    总函数值 Φ(θ): 0.000934
2025-08-25 03:12:33,101 - DEBUG -    函数值改善: 0.000000
2025-08-25 03:12:33,101 - DEBUG - 🔍 参数有效: True
2025-08-25 03:12:33,101 - DEBUG -    参数更新成功:
2025-08-25 03:12:33,101 - DEBUG -      新球心: [-0.01841804  0.02072853  0.60456445]
2025-08-25 03:12:33,101 - DEBUG -      新半径: 0.013871
2025-08-25 03:12:33,101 - INFO - -----------------------------------------------------------------------------------
2025-08-25 03:12:33,101 - DEBUG - 🔍 LM收敛性检查:
2025-08-25 03:12:33,101 - DEBUG -    当前迭代次数: 7
2025-08-25 03:12:33,101 - DEBUG -    最大迭代次数: 30
2025-08-25 03:12:33,103 - DEBUG -    参数变化: 0.004524
2025-08-25 03:12:33,103 - DEBUG -    参数容忍度: 5e-06
2025-08-25 03:12:33,103 - DEBUG -    残差变化: 0.000000
2025-08-25 03:12:33,103 - DEBUG -    残差容忍度: 5e-06
2025-08-25 03:12:33,103 - DEBUG - 🔍 迭代 9/30:
2025-08-25 03:12:33,103 - DEBUG - 🔍 计算点到球心距离: 形状=(21,)
2025-08-25 03:12:33,103 - DEBUG - 🔍 生理偏差向量计算:
2025-08-25 03:12:33,103 - DEBUG -    点类型列表: ['pupil_center', 'iris_boundaries', 'iris_boundaries', 'iris_boundaries', 'iris_boundaries', 'eye_contours', 'eye_contours', 'eye_contours', 'eye_contours', 'eye_contours', 'eye_contours', 'eye_contours', 'eye_contours', 'eye_contours', 'eye_contours', 'eye_contours', 'eye_contours', 'eye_contours', 'eye_contours', 'eye_contours', 'eye_contours']
2025-08-25 03:12:33,103 - DEBUG -    偏差向量: [0.0002  0.00085 0.00085 0.00085 0.00085 0.0025  0.0025  0.0025  0.0025
 0.0025  0.0025  0.0025  0.0025  0.0025  0.0025  0.0025  0.0025  0.0025
 0.0025  0.0025  0.0025 ]
2025-08-25 03:12:33,103 - DEBUG -    向量形状: (21,)
2025-08-25 03:12:33,105 - DEBUG -    偏差统计: 均值=0.002076, 标准差=0.000769
2025-08-25 03:12:33,105 - DEBUG - 获取生理偏差: 点类型=['pupil_center', 'iris_boundaries', 'iris_boundaries', 'iris_boundaries', 'iris_boundaries', 'eye_contours', 'eye_contours', 'eye_contours', 'eye_contours', 'eye_contours', 'eye_contours', 'eye_contours', 'eye_contours', 'eye_contours', 'eye_contours', 'eye_contours', 'eye_contours', 'eye_contours', 'eye_contours', 'eye_contours', 'eye_contours'], 偏差值=[0.0002  0.00085 0.00085 0.00085 0.00085 0.0025  0.0025  0.0025  0.0025
 0.0025  0.0025  0.0025  0.0025  0.0025  0.0025  0.0025  0.0025  0.0025
 0.0025  0.0025  0.0025 ]
2025-08-25 03:12:33,105 - INFO - -----------------------------------------------------------------------------------
2025-08-25 03:12:33,105 - DEBUG - 🔍 拟合残差计算详情:
2025-08-25 03:12:33,105 - DEBUG -    球心坐标: [-0.01841804  0.02072853  0.60456445]
2025-08-25 03:12:33,105 - DEBUG -    球体半径: 0.013871
2025-08-25 03:12:33,105 - DEBUG -    采样点数: 21
2025-08-25 03:12:33,105 - DEBUG -    点类型分布: {'eye_contours': 16, 'iris_boundaries': 4, 'pupil_center': 1}
2025-08-25 03:12:33,105 - DEBUG -    理论距离向量: [0.01407074 0.01472074 0.01472074 0.01472074 0.01472074 0.01637074
 0.01637074 0.01637074 0.01637074 0.01637074 0.01637074 0.01637074
 0.01637074 0.01637074 0.01637074 0.01637074 0.01637074 0.01637074
 0.01637074 0.01637074 0.01637074]
2025-08-25 03:12:33,105 - DEBUG -    实际距离向量: [0.019577   0.02701566 0.01416834 0.0165014  0.02699993 0.02027155
 0.02040673 0.02066203 0.02185873 0.02503712 0.02943182 0.03458018
 0.03847953 0.04039053 0.03690935 0.03028047 0.02230974 0.01648285
 0.01449988 0.01635998 0.01843174]
2025-08-25 03:12:33,105 - DEBUG -    生理偏差向量: [0.0002  0.00085 0.00085 0.00085 0.00085 0.0025  0.0025  0.0025  0.0025
 0.0025  0.0025  0.0025  0.0025  0.0025  0.0025  0.0025  0.0025  0.0025
 0.0025  0.0025  0.0025 ]
2025-08-25 03:12:33,105 - DEBUG -    残差向量 f(θ): 
[[ 5.50625732e-03]
 [ 1.22949129e-02]
 [-5.52408467e-04]
 [ 1.78065657e-03]
 [ 1.22791843e-02]
 [ 3.90080689e-03]
 [ 4.03598323e-03]
 [ 4.29128243e-03]
 [ 5.48798337e-03]
 [ 8.66638027e-03]
 [ 1.30610763e-02]
 [ 1.82094400e-02]
 [ 2.21087906e-02]
 [ 2.40197854e-02]
 [ 2.05386017e-02]
 [ 1.39097252e-02]
 [ 5.93899598e-03]
 [ 1.12105287e-04]
 [-1.87086357e-03]
 [-1.07677974e-05]
 [ 2.06099099e-03]]
2025-08-25 03:12:33,111 - DEBUG -    平均残差范数: 0.002482
2025-08-25 03:12:33,111 - DEBUG -    残差范数=0.052126
2025-08-25 03:12:33,111 - INFO - -----------------------------------------------------------------------------------
2025-08-25 03:12:33,111 - DEBUG - 🔍 深度约束计算详情 (softplus):
2025-08-25 03:12:33,111 - DEBUG -    采样点Z坐标范围: [0.600436, 0.601628]
2025-08-25 03:12:33,112 - DEBUG -    球心Z坐标: 0.604564
2025-08-25 03:12:33,112 - DEBUG -    深度偏移ε: 0.000200
2025-08-25 03:12:33,112 - DEBUG -    softplus参数τ: 0.001000
2025-08-25 03:12:33,112 - DEBUG -    原始违反值: -0.002736
2025-08-25 03:12:33,112 - DEBUG -    softplus输入 u: -2.736386
2025-08-25 03:12:33,112 - DEBUG -    约束惩罚 h(θ): 0.000063
2025-08-25 03:12:33,112 - DEBUG -    🟢 深度约束满足: 球心深度足够
2025-08-25 03:12:33,112 - INFO - -----------------------------------------------------------------------------------
2025-08-25 03:12:33,112 - DEBUG - 🔍 半径惩罚计算详情:
2025-08-25 03:12:33,112 - DEBUG -    当前半径: 0.013871
2025-08-25 03:12:33,112 - DEBUG -    半径先验值: 0.012000
2025-08-25 03:12:33,112 - DEBUG -    半径残差 r(θ): 0.001871
2025-08-25 03:12:33,112 - DEBUG -    数据残差 f(θ): [[ 5.50625732e-03]
 [ 1.22949129e-02]
 [-5.52408467e-04]
 [ 1.78065657e-03]
 [ 1.22791843e-02]
 [ 3.90080689e-03]
 [ 4.03598323e-03]
 [ 4.29128243e-03]
 [ 5.48798337e-03]
 [ 8.66638027e-03]
 [ 1.30610763e-02]
 [ 1.82094400e-02]
 [ 2.21087906e-02]
 [ 2.40197854e-02]
 [ 2.05386017e-02]
 [ 1.39097252e-02]
 [ 5.93899598e-03]
 [ 1.12105287e-04]
 [-1.87086357e-03]
 [-1.07677974e-05]
 [ 2.06099099e-03]]
2025-08-25 03:12:33,112 - DEBUG -    约束残差 g(θ): [[6.27908665e-05]]
2025-08-25 03:12:33,112 - DEBUG -    半径残差 r(θ): [[0.00187074]]
2025-08-25 03:12:33,112 - DEBUG - 🔍 状态变化计算: 参数变化=0.004524, 残差变化=0.009191
2025-08-25 03:12:33,112 - INFO - -----------------------------------------------------------------------------------
2025-08-25 03:12:33,112 - DEBUG - 🔍 权重管理器状态更新详情:
2025-08-25 03:12:33,112 - DEBUG -    当前迭代: 8
2025-08-25 03:12:33,112 - DEBUG -    参数变化: 0.004524 (阈值: 0.000005)
2025-08-25 03:12:33,112 - DEBUG -    残差变化: 0.009191 (阈值: 0.000005)
2025-08-25 03:12:33,112 - DEBUG -    几何权重因子: 10
2025-08-25 03:12:33,112 - DEBUG - ⏸️ 保持图像置信度权重: 参数变化=4.52e-03, 残差变化=9.19e-03
2025-08-25 03:12:33,112 - DEBUG - 状态已保存: 参数=[-0.01841804  0.02072853  0.60456445  0.01387074], 残差范数=0.052126
2025-08-25 03:12:33,112 - DEBUG - 🔍 获取visibility信息: 形状=(21,), 范围=[1.000, 1.000]
2025-08-25 03:12:33,112 - DEBUG - 🔧 设置图像置信度权重: 21个点
2025-08-25 03:12:33,117 - DEBUG - 🔍 开始计算权重矩阵:
2025-08-25 03:12:33,117 - DEBUG -    点类型: ['pupil_center', 'iris_boundaries', 'iris_boundaries', 'iris_boundaries', 'iris_boundaries', 'eye_contours', 'eye_contours', 'eye_contours', 'eye_contours', 'eye_contours', 'eye_contours', 'eye_contours', 'eye_contours', 'eye_contours', 'eye_contours', 'eye_contours', 'eye_contours', 'eye_contours', 'eye_contours', 'eye_contours', 'eye_contours']
2025-08-25 03:12:33,117 - DEBUG -    残差向量: 形状=(21,), 范数=0.052126
2025-08-25 03:12:33,117 - DEBUG -    Visibility: 形状=(21,), 均值=1.000
2025-08-25 03:12:33,117 - DEBUG - 🔍 权重矩阵计算成功: 形状=(21, 21)
2025-08-25 03:12:33,117 - DEBUG - 🔍 几何权重统计:
2025-08-25 03:12:33,117 - DEBUG -    权重向量: [[1.]
 [1.]
 [1.]
 [1.]
 [1.]
 [1.]
 [1.]
 [1.]
 [1.]
 [1.]
 [1.]
 [1.]
 [1.]
 [1.]
 [1.]
 [1.]
 [1.]
 [1.]
 [1.]
 [1.]
 [1.]]
2025-08-25 03:12:33,117 - DEBUG -    权重范围: [1.000000, 1.000000]
2025-08-25 03:12:33,117 - DEBUG -    权重均值: 1.000000
2025-08-25 03:12:33,117 - DEBUG -    权重标准差: 0.000000
2025-08-25 03:12:33,117 - DEBUG -    高权重点(>0.8): 21/21
2025-08-25 03:12:33,117 - DEBUG -    低权重点(<0.2): 0/21
2025-08-25 03:12:33,117 - INFO - -----------------------------------------------------------------------------------
2025-08-25 03:12:33,117 - DEBUG - 🔍 开始求解LM更新方程:
2025-08-25 03:12:33,117 - DEBUG -    数据残差: 形状=(21,), 范数=0.052126
2025-08-25 03:12:33,117 - DEBUG -    约束残差: 形状=(1,), 范数=0.000063
2025-08-25 03:12:33,117 - DEBUG - 🔍 计算数据残差雅可比矩阵 J_f: 形状=(21, 4)
2025-08-25 03:12:33,117 - DEBUG - 🔍 J_f矩阵计算完成: 条件数=3.28e+01
2025-08-25 03:12:33,117 - DEBUG - 🔍 深度约束雅可比计算: u=-2.736386, σ=0.060860, J_h=[[ 0.          0.         -0.06086014  0.        ]]
2025-08-25 03:12:33,121 - DEBUG - 🔍 半径先验雅可比: J_r=[[0. 0. 0. 1.]]
2025-08-25 03:12:33,121 - DEBUG - 🔍 使用几何权重矩阵: 形状=(21, 21)
2025-08-25 03:12:33,121 - DEBUG - 🔍 Hessian矩阵计算:
2025-08-25 03:12:33,122 - DEBUG -    H_data = J_f^T W J_f: 形状=(4, 4), 条件数=1.08e+03
2025-08-25 03:12:33,122 - DEBUG -    H_h = λ_depth J_h^T J_h: 形状=(4, 4), λ_depth=1000.0
2025-08-25 03:12:33,122 - DEBUG -    H_r = λ_radius J_r^T J_r: 形状=(4, 4), λ_radius=20.0
2025-08-25 03:12:33,122 - DEBUG -    H_total: 形状=(4, 4), 条件数=1.50e+01
2025-08-25 03:12:33,122 - DEBUG - 🔍 梯度计算:
2025-08-25 03:12:33,123 - DEBUG -    g_data: 形状=(4,), 范数=0.239572
2025-08-25 03:12:33,123 - DEBUG -    g_h: 形状=(4,), 范数=0.003821
2025-08-25 03:12:33,123 - DEBUG -    g_r: 形状=(4,), 范数=0.037415
2025-08-25 03:12:33,123 - DEBUG -    g_total: 形状=(4,), 范数=0.214062
2025-08-25 03:12:33,123 - DEBUG - 🔍 LM阻尼矩阵: H_lm = H_total + 10.0 * I
2025-08-25 03:12:33,123 - DEBUG -    H_lm条件数: 4.53e+00
2025-08-25 03:12:33,123 - DEBUG - 🔍 线性方程组求解成功:
2025-08-25 03:12:33,123 - DEBUG -    参数更新向量 Δθ: [[-0.00537053]
 [-0.00307223]
 [ 0.0005425 ]
 [ 0.00082433]]
2025-08-25 03:12:33,123 - DEBUG -    更新向量范数: 0.006265
2025-08-25 03:12:33,123 - DEBUG -    各分量更新: Δc_x=-0.005371, Δc_y=-0.003072, Δc_z=0.000542, Δr=0.000824
2025-08-25 03:12:33,123 - DEBUG -    参数更新:
2025-08-25 03:12:33,123 - DEBUG -      旧参数: [[-0.01841804]
 [ 0.02072853]
 [ 0.60456445]
 [ 0.01387074]]
2025-08-25 03:12:33,123 - DEBUG -      更新向量: [[-0.00537053]
 [-0.00307223]
 [ 0.0005425 ]
 [ 0.00082433]]
2025-08-25 03:12:33,123 - DEBUG -      新参数: [[-0.02378858]
 [ 0.0176563 ]
 [ 0.60510695]
 [ 0.01469508]]
2025-08-25 03:12:33,123 - INFO - -----------------------------------------------------------------------------------
2025-08-25 03:12:33,123 - INFO - 🔍 迭代第8次，球心向右5.370535mm，向上3.072232mm，向后0.542495mm，半径变大0.824333mm
2025-08-25 03:12:33,123 - INFO - 📊 变化前: 中心(-0.018, 0.021, 0.605), 半径13.87mm
2025-08-25 03:12:33,123 - INFO - 📊 变化后: 中心(-0.024, 0.018, 0.605), 半径14.70mm
2025-08-25 03:12:33,127 - INFO - 📈 变化量: 中心移动6.19mm, 半径变化0.82mm
2025-08-25 03:12:33,127 - INFO - 📍 眼球中心: [-0.01841804  0.02072853  0.60456445]
2025-08-25 03:12:33,127 - INFO - 📏 眼球半径: 13.87mm
2025-08-25 03:12:33,127 - INFO - 👁️ 瞳孔中心: [-0.00668287  0.03608752  0.60145861]
2025-08-25 03:12:33,127 - INFO - 📐 眼球中心在瞳孔中心的左11.74mm，上15.36mm，后3.11mm
2025-08-25 03:12:33,127 - INFO - 📏 距离: 19.58mm
2025-08-25 03:12:33,127 - INFO - -----------------------------------------------------------------------------------
2025-08-25 03:12:33,127 - INFO - -----------------------------------------------------------------------------------
2025-08-25 03:12:33,127 - DEBUG - 🔍 参数有效性检查:
2025-08-25 03:12:33,127 - DEBUG -    参数向量: [[-0.02378858]
 [ 0.0176563 ]
 [ 0.60510695]
 [ 0.01469508]]
2025-08-25 03:12:33,127 - DEBUG -    球心: [-0.02378858  0.0176563   0.60510695]
2025-08-25 03:12:33,127 - DEBUG -    半径: 0.014695
2025-08-25 03:12:33,129 - DEBUG - 🔍 函数值计算详情:
2025-08-25 03:12:33,129 - DEBUG -    数据项 F(θ): 0.001359
2025-08-25 03:12:33,129 - DEBUG -    深度约束项: 0.000002
2025-08-25 03:12:33,129 - DEBUG -    半径先验项: 0.000035
2025-08-25 03:12:33,129 - DEBUG -    总函数值 Φ(θ): 0.001396
2025-08-25 03:12:33,129 - DEBUG -    函数值改善: -0.000461
2025-08-25 03:12:33,129 - DEBUG - 🔍 参数有效: False
2025-08-25 03:12:33,129 - DEBUG -    参数无效，阻尼因子调整: λ_LM = 1.00e+02
2025-08-25 03:12:33,129 - DEBUG - 🔍 迭代 10/30:
2025-08-25 03:12:33,129 - DEBUG - 🔍 计算点到球心距离: 形状=(21,)
2025-08-25 03:12:33,129 - DEBUG - 🔍 生理偏差向量计算:
2025-08-25 03:12:33,129 - DEBUG -    点类型列表: ['pupil_center', 'iris_boundaries', 'iris_boundaries', 'iris_boundaries', 'iris_boundaries', 'eye_contours', 'eye_contours', 'eye_contours', 'eye_contours', 'eye_contours', 'eye_contours', 'eye_contours', 'eye_contours', 'eye_contours', 'eye_contours', 'eye_contours', 'eye_contours', 'eye_contours', 'eye_contours', 'eye_contours', 'eye_contours']
2025-08-25 03:12:33,129 - DEBUG -    偏差向量: [0.0002  0.00085 0.00085 0.00085 0.00085 0.0025  0.0025  0.0025  0.0025
 0.0025  0.0025  0.0025  0.0025  0.0025  0.0025  0.0025  0.0025  0.0025
 0.0025  0.0025  0.0025 ]
2025-08-25 03:12:33,129 - DEBUG -    向量形状: (21,)
2025-08-25 03:12:33,129 - DEBUG -    偏差统计: 均值=0.002076, 标准差=0.000769
2025-08-25 03:12:33,129 - DEBUG - 获取生理偏差: 点类型=['pupil_center', 'iris_boundaries', 'iris_boundaries', 'iris_boundaries', 'iris_boundaries', 'eye_contours', 'eye_contours', 'eye_contours', 'eye_contours', 'eye_contours', 'eye_contours', 'eye_contours', 'eye_contours', 'eye_contours', 'eye_contours', 'eye_contours', 'eye_contours', 'eye_contours', 'eye_contours', 'eye_contours', 'eye_contours'], 偏差值=[0.0002  0.00085 0.00085 0.00085 0.00085 0.0025  0.0025  0.0025  0.0025
 0.0025  0.0025  0.0025  0.0025  0.0025  0.0025  0.0025  0.0025  0.0025
 0.0025  0.0025  0.0025 ]
2025-08-25 03:12:33,129 - INFO - -----------------------------------------------------------------------------------
2025-08-25 03:12:33,132 - DEBUG - 🔍 拟合残差计算详情:
2025-08-25 03:12:33,132 - DEBUG -    球心坐标: [-0.01841804  0.02072853  0.60456445]
2025-08-25 03:12:33,132 - DEBUG -    球体半径: 0.013871
2025-08-25 03:12:33,132 - DEBUG -    采样点数: 21
2025-08-25 03:12:33,132 - DEBUG -    点类型分布: {'eye_contours': 16, 'iris_boundaries': 4, 'pupil_center': 1}
2025-08-25 03:12:33,132 - DEBUG -    理论距离向量: [0.01407074 0.01472074 0.01472074 0.01472074 0.01472074 0.01637074
 0.01637074 0.01637074 0.01637074 0.01637074 0.01637074 0.01637074
 0.01637074 0.01637074 0.01637074 0.01637074 0.01637074 0.01637074
 0.01637074 0.01637074 0.01637074]
2025-08-25 03:12:33,132 - DEBUG -    实际距离向量: [0.019577   0.02701566 0.01416834 0.0165014  0.02699993 0.02027155
 0.02040673 0.02066203 0.02185873 0.02503712 0.02943182 0.03458018
 0.03847953 0.04039053 0.03690935 0.03028047 0.02230974 0.01648285
 0.01449988 0.01635998 0.01843174]
2025-08-25 03:12:33,132 - DEBUG -    生理偏差向量: [0.0002  0.00085 0.00085 0.00085 0.00085 0.0025  0.0025  0.0025  0.0025
 0.0025  0.0025  0.0025  0.0025  0.0025  0.0025  0.0025  0.0025  0.0025
 0.0025  0.0025  0.0025 ]
2025-08-25 03:12:33,132 - DEBUG -    残差向量 f(θ): 
[[ 5.50625732e-03]
 [ 1.22949129e-02]
 [-5.52408467e-04]
 [ 1.78065657e-03]
 [ 1.22791843e-02]
 [ 3.90080689e-03]
 [ 4.03598323e-03]
 [ 4.29128243e-03]
 [ 5.48798337e-03]
 [ 8.66638027e-03]
 [ 1.30610763e-02]
 [ 1.82094400e-02]
 [ 2.21087906e-02]
 [ 2.40197854e-02]
 [ 2.05386017e-02]
 [ 1.39097252e-02]
 [ 5.93899598e-03]
 [ 1.12105287e-04]
 [-1.87086357e-03]
 [-1.07677974e-05]
 [ 2.06099099e-03]]
2025-08-25 03:12:33,132 - DEBUG -    平均残差范数: 0.002482
2025-08-25 03:12:33,132 - DEBUG -    残差范数=0.052126
2025-08-25 03:12:33,132 - INFO - -----------------------------------------------------------------------------------
2025-08-25 03:12:33,132 - DEBUG - 🔍 深度约束计算详情 (softplus):
2025-08-25 03:12:33,132 - DEBUG -    采样点Z坐标范围: [0.600436, 0.601628]
2025-08-25 03:12:33,132 - DEBUG -    球心Z坐标: 0.604564
2025-08-25 03:12:33,132 - DEBUG -    深度偏移ε: 0.000200
2025-08-25 03:12:33,132 - DEBUG -    softplus参数τ: 0.001000
2025-08-25 03:12:33,132 - DEBUG -    原始违反值: -0.002736
2025-08-25 03:12:33,132 - DEBUG -    softplus输入 u: -2.736386
2025-08-25 03:12:33,132 - DEBUG -    约束惩罚 h(θ): 0.000063
2025-08-25 03:12:33,132 - DEBUG -    🟢 深度约束满足: 球心深度足够
2025-08-25 03:12:33,132 - INFO - -----------------------------------------------------------------------------------
2025-08-25 03:12:33,132 - DEBUG - 🔍 半径惩罚计算详情:
2025-08-25 03:12:33,132 - DEBUG -    当前半径: 0.013871
2025-08-25 03:12:33,132 - DEBUG -    半径先验值: 0.012000
2025-08-25 03:12:33,132 - DEBUG -    半径残差 r(θ): 0.001871
2025-08-25 03:12:33,132 - DEBUG -    数据残差 f(θ): [[ 5.50625732e-03]
 [ 1.22949129e-02]
 [-5.52408467e-04]
 [ 1.78065657e-03]
 [ 1.22791843e-02]
 [ 3.90080689e-03]
 [ 4.03598323e-03]
 [ 4.29128243e-03]
 [ 5.48798337e-03]
 [ 8.66638027e-03]
 [ 1.30610763e-02]
 [ 1.82094400e-02]
 [ 2.21087906e-02]
 [ 2.40197854e-02]
 [ 2.05386017e-02]
 [ 1.39097252e-02]
 [ 5.93899598e-03]
 [ 1.12105287e-04]
 [-1.87086357e-03]
 [-1.07677974e-05]
 [ 2.06099099e-03]]
2025-08-25 03:12:33,132 - DEBUG -    约束残差 g(θ): [[6.27908665e-05]]
2025-08-25 03:12:33,137 - DEBUG -    半径残差 r(θ): [[0.00187074]]
2025-08-25 03:12:33,137 - DEBUG - 🔍 状态变化计算: 参数变化=0.000000, 残差变化=0.000000
2025-08-25 03:12:33,137 - INFO - -----------------------------------------------------------------------------------
2025-08-25 03:12:33,137 - DEBUG - 🔍 权重管理器状态更新详情:
2025-08-25 03:12:33,137 - DEBUG -    当前迭代: 9
2025-08-25 03:12:33,137 - DEBUG -    参数变化: 0.000000 (阈值: 0.000005)
2025-08-25 03:12:33,137 - DEBUG -    残差变化: 0.000000 (阈值: 0.000005)
2025-08-25 03:12:33,138 - DEBUG -    几何权重因子: 10
2025-08-25 03:12:33,138 - DEBUG - ⏸️ 保持图像置信度权重: 参数变化=0.00e+00, 残差变化=0.00e+00
2025-08-25 03:12:33,138 - DEBUG - 状态已保存: 参数=[-0.01841804  0.02072853  0.60456445  0.01387074], 残差范数=0.052126
2025-08-25 03:12:33,138 - DEBUG - 🔍 获取visibility信息: 形状=(21,), 范围=[1.000, 1.000]
2025-08-25 03:12:33,138 - DEBUG - 🔧 设置图像置信度权重: 21个点
2025-08-25 03:12:33,138 - DEBUG - 🔍 开始计算权重矩阵:
2025-08-25 03:12:33,138 - DEBUG -    点类型: ['pupil_center', 'iris_boundaries', 'iris_boundaries', 'iris_boundaries', 'iris_boundaries', 'eye_contours', 'eye_contours', 'eye_contours', 'eye_contours', 'eye_contours', 'eye_contours', 'eye_contours', 'eye_contours', 'eye_contours', 'eye_contours', 'eye_contours', 'eye_contours', 'eye_contours', 'eye_contours', 'eye_contours', 'eye_contours']
2025-08-25 03:12:33,138 - DEBUG -    残差向量: 形状=(21,), 范数=0.052126
2025-08-25 03:12:33,138 - DEBUG -    Visibility: 形状=(21,), 均值=1.000
2025-08-25 03:12:33,138 - DEBUG - 🔍 权重矩阵计算成功: 形状=(21, 21)
2025-08-25 03:12:33,138 - DEBUG - 🔍 几何权重统计:
2025-08-25 03:12:33,138 - DEBUG -    权重向量: [[1.]
 [1.]
 [1.]
 [1.]
 [1.]
 [1.]
 [1.]
 [1.]
 [1.]
 [1.]
 [1.]
 [1.]
 [1.]
 [1.]
 [1.]
 [1.]
 [1.]
 [1.]
 [1.]
 [1.]
 [1.]]
2025-08-25 03:12:33,138 - DEBUG -    权重范围: [1.000000, 1.000000]
2025-08-25 03:12:33,142 - DEBUG -    权重均值: 1.000000
2025-08-25 03:12:33,142 - DEBUG -    权重标准差: 0.000000
2025-08-25 03:12:33,142 - DEBUG -    高权重点(>0.8): 21/21
2025-08-25 03:12:33,142 - DEBUG -    低权重点(<0.2): 0/21
2025-08-25 03:12:33,142 - INFO - -----------------------------------------------------------------------------------
2025-08-25 03:12:33,142 - DEBUG - 🔍 开始求解LM更新方程:
2025-08-25 03:12:33,142 - DEBUG -    数据残差: 形状=(21,), 范数=0.052126
2025-08-25 03:12:33,142 - DEBUG -    约束残差: 形状=(1,), 范数=0.000063
2025-08-25 03:12:33,142 - DEBUG - 🔍 计算数据残差雅可比矩阵 J_f: 形状=(21, 4)
2025-08-25 03:12:33,142 - DEBUG - 🔍 J_f矩阵计算完成: 条件数=3.28e+01
2025-08-25 03:12:33,142 - DEBUG - 🔍 深度约束雅可比计算: u=-2.736386, σ=0.060860, J_h=[[ 0.          0.         -0.06086014  0.        ]]
2025-08-25 03:12:33,142 - DEBUG - 🔍 半径先验雅可比: J_r=[[0. 0. 0. 1.]]
2025-08-25 03:12:33,142 - DEBUG - 🔍 使用几何权重矩阵: 形状=(21, 21)
2025-08-25 03:12:33,142 - DEBUG - 🔍 Hessian矩阵计算:
2025-08-25 03:12:33,142 - DEBUG -    H_data = J_f^T W J_f: 形状=(4, 4), 条件数=1.08e+03
2025-08-25 03:12:33,142 - DEBUG -    H_h = λ_depth J_h^T J_h: 形状=(4, 4), λ_depth=1000.0
2025-08-25 03:12:33,142 - DEBUG -    H_r = λ_radius J_r^T J_r: 形状=(4, 4), λ_radius=20.0
2025-08-25 03:12:33,142 - DEBUG -    H_total: 形状=(4, 4), 条件数=1.50e+01
2025-08-25 03:12:33,145 - DEBUG - 🔍 梯度计算:
2025-08-25 03:12:33,145 - DEBUG -    g_data: 形状=(4,), 范数=0.239572
2025-08-25 03:12:33,145 - DEBUG -    g_h: 形状=(4,), 范数=0.003821
2025-08-25 03:12:33,145 - DEBUG -    g_r: 形状=(4,), 范数=0.037415
2025-08-25 03:12:33,145 - DEBUG -    g_total: 形状=(4,), 范数=0.214062
2025-08-25 03:12:33,145 - DEBUG - 🔍 LM阻尼矩阵: H_lm = H_total + 100.0 * I
2025-08-25 03:12:33,145 - DEBUG -    H_lm条件数: 1.46e+00
2025-08-25 03:12:33,145 - DEBUG - 🔍 线性方程组求解成功:
2025-08-25 03:12:33,145 - DEBUG -    参数更新向量 Δθ: [[-0.0009934 ]
 [-0.00081173]
 [ 0.00018461]
 [ 0.0008257 ]]
2025-08-25 03:12:33,147 - DEBUG -    更新向量范数: 0.001537
2025-08-25 03:12:33,147 - DEBUG -    各分量更新: Δc_x=-0.000993, Δc_y=-0.000812, Δc_z=0.000185, Δr=0.000826
2025-08-25 03:12:33,147 - DEBUG -    参数更新:
2025-08-25 03:12:33,147 - DEBUG -      旧参数: [[-0.01841804]
 [ 0.02072853]
 [ 0.60456445]
 [ 0.01387074]]
2025-08-25 03:12:33,147 - DEBUG -      更新向量: [[-0.0009934 ]
 [-0.00081173]
 [ 0.00018461]
 [ 0.0008257 ]]
2025-08-25 03:12:33,147 - DEBUG -      新参数: [[-0.01941145]
 [ 0.0199168 ]
 [ 0.60474906]
 [ 0.01469645]]
2025-08-25 03:12:33,147 - INFO - -----------------------------------------------------------------------------------
2025-08-25 03:12:33,147 - INFO - 🔍 迭代第9次，球心向右0.993403mm，向上0.811730mm，向后0.184611mm，半径变大0.825702mm
2025-08-25 03:12:33,147 - INFO - 📊 变化前: 中心(-0.018, 0.021, 0.605), 半径13.87mm
2025-08-25 03:12:33,147 - INFO - 📊 变化后: 中心(-0.019, 0.020, 0.605), 半径14.70mm
2025-08-25 03:12:33,147 - INFO - 📈 变化量: 中心移动1.28mm, 半径变化0.83mm
2025-08-25 03:12:33,147 - INFO - 📍 眼球中心: [-0.01841804  0.02072853  0.60456445]
2025-08-25 03:12:33,147 - INFO - 📏 眼球半径: 13.87mm
2025-08-25 03:12:33,147 - INFO - 👁️ 瞳孔中心: [-0.00668287  0.03608752  0.60145861]
2025-08-25 03:12:33,147 - INFO - 📐 眼球中心在瞳孔中心的左11.74mm，上15.36mm，后3.11mm
2025-08-25 03:12:33,147 - INFO - 📏 距离: 19.58mm
2025-08-25 03:12:33,147 - INFO - -----------------------------------------------------------------------------------
2025-08-25 03:12:33,147 - INFO - -----------------------------------------------------------------------------------
2025-08-25 03:12:33,147 - DEBUG - 🔍 参数有效性检查:
2025-08-25 03:12:33,147 - DEBUG -    参数向量: [[-0.01941145]
 [ 0.0199168 ]
 [ 0.60474906]
 [ 0.01469645]]
2025-08-25 03:12:33,147 - DEBUG -    球心: [-0.01941145  0.0199168   0.60474906]
2025-08-25 03:12:33,147 - DEBUG -    半径: 0.014696
2025-08-25 03:12:33,147 - DEBUG - 🔍 函数值计算详情:
2025-08-25 03:12:33,147 - DEBUG -    数据项 F(θ): 0.001359
2025-08-25 03:12:33,147 - DEBUG -    深度约束项: 0.000002
2025-08-25 03:12:33,147 - DEBUG -    半径先验项: 0.000035
2025-08-25 03:12:33,147 - DEBUG -    总函数值 Φ(θ): 0.001396
2025-08-25 03:12:33,147 - DEBUG -    函数值改善: 0.000000
2025-08-25 03:12:33,147 - DEBUG - 🔍 参数有效: True
2025-08-25 03:12:33,147 - DEBUG -    参数更新成功:
2025-08-25 03:12:33,147 - DEBUG -      新球心: [-0.01941145  0.0199168   0.60474906]
2025-08-25 03:12:33,147 - DEBUG -      新半径: 0.014696
2025-08-25 03:12:33,147 - INFO - -----------------------------------------------------------------------------------
2025-08-25 03:12:33,147 - DEBUG - 🔍 LM收敛性检查:
2025-08-25 03:12:33,152 - DEBUG -    当前迭代次数: 9
2025-08-25 03:12:33,152 - DEBUG -    最大迭代次数: 30
2025-08-25 03:12:33,152 - DEBUG -    参数变化: 0.001537
2025-08-25 03:12:33,152 - DEBUG -    参数容忍度: 5e-06
2025-08-25 03:12:33,152 - DEBUG -    残差变化: 0.000000
2025-08-25 03:12:33,152 - DEBUG -    残差容忍度: 5e-06
2025-08-25 03:12:33,152 - DEBUG - 🔍 迭代 11/30:
2025-08-25 03:12:33,152 - DEBUG - 🔍 计算点到球心距离: 形状=(21,)
2025-08-25 03:12:33,152 - DEBUG - 🔍 生理偏差向量计算:
2025-08-25 03:12:33,152 - DEBUG -    点类型列表: ['pupil_center', 'iris_boundaries', 'iris_boundaries', 'iris_boundaries', 'iris_boundaries', 'eye_contours', 'eye_contours', 'eye_contours', 'eye_contours', 'eye_contours', 'eye_contours', 'eye_contours', 'eye_contours', 'eye_contours', 'eye_contours', 'eye_contours', 'eye_contours', 'eye_contours', 'eye_contours', 'eye_contours', 'eye_contours']
2025-08-25 03:12:33,152 - DEBUG -    偏差向量: [0.0002  0.00085 0.00085 0.00085 0.00085 0.0025  0.0025  0.0025  0.0025
 0.0025  0.0025  0.0025  0.0025  0.0025  0.0025  0.0025  0.0025  0.0025
 0.0025  0.0025  0.0025 ]
2025-08-25 03:12:33,152 - DEBUG -    向量形状: (21,)
2025-08-25 03:12:33,152 - DEBUG -    偏差统计: 均值=0.002076, 标准差=0.000769
2025-08-25 03:12:33,154 - DEBUG - 获取生理偏差: 点类型=['pupil_center', 'iris_boundaries', 'iris_boundaries', 'iris_boundaries', 'iris_boundaries', 'eye_contours', 'eye_contours', 'eye_contours', 'eye_contours', 'eye_contours', 'eye_contours', 'eye_contours', 'eye_contours', 'eye_contours', 'eye_contours', 'eye_contours', 'eye_contours', 'eye_contours', 'eye_contours', 'eye_contours', 'eye_contours'], 偏差值=[0.0002  0.00085 0.00085 0.00085 0.00085 0.0025  0.0025  0.0025  0.0025
 0.0025  0.0025  0.0025  0.0025  0.0025  0.0025  0.0025  0.0025  0.0025
 0.0025  0.0025  0.0025 ]
2025-08-25 03:12:33,154 - INFO - -----------------------------------------------------------------------------------
2025-08-25 03:12:33,154 - DEBUG - 🔍 拟合残差计算详情:
2025-08-25 03:12:33,154 - DEBUG -    球心坐标: [-0.01941145  0.0199168   0.60474906]
2025-08-25 03:12:33,155 - DEBUG -    球体半径: 0.014696
2025-08-25 03:12:33,155 - DEBUG -    采样点数: 21
2025-08-25 03:12:33,155 - DEBUG -    点类型分布: {'eye_contours': 16, 'iris_boundaries': 4, 'pupil_center': 1}
2025-08-25 03:12:33,156 - DEBUG -    理论距离向量: [0.01489645 0.01554645 0.01554645 0.01554645 0.01554645 0.01719645
 0.01719645 0.01719645 0.01719645 0.01719645 0.01719645 0.01719645
 0.01719645 0.01719645 0.01719645 0.01719645 0.01719645 0.01719645
 0.01719645 0.01719645 0.01719645]
2025-08-25 03:12:33,157 - DEBUG -    实际距离向量: [0.02084072 0.0283088  0.01545091 0.01745548 0.02818569 0.02060424
 0.02097648 0.0214479  0.0228735  0.0262512  0.03071936 0.03587331
 0.03975964 0.04166166 0.03817762 0.03155247 0.02360186 0.01774407
 0.01547528 0.0170011  0.01888253]
2025-08-25 03:12:33,157 - DEBUG -    生理偏差向量: [0.0002  0.00085 0.00085 0.00085 0.00085 0.0025  0.0025  0.0025  0.0025
 0.0025  0.0025  0.0025  0.0025  0.0025  0.0025  0.0025  0.0025  0.0025
 0.0025  0.0025  0.0025 ]
2025-08-25 03:12:33,157 - DEBUG -    残差向量 f(θ): 
[[ 5.94427819e-03]
 [ 1.27623499e-02]
 [-9.55314905e-05]
 [ 1.90903117e-03]
 [ 1.26392422e-02]
 [ 3.40778991e-03]
 [ 3.78003638e-03]
 [ 4.25145845e-03]
 [ 5.67705237e-03]
 [ 9.05475113e-03]
 [ 1.35229180e-02]
 [ 1.86768593e-02]
 [ 2.25631943e-02]
 [ 2.44652119e-02]
 [ 2.09811695e-02]
 [ 1.43560197e-02]
 [ 6.40541042e-03]
 [ 5.47628342e-04]
 [-1.72116974e-03]
 [-1.95349808e-04]
 [ 1.68608687e-03]]
2025-08-25 03:12:33,157 - DEBUG -    平均残差范数: 0.002543
2025-08-25 03:12:33,157 - DEBUG -    残差范数=0.053410
2025-08-25 03:12:33,157 - INFO - -----------------------------------------------------------------------------------
2025-08-25 03:12:33,157 - DEBUG - 🔍 深度约束计算详情 (softplus):
2025-08-25 03:12:33,157 - DEBUG -    采样点Z坐标范围: [0.600436, 0.601628]
2025-08-25 03:12:33,157 - DEBUG -    球心Z坐标: 0.604749
2025-08-25 03:12:33,157 - DEBUG -    深度偏移ε: 0.000200
2025-08-25 03:12:33,157 - DEBUG -    softplus参数τ: 0.001000
2025-08-25 03:12:33,157 - DEBUG -    原始违反值: -0.002921
2025-08-25 03:12:33,157 - DEBUG -    softplus输入 u: -2.920997
2025-08-25 03:12:33,157 - DEBUG -    约束惩罚 h(θ): 0.000052
2025-08-25 03:12:33,157 - DEBUG -    🟢 深度约束满足: 球心深度足够
2025-08-25 03:12:33,157 - INFO - -----------------------------------------------------------------------------------
2025-08-25 03:12:33,157 - DEBUG - 🔍 半径惩罚计算详情:
2025-08-25 03:12:33,157 - DEBUG -    当前半径: 0.014696
2025-08-25 03:12:33,157 - DEBUG -    半径先验值: 0.012000
2025-08-25 03:12:33,157 - DEBUG -    半径残差 r(θ): 0.002696
2025-08-25 03:12:33,157 - DEBUG -    数据残差 f(θ): [[ 5.94427819e-03]
 [ 1.27623499e-02]
 [-9.55314905e-05]
 [ 1.90903117e-03]
 [ 1.26392422e-02]
 [ 3.40778991e-03]
 [ 3.78003638e-03]
 [ 4.25145845e-03]
 [ 5.67705237e-03]
 [ 9.05475113e-03]
 [ 1.35229180e-02]
 [ 1.86768593e-02]
 [ 2.25631943e-02]
 [ 2.44652119e-02]
 [ 2.09811695e-02]
 [ 1.43560197e-02]
 [ 6.40541042e-03]
 [ 5.47628342e-04]
 [-1.72116974e-03]
 [-1.95349808e-04]
 [ 1.68608687e-03]]
2025-08-25 03:12:33,157 - DEBUG -    约束残差 g(θ): [[5.24785582e-05]]
2025-08-25 03:12:33,157 - DEBUG -    半径残差 r(θ): [[0.00269645]]
2025-08-25 03:12:33,157 - DEBUG - 🔍 状态变化计算: 参数变化=0.001537, 残差变化=0.001284
2025-08-25 03:12:33,157 - INFO - -----------------------------------------------------------------------------------
2025-08-25 03:12:33,157 - DEBUG - 🔍 权重管理器状态更新详情:
2025-08-25 03:12:33,162 - DEBUG -    当前迭代: 10
2025-08-25 03:12:33,162 - DEBUG -    参数变化: 0.001537 (阈值: 0.000005)
2025-08-25 03:12:33,162 - DEBUG -    残差变化: 0.001284 (阈值: 0.000005)
2025-08-25 03:12:33,162 - DEBUG -    几何权重因子: 10
2025-08-25 03:12:33,162 - DEBUG - ⏸️ 保持图像置信度权重: 参数变化=1.54e-03, 残差变化=1.28e-03
2025-08-25 03:12:33,165 - DEBUG - 状态已保存: 参数=[-0.01941145  0.0199168   0.60474906  0.01469645], 残差范数=0.053410
2025-08-25 03:12:33,165 - DEBUG - 🔍 获取visibility信息: 形状=(21,), 范围=[1.000, 1.000]
2025-08-25 03:12:33,165 - DEBUG - 🔧 设置图像置信度权重: 21个点
2025-08-25 03:12:33,165 - DEBUG - 🔍 开始计算权重矩阵:
2025-08-25 03:12:33,165 - DEBUG -    点类型: ['pupil_center', 'iris_boundaries', 'iris_boundaries', 'iris_boundaries', 'iris_boundaries', 'eye_contours', 'eye_contours', 'eye_contours', 'eye_contours', 'eye_contours', 'eye_contours', 'eye_contours', 'eye_contours', 'eye_contours', 'eye_contours', 'eye_contours', 'eye_contours', 'eye_contours', 'eye_contours', 'eye_contours', 'eye_contours']
2025-08-25 03:12:33,165 - DEBUG -    残差向量: 形状=(21,), 范数=0.053410
2025-08-25 03:12:33,165 - DEBUG -    Visibility: 形状=(21,), 均值=1.000
2025-08-25 03:12:33,165 - DEBUG - 🔍 权重矩阵计算成功: 形状=(21, 21)
2025-08-25 03:12:33,166 - DEBUG - 🔍 几何权重统计:
2025-08-25 03:12:33,167 - DEBUG -    权重向量: [[1.]
 [1.]
 [1.]
 [1.]
 [1.]
 [1.]
 [1.]
 [1.]
 [1.]
 [1.]
 [1.]
 [1.]
 [1.]
 [1.]
 [1.]
 [1.]
 [1.]
 [1.]
 [1.]
 [1.]
 [1.]]
2025-08-25 03:12:33,167 - DEBUG -    权重范围: [1.000000, 1.000000]
2025-08-25 03:12:33,167 - DEBUG -    权重均值: 1.000000
2025-08-25 03:12:33,167 - DEBUG -    权重标准差: 0.000000
2025-08-25 03:12:33,167 - DEBUG -    高权重点(>0.8): 21/21
2025-08-25 03:12:33,167 - DEBUG -    低权重点(<0.2): 0/21
2025-08-25 03:12:33,167 - INFO - -----------------------------------------------------------------------------------
2025-08-25 03:12:33,167 - DEBUG - 🔍 开始求解LM更新方程:
2025-08-25 03:12:33,167 - DEBUG -    数据残差: 形状=(21,), 范数=0.053410
2025-08-25 03:12:33,167 - DEBUG -    约束残差: 形状=(1,), 范数=0.000052
2025-08-25 03:12:33,167 - DEBUG - 🔍 计算数据残差雅可比矩阵 J_f: 形状=(21, 4)
2025-08-25 03:12:33,167 - DEBUG - 🔍 J_f矩阵计算完成: 条件数=3.52e+01
2025-08-25 03:12:33,167 - DEBUG - 🔍 深度约束雅可比计算: u=-2.920997, σ=0.051125, J_h=[[ 0.          0.         -0.05112533  0.        ]]
2025-08-25 03:12:33,167 - DEBUG - 🔍 半径先验雅可比: J_r=[[0. 0. 0. 1.]]
2025-08-25 03:12:33,167 - DEBUG - 🔍 使用几何权重矩阵: 形状=(21, 21)
2025-08-25 03:12:33,167 - DEBUG - 🔍 Hessian矩阵计算:
2025-08-25 03:12:33,167 - DEBUG -    H_data = J_f^T W J_f: 形状=(4, 4), 条件数=1.24e+03
2025-08-25 03:12:33,167 - DEBUG -    H_h = λ_depth J_h^T J_h: 形状=(4, 4), λ_depth=1000.0
2025-08-25 03:12:33,167 - DEBUG -    H_r = λ_radius J_r^T J_r: 形状=(4, 4), λ_radius=20.0
2025-08-25 03:12:33,167 - DEBUG -    H_total: 形状=(4, 4), 条件数=2.07e+01
2025-08-25 03:12:33,167 - DEBUG - 🔍 梯度计算:
2025-08-25 03:12:33,167 - DEBUG -    g_data: 形状=(4,), 范数=0.247546
2025-08-25 03:12:33,167 - DEBUG -    g_h: 形状=(4,), 范数=0.002683
2025-08-25 03:12:33,167 - DEBUG -    g_r: 形状=(4,), 范数=0.053929
2025-08-25 03:12:33,167 - DEBUG -    g_total: 形状=(4,), 范数=0.211743
2025-08-25 03:12:33,170 - DEBUG - 🔍 LM阻尼矩阵: H_lm = H_total + 100.0 * I
2025-08-25 03:12:33,171 - DEBUG -    H_lm条件数: 1.47e+00
2025-08-25 03:12:33,171 - DEBUG - 🔍 线性方程组求解成功:
2025-08-25 03:12:33,171 - DEBUG -    参数更新向量 Δθ: [[-0.00104756]
 [-0.0008454 ]
 [ 0.000185  ]
 [ 0.00073211]]
2025-08-25 03:12:33,171 - DEBUG -    更新向量范数: 0.001543
2025-08-25 03:12:33,171 - DEBUG -    各分量更新: Δc_x=-0.001048, Δc_y=-0.000845, Δc_z=0.000185, Δr=0.000732
2025-08-25 03:12:33,171 - DEBUG -    参数更新:
2025-08-25 03:12:33,171 - DEBUG -      旧参数: [[-0.01941145]
 [ 0.0199168 ]
 [ 0.60474906]
 [ 0.01469645]]
2025-08-25 03:12:33,171 - DEBUG -      更新向量: [[-0.00104756]
 [-0.0008454 ]
 [ 0.000185  ]
 [ 0.00073211]]
2025-08-25 03:12:33,174 - DEBUG -      新参数: [[-0.02045901]
 [ 0.0190714 ]
 [ 0.60493406]
 [ 0.01542856]]
2025-08-25 03:12:33,174 - INFO - -----------------------------------------------------------------------------------
2025-08-25 03:12:33,174 - INFO - 🔍 迭代第10次，球心向右1.047560mm，向上0.845396mm，向后0.185002mm，半径变大0.732111mm
2025-08-25 03:12:33,174 - INFO - 📊 变化前: 中心(-0.019, 0.020, 0.605), 半径14.70mm
2025-08-25 03:12:33,174 - INFO - 📊 变化后: 中心(-0.020, 0.019, 0.605), 半径15.43mm
2025-08-25 03:12:33,174 - INFO - 📈 变化量: 中心移动1.35mm, 半径变化0.73mm
2025-08-25 03:12:33,174 - INFO - 📍 眼球中心: [-0.01941145  0.0199168   0.60474906]
2025-08-25 03:12:33,174 - INFO - 📏 眼球半径: 14.70mm
2025-08-25 03:12:33,174 - INFO - 👁️ 瞳孔中心: [-0.00668287  0.03608752  0.60145861]
2025-08-25 03:12:33,177 - INFO - 📐 眼球中心在瞳孔中心的左12.73mm，上16.17mm，后3.29mm
2025-08-25 03:12:33,177 - INFO - 📏 距离: 20.84mm
2025-08-25 03:12:33,177 - INFO - -----------------------------------------------------------------------------------
2025-08-25 03:12:33,177 - INFO - -----------------------------------------------------------------------------------
2025-08-25 03:12:33,177 - DEBUG - 🔍 参数有效性检查:
2025-08-25 03:12:33,177 - DEBUG -    参数向量: [[-0.02045901]
 [ 0.0190714 ]
 [ 0.60493406]
 [ 0.01542856]]
2025-08-25 03:12:33,177 - DEBUG -    球心: [-0.02045901  0.0190714   0.60493406]
2025-08-25 03:12:33,177 - DEBUG -    半径: 0.015429
2025-08-25 03:12:33,177 - DEBUG - 🔍 函数值计算详情:
2025-08-25 03:12:33,177 - DEBUG -    数据项 F(θ): 0.001426
2025-08-25 03:12:33,177 - DEBUG -    深度约束项: 0.000001
2025-08-25 03:12:33,177 - DEBUG -    半径先验项: 0.000073
2025-08-25 03:12:33,177 - DEBUG -    总函数值 Φ(θ): 0.001500
2025-08-25 03:12:33,177 - DEBUG -    函数值改善: -0.000105
2025-08-25 03:12:33,179 - DEBUG - 🔍 参数有效: False
2025-08-25 03:12:33,179 - DEBUG -    参数无效，阻尼因子调整: λ_LM = 1.00e+03
2025-08-25 03:12:33,179 - DEBUG - 🔍 迭代 12/30:
2025-08-25 03:12:33,179 - DEBUG - 🔍 计算点到球心距离: 形状=(21,)
2025-08-25 03:12:33,179 - DEBUG - 🔍 生理偏差向量计算:
2025-08-25 03:12:33,179 - DEBUG -    点类型列表: ['pupil_center', 'iris_boundaries', 'iris_boundaries', 'iris_boundaries', 'iris_boundaries', 'eye_contours', 'eye_contours', 'eye_contours', 'eye_contours', 'eye_contours', 'eye_contours', 'eye_contours', 'eye_contours', 'eye_contours', 'eye_contours', 'eye_contours', 'eye_contours', 'eye_contours', 'eye_contours', 'eye_contours', 'eye_contours']
2025-08-25 03:12:33,179 - DEBUG -    偏差向量: [0.0002  0.00085 0.00085 0.00085 0.00085 0.0025  0.0025  0.0025  0.0025
 0.0025  0.0025  0.0025  0.0025  0.0025  0.0025  0.0025  0.0025  0.0025
 0.0025  0.0025  0.0025 ]
2025-08-25 03:12:33,179 - DEBUG -    向量形状: (21,)
2025-08-25 03:12:33,179 - DEBUG -    偏差统计: 均值=0.002076, 标准差=0.000769
2025-08-25 03:12:33,179 - DEBUG - 获取生理偏差: 点类型=['pupil_center', 'iris_boundaries', 'iris_boundaries', 'iris_boundaries', 'iris_boundaries', 'eye_contours', 'eye_contours', 'eye_contours', 'eye_contours', 'eye_contours', 'eye_contours', 'eye_contours', 'eye_contours', 'eye_contours', 'eye_contours', 'eye_contours', 'eye_contours', 'eye_contours', 'eye_contours', 'eye_contours', 'eye_contours'], 偏差值=[0.0002  0.00085 0.00085 0.00085 0.00085 0.0025  0.0025  0.0025  0.0025
 0.0025  0.0025  0.0025  0.0025  0.0025  0.0025  0.0025  0.0025  0.0025
 0.0025  0.0025  0.0025 ]
2025-08-25 03:12:33,179 - INFO - -----------------------------------------------------------------------------------
2025-08-25 03:12:33,179 - DEBUG - 🔍 拟合残差计算详情:
2025-08-25 03:12:33,179 - DEBUG -    球心坐标: [-0.01941145  0.0199168   0.60474906]
2025-08-25 03:12:33,179 - DEBUG -    球体半径: 0.014696
2025-08-25 03:12:33,179 - DEBUG -    采样点数: 21
2025-08-25 03:12:33,179 - DEBUG -    点类型分布: {'eye_contours': 16, 'iris_boundaries': 4, 'pupil_center': 1}
2025-08-25 03:12:33,179 - DEBUG -    理论距离向量: [0.01489645 0.01554645 0.01554645 0.01554645 0.01554645 0.01719645
 0.01719645 0.01719645 0.01719645 0.01719645 0.01719645 0.01719645
 0.01719645 0.01719645 0.01719645 0.01719645 0.01719645 0.01719645
 0.01719645 0.01719645 0.01719645]
2025-08-25 03:12:33,179 - DEBUG -    实际距离向量: [0.02084072 0.0283088  0.01545091 0.01745548 0.02818569 0.02060424
 0.02097648 0.0214479  0.0228735  0.0262512  0.03071936 0.03587331
 0.03975964 0.04166166 0.03817762 0.03155247 0.02360186 0.01774407
 0.01547528 0.0170011  0.01888253]
2025-08-25 03:12:33,182 - DEBUG -    生理偏差向量: [0.0002  0.00085 0.00085 0.00085 0.00085 0.0025  0.0025  0.0025  0.0025
 0.0025  0.0025  0.0025  0.0025  0.0025  0.0025  0.0025  0.0025  0.0025
 0.0025  0.0025  0.0025 ]
2025-08-25 03:12:33,183 - DEBUG -    残差向量 f(θ): 
[[ 5.94427819e-03]
 [ 1.27623499e-02]
 [-9.55314905e-05]
 [ 1.90903117e-03]
 [ 1.26392422e-02]
 [ 3.40778991e-03]
 [ 3.78003638e-03]
 [ 4.25145845e-03]
 [ 5.67705237e-03]
 [ 9.05475113e-03]
 [ 1.35229180e-02]
 [ 1.86768593e-02]
 [ 2.25631943e-02]
 [ 2.44652119e-02]
 [ 2.09811695e-02]
 [ 1.43560197e-02]
 [ 6.40541042e-03]
 [ 5.47628342e-04]
 [-1.72116974e-03]
 [-1.95349808e-04]
 [ 1.68608687e-03]]
2025-08-25 03:12:33,183 - DEBUG -    平均残差范数: 0.002543
2025-08-25 03:12:33,183 - DEBUG -    残差范数=0.053410
2025-08-25 03:12:33,183 - INFO - -----------------------------------------------------------------------------------
2025-08-25 03:12:33,183 - DEBUG - 🔍 深度约束计算详情 (softplus):
2025-08-25 03:12:33,183 - DEBUG -    采样点Z坐标范围: [0.600436, 0.601628]
2025-08-25 03:12:33,183 - DEBUG -    球心Z坐标: 0.604749
2025-08-25 03:12:33,183 - DEBUG -    深度偏移ε: 0.000200
2025-08-25 03:12:33,183 - DEBUG -    softplus参数τ: 0.001000
2025-08-25 03:12:33,183 - DEBUG -    原始违反值: -0.002921
2025-08-25 03:12:33,183 - DEBUG -    softplus输入 u: -2.920997
2025-08-25 03:12:33,183 - DEBUG -    约束惩罚 h(θ): 0.000052
2025-08-25 03:12:33,183 - DEBUG -    🟢 深度约束满足: 球心深度足够
2025-08-25 03:12:33,183 - INFO - -----------------------------------------------------------------------------------
2025-08-25 03:12:33,183 - DEBUG - 🔍 半径惩罚计算详情:
2025-08-25 03:12:33,183 - DEBUG -    当前半径: 0.014696
2025-08-25 03:12:33,183 - DEBUG -    半径先验值: 0.012000
2025-08-25 03:12:33,183 - DEBUG -    半径残差 r(θ): 0.002696
2025-08-25 03:12:33,183 - DEBUG -    数据残差 f(θ): [[ 5.94427819e-03]
 [ 1.27623499e-02]
 [-9.55314905e-05]
 [ 1.90903117e-03]
 [ 1.26392422e-02]
 [ 3.40778991e-03]
 [ 3.78003638e-03]
 [ 4.25145845e-03]
 [ 5.67705237e-03]
 [ 9.05475113e-03]
 [ 1.35229180e-02]
 [ 1.86768593e-02]
 [ 2.25631943e-02]
 [ 2.44652119e-02]
 [ 2.09811695e-02]
 [ 1.43560197e-02]
 [ 6.40541042e-03]
 [ 5.47628342e-04]
 [-1.72116974e-03]
 [-1.95349808e-04]
 [ 1.68608687e-03]]
2025-08-25 03:12:33,183 - DEBUG -    约束残差 g(θ): [[5.24785582e-05]]
2025-08-25 03:12:33,183 - DEBUG -    半径残差 r(θ): [[0.00269645]]
2025-08-25 03:12:33,183 - DEBUG - 🔍 状态变化计算: 参数变化=0.000000, 残差变化=0.000000
2025-08-25 03:12:33,183 - INFO - -----------------------------------------------------------------------------------
2025-08-25 03:12:33,183 - DEBUG - 🔍 权重管理器状态更新详情:
2025-08-25 03:12:33,183 - DEBUG -    当前迭代: 11
2025-08-25 03:12:33,183 - DEBUG -    参数变化: 0.000000 (阈值: 0.000005)
2025-08-25 03:12:33,183 - DEBUG -    残差变化: 0.000000 (阈值: 0.000005)
2025-08-25 03:12:33,186 - DEBUG -    几何权重因子: 10
2025-08-25 03:12:33,186 - DEBUG - ⏸️ 保持图像置信度权重: 参数变化=0.00e+00, 残差变化=0.00e+00
2025-08-25 03:12:33,187 - DEBUG - 状态已保存: 参数=[-0.01941145  0.0199168   0.60474906  0.01469645], 残差范数=0.053410
2025-08-25 03:12:33,187 - DEBUG - 🔍 获取visibility信息: 形状=(21,), 范围=[1.000, 1.000]
2025-08-25 03:12:33,187 - DEBUG - 🔧 设置图像置信度权重: 21个点
2025-08-25 03:12:33,187 - DEBUG - 🔍 开始计算权重矩阵:
2025-08-25 03:12:33,187 - DEBUG -    点类型: ['pupil_center', 'iris_boundaries', 'iris_boundaries', 'iris_boundaries', 'iris_boundaries', 'eye_contours', 'eye_contours', 'eye_contours', 'eye_contours', 'eye_contours', 'eye_contours', 'eye_contours', 'eye_contours', 'eye_contours', 'eye_contours', 'eye_contours', 'eye_contours', 'eye_contours', 'eye_contours', 'eye_contours', 'eye_contours']
2025-08-25 03:12:33,187 - DEBUG -    残差向量: 形状=(21,), 范数=0.053410
2025-08-25 03:12:33,188 - DEBUG -    Visibility: 形状=(21,), 均值=1.000
2025-08-25 03:12:33,188 - DEBUG - 🔍 权重矩阵计算成功: 形状=(21, 21)
2025-08-25 03:12:33,188 - DEBUG - 🔍 几何权重统计:
2025-08-25 03:12:33,188 - DEBUG -    权重向量: [[1.]
 [1.]
 [1.]
 [1.]
 [1.]
 [1.]
 [1.]
 [1.]
 [1.]
 [1.]
 [1.]
 [1.]
 [1.]
 [1.]
 [1.]
 [1.]
 [1.]
 [1.]
 [1.]
 [1.]
 [1.]]
2025-08-25 03:12:33,188 - DEBUG -    权重范围: [1.000000, 1.000000]
2025-08-25 03:12:33,188 - DEBUG -    权重均值: 1.000000
2025-08-25 03:12:33,188 - DEBUG -    权重标准差: 0.000000
2025-08-25 03:12:33,188 - DEBUG -    高权重点(>0.8): 21/21
2025-08-25 03:12:33,188 - DEBUG -    低权重点(<0.2): 0/21
2025-08-25 03:12:33,188 - INFO - -----------------------------------------------------------------------------------
2025-08-25 03:12:33,191 - DEBUG - 🔍 开始求解LM更新方程:
2025-08-25 03:12:33,191 - DEBUG -    数据残差: 形状=(21,), 范数=0.053410
2025-08-25 03:12:33,191 - DEBUG -    约束残差: 形状=(1,), 范数=0.000052
2025-08-25 03:12:33,191 - DEBUG - 🔍 计算数据残差雅可比矩阵 J_f: 形状=(21, 4)
2025-08-25 03:12:33,191 - DEBUG - 🔍 J_f矩阵计算完成: 条件数=3.52e+01
2025-08-25 03:12:33,191 - DEBUG - 🔍 深度约束雅可比计算: u=-2.920997, σ=0.051125, J_h=[[ 0.          0.         -0.05112533  0.        ]]
2025-08-25 03:12:33,193 - DEBUG - 🔍 半径先验雅可比: J_r=[[0. 0. 0. 1.]]
2025-08-25 03:12:33,193 - DEBUG - 🔍 使用几何权重矩阵: 形状=(21, 21)
2025-08-25 03:12:33,193 - DEBUG - 🔍 Hessian矩阵计算:
2025-08-25 03:12:33,193 - DEBUG -    H_data = J_f^T W J_f: 形状=(4, 4), 条件数=1.24e+03
2025-08-25 03:12:33,193 - DEBUG -    H_h = λ_depth J_h^T J_h: 形状=(4, 4), λ_depth=1000.0
2025-08-25 03:12:33,193 - DEBUG -    H_r = λ_radius J_r^T J_r: 形状=(4, 4), λ_radius=20.0
2025-08-25 03:12:33,193 - DEBUG -    H_total: 形状=(4, 4), 条件数=2.07e+01
2025-08-25 03:12:33,193 - DEBUG - 🔍 梯度计算:
2025-08-25 03:12:33,193 - DEBUG -    g_data: 形状=(4,), 范数=0.247546
2025-08-25 03:12:33,193 - DEBUG -    g_h: 形状=(4,), 范数=0.002683
2025-08-25 03:12:33,193 - DEBUG -    g_r: 形状=(4,), 范数=0.053929
2025-08-25 03:12:33,193 - DEBUG -    g_total: 形状=(4,), 范数=0.211743
2025-08-25 03:12:33,193 - DEBUG - 🔍 LM阻尼矩阵: H_lm = H_total + 1000.0 * I
2025-08-25 03:12:33,193 - DEBUG -    H_lm条件数: 1.05e+00
2025-08-25 03:12:33,195 - DEBUG - 🔍 线性方程组求解成功:
2025-08-25 03:12:33,195 - DEBUG -    参数更新向量 Δθ: [[-1.21592144e-04]
 [-1.08800847e-04]
 [ 2.43766458e-05]
 [ 1.18912596e-04]]
2025-08-25 03:12:33,195 - DEBUG -    更新向量范数: 0.000203
2025-08-25 03:12:33,195 - DEBUG -    各分量更新: Δc_x=-0.000122, Δc_y=-0.000109, Δc_z=0.000024, Δr=0.000119
2025-08-25 03:12:33,195 - DEBUG -    参数更新:
2025-08-25 03:12:33,195 - DEBUG -      旧参数: [[-0.01941145]
 [ 0.0199168 ]
 [ 0.60474906]
 [ 0.01469645]]
2025-08-25 03:12:33,195 - DEBUG -      更新向量: [[-1.21592144e-04]
 [-1.08800847e-04]
 [ 2.43766458e-05]
 [ 1.18912596e-04]]
2025-08-25 03:12:33,195 - DEBUG -      新参数: [[-0.01953304]
 [ 0.019808  ]
 [ 0.60477344]
 [ 0.01481536]]
2025-08-25 03:12:33,195 - INFO - -----------------------------------------------------------------------------------
2025-08-25 03:12:33,195 - INFO - 🔍 迭代第11次，球心向右0.121592mm，向上0.108801mm，向后0.024377mm，半径变大0.118913mm
2025-08-25 03:12:33,197 - INFO - 📊 变化前: 中心(-0.019, 0.020, 0.605), 半径14.70mm
2025-08-25 03:12:33,197 - INFO - 📊 变化后: 中心(-0.020, 0.020, 0.605), 半径14.82mm
2025-08-25 03:12:33,197 - INFO - 📈 变化量: 中心移动0.16mm, 半径变化0.12mm
2025-08-25 03:12:33,197 - INFO - 📍 眼球中心: [-0.01941145  0.0199168   0.60474906]
2025-08-25 03:12:33,197 - INFO - 📏 眼球半径: 14.70mm
2025-08-25 03:12:33,197 - INFO - 👁️ 瞳孔中心: [-0.00668287  0.03608752  0.60145861]
2025-08-25 03:12:33,197 - INFO - 📐 眼球中心在瞳孔中心的左12.73mm，上16.17mm，后3.29mm
2025-08-25 03:12:33,197 - INFO - 📏 距离: 20.84mm
2025-08-25 03:12:33,197 - INFO - -----------------------------------------------------------------------------------
2025-08-25 03:12:33,197 - INFO - -----------------------------------------------------------------------------------
2025-08-25 03:12:33,197 - DEBUG - 🔍 参数有效性检查:
2025-08-25 03:12:33,197 - DEBUG -    参数向量: [[-0.01953304]
 [ 0.019808  ]
 [ 0.60477344]
 [ 0.01481536]]
2025-08-25 03:12:33,197 - DEBUG -    球心: [-0.01953304  0.019808    0.60477344]
2025-08-25 03:12:33,197 - DEBUG -    半径: 0.014815
2025-08-25 03:12:33,197 - DEBUG - 🔍 函数值计算详情:
2025-08-25 03:12:33,197 - DEBUG -    数据项 F(θ): 0.001426
2025-08-25 03:12:33,197 - DEBUG -    深度约束项: 0.000001
2025-08-25 03:12:33,197 - DEBUG -    半径先验项: 0.000073
2025-08-25 03:12:33,197 - DEBUG -    总函数值 Φ(θ): 0.001500
2025-08-25 03:12:33,197 - DEBUG -    函数值改善: 0.000000
2025-08-25 03:12:33,197 - DEBUG - 🔍 参数有效: True
2025-08-25 03:12:33,197 - DEBUG -    参数更新成功:
2025-08-25 03:12:33,197 - DEBUG -      新球心: [-0.01953304  0.019808    0.60477344]
2025-08-25 03:12:33,197 - DEBUG -      新半径: 0.014815
2025-08-25 03:12:33,197 - INFO - -----------------------------------------------------------------------------------
2025-08-25 03:12:33,197 - DEBUG - 🔍 LM收敛性检查:
2025-08-25 03:12:33,197 - DEBUG -    当前迭代次数: 11
2025-08-25 03:12:33,197 - DEBUG -    最大迭代次数: 30
2025-08-25 03:12:33,197 - DEBUG -    参数变化: 0.000203
2025-08-25 03:12:33,202 - DEBUG -    参数容忍度: 5e-06
2025-08-25 03:12:33,202 - DEBUG -    残差变化: 0.000000
2025-08-25 03:12:33,202 - DEBUG -    残差容忍度: 5e-06
2025-08-25 03:12:33,202 - DEBUG - 🔍 迭代 13/30:
2025-08-25 03:12:33,202 - DEBUG - 🔍 计算点到球心距离: 形状=(21,)
2025-08-25 03:12:33,202 - DEBUG - 🔍 生理偏差向量计算:
2025-08-25 03:12:33,202 - DEBUG -    点类型列表: ['pupil_center', 'iris_boundaries', 'iris_boundaries', 'iris_boundaries', 'iris_boundaries', 'eye_contours', 'eye_contours', 'eye_contours', 'eye_contours', 'eye_contours', 'eye_contours', 'eye_contours', 'eye_contours', 'eye_contours', 'eye_contours', 'eye_contours', 'eye_contours', 'eye_contours', 'eye_contours', 'eye_contours', 'eye_contours']
2025-08-25 03:12:33,202 - DEBUG -    偏差向量: [0.0002  0.00085 0.00085 0.00085 0.00085 0.0025  0.0025  0.0025  0.0025
 0.0025  0.0025  0.0025  0.0025  0.0025  0.0025  0.0025  0.0025  0.0025
 0.0025  0.0025  0.0025 ]
2025-08-25 03:12:33,202 - DEBUG -    向量形状: (21,)
2025-08-25 03:12:33,202 - DEBUG -    偏差统计: 均值=0.002076, 标准差=0.000769
2025-08-25 03:12:33,202 - DEBUG - 获取生理偏差: 点类型=['pupil_center', 'iris_boundaries', 'iris_boundaries', 'iris_boundaries', 'iris_boundaries', 'eye_contours', 'eye_contours', 'eye_contours', 'eye_contours', 'eye_contours', 'eye_contours', 'eye_contours', 'eye_contours', 'eye_contours', 'eye_contours', 'eye_contours', 'eye_contours', 'eye_contours', 'eye_contours', 'eye_contours', 'eye_contours'], 偏差值=[0.0002  0.00085 0.00085 0.00085 0.00085 0.0025  0.0025  0.0025  0.0025
 0.0025  0.0025  0.0025  0.0025  0.0025  0.0025  0.0025  0.0025  0.0025
 0.0025  0.0025  0.0025 ]
2025-08-25 03:12:33,204 - INFO - -----------------------------------------------------------------------------------
2025-08-25 03:12:33,204 - DEBUG - 🔍 拟合残差计算详情:
2025-08-25 03:12:33,204 - DEBUG -    球心坐标: [-0.01953304  0.019808    0.60477344]
2025-08-25 03:12:33,204 - DEBUG -    球体半径: 0.014815
2025-08-25 03:12:33,204 - DEBUG -    采样点数: 21
2025-08-25 03:12:33,205 - DEBUG -    点类型分布: {'eye_contours': 16, 'iris_boundaries': 4, 'pupil_center': 1}
2025-08-25 03:12:33,205 - DEBUG -    理论距离向量: [0.01501536 0.01566536 0.01566536 0.01566536 0.01566536 0.01731536
 0.01731536 0.01731536 0.01731536 0.01731536 0.01731536 0.01731536
 0.01731536 0.01731536 0.01731536 0.01731536 0.01731536 0.01731536
 0.01731536 0.01731536 0.01731536]
2025-08-25 03:12:33,206 - DEBUG -    实际距离向量: [0.02100328 0.02847277 0.0156134  0.01758473 0.02834005 0.02065903
 0.02106005 0.02155709 0.02300902 0.02640864 0.03088395 0.03603728
 0.03992139 0.041822   0.03833754 0.03171297 0.02376573 0.01790634
 0.01560727 0.01709418 0.01895224]
2025-08-25 03:12:33,206 - DEBUG -    生理偏差向量: [0.0002  0.00085 0.00085 0.00085 0.00085 0.0025  0.0025  0.0025  0.0025
 0.0025  0.0025  0.0025  0.0025  0.0025  0.0025  0.0025  0.0025  0.0025
 0.0025  0.0025  0.0025 ]
2025-08-25 03:12:33,207 - DEBUG -    残差向量 f(θ): 
[[ 5.98791701e-03]
 [ 1.28074130e-02]
 [-5.19568582e-05]
 [ 1.91937078e-03]
 [ 1.26746881e-02]
 [ 3.34367299e-03]
 [ 3.74468778e-03]
 [ 4.24173317e-03]
 [ 5.69365899e-03]
 [ 9.09328195e-03]
 [ 1.35685938e-02]
 [ 1.87219255e-02]
 [ 2.26060305e-02]
 [ 2.45066446e-02]
 [ 2.10221787e-02]
 [ 1.43976157e-02]
 [ 6.45037043e-03]
 [ 5.90979508e-04]
 [-1.70808374e-03]
 [-2.21180238e-04]
 [ 1.63688475e-03]]
2025-08-25 03:12:33,207 - DEBUG -    平均残差范数: 0.002549
2025-08-25 03:12:33,207 - DEBUG -    残差范数=0.053531
2025-08-25 03:12:33,208 - INFO - -----------------------------------------------------------------------------------
2025-08-25 03:12:33,208 - DEBUG - 🔍 深度约束计算详情 (softplus):
2025-08-25 03:12:33,208 - DEBUG -    采样点Z坐标范围: [0.600436, 0.601628]
2025-08-25 03:12:33,208 - DEBUG -    球心Z坐标: 0.604773
2025-08-25 03:12:33,208 - DEBUG -    深度偏移ε: 0.000200
2025-08-25 03:12:33,208 - DEBUG -    softplus参数τ: 0.001000
2025-08-25 03:12:33,208 - DEBUG -    原始违反值: -0.002945
2025-08-25 03:12:33,208 - DEBUG -    softplus输入 u: -2.945373
2025-08-25 03:12:33,208 - DEBUG -    约束惩罚 h(θ): 0.000051
2025-08-25 03:12:33,208 - DEBUG -    🟢 深度约束满足: 球心深度足够
2025-08-25 03:12:33,208 - INFO - -----------------------------------------------------------------------------------
2025-08-25 03:12:33,208 - DEBUG - 🔍 半径惩罚计算详情:
2025-08-25 03:12:33,208 - DEBUG -    当前半径: 0.014815
2025-08-25 03:12:33,208 - DEBUG -    半径先验值: 0.012000
2025-08-25 03:12:33,208 - DEBUG -    半径残差 r(θ): 0.002815
2025-08-25 03:12:33,208 - DEBUG -    数据残差 f(θ): [[ 5.98791701e-03]
 [ 1.28074130e-02]
 [-5.19568582e-05]
 [ 1.91937078e-03]
 [ 1.26746881e-02]
 [ 3.34367299e-03]
 [ 3.74468778e-03]
 [ 4.24173317e-03]
 [ 5.69365899e-03]
 [ 9.09328195e-03]
 [ 1.35685938e-02]
 [ 1.87219255e-02]
 [ 2.26060305e-02]
 [ 2.45066446e-02]
 [ 2.10221787e-02]
 [ 1.43976157e-02]
 [ 6.45037043e-03]
 [ 5.90979508e-04]
 [-1.70808374e-03]
 [-2.21180238e-04]
 [ 1.63688475e-03]]
2025-08-25 03:12:33,208 - DEBUG -    约束残差 g(θ): [[5.12466027e-05]]
2025-08-25 03:12:33,208 - DEBUG -    半径残差 r(θ): [[0.00281536]]
2025-08-25 03:12:33,208 - DEBUG - 🔍 状态变化计算: 参数变化=0.000203, 残差变化=0.000121
2025-08-25 03:12:33,208 - INFO - -----------------------------------------------------------------------------------
2025-08-25 03:12:33,208 - DEBUG - 🔍 权重管理器状态更新详情:
2025-08-25 03:12:33,208 - DEBUG -    当前迭代: 12
2025-08-25 03:12:33,208 - DEBUG -    参数变化: 0.000203 (阈值: 0.000005)
2025-08-25 03:12:33,208 - DEBUG -    残差变化: 0.000121 (阈值: 0.000005)
2025-08-25 03:12:33,208 - DEBUG -    几何权重因子: 10
2025-08-25 03:12:33,212 - DEBUG - ⏸️ 保持图像置信度权重: 参数变化=2.03e-04, 残差变化=1.21e-04
2025-08-25 03:12:33,212 - DEBUG - 状态已保存: 参数=[-0.01953304  0.019808    0.60477344  0.01481536], 残差范数=0.053531
2025-08-25 03:12:33,212 - DEBUG - 🔍 获取visibility信息: 形状=(21,), 范围=[1.000, 1.000]
2025-08-25 03:12:33,212 - DEBUG - 🔧 设置图像置信度权重: 21个点
2025-08-25 03:12:33,213 - DEBUG - 🔍 开始计算权重矩阵:
2025-08-25 03:12:33,213 - DEBUG -    点类型: ['pupil_center', 'iris_boundaries', 'iris_boundaries', 'iris_boundaries', 'iris_boundaries', 'eye_contours', 'eye_contours', 'eye_contours', 'eye_contours', 'eye_contours', 'eye_contours', 'eye_contours', 'eye_contours', 'eye_contours', 'eye_contours', 'eye_contours', 'eye_contours', 'eye_contours', 'eye_contours', 'eye_contours', 'eye_contours']
2025-08-25 03:12:33,213 - DEBUG -    残差向量: 形状=(21,), 范数=0.053531
2025-08-25 03:12:33,213 - DEBUG -    Visibility: 形状=(21,), 均值=1.000
2025-08-25 03:12:33,213 - DEBUG - 🔍 权重矩阵计算成功: 形状=(21, 21)
2025-08-25 03:12:33,213 - DEBUG - 🔍 几何权重统计:
2025-08-25 03:12:33,213 - DEBUG -    权重向量: [[1.]
 [1.]
 [1.]
 [1.]
 [1.]
 [1.]
 [1.]
 [1.]
 [1.]
 [1.]
 [1.]
 [1.]
 [1.]
 [1.]
 [1.]
 [1.]
 [1.]
 [1.]
 [1.]
 [1.]
 [1.]]
2025-08-25 03:12:33,213 - DEBUG -    权重范围: [1.000000, 1.000000]
2025-08-25 03:12:33,213 - DEBUG -    权重均值: 1.000000
2025-08-25 03:12:33,213 - DEBUG -    权重标准差: 0.000000
2025-08-25 03:12:33,213 - DEBUG -    高权重点(>0.8): 21/21
2025-08-25 03:12:33,213 - DEBUG -    低权重点(<0.2): 0/21
2025-08-25 03:12:33,213 - INFO - -----------------------------------------------------------------------------------
2025-08-25 03:12:33,213 - DEBUG - 🔍 开始求解LM更新方程:
2025-08-25 03:12:33,213 - DEBUG -    数据残差: 形状=(21,), 范数=0.053531
2025-08-25 03:12:33,213 - DEBUG -    约束残差: 形状=(1,), 范数=0.000051
2025-08-25 03:12:33,213 - DEBUG - 🔍 计算数据残差雅可比矩阵 J_f: 形状=(21, 4)
2025-08-25 03:12:33,213 - DEBUG - 🔍 J_f矩阵计算完成: 条件数=3.55e+01
2025-08-25 03:12:33,213 - DEBUG - 🔍 深度约束雅可比计算: u=-2.945373, σ=0.049956, J_h=[[ 0.          0.         -0.04995564  0.        ]]
2025-08-25 03:12:33,213 - DEBUG - 🔍 半径先验雅可比: J_r=[[0. 0. 0. 1.]]
2025-08-25 03:12:33,213 - DEBUG - 🔍 使用几何权重矩阵: 形状=(21, 21)
2025-08-25 03:12:33,213 - DEBUG - 🔍 Hessian矩阵计算:
2025-08-25 03:12:33,213 - DEBUG -    H_data = J_f^T W J_f: 形状=(4, 4), 条件数=1.26e+03
2025-08-25 03:12:33,213 - DEBUG -    H_h = λ_depth J_h^T J_h: 形状=(4, 4), λ_depth=1000.0
2025-08-25 03:12:33,213 - DEBUG -    H_r = λ_radius J_r^T J_r: 形状=(4, 4), λ_radius=20.0
2025-08-25 03:12:33,213 - DEBUG -    H_total: 形状=(4, 4), 条件数=2.16e+01
2025-08-25 03:12:33,213 - DEBUG - 🔍 梯度计算:
2025-08-25 03:12:33,213 - DEBUG -    g_data: 形状=(4,), 范数=0.248266
2025-08-25 03:12:33,213 - DEBUG -    g_h: 形状=(4,), 范数=0.002560
2025-08-25 03:12:33,218 - DEBUG -    g_r: 形状=(4,), 范数=0.056307
2025-08-25 03:12:33,218 - DEBUG -    g_total: 形状=(4,), 范数=0.211052
2025-08-25 03:12:33,218 - DEBUG - 🔍 LM阻尼矩阵: H_lm = H_total + 1000.0 * I
2025-08-25 03:12:33,218 - DEBUG -    H_lm条件数: 1.05e+00
2025-08-25 03:12:33,218 - DEBUG - 🔍 线性方程组求解成功:
2025-08-25 03:12:33,218 - DEBUG -    参数更新向量 Δθ: [[-1.22164068e-04]
 [-1.09094859e-04]
 [ 2.43449251e-05]
 [ 1.17003585e-04]]
2025-08-25 03:12:33,218 - DEBUG -    更新向量范数: 0.000203
2025-08-25 03:12:33,218 - DEBUG -    各分量更新: Δc_x=-0.000122, Δc_y=-0.000109, Δc_z=0.000024, Δr=0.000117
2025-08-25 03:12:33,218 - DEBUG -    参数更新:
2025-08-25 03:12:33,218 - DEBUG -      旧参数: [[-0.01953304]
 [ 0.019808  ]
 [ 0.60477344]
 [ 0.01481536]]
2025-08-25 03:12:33,218 - DEBUG -      更新向量: [[-1.22164068e-04]
 [-1.09094859e-04]
 [ 2.43449251e-05]
 [ 1.17003585e-04]]
2025-08-25 03:12:33,220 - DEBUG -      新参数: [[-0.0196552 ]
 [ 0.0196989 ]
 [ 0.60479778]
 [ 0.01493236]]
2025-08-25 03:12:33,220 - INFO - -----------------------------------------------------------------------------------
2025-08-25 03:12:33,220 - INFO - 🔍 迭代第12次，球心向右0.122164mm，向上0.109095mm，向后0.024345mm，半径变大0.117004mm
2025-08-25 03:12:33,220 - INFO - 📊 变化前: 中心(-0.020, 0.020, 0.605), 半径14.82mm
2025-08-25 03:12:33,220 - INFO - 📊 变化后: 中心(-0.020, 0.020, 0.605), 半径14.93mm
2025-08-25 03:12:33,220 - INFO - 📈 变化量: 中心移动0.16mm, 半径变化0.12mm
2025-08-25 03:12:33,220 - INFO - 📍 眼球中心: [-0.01953304  0.019808    0.60477344]
2025-08-25 03:12:33,220 - INFO - 📏 眼球半径: 14.82mm
2025-08-25 03:12:33,221 - INFO - 👁️ 瞳孔中心: [-0.00668287  0.03608752  0.60145861]
2025-08-25 03:12:33,221 - INFO - 📐 眼球中心在瞳孔中心的左12.85mm，上16.28mm，后3.31mm
2025-08-25 03:12:33,221 - INFO - 📏 距离: 21.00mm
2025-08-25 03:12:33,222 - INFO - -----------------------------------------------------------------------------------
2025-08-25 03:12:33,222 - INFO - -----------------------------------------------------------------------------------
2025-08-25 03:12:33,222 - DEBUG - 🔍 参数有效性检查:
2025-08-25 03:12:33,222 - DEBUG -    参数向量: [[-0.0196552 ]
 [ 0.0196989 ]
 [ 0.60479778]
 [ 0.01493236]]
2025-08-25 03:12:33,222 - DEBUG -    球心: [-0.0196552   0.0196989   0.60479778]
2025-08-25 03:12:33,222 - DEBUG -    半径: 0.014932
2025-08-25 03:12:33,222 - DEBUG - 🔍 函数值计算详情:
2025-08-25 03:12:33,222 - DEBUG -    数据项 F(θ): 0.001433
2025-08-25 03:12:33,222 - DEBUG -    深度约束项: 0.000001
2025-08-25 03:12:33,222 - DEBUG -    半径先验项: 0.000079
2025-08-25 03:12:33,222 - DEBUG -    总函数值 Φ(θ): 0.001513
2025-08-25 03:12:33,222 - DEBUG -    函数值改善: -0.000013
2025-08-25 03:12:33,222 - DEBUG - 🔍 参数有效: False
2025-08-25 03:12:33,222 - DEBUG -    参数无效，阻尼因子调整: λ_LM = 1.00e+04
2025-08-25 03:12:33,222 - DEBUG - 🔍 迭代 14/30:
2025-08-25 03:12:33,222 - DEBUG - 🔍 计算点到球心距离: 形状=(21,)
2025-08-25 03:12:33,222 - DEBUG - 🔍 生理偏差向量计算:
2025-08-25 03:12:33,222 - DEBUG -    点类型列表: ['pupil_center', 'iris_boundaries', 'iris_boundaries', 'iris_boundaries', 'iris_boundaries', 'eye_contours', 'eye_contours', 'eye_contours', 'eye_contours', 'eye_contours', 'eye_contours', 'eye_contours', 'eye_contours', 'eye_contours', 'eye_contours', 'eye_contours', 'eye_contours', 'eye_contours', 'eye_contours', 'eye_contours', 'eye_contours']
2025-08-25 03:12:33,222 - DEBUG -    偏差向量: [0.0002  0.00085 0.00085 0.00085 0.00085 0.0025  0.0025  0.0025  0.0025
 0.0025  0.0025  0.0025  0.0025  0.0025  0.0025  0.0025  0.0025  0.0025
 0.0025  0.0025  0.0025 ]
2025-08-25 03:12:33,222 - DEBUG -    向量形状: (21,)
2025-08-25 03:12:33,222 - DEBUG -    偏差统计: 均值=0.002076, 标准差=0.000769
2025-08-25 03:12:33,222 - DEBUG - 获取生理偏差: 点类型=['pupil_center', 'iris_boundaries', 'iris_boundaries', 'iris_boundaries', 'iris_boundaries', 'eye_contours', 'eye_contours', 'eye_contours', 'eye_contours', 'eye_contours', 'eye_contours', 'eye_contours', 'eye_contours', 'eye_contours', 'eye_contours', 'eye_contours', 'eye_contours', 'eye_contours', 'eye_contours', 'eye_contours', 'eye_contours'], 偏差值=[0.0002  0.00085 0.00085 0.00085 0.00085 0.0025  0.0025  0.0025  0.0025
 0.0025  0.0025  0.0025  0.0025  0.0025  0.0025  0.0025  0.0025  0.0025
 0.0025  0.0025  0.0025 ]
2025-08-25 03:12:33,222 - INFO - -----------------------------------------------------------------------------------
2025-08-25 03:12:33,222 - DEBUG - 🔍 拟合残差计算详情:
2025-08-25 03:12:33,228 - DEBUG -    球心坐标: [-0.01953304  0.019808    0.60477344]
2025-08-25 03:12:33,228 - DEBUG -    球体半径: 0.014815
2025-08-25 03:12:33,228 - DEBUG -    采样点数: 21
2025-08-25 03:12:33,228 - DEBUG -    点类型分布: {'eye_contours': 16, 'iris_boundaries': 4, 'pupil_center': 1}
2025-08-25 03:12:33,228 - DEBUG -    理论距离向量: [0.01501536 0.01566536 0.01566536 0.01566536 0.01566536 0.01731536
 0.01731536 0.01731536 0.01731536 0.01731536 0.01731536 0.01731536
 0.01731536 0.01731536 0.01731536 0.01731536 0.01731536 0.01731536
 0.01731536 0.01731536 0.01731536]
2025-08-25 03:12:33,228 - DEBUG -    实际距离向量: [0.02100328 0.02847277 0.0156134  0.01758473 0.02834005 0.02065903
 0.02106005 0.02155709 0.02300902 0.02640864 0.03088395 0.03603728
 0.03992139 0.041822   0.03833754 0.03171297 0.02376573 0.01790634
 0.01560727 0.01709418 0.01895224]
2025-08-25 03:12:33,228 - DEBUG -    生理偏差向量: [0.0002  0.00085 0.00085 0.00085 0.00085 0.0025  0.0025  0.0025  0.0025
 0.0025  0.0025  0.0025  0.0025  0.0025  0.0025  0.0025  0.0025  0.0025
 0.0025  0.0025  0.0025 ]
2025-08-25 03:12:33,228 - DEBUG -    残差向量 f(θ): 
[[ 5.98791701e-03]
 [ 1.28074130e-02]
 [-5.19568582e-05]
 [ 1.91937078e-03]
 [ 1.26746881e-02]
 [ 3.34367299e-03]
 [ 3.74468778e-03]
 [ 4.24173317e-03]
 [ 5.69365899e-03]
 [ 9.09328195e-03]
 [ 1.35685938e-02]
 [ 1.87219255e-02]
 [ 2.26060305e-02]
 [ 2.45066446e-02]
 [ 2.10221787e-02]
 [ 1.43976157e-02]
 [ 6.45037043e-03]
 [ 5.90979508e-04]
 [-1.70808374e-03]
 [-2.21180238e-04]
 [ 1.63688475e-03]]
2025-08-25 03:12:33,228 - DEBUG -    平均残差范数: 0.002549
2025-08-25 03:12:33,228 - DEBUG -    残差范数=0.053531
2025-08-25 03:12:33,228 - INFO - -----------------------------------------------------------------------------------
2025-08-25 03:12:33,228 - DEBUG - 🔍 深度约束计算详情 (softplus):
2025-08-25 03:12:33,228 - DEBUG -    采样点Z坐标范围: [0.600436, 0.601628]
2025-08-25 03:12:33,228 - DEBUG -    球心Z坐标: 0.604773
2025-08-25 03:12:33,228 - DEBUG -    深度偏移ε: 0.000200
2025-08-25 03:12:33,228 - DEBUG -    softplus参数τ: 0.001000
2025-08-25 03:12:33,228 - DEBUG -    原始违反值: -0.002945
2025-08-25 03:12:33,228 - DEBUG -    softplus输入 u: -2.945373
2025-08-25 03:12:33,228 - DEBUG -    约束惩罚 h(θ): 0.000051
2025-08-25 03:12:33,228 - DEBUG -    🟢 深度约束满足: 球心深度足够
2025-08-25 03:12:33,228 - INFO - -----------------------------------------------------------------------------------
2025-08-25 03:12:33,228 - DEBUG - 🔍 半径惩罚计算详情:
2025-08-25 03:12:33,228 - DEBUG -    当前半径: 0.014815
2025-08-25 03:12:33,228 - DEBUG -    半径先验值: 0.012000
2025-08-25 03:12:33,228 - DEBUG -    半径残差 r(θ): 0.002815
2025-08-25 03:12:33,233 - DEBUG -    数据残差 f(θ): [[ 5.98791701e-03]
 [ 1.28074130e-02]
 [-5.19568582e-05]
 [ 1.91937078e-03]
 [ 1.26746881e-02]
 [ 3.34367299e-03]
 [ 3.74468778e-03]
 [ 4.24173317e-03]
 [ 5.69365899e-03]
 [ 9.09328195e-03]
 [ 1.35685938e-02]
 [ 1.87219255e-02]
 [ 2.26060305e-02]
 [ 2.45066446e-02]
 [ 2.10221787e-02]
 [ 1.43976157e-02]
 [ 6.45037043e-03]
 [ 5.90979508e-04]
 [-1.70808374e-03]
 [-2.21180238e-04]
 [ 1.63688475e-03]]
2025-08-25 03:12:33,233 - DEBUG -    约束残差 g(θ): [[5.12466027e-05]]
2025-08-25 03:12:33,233 - DEBUG -    半径残差 r(θ): [[0.00281536]]
2025-08-25 03:12:33,233 - DEBUG - 🔍 状态变化计算: 参数变化=0.000000, 残差变化=0.000000
2025-08-25 03:12:33,233 - INFO - -----------------------------------------------------------------------------------
2025-08-25 03:12:33,233 - DEBUG - 🔍 权重管理器状态更新详情:
2025-08-25 03:12:33,233 - DEBUG -    当前迭代: 13
2025-08-25 03:12:33,233 - DEBUG -    参数变化: 0.000000 (阈值: 0.000005)
2025-08-25 03:12:33,233 - DEBUG -    残差变化: 0.000000 (阈值: 0.000005)
2025-08-25 03:12:33,233 - DEBUG -    几何权重因子: 10
2025-08-25 03:12:33,233 - DEBUG - ⏸️ 保持图像置信度权重: 参数变化=0.00e+00, 残差变化=0.00e+00
2025-08-25 03:12:33,233 - DEBUG - 状态已保存: 参数=[-0.01953304  0.019808    0.60477344  0.01481536], 残差范数=0.053531
2025-08-25 03:12:33,233 - DEBUG - 🔍 获取visibility信息: 形状=(21,), 范围=[1.000, 1.000]
2025-08-25 03:12:33,233 - DEBUG - 🔧 设置图像置信度权重: 21个点
2025-08-25 03:12:33,233 - DEBUG - 🔍 开始计算权重矩阵:
2025-08-25 03:12:33,233 - DEBUG -    点类型: ['pupil_center', 'iris_boundaries', 'iris_boundaries', 'iris_boundaries', 'iris_boundaries', 'eye_contours', 'eye_contours', 'eye_contours', 'eye_contours', 'eye_contours', 'eye_contours', 'eye_contours', 'eye_contours', 'eye_contours', 'eye_contours', 'eye_contours', 'eye_contours', 'eye_contours', 'eye_contours', 'eye_contours', 'eye_contours']
2025-08-25 03:12:33,233 - DEBUG -    残差向量: 形状=(21,), 范数=0.053531
2025-08-25 03:12:33,233 - DEBUG -    Visibility: 形状=(21,), 均值=1.000
2025-08-25 03:12:33,233 - DEBUG - 🔍 权重矩阵计算成功: 形状=(21, 21)
2025-08-25 03:12:33,233 - DEBUG - 🔍 几何权重统计:
2025-08-25 03:12:33,233 - DEBUG -    权重向量: [[1.]
 [1.]
 [1.]
 [1.]
 [1.]
 [1.]
 [1.]
 [1.]
 [1.]
 [1.]
 [1.]
 [1.]
 [1.]
 [1.]
 [1.]
 [1.]
 [1.]
 [1.]
 [1.]
 [1.]
 [1.]]
2025-08-25 03:12:33,233 - DEBUG -    权重范围: [1.000000, 1.000000]
2025-08-25 03:12:33,233 - DEBUG -    权重均值: 1.000000
2025-08-25 03:12:33,233 - DEBUG -    权重标准差: 0.000000
2025-08-25 03:12:33,233 - DEBUG -    高权重点(>0.8): 21/21
2025-08-25 03:12:33,233 - DEBUG -    低权重点(<0.2): 0/21
2025-08-25 03:12:33,233 - INFO - -----------------------------------------------------------------------------------
2025-08-25 03:12:33,233 - DEBUG - 🔍 开始求解LM更新方程:
2025-08-25 03:12:33,233 - DEBUG -    数据残差: 形状=(21,), 范数=0.053531
2025-08-25 03:12:33,233 - DEBUG -    约束残差: 形状=(1,), 范数=0.000051
2025-08-25 03:12:33,233 - DEBUG - 🔍 计算数据残差雅可比矩阵 J_f: 形状=(21, 4)
2025-08-25 03:12:33,237 - DEBUG - 🔍 J_f矩阵计算完成: 条件数=3.55e+01
2025-08-25 03:12:33,238 - DEBUG - 🔍 深度约束雅可比计算: u=-2.945373, σ=0.049956, J_h=[[ 0.          0.         -0.04995564  0.        ]]
2025-08-25 03:12:33,238 - DEBUG - 🔍 半径先验雅可比: J_r=[[0. 0. 0. 1.]]
2025-08-25 03:12:33,238 - DEBUG - 🔍 使用几何权重矩阵: 形状=(21, 21)
2025-08-25 03:12:33,238 - DEBUG - 🔍 Hessian矩阵计算:
2025-08-25 03:12:33,238 - DEBUG -    H_data = J_f^T W J_f: 形状=(4, 4), 条件数=1.26e+03
2025-08-25 03:12:33,240 - DEBUG -    H_h = λ_depth J_h^T J_h: 形状=(4, 4), λ_depth=1000.0
2025-08-25 03:12:33,240 - DEBUG -    H_r = λ_radius J_r^T J_r: 形状=(4, 4), λ_radius=20.0
2025-08-25 03:12:33,240 - DEBUG -    H_total: 形状=(4, 4), 条件数=2.16e+01
2025-08-25 03:12:33,240 - DEBUG - 🔍 梯度计算:
2025-08-25 03:12:33,240 - DEBUG -    g_data: 形状=(4,), 范数=0.248266
2025-08-25 03:12:33,240 - DEBUG -    g_h: 形状=(4,), 范数=0.002560
2025-08-25 03:12:33,240 - DEBUG -    g_r: 形状=(4,), 范数=0.056307
2025-08-25 03:12:33,240 - DEBUG -    g_total: 形状=(4,), 范数=0.211052
2025-08-25 03:12:33,240 - DEBUG - 🔍 LM阻尼矩阵: H_lm = H_total + 10000.0 * I
2025-08-25 03:12:33,240 - DEBUG -    H_lm条件数: 1.00e+00
2025-08-25 03:12:33,240 - DEBUG - 🔍 线性方程组求解成功:
2025-08-25 03:12:33,240 - DEBUG -    参数更新向量 Δθ: [[-1.24517762e-05]
 [-1.12621007e-05]
 [ 2.51892192e-06]
 [ 1.23911368e-05]]
2025-08-25 03:12:33,240 - DEBUG -    更新向量范数: 0.000021
2025-08-25 03:12:33,240 - DEBUG -    各分量更新: Δc_x=-0.000012, Δc_y=-0.000011, Δc_z=0.000003, Δr=0.000012
2025-08-25 03:12:33,240 - DEBUG -    参数更新:
2025-08-25 03:12:33,243 - DEBUG -      旧参数: [[-0.01953304]
 [ 0.019808  ]
 [ 0.60477344]
 [ 0.01481536]]
2025-08-25 03:12:33,243 - DEBUG -      更新向量: [[-1.24517762e-05]
 [-1.12621007e-05]
 [ 2.51892192e-06]
 [ 1.23911368e-05]]
2025-08-25 03:12:33,244 - DEBUG -      新参数: [[-0.01954549]
 [ 0.01979673]
 [ 0.60477596]
 [ 0.01482775]]
2025-08-25 03:12:33,244 - INFO - -----------------------------------------------------------------------------------
2025-08-25 03:12:33,244 - INFO - 🔍 迭代第13次，球心向右0.012452mm，向上0.011262mm，向后0.002519mm，半径变大0.012391mm
2025-08-25 03:12:33,244 - INFO - 📊 变化前: 中心(-0.020, 0.020, 0.605), 半径14.82mm
2025-08-25 03:12:33,244 - INFO - 📊 变化后: 中心(-0.020, 0.020, 0.605), 半径14.83mm
2025-08-25 03:12:33,244 - INFO - 📈 变化量: 中心移动0.02mm, 半径变化0.01mm
2025-08-25 03:12:33,244 - INFO - 📍 眼球中心: [-0.01953304  0.019808    0.60477344]
2025-08-25 03:12:33,244 - INFO - 📏 眼球半径: 14.82mm
2025-08-25 03:12:33,244 - INFO - 👁️ 瞳孔中心: [-0.00668287  0.03608752  0.60145861]
2025-08-25 03:12:33,244 - INFO - 📐 眼球中心在瞳孔中心的左12.85mm，上16.28mm，后3.31mm
2025-08-25 03:12:33,244 - INFO - 📏 距离: 21.00mm
2025-08-25 03:12:33,244 - INFO - -----------------------------------------------------------------------------------
2025-08-25 03:12:33,244 - INFO - -----------------------------------------------------------------------------------
2025-08-25 03:12:33,246 - DEBUG - 🔍 参数有效性检查:
2025-08-25 03:12:33,246 - DEBUG -    参数向量: [[-0.01954549]
 [ 0.01979673]
 [ 0.60477596]
 [ 0.01482775]]
2025-08-25 03:12:33,246 - DEBUG -    球心: [-0.01954549  0.01979673  0.60477596]
2025-08-25 03:12:33,246 - DEBUG -    半径: 0.014828
2025-08-25 03:12:33,246 - DEBUG - 🔍 函数值计算详情:
2025-08-25 03:12:33,246 - DEBUG -    数据项 F(θ): 0.001433
2025-08-25 03:12:33,246 - DEBUG -    深度约束项: 0.000001
2025-08-25 03:12:33,246 - DEBUG -    半径先验项: 0.000079
2025-08-25 03:12:33,246 - DEBUG -    总函数值 Φ(θ): 0.001513
2025-08-25 03:12:33,246 - DEBUG -    函数值改善: 0.000000
2025-08-25 03:12:33,246 - DEBUG - 🔍 参数有效: True
2025-08-25 03:12:33,246 - DEBUG -    参数更新成功:
2025-08-25 03:12:33,246 - DEBUG -      新球心: [-0.01954549  0.01979673  0.60477596]
2025-08-25 03:12:33,248 - DEBUG -      新半径: 0.014828
2025-08-25 03:12:33,248 - INFO - -----------------------------------------------------------------------------------
2025-08-25 03:12:33,248 - DEBUG - 🔍 LM收敛性检查:
2025-08-25 03:12:33,248 - DEBUG -    当前迭代次数: 13
2025-08-25 03:12:33,248 - DEBUG -    最大迭代次数: 30
2025-08-25 03:12:33,248 - DEBUG -    参数变化: 0.000021
2025-08-25 03:12:33,248 - DEBUG -    参数容忍度: 5e-06
2025-08-25 03:12:33,248 - DEBUG -    残差变化: 0.000000
2025-08-25 03:12:33,248 - DEBUG -    残差容忍度: 5e-06
2025-08-25 03:12:33,248 - DEBUG - 🔍 迭代 15/30:
2025-08-25 03:12:33,248 - DEBUG - 🔍 计算点到球心距离: 形状=(21,)
2025-08-25 03:12:33,248 - DEBUG - 🔍 生理偏差向量计算:
2025-08-25 03:12:33,248 - DEBUG -    点类型列表: ['pupil_center', 'iris_boundaries', 'iris_boundaries', 'iris_boundaries', 'iris_boundaries', 'eye_contours', 'eye_contours', 'eye_contours', 'eye_contours', 'eye_contours', 'eye_contours', 'eye_contours', 'eye_contours', 'eye_contours', 'eye_contours', 'eye_contours', 'eye_contours', 'eye_contours', 'eye_contours', 'eye_contours', 'eye_contours']
2025-08-25 03:12:33,248 - DEBUG -    偏差向量: [0.0002  0.00085 0.00085 0.00085 0.00085 0.0025  0.0025  0.0025  0.0025
 0.0025  0.0025  0.0025  0.0025  0.0025  0.0025  0.0025  0.0025  0.0025
 0.0025  0.0025  0.0025 ]
2025-08-25 03:12:33,248 - DEBUG -    向量形状: (21,)
2025-08-25 03:12:33,248 - DEBUG -    偏差统计: 均值=0.002076, 标准差=0.000769
2025-08-25 03:12:33,248 - DEBUG - 获取生理偏差: 点类型=['pupil_center', 'iris_boundaries', 'iris_boundaries', 'iris_boundaries', 'iris_boundaries', 'eye_contours', 'eye_contours', 'eye_contours', 'eye_contours', 'eye_contours', 'eye_contours', 'eye_contours', 'eye_contours', 'eye_contours', 'eye_contours', 'eye_contours', 'eye_contours', 'eye_contours', 'eye_contours', 'eye_contours', 'eye_contours'], 偏差值=[0.0002  0.00085 0.00085 0.00085 0.00085 0.0025  0.0025  0.0025  0.0025
 0.0025  0.0025  0.0025  0.0025  0.0025  0.0025  0.0025  0.0025  0.0025
 0.0025  0.0025  0.0025 ]
2025-08-25 03:12:33,248 - INFO - -----------------------------------------------------------------------------------
2025-08-25 03:12:33,248 - DEBUG - 🔍 拟合残差计算详情:
2025-08-25 03:12:33,248 - DEBUG -    球心坐标: [-0.01954549  0.01979673  0.60477596]
2025-08-25 03:12:33,248 - DEBUG -    球体半径: 0.014828
2025-08-25 03:12:33,248 - DEBUG -    采样点数: 21
2025-08-25 03:12:33,248 - DEBUG -    点类型分布: {'eye_contours': 16, 'iris_boundaries': 4, 'pupil_center': 1}
2025-08-25 03:12:33,248 - DEBUG -    理论距离向量: [0.01502775 0.01567775 0.01567775 0.01567775 0.01567775 0.01732775
 0.01732775 0.01732775 0.01732775 0.01732775 0.01732775 0.01732775
 0.01732775 0.01732775 0.01732775 0.01732775 0.01732775 0.01732775
 0.01732775 0.01732775 0.01732775]
2025-08-25 03:12:33,248 - DEBUG -    实际距离向量: [0.02102002 0.02848964 0.01563011 0.01759812 0.02835597 0.02066482
 0.02106878 0.02156844 0.02302304 0.02642487 0.0309009  0.03605415
 0.03993802 0.04183848 0.03835397 0.03172947 0.02378258 0.01792305
 0.01562095 0.01710389 0.01895957]
2025-08-25 03:12:33,248 - DEBUG -    生理偏差向量: [0.0002  0.00085 0.00085 0.00085 0.00085 0.0025  0.0025  0.0025  0.0025
 0.0025  0.0025  0.0025  0.0025  0.0025  0.0025  0.0025  0.0025  0.0025
 0.0025  0.0025  0.0025 ]
2025-08-25 03:12:33,248 - DEBUG -    残差向量 f(θ): 
[[ 5.99227101e-03]
 [ 1.28118869e-02]
 [-4.76372812e-05]
 [ 1.92037003e-03]
 [ 1.26782198e-02]
 [ 3.33707215e-03]
 [ 3.74102802e-03]
 [ 4.24068582e-03]
 [ 5.69528680e-03]
 [ 9.09712487e-03]
 [ 1.35731461e-02]
 [ 1.87263997e-02]
 [ 2.26102685e-02]
 [ 2.45107351e-02]
 [ 2.10262250e-02]
 [ 1.44017238e-02]
 [ 6.45483413e-03]
 [ 5.95304032e-04]
 [-1.70680237e-03]
 [-2.23856948e-04]
 [ 1.63181580e-03]]
2025-08-25 03:12:33,248 - DEBUG -    平均残差范数: 0.002550
2025-08-25 03:12:33,248 - DEBUG -    残差范数=0.053543
2025-08-25 03:12:33,253 - INFO - -----------------------------------------------------------------------------------
2025-08-25 03:12:33,253 - DEBUG - 🔍 深度约束计算详情 (softplus):
2025-08-25 03:12:33,253 - DEBUG -    采样点Z坐标范围: [0.600436, 0.601628]
2025-08-25 03:12:33,253 - DEBUG -    球心Z坐标: 0.604776
2025-08-25 03:12:33,253 - DEBUG -    深度偏移ε: 0.000200
2025-08-25 03:12:33,253 - DEBUG -    softplus参数τ: 0.001000
2025-08-25 03:12:33,253 - DEBUG -    原始违反值: -0.002948
2025-08-25 03:12:33,253 - DEBUG -    softplus输入 u: -2.947892
2025-08-25 03:12:33,254 - DEBUG -    约束惩罚 h(θ): 0.000051
2025-08-25 03:12:33,254 - DEBUG -    🟢 深度约束满足: 球心深度足够
2025-08-25 03:12:33,254 - INFO - -----------------------------------------------------------------------------------
2025-08-25 03:12:33,255 - DEBUG - 🔍 半径惩罚计算详情:
2025-08-25 03:12:33,255 - DEBUG -    当前半径: 0.014828
2025-08-25 03:12:33,255 - DEBUG -    半径先验值: 0.012000
2025-08-25 03:12:33,255 - DEBUG -    半径残差 r(θ): 0.002828
2025-08-25 03:12:33,255 - DEBUG -    数据残差 f(θ): [[ 5.99227101e-03]
 [ 1.28118869e-02]
 [-4.76372812e-05]
 [ 1.92037003e-03]
 [ 1.26782198e-02]
 [ 3.33707215e-03]
 [ 3.74102802e-03]
 [ 4.24068582e-03]
 [ 5.69528680e-03]
 [ 9.09712487e-03]
 [ 1.35731461e-02]
 [ 1.87263997e-02]
 [ 2.26102685e-02]
 [ 2.45107351e-02]
 [ 2.10262250e-02]
 [ 1.44017238e-02]
 [ 6.45483413e-03]
 [ 5.95304032e-04]
 [-1.70680237e-03]
 [-2.23856948e-04]
 [ 1.63181580e-03]]
2025-08-25 03:12:33,255 - DEBUG -    约束残差 g(θ): [[5.11209188e-05]]
2025-08-25 03:12:33,255 - DEBUG -    半径残差 r(θ): [[0.00282775]]
2025-08-25 03:12:33,255 - DEBUG - 🔍 状态变化计算: 参数变化=0.000021, 残差变化=0.000012
2025-08-25 03:12:33,255 - INFO - -----------------------------------------------------------------------------------
2025-08-25 03:12:33,255 - DEBUG - 🔍 权重管理器状态更新详情:
2025-08-25 03:12:33,255 - DEBUG -    当前迭代: 14
2025-08-25 03:12:33,255 - DEBUG -    参数变化: 0.000021 (阈值: 0.000005)
2025-08-25 03:12:33,255 - DEBUG -    残差变化: 0.000012 (阈值: 0.000005)
2025-08-25 03:12:33,258 - DEBUG -    几何权重因子: 10
2025-08-25 03:12:33,258 - DEBUG - ✅ 启用几何权重: 参数变化=2.10e-05, 残差变化=1.20e-05
2025-08-25 03:12:33,258 - DEBUG - 状态已保存: 参数=[-0.01954549  0.01979673  0.60477596  0.01482775], 残差范数=0.053543
2025-08-25 03:12:33,258 - DEBUG - 🔍 获取visibility信息: 形状=(21,), 范围=[1.000, 1.000]
2025-08-25 03:12:33,258 - DEBUG - 🔧 设置图像置信度权重: 21个点
2025-08-25 03:12:33,258 - DEBUG - 🔍 开始计算权重矩阵:
2025-08-25 03:12:33,258 - DEBUG -    点类型: ['pupil_center', 'iris_boundaries', 'iris_boundaries', 'iris_boundaries', 'iris_boundaries', 'eye_contours', 'eye_contours', 'eye_contours', 'eye_contours', 'eye_contours', 'eye_contours', 'eye_contours', 'eye_contours', 'eye_contours', 'eye_contours', 'eye_contours', 'eye_contours', 'eye_contours', 'eye_contours', 'eye_contours', 'eye_contours']
2025-08-25 03:12:33,258 - DEBUG -    残差向量: 形状=(21,), 范数=0.053543
2025-08-25 03:12:33,258 - DEBUG -    Visibility: 形状=(21,), 均值=1.000
2025-08-25 03:12:33,258 - DEBUG - 🔍 权重矩阵计算成功: 形状=(21, 21)
2025-08-25 03:12:33,258 - DEBUG - 🔍 几何权重统计:
2025-08-25 03:12:33,258 - DEBUG -    权重向量: [[1.]
 [1.]
 [1.]
 [1.]
 [1.]
 [1.]
 [1.]
 [1.]
 [1.]
 [1.]
 [1.]
 [1.]
 [1.]
 [1.]
 [1.]
 [1.]
 [1.]
 [1.]
 [1.]
 [1.]
 [1.]]
2025-08-25 03:12:33,258 - DEBUG -    权重范围: [1.000000, 1.000000]
2025-08-25 03:12:33,258 - DEBUG -    权重均值: 1.000000
2025-08-25 03:12:33,258 - DEBUG -    权重标准差: 0.000000
2025-08-25 03:12:33,258 - DEBUG -    高权重点(>0.8): 21/21
2025-08-25 03:12:33,258 - DEBUG -    低权重点(<0.2): 0/21
2025-08-25 03:12:33,258 - INFO - -----------------------------------------------------------------------------------
2025-08-25 03:12:33,258 - DEBUG - 🔍 开始求解LM更新方程:
2025-08-25 03:12:33,258 - DEBUG -    数据残差: 形状=(21,), 范数=0.053543
2025-08-25 03:12:33,258 - DEBUG -    约束残差: 形状=(1,), 范数=0.000051
2025-08-25 03:12:33,258 - DEBUG - 🔍 计算数据残差雅可比矩阵 J_f: 形状=(21, 4)
2025-08-25 03:12:33,262 - DEBUG - 🔍 J_f矩阵计算完成: 条件数=3.55e+01
2025-08-25 03:12:33,262 - DEBUG - 🔍 深度约束雅可比计算: u=-2.947892, σ=0.049836, J_h=[[ 0.          0.         -0.04983623  0.        ]]
2025-08-25 03:12:33,263 - DEBUG - 🔍 半径先验雅可比: J_r=[[0. 0. 0. 1.]]
2025-08-25 03:12:33,263 - DEBUG - 🔍 使用几何权重矩阵: 形状=(21, 21)
2025-08-25 03:12:33,263 - DEBUG - 🔍 Hessian矩阵计算:
2025-08-25 03:12:33,263 - DEBUG -    H_data = J_f^T W J_f: 形状=(4, 4), 条件数=1.26e+03
2025-08-25 03:12:33,263 - DEBUG -    H_h = λ_depth J_h^T J_h: 形状=(4, 4), λ_depth=1000.0
2025-08-25 03:12:33,263 - DEBUG -    H_r = λ_radius J_r^T J_r: 形状=(4, 4), λ_radius=20.0
2025-08-25 03:12:33,263 - DEBUG -    H_total: 形状=(4, 4), 条件数=2.17e+01
2025-08-25 03:12:33,263 - DEBUG - 🔍 梯度计算:
2025-08-25 03:12:33,263 - DEBUG -    g_data: 形状=(4,), 范数=0.248336
2025-08-25 03:12:33,263 - DEBUG -    g_h: 形状=(4,), 范数=0.002548
2025-08-25 03:12:33,263 - DEBUG -    g_r: 形状=(4,), 范数=0.056555
2025-08-25 03:12:33,263 - DEBUG -    g_total: 形状=(4,), 范数=0.210977
2025-08-25 03:12:33,263 - DEBUG - 🔍 LM阻尼矩阵: H_lm = H_total + 10000.0 * I
2025-08-25 03:12:33,263 - DEBUG -    H_lm条件数: 1.00e+00
2025-08-25 03:12:33,263 - DEBUG - 🔍 线性方程组求解成功:
2025-08-25 03:12:33,263 - DEBUG -    参数更新向量 Δθ: [[-1.24574557e-05]
 [-1.12648589e-05]
 [ 2.51852712e-06]
 [ 1.23703901e-05]]
2025-08-25 03:12:33,263 - DEBUG -    更新向量范数: 0.000021
2025-08-25 03:12:33,263 - DEBUG -    各分量更新: Δc_x=-0.000012, Δc_y=-0.000011, Δc_z=0.000003, Δr=0.000012
2025-08-25 03:12:33,263 - DEBUG -    参数更新:
2025-08-25 03:12:33,263 - DEBUG -      旧参数: [[-0.01954549]
 [ 0.01979673]
 [ 0.60477596]
 [ 0.01482775]]
2025-08-25 03:12:33,263 - DEBUG -      更新向量: [[-1.24574557e-05]
 [-1.12648589e-05]
 [ 2.51852712e-06]
 [ 1.23703901e-05]]
2025-08-25 03:12:33,263 - DEBUG -      新参数: [[-0.01955795]
 [ 0.01978547]
 [ 0.60477848]
 [ 0.01484012]]
2025-08-25 03:12:33,263 - INFO - -----------------------------------------------------------------------------------
2025-08-25 03:12:33,263 - INFO - 🔍 迭代第14次，球心向右0.012457mm，向上0.011265mm，向后0.002519mm，半径变大0.012370mm
2025-08-25 03:12:33,263 - INFO - 📊 变化前: 中心(-0.020, 0.020, 0.605), 半径14.83mm
2025-08-25 03:12:33,263 - INFO - 📊 变化后: 中心(-0.020, 0.020, 0.605), 半径14.84mm
2025-08-25 03:12:33,263 - INFO - 📈 变化量: 中心移动0.02mm, 半径变化0.01mm
2025-08-25 03:12:33,263 - INFO - 📍 眼球中心: [-0.01954549  0.01979673  0.60477596]
2025-08-25 03:12:33,263 - INFO - 📏 眼球半径: 14.83mm
2025-08-25 03:12:33,263 - INFO - 👁️ 瞳孔中心: [-0.00668287  0.03608752  0.60145861]
2025-08-25 03:12:33,263 - INFO - 📐 眼球中心在瞳孔中心的左12.86mm，上16.29mm，后3.32mm
2025-08-25 03:12:33,263 - INFO - 📏 距离: 21.02mm
2025-08-25 03:12:33,263 - INFO - -----------------------------------------------------------------------------------
2025-08-25 03:12:33,263 - INFO - -----------------------------------------------------------------------------------
2025-08-25 03:12:33,268 - DEBUG - 🔍 参数有效性检查:
2025-08-25 03:12:33,268 - DEBUG -    参数向量: [[-0.01955795]
 [ 0.01978547]
 [ 0.60477848]
 [ 0.01484012]]
2025-08-25 03:12:33,268 - DEBUG -    球心: [-0.01955795  0.01978547  0.60477848]
2025-08-25 03:12:33,268 - DEBUG -    半径: 0.014840
2025-08-25 03:12:33,268 - DEBUG - 🔍 函数值计算详情:
2025-08-25 03:12:33,268 - DEBUG -    数据项 F(θ): 0.001433
2025-08-25 03:12:33,268 - DEBUG -    深度约束项: 0.000001
2025-08-25 03:12:33,268 - DEBUG -    半径先验项: 0.000080
2025-08-25 03:12:33,268 - DEBUG -    总函数值 Φ(θ): 0.001515
2025-08-25 03:12:33,268 - DEBUG -    函数值改善: -0.000001
2025-08-25 03:12:33,268 - DEBUG - 🔍 参数有效: False
2025-08-25 03:12:33,268 - DEBUG -    参数无效，阻尼因子调整: λ_LM = 1.00e+05
2025-08-25 03:12:33,268 - DEBUG - 🔍 迭代 16/30:
2025-08-25 03:12:33,268 - DEBUG - 🔍 计算点到球心距离: 形状=(21,)
2025-08-25 03:12:33,268 - DEBUG - 🔍 生理偏差向量计算:
2025-08-25 03:12:33,270 - DEBUG -    点类型列表: ['pupil_center', 'iris_boundaries', 'iris_boundaries', 'iris_boundaries', 'iris_boundaries', 'eye_contours', 'eye_contours', 'eye_contours', 'eye_contours', 'eye_contours', 'eye_contours', 'eye_contours', 'eye_contours', 'eye_contours', 'eye_contours', 'eye_contours', 'eye_contours', 'eye_contours', 'eye_contours', 'eye_contours', 'eye_contours']
2025-08-25 03:12:33,270 - DEBUG -    偏差向量: [0.0002  0.00085 0.00085 0.00085 0.00085 0.0025  0.0025  0.0025  0.0025
 0.0025  0.0025  0.0025  0.0025  0.0025  0.0025  0.0025  0.0025  0.0025
 0.0025  0.0025  0.0025 ]
2025-08-25 03:12:33,270 - DEBUG -    向量形状: (21,)
2025-08-25 03:12:33,270 - DEBUG -    偏差统计: 均值=0.002076, 标准差=0.000769
2025-08-25 03:12:33,270 - DEBUG - 获取生理偏差: 点类型=['pupil_center', 'iris_boundaries', 'iris_boundaries', 'iris_boundaries', 'iris_boundaries', 'eye_contours', 'eye_contours', 'eye_contours', 'eye_contours', 'eye_contours', 'eye_contours', 'eye_contours', 'eye_contours', 'eye_contours', 'eye_contours', 'eye_contours', 'eye_contours', 'eye_contours', 'eye_contours', 'eye_contours', 'eye_contours'], 偏差值=[0.0002  0.00085 0.00085 0.00085 0.00085 0.0025  0.0025  0.0025  0.0025
 0.0025  0.0025  0.0025  0.0025  0.0025  0.0025  0.0025  0.0025  0.0025
 0.0025  0.0025  0.0025 ]
2025-08-25 03:12:33,271 - INFO - -----------------------------------------------------------------------------------
2025-08-25 03:12:33,271 - DEBUG - 🔍 拟合残差计算详情:
2025-08-25 03:12:33,271 - DEBUG -    球心坐标: [-0.01954549  0.01979673  0.60477596]
2025-08-25 03:12:33,273 - DEBUG -    球体半径: 0.014828
2025-08-25 03:12:33,273 - DEBUG -    采样点数: 21
2025-08-25 03:12:33,273 - DEBUG -    点类型分布: {'eye_contours': 16, 'iris_boundaries': 4, 'pupil_center': 1}
2025-08-25 03:12:33,274 - DEBUG -    理论距离向量: [0.01502775 0.01567775 0.01567775 0.01567775 0.01567775 0.01732775
 0.01732775 0.01732775 0.01732775 0.01732775 0.01732775 0.01732775
 0.01732775 0.01732775 0.01732775 0.01732775 0.01732775 0.01732775
 0.01732775 0.01732775 0.01732775]
2025-08-25 03:12:33,274 - DEBUG -    实际距离向量: [0.02102002 0.02848964 0.01563011 0.01759812 0.02835597 0.02066482
 0.02106878 0.02156844 0.02302304 0.02642487 0.0309009  0.03605415
 0.03993802 0.04183848 0.03835397 0.03172947 0.02378258 0.01792305
 0.01562095 0.01710389 0.01895957]
2025-08-25 03:12:33,274 - DEBUG -    生理偏差向量: [0.0002  0.00085 0.00085 0.00085 0.00085 0.0025  0.0025  0.0025  0.0025
 0.0025  0.0025  0.0025  0.0025  0.0025  0.0025  0.0025  0.0025  0.0025
 0.0025  0.0025  0.0025 ]
2025-08-25 03:12:33,274 - DEBUG -    残差向量 f(θ): 
[[ 5.99227101e-03]
 [ 1.28118869e-02]
 [-4.76372812e-05]
 [ 1.92037003e-03]
 [ 1.26782198e-02]
 [ 3.33707215e-03]
 [ 3.74102802e-03]
 [ 4.24068582e-03]
 [ 5.69528680e-03]
 [ 9.09712487e-03]
 [ 1.35731461e-02]
 [ 1.87263997e-02]
 [ 2.26102685e-02]
 [ 2.45107351e-02]
 [ 2.10262250e-02]
 [ 1.44017238e-02]
 [ 6.45483413e-03]
 [ 5.95304032e-04]
 [-1.70680237e-03]
 [-2.23856948e-04]
 [ 1.63181580e-03]]
2025-08-25 03:12:33,274 - DEBUG -    平均残差范数: 0.002550
2025-08-25 03:12:33,274 - DEBUG -    残差范数=0.053543
2025-08-25 03:12:33,274 - INFO - -----------------------------------------------------------------------------------
2025-08-25 03:12:33,274 - DEBUG - 🔍 深度约束计算详情 (softplus):
2025-08-25 03:12:33,274 - DEBUG -    采样点Z坐标范围: [0.600436, 0.601628]
2025-08-25 03:12:33,274 - DEBUG -    球心Z坐标: 0.604776
2025-08-25 03:12:33,274 - DEBUG -    深度偏移ε: 0.000200
2025-08-25 03:12:33,274 - DEBUG -    softplus参数τ: 0.001000
2025-08-25 03:12:33,274 - DEBUG -    原始违反值: -0.002948
2025-08-25 03:12:33,274 - DEBUG -    softplus输入 u: -2.947892
2025-08-25 03:12:33,278 - DEBUG -    约束惩罚 h(θ): 0.000051
2025-08-25 03:12:33,278 - DEBUG -    🟢 深度约束满足: 球心深度足够
2025-08-25 03:12:33,278 - INFO - -----------------------------------------------------------------------------------
2025-08-25 03:12:33,278 - DEBUG - 🔍 半径惩罚计算详情:
2025-08-25 03:12:33,278 - DEBUG -    当前半径: 0.014828
2025-08-25 03:12:33,278 - DEBUG -    半径先验值: 0.012000
2025-08-25 03:12:33,278 - DEBUG -    半径残差 r(θ): 0.002828
2025-08-25 03:12:33,278 - DEBUG -    数据残差 f(θ): [[ 5.99227101e-03]
 [ 1.28118869e-02]
 [-4.76372812e-05]
 [ 1.92037003e-03]
 [ 1.26782198e-02]
 [ 3.33707215e-03]
 [ 3.74102802e-03]
 [ 4.24068582e-03]
 [ 5.69528680e-03]
 [ 9.09712487e-03]
 [ 1.35731461e-02]
 [ 1.87263997e-02]
 [ 2.26102685e-02]
 [ 2.45107351e-02]
 [ 2.10262250e-02]
 [ 1.44017238e-02]
 [ 6.45483413e-03]
 [ 5.95304032e-04]
 [-1.70680237e-03]
 [-2.23856948e-04]
 [ 1.63181580e-03]]
2025-08-25 03:12:33,278 - DEBUG -    约束残差 g(θ): [[5.11209188e-05]]
2025-08-25 03:12:33,278 - DEBUG -    半径残差 r(θ): [[0.00282775]]
2025-08-25 03:12:33,278 - DEBUG - 🔍 状态变化计算: 参数变化=0.000000, 残差变化=0.000000
2025-08-25 03:12:33,278 - INFO - -----------------------------------------------------------------------------------
2025-08-25 03:12:33,278 - DEBUG - 🔍 权重管理器状态更新详情:
2025-08-25 03:12:33,278 - DEBUG -    当前迭代: 15
2025-08-25 03:12:33,278 - DEBUG -    参数变化: 0.000000 (阈值: 0.000005)
2025-08-25 03:12:33,278 - DEBUG -    残差变化: 0.000000 (阈值: 0.000005)
2025-08-25 03:12:33,278 - DEBUG -    几何权重因子: 10
2025-08-25 03:12:33,278 - DEBUG - ⏸️ 保持图像置信度权重: 参数变化=0.00e+00, 残差变化=0.00e+00
2025-08-25 03:12:33,278 - DEBUG - 状态已保存: 参数=[-0.01954549  0.01979673  0.60477596  0.01482775], 残差范数=0.053543
2025-08-25 03:12:33,278 - DEBUG - 🔍 获取visibility信息: 形状=(21,), 范围=[1.000, 1.000]
2025-08-25 03:12:33,278 - DEBUG - 🔧 设置图像置信度权重: 21个点
2025-08-25 03:12:33,278 - DEBUG - 🔍 开始计算权重矩阵:
2025-08-25 03:12:33,278 - DEBUG -    点类型: ['pupil_center', 'iris_boundaries', 'iris_boundaries', 'iris_boundaries', 'iris_boundaries', 'eye_contours', 'eye_contours', 'eye_contours', 'eye_contours', 'eye_contours', 'eye_contours', 'eye_contours', 'eye_contours', 'eye_contours', 'eye_contours', 'eye_contours', 'eye_contours', 'eye_contours', 'eye_contours', 'eye_contours', 'eye_contours']
2025-08-25 03:12:33,278 - DEBUG -    残差向量: 形状=(21,), 范数=0.053543
2025-08-25 03:12:33,278 - DEBUG -    Visibility: 形状=(21,), 均值=1.000
2025-08-25 03:12:33,278 - DEBUG - 🔍 权重矩阵计算成功: 形状=(21, 21)
2025-08-25 03:12:33,278 - DEBUG - 🔍 几何权重统计:
2025-08-25 03:12:33,278 - DEBUG -    权重向量: [[1.]
 [1.]
 [1.]
 [1.]
 [1.]
 [1.]
 [1.]
 [1.]
 [1.]
 [1.]
 [1.]
 [1.]
 [1.]
 [1.]
 [1.]
 [1.]
 [1.]
 [1.]
 [1.]
 [1.]
 [1.]]
2025-08-25 03:12:33,278 - DEBUG -    权重范围: [1.000000, 1.000000]
2025-08-25 03:12:33,278 - DEBUG -    权重均值: 1.000000
2025-08-25 03:12:33,278 - DEBUG -    权重标准差: 0.000000
2025-08-25 03:12:33,283 - DEBUG -    高权重点(>0.8): 21/21
2025-08-25 03:12:33,283 - DEBUG -    低权重点(<0.2): 0/21
2025-08-25 03:12:33,283 - INFO - -----------------------------------------------------------------------------------
2025-08-25 03:12:33,283 - DEBUG - 🔍 开始求解LM更新方程:
2025-08-25 03:12:33,283 - DEBUG -    数据残差: 形状=(21,), 范数=0.053543
2025-08-25 03:12:33,283 - DEBUG -    约束残差: 形状=(1,), 范数=0.000051
2025-08-25 03:12:33,283 - DEBUG - 🔍 计算数据残差雅可比矩阵 J_f: 形状=(21, 4)
2025-08-25 03:12:33,283 - DEBUG - 🔍 J_f矩阵计算完成: 条件数=3.55e+01
2025-08-25 03:12:33,283 - DEBUG - 🔍 深度约束雅可比计算: u=-2.947892, σ=0.049836, J_h=[[ 0.          0.         -0.04983623  0.        ]]
2025-08-25 03:12:33,283 - DEBUG - 🔍 半径先验雅可比: J_r=[[0. 0. 0. 1.]]
2025-08-25 03:12:33,283 - DEBUG - 🔍 使用几何权重矩阵: 形状=(21, 21)
2025-08-25 03:12:33,283 - DEBUG - 🔍 Hessian矩阵计算:
2025-08-25 03:12:33,283 - DEBUG -    H_data = J_f^T W J_f: 形状=(4, 4), 条件数=1.26e+03
2025-08-25 03:12:33,283 - DEBUG -    H_h = λ_depth J_h^T J_h: 形状=(4, 4), λ_depth=1000.0
2025-08-25 03:12:33,283 - DEBUG -    H_r = λ_radius J_r^T J_r: 形状=(4, 4), λ_radius=20.0
2025-08-25 03:12:33,283 - DEBUG -    H_total: 形状=(4, 4), 条件数=2.17e+01
2025-08-25 03:12:33,283 - DEBUG - 🔍 梯度计算:
2025-08-25 03:12:33,283 - DEBUG -    g_data: 形状=(4,), 范数=0.248336
2025-08-25 03:12:33,283 - DEBUG -    g_h: 形状=(4,), 范数=0.002548
2025-08-25 03:12:33,283 - DEBUG -    g_r: 形状=(4,), 范数=0.056555
2025-08-25 03:12:33,283 - DEBUG -    g_total: 形状=(4,), 范数=0.210977
2025-08-25 03:12:33,283 - DEBUG - 🔍 LM阻尼矩阵: H_lm = H_total + 100000.0 * I
2025-08-25 03:12:33,283 - DEBUG -    H_lm条件数: 1.00e+00
2025-08-25 03:12:33,283 - DEBUG - 🔍 线性方程组求解成功:
2025-08-25 03:12:33,283 - DEBUG -    参数更新向量 Δθ: [[-1.24819919e-06]
 [-1.13017687e-06]
 [ 2.52735382e-07]
 [ 1.24430006e-06]]
2025-08-25 03:12:33,283 - DEBUG -    更新向量范数: 0.000002
2025-08-25 03:12:33,286 - DEBUG -    各分量更新: Δc_x=-0.000001, Δc_y=-0.000001, Δc_z=0.000000, Δr=0.000001
2025-08-25 03:12:33,286 - DEBUG -    参数更新:
2025-08-25 03:12:33,286 - DEBUG -      旧参数: [[-0.01954549]
 [ 0.01979673]
 [ 0.60477596]
 [ 0.01482775]]
2025-08-25 03:12:33,286 - DEBUG -      更新向量: [[-1.24819919e-06]
 [-1.13017687e-06]
 [ 2.52735382e-07]
 [ 1.24430006e-06]]
2025-08-25 03:12:33,286 - DEBUG -      新参数: [[-0.01954674]
 [ 0.0197956 ]
 [ 0.60477621]
 [ 0.01482899]]
2025-08-25 03:12:33,286 - INFO - -----------------------------------------------------------------------------------
2025-08-25 03:12:33,286 - INFO - 🔍 迭代第15次，球心向右0.001248mm，向上0.001130mm，向后0.000253mm，半径变大0.001244mm
2025-08-25 03:12:33,286 - INFO - 📊 变化前: 中心(-0.020, 0.020, 0.605), 半径14.83mm
2025-08-25 03:12:33,286 - INFO - 📊 变化后: 中心(-0.020, 0.020, 0.605), 半径14.83mm
2025-08-25 03:12:33,286 - INFO - 📈 变化量: 中心移动0.00mm, 半径变化0.00mm
2025-08-25 03:12:33,288 - INFO - 📍 眼球中心: [-0.01954549  0.01979673  0.60477596]
2025-08-25 03:12:33,288 - INFO - 📏 眼球半径: 14.83mm
2025-08-25 03:12:33,288 - INFO - 👁️ 瞳孔中心: [-0.00668287  0.03608752  0.60145861]
2025-08-25 03:12:33,288 - INFO - 📐 眼球中心在瞳孔中心的左12.86mm，上16.29mm，后3.32mm
2025-08-25 03:12:33,288 - INFO - 📏 距离: 21.02mm
2025-08-25 03:12:33,288 - INFO - -----------------------------------------------------------------------------------
2025-08-25 03:12:33,288 - INFO - -----------------------------------------------------------------------------------
2025-08-25 03:12:33,290 - DEBUG - 🔍 参数有效性检查:
2025-08-25 03:12:33,291 - DEBUG -    参数向量: [[-0.01954674]
 [ 0.0197956 ]
 [ 0.60477621]
 [ 0.01482899]]
2025-08-25 03:12:33,291 - DEBUG -    球心: [-0.01954674  0.0197956   0.60477621]
2025-08-25 03:12:33,291 - DEBUG -    半径: 0.014829
2025-08-25 03:12:33,291 - DEBUG - 🔍 函数值计算详情:
2025-08-25 03:12:33,291 - DEBUG -    数据项 F(θ): 0.001433
2025-08-25 03:12:33,291 - DEBUG -    深度约束项: 0.000001
2025-08-25 03:12:33,291 - DEBUG -    半径先验项: 0.000080
2025-08-25 03:12:33,291 - DEBUG -    总函数值 Φ(θ): 0.001515
2025-08-25 03:12:33,291 - DEBUG -    函数值改善: 0.000000
2025-08-25 03:12:33,291 - DEBUG - 🔍 参数有效: True
2025-08-25 03:12:33,291 - DEBUG -    参数更新成功:
2025-08-25 03:12:33,291 - DEBUG -      新球心: [-0.01954674  0.0197956   0.60477621]
2025-08-25 03:12:33,293 - DEBUG -      新半径: 0.014829
2025-08-25 03:12:33,293 - INFO - -----------------------------------------------------------------------------------
2025-08-25 03:12:33,294 - DEBUG - 🔍 LM收敛性检查:
2025-08-25 03:12:33,294 - DEBUG -    当前迭代次数: 15
2025-08-25 03:12:33,294 - DEBUG -    最大迭代次数: 30
2025-08-25 03:12:33,294 - DEBUG -    参数变化: 0.000002
2025-08-25 03:12:33,294 - DEBUG -    参数容忍度: 5e-06
2025-08-25 03:12:33,294 - DEBUG -    残差变化: 0.000000
2025-08-25 03:12:33,294 - DEBUG -    残差容忍度: 5e-06
2025-08-25 03:12:33,295 - INFO - ✅ LM收敛：参数变化2.11e-06 < 5e-06，平均残差变化0.00e+00 < 5e-06
2025-08-25 03:12:33,295 - INFO - ✅ LM优化收敛: 迭代15次
2025-08-25 03:12:33,295 - DEBUG - 🔍 优化结束状态:
2025-08-25 03:12:33,295 - DEBUG -    最终参数: [[-0.01954674]
 [ 0.0197956 ]
 [ 0.60477621]
 [ 0.01482899]]
2025-08-25 03:12:33,295 - DEBUG -    最终球心: [-0.01954674  0.0197956   0.60477621]
2025-08-25 03:12:33,295 - DEBUG -    最终半径: 0.014829
2025-08-25 03:12:33,295 - DEBUG -    是否收敛: True
2025-08-25 03:12:33,295 - DEBUG -    迭代次数: 15
2025-08-25 03:12:33,295 - INFO - -----------------------------------------------------------------------------------
2025-08-25 03:12:33,295 - DEBUG - 🔍 更新最终状态:
2025-08-25 03:12:33,295 - DEBUG - 🔍 计算点到球心距离: 形状=(21,)
2025-08-25 03:12:33,295 - DEBUG - 🔍 生理偏差向量计算:
2025-08-25 03:12:33,295 - DEBUG -    点类型列表: ['pupil_center', 'iris_boundaries', 'iris_boundaries', 'iris_boundaries', 'iris_boundaries', 'eye_contours', 'eye_contours', 'eye_contours', 'eye_contours', 'eye_contours', 'eye_contours', 'eye_contours', 'eye_contours', 'eye_contours', 'eye_contours', 'eye_contours', 'eye_contours', 'eye_contours', 'eye_contours', 'eye_contours', 'eye_contours']
2025-08-25 03:12:33,295 - DEBUG -    偏差向量: [0.0002  0.00085 0.00085 0.00085 0.00085 0.0025  0.0025  0.0025  0.0025
 0.0025  0.0025  0.0025  0.0025  0.0025  0.0025  0.0025  0.0025  0.0025
 0.0025  0.0025  0.0025 ]
2025-08-25 03:12:33,295 - DEBUG -    向量形状: (21,)
2025-08-25 03:12:33,295 - DEBUG -    偏差统计: 均值=0.002076, 标准差=0.000769
2025-08-25 03:12:33,297 - DEBUG - 获取生理偏差: 点类型=['pupil_center', 'iris_boundaries', 'iris_boundaries', 'iris_boundaries', 'iris_boundaries', 'eye_contours', 'eye_contours', 'eye_contours', 'eye_contours', 'eye_contours', 'eye_contours', 'eye_contours', 'eye_contours', 'eye_contours', 'eye_contours', 'eye_contours', 'eye_contours', 'eye_contours', 'eye_contours', 'eye_contours', 'eye_contours'], 偏差值=[0.0002  0.00085 0.00085 0.00085 0.00085 0.0025  0.0025  0.0025  0.0025
 0.0025  0.0025  0.0025  0.0025  0.0025  0.0025  0.0025  0.0025  0.0025
 0.0025  0.0025  0.0025 ]
2025-08-25 03:12:33,298 - INFO - -----------------------------------------------------------------------------------
2025-08-25 03:12:33,298 - DEBUG - 🔍 拟合残差计算详情:
2025-08-25 03:12:33,298 - DEBUG -    球心坐标: [-0.01954674  0.0197956   0.60477621]
2025-08-25 03:12:33,298 - DEBUG -    球体半径: 0.014829
2025-08-25 03:12:33,298 - DEBUG -    采样点数: 21
2025-08-25 03:12:33,298 - DEBUG -    点类型分布: {'eye_contours': 16, 'iris_boundaries': 4, 'pupil_center': 1}
2025-08-25 03:12:33,298 - DEBUG -    理论距离向量: [0.01502899 0.01567899 0.01567899 0.01567899 0.01567899 0.01732899
 0.01732899 0.01732899 0.01732899 0.01732899 0.01732899 0.01732899
 0.01732899 0.01732899 0.01732899 0.01732899 0.01732899 0.01732899
 0.01732899 0.01732899 0.01732899]
2025-08-25 03:12:33,298 - DEBUG -    实际距离向量: [0.0210217  0.02849133 0.01563179 0.01759946 0.02835757 0.0206654
 0.02106965 0.02156957 0.02302444 0.0264265  0.0309026  0.03605584
 0.03993969 0.04184014 0.03835562 0.03173113 0.02378427 0.01792473
 0.01562232 0.01710487 0.0189603 ]
2025-08-25 03:12:33,298 - DEBUG -    生理偏差向量: [0.0002  0.00085 0.00085 0.00085 0.00085 0.0025  0.0025  0.0025  0.0025
 0.0025  0.0025  0.0025  0.0025  0.0025  0.0025  0.0025  0.0025  0.0025
 0.0025  0.0025  0.0025 ]
2025-08-25 03:12:33,298 - DEBUG -    残差向量 f(θ): 
[[ 5.99270630e-03]
 [ 1.28123340e-02]
 [-4.72057244e-05]
 [ 1.92046959e-03]
 [ 1.26785729e-02]
 [ 3.33641012e-03]
 [ 3.74066076e-03]
 [ 4.24058031e-03]
 [ 5.69544924e-03]
 [ 9.09750905e-03]
 [ 1.35736012e-02]
 [ 1.87268468e-02]
 [ 2.26106918e-02]
 [ 2.45111436e-02]
 [ 2.10266290e-02]
 [ 1.44021341e-02]
 [ 6.45528015e-03]
 [ 5.95736368e-04]
 [-1.70667452e-03]
 [-2.24125581e-04]
 [ 1.63130738e-03]]
2025-08-25 03:12:33,298 - DEBUG -    平均残差范数: 0.002550
2025-08-25 03:12:33,298 - DEBUG -    残差范数=0.053544
2025-08-25 03:12:33,298 - DEBUG -    最终残差向量: [[ 5.99270630e-03]
 [ 1.28123340e-02]
 [-4.72057244e-05]
 [ 1.92046959e-03]
 [ 1.26785729e-02]
 [ 3.33641012e-03]
 [ 3.74066076e-03]
 [ 4.24058031e-03]
 [ 5.69544924e-03]
 [ 9.09750905e-03]
 [ 1.35736012e-02]
 [ 1.87268468e-02]
 [ 2.26106918e-02]
 [ 2.45111436e-02]
 [ 2.10266290e-02]
 [ 1.44021341e-02]
 [ 6.45528015e-03]
 [ 5.95736368e-04]
 [-1.70667452e-03]
 [-2.24125581e-04]
 [ 1.63130738e-03]]
2025-08-25 03:12:33,298 - DEBUG -    最终残差范数: 0.053544
2025-08-25 03:12:33,298 - DEBUG -    内点比例: 1.000000
2025-08-25 03:12:33,302 - DEBUG -    质量分数: 0.000000
2025-08-25 03:12:33,302 - DEBUG -    收敛迭代次数: 15
2025-08-25 03:12:33,302 - DEBUG -    是否收敛: True
2025-08-25 03:12:33,302 - DEBUG -    警告信息: ['迭代1: 参数无效，阻尼因子=1.00e-01', '迭代3: 参数无效，阻尼因子=1.00e+00', '迭代6: 参数无效，阻尼因子=1.00e+01', '迭代8: 参数无效，阻尼因子=1.00e+02', '迭代10: 参数无效，阻尼因子=1.00e+03', '迭代12: 参数无效，阻尼因子=1.00e+04', '迭代14: 参数无效，阻尼因子=1.00e+05']
2025-08-25 03:12:33,303 - INFO - ✅ 优化完成: 最终中心点=(-0.020, 0.020, 0.605), 半径=0.015m
2025-08-25 03:12:33,303 - INFO - 拟合完成 - 拟合结果:
  📍 中心点: (-0.020, 0.020, 0.605)
  📏 半径: 0.01mm
  🔄 收敛状态: ✓ 已收敛
  📊 内点比例: 100.0% (21/21)
  🎯 质量分数: 0.000
  📈 迭代次数: 15
  📉 最终残差: 5.35e-02
⚠️  警告: 迭代1: 参数无效，阻尼因子=1.00e-01; 迭代3: 参数无效，阻尼因子=1.00e+00; 迭代6: 参数无效，阻尼因子=1.00e+01; 迭代8: 参数无效，阻尼因子=1.00e+02; 迭代10: 参数无效，阻尼因子=1.00e+03; 迭代12: 参数无效，阻尼因子=1.00e+04; 迭代14: 参数无效，阻尼因子=1.00e+05
2025-08-25 03:12:33,304 - DEBUG - right眼拟合完成: shape=椭球参数 (球体):
  📏 主轴长度: (0.015, 0.015, 0.015) m
  📍 中心坐标: (-0.020, 0.020, 0.605) m
  🔄 旋转矩阵: 3x3 单位矩阵, center=[-0.01954674  0.0197956   0.60477621]
2025-08-25 03:12:33,304 - DEBUG - 右眼拟合完成
2025-08-25 03:12:33,305 - DEBUG - ransac_sphere_eyeball返回结果: {'left': (<project.fitting.config.models.EllipsoidParams object at 0x00000280AB4A67D0>, array([0.09612326, 0.01418782, 0.60512433])), 'right': (<project.fitting.config.models.EllipsoidParams object at 0x00000280AB4A67D0>, array([-0.01954674,  0.0197956 ,  0.60477621]))}
2025-08-25 03:12:33,305 - DEBUG - ransac_sphere_eyeball执行成功
2025-08-25 03:12:33,305 - INFO - 拟合完成!
2025-08-25 03:12:33,305 - INFO - --------------------------------------------------
2025-08-25 03:12:33,305 - INFO - 拟合结果:
2025-08-25 03:12:33,305 - INFO - 左眼中心: (0.096, 0.014, 0.605)
2025-08-25 03:12:33,305 - INFO - 左眼半径: 14.83mm
2025-08-25 03:12:33,305 - INFO - ------------------------------
2025-08-25 03:12:33,305 - INFO - 左眼关键点分布分析:
2025-08-25 03:12:33,305 - INFO - 瞳孔中心点: 眼球外部, 距离眼球表面: 6.07mm, ✗ 超出规范
2025-08-25 03:12:33,305 - INFO - 虹膜边界点 (4个):
2025-08-25 03:12:33,305 - INFO -   点1: 眼球外部, 距离眼球表面: 8.34mm, ✗ 超出规范
2025-08-25 03:12:33,305 - INFO -   点2: 眼球内部, 距离眼球表面: 1.65mm, ✗ 超出规范
2025-08-25 03:12:33,305 - INFO -   点3: 眼球外部, 距离眼球表面: 8.86mm, ✗ 超出规范
2025-08-25 03:12:33,309 - INFO -   点4: 眼球外部, 距离眼球表面: 14.85mm, ✗ 超出规范
2025-08-25 03:12:33,309 - INFO - 眼睛轮廓点 (16个):
2025-08-25 03:12:33,309 - INFO -   点1: 眼球外部, 距离眼球表面: 19.60mm, ✗ 超出规范
2025-08-25 03:12:33,309 - INFO -   点2: 眼球外部, 距离眼球表面: 15.91mm, ✗ 超出规范
2025-08-25 03:12:33,309 - INFO -   点3: 眼球外部, 距离眼球表面: 9.34mm, ✗ 超出规范
2025-08-25 03:12:33,309 - INFO -   点4: 眼球外部, 距离眼球表面: 3.53mm, ✗ 超出规范
2025-08-25 03:12:33,309 - INFO -   点5: 眼球外部, 距离眼球表面: 2.41mm, ✗ 超出规范
2025-08-25 03:12:33,309 - INFO -   点6: 眼球外部, 距离眼球表面: 6.27mm, ✗ 超出规范
2025-08-25 03:12:33,309 - INFO -   点7: 眼球外部, 距离眼球表面: 10.64mm, ✗ 超出规范
2025-08-25 03:12:33,311 - INFO -   点8: 眼球外部, 距离眼球表面: 13.64mm, ✗ 超出规范
2025-08-25 03:12:33,311 - INFO -   点9: 眼球外部, 距离眼球表面: 15.94mm, ✗ 超出规范
2025-08-25 03:12:33,311 - INFO -   点10: 眼球外部, 距离眼球表面: 15.36mm, ✗ 超出规范
2025-08-25 03:12:33,311 - INFO -   点11: 眼球外部, 距离眼球表面: 14.55mm, ✗ 超出规范
2025-08-25 03:12:33,311 - INFO -   点12: 眼球外部, 距离眼球表面: 13.76mm, ✗ 超出规范
2025-08-25 03:12:33,311 - INFO -   点13: 眼球外部, 距离眼球表面: 13.46mm, ✗ 超出规范
2025-08-25 03:12:33,311 - INFO -   点14: 眼球外部, 距离眼球表面: 14.22mm, ✗ 超出规范
2025-08-25 03:12:33,311 - INFO -   点15: 眼球外部, 距离眼球表面: 16.15mm, ✗ 超出规范
2025-08-25 03:12:33,311 - INFO -   点16: 眼球外部, 距离眼球表面: 18.49mm, ✗ 超出规范
2025-08-25 03:12:33,313 - INFO - 总结: left眼共21个关键点, 0个符合规范, 符合率: 0.0%
2025-08-25 03:12:33,313 - INFO - 数据质量评估: 较差
2025-08-25 03:12:33,313 - INFO - 右眼中心: (-0.020, 0.020, 0.605)
2025-08-25 03:12:33,313 - INFO - 右眼半径: 14.83mm
2025-08-25 03:12:33,313 - INFO - ------------------------------
2025-08-25 03:12:33,313 - INFO - 右眼关键点分布分析:
2025-08-25 03:12:33,313 - INFO - 瞳孔中心点: 眼球外部, 距离眼球表面: 6.19mm, ✗ 超出规范
2025-08-25 03:12:33,313 - INFO - 虹膜边界点 (4个):
2025-08-25 03:12:33,313 - INFO -   点1: 眼球外部, 距离眼球表面: 13.66mm, ✗ 超出规范
2025-08-25 03:12:33,313 - INFO -   点2: 眼球外部, 距离眼球表面: 0.80mm, ✓ 符合规范
2025-08-25 03:12:33,313 - INFO -   点3: 眼球外部, 距离眼球表面: 2.77mm, ✗ 超出规范
2025-08-25 03:12:33,313 - INFO -   点4: 眼球外部, 距离眼球表面: 13.53mm, ✗ 超出规范
2025-08-25 03:12:33,313 - INFO - 眼睛轮廓点 (16个):
2025-08-25 03:12:33,313 - INFO -   点1: 眼球外部, 距离眼球表面: 5.84mm, ✗ 超出规范
2025-08-25 03:12:33,313 - INFO -   点2: 眼球外部, 距离眼球表面: 6.24mm, ✗ 超出规范
2025-08-25 03:12:33,313 - INFO -   点3: 眼球外部, 距离眼球表面: 6.74mm, ✗ 超出规范
2025-08-25 03:12:33,313 - INFO -   点4: 眼球外部, 距离眼球表面: 8.20mm, ✗ 超出规范
2025-08-25 03:12:33,313 - INFO -   点5: 眼球外部, 距离眼球表面: 11.60mm, ✗ 超出规范
2025-08-25 03:12:33,313 - INFO -   点6: 眼球外部, 距离眼球表面: 16.07mm, ✗ 超出规范
2025-08-25 03:12:33,313 - INFO -   点7: 眼球外部, 距离眼球表面: 21.23mm, ✗ 超出规范
2025-08-25 03:12:33,313 - INFO -   点8: 眼球外部, 距离眼球表面: 25.11mm, ✗ 超出规范
2025-08-25 03:12:33,313 - INFO -   点9: 眼球外部, 距离眼球表面: 27.01mm, ✗ 超出规范
2025-08-25 03:12:33,313 - INFO -   点10: 眼球外部, 距离眼球表面: 23.53mm, ✗ 超出规范
2025-08-25 03:12:33,317 - INFO -   点11: 眼球外部, 距离眼球表面: 16.90mm, ✗ 超出规范
2025-08-25 03:12:33,317 - INFO -   点12: 眼球外部, 距离眼球表面: 8.96mm, ✗ 超出规范
2025-08-25 03:12:33,317 - INFO -   点13: 眼球外部, 距离眼球表面: 3.10mm, ✗ 超出规范
2025-08-25 03:12:33,317 - INFO -   点14: 眼球外部, 距离眼球表面: 0.79mm, ✓ 符合规范
2025-08-25 03:12:33,317 - INFO -   点15: 眼球外部, 距离眼球表面: 2.28mm, ✗ 超出规范
2025-08-25 03:12:33,317 - INFO -   点16: 眼球外部, 距离眼球表面: 4.13mm, ✗ 超出规范
2025-08-25 03:12:33,317 - INFO - 总结: right眼共21个关键点, 2个符合规范, 符合率: 9.5%
2025-08-25 03:12:33,317 - INFO - 数据质量评估: 较差
2025-08-25 03:12:33,317 - INFO - ==================================================
2025-08-25 03:12:33,317 - INFO - --------------------------------------------------
