2025-08-25 02:20:37,892 - INFO - 日志文件创建: logs\recognition_20250825_022037.log
2025-08-25 02:20:41,946 - INFO - DEBUG: self._rgb_d = False
2025-08-25 02:20:41,951 - INFO - DEBUG: 检测到 478 个关键点
2025-08-25 02:20:41,951 - INFO - DEBUG: 不使用RGB-D相机，开始修改深度图
2025-08-25 02:20:41,951 - INFO - DEBUG: _set_depth_map_without_rgb_d 开始执行
2025-08-25 02:20:41,951 - INFO - DEBUG: 输入深度图形状: (480, 640)
2025-08-25 02:20:41,951 - INFO - DEBUG: 输入深度图数据类型: float32
2025-08-25 02:20:41,951 - INFO - DEBUG: 输入深度图值范围: 600.000000 ~ 600.000000
2025-08-25 02:20:41,963 - INFO - DEBUG: 关键点数量: 478
2025-08-25 02:20:41,963 - INFO - DEBUG: 第一个关键点示例: [355.59478759765625, 306.80211067199707, -0.04172004386782646, 1.0]
2025-08-25 02:20:41,963 - INFO - DEBUG: 创建深度图副本，形状: (480, 640)
2025-08-25 02:20:41,963 - INFO - DEBUG: 关键点 0: 位置(356, 307), 原始深度: 600.000000, z值: -0.041720, 新深度: 595.827996
2025-08-25 02:20:41,963 - INFO - DEBUG: 关键点 1: 位置(354, 282), 原始深度: 600.000000, z值: -0.070618, 新深度: 592.938229
2025-08-25 02:20:41,963 - INFO - DEBUG: 关键点 2: 位置(354, 291), 原始深度: 600.000000, z值: -0.039068, 新深度: 596.093226
2025-08-25 02:20:41,963 - INFO - DEBUG: 关键点 3: 位置(346, 253), 原始深度: 600.000000, z值: -0.049476, 新深度: 595.052405
2025-08-25 02:20:41,963 - INFO - DEBUG: 关键点 4: 位置(354, 273), 原始深度: 600.000000, z值: -0.074173, 新深度: 592.582720
2025-08-25 02:20:41,967 - INFO - DEBUG: 成功修改了 478 个关键点位置的深度值
2025-08-25 02:20:41,967 - INFO - DEBUG: 修改后深度图值范围: 592.582703 ~ 614.551392
2025-08-25 02:20:41,967 - INFO - DEBUG: 深度图修改完成，原始深度图形状: (480, 640), 修改后深度图形状: (480, 640)
2025-08-25 02:20:41,967 - INFO - DEBUG: _convert_depth_to_meters: depth_scale = 0.001
2025-08-25 02:20:41,967 - INFO - DEBUG: _convert_depth_to_meters: 输入深度图值范围: 592.582703 ~ 614.551392
2025-08-25 02:20:41,967 - INFO - DEBUG: _convert_depth_to_meters: 转换后深度图值范围: 0.592583 ~ 0.614551
2025-08-25 02:20:41,967 - INFO - 坐标转换器初始化完成，相机参数：fx=450.0, fy=450.0, cx=320.0, cy=240.0
2025-08-25 02:20:41,967 - INFO - 坐标转换器初始化完成，相机参数：fx=450.0, fy=450.0, cx=320.0, cy=240.0
2025-08-25 02:20:41,967 - INFO - 坐标转换器初始化完成，相机参数：fx=450.0, fy=450.0, cx=320.0, cy=240.0
2025-08-25 02:20:41,967 - INFO - 批量转换完成：成功 4/4 个关键点
2025-08-25 02:20:41,967 - INFO - 坐标转换器初始化完成，相机参数：fx=450.0, fy=450.0, cx=320.0, cy=240.0
2025-08-25 02:20:41,967 - INFO - 批量转换完成：成功 4/4 个关键点
2025-08-25 02:20:41,967 - INFO - 坐标转换器初始化完成，相机参数：fx=450.0, fy=450.0, cx=320.0, cy=240.0
2025-08-25 02:20:41,967 - INFO - 批量转换完成：成功 16/16 个关键点
2025-08-25 02:20:41,967 - INFO - 坐标转换器初始化完成，相机参数：fx=450.0, fy=450.0, cx=320.0, cy=240.0
2025-08-25 02:20:41,967 - INFO - 批量转换完成：成功 16/16 个关键点
2025-08-25 02:20:41,967 - INFO - 坐标转换器初始化完成，相机参数：fx=450.0, fy=450.0, cx=320.0, cy=240.0
2025-08-25 02:20:41,967 - INFO - 批量转换完成：成功 10/10 个关键点
2025-08-25 02:20:41,967 - INFO - 坐标转换器初始化完成，相机参数：fx=450.0, fy=450.0, cx=320.0, cy=240.0
2025-08-25 02:20:41,967 - INFO - 批量转换完成：成功 10/10 个关键点
2025-08-25 02:20:41,967 - INFO - 坐标转换器初始化完成，相机参数：fx=450.0, fy=450.0, cx=320.0, cy=240.0
2025-08-25 02:20:41,967 - INFO - 批量转换完成：成功 10/10 个关键点
2025-08-25 02:20:41,967 - INFO - 坐标转换器初始化完成，相机参数：fx=450.0, fy=450.0, cx=320.0, cy=240.0
2025-08-25 02:20:41,967 - INFO - 批量转换完成：成功 10/10 个关键点
2025-08-25 02:20:41,983 - INFO - ==================================================
2025-08-25 02:20:41,983 - INFO - 眼动追踪数据测评
2025-08-25 02:20:41,983 - INFO - ==================================================
2025-08-25 02:20:41,983 - INFO - 瞳孔中心: 左(0.100000, -0.021333, 0.600000) | 右(-0.012000, -0.014667, 0.600000)
2025-08-25 02:20:41,991 - INFO - 瞳孔中心详细坐标:
2025-08-25 02:20:41,991 - INFO -   左眼: X=0.100000, Y=-0.021333, Z=0.600000, Visibility=1.000000
2025-08-25 02:20:41,991 - INFO -   右眼: X=-0.012000, Y=-0.014667, Z=0.600000, Visibility=1.000000
2025-08-25 02:20:41,991 - INFO - 虹膜边界: 左眼4个点 | 右眼4个点
2025-08-25 02:20:41,991 - INFO - 虹膜边界详细坐标:
2025-08-25 02:20:41,991 - INFO -   左眼虹膜边界点:
2025-08-25 02:20:41,991 - INFO -     点1: X=0.111870, Y=-0.020698, Z=0.600731, Visibility=1.000000
2025-08-25 02:20:41,991 - INFO -     点2: X=0.100691, Y=-0.029856, Z=0.600633, Visibility=1.000000
2025-08-25 02:20:41,991 - INFO -     点3: X=0.090069, Y=-0.020184, Z=0.600837, Visibility=1.000000
2025-08-25 02:20:41,991 - INFO -     点4: X=0.101320, Y=-0.010973, Z=0.601187, Visibility=1.000000
2025-08-25 02:20:41,991 - INFO -   右眼虹膜边界点:
2025-08-25 02:20:41,991 - INFO -     点1: X=-0.001466, Y=-0.014483, Z=0.601299, Visibility=1.000000
2025-08-25 02:20:41,991 - INFO -     点2: X=-0.012301, Y=-0.023397, Z=0.600705, Visibility=1.000000
2025-08-25 02:20:41,991 - INFO -     点3: X=-0.022712, Y=-0.013561, Z=0.601433, Visibility=1.000000
2025-08-25 02:20:41,991 - INFO -     点4: X=-0.011782, Y=-0.004734, Z=0.600733, Visibility=1.000000
2025-08-25 02:20:41,991 - INFO - 眼睛轮廓: 左眼16个点 | 右眼16个点
2025-08-25 02:20:41,991 - INFO - 眼睛轮廓详细坐标 (显示前5个点):
2025-08-25 02:20:41,991 - INFO -   左眼轮廓点:
2025-08-25 02:20:41,991 - INFO -     点1: X=0.076565, Y=-0.015079, Z=0.600866, Visibility=1.000000
2025-08-25 02:20:41,991 - INFO -     点2: X=0.079586, Y=-0.018054, Z=0.600552, Visibility=1.000000
2025-08-25 02:20:41,991 - INFO -     点3: X=0.086189, Y=-0.022179, Z=0.600521, Visibility=1.000000
2025-08-25 02:20:41,991 - INFO -     点4: X=0.095485, Y=-0.024990, Z=0.600481, Visibility=1.000000
2025-08-25 02:20:41,991 - INFO -     点5: X=0.104666, Y=-0.025751, Z=0.600507, Visibility=1.000000
2025-08-25 02:20:41,991 - INFO -     ... 还有11个点
2025-08-25 02:20:41,991 - INFO -   右眼轮廓点:
2025-08-25 02:20:41,991 - INFO -     点1: X=-0.035924, Y=-0.012058, Z=0.602425, Visibility=1.000000
2025-08-25 02:20:41,991 - INFO -     点2: X=-0.031806, Y=-0.010159, Z=0.601167, Visibility=1.000000
2025-08-25 02:20:41,991 - INFO -     点3: X=-0.027579, Y=-0.009128, Z=0.601127, Visibility=1.000000
2025-08-25 02:20:41,991 - INFO -     点4: X=-0.021694, Y=-0.008139, Z=0.601091, Visibility=1.000000
2025-08-25 02:20:41,991 - INFO -     点5: X=-0.012934, Y=-0.007784, Z=0.600742, Visibility=1.000000
2025-08-25 02:20:41,991 - INFO -     ... 还有11个点
2025-08-25 02:20:41,991 - INFO - --------------------------------------------------
2025-08-25 02:20:41,995 - INFO - 开始RANSAC球体拟合...
2025-08-25 02:20:41,995 - DEBUG - ransac_sphere_eyeball函数开始
2025-08-25 02:20:41,995 - DEBUG - key_coordinates类型: <class 'dict'>
2025-08-25 02:20:41,995 - DEBUG - center_fitter类型: <class 'function'>
2025-08-25 02:20:41,995 - DEBUG - _EyeCenterFitter.__new__: cls._instance=None
2025-08-25 02:20:41,995 - DEBUG - 创建新的单例实例
2025-08-25 02:20:41,995 - DEBUG - _EyeCenterFitter.__init__开始
2025-08-25 02:20:41,995 - DEBUG - key_coordinates类型: <class 'dict'>
2025-08-25 02:20:41,995 - DEBUG - key_coordinates键: ['pupil_center', 'iris_boundaries', 'eye_contours', 'eye_sockets', 'eyelid_points']
2025-08-25 02:20:41,995 - DEBUG - _EyeCenterFitter.__init__完成
2025-08-25 02:20:41,995 - DEBUG - _EyeCenterFitter实例创建成功
2025-08-25 02:20:41,995 - DEBUG - _update_key_coordinates开始
2025-08-25 02:20:41,995 - DEBUG - 新key_coordinates类型: <class 'dict'>
2025-08-25 02:20:41,995 - DEBUG - 新key_coordinates键: ['pupil_center', 'iris_boundaries', 'eye_contours', 'eye_sockets', 'eyelid_points']
2025-08-25 02:20:41,995 - DEBUG - pupil_center: <class 'dict'>
2025-08-25 02:20:41,995 - DEBUG -   left: <class 'numpy.ndarray'>
2025-08-25 02:20:41,995 - DEBUG -     array形状: (4,)
2025-08-25 02:20:41,995 - DEBUG -   right: <class 'numpy.ndarray'>
2025-08-25 02:20:41,995 - DEBUG -     array形状: (4,)
2025-08-25 02:20:41,995 - DEBUG - iris_boundaries: <class 'dict'>
2025-08-25 02:20:41,995 - DEBUG -   left: <class 'list'>
2025-08-25 02:20:41,995 - DEBUG -     list长度: 4
2025-08-25 02:20:41,995 - DEBUG -     第一个元素类型: <class 'numpy.ndarray'>
2025-08-25 02:20:41,995 - DEBUG -   right: <class 'list'>
2025-08-25 02:20:41,995 - DEBUG -     list长度: 4
2025-08-25 02:20:41,999 - DEBUG -     第一个元素类型: <class 'numpy.ndarray'>
2025-08-25 02:20:41,999 - DEBUG - eye_contours: <class 'dict'>
2025-08-25 02:20:41,999 - DEBUG -   left: <class 'list'>
2025-08-25 02:20:41,999 - DEBUG -     list长度: 16
2025-08-25 02:20:41,999 - DEBUG -     第一个元素类型: <class 'numpy.ndarray'>
2025-08-25 02:20:41,999 - DEBUG -   right: <class 'list'>
2025-08-25 02:20:41,999 - DEBUG -     list长度: 16
2025-08-25 02:20:41,999 - DEBUG -     第一个元素类型: <class 'numpy.ndarray'>
2025-08-25 02:20:41,999 - DEBUG - eye_sockets: <class 'dict'>
2025-08-25 02:20:41,999 - DEBUG -   left: <class 'list'>
2025-08-25 02:20:41,999 - DEBUG -     list长度: 10
2025-08-25 02:20:41,999 - DEBUG -     第一个元素类型: <class 'numpy.ndarray'>
2025-08-25 02:20:41,999 - DEBUG -   right: <class 'list'>
2025-08-25 02:20:42,002 - DEBUG -     list长度: 10
2025-08-25 02:20:42,002 - DEBUG -     第一个元素类型: <class 'numpy.ndarray'>
2025-08-25 02:20:42,002 - DEBUG - eyelid_points: <class 'dict'>
2025-08-25 02:20:42,002 - DEBUG -   left: <class 'list'>
2025-08-25 02:20:42,002 - DEBUG -     list长度: 10
2025-08-25 02:20:42,002 - DEBUG -     第一个元素类型: <class 'numpy.ndarray'>
2025-08-25 02:20:42,002 - DEBUG -   right: <class 'list'>
2025-08-25 02:20:42,002 - DEBUG -     list长度: 10
2025-08-25 02:20:42,002 - DEBUG -     第一个元素类型: <class 'numpy.ndarray'>
2025-08-25 02:20:42,002 - DEBUG - _update_key_coordinates完成
2025-08-25 02:20:42,002 - DEBUG - key_coordinates更新成功
2025-08-25 02:20:42,002 - DEBUG - ransac_sphere_eyeball开始
2025-08-25 02:20:42,002 - DEBUG - 当前trials_times: 0
2025-08-25 02:20:42,004 - DEBUG - center_fitter类型: <class 'function'>
2025-08-25 02:20:42,004 - DEBUG - _fit_one_eye开始: eye_key=left
2025-08-25 02:20:42,004 - DEBUG - 更新trials_times: 1
2025-08-25 02:20:42,004 - DEBUG - 开始提取left眼关键点坐标
2025-08-25 02:20:42,004 - DEBUG - _extract_eye_key_coordinates开始: eye_key=left
2025-08-25 02:20:42,009 - DEBUG - self._key_coordinates: {'pupil_center': {'left': array([ 0.1       , -0.02133333,  0.60000002,  1.        ]), 'right': array([-0.012     , -0.01466667,  0.60000002,  1.        ])}, 'iris_boundaries': {'left': [array([ 0.1118696 , -0.02069771,  0.60073137,  1.        ]), array([ 0.10069082, -0.02985568,  0.60063291,  1.        ]), array([ 0.09006899, -0.02018385,  0.60083687,  1.        ]), array([ 0.10131965, -0.01097276,  0.60118675,  1.        ])], 'right': [array([-0.00146567, -0.01448299,  0.60129863,  1.        ]), array([-0.01230099, -0.02339663,  0.60070491,  1.        ]), array([-0.0227122 , -0.01356094,  0.60143298,  1.        ]), array([-0.01178241, -0.00473419,  0.6007331 ,  1.        ])]}, 'eye_contours': {'left': [array([ 0.0765652 , -0.01507862,  0.60086584,  1.        ]), array([ 0.07958645, -0.01805423,  0.60055161,  1.        ]), array([ 0.08618921, -0.02217917,  0.60052127,  1.        ]), array([ 0.09548529, -0.02498963,  0.60048145,  1.        ]), array([ 0.10466563, -0.02575073,  0.6005069 ,  1.        ]), array([ 0.11367607, -0.02461619,  0.60074252,  1.        ]), array([ 0.11934365, -0.02256544,  0.60118181,  1.        ]), array([ 0.122648  , -0.02092342,  0.60124516,  1.        ]), array([ 0.12517633, -0.01952134,  0.60129142,  1.        ]), array([ 0.12153884, -0.01685506,  0.60149366,  1.        ]), array([ 0.11765482, -0.01519318,  0.60126585,  1.        ]), array([ 0.11213361, -0.01349058,  0.60141402,  1.        ]), array([ 0.10339793, -0.01224597,  0.60059619,  1.        ]), array([ 0.09450076, -0.01238757,  0.60074675,  1.        ]), array([ 0.0858557 , -0.01349756,  0.60099077,  1.        ]), array([ 0.07986142, -0.01411711,  0.6008271 ,  1.        ])], 'right': [array([-0.03592393, -0.01205844,  0.60242468,  1.        ]), array([-0.03180574, -0.01015854,  0.60116732,  1.        ]), array([-0.0275785 , -0.0091281 ,  0.60112691,  1.        ]), array([-0.02169398, -0.00813923,  0.60109067,  1.        ]), array([-0.01293442, -0.00778421,  0.60074186,  1.        ]), array([-0.00415141, -0.00857108,  0.60064489,  1.        ]), array([ 0.00421711, -0.01008632,  0.60068583,  1.        ]), array([ 0.00986325, -0.01100278,  0.60081625,  1.        ]), array([ 0.01286089, -0.01193941,  0.60103989,  1.        ]), array([ 0.00979621, -0.01436308,  0.60078418,  1.        ]), array([ 0.00319821, -0.01733875,  0.60078645,  1.        ]), array([-0.00597371, -0.0188742 ,  0.60049015,  1.        ]), array([-0.0146707 , -0.01891069,  0.60096598,  1.        ]), array([-0.02349117, -0.0173149 ,  0.60083216,  1.        ]), array([-0.02936577, -0.01514952,  0.60118246,  1.        ]), array([-0.03294693, -0.0134737 ,  0.60136557,  1.        ])]}, 'eye_sockets': {'left': [array([ 0.14870508, -0.04850566,  0.6029408 ,  1.        ]), array([ 0.13760354, -0.06037577,  0.6015408 ,  1.        ]), array([ 0.12006159, -0.06710479,  0.60038304,  1.        ]), array([ 0.09703291, -0.06716865,  0.59962332,  1.        ]), array([ 0.06990544, -0.06405522,  0.59934187,  1.        ]), array([ 0.06684758, -0.04771016,  0.59928226,  1.        ]), array([ 0.0954382 , -0.05772517,  0.59974599,  1.        ]), array([ 0.11638679, -0.05804253,  0.60006171,  1.        ]), array([ 0.13160004, -0.05297592,  0.60051155,  1.        ]), array([ 0.14210472, -0.04361256,  0.60092777,  1.        ])], 'right': [array([-0.05936422, -0.0368636 ,  0.60115373,  1.        ]), array([-0.04759764, -0.04868499,  0.60062718,  1.        ]), array([-0.03030253, -0.05691531,  0.60020345,  1.        ]), array([-0.00795755, -0.05903233,  0.59942478,  1.        ]), array([ 0.01760682, -0.05846776,  0.59889978,  1.        ]), array([ 0.02147747, -0.04226866,  0.59925234,  1.        ]), array([-0.00579468, -0.0495796 ,  0.59963715,  1.        ]), array([-0.02630246, -0.04816711,  0.60002083,  1.        ]), array([-0.04148496, -0.0419373 ,  0.60053051,  1.        ]), array([-0.05244794, -0.03234338,  0.60135496,  1.        ])]}, 'eyelid_points': {'left': [array([0.1614671 , 0.01240703, 0.60240775, 1.        ]), array([0.14242101, 0.01174456, 0.60123742, 1.        ]), array([0.12870497, 0.01615871, 0.60074157, 1.        ]), array([0.10736967, 0.01498059, 0.60032123, 1.        ]), array([0.09134961, 0.01060922, 0.60026217, 1.        ]), array([0.07903896, 0.00537106, 0.6001457 , 1.        ]), array([0.07652512, 0.02688478, 0.59939486, 1.        ]), array([0.08682117, 0.0355042 , 0.59949064, 1.        ]), array([0.1004401 , 0.04418587, 0.59959579, 1.        ]), array([0.11836124, 0.05724757, 0.59968501, 1.        ])], 'right': [array([-0.07151245,  0.02208426,  0.60137296,  1.        ]), array([-0.05203517,  0.01993335,  0.60205859,  1.        ]), array([-0.03737424,  0.02321429,  0.60076976,  1.        ]), array([-0.01584173,  0.02045692,  0.60037607,  1.        ]), array([-1.48004256e-04,  1.49508343e-02,  6.00285113e-01,  1.00000000e+00]), array([0.01163098, 0.00874342, 0.60005343, 1.        ]), array([0.01275807, 0.02927967, 0.59917557, 1.        ]), array([0.00301437, 0.03858437, 0.59927189, 1.        ]), array([-0.00978161,  0.04829452,  0.59956759,  1.        ]), array([-0.02662827,  0.06280783,  0.59953117,  1.        ])]}}
2025-08-25 02:20:42,009 - DEBUG - 提取瞳孔中心
2025-08-25 02:20:42,009 - DEBUG - pupil_center: {'left': array([ 0.1       , -0.02133333,  0.60000002,  1.        ]), 'right': array([-0.012     , -0.01466667,  0.60000002,  1.        ])}
2025-08-25 02:20:42,009 - DEBUG - pupil_center类型: <class 'dict'>
2025-08-25 02:20:42,009 - DEBUG - eye_pupil: [ 0.1        -0.02133333  0.60000002  1.        ]
2025-08-25 02:20:42,009 - DEBUG - eye_pupil类型: <class 'numpy.ndarray'>
2025-08-25 02:20:42,011 - DEBUG - eye_pupil形状: (4,)
2025-08-25 02:20:42,011 - DEBUG - 提取虹膜边界
2025-08-25 02:20:42,012 - DEBUG - iris_boundaries: {'left': [array([ 0.1118696 , -0.02069771,  0.60073137,  1.        ]), array([ 0.10069082, -0.02985568,  0.60063291,  1.        ]), array([ 0.09006899, -0.02018385,  0.60083687,  1.        ]), array([ 0.10131965, -0.01097276,  0.60118675,  1.        ])], 'right': [array([-0.00146567, -0.01448299,  0.60129863,  1.        ]), array([-0.01230099, -0.02339663,  0.60070491,  1.        ]), array([-0.0227122 , -0.01356094,  0.60143298,  1.        ]), array([-0.01178241, -0.00473419,  0.6007331 ,  1.        ])]}
2025-08-25 02:20:42,012 - DEBUG - iris_boundaries类型: <class 'dict'>
2025-08-25 02:20:42,012 - DEBUG - eye_iris: [array([ 0.1118696 , -0.02069771,  0.60073137,  1.        ]), array([ 0.10069082, -0.02985568,  0.60063291,  1.        ]), array([ 0.09006899, -0.02018385,  0.60083687,  1.        ]), array([ 0.10131965, -0.01097276,  0.60118675,  1.        ])]
2025-08-25 02:20:42,012 - DEBUG - eye_iris类型: <class 'list'>
2025-08-25 02:20:42,012 - DEBUG - eye_iris长度: 4
2025-08-25 02:20:42,012 - DEBUG - 第一个元素类型: <class 'numpy.ndarray'>
2025-08-25 02:20:42,012 - DEBUG - 第一个元素形状: (4,)
2025-08-25 02:20:42,012 - DEBUG - 提取眼睛轮廓
2025-08-25 02:20:42,015 - DEBUG - eye_contours: {'left': [array([ 0.0765652 , -0.01507862,  0.60086584,  1.        ]), array([ 0.07958645, -0.01805423,  0.60055161,  1.        ]), array([ 0.08618921, -0.02217917,  0.60052127,  1.        ]), array([ 0.09548529, -0.02498963,  0.60048145,  1.        ]), array([ 0.10466563, -0.02575073,  0.6005069 ,  1.        ]), array([ 0.11367607, -0.02461619,  0.60074252,  1.        ]), array([ 0.11934365, -0.02256544,  0.60118181,  1.        ]), array([ 0.122648  , -0.02092342,  0.60124516,  1.        ]), array([ 0.12517633, -0.01952134,  0.60129142,  1.        ]), array([ 0.12153884, -0.01685506,  0.60149366,  1.        ]), array([ 0.11765482, -0.01519318,  0.60126585,  1.        ]), array([ 0.11213361, -0.01349058,  0.60141402,  1.        ]), array([ 0.10339793, -0.01224597,  0.60059619,  1.        ]), array([ 0.09450076, -0.01238757,  0.60074675,  1.        ]), array([ 0.0858557 , -0.01349756,  0.60099077,  1.        ]), array([ 0.07986142, -0.01411711,  0.6008271 ,  1.        ])], 'right': [array([-0.03592393, -0.01205844,  0.60242468,  1.        ]), array([-0.03180574, -0.01015854,  0.60116732,  1.        ]), array([-0.0275785 , -0.0091281 ,  0.60112691,  1.        ]), array([-0.02169398, -0.00813923,  0.60109067,  1.        ]), array([-0.01293442, -0.00778421,  0.60074186,  1.        ]), array([-0.00415141, -0.00857108,  0.60064489,  1.        ]), array([ 0.00421711, -0.01008632,  0.60068583,  1.        ]), array([ 0.00986325, -0.01100278,  0.60081625,  1.        ]), array([ 0.01286089, -0.01193941,  0.60103989,  1.        ]), array([ 0.00979621, -0.01436308,  0.60078418,  1.        ]), array([ 0.00319821, -0.01733875,  0.60078645,  1.        ]), array([-0.00597371, -0.0188742 ,  0.60049015,  1.        ]), array([-0.0146707 , -0.01891069,  0.60096598,  1.        ]), array([-0.02349117, -0.0173149 ,  0.60083216,  1.        ]), array([-0.02936577, -0.01514952,  0.60118246,  1.        ]), array([-0.03294693, -0.0134737 ,  0.60136557,  1.        ])]}
2025-08-25 02:20:42,015 - DEBUG - eye_contours类型: <class 'dict'>
2025-08-25 02:20:42,015 - DEBUG - eye_contour: [array([ 0.0765652 , -0.01507862,  0.60086584,  1.        ]), array([ 0.07958645, -0.01805423,  0.60055161,  1.        ]), array([ 0.08618921, -0.02217917,  0.60052127,  1.        ]), array([ 0.09548529, -0.02498963,  0.60048145,  1.        ]), array([ 0.10466563, -0.02575073,  0.6005069 ,  1.        ]), array([ 0.11367607, -0.02461619,  0.60074252,  1.        ]), array([ 0.11934365, -0.02256544,  0.60118181,  1.        ]), array([ 0.122648  , -0.02092342,  0.60124516,  1.        ]), array([ 0.12517633, -0.01952134,  0.60129142,  1.        ]), array([ 0.12153884, -0.01685506,  0.60149366,  1.        ]), array([ 0.11765482, -0.01519318,  0.60126585,  1.        ]), array([ 0.11213361, -0.01349058,  0.60141402,  1.        ]), array([ 0.10339793, -0.01224597,  0.60059619,  1.        ]), array([ 0.09450076, -0.01238757,  0.60074675,  1.        ]), array([ 0.0858557 , -0.01349756,  0.60099077,  1.        ]), array([ 0.07986142, -0.01411711,  0.6008271 ,  1.        ])]
2025-08-25 02:20:42,015 - DEBUG - eye_contour类型: <class 'list'>
2025-08-25 02:20:42,015 - DEBUG - eye_contour长度: 16
2025-08-25 02:20:42,015 - DEBUG - 第一个元素类型: <class 'numpy.ndarray'>
2025-08-25 02:20:42,015 - DEBUG - 第一个元素形状: (4,)
2025-08-25 02:20:42,015 - DEBUG - _extract_eye_key_coordinates完成: {'pupil_center': array([ 0.1       , -0.02133333,  0.60000002,  1.        ]), 'iris_boundaries': [array([ 0.1118696 , -0.02069771,  0.60073137,  1.        ]), array([ 0.10069082, -0.02985568,  0.60063291,  1.        ]), array([ 0.09006899, -0.02018385,  0.60083687,  1.        ]), array([ 0.10131965, -0.01097276,  0.60118675,  1.        ])], 'eye_contours': [array([ 0.0765652 , -0.01507862,  0.60086584,  1.        ]), array([ 0.07958645, -0.01805423,  0.60055161,  1.        ]), array([ 0.08618921, -0.02217917,  0.60052127,  1.        ]), array([ 0.09548529, -0.02498963,  0.60048145,  1.        ]), array([ 0.10466563, -0.02575073,  0.6005069 ,  1.        ]), array([ 0.11367607, -0.02461619,  0.60074252,  1.        ]), array([ 0.11934365, -0.02256544,  0.60118181,  1.        ]), array([ 0.122648  , -0.02092342,  0.60124516,  1.        ]), array([ 0.12517633, -0.01952134,  0.60129142,  1.        ]), array([ 0.12153884, -0.01685506,  0.60149366,  1.        ]), array([ 0.11765482, -0.01519318,  0.60126585,  1.        ]), array([ 0.11213361, -0.01349058,  0.60141402,  1.        ]), array([ 0.10339793, -0.01224597,  0.60059619,  1.        ]), array([ 0.09450076, -0.01238757,  0.60074675,  1.        ]), array([ 0.0858557 , -0.01349756,  0.60099077,  1.        ]), array([ 0.07986142, -0.01411711,  0.6008271 ,  1.        ])]}
2025-08-25 02:20:42,015 - DEBUG - left眼关键点坐标: {'pupil_center': array([ 0.1       , -0.02133333,  0.60000002,  1.        ]), 'iris_boundaries': [array([ 0.1118696 , -0.02069771,  0.60073137,  1.        ]), array([ 0.10069082, -0.02985568,  0.60063291,  1.        ]), array([ 0.09006899, -0.02018385,  0.60083687,  1.        ]), array([ 0.10131965, -0.01097276,  0.60118675,  1.        ])], 'eye_contours': [array([ 0.0765652 , -0.01507862,  0.60086584,  1.        ]), array([ 0.07958645, -0.01805423,  0.60055161,  1.        ]), array([ 0.08618921, -0.02217917,  0.60052127,  1.        ]), array([ 0.09548529, -0.02498963,  0.60048145,  1.        ]), array([ 0.10466563, -0.02575073,  0.6005069 ,  1.        ]), array([ 0.11367607, -0.02461619,  0.60074252,  1.        ]), array([ 0.11934365, -0.02256544,  0.60118181,  1.        ]), array([ 0.122648  , -0.02092342,  0.60124516,  1.        ]), array([ 0.12517633, -0.01952134,  0.60129142,  1.        ]), array([ 0.12153884, -0.01685506,  0.60149366,  1.        ]), array([ 0.11765482, -0.01519318,  0.60126585,  1.        ]), array([ 0.11213361, -0.01349058,  0.60141402,  1.        ]), array([ 0.10339793, -0.01224597,  0.60059619,  1.        ]), array([ 0.09450076, -0.01238757,  0.60074675,  1.        ]), array([ 0.0858557 , -0.01349756,  0.60099077,  1.        ]), array([ 0.07986142, -0.01411711,  0.6008271 ,  1.        ])]}
2025-08-25 02:20:42,015 - DEBUG - 调用center_fitter进行拟合
2025-08-25 02:20:42,015 - DEBUG - 🆕 创建新的CenterFitter单例实例
2025-08-25 02:20:42,015 - DEBUG - CenterFitter单例初始化完成
2025-08-25 02:20:42,015 - INFO - 🔍 开始眼球拟合: trials_times=1, strategy=None
2025-08-25 02:20:42,015 - DEBUG - 🔍 对象状态检查: _initialized=True, _strategy_functions=True
2025-08-25 02:20:42,015 - DEBUG - 🔍 策略函数映射表: ['constrained_lm', 'constrained_ransac_lm', 'ellipsoid_fallback', 'fail']
2025-08-25 02:20:42,015 - INFO - 📋 数据预处理完成: 总点数=21, 平均visibility=1.000
2025-08-25 02:20:42,015 - INFO -   📍 pupil_center: 1点, 平均visibility=1.000
2025-08-25 02:20:42,015 - INFO -   📍 iris_boundaries: 4点, 平均visibility=1.000
2025-08-25 02:20:42,015 - INFO -   📍 eye_contours: 16点, 平均visibility=1.000
2025-08-25 02:20:42,015 - INFO - 📊 自动选择拟合策略: constrained_lm
2025-08-25 02:20:42,015 - INFO - 🚀 执行拟合策略: constrained_lm
2025-08-25 02:20:42,015 - DEBUG - 📊 采样数据已更新: full, 点数=21
2025-08-25 02:20:42,015 - INFO - 📊 全部采样完成: 采样点数=21
2025-08-25 02:20:42,015 - INFO - 📊 使用全部采样策略: 21个点
2025-08-25 02:20:42,015 - INFO - 🔄 开始约束LM优化...
2025-08-25 02:20:42,015 - DEBUG - 🔍 约束优化开始:
2025-08-25 02:20:42,015 - DEBUG -    目标函数: Φ(θ) = F(θ) + (1/2)λ_depth * h(θ)²
2025-08-25 02:20:42,015 - DEBUG -    数据项: F(θ) = (1/2)∑w_i(||p_i - c|| - (r + δ_i))²
2025-08-25 02:20:42,015 - DEBUG -    约束项: h(θ) = max{0, ε + z_max - c_z}
2025-08-25 02:20:42,015 - INFO - 🔧 开始参数初始化...
2025-08-25 02:20:42,015 - DEBUG - 🔍 参数初始化开始:
2025-08-25 02:20:42,015 - INFO - 🔍 虹膜边界点数量: 4
2025-08-25 02:20:42,015 - DEBUG -    虹膜点数据:
2025-08-25 02:20:42,023 - DEBUG -      形状: (4, 3)
2025-08-25 02:20:42,023 - DEBUG -      前3个点: [[ 0.1118696  -0.02069771  0.60073137]
 [ 0.10069082 -0.02985568  0.60063291]
 [ 0.09006899 -0.02018385  0.60083687]]
2025-08-25 02:20:42,023 - DEBUG -      所有点: [[ 0.1118696  -0.02069771  0.60073137]
 [ 0.10069082 -0.02985568  0.60063291]
 [ 0.09006899 -0.02018385  0.60083687]
 [ 0.10131965 -0.01097276  0.60118675]]
2025-08-25 02:20:42,023 - DEBUG -    随机选择3个点，索引: [2 3 0]
2025-08-25 02:20:42,023 - DEBUG -    选中的点:
2025-08-25 02:20:42,023 - DEBUG -      形状: (3, 3)
2025-08-25 02:20:42,023 - DEBUG -      坐标: [[ 0.09006899 -0.02018385  0.60083687]
 [ 0.10131965 -0.01097276  0.60118675]
 [ 0.1118696  -0.02069771  0.60073137]]
2025-08-25 02:20:42,023 - INFO - 🔧 开始2D圆拟合...
2025-08-25 02:20:42,023 - DEBUG - 🔍 2D圆拟合开始:
2025-08-25 02:20:42,026 - DEBUG -    输入点: [[ 0.09006899 -0.02018385  0.60083687]
 [ 0.10131965 -0.01097276  0.60118675]
 [ 0.1118696  -0.02069771  0.60073137]]
2025-08-25 02:20:42,026 - DEBUG -    点数量: 3
2025-08-25 02:20:42,026 - DEBUG -    坐标提取:
2025-08-25 02:20:42,026 - DEBUG -      X坐标: [0.09006899 0.10131965 0.1118696 ]
2025-08-25 02:20:42,026 - DEBUG -      Y坐标: [-0.02018385 -0.01097276 -0.02069771]
2025-08-25 02:20:42,026 - DEBUG -    线性方程组:
2025-08-25 02:20:42,026 - DEBUG -      系数矩阵 A:
[[ 0.18013799 -0.0403677   1.        ]
 [ 0.20263929 -0.02194552  1.        ]
 [ 0.22373919 -0.04139542  1.        ]]
2025-08-25 02:20:42,026 - DEBUG -      常数向量 b: [[0.00851981]
 [0.01038607]
 [0.0129432 ]]
2025-08-25 02:20:42,026 - DEBUG -    线性方程组求解结果:
2025-08-25 02:20:42,026 - DEBUG -      解向量: [[ 0.10093308]
 [-0.02197706]
 [-0.01054923]]
2025-08-25 02:20:42,026 - DEBUG -    圆心和半径计算:
2025-08-25 02:20:42,026 - DEBUG -      圆心X坐标: 0.100933
2025-08-25 02:20:42,026 - DEBUG -      圆心Y坐标: -0.021977
2025-08-25 02:20:42,026 - DEBUG -      圆心: [ 0.10093308 -0.02197706]
2025-08-25 02:20:42,026 - DEBUG -      常数c: -0.010549
2025-08-25 02:20:42,026 - DEBUG -      半径: 0.011011
2025-08-25 02:20:42,026 - DEBUG -    2D圆拟合成功:
2025-08-25 02:20:42,026 - DEBUG -      圆心: [ 0.10093308 -0.02197706]
2025-08-25 02:20:42,029 - DEBUG -      半径: 0.011011
2025-08-25 02:20:42,029 - DEBUG -    2D圆拟合结果:
2025-08-25 02:20:42,029 - DEBUG -      圆心: [ 0.10093308 -0.02197706]
2025-08-25 02:20:42,029 - DEBUG -      半径: 0.011011
2025-08-25 02:20:42,029 - DEBUG -    解剖学约束:
2025-08-25 02:20:42,029 - DEBUG -      虹膜到表面最小距离: 0.000500
2025-08-25 02:20:42,029 - DEBUG -      虹膜到表面最大距离: 0.001200
2025-08-25 02:20:42,029 - DEBUG -    半径计算:
2025-08-25 02:20:42,029 - DEBUG -      默认半径: 0.012000
2025-08-25 02:20:42,029 - DEBUG -      中值距离: 0.000850
2025-08-25 02:20:42,029 - DEBUG -      中值距离+半径 d: 0.012850
2025-08-25 02:20:42,029 - INFO - 🔍 中值距离+半径: 0.013m，2D半径: 0.011m，使用虹膜深度偏移
2025-08-25 02:20:42,029 - DEBUG -    勾股定理计算深度偏移: z = sqrt(0.012850² - 0.011011²) = 0.006624
2025-08-25 02:20:42,029 - DEBUG -    3D球心计算:
2025-08-25 02:20:42,029 - DEBUG -      虹膜点平均Z坐标: 0.600918
2025-08-25 02:20:42,029 - DEBUG -      深度偏移: 0.006624
2025-08-25 02:20:42,029 - DEBUG -      3D球心: [ 0.10093308 -0.02197706  0.60754241]
2025-08-25 02:20:42,032 - DEBUG -    最终初始化参数:
2025-08-25 02:20:42,032 - DEBUG -      球心: [ 0.10093308 -0.02197706  0.60754241]
2025-08-25 02:20:42,032 - DEBUG -      半径: 0.012000
2025-08-25 02:20:42,032 - INFO - 📍 初始中心点: (0.101, -0.022, 0.608)
2025-08-25 02:20:42,032 - INFO - 📏 初始半径: 0.012m
2025-08-25 02:20:42,032 - INFO - ⚙️ 创建约束LM优化器...
2025-08-25 02:20:42,032 - DEBUG - 🔍 约束LM优化器初始化:
2025-08-25 02:20:42,032 - DEBUG -    初始球心: [ 0.10093308 -0.02197706  0.60754241]
2025-08-25 02:20:42,032 - DEBUG -    初始半径: 0.012000
2025-08-25 02:20:42,032 - DEBUG -    参数向量 θ: [[ 0.10093308]
 [-0.02197706]
 [ 0.60754241]
 [ 0.012     ]]
2025-08-25 02:20:42,032 - DEBUG -    样本数量: 21
2025-08-25 02:20:42,032 - DEBUG -    LM配置: LMAlgorithmConfig(lambda_lm=0.01, lambda_factor=10.0, min_lambda=1e-08, max_lambda=100000000.0, max_iterations=30, param_tolerance=5e-06, residual_tolerance=5e-06, max_step=0.01, geometric_weight_factor=10, residual_error_tolerance=0.0005)
2025-08-25 02:20:42,032 - DEBUG -    约束配置: ConstraintConfig(lambda_depth=1000.0, lambda_radius=1.0, radius_prior=0.012, depth_offset_epsilon=0.0002, softplus_tau=0.001, constraint_penalty_factor=1000.0)
2025-08-25 02:20:42,037 - INFO - 🔄 约束LM优化开始: 最大迭代次数=30
2025-08-25 02:20:42,037 - DEBUG - 🔍 优化开始状态:
2025-08-25 02:20:42,037 - DEBUG -    当前参数: [[ 0.10093308]
 [-0.02197706]
 [ 0.60754241]
 [ 0.012     ]]
2025-08-25 02:20:42,037 - DEBUG -    当前球心: [ 0.10093308 -0.02197706  0.60754241]
2025-08-25 02:20:42,037 - DEBUG -    当前半径: 0.012000
2025-08-25 02:20:42,037 - DEBUG -    最大迭代次数: 30
2025-08-25 02:20:42,037 - DEBUG - 🔍 迭代 1/30:
2025-08-25 02:20:42,037 - DEBUG - 🔍 计算点到球心距离: 形状=(21,)
2025-08-25 02:20:42,037 - DEBUG - 🔍 生理偏差向量计算:
2025-08-25 02:20:42,037 - DEBUG -    点类型列表: ['pupil_center', 'iris_boundaries', 'iris_boundaries', 'iris_boundaries', 'iris_boundaries', 'eye_contours', 'eye_contours', 'eye_contours', 'eye_contours', 'eye_contours', 'eye_contours', 'eye_contours', 'eye_contours', 'eye_contours', 'eye_contours', 'eye_contours', 'eye_contours', 'eye_contours', 'eye_contours', 'eye_contours', 'eye_contours']
2025-08-25 02:20:42,037 - DEBUG -    偏差向量: [0.0002  0.00085 0.00085 0.00085 0.00085 0.0015  0.0015  0.0015  0.0015
 0.0015  0.0015  0.0015  0.0015  0.0015  0.0015  0.0015  0.0015  0.0015
 0.0015  0.0015  0.0015 ]
2025-08-25 02:20:42,040 - DEBUG -    向量形状: (21,)
2025-08-25 02:20:42,040 - DEBUG -    偏差统计: 均值=0.001314, 标准差=0.000356
2025-08-25 02:20:42,040 - DEBUG - 获取生理偏差: 点类型=['pupil_center', 'iris_boundaries', 'iris_boundaries', 'iris_boundaries', 'iris_boundaries', 'eye_contours', 'eye_contours', 'eye_contours', 'eye_contours', 'eye_contours', 'eye_contours', 'eye_contours', 'eye_contours', 'eye_contours', 'eye_contours', 'eye_contours', 'eye_contours', 'eye_contours', 'eye_contours', 'eye_contours', 'eye_contours'], 偏差值=[0.0002  0.00085 0.00085 0.00085 0.00085 0.0015  0.0015  0.0015  0.0015
 0.0015  0.0015  0.0015  0.0015  0.0015  0.0015  0.0015  0.0015  0.0015
 0.0015  0.0015  0.0015 ]
2025-08-25 02:20:42,040 - INFO - -----------------------------------------------------------------------------------
2025-08-25 02:20:42,040 - DEBUG - 🔍 拟合残差计算详情:
2025-08-25 02:20:42,040 - DEBUG -    球心坐标: [ 0.10093308 -0.02197706  0.60754241]
2025-08-25 02:20:42,040 - DEBUG -    球体半径: 0.012000
2025-08-25 02:20:42,040 - DEBUG -    采样点数: 21
2025-08-25 02:20:42,040 - DEBUG -    点类型分布: {'eye_contours': 16, 'iris_boundaries': 4, 'pupil_center': 1}
2025-08-25 02:20:42,040 - DEBUG -    理论距离向量: [0.0122  0.01285 0.01285 0.01285 0.01285 0.0135  0.0135  0.0135  0.0135
 0.0135  0.0135  0.0135  0.0135  0.0135  0.0135  0.0135  0.0135  0.0135
 0.0135  0.0135  0.0135 ]
2025-08-25 02:20:42,040 - DEBUG -    实际距离向量: [0.0076271  0.01294737 0.01048202 0.01289218 0.01271371 0.02619081
 0.02280217 0.01633154 0.00941336 0.00881311 0.01468289 0.01948723
 0.02263412 0.02515632 0.02207758 0.01910584 0.01533066 0.01220736
 0.01339829 0.01849739 0.02347103]
2025-08-25 02:20:42,040 - DEBUG -    生理偏差向量: [0.0002  0.00085 0.00085 0.00085 0.00085 0.0015  0.0015  0.0015  0.0015
 0.0015  0.0015  0.0015  0.0015  0.0015  0.0015  0.0015  0.0015  0.0015
 0.0015  0.0015  0.0015 ]
2025-08-25 02:20:42,040 - DEBUG -    残差向量 f(θ): 
[[-4.57289844e-03]
 [ 9.73676628e-05]
 [-2.36798478e-03]
 [ 4.21808423e-05]
 [-1.36287620e-04]
 [ 1.26908113e-02]
 [ 9.30217026e-03]
 [ 2.83153556e-03]
 [-4.08664394e-03]
 [-4.68689003e-03]
 [ 1.18288797e-03]
 [ 5.98723473e-03]
 [ 9.13411680e-03]
 [ 1.16563190e-02]
 [ 8.57758145e-03]
 [ 5.60583572e-03]
 [ 1.83066379e-03]
 [-1.29263891e-03]
 [-1.01708904e-04]
 [ 4.99739128e-03]
 [ 9.97103061e-03]]
2025-08-25 02:20:42,040 - DEBUG -    平均残差范数: 0.001357
2025-08-25 02:20:42,040 - DEBUG -    残差范数=0.028492
2025-08-25 02:20:42,040 - INFO - -----------------------------------------------------------------------------------
2025-08-25 02:20:42,040 - DEBUG - 🔍 深度约束计算详情 (softplus):
2025-08-25 02:20:42,040 - DEBUG -    采样点Z坐标范围: [0.600000, 0.601494]
2025-08-25 02:20:42,040 - DEBUG -    球心Z坐标: 0.607542
2025-08-25 02:20:42,040 - DEBUG -    深度偏移ε: 0.000200
2025-08-25 02:20:42,040 - DEBUG -    softplus参数τ: 0.001000
2025-08-25 02:20:42,040 - DEBUG -    原始违反值: -0.005849
2025-08-25 02:20:42,040 - DEBUG -    softplus输入 u: -5.848758
2025-08-25 02:20:42,040 - DEBUG -    约束惩罚 h(θ): 0.000003
2025-08-25 02:20:42,040 - DEBUG -    🟢 深度约束满足: 球心深度足够
2025-08-25 02:20:42,040 - INFO - -----------------------------------------------------------------------------------
2025-08-25 02:20:42,040 - DEBUG - 🔍 半径惩罚计算详情:
2025-08-25 02:20:42,040 - DEBUG -    当前半径: 0.012000
2025-08-25 02:20:42,040 - DEBUG -    半径先验值: 0.012000
2025-08-25 02:20:42,040 - DEBUG -    半径残差 r(θ): 0.000000
2025-08-25 02:20:42,040 - DEBUG -    数据残差 f(θ): [[-4.57289844e-03]
 [ 9.73676628e-05]
 [-2.36798478e-03]
 [ 4.21808423e-05]
 [-1.36287620e-04]
 [ 1.26908113e-02]
 [ 9.30217026e-03]
 [ 2.83153556e-03]
 [-4.08664394e-03]
 [-4.68689003e-03]
 [ 1.18288797e-03]
 [ 5.98723473e-03]
 [ 9.13411680e-03]
 [ 1.16563190e-02]
 [ 8.57758145e-03]
 [ 5.60583572e-03]
 [ 1.83066379e-03]
 [-1.29263891e-03]
 [-1.01708904e-04]
 [ 4.99739128e-03]
 [ 9.97103061e-03]]
2025-08-25 02:20:42,045 - DEBUG -    约束残差 g(θ): [[2.87932913e-06]]
2025-08-25 02:20:42,045 - DEBUG -    半径残差 r(θ): [[0.]]
2025-08-25 02:20:42,045 - DEBUG - 🔍 首次迭代，无历史状态可比较
2025-08-25 02:20:42,045 - INFO - -----------------------------------------------------------------------------------
2025-08-25 02:20:42,045 - DEBUG - 🔍 权重管理器状态更新详情:
2025-08-25 02:20:42,045 - DEBUG -    当前迭代: 0
2025-08-25 02:20:42,045 - DEBUG -    参数变化: 0.000000 (阈值: 0.000005)
2025-08-25 02:20:42,045 - DEBUG -    残差变化: 0.000000 (阈值: 0.000005)
2025-08-25 02:20:42,045 - DEBUG -    几何权重因子: 10
2025-08-25 02:20:42,045 - DEBUG - ⏸️ 保持图像置信度权重: 参数变化=0.00e+00, 残差变化=0.00e+00
2025-08-25 02:20:42,045 - DEBUG - 状态已保存: 参数=[ 0.10093308 -0.02197706  0.60754241  0.012     ], 残差范数=0.028492
2025-08-25 02:20:42,045 - DEBUG - 🔍 获取visibility信息: 形状=(21,), 范围=[1.000, 1.000]
2025-08-25 02:20:42,045 - DEBUG - 🔧 设置图像置信度权重: 21个点
2025-08-25 02:20:42,045 - DEBUG - 🔍 开始计算权重矩阵:
2025-08-25 02:20:42,045 - DEBUG -    点类型: ['pupil_center', 'iris_boundaries', 'iris_boundaries', 'iris_boundaries', 'iris_boundaries', 'eye_contours', 'eye_contours', 'eye_contours', 'eye_contours', 'eye_contours', 'eye_contours', 'eye_contours', 'eye_contours', 'eye_contours', 'eye_contours', 'eye_contours', 'eye_contours', 'eye_contours', 'eye_contours', 'eye_contours', 'eye_contours']
2025-08-25 02:20:42,045 - DEBUG -    残差向量: 形状=(21,), 范数=0.028492
2025-08-25 02:20:42,045 - DEBUG -    Visibility: 形状=(21,), 均值=1.000
2025-08-25 02:20:42,045 - WARNING - ⚠️ 权重管理器：没有启用几何权重，使用默认全1权重
2025-08-25 02:20:42,048 - WARNING - ⚠️ 权重管理器：没有启用几何权重，使用默认全1权重
2025-08-25 02:20:42,048 - WARNING - ⚠️ 权重管理器：没有启用几何权重，使用默认全1权重
2025-08-25 02:20:42,048 - WARNING - ⚠️ 权重管理器：没有启用几何权重，使用默认全1权重
2025-08-25 02:20:42,048 - WARNING - ⚠️ 权重管理器：没有启用几何权重，使用默认全1权重
2025-08-25 02:20:42,048 - WARNING - ⚠️ 权重管理器：没有启用几何权重，使用默认全1权重
2025-08-25 02:20:42,048 - WARNING - ⚠️ 权重管理器：没有启用几何权重，使用默认全1权重
2025-08-25 02:20:42,048 - WARNING - ⚠️ 权重管理器：没有启用几何权重，使用默认全1权重
2025-08-25 02:20:42,048 - WARNING - ⚠️ 权重管理器：没有启用几何权重，使用默认全1权重
2025-08-25 02:20:42,048 - WARNING - ⚠️ 权重管理器：没有启用几何权重，使用默认全1权重
2025-08-25 02:20:42,048 - WARNING - ⚠️ 权重管理器：没有启用几何权重，使用默认全1权重
2025-08-25 02:20:42,048 - WARNING - ⚠️ 权重管理器：没有启用几何权重，使用默认全1权重
2025-08-25 02:20:42,048 - WARNING - ⚠️ 权重管理器：没有启用几何权重，使用默认全1权重
2025-08-25 02:20:42,048 - WARNING - ⚠️ 权重管理器：没有启用几何权重，使用默认全1权重
2025-08-25 02:20:42,048 - WARNING - ⚠️ 权重管理器：没有启用几何权重，使用默认全1权重
2025-08-25 02:20:42,048 - WARNING - ⚠️ 权重管理器：没有启用几何权重，使用默认全1权重
2025-08-25 02:20:42,048 - WARNING - ⚠️ 权重管理器：没有启用几何权重，使用默认全1权重
2025-08-25 02:20:42,048 - WARNING - ⚠️ 权重管理器：没有启用几何权重，使用默认全1权重
2025-08-25 02:20:42,048 - WARNING - ⚠️ 权重管理器：没有启用几何权重，使用默认全1权重
2025-08-25 02:20:42,048 - WARNING - ⚠️ 权重管理器：没有启用几何权重，使用默认全1权重
2025-08-25 02:20:42,048 - WARNING - ⚠️ 权重管理器：没有启用几何权重，使用默认全1权重
2025-08-25 02:20:42,048 - DEBUG - 🔍 权重矩阵计算成功: 形状=(21, 21)
2025-08-25 02:20:42,048 - DEBUG - 🔍 几何权重统计:
2025-08-25 02:20:42,048 - DEBUG -    权重向量: [[1.]
 [1.]
 [1.]
 [1.]
 [1.]
 [1.]
 [1.]
 [1.]
 [1.]
 [1.]
 [1.]
 [1.]
 [1.]
 [1.]
 [1.]
 [1.]
 [1.]
 [1.]
 [1.]
 [1.]
 [1.]]
2025-08-25 02:20:42,048 - DEBUG -    权重范围: [1.000000, 1.000000]
2025-08-25 02:20:42,048 - DEBUG -    权重均值: 1.000000
2025-08-25 02:20:42,048 - DEBUG -    权重标准差: 0.000000
2025-08-25 02:20:42,048 - DEBUG -    高权重点(>0.8): 21/21
2025-08-25 02:20:42,048 - DEBUG -    低权重点(<0.2): 0/21
2025-08-25 02:20:42,048 - INFO - -----------------------------------------------------------------------------------
2025-08-25 02:20:42,048 - DEBUG - 🔍 开始求解LM更新方程:
2025-08-25 02:20:42,048 - DEBUG -    数据残差: 形状=(21,), 范数=0.028492
2025-08-25 02:20:42,048 - DEBUG -    约束残差: 形状=(1,), 范数=0.000003
2025-08-25 02:20:42,048 - DEBUG - 🔍 计算数据残差雅可比矩阵 J_f: 形状=(21, 4)
2025-08-25 02:20:42,048 - DEBUG - 🔍 J_f矩阵计算完成: 条件数=7.01e+00
2025-08-25 02:20:42,048 - DEBUG - 🔍 深度约束雅可比计算: u=-5.848758, σ=0.002875, J_h=[[ 0.          0.         -0.00287519  0.        ]]
2025-08-25 02:20:42,048 - DEBUG - 🔍 半径先验雅可比: J_r=[[0. 0. 0. 1.]]
2025-08-25 02:20:42,048 - DEBUG - 🔍 使用几何权重矩阵: 形状=(21, 21)
2025-08-25 02:20:42,048 - DEBUG - 🔍 Hessian矩阵计算:
2025-08-25 02:20:42,048 - DEBUG -    H_data = J_f^T W J_f: 形状=(4, 4), 条件数=4.91e+01
2025-08-25 02:20:42,048 - DEBUG -    H_h = λ_depth J_h^T J_h: 形状=(4, 4), λ_depth=1000.0
2025-08-25 02:20:42,048 - DEBUG -    H_r = λ_radius J_r^T J_r: 形状=(4, 4), λ_radius=1.0
2025-08-25 02:20:42,048 - DEBUG -    H_total: 形状=(4, 4), 条件数=3.67e+01
2025-08-25 02:20:42,048 - DEBUG - 🔍 梯度计算:
2025-08-25 02:20:42,048 - DEBUG -    g_data: 形状=(4,), 范数=0.070765
2025-08-25 02:20:42,048 - DEBUG -    g_h: 形状=(4,), 范数=0.000008
2025-08-25 02:20:42,048 - DEBUG -    g_r: 形状=(4,), 范数=0.000000
2025-08-25 02:20:42,048 - DEBUG -    g_total: 形状=(4,), 范数=0.070766
2025-08-25 02:20:42,048 - DEBUG - 🔍 初始化LM阻尼因子: λ_LM = 0.01
2025-08-25 02:20:42,048 - DEBUG - 🔍 LM阻尼矩阵: H_lm = H_total + 0.01 * I
2025-08-25 02:20:42,056 - DEBUG -    H_lm条件数: 3.62e+01
2025-08-25 02:20:42,056 - DEBUG - 🔍 线性方程组求解成功:
2025-08-25 02:20:42,057 - DEBUG -    参数更新向量 Δθ: [[ 0.00027022]
 [-0.0004407 ]
 [-0.01785972]
 [ 0.010901  ]]
2025-08-25 02:20:42,057 - DEBUG -    更新向量范数: 0.020930
2025-08-25 02:20:42,057 - DEBUG -    各分量更新: Δc_x=0.000270, Δc_y=-0.000441, Δc_z=-0.017860, Δr=0.010901
2025-08-25 02:20:42,057 - DEBUG -    参数更新:
2025-08-25 02:20:42,057 - DEBUG -      旧参数: [[ 0.10093308]
 [-0.02197706]
 [ 0.60754241]
 [ 0.012     ]]
2025-08-25 02:20:42,057 - DEBUG -      更新向量: [[ 0.00027022]
 [-0.0004407 ]
 [-0.01785972]
 [ 0.010901  ]]
2025-08-25 02:20:42,057 - DEBUG -      新参数: [[ 0.1012033 ]
 [-0.02241776]
 [ 0.58968269]
 [ 0.022901  ]]
2025-08-25 02:20:42,057 - INFO - -----------------------------------------------------------------------------------
2025-08-25 02:20:42,057 - INFO - 🔍 迭代第0次，球心向左0.270219mm，向上0.440703mm，向前17.859724mm，半径变大10.900995mm
2025-08-25 02:20:42,057 - INFO - 📊 变化前: 中心(0.101, -0.022, 0.608), 半径12.00mm
2025-08-25 02:20:42,057 - INFO - 📊 变化后: 中心(0.101, -0.022, 0.590), 半径22.90mm
2025-08-25 02:20:42,057 - INFO - 📈 变化量: 中心移动0.52mm, 半径变化10.90mm
2025-08-25 02:20:42,057 - INFO - 📍 眼球中心: [ 0.10093308 -0.02197706  0.60754241]
2025-08-25 02:20:42,059 - INFO - 📏 眼球半径: 12.00mm
2025-08-25 02:20:42,059 - INFO - 👁️ 瞳孔中心: [ 0.1        -0.02133333  0.60000002]
2025-08-25 02:20:42,059 - INFO - 📐 眼球中心在瞳孔中心的右0.93mm，上0.64mm，后7.54mm
2025-08-25 02:20:42,059 - INFO - 📏 距离: 7.63mm
2025-08-25 02:20:42,059 - INFO - -----------------------------------------------------------------------------------
2025-08-25 02:20:42,059 - INFO - -----------------------------------------------------------------------------------
2025-08-25 02:20:42,059 - DEBUG - 🔍 参数有效性检查:
2025-08-25 02:20:42,059 - DEBUG -    参数向量: [[ 0.1012033 ]
 [-0.02241776]
 [ 0.58968269]
 [ 0.022901  ]]
2025-08-25 02:20:42,059 - DEBUG -    球心: [ 0.1012033  -0.02241776  0.58968269]
2025-08-25 02:20:42,059 - DEBUG -    半径: 0.022901
2025-08-25 02:20:42,059 - DEBUG - 🔍 初始化函数值 Φ(θ): 0.000406
2025-08-25 02:20:42,059 - DEBUG - 🔍 参数有效: True
2025-08-25 02:20:42,059 - DEBUG -    参数更新成功:
2025-08-25 02:20:42,059 - DEBUG -      新球心: [ 0.1012033  -0.02241776  0.58968269]
2025-08-25 02:20:42,059 - DEBUG -      新半径: 0.022901
2025-08-25 02:20:42,059 - INFO - -----------------------------------------------------------------------------------
2025-08-25 02:20:42,059 - DEBUG - 🔍 LM收敛性检查:
2025-08-25 02:20:42,059 - DEBUG -    当前迭代次数: 0
2025-08-25 02:20:42,062 - DEBUG -    最大迭代次数: 30
2025-08-25 02:20:42,062 - DEBUG -    参数变化: 0.020930
2025-08-25 02:20:42,062 - DEBUG -    参数容忍度: 5e-06
2025-08-25 02:20:42,062 - DEBUG -    残差变化: 0.000000
2025-08-25 02:20:42,062 - DEBUG -    残差容忍度: 5e-06
2025-08-25 02:20:42,062 - DEBUG - 🔍 迭代 2/30:
2025-08-25 02:20:42,062 - DEBUG - 🔍 计算点到球心距离: 形状=(21,)
2025-08-25 02:20:42,062 - DEBUG - 🔍 生理偏差向量计算:
2025-08-25 02:20:42,062 - DEBUG -    点类型列表: ['pupil_center', 'iris_boundaries', 'iris_boundaries', 'iris_boundaries', 'iris_boundaries', 'eye_contours', 'eye_contours', 'eye_contours', 'eye_contours', 'eye_contours', 'eye_contours', 'eye_contours', 'eye_contours', 'eye_contours', 'eye_contours', 'eye_contours', 'eye_contours', 'eye_contours', 'eye_contours', 'eye_contours', 'eye_contours']
2025-08-25 02:20:42,062 - DEBUG -    偏差向量: [0.0002  0.00085 0.00085 0.00085 0.00085 0.0015  0.0015  0.0015  0.0015
 0.0015  0.0015  0.0015  0.0015  0.0015  0.0015  0.0015  0.0015  0.0015
 0.0015  0.0015  0.0015 ]
2025-08-25 02:20:42,062 - DEBUG -    向量形状: (21,)
2025-08-25 02:20:42,064 - DEBUG -    偏差统计: 均值=0.001314, 标准差=0.000356
2025-08-25 02:20:42,064 - DEBUG - 获取生理偏差: 点类型=['pupil_center', 'iris_boundaries', 'iris_boundaries', 'iris_boundaries', 'iris_boundaries', 'eye_contours', 'eye_contours', 'eye_contours', 'eye_contours', 'eye_contours', 'eye_contours', 'eye_contours', 'eye_contours', 'eye_contours', 'eye_contours', 'eye_contours', 'eye_contours', 'eye_contours', 'eye_contours', 'eye_contours', 'eye_contours'], 偏差值=[0.0002  0.00085 0.00085 0.00085 0.00085 0.0015  0.0015  0.0015  0.0015
 0.0015  0.0015  0.0015  0.0015  0.0015  0.0015  0.0015  0.0015  0.0015
 0.0015  0.0015  0.0015 ]
2025-08-25 02:20:42,064 - INFO - -----------------------------------------------------------------------------------
2025-08-25 02:20:42,064 - DEBUG - 🔍 拟合残差计算详情:
2025-08-25 02:20:42,064 - DEBUG -    球心坐标: [ 0.1012033  -0.02241776  0.58968269]
2025-08-25 02:20:42,064 - DEBUG -    球体半径: 0.022901
2025-08-25 02:20:42,064 - DEBUG -    采样点数: 21
2025-08-25 02:20:42,064 - DEBUG -    点类型分布: {'eye_contours': 16, 'iris_boundaries': 4, 'pupil_center': 1}
2025-08-25 02:20:42,064 - DEBUG -    理论距离向量: [0.023101 0.023751 0.023751 0.023751 0.023751 0.024401 0.024401 0.024401
 0.024401 0.024401 0.024401 0.024401 0.024401 0.024401 0.024401 0.024401
 0.024401 0.024401 0.024401 0.024401 0.024401]
2025-08-25 02:20:42,064 - DEBUG -    实际距离向量: [0.01044372 0.01545321 0.01324736 0.01591788 0.01622791 0.02803501
 0.02458581 0.01851903 0.01248693 0.01184314 0.01681436 0.02147844
 0.024409   0.02679287 0.02416561 0.02137795 0.01835185 0.01507933
 0.01636894 0.02104737 0.02546713]
2025-08-25 02:20:42,064 - DEBUG -    生理偏差向量: [0.0002  0.00085 0.00085 0.00085 0.00085 0.0015  0.0015  0.0015  0.0015
 0.0015  0.0015  0.0015  0.0015  0.0015  0.0015  0.0015  0.0015  0.0015
 0.0015  0.0015  0.0015 ]
2025-08-25 02:20:42,064 - DEBUG -    残差向量 f(θ): 
[[-1.26572758e-02]
 [-8.29778279e-03]
 [-1.05036385e-02]
 [-7.83311308e-03]
 [-7.52308577e-03]
 [ 3.63401301e-03]
 [ 1.84818364e-04]
 [-5.88196455e-03]
 [-1.19140657e-02]
 [-1.25578575e-02]
 [-7.58663453e-03]
 [-2.92255311e-03]
 [ 8.00018569e-06]
 [ 2.39187219e-03]
 [-2.35385064e-04]
 [-3.02304583e-03]
 [-6.04914603e-03]
 [-9.32166312e-03]
 [-8.03205139e-03]
 [-3.35362769e-03]
 [ 1.06613214e-03]]
2025-08-25 02:20:42,064 - DEBUG -    平均残差范数: 0.001569
2025-08-25 02:20:42,064 - DEBUG -    残差范数=0.032958
2025-08-25 02:20:42,064 - INFO - -----------------------------------------------------------------------------------
2025-08-25 02:20:42,064 - DEBUG - 🔍 深度约束计算详情 (softplus):
2025-08-25 02:20:42,064 - DEBUG -    采样点Z坐标范围: [0.600000, 0.601494]
2025-08-25 02:20:42,064 - DEBUG -    球心Z坐标: 0.589683
2025-08-25 02:20:42,064 - DEBUG -    深度偏移ε: 0.000200
2025-08-25 02:20:42,064 - DEBUG -    softplus参数τ: 0.001000
2025-08-25 02:20:42,064 - DEBUG -    原始违反值: 0.012011
2025-08-25 02:20:42,064 - DEBUG -    softplus输入 u: 12.010966
2025-08-25 02:20:42,064 - DEBUG -    约束惩罚 h(θ): 0.012011
2025-08-25 02:20:42,064 - DEBUG -    🔴 深度约束被违反: 球心过浅
2025-08-25 02:20:42,064 - INFO - -----------------------------------------------------------------------------------
2025-08-25 02:20:42,064 - DEBUG - 🔍 半径惩罚计算详情:
2025-08-25 02:20:42,064 - DEBUG -    当前半径: 0.022901
2025-08-25 02:20:42,064 - DEBUG -    半径先验值: 0.012000
2025-08-25 02:20:42,064 - DEBUG -    半径残差 r(θ): 0.010901
2025-08-25 02:20:42,064 - DEBUG -    数据残差 f(θ): [[-1.26572758e-02]
 [-8.29778279e-03]
 [-1.05036385e-02]
 [-7.83311308e-03]
 [-7.52308577e-03]
 [ 3.63401301e-03]
 [ 1.84818364e-04]
 [-5.88196455e-03]
 [-1.19140657e-02]
 [-1.25578575e-02]
 [-7.58663453e-03]
 [-2.92255311e-03]
 [ 8.00018569e-06]
 [ 2.39187219e-03]
 [-2.35385064e-04]
 [-3.02304583e-03]
 [-6.04914603e-03]
 [-9.32166312e-03]
 [-8.03205139e-03]
 [-3.35362769e-03]
 [ 1.06613214e-03]]
2025-08-25 02:20:42,064 - DEBUG -    约束残差 g(θ): [[0.01201097]]
2025-08-25 02:20:42,064 - DEBUG -    半径残差 r(θ): [[0.010901]]
2025-08-25 02:20:42,064 - DEBUG - 🔍 状态变化计算: 参数变化=0.020930, 残差变化=0.004466
2025-08-25 02:20:42,064 - INFO - -----------------------------------------------------------------------------------
2025-08-25 02:20:42,064 - DEBUG - 🔍 权重管理器状态更新详情:
2025-08-25 02:20:42,064 - DEBUG -    当前迭代: 1
2025-08-25 02:20:42,064 - DEBUG -    参数变化: 0.020930 (阈值: 0.000005)
2025-08-25 02:20:42,064 - DEBUG -    残差变化: 0.004466 (阈值: 0.000005)
2025-08-25 02:20:42,064 - DEBUG -    几何权重因子: 10
2025-08-25 02:20:42,064 - DEBUG - ⏸️ 保持图像置信度权重: 参数变化=2.09e-02, 残差变化=4.47e-03
2025-08-25 02:20:42,072 - DEBUG - 状态已保存: 参数=[ 0.1012033  -0.02241776  0.58968269  0.022901  ], 残差范数=0.032958
2025-08-25 02:20:42,072 - DEBUG - 🔍 获取visibility信息: 形状=(21,), 范围=[1.000, 1.000]
2025-08-25 02:20:42,072 - DEBUG - 🔧 设置图像置信度权重: 21个点
2025-08-25 02:20:42,072 - DEBUG - 🔍 开始计算权重矩阵:
2025-08-25 02:20:42,072 - DEBUG -    点类型: ['pupil_center', 'iris_boundaries', 'iris_boundaries', 'iris_boundaries', 'iris_boundaries', 'eye_contours', 'eye_contours', 'eye_contours', 'eye_contours', 'eye_contours', 'eye_contours', 'eye_contours', 'eye_contours', 'eye_contours', 'eye_contours', 'eye_contours', 'eye_contours', 'eye_contours', 'eye_contours', 'eye_contours', 'eye_contours']
2025-08-25 02:20:42,072 - DEBUG -    残差向量: 形状=(21,), 范数=0.032958
2025-08-25 02:20:42,072 - DEBUG -    Visibility: 形状=(21,), 均值=1.000
2025-08-25 02:20:42,072 - WARNING - ⚠️ 权重管理器：没有启用几何权重，使用默认全1权重
2025-08-25 02:20:42,072 - WARNING - ⚠️ 权重管理器：没有启用几何权重，使用默认全1权重
2025-08-25 02:20:42,072 - WARNING - ⚠️ 权重管理器：没有启用几何权重，使用默认全1权重
2025-08-25 02:20:42,072 - WARNING - ⚠️ 权重管理器：没有启用几何权重，使用默认全1权重
2025-08-25 02:20:42,072 - WARNING - ⚠️ 权重管理器：没有启用几何权重，使用默认全1权重
2025-08-25 02:20:42,072 - WARNING - ⚠️ 权重管理器：没有启用几何权重，使用默认全1权重
2025-08-25 02:20:42,072 - WARNING - ⚠️ 权重管理器：没有启用几何权重，使用默认全1权重
2025-08-25 02:20:42,072 - WARNING - ⚠️ 权重管理器：没有启用几何权重，使用默认全1权重
2025-08-25 02:20:42,074 - WARNING - ⚠️ 权重管理器：没有启用几何权重，使用默认全1权重
2025-08-25 02:20:42,074 - WARNING - ⚠️ 权重管理器：没有启用几何权重，使用默认全1权重
2025-08-25 02:20:42,074 - WARNING - ⚠️ 权重管理器：没有启用几何权重，使用默认全1权重
2025-08-25 02:20:42,074 - WARNING - ⚠️ 权重管理器：没有启用几何权重，使用默认全1权重
2025-08-25 02:20:42,074 - WARNING - ⚠️ 权重管理器：没有启用几何权重，使用默认全1权重
2025-08-25 02:20:42,074 - WARNING - ⚠️ 权重管理器：没有启用几何权重，使用默认全1权重
2025-08-25 02:20:42,074 - WARNING - ⚠️ 权重管理器：没有启用几何权重，使用默认全1权重
2025-08-25 02:20:42,074 - WARNING - ⚠️ 权重管理器：没有启用几何权重，使用默认全1权重
2025-08-25 02:20:42,074 - WARNING - ⚠️ 权重管理器：没有启用几何权重，使用默认全1权重
2025-08-25 02:20:42,074 - WARNING - ⚠️ 权重管理器：没有启用几何权重，使用默认全1权重
2025-08-25 02:20:42,074 - WARNING - ⚠️ 权重管理器：没有启用几何权重，使用默认全1权重
2025-08-25 02:20:42,074 - WARNING - ⚠️ 权重管理器：没有启用几何权重，使用默认全1权重
2025-08-25 02:20:42,074 - WARNING - ⚠️ 权重管理器：没有启用几何权重，使用默认全1权重
2025-08-25 02:20:42,074 - DEBUG - 🔍 权重矩阵计算成功: 形状=(21, 21)
2025-08-25 02:20:42,074 - DEBUG - 🔍 几何权重统计:
2025-08-25 02:20:42,076 - DEBUG -    权重向量: [[1.]
 [1.]
 [1.]
 [1.]
 [1.]
 [1.]
 [1.]
 [1.]
 [1.]
 [1.]
 [1.]
 [1.]
 [1.]
 [1.]
 [1.]
 [1.]
 [1.]
 [1.]
 [1.]
 [1.]
 [1.]]
2025-08-25 02:20:42,076 - DEBUG -    权重范围: [1.000000, 1.000000]
2025-08-25 02:20:42,076 - DEBUG -    权重均值: 1.000000
2025-08-25 02:20:42,076 - DEBUG -    权重标准差: 0.000000
2025-08-25 02:20:42,076 - DEBUG -    高权重点(>0.8): 21/21
2025-08-25 02:20:42,076 - DEBUG -    低权重点(<0.2): 0/21
2025-08-25 02:20:42,076 - INFO - -----------------------------------------------------------------------------------
2025-08-25 02:20:42,076 - DEBUG - 🔍 开始求解LM更新方程:
2025-08-25 02:20:42,076 - DEBUG -    数据残差: 形状=(21,), 范数=0.032958
2025-08-25 02:20:42,076 - DEBUG -    约束残差: 形状=(1,), 范数=0.012011
2025-08-25 02:20:42,076 - DEBUG - 🔍 计算数据残差雅可比矩阵 J_f: 形状=(21, 4)
2025-08-25 02:20:42,078 - DEBUG - 🔍 J_f矩阵计算完成: 条件数=9.37e+00
2025-08-25 02:20:42,078 - DEBUG - 🔍 深度约束雅可比计算: u=12.010966, σ=0.999994, J_h=[[ 0.          0.         -0.99999392  0.        ]]
2025-08-25 02:20:42,078 - DEBUG - 🔍 半径先验雅可比: J_r=[[0. 0. 0. 1.]]
2025-08-25 02:20:42,078 - DEBUG - 🔍 使用几何权重矩阵: 形状=(21, 21)
2025-08-25 02:20:42,078 - DEBUG - 🔍 Hessian矩阵计算:
2025-08-25 02:20:42,078 - DEBUG -    H_data = J_f^T W J_f: 形状=(4, 4), 条件数=8.77e+01
2025-08-25 02:20:42,078 - DEBUG -    H_h = λ_depth J_h^T J_h: 形状=(4, 4), λ_depth=1000.0
2025-08-25 02:20:42,078 - DEBUG -    H_r = λ_radius J_r^T J_r: 形状=(4, 4), λ_radius=1.0
2025-08-25 02:20:42,078 - DEBUG -    H_total: 形状=(4, 4), 条件数=5.16e+02
2025-08-25 02:20:42,078 - DEBUG - 🔍 梯度计算:
2025-08-25 02:20:42,080 - DEBUG -    g_data: 形状=(4,), 范数=0.140595
2025-08-25 02:20:42,080 - DEBUG -    g_h: 形状=(4,), 范数=12.010899
2025-08-25 02:20:42,080 - DEBUG -    g_r: 形状=(4,), 范数=0.010901
2025-08-25 02:20:42,080 - DEBUG -    g_total: 形状=(4,), 范数=12.097791
2025-08-25 02:20:42,081 - DEBUG - 🔍 LM阻尼矩阵: H_lm = H_total + 0.01 * I
2025-08-25 02:20:42,081 - DEBUG -    H_lm条件数: 5.13e+02
2025-08-25 02:20:42,082 - DEBUG - 🔍 线性方程组求解成功:
2025-08-25 02:20:42,082 - DEBUG -    参数更新向量 Δθ: [[-0.00028415]
 [-0.00305328]
 [ 0.01201181]
 [ 0.00123206]]
2025-08-25 02:20:42,082 - DEBUG -    更新向量范数: 0.012458
2025-08-25 02:20:42,082 - DEBUG -    各分量更新: Δc_x=-0.000284, Δc_y=-0.003053, Δc_z=0.012012, Δr=0.001232
2025-08-25 02:20:42,082 - DEBUG -    参数更新:
2025-08-25 02:20:42,082 - DEBUG -      旧参数: [[ 0.1012033 ]
 [-0.02241776]
 [ 0.58968269]
 [ 0.022901  ]]
2025-08-25 02:20:42,082 - DEBUG -      更新向量: [[-0.00028415]
 [-0.00305328]
 [ 0.01201181]
 [ 0.00123206]]
2025-08-25 02:20:42,082 - DEBUG -      新参数: [[ 0.10091915]
 [-0.02547104]
 [ 0.6016945 ]
 [ 0.02413305]]
2025-08-25 02:20:42,082 - INFO - -----------------------------------------------------------------------------------
2025-08-25 02:20:42,082 - INFO - 🔍 迭代第1次，球心向右0.284155mm，向上3.053277mm，向后12.011807mm，半径变大1.232056mm
2025-08-25 02:20:42,082 - INFO - 📊 变化前: 中心(0.101, -0.022, 0.590), 半径22.90mm
2025-08-25 02:20:42,082 - INFO - 📊 变化后: 中心(0.101, -0.025, 0.602), 半径24.13mm
2025-08-25 02:20:42,082 - INFO - 📈 变化量: 中心移动3.07mm, 半径变化1.23mm
2025-08-25 02:20:42,082 - INFO - 📍 眼球中心: [ 0.1012033  -0.02241776  0.58968269]
2025-08-25 02:20:42,082 - INFO - 📏 眼球半径: 22.90mm
2025-08-25 02:20:42,082 - INFO - 👁️ 瞳孔中心: [ 0.1        -0.02133333  0.60000002]
2025-08-25 02:20:42,082 - INFO - 📐 眼球中心在瞳孔中心的右1.20mm，上1.08mm，前10.32mm
2025-08-25 02:20:42,082 - INFO - 📏 距离: 10.44mm
2025-08-25 02:20:42,082 - INFO - -----------------------------------------------------------------------------------
2025-08-25 02:20:42,082 - INFO - -----------------------------------------------------------------------------------
2025-08-25 02:20:42,082 - DEBUG - 🔍 参数有效性检查:
2025-08-25 02:20:42,082 - DEBUG -    参数向量: [[ 0.10091915]
 [-0.02547104]
 [ 0.6016945 ]
 [ 0.02413305]]
2025-08-25 02:20:42,082 - DEBUG -    球心: [ 0.10091915 -0.02547104  0.6016945 ]
2025-08-25 02:20:42,082 - DEBUG -    半径: 0.024133
2025-08-25 02:20:42,082 - DEBUG - 🔍 函数值计算详情:
2025-08-25 02:20:42,082 - DEBUG -    数据项 F(θ): 0.000543
2025-08-25 02:20:42,082 - DEBUG -    深度约束项: 0.072132
2025-08-25 02:20:42,082 - DEBUG -    半径先验项: 0.000059
2025-08-25 02:20:42,082 - DEBUG -    总函数值 Φ(θ): 0.072734
2025-08-25 02:20:42,082 - DEBUG -    函数值改善: -0.072328
2025-08-25 02:20:42,082 - DEBUG - 🔍 参数有效: False
2025-08-25 02:20:42,082 - DEBUG -    参数无效，阻尼因子调整: λ_LM = 1.00e-01
2025-08-25 02:20:42,082 - DEBUG - 🔍 迭代 3/30:
2025-08-25 02:20:42,082 - DEBUG - 🔍 计算点到球心距离: 形状=(21,)
2025-08-25 02:20:42,082 - DEBUG - 🔍 生理偏差向量计算:
2025-08-25 02:20:42,082 - DEBUG -    点类型列表: ['pupil_center', 'iris_boundaries', 'iris_boundaries', 'iris_boundaries', 'iris_boundaries', 'eye_contours', 'eye_contours', 'eye_contours', 'eye_contours', 'eye_contours', 'eye_contours', 'eye_contours', 'eye_contours', 'eye_contours', 'eye_contours', 'eye_contours', 'eye_contours', 'eye_contours', 'eye_contours', 'eye_contours', 'eye_contours']
2025-08-25 02:20:42,082 - DEBUG -    偏差向量: [0.0002  0.00085 0.00085 0.00085 0.00085 0.0015  0.0015  0.0015  0.0015
 0.0015  0.0015  0.0015  0.0015  0.0015  0.0015  0.0015  0.0015  0.0015
 0.0015  0.0015  0.0015 ]
2025-08-25 02:20:42,082 - DEBUG -    向量形状: (21,)
2025-08-25 02:20:42,082 - DEBUG -    偏差统计: 均值=0.001314, 标准差=0.000356
2025-08-25 02:20:42,088 - DEBUG - 获取生理偏差: 点类型=['pupil_center', 'iris_boundaries', 'iris_boundaries', 'iris_boundaries', 'iris_boundaries', 'eye_contours', 'eye_contours', 'eye_contours', 'eye_contours', 'eye_contours', 'eye_contours', 'eye_contours', 'eye_contours', 'eye_contours', 'eye_contours', 'eye_contours', 'eye_contours', 'eye_contours', 'eye_contours', 'eye_contours', 'eye_contours'], 偏差值=[0.0002  0.00085 0.00085 0.00085 0.00085 0.0015  0.0015  0.0015  0.0015
 0.0015  0.0015  0.0015  0.0015  0.0015  0.0015  0.0015  0.0015  0.0015
 0.0015  0.0015  0.0015 ]
2025-08-25 02:20:42,088 - INFO - -----------------------------------------------------------------------------------
2025-08-25 02:20:42,088 - DEBUG - 🔍 拟合残差计算详情:
2025-08-25 02:20:42,088 - DEBUG -    球心坐标: [ 0.1012033  -0.02241776  0.58968269]
2025-08-25 02:20:42,088 - DEBUG -    球体半径: 0.022901
2025-08-25 02:20:42,088 - DEBUG -    采样点数: 21
2025-08-25 02:20:42,088 - DEBUG -    点类型分布: {'eye_contours': 16, 'iris_boundaries': 4, 'pupil_center': 1}
2025-08-25 02:20:42,088 - DEBUG -    理论距离向量: [0.023101 0.023751 0.023751 0.023751 0.023751 0.024401 0.024401 0.024401
 0.024401 0.024401 0.024401 0.024401 0.024401 0.024401 0.024401 0.024401
 0.024401 0.024401 0.024401 0.024401 0.024401]
2025-08-25 02:20:42,088 - DEBUG -    实际距离向量: [0.01044372 0.01545321 0.01324736 0.01591788 0.01622791 0.02803501
 0.02458581 0.01851903 0.01248693 0.01184314 0.01681436 0.02147844
 0.024409   0.02679287 0.02416561 0.02137795 0.01835185 0.01507933
 0.01636894 0.02104737 0.02546713]
2025-08-25 02:20:42,088 - DEBUG -    生理偏差向量: [0.0002  0.00085 0.00085 0.00085 0.00085 0.0015  0.0015  0.0015  0.0015
 0.0015  0.0015  0.0015  0.0015  0.0015  0.0015  0.0015  0.0015  0.0015
 0.0015  0.0015  0.0015 ]
2025-08-25 02:20:42,088 - DEBUG -    残差向量 f(θ): 
[[-1.26572758e-02]
 [-8.29778279e-03]
 [-1.05036385e-02]
 [-7.83311308e-03]
 [-7.52308577e-03]
 [ 3.63401301e-03]
 [ 1.84818364e-04]
 [-5.88196455e-03]
 [-1.19140657e-02]
 [-1.25578575e-02]
 [-7.58663453e-03]
 [-2.92255311e-03]
 [ 8.00018569e-06]
 [ 2.39187219e-03]
 [-2.35385064e-04]
 [-3.02304583e-03]
 [-6.04914603e-03]
 [-9.32166312e-03]
 [-8.03205139e-03]
 [-3.35362769e-03]
 [ 1.06613214e-03]]
2025-08-25 02:20:42,088 - DEBUG -    平均残差范数: 0.001569
2025-08-25 02:20:42,088 - DEBUG -    残差范数=0.032958
2025-08-25 02:20:42,088 - INFO - -----------------------------------------------------------------------------------
2025-08-25 02:20:42,088 - DEBUG - 🔍 深度约束计算详情 (softplus):
2025-08-25 02:20:42,088 - DEBUG -    采样点Z坐标范围: [0.600000, 0.601494]
2025-08-25 02:20:42,088 - DEBUG -    球心Z坐标: 0.589683
2025-08-25 02:20:42,088 - DEBUG -    深度偏移ε: 0.000200
2025-08-25 02:20:42,088 - DEBUG -    softplus参数τ: 0.001000
2025-08-25 02:20:42,088 - DEBUG -    原始违反值: 0.012011
2025-08-25 02:20:42,088 - DEBUG -    softplus输入 u: 12.010966
2025-08-25 02:20:42,088 - DEBUG -    约束惩罚 h(θ): 0.012011
2025-08-25 02:20:42,088 - DEBUG -    🔴 深度约束被违反: 球心过浅
2025-08-25 02:20:42,088 - INFO - -----------------------------------------------------------------------------------
2025-08-25 02:20:42,088 - DEBUG - 🔍 半径惩罚计算详情:
2025-08-25 02:20:42,088 - DEBUG -    当前半径: 0.022901
2025-08-25 02:20:42,088 - DEBUG -    半径先验值: 0.012000
2025-08-25 02:20:42,088 - DEBUG -    半径残差 r(θ): 0.010901
2025-08-25 02:20:42,088 - DEBUG -    数据残差 f(θ): [[-1.26572758e-02]
 [-8.29778279e-03]
 [-1.05036385e-02]
 [-7.83311308e-03]
 [-7.52308577e-03]
 [ 3.63401301e-03]
 [ 1.84818364e-04]
 [-5.88196455e-03]
 [-1.19140657e-02]
 [-1.25578575e-02]
 [-7.58663453e-03]
 [-2.92255311e-03]
 [ 8.00018569e-06]
 [ 2.39187219e-03]
 [-2.35385064e-04]
 [-3.02304583e-03]
 [-6.04914603e-03]
 [-9.32166312e-03]
 [-8.03205139e-03]
 [-3.35362769e-03]
 [ 1.06613214e-03]]
2025-08-25 02:20:42,088 - DEBUG -    约束残差 g(θ): [[0.01201097]]
2025-08-25 02:20:42,088 - DEBUG -    半径残差 r(θ): [[0.010901]]
2025-08-25 02:20:42,088 - DEBUG - 🔍 状态变化计算: 参数变化=0.000000, 残差变化=0.000000
2025-08-25 02:20:42,088 - INFO - -----------------------------------------------------------------------------------
2025-08-25 02:20:42,088 - DEBUG - 🔍 权重管理器状态更新详情:
2025-08-25 02:20:42,088 - DEBUG -    当前迭代: 2
2025-08-25 02:20:42,088 - DEBUG -    参数变化: 0.000000 (阈值: 0.000005)
2025-08-25 02:20:42,088 - DEBUG -    残差变化: 0.000000 (阈值: 0.000005)
2025-08-25 02:20:42,088 - DEBUG -    几何权重因子: 10
2025-08-25 02:20:42,095 - DEBUG - ⏸️ 保持图像置信度权重: 参数变化=0.00e+00, 残差变化=0.00e+00
2025-08-25 02:20:42,095 - DEBUG - 状态已保存: 参数=[ 0.1012033  -0.02241776  0.58968269  0.022901  ], 残差范数=0.032958
2025-08-25 02:20:42,095 - DEBUG - 🔍 获取visibility信息: 形状=(21,), 范围=[1.000, 1.000]
2025-08-25 02:20:42,095 - DEBUG - 🔧 设置图像置信度权重: 21个点
2025-08-25 02:20:42,095 - DEBUG - 🔍 开始计算权重矩阵:
2025-08-25 02:20:42,095 - DEBUG -    点类型: ['pupil_center', 'iris_boundaries', 'iris_boundaries', 'iris_boundaries', 'iris_boundaries', 'eye_contours', 'eye_contours', 'eye_contours', 'eye_contours', 'eye_contours', 'eye_contours', 'eye_contours', 'eye_contours', 'eye_contours', 'eye_contours', 'eye_contours', 'eye_contours', 'eye_contours', 'eye_contours', 'eye_contours', 'eye_contours']
2025-08-25 02:20:42,095 - DEBUG -    残差向量: 形状=(21,), 范数=0.032958
2025-08-25 02:20:42,095 - DEBUG -    Visibility: 形状=(21,), 均值=1.000
2025-08-25 02:20:42,095 - WARNING - ⚠️ 权重管理器：没有启用几何权重，使用默认全1权重
2025-08-25 02:20:42,097 - WARNING - ⚠️ 权重管理器：没有启用几何权重，使用默认全1权重
2025-08-25 02:20:42,097 - WARNING - ⚠️ 权重管理器：没有启用几何权重，使用默认全1权重
2025-08-25 02:20:42,097 - WARNING - ⚠️ 权重管理器：没有启用几何权重，使用默认全1权重
2025-08-25 02:20:42,097 - WARNING - ⚠️ 权重管理器：没有启用几何权重，使用默认全1权重
2025-08-25 02:20:42,097 - WARNING - ⚠️ 权重管理器：没有启用几何权重，使用默认全1权重
2025-08-25 02:20:42,097 - WARNING - ⚠️ 权重管理器：没有启用几何权重，使用默认全1权重
2025-08-25 02:20:42,097 - WARNING - ⚠️ 权重管理器：没有启用几何权重，使用默认全1权重
2025-08-25 02:20:42,097 - WARNING - ⚠️ 权重管理器：没有启用几何权重，使用默认全1权重
2025-08-25 02:20:42,097 - WARNING - ⚠️ 权重管理器：没有启用几何权重，使用默认全1权重
2025-08-25 02:20:42,097 - WARNING - ⚠️ 权重管理器：没有启用几何权重，使用默认全1权重
2025-08-25 02:20:42,097 - WARNING - ⚠️ 权重管理器：没有启用几何权重，使用默认全1权重
2025-08-25 02:20:42,097 - WARNING - ⚠️ 权重管理器：没有启用几何权重，使用默认全1权重
2025-08-25 02:20:42,097 - WARNING - ⚠️ 权重管理器：没有启用几何权重，使用默认全1权重
2025-08-25 02:20:42,097 - WARNING - ⚠️ 权重管理器：没有启用几何权重，使用默认全1权重
2025-08-25 02:20:42,097 - WARNING - ⚠️ 权重管理器：没有启用几何权重，使用默认全1权重
2025-08-25 02:20:42,097 - WARNING - ⚠️ 权重管理器：没有启用几何权重，使用默认全1权重
2025-08-25 02:20:42,097 - WARNING - ⚠️ 权重管理器：没有启用几何权重，使用默认全1权重
2025-08-25 02:20:42,097 - WARNING - ⚠️ 权重管理器：没有启用几何权重，使用默认全1权重
2025-08-25 02:20:42,097 - WARNING - ⚠️ 权重管理器：没有启用几何权重，使用默认全1权重
2025-08-25 02:20:42,097 - WARNING - ⚠️ 权重管理器：没有启用几何权重，使用默认全1权重
2025-08-25 02:20:42,097 - DEBUG - 🔍 权重矩阵计算成功: 形状=(21, 21)
2025-08-25 02:20:42,097 - DEBUG - 🔍 几何权重统计:
2025-08-25 02:20:42,097 - DEBUG -    权重向量: [[1.]
 [1.]
 [1.]
 [1.]
 [1.]
 [1.]
 [1.]
 [1.]
 [1.]
 [1.]
 [1.]
 [1.]
 [1.]
 [1.]
 [1.]
 [1.]
 [1.]
 [1.]
 [1.]
 [1.]
 [1.]]
2025-08-25 02:20:42,097 - DEBUG -    权重范围: [1.000000, 1.000000]
2025-08-25 02:20:42,097 - DEBUG -    权重均值: 1.000000
2025-08-25 02:20:42,097 - DEBUG -    权重标准差: 0.000000
2025-08-25 02:20:42,097 - DEBUG -    高权重点(>0.8): 21/21
2025-08-25 02:20:42,097 - DEBUG -    低权重点(<0.2): 0/21
2025-08-25 02:20:42,097 - INFO - -----------------------------------------------------------------------------------
2025-08-25 02:20:42,097 - DEBUG - 🔍 开始求解LM更新方程:
2025-08-25 02:20:42,097 - DEBUG -    数据残差: 形状=(21,), 范数=0.032958
2025-08-25 02:20:42,097 - DEBUG -    约束残差: 形状=(1,), 范数=0.012011
2025-08-25 02:20:42,097 - DEBUG - 🔍 计算数据残差雅可比矩阵 J_f: 形状=(21, 4)
2025-08-25 02:20:42,097 - DEBUG - 🔍 J_f矩阵计算完成: 条件数=9.37e+00
2025-08-25 02:20:42,097 - DEBUG - 🔍 深度约束雅可比计算: u=12.010966, σ=0.999994, J_h=[[ 0.          0.         -0.99999392  0.        ]]
2025-08-25 02:20:42,097 - DEBUG - 🔍 半径先验雅可比: J_r=[[0. 0. 0. 1.]]
2025-08-25 02:20:42,097 - DEBUG - 🔍 使用几何权重矩阵: 形状=(21, 21)
2025-08-25 02:20:42,097 - DEBUG - 🔍 Hessian矩阵计算:
2025-08-25 02:20:42,097 - DEBUG -    H_data = J_f^T W J_f: 形状=(4, 4), 条件数=8.77e+01
2025-08-25 02:20:42,097 - DEBUG -    H_h = λ_depth J_h^T J_h: 形状=(4, 4), λ_depth=1000.0
2025-08-25 02:20:42,097 - DEBUG -    H_r = λ_radius J_r^T J_r: 形状=(4, 4), λ_radius=1.0
2025-08-25 02:20:42,097 - DEBUG -    H_total: 形状=(4, 4), 条件数=5.16e+02
2025-08-25 02:20:42,097 - DEBUG - 🔍 梯度计算:
2025-08-25 02:20:42,097 - DEBUG -    g_data: 形状=(4,), 范数=0.140595
2025-08-25 02:20:42,097 - DEBUG -    g_h: 形状=(4,), 范数=12.010899
2025-08-25 02:20:42,097 - DEBUG -    g_r: 形状=(4,), 范数=0.010901
2025-08-25 02:20:42,097 - DEBUG -    g_total: 形状=(4,), 范数=12.097791
2025-08-25 02:20:42,097 - DEBUG - 🔍 LM阻尼矩阵: H_lm = H_total + 0.1 * I
2025-08-25 02:20:42,097 - DEBUG -    H_lm条件数: 4.91e+02
2025-08-25 02:20:42,105 - DEBUG - 🔍 线性方程组求解成功:
2025-08-25 02:20:42,105 - DEBUG -    参数更新向量 Δθ: [[-0.00027585]
 [-0.002932  ]
 [ 0.01201069]
 [ 0.00124637]]
2025-08-25 02:20:42,105 - DEBUG -    更新向量范数: 0.012429
2025-08-25 02:20:42,105 - DEBUG -    各分量更新: Δc_x=-0.000276, Δc_y=-0.002932, Δc_z=0.012011, Δr=0.001246
2025-08-25 02:20:42,105 - DEBUG -    参数更新:
2025-08-25 02:20:42,105 - DEBUG -      旧参数: [[ 0.1012033 ]
 [-0.02241776]
 [ 0.58968269]
 [ 0.022901  ]]
2025-08-25 02:20:42,105 - DEBUG -      更新向量: [[-0.00027585]
 [-0.002932  ]
 [ 0.01201069]
 [ 0.00124637]]
2025-08-25 02:20:42,105 - DEBUG -      新参数: [[ 0.10092746]
 [-0.02534976]
 [ 0.60169338]
 [ 0.02414736]]
2025-08-25 02:20:42,105 - INFO - -----------------------------------------------------------------------------------
2025-08-25 02:20:42,105 - INFO - 🔍 迭代第2次，球心向右0.275846mm，向上2.932002mm，向后12.010687mm，半径变大1.246369mm
2025-08-25 02:20:42,105 - INFO - 📊 变化前: 中心(0.101, -0.022, 0.590), 半径22.90mm
2025-08-25 02:20:42,105 - INFO - 📊 变化后: 中心(0.101, -0.025, 0.602), 半径24.15mm
2025-08-25 02:20:42,105 - INFO - 📈 变化量: 中心移动2.94mm, 半径变化1.25mm
2025-08-25 02:20:42,105 - INFO - 📍 眼球中心: [ 0.1012033  -0.02241776  0.58968269]
2025-08-25 02:20:42,105 - INFO - 📏 眼球半径: 22.90mm
2025-08-25 02:20:42,105 - INFO - 👁️ 瞳孔中心: [ 0.1        -0.02133333  0.60000002]
2025-08-25 02:20:42,105 - INFO - 📐 眼球中心在瞳孔中心的右1.20mm，上1.08mm，前10.32mm
2025-08-25 02:20:42,105 - INFO - 📏 距离: 10.44mm
2025-08-25 02:20:42,105 - INFO - -----------------------------------------------------------------------------------
2025-08-25 02:20:42,105 - INFO - -----------------------------------------------------------------------------------
2025-08-25 02:20:42,105 - DEBUG - 🔍 参数有效性检查:
2025-08-25 02:20:42,105 - DEBUG -    参数向量: [[ 0.10092746]
 [-0.02534976]
 [ 0.60169338]
 [ 0.02414736]]
2025-08-25 02:20:42,105 - DEBUG -    球心: [ 0.10092746 -0.02534976  0.60169338]
2025-08-25 02:20:42,105 - DEBUG -    半径: 0.024147
2025-08-25 02:20:42,105 - DEBUG - 🔍 函数值计算详情:
2025-08-25 02:20:42,105 - DEBUG -    数据项 F(θ): 0.000543
2025-08-25 02:20:42,110 - DEBUG -    深度约束项: 0.072132
2025-08-25 02:20:42,110 - DEBUG -    半径先验项: 0.000059
2025-08-25 02:20:42,110 - DEBUG -    总函数值 Φ(θ): 0.072734
2025-08-25 02:20:42,110 - DEBUG -    函数值改善: 0.000000
2025-08-25 02:20:42,110 - DEBUG - 🔍 参数有效: True
2025-08-25 02:20:42,110 - DEBUG -    参数更新成功:
2025-08-25 02:20:42,110 - DEBUG -      新球心: [ 0.10092746 -0.02534976  0.60169338]
2025-08-25 02:20:42,110 - DEBUG -      新半径: 0.024147
2025-08-25 02:20:42,110 - INFO - -----------------------------------------------------------------------------------
2025-08-25 02:20:42,110 - DEBUG - 🔍 LM收敛性检查:
2025-08-25 02:20:42,110 - DEBUG -    当前迭代次数: 2
2025-08-25 02:20:42,110 - DEBUG -    最大迭代次数: 30
2025-08-25 02:20:42,110 - DEBUG -    参数变化: 0.012429
2025-08-25 02:20:42,110 - DEBUG -    参数容忍度: 5e-06
2025-08-25 02:20:42,110 - DEBUG -    残差变化: 0.000000
2025-08-25 02:20:42,112 - DEBUG -    残差容忍度: 5e-06
2025-08-25 02:20:42,112 - DEBUG - 🔍 迭代 4/30:
2025-08-25 02:20:42,112 - DEBUG - 🔍 计算点到球心距离: 形状=(21,)
2025-08-25 02:20:42,112 - DEBUG - 🔍 生理偏差向量计算:
2025-08-25 02:20:42,112 - DEBUG -    点类型列表: ['pupil_center', 'iris_boundaries', 'iris_boundaries', 'iris_boundaries', 'iris_boundaries', 'eye_contours', 'eye_contours', 'eye_contours', 'eye_contours', 'eye_contours', 'eye_contours', 'eye_contours', 'eye_contours', 'eye_contours', 'eye_contours', 'eye_contours', 'eye_contours', 'eye_contours', 'eye_contours', 'eye_contours', 'eye_contours']
2025-08-25 02:20:42,112 - DEBUG -    偏差向量: [0.0002  0.00085 0.00085 0.00085 0.00085 0.0015  0.0015  0.0015  0.0015
 0.0015  0.0015  0.0015  0.0015  0.0015  0.0015  0.0015  0.0015  0.0015
 0.0015  0.0015  0.0015 ]
2025-08-25 02:20:42,112 - DEBUG -    向量形状: (21,)
2025-08-25 02:20:42,112 - DEBUG -    偏差统计: 均值=0.001314, 标准差=0.000356
2025-08-25 02:20:42,113 - DEBUG - 获取生理偏差: 点类型=['pupil_center', 'iris_boundaries', 'iris_boundaries', 'iris_boundaries', 'iris_boundaries', 'eye_contours', 'eye_contours', 'eye_contours', 'eye_contours', 'eye_contours', 'eye_contours', 'eye_contours', 'eye_contours', 'eye_contours', 'eye_contours', 'eye_contours', 'eye_contours', 'eye_contours', 'eye_contours', 'eye_contours', 'eye_contours'], 偏差值=[0.0002  0.00085 0.00085 0.00085 0.00085 0.0015  0.0015  0.0015  0.0015
 0.0015  0.0015  0.0015  0.0015  0.0015  0.0015  0.0015  0.0015  0.0015
 0.0015  0.0015  0.0015 ]
2025-08-25 02:20:42,113 - INFO - -----------------------------------------------------------------------------------
2025-08-25 02:20:42,113 - DEBUG - 🔍 拟合残差计算详情:
2025-08-25 02:20:42,113 - DEBUG -    球心坐标: [ 0.10092746 -0.02534976  0.60169338]
2025-08-25 02:20:42,113 - DEBUG -    球体半径: 0.024147
2025-08-25 02:20:42,113 - DEBUG -    采样点数: 21
2025-08-25 02:20:42,113 - DEBUG -    点类型分布: {'eye_contours': 16, 'iris_boundaries': 4, 'pupil_center': 1}
2025-08-25 02:20:42,113 - DEBUG -    理论距离向量: [0.02434736 0.02499736 0.02499736 0.02499736 0.02499736 0.02564736
 0.02564736 0.02564736 0.02564736 0.02564736 0.02564736 0.02564736
 0.02564736 0.02564736 0.02564736 0.02564736 0.02564736 0.02564736
 0.02564736 0.02564736 0.02564736]
2025-08-25 02:20:42,113 - DEBUG -    实际距离向量: [0.00445638 0.01192885 0.00463507 0.01205514 0.01439127 0.02645185
 0.02258245 0.01512092 0.0055871  0.00394239 0.01280505 0.0186325
 0.0221715  0.02494273 0.02229415 0.01957406 0.01631858 0.01337971
 0.01449886 0.01918662 0.02388935]
2025-08-25 02:20:42,113 - DEBUG -    生理偏差向量: [0.0002  0.00085 0.00085 0.00085 0.00085 0.0015  0.0015  0.0015  0.0015
 0.0015  0.0015  0.0015  0.0015  0.0015  0.0015  0.0015  0.0015  0.0015
 0.0015  0.0015  0.0015 ]
2025-08-25 02:20:42,113 - DEBUG -    残差向量 f(θ): 
[[-0.01989098]
 [-0.01306851]
 [-0.02036229]
 [-0.01294222]
 [-0.01060609]
 [ 0.00080449]
 [-0.00306491]
 [-0.01052644]
 [-0.02006027]
 [-0.02170497]
 [-0.01284231]
 [-0.00701486]
 [-0.00347586]
 [-0.00070463]
 [-0.00335321]
 [-0.0060733 ]
 [-0.00932878]
 [-0.01226766]
 [-0.0111485 ]
 [-0.00646075]
 [-0.00175802]]
2025-08-25 02:20:42,113 - DEBUG -    平均残差范数: 0.002581
2025-08-25 02:20:42,113 - DEBUG -    残差范数=0.054193
2025-08-25 02:20:42,113 - INFO - -----------------------------------------------------------------------------------
2025-08-25 02:20:42,113 - DEBUG - 🔍 深度约束计算详情 (softplus):
2025-08-25 02:20:42,113 - DEBUG -    采样点Z坐标范围: [0.600000, 0.601494]
2025-08-25 02:20:42,113 - DEBUG -    球心Z坐标: 0.601693
2025-08-25 02:20:42,113 - DEBUG -    深度偏移ε: 0.000200
2025-08-25 02:20:42,113 - DEBUG -    softplus参数τ: 0.001000
2025-08-25 02:20:42,113 - DEBUG -    原始违反值: 0.000000
2025-08-25 02:20:42,113 - DEBUG -    softplus输入 u: 0.000279
2025-08-25 02:20:42,113 - DEBUG -    约束惩罚 h(θ): 0.000693
2025-08-25 02:20:42,113 - DEBUG -    🔴 深度约束被违反: 球心过浅
2025-08-25 02:20:42,113 - INFO - -----------------------------------------------------------------------------------
2025-08-25 02:20:42,113 - DEBUG - 🔍 半径惩罚计算详情:
2025-08-25 02:20:42,113 - DEBUG -    当前半径: 0.024147
2025-08-25 02:20:42,113 - DEBUG -    半径先验值: 0.012000
2025-08-25 02:20:42,113 - DEBUG -    半径残差 r(θ): 0.012147
2025-08-25 02:20:42,113 - DEBUG -    数据残差 f(θ): [[-0.01989098]
 [-0.01306851]
 [-0.02036229]
 [-0.01294222]
 [-0.01060609]
 [ 0.00080449]
 [-0.00306491]
 [-0.01052644]
 [-0.02006027]
 [-0.02170497]
 [-0.01284231]
 [-0.00701486]
 [-0.00347586]
 [-0.00070463]
 [-0.00335321]
 [-0.0060733 ]
 [-0.00932878]
 [-0.01226766]
 [-0.0111485 ]
 [-0.00646075]
 [-0.00175802]]
2025-08-25 02:20:42,113 - DEBUG -    约束残差 g(θ): [[0.00069329]]
2025-08-25 02:20:42,113 - DEBUG -    半径残差 r(θ): [[0.01214736]]
2025-08-25 02:20:42,113 - DEBUG - 🔍 状态变化计算: 参数变化=0.012429, 残差变化=0.021235
2025-08-25 02:20:42,113 - INFO - -----------------------------------------------------------------------------------
2025-08-25 02:20:42,113 - DEBUG - 🔍 权重管理器状态更新详情:
2025-08-25 02:20:42,113 - DEBUG -    当前迭代: 3
2025-08-25 02:20:42,113 - DEBUG -    参数变化: 0.012429 (阈值: 0.000005)
2025-08-25 02:20:42,113 - DEBUG -    残差变化: 0.021235 (阈值: 0.000005)
2025-08-25 02:20:42,113 - DEBUG -    几何权重因子: 10
2025-08-25 02:20:42,113 - DEBUG - ⏸️ 保持图像置信度权重: 参数变化=1.24e-02, 残差变化=2.12e-02
2025-08-25 02:20:42,113 - DEBUG - 状态已保存: 参数=[ 0.10092746 -0.02534976  0.60169338  0.02414736], 残差范数=0.054193
2025-08-25 02:20:42,113 - DEBUG - 🔍 获取visibility信息: 形状=(21,), 范围=[1.000, 1.000]
2025-08-25 02:20:42,113 - DEBUG - 🔧 设置图像置信度权重: 21个点
2025-08-25 02:20:42,113 - DEBUG - 🔍 开始计算权重矩阵:
2025-08-25 02:20:42,113 - DEBUG -    点类型: ['pupil_center', 'iris_boundaries', 'iris_boundaries', 'iris_boundaries', 'iris_boundaries', 'eye_contours', 'eye_contours', 'eye_contours', 'eye_contours', 'eye_contours', 'eye_contours', 'eye_contours', 'eye_contours', 'eye_contours', 'eye_contours', 'eye_contours', 'eye_contours', 'eye_contours', 'eye_contours', 'eye_contours', 'eye_contours']
2025-08-25 02:20:42,113 - DEBUG -    残差向量: 形状=(21,), 范数=0.054193
2025-08-25 02:20:42,113 - DEBUG -    Visibility: 形状=(21,), 均值=1.000
2025-08-25 02:20:42,113 - WARNING - ⚠️ 权重管理器：没有启用几何权重，使用默认全1权重
2025-08-25 02:20:42,113 - WARNING - ⚠️ 权重管理器：没有启用几何权重，使用默认全1权重
2025-08-25 02:20:42,113 - WARNING - ⚠️ 权重管理器：没有启用几何权重，使用默认全1权重
2025-08-25 02:20:42,121 - WARNING - ⚠️ 权重管理器：没有启用几何权重，使用默认全1权重
2025-08-25 02:20:42,121 - WARNING - ⚠️ 权重管理器：没有启用几何权重，使用默认全1权重
2025-08-25 02:20:42,121 - WARNING - ⚠️ 权重管理器：没有启用几何权重，使用默认全1权重
2025-08-25 02:20:42,121 - WARNING - ⚠️ 权重管理器：没有启用几何权重，使用默认全1权重
2025-08-25 02:20:42,121 - WARNING - ⚠️ 权重管理器：没有启用几何权重，使用默认全1权重
2025-08-25 02:20:42,121 - WARNING - ⚠️ 权重管理器：没有启用几何权重，使用默认全1权重
2025-08-25 02:20:42,121 - WARNING - ⚠️ 权重管理器：没有启用几何权重，使用默认全1权重
2025-08-25 02:20:42,121 - WARNING - ⚠️ 权重管理器：没有启用几何权重，使用默认全1权重
2025-08-25 02:20:42,121 - WARNING - ⚠️ 权重管理器：没有启用几何权重，使用默认全1权重
2025-08-25 02:20:42,121 - WARNING - ⚠️ 权重管理器：没有启用几何权重，使用默认全1权重
2025-08-25 02:20:42,121 - WARNING - ⚠️ 权重管理器：没有启用几何权重，使用默认全1权重
2025-08-25 02:20:42,121 - WARNING - ⚠️ 权重管理器：没有启用几何权重，使用默认全1权重
2025-08-25 02:20:42,121 - WARNING - ⚠️ 权重管理器：没有启用几何权重，使用默认全1权重
2025-08-25 02:20:42,121 - WARNING - ⚠️ 权重管理器：没有启用几何权重，使用默认全1权重
2025-08-25 02:20:42,121 - WARNING - ⚠️ 权重管理器：没有启用几何权重，使用默认全1权重
2025-08-25 02:20:42,121 - WARNING - ⚠️ 权重管理器：没有启用几何权重，使用默认全1权重
2025-08-25 02:20:42,121 - WARNING - ⚠️ 权重管理器：没有启用几何权重，使用默认全1权重
2025-08-25 02:20:42,121 - WARNING - ⚠️ 权重管理器：没有启用几何权重，使用默认全1权重
2025-08-25 02:20:42,121 - DEBUG - 🔍 权重矩阵计算成功: 形状=(21, 21)
2025-08-25 02:20:42,121 - DEBUG - 🔍 几何权重统计:
2025-08-25 02:20:42,121 - DEBUG -    权重向量: [[1.]
 [1.]
 [1.]
 [1.]
 [1.]
 [1.]
 [1.]
 [1.]
 [1.]
 [1.]
 [1.]
 [1.]
 [1.]
 [1.]
 [1.]
 [1.]
 [1.]
 [1.]
 [1.]
 [1.]
 [1.]]
2025-08-25 02:20:42,121 - DEBUG -    权重范围: [1.000000, 1.000000]
2025-08-25 02:20:42,121 - DEBUG -    权重均值: 1.000000
2025-08-25 02:20:42,121 - DEBUG -    权重标准差: 0.000000
2025-08-25 02:20:42,121 - DEBUG -    高权重点(>0.8): 21/21
2025-08-25 02:20:42,121 - DEBUG -    低权重点(<0.2): 0/21
2025-08-25 02:20:42,121 - INFO - -----------------------------------------------------------------------------------
2025-08-25 02:20:42,121 - DEBUG - 🔍 开始求解LM更新方程:
2025-08-25 02:20:42,121 - DEBUG -    数据残差: 形状=(21,), 范数=0.054193
2025-08-25 02:20:42,121 - DEBUG -    约束残差: 形状=(1,), 范数=0.000693
2025-08-25 02:20:42,121 - DEBUG - 🔍 计算数据残差雅可比矩阵 J_f: 形状=(21, 4)
2025-08-25 02:20:42,121 - DEBUG - 🔍 J_f矩阵计算完成: 条件数=1.15e+01
2025-08-25 02:20:42,121 - DEBUG - 🔍 深度约束雅可比计算: u=0.000279, σ=0.500070, J_h=[[ 0.          0.         -0.50006979  0.        ]]
2025-08-25 02:20:42,121 - DEBUG - 🔍 半径先验雅可比: J_r=[[0. 0. 0. 1.]]
2025-08-25 02:20:42,121 - DEBUG - 🔍 使用几何权重矩阵: 形状=(21, 21)
2025-08-25 02:20:42,121 - DEBUG - 🔍 Hessian矩阵计算:
2025-08-25 02:20:42,121 - DEBUG -    H_data = J_f^T W J_f: 形状=(4, 4), 条件数=1.32e+02
2025-08-25 02:20:42,121 - DEBUG -    H_h = λ_depth J_h^T J_h: 形状=(4, 4), λ_depth=1000.0
2025-08-25 02:20:42,121 - DEBUG -    H_r = λ_radius J_r^T J_r: 形状=(4, 4), λ_radius=1.0
2025-08-25 02:20:42,121 - DEBUG -    H_total: 形状=(4, 4), 条件数=7.33e+01
2025-08-25 02:20:42,121 - DEBUG - 🔍 梯度计算:
2025-08-25 02:20:42,121 - DEBUG -    g_data: 形状=(4,), 范数=0.217467
2025-08-25 02:20:42,121 - DEBUG -    g_h: 形状=(4,), 范数=0.346692
2025-08-25 02:20:42,121 - DEBUG -    g_r: 形状=(4,), 范数=0.012147
2025-08-25 02:20:42,121 - DEBUG -    g_total: 形状=(4,), 范数=0.389679
2025-08-25 02:20:42,121 - DEBUG - 🔍 LM阻尼矩阵: H_lm = H_total + 0.1 * I
2025-08-25 02:20:42,121 - DEBUG -    H_lm条件数: 7.12e+01
2025-08-25 02:20:42,121 - DEBUG - 🔍 线性方程组求解成功:
2025-08-25 02:20:42,121 - DEBUG -    参数更新向量 Δθ: [[-0.0002919 ]
 [-0.00388113]
 [ 0.00134224]
 [-0.01137675]]
2025-08-25 02:20:42,121 - DEBUG -    更新向量范数: 0.012099
2025-08-25 02:20:42,129 - DEBUG -    各分量更新: Δc_x=-0.000292, Δc_y=-0.003881, Δc_z=0.001342, Δr=-0.011377
2025-08-25 02:20:42,129 - DEBUG -    参数更新:
2025-08-25 02:20:42,129 - DEBUG -      旧参数: [[ 0.10092746]
 [-0.02534976]
 [ 0.60169338]
 [ 0.02414736]]
2025-08-25 02:20:42,129 - DEBUG -      更新向量: [[-0.0002919 ]
 [-0.00388113]
 [ 0.00134224]
 [-0.01137675]]
2025-08-25 02:20:42,129 - DEBUG -      新参数: [[ 0.10063555]
 [-0.0292309 ]
 [ 0.60303562]
 [ 0.01277062]]
2025-08-25 02:20:42,129 - INFO - -----------------------------------------------------------------------------------
2025-08-25 02:20:42,129 - INFO - 🔍 迭代第3次，球心向右0.291903mm，向上3.881132mm，向后1.342242mm，半径变小11.376746mm
2025-08-25 02:20:42,129 - INFO - 📊 变化前: 中心(0.101, -0.025, 0.602), 半径24.15mm
2025-08-25 02:20:42,129 - INFO - 📊 变化后: 中心(0.101, -0.029, 0.603), 半径12.77mm
2025-08-25 02:20:42,129 - INFO - 📈 变化量: 中心移动3.89mm, 半径变化11.38mm
2025-08-25 02:20:42,129 - INFO - 📍 眼球中心: [ 0.10092746 -0.02534976  0.60169338]
2025-08-25 02:20:42,129 - INFO - 📏 眼球半径: 24.15mm
2025-08-25 02:20:42,129 - INFO - 👁️ 瞳孔中心: [ 0.1        -0.02133333  0.60000002]
2025-08-25 02:20:42,129 - INFO - 📐 眼球中心在瞳孔中心的右0.93mm，上4.02mm，后1.69mm
2025-08-25 02:20:42,129 - INFO - 📏 距离: 4.46mm
2025-08-25 02:20:42,129 - INFO - -----------------------------------------------------------------------------------
2025-08-25 02:20:42,129 - INFO - -----------------------------------------------------------------------------------
2025-08-25 02:20:42,129 - DEBUG - 🔍 参数有效性检查:
2025-08-25 02:20:42,129 - DEBUG -    参数向量: [[ 0.10063555]
 [-0.0292309 ]
 [ 0.60303562]
 [ 0.01277062]]
2025-08-25 02:20:42,129 - DEBUG -    球心: [ 0.10063555 -0.0292309   0.60303562]
2025-08-25 02:20:42,129 - DEBUG -    半径: 0.012771
2025-08-25 02:20:42,129 - DEBUG - 🔍 函数值计算详情:
2025-08-25 02:20:42,129 - DEBUG -    数据项 F(θ): 0.001468
2025-08-25 02:20:42,129 - DEBUG -    深度约束项: 0.000240
2025-08-25 02:20:42,129 - DEBUG -    半径先验项: 0.000074
2025-08-25 02:20:42,129 - DEBUG -    总函数值 Φ(θ): 0.001783
2025-08-25 02:20:42,129 - DEBUG -    函数值改善: 0.070952
2025-08-25 02:20:42,129 - DEBUG - 🔍 参数有效: True
2025-08-25 02:20:42,129 - DEBUG -    参数更新成功:
2025-08-25 02:20:42,129 - DEBUG -      新球心: [ 0.10063555 -0.0292309   0.60303562]
2025-08-25 02:20:42,129 - DEBUG -      新半径: 0.012771
2025-08-25 02:20:42,129 - INFO - -----------------------------------------------------------------------------------
2025-08-25 02:20:42,129 - DEBUG - 🔍 LM收敛性检查:
2025-08-25 02:20:42,129 - DEBUG -    当前迭代次数: 3
2025-08-25 02:20:42,129 - DEBUG -    最大迭代次数: 30
2025-08-25 02:20:42,129 - DEBUG -    参数变化: 0.012099
2025-08-25 02:20:42,129 - DEBUG -    参数容忍度: 5e-06
2025-08-25 02:20:42,129 - DEBUG -    残差变化: 0.000000
2025-08-25 02:20:42,129 - DEBUG -    残差容忍度: 5e-06
2025-08-25 02:20:42,129 - DEBUG - 🔍 迭代 5/30:
2025-08-25 02:20:42,129 - DEBUG - 🔍 计算点到球心距离: 形状=(21,)
2025-08-25 02:20:42,129 - DEBUG - 🔍 生理偏差向量计算:
2025-08-25 02:20:42,129 - DEBUG -    点类型列表: ['pupil_center', 'iris_boundaries', 'iris_boundaries', 'iris_boundaries', 'iris_boundaries', 'eye_contours', 'eye_contours', 'eye_contours', 'eye_contours', 'eye_contours', 'eye_contours', 'eye_contours', 'eye_contours', 'eye_contours', 'eye_contours', 'eye_contours', 'eye_contours', 'eye_contours', 'eye_contours', 'eye_contours', 'eye_contours']
2025-08-25 02:20:42,129 - DEBUG -    偏差向量: [0.0002  0.00085 0.00085 0.00085 0.00085 0.0015  0.0015  0.0015  0.0015
 0.0015  0.0015  0.0015  0.0015  0.0015  0.0015  0.0015  0.0015  0.0015
 0.0015  0.0015  0.0015 ]
2025-08-25 02:20:42,129 - DEBUG -    向量形状: (21,)
2025-08-25 02:20:42,129 - DEBUG -    偏差统计: 均值=0.001314, 标准差=0.000356
2025-08-25 02:20:42,129 - DEBUG - 获取生理偏差: 点类型=['pupil_center', 'iris_boundaries', 'iris_boundaries', 'iris_boundaries', 'iris_boundaries', 'eye_contours', 'eye_contours', 'eye_contours', 'eye_contours', 'eye_contours', 'eye_contours', 'eye_contours', 'eye_contours', 'eye_contours', 'eye_contours', 'eye_contours', 'eye_contours', 'eye_contours', 'eye_contours', 'eye_contours', 'eye_contours'], 偏差值=[0.0002  0.00085 0.00085 0.00085 0.00085 0.0015  0.0015  0.0015  0.0015
 0.0015  0.0015  0.0015  0.0015  0.0015  0.0015  0.0015  0.0015  0.0015
 0.0015  0.0015  0.0015 ]
2025-08-25 02:20:42,137 - INFO - -----------------------------------------------------------------------------------
2025-08-25 02:20:42,137 - DEBUG - 🔍 拟合残差计算详情:
2025-08-25 02:20:42,137 - DEBUG -    球心坐标: [ 0.10063555 -0.0292309   0.60303562]
2025-08-25 02:20:42,137 - DEBUG -    球体半径: 0.012771
2025-08-25 02:20:42,137 - DEBUG -    采样点数: 21
2025-08-25 02:20:42,137 - DEBUG -    点类型分布: {'eye_contours': 16, 'iris_boundaries': 4, 'pupil_center': 1}
2025-08-25 02:20:42,137 - DEBUG -    理论距离向量: [0.01297062 0.01362062 0.01362062 0.01362062 0.01362062 0.01427062
 0.01427062 0.01427062 0.01427062 0.01427062 0.01427062 0.01427062
 0.01427062 0.01427062 0.01427062 0.01427062 0.01427062 0.01427062
 0.01427062 0.01427062 0.01427062]
2025-08-25 02:20:42,137 - DEBUG -    实际距离向量: [0.00848471 0.01429435 0.00248323 0.01408317 0.01836425 0.02800672
 0.02396149 0.016271   0.00714404 0.0058947  0.01402173 0.01994637
 0.02359593 0.02644934 0.02434104 0.02213245 0.01955997 0.01738014
 0.01807131 0.02168325 0.02578505]
2025-08-25 02:20:42,137 - DEBUG -    生理偏差向量: [0.0002  0.00085 0.00085 0.00085 0.00085 0.0015  0.0015  0.0015  0.0015
 0.0015  0.0015  0.0015  0.0015  0.0015  0.0015  0.0015  0.0015  0.0015
 0.0015  0.0015  0.0015 ]
2025-08-25 02:20:42,137 - DEBUG -    残差向量 f(θ): 
[[-0.00448591]
 [ 0.00067373]
 [-0.01113739]
 [ 0.00046255]
 [ 0.00474364]
 [ 0.0137361 ]
 [ 0.00969088]
 [ 0.00200038]
 [-0.00712658]
 [-0.00837592]
 [-0.00024889]
 [ 0.00567575]
 [ 0.00932531]
 [ 0.01217872]
 [ 0.01007043]
 [ 0.00786183]
 [ 0.00528935]
 [ 0.00310952]
 [ 0.00380069]
 [ 0.00741263]
 [ 0.01151443]]
2025-08-25 02:20:42,137 - DEBUG -    平均残差范数: 0.001680
2025-08-25 02:20:42,137 - DEBUG -    残差范数=0.035288
2025-08-25 02:20:42,137 - INFO - -----------------------------------------------------------------------------------
2025-08-25 02:20:42,137 - DEBUG - 🔍 深度约束计算详情 (softplus):
2025-08-25 02:20:42,137 - DEBUG -    采样点Z坐标范围: [0.600000, 0.601494]
2025-08-25 02:20:42,137 - DEBUG -    球心Z坐标: 0.603036
2025-08-25 02:20:42,137 - DEBUG -    深度偏移ε: 0.000200
2025-08-25 02:20:42,137 - DEBUG -    softplus参数τ: 0.001000
2025-08-25 02:20:42,137 - DEBUG -    原始违反值: -0.001342
2025-08-25 02:20:42,137 - DEBUG -    softplus输入 u: -1.341963
2025-08-25 02:20:42,137 - DEBUG -    约束惩罚 h(θ): 0.000232
2025-08-25 02:20:42,137 - DEBUG -    🟢 深度约束满足: 球心深度足够
2025-08-25 02:20:42,137 - INFO - -----------------------------------------------------------------------------------
2025-08-25 02:20:42,137 - DEBUG - 🔍 半径惩罚计算详情:
2025-08-25 02:20:42,137 - DEBUG -    当前半径: 0.012771
2025-08-25 02:20:42,137 - DEBUG -    半径先验值: 0.012000
2025-08-25 02:20:42,137 - DEBUG -    半径残差 r(θ): 0.000771
2025-08-25 02:20:42,137 - DEBUG -    数据残差 f(θ): [[-0.00448591]
 [ 0.00067373]
 [-0.01113739]
 [ 0.00046255]
 [ 0.00474364]
 [ 0.0137361 ]
 [ 0.00969088]
 [ 0.00200038]
 [-0.00712658]
 [-0.00837592]
 [-0.00024889]
 [ 0.00567575]
 [ 0.00932531]
 [ 0.01217872]
 [ 0.01007043]
 [ 0.00786183]
 [ 0.00528935]
 [ 0.00310952]
 [ 0.00380069]
 [ 0.00741263]
 [ 0.01151443]]
2025-08-25 02:20:42,137 - DEBUG -    约束残差 g(θ): [[0.00023217]]
2025-08-25 02:20:42,137 - DEBUG -    半径残差 r(θ): [[0.00077062]]
2025-08-25 02:20:42,137 - DEBUG - 🔍 状态变化计算: 参数变化=0.012099, 残差变化=0.018905
2025-08-25 02:20:42,137 - INFO - -----------------------------------------------------------------------------------
2025-08-25 02:20:42,137 - DEBUG - 🔍 权重管理器状态更新详情:
2025-08-25 02:20:42,137 - DEBUG -    当前迭代: 4
2025-08-25 02:20:42,137 - DEBUG -    参数变化: 0.012099 (阈值: 0.000005)
2025-08-25 02:20:42,137 - DEBUG -    残差变化: 0.018905 (阈值: 0.000005)
2025-08-25 02:20:42,137 - DEBUG -    几何权重因子: 10
2025-08-25 02:20:42,137 - DEBUG - ⏸️ 保持图像置信度权重: 参数变化=1.21e-02, 残差变化=1.89e-02
2025-08-25 02:20:42,137 - DEBUG - 状态已保存: 参数=[ 0.10063555 -0.0292309   0.60303562  0.01277062], 残差范数=0.035288
2025-08-25 02:20:42,137 - DEBUG - 🔍 获取visibility信息: 形状=(21,), 范围=[1.000, 1.000]
2025-08-25 02:20:42,137 - DEBUG - 🔧 设置图像置信度权重: 21个点
2025-08-25 02:20:42,137 - DEBUG - 🔍 开始计算权重矩阵:
2025-08-25 02:20:42,137 - DEBUG -    点类型: ['pupil_center', 'iris_boundaries', 'iris_boundaries', 'iris_boundaries', 'iris_boundaries', 'eye_contours', 'eye_contours', 'eye_contours', 'eye_contours', 'eye_contours', 'eye_contours', 'eye_contours', 'eye_contours', 'eye_contours', 'eye_contours', 'eye_contours', 'eye_contours', 'eye_contours', 'eye_contours', 'eye_contours', 'eye_contours']
2025-08-25 02:20:42,137 - DEBUG -    残差向量: 形状=(21,), 范数=0.035288
2025-08-25 02:20:42,137 - DEBUG -    Visibility: 形状=(21,), 均值=1.000
2025-08-25 02:20:42,145 - WARNING - ⚠️ 权重管理器：没有启用几何权重，使用默认全1权重
2025-08-25 02:20:42,145 - WARNING - ⚠️ 权重管理器：没有启用几何权重，使用默认全1权重
2025-08-25 02:20:42,145 - WARNING - ⚠️ 权重管理器：没有启用几何权重，使用默认全1权重
2025-08-25 02:20:42,145 - WARNING - ⚠️ 权重管理器：没有启用几何权重，使用默认全1权重
2025-08-25 02:20:42,145 - WARNING - ⚠️ 权重管理器：没有启用几何权重，使用默认全1权重
2025-08-25 02:20:42,145 - WARNING - ⚠️ 权重管理器：没有启用几何权重，使用默认全1权重
2025-08-25 02:20:42,145 - WARNING - ⚠️ 权重管理器：没有启用几何权重，使用默认全1权重
2025-08-25 02:20:42,145 - WARNING - ⚠️ 权重管理器：没有启用几何权重，使用默认全1权重
2025-08-25 02:20:42,145 - WARNING - ⚠️ 权重管理器：没有启用几何权重，使用默认全1权重
2025-08-25 02:20:42,145 - WARNING - ⚠️ 权重管理器：没有启用几何权重，使用默认全1权重
2025-08-25 02:20:42,145 - WARNING - ⚠️ 权重管理器：没有启用几何权重，使用默认全1权重
2025-08-25 02:20:42,145 - WARNING - ⚠️ 权重管理器：没有启用几何权重，使用默认全1权重
2025-08-25 02:20:42,145 - WARNING - ⚠️ 权重管理器：没有启用几何权重，使用默认全1权重
2025-08-25 02:20:42,145 - WARNING - ⚠️ 权重管理器：没有启用几何权重，使用默认全1权重
2025-08-25 02:20:42,145 - WARNING - ⚠️ 权重管理器：没有启用几何权重，使用默认全1权重
2025-08-25 02:20:42,145 - WARNING - ⚠️ 权重管理器：没有启用几何权重，使用默认全1权重
2025-08-25 02:20:42,145 - WARNING - ⚠️ 权重管理器：没有启用几何权重，使用默认全1权重
2025-08-25 02:20:42,145 - WARNING - ⚠️ 权重管理器：没有启用几何权重，使用默认全1权重
2025-08-25 02:20:42,145 - WARNING - ⚠️ 权重管理器：没有启用几何权重，使用默认全1权重
2025-08-25 02:20:42,145 - WARNING - ⚠️ 权重管理器：没有启用几何权重，使用默认全1权重
2025-08-25 02:20:42,145 - WARNING - ⚠️ 权重管理器：没有启用几何权重，使用默认全1权重
2025-08-25 02:20:42,145 - DEBUG - 🔍 权重矩阵计算成功: 形状=(21, 21)
2025-08-25 02:20:42,145 - DEBUG - 🔍 几何权重统计:
2025-08-25 02:20:42,145 - DEBUG -    权重向量: [[1.]
 [1.]
 [1.]
 [1.]
 [1.]
 [1.]
 [1.]
 [1.]
 [1.]
 [1.]
 [1.]
 [1.]
 [1.]
 [1.]
 [1.]
 [1.]
 [1.]
 [1.]
 [1.]
 [1.]
 [1.]]
2025-08-25 02:20:42,145 - DEBUG -    权重范围: [1.000000, 1.000000]
2025-08-25 02:20:42,145 - DEBUG -    权重均值: 1.000000
2025-08-25 02:20:42,145 - DEBUG -    权重标准差: 0.000000
2025-08-25 02:20:42,145 - DEBUG -    高权重点(>0.8): 21/21
2025-08-25 02:20:42,145 - DEBUG -    低权重点(<0.2): 0/21
2025-08-25 02:20:42,145 - INFO - -----------------------------------------------------------------------------------
2025-08-25 02:20:42,145 - DEBUG - 🔍 开始求解LM更新方程:
2025-08-25 02:20:42,145 - DEBUG -    数据残差: 形状=(21,), 范数=0.035288
2025-08-25 02:20:42,145 - DEBUG -    约束残差: 形状=(1,), 范数=0.000232
2025-08-25 02:20:42,145 - DEBUG - 🔍 计算数据残差雅可比矩阵 J_f: 形状=(21, 4)
2025-08-25 02:20:42,145 - DEBUG - 🔍 J_f矩阵计算完成: 条件数=8.38e+00
2025-08-25 02:20:42,145 - DEBUG - 🔍 深度约束雅可比计算: u=-1.341963, σ=0.207187, J_h=[[ 0.          0.         -0.20718739  0.        ]]
2025-08-25 02:20:42,145 - DEBUG - 🔍 半径先验雅可比: J_r=[[0. 0. 0. 1.]]
2025-08-25 02:20:42,145 - DEBUG - 🔍 使用几何权重矩阵: 形状=(21, 21)
2025-08-25 02:20:42,145 - DEBUG - 🔍 Hessian矩阵计算:
2025-08-25 02:20:42,145 - DEBUG -    H_data = J_f^T W J_f: 形状=(4, 4), 条件数=7.02e+01
2025-08-25 02:20:42,145 - DEBUG -    H_h = λ_depth J_h^T J_h: 形状=(4, 4), λ_depth=1000.0
2025-08-25 02:20:42,145 - DEBUG -    H_r = λ_radius J_r^T J_r: 形状=(4, 4), λ_radius=1.0
2025-08-25 02:20:42,145 - DEBUG -    H_total: 形状=(4, 4), 条件数=3.23e+01
2025-08-25 02:20:42,152 - DEBUG - 🔍 梯度计算:
2025-08-25 02:20:42,152 - DEBUG -    g_data: 形状=(4,), 范数=0.091654
2025-08-25 02:20:42,152 - DEBUG -    g_h: 形状=(4,), 范数=0.048102
2025-08-25 02:20:42,152 - DEBUG -    g_r: 形状=(4,), 范数=0.000771
2025-08-25 02:20:42,152 - DEBUG -    g_total: 形状=(4,), 范数=0.098562
2025-08-25 02:20:42,152 - DEBUG - 🔍 LM阻尼矩阵: H_lm = H_total + 0.1 * I
2025-08-25 02:20:42,153 - DEBUG -    H_lm条件数: 3.03e+01
2025-08-25 02:20:42,153 - DEBUG - 🔍 线性方程组求解成功:
2025-08-25 02:20:42,153 - DEBUG -    参数更新向量 Δθ: [[-0.00026777]
 [-0.00446776]
 [ 0.00063039]
 [ 0.00084307]]
2025-08-25 02:20:42,153 - DEBUG -    更新向量范数: 0.004598
2025-08-25 02:20:42,153 - DEBUG -    各分量更新: Δc_x=-0.000268, Δc_y=-0.004468, Δc_z=0.000630, Δr=0.000843
2025-08-25 02:20:42,153 - DEBUG -    参数更新:
2025-08-25 02:20:42,153 - DEBUG -      旧参数: [[ 0.10063555]
 [-0.0292309 ]
 [ 0.60303562]
 [ 0.01277062]]
2025-08-25 02:20:42,153 - DEBUG -      更新向量: [[-0.00026777]
 [-0.00446776]
 [ 0.00063039]
 [ 0.00084307]]
2025-08-25 02:20:42,153 - DEBUG -      新参数: [[ 0.10036779]
 [-0.03369865]
 [ 0.60366601]
 [ 0.01361369]]
2025-08-25 02:20:42,153 - INFO - -----------------------------------------------------------------------------------
2025-08-25 02:20:42,153 - INFO - 🔍 迭代第4次，球心向右0.267767mm，向上4.467756mm，向后0.630390mm，半径变大0.843069mm
2025-08-25 02:20:42,153 - INFO - 📊 变化前: 中心(0.101, -0.029, 0.603), 半径12.77mm
2025-08-25 02:20:42,153 - INFO - 📊 变化后: 中心(0.100, -0.034, 0.604), 半径13.61mm
2025-08-25 02:20:42,153 - INFO - 📈 变化量: 中心移动4.48mm, 半径变化0.84mm
2025-08-25 02:20:42,153 - INFO - 📍 眼球中心: [ 0.10063555 -0.0292309   0.60303562]
2025-08-25 02:20:42,153 - INFO - 📏 眼球半径: 12.77mm
2025-08-25 02:20:42,153 - INFO - 👁️ 瞳孔中心: [ 0.1        -0.02133333  0.60000002]
2025-08-25 02:20:42,153 - INFO - 📐 眼球中心在瞳孔中心的右0.64mm，上7.90mm，后3.04mm
2025-08-25 02:20:42,153 - INFO - 📏 距离: 8.48mm
2025-08-25 02:20:42,153 - INFO - -----------------------------------------------------------------------------------
2025-08-25 02:20:42,153 - INFO - -----------------------------------------------------------------------------------
2025-08-25 02:20:42,153 - DEBUG - 🔍 参数有效性检查:
2025-08-25 02:20:42,153 - DEBUG -    参数向量: [[ 0.10036779]
 [-0.03369865]
 [ 0.60366601]
 [ 0.01361369]]
2025-08-25 02:20:42,153 - DEBUG -    球心: [ 0.10036779 -0.03369865  0.60366601]
2025-08-25 02:20:42,153 - DEBUG -    半径: 0.013614
2025-08-25 02:20:42,153 - DEBUG - 🔍 函数值计算详情:
2025-08-25 02:20:42,153 - DEBUG -    数据项 F(θ): 0.000623
2025-08-25 02:20:42,153 - DEBUG -    深度约束项: 0.000027
2025-08-25 02:20:42,153 - DEBUG -    半径先验项: 0.000000
2025-08-25 02:20:42,153 - DEBUG -    总函数值 Φ(θ): 0.000650
2025-08-25 02:20:42,153 - DEBUG -    函数值改善: 0.001133
2025-08-25 02:20:42,153 - DEBUG - 🔍 参数有效: True
2025-08-25 02:20:42,153 - DEBUG -    参数更新成功:
2025-08-25 02:20:42,153 - DEBUG -      新球心: [ 0.10036779 -0.03369865  0.60366601]
2025-08-25 02:20:42,153 - DEBUG -      新半径: 0.013614
2025-08-25 02:20:42,153 - INFO - -----------------------------------------------------------------------------------
2025-08-25 02:20:42,153 - DEBUG - 🔍 LM收敛性检查:
2025-08-25 02:20:42,153 - DEBUG -    当前迭代次数: 4
2025-08-25 02:20:42,153 - DEBUG -    最大迭代次数: 30
2025-08-25 02:20:42,153 - DEBUG -    参数变化: 0.004598
2025-08-25 02:20:42,153 - DEBUG -    参数容忍度: 5e-06
2025-08-25 02:20:42,153 - DEBUG -    残差变化: 0.000000
2025-08-25 02:20:42,153 - DEBUG -    残差容忍度: 5e-06
2025-08-25 02:20:42,153 - DEBUG - 🔍 迭代 6/30:
2025-08-25 02:20:42,153 - DEBUG - 🔍 计算点到球心距离: 形状=(21,)
2025-08-25 02:20:42,153 - DEBUG - 🔍 生理偏差向量计算:
2025-08-25 02:20:42,153 - DEBUG -    点类型列表: ['pupil_center', 'iris_boundaries', 'iris_boundaries', 'iris_boundaries', 'iris_boundaries', 'eye_contours', 'eye_contours', 'eye_contours', 'eye_contours', 'eye_contours', 'eye_contours', 'eye_contours', 'eye_contours', 'eye_contours', 'eye_contours', 'eye_contours', 'eye_contours', 'eye_contours', 'eye_contours', 'eye_contours', 'eye_contours']
2025-08-25 02:20:42,153 - DEBUG -    偏差向量: [0.0002  0.00085 0.00085 0.00085 0.00085 0.0015  0.0015  0.0015  0.0015
 0.0015  0.0015  0.0015  0.0015  0.0015  0.0015  0.0015  0.0015  0.0015
 0.0015  0.0015  0.0015 ]
2025-08-25 02:20:42,153 - DEBUG -    向量形状: (21,)
2025-08-25 02:20:42,153 - DEBUG -    偏差统计: 均值=0.001314, 标准差=0.000356
2025-08-25 02:20:42,153 - DEBUG - 获取生理偏差: 点类型=['pupil_center', 'iris_boundaries', 'iris_boundaries', 'iris_boundaries', 'iris_boundaries', 'eye_contours', 'eye_contours', 'eye_contours', 'eye_contours', 'eye_contours', 'eye_contours', 'eye_contours', 'eye_contours', 'eye_contours', 'eye_contours', 'eye_contours', 'eye_contours', 'eye_contours', 'eye_contours', 'eye_contours', 'eye_contours'], 偏差值=[0.0002  0.00085 0.00085 0.00085 0.00085 0.0015  0.0015  0.0015  0.0015
 0.0015  0.0015  0.0015  0.0015  0.0015  0.0015  0.0015  0.0015  0.0015
 0.0015  0.0015  0.0015 ]
2025-08-25 02:20:42,161 - INFO - -----------------------------------------------------------------------------------
2025-08-25 02:20:42,161 - DEBUG - 🔍 拟合残差计算详情:
2025-08-25 02:20:42,161 - DEBUG -    球心坐标: [ 0.10036779 -0.03369865  0.60366601]
2025-08-25 02:20:42,161 - DEBUG -    球体半径: 0.013614
2025-08-25 02:20:42,161 - DEBUG -    采样点数: 21
2025-08-25 02:20:42,161 - DEBUG -    点类型分布: {'eye_contours': 16, 'iris_boundaries': 4, 'pupil_center': 1}
2025-08-25 02:20:42,161 - DEBUG -    理论距离向量: [0.01381369 0.01446369 0.01446369 0.01446369 0.01446369 0.01511369
 0.01511369 0.01511369 0.01511369 0.01511369 0.01511369 0.01511369
 0.01511369 0.01511369 0.01511369 0.01511369 0.01511369 0.01511369
 0.01511369 0.01511369 0.01511369]
2025-08-25 02:20:42,161 - DEBUG -    实际距离向量: [0.01290255 0.01760478 0.00490637 0.01722553 0.02288054 0.03034978
 0.02619755 0.01853698 0.01047985 0.00957188 0.01637523 0.02214053
 0.0257968  0.02867226 0.0271411  0.02543728 0.02349196 0.02188203
 0.02229588 0.02501683 0.02849574]
2025-08-25 02:20:42,164 - DEBUG -    生理偏差向量: [0.0002  0.00085 0.00085 0.00085 0.00085 0.0015  0.0015  0.0015  0.0015
 0.0015  0.0015  0.0015  0.0015  0.0015  0.0015  0.0015  0.0015  0.0015
 0.0015  0.0015  0.0015 ]
2025-08-25 02:20:42,164 - DEBUG -    残差向量 f(θ): 
[[-0.00091114]
 [ 0.00314109]
 [-0.00955731]
 [ 0.00276185]
 [ 0.00841685]
 [ 0.01523609]
 [ 0.01108386]
 [ 0.00342329]
 [-0.00463384]
 [-0.0055418 ]
 [ 0.00126155]
 [ 0.00702684]
 [ 0.01068312]
 [ 0.01355858]
 [ 0.01202741]
 [ 0.01032359]
 [ 0.00837827]
 [ 0.00676834]
 [ 0.00718219]
 [ 0.00990314]
 [ 0.01338205]]
2025-08-25 02:20:42,164 - DEBUG -    平均残差范数: 0.001931
2025-08-25 02:20:42,182 - DEBUG -    残差范数=0.040550
2025-08-25 02:20:42,196 - INFO - -----------------------------------------------------------------------------------
2025-08-25 02:20:42,196 - DEBUG - 🔍 深度约束计算详情 (softplus):
2025-08-25 02:20:42,198 - DEBUG -    采样点Z坐标范围: [0.600000, 0.601494]
2025-08-25 02:20:42,200 - DEBUG -    球心Z坐标: 0.603666
2025-08-25 02:20:42,200 - DEBUG -    深度偏移ε: 0.000200
2025-08-25 02:20:42,200 - DEBUG -    softplus参数τ: 0.001000
2025-08-25 02:20:42,202 - DEBUG -    原始违反值: -0.001972
2025-08-25 02:20:42,202 - DEBUG -    softplus输入 u: -1.972353
2025-08-25 02:20:42,202 - DEBUG -    约束惩罚 h(θ): 0.000130
2025-08-25 02:20:42,202 - DEBUG -    🟢 深度约束满足: 球心深度足够
2025-08-25 02:20:42,202 - INFO - -----------------------------------------------------------------------------------
2025-08-25 02:20:42,202 - DEBUG - 🔍 半径惩罚计算详情:
2025-08-25 02:20:42,202 - DEBUG -    当前半径: 0.013614
2025-08-25 02:20:42,202 - DEBUG -    半径先验值: 0.012000
2025-08-25 02:20:42,202 - DEBUG -    半径残差 r(θ): 0.001614
2025-08-25 02:20:42,204 - DEBUG -    数据残差 f(θ): [[-0.00091114]
 [ 0.00314109]
 [-0.00955731]
 [ 0.00276185]
 [ 0.00841685]
 [ 0.01523609]
 [ 0.01108386]
 [ 0.00342329]
 [-0.00463384]
 [-0.0055418 ]
 [ 0.00126155]
 [ 0.00702684]
 [ 0.01068312]
 [ 0.01355858]
 [ 0.01202741]
 [ 0.01032359]
 [ 0.00837827]
 [ 0.00676834]
 [ 0.00718219]
 [ 0.00990314]
 [ 0.01338205]]
2025-08-25 02:20:42,204 - DEBUG -    约束残差 g(θ): [[0.00013026]]
2025-08-25 02:20:42,204 - DEBUG -    半径残差 r(θ): [[0.00161369]]
2025-08-25 02:20:42,204 - DEBUG - 🔍 状态变化计算: 参数变化=0.004598, 残差变化=0.005262
2025-08-25 02:20:42,204 - INFO - -----------------------------------------------------------------------------------
2025-08-25 02:20:42,204 - DEBUG - 🔍 权重管理器状态更新详情:
2025-08-25 02:20:42,204 - DEBUG -    当前迭代: 5
2025-08-25 02:20:42,204 - DEBUG -    参数变化: 0.004598 (阈值: 0.000005)
2025-08-25 02:20:42,206 - DEBUG -    残差变化: 0.005262 (阈值: 0.000005)
2025-08-25 02:20:42,206 - DEBUG -    几何权重因子: 10
2025-08-25 02:20:42,206 - DEBUG - ⏸️ 保持图像置信度权重: 参数变化=4.60e-03, 残差变化=5.26e-03
2025-08-25 02:20:42,206 - DEBUG - 状态已保存: 参数=[ 0.10036779 -0.03369865  0.60366601  0.01361369], 残差范数=0.040550
2025-08-25 02:20:42,208 - DEBUG - 🔍 获取visibility信息: 形状=(21,), 范围=[1.000, 1.000]
2025-08-25 02:20:42,208 - DEBUG - 🔧 设置图像置信度权重: 21个点
2025-08-25 02:20:42,208 - DEBUG - 🔍 开始计算权重矩阵:
2025-08-25 02:20:42,208 - DEBUG -    点类型: ['pupil_center', 'iris_boundaries', 'iris_boundaries', 'iris_boundaries', 'iris_boundaries', 'eye_contours', 'eye_contours', 'eye_contours', 'eye_contours', 'eye_contours', 'eye_contours', 'eye_contours', 'eye_contours', 'eye_contours', 'eye_contours', 'eye_contours', 'eye_contours', 'eye_contours', 'eye_contours', 'eye_contours', 'eye_contours']
2025-08-25 02:20:42,208 - DEBUG -    残差向量: 形状=(21,), 范数=0.040550
2025-08-25 02:20:42,208 - DEBUG -    Visibility: 形状=(21,), 均值=1.000
2025-08-25 02:20:42,208 - WARNING - ⚠️ 权重管理器：没有启用几何权重，使用默认全1权重
2025-08-25 02:20:42,208 - WARNING - ⚠️ 权重管理器：没有启用几何权重，使用默认全1权重
2025-08-25 02:20:42,208 - WARNING - ⚠️ 权重管理器：没有启用几何权重，使用默认全1权重
2025-08-25 02:20:42,208 - WARNING - ⚠️ 权重管理器：没有启用几何权重，使用默认全1权重
2025-08-25 02:20:42,210 - WARNING - ⚠️ 权重管理器：没有启用几何权重，使用默认全1权重
2025-08-25 02:20:42,210 - WARNING - ⚠️ 权重管理器：没有启用几何权重，使用默认全1权重
2025-08-25 02:20:42,210 - WARNING - ⚠️ 权重管理器：没有启用几何权重，使用默认全1权重
2025-08-25 02:20:42,211 - WARNING - ⚠️ 权重管理器：没有启用几何权重，使用默认全1权重
2025-08-25 02:20:42,211 - WARNING - ⚠️ 权重管理器：没有启用几何权重，使用默认全1权重
2025-08-25 02:20:42,211 - WARNING - ⚠️ 权重管理器：没有启用几何权重，使用默认全1权重
2025-08-25 02:20:42,211 - WARNING - ⚠️ 权重管理器：没有启用几何权重，使用默认全1权重
2025-08-25 02:20:42,211 - WARNING - ⚠️ 权重管理器：没有启用几何权重，使用默认全1权重
2025-08-25 02:20:42,211 - WARNING - ⚠️ 权重管理器：没有启用几何权重，使用默认全1权重
2025-08-25 02:20:42,211 - WARNING - ⚠️ 权重管理器：没有启用几何权重，使用默认全1权重
2025-08-25 02:20:42,212 - WARNING - ⚠️ 权重管理器：没有启用几何权重，使用默认全1权重
2025-08-25 02:20:42,212 - WARNING - ⚠️ 权重管理器：没有启用几何权重，使用默认全1权重
2025-08-25 02:20:42,212 - WARNING - ⚠️ 权重管理器：没有启用几何权重，使用默认全1权重
2025-08-25 02:20:42,212 - WARNING - ⚠️ 权重管理器：没有启用几何权重，使用默认全1权重
2025-08-25 02:20:42,241 - WARNING - ⚠️ 权重管理器：没有启用几何权重，使用默认全1权重
2025-08-25 02:20:42,242 - WARNING - ⚠️ 权重管理器：没有启用几何权重，使用默认全1权重
2025-08-25 02:20:42,242 - WARNING - ⚠️ 权重管理器：没有启用几何权重，使用默认全1权重
2025-08-25 02:20:42,243 - DEBUG - 🔍 权重矩阵计算成功: 形状=(21, 21)
2025-08-25 02:20:42,243 - DEBUG - 🔍 几何权重统计:
2025-08-25 02:20:42,243 - DEBUG -    权重向量: [[1.]
 [1.]
 [1.]
 [1.]
 [1.]
 [1.]
 [1.]
 [1.]
 [1.]
 [1.]
 [1.]
 [1.]
 [1.]
 [1.]
 [1.]
 [1.]
 [1.]
 [1.]
 [1.]
 [1.]
 [1.]]
2025-08-25 02:20:42,243 - DEBUG -    权重范围: [1.000000, 1.000000]
2025-08-25 02:20:42,243 - DEBUG -    权重均值: 1.000000
2025-08-25 02:20:42,243 - DEBUG -    权重标准差: 0.000000
2025-08-25 02:20:42,243 - DEBUG -    高权重点(>0.8): 21/21
2025-08-25 02:20:42,243 - DEBUG -    低权重点(<0.2): 0/21
2025-08-25 02:20:42,243 - INFO - -----------------------------------------------------------------------------------
2025-08-25 02:20:42,243 - DEBUG - 🔍 开始求解LM更新方程:
2025-08-25 02:20:42,243 - DEBUG -    数据残差: 形状=(21,), 范数=0.040550
2025-08-25 02:20:42,243 - DEBUG -    约束残差: 形状=(1,), 范数=0.000130
2025-08-25 02:20:42,245 - DEBUG - 🔍 计算数据残差雅可比矩阵 J_f: 形状=(21, 4)
2025-08-25 02:20:42,246 - DEBUG - 🔍 J_f矩阵计算完成: 条件数=1.14e+01
2025-08-25 02:20:42,246 - DEBUG - 🔍 深度约束雅可比计算: u=-1.972353, σ=0.122136, J_h=[[ 0.          0.         -0.12213635  0.        ]]
2025-08-25 02:20:42,246 - DEBUG - 🔍 半径先验雅可比: J_r=[[0. 0. 0. 1.]]
2025-08-25 02:20:42,246 - DEBUG - 🔍 使用几何权重矩阵: 形状=(21, 21)
2025-08-25 02:20:42,246 - DEBUG - 🔍 Hessian矩阵计算:
2025-08-25 02:20:42,246 - DEBUG -    H_data = J_f^T W J_f: 形状=(4, 4), 条件数=1.30e+02
2025-08-25 02:20:42,246 - DEBUG -    H_h = λ_depth J_h^T J_h: 形状=(4, 4), λ_depth=1000.0
2025-08-25 02:20:42,246 - DEBUG -    H_r = λ_radius J_r^T J_r: 形状=(4, 4), λ_radius=1.0
2025-08-25 02:20:42,246 - DEBUG -    H_total: 形状=(4, 4), 条件数=5.14e+01
2025-08-25 02:20:42,246 - DEBUG - 🔍 梯度计算:
2025-08-25 02:20:42,258 - DEBUG -    g_data: 形状=(4,), 范数=0.149646
2025-08-25 02:20:42,260 - DEBUG -    g_h: 形状=(4,), 范数=0.015910
2025-08-25 02:20:42,260 - DEBUG -    g_r: 形状=(4,), 范数=0.001614
2025-08-25 02:20:42,260 - DEBUG -    g_total: 形状=(4,), 范数=0.149796
2025-08-25 02:20:42,260 - DEBUG - 🔍 LM阻尼矩阵: H_lm = H_total + 0.1 * I
2025-08-25 02:20:42,264 - DEBUG -    H_lm条件数: 4.49e+01
2025-08-25 02:20:42,276 - DEBUG - 🔍 线性方程组求解成功:
2025-08-25 02:20:42,281 - DEBUG -    参数更新向量 Δθ: [[0.0002055 ]
 [0.00195414]
 [0.00016573]
 [0.00688811]]
2025-08-25 02:20:42,288 - DEBUG -    更新向量范数: 0.007165
2025-08-25 02:20:42,298 - DEBUG -    各分量更新: Δc_x=0.000205, Δc_y=0.001954, Δc_z=0.000166, Δr=0.006888
2025-08-25 02:20:42,311 - DEBUG -    参数更新:
2025-08-25 02:20:42,323 - DEBUG -      旧参数: [[ 0.10036779]
 [-0.03369865]
 [ 0.60366601]
 [ 0.01361369]]
2025-08-25 02:20:42,323 - DEBUG -      更新向量: [[0.0002055 ]
 [0.00195414]
 [0.00016573]
 [0.00688811]]
2025-08-25 02:20:42,327 - DEBUG -      新参数: [[ 0.10057328]
 [-0.03174451]
 [ 0.60383174]
 [ 0.0205018 ]]
2025-08-25 02:20:42,329 - INFO - -----------------------------------------------------------------------------------
2025-08-25 02:20:42,331 - INFO - 🔍 迭代第5次，球心向左0.205495mm，向下1.954137mm，向后0.165733mm，半径变大6.888112mm
2025-08-25 02:20:42,331 - INFO - 📊 变化前: 中心(0.100, -0.034, 0.604), 半径13.61mm
2025-08-25 02:20:42,331 - INFO - 📊 变化后: 中心(0.101, -0.032, 0.604), 半径20.50mm
2025-08-25 02:20:42,331 - INFO - 📈 变化量: 中心移动1.96mm, 半径变化6.89mm
2025-08-25 02:20:42,331 - INFO - 📍 眼球中心: [ 0.10036779 -0.03369865  0.60366601]
2025-08-25 02:20:42,331 - INFO - 📏 眼球半径: 13.61mm
2025-08-25 02:20:42,331 - INFO - 👁️ 瞳孔中心: [ 0.1        -0.02133333  0.60000002]
2025-08-25 02:20:42,331 - INFO - 📐 眼球中心在瞳孔中心的右0.37mm，上12.37mm，后3.67mm
2025-08-25 02:20:42,331 - INFO - 📏 距离: 12.90mm
2025-08-25 02:20:42,331 - INFO - -----------------------------------------------------------------------------------
2025-08-25 02:20:42,331 - INFO - -----------------------------------------------------------------------------------
2025-08-25 02:20:42,331 - DEBUG - 🔍 参数有效性检查:
2025-08-25 02:20:42,331 - DEBUG -    参数向量: [[ 0.10057328]
 [-0.03174451]
 [ 0.60383174]
 [ 0.0205018 ]]
2025-08-25 02:20:42,331 - DEBUG -    球心: [ 0.10057328 -0.03174451  0.60383174]
2025-08-25 02:20:42,337 - DEBUG -    半径: 0.020502
2025-08-25 02:20:42,337 - DEBUG - 🔍 函数值计算详情:
2025-08-25 02:20:42,337 - DEBUG -    数据项 F(θ): 0.000822
2025-08-25 02:20:42,337 - DEBUG -    深度约束项: 0.000008
2025-08-25 02:20:42,337 - DEBUG -    半径先验项: 0.000001
2025-08-25 02:20:42,337 - DEBUG -    总函数值 Φ(θ): 0.000832
2025-08-25 02:20:42,337 - DEBUG -    函数值改善: -0.000182
2025-08-25 02:20:42,337 - DEBUG - 🔍 参数有效: False
2025-08-25 02:20:42,337 - DEBUG -    参数无效，阻尼因子调整: λ_LM = 1.00e+00
2025-08-25 02:20:42,337 - DEBUG - 🔍 迭代 7/30:
2025-08-25 02:20:42,337 - DEBUG - 🔍 计算点到球心距离: 形状=(21,)
2025-08-25 02:20:42,337 - DEBUG - 🔍 生理偏差向量计算:
2025-08-25 02:20:42,339 - DEBUG -    点类型列表: ['pupil_center', 'iris_boundaries', 'iris_boundaries', 'iris_boundaries', 'iris_boundaries', 'eye_contours', 'eye_contours', 'eye_contours', 'eye_contours', 'eye_contours', 'eye_contours', 'eye_contours', 'eye_contours', 'eye_contours', 'eye_contours', 'eye_contours', 'eye_contours', 'eye_contours', 'eye_contours', 'eye_contours', 'eye_contours']
2025-08-25 02:20:42,339 - DEBUG -    偏差向量: [0.0002  0.00085 0.00085 0.00085 0.00085 0.0015  0.0015  0.0015  0.0015
 0.0015  0.0015  0.0015  0.0015  0.0015  0.0015  0.0015  0.0015  0.0015
 0.0015  0.0015  0.0015 ]
2025-08-25 02:20:42,339 - DEBUG -    向量形状: (21,)
2025-08-25 02:20:42,339 - DEBUG -    偏差统计: 均值=0.001314, 标准差=0.000356
2025-08-25 02:20:42,339 - DEBUG - 获取生理偏差: 点类型=['pupil_center', 'iris_boundaries', 'iris_boundaries', 'iris_boundaries', 'iris_boundaries', 'eye_contours', 'eye_contours', 'eye_contours', 'eye_contours', 'eye_contours', 'eye_contours', 'eye_contours', 'eye_contours', 'eye_contours', 'eye_contours', 'eye_contours', 'eye_contours', 'eye_contours', 'eye_contours', 'eye_contours', 'eye_contours'], 偏差值=[0.0002  0.00085 0.00085 0.00085 0.00085 0.0015  0.0015  0.0015  0.0015
 0.0015  0.0015  0.0015  0.0015  0.0015  0.0015  0.0015  0.0015  0.0015
 0.0015  0.0015  0.0015 ]
2025-08-25 02:20:42,339 - INFO - -----------------------------------------------------------------------------------
2025-08-25 02:20:42,339 - DEBUG - 🔍 拟合残差计算详情:
2025-08-25 02:20:42,342 - DEBUG -    球心坐标: [ 0.10036779 -0.03369865  0.60366601]
2025-08-25 02:20:42,342 - DEBUG -    球体半径: 0.013614
2025-08-25 02:20:42,342 - DEBUG -    采样点数: 21
2025-08-25 02:20:42,342 - DEBUG -    点类型分布: {'eye_contours': 16, 'iris_boundaries': 4, 'pupil_center': 1}
2025-08-25 02:20:42,343 - DEBUG -    理论距离向量: [0.01381369 0.01446369 0.01446369 0.01446369 0.01446369 0.01511369
 0.01511369 0.01511369 0.01511369 0.01511369 0.01511369 0.01511369
 0.01511369 0.01511369 0.01511369 0.01511369 0.01511369 0.01511369
 0.01511369 0.01511369 0.01511369]
2025-08-25 02:20:42,343 - DEBUG -    实际距离向量: [0.01290255 0.01760478 0.00490637 0.01722553 0.02288054 0.03034978
 0.02619755 0.01853698 0.01047985 0.00957188 0.01637523 0.02214053
 0.0257968  0.02867226 0.0271411  0.02543728 0.02349196 0.02188203
 0.02229588 0.02501683 0.02849574]
2025-08-25 02:20:42,343 - DEBUG -    生理偏差向量: [0.0002  0.00085 0.00085 0.00085 0.00085 0.0015  0.0015  0.0015  0.0015
 0.0015  0.0015  0.0015  0.0015  0.0015  0.0015  0.0015  0.0015  0.0015
 0.0015  0.0015  0.0015 ]
2025-08-25 02:20:42,343 - DEBUG -    残差向量 f(θ): 
[[-0.00091114]
 [ 0.00314109]
 [-0.00955731]
 [ 0.00276185]
 [ 0.00841685]
 [ 0.01523609]
 [ 0.01108386]
 [ 0.00342329]
 [-0.00463384]
 [-0.0055418 ]
 [ 0.00126155]
 [ 0.00702684]
 [ 0.01068312]
 [ 0.01355858]
 [ 0.01202741]
 [ 0.01032359]
 [ 0.00837827]
 [ 0.00676834]
 [ 0.00718219]
 [ 0.00990314]
 [ 0.01338205]]
2025-08-25 02:20:42,344 - DEBUG -    平均残差范数: 0.001931
2025-08-25 02:20:42,344 - DEBUG -    残差范数=0.040550
2025-08-25 02:20:42,344 - INFO - -----------------------------------------------------------------------------------
2025-08-25 02:20:42,344 - DEBUG - 🔍 深度约束计算详情 (softplus):
2025-08-25 02:20:42,344 - DEBUG -    采样点Z坐标范围: [0.600000, 0.601494]
2025-08-25 02:20:42,344 - DEBUG -    球心Z坐标: 0.603666
2025-08-25 02:20:42,344 - DEBUG -    深度偏移ε: 0.000200
2025-08-25 02:20:42,344 - DEBUG -    softplus参数τ: 0.001000
2025-08-25 02:20:42,344 - DEBUG -    原始违反值: -0.001972
2025-08-25 02:20:42,344 - DEBUG -    softplus输入 u: -1.972353
2025-08-25 02:20:42,344 - DEBUG -    约束惩罚 h(θ): 0.000130
2025-08-25 02:20:42,344 - DEBUG -    🟢 深度约束满足: 球心深度足够
2025-08-25 02:20:42,344 - INFO - -----------------------------------------------------------------------------------
2025-08-25 02:20:42,344 - DEBUG - 🔍 半径惩罚计算详情:
2025-08-25 02:20:42,344 - DEBUG -    当前半径: 0.013614
2025-08-25 02:20:42,347 - DEBUG -    半径先验值: 0.012000
2025-08-25 02:20:42,347 - DEBUG -    半径残差 r(θ): 0.001614
2025-08-25 02:20:42,347 - DEBUG -    数据残差 f(θ): [[-0.00091114]
 [ 0.00314109]
 [-0.00955731]
 [ 0.00276185]
 [ 0.00841685]
 [ 0.01523609]
 [ 0.01108386]
 [ 0.00342329]
 [-0.00463384]
 [-0.0055418 ]
 [ 0.00126155]
 [ 0.00702684]
 [ 0.01068312]
 [ 0.01355858]
 [ 0.01202741]
 [ 0.01032359]
 [ 0.00837827]
 [ 0.00676834]
 [ 0.00718219]
 [ 0.00990314]
 [ 0.01338205]]
2025-08-25 02:20:42,348 - DEBUG -    约束残差 g(θ): [[0.00013026]]
2025-08-25 02:20:42,348 - DEBUG -    半径残差 r(θ): [[0.00161369]]
2025-08-25 02:20:42,348 - DEBUG - 🔍 状态变化计算: 参数变化=0.000000, 残差变化=0.000000
2025-08-25 02:20:42,348 - INFO - -----------------------------------------------------------------------------------
2025-08-25 02:20:42,348 - DEBUG - 🔍 权重管理器状态更新详情:
2025-08-25 02:20:42,348 - DEBUG -    当前迭代: 6
2025-08-25 02:20:42,349 - DEBUG -    参数变化: 0.000000 (阈值: 0.000005)
2025-08-25 02:20:42,349 - DEBUG -    残差变化: 0.000000 (阈值: 0.000005)
2025-08-25 02:20:42,349 - DEBUG -    几何权重因子: 10
2025-08-25 02:20:42,349 - DEBUG - ⏸️ 保持图像置信度权重: 参数变化=0.00e+00, 残差变化=0.00e+00
2025-08-25 02:20:42,349 - DEBUG - 状态已保存: 参数=[ 0.10036779 -0.03369865  0.60366601  0.01361369], 残差范数=0.040550
2025-08-25 02:20:42,349 - DEBUG - 🔍 获取visibility信息: 形状=(21,), 范围=[1.000, 1.000]
2025-08-25 02:20:42,349 - DEBUG - 🔧 设置图像置信度权重: 21个点
2025-08-25 02:20:42,349 - DEBUG - 🔍 开始计算权重矩阵:
2025-08-25 02:20:42,349 - DEBUG -    点类型: ['pupil_center', 'iris_boundaries', 'iris_boundaries', 'iris_boundaries', 'iris_boundaries', 'eye_contours', 'eye_contours', 'eye_contours', 'eye_contours', 'eye_contours', 'eye_contours', 'eye_contours', 'eye_contours', 'eye_contours', 'eye_contours', 'eye_contours', 'eye_contours', 'eye_contours', 'eye_contours', 'eye_contours', 'eye_contours']
2025-08-25 02:20:42,349 - DEBUG -    残差向量: 形状=(21,), 范数=0.040550
2025-08-25 02:20:42,349 - DEBUG -    Visibility: 形状=(21,), 均值=1.000
2025-08-25 02:20:42,349 - WARNING - ⚠️ 权重管理器：没有启用几何权重，使用默认全1权重
2025-08-25 02:20:42,352 - WARNING - ⚠️ 权重管理器：没有启用几何权重，使用默认全1权重
2025-08-25 02:20:42,352 - WARNING - ⚠️ 权重管理器：没有启用几何权重，使用默认全1权重
2025-08-25 02:20:42,352 - WARNING - ⚠️ 权重管理器：没有启用几何权重，使用默认全1权重
2025-08-25 02:20:42,352 - WARNING - ⚠️ 权重管理器：没有启用几何权重，使用默认全1权重
2025-08-25 02:20:42,352 - WARNING - ⚠️ 权重管理器：没有启用几何权重，使用默认全1权重
2025-08-25 02:20:42,352 - WARNING - ⚠️ 权重管理器：没有启用几何权重，使用默认全1权重
2025-08-25 02:20:42,352 - WARNING - ⚠️ 权重管理器：没有启用几何权重，使用默认全1权重
2025-08-25 02:20:42,352 - WARNING - ⚠️ 权重管理器：没有启用几何权重，使用默认全1权重
2025-08-25 02:20:42,352 - WARNING - ⚠️ 权重管理器：没有启用几何权重，使用默认全1权重
2025-08-25 02:20:42,352 - WARNING - ⚠️ 权重管理器：没有启用几何权重，使用默认全1权重
2025-08-25 02:20:42,352 - WARNING - ⚠️ 权重管理器：没有启用几何权重，使用默认全1权重
2025-08-25 02:20:42,352 - WARNING - ⚠️ 权重管理器：没有启用几何权重，使用默认全1权重
2025-08-25 02:20:42,352 - WARNING - ⚠️ 权重管理器：没有启用几何权重，使用默认全1权重
2025-08-25 02:20:42,352 - WARNING - ⚠️ 权重管理器：没有启用几何权重，使用默认全1权重
2025-08-25 02:20:42,352 - WARNING - ⚠️ 权重管理器：没有启用几何权重，使用默认全1权重
2025-08-25 02:20:42,352 - WARNING - ⚠️ 权重管理器：没有启用几何权重，使用默认全1权重
2025-08-25 02:20:42,352 - WARNING - ⚠️ 权重管理器：没有启用几何权重，使用默认全1权重
2025-08-25 02:20:42,352 - WARNING - ⚠️ 权重管理器：没有启用几何权重，使用默认全1权重
2025-08-25 02:20:42,352 - WARNING - ⚠️ 权重管理器：没有启用几何权重，使用默认全1权重
2025-08-25 02:20:42,352 - WARNING - ⚠️ 权重管理器：没有启用几何权重，使用默认全1权重
2025-08-25 02:20:42,352 - DEBUG - 🔍 权重矩阵计算成功: 形状=(21, 21)
2025-08-25 02:20:42,352 - DEBUG - 🔍 几何权重统计:
2025-08-25 02:20:42,356 - DEBUG -    权重向量: [[1.]
 [1.]
 [1.]
 [1.]
 [1.]
 [1.]
 [1.]
 [1.]
 [1.]
 [1.]
 [1.]
 [1.]
 [1.]
 [1.]
 [1.]
 [1.]
 [1.]
 [1.]
 [1.]
 [1.]
 [1.]]
2025-08-25 02:20:42,356 - DEBUG -    权重范围: [1.000000, 1.000000]
2025-08-25 02:20:42,357 - DEBUG -    权重均值: 1.000000
2025-08-25 02:20:42,357 - DEBUG -    权重标准差: 0.000000
2025-08-25 02:20:42,357 - DEBUG -    高权重点(>0.8): 21/21
2025-08-25 02:20:42,357 - DEBUG -    低权重点(<0.2): 0/21
2025-08-25 02:20:42,357 - INFO - -----------------------------------------------------------------------------------
2025-08-25 02:20:42,358 - DEBUG - 🔍 开始求解LM更新方程:
2025-08-25 02:20:42,358 - DEBUG -    数据残差: 形状=(21,), 范数=0.040550
2025-08-25 02:20:42,358 - DEBUG -    约束残差: 形状=(1,), 范数=0.000130
2025-08-25 02:20:42,358 - DEBUG - 🔍 计算数据残差雅可比矩阵 J_f: 形状=(21, 4)
2025-08-25 02:20:42,358 - DEBUG - 🔍 J_f矩阵计算完成: 条件数=1.14e+01
2025-08-25 02:20:42,359 - DEBUG - 🔍 深度约束雅可比计算: u=-1.972353, σ=0.122136, J_h=[[ 0.          0.         -0.12213635  0.        ]]
2025-08-25 02:20:42,359 - DEBUG - 🔍 半径先验雅可比: J_r=[[0. 0. 0. 1.]]
2025-08-25 02:20:42,359 - DEBUG - 🔍 使用几何权重矩阵: 形状=(21, 21)
2025-08-25 02:20:42,359 - DEBUG - 🔍 Hessian矩阵计算:
2025-08-25 02:20:42,359 - DEBUG -    H_data = J_f^T W J_f: 形状=(4, 4), 条件数=1.30e+02
2025-08-25 02:20:42,359 - DEBUG -    H_h = λ_depth J_h^T J_h: 形状=(4, 4), λ_depth=1000.0
2025-08-25 02:20:42,360 - DEBUG -    H_r = λ_radius J_r^T J_r: 形状=(4, 4), λ_radius=1.0
2025-08-25 02:20:42,360 - DEBUG -    H_total: 形状=(4, 4), 条件数=5.14e+01
2025-08-25 02:20:42,367 - DEBUG - 🔍 梯度计算:
2025-08-25 02:20:42,367 - DEBUG -    g_data: 形状=(4,), 范数=0.149646
2025-08-25 02:20:42,367 - DEBUG -    g_h: 形状=(4,), 范数=0.015910
2025-08-25 02:20:42,367 - DEBUG -    g_r: 形状=(4,), 范数=0.001614
2025-08-25 02:20:42,367 - DEBUG -    g_total: 形状=(4,), 范数=0.149796
2025-08-25 02:20:42,367 - DEBUG - 🔍 LM阻尼矩阵: H_lm = H_total + 1.0 * I
2025-08-25 02:20:42,367 - DEBUG -    H_lm条件数: 2.12e+01
2025-08-25 02:20:42,367 - DEBUG - 🔍 线性方程组求解成功:
2025-08-25 02:20:42,367 - DEBUG -    参数更新向量 Δθ: [[ 1.72358599e-05]
 [-4.27762026e-04]
 [ 1.67057551e-04]
 [ 5.00562688e-03]]
2025-08-25 02:20:42,367 - DEBUG -    更新向量范数: 0.005027
2025-08-25 02:20:42,367 - DEBUG -    各分量更新: Δc_x=0.000017, Δc_y=-0.000428, Δc_z=0.000167, Δr=0.005006
2025-08-25 02:20:42,367 - DEBUG -    参数更新:
2025-08-25 02:20:42,367 - DEBUG -      旧参数: [[ 0.10036779]
 [-0.03369865]
 [ 0.60366601]
 [ 0.01361369]]
2025-08-25 02:20:42,367 - DEBUG -      更新向量: [[ 1.72358599e-05]
 [-4.27762026e-04]
 [ 1.67057551e-04]
 [ 5.00562688e-03]]
2025-08-25 02:20:42,367 - DEBUG -      新参数: [[ 0.10038502]
 [-0.03412641]
 [ 0.60383307]
 [ 0.01861931]]
2025-08-25 02:20:42,367 - INFO - -----------------------------------------------------------------------------------
2025-08-25 02:20:42,367 - INFO - 🔍 迭代第6次，球心向左0.017236mm，向上0.427762mm，向后0.167058mm，半径变大5.005627mm
2025-08-25 02:20:42,367 - INFO - 📊 变化前: 中心(0.100, -0.034, 0.604), 半径13.61mm
2025-08-25 02:20:42,367 - INFO - 📊 变化后: 中心(0.100, -0.034, 0.604), 半径18.62mm
2025-08-25 02:20:42,367 - INFO - 📈 变化量: 中心移动0.43mm, 半径变化5.01mm
2025-08-25 02:20:42,367 - INFO - 📍 眼球中心: [ 0.10036779 -0.03369865  0.60366601]
2025-08-25 02:20:42,367 - INFO - 📏 眼球半径: 13.61mm
2025-08-25 02:20:42,367 - INFO - 👁️ 瞳孔中心: [ 0.1        -0.02133333  0.60000002]
2025-08-25 02:20:42,367 - INFO - 📐 眼球中心在瞳孔中心的右0.37mm，上12.37mm，后3.67mm
2025-08-25 02:20:42,372 - INFO - 📏 距离: 12.90mm
2025-08-25 02:20:42,372 - INFO - -----------------------------------------------------------------------------------
2025-08-25 02:20:42,372 - INFO - -----------------------------------------------------------------------------------
2025-08-25 02:20:42,372 - DEBUG - 🔍 参数有效性检查:
2025-08-25 02:20:42,372 - DEBUG -    参数向量: [[ 0.10038502]
 [-0.03412641]
 [ 0.60383307]
 [ 0.01861931]]
2025-08-25 02:20:42,372 - DEBUG -    球心: [ 0.10038502 -0.03412641  0.60383307]
2025-08-25 02:20:42,398 - DEBUG -    半径: 0.018619
2025-08-25 02:20:42,405 - DEBUG - 🔍 函数值计算详情:
2025-08-25 02:20:42,407 - DEBUG -    数据项 F(θ): 0.000822
2025-08-25 02:20:42,409 - DEBUG -    深度约束项: 0.000008
2025-08-25 02:20:42,417 - DEBUG -    半径先验项: 0.000001
2025-08-25 02:20:42,419 - DEBUG -    总函数值 Φ(θ): 0.000832
2025-08-25 02:20:42,419 - DEBUG -    函数值改善: 0.000000
2025-08-25 02:20:42,419 - DEBUG - 🔍 参数有效: True
2025-08-25 02:20:42,419 - DEBUG -    参数更新成功:
2025-08-25 02:20:42,419 - DEBUG -      新球心: [ 0.10038502 -0.03412641  0.60383307]
2025-08-25 02:20:42,419 - DEBUG -      新半径: 0.018619
2025-08-25 02:20:42,421 - INFO - -----------------------------------------------------------------------------------
2025-08-25 02:20:42,421 - DEBUG - 🔍 LM收敛性检查:
2025-08-25 02:20:42,421 - DEBUG -    当前迭代次数: 6
2025-08-25 02:20:42,421 - DEBUG -    最大迭代次数: 30
2025-08-25 02:20:42,421 - DEBUG -    参数变化: 0.005027
2025-08-25 02:20:42,421 - DEBUG -    参数容忍度: 5e-06
2025-08-25 02:20:42,421 - DEBUG -    残差变化: 0.000000
2025-08-25 02:20:42,421 - DEBUG -    残差容忍度: 5e-06
2025-08-25 02:20:42,421 - DEBUG - 🔍 迭代 8/30:
2025-08-25 02:20:42,421 - DEBUG - 🔍 计算点到球心距离: 形状=(21,)
2025-08-25 02:20:42,421 - DEBUG - 🔍 生理偏差向量计算:
2025-08-25 02:20:42,421 - DEBUG -    点类型列表: ['pupil_center', 'iris_boundaries', 'iris_boundaries', 'iris_boundaries', 'iris_boundaries', 'eye_contours', 'eye_contours', 'eye_contours', 'eye_contours', 'eye_contours', 'eye_contours', 'eye_contours', 'eye_contours', 'eye_contours', 'eye_contours', 'eye_contours', 'eye_contours', 'eye_contours', 'eye_contours', 'eye_contours', 'eye_contours']
2025-08-25 02:20:42,421 - DEBUG -    偏差向量: [0.0002  0.00085 0.00085 0.00085 0.00085 0.0015  0.0015  0.0015  0.0015
 0.0015  0.0015  0.0015  0.0015  0.0015  0.0015  0.0015  0.0015  0.0015
 0.0015  0.0015  0.0015 ]
2025-08-25 02:20:42,424 - DEBUG -    向量形状: (21,)
2025-08-25 02:20:42,424 - DEBUG -    偏差统计: 均值=0.001314, 标准差=0.000356
2025-08-25 02:20:42,424 - DEBUG - 获取生理偏差: 点类型=['pupil_center', 'iris_boundaries', 'iris_boundaries', 'iris_boundaries', 'iris_boundaries', 'eye_contours', 'eye_contours', 'eye_contours', 'eye_contours', 'eye_contours', 'eye_contours', 'eye_contours', 'eye_contours', 'eye_contours', 'eye_contours', 'eye_contours', 'eye_contours', 'eye_contours', 'eye_contours', 'eye_contours', 'eye_contours'], 偏差值=[0.0002  0.00085 0.00085 0.00085 0.00085 0.0015  0.0015  0.0015  0.0015
 0.0015  0.0015  0.0015  0.0015  0.0015  0.0015  0.0015  0.0015  0.0015
 0.0015  0.0015  0.0015 ]
2025-08-25 02:20:42,424 - INFO - -----------------------------------------------------------------------------------
2025-08-25 02:20:42,424 - DEBUG - 🔍 拟合残差计算详情:
2025-08-25 02:20:42,424 - DEBUG -    球心坐标: [ 0.10038502 -0.03412641  0.60383307]
2025-08-25 02:20:42,424 - DEBUG -    球体半径: 0.018619
2025-08-25 02:20:42,424 - DEBUG -    采样点数: 21
2025-08-25 02:20:42,424 - DEBUG -    点类型分布: {'eye_contours': 16, 'iris_boundaries': 4, 'pupil_center': 1}
2025-08-25 02:20:42,424 - DEBUG -    理论距离向量: [0.01881931 0.01946931 0.01946931 0.01946931 0.01946931 0.02011931
 0.02011931 0.02011931 0.02011931 0.02011931 0.02011931 0.02011931
 0.02011931 0.02011931 0.02011931 0.02011931 0.02011931 0.02011931
 0.02011931 0.02011931 0.02011931]
2025-08-25 02:20:42,424 - DEBUG -    实际距离向量: [0.01336051 0.01794007 0.00534544 0.01760093 0.02332313 0.03064321
 0.02648894 0.01884743 0.01089594 0.00997693 0.01663273 0.02236325
 0.02601262 0.02888559 0.02740906 0.02575469 0.02386878 0.02232283
 0.02273164 0.02539153 0.02882059]
2025-08-25 02:20:42,424 - DEBUG -    生理偏差向量: [0.0002  0.00085 0.00085 0.00085 0.00085 0.0015  0.0015  0.0015  0.0015
 0.0015  0.0015  0.0015  0.0015  0.0015  0.0015  0.0015  0.0015  0.0015
 0.0015  0.0015  0.0015 ]
2025-08-25 02:20:42,424 - DEBUG -    残差向量 f(θ): 
[[-0.0054588 ]
 [-0.00152925]
 [-0.01412388]
 [-0.00186838]
 [ 0.00385381]
 [ 0.0105239 ]
 [ 0.00636963]
 [-0.00127189]
 [-0.00922338]
 [-0.01014238]
 [-0.00348658]
 [ 0.00224393]
 [ 0.00589331]
 [ 0.00876627]
 [ 0.00728975]
 [ 0.00563538]
 [ 0.00374946]
 [ 0.00220352]
 [ 0.00261232]
 [ 0.00527221]
 [ 0.00870128]]
2025-08-25 02:20:42,424 - DEBUG -    平均残差范数: 0.001455
2025-08-25 02:20:42,424 - DEBUG -    残差范数=0.030557
2025-08-25 02:20:42,424 - INFO - -----------------------------------------------------------------------------------
2025-08-25 02:20:42,424 - DEBUG - 🔍 深度约束计算详情 (softplus):
2025-08-25 02:20:42,424 - DEBUG -    采样点Z坐标范围: [0.600000, 0.601494]
2025-08-25 02:20:42,424 - DEBUG -    球心Z坐标: 0.603833
2025-08-25 02:20:42,429 - DEBUG -    深度偏移ε: 0.000200
2025-08-25 02:20:42,429 - DEBUG -    softplus参数τ: 0.001000
2025-08-25 02:20:42,429 - DEBUG -    原始违反值: -0.002139
2025-08-25 02:20:42,429 - DEBUG -    softplus输入 u: -2.139411
2025-08-25 02:20:42,429 - DEBUG -    约束惩罚 h(θ): 0.000111
2025-08-25 02:20:42,429 - DEBUG -    🟢 深度约束满足: 球心深度足够
2025-08-25 02:20:42,429 - INFO - -----------------------------------------------------------------------------------
2025-08-25 02:20:42,429 - DEBUG - 🔍 半径惩罚计算详情:
2025-08-25 02:20:42,429 - DEBUG -    当前半径: 0.018619
2025-08-25 02:20:42,429 - DEBUG -    半径先验值: 0.012000
2025-08-25 02:20:42,429 - DEBUG -    半径残差 r(θ): 0.006619
2025-08-25 02:20:42,429 - DEBUG -    数据残差 f(θ): [[-0.0054588 ]
 [-0.00152925]
 [-0.01412388]
 [-0.00186838]
 [ 0.00385381]
 [ 0.0105239 ]
 [ 0.00636963]
 [-0.00127189]
 [-0.00922338]
 [-0.01014238]
 [-0.00348658]
 [ 0.00224393]
 [ 0.00589331]
 [ 0.00876627]
 [ 0.00728975]
 [ 0.00563538]
 [ 0.00374946]
 [ 0.00220352]
 [ 0.00261232]
 [ 0.00527221]
 [ 0.00870128]]
2025-08-25 02:20:42,429 - DEBUG -    约束残差 g(θ): [[0.00011129]]
2025-08-25 02:20:42,429 - DEBUG -    半径残差 r(θ): [[0.00661931]]
2025-08-25 02:20:42,429 - DEBUG - 🔍 状态变化计算: 参数变化=0.005027, 残差变化=0.009993
2025-08-25 02:20:42,429 - INFO - -----------------------------------------------------------------------------------
2025-08-25 02:20:42,429 - DEBUG - 🔍 权重管理器状态更新详情:
2025-08-25 02:20:42,429 - DEBUG -    当前迭代: 7
2025-08-25 02:20:42,429 - DEBUG -    参数变化: 0.005027 (阈值: 0.000005)
2025-08-25 02:20:42,429 - DEBUG -    残差变化: 0.009993 (阈值: 0.000005)
2025-08-25 02:20:42,429 - DEBUG -    几何权重因子: 10
2025-08-25 02:20:42,429 - DEBUG - ⏸️ 保持图像置信度权重: 参数变化=5.03e-03, 残差变化=9.99e-03
2025-08-25 02:20:42,429 - DEBUG - 状态已保存: 参数=[ 0.10038502 -0.03412641  0.60383307  0.01861931], 残差范数=0.030557
2025-08-25 02:20:42,429 - DEBUG - 🔍 获取visibility信息: 形状=(21,), 范围=[1.000, 1.000]
2025-08-25 02:20:42,429 - DEBUG - 🔧 设置图像置信度权重: 21个点
2025-08-25 02:20:42,429 - DEBUG - 🔍 开始计算权重矩阵:
2025-08-25 02:20:42,429 - DEBUG -    点类型: ['pupil_center', 'iris_boundaries', 'iris_boundaries', 'iris_boundaries', 'iris_boundaries', 'eye_contours', 'eye_contours', 'eye_contours', 'eye_contours', 'eye_contours', 'eye_contours', 'eye_contours', 'eye_contours', 'eye_contours', 'eye_contours', 'eye_contours', 'eye_contours', 'eye_contours', 'eye_contours', 'eye_contours', 'eye_contours']
2025-08-25 02:20:42,429 - DEBUG -    残差向量: 形状=(21,), 范数=0.030557
2025-08-25 02:20:42,429 - DEBUG -    Visibility: 形状=(21,), 均值=1.000
2025-08-25 02:20:42,429 - WARNING - ⚠️ 权重管理器：没有启用几何权重，使用默认全1权重
2025-08-25 02:20:42,429 - WARNING - ⚠️ 权重管理器：没有启用几何权重，使用默认全1权重
2025-08-25 02:20:42,429 - WARNING - ⚠️ 权重管理器：没有启用几何权重，使用默认全1权重
2025-08-25 02:20:42,429 - WARNING - ⚠️ 权重管理器：没有启用几何权重，使用默认全1权重
2025-08-25 02:20:42,429 - WARNING - ⚠️ 权重管理器：没有启用几何权重，使用默认全1权重
2025-08-25 02:20:42,429 - WARNING - ⚠️ 权重管理器：没有启用几何权重，使用默认全1权重
2025-08-25 02:20:42,429 - WARNING - ⚠️ 权重管理器：没有启用几何权重，使用默认全1权重
2025-08-25 02:20:42,429 - WARNING - ⚠️ 权重管理器：没有启用几何权重，使用默认全1权重
2025-08-25 02:20:42,429 - WARNING - ⚠️ 权重管理器：没有启用几何权重，使用默认全1权重
2025-08-25 02:20:42,429 - WARNING - ⚠️ 权重管理器：没有启用几何权重，使用默认全1权重
2025-08-25 02:20:42,429 - WARNING - ⚠️ 权重管理器：没有启用几何权重，使用默认全1权重
2025-08-25 02:20:42,429 - WARNING - ⚠️ 权重管理器：没有启用几何权重，使用默认全1权重
2025-08-25 02:20:42,429 - WARNING - ⚠️ 权重管理器：没有启用几何权重，使用默认全1权重
2025-08-25 02:20:42,429 - WARNING - ⚠️ 权重管理器：没有启用几何权重，使用默认全1权重
2025-08-25 02:20:42,429 - WARNING - ⚠️ 权重管理器：没有启用几何权重，使用默认全1权重
2025-08-25 02:20:42,429 - WARNING - ⚠️ 权重管理器：没有启用几何权重，使用默认全1权重
2025-08-25 02:20:42,429 - WARNING - ⚠️ 权重管理器：没有启用几何权重，使用默认全1权重
2025-08-25 02:20:42,429 - WARNING - ⚠️ 权重管理器：没有启用几何权重，使用默认全1权重
2025-08-25 02:20:42,429 - WARNING - ⚠️ 权重管理器：没有启用几何权重，使用默认全1权重
2025-08-25 02:20:42,429 - WARNING - ⚠️ 权重管理器：没有启用几何权重，使用默认全1权重
2025-08-25 02:20:42,429 - WARNING - ⚠️ 权重管理器：没有启用几何权重，使用默认全1权重
2025-08-25 02:20:42,437 - DEBUG - 🔍 权重矩阵计算成功: 形状=(21, 21)
2025-08-25 02:20:42,437 - DEBUG - 🔍 几何权重统计:
2025-08-25 02:20:42,437 - DEBUG -    权重向量: [[1.]
 [1.]
 [1.]
 [1.]
 [1.]
 [1.]
 [1.]
 [1.]
 [1.]
 [1.]
 [1.]
 [1.]
 [1.]
 [1.]
 [1.]
 [1.]
 [1.]
 [1.]
 [1.]
 [1.]
 [1.]]
2025-08-25 02:20:42,438 - DEBUG -    权重范围: [1.000000, 1.000000]
2025-08-25 02:20:42,438 - DEBUG -    权重均值: 1.000000
2025-08-25 02:20:42,438 - DEBUG -    权重标准差: 0.000000
2025-08-25 02:20:42,438 - DEBUG -    高权重点(>0.8): 21/21
2025-08-25 02:20:42,438 - DEBUG -    低权重点(<0.2): 0/21
2025-08-25 02:20:42,438 - INFO - -----------------------------------------------------------------------------------
2025-08-25 02:20:42,438 - DEBUG - 🔍 开始求解LM更新方程:
2025-08-25 02:20:42,438 - DEBUG -    数据残差: 形状=(21,), 范数=0.030557
2025-08-25 02:20:42,438 - DEBUG -    约束残差: 形状=(1,), 范数=0.000111
2025-08-25 02:20:42,438 - DEBUG - 🔍 计算数据残差雅可比矩阵 J_f: 形状=(21, 4)
2025-08-25 02:20:42,438 - DEBUG - 🔍 J_f矩阵计算完成: 条件数=1.20e+01
2025-08-25 02:20:42,438 - DEBUG - 🔍 深度约束雅可比计算: u=-2.139411, σ=0.105325, J_h=[[ 0.          0.         -0.10532489  0.        ]]
2025-08-25 02:20:42,438 - DEBUG - 🔍 半径先验雅可比: J_r=[[0. 0. 0. 1.]]
2025-08-25 02:20:42,438 - DEBUG - 🔍 使用几何权重矩阵: 形状=(21, 21)
2025-08-25 02:20:42,438 - DEBUG - 🔍 Hessian矩阵计算:
2025-08-25 02:20:42,438 - DEBUG -    H_data = J_f^T W J_f: 形状=(4, 4), 条件数=1.43e+02
2025-08-25 02:20:42,438 - DEBUG -    H_h = λ_depth J_h^T J_h: 形状=(4, 4), λ_depth=1000.0
2025-08-25 02:20:42,438 - DEBUG -    H_r = λ_radius J_r^T J_r: 形状=(4, 4), λ_radius=1.0
2025-08-25 02:20:42,438 - DEBUG -    H_total: 形状=(4, 4), 条件数=5.26e+01
2025-08-25 02:20:42,438 - DEBUG - 🔍 梯度计算:
2025-08-25 02:20:42,438 - DEBUG -    g_data: 形状=(4,), 范数=0.030215
2025-08-25 02:20:42,438 - DEBUG -    g_h: 形状=(4,), 范数=0.011722
2025-08-25 02:20:42,438 - DEBUG -    g_r: 形状=(4,), 范数=0.006619
2025-08-25 02:20:42,438 - DEBUG -    g_total: 形状=(4,), 范数=0.022657
2025-08-25 02:20:42,438 - DEBUG - 🔍 LM阻尼矩阵: H_lm = H_total + 1.0 * I
2025-08-25 02:20:42,438 - DEBUG -    H_lm条件数: 2.14e+01
2025-08-25 02:20:42,438 - DEBUG - 🔍 线性方程组求解成功:
2025-08-25 02:20:42,438 - DEBUG -    参数更新向量 Δθ: [[ 1.30206685e-04]
 [ 6.30390505e-04]
 [-9.96979090e-05]
 [ 1.29610930e-03]]
2025-08-25 02:20:42,438 - DEBUG -    更新向量范数: 0.001451
2025-08-25 02:20:42,438 - DEBUG -    各分量更新: Δc_x=0.000130, Δc_y=0.000630, Δc_z=-0.000100, Δr=0.001296
2025-08-25 02:20:42,438 - DEBUG -    参数更新:
2025-08-25 02:20:42,438 - DEBUG -      旧参数: [[ 0.10038502]
 [-0.03412641]
 [ 0.60383307]
 [ 0.01861931]]
2025-08-25 02:20:42,438 - DEBUG -      更新向量: [[ 1.30206685e-04]
 [ 6.30390505e-04]
 [-9.96979090e-05]
 [ 1.29610930e-03]]
2025-08-25 02:20:42,438 - DEBUG -      新参数: [[ 0.10051523]
 [-0.03349602]
 [ 0.60373337]
 [ 0.01991542]]
2025-08-25 02:20:42,438 - INFO - -----------------------------------------------------------------------------------
2025-08-25 02:20:42,438 - INFO - 🔍 迭代第7次，球心向左0.130207mm，向下0.630391mm，向前0.099698mm，半径变大1.296109mm
2025-08-25 02:20:42,438 - INFO - 📊 变化前: 中心(0.100, -0.034, 0.604), 半径18.62mm
2025-08-25 02:20:42,438 - INFO - 📊 变化后: 中心(0.101, -0.033, 0.604), 半径19.92mm
2025-08-25 02:20:42,438 - INFO - 📈 变化量: 中心移动0.64mm, 半径变化1.30mm
2025-08-25 02:20:42,438 - INFO - 📍 眼球中心: [ 0.10038502 -0.03412641  0.60383307]
2025-08-25 02:20:42,438 - INFO - 📏 眼球半径: 18.62mm
2025-08-25 02:20:42,438 - INFO - 👁️ 瞳孔中心: [ 0.1        -0.02133333  0.60000002]
2025-08-25 02:20:42,438 - INFO - 📐 眼球中心在瞳孔中心的右0.39mm，上12.79mm，后3.83mm
2025-08-25 02:20:42,445 - INFO - 📏 距离: 13.36mm
2025-08-25 02:20:42,445 - INFO - -----------------------------------------------------------------------------------
2025-08-25 02:20:42,445 - INFO - -----------------------------------------------------------------------------------
2025-08-25 02:20:42,445 - DEBUG - 🔍 参数有效性检查:
2025-08-25 02:20:42,445 - DEBUG -    参数向量: [[ 0.10051523]
 [-0.03349602]
 [ 0.60373337]
 [ 0.01991542]]
2025-08-25 02:20:42,445 - DEBUG -    球心: [ 0.10051523 -0.03349602  0.60373337]
2025-08-25 02:20:42,445 - DEBUG -    半径: 0.019915
2025-08-25 02:20:42,445 - DEBUG - 🔍 函数值计算详情:
2025-08-25 02:20:42,445 - DEBUG -    数据项 F(θ): 0.000467
2025-08-25 02:20:42,445 - DEBUG -    深度约束项: 0.000006
2025-08-25 02:20:42,445 - DEBUG -    半径先验项: 0.000022
2025-08-25 02:20:42,445 - DEBUG -    总函数值 Φ(θ): 0.000495
2025-08-25 02:20:42,445 - DEBUG -    函数值改善: 0.000337
2025-08-25 02:20:42,445 - DEBUG - 🔍 参数有效: True
2025-08-25 02:20:42,445 - DEBUG -    参数更新成功:
2025-08-25 02:20:42,445 - DEBUG -      新球心: [ 0.10051523 -0.03349602  0.60373337]
2025-08-25 02:20:42,445 - DEBUG -      新半径: 0.019915
2025-08-25 02:20:42,445 - INFO - -----------------------------------------------------------------------------------
2025-08-25 02:20:42,445 - DEBUG - 🔍 LM收敛性检查:
2025-08-25 02:20:42,445 - DEBUG -    当前迭代次数: 7
2025-08-25 02:20:42,445 - DEBUG -    最大迭代次数: 30
2025-08-25 02:20:42,445 - DEBUG -    参数变化: 0.001451
2025-08-25 02:20:42,445 - DEBUG -    参数容忍度: 5e-06
2025-08-25 02:20:42,445 - DEBUG -    残差变化: 0.000000
2025-08-25 02:20:42,445 - DEBUG -    残差容忍度: 5e-06
2025-08-25 02:20:42,445 - DEBUG - 🔍 迭代 9/30:
2025-08-25 02:20:42,445 - DEBUG - 🔍 计算点到球心距离: 形状=(21,)
2025-08-25 02:20:42,445 - DEBUG - 🔍 生理偏差向量计算:
2025-08-25 02:20:42,445 - DEBUG -    点类型列表: ['pupil_center', 'iris_boundaries', 'iris_boundaries', 'iris_boundaries', 'iris_boundaries', 'eye_contours', 'eye_contours', 'eye_contours', 'eye_contours', 'eye_contours', 'eye_contours', 'eye_contours', 'eye_contours', 'eye_contours', 'eye_contours', 'eye_contours', 'eye_contours', 'eye_contours', 'eye_contours', 'eye_contours', 'eye_contours']
2025-08-25 02:20:42,445 - DEBUG -    偏差向量: [0.0002  0.00085 0.00085 0.00085 0.00085 0.0015  0.0015  0.0015  0.0015
 0.0015  0.0015  0.0015  0.0015  0.0015  0.0015  0.0015  0.0015  0.0015
 0.0015  0.0015  0.0015 ]
2025-08-25 02:20:42,445 - DEBUG -    向量形状: (21,)
2025-08-25 02:20:42,445 - DEBUG -    偏差统计: 均值=0.001314, 标准差=0.000356
2025-08-25 02:20:42,445 - DEBUG - 获取生理偏差: 点类型=['pupil_center', 'iris_boundaries', 'iris_boundaries', 'iris_boundaries', 'iris_boundaries', 'eye_contours', 'eye_contours', 'eye_contours', 'eye_contours', 'eye_contours', 'eye_contours', 'eye_contours', 'eye_contours', 'eye_contours', 'eye_contours', 'eye_contours', 'eye_contours', 'eye_contours', 'eye_contours', 'eye_contours', 'eye_contours'], 偏差值=[0.0002  0.00085 0.00085 0.00085 0.00085 0.0015  0.0015  0.0015  0.0015
 0.0015  0.0015  0.0015  0.0015  0.0015  0.0015  0.0015  0.0015  0.0015
 0.0015  0.0015  0.0015 ]
2025-08-25 02:20:42,445 - INFO - -----------------------------------------------------------------------------------
2025-08-25 02:20:42,445 - DEBUG - 🔍 拟合残差计算详情:
2025-08-25 02:20:42,445 - DEBUG -    球心坐标: [ 0.10051523 -0.03349602  0.60373337]
2025-08-25 02:20:42,445 - DEBUG -    球体半径: 0.019915
2025-08-25 02:20:42,445 - DEBUG -    采样点数: 21
2025-08-25 02:20:42,445 - DEBUG -    点类型分布: {'eye_contours': 16, 'iris_boundaries': 4, 'pupil_center': 1}
2025-08-25 02:20:42,445 - DEBUG -    理论距离向量: [0.02011542 0.02076542 0.02076542 0.02076542 0.02076542 0.02141542
 0.02141542 0.02141542 0.02141542 0.02141542 0.02141542 0.02141542
 0.02141542 0.02141542 0.02141542 0.02141542 0.02141542 0.02141542
 0.02141542 0.02141542 0.02141542]
2025-08-25 02:20:42,453 - DEBUG -    实际距离向量: [0.0127332  0.01737039 0.00478496 0.01716763 0.02268104 0.03034843
 0.0262028  0.01853708 0.01040355 0.00936085 0.01615563 0.02192025
 0.02557579 0.02845039 0.02690595 0.0251962  0.02325046 0.02167295
 0.02215086 0.02494719 0.02847049]
2025-08-25 02:20:42,453 - DEBUG -    生理偏差向量: [0.0002  0.00085 0.00085 0.00085 0.00085 0.0015  0.0015  0.0015  0.0015
 0.0015  0.0015  0.0015  0.0015  0.0015  0.0015  0.0015  0.0015  0.0015
 0.0015  0.0015  0.0015 ]
2025-08-25 02:20:42,453 - DEBUG -    残差向量 f(θ): 
[[-0.00738223]
 [-0.00339503]
 [-0.01598047]
 [-0.00359779]
 [ 0.00191562]
 [ 0.008933  ]
 [ 0.00478737]
 [-0.00287834]
 [-0.01101187]
 [-0.01205457]
 [-0.0052598 ]
 [ 0.00050483]
 [ 0.00416037]
 [ 0.00703497]
 [ 0.00549053]
 [ 0.00378078]
 [ 0.00183503]
 [ 0.00025753]
 [ 0.00073544]
 [ 0.00353177]
 [ 0.00705506]]
2025-08-25 02:20:42,453 - DEBUG -    平均残差范数: 0.001445
2025-08-25 02:20:42,453 - DEBUG -    残差范数=0.030347
2025-08-25 02:20:42,453 - INFO - -----------------------------------------------------------------------------------
2025-08-25 02:20:42,453 - DEBUG - 🔍 深度约束计算详情 (softplus):
2025-08-25 02:20:42,453 - DEBUG -    采样点Z坐标范围: [0.600000, 0.601494]
2025-08-25 02:20:42,453 - DEBUG -    球心Z坐标: 0.603733
2025-08-25 02:20:42,453 - DEBUG -    深度偏移ε: 0.000200
2025-08-25 02:20:42,453 - DEBUG -    softplus参数τ: 0.001000
2025-08-25 02:20:42,453 - DEBUG -    原始违反值: -0.002040
2025-08-25 02:20:42,453 - DEBUG -    softplus输入 u: -2.039713
2025-08-25 02:20:42,453 - DEBUG -    约束惩罚 h(θ): 0.000122
2025-08-25 02:20:42,453 - DEBUG -    🟢 深度约束满足: 球心深度足够
2025-08-25 02:20:42,453 - INFO - -----------------------------------------------------------------------------------
2025-08-25 02:20:42,453 - DEBUG - 🔍 半径惩罚计算详情:
2025-08-25 02:20:42,453 - DEBUG -    当前半径: 0.019915
2025-08-25 02:20:42,457 - DEBUG -    半径先验值: 0.012000
2025-08-25 02:20:42,457 - DEBUG -    半径残差 r(θ): 0.007915
2025-08-25 02:20:42,457 - DEBUG -    数据残差 f(θ): [[-0.00738223]
 [-0.00339503]
 [-0.01598047]
 [-0.00359779]
 [ 0.00191562]
 [ 0.008933  ]
 [ 0.00478737]
 [-0.00287834]
 [-0.01101187]
 [-0.01205457]
 [-0.0052598 ]
 [ 0.00050483]
 [ 0.00416037]
 [ 0.00703497]
 [ 0.00549053]
 [ 0.00378078]
 [ 0.00183503]
 [ 0.00025753]
 [ 0.00073544]
 [ 0.00353177]
 [ 0.00705506]]
2025-08-25 02:20:42,457 - DEBUG -    约束残差 g(θ): [[0.00012228]]
2025-08-25 02:20:42,457 - DEBUG -    半径残差 r(θ): [[0.00791542]]
2025-08-25 02:20:42,457 - DEBUG - 🔍 状态变化计算: 参数变化=0.001451, 残差变化=0.000210
2025-08-25 02:20:42,457 - INFO - -----------------------------------------------------------------------------------
2025-08-25 02:20:42,457 - DEBUG - 🔍 权重管理器状态更新详情:
2025-08-25 02:20:42,457 - DEBUG -    当前迭代: 8
2025-08-25 02:20:42,457 - DEBUG -    参数变化: 0.001451 (阈值: 0.000005)
2025-08-25 02:20:42,457 - DEBUG -    残差变化: 0.000210 (阈值: 0.000005)
2025-08-25 02:20:42,457 - DEBUG -    几何权重因子: 10
2025-08-25 02:20:42,457 - DEBUG - ⏸️ 保持图像置信度权重: 参数变化=1.45e-03, 残差变化=2.10e-04
2025-08-25 02:20:42,457 - DEBUG - 状态已保存: 参数=[ 0.10051523 -0.03349602  0.60373337  0.01991542], 残差范数=0.030347
2025-08-25 02:20:42,457 - DEBUG - 🔍 获取visibility信息: 形状=(21,), 范围=[1.000, 1.000]
2025-08-25 02:20:42,457 - DEBUG - 🔧 设置图像置信度权重: 21个点
2025-08-25 02:20:42,457 - DEBUG - 🔍 开始计算权重矩阵:
2025-08-25 02:20:42,457 - DEBUG -    点类型: ['pupil_center', 'iris_boundaries', 'iris_boundaries', 'iris_boundaries', 'iris_boundaries', 'eye_contours', 'eye_contours', 'eye_contours', 'eye_contours', 'eye_contours', 'eye_contours', 'eye_contours', 'eye_contours', 'eye_contours', 'eye_contours', 'eye_contours', 'eye_contours', 'eye_contours', 'eye_contours', 'eye_contours', 'eye_contours']
2025-08-25 02:20:42,457 - DEBUG -    残差向量: 形状=(21,), 范数=0.030347
2025-08-25 02:20:42,457 - DEBUG -    Visibility: 形状=(21,), 均值=1.000
2025-08-25 02:20:42,457 - WARNING - ⚠️ 权重管理器：没有启用几何权重，使用默认全1权重
2025-08-25 02:20:42,457 - WARNING - ⚠️ 权重管理器：没有启用几何权重，使用默认全1权重
2025-08-25 02:20:42,457 - WARNING - ⚠️ 权重管理器：没有启用几何权重，使用默认全1权重
2025-08-25 02:20:42,457 - WARNING - ⚠️ 权重管理器：没有启用几何权重，使用默认全1权重
2025-08-25 02:20:42,457 - WARNING - ⚠️ 权重管理器：没有启用几何权重，使用默认全1权重
2025-08-25 02:20:42,457 - WARNING - ⚠️ 权重管理器：没有启用几何权重，使用默认全1权重
2025-08-25 02:20:42,457 - WARNING - ⚠️ 权重管理器：没有启用几何权重，使用默认全1权重
2025-08-25 02:20:42,457 - WARNING - ⚠️ 权重管理器：没有启用几何权重，使用默认全1权重
2025-08-25 02:20:42,457 - WARNING - ⚠️ 权重管理器：没有启用几何权重，使用默认全1权重
2025-08-25 02:20:42,457 - WARNING - ⚠️ 权重管理器：没有启用几何权重，使用默认全1权重
2025-08-25 02:20:42,457 - WARNING - ⚠️ 权重管理器：没有启用几何权重，使用默认全1权重
2025-08-25 02:20:42,457 - WARNING - ⚠️ 权重管理器：没有启用几何权重，使用默认全1权重
2025-08-25 02:20:42,457 - WARNING - ⚠️ 权重管理器：没有启用几何权重，使用默认全1权重
2025-08-25 02:20:42,461 - WARNING - ⚠️ 权重管理器：没有启用几何权重，使用默认全1权重
2025-08-25 02:20:42,461 - WARNING - ⚠️ 权重管理器：没有启用几何权重，使用默认全1权重
2025-08-25 02:20:42,461 - WARNING - ⚠️ 权重管理器：没有启用几何权重，使用默认全1权重
2025-08-25 02:20:42,461 - WARNING - ⚠️ 权重管理器：没有启用几何权重，使用默认全1权重
2025-08-25 02:20:42,461 - WARNING - ⚠️ 权重管理器：没有启用几何权重，使用默认全1权重
2025-08-25 02:20:42,461 - WARNING - ⚠️ 权重管理器：没有启用几何权重，使用默认全1权重
2025-08-25 02:20:42,461 - WARNING - ⚠️ 权重管理器：没有启用几何权重，使用默认全1权重
2025-08-25 02:20:42,461 - WARNING - ⚠️ 权重管理器：没有启用几何权重，使用默认全1权重
2025-08-25 02:20:42,461 - DEBUG - 🔍 权重矩阵计算成功: 形状=(21, 21)
2025-08-25 02:20:42,461 - DEBUG - 🔍 几何权重统计:
2025-08-25 02:20:42,461 - DEBUG -    权重向量: [[1.]
 [1.]
 [1.]
 [1.]
 [1.]
 [1.]
 [1.]
 [1.]
 [1.]
 [1.]
 [1.]
 [1.]
 [1.]
 [1.]
 [1.]
 [1.]
 [1.]
 [1.]
 [1.]
 [1.]
 [1.]]
2025-08-25 02:20:42,461 - DEBUG -    权重范围: [1.000000, 1.000000]
2025-08-25 02:20:42,461 - DEBUG -    权重均值: 1.000000
2025-08-25 02:20:42,461 - DEBUG -    权重标准差: 0.000000
2025-08-25 02:20:42,461 - DEBUG -    高权重点(>0.8): 21/21
2025-08-25 02:20:42,461 - DEBUG -    低权重点(<0.2): 0/21
2025-08-25 02:20:42,461 - INFO - -----------------------------------------------------------------------------------
2025-08-25 02:20:42,461 - DEBUG - 🔍 开始求解LM更新方程:
2025-08-25 02:20:42,461 - DEBUG -    数据残差: 形状=(21,), 范数=0.030347
2025-08-25 02:20:42,461 - DEBUG -    约束残差: 形状=(1,), 范数=0.000122
2025-08-25 02:20:42,461 - DEBUG - 🔍 计算数据残差雅可比矩阵 J_f: 形状=(21, 4)
2025-08-25 02:20:42,461 - DEBUG - 🔍 J_f矩阵计算完成: 条件数=1.08e+01
2025-08-25 02:20:42,461 - DEBUG - 🔍 深度约束雅可比计算: u=-2.039713, σ=0.115096, J_h=[[ 0.          0.         -0.11509597  0.        ]]
2025-08-25 02:20:42,461 - DEBUG - 🔍 半径先验雅可比: J_r=[[0. 0. 0. 1.]]
2025-08-25 02:20:42,461 - DEBUG - 🔍 使用几何权重矩阵: 形状=(21, 21)
2025-08-25 02:20:42,461 - DEBUG - 🔍 Hessian矩阵计算:
2025-08-25 02:20:42,461 - DEBUG -    H_data = J_f^T W J_f: 形状=(4, 4), 条件数=1.17e+02
2025-08-25 02:20:42,461 - DEBUG -    H_h = λ_depth J_h^T J_h: 形状=(4, 4), λ_depth=1000.0
2025-08-25 02:20:42,461 - DEBUG -    H_r = λ_radius J_r^T J_r: 形状=(4, 4), λ_radius=1.0
2025-08-25 02:20:42,461 - DEBUG -    H_total: 形状=(4, 4), 条件数=5.08e+01
2025-08-25 02:20:42,461 - DEBUG - 🔍 梯度计算:
2025-08-25 02:20:42,461 - DEBUG -    g_data: 形状=(4,), 范数=0.026668
2025-08-25 02:20:42,461 - DEBUG -    g_h: 形状=(4,), 范数=0.014073
2025-08-25 02:20:42,461 - DEBUG -    g_r: 形状=(4,), 范数=0.007915
2025-08-25 02:20:42,461 - DEBUG -    g_total: 形状=(4,), 范数=0.025554
2025-08-25 02:20:42,461 - DEBUG - 🔍 LM阻尼矩阵: H_lm = H_total + 1.0 * I
2025-08-25 02:20:42,461 - DEBUG -    H_lm条件数: 2.10e+01
2025-08-25 02:20:42,461 - DEBUG - 🔍 线性方程组求解成功:
2025-08-25 02:20:42,461 - DEBUG -    参数更新向量 Δθ: [[ 2.00049299e-04]
 [ 1.21114739e-03]
 [-1.53959021e-05]
 [-2.24753754e-05]]
2025-08-25 02:20:42,461 - DEBUG -    更新向量范数: 0.001228
2025-08-25 02:20:42,461 - DEBUG -    各分量更新: Δc_x=0.000200, Δc_y=0.001211, Δc_z=-0.000015, Δr=-0.000022
2025-08-25 02:20:42,461 - DEBUG -    参数更新:
2025-08-25 02:20:42,461 - DEBUG -      旧参数: [[ 0.10051523]
 [-0.03349602]
 [ 0.60373337]
 [ 0.01991542]]
2025-08-25 02:20:42,461 - DEBUG -      更新向量: [[ 2.00049299e-04]
 [ 1.21114739e-03]
 [-1.53959021e-05]
 [-2.24753754e-05]]
2025-08-25 02:20:42,470 - DEBUG -      新参数: [[ 0.10071528]
 [-0.03228488]
 [ 0.60371797]
 [ 0.01989295]]
2025-08-25 02:20:42,470 - INFO - -----------------------------------------------------------------------------------
2025-08-25 02:20:42,470 - INFO - 🔍 迭代第8次，球心向左0.200049mm，向下1.211147mm，向前0.015396mm，半径变小0.022475mm
2025-08-25 02:20:42,470 - INFO - 📊 变化前: 中心(0.101, -0.033, 0.604), 半径19.92mm
2025-08-25 02:20:42,470 - INFO - 📊 变化后: 中心(0.101, -0.032, 0.604), 半径19.89mm
2025-08-25 02:20:42,470 - INFO - 📈 变化量: 中心移动1.23mm, 半径变化0.02mm
2025-08-25 02:20:42,470 - INFO - 📍 眼球中心: [ 0.10051523 -0.03349602  0.60373337]
2025-08-25 02:20:42,470 - INFO - 📏 眼球半径: 19.92mm
2025-08-25 02:20:42,470 - INFO - 👁️ 瞳孔中心: [ 0.1        -0.02133333  0.60000002]
2025-08-25 02:20:42,470 - INFO - 📐 眼球中心在瞳孔中心的右0.52mm，上12.16mm，后3.73mm
2025-08-25 02:20:42,470 - INFO - 📏 距离: 12.73mm
2025-08-25 02:20:42,470 - INFO - -----------------------------------------------------------------------------------
2025-08-25 02:20:42,470 - INFO - -----------------------------------------------------------------------------------
2025-08-25 02:20:42,470 - DEBUG - 🔍 参数有效性检查:
2025-08-25 02:20:42,470 - DEBUG -    参数向量: [[ 0.10071528]
 [-0.03228488]
 [ 0.60371797]
 [ 0.01989295]]
2025-08-25 02:20:42,470 - DEBUG -    球心: [ 0.10071528 -0.03228488  0.60371797]
2025-08-25 02:20:42,470 - DEBUG -    半径: 0.019893
2025-08-25 02:20:42,470 - DEBUG - 🔍 函数值计算详情:
2025-08-25 02:20:42,470 - DEBUG -    数据项 F(θ): 0.000460
2025-08-25 02:20:42,470 - DEBUG -    深度约束项: 0.000007
2025-08-25 02:20:42,470 - DEBUG -    半径先验项: 0.000031
2025-08-25 02:20:42,470 - DEBUG -    总函数值 Φ(θ): 0.000499
2025-08-25 02:20:42,470 - DEBUG -    函数值改善: -0.000004
2025-08-25 02:20:42,470 - DEBUG - 🔍 参数有效: False
2025-08-25 02:20:42,470 - DEBUG -    参数无效，阻尼因子调整: λ_LM = 1.00e+01
2025-08-25 02:20:42,470 - DEBUG - 🔍 迭代 10/30:
2025-08-25 02:20:42,470 - DEBUG - 🔍 计算点到球心距离: 形状=(21,)
2025-08-25 02:20:42,470 - DEBUG - 🔍 生理偏差向量计算:
2025-08-25 02:20:42,470 - DEBUG -    点类型列表: ['pupil_center', 'iris_boundaries', 'iris_boundaries', 'iris_boundaries', 'iris_boundaries', 'eye_contours', 'eye_contours', 'eye_contours', 'eye_contours', 'eye_contours', 'eye_contours', 'eye_contours', 'eye_contours', 'eye_contours', 'eye_contours', 'eye_contours', 'eye_contours', 'eye_contours', 'eye_contours', 'eye_contours', 'eye_contours']
2025-08-25 02:20:42,470 - DEBUG -    偏差向量: [0.0002  0.00085 0.00085 0.00085 0.00085 0.0015  0.0015  0.0015  0.0015
 0.0015  0.0015  0.0015  0.0015  0.0015  0.0015  0.0015  0.0015  0.0015
 0.0015  0.0015  0.0015 ]
2025-08-25 02:20:42,470 - DEBUG -    向量形状: (21,)
2025-08-25 02:20:42,470 - DEBUG -    偏差统计: 均值=0.001314, 标准差=0.000356
2025-08-25 02:20:42,470 - DEBUG - 获取生理偏差: 点类型=['pupil_center', 'iris_boundaries', 'iris_boundaries', 'iris_boundaries', 'iris_boundaries', 'eye_contours', 'eye_contours', 'eye_contours', 'eye_contours', 'eye_contours', 'eye_contours', 'eye_contours', 'eye_contours', 'eye_contours', 'eye_contours', 'eye_contours', 'eye_contours', 'eye_contours', 'eye_contours', 'eye_contours', 'eye_contours'], 偏差值=[0.0002  0.00085 0.00085 0.00085 0.00085 0.0015  0.0015  0.0015  0.0015
 0.0015  0.0015  0.0015  0.0015  0.0015  0.0015  0.0015  0.0015  0.0015
 0.0015  0.0015  0.0015 ]
2025-08-25 02:20:42,470 - INFO - -----------------------------------------------------------------------------------
2025-08-25 02:20:42,470 - DEBUG - 🔍 拟合残差计算详情:
2025-08-25 02:20:42,470 - DEBUG -    球心坐标: [ 0.10051523 -0.03349602  0.60373337]
2025-08-25 02:20:42,470 - DEBUG -    球体半径: 0.019915
2025-08-25 02:20:42,470 - DEBUG -    采样点数: 21
2025-08-25 02:20:42,470 - DEBUG -    点类型分布: {'eye_contours': 16, 'iris_boundaries': 4, 'pupil_center': 1}
2025-08-25 02:20:42,470 - DEBUG -    理论距离向量: [0.02011542 0.02076542 0.02076542 0.02076542 0.02076542 0.02141542
 0.02141542 0.02141542 0.02141542 0.02141542 0.02141542 0.02141542
 0.02141542 0.02141542 0.02141542 0.02141542 0.02141542 0.02141542
 0.02141542 0.02141542 0.02141542]
2025-08-25 02:20:42,470 - DEBUG -    实际距离向量: [0.0127332  0.01737039 0.00478496 0.01716763 0.02268104 0.03034843
 0.0262028  0.01853708 0.01040355 0.00936085 0.01615563 0.02192025
 0.02557579 0.02845039 0.02690595 0.0251962  0.02325046 0.02167295
 0.02215086 0.02494719 0.02847049]
2025-08-25 02:20:42,470 - DEBUG -    生理偏差向量: [0.0002  0.00085 0.00085 0.00085 0.00085 0.0015  0.0015  0.0015  0.0015
 0.0015  0.0015  0.0015  0.0015  0.0015  0.0015  0.0015  0.0015  0.0015
 0.0015  0.0015  0.0015 ]
2025-08-25 02:20:42,470 - DEBUG -    残差向量 f(θ): 
[[-0.00738223]
 [-0.00339503]
 [-0.01598047]
 [-0.00359779]
 [ 0.00191562]
 [ 0.008933  ]
 [ 0.00478737]
 [-0.00287834]
 [-0.01101187]
 [-0.01205457]
 [-0.0052598 ]
 [ 0.00050483]
 [ 0.00416037]
 [ 0.00703497]
 [ 0.00549053]
 [ 0.00378078]
 [ 0.00183503]
 [ 0.00025753]
 [ 0.00073544]
 [ 0.00353177]
 [ 0.00705506]]
2025-08-25 02:20:42,470 - DEBUG -    平均残差范数: 0.001445
2025-08-25 02:20:42,470 - DEBUG -    残差范数=0.030347
2025-08-25 02:20:42,470 - INFO - -----------------------------------------------------------------------------------
2025-08-25 02:20:42,470 - DEBUG - 🔍 深度约束计算详情 (softplus):
2025-08-25 02:20:42,470 - DEBUG -    采样点Z坐标范围: [0.600000, 0.601494]
2025-08-25 02:20:42,478 - DEBUG -    球心Z坐标: 0.603733
2025-08-25 02:20:42,478 - DEBUG -    深度偏移ε: 0.000200
2025-08-25 02:20:42,478 - DEBUG -    softplus参数τ: 0.001000
2025-08-25 02:20:42,478 - DEBUG -    原始违反值: -0.002040
2025-08-25 02:20:42,478 - DEBUG -    softplus输入 u: -2.039713
2025-08-25 02:20:42,478 - DEBUG -    约束惩罚 h(θ): 0.000122
2025-08-25 02:20:42,478 - DEBUG -    🟢 深度约束满足: 球心深度足够
2025-08-25 02:20:42,478 - INFO - -----------------------------------------------------------------------------------
2025-08-25 02:20:42,478 - DEBUG - 🔍 半径惩罚计算详情:
2025-08-25 02:20:42,478 - DEBUG -    当前半径: 0.019915
2025-08-25 02:20:42,478 - DEBUG -    半径先验值: 0.012000
2025-08-25 02:20:42,478 - DEBUG -    半径残差 r(θ): 0.007915
2025-08-25 02:20:42,478 - DEBUG -    数据残差 f(θ): [[-0.00738223]
 [-0.00339503]
 [-0.01598047]
 [-0.00359779]
 [ 0.00191562]
 [ 0.008933  ]
 [ 0.00478737]
 [-0.00287834]
 [-0.01101187]
 [-0.01205457]
 [-0.0052598 ]
 [ 0.00050483]
 [ 0.00416037]
 [ 0.00703497]
 [ 0.00549053]
 [ 0.00378078]
 [ 0.00183503]
 [ 0.00025753]
 [ 0.00073544]
 [ 0.00353177]
 [ 0.00705506]]
2025-08-25 02:20:42,478 - DEBUG -    约束残差 g(θ): [[0.00012228]]
2025-08-25 02:20:42,478 - DEBUG -    半径残差 r(θ): [[0.00791542]]
2025-08-25 02:20:42,478 - DEBUG - 🔍 状态变化计算: 参数变化=0.000000, 残差变化=0.000000
2025-08-25 02:20:42,478 - INFO - -----------------------------------------------------------------------------------
2025-08-25 02:20:42,478 - DEBUG - 🔍 权重管理器状态更新详情:
2025-08-25 02:20:42,478 - DEBUG -    当前迭代: 9
2025-08-25 02:20:42,478 - DEBUG -    参数变化: 0.000000 (阈值: 0.000005)
2025-08-25 02:20:42,478 - DEBUG -    残差变化: 0.000000 (阈值: 0.000005)
2025-08-25 02:20:42,478 - DEBUG -    几何权重因子: 10
2025-08-25 02:20:42,478 - DEBUG - ⏸️ 保持图像置信度权重: 参数变化=0.00e+00, 残差变化=0.00e+00
2025-08-25 02:20:42,478 - DEBUG - 状态已保存: 参数=[ 0.10051523 -0.03349602  0.60373337  0.01991542], 残差范数=0.030347
2025-08-25 02:20:42,478 - DEBUG - 🔍 获取visibility信息: 形状=(21,), 范围=[1.000, 1.000]
2025-08-25 02:20:42,478 - DEBUG - 🔧 设置图像置信度权重: 21个点
2025-08-25 02:20:42,478 - DEBUG - 🔍 开始计算权重矩阵:
2025-08-25 02:20:42,478 - DEBUG -    点类型: ['pupil_center', 'iris_boundaries', 'iris_boundaries', 'iris_boundaries', 'iris_boundaries', 'eye_contours', 'eye_contours', 'eye_contours', 'eye_contours', 'eye_contours', 'eye_contours', 'eye_contours', 'eye_contours', 'eye_contours', 'eye_contours', 'eye_contours', 'eye_contours', 'eye_contours', 'eye_contours', 'eye_contours', 'eye_contours']
2025-08-25 02:20:42,478 - DEBUG -    残差向量: 形状=(21,), 范数=0.030347
2025-08-25 02:20:42,478 - DEBUG -    Visibility: 形状=(21,), 均值=1.000
2025-08-25 02:20:42,478 - WARNING - ⚠️ 权重管理器：没有启用几何权重，使用默认全1权重
2025-08-25 02:20:42,478 - WARNING - ⚠️ 权重管理器：没有启用几何权重，使用默认全1权重
2025-08-25 02:20:42,478 - WARNING - ⚠️ 权重管理器：没有启用几何权重，使用默认全1权重
2025-08-25 02:20:42,478 - WARNING - ⚠️ 权重管理器：没有启用几何权重，使用默认全1权重
2025-08-25 02:20:42,486 - WARNING - ⚠️ 权重管理器：没有启用几何权重，使用默认全1权重
2025-08-25 02:20:42,486 - WARNING - ⚠️ 权重管理器：没有启用几何权重，使用默认全1权重
2025-08-25 02:20:42,486 - WARNING - ⚠️ 权重管理器：没有启用几何权重，使用默认全1权重
2025-08-25 02:20:42,486 - WARNING - ⚠️ 权重管理器：没有启用几何权重，使用默认全1权重
2025-08-25 02:20:42,486 - WARNING - ⚠️ 权重管理器：没有启用几何权重，使用默认全1权重
2025-08-25 02:20:42,486 - WARNING - ⚠️ 权重管理器：没有启用几何权重，使用默认全1权重
2025-08-25 02:20:42,486 - WARNING - ⚠️ 权重管理器：没有启用几何权重，使用默认全1权重
2025-08-25 02:20:42,486 - WARNING - ⚠️ 权重管理器：没有启用几何权重，使用默认全1权重
2025-08-25 02:20:42,486 - WARNING - ⚠️ 权重管理器：没有启用几何权重，使用默认全1权重
2025-08-25 02:20:42,486 - WARNING - ⚠️ 权重管理器：没有启用几何权重，使用默认全1权重
2025-08-25 02:20:42,486 - WARNING - ⚠️ 权重管理器：没有启用几何权重，使用默认全1权重
2025-08-25 02:20:42,486 - WARNING - ⚠️ 权重管理器：没有启用几何权重，使用默认全1权重
2025-08-25 02:20:42,486 - WARNING - ⚠️ 权重管理器：没有启用几何权重，使用默认全1权重
2025-08-25 02:20:42,486 - WARNING - ⚠️ 权重管理器：没有启用几何权重，使用默认全1权重
2025-08-25 02:20:42,486 - WARNING - ⚠️ 权重管理器：没有启用几何权重，使用默认全1权重
2025-08-25 02:20:42,486 - WARNING - ⚠️ 权重管理器：没有启用几何权重，使用默认全1权重
2025-08-25 02:20:42,486 - WARNING - ⚠️ 权重管理器：没有启用几何权重，使用默认全1权重
2025-08-25 02:20:42,486 - DEBUG - 🔍 权重矩阵计算成功: 形状=(21, 21)
2025-08-25 02:20:42,486 - DEBUG - 🔍 几何权重统计:
2025-08-25 02:20:42,486 - DEBUG -    权重向量: [[1.]
 [1.]
 [1.]
 [1.]
 [1.]
 [1.]
 [1.]
 [1.]
 [1.]
 [1.]
 [1.]
 [1.]
 [1.]
 [1.]
 [1.]
 [1.]
 [1.]
 [1.]
 [1.]
 [1.]
 [1.]]
2025-08-25 02:20:42,486 - DEBUG -    权重范围: [1.000000, 1.000000]
2025-08-25 02:20:42,486 - DEBUG -    权重均值: 1.000000
2025-08-25 02:20:42,486 - DEBUG -    权重标准差: 0.000000
2025-08-25 02:20:42,486 - DEBUG -    高权重点(>0.8): 21/21
2025-08-25 02:20:42,486 - DEBUG -    低权重点(<0.2): 0/21
2025-08-25 02:20:42,486 - INFO - -----------------------------------------------------------------------------------
2025-08-25 02:20:42,486 - DEBUG - 🔍 开始求解LM更新方程:
2025-08-25 02:20:42,486 - DEBUG -    数据残差: 形状=(21,), 范数=0.030347
2025-08-25 02:20:42,486 - DEBUG -    约束残差: 形状=(1,), 范数=0.000122
2025-08-25 02:20:42,486 - DEBUG - 🔍 计算数据残差雅可比矩阵 J_f: 形状=(21, 4)
2025-08-25 02:20:42,486 - DEBUG - 🔍 J_f矩阵计算完成: 条件数=1.08e+01
2025-08-25 02:20:42,486 - DEBUG - 🔍 深度约束雅可比计算: u=-2.039713, σ=0.115096, J_h=[[ 0.          0.         -0.11509597  0.        ]]
2025-08-25 02:20:42,486 - DEBUG - 🔍 半径先验雅可比: J_r=[[0. 0. 0. 1.]]
2025-08-25 02:20:42,486 - DEBUG - 🔍 使用几何权重矩阵: 形状=(21, 21)
2025-08-25 02:20:42,486 - DEBUG - 🔍 Hessian矩阵计算:
2025-08-25 02:20:42,486 - DEBUG -    H_data = J_f^T W J_f: 形状=(4, 4), 条件数=1.17e+02
2025-08-25 02:20:42,486 - DEBUG -    H_h = λ_depth J_h^T J_h: 形状=(4, 4), λ_depth=1000.0
2025-08-25 02:20:42,486 - DEBUG -    H_r = λ_radius J_r^T J_r: 形状=(4, 4), λ_radius=1.0
2025-08-25 02:20:42,486 - DEBUG -    H_total: 形状=(4, 4), 条件数=5.08e+01
2025-08-25 02:20:42,486 - DEBUG - 🔍 梯度计算:
2025-08-25 02:20:42,486 - DEBUG -    g_data: 形状=(4,), 范数=0.026668
2025-08-25 02:20:42,486 - DEBUG -    g_h: 形状=(4,), 范数=0.014073
2025-08-25 02:20:42,486 - DEBUG -    g_r: 形状=(4,), 范数=0.007915
2025-08-25 02:20:42,486 - DEBUG -    g_total: 形状=(4,), 范数=0.025554
2025-08-25 02:20:42,486 - DEBUG - 🔍 LM阻尼矩阵: H_lm = H_total + 10.0 * I
2025-08-25 02:20:42,486 - DEBUG -    H_lm条件数: 4.14e+00
2025-08-25 02:20:42,486 - DEBUG - 🔍 线性方程组求解成功:
2025-08-25 02:20:42,486 - DEBUG -    参数更新向量 Δθ: [[ 9.60578727e-05]
 [ 4.57050360e-04]
 [-4.31509044e-05]
 [-3.79262728e-04]]
2025-08-25 02:20:42,486 - DEBUG -    更新向量范数: 0.000603
2025-08-25 02:20:42,486 - DEBUG -    各分量更新: Δc_x=0.000096, Δc_y=0.000457, Δc_z=-0.000043, Δr=-0.000379
2025-08-25 02:20:42,486 - DEBUG -    参数更新:
2025-08-25 02:20:42,494 - DEBUG -      旧参数: [[ 0.10051523]
 [-0.03349602]
 [ 0.60373337]
 [ 0.01991542]]
2025-08-25 02:20:42,494 - DEBUG -      更新向量: [[ 9.60578727e-05]
 [ 4.57050360e-04]
 [-4.31509044e-05]
 [-3.79262728e-04]]
2025-08-25 02:20:42,494 - DEBUG -      新参数: [[ 0.10061129]
 [-0.03303897]
 [ 0.60369022]
 [ 0.01953616]]
2025-08-25 02:20:42,494 - INFO - -----------------------------------------------------------------------------------
2025-08-25 02:20:42,494 - INFO - 🔍 迭代第9次，球心向左0.096058mm，向下0.457050mm，向前0.043151mm，半径变小0.379263mm
2025-08-25 02:20:42,494 - INFO - 📊 变化前: 中心(0.101, -0.033, 0.604), 半径19.92mm
2025-08-25 02:20:42,494 - INFO - 📊 变化后: 中心(0.101, -0.033, 0.604), 半径19.54mm
2025-08-25 02:20:42,494 - INFO - 📈 变化量: 中心移动0.47mm, 半径变化0.38mm
2025-08-25 02:20:42,494 - INFO - 📍 眼球中心: [ 0.10051523 -0.03349602  0.60373337]
2025-08-25 02:20:42,494 - INFO - 📏 眼球半径: 19.92mm
2025-08-25 02:20:42,494 - INFO - 👁️ 瞳孔中心: [ 0.1        -0.02133333  0.60000002]
2025-08-25 02:20:42,494 - INFO - 📐 眼球中心在瞳孔中心的右0.52mm，上12.16mm，后3.73mm
2025-08-25 02:20:42,494 - INFO - 📏 距离: 12.73mm
2025-08-25 02:20:42,494 - INFO - -----------------------------------------------------------------------------------
2025-08-25 02:20:42,494 - INFO - -----------------------------------------------------------------------------------
2025-08-25 02:20:42,494 - DEBUG - 🔍 参数有效性检查:
2025-08-25 02:20:42,494 - DEBUG -    参数向量: [[ 0.10061129]
 [-0.03303897]
 [ 0.60369022]
 [ 0.01953616]]
2025-08-25 02:20:42,494 - DEBUG -    球心: [ 0.10061129 -0.03303897  0.60369022]
2025-08-25 02:20:42,494 - DEBUG -    半径: 0.019536
2025-08-25 02:20:42,494 - DEBUG - 🔍 函数值计算详情:
2025-08-25 02:20:42,494 - DEBUG -    数据项 F(θ): 0.000460
2025-08-25 02:20:42,494 - DEBUG -    深度约束项: 0.000007
2025-08-25 02:20:42,494 - DEBUG -    半径先验项: 0.000031
2025-08-25 02:20:42,494 - DEBUG -    总函数值 Φ(θ): 0.000499
2025-08-25 02:20:42,494 - DEBUG -    函数值改善: 0.000000
2025-08-25 02:20:42,494 - DEBUG - 🔍 参数有效: True
2025-08-25 02:20:42,494 - DEBUG -    参数更新成功:
2025-08-25 02:20:42,494 - DEBUG -      新球心: [ 0.10061129 -0.03303897  0.60369022]
2025-08-25 02:20:42,494 - DEBUG -      新半径: 0.019536
2025-08-25 02:20:42,494 - INFO - -----------------------------------------------------------------------------------
2025-08-25 02:20:42,494 - DEBUG - 🔍 LM收敛性检查:
2025-08-25 02:20:42,494 - DEBUG -    当前迭代次数: 9
2025-08-25 02:20:42,494 - DEBUG -    最大迭代次数: 30
2025-08-25 02:20:42,494 - DEBUG -    参数变化: 0.000603
2025-08-25 02:20:42,494 - DEBUG -    参数容忍度: 5e-06
2025-08-25 02:20:42,494 - DEBUG -    残差变化: 0.000000
2025-08-25 02:20:42,494 - DEBUG -    残差容忍度: 5e-06
2025-08-25 02:20:42,494 - DEBUG - 🔍 迭代 11/30:
2025-08-25 02:20:42,494 - DEBUG - 🔍 计算点到球心距离: 形状=(21,)
2025-08-25 02:20:42,494 - DEBUG - 🔍 生理偏差向量计算:
2025-08-25 02:20:42,494 - DEBUG -    点类型列表: ['pupil_center', 'iris_boundaries', 'iris_boundaries', 'iris_boundaries', 'iris_boundaries', 'eye_contours', 'eye_contours', 'eye_contours', 'eye_contours', 'eye_contours', 'eye_contours', 'eye_contours', 'eye_contours', 'eye_contours', 'eye_contours', 'eye_contours', 'eye_contours', 'eye_contours', 'eye_contours', 'eye_contours', 'eye_contours']
2025-08-25 02:20:42,502 - DEBUG -    偏差向量: [0.0002  0.00085 0.00085 0.00085 0.00085 0.0015  0.0015  0.0015  0.0015
 0.0015  0.0015  0.0015  0.0015  0.0015  0.0015  0.0015  0.0015  0.0015
 0.0015  0.0015  0.0015 ]
2025-08-25 02:20:42,502 - DEBUG -    向量形状: (21,)
2025-08-25 02:20:42,502 - DEBUG -    偏差统计: 均值=0.001314, 标准差=0.000356
2025-08-25 02:20:42,502 - DEBUG - 获取生理偏差: 点类型=['pupil_center', 'iris_boundaries', 'iris_boundaries', 'iris_boundaries', 'iris_boundaries', 'eye_contours', 'eye_contours', 'eye_contours', 'eye_contours', 'eye_contours', 'eye_contours', 'eye_contours', 'eye_contours', 'eye_contours', 'eye_contours', 'eye_contours', 'eye_contours', 'eye_contours', 'eye_contours', 'eye_contours', 'eye_contours'], 偏差值=[0.0002  0.00085 0.00085 0.00085 0.00085 0.0015  0.0015  0.0015  0.0015
 0.0015  0.0015  0.0015  0.0015  0.0015  0.0015  0.0015  0.0015  0.0015
 0.0015  0.0015  0.0015 ]
2025-08-25 02:20:42,502 - INFO - -----------------------------------------------------------------------------------
2025-08-25 02:20:42,502 - DEBUG - 🔍 拟合残差计算详情:
2025-08-25 02:20:42,502 - DEBUG -    球心坐标: [ 0.10061129 -0.03303897  0.60369022]
2025-08-25 02:20:42,502 - DEBUG -    球体半径: 0.019536
2025-08-25 02:20:42,502 - DEBUG -    采样点数: 21
2025-08-25 02:20:42,502 - DEBUG -    点类型分布: {'eye_contours': 16, 'iris_boundaries': 4, 'pupil_center': 1}
2025-08-25 02:20:42,502 - DEBUG -    理论距离向量: [0.01973616 0.02038616 0.02038616 0.02038616 0.02038616 0.02103616
 0.02103616 0.02103616 0.02103616 0.02103616 0.02103616 0.02103616
 0.02103616 0.02103616 0.02103616 0.02103616 0.02103616 0.02103616
 0.02103616 0.02103616 0.02103616]
2025-08-25 02:20:42,502 - DEBUG -    实际距离向量: [0.01228874 0.01696499 0.00441439 0.01686819 0.02221907 0.03014573
 0.02600841 0.01832959 0.01006796 0.00892691 0.01582153 0.0216076
 0.02526622 0.02814111 0.02654631 0.02479581 0.02280536 0.02120584
 0.02173668 0.02463496 0.02822749]
2025-08-25 02:20:42,502 - DEBUG -    生理偏差向量: [0.0002  0.00085 0.00085 0.00085 0.00085 0.0015  0.0015  0.0015  0.0015
 0.0015  0.0015  0.0015  0.0015  0.0015  0.0015  0.0015  0.0015  0.0015
 0.0015  0.0015  0.0015 ]
2025-08-25 02:20:42,502 - DEBUG -    残差向量 f(θ): 
[[-0.00744742]
 [-0.00342117]
 [-0.01597177]
 [-0.00351797]
 [ 0.0018329 ]
 [ 0.00910957]
 [ 0.00497225]
 [-0.00270658]
 [-0.0109682 ]
 [-0.01210925]
 [-0.00521463]
 [ 0.00057144]
 [ 0.00423006]
 [ 0.00710495]
 [ 0.00551015]
 [ 0.00375965]
 [ 0.0017692 ]
 [ 0.00016967]
 [ 0.00070051]
 [ 0.0035988 ]
 [ 0.00719133]]
2025-08-25 02:20:42,502 - DEBUG -    平均残差范数: 0.001451
2025-08-25 02:20:42,502 - DEBUG -    残差范数=0.030474
2025-08-25 02:20:42,502 - INFO - -----------------------------------------------------------------------------------
2025-08-25 02:20:42,502 - DEBUG - 🔍 深度约束计算详情 (softplus):
2025-08-25 02:20:42,502 - DEBUG -    采样点Z坐标范围: [0.600000, 0.601494]
2025-08-25 02:20:42,502 - DEBUG -    球心Z坐标: 0.603690
2025-08-25 02:20:42,502 - DEBUG -    深度偏移ε: 0.000200
2025-08-25 02:20:42,502 - DEBUG -    softplus参数τ: 0.001000
2025-08-25 02:20:42,502 - DEBUG -    原始违反值: -0.001997
2025-08-25 02:20:42,502 - DEBUG -    softplus输入 u: -1.996562
2025-08-25 02:20:42,502 - DEBUG -    约束惩罚 h(θ): 0.000127
2025-08-25 02:20:42,502 - DEBUG -    🟢 深度约束满足: 球心深度足够
2025-08-25 02:20:42,502 - INFO - -----------------------------------------------------------------------------------
2025-08-25 02:20:42,502 - DEBUG - 🔍 半径惩罚计算详情:
2025-08-25 02:20:42,502 - DEBUG -    当前半径: 0.019536
2025-08-25 02:20:42,502 - DEBUG -    半径先验值: 0.012000
2025-08-25 02:20:42,502 - DEBUG -    半径残差 r(θ): 0.007536
2025-08-25 02:20:42,502 - DEBUG -    数据残差 f(θ): [[-0.00744742]
 [-0.00342117]
 [-0.01597177]
 [-0.00351797]
 [ 0.0018329 ]
 [ 0.00910957]
 [ 0.00497225]
 [-0.00270658]
 [-0.0109682 ]
 [-0.01210925]
 [-0.00521463]
 [ 0.00057144]
 [ 0.00423006]
 [ 0.00710495]
 [ 0.00551015]
 [ 0.00375965]
 [ 0.0017692 ]
 [ 0.00016967]
 [ 0.00070051]
 [ 0.0035988 ]
 [ 0.00719133]]
2025-08-25 02:20:42,502 - DEBUG -    约束残差 g(θ): [[0.00012734]]
2025-08-25 02:20:42,502 - DEBUG -    半径残差 r(θ): [[0.00753616]]
2025-08-25 02:20:42,502 - DEBUG - 🔍 状态变化计算: 参数变化=0.000603, 残差变化=0.000127
2025-08-25 02:20:42,502 - INFO - -----------------------------------------------------------------------------------
2025-08-25 02:20:42,502 - DEBUG - 🔍 权重管理器状态更新详情:
2025-08-25 02:20:42,502 - DEBUG -    当前迭代: 10
2025-08-25 02:20:42,502 - DEBUG -    参数变化: 0.000603 (阈值: 0.000005)
2025-08-25 02:20:42,502 - DEBUG -    残差变化: 0.000127 (阈值: 0.000005)
2025-08-25 02:20:42,502 - DEBUG -    几何权重因子: 10
2025-08-25 02:20:42,510 - DEBUG - ⏸️ 保持图像置信度权重: 参数变化=6.03e-04, 残差变化=1.27e-04
2025-08-25 02:20:42,510 - DEBUG - 状态已保存: 参数=[ 0.10061129 -0.03303897  0.60369022  0.01953616], 残差范数=0.030474
2025-08-25 02:20:42,510 - DEBUG - 🔍 获取visibility信息: 形状=(21,), 范围=[1.000, 1.000]
2025-08-25 02:20:42,510 - DEBUG - 🔧 设置图像置信度权重: 21个点
2025-08-25 02:20:42,510 - DEBUG - 🔍 开始计算权重矩阵:
2025-08-25 02:20:42,510 - DEBUG -    点类型: ['pupil_center', 'iris_boundaries', 'iris_boundaries', 'iris_boundaries', 'iris_boundaries', 'eye_contours', 'eye_contours', 'eye_contours', 'eye_contours', 'eye_contours', 'eye_contours', 'eye_contours', 'eye_contours', 'eye_contours', 'eye_contours', 'eye_contours', 'eye_contours', 'eye_contours', 'eye_contours', 'eye_contours', 'eye_contours']
2025-08-25 02:20:42,510 - DEBUG -    残差向量: 形状=(21,), 范数=0.030474
2025-08-25 02:20:42,510 - DEBUG -    Visibility: 形状=(21,), 均值=1.000
2025-08-25 02:20:42,510 - WARNING - ⚠️ 权重管理器：没有启用几何权重，使用默认全1权重
2025-08-25 02:20:42,510 - WARNING - ⚠️ 权重管理器：没有启用几何权重，使用默认全1权重
2025-08-25 02:20:42,510 - WARNING - ⚠️ 权重管理器：没有启用几何权重，使用默认全1权重
2025-08-25 02:20:42,510 - WARNING - ⚠️ 权重管理器：没有启用几何权重，使用默认全1权重
2025-08-25 02:20:42,510 - WARNING - ⚠️ 权重管理器：没有启用几何权重，使用默认全1权重
2025-08-25 02:20:42,510 - WARNING - ⚠️ 权重管理器：没有启用几何权重，使用默认全1权重
2025-08-25 02:20:42,510 - WARNING - ⚠️ 权重管理器：没有启用几何权重，使用默认全1权重
2025-08-25 02:20:42,510 - WARNING - ⚠️ 权重管理器：没有启用几何权重，使用默认全1权重
2025-08-25 02:20:42,510 - WARNING - ⚠️ 权重管理器：没有启用几何权重，使用默认全1权重
2025-08-25 02:20:42,510 - WARNING - ⚠️ 权重管理器：没有启用几何权重，使用默认全1权重
2025-08-25 02:20:42,510 - WARNING - ⚠️ 权重管理器：没有启用几何权重，使用默认全1权重
2025-08-25 02:20:42,510 - WARNING - ⚠️ 权重管理器：没有启用几何权重，使用默认全1权重
2025-08-25 02:20:42,510 - WARNING - ⚠️ 权重管理器：没有启用几何权重，使用默认全1权重
2025-08-25 02:20:42,510 - WARNING - ⚠️ 权重管理器：没有启用几何权重，使用默认全1权重
2025-08-25 02:20:42,510 - WARNING - ⚠️ 权重管理器：没有启用几何权重，使用默认全1权重
2025-08-25 02:20:42,510 - WARNING - ⚠️ 权重管理器：没有启用几何权重，使用默认全1权重
2025-08-25 02:20:42,510 - WARNING - ⚠️ 权重管理器：没有启用几何权重，使用默认全1权重
2025-08-25 02:20:42,510 - WARNING - ⚠️ 权重管理器：没有启用几何权重，使用默认全1权重
2025-08-25 02:20:42,510 - WARNING - ⚠️ 权重管理器：没有启用几何权重，使用默认全1权重
2025-08-25 02:20:42,510 - WARNING - ⚠️ 权重管理器：没有启用几何权重，使用默认全1权重
2025-08-25 02:20:42,510 - WARNING - ⚠️ 权重管理器：没有启用几何权重，使用默认全1权重
2025-08-25 02:20:42,510 - DEBUG - 🔍 权重矩阵计算成功: 形状=(21, 21)
2025-08-25 02:20:42,510 - DEBUG - 🔍 几何权重统计:
2025-08-25 02:20:42,510 - DEBUG -    权重向量: [[1.]
 [1.]
 [1.]
 [1.]
 [1.]
 [1.]
 [1.]
 [1.]
 [1.]
 [1.]
 [1.]
 [1.]
 [1.]
 [1.]
 [1.]
 [1.]
 [1.]
 [1.]
 [1.]
 [1.]
 [1.]]
2025-08-25 02:20:42,510 - DEBUG -    权重范围: [1.000000, 1.000000]
2025-08-25 02:20:42,510 - DEBUG -    权重均值: 1.000000
2025-08-25 02:20:42,510 - DEBUG -    权重标准差: 0.000000
2025-08-25 02:20:42,510 - DEBUG -    高权重点(>0.8): 21/21
2025-08-25 02:20:42,510 - DEBUG -    低权重点(<0.2): 0/21
2025-08-25 02:20:42,510 - INFO - -----------------------------------------------------------------------------------
2025-08-25 02:20:42,510 - DEBUG - 🔍 开始求解LM更新方程:
2025-08-25 02:20:42,510 - DEBUG -    数据残差: 形状=(21,), 范数=0.030474
2025-08-25 02:20:42,510 - DEBUG -    约束残差: 形状=(1,), 范数=0.000127
2025-08-25 02:20:42,510 - DEBUG - 🔍 计算数据残差雅可比矩阵 J_f: 形状=(21, 4)
2025-08-25 02:20:42,510 - DEBUG - 🔍 J_f矩阵计算完成: 条件数=1.00e+01
2025-08-25 02:20:42,510 - DEBUG - 🔍 深度约束雅可比计算: u=-1.996562, σ=0.119564, J_h=[[ 0.          0.         -0.11956436  0.        ]]
2025-08-25 02:20:42,518 - DEBUG - 🔍 半径先验雅可比: J_r=[[0. 0. 0. 1.]]
2025-08-25 02:20:42,518 - DEBUG - 🔍 使用几何权重矩阵: 形状=(21, 21)
2025-08-25 02:20:42,518 - DEBUG - 🔍 Hessian矩阵计算:
2025-08-25 02:20:42,518 - DEBUG -    H_data = J_f^T W J_f: 形状=(4, 4), 条件数=1.01e+02
2025-08-25 02:20:42,519 - DEBUG -    H_h = λ_depth J_h^T J_h: 形状=(4, 4), λ_depth=1000.0
2025-08-25 02:20:42,519 - DEBUG -    H_r = λ_radius J_r^T J_r: 形状=(4, 4), λ_radius=1.0
2025-08-25 02:20:42,519 - DEBUG -    H_total: 形状=(4, 4), 条件数=4.95e+01
2025-08-25 02:20:42,519 - DEBUG - 🔍 梯度计算:
2025-08-25 02:20:42,519 - DEBUG -    g_data: 形状=(4,), 范数=0.026431
2025-08-25 02:20:42,519 - DEBUG -    g_h: 形状=(4,), 范数=0.015225
2025-08-25 02:20:42,519 - DEBUG -    g_r: 形状=(4,), 范数=0.007536
2025-08-25 02:20:42,519 - DEBUG -    g_total: 形状=(4,), 范数=0.024069
2025-08-25 02:20:42,519 - DEBUG - 🔍 LM阻尼矩阵: H_lm = H_total + 10.0 * I
2025-08-25 02:20:42,519 - DEBUG -    H_lm条件数: 4.12e+00
2025-08-25 02:20:42,519 - DEBUG - 🔍 线性方程组求解成功:
2025-08-25 02:20:42,519 - DEBUG -    参数更新向量 Δθ: [[ 1.03631495e-04]
 [ 4.34395932e-04]
 [-3.72367478e-05]
 [-3.59914731e-04]]
2025-08-25 02:20:42,519 - DEBUG -    更新向量范数: 0.000575
2025-08-25 02:20:42,519 - DEBUG -    各分量更新: Δc_x=0.000104, Δc_y=0.000434, Δc_z=-0.000037, Δr=-0.000360
2025-08-25 02:20:42,519 - DEBUG -    参数更新:
2025-08-25 02:20:42,519 - DEBUG -      旧参数: [[ 0.10061129]
 [-0.03303897]
 [ 0.60369022]
 [ 0.01953616]]
2025-08-25 02:20:42,519 - DEBUG -      更新向量: [[ 1.03631495e-04]
 [ 4.34395932e-04]
 [-3.72367478e-05]
 [-3.59914731e-04]]
2025-08-25 02:20:42,519 - DEBUG -      新参数: [[ 0.10071492]
 [-0.03260458]
 [ 0.60365298]
 [ 0.01917625]]
2025-08-25 02:20:42,519 - INFO - -----------------------------------------------------------------------------------
2025-08-25 02:20:42,519 - INFO - 🔍 迭代第10次，球心向左0.103631mm，向下0.434396mm，向前0.037237mm，半径变小0.359915mm
2025-08-25 02:20:42,519 - INFO - 📊 变化前: 中心(0.101, -0.033, 0.604), 半径19.54mm
2025-08-25 02:20:42,519 - INFO - 📊 变化后: 中心(0.101, -0.033, 0.604), 半径19.18mm
2025-08-25 02:20:42,519 - INFO - 📈 变化量: 中心移动0.45mm, 半径变化0.36mm
2025-08-25 02:20:42,519 - INFO - 📍 眼球中心: [ 0.10061129 -0.03303897  0.60369022]
2025-08-25 02:20:42,519 - INFO - 📏 眼球半径: 19.54mm
2025-08-25 02:20:42,519 - INFO - 👁️ 瞳孔中心: [ 0.1        -0.02133333  0.60000002]
2025-08-25 02:20:42,519 - INFO - 📐 眼球中心在瞳孔中心的右0.61mm，上11.71mm，后3.69mm
2025-08-25 02:20:42,519 - INFO - 📏 距离: 12.29mm
2025-08-25 02:20:42,519 - INFO - -----------------------------------------------------------------------------------
2025-08-25 02:20:42,519 - INFO - -----------------------------------------------------------------------------------
2025-08-25 02:20:42,519 - DEBUG - 🔍 参数有效性检查:
2025-08-25 02:20:42,519 - DEBUG -    参数向量: [[ 0.10071492]
 [-0.03260458]
 [ 0.60365298]
 [ 0.01917625]]
2025-08-25 02:20:42,519 - DEBUG -    球心: [ 0.10071492 -0.03260458  0.60365298]
2025-08-25 02:20:42,519 - DEBUG -    半径: 0.019176
2025-08-25 02:20:42,519 - DEBUG - 🔍 函数值计算详情:
2025-08-25 02:20:42,519 - DEBUG -    数据项 F(θ): 0.000464
2025-08-25 02:20:42,519 - DEBUG -    深度约束项: 0.000008
2025-08-25 02:20:42,519 - DEBUG -    半径先验项: 0.000028
2025-08-25 02:20:42,519 - DEBUG -    总函数值 Φ(θ): 0.000501
2025-08-25 02:20:42,519 - DEBUG -    函数值改善: -0.000002
2025-08-25 02:20:42,519 - DEBUG - 🔍 参数有效: False
2025-08-25 02:20:42,519 - DEBUG -    参数无效，阻尼因子调整: λ_LM = 1.00e+02
2025-08-25 02:20:42,519 - DEBUG - 🔍 迭代 12/30:
2025-08-25 02:20:42,519 - DEBUG - 🔍 计算点到球心距离: 形状=(21,)
2025-08-25 02:20:42,526 - DEBUG - 🔍 生理偏差向量计算:
2025-08-25 02:20:42,526 - DEBUG -    点类型列表: ['pupil_center', 'iris_boundaries', 'iris_boundaries', 'iris_boundaries', 'iris_boundaries', 'eye_contours', 'eye_contours', 'eye_contours', 'eye_contours', 'eye_contours', 'eye_contours', 'eye_contours', 'eye_contours', 'eye_contours', 'eye_contours', 'eye_contours', 'eye_contours', 'eye_contours', 'eye_contours', 'eye_contours', 'eye_contours']
2025-08-25 02:20:42,526 - DEBUG -    偏差向量: [0.0002  0.00085 0.00085 0.00085 0.00085 0.0015  0.0015  0.0015  0.0015
 0.0015  0.0015  0.0015  0.0015  0.0015  0.0015  0.0015  0.0015  0.0015
 0.0015  0.0015  0.0015 ]
2025-08-25 02:20:42,526 - DEBUG -    向量形状: (21,)
2025-08-25 02:20:42,526 - DEBUG -    偏差统计: 均值=0.001314, 标准差=0.000356
2025-08-25 02:20:42,526 - DEBUG - 获取生理偏差: 点类型=['pupil_center', 'iris_boundaries', 'iris_boundaries', 'iris_boundaries', 'iris_boundaries', 'eye_contours', 'eye_contours', 'eye_contours', 'eye_contours', 'eye_contours', 'eye_contours', 'eye_contours', 'eye_contours', 'eye_contours', 'eye_contours', 'eye_contours', 'eye_contours', 'eye_contours', 'eye_contours', 'eye_contours', 'eye_contours'], 偏差值=[0.0002  0.00085 0.00085 0.00085 0.00085 0.0015  0.0015  0.0015  0.0015
 0.0015  0.0015  0.0015  0.0015  0.0015  0.0015  0.0015  0.0015  0.0015
 0.0015  0.0015  0.0015 ]
2025-08-25 02:20:42,526 - INFO - -----------------------------------------------------------------------------------
2025-08-25 02:20:42,526 - DEBUG - 🔍 拟合残差计算详情:
2025-08-25 02:20:42,526 - DEBUG -    球心坐标: [ 0.10061129 -0.03303897  0.60369022]
2025-08-25 02:20:42,526 - DEBUG -    球体半径: 0.019536
2025-08-25 02:20:42,526 - DEBUG -    采样点数: 21
2025-08-25 02:20:42,526 - DEBUG -    点类型分布: {'eye_contours': 16, 'iris_boundaries': 4, 'pupil_center': 1}
2025-08-25 02:20:42,526 - DEBUG -    理论距离向量: [0.01973616 0.02038616 0.02038616 0.02038616 0.02038616 0.02103616
 0.02103616 0.02103616 0.02103616 0.02103616 0.02103616 0.02103616
 0.02103616 0.02103616 0.02103616 0.02103616 0.02103616 0.02103616
 0.02103616 0.02103616 0.02103616]
2025-08-25 02:20:42,526 - DEBUG -    实际距离向量: [0.01228874 0.01696499 0.00441439 0.01686819 0.02221907 0.03014573
 0.02600841 0.01832959 0.01006796 0.00892691 0.01582153 0.0216076
 0.02526622 0.02814111 0.02654631 0.02479581 0.02280536 0.02120584
 0.02173668 0.02463496 0.02822749]
2025-08-25 02:20:42,526 - DEBUG -    生理偏差向量: [0.0002  0.00085 0.00085 0.00085 0.00085 0.0015  0.0015  0.0015  0.0015
 0.0015  0.0015  0.0015  0.0015  0.0015  0.0015  0.0015  0.0015  0.0015
 0.0015  0.0015  0.0015 ]
2025-08-25 02:20:42,526 - DEBUG -    残差向量 f(θ): 
[[-0.00744742]
 [-0.00342117]
 [-0.01597177]
 [-0.00351797]
 [ 0.0018329 ]
 [ 0.00910957]
 [ 0.00497225]
 [-0.00270658]
 [-0.0109682 ]
 [-0.01210925]
 [-0.00521463]
 [ 0.00057144]
 [ 0.00423006]
 [ 0.00710495]
 [ 0.00551015]
 [ 0.00375965]
 [ 0.0017692 ]
 [ 0.00016967]
 [ 0.00070051]
 [ 0.0035988 ]
 [ 0.00719133]]
2025-08-25 02:20:42,526 - DEBUG -    平均残差范数: 0.001451
2025-08-25 02:20:42,526 - DEBUG -    残差范数=0.030474
2025-08-25 02:20:42,526 - INFO - -----------------------------------------------------------------------------------
2025-08-25 02:20:42,526 - DEBUG - 🔍 深度约束计算详情 (softplus):
2025-08-25 02:20:42,526 - DEBUG -    采样点Z坐标范围: [0.600000, 0.601494]
2025-08-25 02:20:42,526 - DEBUG -    球心Z坐标: 0.603690
2025-08-25 02:20:42,526 - DEBUG -    深度偏移ε: 0.000200
2025-08-25 02:20:42,526 - DEBUG -    softplus参数τ: 0.001000
2025-08-25 02:20:42,526 - DEBUG -    原始违反值: -0.001997
2025-08-25 02:20:42,526 - DEBUG -    softplus输入 u: -1.996562
2025-08-25 02:20:42,526 - DEBUG -    约束惩罚 h(θ): 0.000127
2025-08-25 02:20:42,526 - DEBUG -    🟢 深度约束满足: 球心深度足够
2025-08-25 02:20:42,526 - INFO - -----------------------------------------------------------------------------------
2025-08-25 02:20:42,526 - DEBUG - 🔍 半径惩罚计算详情:
2025-08-25 02:20:42,526 - DEBUG -    当前半径: 0.019536
2025-08-25 02:20:42,526 - DEBUG -    半径先验值: 0.012000
2025-08-25 02:20:42,526 - DEBUG -    半径残差 r(θ): 0.007536
2025-08-25 02:20:42,526 - DEBUG -    数据残差 f(θ): [[-0.00744742]
 [-0.00342117]
 [-0.01597177]
 [-0.00351797]
 [ 0.0018329 ]
 [ 0.00910957]
 [ 0.00497225]
 [-0.00270658]
 [-0.0109682 ]
 [-0.01210925]
 [-0.00521463]
 [ 0.00057144]
 [ 0.00423006]
 [ 0.00710495]
 [ 0.00551015]
 [ 0.00375965]
 [ 0.0017692 ]
 [ 0.00016967]
 [ 0.00070051]
 [ 0.0035988 ]
 [ 0.00719133]]
2025-08-25 02:20:42,526 - DEBUG -    约束残差 g(θ): [[0.00012734]]
2025-08-25 02:20:42,526 - DEBUG -    半径残差 r(θ): [[0.00753616]]
2025-08-25 02:20:42,526 - DEBUG - 🔍 状态变化计算: 参数变化=0.000000, 残差变化=0.000000
2025-08-25 02:20:42,526 - INFO - -----------------------------------------------------------------------------------
2025-08-25 02:20:42,526 - DEBUG - 🔍 权重管理器状态更新详情:
2025-08-25 02:20:42,534 - DEBUG -    当前迭代: 11
2025-08-25 02:20:42,534 - DEBUG -    参数变化: 0.000000 (阈值: 0.000005)
2025-08-25 02:20:42,534 - DEBUG -    残差变化: 0.000000 (阈值: 0.000005)
2025-08-25 02:20:42,535 - DEBUG -    几何权重因子: 10
2025-08-25 02:20:42,535 - DEBUG - ⏸️ 保持图像置信度权重: 参数变化=0.00e+00, 残差变化=0.00e+00
2025-08-25 02:20:42,535 - DEBUG - 状态已保存: 参数=[ 0.10061129 -0.03303897  0.60369022  0.01953616], 残差范数=0.030474
2025-08-25 02:20:42,535 - DEBUG - 🔍 获取visibility信息: 形状=(21,), 范围=[1.000, 1.000]
2025-08-25 02:20:42,535 - DEBUG - 🔧 设置图像置信度权重: 21个点
2025-08-25 02:20:42,535 - DEBUG - 🔍 开始计算权重矩阵:
2025-08-25 02:20:42,535 - DEBUG -    点类型: ['pupil_center', 'iris_boundaries', 'iris_boundaries', 'iris_boundaries', 'iris_boundaries', 'eye_contours', 'eye_contours', 'eye_contours', 'eye_contours', 'eye_contours', 'eye_contours', 'eye_contours', 'eye_contours', 'eye_contours', 'eye_contours', 'eye_contours', 'eye_contours', 'eye_contours', 'eye_contours', 'eye_contours', 'eye_contours']
2025-08-25 02:20:42,535 - DEBUG -    残差向量: 形状=(21,), 范数=0.030474
2025-08-25 02:20:42,535 - DEBUG -    Visibility: 形状=(21,), 均值=1.000
2025-08-25 02:20:42,537 - WARNING - ⚠️ 权重管理器：没有启用几何权重，使用默认全1权重
2025-08-25 02:20:42,537 - WARNING - ⚠️ 权重管理器：没有启用几何权重，使用默认全1权重
2025-08-25 02:20:42,537 - WARNING - ⚠️ 权重管理器：没有启用几何权重，使用默认全1权重
2025-08-25 02:20:42,537 - WARNING - ⚠️ 权重管理器：没有启用几何权重，使用默认全1权重
2025-08-25 02:20:42,537 - WARNING - ⚠️ 权重管理器：没有启用几何权重，使用默认全1权重
2025-08-25 02:20:42,537 - WARNING - ⚠️ 权重管理器：没有启用几何权重，使用默认全1权重
2025-08-25 02:20:42,537 - WARNING - ⚠️ 权重管理器：没有启用几何权重，使用默认全1权重
2025-08-25 02:20:42,537 - WARNING - ⚠️ 权重管理器：没有启用几何权重，使用默认全1权重
2025-08-25 02:20:42,537 - WARNING - ⚠️ 权重管理器：没有启用几何权重，使用默认全1权重
2025-08-25 02:20:42,537 - WARNING - ⚠️ 权重管理器：没有启用几何权重，使用默认全1权重
2025-08-25 02:20:42,537 - WARNING - ⚠️ 权重管理器：没有启用几何权重，使用默认全1权重
2025-08-25 02:20:42,537 - WARNING - ⚠️ 权重管理器：没有启用几何权重，使用默认全1权重
2025-08-25 02:20:42,537 - WARNING - ⚠️ 权重管理器：没有启用几何权重，使用默认全1权重
2025-08-25 02:20:42,537 - WARNING - ⚠️ 权重管理器：没有启用几何权重，使用默认全1权重
2025-08-25 02:20:42,537 - WARNING - ⚠️ 权重管理器：没有启用几何权重，使用默认全1权重
2025-08-25 02:20:42,537 - WARNING - ⚠️ 权重管理器：没有启用几何权重，使用默认全1权重
2025-08-25 02:20:42,537 - WARNING - ⚠️ 权重管理器：没有启用几何权重，使用默认全1权重
2025-08-25 02:20:42,537 - WARNING - ⚠️ 权重管理器：没有启用几何权重，使用默认全1权重
2025-08-25 02:20:42,537 - WARNING - ⚠️ 权重管理器：没有启用几何权重，使用默认全1权重
2025-08-25 02:20:42,537 - WARNING - ⚠️ 权重管理器：没有启用几何权重，使用默认全1权重
2025-08-25 02:20:42,537 - WARNING - ⚠️ 权重管理器：没有启用几何权重，使用默认全1权重
2025-08-25 02:20:42,537 - DEBUG - 🔍 权重矩阵计算成功: 形状=(21, 21)
2025-08-25 02:20:42,537 - DEBUG - 🔍 几何权重统计:
2025-08-25 02:20:42,537 - DEBUG -    权重向量: [[1.]
 [1.]
 [1.]
 [1.]
 [1.]
 [1.]
 [1.]
 [1.]
 [1.]
 [1.]
 [1.]
 [1.]
 [1.]
 [1.]
 [1.]
 [1.]
 [1.]
 [1.]
 [1.]
 [1.]
 [1.]]
2025-08-25 02:20:42,537 - DEBUG -    权重范围: [1.000000, 1.000000]
2025-08-25 02:20:42,537 - DEBUG -    权重均值: 1.000000
2025-08-25 02:20:42,541 - DEBUG -    权重标准差: 0.000000
2025-08-25 02:20:42,541 - DEBUG -    高权重点(>0.8): 21/21
2025-08-25 02:20:42,541 - DEBUG -    低权重点(<0.2): 0/21
2025-08-25 02:20:42,541 - INFO - -----------------------------------------------------------------------------------
2025-08-25 02:20:42,541 - DEBUG - 🔍 开始求解LM更新方程:
2025-08-25 02:20:42,541 - DEBUG -    数据残差: 形状=(21,), 范数=0.030474
2025-08-25 02:20:42,541 - DEBUG -    约束残差: 形状=(1,), 范数=0.000127
2025-08-25 02:20:42,541 - DEBUG - 🔍 计算数据残差雅可比矩阵 J_f: 形状=(21, 4)
2025-08-25 02:20:42,542 - DEBUG - 🔍 J_f矩阵计算完成: 条件数=1.00e+01
2025-08-25 02:20:42,542 - DEBUG - 🔍 深度约束雅可比计算: u=-1.996562, σ=0.119564, J_h=[[ 0.          0.         -0.11956436  0.        ]]
2025-08-25 02:20:42,542 - DEBUG - 🔍 半径先验雅可比: J_r=[[0. 0. 0. 1.]]
2025-08-25 02:20:42,542 - DEBUG - 🔍 使用几何权重矩阵: 形状=(21, 21)
2025-08-25 02:20:42,542 - DEBUG - 🔍 Hessian矩阵计算:
2025-08-25 02:20:42,542 - DEBUG -    H_data = J_f^T W J_f: 形状=(4, 4), 条件数=1.01e+02
2025-08-25 02:20:42,542 - DEBUG -    H_h = λ_depth J_h^T J_h: 形状=(4, 4), λ_depth=1000.0
2025-08-25 02:20:42,542 - DEBUG -    H_r = λ_radius J_r^T J_r: 形状=(4, 4), λ_radius=1.0
2025-08-25 02:20:42,542 - DEBUG -    H_total: 形状=(4, 4), 条件数=4.95e+01
2025-08-25 02:20:42,542 - DEBUG - 🔍 梯度计算:
2025-08-25 02:20:42,542 - DEBUG -    g_data: 形状=(4,), 范数=0.026431
2025-08-25 02:20:42,542 - DEBUG -    g_h: 形状=(4,), 范数=0.015225
2025-08-25 02:20:42,542 - DEBUG -    g_r: 形状=(4,), 范数=0.007536
2025-08-25 02:20:42,542 - DEBUG -    g_total: 形状=(4,), 范数=0.024069
2025-08-25 02:20:42,542 - DEBUG - 🔍 LM阻尼矩阵: H_lm = H_total + 100.0 * I
2025-08-25 02:20:42,542 - DEBUG -    H_lm条件数: 1.33e+00
2025-08-25 02:20:42,542 - DEBUG - 🔍 线性方程组求解成功:
2025-08-25 02:20:42,542 - DEBUG -    参数更新向量 Δθ: [[ 2.25027017e-05]
 [ 1.14662799e-04]
 [-2.33880834e-05]
 [-1.35405101e-04]]
2025-08-25 02:20:42,542 - DEBUG -    更新向量范数: 0.000180
2025-08-25 02:20:42,542 - DEBUG -    各分量更新: Δc_x=0.000023, Δc_y=0.000115, Δc_z=-0.000023, Δr=-0.000135
2025-08-25 02:20:42,542 - DEBUG -    参数更新:
2025-08-25 02:20:42,542 - DEBUG -      旧参数: [[ 0.10061129]
 [-0.03303897]
 [ 0.60369022]
 [ 0.01953616]]
2025-08-25 02:20:42,542 - DEBUG -      更新向量: [[ 2.25027017e-05]
 [ 1.14662799e-04]
 [-2.33880834e-05]
 [-1.35405101e-04]]
2025-08-25 02:20:42,542 - DEBUG -      新参数: [[ 0.10063379]
 [-0.03292431]
 [ 0.60366683]
 [ 0.01940076]]
2025-08-25 02:20:42,542 - INFO - -----------------------------------------------------------------------------------
2025-08-25 02:20:42,542 - INFO - 🔍 迭代第11次，球心向左0.022503mm，向下0.114663mm，向前0.023388mm，半径变小0.135405mm
2025-08-25 02:20:42,542 - INFO - 📊 变化前: 中心(0.101, -0.033, 0.604), 半径19.54mm
2025-08-25 02:20:42,542 - INFO - 📊 变化后: 中心(0.101, -0.033, 0.604), 半径19.40mm
2025-08-25 02:20:42,542 - INFO - 📈 变化量: 中心移动0.12mm, 半径变化0.14mm
2025-08-25 02:20:42,542 - INFO - 📍 眼球中心: [ 0.10061129 -0.03303897  0.60369022]
2025-08-25 02:20:42,542 - INFO - 📏 眼球半径: 19.54mm
2025-08-25 02:20:42,542 - INFO - 👁️ 瞳孔中心: [ 0.1        -0.02133333  0.60000002]
2025-08-25 02:20:42,542 - INFO - 📐 眼球中心在瞳孔中心的右0.61mm，上11.71mm，后3.69mm
2025-08-25 02:20:42,542 - INFO - 📏 距离: 12.29mm
2025-08-25 02:20:42,542 - INFO - -----------------------------------------------------------------------------------
2025-08-25 02:20:42,542 - INFO - -----------------------------------------------------------------------------------
2025-08-25 02:20:42,542 - DEBUG - 🔍 参数有效性检查:
2025-08-25 02:20:42,542 - DEBUG -    参数向量: [[ 0.10063379]
 [-0.03292431]
 [ 0.60366683]
 [ 0.01940076]]
2025-08-25 02:20:42,550 - DEBUG -    球心: [ 0.10063379 -0.03292431  0.60366683]
2025-08-25 02:20:42,550 - DEBUG -    半径: 0.019401
2025-08-25 02:20:42,550 - DEBUG - 🔍 函数值计算详情:
2025-08-25 02:20:42,550 - DEBUG -    数据项 F(θ): 0.000464
2025-08-25 02:20:42,550 - DEBUG -    深度约束项: 0.000008
2025-08-25 02:20:42,550 - DEBUG -    半径先验项: 0.000028
2025-08-25 02:20:42,550 - DEBUG -    总函数值 Φ(θ): 0.000501
2025-08-25 02:20:42,550 - DEBUG -    函数值改善: 0.000000
2025-08-25 02:20:42,550 - DEBUG - 🔍 参数有效: True
2025-08-25 02:20:42,550 - DEBUG -    参数更新成功:
2025-08-25 02:20:42,550 - DEBUG -      新球心: [ 0.10063379 -0.03292431  0.60366683]
2025-08-25 02:20:42,550 - DEBUG -      新半径: 0.019401
2025-08-25 02:20:42,550 - INFO - -----------------------------------------------------------------------------------
2025-08-25 02:20:42,550 - DEBUG - 🔍 LM收敛性检查:
2025-08-25 02:20:42,550 - DEBUG -    当前迭代次数: 11
2025-08-25 02:20:42,550 - DEBUG -    最大迭代次数: 30
2025-08-25 02:20:42,550 - DEBUG -    参数变化: 0.000180
2025-08-25 02:20:42,550 - DEBUG -    参数容忍度: 5e-06
2025-08-25 02:20:42,550 - DEBUG -    残差变化: 0.000000
2025-08-25 02:20:42,550 - DEBUG -    残差容忍度: 5e-06
2025-08-25 02:20:42,550 - DEBUG - 🔍 迭代 13/30:
2025-08-25 02:20:42,550 - DEBUG - 🔍 计算点到球心距离: 形状=(21,)
2025-08-25 02:20:42,550 - DEBUG - 🔍 生理偏差向量计算:
2025-08-25 02:20:42,550 - DEBUG -    点类型列表: ['pupil_center', 'iris_boundaries', 'iris_boundaries', 'iris_boundaries', 'iris_boundaries', 'eye_contours', 'eye_contours', 'eye_contours', 'eye_contours', 'eye_contours', 'eye_contours', 'eye_contours', 'eye_contours', 'eye_contours', 'eye_contours', 'eye_contours', 'eye_contours', 'eye_contours', 'eye_contours', 'eye_contours', 'eye_contours']
2025-08-25 02:20:42,550 - DEBUG -    偏差向量: [0.0002  0.00085 0.00085 0.00085 0.00085 0.0015  0.0015  0.0015  0.0015
 0.0015  0.0015  0.0015  0.0015  0.0015  0.0015  0.0015  0.0015  0.0015
 0.0015  0.0015  0.0015 ]
2025-08-25 02:20:42,550 - DEBUG -    向量形状: (21,)
2025-08-25 02:20:42,550 - DEBUG -    偏差统计: 均值=0.001314, 标准差=0.000356
2025-08-25 02:20:42,550 - DEBUG - 获取生理偏差: 点类型=['pupil_center', 'iris_boundaries', 'iris_boundaries', 'iris_boundaries', 'iris_boundaries', 'eye_contours', 'eye_contours', 'eye_contours', 'eye_contours', 'eye_contours', 'eye_contours', 'eye_contours', 'eye_contours', 'eye_contours', 'eye_contours', 'eye_contours', 'eye_contours', 'eye_contours', 'eye_contours', 'eye_contours', 'eye_contours'], 偏差值=[0.0002  0.00085 0.00085 0.00085 0.00085 0.0015  0.0015  0.0015  0.0015
 0.0015  0.0015  0.0015  0.0015  0.0015  0.0015  0.0015  0.0015  0.0015
 0.0015  0.0015  0.0015 ]
2025-08-25 02:20:42,550 - INFO - -----------------------------------------------------------------------------------
2025-08-25 02:20:42,550 - DEBUG - 🔍 拟合残差计算详情:
2025-08-25 02:20:42,550 - DEBUG -    球心坐标: [ 0.10063379 -0.03292431  0.60366683]
2025-08-25 02:20:42,550 - DEBUG -    球体半径: 0.019401
2025-08-25 02:20:42,550 - DEBUG -    采样点数: 21
2025-08-25 02:20:42,550 - DEBUG -    点类型分布: {'eye_contours': 16, 'iris_boundaries': 4, 'pupil_center': 1}
2025-08-25 02:20:42,550 - DEBUG -    理论距离向量: [0.01960076 0.02025076 0.02025076 0.02025076 0.02025076 0.02090076
 0.02090076 0.02090076 0.02090076 0.02090076 0.02090076 0.02090076
 0.02090076 0.02090076 0.02090076 0.02090076 0.02090076 0.02090076
 0.02090076 0.02090076 0.02090076]
2025-08-25 02:20:42,550 - DEBUG -    实际距离向量: [0.01217365 0.01686268 0.00431561 0.01679116 0.02210185 0.03009337
 0.02595794 0.01827562 0.00998062 0.00881483 0.01573777 0.02152999
 0.02518951 0.02806454 0.02645685 0.02469562 0.02269341 0.02108704
 0.02163097 0.02455508 0.02816498]
2025-08-25 02:20:42,550 - DEBUG -    生理偏差向量: [0.0002  0.00085 0.00085 0.00085 0.00085 0.0015  0.0015  0.0015  0.0015
 0.0015  0.0015  0.0015  0.0015  0.0015  0.0015  0.0015  0.0015  0.0015
 0.0015  0.0015  0.0015 ]
2025-08-25 02:20:42,550 - DEBUG -    残差向量 f(θ): 
[[-0.0074271 ]
 [-0.00338808]
 [-0.01593515]
 [-0.0034596 ]
 [ 0.00185109]
 [ 0.00919261]
 [ 0.00505718]
 [-0.00262514]
 [-0.01092014]
 [-0.01208593]
 [-0.00516298]
 [ 0.00062923]
 [ 0.00428875]
 [ 0.00716378]
 [ 0.00555609]
 [ 0.00379486]
 [ 0.00179265]
 [ 0.00018628]
 [ 0.00073021]
 [ 0.00365432]
 [ 0.00726423]]
2025-08-25 02:20:42,550 - DEBUG -    平均残差范数: 0.001452
2025-08-25 02:20:42,550 - DEBUG -    残差范数=0.030499
2025-08-25 02:20:42,550 - INFO - -----------------------------------------------------------------------------------
2025-08-25 02:20:42,550 - DEBUG - 🔍 深度约束计算详情 (softplus):
2025-08-25 02:20:42,550 - DEBUG -    采样点Z坐标范围: [0.600000, 0.601494]
2025-08-25 02:20:42,550 - DEBUG -    球心Z坐标: 0.603667
2025-08-25 02:20:42,550 - DEBUG -    深度偏移ε: 0.000200
2025-08-25 02:20:42,550 - DEBUG -    softplus参数τ: 0.001000
2025-08-25 02:20:42,550 - DEBUG -    原始违反值: -0.001973
2025-08-25 02:20:42,550 - DEBUG -    softplus输入 u: -1.973174
2025-08-25 02:20:42,550 - DEBUG -    约束惩罚 h(θ): 0.000130
2025-08-25 02:20:42,558 - DEBUG -    🟢 深度约束满足: 球心深度足够
2025-08-25 02:20:42,558 - INFO - -----------------------------------------------------------------------------------
2025-08-25 02:20:42,558 - DEBUG - 🔍 半径惩罚计算详情:
2025-08-25 02:20:42,558 - DEBUG -    当前半径: 0.019401
2025-08-25 02:20:42,558 - DEBUG -    半径先验值: 0.012000
2025-08-25 02:20:42,558 - DEBUG -    半径残差 r(θ): 0.007401
2025-08-25 02:20:42,558 - DEBUG -    数据残差 f(θ): [[-0.0074271 ]
 [-0.00338808]
 [-0.01593515]
 [-0.0034596 ]
 [ 0.00185109]
 [ 0.00919261]
 [ 0.00505718]
 [-0.00262514]
 [-0.01092014]
 [-0.01208593]
 [-0.00516298]
 [ 0.00062923]
 [ 0.00428875]
 [ 0.00716378]
 [ 0.00555609]
 [ 0.00379486]
 [ 0.00179265]
 [ 0.00018628]
 [ 0.00073021]
 [ 0.00365432]
 [ 0.00726423]]
2025-08-25 02:20:42,558 - DEBUG -    约束残差 g(θ): [[0.00013016]]
2025-08-25 02:20:42,558 - DEBUG -    半径残差 r(θ): [[0.00740076]]
2025-08-25 02:20:42,558 - DEBUG - 🔍 状态变化计算: 参数变化=0.000180, 残差变化=0.000025
2025-08-25 02:20:42,558 - INFO - -----------------------------------------------------------------------------------
2025-08-25 02:20:42,558 - DEBUG - 🔍 权重管理器状态更新详情:
2025-08-25 02:20:42,558 - DEBUG -    当前迭代: 12
2025-08-25 02:20:42,558 - DEBUG -    参数变化: 0.000180 (阈值: 0.000005)
2025-08-25 02:20:42,558 - DEBUG -    残差变化: 0.000025 (阈值: 0.000005)
2025-08-25 02:20:42,558 - DEBUG -    几何权重因子: 10
2025-08-25 02:20:42,558 - DEBUG - ⏸️ 保持图像置信度权重: 参数变化=1.80e-04, 残差变化=2.49e-05
2025-08-25 02:20:42,558 - DEBUG - 状态已保存: 参数=[ 0.10063379 -0.03292431  0.60366683  0.01940076], 残差范数=0.030499
2025-08-25 02:20:42,558 - DEBUG - 🔍 获取visibility信息: 形状=(21,), 范围=[1.000, 1.000]
2025-08-25 02:20:42,558 - DEBUG - 🔧 设置图像置信度权重: 21个点
2025-08-25 02:20:42,558 - DEBUG - 🔍 开始计算权重矩阵:
2025-08-25 02:20:42,558 - DEBUG -    点类型: ['pupil_center', 'iris_boundaries', 'iris_boundaries', 'iris_boundaries', 'iris_boundaries', 'eye_contours', 'eye_contours', 'eye_contours', 'eye_contours', 'eye_contours', 'eye_contours', 'eye_contours', 'eye_contours', 'eye_contours', 'eye_contours', 'eye_contours', 'eye_contours', 'eye_contours', 'eye_contours', 'eye_contours', 'eye_contours']
2025-08-25 02:20:42,558 - DEBUG -    残差向量: 形状=(21,), 范数=0.030499
2025-08-25 02:20:42,558 - DEBUG -    Visibility: 形状=(21,), 均值=1.000
2025-08-25 02:20:42,558 - WARNING - ⚠️ 权重管理器：没有启用几何权重，使用默认全1权重
2025-08-25 02:20:42,558 - WARNING - ⚠️ 权重管理器：没有启用几何权重，使用默认全1权重
2025-08-25 02:20:42,558 - WARNING - ⚠️ 权重管理器：没有启用几何权重，使用默认全1权重
2025-08-25 02:20:42,558 - WARNING - ⚠️ 权重管理器：没有启用几何权重，使用默认全1权重
2025-08-25 02:20:42,558 - WARNING - ⚠️ 权重管理器：没有启用几何权重，使用默认全1权重
2025-08-25 02:20:42,558 - WARNING - ⚠️ 权重管理器：没有启用几何权重，使用默认全1权重
2025-08-25 02:20:42,558 - WARNING - ⚠️ 权重管理器：没有启用几何权重，使用默认全1权重
2025-08-25 02:20:42,558 - WARNING - ⚠️ 权重管理器：没有启用几何权重，使用默认全1权重
2025-08-25 02:20:42,558 - WARNING - ⚠️ 权重管理器：没有启用几何权重，使用默认全1权重
2025-08-25 02:20:42,558 - WARNING - ⚠️ 权重管理器：没有启用几何权重，使用默认全1权重
2025-08-25 02:20:42,558 - WARNING - ⚠️ 权重管理器：没有启用几何权重，使用默认全1权重
2025-08-25 02:20:42,558 - WARNING - ⚠️ 权重管理器：没有启用几何权重，使用默认全1权重
2025-08-25 02:20:42,558 - WARNING - ⚠️ 权重管理器：没有启用几何权重，使用默认全1权重
2025-08-25 02:20:42,558 - WARNING - ⚠️ 权重管理器：没有启用几何权重，使用默认全1权重
2025-08-25 02:20:42,558 - WARNING - ⚠️ 权重管理器：没有启用几何权重，使用默认全1权重
2025-08-25 02:20:42,558 - WARNING - ⚠️ 权重管理器：没有启用几何权重，使用默认全1权重
2025-08-25 02:20:42,558 - WARNING - ⚠️ 权重管理器：没有启用几何权重，使用默认全1权重
2025-08-25 02:20:42,558 - WARNING - ⚠️ 权重管理器：没有启用几何权重，使用默认全1权重
2025-08-25 02:20:42,558 - WARNING - ⚠️ 权重管理器：没有启用几何权重，使用默认全1权重
2025-08-25 02:20:42,558 - WARNING - ⚠️ 权重管理器：没有启用几何权重，使用默认全1权重
2025-08-25 02:20:42,558 - WARNING - ⚠️ 权重管理器：没有启用几何权重，使用默认全1权重
2025-08-25 02:20:42,566 - DEBUG - 🔍 权重矩阵计算成功: 形状=(21, 21)
2025-08-25 02:20:42,566 - DEBUG - 🔍 几何权重统计:
2025-08-25 02:20:42,566 - DEBUG -    权重向量: [[1.]
 [1.]
 [1.]
 [1.]
 [1.]
 [1.]
 [1.]
 [1.]
 [1.]
 [1.]
 [1.]
 [1.]
 [1.]
 [1.]
 [1.]
 [1.]
 [1.]
 [1.]
 [1.]
 [1.]
 [1.]]
2025-08-25 02:20:42,566 - DEBUG -    权重范围: [1.000000, 1.000000]
2025-08-25 02:20:42,567 - DEBUG -    权重均值: 1.000000
2025-08-25 02:20:42,567 - DEBUG -    权重标准差: 0.000000
2025-08-25 02:20:42,567 - DEBUG -    高权重点(>0.8): 21/21
2025-08-25 02:20:42,567 - DEBUG -    低权重点(<0.2): 0/21
2025-08-25 02:20:42,567 - INFO - -----------------------------------------------------------------------------------
2025-08-25 02:20:42,567 - DEBUG - 🔍 开始求解LM更新方程:
2025-08-25 02:20:42,567 - DEBUG -    数据残差: 形状=(21,), 范数=0.030499
2025-08-25 02:20:42,567 - DEBUG -    约束残差: 形状=(1,), 范数=0.000130
2025-08-25 02:20:42,567 - DEBUG - 🔍 计算数据残差雅可比矩阵 J_f: 形状=(21, 4)
2025-08-25 02:20:42,567 - DEBUG - 🔍 J_f矩阵计算完成: 条件数=9.87e+00
2025-08-25 02:20:42,567 - DEBUG - 🔍 深度约束雅可比计算: u=-1.973174, σ=0.122048, J_h=[[ 0.          0.         -0.12204838  0.        ]]
2025-08-25 02:20:42,567 - DEBUG - 🔍 半径先验雅可比: J_r=[[0. 0. 0. 1.]]
2025-08-25 02:20:42,567 - DEBUG - 🔍 使用几何权重矩阵: 形状=(21, 21)
2025-08-25 02:20:42,567 - DEBUG - 🔍 Hessian矩阵计算:
2025-08-25 02:20:42,567 - DEBUG -    H_data = J_f^T W J_f: 形状=(4, 4), 条件数=9.73e+01
2025-08-25 02:20:42,567 - DEBUG -    H_h = λ_depth J_h^T J_h: 形状=(4, 4), λ_depth=1000.0
2025-08-25 02:20:42,567 - DEBUG -    H_r = λ_radius J_r^T J_r: 形状=(4, 4), λ_radius=1.0
2025-08-25 02:20:42,567 - DEBUG -    H_total: 形状=(4, 4), 条件数=4.91e+01
2025-08-25 02:20:42,567 - DEBUG - 🔍 梯度计算:
2025-08-25 02:20:42,567 - DEBUG -    g_data: 形状=(4,), 范数=0.025612
2025-08-25 02:20:42,567 - DEBUG -    g_h: 形状=(4,), 范数=0.015886
2025-08-25 02:20:42,567 - DEBUG -    g_r: 形状=(4,), 范数=0.007401
2025-08-25 02:20:42,567 - DEBUG -    g_total: 形状=(4,), 范数=0.022602
2025-08-25 02:20:42,567 - DEBUG - 🔍 LM阻尼矩阵: H_lm = H_total + 100.0 * I
2025-08-25 02:20:42,567 - DEBUG -    H_lm条件数: 1.33e+00
2025-08-25 02:20:42,567 - DEBUG - 🔍 线性方程组求解成功:
2025-08-25 02:20:42,567 - DEBUG -    参数更新向量 Δθ: [[ 2.22043610e-05]
 [ 1.08577878e-04]
 [-1.85227179e-05]
 [-1.27110703e-04]]
2025-08-25 02:20:42,567 - DEBUG -    更新向量范数: 0.000170
2025-08-25 02:20:42,567 - DEBUG -    各分量更新: Δc_x=0.000022, Δc_y=0.000109, Δc_z=-0.000019, Δr=-0.000127
2025-08-25 02:20:42,567 - DEBUG -    参数更新:
2025-08-25 02:20:42,567 - DEBUG -      旧参数: [[ 0.10063379]
 [-0.03292431]
 [ 0.60366683]
 [ 0.01940076]]
2025-08-25 02:20:42,567 - DEBUG -      更新向量: [[ 2.22043610e-05]
 [ 1.08577878e-04]
 [-1.85227179e-05]
 [-1.27110703e-04]]
2025-08-25 02:20:42,567 - DEBUG -      新参数: [[ 0.10065599]
 [-0.03281573]
 [ 0.60364831]
 [ 0.01927365]]
2025-08-25 02:20:42,567 - INFO - -----------------------------------------------------------------------------------
2025-08-25 02:20:42,567 - INFO - 🔍 迭代第12次，球心向左0.022204mm，向下0.108578mm，向前0.018523mm，半径变小0.127111mm
2025-08-25 02:20:42,567 - INFO - 📊 变化前: 中心(0.101, -0.033, 0.604), 半径19.40mm
2025-08-25 02:20:42,567 - INFO - 📊 变化后: 中心(0.101, -0.033, 0.604), 半径19.27mm
2025-08-25 02:20:42,567 - INFO - 📈 变化量: 中心移动0.11mm, 半径变化0.13mm
2025-08-25 02:20:42,567 - INFO - 📍 眼球中心: [ 0.10063379 -0.03292431  0.60366683]
2025-08-25 02:20:42,567 - INFO - 📏 眼球半径: 19.40mm
2025-08-25 02:20:42,567 - INFO - 👁️ 瞳孔中心: [ 0.1        -0.02133333  0.60000002]
2025-08-25 02:20:42,567 - INFO - 📐 眼球中心在瞳孔中心的右0.63mm，上11.59mm，后3.67mm
2025-08-25 02:20:42,567 - INFO - 📏 距离: 12.17mm
2025-08-25 02:20:42,575 - INFO - -----------------------------------------------------------------------------------
2025-08-25 02:20:42,575 - INFO - -----------------------------------------------------------------------------------
2025-08-25 02:20:42,575 - DEBUG - 🔍 参数有效性检查:
2025-08-25 02:20:42,575 - DEBUG -    参数向量: [[ 0.10065599]
 [-0.03281573]
 [ 0.60364831]
 [ 0.01927365]]
2025-08-25 02:20:42,575 - DEBUG -    球心: [ 0.10065599 -0.03281573  0.60364831]
2025-08-25 02:20:42,575 - DEBUG -    半径: 0.019274
2025-08-25 02:20:42,575 - DEBUG - 🔍 函数值计算详情:
2025-08-25 02:20:42,575 - DEBUG -    数据项 F(θ): 0.000465
2025-08-25 02:20:42,575 - DEBUG -    深度约束项: 0.000008
2025-08-25 02:20:42,575 - DEBUG -    半径先验项: 0.000027
2025-08-25 02:20:42,575 - DEBUG -    总函数值 Φ(θ): 0.000501
2025-08-25 02:20:42,575 - DEBUG -    函数值改善: -0.000000
2025-08-25 02:20:42,575 - DEBUG - 🔍 参数有效: False
2025-08-25 02:20:42,575 - DEBUG -    参数无效，阻尼因子调整: λ_LM = 1.00e+03
2025-08-25 02:20:42,575 - DEBUG - 🔍 迭代 14/30:
2025-08-25 02:20:42,575 - DEBUG - 🔍 计算点到球心距离: 形状=(21,)
2025-08-25 02:20:42,575 - DEBUG - 🔍 生理偏差向量计算:
2025-08-25 02:20:42,575 - DEBUG -    点类型列表: ['pupil_center', 'iris_boundaries', 'iris_boundaries', 'iris_boundaries', 'iris_boundaries', 'eye_contours', 'eye_contours', 'eye_contours', 'eye_contours', 'eye_contours', 'eye_contours', 'eye_contours', 'eye_contours', 'eye_contours', 'eye_contours', 'eye_contours', 'eye_contours', 'eye_contours', 'eye_contours', 'eye_contours', 'eye_contours']
2025-08-25 02:20:42,575 - DEBUG -    偏差向量: [0.0002  0.00085 0.00085 0.00085 0.00085 0.0015  0.0015  0.0015  0.0015
 0.0015  0.0015  0.0015  0.0015  0.0015  0.0015  0.0015  0.0015  0.0015
 0.0015  0.0015  0.0015 ]
2025-08-25 02:20:42,575 - DEBUG -    向量形状: (21,)
2025-08-25 02:20:42,575 - DEBUG -    偏差统计: 均值=0.001314, 标准差=0.000356
2025-08-25 02:20:42,575 - DEBUG - 获取生理偏差: 点类型=['pupil_center', 'iris_boundaries', 'iris_boundaries', 'iris_boundaries', 'iris_boundaries', 'eye_contours', 'eye_contours', 'eye_contours', 'eye_contours', 'eye_contours', 'eye_contours', 'eye_contours', 'eye_contours', 'eye_contours', 'eye_contours', 'eye_contours', 'eye_contours', 'eye_contours', 'eye_contours', 'eye_contours', 'eye_contours'], 偏差值=[0.0002  0.00085 0.00085 0.00085 0.00085 0.0015  0.0015  0.0015  0.0015
 0.0015  0.0015  0.0015  0.0015  0.0015  0.0015  0.0015  0.0015  0.0015
 0.0015  0.0015  0.0015 ]
2025-08-25 02:20:42,575 - INFO - -----------------------------------------------------------------------------------
2025-08-25 02:20:42,575 - DEBUG - 🔍 拟合残差计算详情:
2025-08-25 02:20:42,575 - DEBUG -    球心坐标: [ 0.10063379 -0.03292431  0.60366683]
2025-08-25 02:20:42,575 - DEBUG -    球体半径: 0.019401
2025-08-25 02:20:42,575 - DEBUG -    采样点数: 21
2025-08-25 02:20:42,575 - DEBUG -    点类型分布: {'eye_contours': 16, 'iris_boundaries': 4, 'pupil_center': 1}
2025-08-25 02:20:42,575 - DEBUG -    理论距离向量: [0.01960076 0.02025076 0.02025076 0.02025076 0.02025076 0.02090076
 0.02090076 0.02090076 0.02090076 0.02090076 0.02090076 0.02090076
 0.02090076 0.02090076 0.02090076 0.02090076 0.02090076 0.02090076
 0.02090076 0.02090076 0.02090076]
2025-08-25 02:20:42,580 - DEBUG -    实际距离向量: [0.01217365 0.01686268 0.00431561 0.01679116 0.02210185 0.03009337
 0.02595794 0.01827562 0.00998062 0.00881483 0.01573777 0.02152999
 0.02518951 0.02806454 0.02645685 0.02469562 0.02269341 0.02108704
 0.02163097 0.02455508 0.02816498]
2025-08-25 02:20:42,580 - DEBUG -    生理偏差向量: [0.0002  0.00085 0.00085 0.00085 0.00085 0.0015  0.0015  0.0015  0.0015
 0.0015  0.0015  0.0015  0.0015  0.0015  0.0015  0.0015  0.0015  0.0015
 0.0015  0.0015  0.0015 ]
2025-08-25 02:20:42,580 - DEBUG -    残差向量 f(θ): 
[[-0.0074271 ]
 [-0.00338808]
 [-0.01593515]
 [-0.0034596 ]
 [ 0.00185109]
 [ 0.00919261]
 [ 0.00505718]
 [-0.00262514]
 [-0.01092014]
 [-0.01208593]
 [-0.00516298]
 [ 0.00062923]
 [ 0.00428875]
 [ 0.00716378]
 [ 0.00555609]
 [ 0.00379486]
 [ 0.00179265]
 [ 0.00018628]
 [ 0.00073021]
 [ 0.00365432]
 [ 0.00726423]]
2025-08-25 02:20:42,580 - DEBUG -    平均残差范数: 0.001452
2025-08-25 02:20:42,580 - DEBUG -    残差范数=0.030499
2025-08-25 02:20:42,580 - INFO - -----------------------------------------------------------------------------------
2025-08-25 02:20:42,580 - DEBUG - 🔍 深度约束计算详情 (softplus):
2025-08-25 02:20:42,580 - DEBUG -    采样点Z坐标范围: [0.600000, 0.601494]
2025-08-25 02:20:42,580 - DEBUG -    球心Z坐标: 0.603667
2025-08-25 02:20:42,580 - DEBUG -    深度偏移ε: 0.000200
2025-08-25 02:20:42,580 - DEBUG -    softplus参数τ: 0.001000
2025-08-25 02:20:42,580 - DEBUG -    原始违反值: -0.001973
2025-08-25 02:20:42,580 - DEBUG -    softplus输入 u: -1.973174
2025-08-25 02:20:42,580 - DEBUG -    约束惩罚 h(θ): 0.000130
2025-08-25 02:20:42,580 - DEBUG -    🟢 深度约束满足: 球心深度足够
2025-08-25 02:20:42,583 - INFO - -----------------------------------------------------------------------------------
2025-08-25 02:20:42,583 - DEBUG - 🔍 半径惩罚计算详情:
2025-08-25 02:20:42,583 - DEBUG -    当前半径: 0.019401
2025-08-25 02:20:42,583 - DEBUG -    半径先验值: 0.012000
2025-08-25 02:20:42,583 - DEBUG -    半径残差 r(θ): 0.007401
2025-08-25 02:20:42,583 - DEBUG -    数据残差 f(θ): [[-0.0074271 ]
 [-0.00338808]
 [-0.01593515]
 [-0.0034596 ]
 [ 0.00185109]
 [ 0.00919261]
 [ 0.00505718]
 [-0.00262514]
 [-0.01092014]
 [-0.01208593]
 [-0.00516298]
 [ 0.00062923]
 [ 0.00428875]
 [ 0.00716378]
 [ 0.00555609]
 [ 0.00379486]
 [ 0.00179265]
 [ 0.00018628]
 [ 0.00073021]
 [ 0.00365432]
 [ 0.00726423]]
2025-08-25 02:20:42,583 - DEBUG -    约束残差 g(θ): [[0.00013016]]
2025-08-25 02:20:42,583 - DEBUG -    半径残差 r(θ): [[0.00740076]]
2025-08-25 02:20:42,583 - DEBUG - 🔍 状态变化计算: 参数变化=0.000000, 残差变化=0.000000
2025-08-25 02:20:42,583 - INFO - -----------------------------------------------------------------------------------
2025-08-25 02:20:42,583 - DEBUG - 🔍 权重管理器状态更新详情:
2025-08-25 02:20:42,583 - DEBUG -    当前迭代: 13
2025-08-25 02:20:42,583 - DEBUG -    参数变化: 0.000000 (阈值: 0.000005)
2025-08-25 02:20:42,583 - DEBUG -    残差变化: 0.000000 (阈值: 0.000005)
2025-08-25 02:20:42,583 - DEBUG -    几何权重因子: 10
2025-08-25 02:20:42,583 - DEBUG - ⏸️ 保持图像置信度权重: 参数变化=0.00e+00, 残差变化=0.00e+00
2025-08-25 02:20:42,583 - DEBUG - 状态已保存: 参数=[ 0.10063379 -0.03292431  0.60366683  0.01940076], 残差范数=0.030499
2025-08-25 02:20:42,583 - DEBUG - 🔍 获取visibility信息: 形状=(21,), 范围=[1.000, 1.000]
2025-08-25 02:20:42,583 - DEBUG - 🔧 设置图像置信度权重: 21个点
2025-08-25 02:20:42,583 - DEBUG - 🔍 开始计算权重矩阵:
2025-08-25 02:20:42,583 - DEBUG -    点类型: ['pupil_center', 'iris_boundaries', 'iris_boundaries', 'iris_boundaries', 'iris_boundaries', 'eye_contours', 'eye_contours', 'eye_contours', 'eye_contours', 'eye_contours', 'eye_contours', 'eye_contours', 'eye_contours', 'eye_contours', 'eye_contours', 'eye_contours', 'eye_contours', 'eye_contours', 'eye_contours', 'eye_contours', 'eye_contours']
2025-08-25 02:20:42,583 - DEBUG -    残差向量: 形状=(21,), 范数=0.030499
2025-08-25 02:20:42,583 - DEBUG -    Visibility: 形状=(21,), 均值=1.000
2025-08-25 02:20:42,583 - WARNING - ⚠️ 权重管理器：没有启用几何权重，使用默认全1权重
2025-08-25 02:20:42,583 - WARNING - ⚠️ 权重管理器：没有启用几何权重，使用默认全1权重
2025-08-25 02:20:42,583 - WARNING - ⚠️ 权重管理器：没有启用几何权重，使用默认全1权重
2025-08-25 02:20:42,583 - WARNING - ⚠️ 权重管理器：没有启用几何权重，使用默认全1权重
2025-08-25 02:20:42,583 - WARNING - ⚠️ 权重管理器：没有启用几何权重，使用默认全1权重
2025-08-25 02:20:42,583 - WARNING - ⚠️ 权重管理器：没有启用几何权重，使用默认全1权重
2025-08-25 02:20:42,583 - WARNING - ⚠️ 权重管理器：没有启用几何权重，使用默认全1权重
2025-08-25 02:20:42,583 - WARNING - ⚠️ 权重管理器：没有启用几何权重，使用默认全1权重
2025-08-25 02:20:42,583 - WARNING - ⚠️ 权重管理器：没有启用几何权重，使用默认全1权重
2025-08-25 02:20:42,583 - WARNING - ⚠️ 权重管理器：没有启用几何权重，使用默认全1权重
2025-08-25 02:20:42,583 - WARNING - ⚠️ 权重管理器：没有启用几何权重，使用默认全1权重
2025-08-25 02:20:42,583 - WARNING - ⚠️ 权重管理器：没有启用几何权重，使用默认全1权重
2025-08-25 02:20:42,583 - WARNING - ⚠️ 权重管理器：没有启用几何权重，使用默认全1权重
2025-08-25 02:20:42,583 - WARNING - ⚠️ 权重管理器：没有启用几何权重，使用默认全1权重
2025-08-25 02:20:42,583 - WARNING - ⚠️ 权重管理器：没有启用几何权重，使用默认全1权重
2025-08-25 02:20:42,583 - WARNING - ⚠️ 权重管理器：没有启用几何权重，使用默认全1权重
2025-08-25 02:20:42,583 - WARNING - ⚠️ 权重管理器：没有启用几何权重，使用默认全1权重
2025-08-25 02:20:42,583 - WARNING - ⚠️ 权重管理器：没有启用几何权重，使用默认全1权重
2025-08-25 02:20:42,583 - WARNING - ⚠️ 权重管理器：没有启用几何权重，使用默认全1权重
2025-08-25 02:20:42,583 - WARNING - ⚠️ 权重管理器：没有启用几何权重，使用默认全1权重
2025-08-25 02:20:42,583 - WARNING - ⚠️ 权重管理器：没有启用几何权重，使用默认全1权重
2025-08-25 02:20:42,583 - DEBUG - 🔍 权重矩阵计算成功: 形状=(21, 21)
2025-08-25 02:20:42,583 - DEBUG - 🔍 几何权重统计:
2025-08-25 02:20:42,583 - DEBUG -    权重向量: [[1.]
 [1.]
 [1.]
 [1.]
 [1.]
 [1.]
 [1.]
 [1.]
 [1.]
 [1.]
 [1.]
 [1.]
 [1.]
 [1.]
 [1.]
 [1.]
 [1.]
 [1.]
 [1.]
 [1.]
 [1.]]
2025-08-25 02:20:42,583 - DEBUG -    权重范围: [1.000000, 1.000000]
2025-08-25 02:20:42,583 - DEBUG -    权重均值: 1.000000
2025-08-25 02:20:42,583 - DEBUG -    权重标准差: 0.000000
2025-08-25 02:20:42,583 - DEBUG -    高权重点(>0.8): 21/21
2025-08-25 02:20:42,583 - DEBUG -    低权重点(<0.2): 0/21
2025-08-25 02:20:42,583 - INFO - -----------------------------------------------------------------------------------
2025-08-25 02:20:42,583 - DEBUG - 🔍 开始求解LM更新方程:
2025-08-25 02:20:42,583 - DEBUG -    数据残差: 形状=(21,), 范数=0.030499
2025-08-25 02:20:42,583 - DEBUG -    约束残差: 形状=(1,), 范数=0.000130
2025-08-25 02:20:42,591 - DEBUG - 🔍 计算数据残差雅可比矩阵 J_f: 形状=(21, 4)
2025-08-25 02:20:42,591 - DEBUG - 🔍 J_f矩阵计算完成: 条件数=9.87e+00
2025-08-25 02:20:42,591 - DEBUG - 🔍 深度约束雅可比计算: u=-1.973174, σ=0.122048, J_h=[[ 0.          0.         -0.12204838  0.        ]]
2025-08-25 02:20:42,591 - DEBUG - 🔍 半径先验雅可比: J_r=[[0. 0. 0. 1.]]
2025-08-25 02:20:42,591 - DEBUG - 🔍 使用几何权重矩阵: 形状=(21, 21)
2025-08-25 02:20:42,591 - DEBUG - 🔍 Hessian矩阵计算:
2025-08-25 02:20:42,591 - DEBUG -    H_data = J_f^T W J_f: 形状=(4, 4), 条件数=9.73e+01
2025-08-25 02:20:42,591 - DEBUG -    H_h = λ_depth J_h^T J_h: 形状=(4, 4), λ_depth=1000.0
2025-08-25 02:20:42,591 - DEBUG -    H_r = λ_radius J_r^T J_r: 形状=(4, 4), λ_radius=1.0
2025-08-25 02:20:42,591 - DEBUG -    H_total: 形状=(4, 4), 条件数=4.91e+01
2025-08-25 02:20:42,591 - DEBUG - 🔍 梯度计算:
2025-08-25 02:20:42,591 - DEBUG -    g_data: 形状=(4,), 范数=0.025612
2025-08-25 02:20:42,591 - DEBUG -    g_h: 形状=(4,), 范数=0.015886
2025-08-25 02:20:42,591 - DEBUG -    g_r: 形状=(4,), 范数=0.007401
2025-08-25 02:20:42,591 - DEBUG -    g_total: 形状=(4,), 范数=0.022602
2025-08-25 02:20:42,591 - DEBUG - 🔍 LM阻尼矩阵: H_lm = H_total + 1000.0 * I
2025-08-25 02:20:42,591 - DEBUG -    H_lm条件数: 1.03e+00
2025-08-25 02:20:42,591 - DEBUG - 🔍 线性方程组求解成功:
2025-08-25 02:20:42,591 - DEBUG -    参数更新向量 Δθ: [[ 2.60897732e-06]
 [ 1.36494849e-05]
 [-2.78820946e-06]
 [-1.66574008e-05]]
2025-08-25 02:20:42,591 - DEBUG -    更新向量范数: 0.000022
2025-08-25 02:20:42,591 - DEBUG -    各分量更新: Δc_x=0.000003, Δc_y=0.000014, Δc_z=-0.000003, Δr=-0.000017
2025-08-25 02:20:42,591 - DEBUG -    参数更新:
2025-08-25 02:20:42,591 - DEBUG -      旧参数: [[ 0.10063379]
 [-0.03292431]
 [ 0.60366683]
 [ 0.01940076]]
2025-08-25 02:20:42,591 - DEBUG -      更新向量: [[ 2.60897732e-06]
 [ 1.36494849e-05]
 [-2.78820946e-06]
 [-1.66574008e-05]]
2025-08-25 02:20:42,591 - DEBUG -      新参数: [[ 0.1006364 ]
 [-0.03291066]
 [ 0.60366404]
 [ 0.0193841 ]]
2025-08-25 02:20:42,591 - INFO - -----------------------------------------------------------------------------------
2025-08-25 02:20:42,591 - INFO - 🔍 迭代第13次，球心向左0.002609mm，向下0.013649mm，向前0.002788mm，半径变小0.016657mm
2025-08-25 02:20:42,591 - INFO - 📊 变化前: 中心(0.101, -0.033, 0.604), 半径19.40mm
2025-08-25 02:20:42,591 - INFO - 📊 变化后: 中心(0.101, -0.033, 0.604), 半径19.38mm
2025-08-25 02:20:42,591 - INFO - 📈 变化量: 中心移动0.01mm, 半径变化0.02mm
2025-08-25 02:20:42,591 - INFO - 📍 眼球中心: [ 0.10063379 -0.03292431  0.60366683]
2025-08-25 02:20:42,591 - INFO - 📏 眼球半径: 19.40mm
2025-08-25 02:20:42,591 - INFO - 👁️ 瞳孔中心: [ 0.1        -0.02133333  0.60000002]
2025-08-25 02:20:42,591 - INFO - 📐 眼球中心在瞳孔中心的右0.63mm，上11.59mm，后3.67mm
2025-08-25 02:20:42,591 - INFO - 📏 距离: 12.17mm
2025-08-25 02:20:42,591 - INFO - -----------------------------------------------------------------------------------
2025-08-25 02:20:42,591 - INFO - -----------------------------------------------------------------------------------
2025-08-25 02:20:42,591 - DEBUG - 🔍 参数有效性检查:
2025-08-25 02:20:42,599 - DEBUG -    参数向量: [[ 0.1006364 ]
 [-0.03291066]
 [ 0.60366404]
 [ 0.0193841 ]]
2025-08-25 02:20:42,599 - DEBUG -    球心: [ 0.1006364  -0.03291066  0.60366404]
2025-08-25 02:20:42,599 - DEBUG -    半径: 0.019384
2025-08-25 02:20:42,599 - DEBUG - 🔍 函数值计算详情:
2025-08-25 02:20:42,599 - DEBUG -    数据项 F(θ): 0.000465
2025-08-25 02:20:42,599 - DEBUG -    深度约束项: 0.000008
2025-08-25 02:20:42,599 - DEBUG -    半径先验项: 0.000027
2025-08-25 02:20:42,599 - DEBUG -    总函数值 Φ(θ): 0.000501
2025-08-25 02:20:42,599 - DEBUG -    函数值改善: 0.000000
2025-08-25 02:20:42,599 - DEBUG - 🔍 参数有效: True
2025-08-25 02:20:42,599 - DEBUG -    参数更新成功:
2025-08-25 02:20:42,599 - DEBUG -      新球心: [ 0.1006364  -0.03291066  0.60366404]
2025-08-25 02:20:42,599 - DEBUG -      新半径: 0.019384
2025-08-25 02:20:42,599 - INFO - -----------------------------------------------------------------------------------
2025-08-25 02:20:42,599 - DEBUG - 🔍 LM收敛性检查:
2025-08-25 02:20:42,599 - DEBUG -    当前迭代次数: 13
2025-08-25 02:20:42,599 - DEBUG -    最大迭代次数: 30
2025-08-25 02:20:42,599 - DEBUG -    参数变化: 0.000022
2025-08-25 02:20:42,599 - DEBUG -    参数容忍度: 5e-06
2025-08-25 02:20:42,599 - DEBUG -    残差变化: 0.000000
2025-08-25 02:20:42,599 - DEBUG -    残差容忍度: 5e-06
2025-08-25 02:20:42,599 - DEBUG - 🔍 迭代 15/30:
2025-08-25 02:20:42,599 - DEBUG - 🔍 计算点到球心距离: 形状=(21,)
2025-08-25 02:20:42,599 - DEBUG - 🔍 生理偏差向量计算:
2025-08-25 02:20:42,599 - DEBUG -    点类型列表: ['pupil_center', 'iris_boundaries', 'iris_boundaries', 'iris_boundaries', 'iris_boundaries', 'eye_contours', 'eye_contours', 'eye_contours', 'eye_contours', 'eye_contours', 'eye_contours', 'eye_contours', 'eye_contours', 'eye_contours', 'eye_contours', 'eye_contours', 'eye_contours', 'eye_contours', 'eye_contours', 'eye_contours', 'eye_contours']
2025-08-25 02:20:42,599 - DEBUG -    偏差向量: [0.0002  0.00085 0.00085 0.00085 0.00085 0.0015  0.0015  0.0015  0.0015
 0.0015  0.0015  0.0015  0.0015  0.0015  0.0015  0.0015  0.0015  0.0015
 0.0015  0.0015  0.0015 ]
2025-08-25 02:20:42,599 - DEBUG -    向量形状: (21,)
2025-08-25 02:20:42,599 - DEBUG -    偏差统计: 均值=0.001314, 标准差=0.000356
2025-08-25 02:20:42,599 - DEBUG - 获取生理偏差: 点类型=['pupil_center', 'iris_boundaries', 'iris_boundaries', 'iris_boundaries', 'iris_boundaries', 'eye_contours', 'eye_contours', 'eye_contours', 'eye_contours', 'eye_contours', 'eye_contours', 'eye_contours', 'eye_contours', 'eye_contours', 'eye_contours', 'eye_contours', 'eye_contours', 'eye_contours', 'eye_contours', 'eye_contours', 'eye_contours'], 偏差值=[0.0002  0.00085 0.00085 0.00085 0.00085 0.0015  0.0015  0.0015  0.0015
 0.0015  0.0015  0.0015  0.0015  0.0015  0.0015  0.0015  0.0015  0.0015
 0.0015  0.0015  0.0015 ]
2025-08-25 02:20:42,599 - INFO - -----------------------------------------------------------------------------------
2025-08-25 02:20:42,599 - DEBUG - 🔍 拟合残差计算详情:
2025-08-25 02:20:42,599 - DEBUG -    球心坐标: [ 0.1006364  -0.03291066  0.60366404]
2025-08-25 02:20:42,599 - DEBUG -    球体半径: 0.019384
2025-08-25 02:20:42,599 - DEBUG -    采样点数: 21
2025-08-25 02:20:42,599 - DEBUG -    点类型分布: {'eye_contours': 16, 'iris_boundaries': 4, 'pupil_center': 1}
2025-08-25 02:20:42,599 - DEBUG -    理论距离向量: [0.0195841 0.0202341 0.0202341 0.0202341 0.0202341 0.0208841 0.0208841
 0.0208841 0.0208841 0.0208841 0.0208841 0.0208841 0.0208841 0.0208841
 0.0208841 0.0208841 0.0208841 0.0208841 0.0208841 0.0208841 0.0208841]
2025-08-25 02:20:42,599 - DEBUG -    实际距离向量: [0.01215996 0.01685056 0.00430391 0.01678197 0.0220879  0.0300871
 0.02595191 0.01826918 0.00997023 0.00880153 0.01572789 0.02152083
 0.02518046 0.02805551 0.02644627 0.02468375 0.02268012 0.02107291
 0.02161837 0.02454555 0.02815751]
2025-08-25 02:20:42,599 - DEBUG -    生理偏差向量: [0.0002  0.00085 0.00085 0.00085 0.00085 0.0015  0.0015  0.0015  0.0015
 0.0015  0.0015  0.0015  0.0015  0.0015  0.0015  0.0015  0.0015  0.0015
 0.0015  0.0015  0.0015 ]
2025-08-25 02:20:42,599 - DEBUG -    残差向量 f(θ): 
[[-0.00742414]
 [-0.00338354]
 [-0.01593019]
 [-0.00345212]
 [ 0.0018538 ]
 [ 0.00920301]
 [ 0.00506781]
 [-0.00261492]
 [-0.01091387]
 [-0.01208257]
 [-0.00515621]
 [ 0.00063673]
 [ 0.00429636]
 [ 0.00717141]
 [ 0.00556217]
 [ 0.00379965]
 [ 0.00179602]
 [ 0.00018881]
 [ 0.00073427]
 [ 0.00366145]
 [ 0.00727342]]
2025-08-25 02:20:42,599 - DEBUG -    平均残差范数: 0.001452
2025-08-25 02:20:42,599 - DEBUG -    残差范数=0.030502
2025-08-25 02:20:42,599 - INFO - -----------------------------------------------------------------------------------
2025-08-25 02:20:42,599 - DEBUG - 🔍 深度约束计算详情 (softplus):
2025-08-25 02:20:42,599 - DEBUG -    采样点Z坐标范围: [0.600000, 0.601494]
2025-08-25 02:20:42,599 - DEBUG -    球心Z坐标: 0.603664
2025-08-25 02:20:42,599 - DEBUG -    深度偏移ε: 0.000200
2025-08-25 02:20:42,608 - DEBUG -    softplus参数τ: 0.001000
2025-08-25 02:20:42,608 - DEBUG -    原始违反值: -0.001970
2025-08-25 02:20:42,608 - DEBUG -    softplus输入 u: -1.970386
2025-08-25 02:20:42,608 - DEBUG -    约束惩罚 h(θ): 0.000131
2025-08-25 02:20:42,608 - DEBUG -    🟢 深度约束满足: 球心深度足够
2025-08-25 02:20:42,608 - INFO - -----------------------------------------------------------------------------------
2025-08-25 02:20:42,608 - DEBUG - 🔍 半径惩罚计算详情:
2025-08-25 02:20:42,608 - DEBUG -    当前半径: 0.019384
2025-08-25 02:20:42,608 - DEBUG -    半径先验值: 0.012000
2025-08-25 02:20:42,608 - DEBUG -    半径残差 r(θ): 0.007384
2025-08-25 02:20:42,608 - DEBUG -    数据残差 f(θ): [[-0.00742414]
 [-0.00338354]
 [-0.01593019]
 [-0.00345212]
 [ 0.0018538 ]
 [ 0.00920301]
 [ 0.00506781]
 [-0.00261492]
 [-0.01091387]
 [-0.01208257]
 [-0.00515621]
 [ 0.00063673]
 [ 0.00429636]
 [ 0.00717141]
 [ 0.00556217]
 [ 0.00379965]
 [ 0.00179602]
 [ 0.00018881]
 [ 0.00073427]
 [ 0.00366145]
 [ 0.00727342]]
2025-08-25 02:20:42,608 - DEBUG -    约束残差 g(θ): [[0.0001305]]
2025-08-25 02:20:42,608 - DEBUG -    半径残差 r(θ): [[0.0073841]]
2025-08-25 02:20:42,608 - DEBUG - 🔍 状态变化计算: 参数变化=0.000022, 残差变化=0.000003
2025-08-25 02:20:42,608 - INFO - -----------------------------------------------------------------------------------
2025-08-25 02:20:42,608 - DEBUG - 🔍 权重管理器状态更新详情:
2025-08-25 02:20:42,608 - DEBUG -    当前迭代: 14
2025-08-25 02:20:42,608 - DEBUG -    参数变化: 0.000022 (阈值: 0.000005)
2025-08-25 02:20:42,608 - DEBUG -    残差变化: 0.000003 (阈值: 0.000005)
2025-08-25 02:20:42,608 - DEBUG -    几何权重因子: 10
2025-08-25 02:20:42,608 - DEBUG - ⏸️ 保持图像置信度权重: 参数变化=2.19e-05, 残差变化=2.88e-06
2025-08-25 02:20:42,608 - DEBUG - 状态已保存: 参数=[ 0.1006364  -0.03291066  0.60366404  0.0193841 ], 残差范数=0.030502
2025-08-25 02:20:42,608 - DEBUG - 🔍 获取visibility信息: 形状=(21,), 范围=[1.000, 1.000]
2025-08-25 02:20:42,608 - DEBUG - 🔧 设置图像置信度权重: 21个点
2025-08-25 02:20:42,608 - DEBUG - 🔍 开始计算权重矩阵:
2025-08-25 02:20:42,608 - DEBUG -    点类型: ['pupil_center', 'iris_boundaries', 'iris_boundaries', 'iris_boundaries', 'iris_boundaries', 'eye_contours', 'eye_contours', 'eye_contours', 'eye_contours', 'eye_contours', 'eye_contours', 'eye_contours', 'eye_contours', 'eye_contours', 'eye_contours', 'eye_contours', 'eye_contours', 'eye_contours', 'eye_contours', 'eye_contours', 'eye_contours']
2025-08-25 02:20:42,608 - DEBUG -    残差向量: 形状=(21,), 范数=0.030502
2025-08-25 02:20:42,608 - DEBUG -    Visibility: 形状=(21,), 均值=1.000
2025-08-25 02:20:42,608 - WARNING - ⚠️ 权重管理器：没有启用几何权重，使用默认全1权重
2025-08-25 02:20:42,608 - WARNING - ⚠️ 权重管理器：没有启用几何权重，使用默认全1权重
2025-08-25 02:20:42,608 - WARNING - ⚠️ 权重管理器：没有启用几何权重，使用默认全1权重
2025-08-25 02:20:42,608 - WARNING - ⚠️ 权重管理器：没有启用几何权重，使用默认全1权重
2025-08-25 02:20:42,608 - WARNING - ⚠️ 权重管理器：没有启用几何权重，使用默认全1权重
2025-08-25 02:20:42,608 - WARNING - ⚠️ 权重管理器：没有启用几何权重，使用默认全1权重
2025-08-25 02:20:42,608 - WARNING - ⚠️ 权重管理器：没有启用几何权重，使用默认全1权重
2025-08-25 02:20:42,608 - WARNING - ⚠️ 权重管理器：没有启用几何权重，使用默认全1权重
2025-08-25 02:20:42,608 - WARNING - ⚠️ 权重管理器：没有启用几何权重，使用默认全1权重
2025-08-25 02:20:42,608 - WARNING - ⚠️ 权重管理器：没有启用几何权重，使用默认全1权重
2025-08-25 02:20:42,608 - WARNING - ⚠️ 权重管理器：没有启用几何权重，使用默认全1权重
2025-08-25 02:20:42,608 - WARNING - ⚠️ 权重管理器：没有启用几何权重，使用默认全1权重
2025-08-25 02:20:42,608 - WARNING - ⚠️ 权重管理器：没有启用几何权重，使用默认全1权重
2025-08-25 02:20:42,608 - WARNING - ⚠️ 权重管理器：没有启用几何权重，使用默认全1权重
2025-08-25 02:20:42,608 - WARNING - ⚠️ 权重管理器：没有启用几何权重，使用默认全1权重
2025-08-25 02:20:42,608 - WARNING - ⚠️ 权重管理器：没有启用几何权重，使用默认全1权重
2025-08-25 02:20:42,608 - WARNING - ⚠️ 权重管理器：没有启用几何权重，使用默认全1权重
2025-08-25 02:20:42,608 - WARNING - ⚠️ 权重管理器：没有启用几何权重，使用默认全1权重
2025-08-25 02:20:42,608 - WARNING - ⚠️ 权重管理器：没有启用几何权重，使用默认全1权重
2025-08-25 02:20:42,616 - WARNING - ⚠️ 权重管理器：没有启用几何权重，使用默认全1权重
2025-08-25 02:20:42,616 - WARNING - ⚠️ 权重管理器：没有启用几何权重，使用默认全1权重
2025-08-25 02:20:42,616 - DEBUG - 🔍 权重矩阵计算成功: 形状=(21, 21)
2025-08-25 02:20:42,616 - DEBUG - 🔍 几何权重统计:
2025-08-25 02:20:42,616 - DEBUG -    权重向量: [[1.]
 [1.]
 [1.]
 [1.]
 [1.]
 [1.]
 [1.]
 [1.]
 [1.]
 [1.]
 [1.]
 [1.]
 [1.]
 [1.]
 [1.]
 [1.]
 [1.]
 [1.]
 [1.]
 [1.]
 [1.]]
2025-08-25 02:20:42,616 - DEBUG -    权重范围: [1.000000, 1.000000]
2025-08-25 02:20:42,616 - DEBUG -    权重均值: 1.000000
2025-08-25 02:20:42,616 - DEBUG -    权重标准差: 0.000000
2025-08-25 02:20:42,616 - DEBUG -    高权重点(>0.8): 21/21
2025-08-25 02:20:42,616 - DEBUG -    低权重点(<0.2): 0/21
2025-08-25 02:20:42,616 - INFO - -----------------------------------------------------------------------------------
2025-08-25 02:20:42,616 - DEBUG - 🔍 开始求解LM更新方程:
2025-08-25 02:20:42,616 - DEBUG -    数据残差: 形状=(21,), 范数=0.030502
2025-08-25 02:20:42,616 - DEBUG -    约束残差: 形状=(1,), 范数=0.000131
2025-08-25 02:20:42,616 - DEBUG - 🔍 计算数据残差雅可比矩阵 J_f: 形状=(21, 4)
2025-08-25 02:20:42,616 - DEBUG - 🔍 J_f矩阵计算完成: 条件数=9.85e+00
2025-08-25 02:20:42,616 - DEBUG - 🔍 深度约束雅可比计算: u=-1.970386, σ=0.122347, J_h=[[ 0.          0.         -0.12234746  0.        ]]
2025-08-25 02:20:42,616 - DEBUG - 🔍 半径先验雅可比: J_r=[[0. 0. 0. 1.]]
2025-08-25 02:20:42,616 - DEBUG - 🔍 使用几何权重矩阵: 形状=(21, 21)
2025-08-25 02:20:42,616 - DEBUG - 🔍 Hessian矩阵计算:
2025-08-25 02:20:42,616 - DEBUG -    H_data = J_f^T W J_f: 形状=(4, 4), 条件数=9.70e+01
2025-08-25 02:20:42,616 - DEBUG -    H_h = λ_depth J_h^T J_h: 形状=(4, 4), λ_depth=1000.0
2025-08-25 02:20:42,616 - DEBUG -    H_r = λ_radius J_r^T J_r: 形状=(4, 4), λ_radius=1.0
2025-08-25 02:20:42,616 - DEBUG -    H_total: 形状=(4, 4), 条件数=4.91e+01
2025-08-25 02:20:42,616 - DEBUG - 🔍 梯度计算:
2025-08-25 02:20:42,616 - DEBUG -    g_data: 形状=(4,), 范数=0.025506
2025-08-25 02:20:42,616 - DEBUG -    g_h: 形状=(4,), 范数=0.015967
2025-08-25 02:20:42,616 - DEBUG -    g_r: 形状=(4,), 范数=0.007384
2025-08-25 02:20:42,616 - DEBUG -    g_total: 形状=(4,), 范数=0.022412
2025-08-25 02:20:42,616 - DEBUG - 🔍 LM阻尼矩阵: H_lm = H_total + 1000.0 * I
2025-08-25 02:20:42,616 - DEBUG -    H_lm条件数: 1.03e+00
2025-08-25 02:20:42,616 - DEBUG - 🔍 线性方程组求解成功:
2025-08-25 02:20:42,616 - DEBUG -    参数更新向量 Δθ: [[ 2.60212247e-06]
 [ 1.35452428e-05]
 [-2.71499154e-06]
 [-1.65156604e-05]]
2025-08-25 02:20:42,616 - DEBUG -    更新向量范数: 0.000022
2025-08-25 02:20:42,616 - DEBUG -    各分量更新: Δc_x=0.000003, Δc_y=0.000014, Δc_z=-0.000003, Δr=-0.000017
2025-08-25 02:20:42,616 - DEBUG -    参数更新:
2025-08-25 02:20:42,616 - DEBUG -      旧参数: [[ 0.1006364 ]
 [-0.03291066]
 [ 0.60366404]
 [ 0.0193841 ]]
2025-08-25 02:20:42,616 - DEBUG -      更新向量: [[ 2.60212247e-06]
 [ 1.35452428e-05]
 [-2.71499154e-06]
 [-1.65156604e-05]]
2025-08-25 02:20:42,616 - DEBUG -      新参数: [[ 0.100639  ]
 [-0.03289712]
 [ 0.60366133]
 [ 0.01936758]]
2025-08-25 02:20:42,616 - INFO - -----------------------------------------------------------------------------------
2025-08-25 02:20:42,616 - INFO - 🔍 迭代第14次，球心向左0.002602mm，向下0.013545mm，向前0.002715mm，半径变小0.016516mm
2025-08-25 02:20:42,616 - INFO - 📊 变化前: 中心(0.101, -0.033, 0.604), 半径19.38mm
2025-08-25 02:20:42,616 - INFO - 📊 变化后: 中心(0.101, -0.033, 0.604), 半径19.37mm
2025-08-25 02:20:42,624 - INFO - 📈 变化量: 中心移动0.01mm, 半径变化0.02mm
2025-08-25 02:20:42,624 - INFO - 📍 眼球中心: [ 0.1006364  -0.03291066  0.60366404]
2025-08-25 02:20:42,624 - INFO - 📏 眼球半径: 19.38mm
2025-08-25 02:20:42,624 - INFO - 👁️ 瞳孔中心: [ 0.1        -0.02133333  0.60000002]
2025-08-25 02:20:42,624 - INFO - 📐 眼球中心在瞳孔中心的右0.64mm，上11.58mm，后3.66mm
2025-08-25 02:20:42,624 - INFO - 📏 距离: 12.16mm
2025-08-25 02:20:42,624 - INFO - -----------------------------------------------------------------------------------
2025-08-25 02:20:42,624 - INFO - -----------------------------------------------------------------------------------
2025-08-25 02:20:42,624 - DEBUG - 🔍 参数有效性检查:
2025-08-25 02:20:42,624 - DEBUG -    参数向量: [[ 0.100639  ]
 [-0.03289712]
 [ 0.60366133]
 [ 0.01936758]]
2025-08-25 02:20:42,624 - DEBUG -    球心: [ 0.100639   -0.03289712  0.60366133]
2025-08-25 02:20:42,624 - DEBUG -    半径: 0.019368
2025-08-25 02:20:42,624 - DEBUG - 🔍 函数值计算详情:
2025-08-25 02:20:42,624 - DEBUG -    数据项 F(θ): 0.000465
2025-08-25 02:20:42,624 - DEBUG -    深度约束项: 0.000009
2025-08-25 02:20:42,624 - DEBUG -    半径先验项: 0.000027
2025-08-25 02:20:42,624 - DEBUG -    总函数值 Φ(θ): 0.000501
2025-08-25 02:20:42,624 - DEBUG -    函数值改善: -0.000000
2025-08-25 02:20:42,624 - DEBUG - 🔍 参数有效: False
2025-08-25 02:20:42,624 - DEBUG -    参数无效，阻尼因子调整: λ_LM = 1.00e+04
2025-08-25 02:20:42,624 - DEBUG - 🔍 迭代 16/30:
2025-08-25 02:20:42,624 - DEBUG - 🔍 计算点到球心距离: 形状=(21,)
2025-08-25 02:20:42,624 - DEBUG - 🔍 生理偏差向量计算:
2025-08-25 02:20:42,624 - DEBUG -    点类型列表: ['pupil_center', 'iris_boundaries', 'iris_boundaries', 'iris_boundaries', 'iris_boundaries', 'eye_contours', 'eye_contours', 'eye_contours', 'eye_contours', 'eye_contours', 'eye_contours', 'eye_contours', 'eye_contours', 'eye_contours', 'eye_contours', 'eye_contours', 'eye_contours', 'eye_contours', 'eye_contours', 'eye_contours', 'eye_contours']
2025-08-25 02:20:42,624 - DEBUG -    偏差向量: [0.0002  0.00085 0.00085 0.00085 0.00085 0.0015  0.0015  0.0015  0.0015
 0.0015  0.0015  0.0015  0.0015  0.0015  0.0015  0.0015  0.0015  0.0015
 0.0015  0.0015  0.0015 ]
2025-08-25 02:20:42,624 - DEBUG -    向量形状: (21,)
2025-08-25 02:20:42,624 - DEBUG -    偏差统计: 均值=0.001314, 标准差=0.000356
2025-08-25 02:20:42,624 - DEBUG - 获取生理偏差: 点类型=['pupil_center', 'iris_boundaries', 'iris_boundaries', 'iris_boundaries', 'iris_boundaries', 'eye_contours', 'eye_contours', 'eye_contours', 'eye_contours', 'eye_contours', 'eye_contours', 'eye_contours', 'eye_contours', 'eye_contours', 'eye_contours', 'eye_contours', 'eye_contours', 'eye_contours', 'eye_contours', 'eye_contours', 'eye_contours'], 偏差值=[0.0002  0.00085 0.00085 0.00085 0.00085 0.0015  0.0015  0.0015  0.0015
 0.0015  0.0015  0.0015  0.0015  0.0015  0.0015  0.0015  0.0015  0.0015
 0.0015  0.0015  0.0015 ]
2025-08-25 02:20:42,624 - INFO - -----------------------------------------------------------------------------------
2025-08-25 02:20:42,624 - DEBUG - 🔍 拟合残差计算详情:
2025-08-25 02:20:42,624 - DEBUG -    球心坐标: [ 0.1006364  -0.03291066  0.60366404]
2025-08-25 02:20:42,624 - DEBUG -    球体半径: 0.019384
2025-08-25 02:20:42,624 - DEBUG -    采样点数: 21
2025-08-25 02:20:42,624 - DEBUG -    点类型分布: {'eye_contours': 16, 'iris_boundaries': 4, 'pupil_center': 1}
2025-08-25 02:20:42,624 - DEBUG -    理论距离向量: [0.0195841 0.0202341 0.0202341 0.0202341 0.0202341 0.0208841 0.0208841
 0.0208841 0.0208841 0.0208841 0.0208841 0.0208841 0.0208841 0.0208841
 0.0208841 0.0208841 0.0208841 0.0208841 0.0208841 0.0208841 0.0208841]
2025-08-25 02:20:42,624 - DEBUG -    实际距离向量: [0.01215996 0.01685056 0.00430391 0.01678197 0.0220879  0.0300871
 0.02595191 0.01826918 0.00997023 0.00880153 0.01572789 0.02152083
 0.02518046 0.02805551 0.02644627 0.02468375 0.02268012 0.02107291
 0.02161837 0.02454555 0.02815751]
2025-08-25 02:20:42,624 - DEBUG -    生理偏差向量: [0.0002  0.00085 0.00085 0.00085 0.00085 0.0015  0.0015  0.0015  0.0015
 0.0015  0.0015  0.0015  0.0015  0.0015  0.0015  0.0015  0.0015  0.0015
 0.0015  0.0015  0.0015 ]
2025-08-25 02:20:42,624 - DEBUG -    残差向量 f(θ): 
[[-0.00742414]
 [-0.00338354]
 [-0.01593019]
 [-0.00345212]
 [ 0.0018538 ]
 [ 0.00920301]
 [ 0.00506781]
 [-0.00261492]
 [-0.01091387]
 [-0.01208257]
 [-0.00515621]
 [ 0.00063673]
 [ 0.00429636]
 [ 0.00717141]
 [ 0.00556217]
 [ 0.00379965]
 [ 0.00179602]
 [ 0.00018881]
 [ 0.00073427]
 [ 0.00366145]
 [ 0.00727342]]
2025-08-25 02:20:42,624 - DEBUG -    平均残差范数: 0.001452
2025-08-25 02:20:42,624 - DEBUG -    残差范数=0.030502
2025-08-25 02:20:42,624 - INFO - -----------------------------------------------------------------------------------
2025-08-25 02:20:42,624 - DEBUG - 🔍 深度约束计算详情 (softplus):
2025-08-25 02:20:42,624 - DEBUG -    采样点Z坐标范围: [0.600000, 0.601494]
2025-08-25 02:20:42,624 - DEBUG -    球心Z坐标: 0.603664
2025-08-25 02:20:42,632 - DEBUG -    深度偏移ε: 0.000200
2025-08-25 02:20:42,632 - DEBUG -    softplus参数τ: 0.001000
2025-08-25 02:20:42,632 - DEBUG -    原始违反值: -0.001970
2025-08-25 02:20:42,632 - DEBUG -    softplus输入 u: -1.970386
2025-08-25 02:20:42,632 - DEBUG -    约束惩罚 h(θ): 0.000131
2025-08-25 02:20:42,632 - DEBUG -    🟢 深度约束满足: 球心深度足够
2025-08-25 02:20:42,632 - INFO - -----------------------------------------------------------------------------------
2025-08-25 02:20:42,632 - DEBUG - 🔍 半径惩罚计算详情:
2025-08-25 02:20:42,632 - DEBUG -    当前半径: 0.019384
2025-08-25 02:20:42,632 - DEBUG -    半径先验值: 0.012000
2025-08-25 02:20:42,632 - DEBUG -    半径残差 r(θ): 0.007384
2025-08-25 02:20:42,632 - DEBUG -    数据残差 f(θ): [[-0.00742414]
 [-0.00338354]
 [-0.01593019]
 [-0.00345212]
 [ 0.0018538 ]
 [ 0.00920301]
 [ 0.00506781]
 [-0.00261492]
 [-0.01091387]
 [-0.01208257]
 [-0.00515621]
 [ 0.00063673]
 [ 0.00429636]
 [ 0.00717141]
 [ 0.00556217]
 [ 0.00379965]
 [ 0.00179602]
 [ 0.00018881]
 [ 0.00073427]
 [ 0.00366145]
 [ 0.00727342]]
2025-08-25 02:20:42,632 - DEBUG -    约束残差 g(θ): [[0.0001305]]
2025-08-25 02:20:42,632 - DEBUG -    半径残差 r(θ): [[0.0073841]]
2025-08-25 02:20:42,632 - DEBUG - 🔍 状态变化计算: 参数变化=0.000000, 残差变化=0.000000
2025-08-25 02:20:42,632 - INFO - -----------------------------------------------------------------------------------
2025-08-25 02:20:42,632 - DEBUG - 🔍 权重管理器状态更新详情:
2025-08-25 02:20:42,632 - DEBUG -    当前迭代: 15
2025-08-25 02:20:42,632 - DEBUG -    参数变化: 0.000000 (阈值: 0.000005)
2025-08-25 02:20:42,632 - DEBUG -    残差变化: 0.000000 (阈值: 0.000005)
2025-08-25 02:20:42,632 - DEBUG -    几何权重因子: 10
2025-08-25 02:20:42,632 - DEBUG - ⏸️ 保持图像置信度权重: 参数变化=0.00e+00, 残差变化=0.00e+00
2025-08-25 02:20:42,632 - DEBUG - 状态已保存: 参数=[ 0.1006364  -0.03291066  0.60366404  0.0193841 ], 残差范数=0.030502
2025-08-25 02:20:42,632 - DEBUG - 🔍 获取visibility信息: 形状=(21,), 范围=[1.000, 1.000]
2025-08-25 02:20:42,632 - DEBUG - 🔧 设置图像置信度权重: 21个点
2025-08-25 02:20:42,632 - DEBUG - 🔍 开始计算权重矩阵:
2025-08-25 02:20:42,632 - DEBUG -    点类型: ['pupil_center', 'iris_boundaries', 'iris_boundaries', 'iris_boundaries', 'iris_boundaries', 'eye_contours', 'eye_contours', 'eye_contours', 'eye_contours', 'eye_contours', 'eye_contours', 'eye_contours', 'eye_contours', 'eye_contours', 'eye_contours', 'eye_contours', 'eye_contours', 'eye_contours', 'eye_contours', 'eye_contours', 'eye_contours']
2025-08-25 02:20:42,637 - DEBUG -    残差向量: 形状=(21,), 范数=0.030502
2025-08-25 02:20:42,637 - DEBUG -    Visibility: 形状=(21,), 均值=1.000
2025-08-25 02:20:42,637 - WARNING - ⚠️ 权重管理器：没有启用几何权重，使用默认全1权重
2025-08-25 02:20:42,637 - WARNING - ⚠️ 权重管理器：没有启用几何权重，使用默认全1权重
2025-08-25 02:20:42,637 - WARNING - ⚠️ 权重管理器：没有启用几何权重，使用默认全1权重
2025-08-25 02:20:42,637 - WARNING - ⚠️ 权重管理器：没有启用几何权重，使用默认全1权重
2025-08-25 02:20:42,637 - WARNING - ⚠️ 权重管理器：没有启用几何权重，使用默认全1权重
2025-08-25 02:20:42,637 - WARNING - ⚠️ 权重管理器：没有启用几何权重，使用默认全1权重
2025-08-25 02:20:42,637 - WARNING - ⚠️ 权重管理器：没有启用几何权重，使用默认全1权重
2025-08-25 02:20:42,637 - WARNING - ⚠️ 权重管理器：没有启用几何权重，使用默认全1权重
2025-08-25 02:20:42,637 - WARNING - ⚠️ 权重管理器：没有启用几何权重，使用默认全1权重
2025-08-25 02:20:42,637 - WARNING - ⚠️ 权重管理器：没有启用几何权重，使用默认全1权重
2025-08-25 02:20:42,637 - WARNING - ⚠️ 权重管理器：没有启用几何权重，使用默认全1权重
2025-08-25 02:20:42,637 - WARNING - ⚠️ 权重管理器：没有启用几何权重，使用默认全1权重
2025-08-25 02:20:42,637 - WARNING - ⚠️ 权重管理器：没有启用几何权重，使用默认全1权重
2025-08-25 02:20:42,637 - WARNING - ⚠️ 权重管理器：没有启用几何权重，使用默认全1权重
2025-08-25 02:20:42,637 - WARNING - ⚠️ 权重管理器：没有启用几何权重，使用默认全1权重
2025-08-25 02:20:42,637 - WARNING - ⚠️ 权重管理器：没有启用几何权重，使用默认全1权重
2025-08-25 02:20:42,637 - WARNING - ⚠️ 权重管理器：没有启用几何权重，使用默认全1权重
2025-08-25 02:20:42,637 - WARNING - ⚠️ 权重管理器：没有启用几何权重，使用默认全1权重
2025-08-25 02:20:42,637 - WARNING - ⚠️ 权重管理器：没有启用几何权重，使用默认全1权重
2025-08-25 02:20:42,637 - WARNING - ⚠️ 权重管理器：没有启用几何权重，使用默认全1权重
2025-08-25 02:20:42,637 - WARNING - ⚠️ 权重管理器：没有启用几何权重，使用默认全1权重
2025-08-25 02:20:42,637 - DEBUG - 🔍 权重矩阵计算成功: 形状=(21, 21)
2025-08-25 02:20:42,637 - DEBUG - 🔍 几何权重统计:
2025-08-25 02:20:42,640 - DEBUG -    权重向量: [[1.]
 [1.]
 [1.]
 [1.]
 [1.]
 [1.]
 [1.]
 [1.]
 [1.]
 [1.]
 [1.]
 [1.]
 [1.]
 [1.]
 [1.]
 [1.]
 [1.]
 [1.]
 [1.]
 [1.]
 [1.]]
2025-08-25 02:20:42,640 - DEBUG -    权重范围: [1.000000, 1.000000]
2025-08-25 02:20:42,640 - DEBUG -    权重均值: 1.000000
2025-08-25 02:20:42,640 - DEBUG -    权重标准差: 0.000000
2025-08-25 02:20:42,640 - DEBUG -    高权重点(>0.8): 21/21
2025-08-25 02:20:42,640 - DEBUG -    低权重点(<0.2): 0/21
2025-08-25 02:20:42,640 - INFO - -----------------------------------------------------------------------------------
2025-08-25 02:20:42,640 - DEBUG - 🔍 开始求解LM更新方程:
2025-08-25 02:20:42,640 - DEBUG -    数据残差: 形状=(21,), 范数=0.030502
2025-08-25 02:20:42,640 - DEBUG -    约束残差: 形状=(1,), 范数=0.000131
2025-08-25 02:20:42,640 - DEBUG - 🔍 计算数据残差雅可比矩阵 J_f: 形状=(21, 4)
2025-08-25 02:20:42,640 - DEBUG - 🔍 J_f矩阵计算完成: 条件数=9.85e+00
2025-08-25 02:20:42,640 - DEBUG - 🔍 深度约束雅可比计算: u=-1.970386, σ=0.122347, J_h=[[ 0.          0.         -0.12234746  0.        ]]
2025-08-25 02:20:42,640 - DEBUG - 🔍 半径先验雅可比: J_r=[[0. 0. 0. 1.]]
2025-08-25 02:20:42,640 - DEBUG - 🔍 使用几何权重矩阵: 形状=(21, 21)
2025-08-25 02:20:42,640 - DEBUG - 🔍 Hessian矩阵计算:
2025-08-25 02:20:42,640 - DEBUG -    H_data = J_f^T W J_f: 形状=(4, 4), 条件数=9.70e+01
2025-08-25 02:20:42,640 - DEBUG -    H_h = λ_depth J_h^T J_h: 形状=(4, 4), λ_depth=1000.0
2025-08-25 02:20:42,640 - DEBUG -    H_r = λ_radius J_r^T J_r: 形状=(4, 4), λ_radius=1.0
2025-08-25 02:20:42,640 - DEBUG -    H_total: 形状=(4, 4), 条件数=4.91e+01
2025-08-25 02:20:42,640 - DEBUG - 🔍 梯度计算:
2025-08-25 02:20:42,640 - DEBUG -    g_data: 形状=(4,), 范数=0.025506
2025-08-25 02:20:42,640 - DEBUG -    g_h: 形状=(4,), 范数=0.015967
2025-08-25 02:20:42,640 - DEBUG -    g_r: 形状=(4,), 范数=0.007384
2025-08-25 02:20:42,640 - DEBUG -    g_total: 形状=(4,), 范数=0.022412
2025-08-25 02:20:42,640 - DEBUG - 🔍 LM阻尼矩阵: H_lm = H_total + 10000.0 * I
2025-08-25 02:20:42,640 - DEBUG -    H_lm条件数: 1.00e+00
2025-08-25 02:20:42,640 - DEBUG - 🔍 线性方程组求解成功:
2025-08-25 02:20:42,640 - DEBUG -    参数更新向量 Δθ: [[ 2.65142961e-07]
 [ 1.39135969e-06]
 [-2.84415129e-07]
 [-1.70368888e-06]]
2025-08-25 02:20:42,640 - DEBUG -    更新向量范数: 0.000002
2025-08-25 02:20:42,640 - DEBUG -    各分量更新: Δc_x=0.000000, Δc_y=0.000001, Δc_z=-0.000000, Δr=-0.000002
2025-08-25 02:20:42,640 - DEBUG -    参数更新:
2025-08-25 02:20:42,640 - DEBUG -      旧参数: [[ 0.1006364 ]
 [-0.03291066]
 [ 0.60366404]
 [ 0.0193841 ]]
2025-08-25 02:20:42,640 - DEBUG -      更新向量: [[ 2.65142961e-07]
 [ 1.39135969e-06]
 [-2.84415129e-07]
 [-1.70368888e-06]]
2025-08-25 02:20:42,640 - DEBUG -      新参数: [[ 0.10063666]
 [-0.03290927]
 [ 0.60366376]
 [ 0.0193824 ]]
2025-08-25 02:20:42,640 - INFO - -----------------------------------------------------------------------------------
2025-08-25 02:20:42,640 - INFO - 🔍 迭代第15次，球心向左0.000265mm，向下0.001391mm，向前0.000284mm，半径变小0.001704mm
2025-08-25 02:20:42,640 - INFO - 📊 变化前: 中心(0.101, -0.033, 0.604), 半径19.38mm
2025-08-25 02:20:42,640 - INFO - 📊 变化后: 中心(0.101, -0.033, 0.604), 半径19.38mm
2025-08-25 02:20:42,640 - INFO - 📈 变化量: 中心移动0.00mm, 半径变化0.00mm
2025-08-25 02:20:42,648 - INFO - 📍 眼球中心: [ 0.1006364  -0.03291066  0.60366404]
2025-08-25 02:20:42,648 - INFO - 📏 眼球半径: 19.38mm
2025-08-25 02:20:42,648 - INFO - 👁️ 瞳孔中心: [ 0.1        -0.02133333  0.60000002]
2025-08-25 02:20:42,648 - INFO - 📐 眼球中心在瞳孔中心的右0.64mm，上11.58mm，后3.66mm
2025-08-25 02:20:42,648 - INFO - 📏 距离: 12.16mm
2025-08-25 02:20:42,648 - INFO - -----------------------------------------------------------------------------------
2025-08-25 02:20:42,648 - INFO - -----------------------------------------------------------------------------------
2025-08-25 02:20:42,648 - DEBUG - 🔍 参数有效性检查:
2025-08-25 02:20:42,648 - DEBUG -    参数向量: [[ 0.10063666]
 [-0.03290927]
 [ 0.60366376]
 [ 0.0193824 ]]
2025-08-25 02:20:42,648 - DEBUG -    球心: [ 0.10063666 -0.03290927  0.60366376]
2025-08-25 02:20:42,648 - DEBUG -    半径: 0.019382
2025-08-25 02:20:42,648 - DEBUG - 🔍 函数值计算详情:
2025-08-25 02:20:42,648 - DEBUG -    数据项 F(θ): 0.000465
2025-08-25 02:20:42,648 - DEBUG -    深度约束项: 0.000009
2025-08-25 02:20:42,648 - DEBUG -    半径先验项: 0.000027
2025-08-25 02:20:42,648 - DEBUG -    总函数值 Φ(θ): 0.000501
2025-08-25 02:20:42,648 - DEBUG -    函数值改善: 0.000000
2025-08-25 02:20:42,648 - DEBUG - 🔍 参数有效: True
2025-08-25 02:20:42,648 - DEBUG -    参数更新成功:
2025-08-25 02:20:42,648 - DEBUG -      新球心: [ 0.10063666 -0.03290927  0.60366376]
2025-08-25 02:20:42,648 - DEBUG -      新半径: 0.019382
2025-08-25 02:20:42,648 - INFO - -----------------------------------------------------------------------------------
2025-08-25 02:20:42,648 - DEBUG - 🔍 LM收敛性检查:
2025-08-25 02:20:42,648 - DEBUG -    当前迭代次数: 15
2025-08-25 02:20:42,648 - DEBUG -    最大迭代次数: 30
2025-08-25 02:20:42,648 - DEBUG -    参数变化: 0.000002
2025-08-25 02:20:42,648 - DEBUG -    参数容忍度: 5e-06
2025-08-25 02:20:42,648 - DEBUG -    残差变化: 0.000000
2025-08-25 02:20:42,648 - DEBUG -    残差容忍度: 5e-06
2025-08-25 02:20:42,648 - INFO - ✅ LM收敛：参数变化2.23e-06 < 5e-06，平均残差变化0.00e+00 < 5e-06
2025-08-25 02:20:42,648 - INFO - ✅ LM优化收敛: 迭代15次
2025-08-25 02:20:42,648 - DEBUG - 🔍 优化结束状态:
2025-08-25 02:20:42,648 - DEBUG -    最终参数: [[ 0.10063666]
 [-0.03290927]
 [ 0.60366376]
 [ 0.0193824 ]]
2025-08-25 02:20:42,648 - DEBUG -    最终球心: [ 0.10063666 -0.03290927  0.60366376]
2025-08-25 02:20:42,648 - DEBUG -    最终半径: 0.019382
2025-08-25 02:20:42,648 - DEBUG -    是否收敛: True
2025-08-25 02:20:42,648 - DEBUG -    迭代次数: 15
2025-08-25 02:20:42,648 - INFO - -----------------------------------------------------------------------------------
2025-08-25 02:20:42,648 - DEBUG - 🔍 更新最终状态:
2025-08-25 02:20:42,648 - DEBUG - 🔍 计算点到球心距离: 形状=(21,)
2025-08-25 02:20:42,648 - DEBUG - 🔍 生理偏差向量计算:
2025-08-25 02:20:42,648 - DEBUG -    点类型列表: ['pupil_center', 'iris_boundaries', 'iris_boundaries', 'iris_boundaries', 'iris_boundaries', 'eye_contours', 'eye_contours', 'eye_contours', 'eye_contours', 'eye_contours', 'eye_contours', 'eye_contours', 'eye_contours', 'eye_contours', 'eye_contours', 'eye_contours', 'eye_contours', 'eye_contours', 'eye_contours', 'eye_contours', 'eye_contours']
2025-08-25 02:20:42,648 - DEBUG -    偏差向量: [0.0002  0.00085 0.00085 0.00085 0.00085 0.0015  0.0015  0.0015  0.0015
 0.0015  0.0015  0.0015  0.0015  0.0015  0.0015  0.0015  0.0015  0.0015
 0.0015  0.0015  0.0015 ]
2025-08-25 02:20:42,648 - DEBUG -    向量形状: (21,)
2025-08-25 02:20:42,648 - DEBUG -    偏差统计: 均值=0.001314, 标准差=0.000356
2025-08-25 02:20:42,657 - DEBUG - 获取生理偏差: 点类型=['pupil_center', 'iris_boundaries', 'iris_boundaries', 'iris_boundaries', 'iris_boundaries', 'eye_contours', 'eye_contours', 'eye_contours', 'eye_contours', 'eye_contours', 'eye_contours', 'eye_contours', 'eye_contours', 'eye_contours', 'eye_contours', 'eye_contours', 'eye_contours', 'eye_contours', 'eye_contours', 'eye_contours', 'eye_contours'], 偏差值=[0.0002  0.00085 0.00085 0.00085 0.00085 0.0015  0.0015  0.0015  0.0015
 0.0015  0.0015  0.0015  0.0015  0.0015  0.0015  0.0015  0.0015  0.0015
 0.0015  0.0015  0.0015 ]
2025-08-25 02:20:42,657 - INFO - -----------------------------------------------------------------------------------
2025-08-25 02:20:42,657 - DEBUG - 🔍 拟合残差计算详情:
2025-08-25 02:20:42,657 - DEBUG -    球心坐标: [ 0.10063666 -0.03290927  0.60366376]
2025-08-25 02:20:42,657 - DEBUG -    球体半径: 0.019382
2025-08-25 02:20:42,657 - DEBUG -    采样点数: 21
2025-08-25 02:20:42,657 - DEBUG -    点类型分布: {'eye_contours': 16, 'iris_boundaries': 4, 'pupil_center': 1}
2025-08-25 02:20:42,657 - DEBUG -    理论距离向量: [0.0195824 0.0202324 0.0202324 0.0202324 0.0202324 0.0208824 0.0208824
 0.0208824 0.0208824 0.0208824 0.0208824 0.0208824 0.0208824 0.0208824
 0.0208824 0.0208824 0.0208824 0.0208824 0.0208824 0.0208824 0.0208824]
2025-08-25 02:20:42,657 - DEBUG -    实际距离向量: [0.01215856 0.01684933 0.00430272 0.01678104 0.02208648 0.03008647
 0.02595129 0.01826853 0.00996917 0.00880017 0.01572688 0.0215199
 0.02517954 0.02805459 0.02644519 0.02468254 0.02267877 0.02107146
 0.02161709 0.02454458 0.02815675]
2025-08-25 02:20:42,657 - DEBUG -    生理偏差向量: [0.0002  0.00085 0.00085 0.00085 0.00085 0.0015  0.0015  0.0015  0.0015
 0.0015  0.0015  0.0015  0.0015  0.0015  0.0015  0.0015  0.0015  0.0015
 0.0015  0.0015  0.0015 ]
2025-08-25 02:20:42,657 - DEBUG -    残差向量 f(θ): 
[[-0.00742384]
 [-0.00338307]
 [-0.01592967]
 [-0.00345136]
 [ 0.00185408]
 [ 0.00920407]
 [ 0.00506889]
 [-0.00261387]
 [-0.01091322]
 [-0.01208222]
 [-0.00515551]
 [ 0.00063751]
 [ 0.00429714]
 [ 0.00717219]
 [ 0.00556279]
 [ 0.00380014]
 [ 0.00179637]
 [ 0.00018907]
 [ 0.00073469]
 [ 0.00366218]
 [ 0.00727436]]
2025-08-25 02:20:42,657 - DEBUG -    平均残差范数: 0.001452
2025-08-25 02:20:42,657 - DEBUG -    残差范数=0.030502
2025-08-25 02:20:42,657 - DEBUG -    最终残差向量: [[-0.00742384]
 [-0.00338307]
 [-0.01592967]
 [-0.00345136]
 [ 0.00185408]
 [ 0.00920407]
 [ 0.00506889]
 [-0.00261387]
 [-0.01091322]
 [-0.01208222]
 [-0.00515551]
 [ 0.00063751]
 [ 0.00429714]
 [ 0.00717219]
 [ 0.00556279]
 [ 0.00380014]
 [ 0.00179637]
 [ 0.00018907]
 [ 0.00073469]
 [ 0.00366218]
 [ 0.00727436]]
2025-08-25 02:20:42,657 - DEBUG -    最终残差范数: 0.030502
2025-08-25 02:20:42,657 - DEBUG -    内点比例: 1.000000
2025-08-25 02:20:42,657 - DEBUG -    质量分数: 0.000000
2025-08-25 02:20:42,657 - DEBUG -    收敛迭代次数: 15
2025-08-25 02:20:42,657 - DEBUG -    是否收敛: True
2025-08-25 02:20:42,657 - DEBUG -    警告信息: ['迭代1: 参数无效，阻尼因子=1.00e-01', '迭代5: 参数无效，阻尼因子=1.00e+00', '迭代8: 参数无效，阻尼因子=1.00e+01', '迭代10: 参数无效，阻尼因子=1.00e+02', '迭代12: 参数无效，阻尼因子=1.00e+03', '迭代14: 参数无效，阻尼因子=1.00e+04']
2025-08-25 02:20:42,657 - INFO - ✅ 优化完成: 最终中心点=(0.101, -0.033, 0.604), 半径=0.019m
2025-08-25 02:20:42,657 - INFO - 拟合完成 - 拟合结果:
  📍 中心点: (0.101, -0.033, 0.604)
  📏 半径: 0.02mm
  🔄 收敛状态: ✓ 已收敛
  📊 内点比例: 100.0% (21/21)
  🎯 质量分数: 0.000
  📈 迭代次数: 15
  📉 最终残差: 3.05e-02
⚠️  警告: 迭代1: 参数无效，阻尼因子=1.00e-01; 迭代5: 参数无效，阻尼因子=1.00e+00; 迭代8: 参数无效，阻尼因子=1.00e+01; 迭代10: 参数无效，阻尼因子=1.00e+02; 迭代12: 参数无效，阻尼因子=1.00e+03; 迭代14: 参数无效，阻尼因子=1.00e+04
2025-08-25 02:20:42,657 - DEBUG - left眼拟合完成: shape=椭球参数 (球体):
  📏 主轴长度: (0.019, 0.019, 0.019) m
  📍 中心坐标: (0.101, -0.033, 0.604) m
  🔄 旋转矩阵: 3x3 单位矩阵, center=[ 0.10063666 -0.03290927  0.60366376]
2025-08-25 02:20:42,657 - DEBUG - 左眼拟合完成
2025-08-25 02:20:42,657 - DEBUG - _fit_one_eye开始: eye_key=right
2025-08-25 02:20:42,657 - DEBUG - 更新trials_times: 2
2025-08-25 02:20:42,657 - DEBUG - 开始提取right眼关键点坐标
2025-08-25 02:20:42,657 - DEBUG - _extract_eye_key_coordinates开始: eye_key=right
2025-08-25 02:20:42,665 - DEBUG - self._key_coordinates: {'pupil_center': {'left': array([ 0.1       , -0.02133333,  0.60000002,  1.        ]), 'right': array([-0.012     , -0.01466667,  0.60000002,  1.        ])}, 'iris_boundaries': {'left': [array([ 0.1118696 , -0.02069771,  0.60073137,  1.        ]), array([ 0.10069082, -0.02985568,  0.60063291,  1.        ]), array([ 0.09006899, -0.02018385,  0.60083687,  1.        ]), array([ 0.10131965, -0.01097276,  0.60118675,  1.        ])], 'right': [array([-0.00146567, -0.01448299,  0.60129863,  1.        ]), array([-0.01230099, -0.02339663,  0.60070491,  1.        ]), array([-0.0227122 , -0.01356094,  0.60143298,  1.        ]), array([-0.01178241, -0.00473419,  0.6007331 ,  1.        ])]}, 'eye_contours': {'left': [array([ 0.0765652 , -0.01507862,  0.60086584,  1.        ]), array([ 0.07958645, -0.01805423,  0.60055161,  1.        ]), array([ 0.08618921, -0.02217917,  0.60052127,  1.        ]), array([ 0.09548529, -0.02498963,  0.60048145,  1.        ]), array([ 0.10466563, -0.02575073,  0.6005069 ,  1.        ]), array([ 0.11367607, -0.02461619,  0.60074252,  1.        ]), array([ 0.11934365, -0.02256544,  0.60118181,  1.        ]), array([ 0.122648  , -0.02092342,  0.60124516,  1.        ]), array([ 0.12517633, -0.01952134,  0.60129142,  1.        ]), array([ 0.12153884, -0.01685506,  0.60149366,  1.        ]), array([ 0.11765482, -0.01519318,  0.60126585,  1.        ]), array([ 0.11213361, -0.01349058,  0.60141402,  1.        ]), array([ 0.10339793, -0.01224597,  0.60059619,  1.        ]), array([ 0.09450076, -0.01238757,  0.60074675,  1.        ]), array([ 0.0858557 , -0.01349756,  0.60099077,  1.        ]), array([ 0.07986142, -0.01411711,  0.6008271 ,  1.        ])], 'right': [array([-0.03592393, -0.01205844,  0.60242468,  1.        ]), array([-0.03180574, -0.01015854,  0.60116732,  1.        ]), array([-0.0275785 , -0.0091281 ,  0.60112691,  1.        ]), array([-0.02169398, -0.00813923,  0.60109067,  1.        ]), array([-0.01293442, -0.00778421,  0.60074186,  1.        ]), array([-0.00415141, -0.00857108,  0.60064489,  1.        ]), array([ 0.00421711, -0.01008632,  0.60068583,  1.        ]), array([ 0.00986325, -0.01100278,  0.60081625,  1.        ]), array([ 0.01286089, -0.01193941,  0.60103989,  1.        ]), array([ 0.00979621, -0.01436308,  0.60078418,  1.        ]), array([ 0.00319821, -0.01733875,  0.60078645,  1.        ]), array([-0.00597371, -0.0188742 ,  0.60049015,  1.        ]), array([-0.0146707 , -0.01891069,  0.60096598,  1.        ]), array([-0.02349117, -0.0173149 ,  0.60083216,  1.        ]), array([-0.02936577, -0.01514952,  0.60118246,  1.        ]), array([-0.03294693, -0.0134737 ,  0.60136557,  1.        ])]}, 'eye_sockets': {'left': [array([ 0.14870508, -0.04850566,  0.6029408 ,  1.        ]), array([ 0.13760354, -0.06037577,  0.6015408 ,  1.        ]), array([ 0.12006159, -0.06710479,  0.60038304,  1.        ]), array([ 0.09703291, -0.06716865,  0.59962332,  1.        ]), array([ 0.06990544, -0.06405522,  0.59934187,  1.        ]), array([ 0.06684758, -0.04771016,  0.59928226,  1.        ]), array([ 0.0954382 , -0.05772517,  0.59974599,  1.        ]), array([ 0.11638679, -0.05804253,  0.60006171,  1.        ]), array([ 0.13160004, -0.05297592,  0.60051155,  1.        ]), array([ 0.14210472, -0.04361256,  0.60092777,  1.        ])], 'right': [array([-0.05936422, -0.0368636 ,  0.60115373,  1.        ]), array([-0.04759764, -0.04868499,  0.60062718,  1.        ]), array([-0.03030253, -0.05691531,  0.60020345,  1.        ]), array([-0.00795755, -0.05903233,  0.59942478,  1.        ]), array([ 0.01760682, -0.05846776,  0.59889978,  1.        ]), array([ 0.02147747, -0.04226866,  0.59925234,  1.        ]), array([-0.00579468, -0.0495796 ,  0.59963715,  1.        ]), array([-0.02630246, -0.04816711,  0.60002083,  1.        ]), array([-0.04148496, -0.0419373 ,  0.60053051,  1.        ]), array([-0.05244794, -0.03234338,  0.60135496,  1.        ])]}, 'eyelid_points': {'left': [array([0.1614671 , 0.01240703, 0.60240775, 1.        ]), array([0.14242101, 0.01174456, 0.60123742, 1.        ]), array([0.12870497, 0.01615871, 0.60074157, 1.        ]), array([0.10736967, 0.01498059, 0.60032123, 1.        ]), array([0.09134961, 0.01060922, 0.60026217, 1.        ]), array([0.07903896, 0.00537106, 0.6001457 , 1.        ]), array([0.07652512, 0.02688478, 0.59939486, 1.        ]), array([0.08682117, 0.0355042 , 0.59949064, 1.        ]), array([0.1004401 , 0.04418587, 0.59959579, 1.        ]), array([0.11836124, 0.05724757, 0.59968501, 1.        ])], 'right': [array([-0.07151245,  0.02208426,  0.60137296,  1.        ]), array([-0.05203517,  0.01993335,  0.60205859,  1.        ]), array([-0.03737424,  0.02321429,  0.60076976,  1.        ]), array([-0.01584173,  0.02045692,  0.60037607,  1.        ]), array([-1.48004256e-04,  1.49508343e-02,  6.00285113e-01,  1.00000000e+00]), array([0.01163098, 0.00874342, 0.60005343, 1.        ]), array([0.01275807, 0.02927967, 0.59917557, 1.        ]), array([0.00301437, 0.03858437, 0.59927189, 1.        ]), array([-0.00978161,  0.04829452,  0.59956759,  1.        ]), array([-0.02662827,  0.06280783,  0.59953117,  1.        ])]}}
2025-08-25 02:20:42,665 - DEBUG - 提取瞳孔中心
2025-08-25 02:20:42,665 - DEBUG - pupil_center: {'left': array([ 0.1       , -0.02133333,  0.60000002,  1.        ]), 'right': array([-0.012     , -0.01466667,  0.60000002,  1.        ])}
2025-08-25 02:20:42,665 - DEBUG - pupil_center类型: <class 'dict'>
2025-08-25 02:20:42,665 - DEBUG - eye_pupil: [-0.012      -0.01466667  0.60000002  1.        ]
2025-08-25 02:20:42,665 - DEBUG - eye_pupil类型: <class 'numpy.ndarray'>
2025-08-25 02:20:42,665 - DEBUG - eye_pupil形状: (4,)
2025-08-25 02:20:42,665 - DEBUG - 提取虹膜边界
2025-08-25 02:20:42,665 - DEBUG - iris_boundaries: {'left': [array([ 0.1118696 , -0.02069771,  0.60073137,  1.        ]), array([ 0.10069082, -0.02985568,  0.60063291,  1.        ]), array([ 0.09006899, -0.02018385,  0.60083687,  1.        ]), array([ 0.10131965, -0.01097276,  0.60118675,  1.        ])], 'right': [array([-0.00146567, -0.01448299,  0.60129863,  1.        ]), array([-0.01230099, -0.02339663,  0.60070491,  1.        ]), array([-0.0227122 , -0.01356094,  0.60143298,  1.        ]), array([-0.01178241, -0.00473419,  0.6007331 ,  1.        ])]}
2025-08-25 02:20:42,665 - DEBUG - iris_boundaries类型: <class 'dict'>
2025-08-25 02:20:42,665 - DEBUG - eye_iris: [array([-0.00146567, -0.01448299,  0.60129863,  1.        ]), array([-0.01230099, -0.02339663,  0.60070491,  1.        ]), array([-0.0227122 , -0.01356094,  0.60143298,  1.        ]), array([-0.01178241, -0.00473419,  0.6007331 ,  1.        ])]
2025-08-25 02:20:42,665 - DEBUG - eye_iris类型: <class 'list'>
2025-08-25 02:20:42,665 - DEBUG - eye_iris长度: 4
2025-08-25 02:20:42,665 - DEBUG - 第一个元素类型: <class 'numpy.ndarray'>
2025-08-25 02:20:42,665 - DEBUG - 第一个元素形状: (4,)
2025-08-25 02:20:42,665 - DEBUG - 提取眼睛轮廓
2025-08-25 02:20:42,673 - DEBUG - eye_contours: {'left': [array([ 0.0765652 , -0.01507862,  0.60086584,  1.        ]), array([ 0.07958645, -0.01805423,  0.60055161,  1.        ]), array([ 0.08618921, -0.02217917,  0.60052127,  1.        ]), array([ 0.09548529, -0.02498963,  0.60048145,  1.        ]), array([ 0.10466563, -0.02575073,  0.6005069 ,  1.        ]), array([ 0.11367607, -0.02461619,  0.60074252,  1.        ]), array([ 0.11934365, -0.02256544,  0.60118181,  1.        ]), array([ 0.122648  , -0.02092342,  0.60124516,  1.        ]), array([ 0.12517633, -0.01952134,  0.60129142,  1.        ]), array([ 0.12153884, -0.01685506,  0.60149366,  1.        ]), array([ 0.11765482, -0.01519318,  0.60126585,  1.        ]), array([ 0.11213361, -0.01349058,  0.60141402,  1.        ]), array([ 0.10339793, -0.01224597,  0.60059619,  1.        ]), array([ 0.09450076, -0.01238757,  0.60074675,  1.        ]), array([ 0.0858557 , -0.01349756,  0.60099077,  1.        ]), array([ 0.07986142, -0.01411711,  0.6008271 ,  1.        ])], 'right': [array([-0.03592393, -0.01205844,  0.60242468,  1.        ]), array([-0.03180574, -0.01015854,  0.60116732,  1.        ]), array([-0.0275785 , -0.0091281 ,  0.60112691,  1.        ]), array([-0.02169398, -0.00813923,  0.60109067,  1.        ]), array([-0.01293442, -0.00778421,  0.60074186,  1.        ]), array([-0.00415141, -0.00857108,  0.60064489,  1.        ]), array([ 0.00421711, -0.01008632,  0.60068583,  1.        ]), array([ 0.00986325, -0.01100278,  0.60081625,  1.        ]), array([ 0.01286089, -0.01193941,  0.60103989,  1.        ]), array([ 0.00979621, -0.01436308,  0.60078418,  1.        ]), array([ 0.00319821, -0.01733875,  0.60078645,  1.        ]), array([-0.00597371, -0.0188742 ,  0.60049015,  1.        ]), array([-0.0146707 , -0.01891069,  0.60096598,  1.        ]), array([-0.02349117, -0.0173149 ,  0.60083216,  1.        ]), array([-0.02936577, -0.01514952,  0.60118246,  1.        ]), array([-0.03294693, -0.0134737 ,  0.60136557,  1.        ])]}
2025-08-25 02:20:42,673 - DEBUG - eye_contours类型: <class 'dict'>
2025-08-25 02:20:42,673 - DEBUG - eye_contour: [array([-0.03592393, -0.01205844,  0.60242468,  1.        ]), array([-0.03180574, -0.01015854,  0.60116732,  1.        ]), array([-0.0275785 , -0.0091281 ,  0.60112691,  1.        ]), array([-0.02169398, -0.00813923,  0.60109067,  1.        ]), array([-0.01293442, -0.00778421,  0.60074186,  1.        ]), array([-0.00415141, -0.00857108,  0.60064489,  1.        ]), array([ 0.00421711, -0.01008632,  0.60068583,  1.        ]), array([ 0.00986325, -0.01100278,  0.60081625,  1.        ]), array([ 0.01286089, -0.01193941,  0.60103989,  1.        ]), array([ 0.00979621, -0.01436308,  0.60078418,  1.        ]), array([ 0.00319821, -0.01733875,  0.60078645,  1.        ]), array([-0.00597371, -0.0188742 ,  0.60049015,  1.        ]), array([-0.0146707 , -0.01891069,  0.60096598,  1.        ]), array([-0.02349117, -0.0173149 ,  0.60083216,  1.        ]), array([-0.02936577, -0.01514952,  0.60118246,  1.        ]), array([-0.03294693, -0.0134737 ,  0.60136557,  1.        ])]
2025-08-25 02:20:42,673 - DEBUG - eye_contour类型: <class 'list'>
2025-08-25 02:20:42,673 - DEBUG - eye_contour长度: 16
2025-08-25 02:20:42,673 - DEBUG - 第一个元素类型: <class 'numpy.ndarray'>
2025-08-25 02:20:42,673 - DEBUG - 第一个元素形状: (4,)
2025-08-25 02:20:42,673 - DEBUG - _extract_eye_key_coordinates完成: {'pupil_center': array([-0.012     , -0.01466667,  0.60000002,  1.        ]), 'iris_boundaries': [array([-0.00146567, -0.01448299,  0.60129863,  1.        ]), array([-0.01230099, -0.02339663,  0.60070491,  1.        ]), array([-0.0227122 , -0.01356094,  0.60143298,  1.        ]), array([-0.01178241, -0.00473419,  0.6007331 ,  1.        ])], 'eye_contours': [array([-0.03592393, -0.01205844,  0.60242468,  1.        ]), array([-0.03180574, -0.01015854,  0.60116732,  1.        ]), array([-0.0275785 , -0.0091281 ,  0.60112691,  1.        ]), array([-0.02169398, -0.00813923,  0.60109067,  1.        ]), array([-0.01293442, -0.00778421,  0.60074186,  1.        ]), array([-0.00415141, -0.00857108,  0.60064489,  1.        ]), array([ 0.00421711, -0.01008632,  0.60068583,  1.        ]), array([ 0.00986325, -0.01100278,  0.60081625,  1.        ]), array([ 0.01286089, -0.01193941,  0.60103989,  1.        ]), array([ 0.00979621, -0.01436308,  0.60078418,  1.        ]), array([ 0.00319821, -0.01733875,  0.60078645,  1.        ]), array([-0.00597371, -0.0188742 ,  0.60049015,  1.        ]), array([-0.0146707 , -0.01891069,  0.60096598,  1.        ]), array([-0.02349117, -0.0173149 ,  0.60083216,  1.        ]), array([-0.02936577, -0.01514952,  0.60118246,  1.        ]), array([-0.03294693, -0.0134737 ,  0.60136557,  1.        ])]}
2025-08-25 02:20:42,680 - DEBUG - right眼关键点坐标: {'pupil_center': array([-0.012     , -0.01466667,  0.60000002,  1.        ]), 'iris_boundaries': [array([-0.00146567, -0.01448299,  0.60129863,  1.        ]), array([-0.01230099, -0.02339663,  0.60070491,  1.        ]), array([-0.0227122 , -0.01356094,  0.60143298,  1.        ]), array([-0.01178241, -0.00473419,  0.6007331 ,  1.        ])], 'eye_contours': [array([-0.03592393, -0.01205844,  0.60242468,  1.        ]), array([-0.03180574, -0.01015854,  0.60116732,  1.        ]), array([-0.0275785 , -0.0091281 ,  0.60112691,  1.        ]), array([-0.02169398, -0.00813923,  0.60109067,  1.        ]), array([-0.01293442, -0.00778421,  0.60074186,  1.        ]), array([-0.00415141, -0.00857108,  0.60064489,  1.        ]), array([ 0.00421711, -0.01008632,  0.60068583,  1.        ]), array([ 0.00986325, -0.01100278,  0.60081625,  1.        ]), array([ 0.01286089, -0.01193941,  0.60103989,  1.        ]), array([ 0.00979621, -0.01436308,  0.60078418,  1.        ]), array([ 0.00319821, -0.01733875,  0.60078645,  1.        ]), array([-0.00597371, -0.0188742 ,  0.60049015,  1.        ]), array([-0.0146707 , -0.01891069,  0.60096598,  1.        ]), array([-0.02349117, -0.0173149 ,  0.60083216,  1.        ]), array([-0.02936577, -0.01514952,  0.60118246,  1.        ]), array([-0.03294693, -0.0134737 ,  0.60136557,  1.        ])]}
2025-08-25 02:20:42,681 - DEBUG - 调用center_fitter进行拟合
2025-08-25 02:20:42,681 - DEBUG - 🔄 返回已存在的CenterFitter单例实例
2025-08-25 02:20:42,681 - INFO - 🔍 开始眼球拟合: trials_times=2, strategy=None
2025-08-25 02:20:42,681 - DEBUG - 🔍 对象状态检查: _initialized=True, _strategy_functions=True
2025-08-25 02:20:42,681 - DEBUG - 🔍 策略函数映射表: ['constrained_lm', 'constrained_ransac_lm', 'ellipsoid_fallback', 'fail']
2025-08-25 02:20:42,681 - INFO - 📋 数据预处理完成: 总点数=21, 平均visibility=1.000
2025-08-25 02:20:42,681 - INFO -   📍 pupil_center: 1点, 平均visibility=1.000
2025-08-25 02:20:42,681 - INFO -   📍 iris_boundaries: 4点, 平均visibility=1.000
2025-08-25 02:20:42,681 - INFO -   📍 eye_contours: 16点, 平均visibility=1.000
2025-08-25 02:20:42,681 - INFO - 📊 自动选择拟合策略: constrained_lm
2025-08-25 02:20:42,681 - INFO - 🚀 执行拟合策略: constrained_lm
2025-08-25 02:20:42,681 - DEBUG - 📊 采样数据已更新: full, 点数=21
2025-08-25 02:20:42,681 - INFO - 📊 全部采样完成: 采样点数=21
2025-08-25 02:20:42,681 - INFO - 📊 使用全部采样策略: 21个点
2025-08-25 02:20:42,681 - INFO - 🔄 开始约束LM优化...
2025-08-25 02:20:42,681 - DEBUG - 🔍 约束优化开始:
2025-08-25 02:20:42,681 - DEBUG -    目标函数: Φ(θ) = F(θ) + (1/2)λ_depth * h(θ)²
2025-08-25 02:20:42,681 - DEBUG -    数据项: F(θ) = (1/2)∑w_i(||p_i - c|| - (r + δ_i))²
2025-08-25 02:20:42,681 - DEBUG -    约束项: h(θ) = max{0, ε + z_max - c_z}
2025-08-25 02:20:42,681 - INFO - 🔧 开始参数初始化...
2025-08-25 02:20:42,681 - DEBUG - 🔍 参数初始化开始:
2025-08-25 02:20:42,681 - INFO - 🔍 虹膜边界点数量: 4
2025-08-25 02:20:42,681 - DEBUG -    虹膜点数据:
2025-08-25 02:20:42,681 - DEBUG -      形状: (4, 3)
2025-08-25 02:20:42,681 - DEBUG -      前3个点: [[-0.00146567 -0.01448299  0.60129863]
 [-0.01230099 -0.02339663  0.60070491]
 [-0.0227122  -0.01356094  0.60143298]]
2025-08-25 02:20:42,681 - DEBUG -      所有点: [[-0.00146567 -0.01448299  0.60129863]
 [-0.01230099 -0.02339663  0.60070491]
 [-0.0227122  -0.01356094  0.60143298]
 [-0.01178241 -0.00473419  0.6007331 ]]
2025-08-25 02:20:42,681 - DEBUG -    随机选择3个点，索引: [2 3 1]
2025-08-25 02:20:42,681 - DEBUG -    选中的点:
2025-08-25 02:20:42,681 - DEBUG -      形状: (3, 3)
2025-08-25 02:20:42,681 - DEBUG -      坐标: [[-0.0227122  -0.01356094  0.60143298]
 [-0.01178241 -0.00473419  0.6007331 ]
 [-0.01230099 -0.02339663  0.60070491]]
2025-08-25 02:20:42,681 - INFO - 🔧 开始2D圆拟合...
2025-08-25 02:20:42,681 - DEBUG - 🔍 2D圆拟合开始:
2025-08-25 02:20:42,681 - DEBUG -    输入点: [[-0.0227122  -0.01356094  0.60143298]
 [-0.01178241 -0.00473419  0.6007331 ]
 [-0.01230099 -0.02339663  0.60070491]]
2025-08-25 02:20:42,681 - DEBUG -    点数量: 3
2025-08-25 02:20:42,681 - DEBUG -    坐标提取:
2025-08-25 02:20:42,681 - DEBUG -      X坐标: [-0.0227122  -0.01178241 -0.01230099]
2025-08-25 02:20:42,690 - DEBUG -      Y坐标: [-0.01356094 -0.00473419 -0.02339663]
2025-08-25 02:20:42,690 - DEBUG -    线性方程组:
2025-08-25 02:20:42,690 - DEBUG -      系数矩阵 A:
[[-0.04542439 -0.02712189  1.        ]
 [-0.02356483 -0.00946838  1.        ]
 [-0.02460198 -0.04679327  1.        ]]
2025-08-25 02:20:42,690 - DEBUG -      常数向量 b: [[0.00069974]
 [0.00016124]
 [0.00069872]]
2025-08-25 02:20:42,690 - DEBUG -    线性方程组求解结果:
2025-08-25 02:20:42,690 - DEBUG -      解向量: [[-0.01330404]
 [-0.01403034]
 [-0.00028511]]
2025-08-25 02:20:42,690 - DEBUG -    圆心和半径计算:
2025-08-25 02:20:42,690 - DEBUG -      圆心X坐标: -0.013304
2025-08-25 02:20:42,690 - DEBUG -      圆心Y坐标: -0.014030
2025-08-25 02:20:42,690 - DEBUG -      圆心: [-0.01330404 -0.01403034]
2025-08-25 02:20:42,690 - DEBUG -      常数c: -0.000285
2025-08-25 02:20:42,690 - DEBUG -      半径: 0.009420
2025-08-25 02:20:42,690 - DEBUG -    2D圆拟合成功:
2025-08-25 02:20:42,690 - DEBUG -      圆心: [-0.01330404 -0.01403034]
2025-08-25 02:20:42,690 - DEBUG -      半径: 0.009420
2025-08-25 02:20:42,690 - DEBUG -    2D圆拟合结果:
2025-08-25 02:20:42,690 - DEBUG -      圆心: [-0.01330404 -0.01403034]
2025-08-25 02:20:42,690 - DEBUG -      半径: 0.009420
2025-08-25 02:20:42,690 - DEBUG -    解剖学约束:
2025-08-25 02:20:42,690 - DEBUG -      虹膜到表面最小距离: 0.000500
2025-08-25 02:20:42,690 - DEBUG -      虹膜到表面最大距离: 0.001200
2025-08-25 02:20:42,690 - DEBUG -    半径计算:
2025-08-25 02:20:42,690 - DEBUG -      默认半径: 0.012000
2025-08-25 02:20:42,690 - DEBUG -      中值距离: 0.000850
2025-08-25 02:20:42,690 - DEBUG -      中值距离+半径 d: 0.012850
2025-08-25 02:20:42,690 - INFO - 🔍 中值距离+半径: 0.013m，2D半径: 0.009m，使用虹膜深度偏移
2025-08-25 02:20:42,690 - DEBUG -    勾股定理计算深度偏移: z = sqrt(0.012850² - 0.009420²) = 0.008740
2025-08-25 02:20:42,690 - DEBUG -    3D球心计算:
2025-08-25 02:20:42,690 - DEBUG -      虹膜点平均Z坐标: 0.600957
2025-08-25 02:20:42,690 - DEBUG -      深度偏移: 0.008740
2025-08-25 02:20:42,690 - DEBUG -      3D球心: [-0.01330404 -0.01403034  0.60969707]
2025-08-25 02:20:42,690 - DEBUG -    最终初始化参数:
2025-08-25 02:20:42,690 - DEBUG -      球心: [-0.01330404 -0.01403034  0.60969707]
2025-08-25 02:20:42,690 - DEBUG -      半径: 0.012000
2025-08-25 02:20:42,690 - INFO - 📍 初始中心点: (-0.013, -0.014, 0.610)
2025-08-25 02:20:42,690 - INFO - 📏 初始半径: 0.012m
2025-08-25 02:20:42,690 - INFO - ⚙️ 创建约束LM优化器...
2025-08-25 02:20:42,690 - DEBUG - 🔍 约束LM优化器初始化:
2025-08-25 02:20:42,696 - DEBUG -    初始球心: [-0.01330404 -0.01403034  0.60969707]
2025-08-25 02:20:42,696 - DEBUG -    初始半径: 0.012000
2025-08-25 02:20:42,696 - DEBUG -    参数向量 θ: [[-0.01330404]
 [-0.01403034]
 [ 0.60969707]
 [ 0.012     ]]
2025-08-25 02:20:42,696 - DEBUG -    样本数量: 21
2025-08-25 02:20:42,696 - DEBUG -    LM配置: LMAlgorithmConfig(lambda_lm=0.01, lambda_factor=10.0, min_lambda=1e-08, max_lambda=100000000.0, max_iterations=30, param_tolerance=5e-06, residual_tolerance=5e-06, max_step=0.01, geometric_weight_factor=10, residual_error_tolerance=0.0005)
2025-08-25 02:20:42,696 - DEBUG -    约束配置: ConstraintConfig(lambda_depth=1000.0, lambda_radius=1.0, radius_prior=0.012, depth_offset_epsilon=0.0002, softplus_tau=0.001, constraint_penalty_factor=1000.0)
2025-08-25 02:20:42,696 - INFO - 🔄 约束LM优化开始: 最大迭代次数=30
2025-08-25 02:20:42,698 - DEBUG - 🔍 优化开始状态:
2025-08-25 02:20:42,698 - DEBUG -    当前参数: [[-0.01330404]
 [-0.01403034]
 [ 0.60969707]
 [ 0.012     ]]
2025-08-25 02:20:42,698 - DEBUG -    当前球心: [-0.01330404 -0.01403034  0.60969707]
2025-08-25 02:20:42,698 - DEBUG -    当前半径: 0.012000
2025-08-25 02:20:42,698 - DEBUG -    最大迭代次数: 30
2025-08-25 02:20:42,698 - DEBUG - 🔍 迭代 1/30:
2025-08-25 02:20:42,698 - DEBUG - 🔍 计算点到球心距离: 形状=(21,)
2025-08-25 02:20:42,698 - DEBUG - 🔍 生理偏差向量计算:
2025-08-25 02:20:42,698 - DEBUG -    点类型列表: ['pupil_center', 'iris_boundaries', 'iris_boundaries', 'iris_boundaries', 'iris_boundaries', 'eye_contours', 'eye_contours', 'eye_contours', 'eye_contours', 'eye_contours', 'eye_contours', 'eye_contours', 'eye_contours', 'eye_contours', 'eye_contours', 'eye_contours', 'eye_contours', 'eye_contours', 'eye_contours', 'eye_contours', 'eye_contours']
2025-08-25 02:20:42,698 - DEBUG -    偏差向量: [0.0002  0.00085 0.00085 0.00085 0.00085 0.0015  0.0015  0.0015  0.0015
 0.0015  0.0015  0.0015  0.0015  0.0015  0.0015  0.0015  0.0015  0.0015
 0.0015  0.0015  0.0015 ]
2025-08-25 02:20:42,698 - DEBUG -    向量形状: (21,)
2025-08-25 02:20:42,698 - DEBUG -    偏差统计: 均值=0.001314, 标准差=0.000356
2025-08-25 02:20:42,698 - DEBUG - 获取生理偏差: 点类型=['pupil_center', 'iris_boundaries', 'iris_boundaries', 'iris_boundaries', 'iris_boundaries', 'eye_contours', 'eye_contours', 'eye_contours', 'eye_contours', 'eye_contours', 'eye_contours', 'eye_contours', 'eye_contours', 'eye_contours', 'eye_contours', 'eye_contours', 'eye_contours', 'eye_contours', 'eye_contours', 'eye_contours', 'eye_contours'], 偏差值=[0.0002  0.00085 0.00085 0.00085 0.00085 0.0015  0.0015  0.0015  0.0015
 0.0015  0.0015  0.0015  0.0015  0.0015  0.0015  0.0015  0.0015  0.0015
 0.0015  0.0015  0.0015 ]
2025-08-25 02:20:42,698 - INFO - -----------------------------------------------------------------------------------
2025-08-25 02:20:42,698 - DEBUG - 🔍 拟合残差计算详情:
2025-08-25 02:20:42,698 - DEBUG -    球心坐标: [-0.01330404 -0.01403034  0.60969707]
2025-08-25 02:20:42,698 - DEBUG -    球体半径: 0.012000
2025-08-25 02:20:42,698 - DEBUG -    采样点数: 21
2025-08-25 02:20:42,698 - DEBUG -    点类型分布: {'eye_contours': 16, 'iris_boundaries': 4, 'pupil_center': 1}
2025-08-25 02:20:42,698 - DEBUG -    理论距离向量: [0.0122  0.01285 0.01285 0.01285 0.01285 0.0135  0.0135  0.0135  0.0135
 0.0135  0.0135  0.0135  0.0135  0.0135  0.0135  0.0135  0.0135  0.0135
 0.0135  0.0135  0.0135 ]
2025-08-25 02:20:42,698 - DEBUG -    实际距离向量: [0.009805   0.0145219  0.01302277 0.01253111 0.01300332 0.02384188
 0.02073789 0.01735626 0.01338529 0.01092457 0.0139827  0.02009349
 0.02499517 0.02763915 0.02476231 0.01904387 0.01272651 0.01009542
 0.01389793 0.01821346 0.02134401]
2025-08-25 02:20:42,698 - DEBUG -    生理偏差向量: [0.0002  0.00085 0.00085 0.00085 0.00085 0.0015  0.0015  0.0015  0.0015
 0.0015  0.0015  0.0015  0.0015  0.0015  0.0015  0.0015  0.0015  0.0015
 0.0015  0.0015  0.0015 ]
2025-08-25 02:20:42,698 - DEBUG -    残差向量 f(θ): 
[[-0.002395  ]
 [ 0.0016719 ]
 [ 0.00017277]
 [-0.00031889]
 [ 0.00015332]
 [ 0.01034188]
 [ 0.00723789]
 [ 0.00385626]
 [-0.00011471]
 [-0.00257543]
 [ 0.0004827 ]
 [ 0.00659349]
 [ 0.01149517]
 [ 0.01413915]
 [ 0.01126231]
 [ 0.00554387]
 [-0.00077349]
 [-0.00340458]
 [ 0.00039793]
 [ 0.00471346]
 [ 0.00784401]]
2025-08-25 02:20:42,698 - DEBUG -    平均残差范数: 0.001363
2025-08-25 02:20:42,698 - DEBUG -    残差范数=0.028618
2025-08-25 02:20:42,698 - INFO - -----------------------------------------------------------------------------------
2025-08-25 02:20:42,698 - DEBUG - 🔍 深度约束计算详情 (softplus):
2025-08-25 02:20:42,698 - DEBUG -    采样点Z坐标范围: [0.600000, 0.602425]
2025-08-25 02:20:42,698 - DEBUG -    球心Z坐标: 0.609697
2025-08-25 02:20:42,706 - DEBUG -    深度偏移ε: 0.000200
2025-08-25 02:20:42,706 - DEBUG -    softplus参数τ: 0.001000
2025-08-25 02:20:42,706 - DEBUG -    原始违反值: -0.007072
2025-08-25 02:20:42,706 - DEBUG -    softplus输入 u: -7.072386
2025-08-25 02:20:42,706 - DEBUG -    约束惩罚 h(θ): 0.000001
2025-08-25 02:20:42,706 - DEBUG -    🟢 深度约束满足: 球心深度足够
2025-08-25 02:20:42,706 - INFO - -----------------------------------------------------------------------------------
2025-08-25 02:20:42,706 - DEBUG - 🔍 半径惩罚计算详情:
2025-08-25 02:20:42,706 - DEBUG -    当前半径: 0.012000
2025-08-25 02:20:42,706 - DEBUG -    半径先验值: 0.012000
2025-08-25 02:20:42,706 - DEBUG -    半径残差 r(θ): 0.000000
2025-08-25 02:20:42,706 - DEBUG -    数据残差 f(θ): [[-0.002395  ]
 [ 0.0016719 ]
 [ 0.00017277]
 [-0.00031889]
 [ 0.00015332]
 [ 0.01034188]
 [ 0.00723789]
 [ 0.00385626]
 [-0.00011471]
 [-0.00257543]
 [ 0.0004827 ]
 [ 0.00659349]
 [ 0.01149517]
 [ 0.01413915]
 [ 0.01126231]
 [ 0.00554387]
 [-0.00077349]
 [-0.00340458]
 [ 0.00039793]
 [ 0.00471346]
 [ 0.00784401]]
2025-08-25 02:20:42,706 - DEBUG -    约束残差 g(θ): [[8.47847698e-07]]
2025-08-25 02:20:42,706 - DEBUG -    半径残差 r(θ): [[0.]]
2025-08-25 02:20:42,706 - DEBUG - 🔍 状态变化计算: 参数变化=0.115887, 残差变化=0.001884
2025-08-25 02:20:42,706 - INFO - -----------------------------------------------------------------------------------
2025-08-25 02:20:42,706 - DEBUG - 🔍 权重管理器状态更新详情:
2025-08-25 02:20:42,706 - DEBUG -    当前迭代: 0
2025-08-25 02:20:42,706 - DEBUG -    参数变化: 0.115887 (阈值: 0.000005)
2025-08-25 02:20:42,706 - DEBUG -    残差变化: 0.001884 (阈值: 0.000005)
2025-08-25 02:20:42,706 - DEBUG -    几何权重因子: 10
2025-08-25 02:20:42,706 - DEBUG - ⏸️ 保持图像置信度权重: 参数变化=1.16e-01, 残差变化=1.88e-03
2025-08-25 02:20:42,706 - DEBUG - 状态已保存: 参数=[-0.01330404 -0.01403034  0.60969707  0.012     ], 残差范数=0.028618
2025-08-25 02:20:42,706 - DEBUG - 🔍 获取visibility信息: 形状=(21,), 范围=[1.000, 1.000]
2025-08-25 02:20:42,706 - DEBUG - 🔧 设置图像置信度权重: 21个点
2025-08-25 02:20:42,706 - DEBUG - 🔍 开始计算权重矩阵:
2025-08-25 02:20:42,706 - DEBUG -    点类型: ['pupil_center', 'iris_boundaries', 'iris_boundaries', 'iris_boundaries', 'iris_boundaries', 'eye_contours', 'eye_contours', 'eye_contours', 'eye_contours', 'eye_contours', 'eye_contours', 'eye_contours', 'eye_contours', 'eye_contours', 'eye_contours', 'eye_contours', 'eye_contours', 'eye_contours', 'eye_contours', 'eye_contours', 'eye_contours']
2025-08-25 02:20:42,706 - DEBUG -    残差向量: 形状=(21,), 范数=0.028618
2025-08-25 02:20:42,706 - DEBUG -    Visibility: 形状=(21,), 均值=1.000
2025-08-25 02:20:42,706 - WARNING - ⚠️ 权重管理器：没有启用几何权重，使用默认全1权重
2025-08-25 02:20:42,712 - WARNING - ⚠️ 权重管理器：没有启用几何权重，使用默认全1权重
2025-08-25 02:20:42,712 - WARNING - ⚠️ 权重管理器：没有启用几何权重，使用默认全1权重
2025-08-25 02:20:42,712 - WARNING - ⚠️ 权重管理器：没有启用几何权重，使用默认全1权重
2025-08-25 02:20:42,712 - WARNING - ⚠️ 权重管理器：没有启用几何权重，使用默认全1权重
2025-08-25 02:20:42,712 - WARNING - ⚠️ 权重管理器：没有启用几何权重，使用默认全1权重
2025-08-25 02:20:42,714 - WARNING - ⚠️ 权重管理器：没有启用几何权重，使用默认全1权重
2025-08-25 02:20:42,714 - WARNING - ⚠️ 权重管理器：没有启用几何权重，使用默认全1权重
2025-08-25 02:20:42,714 - WARNING - ⚠️ 权重管理器：没有启用几何权重，使用默认全1权重
2025-08-25 02:20:42,714 - WARNING - ⚠️ 权重管理器：没有启用几何权重，使用默认全1权重
2025-08-25 02:20:42,714 - WARNING - ⚠️ 权重管理器：没有启用几何权重，使用默认全1权重
2025-08-25 02:20:42,714 - WARNING - ⚠️ 权重管理器：没有启用几何权重，使用默认全1权重
2025-08-25 02:20:42,714 - WARNING - ⚠️ 权重管理器：没有启用几何权重，使用默认全1权重
2025-08-25 02:20:42,714 - WARNING - ⚠️ 权重管理器：没有启用几何权重，使用默认全1权重
2025-08-25 02:20:42,714 - WARNING - ⚠️ 权重管理器：没有启用几何权重，使用默认全1权重
2025-08-25 02:20:42,714 - WARNING - ⚠️ 权重管理器：没有启用几何权重，使用默认全1权重
2025-08-25 02:20:42,714 - WARNING - ⚠️ 权重管理器：没有启用几何权重，使用默认全1权重
2025-08-25 02:20:42,714 - WARNING - ⚠️ 权重管理器：没有启用几何权重，使用默认全1权重
2025-08-25 02:20:42,714 - WARNING - ⚠️ 权重管理器：没有启用几何权重，使用默认全1权重
2025-08-25 02:20:42,717 - WARNING - ⚠️ 权重管理器：没有启用几何权重，使用默认全1权重
2025-08-25 02:20:42,717 - WARNING - ⚠️ 权重管理器：没有启用几何权重，使用默认全1权重
2025-08-25 02:20:42,717 - DEBUG - 🔍 权重矩阵计算成功: 形状=(21, 21)
2025-08-25 02:20:42,717 - DEBUG - 🔍 几何权重统计:
2025-08-25 02:20:42,717 - DEBUG -    权重向量: [[1.]
 [1.]
 [1.]
 [1.]
 [1.]
 [1.]
 [1.]
 [1.]
 [1.]
 [1.]
 [1.]
 [1.]
 [1.]
 [1.]
 [1.]
 [1.]
 [1.]
 [1.]
 [1.]
 [1.]
 [1.]]
2025-08-25 02:20:42,717 - DEBUG -    权重范围: [1.000000, 1.000000]
2025-08-25 02:20:42,717 - DEBUG -    权重均值: 1.000000
2025-08-25 02:20:42,717 - DEBUG -    权重标准差: 0.000000
2025-08-25 02:20:42,717 - DEBUG -    高权重点(>0.8): 21/21
2025-08-25 02:20:42,717 - DEBUG -    低权重点(<0.2): 0/21
2025-08-25 02:20:42,717 - INFO - -----------------------------------------------------------------------------------
2025-08-25 02:20:42,717 - DEBUG - 🔍 开始求解LM更新方程:
2025-08-25 02:20:42,717 - DEBUG -    数据残差: 形状=(21,), 范数=0.028618
2025-08-25 02:20:42,717 - DEBUG -    约束残差: 形状=(1,), 范数=0.000001
2025-08-25 02:20:42,717 - DEBUG - 🔍 计算数据残差雅可比矩阵 J_f: 形状=(21, 4)
2025-08-25 02:20:42,717 - DEBUG - 🔍 J_f矩阵计算完成: 条件数=7.26e+00
2025-08-25 02:20:42,717 - DEBUG - 🔍 深度约束雅可比计算: u=-7.072386, σ=0.000847, J_h=[[ 0.          0.         -0.00084749  0.        ]]
2025-08-25 02:20:42,717 - DEBUG - 🔍 半径先验雅可比: J_r=[[0. 0. 0. 1.]]
2025-08-25 02:20:42,717 - DEBUG - 🔍 使用几何权重矩阵: 形状=(21, 21)
2025-08-25 02:20:42,722 - DEBUG - 🔍 Hessian矩阵计算:
2025-08-25 02:20:42,722 - DEBUG -    H_data = J_f^T W J_f: 形状=(4, 4), 条件数=5.27e+01
2025-08-25 02:20:42,722 - DEBUG -    H_h = λ_depth J_h^T J_h: 形状=(4, 4), λ_depth=1000.0
2025-08-25 02:20:42,722 - DEBUG -    H_r = λ_radius J_r^T J_r: 形状=(4, 4), λ_radius=1.0
2025-08-25 02:20:42,722 - DEBUG -    H_total: 形状=(4, 4), 条件数=3.68e+01
2025-08-25 02:20:42,722 - DEBUG - 🔍 梯度计算:
2025-08-25 02:20:42,722 - DEBUG -    g_data: 形状=(4,), 范数=0.082045
2025-08-25 02:20:42,722 - DEBUG -    g_h: 形状=(4,), 范数=0.000001
2025-08-25 02:20:42,722 - DEBUG -    g_r: 形状=(4,), 范数=0.000000
2025-08-25 02:20:42,722 - DEBUG -    g_total: 形状=(4,), 范数=0.082045
2025-08-25 02:20:42,722 - DEBUG - 🔍 初始化LM阻尼因子: λ_LM = 0.01
2025-08-25 02:20:42,722 - DEBUG - 🔍 LM阻尼矩阵: H_lm = H_total + 0.01 * I
2025-08-25 02:20:42,722 - DEBUG -    H_lm条件数: 3.64e+01
2025-08-25 02:20:42,722 - DEBUG - 🔍 线性方程组求解成功:
2025-08-25 02:20:42,722 - DEBUG -    参数更新向量 Δθ: [[-0.00122781]
 [-0.0006013 ]
 [-0.01559391]
 [ 0.01189855]]
2025-08-25 02:20:42,722 - DEBUG -    更新向量范数: 0.019663
2025-08-25 02:20:42,722 - DEBUG -    各分量更新: Δc_x=-0.001228, Δc_y=-0.000601, Δc_z=-0.015594, Δr=0.011899
2025-08-25 02:20:42,722 - DEBUG -    参数更新:
2025-08-25 02:20:42,722 - DEBUG -      旧参数: [[-0.01330404]
 [-0.01403034]
 [ 0.60969707]
 [ 0.012     ]]
2025-08-25 02:20:42,722 - DEBUG -      更新向量: [[-0.00122781]
 [-0.0006013 ]
 [-0.01559391]
 [ 0.01189855]]
2025-08-25 02:20:42,722 - DEBUG -      新参数: [[-0.01453185]
 [-0.01463164]
 [ 0.59410315]
 [ 0.02389855]]
2025-08-25 02:20:42,722 - INFO - -----------------------------------------------------------------------------------
2025-08-25 02:20:42,722 - INFO - 🔍 迭代第0次，球心向右1.227809mm，向上0.601304mm，向前15.593914mm，半径变大11.898547mm
2025-08-25 02:20:42,722 - INFO - 📊 变化前: 中心(-0.013, -0.014, 0.610), 半径12.00mm
2025-08-25 02:20:42,722 - INFO - 📊 变化后: 中心(-0.015, -0.015, 0.594), 半径23.90mm
2025-08-25 02:20:42,722 - INFO - 📈 变化量: 中心移动1.37mm, 半径变化11.90mm
2025-08-25 02:20:42,722 - INFO - 📍 眼球中心: [-0.01330404 -0.01403034  0.60969707]
2025-08-25 02:20:42,722 - INFO - 📏 眼球半径: 12.00mm
2025-08-25 02:20:42,722 - INFO - 👁️ 瞳孔中心: [-0.012      -0.01466667  0.60000002]
2025-08-25 02:20:42,722 - INFO - 📐 眼球中心在瞳孔中心的左1.30mm，下0.64mm，后9.70mm
2025-08-25 02:20:42,722 - INFO - 📏 距离: 9.81mm
2025-08-25 02:20:42,722 - INFO - -----------------------------------------------------------------------------------
2025-08-25 02:20:42,722 - INFO - -----------------------------------------------------------------------------------
2025-08-25 02:20:42,722 - DEBUG - 🔍 参数有效性检查:
2025-08-25 02:20:42,722 - DEBUG -    参数向量: [[-0.01453185]
 [-0.01463164]
 [ 0.59410315]
 [ 0.02389855]]
2025-08-25 02:20:42,722 - DEBUG -    球心: [-0.01453185 -0.01463164  0.59410315]
2025-08-25 02:20:42,722 - DEBUG -    半径: 0.023899
2025-08-25 02:20:42,722 - DEBUG - 🔍 初始化函数值 Φ(θ): 0.000409
2025-08-25 02:20:42,722 - DEBUG - 🔍 参数有效: True
2025-08-25 02:20:42,722 - DEBUG -    参数更新成功:
2025-08-25 02:20:42,722 - DEBUG -      新球心: [-0.01453185 -0.01463164  0.59410315]
2025-08-25 02:20:42,730 - DEBUG -      新半径: 0.023899
2025-08-25 02:20:42,730 - INFO - -----------------------------------------------------------------------------------
2025-08-25 02:20:42,730 - DEBUG - 🔍 LM收敛性检查:
2025-08-25 02:20:42,730 - DEBUG -    当前迭代次数: 0
2025-08-25 02:20:42,730 - DEBUG -    最大迭代次数: 30
2025-08-25 02:20:42,730 - DEBUG -    参数变化: 0.019663
2025-08-25 02:20:42,730 - DEBUG -    参数容忍度: 5e-06
2025-08-25 02:20:42,730 - DEBUG -    残差变化: 0.000000
2025-08-25 02:20:42,730 - DEBUG -    残差容忍度: 5e-06
2025-08-25 02:20:42,730 - DEBUG - 🔍 迭代 2/30:
2025-08-25 02:20:42,730 - DEBUG - 🔍 计算点到球心距离: 形状=(21,)
2025-08-25 02:20:42,730 - DEBUG - 🔍 生理偏差向量计算:
2025-08-25 02:20:42,730 - DEBUG -    点类型列表: ['pupil_center', 'iris_boundaries', 'iris_boundaries', 'iris_boundaries', 'iris_boundaries', 'eye_contours', 'eye_contours', 'eye_contours', 'eye_contours', 'eye_contours', 'eye_contours', 'eye_contours', 'eye_contours', 'eye_contours', 'eye_contours', 'eye_contours', 'eye_contours', 'eye_contours', 'eye_contours', 'eye_contours', 'eye_contours']
2025-08-25 02:20:42,730 - DEBUG -    偏差向量: [0.0002  0.00085 0.00085 0.00085 0.00085 0.0015  0.0015  0.0015  0.0015
 0.0015  0.0015  0.0015  0.0015  0.0015  0.0015  0.0015  0.0015  0.0015
 0.0015  0.0015  0.0015 ]
2025-08-25 02:20:42,730 - DEBUG -    向量形状: (21,)
2025-08-25 02:20:42,730 - DEBUG -    偏差统计: 均值=0.001314, 标准差=0.000356
2025-08-25 02:20:42,730 - DEBUG - 获取生理偏差: 点类型=['pupil_center', 'iris_boundaries', 'iris_boundaries', 'iris_boundaries', 'iris_boundaries', 'eye_contours', 'eye_contours', 'eye_contours', 'eye_contours', 'eye_contours', 'eye_contours', 'eye_contours', 'eye_contours', 'eye_contours', 'eye_contours', 'eye_contours', 'eye_contours', 'eye_contours', 'eye_contours', 'eye_contours', 'eye_contours'], 偏差值=[0.0002  0.00085 0.00085 0.00085 0.00085 0.0015  0.0015  0.0015  0.0015
 0.0015  0.0015  0.0015  0.0015  0.0015  0.0015  0.0015  0.0015  0.0015
 0.0015  0.0015  0.0015 ]
2025-08-25 02:20:42,730 - INFO - -----------------------------------------------------------------------------------
2025-08-25 02:20:42,730 - DEBUG - 🔍 拟合残差计算详情:
2025-08-25 02:20:42,730 - DEBUG -    球心坐标: [-0.01453185 -0.01463164  0.59410315]
2025-08-25 02:20:42,730 - DEBUG -    球体半径: 0.023899
2025-08-25 02:20:42,730 - DEBUG -    采样点数: 21
2025-08-25 02:20:42,730 - DEBUG -    点类型分布: {'eye_contours': 16, 'iris_boundaries': 4, 'pupil_center': 1}
2025-08-25 02:20:42,730 - DEBUG -    理论距离向量: [0.02409855 0.02474855 0.02474855 0.02474855 0.02474855 0.02539855
 0.02539855 0.02539855 0.02539855 0.02539855 0.02539855 0.02539855
 0.02539855 0.02539855 0.02539855 0.02539855 0.02539855 0.02539855
 0.02539855 0.02539855 0.02539855]
2025-08-25 02:20:42,730 - DEBUG -    实际距离向量: [0.00641752 0.01491718 0.01119755 0.01103589 0.012226   0.02309741
 0.0191911  0.01580624 0.01192781 0.00967013 0.01368496 0.02038419
 0.02556082 0.02838536 0.0252302  0.01914027 0.01149065 0.00808875
 0.01152167 0.01644476 0.01982923]
2025-08-25 02:20:42,730 - DEBUG -    生理偏差向量: [0.0002  0.00085 0.00085 0.00085 0.00085 0.0015  0.0015  0.0015  0.0015
 0.0015  0.0015  0.0015  0.0015  0.0015  0.0015  0.0015  0.0015  0.0015
 0.0015  0.0015  0.0015 ]
2025-08-25 02:20:42,730 - DEBUG -    残差向量 f(θ): 
[[-0.01768102]
 [-0.00983137]
 [-0.013551  ]
 [-0.01371266]
 [-0.01252254]
 [-0.00230114]
 [-0.00620745]
 [-0.0095923 ]
 [-0.01347073]
 [-0.01572841]
 [-0.01171359]
 [-0.00501436]
 [ 0.00016227]
 [ 0.00298682]
 [-0.00016835]
 [-0.00625828]
 [-0.0139079 ]
 [-0.0173098 ]
 [-0.01387688]
 [-0.00895379]
 [-0.00556932]]
2025-08-25 02:20:42,738 - DEBUG -    平均残差范数: 0.002386
2025-08-25 02:20:42,738 - DEBUG -    残差范数=0.050097
2025-08-25 02:20:42,738 - INFO - -----------------------------------------------------------------------------------
2025-08-25 02:20:42,738 - DEBUG - 🔍 深度约束计算详情 (softplus):
2025-08-25 02:20:42,738 - DEBUG -    采样点Z坐标范围: [0.600000, 0.602425]
2025-08-25 02:20:42,738 - DEBUG -    球心Z坐标: 0.594103
2025-08-25 02:20:42,738 - DEBUG -    深度偏移ε: 0.000200
2025-08-25 02:20:42,738 - DEBUG -    softplus参数τ: 0.001000
2025-08-25 02:20:42,738 - DEBUG -    原始违反值: 0.008522
2025-08-25 02:20:42,738 - DEBUG -    softplus输入 u: 8.521529
2025-08-25 02:20:42,738 - DEBUG -    约束惩罚 h(θ): 0.008522
2025-08-25 02:20:42,738 - DEBUG -    🔴 深度约束被违反: 球心过浅
2025-08-25 02:20:42,738 - INFO - -----------------------------------------------------------------------------------
2025-08-25 02:20:42,738 - DEBUG - 🔍 半径惩罚计算详情:
2025-08-25 02:20:42,738 - DEBUG -    当前半径: 0.023899
2025-08-25 02:20:42,738 - DEBUG -    半径先验值: 0.012000
2025-08-25 02:20:42,738 - DEBUG -    半径残差 r(θ): 0.011899
2025-08-25 02:20:42,738 - DEBUG -    数据残差 f(θ): [[-0.01768102]
 [-0.00983137]
 [-0.013551  ]
 [-0.01371266]
 [-0.01252254]
 [-0.00230114]
 [-0.00620745]
 [-0.0095923 ]
 [-0.01347073]
 [-0.01572841]
 [-0.01171359]
 [-0.00501436]
 [ 0.00016227]
 [ 0.00298682]
 [-0.00016835]
 [-0.00625828]
 [-0.0139079 ]
 [-0.0173098 ]
 [-0.01387688]
 [-0.00895379]
 [-0.00556932]]
2025-08-25 02:20:42,738 - DEBUG -    约束残差 g(θ): [[0.00852173]]
2025-08-25 02:20:42,738 - DEBUG -    半径残差 r(θ): [[0.01189855]]
2025-08-25 02:20:42,738 - DEBUG - 🔍 状态变化计算: 参数变化=0.019663, 残差变化=0.021480
2025-08-25 02:20:42,738 - INFO - -----------------------------------------------------------------------------------
2025-08-25 02:20:42,738 - DEBUG - 🔍 权重管理器状态更新详情:
2025-08-25 02:20:42,738 - DEBUG -    当前迭代: 1
2025-08-25 02:20:42,738 - DEBUG -    参数变化: 0.019663 (阈值: 0.000005)
2025-08-25 02:20:42,738 - DEBUG -    残差变化: 0.021480 (阈值: 0.000005)
2025-08-25 02:20:42,738 - DEBUG -    几何权重因子: 10
2025-08-25 02:20:42,738 - DEBUG - ⏸️ 保持图像置信度权重: 参数变化=1.97e-02, 残差变化=2.15e-02
2025-08-25 02:20:42,738 - DEBUG - 状态已保存: 参数=[-0.01453185 -0.01463164  0.59410315  0.02389855], 残差范数=0.050097
2025-08-25 02:20:42,738 - DEBUG - 🔍 获取visibility信息: 形状=(21,), 范围=[1.000, 1.000]
2025-08-25 02:20:42,738 - DEBUG - 🔧 设置图像置信度权重: 21个点
2025-08-25 02:20:42,738 - DEBUG - 🔍 开始计算权重矩阵:
2025-08-25 02:20:42,738 - DEBUG -    点类型: ['pupil_center', 'iris_boundaries', 'iris_boundaries', 'iris_boundaries', 'iris_boundaries', 'eye_contours', 'eye_contours', 'eye_contours', 'eye_contours', 'eye_contours', 'eye_contours', 'eye_contours', 'eye_contours', 'eye_contours', 'eye_contours', 'eye_contours', 'eye_contours', 'eye_contours', 'eye_contours', 'eye_contours', 'eye_contours']
2025-08-25 02:20:42,738 - DEBUG -    残差向量: 形状=(21,), 范数=0.050097
2025-08-25 02:20:42,738 - DEBUG -    Visibility: 形状=(21,), 均值=1.000
2025-08-25 02:20:42,738 - WARNING - ⚠️ 权重管理器：没有启用几何权重，使用默认全1权重
2025-08-25 02:20:42,738 - WARNING - ⚠️ 权重管理器：没有启用几何权重，使用默认全1权重
2025-08-25 02:20:42,738 - WARNING - ⚠️ 权重管理器：没有启用几何权重，使用默认全1权重
2025-08-25 02:20:42,738 - WARNING - ⚠️ 权重管理器：没有启用几何权重，使用默认全1权重
2025-08-25 02:20:42,738 - WARNING - ⚠️ 权重管理器：没有启用几何权重，使用默认全1权重
2025-08-25 02:20:42,738 - WARNING - ⚠️ 权重管理器：没有启用几何权重，使用默认全1权重
2025-08-25 02:20:42,738 - WARNING - ⚠️ 权重管理器：没有启用几何权重，使用默认全1权重
2025-08-25 02:20:42,738 - WARNING - ⚠️ 权重管理器：没有启用几何权重，使用默认全1权重
2025-08-25 02:20:42,738 - WARNING - ⚠️ 权重管理器：没有启用几何权重，使用默认全1权重
2025-08-25 02:20:42,738 - WARNING - ⚠️ 权重管理器：没有启用几何权重，使用默认全1权重
2025-08-25 02:20:42,738 - WARNING - ⚠️ 权重管理器：没有启用几何权重，使用默认全1权重
2025-08-25 02:20:42,738 - WARNING - ⚠️ 权重管理器：没有启用几何权重，使用默认全1权重
2025-08-25 02:20:42,738 - WARNING - ⚠️ 权重管理器：没有启用几何权重，使用默认全1权重
2025-08-25 02:20:42,746 - WARNING - ⚠️ 权重管理器：没有启用几何权重，使用默认全1权重
2025-08-25 02:20:42,746 - WARNING - ⚠️ 权重管理器：没有启用几何权重，使用默认全1权重
2025-08-25 02:20:42,746 - WARNING - ⚠️ 权重管理器：没有启用几何权重，使用默认全1权重
2025-08-25 02:20:42,746 - WARNING - ⚠️ 权重管理器：没有启用几何权重，使用默认全1权重
2025-08-25 02:20:42,746 - WARNING - ⚠️ 权重管理器：没有启用几何权重，使用默认全1权重
2025-08-25 02:20:42,746 - WARNING - ⚠️ 权重管理器：没有启用几何权重，使用默认全1权重
2025-08-25 02:20:42,746 - WARNING - ⚠️ 权重管理器：没有启用几何权重，使用默认全1权重
2025-08-25 02:20:42,746 - WARNING - ⚠️ 权重管理器：没有启用几何权重，使用默认全1权重
2025-08-25 02:20:42,746 - DEBUG - 🔍 权重矩阵计算成功: 形状=(21, 21)
2025-08-25 02:20:42,746 - DEBUG - 🔍 几何权重统计:
2025-08-25 02:20:42,746 - DEBUG -    权重向量: [[1.]
 [1.]
 [1.]
 [1.]
 [1.]
 [1.]
 [1.]
 [1.]
 [1.]
 [1.]
 [1.]
 [1.]
 [1.]
 [1.]
 [1.]
 [1.]
 [1.]
 [1.]
 [1.]
 [1.]
 [1.]]
2025-08-25 02:20:42,746 - DEBUG -    权重范围: [1.000000, 1.000000]
2025-08-25 02:20:42,746 - DEBUG -    权重均值: 1.000000
2025-08-25 02:20:42,746 - DEBUG -    权重标准差: 0.000000
2025-08-25 02:20:42,746 - DEBUG -    高权重点(>0.8): 21/21
2025-08-25 02:20:42,746 - DEBUG -    低权重点(<0.2): 0/21
2025-08-25 02:20:42,746 - INFO - -----------------------------------------------------------------------------------
2025-08-25 02:20:42,746 - DEBUG - 🔍 开始求解LM更新方程:
2025-08-25 02:20:42,746 - DEBUG -    数据残差: 形状=(21,), 范数=0.050097
2025-08-25 02:20:42,746 - DEBUG -    约束残差: 形状=(1,), 范数=0.008522
2025-08-25 02:20:42,746 - DEBUG - 🔍 计算数据残差雅可比矩阵 J_f: 形状=(21, 4)
2025-08-25 02:20:42,746 - DEBUG - 🔍 J_f矩阵计算完成: 条件数=7.27e+00
2025-08-25 02:20:42,746 - DEBUG - 🔍 深度约束雅可比计算: u=8.521529, σ=0.999801, J_h=[[ 0.         0.        -0.9998009  0.       ]]
2025-08-25 02:20:42,746 - DEBUG - 🔍 半径先验雅可比: J_r=[[0. 0. 0. 1.]]
2025-08-25 02:20:42,746 - DEBUG - 🔍 使用几何权重矩阵: 形状=(21, 21)
2025-08-25 02:20:42,746 - DEBUG - 🔍 Hessian矩阵计算:
2025-08-25 02:20:42,746 - DEBUG -    H_data = J_f^T W J_f: 形状=(4, 4), 条件数=5.29e+01
2025-08-25 02:20:42,746 - DEBUG -    H_h = λ_depth J_h^T J_h: 形状=(4, 4), λ_depth=1000.0
2025-08-25 02:20:42,746 - DEBUG -    H_r = λ_radius J_r^T J_r: 形状=(4, 4), λ_radius=1.0
2025-08-25 02:20:42,746 - DEBUG -    H_total: 形状=(4, 4), 条件数=3.52e+02
2025-08-25 02:20:42,746 - DEBUG - 🔍 梯度计算:
2025-08-25 02:20:42,746 - DEBUG -    g_data: 形状=(4,), 范数=0.226694
2025-08-25 02:20:42,746 - DEBUG -    g_h: 形状=(4,), 范数=8.520031
2025-08-25 02:20:42,746 - DEBUG -    g_r: 形状=(4,), 范数=0.011899
2025-08-25 02:20:42,746 - DEBUG -    g_total: 形状=(4,), 范数=8.638536
2025-08-25 02:20:42,746 - DEBUG - 🔍 LM阻尼矩阵: H_lm = H_total + 0.01 * I
2025-08-25 02:20:42,746 - DEBUG -    H_lm条件数: 3.51e+02
2025-08-25 02:20:42,746 - DEBUG - 🔍 线性方程组求解成功:
2025-08-25 02:20:42,755 - DEBUG -    参数更新向量 Δθ: [[-0.00147796]
 [-0.00117981]
 [ 0.00853373]
 [-0.0055445 ]]
2025-08-25 02:20:42,755 - DEBUG -    更新向量范数: 0.010351
2025-08-25 02:20:42,755 - DEBUG -    各分量更新: Δc_x=-0.001478, Δc_y=-0.001180, Δc_z=0.008534, Δr=-0.005544
2025-08-25 02:20:42,755 - DEBUG -    参数更新:
2025-08-25 02:20:42,755 - DEBUG -      旧参数: [[-0.01453185]
 [-0.01463164]
 [ 0.59410315]
 [ 0.02389855]]
2025-08-25 02:20:42,755 - DEBUG -      更新向量: [[-0.00147796]
 [-0.00117981]
 [ 0.00853373]
 [-0.0055445 ]]
2025-08-25 02:20:42,755 - DEBUG -      新参数: [[-0.01600982]
 [-0.01581145]
 [ 0.60263688]
 [ 0.01835405]]
2025-08-25 02:20:42,755 - INFO - -----------------------------------------------------------------------------------
2025-08-25 02:20:42,755 - INFO - 🔍 迭代第1次，球心向右1.477964mm，向上1.179807mm，向后8.533730mm，半径变小5.544499mm
2025-08-25 02:20:42,755 - INFO - 📊 变化前: 中心(-0.015, -0.015, 0.594), 半径23.90mm
2025-08-25 02:20:42,755 - INFO - 📊 变化后: 中心(-0.016, -0.016, 0.603), 半径18.35mm
2025-08-25 02:20:42,755 - INFO - 📈 变化量: 中心移动1.89mm, 半径变化5.54mm
2025-08-25 02:20:42,755 - INFO - 📍 眼球中心: [-0.01453185 -0.01463164  0.59410315]
2025-08-25 02:20:42,755 - INFO - 📏 眼球半径: 23.90mm
2025-08-25 02:20:42,755 - INFO - 👁️ 瞳孔中心: [-0.012      -0.01466667  0.60000002]
2025-08-25 02:20:42,755 - INFO - 📐 眼球中心在瞳孔中心的左2.53mm，下0.04mm，前5.90mm
2025-08-25 02:20:42,755 - INFO - 📏 距离: 6.42mm
2025-08-25 02:20:42,755 - INFO - -----------------------------------------------------------------------------------
2025-08-25 02:20:42,755 - INFO - -----------------------------------------------------------------------------------
2025-08-25 02:20:42,755 - DEBUG - 🔍 参数有效性检查:
2025-08-25 02:20:42,755 - DEBUG -    参数向量: [[-0.01600982]
 [-0.01581145]
 [ 0.60263688]
 [ 0.01835405]]
2025-08-25 02:20:42,755 - DEBUG -    球心: [-0.01600982 -0.01581145  0.60263688]
2025-08-25 02:20:42,755 - DEBUG -    半径: 0.018354
2025-08-25 02:20:42,755 - DEBUG - 🔍 函数值计算详情:
2025-08-25 02:20:42,755 - DEBUG -    数据项 F(θ): 0.001255
2025-08-25 02:20:42,755 - DEBUG -    深度约束项: 0.036310
2025-08-25 02:20:42,755 - DEBUG -    半径先验项: 0.000071
2025-08-25 02:20:42,755 - DEBUG -    总函数值 Φ(θ): 0.037636
2025-08-25 02:20:42,755 - DEBUG -    函数值改善: -0.037226
2025-08-25 02:20:42,755 - DEBUG - 🔍 参数有效: False
2025-08-25 02:20:42,755 - DEBUG -    参数无效，阻尼因子调整: λ_LM = 1.00e-01
2025-08-25 02:20:42,755 - DEBUG - 🔍 迭代 3/30:
2025-08-25 02:20:42,755 - DEBUG - 🔍 计算点到球心距离: 形状=(21,)
2025-08-25 02:20:42,755 - DEBUG - 🔍 生理偏差向量计算:
2025-08-25 02:20:42,755 - DEBUG -    点类型列表: ['pupil_center', 'iris_boundaries', 'iris_boundaries', 'iris_boundaries', 'iris_boundaries', 'eye_contours', 'eye_contours', 'eye_contours', 'eye_contours', 'eye_contours', 'eye_contours', 'eye_contours', 'eye_contours', 'eye_contours', 'eye_contours', 'eye_contours', 'eye_contours', 'eye_contours', 'eye_contours', 'eye_contours', 'eye_contours']
2025-08-25 02:20:42,755 - DEBUG -    偏差向量: [0.0002  0.00085 0.00085 0.00085 0.00085 0.0015  0.0015  0.0015  0.0015
 0.0015  0.0015  0.0015  0.0015  0.0015  0.0015  0.0015  0.0015  0.0015
 0.0015  0.0015  0.0015 ]
2025-08-25 02:20:42,755 - DEBUG -    向量形状: (21,)
2025-08-25 02:20:42,755 - DEBUG -    偏差统计: 均值=0.001314, 标准差=0.000356
2025-08-25 02:20:42,755 - DEBUG - 获取生理偏差: 点类型=['pupil_center', 'iris_boundaries', 'iris_boundaries', 'iris_boundaries', 'iris_boundaries', 'eye_contours', 'eye_contours', 'eye_contours', 'eye_contours', 'eye_contours', 'eye_contours', 'eye_contours', 'eye_contours', 'eye_contours', 'eye_contours', 'eye_contours', 'eye_contours', 'eye_contours', 'eye_contours', 'eye_contours', 'eye_contours'], 偏差值=[0.0002  0.00085 0.00085 0.00085 0.00085 0.0015  0.0015  0.0015  0.0015
 0.0015  0.0015  0.0015  0.0015  0.0015  0.0015  0.0015  0.0015  0.0015
 0.0015  0.0015  0.0015 ]
2025-08-25 02:20:42,755 - INFO - -----------------------------------------------------------------------------------
2025-08-25 02:20:42,755 - DEBUG - 🔍 拟合残差计算详情:
2025-08-25 02:20:42,755 - DEBUG -    球心坐标: [-0.01453185 -0.01463164  0.59410315]
2025-08-25 02:20:42,755 - DEBUG -    球体半径: 0.023899
2025-08-25 02:20:42,755 - DEBUG -    采样点数: 21
2025-08-25 02:20:42,755 - DEBUG -    点类型分布: {'eye_contours': 16, 'iris_boundaries': 4, 'pupil_center': 1}
2025-08-25 02:20:42,755 - DEBUG -    理论距离向量: [0.02409855 0.02474855 0.02474855 0.02474855 0.02474855 0.02539855
 0.02539855 0.02539855 0.02539855 0.02539855 0.02539855 0.02539855
 0.02539855 0.02539855 0.02539855 0.02539855 0.02539855 0.02539855
 0.02539855 0.02539855 0.02539855]
2025-08-25 02:20:42,755 - DEBUG -    实际距离向量: [0.00641752 0.01491718 0.01119755 0.01103589 0.012226   0.02309741
 0.0191911  0.01580624 0.01192781 0.00967013 0.01368496 0.02038419
 0.02556082 0.02838536 0.0252302  0.01914027 0.01149065 0.00808875
 0.01152167 0.01644476 0.01982923]
2025-08-25 02:20:42,763 - DEBUG -    生理偏差向量: [0.0002  0.00085 0.00085 0.00085 0.00085 0.0015  0.0015  0.0015  0.0015
 0.0015  0.0015  0.0015  0.0015  0.0015  0.0015  0.0015  0.0015  0.0015
 0.0015  0.0015  0.0015 ]
2025-08-25 02:20:42,764 - DEBUG -    残差向量 f(θ): 
[[-0.01768102]
 [-0.00983137]
 [-0.013551  ]
 [-0.01371266]
 [-0.01252254]
 [-0.00230114]
 [-0.00620745]
 [-0.0095923 ]
 [-0.01347073]
 [-0.01572841]
 [-0.01171359]
 [-0.00501436]
 [ 0.00016227]
 [ 0.00298682]
 [-0.00016835]
 [-0.00625828]
 [-0.0139079 ]
 [-0.0173098 ]
 [-0.01387688]
 [-0.00895379]
 [-0.00556932]]
2025-08-25 02:20:42,764 - DEBUG -    平均残差范数: 0.002386
2025-08-25 02:20:42,764 - DEBUG -    残差范数=0.050097
2025-08-25 02:20:42,764 - INFO - -----------------------------------------------------------------------------------
2025-08-25 02:20:42,764 - DEBUG - 🔍 深度约束计算详情 (softplus):
2025-08-25 02:20:42,764 - DEBUG -    采样点Z坐标范围: [0.600000, 0.602425]
2025-08-25 02:20:42,764 - DEBUG -    球心Z坐标: 0.594103
2025-08-25 02:20:42,764 - DEBUG -    深度偏移ε: 0.000200
2025-08-25 02:20:42,764 - DEBUG -    softplus参数τ: 0.001000
2025-08-25 02:20:42,764 - DEBUG -    原始违反值: 0.008522
2025-08-25 02:20:42,764 - DEBUG -    softplus输入 u: 8.521529
2025-08-25 02:20:42,764 - DEBUG -    约束惩罚 h(θ): 0.008522
2025-08-25 02:20:42,764 - DEBUG -    🔴 深度约束被违反: 球心过浅
2025-08-25 02:20:42,764 - INFO - -----------------------------------------------------------------------------------
2025-08-25 02:20:42,764 - DEBUG - 🔍 半径惩罚计算详情:
2025-08-25 02:20:42,764 - DEBUG -    当前半径: 0.023899
2025-08-25 02:20:42,764 - DEBUG -    半径先验值: 0.012000
2025-08-25 02:20:42,764 - DEBUG -    半径残差 r(θ): 0.011899
2025-08-25 02:20:42,764 - DEBUG -    数据残差 f(θ): [[-0.01768102]
 [-0.00983137]
 [-0.013551  ]
 [-0.01371266]
 [-0.01252254]
 [-0.00230114]
 [-0.00620745]
 [-0.0095923 ]
 [-0.01347073]
 [-0.01572841]
 [-0.01171359]
 [-0.00501436]
 [ 0.00016227]
 [ 0.00298682]
 [-0.00016835]
 [-0.00625828]
 [-0.0139079 ]
 [-0.0173098 ]
 [-0.01387688]
 [-0.00895379]
 [-0.00556932]]
2025-08-25 02:20:42,764 - DEBUG -    约束残差 g(θ): [[0.00852173]]
2025-08-25 02:20:42,764 - DEBUG -    半径残差 r(θ): [[0.01189855]]
2025-08-25 02:20:42,764 - DEBUG - 🔍 状态变化计算: 参数变化=0.000000, 残差变化=0.000000
2025-08-25 02:20:42,764 - INFO - -----------------------------------------------------------------------------------
2025-08-25 02:20:42,764 - DEBUG - 🔍 权重管理器状态更新详情:
2025-08-25 02:20:42,764 - DEBUG -    当前迭代: 2
2025-08-25 02:20:42,764 - DEBUG -    参数变化: 0.000000 (阈值: 0.000005)
2025-08-25 02:20:42,764 - DEBUG -    残差变化: 0.000000 (阈值: 0.000005)
2025-08-25 02:20:42,764 - DEBUG -    几何权重因子: 10
2025-08-25 02:20:42,764 - DEBUG - ⏸️ 保持图像置信度权重: 参数变化=0.00e+00, 残差变化=0.00e+00
2025-08-25 02:20:42,764 - DEBUG - 状态已保存: 参数=[-0.01453185 -0.01463164  0.59410315  0.02389855], 残差范数=0.050097
2025-08-25 02:20:42,764 - DEBUG - 🔍 获取visibility信息: 形状=(21,), 范围=[1.000, 1.000]
2025-08-25 02:20:42,764 - DEBUG - 🔧 设置图像置信度权重: 21个点
2025-08-25 02:20:42,764 - DEBUG - 🔍 开始计算权重矩阵:
2025-08-25 02:20:42,764 - DEBUG -    点类型: ['pupil_center', 'iris_boundaries', 'iris_boundaries', 'iris_boundaries', 'iris_boundaries', 'eye_contours', 'eye_contours', 'eye_contours', 'eye_contours', 'eye_contours', 'eye_contours', 'eye_contours', 'eye_contours', 'eye_contours', 'eye_contours', 'eye_contours', 'eye_contours', 'eye_contours', 'eye_contours', 'eye_contours', 'eye_contours']
2025-08-25 02:20:42,764 - DEBUG -    残差向量: 形状=(21,), 范数=0.050097
2025-08-25 02:20:42,764 - DEBUG -    Visibility: 形状=(21,), 均值=1.000
2025-08-25 02:20:42,764 - WARNING - ⚠️ 权重管理器：没有启用几何权重，使用默认全1权重
2025-08-25 02:20:42,764 - WARNING - ⚠️ 权重管理器：没有启用几何权重，使用默认全1权重
2025-08-25 02:20:42,764 - WARNING - ⚠️ 权重管理器：没有启用几何权重，使用默认全1权重
2025-08-25 02:20:42,764 - WARNING - ⚠️ 权重管理器：没有启用几何权重，使用默认全1权重
2025-08-25 02:20:42,764 - WARNING - ⚠️ 权重管理器：没有启用几何权重，使用默认全1权重
2025-08-25 02:20:42,764 - WARNING - ⚠️ 权重管理器：没有启用几何权重，使用默认全1权重
2025-08-25 02:20:42,764 - WARNING - ⚠️ 权重管理器：没有启用几何权重，使用默认全1权重
2025-08-25 02:20:42,764 - WARNING - ⚠️ 权重管理器：没有启用几何权重，使用默认全1权重
2025-08-25 02:20:42,771 - WARNING - ⚠️ 权重管理器：没有启用几何权重，使用默认全1权重
2025-08-25 02:20:42,771 - WARNING - ⚠️ 权重管理器：没有启用几何权重，使用默认全1权重
2025-08-25 02:20:42,771 - WARNING - ⚠️ 权重管理器：没有启用几何权重，使用默认全1权重
2025-08-25 02:20:42,771 - WARNING - ⚠️ 权重管理器：没有启用几何权重，使用默认全1权重
2025-08-25 02:20:42,771 - WARNING - ⚠️ 权重管理器：没有启用几何权重，使用默认全1权重
2025-08-25 02:20:42,771 - WARNING - ⚠️ 权重管理器：没有启用几何权重，使用默认全1权重
2025-08-25 02:20:42,771 - WARNING - ⚠️ 权重管理器：没有启用几何权重，使用默认全1权重
2025-08-25 02:20:42,771 - WARNING - ⚠️ 权重管理器：没有启用几何权重，使用默认全1权重
2025-08-25 02:20:42,771 - WARNING - ⚠️ 权重管理器：没有启用几何权重，使用默认全1权重
2025-08-25 02:20:42,771 - WARNING - ⚠️ 权重管理器：没有启用几何权重，使用默认全1权重
2025-08-25 02:20:42,771 - WARNING - ⚠️ 权重管理器：没有启用几何权重，使用默认全1权重
2025-08-25 02:20:42,771 - WARNING - ⚠️ 权重管理器：没有启用几何权重，使用默认全1权重
2025-08-25 02:20:42,771 - WARNING - ⚠️ 权重管理器：没有启用几何权重，使用默认全1权重
2025-08-25 02:20:42,771 - DEBUG - 🔍 权重矩阵计算成功: 形状=(21, 21)
2025-08-25 02:20:42,771 - DEBUG - 🔍 几何权重统计:
2025-08-25 02:20:42,771 - DEBUG -    权重向量: [[1.]
 [1.]
 [1.]
 [1.]
 [1.]
 [1.]
 [1.]
 [1.]
 [1.]
 [1.]
 [1.]
 [1.]
 [1.]
 [1.]
 [1.]
 [1.]
 [1.]
 [1.]
 [1.]
 [1.]
 [1.]]
2025-08-25 02:20:42,771 - DEBUG -    权重范围: [1.000000, 1.000000]
2025-08-25 02:20:42,771 - DEBUG -    权重均值: 1.000000
2025-08-25 02:20:42,771 - DEBUG -    权重标准差: 0.000000
2025-08-25 02:20:42,771 - DEBUG -    高权重点(>0.8): 21/21
2025-08-25 02:20:42,771 - DEBUG -    低权重点(<0.2): 0/21
2025-08-25 02:20:42,771 - INFO - -----------------------------------------------------------------------------------
2025-08-25 02:20:42,771 - DEBUG - 🔍 开始求解LM更新方程:
2025-08-25 02:20:42,771 - DEBUG -    数据残差: 形状=(21,), 范数=0.050097
2025-08-25 02:20:42,771 - DEBUG -    约束残差: 形状=(1,), 范数=0.008522
2025-08-25 02:20:42,771 - DEBUG - 🔍 计算数据残差雅可比矩阵 J_f: 形状=(21, 4)
2025-08-25 02:20:42,771 - DEBUG - 🔍 J_f矩阵计算完成: 条件数=7.27e+00
2025-08-25 02:20:42,771 - DEBUG - 🔍 深度约束雅可比计算: u=8.521529, σ=0.999801, J_h=[[ 0.         0.        -0.9998009  0.       ]]
2025-08-25 02:20:42,771 - DEBUG - 🔍 半径先验雅可比: J_r=[[0. 0. 0. 1.]]
2025-08-25 02:20:42,771 - DEBUG - 🔍 使用几何权重矩阵: 形状=(21, 21)
2025-08-25 02:20:42,771 - DEBUG - 🔍 Hessian矩阵计算:
2025-08-25 02:20:42,771 - DEBUG -    H_data = J_f^T W J_f: 形状=(4, 4), 条件数=5.29e+01
2025-08-25 02:20:42,771 - DEBUG -    H_h = λ_depth J_h^T J_h: 形状=(4, 4), λ_depth=1000.0
2025-08-25 02:20:42,771 - DEBUG -    H_r = λ_radius J_r^T J_r: 形状=(4, 4), λ_radius=1.0
2025-08-25 02:20:42,771 - DEBUG -    H_total: 形状=(4, 4), 条件数=3.52e+02
2025-08-25 02:20:42,771 - DEBUG - 🔍 梯度计算:
2025-08-25 02:20:42,771 - DEBUG -    g_data: 形状=(4,), 范数=0.226694
2025-08-25 02:20:42,771 - DEBUG -    g_h: 形状=(4,), 范数=8.520031
2025-08-25 02:20:42,771 - DEBUG -    g_r: 形状=(4,), 范数=0.011899
2025-08-25 02:20:42,771 - DEBUG -    g_total: 形状=(4,), 范数=8.638536
2025-08-25 02:20:42,771 - DEBUG - 🔍 LM阻尼矩阵: H_lm = H_total + 0.1 * I
2025-08-25 02:20:42,771 - DEBUG -    H_lm条件数: 3.41e+02
2025-08-25 02:20:42,771 - DEBUG - 🔍 线性方程组求解成功:
2025-08-25 02:20:42,771 - DEBUG -    参数更新向量 Δθ: [[-0.00146256]
 [-0.00112907]
 [ 0.00853321]
 [-0.00551714]]
2025-08-25 02:20:42,771 - DEBUG -    更新向量范数: 0.010328
2025-08-25 02:20:42,771 - DEBUG -    各分量更新: Δc_x=-0.001463, Δc_y=-0.001129, Δc_z=0.008533, Δr=-0.005517
2025-08-25 02:20:42,771 - DEBUG -    参数更新:
2025-08-25 02:20:42,771 - DEBUG -      旧参数: [[-0.01453185]
 [-0.01463164]
 [ 0.59410315]
 [ 0.02389855]]
2025-08-25 02:20:42,771 - DEBUG -      更新向量: [[-0.00146256]
 [-0.00112907]
 [ 0.00853321]
 [-0.00551714]]
2025-08-25 02:20:42,771 - DEBUG -      新参数: [[-0.01599441]
 [-0.01576071]
 [ 0.60263637]
 [ 0.01838141]]
2025-08-25 02:20:42,771 - INFO - -----------------------------------------------------------------------------------
2025-08-25 02:20:42,780 - INFO - 🔍 迭代第2次，球心向右1.462555mm，向上1.129069mm，向后8.533213mm，半径变小5.517137mm
2025-08-25 02:20:42,780 - INFO - 📊 变化前: 中心(-0.015, -0.015, 0.594), 半径23.90mm
2025-08-25 02:20:42,780 - INFO - 📊 变化后: 中心(-0.016, -0.016, 0.603), 半径18.38mm
2025-08-25 02:20:42,781 - INFO - 📈 变化量: 中心移动1.85mm, 半径变化5.52mm
2025-08-25 02:20:42,781 - INFO - 📍 眼球中心: [-0.01453185 -0.01463164  0.59410315]
2025-08-25 02:20:42,781 - INFO - 📏 眼球半径: 23.90mm
2025-08-25 02:20:42,781 - INFO - 👁️ 瞳孔中心: [-0.012      -0.01466667  0.60000002]
2025-08-25 02:20:42,781 - INFO - 📐 眼球中心在瞳孔中心的左2.53mm，下0.04mm，前5.90mm
2025-08-25 02:20:42,781 - INFO - 📏 距离: 6.42mm
2025-08-25 02:20:42,781 - INFO - -----------------------------------------------------------------------------------
2025-08-25 02:20:42,781 - INFO - -----------------------------------------------------------------------------------
2025-08-25 02:20:42,781 - DEBUG - 🔍 参数有效性检查:
2025-08-25 02:20:42,781 - DEBUG -    参数向量: [[-0.01599441]
 [-0.01576071]
 [ 0.60263637]
 [ 0.01838141]]
2025-08-25 02:20:42,781 - DEBUG -    球心: [-0.01599441 -0.01576071  0.60263637]
2025-08-25 02:20:42,781 - DEBUG -    半径: 0.018381
2025-08-25 02:20:42,781 - DEBUG - 🔍 函数值计算详情:
2025-08-25 02:20:42,781 - DEBUG -    数据项 F(θ): 0.001255
2025-08-25 02:20:42,781 - DEBUG -    深度约束项: 0.036310
2025-08-25 02:20:42,781 - DEBUG -    半径先验项: 0.000071
2025-08-25 02:20:42,781 - DEBUG -    总函数值 Φ(θ): 0.037636
2025-08-25 02:20:42,781 - DEBUG -    函数值改善: 0.000000
2025-08-25 02:20:42,781 - DEBUG - 🔍 参数有效: True
2025-08-25 02:20:42,781 - DEBUG -    参数更新成功:
2025-08-25 02:20:42,781 - DEBUG -      新球心: [-0.01599441 -0.01576071  0.60263637]
2025-08-25 02:20:42,781 - DEBUG -      新半径: 0.018381
2025-08-25 02:20:42,781 - INFO - -----------------------------------------------------------------------------------
2025-08-25 02:20:42,781 - DEBUG - 🔍 LM收敛性检查:
2025-08-25 02:20:42,787 - DEBUG -    当前迭代次数: 2
2025-08-25 02:20:42,787 - DEBUG -    最大迭代次数: 30
2025-08-25 02:20:42,787 - DEBUG -    参数变化: 0.010328
2025-08-25 02:20:42,787 - DEBUG -    参数容忍度: 5e-06
2025-08-25 02:20:42,787 - DEBUG -    残差变化: 0.000000
2025-08-25 02:20:42,787 - DEBUG -    残差容忍度: 5e-06
2025-08-25 02:20:42,787 - DEBUG - 🔍 迭代 4/30:
2025-08-25 02:20:42,787 - DEBUG - 🔍 计算点到球心距离: 形状=(21,)
2025-08-25 02:20:42,787 - DEBUG - 🔍 生理偏差向量计算:
2025-08-25 02:20:42,787 - DEBUG -    点类型列表: ['pupil_center', 'iris_boundaries', 'iris_boundaries', 'iris_boundaries', 'iris_boundaries', 'eye_contours', 'eye_contours', 'eye_contours', 'eye_contours', 'eye_contours', 'eye_contours', 'eye_contours', 'eye_contours', 'eye_contours', 'eye_contours', 'eye_contours', 'eye_contours', 'eye_contours', 'eye_contours', 'eye_contours', 'eye_contours']
2025-08-25 02:20:42,787 - DEBUG -    偏差向量: [0.0002  0.00085 0.00085 0.00085 0.00085 0.0015  0.0015  0.0015  0.0015
 0.0015  0.0015  0.0015  0.0015  0.0015  0.0015  0.0015  0.0015  0.0015
 0.0015  0.0015  0.0015 ]
2025-08-25 02:20:42,787 - DEBUG -    向量形状: (21,)
2025-08-25 02:20:42,787 - DEBUG -    偏差统计: 均值=0.001314, 标准差=0.000356
2025-08-25 02:20:42,787 - DEBUG - 获取生理偏差: 点类型=['pupil_center', 'iris_boundaries', 'iris_boundaries', 'iris_boundaries', 'iris_boundaries', 'eye_contours', 'eye_contours', 'eye_contours', 'eye_contours', 'eye_contours', 'eye_contours', 'eye_contours', 'eye_contours', 'eye_contours', 'eye_contours', 'eye_contours', 'eye_contours', 'eye_contours', 'eye_contours', 'eye_contours', 'eye_contours'], 偏差值=[0.0002  0.00085 0.00085 0.00085 0.00085 0.0015  0.0015  0.0015  0.0015
 0.0015  0.0015  0.0015  0.0015  0.0015  0.0015  0.0015  0.0015  0.0015
 0.0015  0.0015  0.0015 ]
2025-08-25 02:20:42,787 - INFO - -----------------------------------------------------------------------------------
2025-08-25 02:20:42,787 - DEBUG - 🔍 拟合残差计算详情:
2025-08-25 02:20:42,787 - DEBUG -    球心坐标: [-0.01599441 -0.01576071  0.60263637]
2025-08-25 02:20:42,787 - DEBUG -    球体半径: 0.018381
2025-08-25 02:20:42,787 - DEBUG -    采样点数: 21
2025-08-25 02:20:42,787 - DEBUG -    点类型分布: {'eye_contours': 16, 'iris_boundaries': 4, 'pupil_center': 1}
2025-08-25 02:20:42,787 - DEBUG -    理论距离向量: [0.01858141 0.01923141 0.01923141 0.01923141 0.01923141 0.01988141
 0.01988141 0.01988141 0.01988141 0.01988141 0.01988141 0.01988141
 0.01988141 0.01988141 0.01988141 0.01988141 0.01988141 0.01988141
 0.01988141 0.01988141 0.01988141]
2025-08-25 02:20:42,787 - DEBUG -    实际距离向量: [0.00490943 0.01464603 0.00869938 0.00717048 0.01195606 0.02027159
 0.01683866 0.01343359 0.00964163 0.00875083 0.0139969  0.02108337
 0.02635468 0.02915098 0.02589479 0.01934603 0.01071049 0.00380326
 0.00786588 0.01346406 0.01715323]
2025-08-25 02:20:42,787 - DEBUG -    生理偏差向量: [0.0002  0.00085 0.00085 0.00085 0.00085 0.0015  0.0015  0.0015  0.0015
 0.0015  0.0015  0.0015  0.0015  0.0015  0.0015  0.0015  0.0015  0.0015
 0.0015  0.0015  0.0015 ]
2025-08-25 02:20:42,787 - DEBUG -    残差向量 f(θ): 
[[-0.01367198]
 [-0.00458538]
 [-0.01053203]
 [-0.01206093]
 [-0.00727535]
 [ 0.00039019]
 [-0.00304275]
 [-0.00644782]
 [-0.01023978]
 [-0.01113057]
 [-0.00588451]
 [ 0.00120196]
 [ 0.00647327]
 [ 0.00926957]
 [ 0.00601338]
 [-0.00053538]
 [-0.00917092]
 [-0.01607815]
 [-0.01201553]
 [-0.00641735]
 [-0.00272818]]
2025-08-25 02:20:42,787 - DEBUG -    平均残差范数: 0.001864
2025-08-25 02:20:42,787 - DEBUG -    残差范数=0.039153
2025-08-25 02:20:42,787 - INFO - -----------------------------------------------------------------------------------
2025-08-25 02:20:42,787 - DEBUG - 🔍 深度约束计算详情 (softplus):
2025-08-25 02:20:42,787 - DEBUG -    采样点Z坐标范围: [0.600000, 0.602425]
2025-08-25 02:20:42,787 - DEBUG -    球心Z坐标: 0.602636
2025-08-25 02:20:42,787 - DEBUG -    深度偏移ε: 0.000200
2025-08-25 02:20:42,787 - DEBUG -    softplus参数τ: 0.001000
2025-08-25 02:20:42,787 - DEBUG -    原始违反值: -0.000012
2025-08-25 02:20:42,787 - DEBUG -    softplus输入 u: -0.011684
2025-08-25 02:20:42,787 - DEBUG -    约束惩罚 h(θ): 0.000687
2025-08-25 02:20:42,787 - DEBUG -    🟢 深度约束满足: 球心深度足够
2025-08-25 02:20:42,787 - INFO - -----------------------------------------------------------------------------------
2025-08-25 02:20:42,787 - DEBUG - 🔍 半径惩罚计算详情:
2025-08-25 02:20:42,787 - DEBUG -    当前半径: 0.018381
2025-08-25 02:20:42,787 - DEBUG -    半径先验值: 0.012000
2025-08-25 02:20:42,787 - DEBUG -    半径残差 r(θ): 0.006381
2025-08-25 02:20:42,787 - DEBUG -    数据残差 f(θ): [[-0.01367198]
 [-0.00458538]
 [-0.01053203]
 [-0.01206093]
 [-0.00727535]
 [ 0.00039019]
 [-0.00304275]
 [-0.00644782]
 [-0.01023978]
 [-0.01113057]
 [-0.00588451]
 [ 0.00120196]
 [ 0.00647327]
 [ 0.00926957]
 [ 0.00601338]
 [-0.00053538]
 [-0.00917092]
 [-0.01607815]
 [-0.01201553]
 [-0.00641735]
 [-0.00272818]]
2025-08-25 02:20:42,787 - DEBUG -    约束残差 g(θ): [[0.00068732]]
2025-08-25 02:20:42,787 - DEBUG -    半径残差 r(θ): [[0.00638141]]
2025-08-25 02:20:42,787 - DEBUG - 🔍 状态变化计算: 参数变化=0.010328, 残差变化=0.010944
2025-08-25 02:20:42,787 - INFO - -----------------------------------------------------------------------------------
2025-08-25 02:20:42,795 - DEBUG - 🔍 权重管理器状态更新详情:
2025-08-25 02:20:42,796 - DEBUG -    当前迭代: 3
2025-08-25 02:20:42,796 - DEBUG -    参数变化: 0.010328 (阈值: 0.000005)
2025-08-25 02:20:42,796 - DEBUG -    残差变化: 0.010944 (阈值: 0.000005)
2025-08-25 02:20:42,798 - DEBUG -    几何权重因子: 10
2025-08-25 02:20:42,798 - DEBUG - ⏸️ 保持图像置信度权重: 参数变化=1.03e-02, 残差变化=1.09e-02
2025-08-25 02:20:42,798 - DEBUG - 状态已保存: 参数=[-0.01599441 -0.01576071  0.60263637  0.01838141], 残差范数=0.039153
2025-08-25 02:20:42,798 - DEBUG - 🔍 获取visibility信息: 形状=(21,), 范围=[1.000, 1.000]
2025-08-25 02:20:42,798 - DEBUG - 🔧 设置图像置信度权重: 21个点
2025-08-25 02:20:42,798 - DEBUG - 🔍 开始计算权重矩阵:
2025-08-25 02:20:42,798 - DEBUG -    点类型: ['pupil_center', 'iris_boundaries', 'iris_boundaries', 'iris_boundaries', 'iris_boundaries', 'eye_contours', 'eye_contours', 'eye_contours', 'eye_contours', 'eye_contours', 'eye_contours', 'eye_contours', 'eye_contours', 'eye_contours', 'eye_contours', 'eye_contours', 'eye_contours', 'eye_contours', 'eye_contours', 'eye_contours', 'eye_contours']
2025-08-25 02:20:42,798 - DEBUG -    残差向量: 形状=(21,), 范数=0.039153
2025-08-25 02:20:42,798 - DEBUG -    Visibility: 形状=(21,), 均值=1.000
2025-08-25 02:20:42,798 - WARNING - ⚠️ 权重管理器：没有启用几何权重，使用默认全1权重
2025-08-25 02:20:42,798 - WARNING - ⚠️ 权重管理器：没有启用几何权重，使用默认全1权重
2025-08-25 02:20:42,798 - WARNING - ⚠️ 权重管理器：没有启用几何权重，使用默认全1权重
2025-08-25 02:20:42,798 - WARNING - ⚠️ 权重管理器：没有启用几何权重，使用默认全1权重
2025-08-25 02:20:42,798 - WARNING - ⚠️ 权重管理器：没有启用几何权重，使用默认全1权重
2025-08-25 02:20:42,798 - WARNING - ⚠️ 权重管理器：没有启用几何权重，使用默认全1权重
2025-08-25 02:20:42,798 - WARNING - ⚠️ 权重管理器：没有启用几何权重，使用默认全1权重
2025-08-25 02:20:42,798 - WARNING - ⚠️ 权重管理器：没有启用几何权重，使用默认全1权重
2025-08-25 02:20:42,798 - WARNING - ⚠️ 权重管理器：没有启用几何权重，使用默认全1权重
2025-08-25 02:20:42,798 - WARNING - ⚠️ 权重管理器：没有启用几何权重，使用默认全1权重
2025-08-25 02:20:42,798 - WARNING - ⚠️ 权重管理器：没有启用几何权重，使用默认全1权重
2025-08-25 02:20:42,798 - WARNING - ⚠️ 权重管理器：没有启用几何权重，使用默认全1权重
2025-08-25 02:20:42,798 - WARNING - ⚠️ 权重管理器：没有启用几何权重，使用默认全1权重
2025-08-25 02:20:42,798 - WARNING - ⚠️ 权重管理器：没有启用几何权重，使用默认全1权重
2025-08-25 02:20:42,798 - WARNING - ⚠️ 权重管理器：没有启用几何权重，使用默认全1权重
2025-08-25 02:20:42,798 - WARNING - ⚠️ 权重管理器：没有启用几何权重，使用默认全1权重
2025-08-25 02:20:42,798 - WARNING - ⚠️ 权重管理器：没有启用几何权重，使用默认全1权重
2025-08-25 02:20:42,798 - WARNING - ⚠️ 权重管理器：没有启用几何权重，使用默认全1权重
2025-08-25 02:20:42,798 - WARNING - ⚠️ 权重管理器：没有启用几何权重，使用默认全1权重
2025-08-25 02:20:42,798 - WARNING - ⚠️ 权重管理器：没有启用几何权重，使用默认全1权重
2025-08-25 02:20:42,798 - WARNING - ⚠️ 权重管理器：没有启用几何权重，使用默认全1权重
2025-08-25 02:20:42,803 - DEBUG - 🔍 权重矩阵计算成功: 形状=(21, 21)
2025-08-25 02:20:42,803 - DEBUG - 🔍 几何权重统计:
2025-08-25 02:20:42,803 - DEBUG -    权重向量: [[1.]
 [1.]
 [1.]
 [1.]
 [1.]
 [1.]
 [1.]
 [1.]
 [1.]
 [1.]
 [1.]
 [1.]
 [1.]
 [1.]
 [1.]
 [1.]
 [1.]
 [1.]
 [1.]
 [1.]
 [1.]]
2025-08-25 02:20:42,803 - DEBUG -    权重范围: [1.000000, 1.000000]
2025-08-25 02:20:42,803 - DEBUG -    权重均值: 1.000000
2025-08-25 02:20:42,803 - DEBUG -    权重标准差: 0.000000
2025-08-25 02:20:42,803 - DEBUG -    高权重点(>0.8): 21/21
2025-08-25 02:20:42,803 - DEBUG -    低权重点(<0.2): 0/21
2025-08-25 02:20:42,803 - INFO - -----------------------------------------------------------------------------------
2025-08-25 02:20:42,803 - DEBUG - 🔍 开始求解LM更新方程:
2025-08-25 02:20:42,803 - DEBUG -    数据残差: 形状=(21,), 范数=0.039153
2025-08-25 02:20:42,803 - DEBUG -    约束残差: 形状=(1,), 范数=0.000687
2025-08-25 02:20:42,803 - DEBUG - 🔍 计算数据残差雅可比矩阵 J_f: 形状=(21, 4)
2025-08-25 02:20:42,803 - DEBUG - 🔍 J_f矩阵计算完成: 条件数=9.12e+00
2025-08-25 02:20:42,803 - DEBUG - 🔍 深度约束雅可比计算: u=-0.011684, σ=0.497079, J_h=[[ 0.          0.         -0.49707901  0.        ]]
2025-08-25 02:20:42,803 - DEBUG - 🔍 半径先验雅可比: J_r=[[0. 0. 0. 1.]]
2025-08-25 02:20:42,803 - DEBUG - 🔍 使用几何权重矩阵: 形状=(21, 21)
2025-08-25 02:20:42,803 - DEBUG - 🔍 Hessian矩阵计算:
2025-08-25 02:20:42,803 - DEBUG -    H_data = J_f^T W J_f: 形状=(4, 4), 条件数=8.32e+01
2025-08-25 02:20:42,803 - DEBUG -    H_h = λ_depth J_h^T J_h: 形状=(4, 4), λ_depth=1000.0
2025-08-25 02:20:42,803 - DEBUG -    H_r = λ_radius J_r^T J_r: 形状=(4, 4), λ_radius=1.0
2025-08-25 02:20:42,803 - DEBUG -    H_total: 形状=(4, 4), 条件数=6.06e+01
2025-08-25 02:20:42,803 - DEBUG - 🔍 梯度计算:
2025-08-25 02:20:42,803 - DEBUG -    g_data: 形状=(4,), 范数=0.115165
2025-08-25 02:20:42,803 - DEBUG -    g_h: 形状=(4,), 范数=0.341653
2025-08-25 02:20:42,803 - DEBUG -    g_r: 形状=(4,), 范数=0.006381
2025-08-25 02:20:42,803 - DEBUG -    g_total: 形状=(4,), 范数=0.332772
2025-08-25 02:20:42,803 - DEBUG - 🔍 LM阻尼矩阵: H_lm = H_total + 0.1 * I
2025-08-25 02:20:42,803 - DEBUG -    H_lm条件数: 5.91e+01
2025-08-25 02:20:42,803 - DEBUG - 🔍 线性方程组求解成功:
2025-08-25 02:20:42,803 - DEBUG -    参数更新向量 Δθ: [[-0.00257784]
 [-0.00252063]
 [ 0.00132765]
 [-0.00609283]]
2025-08-25 02:20:42,803 - DEBUG -    更新向量范数: 0.007203
2025-08-25 02:20:42,803 - DEBUG -    各分量更新: Δc_x=-0.002578, Δc_y=-0.002521, Δc_z=0.001328, Δr=-0.006093
2025-08-25 02:20:42,803 - DEBUG -    参数更新:
2025-08-25 02:20:42,803 - DEBUG -      旧参数: [[-0.01599441]
 [-0.01576071]
 [ 0.60263637]
 [ 0.01838141]]
2025-08-25 02:20:42,803 - DEBUG -      更新向量: [[-0.00257784]
 [-0.00252063]
 [ 0.00132765]
 [-0.00609283]]
2025-08-25 02:20:42,803 - DEBUG -      新参数: [[-0.01857225]
 [-0.01828134]
 [ 0.60396402]
 [ 0.01228858]]
2025-08-25 02:20:42,803 - INFO - -----------------------------------------------------------------------------------
2025-08-25 02:20:42,803 - INFO - 🔍 迭代第3次，球心向右2.577844mm，向上2.520632mm，向后1.327651mm，半径变小6.092826mm
2025-08-25 02:20:42,803 - INFO - 📊 变化前: 中心(-0.016, -0.016, 0.603), 半径18.38mm
2025-08-25 02:20:42,803 - INFO - 📊 变化后: 中心(-0.019, -0.018, 0.604), 半径12.29mm
2025-08-25 02:20:42,803 - INFO - 📈 变化量: 中心移动3.61mm, 半径变化6.09mm
2025-08-25 02:20:42,803 - INFO - 📍 眼球中心: [-0.01599441 -0.01576071  0.60263637]
2025-08-25 02:20:42,803 - INFO - 📏 眼球半径: 18.38mm
2025-08-25 02:20:42,803 - INFO - 👁️ 瞳孔中心: [-0.012      -0.01466667  0.60000002]
2025-08-25 02:20:42,803 - INFO - 📐 眼球中心在瞳孔中心的左3.99mm，上1.09mm，后2.64mm
2025-08-25 02:20:42,803 - INFO - 📏 距离: 4.91mm
2025-08-25 02:20:42,803 - INFO - -----------------------------------------------------------------------------------
2025-08-25 02:20:42,803 - INFO - -----------------------------------------------------------------------------------
2025-08-25 02:20:42,803 - DEBUG - 🔍 参数有效性检查:
2025-08-25 02:20:42,812 - DEBUG -    参数向量: [[-0.01857225]
 [-0.01828134]
 [ 0.60396402]
 [ 0.01228858]]
2025-08-25 02:20:42,812 - DEBUG -    球心: [-0.01857225 -0.01828134  0.60396402]
2025-08-25 02:20:42,812 - DEBUG -    半径: 0.012289
2025-08-25 02:20:42,813 - DEBUG - 🔍 函数值计算详情:
2025-08-25 02:20:42,813 - DEBUG -    数据项 F(θ): 0.000766
2025-08-25 02:20:42,813 - DEBUG -    深度约束项: 0.000236
2025-08-25 02:20:42,813 - DEBUG -    半径先验项: 0.000020
2025-08-25 02:20:42,813 - DEBUG -    总函数值 Φ(θ): 0.001023
2025-08-25 02:20:42,813 - DEBUG -    函数值改善: 0.036613
2025-08-25 02:20:42,813 - DEBUG - 🔍 参数有效: True
2025-08-25 02:20:42,813 - DEBUG -    参数更新成功:
2025-08-25 02:20:42,813 - DEBUG -      新球心: [-0.01857225 -0.01828134  0.60396402]
2025-08-25 02:20:42,813 - DEBUG -      新半径: 0.012289
2025-08-25 02:20:42,813 - INFO - -----------------------------------------------------------------------------------
2025-08-25 02:20:42,813 - DEBUG - 🔍 LM收敛性检查:
2025-08-25 02:20:42,813 - DEBUG -    当前迭代次数: 3
2025-08-25 02:20:42,813 - DEBUG -    最大迭代次数: 30
2025-08-25 02:20:42,813 - DEBUG -    参数变化: 0.007203
2025-08-25 02:20:42,813 - DEBUG -    参数容忍度: 5e-06
2025-08-25 02:20:42,813 - DEBUG -    残差变化: 0.000000
2025-08-25 02:20:42,813 - DEBUG -    残差容忍度: 5e-06
2025-08-25 02:20:42,813 - DEBUG - 🔍 迭代 5/30:
2025-08-25 02:20:42,813 - DEBUG - 🔍 计算点到球心距离: 形状=(21,)
2025-08-25 02:20:42,813 - DEBUG - 🔍 生理偏差向量计算:
2025-08-25 02:20:42,813 - DEBUG -    点类型列表: ['pupil_center', 'iris_boundaries', 'iris_boundaries', 'iris_boundaries', 'iris_boundaries', 'eye_contours', 'eye_contours', 'eye_contours', 'eye_contours', 'eye_contours', 'eye_contours', 'eye_contours', 'eye_contours', 'eye_contours', 'eye_contours', 'eye_contours', 'eye_contours', 'eye_contours', 'eye_contours', 'eye_contours', 'eye_contours']
2025-08-25 02:20:42,813 - DEBUG -    偏差向量: [0.0002  0.00085 0.00085 0.00085 0.00085 0.0015  0.0015  0.0015  0.0015
 0.0015  0.0015  0.0015  0.0015  0.0015  0.0015  0.0015  0.0015  0.0015
 0.0015  0.0015  0.0015 ]
2025-08-25 02:20:42,813 - DEBUG -    向量形状: (21,)
2025-08-25 02:20:42,813 - DEBUG -    偏差统计: 均值=0.001314, 标准差=0.000356
2025-08-25 02:20:42,813 - DEBUG - 获取生理偏差: 点类型=['pupil_center', 'iris_boundaries', 'iris_boundaries', 'iris_boundaries', 'iris_boundaries', 'eye_contours', 'eye_contours', 'eye_contours', 'eye_contours', 'eye_contours', 'eye_contours', 'eye_contours', 'eye_contours', 'eye_contours', 'eye_contours', 'eye_contours', 'eye_contours', 'eye_contours', 'eye_contours', 'eye_contours', 'eye_contours'], 偏差值=[0.0002  0.00085 0.00085 0.00085 0.00085 0.0015  0.0015  0.0015  0.0015
 0.0015  0.0015  0.0015  0.0015  0.0015  0.0015  0.0015  0.0015  0.0015
 0.0015  0.0015  0.0015 ]
2025-08-25 02:20:42,813 - INFO - -----------------------------------------------------------------------------------
2025-08-25 02:20:42,813 - DEBUG - 🔍 拟合残差计算详情:
2025-08-25 02:20:42,813 - DEBUG -    球心坐标: [-0.01857225 -0.01828134  0.60396402]
2025-08-25 02:20:42,813 - DEBUG -    球体半径: 0.012289
2025-08-25 02:20:42,813 - DEBUG -    采样点数: 21
2025-08-25 02:20:42,813 - DEBUG -    点类型分布: {'eye_contours': 16, 'iris_boundaries': 4, 'pupil_center': 1}
2025-08-25 02:20:42,813 - DEBUG -    理论距离向量: [0.01248858 0.01313858 0.01313858 0.01313858 0.01313858 0.01378858
 0.01378858 0.01378858 0.01378858 0.01378858 0.01378858 0.01378858
 0.01378858 0.01378858 0.01378858 0.01378858 0.01378858 0.01378858
 0.01378858 0.01378858 0.01378858]
2025-08-25 02:20:42,820 - DEBUG -    实际距离向量: [0.00848372 0.01772475 0.00872449 0.0067696  0.01549406 0.01849797
 0.0157774  0.0131508  0.0109938  0.0123433  0.01769933 0.02443889
 0.02952056 0.03219958 0.02881378 0.02202131 0.01308214 0.00496049
 0.00591086 0.0115778  0.01537845]
2025-08-25 02:20:42,820 - DEBUG -    生理偏差向量: [0.0002  0.00085 0.00085 0.00085 0.00085 0.0015  0.0015  0.0015  0.0015
 0.0015  0.0015  0.0015  0.0015  0.0015  0.0015  0.0015  0.0015  0.0015
 0.0015  0.0015  0.0015 ]
2025-08-25 02:20:42,820 - DEBUG -    残差向量 f(θ): 
[[-0.00400486]
 [ 0.00458617]
 [-0.00441409]
 [-0.00636899]
 [ 0.00235548]
 [ 0.00470939]
 [ 0.00198882]
 [-0.00063778]
 [-0.00279479]
 [-0.00144528]
 [ 0.00391075]
 [ 0.01065031]
 [ 0.01573198]
 [ 0.018411  ]
 [ 0.0150252 ]
 [ 0.00823273]
 [-0.00070644]
 [-0.00882809]
 [-0.00787772]
 [-0.00221078]
 [ 0.00158986]]
2025-08-25 02:20:42,820 - DEBUG -    平均残差范数: 0.001714
2025-08-25 02:20:42,820 - DEBUG -    残差范数=0.035996
2025-08-25 02:20:42,820 - INFO - -----------------------------------------------------------------------------------
2025-08-25 02:20:42,820 - DEBUG - 🔍 深度约束计算详情 (softplus):
2025-08-25 02:20:42,820 - DEBUG -    采样点Z坐标范围: [0.600000, 0.602425]
2025-08-25 02:20:42,820 - DEBUG -    球心Z坐标: 0.603964
2025-08-25 02:20:42,820 - DEBUG -    深度偏移ε: 0.000200
2025-08-25 02:20:42,820 - DEBUG -    softplus参数τ: 0.001000
2025-08-25 02:20:42,820 - DEBUG -    原始违反值: -0.001339
2025-08-25 02:20:42,820 - DEBUG -    softplus输入 u: -1.339335
2025-08-25 02:20:42,820 - DEBUG -    约束惩罚 h(θ): 0.000233
2025-08-25 02:20:42,820 - DEBUG -    🟢 深度约束满足: 球心深度足够
2025-08-25 02:20:42,820 - INFO - -----------------------------------------------------------------------------------
2025-08-25 02:20:42,820 - DEBUG - 🔍 半径惩罚计算详情:
2025-08-25 02:20:42,820 - DEBUG -    当前半径: 0.012289
2025-08-25 02:20:42,820 - DEBUG -    半径先验值: 0.012000
2025-08-25 02:20:42,820 - DEBUG -    半径残差 r(θ): 0.000289
2025-08-25 02:20:42,820 - DEBUG -    数据残差 f(θ): [[-0.00400486]
 [ 0.00458617]
 [-0.00441409]
 [-0.00636899]
 [ 0.00235548]
 [ 0.00470939]
 [ 0.00198882]
 [-0.00063778]
 [-0.00279479]
 [-0.00144528]
 [ 0.00391075]
 [ 0.01065031]
 [ 0.01573198]
 [ 0.018411  ]
 [ 0.0150252 ]
 [ 0.00823273]
 [-0.00070644]
 [-0.00882809]
 [-0.00787772]
 [-0.00221078]
 [ 0.00158986]]
2025-08-25 02:20:42,820 - DEBUG -    约束残差 g(θ): [[0.00023271]]
2025-08-25 02:20:42,820 - DEBUG -    半径残差 r(θ): [[0.00028858]]
2025-08-25 02:20:42,820 - DEBUG - 🔍 状态变化计算: 参数变化=0.007203, 残差变化=0.003157
2025-08-25 02:20:42,820 - INFO - -----------------------------------------------------------------------------------
2025-08-25 02:20:42,820 - DEBUG - 🔍 权重管理器状态更新详情:
2025-08-25 02:20:42,820 - DEBUG -    当前迭代: 4
2025-08-25 02:20:42,820 - DEBUG -    参数变化: 0.007203 (阈值: 0.000005)
2025-08-25 02:20:42,820 - DEBUG -    残差变化: 0.003157 (阈值: 0.000005)
2025-08-25 02:20:42,820 - DEBUG -    几何权重因子: 10
2025-08-25 02:20:42,820 - DEBUG - ⏸️ 保持图像置信度权重: 参数变化=7.20e-03, 残差变化=3.16e-03
2025-08-25 02:20:42,820 - DEBUG - 状态已保存: 参数=[-0.01857225 -0.01828134  0.60396402  0.01228858], 残差范数=0.035996
2025-08-25 02:20:42,820 - DEBUG - 🔍 获取visibility信息: 形状=(21,), 范围=[1.000, 1.000]
2025-08-25 02:20:42,820 - DEBUG - 🔧 设置图像置信度权重: 21个点
2025-08-25 02:20:42,820 - DEBUG - 🔍 开始计算权重矩阵:
2025-08-25 02:20:42,820 - DEBUG -    点类型: ['pupil_center', 'iris_boundaries', 'iris_boundaries', 'iris_boundaries', 'iris_boundaries', 'eye_contours', 'eye_contours', 'eye_contours', 'eye_contours', 'eye_contours', 'eye_contours', 'eye_contours', 'eye_contours', 'eye_contours', 'eye_contours', 'eye_contours', 'eye_contours', 'eye_contours', 'eye_contours', 'eye_contours', 'eye_contours']
2025-08-25 02:20:42,820 - DEBUG -    残差向量: 形状=(21,), 范数=0.035996
2025-08-25 02:20:42,820 - DEBUG -    Visibility: 形状=(21,), 均值=1.000
2025-08-25 02:20:42,820 - WARNING - ⚠️ 权重管理器：没有启用几何权重，使用默认全1权重
2025-08-25 02:20:42,820 - WARNING - ⚠️ 权重管理器：没有启用几何权重，使用默认全1权重
2025-08-25 02:20:42,820 - WARNING - ⚠️ 权重管理器：没有启用几何权重，使用默认全1权重
2025-08-25 02:20:42,820 - WARNING - ⚠️ 权重管理器：没有启用几何权重，使用默认全1权重
2025-08-25 02:20:42,820 - WARNING - ⚠️ 权重管理器：没有启用几何权重，使用默认全1权重
2025-08-25 02:20:42,820 - WARNING - ⚠️ 权重管理器：没有启用几何权重，使用默认全1权重
2025-08-25 02:20:42,820 - WARNING - ⚠️ 权重管理器：没有启用几何权重，使用默认全1权重
2025-08-25 02:20:42,820 - WARNING - ⚠️ 权重管理器：没有启用几何权重，使用默认全1权重
2025-08-25 02:20:42,820 - WARNING - ⚠️ 权重管理器：没有启用几何权重，使用默认全1权重
2025-08-25 02:20:42,820 - WARNING - ⚠️ 权重管理器：没有启用几何权重，使用默认全1权重
2025-08-25 02:20:42,820 - WARNING - ⚠️ 权重管理器：没有启用几何权重，使用默认全1权重
2025-08-25 02:20:42,820 - WARNING - ⚠️ 权重管理器：没有启用几何权重，使用默认全1权重
2025-08-25 02:20:42,820 - WARNING - ⚠️ 权重管理器：没有启用几何权重，使用默认全1权重
2025-08-25 02:20:42,820 - WARNING - ⚠️ 权重管理器：没有启用几何权重，使用默认全1权重
2025-08-25 02:20:42,820 - WARNING - ⚠️ 权重管理器：没有启用几何权重，使用默认全1权重
2025-08-25 02:20:42,820 - WARNING - ⚠️ 权重管理器：没有启用几何权重，使用默认全1权重
2025-08-25 02:20:42,820 - WARNING - ⚠️ 权重管理器：没有启用几何权重，使用默认全1权重
2025-08-25 02:20:42,820 - WARNING - ⚠️ 权重管理器：没有启用几何权重，使用默认全1权重
2025-08-25 02:20:42,820 - WARNING - ⚠️ 权重管理器：没有启用几何权重，使用默认全1权重
2025-08-25 02:20:42,820 - WARNING - ⚠️ 权重管理器：没有启用几何权重，使用默认全1权重
2025-08-25 02:20:42,820 - WARNING - ⚠️ 权重管理器：没有启用几何权重，使用默认全1权重
2025-08-25 02:20:42,820 - DEBUG - 🔍 权重矩阵计算成功: 形状=(21, 21)
2025-08-25 02:20:42,820 - DEBUG - 🔍 几何权重统计:
2025-08-25 02:20:42,828 - DEBUG -    权重向量: [[1.]
 [1.]
 [1.]
 [1.]
 [1.]
 [1.]
 [1.]
 [1.]
 [1.]
 [1.]
 [1.]
 [1.]
 [1.]
 [1.]
 [1.]
 [1.]
 [1.]
 [1.]
 [1.]
 [1.]
 [1.]]
2025-08-25 02:20:42,828 - DEBUG -    权重范围: [1.000000, 1.000000]
2025-08-25 02:20:42,828 - DEBUG -    权重均值: 1.000000
2025-08-25 02:20:42,831 - DEBUG -    权重标准差: 0.000000
2025-08-25 02:20:42,831 - DEBUG -    高权重点(>0.8): 21/21
2025-08-25 02:20:42,831 - DEBUG -    低权重点(<0.2): 0/21
2025-08-25 02:20:42,831 - INFO - -----------------------------------------------------------------------------------
2025-08-25 02:20:42,831 - DEBUG - 🔍 开始求解LM更新方程:
2025-08-25 02:20:42,831 - DEBUG -    数据残差: 形状=(21,), 范数=0.035996
2025-08-25 02:20:42,831 - DEBUG -    约束残差: 形状=(1,), 范数=0.000233
2025-08-25 02:20:42,831 - DEBUG - 🔍 计算数据残差雅可比矩阵 J_f: 形状=(21, 4)
2025-08-25 02:20:42,831 - DEBUG - 🔍 J_f矩阵计算完成: 条件数=8.55e+00
2025-08-25 02:20:42,831 - DEBUG - 🔍 深度约束雅可比计算: u=-1.339335, σ=0.207619, J_h=[[ 0.          0.         -0.20761945  0.        ]]
2025-08-25 02:20:42,831 - DEBUG - 🔍 半径先验雅可比: J_r=[[0. 0. 0. 1.]]
2025-08-25 02:20:42,831 - DEBUG - 🔍 使用几何权重矩阵: 形状=(21, 21)
2025-08-25 02:20:42,831 - DEBUG - 🔍 Hessian矩阵计算:
2025-08-25 02:20:42,831 - DEBUG -    H_data = J_f^T W J_f: 形状=(4, 4), 条件数=7.32e+01
2025-08-25 02:20:42,831 - DEBUG -    H_h = λ_depth J_h^T J_h: 形状=(4, 4), λ_depth=1000.0
2025-08-25 02:20:42,831 - DEBUG -    H_r = λ_radius J_r^T J_r: 形状=(4, 4), λ_radius=1.0
2025-08-25 02:20:42,831 - DEBUG -    H_total: 形状=(4, 4), 条件数=2.20e+01
2025-08-25 02:20:42,831 - DEBUG - 🔍 梯度计算:
2025-08-25 02:20:42,831 - DEBUG -    g_data: 形状=(4,), 范数=0.083093
2025-08-25 02:20:42,831 - DEBUG -    g_h: 形状=(4,), 范数=0.048316
2025-08-25 02:20:42,831 - DEBUG -    g_r: 形状=(4,), 范数=0.000289
2025-08-25 02:20:42,831 - DEBUG -    g_total: 形状=(4,), 范数=0.092477
2025-08-25 02:20:42,831 - DEBUG - 🔍 LM阻尼矩阵: H_lm = H_total + 0.1 * I
2025-08-25 02:20:42,831 - DEBUG -    H_lm条件数: 2.10e+01
2025-08-25 02:20:42,831 - DEBUG - 🔍 线性方程组求解成功:
2025-08-25 02:20:42,831 - DEBUG -    参数更新向量 Δθ: [[-0.00456787]
 [-0.00251028]
 [ 0.00071914]
 [ 0.00021578]]
2025-08-25 02:20:42,831 - DEBUG -    更新向量范数: 0.005266
2025-08-25 02:20:42,831 - DEBUG -    各分量更新: Δc_x=-0.004568, Δc_y=-0.002510, Δc_z=0.000719, Δr=0.000216
2025-08-25 02:20:42,837 - DEBUG -    参数更新:
2025-08-25 02:20:42,837 - DEBUG -      旧参数: [[-0.01857225]
 [-0.01828134]
 [ 0.60396402]
 [ 0.01228858]]
2025-08-25 02:20:42,837 - DEBUG -      更新向量: [[-0.00456787]
 [-0.00251028]
 [ 0.00071914]
 [ 0.00021578]]
2025-08-25 02:20:42,837 - DEBUG -      新参数: [[-0.02314012]
 [-0.02079162]
 [ 0.60468316]
 [ 0.01250436]]
2025-08-25 02:20:42,838 - INFO - -----------------------------------------------------------------------------------
2025-08-25 02:20:42,838 - INFO - 🔍 迭代第4次，球心向右4.567873mm，向上2.510283mm，向后0.719143mm，半径变大0.215777mm
2025-08-25 02:20:42,838 - INFO - 📊 变化前: 中心(-0.019, -0.018, 0.604), 半径12.29mm
2025-08-25 02:20:42,838 - INFO - 📊 变化后: 中心(-0.023, -0.021, 0.605), 半径12.50mm
2025-08-25 02:20:42,838 - INFO - 📈 变化量: 中心移动5.21mm, 半径变化0.22mm
2025-08-25 02:20:42,838 - INFO - 📍 眼球中心: [-0.01857225 -0.01828134  0.60396402]
2025-08-25 02:20:42,838 - INFO - 📏 眼球半径: 12.29mm
2025-08-25 02:20:42,838 - INFO - 👁️ 瞳孔中心: [-0.012      -0.01466667  0.60000002]
2025-08-25 02:20:42,838 - INFO - 📐 眼球中心在瞳孔中心的左6.57mm，上3.61mm，后3.96mm
2025-08-25 02:20:42,838 - INFO - 📏 距离: 8.48mm
2025-08-25 02:20:42,838 - INFO - -----------------------------------------------------------------------------------
2025-08-25 02:20:42,838 - INFO - -----------------------------------------------------------------------------------
2025-08-25 02:20:42,838 - DEBUG - 🔍 参数有效性检查:
2025-08-25 02:20:42,838 - DEBUG -    参数向量: [[-0.02314012]
 [-0.02079162]
 [ 0.60468316]
 [ 0.01250436]]
2025-08-25 02:20:42,838 - DEBUG -    球心: [-0.02314012 -0.02079162  0.60468316]
2025-08-25 02:20:42,838 - DEBUG -    半径: 0.012504
2025-08-25 02:20:42,838 - DEBUG - 🔍 函数值计算详情:
2025-08-25 02:20:42,838 - DEBUG -    数据项 F(θ): 0.000648
2025-08-25 02:20:42,838 - DEBUG -    深度约束项: 0.000027
2025-08-25 02:20:42,838 - DEBUG -    半径先验项: 0.000000
2025-08-25 02:20:42,838 - DEBUG -    总函数值 Φ(θ): 0.000675
2025-08-25 02:20:42,838 - DEBUG -    函数值改善: 0.000348
2025-08-25 02:20:42,838 - DEBUG - 🔍 参数有效: True
2025-08-25 02:20:42,838 - DEBUG -    参数更新成功:
2025-08-25 02:20:42,838 - DEBUG -      新球心: [-0.02314012 -0.02079162  0.60468316]
2025-08-25 02:20:42,838 - DEBUG -      新半径: 0.012504
2025-08-25 02:20:42,838 - INFO - -----------------------------------------------------------------------------------
2025-08-25 02:20:42,838 - DEBUG - 🔍 LM收敛性检查:
2025-08-25 02:20:42,838 - DEBUG -    当前迭代次数: 4
2025-08-25 02:20:42,838 - DEBUG -    最大迭代次数: 30
2025-08-25 02:20:42,838 - DEBUG -    参数变化: 0.005266
2025-08-25 02:20:42,838 - DEBUG -    参数容忍度: 5e-06
2025-08-25 02:20:42,838 - DEBUG -    残差变化: 0.000000
2025-08-25 02:20:42,838 - DEBUG -    残差容忍度: 5e-06
2025-08-25 02:20:42,838 - DEBUG - 🔍 迭代 6/30:
2025-08-25 02:20:42,838 - DEBUG - 🔍 计算点到球心距离: 形状=(21,)
2025-08-25 02:20:42,838 - DEBUG - 🔍 生理偏差向量计算:
2025-08-25 02:20:42,838 - DEBUG -    点类型列表: ['pupil_center', 'iris_boundaries', 'iris_boundaries', 'iris_boundaries', 'iris_boundaries', 'eye_contours', 'eye_contours', 'eye_contours', 'eye_contours', 'eye_contours', 'eye_contours', 'eye_contours', 'eye_contours', 'eye_contours', 'eye_contours', 'eye_contours', 'eye_contours', 'eye_contours', 'eye_contours', 'eye_contours', 'eye_contours']
2025-08-25 02:20:42,838 - DEBUG -    偏差向量: [0.0002  0.00085 0.00085 0.00085 0.00085 0.0015  0.0015  0.0015  0.0015
 0.0015  0.0015  0.0015  0.0015  0.0015  0.0015  0.0015  0.0015  0.0015
 0.0015  0.0015  0.0015 ]
2025-08-25 02:20:42,838 - DEBUG -    向量形状: (21,)
2025-08-25 02:20:42,838 - DEBUG -    偏差统计: 均值=0.001314, 标准差=0.000356
2025-08-25 02:20:42,838 - DEBUG - 获取生理偏差: 点类型=['pupil_center', 'iris_boundaries', 'iris_boundaries', 'iris_boundaries', 'iris_boundaries', 'eye_contours', 'eye_contours', 'eye_contours', 'eye_contours', 'eye_contours', 'eye_contours', 'eye_contours', 'eye_contours', 'eye_contours', 'eye_contours', 'eye_contours', 'eye_contours', 'eye_contours', 'eye_contours', 'eye_contours', 'eye_contours'], 偏差值=[0.0002  0.00085 0.00085 0.00085 0.00085 0.0015  0.0015  0.0015  0.0015
 0.0015  0.0015  0.0015  0.0015  0.0015  0.0015  0.0015  0.0015  0.0015
 0.0015  0.0015  0.0015 ]
2025-08-25 02:20:42,838 - INFO - -----------------------------------------------------------------------------------
2025-08-25 02:20:42,838 - DEBUG - 🔍 拟合残差计算详情:
2025-08-25 02:20:42,838 - DEBUG -    球心坐标: [-0.02314012 -0.02079162  0.60468316]
2025-08-25 02:20:42,838 - DEBUG -    球体半径: 0.012504
2025-08-25 02:20:42,838 - DEBUG -    采样点数: 21
2025-08-25 02:20:42,845 - DEBUG -    点类型分布: {'eye_contours': 16, 'iris_boundaries': 4, 'pupil_center': 1}
2025-08-25 02:20:42,845 - DEBUG -    理论距离向量: [0.01270436 0.01335436 0.01335436 0.01335436 0.01335436 0.01400436
 0.01400436 0.01400436 0.01400436 0.01400436 0.01400436 0.01400436
 0.01400436 0.01400436 0.01400436 0.01400436 0.01400436 0.01400436
 0.01400436 0.01400436 0.01400436]
2025-08-25 02:20:42,845 - DEBUG -    实际距离向量: [0.01354803 0.02282621 0.01183636 0.00793911 0.02006095 0.01564592
 0.01416038 0.01297628 0.01323179 0.01699656 0.02293949 0.02964793
 0.03464098 0.03725196 0.03378358 0.02684799 0.0177748  0.00943857
 0.0052001  0.00910203 0.012678  ]
2025-08-25 02:20:42,845 - DEBUG -    生理偏差向量: [0.0002  0.00085 0.00085 0.00085 0.00085 0.0015  0.0015  0.0015  0.0015
 0.0015  0.0015  0.0015  0.0015  0.0015  0.0015  0.0015  0.0015  0.0015
 0.0015  0.0015  0.0015 ]
2025-08-25 02:20:42,845 - DEBUG -    残差向量 f(θ): 
[[ 0.00084367]
 [ 0.00947185]
 [-0.001518  ]
 [-0.00541525]
 [ 0.00670659]
 [ 0.00164156]
 [ 0.00015602]
 [-0.00102808]
 [-0.00077257]
 [ 0.00299219]
 [ 0.00893513]
 [ 0.01564357]
 [ 0.02063662]
 [ 0.0232476 ]
 [ 0.01977922]
 [ 0.01284363]
 [ 0.00377044]
 [-0.00456579]
 [-0.00880426]
 [-0.00490233]
 [-0.00132636]]
2025-08-25 02:20:42,845 - DEBUG -    平均残差范数: 0.002216
2025-08-25 02:20:42,845 - DEBUG -    残差范数=0.046538
2025-08-25 02:20:42,845 - INFO - -----------------------------------------------------------------------------------
2025-08-25 02:20:42,845 - DEBUG - 🔍 深度约束计算详情 (softplus):
2025-08-25 02:20:42,845 - DEBUG -    采样点Z坐标范围: [0.600000, 0.602425]
2025-08-25 02:20:42,845 - DEBUG -    球心Z坐标: 0.604683
2025-08-25 02:20:42,845 - DEBUG -    深度偏移ε: 0.000200
2025-08-25 02:20:42,845 - DEBUG -    softplus参数τ: 0.001000
2025-08-25 02:20:42,845 - DEBUG -    原始违反值: -0.002058
2025-08-25 02:20:42,845 - DEBUG -    softplus输入 u: -2.058478
2025-08-25 02:20:42,845 - DEBUG -    约束惩罚 h(θ): 0.000120
2025-08-25 02:20:42,845 - DEBUG -    🟢 深度约束满足: 球心深度足够
2025-08-25 02:20:42,845 - INFO - -----------------------------------------------------------------------------------
2025-08-25 02:20:42,845 - DEBUG - 🔍 半径惩罚计算详情:
2025-08-25 02:20:42,845 - DEBUG -    当前半径: 0.012504
2025-08-25 02:20:42,845 - DEBUG -    半径先验值: 0.012000
2025-08-25 02:20:42,845 - DEBUG -    半径残差 r(θ): 0.000504
2025-08-25 02:20:42,845 - DEBUG -    数据残差 f(θ): [[ 0.00084367]
 [ 0.00947185]
 [-0.001518  ]
 [-0.00541525]
 [ 0.00670659]
 [ 0.00164156]
 [ 0.00015602]
 [-0.00102808]
 [-0.00077257]
 [ 0.00299219]
 [ 0.00893513]
 [ 0.01564357]
 [ 0.02063662]
 [ 0.0232476 ]
 [ 0.01977922]
 [ 0.01284363]
 [ 0.00377044]
 [-0.00456579]
 [-0.00880426]
 [-0.00490233]
 [-0.00132636]]
2025-08-25 02:20:42,845 - DEBUG -    约束残差 g(θ): [[0.00012013]]
2025-08-25 02:20:42,845 - DEBUG -    半径残差 r(θ): [[0.00050436]]
2025-08-25 02:20:42,845 - DEBUG - 🔍 状态变化计算: 参数变化=0.005266, 残差变化=0.010542
2025-08-25 02:20:42,845 - INFO - -----------------------------------------------------------------------------------
2025-08-25 02:20:42,845 - DEBUG - 🔍 权重管理器状态更新详情:
2025-08-25 02:20:42,845 - DEBUG -    当前迭代: 5
2025-08-25 02:20:42,845 - DEBUG -    参数变化: 0.005266 (阈值: 0.000005)
2025-08-25 02:20:42,845 - DEBUG -    残差变化: 0.010542 (阈值: 0.000005)
2025-08-25 02:20:42,845 - DEBUG -    几何权重因子: 10
2025-08-25 02:20:42,845 - DEBUG - ⏸️ 保持图像置信度权重: 参数变化=5.27e-03, 残差变化=1.05e-02
2025-08-25 02:20:42,845 - DEBUG - 状态已保存: 参数=[-0.02314012 -0.02079162  0.60468316  0.01250436], 残差范数=0.046538
2025-08-25 02:20:42,845 - DEBUG - 🔍 获取visibility信息: 形状=(21,), 范围=[1.000, 1.000]
2025-08-25 02:20:42,845 - DEBUG - 🔧 设置图像置信度权重: 21个点
2025-08-25 02:20:42,845 - DEBUG - 🔍 开始计算权重矩阵:
2025-08-25 02:20:42,845 - DEBUG -    点类型: ['pupil_center', 'iris_boundaries', 'iris_boundaries', 'iris_boundaries', 'iris_boundaries', 'eye_contours', 'eye_contours', 'eye_contours', 'eye_contours', 'eye_contours', 'eye_contours', 'eye_contours', 'eye_contours', 'eye_contours', 'eye_contours', 'eye_contours', 'eye_contours', 'eye_contours', 'eye_contours', 'eye_contours', 'eye_contours']
2025-08-25 02:20:42,853 - DEBUG -    残差向量: 形状=(21,), 范数=0.046538
2025-08-25 02:20:42,853 - DEBUG -    Visibility: 形状=(21,), 均值=1.000
2025-08-25 02:20:42,853 - WARNING - ⚠️ 权重管理器：没有启用几何权重，使用默认全1权重
2025-08-25 02:20:42,853 - WARNING - ⚠️ 权重管理器：没有启用几何权重，使用默认全1权重
2025-08-25 02:20:42,853 - WARNING - ⚠️ 权重管理器：没有启用几何权重，使用默认全1权重
2025-08-25 02:20:42,853 - WARNING - ⚠️ 权重管理器：没有启用几何权重，使用默认全1权重
2025-08-25 02:20:42,853 - WARNING - ⚠️ 权重管理器：没有启用几何权重，使用默认全1权重
2025-08-25 02:20:42,853 - WARNING - ⚠️ 权重管理器：没有启用几何权重，使用默认全1权重
2025-08-25 02:20:42,853 - WARNING - ⚠️ 权重管理器：没有启用几何权重，使用默认全1权重
2025-08-25 02:20:42,853 - WARNING - ⚠️ 权重管理器：没有启用几何权重，使用默认全1权重
2025-08-25 02:20:42,853 - WARNING - ⚠️ 权重管理器：没有启用几何权重，使用默认全1权重
2025-08-25 02:20:42,853 - WARNING - ⚠️ 权重管理器：没有启用几何权重，使用默认全1权重
2025-08-25 02:20:42,853 - WARNING - ⚠️ 权重管理器：没有启用几何权重，使用默认全1权重
2025-08-25 02:20:42,853 - WARNING - ⚠️ 权重管理器：没有启用几何权重，使用默认全1权重
2025-08-25 02:20:42,853 - WARNING - ⚠️ 权重管理器：没有启用几何权重，使用默认全1权重
2025-08-25 02:20:42,853 - WARNING - ⚠️ 权重管理器：没有启用几何权重，使用默认全1权重
2025-08-25 02:20:42,853 - WARNING - ⚠️ 权重管理器：没有启用几何权重，使用默认全1权重
2025-08-25 02:20:42,853 - WARNING - ⚠️ 权重管理器：没有启用几何权重，使用默认全1权重
2025-08-25 02:20:42,853 - WARNING - ⚠️ 权重管理器：没有启用几何权重，使用默认全1权重
2025-08-25 02:20:42,853 - WARNING - ⚠️ 权重管理器：没有启用几何权重，使用默认全1权重
2025-08-25 02:20:42,853 - WARNING - ⚠️ 权重管理器：没有启用几何权重，使用默认全1权重
2025-08-25 02:20:42,853 - WARNING - ⚠️ 权重管理器：没有启用几何权重，使用默认全1权重
2025-08-25 02:20:42,853 - WARNING - ⚠️ 权重管理器：没有启用几何权重，使用默认全1权重
2025-08-25 02:20:42,853 - DEBUG - 🔍 权重矩阵计算成功: 形状=(21, 21)
2025-08-25 02:20:42,853 - DEBUG - 🔍 几何权重统计:
2025-08-25 02:20:42,853 - DEBUG -    权重向量: [[1.]
 [1.]
 [1.]
 [1.]
 [1.]
 [1.]
 [1.]
 [1.]
 [1.]
 [1.]
 [1.]
 [1.]
 [1.]
 [1.]
 [1.]
 [1.]
 [1.]
 [1.]
 [1.]
 [1.]
 [1.]]
2025-08-25 02:20:42,853 - DEBUG -    权重范围: [1.000000, 1.000000]
2025-08-25 02:20:42,853 - DEBUG -    权重均值: 1.000000
2025-08-25 02:20:42,853 - DEBUG -    权重标准差: 0.000000
2025-08-25 02:20:42,853 - DEBUG -    高权重点(>0.8): 21/21
2025-08-25 02:20:42,853 - DEBUG -    低权重点(<0.2): 0/21
2025-08-25 02:20:42,853 - INFO - -----------------------------------------------------------------------------------
2025-08-25 02:20:42,853 - DEBUG - 🔍 开始求解LM更新方程:
2025-08-25 02:20:42,853 - DEBUG -    数据残差: 形状=(21,), 范数=0.046538
2025-08-25 02:20:42,853 - DEBUG -    约束残差: 形状=(1,), 范数=0.000120
2025-08-25 02:20:42,853 - DEBUG - 🔍 计算数据残差雅可比矩阵 J_f: 形状=(21, 4)
2025-08-25 02:20:42,853 - DEBUG - 🔍 J_f矩阵计算完成: 条件数=9.32e+00
2025-08-25 02:20:42,853 - DEBUG - 🔍 深度约束雅可比计算: u=-2.058478, σ=0.113199, J_h=[[ 0.          0.         -0.11319853  0.        ]]
2025-08-25 02:20:42,853 - DEBUG - 🔍 半径先验雅可比: J_r=[[0. 0. 0. 1.]]
2025-08-25 02:20:42,853 - DEBUG - 🔍 使用几何权重矩阵: 形状=(21, 21)
2025-08-25 02:20:42,853 - DEBUG - 🔍 Hessian矩阵计算:
2025-08-25 02:20:42,853 - DEBUG -    H_data = J_f^T W J_f: 形状=(4, 4), 条件数=8.69e+01
2025-08-25 02:20:42,853 - DEBUG -    H_h = λ_depth J_h^T J_h: 形状=(4, 4), λ_depth=1000.0
2025-08-25 02:20:42,853 - DEBUG -    H_r = λ_radius J_r^T J_r: 形状=(4, 4), λ_radius=1.0
2025-08-25 02:20:42,853 - DEBUG -    H_total: 形状=(4, 4), 条件数=3.07e+01
2025-08-25 02:20:42,853 - DEBUG - 🔍 梯度计算:
2025-08-25 02:20:42,853 - DEBUG -    g_data: 形状=(4,), 范数=0.151348
2025-08-25 02:20:42,853 - DEBUG -    g_h: 形状=(4,), 范数=0.013599
2025-08-25 02:20:42,853 - DEBUG -    g_r: 形状=(4,), 范数=0.000504
2025-08-25 02:20:42,853 - DEBUG -    g_total: 形状=(4,), 范数=0.151946
2025-08-25 02:20:42,853 - DEBUG - 🔍 LM阻尼矩阵: H_lm = H_total + 0.1 * I
2025-08-25 02:20:42,853 - DEBUG -    H_lm条件数: 2.81e+01
2025-08-25 02:20:42,853 - DEBUG - 🔍 线性方程组求解成功:
2025-08-25 02:20:42,853 - DEBUG -    参数更新向量 Δθ: [[-0.00783032]
 [ 0.00103184]
 [-0.00016133]
 [ 0.00202674]]
2025-08-25 02:20:42,853 - DEBUG -    更新向量范数: 0.008156
2025-08-25 02:20:42,853 - DEBUG -    各分量更新: Δc_x=-0.007830, Δc_y=0.001032, Δc_z=-0.000161, Δr=0.002027
2025-08-25 02:20:42,853 - DEBUG -    参数更新:
2025-08-25 02:20:42,861 - DEBUG -      旧参数: [[-0.02314012]
 [-0.02079162]
 [ 0.60468316]
 [ 0.01250436]]
2025-08-25 02:20:42,861 - DEBUG -      更新向量: [[-0.00783032]
 [ 0.00103184]
 [-0.00016133]
 [ 0.00202674]]
2025-08-25 02:20:42,861 - DEBUG -      新参数: [[-0.03097045]
 [-0.01975978]
 [ 0.60452183]
 [ 0.0145311 ]]
2025-08-25 02:20:42,861 - INFO - -----------------------------------------------------------------------------------
2025-08-25 02:20:42,861 - INFO - 🔍 迭代第5次，球心向右7.830322mm，向下1.031838mm，向前0.161329mm，半径变大2.026744mm
2025-08-25 02:20:42,864 - INFO - 📊 变化前: 中心(-0.023, -0.021, 0.605), 半径12.50mm
2025-08-25 02:20:42,864 - INFO - 📊 变化后: 中心(-0.031, -0.020, 0.605), 半径14.53mm
2025-08-25 02:20:42,864 - INFO - 📈 变化量: 中心移动7.90mm, 半径变化2.03mm
2025-08-25 02:20:42,864 - INFO - 📍 眼球中心: [-0.02314012 -0.02079162  0.60468316]
2025-08-25 02:20:42,864 - INFO - 📏 眼球半径: 12.50mm
2025-08-25 02:20:42,864 - INFO - 👁️ 瞳孔中心: [-0.012      -0.01466667  0.60000002]
2025-08-25 02:20:42,864 - INFO - 📐 眼球中心在瞳孔中心的左11.14mm，上6.12mm，后4.68mm
2025-08-25 02:20:42,864 - INFO - 📏 距离: 13.55mm
2025-08-25 02:20:42,864 - INFO - -----------------------------------------------------------------------------------
2025-08-25 02:20:42,864 - INFO - -----------------------------------------------------------------------------------
2025-08-25 02:20:42,864 - DEBUG - 🔍 参数有效性检查:
2025-08-25 02:20:42,864 - DEBUG -    参数向量: [[-0.03097045]
 [-0.01975978]
 [ 0.60452183]
 [ 0.0145311 ]]
2025-08-25 02:20:42,864 - DEBUG -    球心: [-0.03097045 -0.01975978  0.60452183]
2025-08-25 02:20:42,864 - DEBUG -    半径: 0.014531
2025-08-25 02:20:42,864 - DEBUG - 🔍 函数值计算详情:
2025-08-25 02:20:42,864 - DEBUG -    数据项 F(θ): 0.001083
2025-08-25 02:20:42,864 - DEBUG -    深度约束项: 0.000007
2025-08-25 02:20:42,864 - DEBUG -    半径先验项: 0.000000
2025-08-25 02:20:42,864 - DEBUG -    总函数值 Φ(θ): 0.001090
2025-08-25 02:20:42,864 - DEBUG -    函数值改善: -0.000415
2025-08-25 02:20:42,864 - DEBUG - 🔍 参数有效: False
2025-08-25 02:20:42,864 - DEBUG -    参数无效，阻尼因子调整: λ_LM = 1.00e+00
2025-08-25 02:20:42,864 - DEBUG - 🔍 迭代 7/30:
2025-08-25 02:20:42,864 - DEBUG - 🔍 计算点到球心距离: 形状=(21,)
2025-08-25 02:20:42,864 - DEBUG - 🔍 生理偏差向量计算:
2025-08-25 02:20:42,864 - DEBUG -    点类型列表: ['pupil_center', 'iris_boundaries', 'iris_boundaries', 'iris_boundaries', 'iris_boundaries', 'eye_contours', 'eye_contours', 'eye_contours', 'eye_contours', 'eye_contours', 'eye_contours', 'eye_contours', 'eye_contours', 'eye_contours', 'eye_contours', 'eye_contours', 'eye_contours', 'eye_contours', 'eye_contours', 'eye_contours', 'eye_contours']
2025-08-25 02:20:42,864 - DEBUG -    偏差向量: [0.0002  0.00085 0.00085 0.00085 0.00085 0.0015  0.0015  0.0015  0.0015
 0.0015  0.0015  0.0015  0.0015  0.0015  0.0015  0.0015  0.0015  0.0015
 0.0015  0.0015  0.0015 ]
2025-08-25 02:20:42,864 - DEBUG -    向量形状: (21,)
2025-08-25 02:20:42,864 - DEBUG -    偏差统计: 均值=0.001314, 标准差=0.000356
2025-08-25 02:20:42,864 - DEBUG - 获取生理偏差: 点类型=['pupil_center', 'iris_boundaries', 'iris_boundaries', 'iris_boundaries', 'iris_boundaries', 'eye_contours', 'eye_contours', 'eye_contours', 'eye_contours', 'eye_contours', 'eye_contours', 'eye_contours', 'eye_contours', 'eye_contours', 'eye_contours', 'eye_contours', 'eye_contours', 'eye_contours', 'eye_contours', 'eye_contours', 'eye_contours'], 偏差值=[0.0002  0.00085 0.00085 0.00085 0.00085 0.0015  0.0015  0.0015  0.0015
 0.0015  0.0015  0.0015  0.0015  0.0015  0.0015  0.0015  0.0015  0.0015
 0.0015  0.0015  0.0015 ]
2025-08-25 02:20:42,864 - INFO - -----------------------------------------------------------------------------------
2025-08-25 02:20:42,864 - DEBUG - 🔍 拟合残差计算详情:
2025-08-25 02:20:42,870 - DEBUG -    球心坐标: [-0.02314012 -0.02079162  0.60468316]
2025-08-25 02:20:42,870 - DEBUG -    球体半径: 0.012504
2025-08-25 02:20:42,870 - DEBUG -    采样点数: 21
2025-08-25 02:20:42,870 - DEBUG -    点类型分布: {'eye_contours': 16, 'iris_boundaries': 4, 'pupil_center': 1}
2025-08-25 02:20:42,870 - DEBUG -    理论距离向量: [0.01270436 0.01335436 0.01335436 0.01335436 0.01335436 0.01400436
 0.01400436 0.01400436 0.01400436 0.01400436 0.01400436 0.01400436
 0.01400436 0.01400436 0.01400436 0.01400436 0.01400436 0.01400436
 0.01400436 0.01400436 0.01400436]
2025-08-25 02:20:42,870 - DEBUG -    实际距离向量: [0.01354803 0.02282621 0.01183636 0.00793911 0.02006095 0.01564592
 0.01416038 0.01297628 0.01323179 0.01699656 0.02293949 0.02964793
 0.03464098 0.03725196 0.03378358 0.02684799 0.0177748  0.00943857
 0.0052001  0.00910203 0.012678  ]
2025-08-25 02:20:42,870 - DEBUG -    生理偏差向量: [0.0002  0.00085 0.00085 0.00085 0.00085 0.0015  0.0015  0.0015  0.0015
 0.0015  0.0015  0.0015  0.0015  0.0015  0.0015  0.0015  0.0015  0.0015
 0.0015  0.0015  0.0015 ]
2025-08-25 02:20:42,870 - DEBUG -    残差向量 f(θ): 
[[ 0.00084367]
 [ 0.00947185]
 [-0.001518  ]
 [-0.00541525]
 [ 0.00670659]
 [ 0.00164156]
 [ 0.00015602]
 [-0.00102808]
 [-0.00077257]
 [ 0.00299219]
 [ 0.00893513]
 [ 0.01564357]
 [ 0.02063662]
 [ 0.0232476 ]
 [ 0.01977922]
 [ 0.01284363]
 [ 0.00377044]
 [-0.00456579]
 [-0.00880426]
 [-0.00490233]
 [-0.00132636]]
2025-08-25 02:20:42,870 - DEBUG -    平均残差范数: 0.002216
2025-08-25 02:20:42,870 - DEBUG -    残差范数=0.046538
2025-08-25 02:20:42,870 - INFO - -----------------------------------------------------------------------------------
2025-08-25 02:20:42,870 - DEBUG - 🔍 深度约束计算详情 (softplus):
2025-08-25 02:20:42,870 - DEBUG -    采样点Z坐标范围: [0.600000, 0.602425]
2025-08-25 02:20:42,870 - DEBUG -    球心Z坐标: 0.604683
2025-08-25 02:20:42,870 - DEBUG -    深度偏移ε: 0.000200
2025-08-25 02:20:42,870 - DEBUG -    softplus参数τ: 0.001000
2025-08-25 02:20:42,870 - DEBUG -    原始违反值: -0.002058
2025-08-25 02:20:42,870 - DEBUG -    softplus输入 u: -2.058478
2025-08-25 02:20:42,870 - DEBUG -    约束惩罚 h(θ): 0.000120
2025-08-25 02:20:42,870 - DEBUG -    🟢 深度约束满足: 球心深度足够
2025-08-25 02:20:42,870 - INFO - -----------------------------------------------------------------------------------
2025-08-25 02:20:42,870 - DEBUG - 🔍 半径惩罚计算详情:
2025-08-25 02:20:42,870 - DEBUG -    当前半径: 0.012504
2025-08-25 02:20:42,870 - DEBUG -    半径先验值: 0.012000
2025-08-25 02:20:42,870 - DEBUG -    半径残差 r(θ): 0.000504
2025-08-25 02:20:42,870 - DEBUG -    数据残差 f(θ): [[ 0.00084367]
 [ 0.00947185]
 [-0.001518  ]
 [-0.00541525]
 [ 0.00670659]
 [ 0.00164156]
 [ 0.00015602]
 [-0.00102808]
 [-0.00077257]
 [ 0.00299219]
 [ 0.00893513]
 [ 0.01564357]
 [ 0.02063662]
 [ 0.0232476 ]
 [ 0.01977922]
 [ 0.01284363]
 [ 0.00377044]
 [-0.00456579]
 [-0.00880426]
 [-0.00490233]
 [-0.00132636]]
2025-08-25 02:20:42,870 - DEBUG -    约束残差 g(θ): [[0.00012013]]
2025-08-25 02:20:42,870 - DEBUG -    半径残差 r(θ): [[0.00050436]]
2025-08-25 02:20:42,870 - DEBUG - 🔍 状态变化计算: 参数变化=0.000000, 残差变化=0.000000
2025-08-25 02:20:42,870 - INFO - -----------------------------------------------------------------------------------
2025-08-25 02:20:42,870 - DEBUG - 🔍 权重管理器状态更新详情:
2025-08-25 02:20:42,870 - DEBUG -    当前迭代: 6
2025-08-25 02:20:42,870 - DEBUG -    参数变化: 0.000000 (阈值: 0.000005)
2025-08-25 02:20:42,870 - DEBUG -    残差变化: 0.000000 (阈值: 0.000005)
2025-08-25 02:20:42,870 - DEBUG -    几何权重因子: 10
2025-08-25 02:20:42,870 - DEBUG - ⏸️ 保持图像置信度权重: 参数变化=0.00e+00, 残差变化=0.00e+00
2025-08-25 02:20:42,870 - DEBUG - 状态已保存: 参数=[-0.02314012 -0.02079162  0.60468316  0.01250436], 残差范数=0.046538
2025-08-25 02:20:42,870 - DEBUG - 🔍 获取visibility信息: 形状=(21,), 范围=[1.000, 1.000]
2025-08-25 02:20:42,870 - DEBUG - 🔧 设置图像置信度权重: 21个点
2025-08-25 02:20:42,870 - DEBUG - 🔍 开始计算权重矩阵:
2025-08-25 02:20:42,870 - DEBUG -    点类型: ['pupil_center', 'iris_boundaries', 'iris_boundaries', 'iris_boundaries', 'iris_boundaries', 'eye_contours', 'eye_contours', 'eye_contours', 'eye_contours', 'eye_contours', 'eye_contours', 'eye_contours', 'eye_contours', 'eye_contours', 'eye_contours', 'eye_contours', 'eye_contours', 'eye_contours', 'eye_contours', 'eye_contours', 'eye_contours']
2025-08-25 02:20:42,870 - DEBUG -    残差向量: 形状=(21,), 范数=0.046538
2025-08-25 02:20:42,870 - DEBUG -    Visibility: 形状=(21,), 均值=1.000
2025-08-25 02:20:42,870 - WARNING - ⚠️ 权重管理器：没有启用几何权重，使用默认全1权重
2025-08-25 02:20:42,870 - WARNING - ⚠️ 权重管理器：没有启用几何权重，使用默认全1权重
2025-08-25 02:20:42,870 - WARNING - ⚠️ 权重管理器：没有启用几何权重，使用默认全1权重
2025-08-25 02:20:42,870 - WARNING - ⚠️ 权重管理器：没有启用几何权重，使用默认全1权重
2025-08-25 02:20:42,870 - WARNING - ⚠️ 权重管理器：没有启用几何权重，使用默认全1权重
2025-08-25 02:20:42,870 - WARNING - ⚠️ 权重管理器：没有启用几何权重，使用默认全1权重
2025-08-25 02:20:42,870 - WARNING - ⚠️ 权重管理器：没有启用几何权重，使用默认全1权重
2025-08-25 02:20:42,870 - WARNING - ⚠️ 权重管理器：没有启用几何权重，使用默认全1权重
2025-08-25 02:20:42,870 - WARNING - ⚠️ 权重管理器：没有启用几何权重，使用默认全1权重
2025-08-25 02:20:42,870 - WARNING - ⚠️ 权重管理器：没有启用几何权重，使用默认全1权重
2025-08-25 02:20:42,870 - WARNING - ⚠️ 权重管理器：没有启用几何权重，使用默认全1权重
2025-08-25 02:20:42,870 - WARNING - ⚠️ 权重管理器：没有启用几何权重，使用默认全1权重
2025-08-25 02:20:42,870 - WARNING - ⚠️ 权重管理器：没有启用几何权重，使用默认全1权重
2025-08-25 02:20:42,878 - WARNING - ⚠️ 权重管理器：没有启用几何权重，使用默认全1权重
2025-08-25 02:20:42,878 - WARNING - ⚠️ 权重管理器：没有启用几何权重，使用默认全1权重
2025-08-25 02:20:42,878 - WARNING - ⚠️ 权重管理器：没有启用几何权重，使用默认全1权重
2025-08-25 02:20:42,878 - WARNING - ⚠️ 权重管理器：没有启用几何权重，使用默认全1权重
2025-08-25 02:20:42,878 - WARNING - ⚠️ 权重管理器：没有启用几何权重，使用默认全1权重
2025-08-25 02:20:42,878 - WARNING - ⚠️ 权重管理器：没有启用几何权重，使用默认全1权重
2025-08-25 02:20:42,879 - WARNING - ⚠️ 权重管理器：没有启用几何权重，使用默认全1权重
2025-08-25 02:20:42,879 - WARNING - ⚠️ 权重管理器：没有启用几何权重，使用默认全1权重
2025-08-25 02:20:42,879 - DEBUG - 🔍 权重矩阵计算成功: 形状=(21, 21)
2025-08-25 02:20:42,879 - DEBUG - 🔍 几何权重统计:
2025-08-25 02:20:42,879 - DEBUG -    权重向量: [[1.]
 [1.]
 [1.]
 [1.]
 [1.]
 [1.]
 [1.]
 [1.]
 [1.]
 [1.]
 [1.]
 [1.]
 [1.]
 [1.]
 [1.]
 [1.]
 [1.]
 [1.]
 [1.]
 [1.]
 [1.]]
2025-08-25 02:20:42,879 - DEBUG -    权重范围: [1.000000, 1.000000]
2025-08-25 02:20:42,879 - DEBUG -    权重均值: 1.000000
2025-08-25 02:20:42,879 - DEBUG -    权重标准差: 0.000000
2025-08-25 02:20:42,879 - DEBUG -    高权重点(>0.8): 21/21
2025-08-25 02:20:42,879 - DEBUG -    低权重点(<0.2): 0/21
2025-08-25 02:20:42,879 - INFO - -----------------------------------------------------------------------------------
2025-08-25 02:20:42,879 - DEBUG - 🔍 开始求解LM更新方程:
2025-08-25 02:20:42,879 - DEBUG -    数据残差: 形状=(21,), 范数=0.046538
2025-08-25 02:20:42,879 - DEBUG -    约束残差: 形状=(1,), 范数=0.000120
2025-08-25 02:20:42,879 - DEBUG - 🔍 计算数据残差雅可比矩阵 J_f: 形状=(21, 4)
2025-08-25 02:20:42,879 - DEBUG - 🔍 J_f矩阵计算完成: 条件数=9.32e+00
2025-08-25 02:20:42,879 - DEBUG - 🔍 深度约束雅可比计算: u=-2.058478, σ=0.113199, J_h=[[ 0.          0.         -0.11319853  0.        ]]
2025-08-25 02:20:42,879 - DEBUG - 🔍 半径先验雅可比: J_r=[[0. 0. 0. 1.]]
2025-08-25 02:20:42,879 - DEBUG - 🔍 使用几何权重矩阵: 形状=(21, 21)
2025-08-25 02:20:42,879 - DEBUG - 🔍 Hessian矩阵计算:
2025-08-25 02:20:42,879 - DEBUG -    H_data = J_f^T W J_f: 形状=(4, 4), 条件数=8.69e+01
2025-08-25 02:20:42,879 - DEBUG -    H_h = λ_depth J_h^T J_h: 形状=(4, 4), λ_depth=1000.0
2025-08-25 02:20:42,879 - DEBUG -    H_r = λ_radius J_r^T J_r: 形状=(4, 4), λ_radius=1.0
2025-08-25 02:20:42,879 - DEBUG -    H_total: 形状=(4, 4), 条件数=3.07e+01
2025-08-25 02:20:42,879 - DEBUG - 🔍 梯度计算:
2025-08-25 02:20:42,879 - DEBUG -    g_data: 形状=(4,), 范数=0.151348
2025-08-25 02:20:42,879 - DEBUG -    g_h: 形状=(4,), 范数=0.013599
2025-08-25 02:20:42,879 - DEBUG -    g_r: 形状=(4,), 范数=0.000504
2025-08-25 02:20:42,879 - DEBUG -    g_total: 形状=(4,), 范数=0.151946
2025-08-25 02:20:42,879 - DEBUG - 🔍 LM阻尼矩阵: H_lm = H_total + 1.0 * I
2025-08-25 02:20:42,879 - DEBUG -    H_lm条件数: 1.63e+01
2025-08-25 02:20:42,879 - DEBUG - 🔍 线性方程组求解成功:
2025-08-25 02:20:42,879 - DEBUG -    参数更新向量 Δθ: [[-0.00724   ]
 [ 0.00093673]
 [-0.00014363]
 [ 0.00211242]]
2025-08-25 02:20:42,886 - DEBUG -    更新向量范数: 0.007601
2025-08-25 02:20:42,886 - DEBUG -    各分量更新: Δc_x=-0.007240, Δc_y=0.000937, Δc_z=-0.000144, Δr=0.002112
2025-08-25 02:20:42,886 - DEBUG -    参数更新:
2025-08-25 02:20:42,886 - DEBUG -      旧参数: [[-0.02314012]
 [-0.02079162]
 [ 0.60468316]
 [ 0.01250436]]
2025-08-25 02:20:42,886 - DEBUG -      更新向量: [[-0.00724   ]
 [ 0.00093673]
 [-0.00014363]
 [ 0.00211242]]
2025-08-25 02:20:42,886 - DEBUG -      新参数: [[-0.03038012]
 [-0.0198549 ]
 [ 0.60453953]
 [ 0.01461678]]
2025-08-25 02:20:42,886 - INFO - -----------------------------------------------------------------------------------
2025-08-25 02:20:42,886 - INFO - 🔍 迭代第6次，球心向右7.239995mm，向下0.936726mm，向前0.143631mm，半径变大2.112420mm
2025-08-25 02:20:42,886 - INFO - 📊 变化前: 中心(-0.023, -0.021, 0.605), 半径12.50mm
2025-08-25 02:20:42,886 - INFO - 📊 变化后: 中心(-0.030, -0.020, 0.605), 半径14.62mm
2025-08-25 02:20:42,886 - INFO - 📈 变化量: 中心移动7.30mm, 半径变化2.11mm
2025-08-25 02:20:42,886 - INFO - 📍 眼球中心: [-0.02314012 -0.02079162  0.60468316]
2025-08-25 02:20:42,886 - INFO - 📏 眼球半径: 12.50mm
2025-08-25 02:20:42,886 - INFO - 👁️ 瞳孔中心: [-0.012      -0.01466667  0.60000002]
2025-08-25 02:20:42,886 - INFO - 📐 眼球中心在瞳孔中心的左11.14mm，上6.12mm，后4.68mm
2025-08-25 02:20:42,886 - INFO - 📏 距离: 13.55mm
2025-08-25 02:20:42,886 - INFO - -----------------------------------------------------------------------------------
2025-08-25 02:20:42,886 - INFO - -----------------------------------------------------------------------------------
2025-08-25 02:20:42,886 - DEBUG - 🔍 参数有效性检查:
2025-08-25 02:20:42,886 - DEBUG -    参数向量: [[-0.03038012]
 [-0.0198549 ]
 [ 0.60453953]
 [ 0.01461678]]
2025-08-25 02:20:42,886 - DEBUG -    球心: [-0.03038012 -0.0198549   0.60453953]
2025-08-25 02:20:42,886 - DEBUG -    半径: 0.014617
2025-08-25 02:20:42,886 - DEBUG - 🔍 函数值计算详情:
2025-08-25 02:20:42,886 - DEBUG -    数据项 F(θ): 0.001083
2025-08-25 02:20:42,886 - DEBUG -    深度约束项: 0.000007
2025-08-25 02:20:42,886 - DEBUG -    半径先验项: 0.000000
2025-08-25 02:20:42,886 - DEBUG -    总函数值 Φ(θ): 0.001090
2025-08-25 02:20:42,886 - DEBUG -    函数值改善: 0.000000
2025-08-25 02:20:42,886 - DEBUG - 🔍 参数有效: True
2025-08-25 02:20:42,886 - DEBUG -    参数更新成功:
2025-08-25 02:20:42,886 - DEBUG -      新球心: [-0.03038012 -0.0198549   0.60453953]
2025-08-25 02:20:42,886 - DEBUG -      新半径: 0.014617
2025-08-25 02:20:42,886 - INFO - -----------------------------------------------------------------------------------
2025-08-25 02:20:42,886 - DEBUG - 🔍 LM收敛性检查:
2025-08-25 02:20:42,886 - DEBUG -    当前迭代次数: 6
2025-08-25 02:20:42,886 - DEBUG -    最大迭代次数: 30
2025-08-25 02:20:42,886 - DEBUG -    参数变化: 0.007601
2025-08-25 02:20:42,886 - DEBUG -    参数容忍度: 5e-06
2025-08-25 02:20:42,886 - DEBUG -    残差变化: 0.000000
2025-08-25 02:20:42,886 - DEBUG -    残差容忍度: 5e-06
2025-08-25 02:20:42,886 - DEBUG - 🔍 迭代 8/30:
2025-08-25 02:20:42,886 - DEBUG - 🔍 计算点到球心距离: 形状=(21,)
2025-08-25 02:20:42,886 - DEBUG - 🔍 生理偏差向量计算:
2025-08-25 02:20:42,886 - DEBUG -    点类型列表: ['pupil_center', 'iris_boundaries', 'iris_boundaries', 'iris_boundaries', 'iris_boundaries', 'eye_contours', 'eye_contours', 'eye_contours', 'eye_contours', 'eye_contours', 'eye_contours', 'eye_contours', 'eye_contours', 'eye_contours', 'eye_contours', 'eye_contours', 'eye_contours', 'eye_contours', 'eye_contours', 'eye_contours', 'eye_contours']
2025-08-25 02:20:42,886 - DEBUG -    偏差向量: [0.0002  0.00085 0.00085 0.00085 0.00085 0.0015  0.0015  0.0015  0.0015
 0.0015  0.0015  0.0015  0.0015  0.0015  0.0015  0.0015  0.0015  0.0015
 0.0015  0.0015  0.0015 ]
2025-08-25 02:20:42,886 - DEBUG -    向量形状: (21,)
2025-08-25 02:20:42,886 - DEBUG -    偏差统计: 均值=0.001314, 标准差=0.000356
2025-08-25 02:20:42,886 - DEBUG - 获取生理偏差: 点类型=['pupil_center', 'iris_boundaries', 'iris_boundaries', 'iris_boundaries', 'iris_boundaries', 'eye_contours', 'eye_contours', 'eye_contours', 'eye_contours', 'eye_contours', 'eye_contours', 'eye_contours', 'eye_contours', 'eye_contours', 'eye_contours', 'eye_contours', 'eye_contours', 'eye_contours', 'eye_contours', 'eye_contours', 'eye_contours'], 偏差值=[0.0002  0.00085 0.00085 0.00085 0.00085 0.0015  0.0015  0.0015  0.0015
 0.0015  0.0015  0.0015  0.0015  0.0015  0.0015  0.0015  0.0015  0.0015
 0.0015  0.0015  0.0015 ]
2025-08-25 02:20:42,886 - INFO - -----------------------------------------------------------------------------------
2025-08-25 02:20:42,886 - DEBUG - 🔍 拟合残差计算详情:
2025-08-25 02:20:42,886 - DEBUG -    球心坐标: [-0.03038012 -0.0198549   0.60453953]
2025-08-25 02:20:42,886 - DEBUG -    球体半径: 0.014617
2025-08-25 02:20:42,894 - DEBUG -    采样点数: 21
2025-08-25 02:20:42,894 - DEBUG -    点类型分布: {'eye_contours': 16, 'iris_boundaries': 4, 'pupil_center': 1}
2025-08-25 02:20:42,894 - DEBUG -    理论距离向量: [0.01481678 0.01546678 0.01546678 0.01546678 0.01546678 0.01611678
 0.01611678 0.01611678 0.01611678 0.01611678 0.01611678 0.01611678
 0.01611678 0.01611678 0.01611678 0.01611678 0.01611678 0.01611678
 0.01611678 0.01611678 0.01611678]
2025-08-25 02:20:42,894 - DEBUG -    实际距离向量: [0.01963042 0.02958726 0.01881763 0.01039527 0.02426931 0.00979751
 0.01036453 0.01159997 0.01498668 0.02155171 0.02881732 0.03615583
 0.04137332 0.04409861 0.04072346 0.03388098 0.02475949 0.01613839
 0.00822519 0.0058685  0.0075751 ]
2025-08-25 02:20:42,894 - DEBUG -    生理偏差向量: [0.0002  0.00085 0.00085 0.00085 0.00085 0.0015  0.0015  0.0015  0.0015
 0.0015  0.0015  0.0015  0.0015  0.0015  0.0015  0.0015  0.0015  0.0015
 0.0015  0.0015  0.0015 ]
2025-08-25 02:20:42,894 - DEBUG -    残差向量 f(θ): 
[[ 4.81364429e-03]
 [ 1.41204829e-02]
 [ 3.35084771e-03]
 [-5.07151518e-03]
 [ 8.80252631e-03]
 [-6.31927260e-03]
 [-5.75225224e-03]
 [-4.51681360e-03]
 [-1.13010504e-03]
 [ 5.43492603e-03]
 [ 1.27005348e-02]
 [ 2.00390478e-02]
 [ 2.52565410e-02]
 [ 2.79818323e-02]
 [ 2.46066819e-02]
 [ 1.77641962e-02]
 [ 8.64270516e-03]
 [ 2.16135202e-05]
 [-7.89158933e-03]
 [-1.02482757e-02]
 [-8.54167946e-03]]
2025-08-25 02:20:42,894 - DEBUG -    平均残差范数: 0.002889
2025-08-25 02:20:42,894 - DEBUG -    残差范数=0.060671
2025-08-25 02:20:42,894 - INFO - -----------------------------------------------------------------------------------
2025-08-25 02:20:42,894 - DEBUG - 🔍 深度约束计算详情 (softplus):
2025-08-25 02:20:42,894 - DEBUG -    采样点Z坐标范围: [0.600000, 0.602425]
2025-08-25 02:20:42,894 - DEBUG -    球心Z坐标: 0.604540
2025-08-25 02:20:42,894 - DEBUG -    深度偏移ε: 0.000200
2025-08-25 02:20:42,894 - DEBUG -    softplus参数τ: 0.001000
2025-08-25 02:20:42,894 - DEBUG -    原始违反值: -0.001915
2025-08-25 02:20:42,894 - DEBUG -    softplus输入 u: -1.914847
2025-08-25 02:20:42,894 - DEBUG -    约束惩罚 h(θ): 0.000137
2025-08-25 02:20:42,894 - DEBUG -    🟢 深度约束满足: 球心深度足够
2025-08-25 02:20:42,894 - INFO - -----------------------------------------------------------------------------------
2025-08-25 02:20:42,894 - DEBUG - 🔍 半径惩罚计算详情:
2025-08-25 02:20:42,894 - DEBUG -    当前半径: 0.014617
2025-08-25 02:20:42,894 - DEBUG -    半径先验值: 0.012000
2025-08-25 02:20:42,894 - DEBUG -    半径残差 r(θ): 0.002617
2025-08-25 02:20:42,894 - DEBUG -    数据残差 f(θ): [[ 4.81364429e-03]
 [ 1.41204829e-02]
 [ 3.35084771e-03]
 [-5.07151518e-03]
 [ 8.80252631e-03]
 [-6.31927260e-03]
 [-5.75225224e-03]
 [-4.51681360e-03]
 [-1.13010504e-03]
 [ 5.43492603e-03]
 [ 1.27005348e-02]
 [ 2.00390478e-02]
 [ 2.52565410e-02]
 [ 2.79818323e-02]
 [ 2.46066819e-02]
 [ 1.77641962e-02]
 [ 8.64270516e-03]
 [ 2.16135202e-05]
 [-7.89158933e-03]
 [-1.02482757e-02]
 [-8.54167946e-03]]
2025-08-25 02:20:42,894 - DEBUG -    约束残差 g(θ): [[0.00013747]]
2025-08-25 02:20:42,894 - DEBUG -    半径残差 r(θ): [[0.00261678]]
2025-08-25 02:20:42,894 - DEBUG - 🔍 状态变化计算: 参数变化=0.007601, 残差变化=0.014133
2025-08-25 02:20:42,894 - INFO - -----------------------------------------------------------------------------------
2025-08-25 02:20:42,894 - DEBUG - 🔍 权重管理器状态更新详情:
2025-08-25 02:20:42,894 - DEBUG -    当前迭代: 7
2025-08-25 02:20:42,894 - DEBUG -    参数变化: 0.007601 (阈值: 0.000005)
2025-08-25 02:20:42,894 - DEBUG -    残差变化: 0.014133 (阈值: 0.000005)
2025-08-25 02:20:42,894 - DEBUG -    几何权重因子: 10
2025-08-25 02:20:42,894 - DEBUG - ⏸️ 保持图像置信度权重: 参数变化=7.60e-03, 残差变化=1.41e-02
2025-08-25 02:20:42,894 - DEBUG - 状态已保存: 参数=[-0.03038012 -0.0198549   0.60453953  0.01461678], 残差范数=0.060671
2025-08-25 02:20:42,894 - DEBUG - 🔍 获取visibility信息: 形状=(21,), 范围=[1.000, 1.000]
2025-08-25 02:20:42,894 - DEBUG - 🔧 设置图像置信度权重: 21个点
2025-08-25 02:20:42,894 - DEBUG - 🔍 开始计算权重矩阵:
2025-08-25 02:20:42,894 - DEBUG -    点类型: ['pupil_center', 'iris_boundaries', 'iris_boundaries', 'iris_boundaries', 'iris_boundaries', 'eye_contours', 'eye_contours', 'eye_contours', 'eye_contours', 'eye_contours', 'eye_contours', 'eye_contours', 'eye_contours', 'eye_contours', 'eye_contours', 'eye_contours', 'eye_contours', 'eye_contours', 'eye_contours', 'eye_contours', 'eye_contours']
2025-08-25 02:20:42,894 - DEBUG -    残差向量: 形状=(21,), 范数=0.060671
2025-08-25 02:20:42,894 - DEBUG -    Visibility: 形状=(21,), 均值=1.000
2025-08-25 02:20:42,894 - WARNING - ⚠️ 权重管理器：没有启用几何权重，使用默认全1权重
2025-08-25 02:20:42,903 - WARNING - ⚠️ 权重管理器：没有启用几何权重，使用默认全1权重
2025-08-25 02:20:42,903 - WARNING - ⚠️ 权重管理器：没有启用几何权重，使用默认全1权重
2025-08-25 02:20:42,903 - WARNING - ⚠️ 权重管理器：没有启用几何权重，使用默认全1权重
2025-08-25 02:20:42,903 - WARNING - ⚠️ 权重管理器：没有启用几何权重，使用默认全1权重
2025-08-25 02:20:42,903 - WARNING - ⚠️ 权重管理器：没有启用几何权重，使用默认全1权重
2025-08-25 02:20:42,903 - WARNING - ⚠️ 权重管理器：没有启用几何权重，使用默认全1权重
2025-08-25 02:20:42,903 - WARNING - ⚠️ 权重管理器：没有启用几何权重，使用默认全1权重
2025-08-25 02:20:42,903 - WARNING - ⚠️ 权重管理器：没有启用几何权重，使用默认全1权重
2025-08-25 02:20:42,903 - WARNING - ⚠️ 权重管理器：没有启用几何权重，使用默认全1权重
2025-08-25 02:20:42,903 - WARNING - ⚠️ 权重管理器：没有启用几何权重，使用默认全1权重
2025-08-25 02:20:42,903 - WARNING - ⚠️ 权重管理器：没有启用几何权重，使用默认全1权重
2025-08-25 02:20:42,903 - WARNING - ⚠️ 权重管理器：没有启用几何权重，使用默认全1权重
2025-08-25 02:20:42,903 - WARNING - ⚠️ 权重管理器：没有启用几何权重，使用默认全1权重
2025-08-25 02:20:42,903 - WARNING - ⚠️ 权重管理器：没有启用几何权重，使用默认全1权重
2025-08-25 02:20:42,903 - WARNING - ⚠️ 权重管理器：没有启用几何权重，使用默认全1权重
2025-08-25 02:20:42,903 - WARNING - ⚠️ 权重管理器：没有启用几何权重，使用默认全1权重
2025-08-25 02:20:42,903 - WARNING - ⚠️ 权重管理器：没有启用几何权重，使用默认全1权重
2025-08-25 02:20:42,903 - WARNING - ⚠️ 权重管理器：没有启用几何权重，使用默认全1权重
2025-08-25 02:20:42,903 - WARNING - ⚠️ 权重管理器：没有启用几何权重，使用默认全1权重
2025-08-25 02:20:42,903 - WARNING - ⚠️ 权重管理器：没有启用几何权重，使用默认全1权重
2025-08-25 02:20:42,903 - DEBUG - 🔍 权重矩阵计算成功: 形状=(21, 21)
2025-08-25 02:20:42,903 - DEBUG - 🔍 几何权重统计:
2025-08-25 02:20:42,903 - DEBUG -    权重向量: [[1.]
 [1.]
 [1.]
 [1.]
 [1.]
 [1.]
 [1.]
 [1.]
 [1.]
 [1.]
 [1.]
 [1.]
 [1.]
 [1.]
 [1.]
 [1.]
 [1.]
 [1.]
 [1.]
 [1.]
 [1.]]
2025-08-25 02:20:42,903 - DEBUG -    权重范围: [1.000000, 1.000000]
2025-08-25 02:20:42,903 - DEBUG -    权重均值: 1.000000
2025-08-25 02:20:42,903 - DEBUG -    权重标准差: 0.000000
2025-08-25 02:20:42,903 - DEBUG -    高权重点(>0.8): 21/21
2025-08-25 02:20:42,903 - DEBUG -    低权重点(<0.2): 0/21
2025-08-25 02:20:42,903 - INFO - -----------------------------------------------------------------------------------
2025-08-25 02:20:42,903 - DEBUG - 🔍 开始求解LM更新方程:
2025-08-25 02:20:42,903 - DEBUG -    数据残差: 形状=(21,), 范数=0.060671
2025-08-25 02:20:42,903 - DEBUG -    约束残差: 形状=(1,), 范数=0.000137
2025-08-25 02:20:42,903 - DEBUG - 🔍 计算数据残差雅可比矩阵 J_f: 形状=(21, 4)
2025-08-25 02:20:42,903 - DEBUG - 🔍 J_f矩阵计算完成: 条件数=1.31e+01
2025-08-25 02:20:42,903 - DEBUG - 🔍 深度约束雅可比计算: u=-1.914847, σ=0.128437, J_h=[[ 0.          0.         -0.12843726  0.        ]]
2025-08-25 02:20:42,903 - DEBUG - 🔍 半径先验雅可比: J_r=[[0. 0. 0. 1.]]
2025-08-25 02:20:42,903 - DEBUG - 🔍 使用几何权重矩阵: 形状=(21, 21)
2025-08-25 02:20:42,903 - DEBUG - 🔍 Hessian矩阵计算:
2025-08-25 02:20:42,903 - DEBUG -    H_data = J_f^T W J_f: 形状=(4, 4), 条件数=1.71e+02
2025-08-25 02:20:42,903 - DEBUG -    H_h = λ_depth J_h^T J_h: 形状=(4, 4), λ_depth=1000.0
2025-08-25 02:20:42,903 - DEBUG -    H_r = λ_radius J_r^T J_r: 形状=(4, 4), λ_radius=1.0
2025-08-25 02:20:42,903 - DEBUG -    H_total: 形状=(4, 4), 条件数=5.07e+01
2025-08-25 02:20:42,903 - DEBUG - 🔍 梯度计算:
2025-08-25 02:20:42,903 - DEBUG -    g_data: 形状=(4,), 范数=0.201857
2025-08-25 02:20:42,903 - DEBUG -    g_h: 形状=(4,), 范数=0.017656
2025-08-25 02:20:42,903 - DEBUG -    g_r: 形状=(4,), 范数=0.002617
2025-08-25 02:20:42,903 - DEBUG -    g_total: 形状=(4,), 范数=0.201066
2025-08-25 02:20:42,903 - DEBUG - 🔍 LM阻尼矩阵: H_lm = H_total + 1.0 * I
2025-08-25 02:20:42,903 - DEBUG -    H_lm条件数: 2.19e+01
2025-08-25 02:20:42,903 - DEBUG - 🔍 线性方程组求解成功:
2025-08-25 02:20:42,903 - DEBUG -    参数更新向量 Δθ: [[-0.01154527]
 [ 0.00581632]
 [ 0.00013197]
 [ 0.00058459]]
2025-08-25 02:20:42,903 - DEBUG -    更新向量范数: 0.012941
2025-08-25 02:20:42,903 - DEBUG -    各分量更新: Δc_x=-0.011545, Δc_y=0.005816, Δc_z=0.000132, Δr=0.000585
2025-08-25 02:20:42,911 - DEBUG -    参数更新:
2025-08-25 02:20:42,911 - DEBUG -      旧参数: [[-0.03038012]
 [-0.0198549 ]
 [ 0.60453953]
 [ 0.01461678]]
2025-08-25 02:20:42,911 - DEBUG -      更新向量: [[-0.01154527]
 [ 0.00581632]
 [ 0.00013197]
 [ 0.00058459]]
2025-08-25 02:20:42,911 - DEBUG -      新参数: [[-0.04192539]
 [-0.01403858]
 [ 0.6046715 ]
 [ 0.01520137]]
2025-08-25 02:20:42,911 - INFO - -----------------------------------------------------------------------------------
2025-08-25 02:20:42,911 - INFO - 🔍 迭代第7次，球心向右11.545267mm，向下5.816316mm，向后0.131972mm，半径变大0.584588mm
2025-08-25 02:20:42,911 - INFO - 📊 变化前: 中心(-0.030, -0.020, 0.605), 半径14.62mm
2025-08-25 02:20:42,911 - INFO - 📊 变化后: 中心(-0.042, -0.014, 0.605), 半径15.20mm
2025-08-25 02:20:42,911 - INFO - 📈 变化量: 中心移动12.93mm, 半径变化0.58mm
2025-08-25 02:20:42,911 - INFO - 📍 眼球中心: [-0.03038012 -0.0198549   0.60453953]
2025-08-25 02:20:42,911 - INFO - 📏 眼球半径: 14.62mm
2025-08-25 02:20:42,911 - INFO - 👁️ 瞳孔中心: [-0.012      -0.01466667  0.60000002]
2025-08-25 02:20:42,911 - INFO - 📐 眼球中心在瞳孔中心的左18.38mm，上5.19mm，后4.54mm
2025-08-25 02:20:42,911 - INFO - 📏 距离: 19.63mm
2025-08-25 02:20:42,911 - INFO - -----------------------------------------------------------------------------------
2025-08-25 02:20:42,911 - INFO - -----------------------------------------------------------------------------------
2025-08-25 02:20:42,911 - DEBUG - 🔍 参数有效性检查:
2025-08-25 02:20:42,911 - DEBUG -    参数向量: [[-0.04192539]
 [-0.01403858]
 [ 0.6046715 ]
 [ 0.01520137]]
2025-08-25 02:20:42,911 - DEBUG -    球心: [-0.04192539 -0.01403858  0.6046715 ]
2025-08-25 02:20:42,911 - DEBUG -    半径: 0.015201
2025-08-25 02:20:42,911 - DEBUG - 🔍 函数值计算详情:
2025-08-25 02:20:42,911 - DEBUG -    数据项 F(θ): 0.001840
2025-08-25 02:20:42,911 - DEBUG -    深度约束项: 0.000009
2025-08-25 02:20:42,911 - DEBUG -    半径先验项: 0.000003
2025-08-25 02:20:42,911 - DEBUG -    总函数值 Φ(θ): 0.001853
2025-08-25 02:20:42,911 - DEBUG -    函数值改善: -0.000763
2025-08-25 02:20:42,911 - DEBUG - 🔍 参数有效: False
2025-08-25 02:20:42,911 - DEBUG -    参数无效，阻尼因子调整: λ_LM = 1.00e+01
2025-08-25 02:20:42,911 - DEBUG - 🔍 迭代 9/30:
2025-08-25 02:20:42,911 - DEBUG - 🔍 计算点到球心距离: 形状=(21,)
2025-08-25 02:20:42,911 - DEBUG - 🔍 生理偏差向量计算:
2025-08-25 02:20:42,911 - DEBUG -    点类型列表: ['pupil_center', 'iris_boundaries', 'iris_boundaries', 'iris_boundaries', 'iris_boundaries', 'eye_contours', 'eye_contours', 'eye_contours', 'eye_contours', 'eye_contours', 'eye_contours', 'eye_contours', 'eye_contours', 'eye_contours', 'eye_contours', 'eye_contours', 'eye_contours', 'eye_contours', 'eye_contours', 'eye_contours', 'eye_contours']
2025-08-25 02:20:42,911 - DEBUG -    偏差向量: [0.0002  0.00085 0.00085 0.00085 0.00085 0.0015  0.0015  0.0015  0.0015
 0.0015  0.0015  0.0015  0.0015  0.0015  0.0015  0.0015  0.0015  0.0015
 0.0015  0.0015  0.0015 ]
2025-08-25 02:20:42,911 - DEBUG -    向量形状: (21,)
2025-08-25 02:20:42,911 - DEBUG -    偏差统计: 均值=0.001314, 标准差=0.000356
2025-08-25 02:20:42,911 - DEBUG - 获取生理偏差: 点类型=['pupil_center', 'iris_boundaries', 'iris_boundaries', 'iris_boundaries', 'iris_boundaries', 'eye_contours', 'eye_contours', 'eye_contours', 'eye_contours', 'eye_contours', 'eye_contours', 'eye_contours', 'eye_contours', 'eye_contours', 'eye_contours', 'eye_contours', 'eye_contours', 'eye_contours', 'eye_contours', 'eye_contours', 'eye_contours'], 偏差值=[0.0002  0.00085 0.00085 0.00085 0.00085 0.0015  0.0015  0.0015  0.0015
 0.0015  0.0015  0.0015  0.0015  0.0015  0.0015  0.0015  0.0015  0.0015
 0.0015  0.0015  0.0015 ]
2025-08-25 02:20:42,911 - INFO - -----------------------------------------------------------------------------------
2025-08-25 02:20:42,911 - DEBUG - 🔍 拟合残差计算详情:
2025-08-25 02:20:42,919 - DEBUG -    球心坐标: [-0.03038012 -0.0198549   0.60453953]
2025-08-25 02:20:42,920 - DEBUG -    球体半径: 0.014617
2025-08-25 02:20:42,920 - DEBUG -    采样点数: 21
2025-08-25 02:20:42,920 - DEBUG -    点类型分布: {'eye_contours': 16, 'iris_boundaries': 4, 'pupil_center': 1}
2025-08-25 02:20:42,920 - DEBUG -    理论距离向量: [0.01481678 0.01546678 0.01546678 0.01546678 0.01546678 0.01611678
 0.01611678 0.01611678 0.01611678 0.01611678 0.01611678 0.01611678
 0.01611678 0.01611678 0.01611678 0.01611678 0.01611678 0.01611678
 0.01611678 0.01611678 0.01611678]
2025-08-25 02:20:42,920 - DEBUG -    实际距离向量: [0.01963042 0.02958726 0.01881763 0.01039527 0.02426931 0.00979751
 0.01036453 0.01159997 0.01498668 0.02155171 0.02881732 0.03615583
 0.04137332 0.04409861 0.04072346 0.03388098 0.02475949 0.01613839
 0.00822519 0.0058685  0.0075751 ]
2025-08-25 02:20:42,920 - DEBUG -    生理偏差向量: [0.0002  0.00085 0.00085 0.00085 0.00085 0.0015  0.0015  0.0015  0.0015
 0.0015  0.0015  0.0015  0.0015  0.0015  0.0015  0.0015  0.0015  0.0015
 0.0015  0.0015  0.0015 ]
2025-08-25 02:20:42,920 - DEBUG -    残差向量 f(θ): 
[[ 4.81364429e-03]
 [ 1.41204829e-02]
 [ 3.35084771e-03]
 [-5.07151518e-03]
 [ 8.80252631e-03]
 [-6.31927260e-03]
 [-5.75225224e-03]
 [-4.51681360e-03]
 [-1.13010504e-03]
 [ 5.43492603e-03]
 [ 1.27005348e-02]
 [ 2.00390478e-02]
 [ 2.52565410e-02]
 [ 2.79818323e-02]
 [ 2.46066819e-02]
 [ 1.77641962e-02]
 [ 8.64270516e-03]
 [ 2.16135202e-05]
 [-7.89158933e-03]
 [-1.02482757e-02]
 [-8.54167946e-03]]
2025-08-25 02:20:42,920 - DEBUG -    平均残差范数: 0.002889
2025-08-25 02:20:42,920 - DEBUG -    残差范数=0.060671
2025-08-25 02:20:42,920 - INFO - -----------------------------------------------------------------------------------
2025-08-25 02:20:42,920 - DEBUG - 🔍 深度约束计算详情 (softplus):
2025-08-25 02:20:42,920 - DEBUG -    采样点Z坐标范围: [0.600000, 0.602425]
2025-08-25 02:20:42,920 - DEBUG -    球心Z坐标: 0.604540
2025-08-25 02:20:42,920 - DEBUG -    深度偏移ε: 0.000200
2025-08-25 02:20:42,920 - DEBUG -    softplus参数τ: 0.001000
2025-08-25 02:20:42,920 - DEBUG -    原始违反值: -0.001915
2025-08-25 02:20:42,920 - DEBUG -    softplus输入 u: -1.914847
2025-08-25 02:20:42,920 - DEBUG -    约束惩罚 h(θ): 0.000137
2025-08-25 02:20:42,920 - DEBUG -    🟢 深度约束满足: 球心深度足够
2025-08-25 02:20:42,920 - INFO - -----------------------------------------------------------------------------------
2025-08-25 02:20:42,920 - DEBUG - 🔍 半径惩罚计算详情:
2025-08-25 02:20:42,920 - DEBUG -    当前半径: 0.014617
2025-08-25 02:20:42,920 - DEBUG -    半径先验值: 0.012000
2025-08-25 02:20:42,920 - DEBUG -    半径残差 r(θ): 0.002617
2025-08-25 02:20:42,920 - DEBUG -    数据残差 f(θ): [[ 4.81364429e-03]
 [ 1.41204829e-02]
 [ 3.35084771e-03]
 [-5.07151518e-03]
 [ 8.80252631e-03]
 [-6.31927260e-03]
 [-5.75225224e-03]
 [-4.51681360e-03]
 [-1.13010504e-03]
 [ 5.43492603e-03]
 [ 1.27005348e-02]
 [ 2.00390478e-02]
 [ 2.52565410e-02]
 [ 2.79818323e-02]
 [ 2.46066819e-02]
 [ 1.77641962e-02]
 [ 8.64270516e-03]
 [ 2.16135202e-05]
 [-7.89158933e-03]
 [-1.02482757e-02]
 [-8.54167946e-03]]
2025-08-25 02:20:42,920 - DEBUG -    约束残差 g(θ): [[0.00013747]]
2025-08-25 02:20:42,920 - DEBUG -    半径残差 r(θ): [[0.00261678]]
2025-08-25 02:20:42,920 - DEBUG - 🔍 状态变化计算: 参数变化=0.000000, 残差变化=0.000000
2025-08-25 02:20:42,920 - INFO - -----------------------------------------------------------------------------------
2025-08-25 02:20:42,920 - DEBUG - 🔍 权重管理器状态更新详情:
2025-08-25 02:20:42,920 - DEBUG -    当前迭代: 8
2025-08-25 02:20:42,920 - DEBUG -    参数变化: 0.000000 (阈值: 0.000005)
2025-08-25 02:20:42,920 - DEBUG -    残差变化: 0.000000 (阈值: 0.000005)
2025-08-25 02:20:42,920 - DEBUG -    几何权重因子: 10
2025-08-25 02:20:42,920 - DEBUG - ⏸️ 保持图像置信度权重: 参数变化=0.00e+00, 残差变化=0.00e+00
2025-08-25 02:20:42,920 - DEBUG - 状态已保存: 参数=[-0.03038012 -0.0198549   0.60453953  0.01461678], 残差范数=0.060671
2025-08-25 02:20:42,920 - DEBUG - 🔍 获取visibility信息: 形状=(21,), 范围=[1.000, 1.000]
2025-08-25 02:20:42,920 - DEBUG - 🔧 设置图像置信度权重: 21个点
2025-08-25 02:20:42,920 - DEBUG - 🔍 开始计算权重矩阵:
2025-08-25 02:20:42,920 - DEBUG -    点类型: ['pupil_center', 'iris_boundaries', 'iris_boundaries', 'iris_boundaries', 'iris_boundaries', 'eye_contours', 'eye_contours', 'eye_contours', 'eye_contours', 'eye_contours', 'eye_contours', 'eye_contours', 'eye_contours', 'eye_contours', 'eye_contours', 'eye_contours', 'eye_contours', 'eye_contours', 'eye_contours', 'eye_contours', 'eye_contours']
2025-08-25 02:20:42,920 - DEBUG -    残差向量: 形状=(21,), 范数=0.060671
2025-08-25 02:20:42,920 - DEBUG -    Visibility: 形状=(21,), 均值=1.000
2025-08-25 02:20:42,920 - WARNING - ⚠️ 权重管理器：没有启用几何权重，使用默认全1权重
2025-08-25 02:20:42,920 - WARNING - ⚠️ 权重管理器：没有启用几何权重，使用默认全1权重
2025-08-25 02:20:42,920 - WARNING - ⚠️ 权重管理器：没有启用几何权重，使用默认全1权重
2025-08-25 02:20:42,927 - WARNING - ⚠️ 权重管理器：没有启用几何权重，使用默认全1权重
2025-08-25 02:20:42,927 - WARNING - ⚠️ 权重管理器：没有启用几何权重，使用默认全1权重
2025-08-25 02:20:42,927 - WARNING - ⚠️ 权重管理器：没有启用几何权重，使用默认全1权重
2025-08-25 02:20:42,927 - WARNING - ⚠️ 权重管理器：没有启用几何权重，使用默认全1权重
2025-08-25 02:20:42,927 - WARNING - ⚠️ 权重管理器：没有启用几何权重，使用默认全1权重
2025-08-25 02:20:42,927 - WARNING - ⚠️ 权重管理器：没有启用几何权重，使用默认全1权重
2025-08-25 02:20:42,927 - WARNING - ⚠️ 权重管理器：没有启用几何权重，使用默认全1权重
2025-08-25 02:20:42,927 - WARNING - ⚠️ 权重管理器：没有启用几何权重，使用默认全1权重
2025-08-25 02:20:42,927 - WARNING - ⚠️ 权重管理器：没有启用几何权重，使用默认全1权重
2025-08-25 02:20:42,927 - WARNING - ⚠️ 权重管理器：没有启用几何权重，使用默认全1权重
2025-08-25 02:20:42,927 - WARNING - ⚠️ 权重管理器：没有启用几何权重，使用默认全1权重
2025-08-25 02:20:42,927 - WARNING - ⚠️ 权重管理器：没有启用几何权重，使用默认全1权重
2025-08-25 02:20:42,927 - WARNING - ⚠️ 权重管理器：没有启用几何权重，使用默认全1权重
2025-08-25 02:20:42,929 - WARNING - ⚠️ 权重管理器：没有启用几何权重，使用默认全1权重
2025-08-25 02:20:42,929 - WARNING - ⚠️ 权重管理器：没有启用几何权重，使用默认全1权重
2025-08-25 02:20:42,929 - WARNING - ⚠️ 权重管理器：没有启用几何权重，使用默认全1权重
2025-08-25 02:20:42,929 - WARNING - ⚠️ 权重管理器：没有启用几何权重，使用默认全1权重
2025-08-25 02:20:42,929 - WARNING - ⚠️ 权重管理器：没有启用几何权重，使用默认全1权重
2025-08-25 02:20:42,930 - DEBUG - 🔍 权重矩阵计算成功: 形状=(21, 21)
2025-08-25 02:20:42,930 - DEBUG - 🔍 几何权重统计:
2025-08-25 02:20:42,930 - DEBUG -    权重向量: [[1.]
 [1.]
 [1.]
 [1.]
 [1.]
 [1.]
 [1.]
 [1.]
 [1.]
 [1.]
 [1.]
 [1.]
 [1.]
 [1.]
 [1.]
 [1.]
 [1.]
 [1.]
 [1.]
 [1.]
 [1.]]
2025-08-25 02:20:42,930 - DEBUG -    权重范围: [1.000000, 1.000000]
2025-08-25 02:20:42,930 - DEBUG -    权重均值: 1.000000
2025-08-25 02:20:42,930 - DEBUG -    权重标准差: 0.000000
2025-08-25 02:20:42,930 - DEBUG -    高权重点(>0.8): 21/21
2025-08-25 02:20:42,930 - DEBUG -    低权重点(<0.2): 0/21
2025-08-25 02:20:42,930 - INFO - -----------------------------------------------------------------------------------
2025-08-25 02:20:42,930 - DEBUG - 🔍 开始求解LM更新方程:
2025-08-25 02:20:42,930 - DEBUG -    数据残差: 形状=(21,), 范数=0.060671
2025-08-25 02:20:42,930 - DEBUG -    约束残差: 形状=(1,), 范数=0.000137
2025-08-25 02:20:42,930 - DEBUG - 🔍 计算数据残差雅可比矩阵 J_f: 形状=(21, 4)
2025-08-25 02:20:42,930 - DEBUG - 🔍 J_f矩阵计算完成: 条件数=1.31e+01
2025-08-25 02:20:42,930 - DEBUG - 🔍 深度约束雅可比计算: u=-1.914847, σ=0.128437, J_h=[[ 0.          0.         -0.12843726  0.        ]]
2025-08-25 02:20:42,930 - DEBUG - 🔍 半径先验雅可比: J_r=[[0. 0. 0. 1.]]
2025-08-25 02:20:42,930 - DEBUG - 🔍 使用几何权重矩阵: 形状=(21, 21)
2025-08-25 02:20:42,930 - DEBUG - 🔍 Hessian矩阵计算:
2025-08-25 02:20:42,930 - DEBUG -    H_data = J_f^T W J_f: 形状=(4, 4), 条件数=1.71e+02
2025-08-25 02:20:42,930 - DEBUG -    H_h = λ_depth J_h^T J_h: 形状=(4, 4), λ_depth=1000.0
2025-08-25 02:20:42,930 - DEBUG -    H_r = λ_radius J_r^T J_r: 形状=(4, 4), λ_radius=1.0
2025-08-25 02:20:42,930 - DEBUG -    H_total: 形状=(4, 4), 条件数=5.07e+01
2025-08-25 02:20:42,930 - DEBUG - 🔍 梯度计算:
2025-08-25 02:20:42,930 - DEBUG -    g_data: 形状=(4,), 范数=0.201857
2025-08-25 02:20:42,936 - DEBUG -    g_h: 形状=(4,), 范数=0.017656
2025-08-25 02:20:42,936 - DEBUG -    g_r: 形状=(4,), 范数=0.002617
2025-08-25 02:20:42,936 - DEBUG -    g_total: 形状=(4,), 范数=0.201066
2025-08-25 02:20:42,936 - DEBUG - 🔍 LM阻尼矩阵: H_lm = H_total + 10.0 * I
2025-08-25 02:20:42,936 - DEBUG -    H_lm条件数: 4.35e+00
2025-08-25 02:20:42,936 - DEBUG - 🔍 线性方程组求解成功:
2025-08-25 02:20:42,936 - DEBUG -    参数更新向量 Δθ: [[-5.95624436e-03]
 [ 2.10083040e-03]
 [ 2.56114792e-05]
 [ 1.81280452e-03]]
2025-08-25 02:20:42,936 - DEBUG -    更新向量范数: 0.006571
2025-08-25 02:20:42,936 - DEBUG -    各分量更新: Δc_x=-0.005956, Δc_y=0.002101, Δc_z=0.000026, Δr=0.001813
2025-08-25 02:20:42,936 - DEBUG -    参数更新:
2025-08-25 02:20:42,936 - DEBUG -      旧参数: [[-0.03038012]
 [-0.0198549 ]
 [ 0.60453953]
 [ 0.01461678]]
2025-08-25 02:20:42,938 - DEBUG -      更新向量: [[-5.95624436e-03]
 [ 2.10083040e-03]
 [ 2.56114792e-05]
 [ 1.81280452e-03]]
2025-08-25 02:20:42,938 - DEBUG -      新参数: [[-0.03633636]
 [-0.01775407]
 [ 0.60456514]
 [ 0.01642958]]
2025-08-25 02:20:42,938 - INFO - -----------------------------------------------------------------------------------
2025-08-25 02:20:42,938 - INFO - 🔍 迭代第8次，球心向右5.956244mm，向下2.100830mm，向后0.025611mm，半径变大1.812805mm
2025-08-25 02:20:42,938 - INFO - 📊 变化前: 中心(-0.030, -0.020, 0.605), 半径14.62mm
2025-08-25 02:20:42,938 - INFO - 📊 变化后: 中心(-0.036, -0.018, 0.605), 半径16.43mm
2025-08-25 02:20:42,938 - INFO - 📈 变化量: 中心移动6.32mm, 半径变化1.81mm
2025-08-25 02:20:42,938 - INFO - 📍 眼球中心: [-0.03038012 -0.0198549   0.60453953]
2025-08-25 02:20:42,938 - INFO - 📏 眼球半径: 14.62mm
2025-08-25 02:20:42,938 - INFO - 👁️ 瞳孔中心: [-0.012      -0.01466667  0.60000002]
2025-08-25 02:20:42,938 - INFO - 📐 眼球中心在瞳孔中心的左18.38mm，上5.19mm，后4.54mm
2025-08-25 02:20:42,938 - INFO - 📏 距离: 19.63mm
2025-08-25 02:20:42,938 - INFO - -----------------------------------------------------------------------------------
2025-08-25 02:20:42,938 - INFO - -----------------------------------------------------------------------------------
2025-08-25 02:20:42,938 - DEBUG - 🔍 参数有效性检查:
2025-08-25 02:20:42,938 - DEBUG -    参数向量: [[-0.03633636]
 [-0.01775407]
 [ 0.60456514]
 [ 0.01642958]]
2025-08-25 02:20:42,938 - DEBUG -    球心: [-0.03633636 -0.01775407  0.60456514]
2025-08-25 02:20:42,938 - DEBUG -    半径: 0.016430
2025-08-25 02:20:42,938 - DEBUG - 🔍 函数值计算详情:
2025-08-25 02:20:42,938 - DEBUG -    数据项 F(θ): 0.001840
2025-08-25 02:20:42,938 - DEBUG -    深度约束项: 0.000009
2025-08-25 02:20:42,938 - DEBUG -    半径先验项: 0.000003
2025-08-25 02:20:42,938 - DEBUG -    总函数值 Φ(θ): 0.001853
2025-08-25 02:20:42,938 - DEBUG -    函数值改善: 0.000000
2025-08-25 02:20:42,938 - DEBUG - 🔍 参数有效: True
2025-08-25 02:20:42,938 - DEBUG -    参数更新成功:
2025-08-25 02:20:42,938 - DEBUG -      新球心: [-0.03633636 -0.01775407  0.60456514]
2025-08-25 02:20:42,938 - DEBUG -      新半径: 0.016430
2025-08-25 02:20:42,938 - INFO - -----------------------------------------------------------------------------------
2025-08-25 02:20:42,938 - DEBUG - 🔍 LM收敛性检查:
2025-08-25 02:20:42,938 - DEBUG -    当前迭代次数: 8
2025-08-25 02:20:42,938 - DEBUG -    最大迭代次数: 30
2025-08-25 02:20:42,938 - DEBUG -    参数变化: 0.006571
2025-08-25 02:20:42,938 - DEBUG -    参数容忍度: 5e-06
2025-08-25 02:20:42,938 - DEBUG -    残差变化: 0.000000
2025-08-25 02:20:42,938 - DEBUG -    残差容忍度: 5e-06
2025-08-25 02:20:42,938 - DEBUG - 🔍 迭代 10/30:
2025-08-25 02:20:42,944 - DEBUG - 🔍 计算点到球心距离: 形状=(21,)
2025-08-25 02:20:42,944 - DEBUG - 🔍 生理偏差向量计算:
2025-08-25 02:20:42,944 - DEBUG -    点类型列表: ['pupil_center', 'iris_boundaries', 'iris_boundaries', 'iris_boundaries', 'iris_boundaries', 'eye_contours', 'eye_contours', 'eye_contours', 'eye_contours', 'eye_contours', 'eye_contours', 'eye_contours', 'eye_contours', 'eye_contours', 'eye_contours', 'eye_contours', 'eye_contours', 'eye_contours', 'eye_contours', 'eye_contours', 'eye_contours']
2025-08-25 02:20:42,944 - DEBUG -    偏差向量: [0.0002  0.00085 0.00085 0.00085 0.00085 0.0015  0.0015  0.0015  0.0015
 0.0015  0.0015  0.0015  0.0015  0.0015  0.0015  0.0015  0.0015  0.0015
 0.0015  0.0015  0.0015 ]
2025-08-25 02:20:42,944 - DEBUG -    向量形状: (21,)
2025-08-25 02:20:42,947 - DEBUG -    偏差统计: 均值=0.001314, 标准差=0.000356
2025-08-25 02:20:42,948 - DEBUG - 获取生理偏差: 点类型=['pupil_center', 'iris_boundaries', 'iris_boundaries', 'iris_boundaries', 'iris_boundaries', 'eye_contours', 'eye_contours', 'eye_contours', 'eye_contours', 'eye_contours', 'eye_contours', 'eye_contours', 'eye_contours', 'eye_contours', 'eye_contours', 'eye_contours', 'eye_contours', 'eye_contours', 'eye_contours', 'eye_contours', 'eye_contours'], 偏差值=[0.0002  0.00085 0.00085 0.00085 0.00085 0.0015  0.0015  0.0015  0.0015
 0.0015  0.0015  0.0015  0.0015  0.0015  0.0015  0.0015  0.0015  0.0015
 0.0015  0.0015  0.0015 ]
2025-08-25 02:20:42,948 - INFO - -----------------------------------------------------------------------------------
2025-08-25 02:20:42,948 - DEBUG - 🔍 拟合残差计算详情:
2025-08-25 02:20:42,948 - DEBUG -    球心坐标: [-0.03633636 -0.01775407  0.60456514]
2025-08-25 02:20:42,948 - DEBUG -    球体半径: 0.016430
2025-08-25 02:20:42,948 - DEBUG -    采样点数: 21
2025-08-25 02:20:42,948 - DEBUG -    点类型分布: {'eye_contours': 16, 'iris_boundaries': 4, 'pupil_center': 1}
2025-08-25 02:20:42,948 - DEBUG -    理论距离向量: [0.01662958 0.01727958 0.01727958 0.01727958 0.01727958 0.01792958
 0.01792958 0.01792958 0.01792958 0.01792958 0.01792958 0.01792958
 0.01792958 0.01792958 0.01792958 0.01792958 0.01792958 0.01792958
 0.01792958 0.01792958 0.01792958]
2025-08-25 02:20:42,948 - DEBUG -    实际距离向量: [0.02495257 0.03517578 0.02498878 0.01459488 0.02805527 0.00609851
 0.00947437 0.01276436 0.01785823 0.02572288 0.03369817 0.04145392
 0.04684057 0.04966496 0.0464113  0.03971691 0.03065536 0.02199302
 0.01338383 0.00817406 0.00632827]
2025-08-25 02:20:42,948 - DEBUG -    生理偏差向量: [0.0002  0.00085 0.00085 0.00085 0.00085 0.0015  0.0015  0.0015  0.0015
 0.0015  0.0015  0.0015  0.0015  0.0015  0.0015  0.0015  0.0015  0.0015
 0.0015  0.0015  0.0015 ]
2025-08-25 02:20:42,948 - DEBUG -    残差向量 f(θ): 
[[ 8.32298744e-03]
 [ 1.78961921e-02]
 [ 7.70919541e-03]
 [-2.68470032e-03]
 [ 1.07756834e-02]
 [-1.18310761e-02]
 [-8.45521304e-03]
 [-5.16522638e-03]
 [-7.13532420e-05]
 [ 7.79329111e-03]
 [ 1.57685830e-02]
 [ 2.35243306e-02]
 [ 2.89109806e-02]
 [ 3.17353705e-02]
 [ 2.84817185e-02]
 [ 2.17873291e-02]
 [ 1.27257750e-02]
 [ 4.06343380e-03]
 [-4.54575187e-03]
 [-9.75552273e-03]
 [-1.16013105e-02]]
2025-08-25 02:20:42,948 - DEBUG -    平均残差范数: 0.003444
2025-08-25 02:20:42,948 - DEBUG -    残差范数=0.072326
2025-08-25 02:20:42,952 - INFO - -----------------------------------------------------------------------------------
2025-08-25 02:20:42,952 - DEBUG - 🔍 深度约束计算详情 (softplus):
2025-08-25 02:20:42,952 - DEBUG -    采样点Z坐标范围: [0.600000, 0.602425]
2025-08-25 02:20:42,952 - DEBUG -    球心Z坐标: 0.604565
2025-08-25 02:20:42,952 - DEBUG -    深度偏移ε: 0.000200
2025-08-25 02:20:42,952 - DEBUG -    softplus参数τ: 0.001000
2025-08-25 02:20:42,952 - DEBUG -    原始违反值: -0.001940
2025-08-25 02:20:42,952 - DEBUG -    softplus输入 u: -1.940459
2025-08-25 02:20:42,952 - DEBUG -    约束惩罚 h(θ): 0.000134
2025-08-25 02:20:42,952 - DEBUG -    🟢 深度约束满足: 球心深度足够
2025-08-25 02:20:42,952 - INFO - -----------------------------------------------------------------------------------
2025-08-25 02:20:42,952 - DEBUG - 🔍 半径惩罚计算详情:
2025-08-25 02:20:42,952 - DEBUG -    当前半径: 0.016430
2025-08-25 02:20:42,952 - DEBUG -    半径先验值: 0.012000
2025-08-25 02:20:42,952 - DEBUG -    半径残差 r(θ): 0.004430
2025-08-25 02:20:42,952 - DEBUG -    数据残差 f(θ): [[ 8.32298744e-03]
 [ 1.78961921e-02]
 [ 7.70919541e-03]
 [-2.68470032e-03]
 [ 1.07756834e-02]
 [-1.18310761e-02]
 [-8.45521304e-03]
 [-5.16522638e-03]
 [-7.13532420e-05]
 [ 7.79329111e-03]
 [ 1.57685830e-02]
 [ 2.35243306e-02]
 [ 2.89109806e-02]
 [ 3.17353705e-02]
 [ 2.84817185e-02]
 [ 2.17873291e-02]
 [ 1.27257750e-02]
 [ 4.06343380e-03]
 [-4.54575187e-03]
 [-9.75552273e-03]
 [-1.16013105e-02]]
2025-08-25 02:20:42,952 - DEBUG -    约束残差 g(θ): [[0.00013421]]
2025-08-25 02:20:42,952 - DEBUG -    半径残差 r(θ): [[0.00442958]]
2025-08-25 02:20:42,952 - DEBUG - 🔍 状态变化计算: 参数变化=0.006571, 残差变化=0.011654
2025-08-25 02:20:42,952 - INFO - -----------------------------------------------------------------------------------
2025-08-25 02:20:42,952 - DEBUG - 🔍 权重管理器状态更新详情:
2025-08-25 02:20:42,952 - DEBUG -    当前迭代: 9
2025-08-25 02:20:42,952 - DEBUG -    参数变化: 0.006571 (阈值: 0.000005)
2025-08-25 02:20:42,952 - DEBUG -    残差变化: 0.011654 (阈值: 0.000005)
2025-08-25 02:20:42,952 - DEBUG -    几何权重因子: 10
2025-08-25 02:20:42,952 - DEBUG - ⏸️ 保持图像置信度权重: 参数变化=6.57e-03, 残差变化=1.17e-02
2025-08-25 02:20:42,952 - DEBUG - 状态已保存: 参数=[-0.03633636 -0.01775407  0.60456514  0.01642958], 残差范数=0.072326
2025-08-25 02:20:42,952 - DEBUG - 🔍 获取visibility信息: 形状=(21,), 范围=[1.000, 1.000]
2025-08-25 02:20:42,952 - DEBUG - 🔧 设置图像置信度权重: 21个点
2025-08-25 02:20:42,952 - DEBUG - 🔍 开始计算权重矩阵:
2025-08-25 02:20:42,952 - DEBUG -    点类型: ['pupil_center', 'iris_boundaries', 'iris_boundaries', 'iris_boundaries', 'iris_boundaries', 'eye_contours', 'eye_contours', 'eye_contours', 'eye_contours', 'eye_contours', 'eye_contours', 'eye_contours', 'eye_contours', 'eye_contours', 'eye_contours', 'eye_contours', 'eye_contours', 'eye_contours', 'eye_contours', 'eye_contours', 'eye_contours']
2025-08-25 02:20:42,952 - DEBUG -    残差向量: 形状=(21,), 范数=0.072326
2025-08-25 02:20:42,952 - DEBUG -    Visibility: 形状=(21,), 均值=1.000
2025-08-25 02:20:42,952 - WARNING - ⚠️ 权重管理器：没有启用几何权重，使用默认全1权重
2025-08-25 02:20:42,952 - WARNING - ⚠️ 权重管理器：没有启用几何权重，使用默认全1权重
2025-08-25 02:20:42,952 - WARNING - ⚠️ 权重管理器：没有启用几何权重，使用默认全1权重
2025-08-25 02:20:42,952 - WARNING - ⚠️ 权重管理器：没有启用几何权重，使用默认全1权重
2025-08-25 02:20:42,952 - WARNING - ⚠️ 权重管理器：没有启用几何权重，使用默认全1权重
2025-08-25 02:20:42,952 - WARNING - ⚠️ 权重管理器：没有启用几何权重，使用默认全1权重
2025-08-25 02:20:42,952 - WARNING - ⚠️ 权重管理器：没有启用几何权重，使用默认全1权重
2025-08-25 02:20:42,952 - WARNING - ⚠️ 权重管理器：没有启用几何权重，使用默认全1权重
2025-08-25 02:20:42,952 - WARNING - ⚠️ 权重管理器：没有启用几何权重，使用默认全1权重
2025-08-25 02:20:42,952 - WARNING - ⚠️ 权重管理器：没有启用几何权重，使用默认全1权重
2025-08-25 02:20:42,952 - WARNING - ⚠️ 权重管理器：没有启用几何权重，使用默认全1权重
2025-08-25 02:20:42,952 - WARNING - ⚠️ 权重管理器：没有启用几何权重，使用默认全1权重
2025-08-25 02:20:42,952 - WARNING - ⚠️ 权重管理器：没有启用几何权重，使用默认全1权重
2025-08-25 02:20:42,952 - WARNING - ⚠️ 权重管理器：没有启用几何权重，使用默认全1权重
2025-08-25 02:20:42,952 - WARNING - ⚠️ 权重管理器：没有启用几何权重，使用默认全1权重
2025-08-25 02:20:42,952 - WARNING - ⚠️ 权重管理器：没有启用几何权重，使用默认全1权重
2025-08-25 02:20:42,952 - WARNING - ⚠️ 权重管理器：没有启用几何权重，使用默认全1权重
2025-08-25 02:20:42,952 - WARNING - ⚠️ 权重管理器：没有启用几何权重，使用默认全1权重
2025-08-25 02:20:42,952 - WARNING - ⚠️ 权重管理器：没有启用几何权重，使用默认全1权重
2025-08-25 02:20:42,960 - WARNING - ⚠️ 权重管理器：没有启用几何权重，使用默认全1权重
2025-08-25 02:20:42,960 - WARNING - ⚠️ 权重管理器：没有启用几何权重，使用默认全1权重
2025-08-25 02:20:42,960 - DEBUG - 🔍 权重矩阵计算成功: 形状=(21, 21)
2025-08-25 02:20:42,960 - DEBUG - 🔍 几何权重统计:
2025-08-25 02:20:42,960 - DEBUG -    权重向量: [[1.]
 [1.]
 [1.]
 [1.]
 [1.]
 [1.]
 [1.]
 [1.]
 [1.]
 [1.]
 [1.]
 [1.]
 [1.]
 [1.]
 [1.]
 [1.]
 [1.]
 [1.]
 [1.]
 [1.]
 [1.]]
2025-08-25 02:20:42,960 - DEBUG -    权重范围: [1.000000, 1.000000]
2025-08-25 02:20:42,960 - DEBUG -    权重均值: 1.000000
2025-08-25 02:20:42,960 - DEBUG -    权重标准差: 0.000000
2025-08-25 02:20:42,960 - DEBUG -    高权重点(>0.8): 21/21
2025-08-25 02:20:42,960 - DEBUG -    低权重点(<0.2): 0/21
2025-08-25 02:20:42,960 - INFO - -----------------------------------------------------------------------------------
2025-08-25 02:20:42,960 - DEBUG - 🔍 开始求解LM更新方程:
2025-08-25 02:20:42,960 - DEBUG -    数据残差: 形状=(21,), 范数=0.072326
2025-08-25 02:20:42,960 - DEBUG -    约束残差: 形状=(1,), 范数=0.000134
2025-08-25 02:20:42,960 - DEBUG - 🔍 计算数据残差雅可比矩阵 J_f: 形状=(21, 4)
2025-08-25 02:20:42,963 - DEBUG - 🔍 J_f矩阵计算完成: 条件数=2.21e+01
2025-08-25 02:20:42,963 - DEBUG - 🔍 深度约束雅可比计算: u=-1.940459, σ=0.125597, J_h=[[ 0.          0.         -0.12559746  0.        ]]
2025-08-25 02:20:42,963 - DEBUG - 🔍 半径先验雅可比: J_r=[[0. 0. 0. 1.]]
2025-08-25 02:20:42,963 - DEBUG - 🔍 使用几何权重矩阵: 形状=(21, 21)
2025-08-25 02:20:42,963 - DEBUG - 🔍 Hessian矩阵计算:
2025-08-25 02:20:42,963 - DEBUG -    H_data = J_f^T W J_f: 形状=(4, 4), 条件数=4.86e+02
2025-08-25 02:20:42,963 - DEBUG -    H_h = λ_depth J_h^T J_h: 形状=(4, 4), λ_depth=1000.0
2025-08-25 02:20:42,963 - DEBUG -    H_r = λ_radius J_r^T J_r: 形状=(4, 4), λ_radius=1.0
2025-08-25 02:20:42,963 - DEBUG -    H_total: 形状=(4, 4), 条件数=7.60e+01
2025-08-25 02:20:42,963 - DEBUG - 🔍 梯度计算:
2025-08-25 02:20:42,963 - DEBUG -    g_data: 形状=(4,), 范数=0.247916
2025-08-25 02:20:42,963 - DEBUG -    g_h: 形状=(4,), 范数=0.016857
2025-08-25 02:20:42,963 - DEBUG -    g_r: 形状=(4,), 范数=0.004430
2025-08-25 02:20:42,963 - DEBUG -    g_total: 形状=(4,), 范数=0.245701
2025-08-25 02:20:42,963 - DEBUG - 🔍 LM阻尼矩阵: H_lm = H_total + 10.0 * I
2025-08-25 02:20:42,963 - DEBUG -    H_lm条件数: 4.74e+00
2025-08-25 02:20:42,963 - DEBUG - 🔍 线性方程组求解成功:
2025-08-25 02:20:42,963 - DEBUG -    参数更新向量 Δθ: [[-0.00587125]
 [ 0.0030571 ]
 [-0.00015194]
 [ 0.00231725]]
2025-08-25 02:20:42,963 - DEBUG -    更新向量范数: 0.007015
2025-08-25 02:20:42,963 - DEBUG -    各分量更新: Δc_x=-0.005871, Δc_y=0.003057, Δc_z=-0.000152, Δr=0.002317
2025-08-25 02:20:42,963 - DEBUG -    参数更新:
2025-08-25 02:20:42,968 - DEBUG -      旧参数: [[-0.03633636]
 [-0.01775407]
 [ 0.60456514]
 [ 0.01642958]]
2025-08-25 02:20:42,968 - DEBUG -      更新向量: [[-0.00587125]
 [ 0.0030571 ]
 [-0.00015194]
 [ 0.00231725]]
2025-08-25 02:20:42,968 - DEBUG -      新参数: [[-0.04220762]
 [-0.01469697]
 [ 0.6044132 ]
 [ 0.01874684]]
2025-08-25 02:20:42,968 - INFO - -----------------------------------------------------------------------------------
2025-08-25 02:20:42,968 - INFO - 🔍 迭代第9次，球心向右5.871253mm，向下3.057095mm，向前0.151939mm，半径变大2.317253mm
2025-08-25 02:20:42,968 - INFO - 📊 变化前: 中心(-0.036, -0.018, 0.605), 半径16.43mm
2025-08-25 02:20:42,968 - INFO - 📊 变化后: 中心(-0.042, -0.015, 0.604), 半径18.75mm
2025-08-25 02:20:42,968 - INFO - 📈 变化量: 中心移动6.62mm, 半径变化2.32mm
2025-08-25 02:20:42,968 - INFO - 📍 眼球中心: [-0.03633636 -0.01775407  0.60456514]
2025-08-25 02:20:42,968 - INFO - 📏 眼球半径: 16.43mm
2025-08-25 02:20:42,968 - INFO - 👁️ 瞳孔中心: [-0.012      -0.01466667  0.60000002]
2025-08-25 02:20:42,968 - INFO - 📐 眼球中心在瞳孔中心的左24.34mm，上3.09mm，后4.57mm
2025-08-25 02:20:42,968 - INFO - 📏 距离: 24.95mm
2025-08-25 02:20:42,968 - INFO - -----------------------------------------------------------------------------------
2025-08-25 02:20:42,968 - INFO - -----------------------------------------------------------------------------------
2025-08-25 02:20:42,968 - DEBUG - 🔍 参数有效性检查:
2025-08-25 02:20:42,968 - DEBUG -    参数向量: [[-0.04220762]
 [-0.01469697]
 [ 0.6044132 ]
 [ 0.01874684]]
2025-08-25 02:20:42,968 - DEBUG -    球心: [-0.04220762 -0.01469697  0.6044132 ]
2025-08-25 02:20:42,968 - DEBUG -    半径: 0.018747
2025-08-25 02:20:42,968 - DEBUG - 🔍 函数值计算详情:
2025-08-25 02:20:42,968 - DEBUG -    数据项 F(θ): 0.002615
2025-08-25 02:20:42,968 - DEBUG -    深度约束项: 0.000009
2025-08-25 02:20:42,968 - DEBUG -    半径先验项: 0.000010
2025-08-25 02:20:42,968 - DEBUG -    总函数值 Φ(θ): 0.002634
2025-08-25 02:20:42,968 - DEBUG -    函数值改善: -0.000781
2025-08-25 02:20:42,968 - DEBUG - 🔍 参数有效: False
2025-08-25 02:20:42,968 - DEBUG -    参数无效，阻尼因子调整: λ_LM = 1.00e+02
2025-08-25 02:20:42,968 - DEBUG - 🔍 迭代 11/30:
2025-08-25 02:20:42,968 - DEBUG - 🔍 计算点到球心距离: 形状=(21,)
2025-08-25 02:20:42,968 - DEBUG - 🔍 生理偏差向量计算:
2025-08-25 02:20:42,968 - DEBUG -    点类型列表: ['pupil_center', 'iris_boundaries', 'iris_boundaries', 'iris_boundaries', 'iris_boundaries', 'eye_contours', 'eye_contours', 'eye_contours', 'eye_contours', 'eye_contours', 'eye_contours', 'eye_contours', 'eye_contours', 'eye_contours', 'eye_contours', 'eye_contours', 'eye_contours', 'eye_contours', 'eye_contours', 'eye_contours', 'eye_contours']
2025-08-25 02:20:42,968 - DEBUG -    偏差向量: [0.0002  0.00085 0.00085 0.00085 0.00085 0.0015  0.0015  0.0015  0.0015
 0.0015  0.0015  0.0015  0.0015  0.0015  0.0015  0.0015  0.0015  0.0015
 0.0015  0.0015  0.0015 ]
2025-08-25 02:20:42,968 - DEBUG -    向量形状: (21,)
2025-08-25 02:20:42,968 - DEBUG -    偏差统计: 均值=0.001314, 标准差=0.000356
2025-08-25 02:20:42,968 - DEBUG - 获取生理偏差: 点类型=['pupil_center', 'iris_boundaries', 'iris_boundaries', 'iris_boundaries', 'iris_boundaries', 'eye_contours', 'eye_contours', 'eye_contours', 'eye_contours', 'eye_contours', 'eye_contours', 'eye_contours', 'eye_contours', 'eye_contours', 'eye_contours', 'eye_contours', 'eye_contours', 'eye_contours', 'eye_contours', 'eye_contours', 'eye_contours'], 偏差值=[0.0002  0.00085 0.00085 0.00085 0.00085 0.0015  0.0015  0.0015  0.0015
 0.0015  0.0015  0.0015  0.0015  0.0015  0.0015  0.0015  0.0015  0.0015
 0.0015  0.0015  0.0015 ]
2025-08-25 02:20:42,968 - INFO - -----------------------------------------------------------------------------------
2025-08-25 02:20:42,968 - DEBUG - 🔍 拟合残差计算详情:
2025-08-25 02:20:42,968 - DEBUG -    球心坐标: [-0.03633636 -0.01775407  0.60456514]
2025-08-25 02:20:42,968 - DEBUG -    球体半径: 0.016430
2025-08-25 02:20:42,968 - DEBUG -    采样点数: 21
2025-08-25 02:20:42,968 - DEBUG -    点类型分布: {'eye_contours': 16, 'iris_boundaries': 4, 'pupil_center': 1}
2025-08-25 02:20:42,968 - DEBUG -    理论距离向量: [0.01662958 0.01727958 0.01727958 0.01727958 0.01727958 0.01792958
 0.01792958 0.01792958 0.01792958 0.01792958 0.01792958 0.01792958
 0.01792958 0.01792958 0.01792958 0.01792958 0.01792958 0.01792958
 0.01792958 0.01792958 0.01792958]
2025-08-25 02:20:42,976 - DEBUG -    实际距离向量: [0.02495257 0.03517578 0.02498878 0.01459488 0.02805527 0.00609851
 0.00947437 0.01276436 0.01785823 0.02572288 0.03369817 0.04145392
 0.04684057 0.04966496 0.0464113  0.03971691 0.03065536 0.02199302
 0.01338383 0.00817406 0.00632827]
2025-08-25 02:20:42,976 - DEBUG -    生理偏差向量: [0.0002  0.00085 0.00085 0.00085 0.00085 0.0015  0.0015  0.0015  0.0015
 0.0015  0.0015  0.0015  0.0015  0.0015  0.0015  0.0015  0.0015  0.0015
 0.0015  0.0015  0.0015 ]
2025-08-25 02:20:42,976 - DEBUG -    残差向量 f(θ): 
[[ 8.32298744e-03]
 [ 1.78961921e-02]
 [ 7.70919541e-03]
 [-2.68470032e-03]
 [ 1.07756834e-02]
 [-1.18310761e-02]
 [-8.45521304e-03]
 [-5.16522638e-03]
 [-7.13532420e-05]
 [ 7.79329111e-03]
 [ 1.57685830e-02]
 [ 2.35243306e-02]
 [ 2.89109806e-02]
 [ 3.17353705e-02]
 [ 2.84817185e-02]
 [ 2.17873291e-02]
 [ 1.27257750e-02]
 [ 4.06343380e-03]
 [-4.54575187e-03]
 [-9.75552273e-03]
 [-1.16013105e-02]]
2025-08-25 02:20:42,976 - DEBUG -    平均残差范数: 0.003444
2025-08-25 02:20:42,976 - DEBUG -    残差范数=0.072326
2025-08-25 02:20:42,976 - INFO - -----------------------------------------------------------------------------------
2025-08-25 02:20:42,976 - DEBUG - 🔍 深度约束计算详情 (softplus):
2025-08-25 02:20:42,976 - DEBUG -    采样点Z坐标范围: [0.600000, 0.602425]
2025-08-25 02:20:42,976 - DEBUG -    球心Z坐标: 0.604565
2025-08-25 02:20:42,976 - DEBUG -    深度偏移ε: 0.000200
2025-08-25 02:20:42,976 - DEBUG -    softplus参数τ: 0.001000
2025-08-25 02:20:42,976 - DEBUG -    原始违反值: -0.001940
2025-08-25 02:20:42,976 - DEBUG -    softplus输入 u: -1.940459
2025-08-25 02:20:42,976 - DEBUG -    约束惩罚 h(θ): 0.000134
2025-08-25 02:20:42,976 - DEBUG -    🟢 深度约束满足: 球心深度足够
2025-08-25 02:20:42,976 - INFO - -----------------------------------------------------------------------------------
2025-08-25 02:20:42,976 - DEBUG - 🔍 半径惩罚计算详情:
2025-08-25 02:20:42,976 - DEBUG -    当前半径: 0.016430
2025-08-25 02:20:42,976 - DEBUG -    半径先验值: 0.012000
2025-08-25 02:20:42,976 - DEBUG -    半径残差 r(θ): 0.004430
2025-08-25 02:20:42,976 - DEBUG -    数据残差 f(θ): [[ 8.32298744e-03]
 [ 1.78961921e-02]
 [ 7.70919541e-03]
 [-2.68470032e-03]
 [ 1.07756834e-02]
 [-1.18310761e-02]
 [-8.45521304e-03]
 [-5.16522638e-03]
 [-7.13532420e-05]
 [ 7.79329111e-03]
 [ 1.57685830e-02]
 [ 2.35243306e-02]
 [ 2.89109806e-02]
 [ 3.17353705e-02]
 [ 2.84817185e-02]
 [ 2.17873291e-02]
 [ 1.27257750e-02]
 [ 4.06343380e-03]
 [-4.54575187e-03]
 [-9.75552273e-03]
 [-1.16013105e-02]]
2025-08-25 02:20:42,976 - DEBUG -    约束残差 g(θ): [[0.00013421]]
2025-08-25 02:20:42,976 - DEBUG -    半径残差 r(θ): [[0.00442958]]
2025-08-25 02:20:42,976 - DEBUG - 🔍 状态变化计算: 参数变化=0.000000, 残差变化=0.000000
2025-08-25 02:20:42,976 - INFO - -----------------------------------------------------------------------------------
2025-08-25 02:20:42,976 - DEBUG - 🔍 权重管理器状态更新详情:
2025-08-25 02:20:42,976 - DEBUG -    当前迭代: 10
2025-08-25 02:20:42,976 - DEBUG -    参数变化: 0.000000 (阈值: 0.000005)
2025-08-25 02:20:42,976 - DEBUG -    残差变化: 0.000000 (阈值: 0.000005)
2025-08-25 02:20:42,976 - DEBUG -    几何权重因子: 10
2025-08-25 02:20:42,976 - DEBUG - ⏸️ 保持图像置信度权重: 参数变化=0.00e+00, 残差变化=0.00e+00
2025-08-25 02:20:42,976 - DEBUG - 状态已保存: 参数=[-0.03633636 -0.01775407  0.60456514  0.01642958], 残差范数=0.072326
2025-08-25 02:20:42,976 - DEBUG - 🔍 获取visibility信息: 形状=(21,), 范围=[1.000, 1.000]
2025-08-25 02:20:42,976 - DEBUG - 🔧 设置图像置信度权重: 21个点
2025-08-25 02:20:42,976 - DEBUG - 🔍 开始计算权重矩阵:
2025-08-25 02:20:42,976 - DEBUG -    点类型: ['pupil_center', 'iris_boundaries', 'iris_boundaries', 'iris_boundaries', 'iris_boundaries', 'eye_contours', 'eye_contours', 'eye_contours', 'eye_contours', 'eye_contours', 'eye_contours', 'eye_contours', 'eye_contours', 'eye_contours', 'eye_contours', 'eye_contours', 'eye_contours', 'eye_contours', 'eye_contours', 'eye_contours', 'eye_contours']
2025-08-25 02:20:42,976 - DEBUG -    残差向量: 形状=(21,), 范数=0.072326
2025-08-25 02:20:42,976 - DEBUG -    Visibility: 形状=(21,), 均值=1.000
2025-08-25 02:20:42,976 - WARNING - ⚠️ 权重管理器：没有启用几何权重，使用默认全1权重
2025-08-25 02:20:42,984 - WARNING - ⚠️ 权重管理器：没有启用几何权重，使用默认全1权重
2025-08-25 02:20:42,984 - WARNING - ⚠️ 权重管理器：没有启用几何权重，使用默认全1权重
2025-08-25 02:20:42,984 - WARNING - ⚠️ 权重管理器：没有启用几何权重，使用默认全1权重
2025-08-25 02:20:42,984 - WARNING - ⚠️ 权重管理器：没有启用几何权重，使用默认全1权重
2025-08-25 02:20:42,984 - WARNING - ⚠️ 权重管理器：没有启用几何权重，使用默认全1权重
2025-08-25 02:20:42,984 - WARNING - ⚠️ 权重管理器：没有启用几何权重，使用默认全1权重
2025-08-25 02:20:42,984 - WARNING - ⚠️ 权重管理器：没有启用几何权重，使用默认全1权重
2025-08-25 02:20:42,984 - WARNING - ⚠️ 权重管理器：没有启用几何权重，使用默认全1权重
2025-08-25 02:20:42,984 - WARNING - ⚠️ 权重管理器：没有启用几何权重，使用默认全1权重
2025-08-25 02:20:42,984 - WARNING - ⚠️ 权重管理器：没有启用几何权重，使用默认全1权重
2025-08-25 02:20:42,984 - WARNING - ⚠️ 权重管理器：没有启用几何权重，使用默认全1权重
2025-08-25 02:20:42,984 - WARNING - ⚠️ 权重管理器：没有启用几何权重，使用默认全1权重
2025-08-25 02:20:42,984 - WARNING - ⚠️ 权重管理器：没有启用几何权重，使用默认全1权重
2025-08-25 02:20:42,984 - WARNING - ⚠️ 权重管理器：没有启用几何权重，使用默认全1权重
2025-08-25 02:20:42,984 - WARNING - ⚠️ 权重管理器：没有启用几何权重，使用默认全1权重
2025-08-25 02:20:42,984 - WARNING - ⚠️ 权重管理器：没有启用几何权重，使用默认全1权重
2025-08-25 02:20:42,984 - WARNING - ⚠️ 权重管理器：没有启用几何权重，使用默认全1权重
2025-08-25 02:20:42,984 - WARNING - ⚠️ 权重管理器：没有启用几何权重，使用默认全1权重
2025-08-25 02:20:42,984 - WARNING - ⚠️ 权重管理器：没有启用几何权重，使用默认全1权重
2025-08-25 02:20:42,984 - WARNING - ⚠️ 权重管理器：没有启用几何权重，使用默认全1权重
2025-08-25 02:20:42,984 - DEBUG - 🔍 权重矩阵计算成功: 形状=(21, 21)
2025-08-25 02:20:42,984 - DEBUG - 🔍 几何权重统计:
2025-08-25 02:20:42,984 - DEBUG -    权重向量: [[1.]
 [1.]
 [1.]
 [1.]
 [1.]
 [1.]
 [1.]
 [1.]
 [1.]
 [1.]
 [1.]
 [1.]
 [1.]
 [1.]
 [1.]
 [1.]
 [1.]
 [1.]
 [1.]
 [1.]
 [1.]]
2025-08-25 02:20:42,984 - DEBUG -    权重范围: [1.000000, 1.000000]
2025-08-25 02:20:42,984 - DEBUG -    权重均值: 1.000000
2025-08-25 02:20:42,984 - DEBUG -    权重标准差: 0.000000
2025-08-25 02:20:42,984 - DEBUG -    高权重点(>0.8): 21/21
2025-08-25 02:20:42,984 - DEBUG -    低权重点(<0.2): 0/21
2025-08-25 02:20:42,984 - INFO - -----------------------------------------------------------------------------------
2025-08-25 02:20:42,984 - DEBUG - 🔍 开始求解LM更新方程:
2025-08-25 02:20:42,984 - DEBUG -    数据残差: 形状=(21,), 范数=0.072326
2025-08-25 02:20:42,984 - DEBUG -    约束残差: 形状=(1,), 范数=0.000134
2025-08-25 02:20:42,984 - DEBUG - 🔍 计算数据残差雅可比矩阵 J_f: 形状=(21, 4)
2025-08-25 02:20:42,984 - DEBUG - 🔍 J_f矩阵计算完成: 条件数=2.21e+01
2025-08-25 02:20:42,984 - DEBUG - 🔍 深度约束雅可比计算: u=-1.940459, σ=0.125597, J_h=[[ 0.          0.         -0.12559746  0.        ]]
2025-08-25 02:20:42,984 - DEBUG - 🔍 半径先验雅可比: J_r=[[0. 0. 0. 1.]]
2025-08-25 02:20:42,984 - DEBUG - 🔍 使用几何权重矩阵: 形状=(21, 21)
2025-08-25 02:20:42,984 - DEBUG - 🔍 Hessian矩阵计算:
2025-08-25 02:20:42,984 - DEBUG -    H_data = J_f^T W J_f: 形状=(4, 4), 条件数=4.86e+02
2025-08-25 02:20:42,984 - DEBUG -    H_h = λ_depth J_h^T J_h: 形状=(4, 4), λ_depth=1000.0
2025-08-25 02:20:42,984 - DEBUG -    H_r = λ_radius J_r^T J_r: 形状=(4, 4), λ_radius=1.0
2025-08-25 02:20:42,984 - DEBUG -    H_total: 形状=(4, 4), 条件数=7.60e+01
2025-08-25 02:20:42,984 - DEBUG - 🔍 梯度计算:
2025-08-25 02:20:42,984 - DEBUG -    g_data: 形状=(4,), 范数=0.247916
2025-08-25 02:20:42,984 - DEBUG -    g_h: 形状=(4,), 范数=0.016857
2025-08-25 02:20:42,984 - DEBUG -    g_r: 形状=(4,), 范数=0.004430
2025-08-25 02:20:42,984 - DEBUG -    g_total: 形状=(4,), 范数=0.245701
2025-08-25 02:20:42,992 - DEBUG - 🔍 LM阻尼矩阵: H_lm = H_total + 100.0 * I
2025-08-25 02:20:42,992 - DEBUG -    H_lm条件数: 1.39e+00
2025-08-25 02:20:42,992 - DEBUG - 🔍 线性方程组求解成功:
2025-08-25 02:20:42,992 - DEBUG -    参数更新向量 Δθ: [[-1.41720808e-03]
 [ 1.74195397e-04]
 [ 8.65250314e-05]
 [ 1.11648955e-03]]
2025-08-25 02:20:42,992 - DEBUG -    更新向量范数: 0.001815
2025-08-25 02:20:42,992 - DEBUG -    各分量更新: Δc_x=-0.001417, Δc_y=0.000174, Δc_z=0.000087, Δr=0.001116
2025-08-25 02:20:42,992 - DEBUG -    参数更新:
2025-08-25 02:20:42,992 - DEBUG -      旧参数: [[-0.03633636]
 [-0.01775407]
 [ 0.60456514]
 [ 0.01642958]]
2025-08-25 02:20:42,992 - DEBUG -      更新向量: [[-1.41720808e-03]
 [ 1.74195397e-04]
 [ 8.65250314e-05]
 [ 1.11648955e-03]]
2025-08-25 02:20:42,992 - DEBUG -      新参数: [[-0.03775357]
 [-0.01757987]
 [ 0.60465166]
 [ 0.01754607]]
2025-08-25 02:20:42,992 - INFO - -----------------------------------------------------------------------------------
2025-08-25 02:20:42,992 - INFO - 🔍 迭代第10次，球心向右1.417208mm，向下0.174195mm，向后0.086525mm，半径变大1.116490mm
2025-08-25 02:20:42,992 - INFO - 📊 变化前: 中心(-0.036, -0.018, 0.605), 半径16.43mm
2025-08-25 02:20:42,992 - INFO - 📊 变化后: 中心(-0.038, -0.018, 0.605), 半径17.55mm
2025-08-25 02:20:42,992 - INFO - 📈 变化量: 中心移动1.43mm, 半径变化1.12mm
2025-08-25 02:20:42,992 - INFO - 📍 眼球中心: [-0.03633636 -0.01775407  0.60456514]
2025-08-25 02:20:42,992 - INFO - 📏 眼球半径: 16.43mm
2025-08-25 02:20:42,992 - INFO - 👁️ 瞳孔中心: [-0.012      -0.01466667  0.60000002]
2025-08-25 02:20:42,997 - INFO - 📐 眼球中心在瞳孔中心的左24.34mm，上3.09mm，后4.57mm
2025-08-25 02:20:42,997 - INFO - 📏 距离: 24.95mm
2025-08-25 02:20:42,997 - INFO - -----------------------------------------------------------------------------------
2025-08-25 02:20:42,997 - INFO - -----------------------------------------------------------------------------------
2025-08-25 02:20:42,997 - DEBUG - 🔍 参数有效性检查:
2025-08-25 02:20:42,997 - DEBUG -    参数向量: [[-0.03775357]
 [-0.01757987]
 [ 0.60465166]
 [ 0.01754607]]
2025-08-25 02:20:42,997 - DEBUG -    球心: [-0.03775357 -0.01757987  0.60465166]
2025-08-25 02:20:42,997 - DEBUG -    半径: 0.017546
2025-08-25 02:20:42,997 - DEBUG - 🔍 函数值计算详情:
2025-08-25 02:20:42,997 - DEBUG -    数据项 F(θ): 0.002615
2025-08-25 02:20:42,997 - DEBUG -    深度约束项: 0.000009
2025-08-25 02:20:42,997 - DEBUG -    半径先验项: 0.000010
2025-08-25 02:20:42,997 - DEBUG -    总函数值 Φ(θ): 0.002634
2025-08-25 02:20:42,997 - DEBUG -    函数值改善: 0.000000
2025-08-25 02:20:42,997 - DEBUG - 🔍 参数有效: True
2025-08-25 02:20:42,997 - DEBUG -    参数更新成功:
2025-08-25 02:20:42,997 - DEBUG -      新球心: [-0.03775357 -0.01757987  0.60465166]
2025-08-25 02:20:43,001 - DEBUG -      新半径: 0.017546
2025-08-25 02:20:43,001 - INFO - -----------------------------------------------------------------------------------
2025-08-25 02:20:43,001 - DEBUG - 🔍 LM收敛性检查:
2025-08-25 02:20:43,001 - DEBUG -    当前迭代次数: 10
2025-08-25 02:20:43,001 - DEBUG -    最大迭代次数: 30
2025-08-25 02:20:43,001 - DEBUG -    参数变化: 0.001815
2025-08-25 02:20:43,001 - DEBUG -    参数容忍度: 5e-06
2025-08-25 02:20:43,001 - DEBUG -    残差变化: 0.000000
2025-08-25 02:20:43,001 - DEBUG -    残差容忍度: 5e-06
2025-08-25 02:20:43,001 - DEBUG - 🔍 迭代 12/30:
2025-08-25 02:20:43,001 - DEBUG - 🔍 计算点到球心距离: 形状=(21,)
2025-08-25 02:20:43,001 - DEBUG - 🔍 生理偏差向量计算:
2025-08-25 02:20:43,001 - DEBUG -    点类型列表: ['pupil_center', 'iris_boundaries', 'iris_boundaries', 'iris_boundaries', 'iris_boundaries', 'eye_contours', 'eye_contours', 'eye_contours', 'eye_contours', 'eye_contours', 'eye_contours', 'eye_contours', 'eye_contours', 'eye_contours', 'eye_contours', 'eye_contours', 'eye_contours', 'eye_contours', 'eye_contours', 'eye_contours', 'eye_contours']
2025-08-25 02:20:43,001 - DEBUG -    偏差向量: [0.0002  0.00085 0.00085 0.00085 0.00085 0.0015  0.0015  0.0015  0.0015
 0.0015  0.0015  0.0015  0.0015  0.0015  0.0015  0.0015  0.0015  0.0015
 0.0015  0.0015  0.0015 ]
2025-08-25 02:20:43,001 - DEBUG -    向量形状: (21,)
2025-08-25 02:20:43,001 - DEBUG -    偏差统计: 均值=0.001314, 标准差=0.000356
2025-08-25 02:20:43,001 - DEBUG - 获取生理偏差: 点类型=['pupil_center', 'iris_boundaries', 'iris_boundaries', 'iris_boundaries', 'iris_boundaries', 'eye_contours', 'eye_contours', 'eye_contours', 'eye_contours', 'eye_contours', 'eye_contours', 'eye_contours', 'eye_contours', 'eye_contours', 'eye_contours', 'eye_contours', 'eye_contours', 'eye_contours', 'eye_contours', 'eye_contours', 'eye_contours'], 偏差值=[0.0002  0.00085 0.00085 0.00085 0.00085 0.0015  0.0015  0.0015  0.0015
 0.0015  0.0015  0.0015  0.0015  0.0015  0.0015  0.0015  0.0015  0.0015
 0.0015  0.0015  0.0015 ]
2025-08-25 02:20:43,001 - INFO - -----------------------------------------------------------------------------------
2025-08-25 02:20:43,001 - DEBUG - 🔍 拟合残差计算详情:
2025-08-25 02:20:43,001 - DEBUG -    球心坐标: [-0.03775357 -0.01757987  0.60465166]
2025-08-25 02:20:43,001 - DEBUG -    球体半径: 0.017546
2025-08-25 02:20:43,001 - DEBUG -    采样点数: 21
2025-08-25 02:20:43,001 - DEBUG -    点类型分布: {'eye_contours': 16, 'iris_boundaries': 4, 'pupil_center': 1}
2025-08-25 02:20:43,001 - DEBUG -    理论距离向量: [0.01774607 0.01839607 0.01839607 0.01839607 0.01839607 0.01904607
 0.01904607 0.01904607 0.01904607 0.01904607 0.01904607 0.01904607
 0.01904607 0.01904607 0.01904607 0.01904607 0.01904607 0.01904607
 0.01904607 0.01904607 0.01904607]
2025-08-25 02:20:43,001 - DEBUG -    实际距离向量: [0.02633194 0.03657383 0.02640541 0.01589826 0.02923812 0.00622842
 0.01012884 0.01368899 0.0189662  0.02696723 0.03501882 0.04281844
 0.04822168 0.05105569 0.04781514 0.04113449 0.0320773  0.02341313
 0.01476736 0.00939666 0.00712481]
2025-08-25 02:20:43,001 - DEBUG -    生理偏差向量: [0.0002  0.00085 0.00085 0.00085 0.00085 0.0015  0.0015  0.0015  0.0015
 0.0015  0.0015  0.0015  0.0015  0.0015  0.0015  0.0015  0.0015  0.0015
 0.0015  0.0015  0.0015 ]
2025-08-25 02:20:43,001 - DEBUG -    残差向量 f(θ): 
[[ 8.58586296e-03]
 [ 1.81777593e-02]
 [ 8.00933284e-03]
 [-2.49781346e-03]
 [ 1.08420450e-02]
 [-1.28176538e-02]
 [-8.91722978e-03]
 [-5.35708797e-03]
 [-7.98701347e-05]
 [ 7.92115975e-03]
 [ 1.59727419e-02]
 [ 2.37723651e-02]
 [ 2.91756062e-02]
 [ 3.20096195e-02]
 [ 2.87690614e-02]
 [ 2.20884148e-02]
 [ 1.30312263e-02]
 [ 4.36705197e-03]
 [-4.27871479e-03]
 [-9.64941927e-03]
 [-1.19212664e-02]]
2025-08-25 02:20:43,001 - DEBUG -    平均残差范数: 0.003493
2025-08-25 02:20:43,001 - DEBUG -    残差范数=0.073358
2025-08-25 02:20:43,001 - INFO - -----------------------------------------------------------------------------------
2025-08-25 02:20:43,001 - DEBUG - 🔍 深度约束计算详情 (softplus):
2025-08-25 02:20:43,001 - DEBUG -    采样点Z坐标范围: [0.600000, 0.602425]
2025-08-25 02:20:43,001 - DEBUG -    球心Z坐标: 0.604652
2025-08-25 02:20:43,001 - DEBUG -    深度偏移ε: 0.000200
2025-08-25 02:20:43,001 - DEBUG -    softplus参数τ: 0.001000
2025-08-25 02:20:43,001 - DEBUG -    原始违反值: -0.002027
2025-08-25 02:20:43,001 - DEBUG -    softplus输入 u: -2.026984
2025-08-25 02:20:43,001 - DEBUG -    约束惩罚 h(θ): 0.000124
2025-08-25 02:20:43,001 - DEBUG -    🟢 深度约束满足: 球心深度足够
2025-08-25 02:20:43,001 - INFO - -----------------------------------------------------------------------------------
2025-08-25 02:20:43,001 - DEBUG - 🔍 半径惩罚计算详情:
2025-08-25 02:20:43,001 - DEBUG -    当前半径: 0.017546
2025-08-25 02:20:43,001 - DEBUG -    半径先验值: 0.012000
2025-08-25 02:20:43,001 - DEBUG -    半径残差 r(θ): 0.005546
2025-08-25 02:20:43,009 - DEBUG -    数据残差 f(θ): [[ 8.58586296e-03]
 [ 1.81777593e-02]
 [ 8.00933284e-03]
 [-2.49781346e-03]
 [ 1.08420450e-02]
 [-1.28176538e-02]
 [-8.91722978e-03]
 [-5.35708797e-03]
 [-7.98701347e-05]
 [ 7.92115975e-03]
 [ 1.59727419e-02]
 [ 2.37723651e-02]
 [ 2.91756062e-02]
 [ 3.20096195e-02]
 [ 2.87690614e-02]
 [ 2.20884148e-02]
 [ 1.30312263e-02]
 [ 4.36705197e-03]
 [-4.27871479e-03]
 [-9.64941927e-03]
 [-1.19212664e-02]]
2025-08-25 02:20:43,009 - DEBUG -    约束残差 g(θ): [[0.00012375]]
2025-08-25 02:20:43,009 - DEBUG -    半径残差 r(θ): [[0.00554607]]
2025-08-25 02:20:43,009 - DEBUG - 🔍 状态变化计算: 参数变化=0.001815, 残差变化=0.001033
2025-08-25 02:20:43,009 - INFO - -----------------------------------------------------------------------------------
2025-08-25 02:20:43,009 - DEBUG - 🔍 权重管理器状态更新详情:
2025-08-25 02:20:43,009 - DEBUG -    当前迭代: 11
2025-08-25 02:20:43,009 - DEBUG -    参数变化: 0.001815 (阈值: 0.000005)
2025-08-25 02:20:43,009 - DEBUG -    残差变化: 0.001033 (阈值: 0.000005)
2025-08-25 02:20:43,009 - DEBUG -    几何权重因子: 10
2025-08-25 02:20:43,009 - DEBUG - ⏸️ 保持图像置信度权重: 参数变化=1.81e-03, 残差变化=1.03e-03
2025-08-25 02:20:43,009 - DEBUG - 状态已保存: 参数=[-0.03775357 -0.01757987  0.60465166  0.01754607], 残差范数=0.073358
2025-08-25 02:20:43,009 - DEBUG - 🔍 获取visibility信息: 形状=(21,), 范围=[1.000, 1.000]
2025-08-25 02:20:43,009 - DEBUG - 🔧 设置图像置信度权重: 21个点
2025-08-25 02:20:43,009 - DEBUG - 🔍 开始计算权重矩阵:
2025-08-25 02:20:43,009 - DEBUG -    点类型: ['pupil_center', 'iris_boundaries', 'iris_boundaries', 'iris_boundaries', 'iris_boundaries', 'eye_contours', 'eye_contours', 'eye_contours', 'eye_contours', 'eye_contours', 'eye_contours', 'eye_contours', 'eye_contours', 'eye_contours', 'eye_contours', 'eye_contours', 'eye_contours', 'eye_contours', 'eye_contours', 'eye_contours', 'eye_contours']
2025-08-25 02:20:43,009 - DEBUG -    残差向量: 形状=(21,), 范数=0.073358
2025-08-25 02:20:43,009 - DEBUG -    Visibility: 形状=(21,), 均值=1.000
2025-08-25 02:20:43,009 - WARNING - ⚠️ 权重管理器：没有启用几何权重，使用默认全1权重
2025-08-25 02:20:43,009 - WARNING - ⚠️ 权重管理器：没有启用几何权重，使用默认全1权重
2025-08-25 02:20:43,009 - WARNING - ⚠️ 权重管理器：没有启用几何权重，使用默认全1权重
2025-08-25 02:20:43,009 - WARNING - ⚠️ 权重管理器：没有启用几何权重，使用默认全1权重
2025-08-25 02:20:43,009 - WARNING - ⚠️ 权重管理器：没有启用几何权重，使用默认全1权重
2025-08-25 02:20:43,013 - WARNING - ⚠️ 权重管理器：没有启用几何权重，使用默认全1权重
2025-08-25 02:20:43,013 - WARNING - ⚠️ 权重管理器：没有启用几何权重，使用默认全1权重
2025-08-25 02:20:43,013 - WARNING - ⚠️ 权重管理器：没有启用几何权重，使用默认全1权重
2025-08-25 02:20:43,013 - WARNING - ⚠️ 权重管理器：没有启用几何权重，使用默认全1权重
2025-08-25 02:20:43,013 - WARNING - ⚠️ 权重管理器：没有启用几何权重，使用默认全1权重
2025-08-25 02:20:43,013 - WARNING - ⚠️ 权重管理器：没有启用几何权重，使用默认全1权重
2025-08-25 02:20:43,013 - WARNING - ⚠️ 权重管理器：没有启用几何权重，使用默认全1权重
2025-08-25 02:20:43,013 - WARNING - ⚠️ 权重管理器：没有启用几何权重，使用默认全1权重
2025-08-25 02:20:43,013 - WARNING - ⚠️ 权重管理器：没有启用几何权重，使用默认全1权重
2025-08-25 02:20:43,013 - WARNING - ⚠️ 权重管理器：没有启用几何权重，使用默认全1权重
2025-08-25 02:20:43,013 - WARNING - ⚠️ 权重管理器：没有启用几何权重，使用默认全1权重
2025-08-25 02:20:43,013 - WARNING - ⚠️ 权重管理器：没有启用几何权重，使用默认全1权重
2025-08-25 02:20:43,013 - WARNING - ⚠️ 权重管理器：没有启用几何权重，使用默认全1权重
2025-08-25 02:20:43,013 - WARNING - ⚠️ 权重管理器：没有启用几何权重，使用默认全1权重
2025-08-25 02:20:43,013 - WARNING - ⚠️ 权重管理器：没有启用几何权重，使用默认全1权重
2025-08-25 02:20:43,013 - WARNING - ⚠️ 权重管理器：没有启用几何权重，使用默认全1权重
2025-08-25 02:20:43,013 - DEBUG - 🔍 权重矩阵计算成功: 形状=(21, 21)
2025-08-25 02:20:43,013 - DEBUG - 🔍 几何权重统计:
2025-08-25 02:20:43,017 - DEBUG -    权重向量: [[1.]
 [1.]
 [1.]
 [1.]
 [1.]
 [1.]
 [1.]
 [1.]
 [1.]
 [1.]
 [1.]
 [1.]
 [1.]
 [1.]
 [1.]
 [1.]
 [1.]
 [1.]
 [1.]
 [1.]
 [1.]]
2025-08-25 02:20:43,017 - DEBUG -    权重范围: [1.000000, 1.000000]
2025-08-25 02:20:43,017 - DEBUG -    权重均值: 1.000000
2025-08-25 02:20:43,017 - DEBUG -    权重标准差: 0.000000
2025-08-25 02:20:43,017 - DEBUG -    高权重点(>0.8): 21/21
2025-08-25 02:20:43,017 - DEBUG -    低权重点(<0.2): 0/21
2025-08-25 02:20:43,017 - INFO - -----------------------------------------------------------------------------------
2025-08-25 02:20:43,017 - DEBUG - 🔍 开始求解LM更新方程:
2025-08-25 02:20:43,017 - DEBUG -    数据残差: 形状=(21,), 范数=0.073358
2025-08-25 02:20:43,017 - DEBUG -    约束残差: 形状=(1,), 范数=0.000124
2025-08-25 02:20:43,017 - DEBUG - 🔍 计算数据残差雅可比矩阵 J_f: 形状=(21, 4)
2025-08-25 02:20:43,017 - DEBUG - 🔍 J_f矩阵计算完成: 条件数=3.01e+01
2025-08-25 02:20:43,017 - DEBUG - 🔍 深度约束雅可比计算: u=-2.026984, σ=0.116399, J_h=[[ 0.          0.         -0.11639878  0.        ]]
2025-08-25 02:20:43,017 - DEBUG - 🔍 半径先验雅可比: J_r=[[0. 0. 0. 1.]]
2025-08-25 02:20:43,017 - DEBUG - 🔍 使用几何权重矩阵: 形状=(21, 21)
2025-08-25 02:20:43,017 - DEBUG - 🔍 Hessian矩阵计算:
2025-08-25 02:20:43,017 - DEBUG -    H_data = J_f^T W J_f: 形状=(4, 4), 条件数=9.06e+02
2025-08-25 02:20:43,017 - DEBUG -    H_h = λ_depth J_h^T J_h: 形状=(4, 4), λ_depth=1000.0
2025-08-25 02:20:43,017 - DEBUG -    H_r = λ_radius J_r^T J_r: 形状=(4, 4), λ_radius=1.0
2025-08-25 02:20:43,017 - DEBUG -    H_total: 形状=(4, 4), 条件数=8.11e+01
2025-08-25 02:20:43,017 - DEBUG - 🔍 梯度计算:
2025-08-25 02:20:43,017 - DEBUG -    g_data: 形状=(4,), 范数=0.247125
2025-08-25 02:20:43,017 - DEBUG -    g_h: 形状=(4,), 范数=0.014404
2025-08-25 02:20:43,017 - DEBUG -    g_r: 形状=(4,), 范数=0.005546
2025-08-25 02:20:43,017 - DEBUG -    g_total: 形状=(4,), 范数=0.243990
2025-08-25 02:20:43,017 - DEBUG - 🔍 LM阻尼矩阵: H_lm = H_total + 100.0 * I
2025-08-25 02:20:43,017 - DEBUG -    H_lm条件数: 1.40e+00
2025-08-25 02:20:43,017 - DEBUG - 🔍 线性方程组求解成功:
2025-08-25 02:20:43,017 - DEBUG -    参数更新向量 Δθ: [[-1.37918849e-03]
 [ 1.66233575e-04]
 [ 7.37252226e-05]
 [ 1.11983055e-03]]
2025-08-25 02:20:43,017 - DEBUG -    更新向量范数: 0.001786
2025-08-25 02:20:43,017 - DEBUG -    各分量更新: Δc_x=-0.001379, Δc_y=0.000166, Δc_z=0.000074, Δr=0.001120
2025-08-25 02:20:43,017 - DEBUG -    参数更新:
2025-08-25 02:20:43,017 - DEBUG -      旧参数: [[-0.03775357]
 [-0.01757987]
 [ 0.60465166]
 [ 0.01754607]]
2025-08-25 02:20:43,017 - DEBUG -      更新向量: [[-1.37918849e-03]
 [ 1.66233575e-04]
 [ 7.37252226e-05]
 [ 1.11983055e-03]]
2025-08-25 02:20:43,017 - DEBUG -      新参数: [[-0.03913276]
 [-0.01741364]
 [ 0.60472539]
 [ 0.01866591]]
2025-08-25 02:20:43,017 - INFO - -----------------------------------------------------------------------------------
2025-08-25 02:20:43,017 - INFO - 🔍 迭代第11次，球心向右1.379188mm，向下0.166234mm，向后0.073725mm，半径变大1.119831mm
2025-08-25 02:20:43,017 - INFO - 📊 变化前: 中心(-0.038, -0.018, 0.605), 半径17.55mm
2025-08-25 02:20:43,017 - INFO - 📊 变化后: 中心(-0.039, -0.017, 0.605), 半径18.67mm
2025-08-25 02:20:43,017 - INFO - 📈 变化量: 中心移动1.39mm, 半径变化1.12mm
2025-08-25 02:20:43,017 - INFO - 📍 眼球中心: [-0.03775357 -0.01757987  0.60465166]
2025-08-25 02:20:43,017 - INFO - 📏 眼球半径: 17.55mm
2025-08-25 02:20:43,017 - INFO - 👁️ 瞳孔中心: [-0.012      -0.01466667  0.60000002]
2025-08-25 02:20:43,017 - INFO - 📐 眼球中心在瞳孔中心的左25.75mm，上2.91mm，后4.65mm
2025-08-25 02:20:43,017 - INFO - 📏 距离: 26.33mm
2025-08-25 02:20:43,017 - INFO - -----------------------------------------------------------------------------------
2025-08-25 02:20:43,017 - INFO - -----------------------------------------------------------------------------------
2025-08-25 02:20:43,017 - DEBUG - 🔍 参数有效性检查:
2025-08-25 02:20:43,025 - DEBUG -    参数向量: [[-0.03913276]
 [-0.01741364]
 [ 0.60472539]
 [ 0.01866591]]
2025-08-25 02:20:43,025 - DEBUG -    球心: [-0.03913276 -0.01741364  0.60472539]
2025-08-25 02:20:43,025 - DEBUG -    半径: 0.018666
2025-08-25 02:20:43,025 - DEBUG - 🔍 函数值计算详情:
2025-08-25 02:20:43,025 - DEBUG -    数据项 F(θ): 0.002691
2025-08-25 02:20:43,025 - DEBUG -    深度约束项: 0.000008
2025-08-25 02:20:43,025 - DEBUG -    半径先验项: 0.000015
2025-08-25 02:20:43,025 - DEBUG -    总函数值 Φ(θ): 0.002714
2025-08-25 02:20:43,025 - DEBUG -    函数值改善: -0.000079
2025-08-25 02:20:43,025 - DEBUG - 🔍 参数有效: False
2025-08-25 02:20:43,025 - DEBUG -    参数无效，阻尼因子调整: λ_LM = 1.00e+03
2025-08-25 02:20:43,025 - DEBUG - 🔍 迭代 13/30:
2025-08-25 02:20:43,025 - DEBUG - 🔍 计算点到球心距离: 形状=(21,)
2025-08-25 02:20:43,025 - DEBUG - 🔍 生理偏差向量计算:
2025-08-25 02:20:43,025 - DEBUG -    点类型列表: ['pupil_center', 'iris_boundaries', 'iris_boundaries', 'iris_boundaries', 'iris_boundaries', 'eye_contours', 'eye_contours', 'eye_contours', 'eye_contours', 'eye_contours', 'eye_contours', 'eye_contours', 'eye_contours', 'eye_contours', 'eye_contours', 'eye_contours', 'eye_contours', 'eye_contours', 'eye_contours', 'eye_contours', 'eye_contours']
2025-08-25 02:20:43,025 - DEBUG -    偏差向量: [0.0002  0.00085 0.00085 0.00085 0.00085 0.0015  0.0015  0.0015  0.0015
 0.0015  0.0015  0.0015  0.0015  0.0015  0.0015  0.0015  0.0015  0.0015
 0.0015  0.0015  0.0015 ]
2025-08-25 02:20:43,025 - DEBUG -    向量形状: (21,)
2025-08-25 02:20:43,025 - DEBUG -    偏差统计: 均值=0.001314, 标准差=0.000356
2025-08-25 02:20:43,025 - DEBUG - 获取生理偏差: 点类型=['pupil_center', 'iris_boundaries', 'iris_boundaries', 'iris_boundaries', 'iris_boundaries', 'eye_contours', 'eye_contours', 'eye_contours', 'eye_contours', 'eye_contours', 'eye_contours', 'eye_contours', 'eye_contours', 'eye_contours', 'eye_contours', 'eye_contours', 'eye_contours', 'eye_contours', 'eye_contours', 'eye_contours', 'eye_contours'], 偏差值=[0.0002  0.00085 0.00085 0.00085 0.00085 0.0015  0.0015  0.0015  0.0015
 0.0015  0.0015  0.0015  0.0015  0.0015  0.0015  0.0015  0.0015  0.0015
 0.0015  0.0015  0.0015 ]
2025-08-25 02:20:43,025 - INFO - -----------------------------------------------------------------------------------
2025-08-25 02:20:43,025 - DEBUG - 🔍 拟合残差计算详情:
2025-08-25 02:20:43,025 - DEBUG -    球心坐标: [-0.03775357 -0.01757987  0.60465166]
2025-08-25 02:20:43,025 - DEBUG -    球体半径: 0.017546
2025-08-25 02:20:43,025 - DEBUG -    采样点数: 21
2025-08-25 02:20:43,025 - DEBUG -    点类型分布: {'eye_contours': 16, 'iris_boundaries': 4, 'pupil_center': 1}
2025-08-25 02:20:43,025 - DEBUG -    理论距离向量: [0.01774607 0.01839607 0.01839607 0.01839607 0.01839607 0.01904607
 0.01904607 0.01904607 0.01904607 0.01904607 0.01904607 0.01904607
 0.01904607 0.01904607 0.01904607 0.01904607 0.01904607 0.01904607
 0.01904607 0.01904607 0.01904607]
2025-08-25 02:20:43,025 - DEBUG -    实际距离向量: [0.02633194 0.03657383 0.02640541 0.01589826 0.02923812 0.00622842
 0.01012884 0.01368899 0.0189662  0.02696723 0.03501882 0.04281844
 0.04822168 0.05105569 0.04781514 0.04113449 0.0320773  0.02341313
 0.01476736 0.00939666 0.00712481]
2025-08-25 02:20:43,025 - DEBUG -    生理偏差向量: [0.0002  0.00085 0.00085 0.00085 0.00085 0.0015  0.0015  0.0015  0.0015
 0.0015  0.0015  0.0015  0.0015  0.0015  0.0015  0.0015  0.0015  0.0015
 0.0015  0.0015  0.0015 ]
2025-08-25 02:20:43,025 - DEBUG -    残差向量 f(θ): 
[[ 8.58586296e-03]
 [ 1.81777593e-02]
 [ 8.00933284e-03]
 [-2.49781346e-03]
 [ 1.08420450e-02]
 [-1.28176538e-02]
 [-8.91722978e-03]
 [-5.35708797e-03]
 [-7.98701347e-05]
 [ 7.92115975e-03]
 [ 1.59727419e-02]
 [ 2.37723651e-02]
 [ 2.91756062e-02]
 [ 3.20096195e-02]
 [ 2.87690614e-02]
 [ 2.20884148e-02]
 [ 1.30312263e-02]
 [ 4.36705197e-03]
 [-4.27871479e-03]
 [-9.64941927e-03]
 [-1.19212664e-02]]
2025-08-25 02:20:43,025 - DEBUG -    平均残差范数: 0.003493
2025-08-25 02:20:43,025 - DEBUG -    残差范数=0.073358
2025-08-25 02:20:43,025 - INFO - -----------------------------------------------------------------------------------
2025-08-25 02:20:43,025 - DEBUG - 🔍 深度约束计算详情 (softplus):
2025-08-25 02:20:43,025 - DEBUG -    采样点Z坐标范围: [0.600000, 0.602425]
2025-08-25 02:20:43,033 - DEBUG -    球心Z坐标: 0.604652
2025-08-25 02:20:43,033 - DEBUG -    深度偏移ε: 0.000200
2025-08-25 02:20:43,033 - DEBUG -    softplus参数τ: 0.001000
2025-08-25 02:20:43,033 - DEBUG -    原始违反值: -0.002027
2025-08-25 02:20:43,033 - DEBUG -    softplus输入 u: -2.026984
2025-08-25 02:20:43,033 - DEBUG -    约束惩罚 h(θ): 0.000124
2025-08-25 02:20:43,033 - DEBUG -    🟢 深度约束满足: 球心深度足够
2025-08-25 02:20:43,033 - INFO - -----------------------------------------------------------------------------------
2025-08-25 02:20:43,033 - DEBUG - 🔍 半径惩罚计算详情:
2025-08-25 02:20:43,033 - DEBUG -    当前半径: 0.017546
2025-08-25 02:20:43,033 - DEBUG -    半径先验值: 0.012000
2025-08-25 02:20:43,033 - DEBUG -    半径残差 r(θ): 0.005546
2025-08-25 02:20:43,033 - DEBUG -    数据残差 f(θ): [[ 8.58586296e-03]
 [ 1.81777593e-02]
 [ 8.00933284e-03]
 [-2.49781346e-03]
 [ 1.08420450e-02]
 [-1.28176538e-02]
 [-8.91722978e-03]
 [-5.35708797e-03]
 [-7.98701347e-05]
 [ 7.92115975e-03]
 [ 1.59727419e-02]
 [ 2.37723651e-02]
 [ 2.91756062e-02]
 [ 3.20096195e-02]
 [ 2.87690614e-02]
 [ 2.20884148e-02]
 [ 1.30312263e-02]
 [ 4.36705197e-03]
 [-4.27871479e-03]
 [-9.64941927e-03]
 [-1.19212664e-02]]
2025-08-25 02:20:43,033 - DEBUG -    约束残差 g(θ): [[0.00012375]]
2025-08-25 02:20:43,033 - DEBUG -    半径残差 r(θ): [[0.00554607]]
2025-08-25 02:20:43,033 - DEBUG - 🔍 状态变化计算: 参数变化=0.000000, 残差变化=0.000000
2025-08-25 02:20:43,033 - INFO - -----------------------------------------------------------------------------------
2025-08-25 02:20:43,033 - DEBUG - 🔍 权重管理器状态更新详情:
2025-08-25 02:20:43,033 - DEBUG -    当前迭代: 12
2025-08-25 02:20:43,033 - DEBUG -    参数变化: 0.000000 (阈值: 0.000005)
2025-08-25 02:20:43,033 - DEBUG -    残差变化: 0.000000 (阈值: 0.000005)
2025-08-25 02:20:43,033 - DEBUG -    几何权重因子: 10
2025-08-25 02:20:43,033 - DEBUG - ⏸️ 保持图像置信度权重: 参数变化=0.00e+00, 残差变化=0.00e+00
2025-08-25 02:20:43,033 - DEBUG - 状态已保存: 参数=[-0.03775357 -0.01757987  0.60465166  0.01754607], 残差范数=0.073358
2025-08-25 02:20:43,033 - DEBUG - 🔍 获取visibility信息: 形状=(21,), 范围=[1.000, 1.000]
2025-08-25 02:20:43,038 - DEBUG - 🔧 设置图像置信度权重: 21个点
2025-08-25 02:20:43,038 - DEBUG - 🔍 开始计算权重矩阵:
2025-08-25 02:20:43,038 - DEBUG -    点类型: ['pupil_center', 'iris_boundaries', 'iris_boundaries', 'iris_boundaries', 'iris_boundaries', 'eye_contours', 'eye_contours', 'eye_contours', 'eye_contours', 'eye_contours', 'eye_contours', 'eye_contours', 'eye_contours', 'eye_contours', 'eye_contours', 'eye_contours', 'eye_contours', 'eye_contours', 'eye_contours', 'eye_contours', 'eye_contours']
2025-08-25 02:20:43,038 - DEBUG -    残差向量: 形状=(21,), 范数=0.073358
2025-08-25 02:20:43,038 - DEBUG -    Visibility: 形状=(21,), 均值=1.000
2025-08-25 02:20:43,038 - WARNING - ⚠️ 权重管理器：没有启用几何权重，使用默认全1权重
2025-08-25 02:20:43,038 - WARNING - ⚠️ 权重管理器：没有启用几何权重，使用默认全1权重
2025-08-25 02:20:43,038 - WARNING - ⚠️ 权重管理器：没有启用几何权重，使用默认全1权重
2025-08-25 02:20:43,038 - WARNING - ⚠️ 权重管理器：没有启用几何权重，使用默认全1权重
2025-08-25 02:20:43,038 - WARNING - ⚠️ 权重管理器：没有启用几何权重，使用默认全1权重
2025-08-25 02:20:43,038 - WARNING - ⚠️ 权重管理器：没有启用几何权重，使用默认全1权重
2025-08-25 02:20:43,038 - WARNING - ⚠️ 权重管理器：没有启用几何权重，使用默认全1权重
2025-08-25 02:20:43,038 - WARNING - ⚠️ 权重管理器：没有启用几何权重，使用默认全1权重
2025-08-25 02:20:43,038 - WARNING - ⚠️ 权重管理器：没有启用几何权重，使用默认全1权重
2025-08-25 02:20:43,038 - WARNING - ⚠️ 权重管理器：没有启用几何权重，使用默认全1权重
2025-08-25 02:20:43,038 - WARNING - ⚠️ 权重管理器：没有启用几何权重，使用默认全1权重
2025-08-25 02:20:43,038 - WARNING - ⚠️ 权重管理器：没有启用几何权重，使用默认全1权重
2025-08-25 02:20:43,038 - WARNING - ⚠️ 权重管理器：没有启用几何权重，使用默认全1权重
2025-08-25 02:20:43,038 - WARNING - ⚠️ 权重管理器：没有启用几何权重，使用默认全1权重
2025-08-25 02:20:43,038 - WARNING - ⚠️ 权重管理器：没有启用几何权重，使用默认全1权重
2025-08-25 02:20:43,038 - WARNING - ⚠️ 权重管理器：没有启用几何权重，使用默认全1权重
2025-08-25 02:20:43,038 - WARNING - ⚠️ 权重管理器：没有启用几何权重，使用默认全1权重
2025-08-25 02:20:43,038 - WARNING - ⚠️ 权重管理器：没有启用几何权重，使用默认全1权重
2025-08-25 02:20:43,038 - WARNING - ⚠️ 权重管理器：没有启用几何权重，使用默认全1权重
2025-08-25 02:20:43,038 - WARNING - ⚠️ 权重管理器：没有启用几何权重，使用默认全1权重
2025-08-25 02:20:43,038 - WARNING - ⚠️ 权重管理器：没有启用几何权重，使用默认全1权重
2025-08-25 02:20:43,038 - DEBUG - 🔍 权重矩阵计算成功: 形状=(21, 21)
2025-08-25 02:20:43,038 - DEBUG - 🔍 几何权重统计:
2025-08-25 02:20:43,041 - DEBUG -    权重向量: [[1.]
 [1.]
 [1.]
 [1.]
 [1.]
 [1.]
 [1.]
 [1.]
 [1.]
 [1.]
 [1.]
 [1.]
 [1.]
 [1.]
 [1.]
 [1.]
 [1.]
 [1.]
 [1.]
 [1.]
 [1.]]
2025-08-25 02:20:43,041 - DEBUG -    权重范围: [1.000000, 1.000000]
2025-08-25 02:20:43,041 - DEBUG -    权重均值: 1.000000
2025-08-25 02:20:43,042 - DEBUG -    权重标准差: 0.000000
2025-08-25 02:20:43,042 - DEBUG -    高权重点(>0.8): 21/21
2025-08-25 02:20:43,042 - DEBUG -    低权重点(<0.2): 0/21
2025-08-25 02:20:43,042 - INFO - -----------------------------------------------------------------------------------
2025-08-25 02:20:43,042 - DEBUG - 🔍 开始求解LM更新方程:
2025-08-25 02:20:43,042 - DEBUG -    数据残差: 形状=(21,), 范数=0.073358
2025-08-25 02:20:43,042 - DEBUG -    约束残差: 形状=(1,), 范数=0.000124
2025-08-25 02:20:43,042 - DEBUG - 🔍 计算数据残差雅可比矩阵 J_f: 形状=(21, 4)
2025-08-25 02:20:43,042 - DEBUG - 🔍 J_f矩阵计算完成: 条件数=3.01e+01
2025-08-25 02:20:43,042 - DEBUG - 🔍 深度约束雅可比计算: u=-2.026984, σ=0.116399, J_h=[[ 0.          0.         -0.11639878  0.        ]]
2025-08-25 02:20:43,042 - DEBUG - 🔍 半径先验雅可比: J_r=[[0. 0. 0. 1.]]
2025-08-25 02:20:43,042 - DEBUG - 🔍 使用几何权重矩阵: 形状=(21, 21)
2025-08-25 02:20:43,042 - DEBUG - 🔍 Hessian矩阵计算:
2025-08-25 02:20:43,042 - DEBUG -    H_data = J_f^T W J_f: 形状=(4, 4), 条件数=9.06e+02
2025-08-25 02:20:43,042 - DEBUG -    H_h = λ_depth J_h^T J_h: 形状=(4, 4), λ_depth=1000.0
2025-08-25 02:20:43,042 - DEBUG -    H_r = λ_radius J_r^T J_r: 形状=(4, 4), λ_radius=1.0
2025-08-25 02:20:43,042 - DEBUG -    H_total: 形状=(4, 4), 条件数=8.11e+01
2025-08-25 02:20:43,042 - DEBUG - 🔍 梯度计算:
2025-08-25 02:20:43,042 - DEBUG -    g_data: 形状=(4,), 范数=0.247125
2025-08-25 02:20:43,042 - DEBUG -    g_h: 形状=(4,), 范数=0.014404
2025-08-25 02:20:43,042 - DEBUG -    g_r: 形状=(4,), 范数=0.005546
2025-08-25 02:20:43,042 - DEBUG -    g_total: 形状=(4,), 范数=0.243990
2025-08-25 02:20:43,042 - DEBUG - 🔍 LM阻尼矩阵: H_lm = H_total + 1000.0 * I
2025-08-25 02:20:43,042 - DEBUG -    H_lm条件数: 1.04e+00
2025-08-25 02:20:43,042 - DEBUG - 🔍 线性方程组求解成功:
2025-08-25 02:20:43,042 - DEBUG -    参数更新向量 Δθ: [[-1.75954943e-04]
 [ 7.36091313e-06]
 [ 1.56683621e-05]
 [ 1.54956022e-04]]
2025-08-25 02:20:43,042 - DEBUG -    更新向量范数: 0.000235
2025-08-25 02:20:43,042 - DEBUG -    各分量更新: Δc_x=-0.000176, Δc_y=0.000007, Δc_z=0.000016, Δr=0.000155
2025-08-25 02:20:43,042 - DEBUG -    参数更新:
2025-08-25 02:20:43,042 - DEBUG -      旧参数: [[-0.03775357]
 [-0.01757987]
 [ 0.60465166]
 [ 0.01754607]]
2025-08-25 02:20:43,042 - DEBUG -      更新向量: [[-1.75954943e-04]
 [ 7.36091313e-06]
 [ 1.56683621e-05]
 [ 1.54956022e-04]]
2025-08-25 02:20:43,042 - DEBUG -      新参数: [[-0.03792953]
 [-0.01757251]
 [ 0.60466733]
 [ 0.01770103]]
2025-08-25 02:20:43,042 - INFO - -----------------------------------------------------------------------------------
2025-08-25 02:20:43,042 - INFO - 🔍 迭代第12次，球心向右0.175955mm，向下0.007361mm，向后0.015668mm，半径变大0.154956mm
2025-08-25 02:20:43,049 - INFO - 📊 变化前: 中心(-0.038, -0.018, 0.605), 半径17.55mm
2025-08-25 02:20:43,049 - INFO - 📊 变化后: 中心(-0.038, -0.018, 0.605), 半径17.70mm
2025-08-25 02:20:43,049 - INFO - 📈 变化量: 中心移动0.18mm, 半径变化0.15mm
2025-08-25 02:20:43,049 - INFO - 📍 眼球中心: [-0.03775357 -0.01757987  0.60465166]
2025-08-25 02:20:43,049 - INFO - 📏 眼球半径: 17.55mm
2025-08-25 02:20:43,049 - INFO - 👁️ 瞳孔中心: [-0.012      -0.01466667  0.60000002]
2025-08-25 02:20:43,049 - INFO - 📐 眼球中心在瞳孔中心的左25.75mm，上2.91mm，后4.65mm
2025-08-25 02:20:43,049 - INFO - 📏 距离: 26.33mm
2025-08-25 02:20:43,049 - INFO - -----------------------------------------------------------------------------------
2025-08-25 02:20:43,049 - INFO - -----------------------------------------------------------------------------------
2025-08-25 02:20:43,049 - DEBUG - 🔍 参数有效性检查:
2025-08-25 02:20:43,049 - DEBUG -    参数向量: [[-0.03792953]
 [-0.01757251]
 [ 0.60466733]
 [ 0.01770103]]
2025-08-25 02:20:43,049 - DEBUG -    球心: [-0.03792953 -0.01757251  0.60466733]
2025-08-25 02:20:43,049 - DEBUG -    半径: 0.017701
2025-08-25 02:20:43,049 - DEBUG - 🔍 函数值计算详情:
2025-08-25 02:20:43,049 - DEBUG -    数据项 F(θ): 0.002691
2025-08-25 02:20:43,049 - DEBUG -    深度约束项: 0.000008
2025-08-25 02:20:43,049 - DEBUG -    半径先验项: 0.000015
2025-08-25 02:20:43,049 - DEBUG -    总函数值 Φ(θ): 0.002714
2025-08-25 02:20:43,049 - DEBUG -    函数值改善: 0.000000
2025-08-25 02:20:43,049 - DEBUG - 🔍 参数有效: True
2025-08-25 02:20:43,049 - DEBUG -    参数更新成功:
2025-08-25 02:20:43,049 - DEBUG -      新球心: [-0.03792953 -0.01757251  0.60466733]
2025-08-25 02:20:43,049 - DEBUG -      新半径: 0.017701
2025-08-25 02:20:43,049 - INFO - -----------------------------------------------------------------------------------
2025-08-25 02:20:43,049 - DEBUG - 🔍 LM收敛性检查:
2025-08-25 02:20:43,049 - DEBUG -    当前迭代次数: 12
2025-08-25 02:20:43,049 - DEBUG -    最大迭代次数: 30
2025-08-25 02:20:43,049 - DEBUG -    参数变化: 0.000235
2025-08-25 02:20:43,049 - DEBUG -    参数容忍度: 5e-06
2025-08-25 02:20:43,049 - DEBUG -    残差变化: 0.000000
2025-08-25 02:20:43,049 - DEBUG -    残差容忍度: 5e-06
2025-08-25 02:20:43,049 - DEBUG - 🔍 迭代 14/30:
2025-08-25 02:20:43,049 - DEBUG - 🔍 计算点到球心距离: 形状=(21,)
2025-08-25 02:20:43,049 - DEBUG - 🔍 生理偏差向量计算:
2025-08-25 02:20:43,049 - DEBUG -    点类型列表: ['pupil_center', 'iris_boundaries', 'iris_boundaries', 'iris_boundaries', 'iris_boundaries', 'eye_contours', 'eye_contours', 'eye_contours', 'eye_contours', 'eye_contours', 'eye_contours', 'eye_contours', 'eye_contours', 'eye_contours', 'eye_contours', 'eye_contours', 'eye_contours', 'eye_contours', 'eye_contours', 'eye_contours', 'eye_contours']
2025-08-25 02:20:43,049 - DEBUG -    偏差向量: [0.0002  0.00085 0.00085 0.00085 0.00085 0.0015  0.0015  0.0015  0.0015
 0.0015  0.0015  0.0015  0.0015  0.0015  0.0015  0.0015  0.0015  0.0015
 0.0015  0.0015  0.0015 ]
2025-08-25 02:20:43,049 - DEBUG -    向量形状: (21,)
2025-08-25 02:20:43,049 - DEBUG -    偏差统计: 均值=0.001314, 标准差=0.000356
2025-08-25 02:20:43,049 - DEBUG - 获取生理偏差: 点类型=['pupil_center', 'iris_boundaries', 'iris_boundaries', 'iris_boundaries', 'iris_boundaries', 'eye_contours', 'eye_contours', 'eye_contours', 'eye_contours', 'eye_contours', 'eye_contours', 'eye_contours', 'eye_contours', 'eye_contours', 'eye_contours', 'eye_contours', 'eye_contours', 'eye_contours', 'eye_contours', 'eye_contours', 'eye_contours'], 偏差值=[0.0002  0.00085 0.00085 0.00085 0.00085 0.0015  0.0015  0.0015  0.0015
 0.0015  0.0015  0.0015  0.0015  0.0015  0.0015  0.0015  0.0015  0.0015
 0.0015  0.0015  0.0015 ]
2025-08-25 02:20:43,049 - INFO - -----------------------------------------------------------------------------------
2025-08-25 02:20:43,049 - DEBUG - 🔍 拟合残差计算详情:
2025-08-25 02:20:43,049 - DEBUG -    球心坐标: [-0.03792953 -0.01757251  0.60466733]
2025-08-25 02:20:43,049 - DEBUG -    球体半径: 0.017701
2025-08-25 02:20:43,049 - DEBUG -    采样点数: 21
2025-08-25 02:20:43,049 - DEBUG -    点类型分布: {'eye_contours': 16, 'iris_boundaries': 4, 'pupil_center': 1}
2025-08-25 02:20:43,049 - DEBUG -    理论距离向量: [0.01790103 0.01855103 0.01855103 0.01855103 0.01855103 0.01920103
 0.01920103 0.01920103 0.01920103 0.01920103 0.01920103 0.01920103
 0.01920103 0.01920103 0.01920103 0.01920103 0.01920103 0.01920103
 0.01920103 0.01920103 0.01920103]
2025-08-25 02:20:43,049 - DEBUG -    实际距离向量: [0.026506   0.03674923 0.026579   0.01606614 0.0293934  0.00628147
 0.01023317 0.01381978 0.01911471 0.02712887 0.03518759 0.04299109
 0.04839568 0.05123043 0.04799089 0.04131109 0.03225395 0.02358949
 0.01494125 0.00955788 0.00724763]
2025-08-25 02:20:43,058 - DEBUG -    生理偏差向量: [0.0002  0.00085 0.00085 0.00085 0.00085 0.0015  0.0015  0.0015  0.0015
 0.0015  0.0015  0.0015  0.0015  0.0015  0.0015  0.0015  0.0015  0.0015
 0.0015  0.0015  0.0015 ]
2025-08-25 02:20:43,058 - DEBUG -    残差向量 f(θ): 
[[ 8.60496891e-03]
 [ 1.81982025e-02]
 [ 8.02796726e-03]
 [-2.48489004e-03]
 [ 1.08423715e-02]
 [-1.29195614e-02]
 [-8.96785949e-03]
 [-5.38124951e-03]
 [-8.63161665e-05]
 [ 7.92783598e-03]
 [ 1.59865615e-02]
 [ 2.37900602e-02]
 [ 2.91946505e-02]
 [ 3.20294001e-02]
 [ 2.87898599e-02]
 [ 2.21100621e-02]
 [ 1.30529242e-02]
 [ 4.38845723e-03]
 [-4.25977747e-03]
 [-9.64315038e-03]
 [-1.19533977e-02]]
2025-08-25 02:20:43,058 - DEBUG -    平均残差范数: 0.003497
2025-08-25 02:20:43,058 - DEBUG -    残差范数=0.073442
2025-08-25 02:20:43,058 - INFO - -----------------------------------------------------------------------------------
2025-08-25 02:20:43,058 - DEBUG - 🔍 深度约束计算详情 (softplus):
2025-08-25 02:20:43,058 - DEBUG -    采样点Z坐标范围: [0.600000, 0.602425]
2025-08-25 02:20:43,058 - DEBUG -    球心Z坐标: 0.604667
2025-08-25 02:20:43,058 - DEBUG -    深度偏移ε: 0.000200
2025-08-25 02:20:43,058 - DEBUG -    softplus参数τ: 0.001000
2025-08-25 02:20:43,058 - DEBUG -    原始违反值: -0.002043
2025-08-25 02:20:43,058 - DEBUG -    softplus输入 u: -2.042652
2025-08-25 02:20:43,058 - DEBUG -    约束惩罚 h(θ): 0.000122
2025-08-25 02:20:43,058 - DEBUG -    🟢 深度约束满足: 球心深度足够
2025-08-25 02:20:43,058 - INFO - -----------------------------------------------------------------------------------
2025-08-25 02:20:43,058 - DEBUG - 🔍 半径惩罚计算详情:
2025-08-25 02:20:43,058 - DEBUG -    当前半径: 0.017701
2025-08-25 02:20:43,058 - DEBUG -    半径先验值: 0.012000
2025-08-25 02:20:43,058 - DEBUG -    半径残差 r(θ): 0.005701
2025-08-25 02:20:43,058 - DEBUG -    数据残差 f(θ): [[ 8.60496891e-03]
 [ 1.81982025e-02]
 [ 8.02796726e-03]
 [-2.48489004e-03]
 [ 1.08423715e-02]
 [-1.29195614e-02]
 [-8.96785949e-03]
 [-5.38124951e-03]
 [-8.63161665e-05]
 [ 7.92783598e-03]
 [ 1.59865615e-02]
 [ 2.37900602e-02]
 [ 2.91946505e-02]
 [ 3.20294001e-02]
 [ 2.87898599e-02]
 [ 2.21100621e-02]
 [ 1.30529242e-02]
 [ 4.38845723e-03]
 [-4.25977747e-03]
 [-9.64315038e-03]
 [-1.19533977e-02]]
2025-08-25 02:20:43,058 - DEBUG -    约束残差 g(θ): [[0.00012194]]
2025-08-25 02:20:43,058 - DEBUG -    半径残差 r(θ): [[0.00570103]]
2025-08-25 02:20:43,058 - DEBUG - 🔍 状态变化计算: 参数变化=0.000235, 残差变化=0.000084
2025-08-25 02:20:43,058 - INFO - -----------------------------------------------------------------------------------
2025-08-25 02:20:43,058 - DEBUG - 🔍 权重管理器状态更新详情:
2025-08-25 02:20:43,058 - DEBUG -    当前迭代: 13
2025-08-25 02:20:43,058 - DEBUG -    参数变化: 0.000235 (阈值: 0.000005)
2025-08-25 02:20:43,058 - DEBUG -    残差变化: 0.000084 (阈值: 0.000005)
2025-08-25 02:20:43,058 - DEBUG -    几何权重因子: 10
2025-08-25 02:20:43,058 - DEBUG - ⏸️ 保持图像置信度权重: 参数变化=2.35e-04, 残差变化=8.35e-05
2025-08-25 02:20:43,058 - DEBUG - 状态已保存: 参数=[-0.03792953 -0.01757251  0.60466733  0.01770103], 残差范数=0.073442
2025-08-25 02:20:43,058 - DEBUG - 🔍 获取visibility信息: 形状=(21,), 范围=[1.000, 1.000]
2025-08-25 02:20:43,058 - DEBUG - 🔧 设置图像置信度权重: 21个点
2025-08-25 02:20:43,058 - DEBUG - 🔍 开始计算权重矩阵:
2025-08-25 02:20:43,058 - DEBUG -    点类型: ['pupil_center', 'iris_boundaries', 'iris_boundaries', 'iris_boundaries', 'iris_boundaries', 'eye_contours', 'eye_contours', 'eye_contours', 'eye_contours', 'eye_contours', 'eye_contours', 'eye_contours', 'eye_contours', 'eye_contours', 'eye_contours', 'eye_contours', 'eye_contours', 'eye_contours', 'eye_contours', 'eye_contours', 'eye_contours']
2025-08-25 02:20:43,058 - DEBUG -    残差向量: 形状=(21,), 范数=0.073442
2025-08-25 02:20:43,058 - DEBUG -    Visibility: 形状=(21,), 均值=1.000
2025-08-25 02:20:43,058 - WARNING - ⚠️ 权重管理器：没有启用几何权重，使用默认全1权重
2025-08-25 02:20:43,058 - WARNING - ⚠️ 权重管理器：没有启用几何权重，使用默认全1权重
2025-08-25 02:20:43,058 - WARNING - ⚠️ 权重管理器：没有启用几何权重，使用默认全1权重
2025-08-25 02:20:43,058 - WARNING - ⚠️ 权重管理器：没有启用几何权重，使用默认全1权重
2025-08-25 02:20:43,058 - WARNING - ⚠️ 权重管理器：没有启用几何权重，使用默认全1权重
2025-08-25 02:20:43,058 - WARNING - ⚠️ 权重管理器：没有启用几何权重，使用默认全1权重
2025-08-25 02:20:43,058 - WARNING - ⚠️ 权重管理器：没有启用几何权重，使用默认全1权重
2025-08-25 02:20:43,058 - WARNING - ⚠️ 权重管理器：没有启用几何权重，使用默认全1权重
2025-08-25 02:20:43,066 - WARNING - ⚠️ 权重管理器：没有启用几何权重，使用默认全1权重
2025-08-25 02:20:43,066 - WARNING - ⚠️ 权重管理器：没有启用几何权重，使用默认全1权重
2025-08-25 02:20:43,066 - WARNING - ⚠️ 权重管理器：没有启用几何权重，使用默认全1权重
2025-08-25 02:20:43,066 - WARNING - ⚠️ 权重管理器：没有启用几何权重，使用默认全1权重
2025-08-25 02:20:43,066 - WARNING - ⚠️ 权重管理器：没有启用几何权重，使用默认全1权重
2025-08-25 02:20:43,066 - WARNING - ⚠️ 权重管理器：没有启用几何权重，使用默认全1权重
2025-08-25 02:20:43,066 - WARNING - ⚠️ 权重管理器：没有启用几何权重，使用默认全1权重
2025-08-25 02:20:43,066 - WARNING - ⚠️ 权重管理器：没有启用几何权重，使用默认全1权重
2025-08-25 02:20:43,066 - WARNING - ⚠️ 权重管理器：没有启用几何权重，使用默认全1权重
2025-08-25 02:20:43,066 - WARNING - ⚠️ 权重管理器：没有启用几何权重，使用默认全1权重
2025-08-25 02:20:43,066 - WARNING - ⚠️ 权重管理器：没有启用几何权重，使用默认全1权重
2025-08-25 02:20:43,066 - WARNING - ⚠️ 权重管理器：没有启用几何权重，使用默认全1权重
2025-08-25 02:20:43,066 - WARNING - ⚠️ 权重管理器：没有启用几何权重，使用默认全1权重
2025-08-25 02:20:43,066 - DEBUG - 🔍 权重矩阵计算成功: 形状=(21, 21)
2025-08-25 02:20:43,066 - DEBUG - 🔍 几何权重统计:
2025-08-25 02:20:43,066 - DEBUG -    权重向量: [[1.]
 [1.]
 [1.]
 [1.]
 [1.]
 [1.]
 [1.]
 [1.]
 [1.]
 [1.]
 [1.]
 [1.]
 [1.]
 [1.]
 [1.]
 [1.]
 [1.]
 [1.]
 [1.]
 [1.]
 [1.]]
2025-08-25 02:20:43,066 - DEBUG -    权重范围: [1.000000, 1.000000]
2025-08-25 02:20:43,066 - DEBUG -    权重均值: 1.000000
2025-08-25 02:20:43,066 - DEBUG -    权重标准差: 0.000000
2025-08-25 02:20:43,066 - DEBUG -    高权重点(>0.8): 21/21
2025-08-25 02:20:43,066 - DEBUG -    低权重点(<0.2): 0/21
2025-08-25 02:20:43,066 - INFO - -----------------------------------------------------------------------------------
2025-08-25 02:20:43,066 - DEBUG - 🔍 开始求解LM更新方程:
2025-08-25 02:20:43,066 - DEBUG -    数据残差: 形状=(21,), 范数=0.073442
2025-08-25 02:20:43,066 - DEBUG -    约束残差: 形状=(1,), 范数=0.000122
2025-08-25 02:20:43,066 - DEBUG - 🔍 计算数据残差雅可比矩阵 J_f: 形状=(21, 4)
2025-08-25 02:20:43,066 - DEBUG - 🔍 J_f矩阵计算完成: 条件数=3.13e+01
2025-08-25 02:20:43,066 - DEBUG - 🔍 深度约束雅可比计算: u=-2.042652, σ=0.114797, J_h=[[ 0.          0.         -0.11479695  0.        ]]
2025-08-25 02:20:43,066 - DEBUG - 🔍 半径先验雅可比: J_r=[[0. 0. 0. 1.]]
2025-08-25 02:20:43,066 - DEBUG - 🔍 使用几何权重矩阵: 形状=(21, 21)
2025-08-25 02:20:43,066 - DEBUG - 🔍 Hessian矩阵计算:
2025-08-25 02:20:43,066 - DEBUG -    H_data = J_f^T W J_f: 形状=(4, 4), 条件数=9.83e+02
2025-08-25 02:20:43,066 - DEBUG -    H_h = λ_depth J_h^T J_h: 形状=(4, 4), λ_depth=1000.0
2025-08-25 02:20:43,066 - DEBUG -    H_r = λ_radius J_r^T J_r: 形状=(4, 4), λ_radius=1.0
2025-08-25 02:20:43,066 - DEBUG -    H_total: 形状=(4, 4), 条件数=8.16e+01
2025-08-25 02:20:43,066 - DEBUG - 🔍 梯度计算:
2025-08-25 02:20:43,066 - DEBUG -    g_data: 形状=(4,), 范数=0.246815
2025-08-25 02:20:43,066 - DEBUG -    g_h: 形状=(4,), 范数=0.013998
2025-08-25 02:20:43,066 - DEBUG -    g_r: 形状=(4,), 范数=0.005701
2025-08-25 02:20:43,066 - DEBUG -    g_total: 形状=(4,), 范数=0.243549
2025-08-25 02:20:43,066 - DEBUG - 🔍 LM阻尼矩阵: H_lm = H_total + 1000.0 * I
2025-08-25 02:20:43,066 - DEBUG -    H_lm条件数: 1.04e+00
2025-08-25 02:20:43,066 - DEBUG - 🔍 线性方程组求解成功:
2025-08-25 02:20:43,066 - DEBUG -    参数更新向量 Δθ: [[-1.75481707e-04]
 [ 7.23961547e-06]
 [ 1.53734274e-05]
 [ 1.54844968e-04]]
2025-08-25 02:20:43,066 - DEBUG -    更新向量范数: 0.000235
2025-08-25 02:20:43,066 - DEBUG -    各分量更新: Δc_x=-0.000175, Δc_y=0.000007, Δc_z=0.000015, Δr=0.000155
2025-08-25 02:20:43,066 - DEBUG -    参数更新:
2025-08-25 02:20:43,074 - DEBUG -      旧参数: [[-0.03792953]
 [-0.01757251]
 [ 0.60466733]
 [ 0.01770103]]
2025-08-25 02:20:43,074 - DEBUG -      更新向量: [[-1.75481707e-04]
 [ 7.23961547e-06]
 [ 1.53734274e-05]
 [ 1.54844968e-04]]
2025-08-25 02:20:43,074 - DEBUG -      新参数: [[-0.03810501]
 [-0.01756527]
 [ 0.60468271]
 [ 0.01785588]]
2025-08-25 02:20:43,074 - INFO - -----------------------------------------------------------------------------------
2025-08-25 02:20:43,074 - INFO - 🔍 迭代第13次，球心向右0.175482mm，向下0.007240mm，向后0.015373mm，半径变大0.154845mm
2025-08-25 02:20:43,074 - INFO - 📊 变化前: 中心(-0.038, -0.018, 0.605), 半径17.70mm
2025-08-25 02:20:43,074 - INFO - 📊 变化后: 中心(-0.038, -0.018, 0.605), 半径17.86mm
2025-08-25 02:20:43,074 - INFO - 📈 变化量: 中心移动0.18mm, 半径变化0.15mm
2025-08-25 02:20:43,074 - INFO - 📍 眼球中心: [-0.03792953 -0.01757251  0.60466733]
2025-08-25 02:20:43,074 - INFO - 📏 眼球半径: 17.70mm
2025-08-25 02:20:43,074 - INFO - 👁️ 瞳孔中心: [-0.012      -0.01466667  0.60000002]
2025-08-25 02:20:43,074 - INFO - 📐 眼球中心在瞳孔中心的左25.93mm，上2.91mm，后4.67mm
2025-08-25 02:20:43,074 - INFO - 📏 距离: 26.51mm
2025-08-25 02:20:43,074 - INFO - -----------------------------------------------------------------------------------
2025-08-25 02:20:43,074 - INFO - -----------------------------------------------------------------------------------
2025-08-25 02:20:43,074 - DEBUG - 🔍 参数有效性检查:
2025-08-25 02:20:43,074 - DEBUG -    参数向量: [[-0.03810501]
 [-0.01756527]
 [ 0.60468271]
 [ 0.01785588]]
2025-08-25 02:20:43,074 - DEBUG -    球心: [-0.03810501 -0.01756527  0.60468271]
2025-08-25 02:20:43,074 - DEBUG -    半径: 0.017856
2025-08-25 02:20:43,074 - DEBUG - 🔍 函数值计算详情:
2025-08-25 02:20:43,074 - DEBUG -    数据项 F(θ): 0.002697
2025-08-25 02:20:43,074 - DEBUG -    深度约束项: 0.000007
2025-08-25 02:20:43,074 - DEBUG -    半径先验项: 0.000016
2025-08-25 02:20:43,074 - DEBUG -    总函数值 Φ(θ): 0.002721
2025-08-25 02:20:43,074 - DEBUG -    函数值改善: -0.000007
2025-08-25 02:20:43,074 - DEBUG - 🔍 参数有效: False
2025-08-25 02:20:43,074 - DEBUG -    参数无效，阻尼因子调整: λ_LM = 1.00e+04
2025-08-25 02:20:43,074 - DEBUG - 🔍 迭代 15/30:
2025-08-25 02:20:43,074 - DEBUG - 🔍 计算点到球心距离: 形状=(21,)
2025-08-25 02:20:43,074 - DEBUG - 🔍 生理偏差向量计算:
2025-08-25 02:20:43,074 - DEBUG -    点类型列表: ['pupil_center', 'iris_boundaries', 'iris_boundaries', 'iris_boundaries', 'iris_boundaries', 'eye_contours', 'eye_contours', 'eye_contours', 'eye_contours', 'eye_contours', 'eye_contours', 'eye_contours', 'eye_contours', 'eye_contours', 'eye_contours', 'eye_contours', 'eye_contours', 'eye_contours', 'eye_contours', 'eye_contours', 'eye_contours']
2025-08-25 02:20:43,074 - DEBUG -    偏差向量: [0.0002  0.00085 0.00085 0.00085 0.00085 0.0015  0.0015  0.0015  0.0015
 0.0015  0.0015  0.0015  0.0015  0.0015  0.0015  0.0015  0.0015  0.0015
 0.0015  0.0015  0.0015 ]
2025-08-25 02:20:43,074 - DEBUG -    向量形状: (21,)
2025-08-25 02:20:43,074 - DEBUG -    偏差统计: 均值=0.001314, 标准差=0.000356
2025-08-25 02:20:43,074 - DEBUG - 获取生理偏差: 点类型=['pupil_center', 'iris_boundaries', 'iris_boundaries', 'iris_boundaries', 'iris_boundaries', 'eye_contours', 'eye_contours', 'eye_contours', 'eye_contours', 'eye_contours', 'eye_contours', 'eye_contours', 'eye_contours', 'eye_contours', 'eye_contours', 'eye_contours', 'eye_contours', 'eye_contours', 'eye_contours', 'eye_contours', 'eye_contours'], 偏差值=[0.0002  0.00085 0.00085 0.00085 0.00085 0.0015  0.0015  0.0015  0.0015
 0.0015  0.0015  0.0015  0.0015  0.0015  0.0015  0.0015  0.0015  0.0015
 0.0015  0.0015  0.0015 ]
2025-08-25 02:20:43,074 - INFO - -----------------------------------------------------------------------------------
2025-08-25 02:20:43,074 - DEBUG - 🔍 拟合残差计算详情:
2025-08-25 02:20:43,074 - DEBUG -    球心坐标: [-0.03792953 -0.01757251  0.60466733]
2025-08-25 02:20:43,074 - DEBUG -    球体半径: 0.017701
2025-08-25 02:20:43,074 - DEBUG -    采样点数: 21
2025-08-25 02:20:43,074 - DEBUG -    点类型分布: {'eye_contours': 16, 'iris_boundaries': 4, 'pupil_center': 1}
2025-08-25 02:20:43,082 - DEBUG -    理论距离向量: [0.01790103 0.01855103 0.01855103 0.01855103 0.01855103 0.01920103
 0.01920103 0.01920103 0.01920103 0.01920103 0.01920103 0.01920103
 0.01920103 0.01920103 0.01920103 0.01920103 0.01920103 0.01920103
 0.01920103 0.01920103 0.01920103]
2025-08-25 02:20:43,082 - DEBUG -    实际距离向量: [0.026506   0.03674923 0.026579   0.01606614 0.0293934  0.00628147
 0.01023317 0.01381978 0.01911471 0.02712887 0.03518759 0.04299109
 0.04839568 0.05123043 0.04799089 0.04131109 0.03225395 0.02358949
 0.01494125 0.00955788 0.00724763]
2025-08-25 02:20:43,082 - DEBUG -    生理偏差向量: [0.0002  0.00085 0.00085 0.00085 0.00085 0.0015  0.0015  0.0015  0.0015
 0.0015  0.0015  0.0015  0.0015  0.0015  0.0015  0.0015  0.0015  0.0015
 0.0015  0.0015  0.0015 ]
2025-08-25 02:20:43,082 - DEBUG -    残差向量 f(θ): 
[[ 8.60496891e-03]
 [ 1.81982025e-02]
 [ 8.02796726e-03]
 [-2.48489004e-03]
 [ 1.08423715e-02]
 [-1.29195614e-02]
 [-8.96785949e-03]
 [-5.38124951e-03]
 [-8.63161665e-05]
 [ 7.92783598e-03]
 [ 1.59865615e-02]
 [ 2.37900602e-02]
 [ 2.91946505e-02]
 [ 3.20294001e-02]
 [ 2.87898599e-02]
 [ 2.21100621e-02]
 [ 1.30529242e-02]
 [ 4.38845723e-03]
 [-4.25977747e-03]
 [-9.64315038e-03]
 [-1.19533977e-02]]
2025-08-25 02:20:43,082 - DEBUG -    平均残差范数: 0.003497
2025-08-25 02:20:43,082 - DEBUG -    残差范数=0.073442
2025-08-25 02:20:43,082 - INFO - -----------------------------------------------------------------------------------
2025-08-25 02:20:43,082 - DEBUG - 🔍 深度约束计算详情 (softplus):
2025-08-25 02:20:43,082 - DEBUG -    采样点Z坐标范围: [0.600000, 0.602425]
2025-08-25 02:20:43,082 - DEBUG -    球心Z坐标: 0.604667
2025-08-25 02:20:43,082 - DEBUG -    深度偏移ε: 0.000200
2025-08-25 02:20:43,082 - DEBUG -    softplus参数τ: 0.001000
2025-08-25 02:20:43,082 - DEBUG -    原始违反值: -0.002043
2025-08-25 02:20:43,082 - DEBUG -    softplus输入 u: -2.042652
2025-08-25 02:20:43,082 - DEBUG -    约束惩罚 h(θ): 0.000122
2025-08-25 02:20:43,082 - DEBUG -    🟢 深度约束满足: 球心深度足够
2025-08-25 02:20:43,082 - INFO - -----------------------------------------------------------------------------------
2025-08-25 02:20:43,082 - DEBUG - 🔍 半径惩罚计算详情:
2025-08-25 02:20:43,082 - DEBUG -    当前半径: 0.017701
2025-08-25 02:20:43,082 - DEBUG -    半径先验值: 0.012000
2025-08-25 02:20:43,082 - DEBUG -    半径残差 r(θ): 0.005701
2025-08-25 02:20:43,082 - DEBUG -    数据残差 f(θ): [[ 8.60496891e-03]
 [ 1.81982025e-02]
 [ 8.02796726e-03]
 [-2.48489004e-03]
 [ 1.08423715e-02]
 [-1.29195614e-02]
 [-8.96785949e-03]
 [-5.38124951e-03]
 [-8.63161665e-05]
 [ 7.92783598e-03]
 [ 1.59865615e-02]
 [ 2.37900602e-02]
 [ 2.91946505e-02]
 [ 3.20294001e-02]
 [ 2.87898599e-02]
 [ 2.21100621e-02]
 [ 1.30529242e-02]
 [ 4.38845723e-03]
 [-4.25977747e-03]
 [-9.64315038e-03]
 [-1.19533977e-02]]
2025-08-25 02:20:43,082 - DEBUG -    约束残差 g(θ): [[0.00012194]]
2025-08-25 02:20:43,082 - DEBUG -    半径残差 r(θ): [[0.00570103]]
2025-08-25 02:20:43,082 - DEBUG - 🔍 状态变化计算: 参数变化=0.000000, 残差变化=0.000000
2025-08-25 02:20:43,082 - INFO - -----------------------------------------------------------------------------------
2025-08-25 02:20:43,082 - DEBUG - 🔍 权重管理器状态更新详情:
2025-08-25 02:20:43,082 - DEBUG -    当前迭代: 14
2025-08-25 02:20:43,082 - DEBUG -    参数变化: 0.000000 (阈值: 0.000005)
2025-08-25 02:20:43,082 - DEBUG -    残差变化: 0.000000 (阈值: 0.000005)
2025-08-25 02:20:43,082 - DEBUG -    几何权重因子: 10
2025-08-25 02:20:43,082 - DEBUG - ⏸️ 保持图像置信度权重: 参数变化=0.00e+00, 残差变化=0.00e+00
2025-08-25 02:20:43,082 - DEBUG - 状态已保存: 参数=[-0.03792953 -0.01757251  0.60466733  0.01770103], 残差范数=0.073442
2025-08-25 02:20:43,082 - DEBUG - 🔍 获取visibility信息: 形状=(21,), 范围=[1.000, 1.000]
2025-08-25 02:20:43,082 - DEBUG - 🔧 设置图像置信度权重: 21个点
2025-08-25 02:20:43,082 - DEBUG - 🔍 开始计算权重矩阵:
2025-08-25 02:20:43,082 - DEBUG -    点类型: ['pupil_center', 'iris_boundaries', 'iris_boundaries', 'iris_boundaries', 'iris_boundaries', 'eye_contours', 'eye_contours', 'eye_contours', 'eye_contours', 'eye_contours', 'eye_contours', 'eye_contours', 'eye_contours', 'eye_contours', 'eye_contours', 'eye_contours', 'eye_contours', 'eye_contours', 'eye_contours', 'eye_contours', 'eye_contours']
2025-08-25 02:20:43,082 - DEBUG -    残差向量: 形状=(21,), 范数=0.073442
2025-08-25 02:20:43,082 - DEBUG -    Visibility: 形状=(21,), 均值=1.000
2025-08-25 02:20:43,082 - WARNING - ⚠️ 权重管理器：没有启用几何权重，使用默认全1权重
2025-08-25 02:20:43,082 - WARNING - ⚠️ 权重管理器：没有启用几何权重，使用默认全1权重
2025-08-25 02:20:43,082 - WARNING - ⚠️ 权重管理器：没有启用几何权重，使用默认全1权重
2025-08-25 02:20:43,082 - WARNING - ⚠️ 权重管理器：没有启用几何权重，使用默认全1权重
2025-08-25 02:20:43,082 - WARNING - ⚠️ 权重管理器：没有启用几何权重，使用默认全1权重
2025-08-25 02:20:43,082 - WARNING - ⚠️ 权重管理器：没有启用几何权重，使用默认全1权重
2025-08-25 02:20:43,082 - WARNING - ⚠️ 权重管理器：没有启用几何权重，使用默认全1权重
2025-08-25 02:20:43,082 - WARNING - ⚠️ 权重管理器：没有启用几何权重，使用默认全1权重
2025-08-25 02:20:43,082 - WARNING - ⚠️ 权重管理器：没有启用几何权重，使用默认全1权重
2025-08-25 02:20:43,082 - WARNING - ⚠️ 权重管理器：没有启用几何权重，使用默认全1权重
2025-08-25 02:20:43,082 - WARNING - ⚠️ 权重管理器：没有启用几何权重，使用默认全1权重
2025-08-25 02:20:43,082 - WARNING - ⚠️ 权重管理器：没有启用几何权重，使用默认全1权重
2025-08-25 02:20:43,082 - WARNING - ⚠️ 权重管理器：没有启用几何权重，使用默认全1权重
2025-08-25 02:20:43,082 - WARNING - ⚠️ 权重管理器：没有启用几何权重，使用默认全1权重
2025-08-25 02:20:43,090 - WARNING - ⚠️ 权重管理器：没有启用几何权重，使用默认全1权重
2025-08-25 02:20:43,090 - WARNING - ⚠️ 权重管理器：没有启用几何权重，使用默认全1权重
2025-08-25 02:20:43,090 - WARNING - ⚠️ 权重管理器：没有启用几何权重，使用默认全1权重
2025-08-25 02:20:43,090 - WARNING - ⚠️ 权重管理器：没有启用几何权重，使用默认全1权重
2025-08-25 02:20:43,090 - WARNING - ⚠️ 权重管理器：没有启用几何权重，使用默认全1权重
2025-08-25 02:20:43,090 - WARNING - ⚠️ 权重管理器：没有启用几何权重，使用默认全1权重
2025-08-25 02:20:43,090 - WARNING - ⚠️ 权重管理器：没有启用几何权重，使用默认全1权重
2025-08-25 02:20:43,090 - DEBUG - 🔍 权重矩阵计算成功: 形状=(21, 21)
2025-08-25 02:20:43,090 - DEBUG - 🔍 几何权重统计:
2025-08-25 02:20:43,090 - DEBUG -    权重向量: [[1.]
 [1.]
 [1.]
 [1.]
 [1.]
 [1.]
 [1.]
 [1.]
 [1.]
 [1.]
 [1.]
 [1.]
 [1.]
 [1.]
 [1.]
 [1.]
 [1.]
 [1.]
 [1.]
 [1.]
 [1.]]
2025-08-25 02:20:43,090 - DEBUG -    权重范围: [1.000000, 1.000000]
2025-08-25 02:20:43,090 - DEBUG -    权重均值: 1.000000
2025-08-25 02:20:43,090 - DEBUG -    权重标准差: 0.000000
2025-08-25 02:20:43,090 - DEBUG -    高权重点(>0.8): 21/21
2025-08-25 02:20:43,090 - DEBUG -    低权重点(<0.2): 0/21
2025-08-25 02:20:43,090 - INFO - -----------------------------------------------------------------------------------
2025-08-25 02:20:43,090 - DEBUG - 🔍 开始求解LM更新方程:
2025-08-25 02:20:43,090 - DEBUG -    数据残差: 形状=(21,), 范数=0.073442
2025-08-25 02:20:43,090 - DEBUG -    约束残差: 形状=(1,), 范数=0.000122
2025-08-25 02:20:43,090 - DEBUG - 🔍 计算数据残差雅可比矩阵 J_f: 形状=(21, 4)
2025-08-25 02:20:43,090 - DEBUG - 🔍 J_f矩阵计算完成: 条件数=3.13e+01
2025-08-25 02:20:43,090 - DEBUG - 🔍 深度约束雅可比计算: u=-2.042652, σ=0.114797, J_h=[[ 0.          0.         -0.11479695  0.        ]]
2025-08-25 02:20:43,090 - DEBUG - 🔍 半径先验雅可比: J_r=[[0. 0. 0. 1.]]
2025-08-25 02:20:43,090 - DEBUG - 🔍 使用几何权重矩阵: 形状=(21, 21)
2025-08-25 02:20:43,090 - DEBUG - 🔍 Hessian矩阵计算:
2025-08-25 02:20:43,090 - DEBUG -    H_data = J_f^T W J_f: 形状=(4, 4), 条件数=9.83e+02
2025-08-25 02:20:43,090 - DEBUG -    H_h = λ_depth J_h^T J_h: 形状=(4, 4), λ_depth=1000.0
2025-08-25 02:20:43,090 - DEBUG -    H_r = λ_radius J_r^T J_r: 形状=(4, 4), λ_radius=1.0
2025-08-25 02:20:43,090 - DEBUG -    H_total: 形状=(4, 4), 条件数=8.16e+01
2025-08-25 02:20:43,090 - DEBUG - 🔍 梯度计算:
2025-08-25 02:20:43,090 - DEBUG -    g_data: 形状=(4,), 范数=0.246815
2025-08-25 02:20:43,090 - DEBUG -    g_h: 形状=(4,), 范数=0.013998
2025-08-25 02:20:43,090 - DEBUG -    g_r: 形状=(4,), 范数=0.005701
2025-08-25 02:20:43,090 - DEBUG -    g_total: 形状=(4,), 范数=0.243549
2025-08-25 02:20:43,090 - DEBUG - 🔍 LM阻尼矩阵: H_lm = H_total + 10000.0 * I
2025-08-25 02:20:43,090 - DEBUG -    H_lm条件数: 1.00e+00
2025-08-25 02:20:43,090 - DEBUG - 🔍 线性方程组求解成功:
2025-08-25 02:20:43,090 - DEBUG -    参数更新向量 Δθ: [[-1.80784775e-05]
 [ 5.91867556e-07]
 [ 1.66102605e-06]
 [ 1.60851699e-05]]
2025-08-25 02:20:43,090 - DEBUG -    更新向量范数: 0.000024
2025-08-25 02:20:43,090 - DEBUG -    各分量更新: Δc_x=-0.000018, Δc_y=0.000001, Δc_z=0.000002, Δr=0.000016
2025-08-25 02:20:43,090 - DEBUG -    参数更新:
2025-08-25 02:20:43,090 - DEBUG -      旧参数: [[-0.03792953]
 [-0.01757251]
 [ 0.60466733]
 [ 0.01770103]]
2025-08-25 02:20:43,090 - DEBUG -      更新向量: [[-1.80784775e-05]
 [ 5.91867556e-07]
 [ 1.66102605e-06]
 [ 1.60851699e-05]]
2025-08-25 02:20:43,098 - DEBUG -      新参数: [[-0.0379476 ]
 [-0.01757192]
 [ 0.60466899]
 [ 0.01771712]]
2025-08-25 02:20:43,098 - INFO - -----------------------------------------------------------------------------------
2025-08-25 02:20:43,098 - INFO - 🔍 迭代第14次，球心向右0.018078mm，向下0.000592mm，向后0.001661mm，半径变大0.016085mm
2025-08-25 02:20:43,098 - INFO - 📊 变化前: 中心(-0.038, -0.018, 0.605), 半径17.70mm
2025-08-25 02:20:43,098 - INFO - 📊 变化后: 中心(-0.038, -0.018, 0.605), 半径17.72mm
2025-08-25 02:20:43,098 - INFO - 📈 变化量: 中心移动0.02mm, 半径变化0.02mm
2025-08-25 02:20:43,098 - INFO - 📍 眼球中心: [-0.03792953 -0.01757251  0.60466733]
2025-08-25 02:20:43,098 - INFO - 📏 眼球半径: 17.70mm
2025-08-25 02:20:43,098 - INFO - 👁️ 瞳孔中心: [-0.012      -0.01466667  0.60000002]
2025-08-25 02:20:43,098 - INFO - 📐 眼球中心在瞳孔中心的左25.93mm，上2.91mm，后4.67mm
2025-08-25 02:20:43,098 - INFO - 📏 距离: 26.51mm
2025-08-25 02:20:43,098 - INFO - -----------------------------------------------------------------------------------
2025-08-25 02:20:43,098 - INFO - -----------------------------------------------------------------------------------
2025-08-25 02:20:43,098 - DEBUG - 🔍 参数有效性检查:
2025-08-25 02:20:43,098 - DEBUG -    参数向量: [[-0.0379476 ]
 [-0.01757192]
 [ 0.60466899]
 [ 0.01771712]]
2025-08-25 02:20:43,098 - DEBUG -    球心: [-0.0379476  -0.01757192  0.60466899]
2025-08-25 02:20:43,098 - DEBUG -    半径: 0.017717
2025-08-25 02:20:43,098 - DEBUG - 🔍 函数值计算详情:
2025-08-25 02:20:43,098 - DEBUG -    数据项 F(θ): 0.002697
2025-08-25 02:20:43,098 - DEBUG -    深度约束项: 0.000007
2025-08-25 02:20:43,098 - DEBUG -    半径先验项: 0.000016
2025-08-25 02:20:43,098 - DEBUG -    总函数值 Φ(θ): 0.002721
2025-08-25 02:20:43,098 - DEBUG -    函数值改善: 0.000000
2025-08-25 02:20:43,098 - DEBUG - 🔍 参数有效: True
2025-08-25 02:20:43,098 - DEBUG -    参数更新成功:
2025-08-25 02:20:43,098 - DEBUG -      新球心: [-0.0379476  -0.01757192  0.60466899]
2025-08-25 02:20:43,098 - DEBUG -      新半径: 0.017717
2025-08-25 02:20:43,098 - INFO - -----------------------------------------------------------------------------------
2025-08-25 02:20:43,098 - DEBUG - 🔍 LM收敛性检查:
2025-08-25 02:20:43,098 - DEBUG -    当前迭代次数: 14
2025-08-25 02:20:43,098 - DEBUG -    最大迭代次数: 30
2025-08-25 02:20:43,098 - DEBUG -    参数变化: 0.000024
2025-08-25 02:20:43,098 - DEBUG -    参数容忍度: 5e-06
2025-08-25 02:20:43,098 - DEBUG -    残差变化: 0.000000
2025-08-25 02:20:43,098 - DEBUG -    残差容忍度: 5e-06
2025-08-25 02:20:43,098 - DEBUG - 🔍 迭代 16/30:
2025-08-25 02:20:43,098 - DEBUG - 🔍 计算点到球心距离: 形状=(21,)
2025-08-25 02:20:43,098 - DEBUG - 🔍 生理偏差向量计算:
2025-08-25 02:20:43,098 - DEBUG -    点类型列表: ['pupil_center', 'iris_boundaries', 'iris_boundaries', 'iris_boundaries', 'iris_boundaries', 'eye_contours', 'eye_contours', 'eye_contours', 'eye_contours', 'eye_contours', 'eye_contours', 'eye_contours', 'eye_contours', 'eye_contours', 'eye_contours', 'eye_contours', 'eye_contours', 'eye_contours', 'eye_contours', 'eye_contours', 'eye_contours']
2025-08-25 02:20:43,098 - DEBUG -    偏差向量: [0.0002  0.00085 0.00085 0.00085 0.00085 0.0015  0.0015  0.0015  0.0015
 0.0015  0.0015  0.0015  0.0015  0.0015  0.0015  0.0015  0.0015  0.0015
 0.0015  0.0015  0.0015 ]
2025-08-25 02:20:43,098 - DEBUG -    向量形状: (21,)
2025-08-25 02:20:43,098 - DEBUG -    偏差统计: 均值=0.001314, 标准差=0.000356
2025-08-25 02:20:43,098 - DEBUG - 获取生理偏差: 点类型=['pupil_center', 'iris_boundaries', 'iris_boundaries', 'iris_boundaries', 'iris_boundaries', 'eye_contours', 'eye_contours', 'eye_contours', 'eye_contours', 'eye_contours', 'eye_contours', 'eye_contours', 'eye_contours', 'eye_contours', 'eye_contours', 'eye_contours', 'eye_contours', 'eye_contours', 'eye_contours', 'eye_contours', 'eye_contours'], 偏差值=[0.0002  0.00085 0.00085 0.00085 0.00085 0.0015  0.0015  0.0015  0.0015
 0.0015  0.0015  0.0015  0.0015  0.0015  0.0015  0.0015  0.0015  0.0015
 0.0015  0.0015  0.0015 ]
2025-08-25 02:20:43,098 - INFO - -----------------------------------------------------------------------------------
2025-08-25 02:20:43,098 - DEBUG - 🔍 拟合残差计算详情:
2025-08-25 02:20:43,098 - DEBUG -    球心坐标: [-0.0379476  -0.01757192  0.60466899]
2025-08-25 02:20:43,106 - DEBUG -    球体半径: 0.017717
2025-08-25 02:20:43,106 - DEBUG -    采样点数: 21
2025-08-25 02:20:43,106 - DEBUG -    点类型分布: {'eye_contours': 16, 'iris_boundaries': 4, 'pupil_center': 1}
2025-08-25 02:20:43,106 - DEBUG -    理论距离向量: [0.01791712 0.01856712 0.01856712 0.01856712 0.01856712 0.01921712
 0.01921712 0.01921712 0.01921712 0.01921712 0.01921712 0.01921712
 0.01921712 0.01921712 0.01921712 0.01921712 0.01921712 0.01921712
 0.01921712 0.01921712 0.01921712]
2025-08-25 02:20:43,106 - DEBUG -    实际距离向量: [0.02652391 0.03676727 0.02659681 0.01608345 0.02940945 0.00628734
 0.01024414 0.01383339 0.01913009 0.02714555 0.03520499 0.04300887
 0.04841359 0.05124841 0.04800896 0.04132924 0.03227211 0.02360761
 0.01495914 0.00957454 0.00726049]
2025-08-25 02:20:43,106 - DEBUG -    生理偏差向量: [0.0002  0.00085 0.00085 0.00085 0.00085 0.0015  0.0015  0.0015  0.0015
 0.0015  0.0015  0.0015  0.0015  0.0015  0.0015  0.0015  0.0015  0.0015
 0.0015  0.0015  0.0015 ]
2025-08-25 02:20:43,106 - DEBUG -    残差向量 f(θ): 
[[ 8.60679680e-03]
 [ 1.82001580e-02]
 [ 8.02969165e-03]
 [-2.48366431e-03]
 [ 1.08423332e-02]
 [-1.29297774e-02]
 [-8.97297649e-03]
 [-5.38372478e-03]
 [-8.70247807e-05]
 [ 7.92843512e-03]
 [ 1.59878695e-02]
 [ 2.37917494e-02]
 [ 2.91964705e-02]
 [ 3.20312907e-02]
 [ 2.87918481e-02]
 [ 2.21121279e-02]
 [ 1.30549895e-02]
 [ 4.39049136e-03]
 [-4.25797616e-03]
 [-9.64257912e-03]
 [-1.19566210e-02]]
2025-08-25 02:20:43,106 - DEBUG -    平均残差范数: 0.003498
2025-08-25 02:20:43,106 - DEBUG -    残差范数=0.073450
2025-08-25 02:20:43,106 - INFO - -----------------------------------------------------------------------------------
2025-08-25 02:20:43,106 - DEBUG - 🔍 深度约束计算详情 (softplus):
2025-08-25 02:20:43,106 - DEBUG -    采样点Z坐标范围: [0.600000, 0.602425]
2025-08-25 02:20:43,106 - DEBUG -    球心Z坐标: 0.604669
2025-08-25 02:20:43,106 - DEBUG -    深度偏移ε: 0.000200
2025-08-25 02:20:43,106 - DEBUG -    softplus参数τ: 0.001000
2025-08-25 02:20:43,106 - DEBUG -    原始违反值: -0.002044
2025-08-25 02:20:43,106 - DEBUG -    softplus输入 u: -2.044313
2025-08-25 02:20:43,106 - DEBUG -    约束惩罚 h(θ): 0.000122
2025-08-25 02:20:43,106 - DEBUG -    🟢 深度约束满足: 球心深度足够
2025-08-25 02:20:43,106 - INFO - -----------------------------------------------------------------------------------
2025-08-25 02:20:43,106 - DEBUG - 🔍 半径惩罚计算详情:
2025-08-25 02:20:43,106 - DEBUG -    当前半径: 0.017717
2025-08-25 02:20:43,106 - DEBUG -    半径先验值: 0.012000
2025-08-25 02:20:43,106 - DEBUG -    半径残差 r(θ): 0.005717
2025-08-25 02:20:43,106 - DEBUG -    数据残差 f(θ): [[ 8.60679680e-03]
 [ 1.82001580e-02]
 [ 8.02969165e-03]
 [-2.48366431e-03]
 [ 1.08423332e-02]
 [-1.29297774e-02]
 [-8.97297649e-03]
 [-5.38372478e-03]
 [-8.70247807e-05]
 [ 7.92843512e-03]
 [ 1.59878695e-02]
 [ 2.37917494e-02]
 [ 2.91964705e-02]
 [ 3.20312907e-02]
 [ 2.87918481e-02]
 [ 2.21121279e-02]
 [ 1.30549895e-02]
 [ 4.39049136e-03]
 [-4.25797616e-03]
 [-9.64257912e-03]
 [-1.19566210e-02]]
2025-08-25 02:20:43,106 - DEBUG -    约束残差 g(θ): [[0.00012175]]
2025-08-25 02:20:43,106 - DEBUG -    半径残差 r(θ): [[0.00571712]]
2025-08-25 02:20:43,106 - DEBUG - 🔍 状态变化计算: 参数变化=0.000024, 残差变化=0.000008
2025-08-25 02:20:43,106 - INFO - -----------------------------------------------------------------------------------
2025-08-25 02:20:43,106 - DEBUG - 🔍 权重管理器状态更新详情:
2025-08-25 02:20:43,106 - DEBUG -    当前迭代: 15
2025-08-25 02:20:43,106 - DEBUG -    参数变化: 0.000024 (阈值: 0.000005)
2025-08-25 02:20:43,106 - DEBUG -    残差变化: 0.000008 (阈值: 0.000005)
2025-08-25 02:20:43,106 - DEBUG -    几何权重因子: 10
2025-08-25 02:20:43,106 - DEBUG - ✅ 启用几何权重: 参数变化=2.43e-05, 残差变化=8.12e-06
2025-08-25 02:20:43,106 - DEBUG - 状态已保存: 参数=[-0.0379476  -0.01757192  0.60466899  0.01771712], 残差范数=0.073450
2025-08-25 02:20:43,106 - DEBUG - 🔍 获取visibility信息: 形状=(21,), 范围=[1.000, 1.000]
2025-08-25 02:20:43,106 - DEBUG - 🔧 设置图像置信度权重: 21个点
2025-08-25 02:20:43,106 - DEBUG - 🔍 开始计算权重矩阵:
2025-08-25 02:20:43,106 - DEBUG -    点类型: ['pupil_center', 'iris_boundaries', 'iris_boundaries', 'iris_boundaries', 'iris_boundaries', 'eye_contours', 'eye_contours', 'eye_contours', 'eye_contours', 'eye_contours', 'eye_contours', 'eye_contours', 'eye_contours', 'eye_contours', 'eye_contours', 'eye_contours', 'eye_contours', 'eye_contours', 'eye_contours', 'eye_contours', 'eye_contours']
2025-08-25 02:20:43,106 - DEBUG -    残差向量: 形状=(21,), 范数=0.073450
2025-08-25 02:20:43,106 - DEBUG -    Visibility: 形状=(21,), 均值=1.000
2025-08-25 02:20:43,106 - INFO - 🔍 权重管理器：启用几何权重，计算几何权重
2025-08-25 02:20:43,106 - INFO - 🔍 权重管理器：启用几何权重，计算几何权重
2025-08-25 02:20:43,106 - INFO - 🔍 权重管理器：启用几何权重，计算几何权重
2025-08-25 02:20:43,106 - INFO - 🔍 权重管理器：启用几何权重，计算几何权重
2025-08-25 02:20:43,106 - INFO - 🔍 权重管理器：启用几何权重，计算几何权重
2025-08-25 02:20:43,106 - INFO - 🔍 权重管理器：启用几何权重，计算几何权重
2025-08-25 02:20:43,106 - INFO - 🔍 权重管理器：启用几何权重，计算几何权重
2025-08-25 02:20:43,106 - INFO - 🔍 权重管理器：启用几何权重，计算几何权重
2025-08-25 02:20:43,114 - INFO - 🔍 权重管理器：启用几何权重，计算几何权重
2025-08-25 02:20:43,114 - INFO - 🔍 权重管理器：启用几何权重，计算几何权重
2025-08-25 02:20:43,114 - INFO - 🔍 权重管理器：启用几何权重，计算几何权重
2025-08-25 02:20:43,114 - INFO - 🔍 权重管理器：启用几何权重，计算几何权重
2025-08-25 02:20:43,114 - INFO - 🔍 权重管理器：启用几何权重，计算几何权重
2025-08-25 02:20:43,114 - INFO - 🔍 权重管理器：启用几何权重，计算几何权重
2025-08-25 02:20:43,114 - INFO - 🔍 权重管理器：启用几何权重，计算几何权重
2025-08-25 02:20:43,114 - INFO - 🔍 权重管理器：启用几何权重，计算几何权重
2025-08-25 02:20:43,114 - INFO - 🔍 权重管理器：启用几何权重，计算几何权重
2025-08-25 02:20:43,114 - INFO - 🔍 权重管理器：启用几何权重，计算几何权重
2025-08-25 02:20:43,114 - INFO - 🔍 权重管理器：启用几何权重，计算几何权重
2025-08-25 02:20:43,114 - INFO - 🔍 权重管理器：启用几何权重，计算几何权重
2025-08-25 02:20:43,114 - INFO - 🔍 权重管理器：启用几何权重，计算几何权重
2025-08-25 02:20:43,114 - DEBUG - 🔍 权重矩阵计算成功: 形状=(21, 21)
2025-08-25 02:20:43,114 - DEBUG - 🔍 几何权重统计:
2025-08-25 02:20:43,114 - DEBUG -    权重向量: [[0.56271777]
 [0.42242984]
 [0.42242984]
 [0.49897259]
 [0.42242984]
 [0.42242984]
 [0.42242984]
 [0.42242984]
 [0.99999999]
 [0.42242984]
 [0.42242984]
 [0.42242984]
 [0.42242984]
 [0.42242984]
 [0.42242984]
 [0.42242984]
 [0.42242984]
 [0.42242984]
 [0.42242984]
 [0.42242984]
 [0.42242984]]
2025-08-25 02:20:43,114 - DEBUG -    权重范围: [0.422430, 1.000000]
2025-08-25 02:20:43,114 - DEBUG -    权重均值: 0.460258
2025-08-25 02:20:43,114 - DEBUG -    权重标准差: 0.125181
2025-08-25 02:20:43,114 - DEBUG -    高权重点(>0.8): 1/21
2025-08-25 02:20:43,114 - DEBUG -    低权重点(<0.2): 0/21
2025-08-25 02:20:43,114 - INFO - -----------------------------------------------------------------------------------
2025-08-25 02:20:43,114 - DEBUG - 🔍 开始求解LM更新方程:
2025-08-25 02:20:43,114 - DEBUG -    数据残差: 形状=(21,), 范数=0.073450
2025-08-25 02:20:43,114 - DEBUG -    约束残差: 形状=(1,), 范数=0.000122
2025-08-25 02:20:43,114 - DEBUG - 🔍 计算数据残差雅可比矩阵 J_f: 形状=(21, 4)
2025-08-25 02:20:43,114 - DEBUG - 🔍 J_f矩阵计算完成: 条件数=3.15e+01
2025-08-25 02:20:43,114 - DEBUG - 🔍 深度约束雅可比计算: u=-2.044313, σ=0.114628, J_h=[[ 0.          0.         -0.11462826  0.        ]]
2025-08-25 02:20:43,114 - DEBUG - 🔍 半径先验雅可比: J_r=[[0. 0. 0. 1.]]
2025-08-25 02:20:43,114 - DEBUG - 🔍 使用几何权重矩阵: 形状=(21, 21)
2025-08-25 02:20:43,114 - DEBUG - 🔍 Hessian矩阵计算:
2025-08-25 02:20:43,114 - DEBUG -    H_data = J_f^T W J_f: 形状=(4, 4), 条件数=1.05e+03
2025-08-25 02:20:43,114 - DEBUG -    H_h = λ_depth J_h^T J_h: 形状=(4, 4), λ_depth=1000.0
2025-08-25 02:20:43,114 - DEBUG -    H_r = λ_radius J_r^T J_r: 形状=(4, 4), λ_radius=1.0
2025-08-25 02:20:43,114 - DEBUG -    H_total: 形状=(4, 4), 条件数=4.30e+01
2025-08-25 02:20:43,114 - DEBUG - 🔍 梯度计算:
2025-08-25 02:20:43,114 - DEBUG -    g_data: 形状=(4,), 范数=0.105608
2025-08-25 02:20:43,114 - DEBUG -    g_h: 形状=(4,), 范数=0.013956
2025-08-25 02:20:43,114 - DEBUG -    g_r: 形状=(4,), 范数=0.005717
2025-08-25 02:20:43,114 - DEBUG -    g_total: 形状=(4,), 范数=0.102951
2025-08-25 02:20:43,114 - DEBUG - 🔍 LM阻尼矩阵: H_lm = H_total + 10000.0 * I
2025-08-25 02:20:43,114 - DEBUG -    H_lm条件数: 1.00e+00
2025-08-25 02:20:43,114 - DEBUG - 🔍 线性方程组求解成功:
2025-08-25 02:20:43,114 - DEBUG -    参数更新向量 Δθ: [[-7.74466973e-06]
 [ 2.40207815e-07]
 [ 1.52452669e-06]
 [ 6.57625604e-06]]
2025-08-25 02:20:43,114 - DEBUG -    更新向量范数: 0.000010
2025-08-25 02:20:43,114 - DEBUG -    各分量更新: Δc_x=-0.000008, Δc_y=0.000000, Δc_z=0.000002, Δr=0.000007
2025-08-25 02:20:43,123 - DEBUG -    参数更新:
2025-08-25 02:20:43,123 - DEBUG -      旧参数: [[-0.0379476 ]
 [-0.01757192]
 [ 0.60466899]
 [ 0.01771712]]
2025-08-25 02:20:43,123 - DEBUG -      更新向量: [[-7.74466973e-06]
 [ 2.40207815e-07]
 [ 1.52452669e-06]
 [ 6.57625604e-06]]
2025-08-25 02:20:43,123 - DEBUG -      新参数: [[-0.03795535]
 [-0.01757168]
 [ 0.60467052]
 [ 0.01772369]]
2025-08-25 02:20:43,123 - INFO - -----------------------------------------------------------------------------------
2025-08-25 02:20:43,123 - INFO - 🔍 迭代第15次，球心向右0.007745mm，向下0.000240mm，向后0.001525mm，半径变大0.006576mm
2025-08-25 02:20:43,123 - INFO - 📊 变化前: 中心(-0.038, -0.018, 0.605), 半径17.72mm
2025-08-25 02:20:43,123 - INFO - 📊 变化后: 中心(-0.038, -0.018, 0.605), 半径17.72mm
2025-08-25 02:20:43,123 - INFO - 📈 变化量: 中心移动0.01mm, 半径变化0.01mm
2025-08-25 02:20:43,123 - INFO - 📍 眼球中心: [-0.0379476  -0.01757192  0.60466899]
2025-08-25 02:20:43,123 - INFO - 📏 眼球半径: 17.72mm
2025-08-25 02:20:43,123 - INFO - 👁️ 瞳孔中心: [-0.012      -0.01466667  0.60000002]
2025-08-25 02:20:43,123 - INFO - 📐 眼球中心在瞳孔中心的左25.95mm，上2.91mm，后4.67mm
2025-08-25 02:20:43,123 - INFO - 📏 距离: 26.52mm
2025-08-25 02:20:43,123 - INFO - -----------------------------------------------------------------------------------
2025-08-25 02:20:43,123 - INFO - -----------------------------------------------------------------------------------
2025-08-25 02:20:43,123 - DEBUG - 🔍 参数有效性检查:
2025-08-25 02:20:43,123 - DEBUG -    参数向量: [[-0.03795535]
 [-0.01757168]
 [ 0.60467052]
 [ 0.01772369]]
2025-08-25 02:20:43,123 - DEBUG -    球心: [-0.03795535 -0.01757168  0.60467052]
2025-08-25 02:20:43,123 - DEBUG -    半径: 0.017724
2025-08-25 02:20:43,123 - DEBUG - 🔍 函数值计算详情:
2025-08-25 02:20:43,123 - DEBUG -    数据项 F(θ): 0.001145
2025-08-25 02:20:43,123 - DEBUG -    深度约束项: 0.000007
2025-08-25 02:20:43,123 - DEBUG -    半径先验项: 0.000016
2025-08-25 02:20:43,123 - DEBUG -    总函数值 Φ(θ): 0.001169
2025-08-25 02:20:43,123 - DEBUG -    函数值改善: 0.001552
2025-08-25 02:20:43,123 - DEBUG - 🔍 参数有效: True
2025-08-25 02:20:43,123 - DEBUG -    参数更新成功:
2025-08-25 02:20:43,123 - DEBUG -      新球心: [-0.03795535 -0.01757168  0.60467052]
2025-08-25 02:20:43,123 - DEBUG -      新半径: 0.017724
2025-08-25 02:20:43,123 - INFO - -----------------------------------------------------------------------------------
2025-08-25 02:20:43,123 - DEBUG - 🔍 LM收敛性检查:
2025-08-25 02:20:43,123 - DEBUG -    当前迭代次数: 15
2025-08-25 02:20:43,123 - DEBUG -    最大迭代次数: 30
2025-08-25 02:20:43,123 - DEBUG -    参数变化: 0.000010
2025-08-25 02:20:43,123 - DEBUG -    参数容忍度: 5e-06
2025-08-25 02:20:43,123 - DEBUG -    残差变化: 0.000000
2025-08-25 02:20:43,123 - DEBUG -    残差容忍度: 5e-06
2025-08-25 02:20:43,123 - DEBUG - 🔍 迭代 17/30:
2025-08-25 02:20:43,123 - DEBUG - 🔍 计算点到球心距离: 形状=(21,)
2025-08-25 02:20:43,123 - DEBUG - 🔍 生理偏差向量计算:
2025-08-25 02:20:43,123 - DEBUG -    点类型列表: ['pupil_center', 'iris_boundaries', 'iris_boundaries', 'iris_boundaries', 'iris_boundaries', 'eye_contours', 'eye_contours', 'eye_contours', 'eye_contours', 'eye_contours', 'eye_contours', 'eye_contours', 'eye_contours', 'eye_contours', 'eye_contours', 'eye_contours', 'eye_contours', 'eye_contours', 'eye_contours', 'eye_contours', 'eye_contours']
2025-08-25 02:20:43,123 - DEBUG -    偏差向量: [0.0002  0.00085 0.00085 0.00085 0.00085 0.0015  0.0015  0.0015  0.0015
 0.0015  0.0015  0.0015  0.0015  0.0015  0.0015  0.0015  0.0015  0.0015
 0.0015  0.0015  0.0015 ]
2025-08-25 02:20:43,123 - DEBUG -    向量形状: (21,)
2025-08-25 02:20:43,123 - DEBUG -    偏差统计: 均值=0.001314, 标准差=0.000356
2025-08-25 02:20:43,131 - DEBUG - 获取生理偏差: 点类型=['pupil_center', 'iris_boundaries', 'iris_boundaries', 'iris_boundaries', 'iris_boundaries', 'eye_contours', 'eye_contours', 'eye_contours', 'eye_contours', 'eye_contours', 'eye_contours', 'eye_contours', 'eye_contours', 'eye_contours', 'eye_contours', 'eye_contours', 'eye_contours', 'eye_contours', 'eye_contours', 'eye_contours', 'eye_contours'], 偏差值=[0.0002  0.00085 0.00085 0.00085 0.00085 0.0015  0.0015  0.0015  0.0015
 0.0015  0.0015  0.0015  0.0015  0.0015  0.0015  0.0015  0.0015  0.0015
 0.0015  0.0015  0.0015 ]
2025-08-25 02:20:43,131 - INFO - -----------------------------------------------------------------------------------
2025-08-25 02:20:43,131 - DEBUG - 🔍 拟合残差计算详情:
2025-08-25 02:20:43,131 - DEBUG -    球心坐标: [-0.03795535 -0.01757168  0.60467052]
2025-08-25 02:20:43,131 - DEBUG -    球体半径: 0.017724
2025-08-25 02:20:43,131 - DEBUG -    采样点数: 21
2025-08-25 02:20:43,131 - DEBUG -    点类型分布: {'eye_contours': 16, 'iris_boundaries': 4, 'pupil_center': 1}
2025-08-25 02:20:43,131 - DEBUG -    理论距离向量: [0.01792369 0.01857369 0.01857369 0.01857369 0.01857369 0.01922369
 0.01922369 0.01922369 0.01922369 0.01922369 0.01922369 0.01922369
 0.01922369 0.01922369 0.01922369 0.01922369 0.01922369 0.01922369
 0.01922369 0.01922369 0.01922369]
2025-08-25 02:20:43,131 - DEBUG -    实际距离向量: [0.02653173 0.03677508 0.02660456 0.01609103 0.02941644 0.00629017
 0.01024913 0.01383944 0.01913684 0.02715282 0.03521253 0.04301656
 0.04842132 0.05125617 0.04801677 0.0413371  0.03227999 0.0236155
 0.01496701 0.00958197 0.00726639]
2025-08-25 02:20:43,131 - DEBUG -    生理偏差向量: [0.0002  0.00085 0.00085 0.00085 0.00085 0.0015  0.0015  0.0015  0.0015
 0.0015  0.0015  0.0015  0.0015  0.0015  0.0015  0.0015  0.0015  0.0015
 0.0015  0.0015  0.0015 ]
2025-08-25 02:20:43,131 - DEBUG -    残差向量 f(θ): 
[[ 8.60803901e-03]
 [ 1.82013859e-02]
 [ 8.03086325e-03]
 [-2.48265727e-03]
 [ 1.08427467e-02]
 [-1.29335230e-02]
 [-8.97456032e-03]
 [-5.38425119e-03]
 [-8.68537162e-05]
 [ 7.92912928e-03]
 [ 1.59888409e-02]
 [ 2.37928652e-02]
 [ 2.91976313e-02]
 [ 3.20324742e-02]
 [ 2.87930811e-02]
 [ 2.21134038e-02]
 [ 1.30562934e-02]
 [ 4.39180405e-03]
 [-4.25668110e-03]
 [-9.64171894e-03]
 [-1.19573031e-02]]
2025-08-25 02:20:43,131 - DEBUG -    平均残差范数: 0.003498
2025-08-25 02:20:43,131 - DEBUG -    残差范数=0.073454
2025-08-25 02:20:43,131 - INFO - -----------------------------------------------------------------------------------
2025-08-25 02:20:43,131 - DEBUG - 🔍 深度约束计算详情 (softplus):
2025-08-25 02:20:43,131 - DEBUG -    采样点Z坐标范围: [0.600000, 0.602425]
2025-08-25 02:20:43,131 - DEBUG -    球心Z坐标: 0.604671
2025-08-25 02:20:43,131 - DEBUG -    深度偏移ε: 0.000200
2025-08-25 02:20:43,131 - DEBUG -    softplus参数τ: 0.001000
2025-08-25 02:20:43,131 - DEBUG -    原始违反值: -0.002046
2025-08-25 02:20:43,131 - DEBUG -    softplus输入 u: -2.045838
2025-08-25 02:20:43,131 - DEBUG -    约束惩罚 h(θ): 0.000122
2025-08-25 02:20:43,131 - DEBUG -    🟢 深度约束满足: 球心深度足够
2025-08-25 02:20:43,131 - INFO - -----------------------------------------------------------------------------------
2025-08-25 02:20:43,131 - DEBUG - 🔍 半径惩罚计算详情:
2025-08-25 02:20:43,131 - DEBUG -    当前半径: 0.017724
2025-08-25 02:20:43,131 - DEBUG -    半径先验值: 0.012000
2025-08-25 02:20:43,131 - DEBUG -    半径残差 r(θ): 0.005724
2025-08-25 02:20:43,131 - DEBUG -    数据残差 f(θ): [[ 8.60803901e-03]
 [ 1.82013859e-02]
 [ 8.03086325e-03]
 [-2.48265727e-03]
 [ 1.08427467e-02]
 [-1.29335230e-02]
 [-8.97456032e-03]
 [-5.38425119e-03]
 [-8.68537162e-05]
 [ 7.92912928e-03]
 [ 1.59888409e-02]
 [ 2.37928652e-02]
 [ 2.91976313e-02]
 [ 3.20324742e-02]
 [ 2.87930811e-02]
 [ 2.21134038e-02]
 [ 1.30562934e-02]
 [ 4.39180405e-03]
 [-4.25668110e-03]
 [-9.64171894e-03]
 [-1.19573031e-02]]
2025-08-25 02:20:43,131 - DEBUG -    约束残差 g(θ): [[0.00012157]]
2025-08-25 02:20:43,131 - DEBUG -    半径残差 r(θ): [[0.00572369]]
2025-08-25 02:20:43,131 - DEBUG - 🔍 状态变化计算: 参数变化=0.000010, 残差变化=0.000004
2025-08-25 02:20:43,131 - INFO - -----------------------------------------------------------------------------------
2025-08-25 02:20:43,131 - DEBUG - 🔍 权重管理器状态更新详情:
2025-08-25 02:20:43,131 - DEBUG -    当前迭代: 16
2025-08-25 02:20:43,131 - DEBUG -    参数变化: 0.000010 (阈值: 0.000005)
2025-08-25 02:20:43,131 - DEBUG -    残差变化: 0.000004 (阈值: 0.000005)
2025-08-25 02:20:43,138 - DEBUG -    几何权重因子: 10
2025-08-25 02:20:43,138 - DEBUG - ⏸️ 保持图像置信度权重: 参数变化=1.03e-05, 残差变化=4.22e-06
2025-08-25 02:20:43,138 - DEBUG - 状态已保存: 参数=[-0.03795535 -0.01757168  0.60467052  0.01772369], 残差范数=0.073454
2025-08-25 02:20:43,139 - DEBUG - 🔍 获取visibility信息: 形状=(21,), 范围=[1.000, 1.000]
2025-08-25 02:20:43,139 - DEBUG - 🔧 设置图像置信度权重: 21个点
2025-08-25 02:20:43,139 - DEBUG - 🔍 开始计算权重矩阵:
2025-08-25 02:20:43,139 - DEBUG -    点类型: ['pupil_center', 'iris_boundaries', 'iris_boundaries', 'iris_boundaries', 'iris_boundaries', 'eye_contours', 'eye_contours', 'eye_contours', 'eye_contours', 'eye_contours', 'eye_contours', 'eye_contours', 'eye_contours', 'eye_contours', 'eye_contours', 'eye_contours', 'eye_contours', 'eye_contours', 'eye_contours', 'eye_contours', 'eye_contours']
2025-08-25 02:20:43,139 - DEBUG -    残差向量: 形状=(21,), 范数=0.073454
2025-08-25 02:20:43,139 - DEBUG -    Visibility: 形状=(21,), 均值=1.000
2025-08-25 02:20:43,139 - WARNING - ⚠️ 权重管理器：没有启用几何权重，使用默认全1权重
2025-08-25 02:20:43,139 - WARNING - ⚠️ 权重管理器：没有启用几何权重，使用默认全1权重
2025-08-25 02:20:43,139 - WARNING - ⚠️ 权重管理器：没有启用几何权重，使用默认全1权重
2025-08-25 02:20:43,139 - WARNING - ⚠️ 权重管理器：没有启用几何权重，使用默认全1权重
2025-08-25 02:20:43,139 - WARNING - ⚠️ 权重管理器：没有启用几何权重，使用默认全1权重
2025-08-25 02:20:43,139 - WARNING - ⚠️ 权重管理器：没有启用几何权重，使用默认全1权重
2025-08-25 02:20:43,139 - WARNING - ⚠️ 权重管理器：没有启用几何权重，使用默认全1权重
2025-08-25 02:20:43,139 - WARNING - ⚠️ 权重管理器：没有启用几何权重，使用默认全1权重
2025-08-25 02:20:43,139 - WARNING - ⚠️ 权重管理器：没有启用几何权重，使用默认全1权重
2025-08-25 02:20:43,139 - WARNING - ⚠️ 权重管理器：没有启用几何权重，使用默认全1权重
2025-08-25 02:20:43,139 - WARNING - ⚠️ 权重管理器：没有启用几何权重，使用默认全1权重
2025-08-25 02:20:43,139 - WARNING - ⚠️ 权重管理器：没有启用几何权重，使用默认全1权重
2025-08-25 02:20:43,139 - WARNING - ⚠️ 权重管理器：没有启用几何权重，使用默认全1权重
2025-08-25 02:20:43,139 - WARNING - ⚠️ 权重管理器：没有启用几何权重，使用默认全1权重
2025-08-25 02:20:43,139 - WARNING - ⚠️ 权重管理器：没有启用几何权重，使用默认全1权重
2025-08-25 02:20:43,139 - WARNING - ⚠️ 权重管理器：没有启用几何权重，使用默认全1权重
2025-08-25 02:20:43,139 - WARNING - ⚠️ 权重管理器：没有启用几何权重，使用默认全1权重
2025-08-25 02:20:43,139 - WARNING - ⚠️ 权重管理器：没有启用几何权重，使用默认全1权重
2025-08-25 02:20:43,139 - WARNING - ⚠️ 权重管理器：没有启用几何权重，使用默认全1权重
2025-08-25 02:20:43,139 - WARNING - ⚠️ 权重管理器：没有启用几何权重，使用默认全1权重
2025-08-25 02:20:43,139 - WARNING - ⚠️ 权重管理器：没有启用几何权重，使用默认全1权重
2025-08-25 02:20:43,139 - DEBUG - 🔍 权重矩阵计算成功: 形状=(21, 21)
2025-08-25 02:20:43,139 - DEBUG - 🔍 几何权重统计:
2025-08-25 02:20:43,139 - DEBUG -    权重向量: [[1.]
 [1.]
 [1.]
 [1.]
 [1.]
 [1.]
 [1.]
 [1.]
 [1.]
 [1.]
 [1.]
 [1.]
 [1.]
 [1.]
 [1.]
 [1.]
 [1.]
 [1.]
 [1.]
 [1.]
 [1.]]
2025-08-25 02:20:43,139 - DEBUG -    权重范围: [1.000000, 1.000000]
2025-08-25 02:20:43,139 - DEBUG -    权重均值: 1.000000
2025-08-25 02:20:43,139 - DEBUG -    权重标准差: 0.000000
2025-08-25 02:20:43,139 - DEBUG -    高权重点(>0.8): 21/21
2025-08-25 02:20:43,139 - DEBUG -    低权重点(<0.2): 0/21
2025-08-25 02:20:43,139 - INFO - -----------------------------------------------------------------------------------
2025-08-25 02:20:43,139 - DEBUG - 🔍 开始求解LM更新方程:
2025-08-25 02:20:43,139 - DEBUG -    数据残差: 形状=(21,), 范数=0.073454
2025-08-25 02:20:43,139 - DEBUG -    约束残差: 形状=(1,), 范数=0.000122
2025-08-25 02:20:43,139 - DEBUG - 🔍 计算数据残差雅可比矩阵 J_f: 形状=(21, 4)
2025-08-25 02:20:43,139 - DEBUG - 🔍 J_f矩阵计算完成: 条件数=3.15e+01
2025-08-25 02:20:43,139 - DEBUG - 🔍 深度约束雅可比计算: u=-2.045838, σ=0.114474, J_h=[[ 0.          0.         -0.11447363  0.        ]]
2025-08-25 02:20:43,139 - DEBUG - 🔍 半径先验雅可比: J_r=[[0. 0. 0. 1.]]
2025-08-25 02:20:43,139 - DEBUG - 🔍 使用几何权重矩阵: 形状=(21, 21)
2025-08-25 02:20:43,139 - DEBUG - 🔍 Hessian矩阵计算:
2025-08-25 02:20:43,139 - DEBUG -    H_data = J_f^T W J_f: 形状=(4, 4), 条件数=9.95e+02
2025-08-25 02:20:43,139 - DEBUG -    H_h = λ_depth J_h^T J_h: 形状=(4, 4), λ_depth=1000.0
2025-08-25 02:20:43,139 - DEBUG -    H_r = λ_radius J_r^T J_r: 形状=(4, 4), λ_radius=1.0
2025-08-25 02:20:43,139 - DEBUG -    H_total: 形状=(4, 4), 条件数=8.17e+01
2025-08-25 02:20:43,139 - DEBUG - 🔍 梯度计算:
2025-08-25 02:20:43,139 - DEBUG -    g_data: 形状=(4,), 范数=0.246780
2025-08-25 02:20:43,139 - DEBUG -    g_h: 形状=(4,), 范数=0.013917
2025-08-25 02:20:43,139 - DEBUG -    g_r: 形状=(4,), 范数=0.005724
2025-08-25 02:20:43,147 - DEBUG -    g_total: 形状=(4,), 范数=0.243494
2025-08-25 02:20:43,147 - DEBUG - 🔍 LM阻尼矩阵: H_lm = H_total + 10000.0 * I
2025-08-25 02:20:43,148 - DEBUG -    H_lm条件数: 1.00e+00
2025-08-25 02:20:43,148 - DEBUG - 🔍 线性方程组求解成功:
2025-08-25 02:20:43,148 - DEBUG -    参数更新向量 Δθ: [[-1.80725141e-05]
 [ 5.89701428e-07]
 [ 1.65460814e-06]
 [ 1.60842902e-05]]
2025-08-25 02:20:43,148 - DEBUG -    更新向量范数: 0.000024
2025-08-25 02:20:43,148 - DEBUG -    各分量更新: Δc_x=-0.000018, Δc_y=0.000001, Δc_z=0.000002, Δr=0.000016
2025-08-25 02:20:43,148 - DEBUG -    参数更新:
2025-08-25 02:20:43,148 - DEBUG -      旧参数: [[-0.03795535]
 [-0.01757168]
 [ 0.60467052]
 [ 0.01772369]]
2025-08-25 02:20:43,148 - DEBUG -      更新向量: [[-1.80725141e-05]
 [ 5.89701428e-07]
 [ 1.65460814e-06]
 [ 1.60842902e-05]]
2025-08-25 02:20:43,148 - DEBUG -      新参数: [[-0.03797342]
 [-0.01757109]
 [ 0.60467217]
 [ 0.01773978]]
2025-08-25 02:20:43,148 - INFO - -----------------------------------------------------------------------------------
2025-08-25 02:20:43,148 - INFO - 🔍 迭代第16次，球心向右0.018073mm，向下0.000590mm，向后0.001655mm，半径变大0.016084mm
2025-08-25 02:20:43,148 - INFO - 📊 变化前: 中心(-0.038, -0.018, 0.605), 半径17.72mm
2025-08-25 02:20:43,148 - INFO - 📊 变化后: 中心(-0.038, -0.018, 0.605), 半径17.74mm
2025-08-25 02:20:43,148 - INFO - 📈 变化量: 中心移动0.02mm, 半径变化0.02mm
2025-08-25 02:20:43,148 - INFO - 📍 眼球中心: [-0.03795535 -0.01757168  0.60467052]
2025-08-25 02:20:43,148 - INFO - 📏 眼球半径: 17.72mm
2025-08-25 02:20:43,148 - INFO - 👁️ 瞳孔中心: [-0.012      -0.01466667  0.60000002]
2025-08-25 02:20:43,148 - INFO - 📐 眼球中心在瞳孔中心的左25.96mm，上2.91mm，后4.67mm
2025-08-25 02:20:43,148 - INFO - 📏 距离: 26.53mm
2025-08-25 02:20:43,148 - INFO - -----------------------------------------------------------------------------------
2025-08-25 02:20:43,148 - INFO - -----------------------------------------------------------------------------------
2025-08-25 02:20:43,148 - DEBUG - 🔍 参数有效性检查:
2025-08-25 02:20:43,148 - DEBUG -    参数向量: [[-0.03797342]
 [-0.01757109]
 [ 0.60467217]
 [ 0.01773978]]
2025-08-25 02:20:43,148 - DEBUG -    球心: [-0.03797342 -0.01757109  0.60467217]
2025-08-25 02:20:43,148 - DEBUG -    半径: 0.017740
2025-08-25 02:20:43,148 - DEBUG - 🔍 函数值计算详情:
2025-08-25 02:20:43,148 - DEBUG -    数据项 F(θ): 0.002698
2025-08-25 02:20:43,148 - DEBUG -    深度约束项: 0.000007
2025-08-25 02:20:43,148 - DEBUG -    半径先验项: 0.000016
2025-08-25 02:20:43,148 - DEBUG -    总函数值 Φ(θ): 0.002722
2025-08-25 02:20:43,148 - DEBUG -    函数值改善: -0.001553
2025-08-25 02:20:43,148 - DEBUG - 🔍 参数有效: False
2025-08-25 02:20:43,148 - DEBUG -    参数无效，阻尼因子调整: λ_LM = 1.00e+05
2025-08-25 02:20:43,148 - DEBUG - 🔍 迭代 18/30:
2025-08-25 02:20:43,155 - DEBUG - 🔍 计算点到球心距离: 形状=(21,)
2025-08-25 02:20:43,155 - DEBUG - 🔍 生理偏差向量计算:
2025-08-25 02:20:43,155 - DEBUG -    点类型列表: ['pupil_center', 'iris_boundaries', 'iris_boundaries', 'iris_boundaries', 'iris_boundaries', 'eye_contours', 'eye_contours', 'eye_contours', 'eye_contours', 'eye_contours', 'eye_contours', 'eye_contours', 'eye_contours', 'eye_contours', 'eye_contours', 'eye_contours', 'eye_contours', 'eye_contours', 'eye_contours', 'eye_contours', 'eye_contours']
2025-08-25 02:20:43,155 - DEBUG -    偏差向量: [0.0002  0.00085 0.00085 0.00085 0.00085 0.0015  0.0015  0.0015  0.0015
 0.0015  0.0015  0.0015  0.0015  0.0015  0.0015  0.0015  0.0015  0.0015
 0.0015  0.0015  0.0015 ]
2025-08-25 02:20:43,155 - DEBUG -    向量形状: (21,)
2025-08-25 02:20:43,155 - DEBUG -    偏差统计: 均值=0.001314, 标准差=0.000356
2025-08-25 02:20:43,155 - DEBUG - 获取生理偏差: 点类型=['pupil_center', 'iris_boundaries', 'iris_boundaries', 'iris_boundaries', 'iris_boundaries', 'eye_contours', 'eye_contours', 'eye_contours', 'eye_contours', 'eye_contours', 'eye_contours', 'eye_contours', 'eye_contours', 'eye_contours', 'eye_contours', 'eye_contours', 'eye_contours', 'eye_contours', 'eye_contours', 'eye_contours', 'eye_contours'], 偏差值=[0.0002  0.00085 0.00085 0.00085 0.00085 0.0015  0.0015  0.0015  0.0015
 0.0015  0.0015  0.0015  0.0015  0.0015  0.0015  0.0015  0.0015  0.0015
 0.0015  0.0015  0.0015 ]
2025-08-25 02:20:43,155 - INFO - -----------------------------------------------------------------------------------
2025-08-25 02:20:43,155 - DEBUG - 🔍 拟合残差计算详情:
2025-08-25 02:20:43,155 - DEBUG -    球心坐标: [-0.03795535 -0.01757168  0.60467052]
2025-08-25 02:20:43,155 - DEBUG -    球体半径: 0.017724
2025-08-25 02:20:43,155 - DEBUG -    采样点数: 21
2025-08-25 02:20:43,155 - DEBUG -    点类型分布: {'eye_contours': 16, 'iris_boundaries': 4, 'pupil_center': 1}
2025-08-25 02:20:43,155 - DEBUG -    理论距离向量: [0.01792369 0.01857369 0.01857369 0.01857369 0.01857369 0.01922369
 0.01922369 0.01922369 0.01922369 0.01922369 0.01922369 0.01922369
 0.01922369 0.01922369 0.01922369 0.01922369 0.01922369 0.01922369
 0.01922369 0.01922369 0.01922369]
2025-08-25 02:20:43,155 - DEBUG -    实际距离向量: [0.02653173 0.03677508 0.02660456 0.01609103 0.02941644 0.00629017
 0.01024913 0.01383944 0.01913684 0.02715282 0.03521253 0.04301656
 0.04842132 0.05125617 0.04801677 0.0413371  0.03227999 0.0236155
 0.01496701 0.00958197 0.00726639]
2025-08-25 02:20:43,155 - DEBUG -    生理偏差向量: [0.0002  0.00085 0.00085 0.00085 0.00085 0.0015  0.0015  0.0015  0.0015
 0.0015  0.0015  0.0015  0.0015  0.0015  0.0015  0.0015  0.0015  0.0015
 0.0015  0.0015  0.0015 ]
2025-08-25 02:20:43,155 - DEBUG -    残差向量 f(θ): 
[[ 8.60803901e-03]
 [ 1.82013859e-02]
 [ 8.03086325e-03]
 [-2.48265727e-03]
 [ 1.08427467e-02]
 [-1.29335230e-02]
 [-8.97456032e-03]
 [-5.38425119e-03]
 [-8.68537162e-05]
 [ 7.92912928e-03]
 [ 1.59888409e-02]
 [ 2.37928652e-02]
 [ 2.91976313e-02]
 [ 3.20324742e-02]
 [ 2.87930811e-02]
 [ 2.21134038e-02]
 [ 1.30562934e-02]
 [ 4.39180405e-03]
 [-4.25668110e-03]
 [-9.64171894e-03]
 [-1.19573031e-02]]
2025-08-25 02:20:43,155 - DEBUG -    平均残差范数: 0.003498
2025-08-25 02:20:43,155 - DEBUG -    残差范数=0.073454
2025-08-25 02:20:43,155 - INFO - -----------------------------------------------------------------------------------
2025-08-25 02:20:43,155 - DEBUG - 🔍 深度约束计算详情 (softplus):
2025-08-25 02:20:43,155 - DEBUG -    采样点Z坐标范围: [0.600000, 0.602425]
2025-08-25 02:20:43,155 - DEBUG -    球心Z坐标: 0.604671
2025-08-25 02:20:43,155 - DEBUG -    深度偏移ε: 0.000200
2025-08-25 02:20:43,155 - DEBUG -    softplus参数τ: 0.001000
2025-08-25 02:20:43,155 - DEBUG -    原始违反值: -0.002046
2025-08-25 02:20:43,155 - DEBUG -    softplus输入 u: -2.045838
2025-08-25 02:20:43,155 - DEBUG -    约束惩罚 h(θ): 0.000122
2025-08-25 02:20:43,155 - DEBUG -    🟢 深度约束满足: 球心深度足够
2025-08-25 02:20:43,155 - INFO - -----------------------------------------------------------------------------------
2025-08-25 02:20:43,155 - DEBUG - 🔍 半径惩罚计算详情:
2025-08-25 02:20:43,155 - DEBUG -    当前半径: 0.017724
2025-08-25 02:20:43,155 - DEBUG -    半径先验值: 0.012000
2025-08-25 02:20:43,155 - DEBUG -    半径残差 r(θ): 0.005724
2025-08-25 02:20:43,155 - DEBUG -    数据残差 f(θ): [[ 8.60803901e-03]
 [ 1.82013859e-02]
 [ 8.03086325e-03]
 [-2.48265727e-03]
 [ 1.08427467e-02]
 [-1.29335230e-02]
 [-8.97456032e-03]
 [-5.38425119e-03]
 [-8.68537162e-05]
 [ 7.92912928e-03]
 [ 1.59888409e-02]
 [ 2.37928652e-02]
 [ 2.91976313e-02]
 [ 3.20324742e-02]
 [ 2.87930811e-02]
 [ 2.21134038e-02]
 [ 1.30562934e-02]
 [ 4.39180405e-03]
 [-4.25668110e-03]
 [-9.64171894e-03]
 [-1.19573031e-02]]
2025-08-25 02:20:43,155 - DEBUG -    约束残差 g(θ): [[0.00012157]]
2025-08-25 02:20:43,155 - DEBUG -    半径残差 r(θ): [[0.00572369]]
2025-08-25 02:20:43,155 - DEBUG - 🔍 状态变化计算: 参数变化=0.000000, 残差变化=0.000000
2025-08-25 02:20:43,155 - INFO - -----------------------------------------------------------------------------------
2025-08-25 02:20:43,155 - DEBUG - 🔍 权重管理器状态更新详情:
2025-08-25 02:20:43,155 - DEBUG -    当前迭代: 17
2025-08-25 02:20:43,155 - DEBUG -    参数变化: 0.000000 (阈值: 0.000005)
2025-08-25 02:20:43,155 - DEBUG -    残差变化: 0.000000 (阈值: 0.000005)
2025-08-25 02:20:43,155 - DEBUG -    几何权重因子: 10
2025-08-25 02:20:43,163 - DEBUG - ⏸️ 保持图像置信度权重: 参数变化=0.00e+00, 残差变化=0.00e+00
2025-08-25 02:20:43,164 - DEBUG - 状态已保存: 参数=[-0.03795535 -0.01757168  0.60467052  0.01772369], 残差范数=0.073454
2025-08-25 02:20:43,164 - DEBUG - 🔍 获取visibility信息: 形状=(21,), 范围=[1.000, 1.000]
2025-08-25 02:20:43,164 - DEBUG - 🔧 设置图像置信度权重: 21个点
2025-08-25 02:20:43,164 - DEBUG - 🔍 开始计算权重矩阵:
2025-08-25 02:20:43,164 - DEBUG -    点类型: ['pupil_center', 'iris_boundaries', 'iris_boundaries', 'iris_boundaries', 'iris_boundaries', 'eye_contours', 'eye_contours', 'eye_contours', 'eye_contours', 'eye_contours', 'eye_contours', 'eye_contours', 'eye_contours', 'eye_contours', 'eye_contours', 'eye_contours', 'eye_contours', 'eye_contours', 'eye_contours', 'eye_contours', 'eye_contours']
2025-08-25 02:20:43,164 - DEBUG -    残差向量: 形状=(21,), 范数=0.073454
2025-08-25 02:20:43,164 - DEBUG -    Visibility: 形状=(21,), 均值=1.000
2025-08-25 02:20:43,164 - WARNING - ⚠️ 权重管理器：没有启用几何权重，使用默认全1权重
2025-08-25 02:20:43,164 - WARNING - ⚠️ 权重管理器：没有启用几何权重，使用默认全1权重
2025-08-25 02:20:43,164 - WARNING - ⚠️ 权重管理器：没有启用几何权重，使用默认全1权重
2025-08-25 02:20:43,164 - WARNING - ⚠️ 权重管理器：没有启用几何权重，使用默认全1权重
2025-08-25 02:20:43,164 - WARNING - ⚠️ 权重管理器：没有启用几何权重，使用默认全1权重
2025-08-25 02:20:43,164 - WARNING - ⚠️ 权重管理器：没有启用几何权重，使用默认全1权重
2025-08-25 02:20:43,164 - WARNING - ⚠️ 权重管理器：没有启用几何权重，使用默认全1权重
2025-08-25 02:20:43,164 - WARNING - ⚠️ 权重管理器：没有启用几何权重，使用默认全1权重
2025-08-25 02:20:43,164 - WARNING - ⚠️ 权重管理器：没有启用几何权重，使用默认全1权重
2025-08-25 02:20:43,164 - WARNING - ⚠️ 权重管理器：没有启用几何权重，使用默认全1权重
2025-08-25 02:20:43,164 - WARNING - ⚠️ 权重管理器：没有启用几何权重，使用默认全1权重
2025-08-25 02:20:43,164 - WARNING - ⚠️ 权重管理器：没有启用几何权重，使用默认全1权重
2025-08-25 02:20:43,164 - WARNING - ⚠️ 权重管理器：没有启用几何权重，使用默认全1权重
2025-08-25 02:20:43,164 - WARNING - ⚠️ 权重管理器：没有启用几何权重，使用默认全1权重
2025-08-25 02:20:43,164 - WARNING - ⚠️ 权重管理器：没有启用几何权重，使用默认全1权重
2025-08-25 02:20:43,164 - WARNING - ⚠️ 权重管理器：没有启用几何权重，使用默认全1权重
2025-08-25 02:20:43,164 - WARNING - ⚠️ 权重管理器：没有启用几何权重，使用默认全1权重
2025-08-25 02:20:43,164 - WARNING - ⚠️ 权重管理器：没有启用几何权重，使用默认全1权重
2025-08-25 02:20:43,164 - WARNING - ⚠️ 权重管理器：没有启用几何权重，使用默认全1权重
2025-08-25 02:20:43,164 - WARNING - ⚠️ 权重管理器：没有启用几何权重，使用默认全1权重
2025-08-25 02:20:43,164 - WARNING - ⚠️ 权重管理器：没有启用几何权重，使用默认全1权重
2025-08-25 02:20:43,164 - DEBUG - 🔍 权重矩阵计算成功: 形状=(21, 21)
2025-08-25 02:20:43,164 - DEBUG - 🔍 几何权重统计:
2025-08-25 02:20:43,164 - DEBUG -    权重向量: [[1.]
 [1.]
 [1.]
 [1.]
 [1.]
 [1.]
 [1.]
 [1.]
 [1.]
 [1.]
 [1.]
 [1.]
 [1.]
 [1.]
 [1.]
 [1.]
 [1.]
 [1.]
 [1.]
 [1.]
 [1.]]
2025-08-25 02:20:43,164 - DEBUG -    权重范围: [1.000000, 1.000000]
2025-08-25 02:20:43,164 - DEBUG -    权重均值: 1.000000
2025-08-25 02:20:43,164 - DEBUG -    权重标准差: 0.000000
2025-08-25 02:20:43,164 - DEBUG -    高权重点(>0.8): 21/21
2025-08-25 02:20:43,164 - DEBUG -    低权重点(<0.2): 0/21
2025-08-25 02:20:43,164 - INFO - -----------------------------------------------------------------------------------
2025-08-25 02:20:43,164 - DEBUG - 🔍 开始求解LM更新方程:
2025-08-25 02:20:43,164 - DEBUG -    数据残差: 形状=(21,), 范数=0.073454
2025-08-25 02:20:43,164 - DEBUG -    约束残差: 形状=(1,), 范数=0.000122
2025-08-25 02:20:43,171 - DEBUG - 🔍 计算数据残差雅可比矩阵 J_f: 形状=(21, 4)
2025-08-25 02:20:43,171 - DEBUG - 🔍 J_f矩阵计算完成: 条件数=3.15e+01
2025-08-25 02:20:43,171 - DEBUG - 🔍 深度约束雅可比计算: u=-2.045838, σ=0.114474, J_h=[[ 0.          0.         -0.11447363  0.        ]]
2025-08-25 02:20:43,171 - DEBUG - 🔍 半径先验雅可比: J_r=[[0. 0. 0. 1.]]
2025-08-25 02:20:43,171 - DEBUG - 🔍 使用几何权重矩阵: 形状=(21, 21)
2025-08-25 02:20:43,171 - DEBUG - 🔍 Hessian矩阵计算:
2025-08-25 02:20:43,171 - DEBUG -    H_data = J_f^T W J_f: 形状=(4, 4), 条件数=9.95e+02
2025-08-25 02:20:43,171 - DEBUG -    H_h = λ_depth J_h^T J_h: 形状=(4, 4), λ_depth=1000.0
2025-08-25 02:20:43,171 - DEBUG -    H_r = λ_radius J_r^T J_r: 形状=(4, 4), λ_radius=1.0
2025-08-25 02:20:43,171 - DEBUG -    H_total: 形状=(4, 4), 条件数=8.17e+01
2025-08-25 02:20:43,171 - DEBUG - 🔍 梯度计算:
2025-08-25 02:20:43,171 - DEBUG -    g_data: 形状=(4,), 范数=0.246780
2025-08-25 02:20:43,171 - DEBUG -    g_h: 形状=(4,), 范数=0.013917
2025-08-25 02:20:43,171 - DEBUG -    g_r: 形状=(4,), 范数=0.005724
2025-08-25 02:20:43,171 - DEBUG -    g_total: 形状=(4,), 范数=0.243494
2025-08-25 02:20:43,171 - DEBUG - 🔍 LM阻尼矩阵: H_lm = H_total + 100000.0 * I
2025-08-25 02:20:43,171 - DEBUG -    H_lm条件数: 1.00e+00
2025-08-25 02:20:43,171 - DEBUG - 🔍 线性方程组求解成功:
2025-08-25 02:20:43,171 - DEBUG -    参数更新向量 Δθ: [[-1.81276604e-06]
 [ 5.75941996e-08]
 [ 1.66754891e-07]
 [ 1.61467623e-06]]
2025-08-25 02:20:43,171 - DEBUG -    更新向量范数: 0.000002
2025-08-25 02:20:43,171 - DEBUG -    各分量更新: Δc_x=-0.000002, Δc_y=0.000000, Δc_z=0.000000, Δr=0.000002
2025-08-25 02:20:43,171 - DEBUG -    参数更新:
2025-08-25 02:20:43,171 - DEBUG -      旧参数: [[-0.03795535]
 [-0.01757168]
 [ 0.60467052]
 [ 0.01772369]]
2025-08-25 02:20:43,171 - DEBUG -      更新向量: [[-1.81276604e-06]
 [ 5.75941996e-08]
 [ 1.66754891e-07]
 [ 1.61467623e-06]]
2025-08-25 02:20:43,171 - DEBUG -      新参数: [[-0.03795716]
 [-0.01757162]
 [ 0.60467069]
 [ 0.01772531]]
2025-08-25 02:20:43,171 - INFO - -----------------------------------------------------------------------------------
2025-08-25 02:20:43,171 - INFO - 🔍 迭代第17次，球心向右0.001813mm，向下0.000058mm，向后0.000167mm，半径变大0.001615mm
2025-08-25 02:20:43,171 - INFO - 📊 变化前: 中心(-0.038, -0.018, 0.605), 半径17.72mm
2025-08-25 02:20:43,171 - INFO - 📊 变化后: 中心(-0.038, -0.018, 0.605), 半径17.73mm
2025-08-25 02:20:43,171 - INFO - 📈 变化量: 中心移动0.00mm, 半径变化0.00mm
2025-08-25 02:20:43,171 - INFO - 📍 眼球中心: [-0.03795535 -0.01757168  0.60467052]
2025-08-25 02:20:43,171 - INFO - 📏 眼球半径: 17.72mm
2025-08-25 02:20:43,171 - INFO - 👁️ 瞳孔中心: [-0.012      -0.01466667  0.60000002]
2025-08-25 02:20:43,171 - INFO - 📐 眼球中心在瞳孔中心的左25.96mm，上2.91mm，后4.67mm
2025-08-25 02:20:43,171 - INFO - 📏 距离: 26.53mm
2025-08-25 02:20:43,171 - INFO - -----------------------------------------------------------------------------------
2025-08-25 02:20:43,171 - INFO - -----------------------------------------------------------------------------------
2025-08-25 02:20:43,171 - DEBUG - 🔍 参数有效性检查:
2025-08-25 02:20:43,171 - DEBUG -    参数向量: [[-0.03795716]
 [-0.01757162]
 [ 0.60467069]
 [ 0.01772531]]
2025-08-25 02:20:43,171 - DEBUG -    球心: [-0.03795716 -0.01757162  0.60467069]
2025-08-25 02:20:43,171 - DEBUG -    半径: 0.017725
2025-08-25 02:20:43,171 - DEBUG - 🔍 函数值计算详情:
2025-08-25 02:20:43,171 - DEBUG -    数据项 F(θ): 0.002698
2025-08-25 02:20:43,171 - DEBUG -    深度约束项: 0.000007
2025-08-25 02:20:43,171 - DEBUG -    半径先验项: 0.000016
2025-08-25 02:20:43,179 - DEBUG -    总函数值 Φ(θ): 0.002722
2025-08-25 02:20:43,179 - DEBUG -    函数值改善: 0.000000
2025-08-25 02:20:43,179 - DEBUG - 🔍 参数有效: True
2025-08-25 02:20:43,179 - DEBUG -    参数更新成功:
2025-08-25 02:20:43,179 - DEBUG -      新球心: [-0.03795716 -0.01757162  0.60467069]
2025-08-25 02:20:43,179 - DEBUG -      新半径: 0.017725
2025-08-25 02:20:43,179 - INFO - -----------------------------------------------------------------------------------
2025-08-25 02:20:43,179 - DEBUG - 🔍 LM收敛性检查:
2025-08-25 02:20:43,179 - DEBUG -    当前迭代次数: 17
2025-08-25 02:20:43,182 - DEBUG -    最大迭代次数: 30
2025-08-25 02:20:43,182 - DEBUG -    参数变化: 0.000002
2025-08-25 02:20:43,182 - DEBUG -    参数容忍度: 5e-06
2025-08-25 02:20:43,182 - DEBUG -    残差变化: 0.000000
2025-08-25 02:20:43,182 - DEBUG -    残差容忍度: 5e-06
2025-08-25 02:20:43,182 - INFO - ✅ LM收敛：参数变化2.43e-06 < 5e-06，平均残差变化0.00e+00 < 5e-06
2025-08-25 02:20:43,182 - INFO - ✅ LM优化收敛: 迭代17次
2025-08-25 02:20:43,182 - DEBUG - 🔍 优化结束状态:
2025-08-25 02:20:43,182 - DEBUG -    最终参数: [[-0.03795716]
 [-0.01757162]
 [ 0.60467069]
 [ 0.01772531]]
2025-08-25 02:20:43,182 - DEBUG -    最终球心: [-0.03795716 -0.01757162  0.60467069]
2025-08-25 02:20:43,182 - DEBUG -    最终半径: 0.017725
2025-08-25 02:20:43,182 - DEBUG -    是否收敛: True
2025-08-25 02:20:43,182 - DEBUG -    迭代次数: 17
2025-08-25 02:20:43,182 - INFO - -----------------------------------------------------------------------------------
2025-08-25 02:20:43,182 - DEBUG - 🔍 更新最终状态:
2025-08-25 02:20:43,182 - DEBUG - 🔍 计算点到球心距离: 形状=(21,)
2025-08-25 02:20:43,182 - DEBUG - 🔍 生理偏差向量计算:
2025-08-25 02:20:43,182 - DEBUG -    点类型列表: ['pupil_center', 'iris_boundaries', 'iris_boundaries', 'iris_boundaries', 'iris_boundaries', 'eye_contours', 'eye_contours', 'eye_contours', 'eye_contours', 'eye_contours', 'eye_contours', 'eye_contours', 'eye_contours', 'eye_contours', 'eye_contours', 'eye_contours', 'eye_contours', 'eye_contours', 'eye_contours', 'eye_contours', 'eye_contours']
2025-08-25 02:20:43,182 - DEBUG -    偏差向量: [0.0002  0.00085 0.00085 0.00085 0.00085 0.0015  0.0015  0.0015  0.0015
 0.0015  0.0015  0.0015  0.0015  0.0015  0.0015  0.0015  0.0015  0.0015
 0.0015  0.0015  0.0015 ]
2025-08-25 02:20:43,182 - DEBUG -    向量形状: (21,)
2025-08-25 02:20:43,182 - DEBUG -    偏差统计: 均值=0.001314, 标准差=0.000356
2025-08-25 02:20:43,182 - DEBUG - 获取生理偏差: 点类型=['pupil_center', 'iris_boundaries', 'iris_boundaries', 'iris_boundaries', 'iris_boundaries', 'eye_contours', 'eye_contours', 'eye_contours', 'eye_contours', 'eye_contours', 'eye_contours', 'eye_contours', 'eye_contours', 'eye_contours', 'eye_contours', 'eye_contours', 'eye_contours', 'eye_contours', 'eye_contours', 'eye_contours', 'eye_contours'], 偏差值=[0.0002  0.00085 0.00085 0.00085 0.00085 0.0015  0.0015  0.0015  0.0015
 0.0015  0.0015  0.0015  0.0015  0.0015  0.0015  0.0015  0.0015  0.0015
 0.0015  0.0015  0.0015 ]
2025-08-25 02:20:43,182 - INFO - -----------------------------------------------------------------------------------
2025-08-25 02:20:43,182 - DEBUG - 🔍 拟合残差计算详情:
2025-08-25 02:20:43,182 - DEBUG -    球心坐标: [-0.03795716 -0.01757162  0.60467069]
2025-08-25 02:20:43,182 - DEBUG -    球体半径: 0.017725
2025-08-25 02:20:43,182 - DEBUG -    采样点数: 21
2025-08-25 02:20:43,188 - DEBUG -    点类型分布: {'eye_contours': 16, 'iris_boundaries': 4, 'pupil_center': 1}
2025-08-25 02:20:43,188 - DEBUG -    理论距离向量: [0.01792531 0.01857531 0.01857531 0.01857531 0.01857531 0.01922531
 0.01922531 0.01922531 0.01922531 0.01922531 0.01922531 0.01922531
 0.01922531 0.01922531 0.01922531 0.01922531 0.01922531 0.01922531
 0.01922531 0.01922531 0.01922531]
2025-08-25 02:20:43,188 - DEBUG -    实际距离向量: [0.02653353 0.03677689 0.02660634 0.01609277 0.02941805 0.00629076
 0.01025023 0.01384081 0.01913838 0.0271545  0.03521428 0.04301834
 0.04842312 0.05125797 0.04801859 0.04133892 0.03228181 0.02361731
 0.0149688  0.00958364 0.00726768]
2025-08-25 02:20:43,188 - DEBUG -    生理偏差向量: [0.0002  0.00085 0.00085 0.00085 0.00085 0.0015  0.0015  0.0015  0.0015
 0.0015  0.0015  0.0015  0.0015  0.0015  0.0015  0.0015  0.0015  0.0015
 0.0015  0.0015  0.0015 ]
2025-08-25 02:20:43,188 - DEBUG -    残差向量 f(θ): 
[[ 8.60822077e-03]
 [ 1.82015804e-02]
 [ 8.03103406e-03]
 [-2.48253549e-03]
 [ 1.08427421e-02]
 [-1.29345430e-02]
 [-8.97507187e-03]
 [-5.38449904e-03]
 [-8.69251784e-05]
 [ 7.92918842e-03]
 [ 1.59889708e-02]
 [ 2.37930331e-02]
 [ 2.91978123e-02]
 [ 3.20326622e-02]
 [ 2.87932788e-02]
 [ 2.21136092e-02]
 [ 1.30564987e-02]
 [ 4.39200617e-03]
 [-4.25650214e-03]
 [-9.64166242e-03]
 [-1.19576248e-02]]
2025-08-25 02:20:43,188 - DEBUG -    平均残差范数: 0.003498
2025-08-25 02:20:43,188 - DEBUG -    残差范数=0.073455
2025-08-25 02:20:43,188 - DEBUG -    最终残差向量: [[ 8.60822077e-03]
 [ 1.82015804e-02]
 [ 8.03103406e-03]
 [-2.48253549e-03]
 [ 1.08427421e-02]
 [-1.29345430e-02]
 [-8.97507187e-03]
 [-5.38449904e-03]
 [-8.69251784e-05]
 [ 7.92918842e-03]
 [ 1.59889708e-02]
 [ 2.37930331e-02]
 [ 2.91978123e-02]
 [ 3.20326622e-02]
 [ 2.87932788e-02]
 [ 2.21136092e-02]
 [ 1.30564987e-02]
 [ 4.39200617e-03]
 [-4.25650214e-03]
 [-9.64166242e-03]
 [-1.19576248e-02]]
2025-08-25 02:20:43,188 - DEBUG -    最终残差范数: 0.073455
2025-08-25 02:20:43,188 - DEBUG -    内点比例: 1.000000
2025-08-25 02:20:43,188 - DEBUG -    质量分数: 0.000000
2025-08-25 02:20:43,188 - DEBUG -    收敛迭代次数: 17
2025-08-25 02:20:43,188 - DEBUG -    是否收敛: True
2025-08-25 02:20:43,188 - DEBUG -    警告信息: ['迭代1: 参数无效，阻尼因子=1.00e-01', '迭代5: 参数无效，阻尼因子=1.00e+00', '迭代7: 参数无效，阻尼因子=1.00e+01', '迭代9: 参数无效，阻尼因子=1.00e+02', '迭代11: 参数无效，阻尼因子=1.00e+03', '迭代13: 参数无效，阻尼因子=1.00e+04', '迭代16: 参数无效，阻尼因子=1.00e+05']
2025-08-25 02:20:43,188 - INFO - ✅ 优化完成: 最终中心点=(-0.038, -0.018, 0.605), 半径=0.018m
2025-08-25 02:20:43,188 - INFO - 拟合完成 - 拟合结果:
  📍 中心点: (-0.038, -0.018, 0.605)
  📏 半径: 0.02mm
  🔄 收敛状态: ✓ 已收敛
  📊 内点比例: 100.0% (21/21)
  🎯 质量分数: 0.000
  📈 迭代次数: 17
  📉 最终残差: 7.35e-02
⚠️  警告: 迭代1: 参数无效，阻尼因子=1.00e-01; 迭代5: 参数无效，阻尼因子=1.00e+00; 迭代7: 参数无效，阻尼因子=1.00e+01; 迭代9: 参数无效，阻尼因子=1.00e+02; 迭代11: 参数无效，阻尼因子=1.00e+03; 迭代13: 参数无效，阻尼因子=1.00e+04; 迭代16: 参数无效，阻尼因子=1.00e+05
2025-08-25 02:20:43,188 - DEBUG - right眼拟合完成: shape=椭球参数 (球体):
  📏 主轴长度: (0.018, 0.018, 0.018) m
  📍 中心坐标: (-0.038, -0.018, 0.605) m
  🔄 旋转矩阵: 3x3 单位矩阵, center=[-0.03795716 -0.01757162  0.60467069]
2025-08-25 02:20:43,188 - DEBUG - 右眼拟合完成
2025-08-25 02:20:43,188 - DEBUG - ransac_sphere_eyeball返回结果: {'left': (<project.fitting.config.models.EllipsoidParams object at 0x000002363DB87A10>, array([ 0.10063666, -0.03290927,  0.60366376])), 'right': (<project.fitting.config.models.EllipsoidParams object at 0x000002363DB87A10>, array([-0.03795716, -0.01757162,  0.60467069]))}
2025-08-25 02:20:43,188 - DEBUG - ransac_sphere_eyeball执行成功
2025-08-25 02:20:43,188 - INFO - 拟合完成!
2025-08-25 02:20:43,188 - INFO - --------------------------------------------------
2025-08-25 02:20:43,188 - INFO - 拟合结果:
2025-08-25 02:20:43,188 - INFO - 左眼中心: (0.101, -0.033, 0.604)
2025-08-25 02:20:43,188 - INFO - 左眼半径: 17.73mm
2025-08-25 02:20:43,188 - INFO - ------------------------------
2025-08-25 02:20:43,188 - INFO - 左眼关键点分布分析:
2025-08-25 02:20:43,188 - INFO - 瞳孔中心点: 眼球内部, 距离眼球表面: 5.57mm, ✗ 超出规范
2025-08-25 02:20:43,188 - INFO - 虹膜边界点 (4个):
2025-08-25 02:20:43,188 - INFO -   点1: 眼球内部, 距离眼球表面: 0.88mm, ✗ 超出规范
2025-08-25 02:20:43,188 - INFO -   点2: 眼球内部, 距离眼球表面: 13.42mm, ✗ 超出规范
2025-08-25 02:20:43,188 - INFO -   点3: 眼球内部, 距离眼球表面: 0.94mm, ✗ 超出规范
2025-08-25 02:20:43,188 - INFO -   点4: 眼球外部, 距离眼球表面: 4.36mm, ✗ 超出规范
2025-08-25 02:20:43,188 - INFO - 眼睛轮廓点 (16个):
2025-08-25 02:20:43,188 - INFO -   点1: 眼球外部, 距离眼球表面: 12.36mm, ✗ 超出规范
2025-08-25 02:20:43,188 - INFO -   点2: 眼球外部, 距离眼球表面: 8.23mm, ✗ 超出规范
2025-08-25 02:20:43,188 - INFO -   点3: 眼球外部, 距离眼球表面: 0.54mm, ✓ 符合规范
2025-08-25 02:20:43,188 - INFO -   点4: 眼球内部, 距离眼球表面: 7.76mm, ✗ 超出规范
2025-08-25 02:20:43,188 - INFO -   点5: 眼球内部, 距离眼球表面: 8.93mm, ✗ 超出规范
2025-08-25 02:20:43,188 - INFO -   点6: 眼球内部, 距离眼球表面: 2.00mm, ✗ 超出规范
2025-08-25 02:20:43,188 - INFO -   点7: 眼球外部, 距离眼球表面: 3.79mm, ✗ 超出规范
2025-08-25 02:20:43,188 - INFO -   点8: 眼球外部, 距离眼球表面: 7.45mm, ✗ 超出规范
2025-08-25 02:20:43,188 - INFO -   点9: 眼球外部, 距离眼球表面: 10.33mm, ✗ 超出规范
2025-08-25 02:20:43,188 - INFO -   点10: 眼球外部, 距离眼球表面: 8.72mm, ✗ 超出规范
2025-08-25 02:20:43,188 - INFO -   点11: 眼球外部, 距离眼球表面: 6.96mm, ✗ 超出规范
2025-08-25 02:20:43,188 - INFO -   点12: 眼球外部, 距离眼球表面: 4.95mm, ✗ 超出规范
2025-08-25 02:20:43,188 - INFO -   点13: 眼球外部, 距离眼球表面: 3.35mm, ✗ 超出规范
2025-08-25 02:20:43,188 - INFO -   点14: 眼球外部, 距离眼球表面: 3.89mm, ✗ 超出规范
2025-08-25 02:20:43,196 - INFO -   点15: 眼球外部, 距离眼球表面: 6.82mm, ✗ 超出规范
2025-08-25 02:20:43,196 - INFO -   点16: 眼球外部, 距离眼球表面: 10.43mm, ✗ 超出规范
2025-08-25 02:20:43,196 - INFO - 总结: left眼共21个关键点, 1个符合规范, 符合率: 4.8%
2025-08-25 02:20:43,196 - INFO - 数据质量评估: 较差
2025-08-25 02:20:43,196 - INFO - 右眼中心: (-0.038, -0.018, 0.605)
2025-08-25 02:20:43,196 - INFO - 右眼半径: 17.73mm
2025-08-25 02:20:43,196 - INFO - ------------------------------
2025-08-25 02:20:43,196 - INFO - 右眼关键点分布分析:
2025-08-25 02:20:43,196 - INFO - 瞳孔中心点: 眼球外部, 距离眼球表面: 8.81mm, ✗ 超出规范
2025-08-25 02:20:43,196 - INFO - 虹膜边界点 (4个):
2025-08-25 02:20:43,196 - INFO -   点1: 眼球外部, 距离眼球表面: 19.05mm, ✗ 超出规范
2025-08-25 02:20:43,196 - INFO -   点2: 眼球外部, 距离眼球表面: 8.88mm, ✗ 超出规范
2025-08-25 02:20:43,199 - INFO -   点3: 眼球内部, 距离眼球表面: 1.63mm, ✗ 超出规范
2025-08-25 02:20:43,199 - INFO -   点4: 眼球外部, 距离眼球表面: 11.69mm, ✗ 超出规范
2025-08-25 02:20:43,199 - INFO - 眼睛轮廓点 (16个):
2025-08-25 02:20:43,199 - INFO -   点1: 眼球内部, 距离眼球表面: 11.43mm, ✗ 超出规范
2025-08-25 02:20:43,199 - INFO -   点2: 眼球内部, 距离眼球表面: 7.48mm, ✗ 超出规范
2025-08-25 02:20:43,199 - INFO -   点3: 眼球内部, 距离眼球表面: 3.88mm, ✗ 超出规范
2025-08-25 02:20:43,199 - INFO -   点4: 眼球外部, 距离眼球表面: 1.41mm, ✓ 符合规范
2025-08-25 02:20:43,199 - INFO -   点5: 眼球外部, 距离眼球表面: 9.43mm, ✗ 超出规范
2025-08-25 02:20:43,199 - INFO -   点6: 眼球外部, 距离眼球表面: 17.49mm, ✗ 超出规范
2025-08-25 02:20:43,199 - INFO -   点7: 眼球外部, 距离眼球表面: 25.29mm, ✗ 超出规范
2025-08-25 02:20:43,199 - INFO -   点8: 眼球外部, 距离眼球表面: 30.70mm, ✗ 超出规范
2025-08-25 02:20:43,199 - INFO -   点9: 眼球外部, 距离眼球表面: 33.53mm, ✗ 超出规范
2025-08-25 02:20:43,199 - INFO -   点10: 眼球外部, 距离眼球表面: 30.29mm, ✗ 超出规范
2025-08-25 02:20:43,199 - INFO -   点11: 眼球外部, 距离眼球表面: 23.61mm, ✗ 超出规范
2025-08-25 02:20:43,199 - INFO -   点12: 眼球外部, 距离眼球表面: 14.56mm, ✗ 超出规范
2025-08-25 02:20:43,199 - INFO -   点13: 眼球外部, 距离眼球表面: 5.89mm, ✗ 超出规范
2025-08-25 02:20:43,199 - INFO -   点14: 眼球内部, 距离眼球表面: 2.76mm, ✗ 超出规范
2025-08-25 02:20:43,199 - INFO -   点15: 眼球内部, 距离眼球表面: 8.14mm, ✗ 超出规范
2025-08-25 02:20:43,199 - INFO -   点16: 眼球内部, 距离眼球表面: 10.46mm, ✗ 超出规范
2025-08-25 02:20:43,199 - INFO - 总结: right眼共21个关键点, 1个符合规范, 符合率: 4.8%
2025-08-25 02:20:43,204 - INFO - 数据质量评估: 较差
2025-08-25 02:20:43,204 - INFO - ==================================================
2025-08-25 02:20:43,204 - INFO - --------------------------------------------------
