2025-08-25 02:42:37,906 - INFO - 日志文件创建: logs\recognition_20250825_024237.log
2025-08-25 02:42:42,099 - INFO - DEBUG: self._rgb_d = False
2025-08-25 02:42:42,099 - INFO - DEBUG: 检测到 478 个关键点
2025-08-25 02:42:42,099 - INFO - DEBUG: 不使用RGB-D相机，开始修改深度图
2025-08-25 02:42:42,101 - INFO - DEBUG: _set_depth_map_without_rgb_d 开始执行
2025-08-25 02:42:42,101 - INFO - DEBUG: 输入深度图形状: (480, 640)
2025-08-25 02:42:42,101 - INFO - DEBUG: 输入深度图数据类型: float32
2025-08-25 02:42:42,101 - INFO - DEBUG: 输入深度图值范围: 600.000000 ~ 600.000000
2025-08-25 02:42:42,111 - INFO - DEBUG: 关键点数量: 478
2025-08-25 02:42:42,111 - INFO - DEBUG: 第一个关键点示例: [370.19229888916016, 306.4650821685791, -0.03592516854405403, 1.0]
2025-08-25 02:42:42,111 - INFO - DEBUG: 创建深度图副本，形状: (480, 640)
2025-08-25 02:42:42,111 - INFO - DEBUG: 关键点 0: 位置(370, 306), 原始深度: 600.000000, z值: -0.035925, 新深度: 596.407483
2025-08-25 02:42:42,111 - INFO - DEBUG: 关键点 1: 位置(366, 283), 原始深度: 600.000000, z值: -0.066884, 新深度: 593.311600
2025-08-25 02:42:42,111 - INFO - DEBUG: 关键点 2: 位置(367, 290), 原始深度: 600.000000, z值: -0.035213, 新深度: 596.478676
2025-08-25 02:42:42,111 - INFO - DEBUG: 关键点 3: 位置(358, 252), 原始深度: 600.000000, z值: -0.049364, 新深度: 595.063617
2025-08-25 02:42:42,111 - INFO - DEBUG: 关键点 4: 位置(366, 274), 原始深度: 600.000000, z值: -0.071066, 新深度: 592.893381
2025-08-25 02:42:42,111 - INFO - DEBUG: 成功修改了 478 个关键点位置的深度值
2025-08-25 02:42:42,115 - INFO - DEBUG: 修改后深度图值范围: 592.893372 ~ 613.593018
2025-08-25 02:42:42,115 - INFO - DEBUG: 深度图修改完成，原始深度图形状: (480, 640), 修改后深度图形状: (480, 640)
2025-08-25 02:42:42,115 - INFO - DEBUG: _convert_depth_to_meters: depth_scale = 0.001
2025-08-25 02:42:42,115 - INFO - DEBUG: _convert_depth_to_meters: 输入深度图值范围: 592.893372 ~ 613.593018
2025-08-25 02:42:42,117 - INFO - DEBUG: _convert_depth_to_meters: 转换后深度图值范围: 0.592893 ~ 0.613593
2025-08-25 02:42:42,117 - INFO - 坐标转换器初始化完成，相机参数：fx=450.0, fy=450.0, cx=320.0, cy=240.0
2025-08-25 02:42:42,117 - INFO - 坐标转换器初始化完成，相机参数：fx=450.0, fy=450.0, cx=320.0, cy=240.0
2025-08-25 02:42:42,117 - INFO - 坐标转换器初始化完成，相机参数：fx=450.0, fy=450.0, cx=320.0, cy=240.0
2025-08-25 02:42:42,117 - INFO - 批量转换完成：成功 4/4 个关键点
2025-08-25 02:42:42,117 - INFO - 坐标转换器初始化完成，相机参数：fx=450.0, fy=450.0, cx=320.0, cy=240.0
2025-08-25 02:42:42,117 - INFO - 批量转换完成：成功 4/4 个关键点
2025-08-25 02:42:42,117 - INFO - 坐标转换器初始化完成，相机参数：fx=450.0, fy=450.0, cx=320.0, cy=240.0
2025-08-25 02:42:42,121 - INFO - 批量转换完成：成功 16/16 个关键点
2025-08-25 02:42:42,121 - INFO - 坐标转换器初始化完成，相机参数：fx=450.0, fy=450.0, cx=320.0, cy=240.0
2025-08-25 02:42:42,121 - INFO - 批量转换完成：成功 16/16 个关键点
2025-08-25 02:42:42,121 - INFO - 坐标转换器初始化完成，相机参数：fx=450.0, fy=450.0, cx=320.0, cy=240.0
2025-08-25 02:42:42,121 - INFO - 批量转换完成：成功 10/10 个关键点
2025-08-25 02:42:42,121 - INFO - 坐标转换器初始化完成，相机参数：fx=450.0, fy=450.0, cx=320.0, cy=240.0
2025-08-25 02:42:42,121 - INFO - 批量转换完成：成功 10/10 个关键点
2025-08-25 02:42:42,121 - INFO - 坐标转换器初始化完成，相机参数：fx=450.0, fy=450.0, cx=320.0, cy=240.0
2025-08-25 02:42:42,121 - INFO - 批量转换完成：成功 10/10 个关键点
2025-08-25 02:42:42,121 - INFO - 坐标转换器初始化完成，相机参数：fx=450.0, fy=450.0, cx=320.0, cy=240.0
2025-08-25 02:42:42,121 - INFO - 批量转换完成：成功 10/10 个关键点
2025-08-25 02:42:42,141 - INFO - ==================================================
2025-08-25 02:42:42,141 - INFO - 眼动追踪数据测评
2025-08-25 02:42:42,141 - INFO - ==================================================
2025-08-25 02:42:42,141 - INFO - 瞳孔中心: 左(0.112000, -0.033333, 0.600000) | 右(0.002667, -0.022667, 0.600000)
2025-08-25 02:42:42,141 - INFO - 瞳孔中心详细坐标:
2025-08-25 02:42:42,141 - INFO -   左眼: X=0.112000, Y=-0.033333, Z=0.600000, Visibility=1.000000
2025-08-25 02:42:42,141 - INFO -   右眼: X=0.002667, Y=-0.022667, Z=0.600000, Visibility=1.000000
2025-08-25 02:42:42,141 - INFO - 虹膜边界: 左眼4个点 | 右眼4个点
2025-08-25 02:42:42,141 - INFO - 虹膜边界详细坐标:
2025-08-25 02:42:42,141 - INFO -   左眼虹膜边界点:
2025-08-25 02:42:42,141 - INFO -     点1: X=0.123261, Y=-0.033689, Z=0.600513, Visibility=1.000000
2025-08-25 02:42:42,141 - INFO -     点2: X=0.111231, Y=-0.042651, Z=0.600673, Visibility=1.000000
2025-08-25 02:42:42,141 - INFO -     点3: X=0.101834, Y=-0.031669, Z=0.600540, Visibility=1.000000
2025-08-25 02:42:42,141 - INFO -     点4: X=0.113894, Y=-0.022606, Z=0.600705, Visibility=1.000000
2025-08-25 02:42:42,141 - INFO -   右眼虹膜边界点:
2025-08-25 02:42:42,141 - INFO -     点1: X=0.013195, Y=-0.022323, Z=0.600753, Visibility=1.000000
2025-08-25 02:42:42,141 - INFO -     点2: X=0.002159, Y=-0.031275, Z=0.600421, Visibility=1.000000
2025-08-25 02:42:42,141 - INFO -     点3: X=-0.007618, Y=-0.020652, Z=0.600457, Visibility=1.000000
2025-08-25 02:42:42,141 - INFO -     点4: X=0.003511, Y=-0.011707, Z=0.600585, Visibility=1.000000
2025-08-25 02:42:42,141 - INFO - 眼睛轮廓: 左眼16个点 | 右眼16个点
2025-08-25 02:42:42,141 - INFO - 眼睛轮廓详细坐标 (显示前5个点):
2025-08-25 02:42:42,141 - INFO -   左眼轮廓点:
2025-08-25 02:42:42,141 - INFO -     点1: X=0.090105, Y=-0.025096, Z=0.600506, Visibility=1.000000
2025-08-25 02:42:42,141 - INFO -     点2: X=0.092781, Y=-0.028667, Z=0.600274, Visibility=1.000000
2025-08-25 02:42:42,141 - INFO -     点3: X=0.098860, Y=-0.034013, Z=0.600313, Visibility=1.000000
2025-08-25 02:42:42,141 - INFO -     点4: X=0.107687, Y=-0.037883, Z=0.600211, Visibility=1.000000
2025-08-25 02:42:42,141 - INFO -     点5: X=0.116759, Y=-0.039096, Z=0.600191, Visibility=1.000000
2025-08-25 02:42:42,141 - INFO -     ... 还有11个点
2025-08-25 02:42:42,141 - INFO -   右眼轮廓点:
2025-08-25 02:42:42,141 - INFO -     点1: X=-0.019668, Y=-0.018227, Z=0.601116, Visibility=1.000000
2025-08-25 02:42:42,141 - INFO -     点2: X=-0.015838, Y=-0.016062, Z=0.601637, Visibility=1.000000
2025-08-25 02:42:42,141 - INFO -     点3: X=-0.011905, Y=-0.014774, Z=0.601339, Visibility=1.000000
2025-08-25 02:42:42,141 - INFO -     点4: X=-0.006373, Y=-0.013545, Z=0.600765, Visibility=1.000000
2025-08-25 02:42:42,141 - INFO -     点5: X=0.001980, Y=-0.013125, Z=0.600354, Visibility=1.000000
2025-08-25 02:42:42,141 - INFO -     ... 还有11个点
2025-08-25 02:42:42,141 - INFO - --------------------------------------------------
2025-08-25 02:42:42,141 - INFO - 开始RANSAC球体拟合...
2025-08-25 02:42:42,141 - DEBUG - ransac_sphere_eyeball函数开始
2025-08-25 02:42:42,141 - DEBUG - key_coordinates类型: <class 'dict'>
2025-08-25 02:42:42,141 - DEBUG - center_fitter类型: <class 'function'>
2025-08-25 02:42:42,141 - DEBUG - _EyeCenterFitter.__new__: cls._instance=None
2025-08-25 02:42:42,149 - DEBUG - 创建新的单例实例
2025-08-25 02:42:42,149 - DEBUG - _EyeCenterFitter.__init__开始
2025-08-25 02:42:42,149 - DEBUG - key_coordinates类型: <class 'dict'>
2025-08-25 02:42:42,149 - DEBUG - key_coordinates键: ['pupil_center', 'iris_boundaries', 'eye_contours', 'eye_sockets', 'eyelid_points']
2025-08-25 02:42:42,149 - DEBUG - _EyeCenterFitter.__init__完成
2025-08-25 02:42:42,149 - DEBUG - _EyeCenterFitter实例创建成功
2025-08-25 02:42:42,149 - DEBUG - _update_key_coordinates开始
2025-08-25 02:42:42,149 - DEBUG - 新key_coordinates类型: <class 'dict'>
2025-08-25 02:42:42,149 - DEBUG - 新key_coordinates键: ['pupil_center', 'iris_boundaries', 'eye_contours', 'eye_sockets', 'eyelid_points']
2025-08-25 02:42:42,149 - DEBUG - pupil_center: <class 'dict'>
2025-08-25 02:42:42,149 - DEBUG -   left: <class 'numpy.ndarray'>
2025-08-25 02:42:42,149 - DEBUG -     array形状: (4,)
2025-08-25 02:42:42,149 - DEBUG -   right: <class 'numpy.ndarray'>
2025-08-25 02:42:42,149 - DEBUG -     array形状: (4,)
2025-08-25 02:42:42,149 - DEBUG - iris_boundaries: <class 'dict'>
2025-08-25 02:42:42,149 - DEBUG -   left: <class 'list'>
2025-08-25 02:42:42,149 - DEBUG -     list长度: 4
2025-08-25 02:42:42,149 - DEBUG -     第一个元素类型: <class 'numpy.ndarray'>
2025-08-25 02:42:42,149 - DEBUG -   right: <class 'list'>
2025-08-25 02:42:42,149 - DEBUG -     list长度: 4
2025-08-25 02:42:42,149 - DEBUG -     第一个元素类型: <class 'numpy.ndarray'>
2025-08-25 02:42:42,149 - DEBUG - eye_contours: <class 'dict'>
2025-08-25 02:42:42,149 - DEBUG -   left: <class 'list'>
2025-08-25 02:42:42,149 - DEBUG -     list长度: 16
2025-08-25 02:42:42,149 - DEBUG -     第一个元素类型: <class 'numpy.ndarray'>
2025-08-25 02:42:42,149 - DEBUG -   right: <class 'list'>
2025-08-25 02:42:42,149 - DEBUG -     list长度: 16
2025-08-25 02:42:42,149 - DEBUG -     第一个元素类型: <class 'numpy.ndarray'>
2025-08-25 02:42:42,149 - DEBUG - eye_sockets: <class 'dict'>
2025-08-25 02:42:42,149 - DEBUG -   left: <class 'list'>
2025-08-25 02:42:42,149 - DEBUG -     list长度: 10
2025-08-25 02:42:42,149 - DEBUG -     第一个元素类型: <class 'numpy.ndarray'>
2025-08-25 02:42:42,149 - DEBUG -   right: <class 'list'>
2025-08-25 02:42:42,149 - DEBUG -     list长度: 10
2025-08-25 02:42:42,149 - DEBUG -     第一个元素类型: <class 'numpy.ndarray'>
2025-08-25 02:42:42,149 - DEBUG - eyelid_points: <class 'dict'>
2025-08-25 02:42:42,149 - DEBUG -   left: <class 'list'>
2025-08-25 02:42:42,149 - DEBUG -     list长度: 10
2025-08-25 02:42:42,149 - DEBUG -     第一个元素类型: <class 'numpy.ndarray'>
2025-08-25 02:42:42,149 - DEBUG -   right: <class 'list'>
2025-08-25 02:42:42,149 - DEBUG -     list长度: 10
2025-08-25 02:42:42,149 - DEBUG -     第一个元素类型: <class 'numpy.ndarray'>
2025-08-25 02:42:42,149 - DEBUG - _update_key_coordinates完成
2025-08-25 02:42:42,149 - DEBUG - key_coordinates更新成功
2025-08-25 02:42:42,149 - DEBUG - ransac_sphere_eyeball开始
2025-08-25 02:42:42,149 - DEBUG - 当前trials_times: 0
2025-08-25 02:42:42,149 - DEBUG - center_fitter类型: <class 'function'>
2025-08-25 02:42:42,149 - DEBUG - _fit_one_eye开始: eye_key=left
2025-08-25 02:42:42,149 - DEBUG - 更新trials_times: 1
2025-08-25 02:42:42,149 - DEBUG - 开始提取left眼关键点坐标
2025-08-25 02:42:42,149 - DEBUG - _extract_eye_key_coordinates开始: eye_key=left
2025-08-25 02:42:42,157 - DEBUG - self._key_coordinates: {'pupil_center': {'left': array([ 0.112     , -0.03333333,  0.60000002,  1.        ]), 'right': array([ 0.00266667, -0.02266667,  0.60000002,  1.        ])}, 'iris_boundaries': {'left': [array([ 0.12326097, -0.03368935,  0.60051274,  1.        ]), array([ 0.11123149, -0.04265089,  0.60067296,  1.        ]), array([ 0.10183415, -0.03166851,  0.60054046,  1.        ]), array([ 0.11389425, -0.02260571,  0.60070503,  1.        ])], 'right': [array([ 0.0131952 , -0.02232256,  0.60075307,  1.        ]), array([ 0.0021588 , -0.03127492,  0.60042095,  1.        ]), array([-0.0076177 , -0.0206515 ,  0.60045719,  1.        ]), array([ 0.00351101, -0.01170682,  0.60058469,  1.        ])]}, 'eye_contours': {'left': [array([ 0.0901048 , -0.02509592,  0.60050559,  1.        ]), array([ 0.09278054, -0.02866675,  0.60027403,  1.        ]), array([ 0.09886017, -0.03401312,  0.60031348,  1.        ]), array([ 0.10768689, -0.03788338,  0.60021102,  1.        ]), array([ 0.11675895, -0.039096  ,  0.6001907 ,  1.        ]), array([ 0.12566363, -0.03810871,  0.60037386,  1.        ]), array([ 0.13123566, -0.03599058,  0.60085183,  1.        ]), array([ 0.1344144 , -0.034267  ,  0.60074759,  1.        ]), array([ 0.13688213, -0.03281264,  0.60069978,  1.        ]), array([ 0.13369493, -0.02968342,  0.60136014,  1.        ]), array([ 0.12993076, -0.02755016,  0.6006211 ,  1.        ]), array([ 0.12461902, -0.02539955,  0.60062969,  1.        ]), array([ 0.11624271, -0.02371335,  0.60051858,  1.        ]), array([ 0.10748556, -0.02343572,  0.60023296,  1.        ]), array([ 0.09907972, -0.02412578,  0.60064864,  1.        ]), array([ 0.09331499, -0.02435299,  0.60078537,  1.        ])], 'right': [array([-0.01966757, -0.01822708,  0.60111636,  1.        ]), array([-0.01583834, -0.01606205,  0.60163748,  1.        ]), array([-0.01190502, -0.01477421,  0.60133916,  1.        ]), array([-0.00637307, -0.01354543,  0.60076523,  1.        ]), array([ 0.00198049, -0.01312497,  0.6003536 ,  1.        ]), array([ 0.01044203, -0.01423524,  0.60041702,  1.        ]), array([ 0.01856955, -0.01629819,  0.60067505,  1.        ]), array([ 0.02411224, -0.01759083,  0.60092521,  1.        ]), array([ 0.02703668, -0.01877048,  0.60086447,  1.        ]), array([ 0.02393612, -0.02155841,  0.60082257,  1.        ]), array([ 0.01727859, -0.02517011,  0.60060787,  1.        ]), array([ 0.00817127, -0.02687827,  0.60041398,  1.        ]), array([-4.17759000e-04, -2.64725471e-02,  6.00363731e-01,  1.00000000e+00]), array([-0.00876993, -0.02429094,  0.60041523,  1.        ]), array([-0.014054  , -0.02171202,  0.60051906,  1.        ]), array([-0.01718222, -0.01984195,  0.60127836,  1.        ])]}, 'eye_sockets': {'left': [array([ 0.15809847, -0.06451686,  0.60122174,  1.        ]), array([ 0.14651117, -0.07543151,  0.60041684,  1.        ]), array([ 0.12902418, -0.08098733,  0.5997526 ,  1.        ]), array([ 0.10653756, -0.07938776,  0.59903699,  1.        ]), array([ 0.08026699, -0.07441666,  0.59866321,  1.        ]), array([ 0.07845975, -0.05749406,  0.59871048,  1.        ]), array([ 0.10564818, -0.06948132,  0.59927982,  1.        ]), array([ 0.12611234, -0.07121459,  0.59977537,  1.        ]), array([ 0.14131705, -0.06720801,  0.60019881,  1.        ]), array([ 0.15236632, -0.05870187,  0.60134047,  1.        ])], 'right': [array([-0.04488185, -0.04456435,  0.60103196,  1.        ]), array([-0.03444463, -0.05666493,  0.60048014,  1.        ]), array([-0.01832669, -0.06532758,  0.59978259,  1.        ]), array([ 0.00330976, -0.06820896,  0.5994063 ,  1.        ]), array([ 0.02872777, -0.06842143,  0.59924251,  1.        ]), array([ 0.03298853, -0.0519303 ,  0.5987196 ,  1.        ]), array([ 0.00576897, -0.05870228,  0.59923172,  1.        ]), array([-0.0139765 , -0.05644556,  0.59981823,  1.        ]), array([-0.02810833, -0.04971191,  0.60032606,  1.        ]), array([-0.03788144, -0.03965751,  0.60074127,  1.        ])]}, 'eyelid_points': {'left': [array([ 0.1733487 , -0.00339376,  0.60161591,  1.        ]), array([ 0.1559487 , -0.00154125,  0.60125566,  1.        ]), array([0.14283309, 0.00420672, 0.60074484, 1.        ]), array([0.12181266, 0.0043136 , 0.60018229, 1.        ]), array([1.05888172e-01, 7.61073111e-04, 6.00032330e-01, 1.00000000e+00]), array([ 0.09370506, -0.0037744 ,  0.59987122,  1.        ]), array([0.09041977, 0.02062326, 0.59931195, 1.        ]), array([0.10060921, 0.02827915, 0.59957856, 1.        ]), array([0.11421681, 0.03621997, 0.59946257, 1.        ]), array([0.13167609, 0.04804348, 0.59966004, 1.        ])], 'right': [array([-0.05402745,  0.01458235,  0.60290766,  1.        ]), array([-0.03496327,  0.01453247,  0.60165673,  1.        ]), array([-0.02089167,  0.0179611 ,  0.60035884,  1.        ]), array([-1.82699772e-04,  1.49035304e-02,  6.00338221e-01,  1.00000000e+00]), array([0.01488315, 0.00904903, 0.60011625, 1.        ]), array([0.02607952, 0.0025816 , 0.59992081, 1.        ]), array([0.02940943, 0.02538963, 0.59881508, 1.        ]), array([0.02023191, 0.03441234, 0.59932286, 1.        ]), array([0.00805162, 0.04433954, 0.59945923, 1.        ]), array([-0.00740592,  0.05885583,  0.59984499,  1.        ])]}}
2025-08-25 02:42:42,157 - DEBUG - 提取瞳孔中心
2025-08-25 02:42:42,157 - DEBUG - pupil_center: {'left': array([ 0.112     , -0.03333333,  0.60000002,  1.        ]), 'right': array([ 0.00266667, -0.02266667,  0.60000002,  1.        ])}
2025-08-25 02:42:42,157 - DEBUG - pupil_center类型: <class 'dict'>
2025-08-25 02:42:42,157 - DEBUG - eye_pupil: [ 0.112      -0.03333333  0.60000002  1.        ]
2025-08-25 02:42:42,157 - DEBUG - eye_pupil类型: <class 'numpy.ndarray'>
2025-08-25 02:42:42,157 - DEBUG - eye_pupil形状: (4,)
2025-08-25 02:42:42,157 - DEBUG - 提取虹膜边界
2025-08-25 02:42:42,157 - DEBUG - iris_boundaries: {'left': [array([ 0.12326097, -0.03368935,  0.60051274,  1.        ]), array([ 0.11123149, -0.04265089,  0.60067296,  1.        ]), array([ 0.10183415, -0.03166851,  0.60054046,  1.        ]), array([ 0.11389425, -0.02260571,  0.60070503,  1.        ])], 'right': [array([ 0.0131952 , -0.02232256,  0.60075307,  1.        ]), array([ 0.0021588 , -0.03127492,  0.60042095,  1.        ]), array([-0.0076177 , -0.0206515 ,  0.60045719,  1.        ]), array([ 0.00351101, -0.01170682,  0.60058469,  1.        ])]}
2025-08-25 02:42:42,157 - DEBUG - iris_boundaries类型: <class 'dict'>
2025-08-25 02:42:42,157 - DEBUG - eye_iris: [array([ 0.12326097, -0.03368935,  0.60051274,  1.        ]), array([ 0.11123149, -0.04265089,  0.60067296,  1.        ]), array([ 0.10183415, -0.03166851,  0.60054046,  1.        ]), array([ 0.11389425, -0.02260571,  0.60070503,  1.        ])]
2025-08-25 02:42:42,157 - DEBUG - eye_iris类型: <class 'list'>
2025-08-25 02:42:42,157 - DEBUG - eye_iris长度: 4
2025-08-25 02:42:42,157 - DEBUG - 第一个元素类型: <class 'numpy.ndarray'>
2025-08-25 02:42:42,157 - DEBUG - 第一个元素形状: (4,)
2025-08-25 02:42:42,165 - DEBUG - 提取眼睛轮廓
2025-08-25 02:42:42,165 - DEBUG - eye_contours: {'left': [array([ 0.0901048 , -0.02509592,  0.60050559,  1.        ]), array([ 0.09278054, -0.02866675,  0.60027403,  1.        ]), array([ 0.09886017, -0.03401312,  0.60031348,  1.        ]), array([ 0.10768689, -0.03788338,  0.60021102,  1.        ]), array([ 0.11675895, -0.039096  ,  0.6001907 ,  1.        ]), array([ 0.12566363, -0.03810871,  0.60037386,  1.        ]), array([ 0.13123566, -0.03599058,  0.60085183,  1.        ]), array([ 0.1344144 , -0.034267  ,  0.60074759,  1.        ]), array([ 0.13688213, -0.03281264,  0.60069978,  1.        ]), array([ 0.13369493, -0.02968342,  0.60136014,  1.        ]), array([ 0.12993076, -0.02755016,  0.6006211 ,  1.        ]), array([ 0.12461902, -0.02539955,  0.60062969,  1.        ]), array([ 0.11624271, -0.02371335,  0.60051858,  1.        ]), array([ 0.10748556, -0.02343572,  0.60023296,  1.        ]), array([ 0.09907972, -0.02412578,  0.60064864,  1.        ]), array([ 0.09331499, -0.02435299,  0.60078537,  1.        ])], 'right': [array([-0.01966757, -0.01822708,  0.60111636,  1.        ]), array([-0.01583834, -0.01606205,  0.60163748,  1.        ]), array([-0.01190502, -0.01477421,  0.60133916,  1.        ]), array([-0.00637307, -0.01354543,  0.60076523,  1.        ]), array([ 0.00198049, -0.01312497,  0.6003536 ,  1.        ]), array([ 0.01044203, -0.01423524,  0.60041702,  1.        ]), array([ 0.01856955, -0.01629819,  0.60067505,  1.        ]), array([ 0.02411224, -0.01759083,  0.60092521,  1.        ]), array([ 0.02703668, -0.01877048,  0.60086447,  1.        ]), array([ 0.02393612, -0.02155841,  0.60082257,  1.        ]), array([ 0.01727859, -0.02517011,  0.60060787,  1.        ]), array([ 0.00817127, -0.02687827,  0.60041398,  1.        ]), array([-4.17759000e-04, -2.64725471e-02,  6.00363731e-01,  1.00000000e+00]), array([-0.00876993, -0.02429094,  0.60041523,  1.        ]), array([-0.014054  , -0.02171202,  0.60051906,  1.        ]), array([-0.01718222, -0.01984195,  0.60127836,  1.        ])]}
2025-08-25 02:42:42,165 - DEBUG - eye_contours类型: <class 'dict'>
2025-08-25 02:42:42,165 - DEBUG - eye_contour: [array([ 0.0901048 , -0.02509592,  0.60050559,  1.        ]), array([ 0.09278054, -0.02866675,  0.60027403,  1.        ]), array([ 0.09886017, -0.03401312,  0.60031348,  1.        ]), array([ 0.10768689, -0.03788338,  0.60021102,  1.        ]), array([ 0.11675895, -0.039096  ,  0.6001907 ,  1.        ]), array([ 0.12566363, -0.03810871,  0.60037386,  1.        ]), array([ 0.13123566, -0.03599058,  0.60085183,  1.        ]), array([ 0.1344144 , -0.034267  ,  0.60074759,  1.        ]), array([ 0.13688213, -0.03281264,  0.60069978,  1.        ]), array([ 0.13369493, -0.02968342,  0.60136014,  1.        ]), array([ 0.12993076, -0.02755016,  0.6006211 ,  1.        ]), array([ 0.12461902, -0.02539955,  0.60062969,  1.        ]), array([ 0.11624271, -0.02371335,  0.60051858,  1.        ]), array([ 0.10748556, -0.02343572,  0.60023296,  1.        ]), array([ 0.09907972, -0.02412578,  0.60064864,  1.        ]), array([ 0.09331499, -0.02435299,  0.60078537,  1.        ])]
2025-08-25 02:42:42,165 - DEBUG - eye_contour类型: <class 'list'>
2025-08-25 02:42:42,165 - DEBUG - eye_contour长度: 16
2025-08-25 02:42:42,165 - DEBUG - 第一个元素类型: <class 'numpy.ndarray'>
2025-08-25 02:42:42,165 - DEBUG - 第一个元素形状: (4,)
2025-08-25 02:42:42,165 - DEBUG - _extract_eye_key_coordinates完成: {'pupil_center': array([ 0.112     , -0.03333333,  0.60000002,  1.        ]), 'iris_boundaries': [array([ 0.12326097, -0.03368935,  0.60051274,  1.        ]), array([ 0.11123149, -0.04265089,  0.60067296,  1.        ]), array([ 0.10183415, -0.03166851,  0.60054046,  1.        ]), array([ 0.11389425, -0.02260571,  0.60070503,  1.        ])], 'eye_contours': [array([ 0.0901048 , -0.02509592,  0.60050559,  1.        ]), array([ 0.09278054, -0.02866675,  0.60027403,  1.        ]), array([ 0.09886017, -0.03401312,  0.60031348,  1.        ]), array([ 0.10768689, -0.03788338,  0.60021102,  1.        ]), array([ 0.11675895, -0.039096  ,  0.6001907 ,  1.        ]), array([ 0.12566363, -0.03810871,  0.60037386,  1.        ]), array([ 0.13123566, -0.03599058,  0.60085183,  1.        ]), array([ 0.1344144 , -0.034267  ,  0.60074759,  1.        ]), array([ 0.13688213, -0.03281264,  0.60069978,  1.        ]), array([ 0.13369493, -0.02968342,  0.60136014,  1.        ]), array([ 0.12993076, -0.02755016,  0.6006211 ,  1.        ]), array([ 0.12461902, -0.02539955,  0.60062969,  1.        ]), array([ 0.11624271, -0.02371335,  0.60051858,  1.        ]), array([ 0.10748556, -0.02343572,  0.60023296,  1.        ]), array([ 0.09907972, -0.02412578,  0.60064864,  1.        ]), array([ 0.09331499, -0.02435299,  0.60078537,  1.        ])]}
2025-08-25 02:42:42,165 - DEBUG - left眼关键点坐标: {'pupil_center': array([ 0.112     , -0.03333333,  0.60000002,  1.        ]), 'iris_boundaries': [array([ 0.12326097, -0.03368935,  0.60051274,  1.        ]), array([ 0.11123149, -0.04265089,  0.60067296,  1.        ]), array([ 0.10183415, -0.03166851,  0.60054046,  1.        ]), array([ 0.11389425, -0.02260571,  0.60070503,  1.        ])], 'eye_contours': [array([ 0.0901048 , -0.02509592,  0.60050559,  1.        ]), array([ 0.09278054, -0.02866675,  0.60027403,  1.        ]), array([ 0.09886017, -0.03401312,  0.60031348,  1.        ]), array([ 0.10768689, -0.03788338,  0.60021102,  1.        ]), array([ 0.11675895, -0.039096  ,  0.6001907 ,  1.        ]), array([ 0.12566363, -0.03810871,  0.60037386,  1.        ]), array([ 0.13123566, -0.03599058,  0.60085183,  1.        ]), array([ 0.1344144 , -0.034267  ,  0.60074759,  1.        ]), array([ 0.13688213, -0.03281264,  0.60069978,  1.        ]), array([ 0.13369493, -0.02968342,  0.60136014,  1.        ]), array([ 0.12993076, -0.02755016,  0.6006211 ,  1.        ]), array([ 0.12461902, -0.02539955,  0.60062969,  1.        ]), array([ 0.11624271, -0.02371335,  0.60051858,  1.        ]), array([ 0.10748556, -0.02343572,  0.60023296,  1.        ]), array([ 0.09907972, -0.02412578,  0.60064864,  1.        ]), array([ 0.09331499, -0.02435299,  0.60078537,  1.        ])]}
2025-08-25 02:42:42,165 - DEBUG - 调用center_fitter进行拟合
2025-08-25 02:42:42,173 - DEBUG - 🆕 创建新的CenterFitter单例实例
2025-08-25 02:42:42,173 - DEBUG - CenterFitter单例初始化完成
2025-08-25 02:42:42,173 - INFO - 🔍 开始眼球拟合: trials_times=1, strategy=None
2025-08-25 02:42:42,173 - DEBUG - 🔍 对象状态检查: _initialized=True, _strategy_functions=True
2025-08-25 02:42:42,173 - DEBUG - 🔍 策略函数映射表: ['constrained_lm', 'constrained_ransac_lm', 'ellipsoid_fallback', 'fail']
2025-08-25 02:42:42,173 - INFO - 📋 数据预处理完成: 总点数=21, 平均visibility=1.000
2025-08-25 02:42:42,173 - INFO -   📍 pupil_center: 1点, 平均visibility=1.000
2025-08-25 02:42:42,173 - INFO -   📍 iris_boundaries: 4点, 平均visibility=1.000
2025-08-25 02:42:42,173 - INFO -   📍 eye_contours: 16点, 平均visibility=1.000
2025-08-25 02:42:42,175 - INFO - 📊 自动选择拟合策略: constrained_lm
2025-08-25 02:42:42,175 - INFO - 🚀 执行拟合策略: constrained_lm
2025-08-25 02:42:42,175 - DEBUG - 📊 采样数据已更新: full, 点数=21
2025-08-25 02:42:42,175 - INFO - 📊 全部采样完成: 采样点数=21
2025-08-25 02:42:42,175 - INFO - 📊 使用全部采样策略: 21个点
2025-08-25 02:42:42,175 - INFO - 🔄 开始约束LM优化...
2025-08-25 02:42:42,175 - DEBUG - 🔍 约束优化开始:
2025-08-25 02:42:42,175 - DEBUG -    目标函数: Φ(θ) = F(θ) + (1/2)λ_depth * h(θ)²
2025-08-25 02:42:42,175 - DEBUG -    数据项: F(θ) = (1/2)∑w_i(||p_i - c|| - (r + δ_i))²
2025-08-25 02:42:42,175 - DEBUG -    约束项: h(θ) = max{0, ε + z_max - c_z}
2025-08-25 02:42:42,175 - INFO - 🔧 开始参数初始化...
2025-08-25 02:42:42,175 - DEBUG - 🔍 参数初始化开始:
2025-08-25 02:42:42,175 - INFO - 🔍 虹膜边界点数量: 4
2025-08-25 02:42:42,175 - DEBUG -    虹膜点数据:
2025-08-25 02:42:42,175 - DEBUG -      形状: (4, 3)
2025-08-25 02:42:42,175 - DEBUG -      前3个点: [[ 0.12326097 -0.03368935  0.60051274]
 [ 0.11123149 -0.04265089  0.60067296]
 [ 0.10183415 -0.03166851  0.60054046]]
2025-08-25 02:42:42,175 - DEBUG -      所有点: [[ 0.12326097 -0.03368935  0.60051274]
 [ 0.11123149 -0.04265089  0.60067296]
 [ 0.10183415 -0.03166851  0.60054046]
 [ 0.11389425 -0.02260571  0.60070503]]
2025-08-25 02:42:42,175 - DEBUG -    随机选择3个点，索引: [0 2 3]
2025-08-25 02:42:42,175 - DEBUG -    选中的点:
2025-08-25 02:42:42,175 - DEBUG -      形状: (3, 3)
2025-08-25 02:42:42,180 - DEBUG -      坐标: [[ 0.12326097 -0.03368935  0.60051274]
 [ 0.10183415 -0.03166851  0.60054046]
 [ 0.11389425 -0.02260571  0.60070503]]
2025-08-25 02:42:42,180 - INFO - 🔧 开始2D圆拟合...
2025-08-25 02:42:42,180 - DEBUG - 🔍 2D圆拟合开始:
2025-08-25 02:42:42,180 - DEBUG -    输入点: [[ 0.12326097 -0.03368935  0.60051274]
 [ 0.10183415 -0.03166851  0.60054046]
 [ 0.11389425 -0.02260571  0.60070503]]
2025-08-25 02:42:42,180 - DEBUG -    点数量: 3
2025-08-25 02:42:42,180 - DEBUG -    坐标提取:
2025-08-25 02:42:42,180 - DEBUG -      X坐标: [0.12326097 0.10183415 0.11389425]
2025-08-25 02:42:42,182 - DEBUG -      Y坐标: [-0.03368935 -0.03166851 -0.02260571]
2025-08-25 02:42:42,182 - DEBUG -    线性方程组:
2025-08-25 02:42:42,182 - DEBUG -      系数矩阵 A:
[[ 0.24652193 -0.0673787   1.        ]
 [ 0.2036683  -0.06333703  1.        ]
 [ 0.22778851 -0.04521141  1.        ]]
2025-08-25 02:42:42,182 - DEBUG -      常数向量 b: [[0.01632824]
 [0.01137309]
 [0.01348292]]
2025-08-25 02:42:42,182 - DEBUG -    线性方程组求解结果:
2025-08-25 02:42:42,182 - DEBUG -      解向量: [[ 0.1124897 ]
 [-0.03329238]
 [-0.01364614]]
2025-08-25 02:42:42,182 - DEBUG -    圆心和半径计算:
2025-08-25 02:42:42,182 - DEBUG -      圆心X坐标: 0.112490
2025-08-25 02:42:42,182 - DEBUG -      圆心Y坐标: -0.033292
2025-08-25 02:42:42,182 - DEBUG -      圆心: [ 0.1124897  -0.03329238]
2025-08-25 02:42:42,182 - DEBUG -      常数c: -0.013646
2025-08-25 02:42:42,182 - DEBUG -      半径: 0.010779
2025-08-25 02:42:42,182 - DEBUG -    2D圆拟合成功:
2025-08-25 02:42:42,182 - DEBUG -      圆心: [ 0.1124897  -0.03329238]
2025-08-25 02:42:42,182 - DEBUG -      半径: 0.010779
2025-08-25 02:42:42,182 - DEBUG -    2D圆拟合结果:
2025-08-25 02:42:42,182 - DEBUG -      圆心: [ 0.1124897  -0.03329238]
2025-08-25 02:42:42,182 - DEBUG -      半径: 0.010779
2025-08-25 02:42:42,182 - DEBUG -    解剖学约束:
2025-08-25 02:42:42,182 - DEBUG -      虹膜到表面最小距离: 0.000500
2025-08-25 02:42:42,182 - DEBUG -      虹膜到表面最大距离: 0.001200
2025-08-25 02:42:42,182 - DEBUG -    半径计算:
2025-08-25 02:42:42,182 - DEBUG -      默认半径: 0.012000
2025-08-25 02:42:42,182 - DEBUG -      中值距离: 0.000850
2025-08-25 02:42:42,182 - DEBUG -      中值距离+半径 d: 0.012850
2025-08-25 02:42:42,182 - INFO - 🔍 中值距离+半径: 0.013m，2D半径: 0.011m，使用虹膜深度偏移
2025-08-25 02:42:42,182 - DEBUG -    勾股定理计算深度偏移: z = sqrt(0.012850² - 0.010779²) = 0.006996
2025-08-25 02:42:42,182 - DEBUG -    3D球心计算:
2025-08-25 02:42:42,182 - DEBUG -      虹膜点平均Z坐标: 0.600586
2025-08-25 02:42:42,182 - DEBUG -      深度偏移: 0.006996
2025-08-25 02:42:42,182 - DEBUG -      3D球心: [ 0.1124897  -0.03329238  0.60758213]
2025-08-25 02:42:42,182 - DEBUG -    最终初始化参数:
2025-08-25 02:42:42,182 - DEBUG -      球心: [ 0.1124897  -0.03329238  0.60758213]
2025-08-25 02:42:42,182 - DEBUG -      半径: 0.012000
2025-08-25 02:42:42,182 - INFO - 📍 初始中心点: (0.112, -0.033, 0.608)
2025-08-25 02:42:42,182 - INFO - 📏 初始半径: 0.012m
2025-08-25 02:42:42,182 - INFO - ⚙️ 创建约束LM优化器...
2025-08-25 02:42:42,182 - DEBUG - 🔍 约束LM优化器初始化:
2025-08-25 02:42:42,182 - DEBUG -    初始球心: [ 0.1124897  -0.03329238  0.60758213]
2025-08-25 02:42:42,182 - DEBUG -    初始半径: 0.012000
2025-08-25 02:42:42,182 - DEBUG -    参数向量 θ: [[ 0.1124897 ]
 [-0.03329238]
 [ 0.60758213]
 [ 0.012     ]]
2025-08-25 02:42:42,182 - DEBUG -    样本数量: 21
2025-08-25 02:42:42,182 - DEBUG -    LM配置: LMAlgorithmConfig(lambda_lm=0.01, lambda_factor=10.0, min_lambda=1e-08, max_lambda=100000000.0, max_iterations=30, param_tolerance=5e-06, residual_tolerance=5e-06, max_step=0.01, geometric_weight_factor=10, residual_error_tolerance=0.0005)
2025-08-25 02:42:42,182 - DEBUG -    约束配置: ConstraintConfig(lambda_depth=1000.0, lambda_radius=10.0, radius_prior=0.012, depth_offset_epsilon=0.0002, softplus_tau=0.001, constraint_penalty_factor=1000.0)
2025-08-25 02:42:42,190 - INFO - 🔄 约束LM优化开始: 最大迭代次数=30
2025-08-25 02:42:42,190 - DEBUG - 🔍 优化开始状态:
2025-08-25 02:42:42,190 - DEBUG -    当前参数: [[ 0.1124897 ]
 [-0.03329238]
 [ 0.60758213]
 [ 0.012     ]]
2025-08-25 02:42:42,190 - DEBUG -    当前球心: [ 0.1124897  -0.03329238  0.60758213]
2025-08-25 02:42:42,190 - DEBUG -    当前半径: 0.012000
2025-08-25 02:42:42,190 - DEBUG -    最大迭代次数: 30
2025-08-25 02:42:42,190 - DEBUG - 🔍 迭代 1/30:
2025-08-25 02:42:42,190 - DEBUG - 🔍 计算点到球心距离: 形状=(21,)
2025-08-25 02:42:42,190 - DEBUG - 🔍 生理偏差向量计算:
2025-08-25 02:42:42,190 - DEBUG -    点类型列表: ['pupil_center', 'iris_boundaries', 'iris_boundaries', 'iris_boundaries', 'iris_boundaries', 'eye_contours', 'eye_contours', 'eye_contours', 'eye_contours', 'eye_contours', 'eye_contours', 'eye_contours', 'eye_contours', 'eye_contours', 'eye_contours', 'eye_contours', 'eye_contours', 'eye_contours', 'eye_contours', 'eye_contours', 'eye_contours']
2025-08-25 02:42:42,190 - DEBUG -    偏差向量: [0.0002  0.00085 0.00085 0.00085 0.00085 0.0015  0.0015  0.0015  0.0015
 0.0015  0.0015  0.0015  0.0015  0.0015  0.0015  0.0015  0.0015  0.0015
 0.0015  0.0015  0.0015 ]
2025-08-25 02:42:42,190 - DEBUG -    向量形状: (21,)
2025-08-25 02:42:42,190 - DEBUG -    偏差统计: 均值=0.001314, 标准差=0.000356
2025-08-25 02:42:42,190 - DEBUG - 获取生理偏差: 点类型=['pupil_center', 'iris_boundaries', 'iris_boundaries', 'iris_boundaries', 'iris_boundaries', 'eye_contours', 'eye_contours', 'eye_contours', 'eye_contours', 'eye_contours', 'eye_contours', 'eye_contours', 'eye_contours', 'eye_contours', 'eye_contours', 'eye_contours', 'eye_contours', 'eye_contours', 'eye_contours', 'eye_contours', 'eye_contours'], 偏差值=[0.0002  0.00085 0.00085 0.00085 0.00085 0.0015  0.0015  0.0015  0.0015
 0.0015  0.0015  0.0015  0.0015  0.0015  0.0015  0.0015  0.0015  0.0015
 0.0015  0.0015  0.0015 ]
2025-08-25 02:42:42,190 - INFO - -----------------------------------------------------------------------------------
2025-08-25 02:42:42,190 - DEBUG - 🔍 拟合残差计算详情:
2025-08-25 02:42:42,190 - DEBUG -    球心坐标: [ 0.1124897  -0.03329238  0.60758213]
2025-08-25 02:42:42,190 - DEBUG -    球体半径: 0.012000
2025-08-25 02:42:42,190 - DEBUG -    采样点数: 21
2025-08-25 02:42:42,190 - DEBUG -    点类型分布: {'eye_contours': 16, 'iris_boundaries': 4, 'pupil_center': 1}
2025-08-25 02:42:42,190 - DEBUG -    理论距离向量: [0.0122  0.01285 0.01285 0.01285 0.01285 0.0135  0.0135  0.0135  0.0135
 0.0135  0.0135  0.0135  0.0135  0.0135  0.0135  0.0135  0.0135  0.0135
 0.0135  0.0135  0.0135 ]
2025-08-25 02:42:42,190 - DEBUG -    实际距离向量: [0.00759801 0.01289007 0.01170049 0.01287489 0.01278563 0.0248665
 0.02152338 0.0154634  0.00992359 0.01032191 0.0157705  0.02009945
 0.02298594 0.02534931 0.02239195 0.0196372  0.0160547  0.01247944
 0.01327424 0.01766146 0.02222112]
2025-08-25 02:42:42,190 - DEBUG -    生理偏差向量: [0.0002  0.00085 0.00085 0.00085 0.00085 0.0015  0.0015  0.0015  0.0015
 0.0015  0.0015  0.0015  0.0015  0.0015  0.0015  0.0015  0.0015  0.0015
 0.0015  0.0015  0.0015 ]
2025-08-25 02:42:42,190 - DEBUG -    残差向量 f(θ): 
[[-4.60198587e-03]
 [ 4.00725041e-05]
 [-1.14950576e-03]
 [ 2.48928077e-05]
 [-6.43723606e-05]
 [ 1.13665045e-02]
 [ 8.02337647e-03]
 [ 1.96340429e-03]
 [-3.57641477e-03]
 [-3.17809372e-03]
 [ 2.27049845e-03]
 [ 6.59945252e-03]
 [ 9.48593689e-03]
 [ 1.18493050e-02]
 [ 8.89194626e-03]
 [ 6.13719578e-03]
 [ 2.55470432e-03]
 [-1.02055885e-03]
 [-2.25763962e-04]
 [ 4.16146077e-03]
 [ 8.72111898e-03]]
2025-08-25 02:42:42,190 - DEBUG -    平均残差范数: 0.001295
2025-08-25 02:42:42,190 - DEBUG -    残差范数=0.027196
2025-08-25 02:42:42,190 - INFO - -----------------------------------------------------------------------------------
2025-08-25 02:42:42,190 - DEBUG - 🔍 深度约束计算详情 (softplus):
2025-08-25 02:42:42,190 - DEBUG -    采样点Z坐标范围: [0.600000, 0.601360]
2025-08-25 02:42:42,190 - DEBUG -    球心Z坐标: 0.607582
2025-08-25 02:42:42,190 - DEBUG -    深度偏移ε: 0.000200
2025-08-25 02:42:42,190 - DEBUG -    softplus参数τ: 0.001000
2025-08-25 02:42:42,190 - DEBUG -    原始违反值: -0.006022
2025-08-25 02:42:42,190 - DEBUG -    softplus输入 u: -6.021988
2025-08-25 02:42:42,190 - DEBUG -    约束惩罚 h(θ): 0.000002
2025-08-25 02:42:42,198 - DEBUG -    🟢 深度约束满足: 球心深度足够
2025-08-25 02:42:42,198 - INFO - -----------------------------------------------------------------------------------
2025-08-25 02:42:42,198 - DEBUG - 🔍 半径惩罚计算详情:
2025-08-25 02:42:42,198 - DEBUG -    当前半径: 0.012000
2025-08-25 02:42:42,198 - DEBUG -    半径先验值: 0.012000
2025-08-25 02:42:42,198 - DEBUG -    半径残差 r(θ): 0.000000
2025-08-25 02:42:42,198 - DEBUG -    数据残差 f(θ): [[-4.60198587e-03]
 [ 4.00725041e-05]
 [-1.14950576e-03]
 [ 2.48928077e-05]
 [-6.43723606e-05]
 [ 1.13665045e-02]
 [ 8.02337647e-03]
 [ 1.96340429e-03]
 [-3.57641477e-03]
 [-3.17809372e-03]
 [ 2.27049845e-03]
 [ 6.59945252e-03]
 [ 9.48593689e-03]
 [ 1.18493050e-02]
 [ 8.89194626e-03]
 [ 6.13719578e-03]
 [ 2.55470432e-03]
 [-1.02055885e-03]
 [-2.25763962e-04]
 [ 4.16146077e-03]
 [ 8.72111898e-03]]
2025-08-25 02:42:42,198 - DEBUG -    约束残差 g(θ): [[2.4219089e-06]]
2025-08-25 02:42:42,198 - DEBUG -    半径残差 r(θ): [[0.]]
2025-08-25 02:42:42,198 - DEBUG - 🔍 首次迭代，无历史状态可比较
2025-08-25 02:42:42,198 - INFO - -----------------------------------------------------------------------------------
2025-08-25 02:42:42,198 - DEBUG - 🔍 权重管理器状态更新详情:
2025-08-25 02:42:42,198 - DEBUG -    当前迭代: 0
2025-08-25 02:42:42,198 - DEBUG -    参数变化: 0.000000 (阈值: 0.000005)
2025-08-25 02:42:42,198 - DEBUG -    残差变化: 0.000000 (阈值: 0.000005)
2025-08-25 02:42:42,198 - DEBUG -    几何权重因子: 10
2025-08-25 02:42:42,198 - DEBUG - ⏸️ 保持图像置信度权重: 参数变化=0.00e+00, 残差变化=0.00e+00
2025-08-25 02:42:42,198 - DEBUG - 状态已保存: 参数=[ 0.1124897  -0.03329238  0.60758213  0.012     ], 残差范数=0.027196
2025-08-25 02:42:42,198 - DEBUG - 🔍 获取visibility信息: 形状=(21,), 范围=[1.000, 1.000]
2025-08-25 02:42:42,198 - DEBUG - 🔧 设置图像置信度权重: 21个点
2025-08-25 02:42:42,198 - DEBUG - 🔍 开始计算权重矩阵:
2025-08-25 02:42:42,198 - DEBUG -    点类型: ['pupil_center', 'iris_boundaries', 'iris_boundaries', 'iris_boundaries', 'iris_boundaries', 'eye_contours', 'eye_contours', 'eye_contours', 'eye_contours', 'eye_contours', 'eye_contours', 'eye_contours', 'eye_contours', 'eye_contours', 'eye_contours', 'eye_contours', 'eye_contours', 'eye_contours', 'eye_contours', 'eye_contours', 'eye_contours']
2025-08-25 02:42:42,198 - DEBUG -    残差向量: 形状=(21,), 范数=0.027196
2025-08-25 02:42:42,198 - DEBUG -    Visibility: 形状=(21,), 均值=1.000
2025-08-25 02:42:42,198 - DEBUG - 🔍 权重矩阵计算成功: 形状=(21, 21)
2025-08-25 02:42:42,198 - DEBUG - 🔍 几何权重统计:
2025-08-25 02:42:42,198 - DEBUG -    权重向量: [[1.]
 [1.]
 [1.]
 [1.]
 [1.]
 [1.]
 [1.]
 [1.]
 [1.]
 [1.]
 [1.]
 [1.]
 [1.]
 [1.]
 [1.]
 [1.]
 [1.]
 [1.]
 [1.]
 [1.]
 [1.]]
2025-08-25 02:42:42,198 - DEBUG -    权重范围: [1.000000, 1.000000]
2025-08-25 02:42:42,198 - DEBUG -    权重均值: 1.000000
2025-08-25 02:42:42,198 - DEBUG -    权重标准差: 0.000000
2025-08-25 02:42:42,198 - DEBUG -    高权重点(>0.8): 21/21
2025-08-25 02:42:42,198 - DEBUG -    低权重点(<0.2): 0/21
2025-08-25 02:42:42,198 - INFO - -----------------------------------------------------------------------------------
2025-08-25 02:42:42,203 - DEBUG - 🔍 开始求解LM更新方程:
2025-08-25 02:42:42,203 - DEBUG -    数据残差: 形状=(21,), 范数=0.027196
2025-08-25 02:42:42,203 - DEBUG -    约束残差: 形状=(1,), 范数=0.000002
2025-08-25 02:42:42,203 - DEBUG - 🔍 计算数据残差雅可比矩阵 J_f: 形状=(21, 4)
2025-08-25 02:42:42,203 - DEBUG - 🔍 J_f矩阵计算完成: 条件数=7.44e+00
2025-08-25 02:42:42,203 - DEBUG - 🔍 深度约束雅可比计算: u=-6.021988, σ=0.002419, J_h=[[ 0.          0.         -0.00241898  0.        ]]
2025-08-25 02:42:42,203 - DEBUG - 🔍 半径先验雅可比: J_r=[[0. 0. 0. 1.]]
2025-08-25 02:42:42,203 - DEBUG - 🔍 使用几何权重矩阵: 形状=(21, 21)
2025-08-25 02:42:42,203 - DEBUG - 🔍 Hessian矩阵计算:
2025-08-25 02:42:42,203 - DEBUG -    H_data = J_f^T W J_f: 形状=(4, 4), 条件数=5.53e+01
2025-08-25 02:42:42,203 - DEBUG -    H_h = λ_depth J_h^T J_h: 形状=(4, 4), λ_depth=1000.0
2025-08-25 02:42:42,203 - DEBUG -    H_r = λ_radius J_r^T J_r: 形状=(4, 4), λ_radius=10.0
2025-08-25 02:42:42,206 - DEBUG -    H_total: 形状=(4, 4), 条件数=1.74e+01
2025-08-25 02:42:42,206 - DEBUG - 🔍 梯度计算:
2025-08-25 02:42:42,206 - DEBUG -    g_data: 形状=(4,), 范数=0.073573
2025-08-25 02:42:42,206 - DEBUG -    g_h: 形状=(4,), 范数=0.000006
2025-08-25 02:42:42,206 - DEBUG -    g_r: 形状=(4,), 范数=0.000000
2025-08-25 02:42:42,206 - DEBUG -    g_total: 形状=(4,), 范数=0.073575
2025-08-25 02:42:42,206 - DEBUG - 🔍 初始化LM阻尼因子: λ_LM = 0.01
2025-08-25 02:42:42,206 - DEBUG - 🔍 LM阻尼矩阵: H_lm = H_total + 0.01 * I
2025-08-25 02:42:42,206 - DEBUG -    H_lm条件数: 1.74e+01
2025-08-25 02:42:42,206 - DEBUG - 🔍 线性方程组求解成功:
2025-08-25 02:42:42,206 - DEBUG -    参数更新向量 Δθ: [[-0.00121692]
 [-0.00325752]
 [-0.00286404]
 [ 0.00279421]]
2025-08-25 02:42:42,206 - DEBUG -    更新向量范数: 0.005301
2025-08-25 02:42:42,206 - DEBUG -    各分量更新: Δc_x=-0.001217, Δc_y=-0.003258, Δc_z=-0.002864, Δr=0.002794
2025-08-25 02:42:42,206 - DEBUG -    参数更新:
2025-08-25 02:42:42,206 - DEBUG -      旧参数: [[ 0.1124897 ]
 [-0.03329238]
 [ 0.60758213]
 [ 0.012     ]]
2025-08-25 02:42:42,206 - DEBUG -      更新向量: [[-0.00121692]
 [-0.00325752]
 [-0.00286404]
 [ 0.00279421]]
2025-08-25 02:42:42,206 - DEBUG -      新参数: [[ 0.11127278]
 [-0.0365499 ]
 [ 0.60471809]
 [ 0.01479421]]
2025-08-25 02:42:42,206 - INFO - -----------------------------------------------------------------------------------
2025-08-25 02:42:42,206 - INFO - 🔍 迭代第0次，球心向右1.216923mm，向上3.257518mm，向前2.864039mm，半径变大2.794206mm
2025-08-25 02:42:42,206 - INFO - 📊 变化前: 中心(0.112, -0.033, 0.608), 半径12.00mm
2025-08-25 02:42:42,206 - INFO - 📊 变化后: 中心(0.111, -0.037, 0.605), 半径14.79mm
2025-08-25 02:42:42,206 - INFO - 📈 变化量: 中心移动3.48mm, 半径变化2.79mm
2025-08-25 02:42:42,206 - INFO - 📍 眼球中心: [ 0.1124897  -0.03329238  0.60758213]
2025-08-25 02:42:42,206 - INFO - 📏 眼球半径: 12.00mm
2025-08-25 02:42:42,206 - INFO - 👁️ 瞳孔中心: [ 0.112      -0.03333333  0.60000002]
2025-08-25 02:42:42,206 - INFO - 📐 眼球中心在瞳孔中心的右0.49mm，下0.04mm，后7.58mm
2025-08-25 02:42:42,206 - INFO - 📏 距离: 7.60mm
2025-08-25 02:42:42,206 - INFO - -----------------------------------------------------------------------------------
2025-08-25 02:42:42,206 - INFO - -----------------------------------------------------------------------------------
2025-08-25 02:42:42,206 - DEBUG - 🔍 参数有效性检查:
2025-08-25 02:42:42,206 - DEBUG -    参数向量: [[ 0.11127278]
 [-0.0365499 ]
 [ 0.60471809]
 [ 0.01479421]]
2025-08-25 02:42:42,206 - DEBUG -    球心: [ 0.11127278 -0.0365499   0.60471809]
2025-08-25 02:42:42,206 - DEBUG -    半径: 0.014794
2025-08-25 02:42:42,206 - DEBUG - 🔍 初始化函数值 Φ(θ): 0.000370
2025-08-25 02:42:42,206 - DEBUG - 🔍 参数有效: True
2025-08-25 02:42:42,206 - DEBUG -    参数更新成功:
2025-08-25 02:42:42,206 - DEBUG -      新球心: [ 0.11127278 -0.0365499   0.60471809]
2025-08-25 02:42:42,206 - DEBUG -      新半径: 0.014794
2025-08-25 02:42:42,206 - INFO - -----------------------------------------------------------------------------------
2025-08-25 02:42:42,206 - DEBUG - 🔍 LM收敛性检查:
2025-08-25 02:42:42,206 - DEBUG -    当前迭代次数: 0
2025-08-25 02:42:42,206 - DEBUG -    最大迭代次数: 30
2025-08-25 02:42:42,206 - DEBUG -    参数变化: 0.005301
2025-08-25 02:42:42,206 - DEBUG -    参数容忍度: 5e-06
2025-08-25 02:42:42,206 - DEBUG -    残差变化: 0.000000
2025-08-25 02:42:42,206 - DEBUG -    残差容忍度: 5e-06
2025-08-25 02:42:42,206 - DEBUG - 🔍 迭代 2/30:
2025-08-25 02:42:42,214 - DEBUG - 🔍 计算点到球心距离: 形状=(21,)
2025-08-25 02:42:42,214 - DEBUG - 🔍 生理偏差向量计算:
2025-08-25 02:42:42,214 - DEBUG -    点类型列表: ['pupil_center', 'iris_boundaries', 'iris_boundaries', 'iris_boundaries', 'iris_boundaries', 'eye_contours', 'eye_contours', 'eye_contours', 'eye_contours', 'eye_contours', 'eye_contours', 'eye_contours', 'eye_contours', 'eye_contours', 'eye_contours', 'eye_contours', 'eye_contours', 'eye_contours', 'eye_contours', 'eye_contours', 'eye_contours']
2025-08-25 02:42:42,215 - DEBUG -    偏差向量: [0.0002  0.00085 0.00085 0.00085 0.00085 0.0015  0.0015  0.0015  0.0015
 0.0015  0.0015  0.0015  0.0015  0.0015  0.0015  0.0015  0.0015  0.0015
 0.0015  0.0015  0.0015 ]
2025-08-25 02:42:42,216 - DEBUG -    向量形状: (21,)
2025-08-25 02:42:42,216 - DEBUG -    偏差统计: 均值=0.001314, 标准差=0.000356
2025-08-25 02:42:42,216 - DEBUG - 获取生理偏差: 点类型=['pupil_center', 'iris_boundaries', 'iris_boundaries', 'iris_boundaries', 'iris_boundaries', 'eye_contours', 'eye_contours', 'eye_contours', 'eye_contours', 'eye_contours', 'eye_contours', 'eye_contours', 'eye_contours', 'eye_contours', 'eye_contours', 'eye_contours', 'eye_contours', 'eye_contours', 'eye_contours', 'eye_contours', 'eye_contours'], 偏差值=[0.0002  0.00085 0.00085 0.00085 0.00085 0.0015  0.0015  0.0015  0.0015
 0.0015  0.0015  0.0015  0.0015  0.0015  0.0015  0.0015  0.0015  0.0015
 0.0015  0.0015  0.0015 ]
2025-08-25 02:42:42,217 - INFO - -----------------------------------------------------------------------------------
2025-08-25 02:42:42,217 - DEBUG - 🔍 拟合残差计算详情:
2025-08-25 02:42:42,217 - DEBUG -    球心坐标: [ 0.11127278 -0.0365499   0.60471809]
2025-08-25 02:42:42,217 - DEBUG -    球体半径: 0.014794
2025-08-25 02:42:42,217 - DEBUG -    采样点数: 21
2025-08-25 02:42:42,218 - DEBUG -    点类型分布: {'eye_contours': 16, 'iris_boundaries': 4, 'pupil_center': 1}
2025-08-25 02:42:42,218 - DEBUG -    理论距离向量: [0.01499421 0.01564421 0.01564421 0.01564421 0.01564421 0.01629421
 0.01629421 0.01629421 0.01629421 0.01629421 0.01629421 0.01629421
 0.01629421 0.01629421 0.01629421 0.01629421 0.01629421 0.01629421
 0.01629421 0.01629421 0.01629421]
2025-08-25 02:42:42,218 - DEBUG -    实际距离向量: [0.00575633 0.01302246 0.00732031 0.01141789 0.01474508 0.02443403
 0.02058777 0.013413   0.00591189 0.007555   0.01511287 0.02034152
 0.02359049 0.0261907  0.02368918 0.02111636 0.01786526 0.01439142
 0.01436805 0.01787707 0.02206157]
2025-08-25 02:42:42,218 - DEBUG -    生理偏差向量: [0.0002  0.00085 0.00085 0.00085 0.00085 0.0015  0.0015  0.0015  0.0015
 0.0015  0.0015  0.0015  0.0015  0.0015  0.0015  0.0015  0.0015  0.0015
 0.0015  0.0015  0.0015 ]
2025-08-25 02:42:42,218 - DEBUG -    残差向量 f(θ): 
[[-0.00923788]
 [-0.00262175]
 [-0.00832389]
 [-0.00422632]
 [-0.00089913]
 [ 0.00813983]
 [ 0.00429357]
 [-0.0028812 ]
 [-0.01038232]
 [-0.00873921]
 [-0.00118134]
 [ 0.00404731]
 [ 0.00729628]
 [ 0.00989649]
 [ 0.00739497]
 [ 0.00482216]
 [ 0.00157105]
 [-0.00190279]
 [-0.00192615]
 [ 0.00158286]
 [ 0.00576737]]
2025-08-25 02:42:42,218 - DEBUG -    平均残差范数: 0.001304
2025-08-25 02:42:42,218 - DEBUG -    残差范数=0.027382
2025-08-25 02:42:42,218 - INFO - -----------------------------------------------------------------------------------
2025-08-25 02:42:42,218 - DEBUG - 🔍 深度约束计算详情 (softplus):
2025-08-25 02:42:42,218 - DEBUG -    采样点Z坐标范围: [0.600000, 0.601360]
2025-08-25 02:42:42,218 - DEBUG -    球心Z坐标: 0.604718
2025-08-25 02:42:42,218 - DEBUG -    深度偏移ε: 0.000200
2025-08-25 02:42:42,218 - DEBUG -    softplus参数τ: 0.001000
2025-08-25 02:42:42,218 - DEBUG -    原始违反值: -0.003158
2025-08-25 02:42:42,218 - DEBUG -    softplus输入 u: -3.157949
2025-08-25 02:42:42,218 - DEBUG -    约束惩罚 h(θ): 0.000042
2025-08-25 02:42:42,218 - DEBUG -    🟢 深度约束满足: 球心深度足够
2025-08-25 02:42:42,218 - INFO - -----------------------------------------------------------------------------------
2025-08-25 02:42:42,218 - DEBUG - 🔍 半径惩罚计算详情:
2025-08-25 02:42:42,218 - DEBUG -    当前半径: 0.014794
2025-08-25 02:42:42,218 - DEBUG -    半径先验值: 0.012000
2025-08-25 02:42:42,222 - DEBUG -    半径残差 r(θ): 0.002794
2025-08-25 02:42:42,222 - DEBUG -    数据残差 f(θ): [[-0.00923788]
 [-0.00262175]
 [-0.00832389]
 [-0.00422632]
 [-0.00089913]
 [ 0.00813983]
 [ 0.00429357]
 [-0.0028812 ]
 [-0.01038232]
 [-0.00873921]
 [-0.00118134]
 [ 0.00404731]
 [ 0.00729628]
 [ 0.00989649]
 [ 0.00739497]
 [ 0.00482216]
 [ 0.00157105]
 [-0.00190279]
 [-0.00192615]
 [ 0.00158286]
 [ 0.00576737]]
2025-08-25 02:42:42,222 - DEBUG -    约束残差 g(θ): [[4.16340098e-05]]
2025-08-25 02:42:42,222 - DEBUG -    半径残差 r(θ): [[0.00279421]]
2025-08-25 02:42:42,222 - DEBUG - 🔍 状态变化计算: 参数变化=0.005301, 残差变化=0.000186
2025-08-25 02:42:42,222 - INFO - -----------------------------------------------------------------------------------
2025-08-25 02:42:42,222 - DEBUG - 🔍 权重管理器状态更新详情:
2025-08-25 02:42:42,222 - DEBUG -    当前迭代: 1
2025-08-25 02:42:42,222 - DEBUG -    参数变化: 0.005301 (阈值: 0.000005)
2025-08-25 02:42:42,222 - DEBUG -    残差变化: 0.000186 (阈值: 0.000005)
2025-08-25 02:42:42,222 - DEBUG -    几何权重因子: 10
2025-08-25 02:42:42,222 - DEBUG - ⏸️ 保持图像置信度权重: 参数变化=5.30e-03, 残差变化=1.86e-04
2025-08-25 02:42:42,222 - DEBUG - 状态已保存: 参数=[ 0.11127278 -0.0365499   0.60471809  0.01479421], 残差范数=0.027382
2025-08-25 02:42:42,222 - DEBUG - 🔍 获取visibility信息: 形状=(21,), 范围=[1.000, 1.000]
2025-08-25 02:42:42,222 - DEBUG - 🔧 设置图像置信度权重: 21个点
2025-08-25 02:42:42,222 - DEBUG - 🔍 开始计算权重矩阵:
2025-08-25 02:42:42,222 - DEBUG -    点类型: ['pupil_center', 'iris_boundaries', 'iris_boundaries', 'iris_boundaries', 'iris_boundaries', 'eye_contours', 'eye_contours', 'eye_contours', 'eye_contours', 'eye_contours', 'eye_contours', 'eye_contours', 'eye_contours', 'eye_contours', 'eye_contours', 'eye_contours', 'eye_contours', 'eye_contours', 'eye_contours', 'eye_contours', 'eye_contours']
2025-08-25 02:42:42,222 - DEBUG -    残差向量: 形状=(21,), 范数=0.027382
2025-08-25 02:42:42,222 - DEBUG -    Visibility: 形状=(21,), 均值=1.000
2025-08-25 02:42:42,222 - DEBUG - 🔍 权重矩阵计算成功: 形状=(21, 21)
2025-08-25 02:42:42,222 - DEBUG - 🔍 几何权重统计:
2025-08-25 02:42:42,222 - DEBUG -    权重向量: [[1.]
 [1.]
 [1.]
 [1.]
 [1.]
 [1.]
 [1.]
 [1.]
 [1.]
 [1.]
 [1.]
 [1.]
 [1.]
 [1.]
 [1.]
 [1.]
 [1.]
 [1.]
 [1.]
 [1.]
 [1.]]
2025-08-25 02:42:42,222 - DEBUG -    权重范围: [1.000000, 1.000000]
2025-08-25 02:42:42,222 - DEBUG -    权重均值: 1.000000
2025-08-25 02:42:42,222 - DEBUG -    权重标准差: 0.000000
2025-08-25 02:42:42,222 - DEBUG -    高权重点(>0.8): 21/21
2025-08-25 02:42:42,222 - DEBUG -    低权重点(<0.2): 0/21
2025-08-25 02:42:42,222 - INFO - -----------------------------------------------------------------------------------
2025-08-25 02:42:42,222 - DEBUG - 🔍 开始求解LM更新方程:
2025-08-25 02:42:42,222 - DEBUG -    数据残差: 形状=(21,), 范数=0.027382
2025-08-25 02:42:42,222 - DEBUG -    约束残差: 形状=(1,), 范数=0.000042
2025-08-25 02:42:42,222 - DEBUG - 🔍 计算数据残差雅可比矩阵 J_f: 形状=(21, 4)
2025-08-25 02:42:42,222 - DEBUG - 🔍 J_f矩阵计算完成: 条件数=7.12e+00
2025-08-25 02:42:42,222 - DEBUG - 🔍 深度约束雅可比计算: u=-3.157949, σ=0.040779, J_h=[[ 0.          0.         -0.04077922  0.        ]]
2025-08-25 02:42:42,222 - DEBUG - 🔍 半径先验雅可比: J_r=[[0. 0. 0. 1.]]
2025-08-25 02:42:42,222 - DEBUG - 🔍 使用几何权重矩阵: 形状=(21, 21)
2025-08-25 02:42:42,222 - DEBUG - 🔍 Hessian矩阵计算:
2025-08-25 02:42:42,222 - DEBUG -    H_data = J_f^T W J_f: 形状=(4, 4), 条件数=5.06e+01
2025-08-25 02:42:42,222 - DEBUG -    H_h = λ_depth J_h^T J_h: 形状=(4, 4), λ_depth=1000.0
2025-08-25 02:42:42,222 - DEBUG -    H_r = λ_radius J_r^T J_r: 形状=(4, 4), λ_radius=10.0
2025-08-25 02:42:42,222 - DEBUG -    H_total: 形状=(4, 4), 条件数=1.17e+01
2025-08-25 02:42:42,222 - DEBUG - 🔍 梯度计算:
2025-08-25 02:42:42,230 - DEBUG -    g_data: 形状=(4,), 范数=0.032341
2025-08-25 02:42:42,230 - DEBUG -    g_h: 形状=(4,), 范数=0.001698
2025-08-25 02:42:42,230 - DEBUG -    g_r: 形状=(4,), 范数=0.027942
2025-08-25 02:42:42,230 - DEBUG -    g_total: 形状=(4,), 范数=0.040246
2025-08-25 02:42:42,230 - DEBUG - 🔍 LM阻尼矩阵: H_lm = H_total + 0.01 * I
2025-08-25 02:42:42,230 - DEBUG -    H_lm条件数: 1.16e+01
2025-08-25 02:42:42,230 - DEBUG - 🔍 线性方程组求解成功:
2025-08-25 02:42:42,230 - DEBUG -    参数更新向量 Δθ: [[-0.00211547]
 [-0.00547971]
 [-0.00422332]
 [-0.00121559]]
2025-08-25 02:42:42,230 - DEBUG -    更新向量范数: 0.007336
2025-08-25 02:42:42,230 - DEBUG -    各分量更新: Δc_x=-0.002115, Δc_y=-0.005480, Δc_z=-0.004223, Δr=-0.001216
2025-08-25 02:42:42,230 - DEBUG -    参数更新:
2025-08-25 02:42:42,230 - DEBUG -      旧参数: [[ 0.11127278]
 [-0.0365499 ]
 [ 0.60471809]
 [ 0.01479421]]
2025-08-25 02:42:42,230 - DEBUG -      更新向量: [[-0.00211547]
 [-0.00547971]
 [-0.00422332]
 [-0.00121559]]
2025-08-25 02:42:42,230 - DEBUG -      新参数: [[ 0.1091573 ]
 [-0.04202961]
 [ 0.60049477]
 [ 0.01357862]]
2025-08-25 02:42:42,230 - INFO - -----------------------------------------------------------------------------------
2025-08-25 02:42:42,230 - INFO - 🔍 迭代第1次，球心向右2.115474mm，向上5.479715mm，向前4.223317mm，半径变小1.215591mm
2025-08-25 02:42:42,230 - INFO - 📊 变化前: 中心(0.111, -0.037, 0.605), 半径14.79mm
2025-08-25 02:42:42,230 - INFO - 📊 变化后: 中心(0.109, -0.042, 0.600), 半径13.58mm
2025-08-25 02:42:42,230 - INFO - 📈 变化量: 中心移动5.87mm, 半径变化1.22mm
2025-08-25 02:42:42,230 - INFO - 📍 眼球中心: [ 0.11127278 -0.0365499   0.60471809]
2025-08-25 02:42:42,230 - INFO - 📏 眼球半径: 14.79mm
2025-08-25 02:42:42,230 - INFO - 👁️ 瞳孔中心: [ 0.112      -0.03333333  0.60000002]
2025-08-25 02:42:42,230 - INFO - 📐 眼球中心在瞳孔中心的左0.73mm，上3.22mm，后4.72mm
2025-08-25 02:42:42,230 - INFO - 📏 距离: 5.76mm
2025-08-25 02:42:42,230 - INFO - -----------------------------------------------------------------------------------
2025-08-25 02:42:42,230 - INFO - -----------------------------------------------------------------------------------
2025-08-25 02:42:42,230 - DEBUG - 🔍 参数有效性检查:
2025-08-25 02:42:42,230 - DEBUG -    参数向量: [[ 0.1091573 ]
 [-0.04202961]
 [ 0.60049477]
 [ 0.01357862]]
2025-08-25 02:42:42,230 - DEBUG -    球心: [ 0.1091573  -0.04202961  0.60049477]
2025-08-25 02:42:42,230 - DEBUG -    半径: 0.013579
2025-08-25 02:42:42,230 - DEBUG - 🔍 函数值计算详情:
2025-08-25 02:42:42,230 - DEBUG -    数据项 F(θ): 0.000375
2025-08-25 02:42:42,230 - DEBUG -    深度约束项: 0.000001
2025-08-25 02:42:42,230 - DEBUG -    半径先验项: 0.000039
2025-08-25 02:42:42,230 - DEBUG -    总函数值 Φ(θ): 0.000415
2025-08-25 02:42:42,230 - DEBUG -    函数值改善: -0.000045
2025-08-25 02:42:42,230 - DEBUG - 🔍 参数有效: False
2025-08-25 02:42:42,230 - DEBUG -    参数无效，阻尼因子调整: λ_LM = 1.00e-01
2025-08-25 02:42:42,230 - DEBUG - 🔍 迭代 3/30:
2025-08-25 02:42:42,230 - DEBUG - 🔍 计算点到球心距离: 形状=(21,)
2025-08-25 02:42:42,230 - DEBUG - 🔍 生理偏差向量计算:
2025-08-25 02:42:42,230 - DEBUG -    点类型列表: ['pupil_center', 'iris_boundaries', 'iris_boundaries', 'iris_boundaries', 'iris_boundaries', 'eye_contours', 'eye_contours', 'eye_contours', 'eye_contours', 'eye_contours', 'eye_contours', 'eye_contours', 'eye_contours', 'eye_contours', 'eye_contours', 'eye_contours', 'eye_contours', 'eye_contours', 'eye_contours', 'eye_contours', 'eye_contours']
2025-08-25 02:42:42,230 - DEBUG -    偏差向量: [0.0002  0.00085 0.00085 0.00085 0.00085 0.0015  0.0015  0.0015  0.0015
 0.0015  0.0015  0.0015  0.0015  0.0015  0.0015  0.0015  0.0015  0.0015
 0.0015  0.0015  0.0015 ]
2025-08-25 02:42:42,230 - DEBUG -    向量形状: (21,)
2025-08-25 02:42:42,230 - DEBUG -    偏差统计: 均值=0.001314, 标准差=0.000356
2025-08-25 02:42:42,238 - DEBUG - 获取生理偏差: 点类型=['pupil_center', 'iris_boundaries', 'iris_boundaries', 'iris_boundaries', 'iris_boundaries', 'eye_contours', 'eye_contours', 'eye_contours', 'eye_contours', 'eye_contours', 'eye_contours', 'eye_contours', 'eye_contours', 'eye_contours', 'eye_contours', 'eye_contours', 'eye_contours', 'eye_contours', 'eye_contours', 'eye_contours', 'eye_contours'], 偏差值=[0.0002  0.00085 0.00085 0.00085 0.00085 0.0015  0.0015  0.0015  0.0015
 0.0015  0.0015  0.0015  0.0015  0.0015  0.0015  0.0015  0.0015  0.0015
 0.0015  0.0015  0.0015 ]
2025-08-25 02:42:42,238 - INFO - -----------------------------------------------------------------------------------
2025-08-25 02:42:42,238 - DEBUG - 🔍 拟合残差计算详情:
2025-08-25 02:42:42,238 - DEBUG -    球心坐标: [ 0.11127278 -0.0365499   0.60471809]
2025-08-25 02:42:42,238 - DEBUG -    球体半径: 0.014794
2025-08-25 02:42:42,238 - DEBUG -    采样点数: 21
2025-08-25 02:42:42,238 - DEBUG -    点类型分布: {'eye_contours': 16, 'iris_boundaries': 4, 'pupil_center': 1}
2025-08-25 02:42:42,238 - DEBUG -    理论距离向量: [0.01499421 0.01564421 0.01564421 0.01564421 0.01564421 0.01629421
 0.01629421 0.01629421 0.01629421 0.01629421 0.01629421 0.01629421
 0.01629421 0.01629421 0.01629421 0.01629421 0.01629421 0.01629421
 0.01629421 0.01629421 0.01629421]
2025-08-25 02:42:42,238 - DEBUG -    实际距离向量: [0.00575633 0.01302246 0.00732031 0.01141789 0.01474508 0.02443403
 0.02058777 0.013413   0.00591189 0.007555   0.01511287 0.02034152
 0.02359049 0.0261907  0.02368918 0.02111636 0.01786526 0.01439142
 0.01436805 0.01787707 0.02206157]
2025-08-25 02:42:42,238 - DEBUG -    生理偏差向量: [0.0002  0.00085 0.00085 0.00085 0.00085 0.0015  0.0015  0.0015  0.0015
 0.0015  0.0015  0.0015  0.0015  0.0015  0.0015  0.0015  0.0015  0.0015
 0.0015  0.0015  0.0015 ]
2025-08-25 02:42:42,238 - DEBUG -    残差向量 f(θ): 
[[-0.00923788]
 [-0.00262175]
 [-0.00832389]
 [-0.00422632]
 [-0.00089913]
 [ 0.00813983]
 [ 0.00429357]
 [-0.0028812 ]
 [-0.01038232]
 [-0.00873921]
 [-0.00118134]
 [ 0.00404731]
 [ 0.00729628]
 [ 0.00989649]
 [ 0.00739497]
 [ 0.00482216]
 [ 0.00157105]
 [-0.00190279]
 [-0.00192615]
 [ 0.00158286]
 [ 0.00576737]]
2025-08-25 02:42:42,238 - DEBUG -    平均残差范数: 0.001304
2025-08-25 02:42:42,238 - DEBUG -    残差范数=0.027382
2025-08-25 02:42:42,238 - INFO - -----------------------------------------------------------------------------------
2025-08-25 02:42:42,238 - DEBUG - 🔍 深度约束计算详情 (softplus):
2025-08-25 02:42:42,238 - DEBUG -    采样点Z坐标范围: [0.600000, 0.601360]
2025-08-25 02:42:42,238 - DEBUG -    球心Z坐标: 0.604718
2025-08-25 02:42:42,238 - DEBUG -    深度偏移ε: 0.000200
2025-08-25 02:42:42,238 - DEBUG -    softplus参数τ: 0.001000
2025-08-25 02:42:42,238 - DEBUG -    原始违反值: -0.003158
2025-08-25 02:42:42,238 - DEBUG -    softplus输入 u: -3.157949
2025-08-25 02:42:42,238 - DEBUG -    约束惩罚 h(θ): 0.000042
2025-08-25 02:42:42,238 - DEBUG -    🟢 深度约束满足: 球心深度足够
2025-08-25 02:42:42,238 - INFO - -----------------------------------------------------------------------------------
2025-08-25 02:42:42,238 - DEBUG - 🔍 半径惩罚计算详情:
2025-08-25 02:42:42,238 - DEBUG -    当前半径: 0.014794
2025-08-25 02:42:42,238 - DEBUG -    半径先验值: 0.012000
2025-08-25 02:42:42,238 - DEBUG -    半径残差 r(θ): 0.002794
2025-08-25 02:42:42,238 - DEBUG -    数据残差 f(θ): [[-0.00923788]
 [-0.00262175]
 [-0.00832389]
 [-0.00422632]
 [-0.00089913]
 [ 0.00813983]
 [ 0.00429357]
 [-0.0028812 ]
 [-0.01038232]
 [-0.00873921]
 [-0.00118134]
 [ 0.00404731]
 [ 0.00729628]
 [ 0.00989649]
 [ 0.00739497]
 [ 0.00482216]
 [ 0.00157105]
 [-0.00190279]
 [-0.00192615]
 [ 0.00158286]
 [ 0.00576737]]
2025-08-25 02:42:42,238 - DEBUG -    约束残差 g(θ): [[4.16340098e-05]]
2025-08-25 02:42:42,238 - DEBUG -    半径残差 r(θ): [[0.00279421]]
2025-08-25 02:42:42,238 - DEBUG - 🔍 状态变化计算: 参数变化=0.000000, 残差变化=0.000000
2025-08-25 02:42:42,238 - INFO - -----------------------------------------------------------------------------------
2025-08-25 02:42:42,238 - DEBUG - 🔍 权重管理器状态更新详情:
2025-08-25 02:42:42,238 - DEBUG -    当前迭代: 2
2025-08-25 02:42:42,238 - DEBUG -    参数变化: 0.000000 (阈值: 0.000005)
2025-08-25 02:42:42,238 - DEBUG -    残差变化: 0.000000 (阈值: 0.000005)
2025-08-25 02:42:42,238 - DEBUG -    几何权重因子: 10
2025-08-25 02:42:42,238 - DEBUG - ⏸️ 保持图像置信度权重: 参数变化=0.00e+00, 残差变化=0.00e+00
2025-08-25 02:42:42,238 - DEBUG - 状态已保存: 参数=[ 0.11127278 -0.0365499   0.60471809  0.01479421], 残差范数=0.027382
2025-08-25 02:42:42,238 - DEBUG - 🔍 获取visibility信息: 形状=(21,), 范围=[1.000, 1.000]
2025-08-25 02:42:42,238 - DEBUG - 🔧 设置图像置信度权重: 21个点
2025-08-25 02:42:42,238 - DEBUG - 🔍 开始计算权重矩阵:
2025-08-25 02:42:42,238 - DEBUG -    点类型: ['pupil_center', 'iris_boundaries', 'iris_boundaries', 'iris_boundaries', 'iris_boundaries', 'eye_contours', 'eye_contours', 'eye_contours', 'eye_contours', 'eye_contours', 'eye_contours', 'eye_contours', 'eye_contours', 'eye_contours', 'eye_contours', 'eye_contours', 'eye_contours', 'eye_contours', 'eye_contours', 'eye_contours', 'eye_contours']
2025-08-25 02:42:42,238 - DEBUG -    残差向量: 形状=(21,), 范数=0.027382
2025-08-25 02:42:42,238 - DEBUG -    Visibility: 形状=(21,), 均值=1.000
2025-08-25 02:42:42,246 - DEBUG - 🔍 权重矩阵计算成功: 形状=(21, 21)
2025-08-25 02:42:42,246 - DEBUG - 🔍 几何权重统计:
2025-08-25 02:42:42,246 - DEBUG -    权重向量: [[1.]
 [1.]
 [1.]
 [1.]
 [1.]
 [1.]
 [1.]
 [1.]
 [1.]
 [1.]
 [1.]
 [1.]
 [1.]
 [1.]
 [1.]
 [1.]
 [1.]
 [1.]
 [1.]
 [1.]
 [1.]]
2025-08-25 02:42:42,246 - DEBUG -    权重范围: [1.000000, 1.000000]
2025-08-25 02:42:42,246 - DEBUG -    权重均值: 1.000000
2025-08-25 02:42:42,246 - DEBUG -    权重标准差: 0.000000
2025-08-25 02:42:42,246 - DEBUG -    高权重点(>0.8): 21/21
2025-08-25 02:42:42,246 - DEBUG -    低权重点(<0.2): 0/21
2025-08-25 02:42:42,246 - INFO - -----------------------------------------------------------------------------------
2025-08-25 02:42:42,246 - DEBUG - 🔍 开始求解LM更新方程:
2025-08-25 02:42:42,246 - DEBUG -    数据残差: 形状=(21,), 范数=0.027382
2025-08-25 02:42:42,246 - DEBUG -    约束残差: 形状=(1,), 范数=0.000042
2025-08-25 02:42:42,246 - DEBUG - 🔍 计算数据残差雅可比矩阵 J_f: 形状=(21, 4)
2025-08-25 02:42:42,246 - DEBUG - 🔍 J_f矩阵计算完成: 条件数=7.12e+00
2025-08-25 02:42:42,246 - DEBUG - 🔍 深度约束雅可比计算: u=-3.157949, σ=0.040779, J_h=[[ 0.          0.         -0.04077922  0.        ]]
2025-08-25 02:42:42,246 - DEBUG - 🔍 半径先验雅可比: J_r=[[0. 0. 0. 1.]]
2025-08-25 02:42:42,246 - DEBUG - 🔍 使用几何权重矩阵: 形状=(21, 21)
2025-08-25 02:42:42,246 - DEBUG - 🔍 Hessian矩阵计算:
2025-08-25 02:42:42,246 - DEBUG -    H_data = J_f^T W J_f: 形状=(4, 4), 条件数=5.06e+01
2025-08-25 02:42:42,246 - DEBUG -    H_h = λ_depth J_h^T J_h: 形状=(4, 4), λ_depth=1000.0
2025-08-25 02:42:42,246 - DEBUG -    H_r = λ_radius J_r^T J_r: 形状=(4, 4), λ_radius=10.0
2025-08-25 02:42:42,246 - DEBUG -    H_total: 形状=(4, 4), 条件数=1.17e+01
2025-08-25 02:42:42,246 - DEBUG - 🔍 梯度计算:
2025-08-25 02:42:42,246 - DEBUG -    g_data: 形状=(4,), 范数=0.032341
2025-08-25 02:42:42,246 - DEBUG -    g_h: 形状=(4,), 范数=0.001698
2025-08-25 02:42:42,246 - DEBUG -    g_r: 形状=(4,), 范数=0.027942
2025-08-25 02:42:42,246 - DEBUG -    g_total: 形状=(4,), 范数=0.040246
2025-08-25 02:42:42,246 - DEBUG - 🔍 LM阻尼矩阵: H_lm = H_total + 0.1 * I
2025-08-25 02:42:42,246 - DEBUG -    H_lm条件数: 1.13e+01
2025-08-25 02:42:42,246 - DEBUG - 🔍 线性方程组求解成功:
2025-08-25 02:42:42,246 - DEBUG -    参数更新向量 Δθ: [[-0.0020897 ]
 [-0.00536112]
 [-0.00411388]
 [-0.00120934]]
2025-08-25 02:42:42,246 - DEBUG -    更新向量范数: 0.007176
2025-08-25 02:42:42,246 - DEBUG -    各分量更新: Δc_x=-0.002090, Δc_y=-0.005361, Δc_z=-0.004114, Δr=-0.001209
2025-08-25 02:42:42,246 - DEBUG -    参数更新:
2025-08-25 02:42:42,246 - DEBUG -      旧参数: [[ 0.11127278]
 [-0.0365499 ]
 [ 0.60471809]
 [ 0.01479421]]
2025-08-25 02:42:42,246 - DEBUG -      更新向量: [[-0.0020897 ]
 [-0.00536112]
 [-0.00411388]
 [-0.00120934]]
2025-08-25 02:42:42,246 - DEBUG -      新参数: [[ 0.10918308]
 [-0.04191101]
 [ 0.60060421]
 [ 0.01358487]]
2025-08-25 02:42:42,246 - INFO - -----------------------------------------------------------------------------------
2025-08-25 02:42:42,246 - INFO - 🔍 迭代第2次，球心向右2.089695mm，向上5.361115mm，向前4.113880mm，半径变小1.209337mm
2025-08-25 02:42:42,246 - INFO - 📊 变化前: 中心(0.111, -0.037, 0.605), 半径14.79mm
2025-08-25 02:42:42,246 - INFO - 📊 变化后: 中心(0.109, -0.042, 0.601), 半径13.58mm
2025-08-25 02:42:42,246 - INFO - 📈 变化量: 中心移动5.75mm, 半径变化1.21mm
2025-08-25 02:42:42,255 - INFO - 📍 眼球中心: [ 0.11127278 -0.0365499   0.60471809]
2025-08-25 02:42:42,255 - INFO - 📏 眼球半径: 14.79mm
2025-08-25 02:42:42,255 - INFO - 👁️ 瞳孔中心: [ 0.112      -0.03333333  0.60000002]
2025-08-25 02:42:42,255 - INFO - 📐 眼球中心在瞳孔中心的左0.73mm，上3.22mm，后4.72mm
2025-08-25 02:42:42,255 - INFO - 📏 距离: 5.76mm
2025-08-25 02:42:42,255 - INFO - -----------------------------------------------------------------------------------
2025-08-25 02:42:42,255 - INFO - -----------------------------------------------------------------------------------
2025-08-25 02:42:42,255 - DEBUG - 🔍 参数有效性检查:
2025-08-25 02:42:42,255 - DEBUG -    参数向量: [[ 0.10918308]
 [-0.04191101]
 [ 0.60060421]
 [ 0.01358487]]
2025-08-25 02:42:42,255 - DEBUG -    球心: [ 0.10918308 -0.04191101  0.60060421]
2025-08-25 02:42:42,255 - DEBUG -    半径: 0.013585
2025-08-25 02:42:42,255 - DEBUG - 🔍 函数值计算详情:
2025-08-25 02:42:42,255 - DEBUG -    数据项 F(θ): 0.000375
2025-08-25 02:42:42,255 - DEBUG -    深度约束项: 0.000001
2025-08-25 02:42:42,255 - DEBUG -    半径先验项: 0.000039
2025-08-25 02:42:42,255 - DEBUG -    总函数值 Φ(θ): 0.000415
2025-08-25 02:42:42,255 - DEBUG -    函数值改善: 0.000000
2025-08-25 02:42:42,255 - DEBUG - 🔍 参数有效: True
2025-08-25 02:42:42,255 - DEBUG -    参数更新成功:
2025-08-25 02:42:42,255 - DEBUG -      新球心: [ 0.10918308 -0.04191101  0.60060421]
2025-08-25 02:42:42,255 - DEBUG -      新半径: 0.013585
2025-08-25 02:42:42,255 - INFO - -----------------------------------------------------------------------------------
2025-08-25 02:42:42,255 - DEBUG - 🔍 LM收敛性检查:
2025-08-25 02:42:42,255 - DEBUG -    当前迭代次数: 2
2025-08-25 02:42:42,255 - DEBUG -    最大迭代次数: 30
2025-08-25 02:42:42,255 - DEBUG -    参数变化: 0.007176
2025-08-25 02:42:42,255 - DEBUG -    参数容忍度: 5e-06
2025-08-25 02:42:42,259 - DEBUG -    残差变化: 0.000000
2025-08-25 02:42:42,259 - DEBUG -    残差容忍度: 5e-06
2025-08-25 02:42:42,259 - DEBUG - 🔍 迭代 4/30:
2025-08-25 02:42:42,259 - DEBUG - 🔍 计算点到球心距离: 形状=(21,)
2025-08-25 02:42:42,259 - DEBUG - 🔍 生理偏差向量计算:
2025-08-25 02:42:42,259 - DEBUG -    点类型列表: ['pupil_center', 'iris_boundaries', 'iris_boundaries', 'iris_boundaries', 'iris_boundaries', 'eye_contours', 'eye_contours', 'eye_contours', 'eye_contours', 'eye_contours', 'eye_contours', 'eye_contours', 'eye_contours', 'eye_contours', 'eye_contours', 'eye_contours', 'eye_contours', 'eye_contours', 'eye_contours', 'eye_contours', 'eye_contours']
2025-08-25 02:42:42,259 - DEBUG -    偏差向量: [0.0002  0.00085 0.00085 0.00085 0.00085 0.0015  0.0015  0.0015  0.0015
 0.0015  0.0015  0.0015  0.0015  0.0015  0.0015  0.0015  0.0015  0.0015
 0.0015  0.0015  0.0015 ]
2025-08-25 02:42:42,259 - DEBUG -    向量形状: (21,)
2025-08-25 02:42:42,259 - DEBUG -    偏差统计: 均值=0.001314, 标准差=0.000356
2025-08-25 02:42:42,259 - DEBUG - 获取生理偏差: 点类型=['pupil_center', 'iris_boundaries', 'iris_boundaries', 'iris_boundaries', 'iris_boundaries', 'eye_contours', 'eye_contours', 'eye_contours', 'eye_contours', 'eye_contours', 'eye_contours', 'eye_contours', 'eye_contours', 'eye_contours', 'eye_contours', 'eye_contours', 'eye_contours', 'eye_contours', 'eye_contours', 'eye_contours', 'eye_contours'], 偏差值=[0.0002  0.00085 0.00085 0.00085 0.00085 0.0015  0.0015  0.0015  0.0015
 0.0015  0.0015  0.0015  0.0015  0.0015  0.0015  0.0015  0.0015  0.0015
 0.0015  0.0015  0.0015 ]
2025-08-25 02:42:42,259 - INFO - -----------------------------------------------------------------------------------
2025-08-25 02:42:42,259 - DEBUG - 🔍 拟合残差计算详情:
2025-08-25 02:42:42,259 - DEBUG -    球心坐标: [ 0.10918308 -0.04191101  0.60060421]
2025-08-25 02:42:42,259 - DEBUG -    球体半径: 0.013585
2025-08-25 02:42:42,259 - DEBUG -    采样点数: 21
2025-08-25 02:42:42,259 - DEBUG -    点类型分布: {'eye_contours': 16, 'iris_boundaries': 4, 'pupil_center': 1}
2025-08-25 02:42:42,263 - DEBUG -    理论距离向量: [0.01378487 0.01443487 0.01443487 0.01443487 0.01443487 0.01508487
 0.01508487 0.01508487 0.01508487 0.01508487 0.01508487 0.01508487
 0.01508487 0.01508487 0.01508487 0.01508487 0.01508487 0.01508487
 0.01508487 0.01508487 0.01508487]
2025-08-25 02:42:42,263 - DEBUG -    实际距离向量: [0.00904857 0.0163031  0.00217902 0.01260633 0.01987209 0.02543104
 0.02108466 0.01300091 0.00431451 0.00809253 0.01691505 0.02283481
 0.0263642  0.02915522 0.02740285 0.02523292 0.02260303 0.01951923
 0.01855682 0.02045468 0.02366671]
2025-08-25 02:42:42,263 - DEBUG -    生理偏差向量: [0.0002  0.00085 0.00085 0.00085 0.00085 0.0015  0.0015  0.0015  0.0015
 0.0015  0.0015  0.0015  0.0015  0.0015  0.0015  0.0015  0.0015  0.0015
 0.0015  0.0015  0.0015 ]
2025-08-25 02:42:42,263 - DEBUG -    残差向量 f(θ): 
[[-0.0047363 ]
 [ 0.00186823]
 [-0.01225585]
 [-0.00182854]
 [ 0.00543723]
 [ 0.01034617]
 [ 0.00599979]
 [-0.00208396]
 [-0.01077036]
 [-0.00699234]
 [ 0.00183018]
 [ 0.00774995]
 [ 0.01127933]
 [ 0.01407035]
 [ 0.01231798]
 [ 0.01014806]
 [ 0.00751816]
 [ 0.00443436]
 [ 0.00347195]
 [ 0.00536982]
 [ 0.00858184]]
2025-08-25 02:42:42,263 - DEBUG -    平均残差范数: 0.001753
2025-08-25 02:42:42,263 - DEBUG -    残差范数=0.036815
2025-08-25 02:42:42,263 - INFO - -----------------------------------------------------------------------------------
2025-08-25 02:42:42,263 - DEBUG - 🔍 深度约束计算详情 (softplus):
2025-08-25 02:42:42,263 - DEBUG -    采样点Z坐标范围: [0.600000, 0.601360]
2025-08-25 02:42:42,263 - DEBUG -    球心Z坐标: 0.600604
2025-08-25 02:42:42,263 - DEBUG -    深度偏移ε: 0.000200
2025-08-25 02:42:42,263 - DEBUG -    softplus参数τ: 0.001000
2025-08-25 02:42:42,263 - DEBUG -    原始违反值: 0.000956
2025-08-25 02:42:42,263 - DEBUG -    softplus输入 u: 0.955931
2025-08-25 02:42:42,263 - DEBUG -    约束惩罚 h(θ): 0.001281
2025-08-25 02:42:42,263 - DEBUG -    🔴 深度约束被违反: 球心过浅
2025-08-25 02:42:42,263 - INFO - -----------------------------------------------------------------------------------
2025-08-25 02:42:42,263 - DEBUG - 🔍 半径惩罚计算详情:
2025-08-25 02:42:42,263 - DEBUG -    当前半径: 0.013585
2025-08-25 02:42:42,263 - DEBUG -    半径先验值: 0.012000
2025-08-25 02:42:42,263 - DEBUG -    半径残差 r(θ): 0.001585
2025-08-25 02:42:42,263 - DEBUG -    数据残差 f(θ): [[-0.0047363 ]
 [ 0.00186823]
 [-0.01225585]
 [-0.00182854]
 [ 0.00543723]
 [ 0.01034617]
 [ 0.00599979]
 [-0.00208396]
 [-0.01077036]
 [-0.00699234]
 [ 0.00183018]
 [ 0.00774995]
 [ 0.01127933]
 [ 0.01407035]
 [ 0.01231798]
 [ 0.01014806]
 [ 0.00751816]
 [ 0.00443436]
 [ 0.00347195]
 [ 0.00536982]
 [ 0.00858184]]
2025-08-25 02:42:42,263 - DEBUG -    约束残差 g(θ): [[0.00128124]]
2025-08-25 02:42:42,263 - DEBUG -    半径残差 r(θ): [[0.00158487]]
2025-08-25 02:42:42,263 - DEBUG - 🔍 状态变化计算: 参数变化=0.007176, 残差变化=0.009433
2025-08-25 02:42:42,263 - INFO - -----------------------------------------------------------------------------------
2025-08-25 02:42:42,263 - DEBUG - 🔍 权重管理器状态更新详情:
2025-08-25 02:42:42,263 - DEBUG -    当前迭代: 3
2025-08-25 02:42:42,263 - DEBUG -    参数变化: 0.007176 (阈值: 0.000005)
2025-08-25 02:42:42,263 - DEBUG -    残差变化: 0.009433 (阈值: 0.000005)
2025-08-25 02:42:42,263 - DEBUG -    几何权重因子: 10
2025-08-25 02:42:42,263 - DEBUG - ⏸️ 保持图像置信度权重: 参数变化=7.18e-03, 残差变化=9.43e-03
2025-08-25 02:42:42,263 - DEBUG - 状态已保存: 参数=[ 0.10918308 -0.04191101  0.60060421  0.01358487], 残差范数=0.036815
2025-08-25 02:42:42,263 - DEBUG - 🔍 获取visibility信息: 形状=(21,), 范围=[1.000, 1.000]
2025-08-25 02:42:42,263 - DEBUG - 🔧 设置图像置信度权重: 21个点
2025-08-25 02:42:42,263 - DEBUG - 🔍 开始计算权重矩阵:
2025-08-25 02:42:42,263 - DEBUG -    点类型: ['pupil_center', 'iris_boundaries', 'iris_boundaries', 'iris_boundaries', 'iris_boundaries', 'eye_contours', 'eye_contours', 'eye_contours', 'eye_contours', 'eye_contours', 'eye_contours', 'eye_contours', 'eye_contours', 'eye_contours', 'eye_contours', 'eye_contours', 'eye_contours', 'eye_contours', 'eye_contours', 'eye_contours', 'eye_contours']
2025-08-25 02:42:42,263 - DEBUG -    残差向量: 形状=(21,), 范数=0.036815
2025-08-25 02:42:42,270 - DEBUG -    Visibility: 形状=(21,), 均值=1.000
2025-08-25 02:42:42,270 - DEBUG - 🔍 权重矩阵计算成功: 形状=(21, 21)
2025-08-25 02:42:42,270 - DEBUG - 🔍 几何权重统计:
2025-08-25 02:42:42,270 - DEBUG -    权重向量: [[1.]
 [1.]
 [1.]
 [1.]
 [1.]
 [1.]
 [1.]
 [1.]
 [1.]
 [1.]
 [1.]
 [1.]
 [1.]
 [1.]
 [1.]
 [1.]
 [1.]
 [1.]
 [1.]
 [1.]
 [1.]]
2025-08-25 02:42:42,270 - DEBUG -    权重范围: [1.000000, 1.000000]
2025-08-25 02:42:42,270 - DEBUG -    权重均值: 1.000000
2025-08-25 02:42:42,271 - DEBUG -    权重标准差: 0.000000
2025-08-25 02:42:42,271 - DEBUG -    高权重点(>0.8): 21/21
2025-08-25 02:42:42,271 - DEBUG -    低权重点(<0.2): 0/21
2025-08-25 02:42:42,271 - INFO - -----------------------------------------------------------------------------------
2025-08-25 02:42:42,271 - DEBUG - 🔍 开始求解LM更新方程:
2025-08-25 02:42:42,271 - DEBUG -    数据残差: 形状=(21,), 范数=0.036815
2025-08-25 02:42:42,271 - DEBUG -    约束残差: 形状=(1,), 范数=0.001281
2025-08-25 02:42:42,271 - DEBUG - 🔍 计算数据残差雅可比矩阵 J_f: 形状=(21, 4)
2025-08-25 02:42:42,271 - DEBUG - 🔍 J_f矩阵计算完成: 条件数=4.72e+01
2025-08-25 02:42:42,271 - DEBUG - 🔍 深度约束雅可比计算: u=0.955931, σ=0.722306, J_h=[[ 0.          0.         -0.72230648  0.        ]]
2025-08-25 02:42:42,274 - DEBUG - 🔍 半径先验雅可比: J_r=[[0. 0. 0. 1.]]
2025-08-25 02:42:42,274 - DEBUG - 🔍 使用几何权重矩阵: 形状=(21, 21)
2025-08-25 02:42:42,274 - DEBUG - 🔍 Hessian矩阵计算:
2025-08-25 02:42:42,274 - DEBUG -    H_data = J_f^T W J_f: 形状=(4, 4), 条件数=2.23e+03
2025-08-25 02:42:42,274 - DEBUG -    H_h = λ_depth J_h^T J_h: 形状=(4, 4), λ_depth=1000.0
2025-08-25 02:42:42,274 - DEBUG -    H_r = λ_radius J_r^T J_r: 形状=(4, 4), λ_radius=10.0
2025-08-25 02:42:42,274 - DEBUG -    H_total: 形状=(4, 4), 条件数=1.53e+02
2025-08-25 02:42:42,274 - DEBUG - 🔍 梯度计算:
2025-08-25 02:42:42,275 - DEBUG -    g_data: 形状=(4,), 范数=0.090174
2025-08-25 02:42:42,275 - DEBUG -    g_h: 形状=(4,), 范数=0.925446
2025-08-25 02:42:42,275 - DEBUG -    g_r: 形状=(4,), 范数=0.015849
2025-08-25 02:42:42,275 - DEBUG -    g_total: 形状=(4,), 范数=0.927027
2025-08-25 02:42:42,275 - DEBUG - 🔍 LM阻尼矩阵: H_lm = H_total + 0.1 * I
2025-08-25 02:42:42,275 - DEBUG -    H_lm条件数: 1.49e+02
2025-08-25 02:42:42,275 - DEBUG - 🔍 线性方程组求解成功:
2025-08-25 02:42:42,275 - DEBUG -    参数更新向量 Δθ: [[-0.00277094]
 [-0.00614539]
 [ 0.00176842]
 [-0.00115343]]
2025-08-25 02:42:42,275 - DEBUG -    更新向量范数: 0.007064
2025-08-25 02:42:42,275 - DEBUG -    各分量更新: Δc_x=-0.002771, Δc_y=-0.006145, Δc_z=0.001768, Δr=-0.001153
2025-08-25 02:42:42,275 - DEBUG -    参数更新:
2025-08-25 02:42:42,275 - DEBUG -      旧参数: [[ 0.10918308]
 [-0.04191101]
 [ 0.60060421]
 [ 0.01358487]]
2025-08-25 02:42:42,275 - DEBUG -      更新向量: [[-0.00277094]
 [-0.00614539]
 [ 0.00176842]
 [-0.00115343]]
2025-08-25 02:42:42,275 - DEBUG -      新参数: [[ 0.10641214]
 [-0.0480564 ]
 [ 0.60237263]
 [ 0.01243144]]
2025-08-25 02:42:42,275 - INFO - -----------------------------------------------------------------------------------
2025-08-25 02:42:42,275 - INFO - 🔍 迭代第3次，球心向右2.770941mm，向上6.145391mm，向后1.768419mm，半径变小1.153432mm
2025-08-25 02:42:42,275 - INFO - 📊 变化前: 中心(0.109, -0.042, 0.601), 半径13.58mm
2025-08-25 02:42:42,275 - INFO - 📊 变化后: 中心(0.106, -0.048, 0.602), 半径12.43mm
2025-08-25 02:42:42,275 - INFO - 📈 变化量: 中心移动6.74mm, 半径变化1.15mm
2025-08-25 02:42:42,275 - INFO - 📍 眼球中心: [ 0.10918308 -0.04191101  0.60060421]
2025-08-25 02:42:42,279 - INFO - 📏 眼球半径: 13.58mm
2025-08-25 02:42:42,279 - INFO - 👁️ 瞳孔中心: [ 0.112      -0.03333333  0.60000002]
2025-08-25 02:42:42,279 - INFO - 📐 眼球中心在瞳孔中心的左2.82mm，上8.58mm，后0.60mm
2025-08-25 02:42:42,279 - INFO - 📏 距离: 9.05mm
2025-08-25 02:42:42,279 - INFO - -----------------------------------------------------------------------------------
2025-08-25 02:42:42,279 - INFO - -----------------------------------------------------------------------------------
2025-08-25 02:42:42,279 - DEBUG - 🔍 参数有效性检查:
2025-08-25 02:42:42,279 - DEBUG -    参数向量: [[ 0.10641214]
 [-0.0480564 ]
 [ 0.60237263]
 [ 0.01243144]]
2025-08-25 02:42:42,279 - DEBUG -    球心: [ 0.10641214 -0.0480564   0.60237263]
2025-08-25 02:42:42,279 - DEBUG -    半径: 0.012431
2025-08-25 02:42:42,279 - DEBUG - 🔍 函数值计算详情:
2025-08-25 02:42:42,279 - DEBUG -    数据项 F(θ): 0.000678
2025-08-25 02:42:42,279 - DEBUG -    深度约束项: 0.000821
2025-08-25 02:42:42,279 - DEBUG -    半径先验项: 0.000013
2025-08-25 02:42:42,279 - DEBUG -    总函数值 Φ(θ): 0.001511
2025-08-25 02:42:42,279 - DEBUG -    函数值改善: -0.001096
2025-08-25 02:42:42,279 - DEBUG - 🔍 参数有效: False
2025-08-25 02:42:42,279 - DEBUG -    参数无效，阻尼因子调整: λ_LM = 1.00e+00
2025-08-25 02:42:42,279 - DEBUG - 🔍 迭代 5/30:
2025-08-25 02:42:42,279 - DEBUG - 🔍 计算点到球心距离: 形状=(21,)
2025-08-25 02:42:42,279 - DEBUG - 🔍 生理偏差向量计算:
2025-08-25 02:42:42,279 - DEBUG -    点类型列表: ['pupil_center', 'iris_boundaries', 'iris_boundaries', 'iris_boundaries', 'iris_boundaries', 'eye_contours', 'eye_contours', 'eye_contours', 'eye_contours', 'eye_contours', 'eye_contours', 'eye_contours', 'eye_contours', 'eye_contours', 'eye_contours', 'eye_contours', 'eye_contours', 'eye_contours', 'eye_contours', 'eye_contours', 'eye_contours']
2025-08-25 02:42:42,279 - DEBUG -    偏差向量: [0.0002  0.00085 0.00085 0.00085 0.00085 0.0015  0.0015  0.0015  0.0015
 0.0015  0.0015  0.0015  0.0015  0.0015  0.0015  0.0015  0.0015  0.0015
 0.0015  0.0015  0.0015 ]
2025-08-25 02:42:42,279 - DEBUG -    向量形状: (21,)
2025-08-25 02:42:42,279 - DEBUG -    偏差统计: 均值=0.001314, 标准差=0.000356
2025-08-25 02:42:42,279 - DEBUG - 获取生理偏差: 点类型=['pupil_center', 'iris_boundaries', 'iris_boundaries', 'iris_boundaries', 'iris_boundaries', 'eye_contours', 'eye_contours', 'eye_contours', 'eye_contours', 'eye_contours', 'eye_contours', 'eye_contours', 'eye_contours', 'eye_contours', 'eye_contours', 'eye_contours', 'eye_contours', 'eye_contours', 'eye_contours', 'eye_contours', 'eye_contours'], 偏差值=[0.0002  0.00085 0.00085 0.00085 0.00085 0.0015  0.0015  0.0015  0.0015
 0.0015  0.0015  0.0015  0.0015  0.0015  0.0015  0.0015  0.0015  0.0015
 0.0015  0.0015  0.0015 ]
2025-08-25 02:42:42,279 - INFO - -----------------------------------------------------------------------------------
2025-08-25 02:42:42,279 - DEBUG - 🔍 拟合残差计算详情:
2025-08-25 02:42:42,279 - DEBUG -    球心坐标: [ 0.10918308 -0.04191101  0.60060421]
2025-08-25 02:42:42,279 - DEBUG -    球体半径: 0.013585
2025-08-25 02:42:42,279 - DEBUG -    采样点数: 21
2025-08-25 02:42:42,279 - DEBUG -    点类型分布: {'eye_contours': 16, 'iris_boundaries': 4, 'pupil_center': 1}
2025-08-25 02:42:42,279 - DEBUG -    理论距离向量: [0.01378487 0.01443487 0.01443487 0.01443487 0.01443487 0.01508487
 0.01508487 0.01508487 0.01508487 0.01508487 0.01508487 0.01508487
 0.01508487 0.01508487 0.01508487 0.01508487 0.01508487 0.01508487
 0.01508487 0.01508487 0.01508487]
2025-08-25 02:42:42,279 - DEBUG -    实际距离向量: [0.00904857 0.0163031  0.00217902 0.01260633 0.01987209 0.02543104
 0.02108466 0.01300091 0.00431451 0.00809253 0.01691505 0.02283481
 0.0263642  0.02915522 0.02740285 0.02523292 0.02260303 0.01951923
 0.01855682 0.02045468 0.02366671]
2025-08-25 02:42:42,279 - DEBUG -    生理偏差向量: [0.0002  0.00085 0.00085 0.00085 0.00085 0.0015  0.0015  0.0015  0.0015
 0.0015  0.0015  0.0015  0.0015  0.0015  0.0015  0.0015  0.0015  0.0015
 0.0015  0.0015  0.0015 ]
2025-08-25 02:42:42,279 - DEBUG -    残差向量 f(θ): 
[[-0.0047363 ]
 [ 0.00186823]
 [-0.01225585]
 [-0.00182854]
 [ 0.00543723]
 [ 0.01034617]
 [ 0.00599979]
 [-0.00208396]
 [-0.01077036]
 [-0.00699234]
 [ 0.00183018]
 [ 0.00774995]
 [ 0.01127933]
 [ 0.01407035]
 [ 0.01231798]
 [ 0.01014806]
 [ 0.00751816]
 [ 0.00443436]
 [ 0.00347195]
 [ 0.00536982]
 [ 0.00858184]]
2025-08-25 02:42:42,279 - DEBUG -    平均残差范数: 0.001753
2025-08-25 02:42:42,279 - DEBUG -    残差范数=0.036815
2025-08-25 02:42:42,279 - INFO - -----------------------------------------------------------------------------------
2025-08-25 02:42:42,287 - DEBUG - 🔍 深度约束计算详情 (softplus):
2025-08-25 02:42:42,287 - DEBUG -    采样点Z坐标范围: [0.600000, 0.601360]
2025-08-25 02:42:42,287 - DEBUG -    球心Z坐标: 0.600604
2025-08-25 02:42:42,287 - DEBUG -    深度偏移ε: 0.000200
2025-08-25 02:42:42,287 - DEBUG -    softplus参数τ: 0.001000
2025-08-25 02:42:42,287 - DEBUG -    原始违反值: 0.000956
2025-08-25 02:42:42,287 - DEBUG -    softplus输入 u: 0.955931
2025-08-25 02:42:42,287 - DEBUG -    约束惩罚 h(θ): 0.001281
2025-08-25 02:42:42,287 - DEBUG -    🔴 深度约束被违反: 球心过浅
2025-08-25 02:42:42,287 - INFO - -----------------------------------------------------------------------------------
2025-08-25 02:42:42,287 - DEBUG - 🔍 半径惩罚计算详情:
2025-08-25 02:42:42,287 - DEBUG -    当前半径: 0.013585
2025-08-25 02:42:42,287 - DEBUG -    半径先验值: 0.012000
2025-08-25 02:42:42,287 - DEBUG -    半径残差 r(θ): 0.001585
2025-08-25 02:42:42,287 - DEBUG -    数据残差 f(θ): [[-0.0047363 ]
 [ 0.00186823]
 [-0.01225585]
 [-0.00182854]
 [ 0.00543723]
 [ 0.01034617]
 [ 0.00599979]
 [-0.00208396]
 [-0.01077036]
 [-0.00699234]
 [ 0.00183018]
 [ 0.00774995]
 [ 0.01127933]
 [ 0.01407035]
 [ 0.01231798]
 [ 0.01014806]
 [ 0.00751816]
 [ 0.00443436]
 [ 0.00347195]
 [ 0.00536982]
 [ 0.00858184]]
2025-08-25 02:42:42,287 - DEBUG -    约束残差 g(θ): [[0.00128124]]
2025-08-25 02:42:42,287 - DEBUG -    半径残差 r(θ): [[0.00158487]]
2025-08-25 02:42:42,287 - DEBUG - 🔍 状态变化计算: 参数变化=0.000000, 残差变化=0.000000
2025-08-25 02:42:42,287 - INFO - -----------------------------------------------------------------------------------
2025-08-25 02:42:42,287 - DEBUG - 🔍 权重管理器状态更新详情:
2025-08-25 02:42:42,287 - DEBUG -    当前迭代: 4
2025-08-25 02:42:42,287 - DEBUG -    参数变化: 0.000000 (阈值: 0.000005)
2025-08-25 02:42:42,287 - DEBUG -    残差变化: 0.000000 (阈值: 0.000005)
2025-08-25 02:42:42,287 - DEBUG -    几何权重因子: 10
2025-08-25 02:42:42,287 - DEBUG - ⏸️ 保持图像置信度权重: 参数变化=0.00e+00, 残差变化=0.00e+00
2025-08-25 02:42:42,287 - DEBUG - 状态已保存: 参数=[ 0.10918308 -0.04191101  0.60060421  0.01358487], 残差范数=0.036815
2025-08-25 02:42:42,287 - DEBUG - 🔍 获取visibility信息: 形状=(21,), 范围=[1.000, 1.000]
2025-08-25 02:42:42,287 - DEBUG - 🔧 设置图像置信度权重: 21个点
2025-08-25 02:42:42,287 - DEBUG - 🔍 开始计算权重矩阵:
2025-08-25 02:42:42,287 - DEBUG -    点类型: ['pupil_center', 'iris_boundaries', 'iris_boundaries', 'iris_boundaries', 'iris_boundaries', 'eye_contours', 'eye_contours', 'eye_contours', 'eye_contours', 'eye_contours', 'eye_contours', 'eye_contours', 'eye_contours', 'eye_contours', 'eye_contours', 'eye_contours', 'eye_contours', 'eye_contours', 'eye_contours', 'eye_contours', 'eye_contours']
2025-08-25 02:42:42,287 - DEBUG -    残差向量: 形状=(21,), 范数=0.036815
2025-08-25 02:42:42,287 - DEBUG -    Visibility: 形状=(21,), 均值=1.000
2025-08-25 02:42:42,287 - DEBUG - 🔍 权重矩阵计算成功: 形状=(21, 21)
2025-08-25 02:42:42,287 - DEBUG - 🔍 几何权重统计:
2025-08-25 02:42:42,287 - DEBUG -    权重向量: [[1.]
 [1.]
 [1.]
 [1.]
 [1.]
 [1.]
 [1.]
 [1.]
 [1.]
 [1.]
 [1.]
 [1.]
 [1.]
 [1.]
 [1.]
 [1.]
 [1.]
 [1.]
 [1.]
 [1.]
 [1.]]
2025-08-25 02:42:42,287 - DEBUG -    权重范围: [1.000000, 1.000000]
2025-08-25 02:42:42,287 - DEBUG -    权重均值: 1.000000
2025-08-25 02:42:42,287 - DEBUG -    权重标准差: 0.000000
2025-08-25 02:42:42,287 - DEBUG -    高权重点(>0.8): 21/21
2025-08-25 02:42:42,287 - DEBUG -    低权重点(<0.2): 0/21
2025-08-25 02:42:42,287 - INFO - -----------------------------------------------------------------------------------
2025-08-25 02:42:42,287 - DEBUG - 🔍 开始求解LM更新方程:
2025-08-25 02:42:42,287 - DEBUG -    数据残差: 形状=(21,), 范数=0.036815
2025-08-25 02:42:42,287 - DEBUG -    约束残差: 形状=(1,), 范数=0.001281
2025-08-25 02:42:42,287 - DEBUG - 🔍 计算数据残差雅可比矩阵 J_f: 形状=(21, 4)
2025-08-25 02:42:42,295 - DEBUG - 🔍 J_f矩阵计算完成: 条件数=4.72e+01
2025-08-25 02:42:42,295 - DEBUG - 🔍 深度约束雅可比计算: u=0.955931, σ=0.722306, J_h=[[ 0.          0.         -0.72230648  0.        ]]
2025-08-25 02:42:42,295 - DEBUG - 🔍 半径先验雅可比: J_r=[[0. 0. 0. 1.]]
2025-08-25 02:42:42,295 - DEBUG - 🔍 使用几何权重矩阵: 形状=(21, 21)
2025-08-25 02:42:42,295 - DEBUG - 🔍 Hessian矩阵计算:
2025-08-25 02:42:42,295 - DEBUG -    H_data = J_f^T W J_f: 形状=(4, 4), 条件数=2.23e+03
2025-08-25 02:42:42,295 - DEBUG -    H_h = λ_depth J_h^T J_h: 形状=(4, 4), λ_depth=1000.0
2025-08-25 02:42:42,295 - DEBUG -    H_r = λ_radius J_r^T J_r: 形状=(4, 4), λ_radius=10.0
2025-08-25 02:42:42,295 - DEBUG -    H_total: 形状=(4, 4), 条件数=1.53e+02
2025-08-25 02:42:42,295 - DEBUG - 🔍 梯度计算:
2025-08-25 02:42:42,295 - DEBUG -    g_data: 形状=(4,), 范数=0.090174
2025-08-25 02:42:42,295 - DEBUG -    g_h: 形状=(4,), 范数=0.925446
2025-08-25 02:42:42,295 - DEBUG -    g_r: 形状=(4,), 范数=0.015849
2025-08-25 02:42:42,295 - DEBUG -    g_total: 形状=(4,), 范数=0.927027
2025-08-25 02:42:42,295 - DEBUG - 🔍 LM阻尼矩阵: H_lm = H_total + 1.0 * I
2025-08-25 02:42:42,295 - DEBUG -    H_lm条件数: 1.19e+02
2025-08-25 02:42:42,295 - DEBUG - 🔍 线性方程组求解成功:
2025-08-25 02:42:42,295 - DEBUG -    参数更新向量 Δθ: [[-0.00237221]
 [-0.00499739]
 [ 0.00176557]
 [-0.00060732]]
2025-08-25 02:42:42,295 - DEBUG -    更新向量范数: 0.005838
2025-08-25 02:42:42,295 - DEBUG -    各分量更新: Δc_x=-0.002372, Δc_y=-0.004997, Δc_z=0.001766, Δr=-0.000607
2025-08-25 02:42:42,295 - DEBUG -    参数更新:
2025-08-25 02:42:42,295 - DEBUG -      旧参数: [[ 0.10918308]
 [-0.04191101]
 [ 0.60060421]
 [ 0.01358487]]
2025-08-25 02:42:42,295 - DEBUG -      更新向量: [[-0.00237221]
 [-0.00499739]
 [ 0.00176557]
 [-0.00060732]]
2025-08-25 02:42:42,295 - DEBUG -      新参数: [[ 0.10681087]
 [-0.0469084 ]
 [ 0.60236978]
 [ 0.01297755]]
2025-08-25 02:42:42,295 - INFO - -----------------------------------------------------------------------------------
2025-08-25 02:42:42,295 - INFO - 🔍 迭代第4次，球心向右2.372211mm，向上4.997386mm，向后1.765573mm，半径变小0.607323mm
2025-08-25 02:42:42,295 - INFO - 📊 变化前: 中心(0.109, -0.042, 0.601), 半径13.58mm
2025-08-25 02:42:42,295 - INFO - 📊 变化后: 中心(0.107, -0.047, 0.602), 半径12.98mm
2025-08-25 02:42:42,295 - INFO - 📈 变化量: 中心移动5.53mm, 半径变化0.61mm
2025-08-25 02:42:42,295 - INFO - 📍 眼球中心: [ 0.10918308 -0.04191101  0.60060421]
2025-08-25 02:42:42,295 - INFO - 📏 眼球半径: 13.58mm
2025-08-25 02:42:42,295 - INFO - 👁️ 瞳孔中心: [ 0.112      -0.03333333  0.60000002]
2025-08-25 02:42:42,295 - INFO - 📐 眼球中心在瞳孔中心的左2.82mm，上8.58mm，后0.60mm
2025-08-25 02:42:42,295 - INFO - 📏 距离: 9.05mm
2025-08-25 02:42:42,295 - INFO - -----------------------------------------------------------------------------------
2025-08-25 02:42:42,295 - INFO - -----------------------------------------------------------------------------------
2025-08-25 02:42:42,295 - DEBUG - 🔍 参数有效性检查:
2025-08-25 02:42:42,295 - DEBUG -    参数向量: [[ 0.10681087]
 [-0.0469084 ]
 [ 0.60236978]
 [ 0.01297755]]
2025-08-25 02:42:42,295 - DEBUG -    球心: [ 0.10681087 -0.0469084   0.60236978]
2025-08-25 02:42:42,295 - DEBUG -    半径: 0.012978
2025-08-25 02:42:42,295 - DEBUG - 🔍 函数值计算详情:
2025-08-25 02:42:42,295 - DEBUG -    数据项 F(θ): 0.000678
2025-08-25 02:42:42,303 - DEBUG -    深度约束项: 0.000821
2025-08-25 02:42:42,303 - DEBUG -    半径先验项: 0.000013
2025-08-25 02:42:42,303 - DEBUG -    总函数值 Φ(θ): 0.001511
2025-08-25 02:42:42,303 - DEBUG -    函数值改善: 0.000000
2025-08-25 02:42:42,303 - DEBUG - 🔍 参数有效: True
2025-08-25 02:42:42,303 - DEBUG -    参数更新成功:
2025-08-25 02:42:42,303 - DEBUG -      新球心: [ 0.10681087 -0.0469084   0.60236978]
2025-08-25 02:42:42,303 - DEBUG -      新半径: 0.012978
2025-08-25 02:42:42,303 - INFO - -----------------------------------------------------------------------------------
2025-08-25 02:42:42,303 - DEBUG - 🔍 LM收敛性检查:
2025-08-25 02:42:42,303 - DEBUG -    当前迭代次数: 4
2025-08-25 02:42:42,303 - DEBUG -    最大迭代次数: 30
2025-08-25 02:42:42,303 - DEBUG -    参数变化: 0.005838
2025-08-25 02:42:42,303 - DEBUG -    参数容忍度: 5e-06
2025-08-25 02:42:42,303 - DEBUG -    残差变化: 0.000000
2025-08-25 02:42:42,303 - DEBUG -    残差容忍度: 5e-06
2025-08-25 02:42:42,303 - DEBUG - 🔍 迭代 6/30:
2025-08-25 02:42:42,303 - DEBUG - 🔍 计算点到球心距离: 形状=(21,)
2025-08-25 02:42:42,303 - DEBUG - 🔍 生理偏差向量计算:
2025-08-25 02:42:42,303 - DEBUG -    点类型列表: ['pupil_center', 'iris_boundaries', 'iris_boundaries', 'iris_boundaries', 'iris_boundaries', 'eye_contours', 'eye_contours', 'eye_contours', 'eye_contours', 'eye_contours', 'eye_contours', 'eye_contours', 'eye_contours', 'eye_contours', 'eye_contours', 'eye_contours', 'eye_contours', 'eye_contours', 'eye_contours', 'eye_contours', 'eye_contours']
2025-08-25 02:42:42,303 - DEBUG -    偏差向量: [0.0002  0.00085 0.00085 0.00085 0.00085 0.0015  0.0015  0.0015  0.0015
 0.0015  0.0015  0.0015  0.0015  0.0015  0.0015  0.0015  0.0015  0.0015
 0.0015  0.0015  0.0015 ]
2025-08-25 02:42:42,303 - DEBUG -    向量形状: (21,)
2025-08-25 02:42:42,303 - DEBUG -    偏差统计: 均值=0.001314, 标准差=0.000356
2025-08-25 02:42:42,303 - DEBUG - 获取生理偏差: 点类型=['pupil_center', 'iris_boundaries', 'iris_boundaries', 'iris_boundaries', 'iris_boundaries', 'eye_contours', 'eye_contours', 'eye_contours', 'eye_contours', 'eye_contours', 'eye_contours', 'eye_contours', 'eye_contours', 'eye_contours', 'eye_contours', 'eye_contours', 'eye_contours', 'eye_contours', 'eye_contours', 'eye_contours', 'eye_contours'], 偏差值=[0.0002  0.00085 0.00085 0.00085 0.00085 0.0015  0.0015  0.0015  0.0015
 0.0015  0.0015  0.0015  0.0015  0.0015  0.0015  0.0015  0.0015  0.0015
 0.0015  0.0015  0.0015 ]
2025-08-25 02:42:42,303 - INFO - -----------------------------------------------------------------------------------
2025-08-25 02:42:42,303 - DEBUG - 🔍 拟合残差计算详情:
2025-08-25 02:42:42,303 - DEBUG -    球心坐标: [ 0.10681087 -0.0469084   0.60236978]
2025-08-25 02:42:42,303 - DEBUG -    球体半径: 0.012978
2025-08-25 02:42:42,303 - DEBUG -    采样点数: 21
2025-08-25 02:42:42,303 - DEBUG -    点类型分布: {'eye_contours': 16, 'iris_boundaries': 4, 'pupil_center': 1}
2025-08-25 02:42:42,303 - DEBUG -    理论距离向量: [0.01317755 0.01382755 0.01382755 0.01382755 0.01382755 0.01447755
 0.01447755 0.01447755 0.01447755 0.01447755 0.01447755 0.01447755
 0.01447755 0.01447755 0.01447755 0.01447755 0.01447755 0.01447755
 0.01447755 0.01447755 0.01447755]
2025-08-25 02:42:42,303 - DEBUG -    实际距离向量: [0.01472499 0.02118484 0.00636768 0.01613593 0.02536861 0.0275382
 0.02310844 0.01528824 0.00932087 0.01283535 0.02090083 0.02679688
 0.0304038  0.03325297 0.03194482 0.03020478 0.02797836 0.0251077
 0.02357939 0.02412012 0.02633241]
2025-08-25 02:42:42,303 - DEBUG -    生理偏差向量: [0.0002  0.00085 0.00085 0.00085 0.00085 0.0015  0.0015  0.0015  0.0015
 0.0015  0.0015  0.0015  0.0015  0.0015  0.0015  0.0015  0.0015  0.0015
 0.0015  0.0015  0.0015 ]
2025-08-25 02:42:42,303 - DEBUG -    残差向量 f(θ): 
[[ 0.00154744]
 [ 0.00735729]
 [-0.00745986]
 [ 0.00230838]
 [ 0.01154107]
 [ 0.01306065]
 [ 0.0086309 ]
 [ 0.00081069]
 [-0.00515668]
 [-0.00164219]
 [ 0.00642328]
 [ 0.01231934]
 [ 0.01592626]
 [ 0.01877542]
 [ 0.01746728]
 [ 0.01572723]
 [ 0.01350081]
 [ 0.01063015]
 [ 0.00910184]
 [ 0.00964258]
 [ 0.01185486]]
2025-08-25 02:42:42,303 - DEBUG -    平均残差范数: 0.002376
2025-08-25 02:42:42,303 - DEBUG -    残差范数=0.049890
2025-08-25 02:42:42,303 - INFO - -----------------------------------------------------------------------------------
2025-08-25 02:42:42,303 - DEBUG - 🔍 深度约束计算详情 (softplus):
2025-08-25 02:42:42,303 - DEBUG -    采样点Z坐标范围: [0.600000, 0.601360]
2025-08-25 02:42:42,303 - DEBUG -    球心Z坐标: 0.602370
2025-08-25 02:42:42,311 - DEBUG -    深度偏移ε: 0.000200
2025-08-25 02:42:42,311 - DEBUG -    softplus参数τ: 0.001000
2025-08-25 02:42:42,311 - DEBUG -    原始违反值: -0.000810
2025-08-25 02:42:42,311 - DEBUG -    softplus输入 u: -0.809642
2025-08-25 02:42:42,311 - DEBUG -    约束惩罚 h(θ): 0.000368
2025-08-25 02:42:42,311 - DEBUG -    🟢 深度约束满足: 球心深度足够
2025-08-25 02:42:42,311 - INFO - -----------------------------------------------------------------------------------
2025-08-25 02:42:42,311 - DEBUG - 🔍 半径惩罚计算详情:
2025-08-25 02:42:42,311 - DEBUG -    当前半径: 0.012978
2025-08-25 02:42:42,311 - DEBUG -    半径先验值: 0.012000
2025-08-25 02:42:42,311 - DEBUG -    半径残差 r(θ): 0.000978
2025-08-25 02:42:42,311 - DEBUG -    数据残差 f(θ): [[ 0.00154744]
 [ 0.00735729]
 [-0.00745986]
 [ 0.00230838]
 [ 0.01154107]
 [ 0.01306065]
 [ 0.0086309 ]
 [ 0.00081069]
 [-0.00515668]
 [-0.00164219]
 [ 0.00642328]
 [ 0.01231934]
 [ 0.01592626]
 [ 0.01877542]
 [ 0.01746728]
 [ 0.01572723]
 [ 0.01350081]
 [ 0.01063015]
 [ 0.00910184]
 [ 0.00964258]
 [ 0.01185486]]
2025-08-25 02:42:42,311 - DEBUG -    约束残差 g(θ): [[0.00036812]]
2025-08-25 02:42:42,311 - DEBUG -    半径残差 r(θ): [[0.00097755]]
2025-08-25 02:42:42,311 - DEBUG - 🔍 状态变化计算: 参数变化=0.005838, 残差变化=0.013075
2025-08-25 02:42:42,311 - INFO - -----------------------------------------------------------------------------------
2025-08-25 02:42:42,311 - DEBUG - 🔍 权重管理器状态更新详情:
2025-08-25 02:42:42,311 - DEBUG -    当前迭代: 5
2025-08-25 02:42:42,311 - DEBUG -    参数变化: 0.005838 (阈值: 0.000005)
2025-08-25 02:42:42,311 - DEBUG -    残差变化: 0.013075 (阈值: 0.000005)
2025-08-25 02:42:42,311 - DEBUG -    几何权重因子: 10
2025-08-25 02:42:42,311 - DEBUG - ⏸️ 保持图像置信度权重: 参数变化=5.84e-03, 残差变化=1.31e-02
2025-08-25 02:42:42,311 - DEBUG - 状态已保存: 参数=[ 0.10681087 -0.0469084   0.60236978  0.01297755], 残差范数=0.049890
2025-08-25 02:42:42,311 - DEBUG - 🔍 获取visibility信息: 形状=(21,), 范围=[1.000, 1.000]
2025-08-25 02:42:42,311 - DEBUG - 🔧 设置图像置信度权重: 21个点
2025-08-25 02:42:42,311 - DEBUG - 🔍 开始计算权重矩阵:
2025-08-25 02:42:42,311 - DEBUG -    点类型: ['pupil_center', 'iris_boundaries', 'iris_boundaries', 'iris_boundaries', 'iris_boundaries', 'eye_contours', 'eye_contours', 'eye_contours', 'eye_contours', 'eye_contours', 'eye_contours', 'eye_contours', 'eye_contours', 'eye_contours', 'eye_contours', 'eye_contours', 'eye_contours', 'eye_contours', 'eye_contours', 'eye_contours', 'eye_contours']
2025-08-25 02:42:42,311 - DEBUG -    残差向量: 形状=(21,), 范数=0.049890
2025-08-25 02:42:42,311 - DEBUG -    Visibility: 形状=(21,), 均值=1.000
2025-08-25 02:42:42,311 - DEBUG - 🔍 权重矩阵计算成功: 形状=(21, 21)
2025-08-25 02:42:42,311 - DEBUG - 🔍 几何权重统计:
2025-08-25 02:42:42,311 - DEBUG -    权重向量: [[1.]
 [1.]
 [1.]
 [1.]
 [1.]
 [1.]
 [1.]
 [1.]
 [1.]
 [1.]
 [1.]
 [1.]
 [1.]
 [1.]
 [1.]
 [1.]
 [1.]
 [1.]
 [1.]
 [1.]
 [1.]]
2025-08-25 02:42:42,311 - DEBUG -    权重范围: [1.000000, 1.000000]
2025-08-25 02:42:42,311 - DEBUG -    权重均值: 1.000000
2025-08-25 02:42:42,311 - DEBUG -    权重标准差: 0.000000
2025-08-25 02:42:42,311 - DEBUG -    高权重点(>0.8): 21/21
2025-08-25 02:42:42,311 - DEBUG -    低权重点(<0.2): 0/21
2025-08-25 02:42:42,311 - INFO - -----------------------------------------------------------------------------------
2025-08-25 02:42:42,311 - DEBUG - 🔍 开始求解LM更新方程:
2025-08-25 02:42:42,311 - DEBUG -    数据残差: 形状=(21,), 范数=0.049890
2025-08-25 02:42:42,311 - DEBUG -    约束残差: 形状=(1,), 范数=0.000368
2025-08-25 02:42:42,311 - DEBUG - 🔍 计算数据残差雅可比矩阵 J_f: 形状=(21, 4)
2025-08-25 02:42:42,311 - DEBUG - 🔍 J_f矩阵计算完成: 条件数=2.29e+01
2025-08-25 02:42:42,311 - DEBUG - 🔍 深度约束雅可比计算: u=-0.809642, σ=0.307967, J_h=[[ 0.          0.         -0.30796682  0.        ]]
2025-08-25 02:42:42,311 - DEBUG - 🔍 半径先验雅可比: J_r=[[0. 0. 0. 1.]]
2025-08-25 02:42:42,311 - DEBUG - 🔍 使用几何权重矩阵: 形状=(21, 21)
2025-08-25 02:42:42,319 - DEBUG - 🔍 Hessian矩阵计算:
2025-08-25 02:42:42,319 - DEBUG -    H_data = J_f^T W J_f: 形状=(4, 4), 条件数=5.26e+02
2025-08-25 02:42:42,319 - DEBUG -    H_h = λ_depth J_h^T J_h: 形状=(4, 4), λ_depth=1000.0
2025-08-25 02:42:42,319 - DEBUG -    H_r = λ_radius J_r^T J_r: 形状=(4, 4), λ_radius=10.0
2025-08-25 02:42:42,319 - DEBUG -    H_total: 形状=(4, 4), 条件数=2.76e+01
2025-08-25 02:42:42,319 - DEBUG - 🔍 梯度计算:
2025-08-25 02:42:42,319 - DEBUG -    g_data: 形状=(4,), 范数=0.218745
2025-08-25 02:42:42,319 - DEBUG -    g_h: 形状=(4,), 范数=0.113369
2025-08-25 02:42:42,319 - DEBUG -    g_r: 形状=(4,), 范数=0.009775
2025-08-25 02:42:42,319 - DEBUG -    g_total: 形状=(4,), 范数=0.243696
2025-08-25 02:42:42,319 - DEBUG - 🔍 LM阻尼矩阵: H_lm = H_total + 1.0 * I
2025-08-25 02:42:42,319 - DEBUG -    H_lm条件数: 2.16e+01
2025-08-25 02:42:42,319 - DEBUG - 🔍 线性方程组求解成功:
2025-08-25 02:42:42,319 - DEBUG -    参数更新向量 Δθ: [[-0.00426829]
 [-0.00652916]
 [ 0.00111192]
 [ 0.00100507]]
2025-08-25 02:42:42,319 - DEBUG -    更新向量范数: 0.007943
2025-08-25 02:42:42,319 - DEBUG -    各分量更新: Δc_x=-0.004268, Δc_y=-0.006529, Δc_z=0.001112, Δr=0.001005
2025-08-25 02:42:42,319 - DEBUG -    参数更新:
2025-08-25 02:42:42,319 - DEBUG -      旧参数: [[ 0.10681087]
 [-0.0469084 ]
 [ 0.60236978]
 [ 0.01297755]]
2025-08-25 02:42:42,319 - DEBUG -      更新向量: [[-0.00426829]
 [-0.00652916]
 [ 0.00111192]
 [ 0.00100507]]
2025-08-25 02:42:42,319 - DEBUG -      新参数: [[ 0.10254258]
 [-0.05343756]
 [ 0.6034817 ]
 [ 0.01398262]]
2025-08-25 02:42:42,319 - INFO - -----------------------------------------------------------------------------------
2025-08-25 02:42:42,319 - INFO - 🔍 迭代第5次，球心向右4.268289mm，向上6.529158mm，向后1.111915mm，半径变大1.005070mm
2025-08-25 02:42:42,319 - INFO - 📊 变化前: 中心(0.107, -0.047, 0.602), 半径12.98mm
2025-08-25 02:42:42,319 - INFO - 📊 变化后: 中心(0.103, -0.053, 0.603), 半径13.98mm
2025-08-25 02:42:42,319 - INFO - 📈 变化量: 中心移动7.80mm, 半径变化1.01mm
2025-08-25 02:42:42,319 - INFO - 📍 眼球中心: [ 0.10681087 -0.0469084   0.60236978]
2025-08-25 02:42:42,319 - INFO - 📏 眼球半径: 12.98mm
2025-08-25 02:42:42,319 - INFO - 👁️ 瞳孔中心: [ 0.112      -0.03333333  0.60000002]
2025-08-25 02:42:42,319 - INFO - 📐 眼球中心在瞳孔中心的左5.19mm，上13.58mm，后2.37mm
2025-08-25 02:42:42,319 - INFO - 📏 距离: 14.72mm
2025-08-25 02:42:42,319 - INFO - -----------------------------------------------------------------------------------
2025-08-25 02:42:42,319 - INFO - -----------------------------------------------------------------------------------
2025-08-25 02:42:42,319 - DEBUG - 🔍 参数有效性检查:
2025-08-25 02:42:42,319 - DEBUG -    参数向量: [[ 0.10254258]
 [-0.05343756]
 [ 0.6034817 ]
 [ 0.01398262]]
2025-08-25 02:42:42,319 - DEBUG -    球心: [ 0.10254258 -0.05343756  0.6034817 ]
2025-08-25 02:42:42,319 - DEBUG -    半径: 0.013983
2025-08-25 02:42:42,319 - DEBUG - 🔍 函数值计算详情:
2025-08-25 02:42:42,319 - DEBUG -    数据项 F(θ): 0.001244
2025-08-25 02:42:42,327 - DEBUG -    深度约束项: 0.000068
2025-08-25 02:42:42,327 - DEBUG -    半径先验项: 0.000005
2025-08-25 02:42:42,327 - DEBUG -    总函数值 Φ(θ): 0.001317
2025-08-25 02:42:42,327 - DEBUG -    函数值改善: 0.000194
2025-08-25 02:42:42,327 - DEBUG - 🔍 参数有效: True
2025-08-25 02:42:42,327 - DEBUG -    参数更新成功:
2025-08-25 02:42:42,327 - DEBUG -      新球心: [ 0.10254258 -0.05343756  0.6034817 ]
2025-08-25 02:42:42,327 - DEBUG -      新半径: 0.013983
2025-08-25 02:42:42,327 - INFO - -----------------------------------------------------------------------------------
2025-08-25 02:42:42,327 - DEBUG - 🔍 LM收敛性检查:
2025-08-25 02:42:42,327 - DEBUG -    当前迭代次数: 5
2025-08-25 02:42:42,327 - DEBUG -    最大迭代次数: 30
2025-08-25 02:42:42,327 - DEBUG -    参数变化: 0.007943
2025-08-25 02:42:42,327 - DEBUG -    参数容忍度: 5e-06
2025-08-25 02:42:42,327 - DEBUG -    残差变化: 0.000000
2025-08-25 02:42:42,327 - DEBUG -    残差容忍度: 5e-06
2025-08-25 02:42:42,327 - DEBUG - 🔍 迭代 7/30:
2025-08-25 02:42:42,327 - DEBUG - 🔍 计算点到球心距离: 形状=(21,)
2025-08-25 02:42:42,327 - DEBUG - 🔍 生理偏差向量计算:
2025-08-25 02:42:42,327 - DEBUG -    点类型列表: ['pupil_center', 'iris_boundaries', 'iris_boundaries', 'iris_boundaries', 'iris_boundaries', 'eye_contours', 'eye_contours', 'eye_contours', 'eye_contours', 'eye_contours', 'eye_contours', 'eye_contours', 'eye_contours', 'eye_contours', 'eye_contours', 'eye_contours', 'eye_contours', 'eye_contours', 'eye_contours', 'eye_contours', 'eye_contours']
2025-08-25 02:42:42,327 - DEBUG -    偏差向量: [0.0002  0.00085 0.00085 0.00085 0.00085 0.0015  0.0015  0.0015  0.0015
 0.0015  0.0015  0.0015  0.0015  0.0015  0.0015  0.0015  0.0015  0.0015
 0.0015  0.0015  0.0015 ]
2025-08-25 02:42:42,327 - DEBUG -    向量形状: (21,)
2025-08-25 02:42:42,327 - DEBUG -    偏差统计: 均值=0.001314, 标准差=0.000356
2025-08-25 02:42:42,327 - DEBUG - 获取生理偏差: 点类型=['pupil_center', 'iris_boundaries', 'iris_boundaries', 'iris_boundaries', 'iris_boundaries', 'eye_contours', 'eye_contours', 'eye_contours', 'eye_contours', 'eye_contours', 'eye_contours', 'eye_contours', 'eye_contours', 'eye_contours', 'eye_contours', 'eye_contours', 'eye_contours', 'eye_contours', 'eye_contours', 'eye_contours', 'eye_contours'], 偏差值=[0.0002  0.00085 0.00085 0.00085 0.00085 0.0015  0.0015  0.0015  0.0015
 0.0015  0.0015  0.0015  0.0015  0.0015  0.0015  0.0015  0.0015  0.0015
 0.0015  0.0015  0.0015 ]
2025-08-25 02:42:42,327 - INFO - -----------------------------------------------------------------------------------
2025-08-25 02:42:42,327 - DEBUG - 🔍 拟合残差计算详情:
2025-08-25 02:42:42,327 - DEBUG -    球心坐标: [ 0.10254258 -0.05343756  0.6034817 ]
2025-08-25 02:42:42,327 - DEBUG -    球体半径: 0.013983
2025-08-25 02:42:42,327 - DEBUG -    采样点数: 21
2025-08-25 02:42:42,327 - DEBUG -    点类型分布: {'eye_contours': 16, 'iris_boundaries': 4, 'pupil_center': 1}
2025-08-25 02:42:42,327 - DEBUG -    理论距离向量: [0.01418262 0.01483262 0.01483262 0.01483262 0.01483262 0.01548262
 0.01548262 0.01548262 0.01548262 0.01548262 0.01548262 0.01548262
 0.01548262 0.01548262 0.01548262 0.01548262 0.01548262 0.01548262
 0.01548262 0.01548262 0.01548262]
2025-08-25 02:42:42,327 - DEBUG -    实际距离向量: [0.02248877 0.02877599 0.01413288 0.02197826 0.03297231 0.03109347
 0.02681752 0.02002265 0.01670609 0.02046011 0.02791442 0.0336839
 0.03729341 0.04015384 0.039233   0.03779487 0.0357999  0.03286338
 0.03057936 0.02965126 0.03063218]
2025-08-25 02:42:42,327 - DEBUG -    生理偏差向量: [0.0002  0.00085 0.00085 0.00085 0.00085 0.0015  0.0015  0.0015  0.0015
 0.0015  0.0015  0.0015  0.0015  0.0015  0.0015  0.0015  0.0015  0.0015
 0.0015  0.0015  0.0015 ]
2025-08-25 02:42:42,327 - DEBUG -    残差向量 f(θ): 
[[ 0.00830615]
 [ 0.01394338]
 [-0.00069974]
 [ 0.00714564]
 [ 0.01813969]
 [ 0.01561086]
 [ 0.01133491]
 [ 0.00454003]
 [ 0.00122347]
 [ 0.00497749]
 [ 0.0124318 ]
 [ 0.01820129]
 [ 0.02181079]
 [ 0.02467122]
 [ 0.02375039]
 [ 0.02231226]
 [ 0.02031728]
 [ 0.01738076]
 [ 0.01509674]
 [ 0.01416865]
 [ 0.01514956]]
2025-08-25 02:42:42,327 - DEBUG -    平均残差范数: 0.003390
2025-08-25 02:42:42,327 - DEBUG -    残差范数=0.071192
2025-08-25 02:42:42,327 - INFO - -----------------------------------------------------------------------------------
2025-08-25 02:42:42,327 - DEBUG - 🔍 深度约束计算详情 (softplus):
2025-08-25 02:42:42,327 - DEBUG -    采样点Z坐标范围: [0.600000, 0.601360]
2025-08-25 02:42:42,327 - DEBUG -    球心Z坐标: 0.603482
2025-08-25 02:42:42,327 - DEBUG -    深度偏移ε: 0.000200
2025-08-25 02:42:42,335 - DEBUG -    softplus参数τ: 0.001000
2025-08-25 02:42:42,335 - DEBUG -    原始违反值: -0.001922
2025-08-25 02:42:42,335 - DEBUG -    softplus输入 u: -1.921557
2025-08-25 02:42:42,335 - DEBUG -    约束惩罚 h(θ): 0.000137
2025-08-25 02:42:42,335 - DEBUG -    🟢 深度约束满足: 球心深度足够
2025-08-25 02:42:42,335 - INFO - -----------------------------------------------------------------------------------
2025-08-25 02:42:42,335 - DEBUG - 🔍 半径惩罚计算详情:
2025-08-25 02:42:42,335 - DEBUG -    当前半径: 0.013983
2025-08-25 02:42:42,335 - DEBUG -    半径先验值: 0.012000
2025-08-25 02:42:42,335 - DEBUG -    半径残差 r(θ): 0.001983
2025-08-25 02:42:42,335 - DEBUG -    数据残差 f(θ): [[ 0.00830615]
 [ 0.01394338]
 [-0.00069974]
 [ 0.00714564]
 [ 0.01813969]
 [ 0.01561086]
 [ 0.01133491]
 [ 0.00454003]
 [ 0.00122347]
 [ 0.00497749]
 [ 0.0124318 ]
 [ 0.01820129]
 [ 0.02181079]
 [ 0.02467122]
 [ 0.02375039]
 [ 0.02231226]
 [ 0.02031728]
 [ 0.01738076]
 [ 0.01509674]
 [ 0.01416865]
 [ 0.01514956]]
2025-08-25 02:42:42,335 - DEBUG -    约束残差 g(θ): [[0.00013661]]
2025-08-25 02:42:42,335 - DEBUG -    半径残差 r(θ): [[0.00198262]]
2025-08-25 02:42:42,335 - DEBUG - 🔍 状态变化计算: 参数变化=0.007943, 残差变化=0.021302
2025-08-25 02:42:42,335 - INFO - -----------------------------------------------------------------------------------
2025-08-25 02:42:42,335 - DEBUG - 🔍 权重管理器状态更新详情:
2025-08-25 02:42:42,335 - DEBUG -    当前迭代: 6
2025-08-25 02:42:42,335 - DEBUG -    参数变化: 0.007943 (阈值: 0.000005)
2025-08-25 02:42:42,335 - DEBUG -    残差变化: 0.021302 (阈值: 0.000005)
2025-08-25 02:42:42,335 - DEBUG -    几何权重因子: 10
2025-08-25 02:42:42,335 - DEBUG - ⏸️ 保持图像置信度权重: 参数变化=7.94e-03, 残差变化=2.13e-02
2025-08-25 02:42:42,335 - DEBUG - 状态已保存: 参数=[ 0.10254258 -0.05343756  0.6034817   0.01398262], 残差范数=0.071192
2025-08-25 02:42:42,335 - DEBUG - 🔍 获取visibility信息: 形状=(21,), 范围=[1.000, 1.000]
2025-08-25 02:42:42,335 - DEBUG - 🔧 设置图像置信度权重: 21个点
2025-08-25 02:42:42,335 - DEBUG - 🔍 开始计算权重矩阵:
2025-08-25 02:42:42,335 - DEBUG -    点类型: ['pupil_center', 'iris_boundaries', 'iris_boundaries', 'iris_boundaries', 'iris_boundaries', 'eye_contours', 'eye_contours', 'eye_contours', 'eye_contours', 'eye_contours', 'eye_contours', 'eye_contours', 'eye_contours', 'eye_contours', 'eye_contours', 'eye_contours', 'eye_contours', 'eye_contours', 'eye_contours', 'eye_contours', 'eye_contours']
2025-08-25 02:42:42,335 - DEBUG -    残差向量: 形状=(21,), 范数=0.071192
2025-08-25 02:42:42,335 - DEBUG -    Visibility: 形状=(21,), 均值=1.000
2025-08-25 02:42:42,335 - DEBUG - 🔍 权重矩阵计算成功: 形状=(21, 21)
2025-08-25 02:42:42,335 - DEBUG - 🔍 几何权重统计:
2025-08-25 02:42:42,335 - DEBUG -    权重向量: [[1.]
 [1.]
 [1.]
 [1.]
 [1.]
 [1.]
 [1.]
 [1.]
 [1.]
 [1.]
 [1.]
 [1.]
 [1.]
 [1.]
 [1.]
 [1.]
 [1.]
 [1.]
 [1.]
 [1.]
 [1.]]
2025-08-25 02:42:42,335 - DEBUG -    权重范围: [1.000000, 1.000000]
2025-08-25 02:42:42,335 - DEBUG -    权重均值: 1.000000
2025-08-25 02:42:42,335 - DEBUG -    权重标准差: 0.000000
2025-08-25 02:42:42,335 - DEBUG -    高权重点(>0.8): 21/21
2025-08-25 02:42:42,335 - DEBUG -    低权重点(<0.2): 0/21
2025-08-25 02:42:42,335 - INFO - -----------------------------------------------------------------------------------
2025-08-25 02:42:42,335 - DEBUG - 🔍 开始求解LM更新方程:
2025-08-25 02:42:42,335 - DEBUG -    数据残差: 形状=(21,), 范数=0.071192
2025-08-25 02:42:42,343 - DEBUG -    约束残差: 形状=(1,), 范数=0.000137
2025-08-25 02:42:42,343 - DEBUG - 🔍 计算数据残差雅可比矩阵 J_f: 形状=(21, 4)
2025-08-25 02:42:42,343 - DEBUG - 🔍 J_f矩阵计算完成: 条件数=3.75e+01
2025-08-25 02:42:42,343 - DEBUG - 🔍 深度约束雅可比计算: u=-1.921557, σ=0.127688, J_h=[[ 0.          0.         -0.12768803  0.        ]]
2025-08-25 02:42:42,343 - DEBUG - 🔍 半径先验雅可比: J_r=[[0. 0. 0. 1.]]
2025-08-25 02:42:42,343 - DEBUG - 🔍 使用几何权重矩阵: 形状=(21, 21)
2025-08-25 02:42:42,343 - DEBUG - 🔍 Hessian矩阵计算:
2025-08-25 02:42:42,343 - DEBUG -    H_data = J_f^T W J_f: 形状=(4, 4), 条件数=1.41e+03
2025-08-25 02:42:42,343 - DEBUG -    H_h = λ_depth J_h^T J_h: 形状=(4, 4), λ_depth=1000.0
2025-08-25 02:42:42,343 - DEBUG -    H_r = λ_radius J_r^T J_r: 形状=(4, 4), λ_radius=10.0
2025-08-25 02:42:42,343 - DEBUG -    H_total: 形状=(4, 4), 条件数=1.20e+01
2025-08-25 02:42:42,343 - DEBUG - 🔍 梯度计算:
2025-08-25 02:42:42,343 - DEBUG -    g_data: 形状=(4,), 范数=0.386066
2025-08-25 02:42:42,343 - DEBUG -    g_h: 形状=(4,), 范数=0.017443
2025-08-25 02:42:42,343 - DEBUG -    g_r: 形状=(4,), 范数=0.019826
2025-08-25 02:42:42,343 - DEBUG -    g_total: 形状=(4,), 范数=0.373052
2025-08-25 02:42:42,343 - DEBUG - 🔍 LM阻尼矩阵: H_lm = H_total + 1.0 * I
2025-08-25 02:42:42,343 - DEBUG -    H_lm条件数: 9.62e+00
2025-08-25 02:42:42,343 - DEBUG - 🔍 线性方程组求解成功:
2025-08-25 02:42:42,343 - DEBUG -    参数更新向量 Δθ: [[-0.00897148]
 [-0.01133161]
 [ 0.00081618]
 [ 0.00027561]]
2025-08-25 02:42:42,343 - DEBUG -    更新向量范数: 0.014479
2025-08-25 02:42:42,343 - DEBUG -    各分量更新: Δc_x=-0.008971, Δc_y=-0.011332, Δc_z=0.000816, Δr=0.000276
2025-08-25 02:42:42,343 - DEBUG -    参数更新:
2025-08-25 02:42:42,343 - DEBUG -      旧参数: [[ 0.10254258]
 [-0.05343756]
 [ 0.6034817 ]
 [ 0.01398262]]
2025-08-25 02:42:42,343 - DEBUG -      更新向量: [[-0.00897148]
 [-0.01133161]
 [ 0.00081618]
 [ 0.00027561]]
2025-08-25 02:42:42,343 - DEBUG -      新参数: [[ 0.0935711 ]
 [-0.06476917]
 [ 0.60429788]
 [ 0.01425822]]
2025-08-25 02:42:42,343 - INFO - -----------------------------------------------------------------------------------
2025-08-25 02:42:42,343 - INFO - 🔍 迭代第6次，球心向右8.971479mm，向上11.331612mm，向后0.816179mm，半径变大0.275606mm
2025-08-25 02:42:42,343 - INFO - 📊 变化前: 中心(0.103, -0.053, 0.603), 半径13.98mm
2025-08-25 02:42:42,343 - INFO - 📊 变化后: 中心(0.094, -0.065, 0.604), 半径14.26mm
2025-08-25 02:42:42,343 - INFO - 📈 变化量: 中心移动14.45mm, 半径变化0.28mm
2025-08-25 02:42:42,343 - INFO - 📍 眼球中心: [ 0.10254258 -0.05343756  0.6034817 ]
2025-08-25 02:42:42,343 - INFO - 📏 眼球半径: 13.98mm
2025-08-25 02:42:42,343 - INFO - 👁️ 瞳孔中心: [ 0.112      -0.03333333  0.60000002]
2025-08-25 02:42:42,343 - INFO - 📐 眼球中心在瞳孔中心的左9.46mm，上20.10mm，后3.48mm
2025-08-25 02:42:42,343 - INFO - 📏 距离: 22.49mm
2025-08-25 02:42:42,343 - INFO - -----------------------------------------------------------------------------------
2025-08-25 02:42:42,343 - INFO - -----------------------------------------------------------------------------------
2025-08-25 02:42:42,343 - DEBUG - 🔍 参数有效性检查:
2025-08-25 02:42:42,343 - DEBUG -    参数向量: [[ 0.0935711 ]
 [-0.06476917]
 [ 0.60429788]
 [ 0.01425822]]
2025-08-25 02:42:42,343 - DEBUG -    球心: [ 0.0935711  -0.06476917  0.60429788]
2025-08-25 02:42:42,343 - DEBUG -    半径: 0.014258
2025-08-25 02:42:42,343 - DEBUG - 🔍 函数值计算详情:
2025-08-25 02:42:42,343 - DEBUG -    数据项 F(θ): 0.002534
2025-08-25 02:42:42,343 - DEBUG -    深度约束项: 0.000009
2025-08-25 02:42:42,343 - DEBUG -    半径先验项: 0.000020
2025-08-25 02:42:42,343 - DEBUG -    总函数值 Φ(θ): 0.002563
2025-08-25 02:42:42,343 - DEBUG -    函数值改善: -0.001246
2025-08-25 02:42:42,343 - DEBUG - 🔍 参数有效: False
2025-08-25 02:42:42,343 - DEBUG -    参数无效，阻尼因子调整: λ_LM = 1.00e+01
2025-08-25 02:42:42,343 - DEBUG - 🔍 迭代 8/30:
2025-08-25 02:42:42,343 - DEBUG - 🔍 计算点到球心距离: 形状=(21,)
2025-08-25 02:42:42,352 - DEBUG - 🔍 生理偏差向量计算:
2025-08-25 02:42:42,352 - DEBUG -    点类型列表: ['pupil_center', 'iris_boundaries', 'iris_boundaries', 'iris_boundaries', 'iris_boundaries', 'eye_contours', 'eye_contours', 'eye_contours', 'eye_contours', 'eye_contours', 'eye_contours', 'eye_contours', 'eye_contours', 'eye_contours', 'eye_contours', 'eye_contours', 'eye_contours', 'eye_contours', 'eye_contours', 'eye_contours', 'eye_contours']
2025-08-25 02:42:42,352 - DEBUG -    偏差向量: [0.0002  0.00085 0.00085 0.00085 0.00085 0.0015  0.0015  0.0015  0.0015
 0.0015  0.0015  0.0015  0.0015  0.0015  0.0015  0.0015  0.0015  0.0015
 0.0015  0.0015  0.0015 ]
2025-08-25 02:42:42,353 - DEBUG -    向量形状: (21,)
2025-08-25 02:42:42,353 - DEBUG -    偏差统计: 均值=0.001314, 标准差=0.000356
2025-08-25 02:42:42,353 - DEBUG - 获取生理偏差: 点类型=['pupil_center', 'iris_boundaries', 'iris_boundaries', 'iris_boundaries', 'iris_boundaries', 'eye_contours', 'eye_contours', 'eye_contours', 'eye_contours', 'eye_contours', 'eye_contours', 'eye_contours', 'eye_contours', 'eye_contours', 'eye_contours', 'eye_contours', 'eye_contours', 'eye_contours', 'eye_contours', 'eye_contours', 'eye_contours'], 偏差值=[0.0002  0.00085 0.00085 0.00085 0.00085 0.0015  0.0015  0.0015  0.0015
 0.0015  0.0015  0.0015  0.0015  0.0015  0.0015  0.0015  0.0015  0.0015
 0.0015  0.0015  0.0015 ]
2025-08-25 02:42:42,353 - INFO - -----------------------------------------------------------------------------------
2025-08-25 02:42:42,353 - DEBUG - 🔍 拟合残差计算详情:
2025-08-25 02:42:42,353 - DEBUG -    球心坐标: [ 0.10254258 -0.05343756  0.6034817 ]
2025-08-25 02:42:42,353 - DEBUG -    球体半径: 0.013983
2025-08-25 02:42:42,353 - DEBUG -    采样点数: 21
2025-08-25 02:42:42,353 - DEBUG -    点类型分布: {'eye_contours': 16, 'iris_boundaries': 4, 'pupil_center': 1}
2025-08-25 02:42:42,353 - DEBUG -    理论距离向量: [0.01418262 0.01483262 0.01483262 0.01483262 0.01483262 0.01548262
 0.01548262 0.01548262 0.01548262 0.01548262 0.01548262 0.01548262
 0.01548262 0.01548262 0.01548262 0.01548262 0.01548262 0.01548262
 0.01548262 0.01548262 0.01548262]
2025-08-25 02:42:42,353 - DEBUG -    实际距离向量: [0.02248877 0.02877599 0.01413288 0.02197826 0.03297231 0.03109347
 0.02681752 0.02002265 0.01670609 0.02046011 0.02791442 0.0336839
 0.03729341 0.04015384 0.039233   0.03779487 0.0357999  0.03286338
 0.03057936 0.02965126 0.03063218]
2025-08-25 02:42:42,353 - DEBUG -    生理偏差向量: [0.0002  0.00085 0.00085 0.00085 0.00085 0.0015  0.0015  0.0015  0.0015
 0.0015  0.0015  0.0015  0.0015  0.0015  0.0015  0.0015  0.0015  0.0015
 0.0015  0.0015  0.0015 ]
2025-08-25 02:42:42,353 - DEBUG -    残差向量 f(θ): 
[[ 0.00830615]
 [ 0.01394338]
 [-0.00069974]
 [ 0.00714564]
 [ 0.01813969]
 [ 0.01561086]
 [ 0.01133491]
 [ 0.00454003]
 [ 0.00122347]
 [ 0.00497749]
 [ 0.0124318 ]
 [ 0.01820129]
 [ 0.02181079]
 [ 0.02467122]
 [ 0.02375039]
 [ 0.02231226]
 [ 0.02031728]
 [ 0.01738076]
 [ 0.01509674]
 [ 0.01416865]
 [ 0.01514956]]
2025-08-25 02:42:42,353 - DEBUG -    平均残差范数: 0.003390
2025-08-25 02:42:42,353 - DEBUG -    残差范数=0.071192
2025-08-25 02:42:42,353 - INFO - -----------------------------------------------------------------------------------
2025-08-25 02:42:42,353 - DEBUG - 🔍 深度约束计算详情 (softplus):
2025-08-25 02:42:42,353 - DEBUG -    采样点Z坐标范围: [0.600000, 0.601360]
2025-08-25 02:42:42,353 - DEBUG -    球心Z坐标: 0.603482
2025-08-25 02:42:42,353 - DEBUG -    深度偏移ε: 0.000200
2025-08-25 02:42:42,353 - DEBUG -    softplus参数τ: 0.001000
2025-08-25 02:42:42,353 - DEBUG -    原始违反值: -0.001922
2025-08-25 02:42:42,353 - DEBUG -    softplus输入 u: -1.921557
2025-08-25 02:42:42,353 - DEBUG -    约束惩罚 h(θ): 0.000137
2025-08-25 02:42:42,353 - DEBUG -    🟢 深度约束满足: 球心深度足够
2025-08-25 02:42:42,353 - INFO - -----------------------------------------------------------------------------------
2025-08-25 02:42:42,353 - DEBUG - 🔍 半径惩罚计算详情:
2025-08-25 02:42:42,353 - DEBUG -    当前半径: 0.013983
2025-08-25 02:42:42,353 - DEBUG -    半径先验值: 0.012000
2025-08-25 02:42:42,353 - DEBUG -    半径残差 r(θ): 0.001983
2025-08-25 02:42:42,353 - DEBUG -    数据残差 f(θ): [[ 0.00830615]
 [ 0.01394338]
 [-0.00069974]
 [ 0.00714564]
 [ 0.01813969]
 [ 0.01561086]
 [ 0.01133491]
 [ 0.00454003]
 [ 0.00122347]
 [ 0.00497749]
 [ 0.0124318 ]
 [ 0.01820129]
 [ 0.02181079]
 [ 0.02467122]
 [ 0.02375039]
 [ 0.02231226]
 [ 0.02031728]
 [ 0.01738076]
 [ 0.01509674]
 [ 0.01416865]
 [ 0.01514956]]
2025-08-25 02:42:42,353 - DEBUG -    约束残差 g(θ): [[0.00013661]]
2025-08-25 02:42:42,353 - DEBUG -    半径残差 r(θ): [[0.00198262]]
2025-08-25 02:42:42,360 - DEBUG - 🔍 状态变化计算: 参数变化=0.000000, 残差变化=0.000000
2025-08-25 02:42:42,360 - INFO - -----------------------------------------------------------------------------------
2025-08-25 02:42:42,360 - DEBUG - 🔍 权重管理器状态更新详情:
2025-08-25 02:42:42,360 - DEBUG -    当前迭代: 7
2025-08-25 02:42:42,360 - DEBUG -    参数变化: 0.000000 (阈值: 0.000005)
2025-08-25 02:42:42,360 - DEBUG -    残差变化: 0.000000 (阈值: 0.000005)
2025-08-25 02:42:42,360 - DEBUG -    几何权重因子: 10
2025-08-25 02:42:42,360 - DEBUG - ⏸️ 保持图像置信度权重: 参数变化=0.00e+00, 残差变化=0.00e+00
2025-08-25 02:42:42,360 - DEBUG - 状态已保存: 参数=[ 0.10254258 -0.05343756  0.6034817   0.01398262], 残差范数=0.071192
2025-08-25 02:42:42,360 - DEBUG - 🔍 获取visibility信息: 形状=(21,), 范围=[1.000, 1.000]
2025-08-25 02:42:42,360 - DEBUG - 🔧 设置图像置信度权重: 21个点
2025-08-25 02:42:42,360 - DEBUG - 🔍 开始计算权重矩阵:
2025-08-25 02:42:42,360 - DEBUG -    点类型: ['pupil_center', 'iris_boundaries', 'iris_boundaries', 'iris_boundaries', 'iris_boundaries', 'eye_contours', 'eye_contours', 'eye_contours', 'eye_contours', 'eye_contours', 'eye_contours', 'eye_contours', 'eye_contours', 'eye_contours', 'eye_contours', 'eye_contours', 'eye_contours', 'eye_contours', 'eye_contours', 'eye_contours', 'eye_contours']
2025-08-25 02:42:42,360 - DEBUG -    残差向量: 形状=(21,), 范数=0.071192
2025-08-25 02:42:42,360 - DEBUG -    Visibility: 形状=(21,), 均值=1.000
2025-08-25 02:42:42,360 - DEBUG - 🔍 权重矩阵计算成功: 形状=(21, 21)
2025-08-25 02:42:42,360 - DEBUG - 🔍 几何权重统计:
2025-08-25 02:42:42,360 - DEBUG -    权重向量: [[1.]
 [1.]
 [1.]
 [1.]
 [1.]
 [1.]
 [1.]
 [1.]
 [1.]
 [1.]
 [1.]
 [1.]
 [1.]
 [1.]
 [1.]
 [1.]
 [1.]
 [1.]
 [1.]
 [1.]
 [1.]]
2025-08-25 02:42:42,360 - DEBUG -    权重范围: [1.000000, 1.000000]
2025-08-25 02:42:42,360 - DEBUG -    权重均值: 1.000000
2025-08-25 02:42:42,360 - DEBUG -    权重标准差: 0.000000
2025-08-25 02:42:42,360 - DEBUG -    高权重点(>0.8): 21/21
2025-08-25 02:42:42,360 - DEBUG -    低权重点(<0.2): 0/21
2025-08-25 02:42:42,360 - INFO - -----------------------------------------------------------------------------------
2025-08-25 02:42:42,360 - DEBUG - 🔍 开始求解LM更新方程:
2025-08-25 02:42:42,360 - DEBUG -    数据残差: 形状=(21,), 范数=0.071192
2025-08-25 02:42:42,360 - DEBUG -    约束残差: 形状=(1,), 范数=0.000137
2025-08-25 02:42:42,360 - DEBUG - 🔍 计算数据残差雅可比矩阵 J_f: 形状=(21, 4)
2025-08-25 02:42:42,360 - DEBUG - 🔍 J_f矩阵计算完成: 条件数=3.75e+01
2025-08-25 02:42:42,360 - DEBUG - 🔍 深度约束雅可比计算: u=-1.921557, σ=0.127688, J_h=[[ 0.          0.         -0.12768803  0.        ]]
2025-08-25 02:42:42,360 - DEBUG - 🔍 半径先验雅可比: J_r=[[0. 0. 0. 1.]]
2025-08-25 02:42:42,360 - DEBUG - 🔍 使用几何权重矩阵: 形状=(21, 21)
2025-08-25 02:42:42,360 - DEBUG - 🔍 Hessian矩阵计算:
2025-08-25 02:42:42,360 - DEBUG -    H_data = J_f^T W J_f: 形状=(4, 4), 条件数=1.41e+03
2025-08-25 02:42:42,360 - DEBUG -    H_h = λ_depth J_h^T J_h: 形状=(4, 4), λ_depth=1000.0
2025-08-25 02:42:42,360 - DEBUG -    H_r = λ_radius J_r^T J_r: 形状=(4, 4), λ_radius=10.0
2025-08-25 02:42:42,360 - DEBUG -    H_total: 形状=(4, 4), 条件数=1.20e+01
2025-08-25 02:42:42,360 - DEBUG - 🔍 梯度计算:
2025-08-25 02:42:42,360 - DEBUG -    g_data: 形状=(4,), 范数=0.386066
2025-08-25 02:42:42,360 - DEBUG -    g_h: 形状=(4,), 范数=0.017443
2025-08-25 02:42:42,360 - DEBUG -    g_r: 形状=(4,), 范数=0.019826
2025-08-25 02:42:42,360 - DEBUG -    g_total: 形状=(4,), 范数=0.373052
2025-08-25 02:42:42,360 - DEBUG - 🔍 LM阻尼矩阵: H_lm = H_total + 10.0 * I
2025-08-25 02:42:42,360 - DEBUG -    H_lm条件数: 3.94e+00
2025-08-25 02:42:42,360 - DEBUG - 🔍 线性方程组求解成功:
2025-08-25 02:42:42,360 - DEBUG -    参数更新向量 Δθ: [[-0.00434152]
 [-0.00589026]
 [ 0.00080167]
 [ 0.00331379]]
2025-08-25 02:42:42,360 - DEBUG -    更新向量范数: 0.008073
2025-08-25 02:42:42,360 - DEBUG -    各分量更新: Δc_x=-0.004342, Δc_y=-0.005890, Δc_z=0.000802, Δr=0.003314
2025-08-25 02:42:42,360 - DEBUG -    参数更新:
2025-08-25 02:42:42,360 - DEBUG -      旧参数: [[ 0.10254258]
 [-0.05343756]
 [ 0.6034817 ]
 [ 0.01398262]]
2025-08-25 02:42:42,360 - DEBUG -      更新向量: [[-0.00434152]
 [-0.00589026]
 [ 0.00080167]
 [ 0.00331379]]
2025-08-25 02:42:42,360 - DEBUG -      新参数: [[ 0.09820106]
 [-0.05932782]
 [ 0.60428337]
 [ 0.0172964 ]]
2025-08-25 02:42:42,360 - INFO - -----------------------------------------------------------------------------------
2025-08-25 02:42:42,360 - INFO - 🔍 迭代第7次，球心向右4.341523mm，向上5.890265mm，向后0.801673mm，半径变大3.313787mm
2025-08-25 02:42:42,360 - INFO - 📊 变化前: 中心(0.103, -0.053, 0.603), 半径13.98mm
2025-08-25 02:42:42,360 - INFO - 📊 变化后: 中心(0.098, -0.059, 0.604), 半径17.30mm
2025-08-25 02:42:42,360 - INFO - 📈 变化量: 中心移动7.32mm, 半径变化3.31mm
2025-08-25 02:42:42,360 - INFO - 📍 眼球中心: [ 0.10254258 -0.05343756  0.6034817 ]
2025-08-25 02:42:42,360 - INFO - 📏 眼球半径: 13.98mm
2025-08-25 02:42:42,360 - INFO - 👁️ 瞳孔中心: [ 0.112      -0.03333333  0.60000002]
2025-08-25 02:42:42,360 - INFO - 📐 眼球中心在瞳孔中心的左9.46mm，上20.10mm，后3.48mm
2025-08-25 02:42:42,368 - INFO - 📏 距离: 22.49mm
2025-08-25 02:42:42,368 - INFO - -----------------------------------------------------------------------------------
2025-08-25 02:42:42,368 - INFO - -----------------------------------------------------------------------------------
2025-08-25 02:42:42,368 - DEBUG - 🔍 参数有效性检查:
2025-08-25 02:42:42,368 - DEBUG -    参数向量: [[ 0.09820106]
 [-0.05932782]
 [ 0.60428337]
 [ 0.0172964 ]]
2025-08-25 02:42:42,368 - DEBUG -    球心: [ 0.09820106 -0.05932782  0.60428337]
2025-08-25 02:42:42,368 - DEBUG -    半径: 0.017296
2025-08-25 02:42:42,368 - DEBUG - 🔍 函数值计算详情:
2025-08-25 02:42:42,368 - DEBUG -    数据项 F(θ): 0.002534
2025-08-25 02:42:42,368 - DEBUG -    深度约束项: 0.000009
2025-08-25 02:42:42,368 - DEBUG -    半径先验项: 0.000020
2025-08-25 02:42:42,368 - DEBUG -    总函数值 Φ(θ): 0.002563
2025-08-25 02:42:42,368 - DEBUG -    函数值改善: 0.000000
2025-08-25 02:42:42,368 - DEBUG - 🔍 参数有效: True
2025-08-25 02:42:42,368 - DEBUG -    参数更新成功:
2025-08-25 02:42:42,368 - DEBUG -      新球心: [ 0.09820106 -0.05932782  0.60428337]
2025-08-25 02:42:42,368 - DEBUG -      新半径: 0.017296
2025-08-25 02:42:42,368 - INFO - -----------------------------------------------------------------------------------
2025-08-25 02:42:42,368 - DEBUG - 🔍 LM收敛性检查:
2025-08-25 02:42:42,368 - DEBUG -    当前迭代次数: 7
2025-08-25 02:42:42,368 - DEBUG -    最大迭代次数: 30
2025-08-25 02:42:42,368 - DEBUG -    参数变化: 0.008073
2025-08-25 02:42:42,368 - DEBUG -    参数容忍度: 5e-06
2025-08-25 02:42:42,368 - DEBUG -    残差变化: 0.000000
2025-08-25 02:42:42,368 - DEBUG -    残差容忍度: 5e-06
2025-08-25 02:42:42,368 - DEBUG - 🔍 迭代 9/30:
2025-08-25 02:42:42,368 - DEBUG - 🔍 计算点到球心距离: 形状=(21,)
2025-08-25 02:42:42,368 - DEBUG - 🔍 生理偏差向量计算:
2025-08-25 02:42:42,368 - DEBUG -    点类型列表: ['pupil_center', 'iris_boundaries', 'iris_boundaries', 'iris_boundaries', 'iris_boundaries', 'eye_contours', 'eye_contours', 'eye_contours', 'eye_contours', 'eye_contours', 'eye_contours', 'eye_contours', 'eye_contours', 'eye_contours', 'eye_contours', 'eye_contours', 'eye_contours', 'eye_contours', 'eye_contours', 'eye_contours', 'eye_contours']
2025-08-25 02:42:42,368 - DEBUG -    偏差向量: [0.0002  0.00085 0.00085 0.00085 0.00085 0.0015  0.0015  0.0015  0.0015
 0.0015  0.0015  0.0015  0.0015  0.0015  0.0015  0.0015  0.0015  0.0015
 0.0015  0.0015  0.0015 ]
2025-08-25 02:42:42,368 - DEBUG -    向量形状: (21,)
2025-08-25 02:42:42,368 - DEBUG -    偏差统计: 均值=0.001314, 标准差=0.000356
2025-08-25 02:42:42,368 - DEBUG - 获取生理偏差: 点类型=['pupil_center', 'iris_boundaries', 'iris_boundaries', 'iris_boundaries', 'iris_boundaries', 'eye_contours', 'eye_contours', 'eye_contours', 'eye_contours', 'eye_contours', 'eye_contours', 'eye_contours', 'eye_contours', 'eye_contours', 'eye_contours', 'eye_contours', 'eye_contours', 'eye_contours', 'eye_contours', 'eye_contours', 'eye_contours'], 偏差值=[0.0002  0.00085 0.00085 0.00085 0.00085 0.0015  0.0015  0.0015  0.0015
 0.0015  0.0015  0.0015  0.0015  0.0015  0.0015  0.0015  0.0015  0.0015
 0.0015  0.0015  0.0015 ]
2025-08-25 02:42:42,368 - INFO - -----------------------------------------------------------------------------------
2025-08-25 02:42:42,368 - DEBUG - 🔍 拟合残差计算详情:
2025-08-25 02:42:42,368 - DEBUG -    球心坐标: [ 0.09820106 -0.05932782  0.60428337]
2025-08-25 02:42:42,368 - DEBUG -    球体半径: 0.017296
2025-08-25 02:42:42,368 - DEBUG -    采样点数: 21
2025-08-25 02:42:42,368 - DEBUG -    点类型分布: {'eye_contours': 16, 'iris_boundaries': 4, 'pupil_center': 1}
2025-08-25 02:42:42,368 - DEBUG -    理论距离向量: [0.0174964 0.0181464 0.0181464 0.0181464 0.0181464 0.0187964 0.0187964
 0.0187964 0.0187964 0.0187964 0.0187964 0.0187964 0.0187964 0.0187964
 0.0187964 0.0187964 0.0187964 0.0187964 0.0187964 0.0187964 0.0187964]
2025-08-25 02:42:42,368 - DEBUG -    实际距离向量: [0.02974006 0.03604924 0.02146968 0.02814686 0.04009482 0.03537858
 0.0313936  0.02563256 0.02379977 0.02775738 0.0349246  0.04059171
 0.04418091 0.0470332  0.04633735 0.04505559 0.04315536 0.04010069
 0.03729411 0.03540009 0.0354873 ]
2025-08-25 02:42:42,368 - DEBUG -    生理偏差向量: [0.0002  0.00085 0.00085 0.00085 0.00085 0.0015  0.0015  0.0015  0.0015
 0.0015  0.0015  0.0015  0.0015  0.0015  0.0015  0.0015  0.0015  0.0015
 0.0015  0.0015  0.0015 ]
2025-08-25 02:42:42,368 - DEBUG -    残差向量 f(θ): 
[[0.01224366]
 [0.01790284]
 [0.00332327]
 [0.01000046]
 [0.02194842]
 [0.01658218]
 [0.0125972 ]
 [0.00683616]
 [0.00500336]
 [0.00896097]
 [0.01612819]
 [0.0217953 ]
 [0.0253845 ]
 [0.0282368 ]
 [0.02754095]
 [0.02625918]
 [0.02435896]
 [0.02130428]
 [0.0184977 ]
 [0.01660369]
 [0.0166909 ]]
2025-08-25 02:42:42,368 - DEBUG -    平均残差范数: 0.004046
2025-08-25 02:42:42,375 - DEBUG -    残差范数=0.084956
2025-08-25 02:42:42,375 - INFO - -----------------------------------------------------------------------------------
2025-08-25 02:42:42,375 - DEBUG - 🔍 深度约束计算详情 (softplus):
2025-08-25 02:42:42,375 - DEBUG -    采样点Z坐标范围: [0.600000, 0.601360]
2025-08-25 02:42:42,375 - DEBUG -    球心Z坐标: 0.604283
2025-08-25 02:42:42,375 - DEBUG -    深度偏移ε: 0.000200
2025-08-25 02:42:42,375 - DEBUG -    softplus参数τ: 0.001000
2025-08-25 02:42:42,375 - DEBUG -    原始违反值: -0.002723
2025-08-25 02:42:42,375 - DEBUG -    softplus输入 u: -2.723231
2025-08-25 02:42:42,375 - DEBUG -    约束惩罚 h(θ): 0.000064
2025-08-25 02:42:42,376 - DEBUG -    🟢 深度约束满足: 球心深度足够
2025-08-25 02:42:42,376 - INFO - -----------------------------------------------------------------------------------
2025-08-25 02:42:42,376 - DEBUG - 🔍 半径惩罚计算详情:
2025-08-25 02:42:42,376 - DEBUG -    当前半径: 0.017296
2025-08-25 02:42:42,376 - DEBUG -    半径先验值: 0.012000
2025-08-25 02:42:42,376 - DEBUG -    半径残差 r(θ): 0.005296
2025-08-25 02:42:42,376 - DEBUG -    数据残差 f(θ): [[0.01224366]
 [0.01790284]
 [0.00332327]
 [0.01000046]
 [0.02194842]
 [0.01658218]
 [0.0125972 ]
 [0.00683616]
 [0.00500336]
 [0.00896097]
 [0.01612819]
 [0.0217953 ]
 [0.0253845 ]
 [0.0282368 ]
 [0.02754095]
 [0.02625918]
 [0.02435896]
 [0.02130428]
 [0.0184977 ]
 [0.01660369]
 [0.0166909 ]]
2025-08-25 02:42:42,376 - DEBUG -    约束残差 g(θ): [[6.35964667e-05]]
2025-08-25 02:42:42,376 - DEBUG -    半径残差 r(θ): [[0.0052964]]
2025-08-25 02:42:42,376 - DEBUG - 🔍 状态变化计算: 参数变化=0.008073, 残差变化=0.013764
2025-08-25 02:42:42,376 - INFO - -----------------------------------------------------------------------------------
2025-08-25 02:42:42,376 - DEBUG - 🔍 权重管理器状态更新详情:
2025-08-25 02:42:42,376 - DEBUG -    当前迭代: 8
2025-08-25 02:42:42,376 - DEBUG -    参数变化: 0.008073 (阈值: 0.000005)
2025-08-25 02:42:42,376 - DEBUG -    残差变化: 0.013764 (阈值: 0.000005)
2025-08-25 02:42:42,376 - DEBUG -    几何权重因子: 10
2025-08-25 02:42:42,376 - DEBUG - ⏸️ 保持图像置信度权重: 参数变化=8.07e-03, 残差变化=1.38e-02
2025-08-25 02:42:42,376 - DEBUG - 状态已保存: 参数=[ 0.09820106 -0.05932782  0.60428337  0.0172964 ], 残差范数=0.084956
2025-08-25 02:42:42,376 - DEBUG - 🔍 获取visibility信息: 形状=(21,), 范围=[1.000, 1.000]
2025-08-25 02:42:42,376 - DEBUG - 🔧 设置图像置信度权重: 21个点
2025-08-25 02:42:42,376 - DEBUG - 🔍 开始计算权重矩阵:
2025-08-25 02:42:42,376 - DEBUG -    点类型: ['pupil_center', 'iris_boundaries', 'iris_boundaries', 'iris_boundaries', 'iris_boundaries', 'eye_contours', 'eye_contours', 'eye_contours', 'eye_contours', 'eye_contours', 'eye_contours', 'eye_contours', 'eye_contours', 'eye_contours', 'eye_contours', 'eye_contours', 'eye_contours', 'eye_contours', 'eye_contours', 'eye_contours', 'eye_contours']
2025-08-25 02:42:42,376 - DEBUG -    残差向量: 形状=(21,), 范数=0.084956
2025-08-25 02:42:42,376 - DEBUG -    Visibility: 形状=(21,), 均值=1.000
2025-08-25 02:42:42,376 - DEBUG - 🔍 权重矩阵计算成功: 形状=(21, 21)
2025-08-25 02:42:42,376 - DEBUG - 🔍 几何权重统计:
2025-08-25 02:42:42,376 - DEBUG -    权重向量: [[1.]
 [1.]
 [1.]
 [1.]
 [1.]
 [1.]
 [1.]
 [1.]
 [1.]
 [1.]
 [1.]
 [1.]
 [1.]
 [1.]
 [1.]
 [1.]
 [1.]
 [1.]
 [1.]
 [1.]
 [1.]]
2025-08-25 02:42:42,376 - DEBUG -    权重范围: [1.000000, 1.000000]
2025-08-25 02:42:42,376 - DEBUG -    权重均值: 1.000000
2025-08-25 02:42:42,376 - DEBUG -    权重标准差: 0.000000
2025-08-25 02:42:42,376 - DEBUG -    高权重点(>0.8): 21/21
2025-08-25 02:42:42,376 - DEBUG -    低权重点(<0.2): 0/21
2025-08-25 02:42:42,376 - INFO - -----------------------------------------------------------------------------------
2025-08-25 02:42:42,376 - DEBUG - 🔍 开始求解LM更新方程:
2025-08-25 02:42:42,376 - DEBUG -    数据残差: 形状=(21,), 范数=0.084956
2025-08-25 02:42:42,376 - DEBUG -    约束残差: 形状=(1,), 范数=0.000064
2025-08-25 02:42:42,376 - DEBUG - 🔍 计算数据残差雅可比矩阵 J_f: 形状=(21, 4)
2025-08-25 02:42:42,376 - DEBUG - 🔍 J_f矩阵计算完成: 条件数=5.19e+01
2025-08-25 02:42:42,376 - DEBUG - 🔍 深度约束雅可比计算: u=-2.723231, σ=0.061616, J_h=[[ 0.          0.         -0.06161641  0.        ]]
2025-08-25 02:42:42,376 - DEBUG - 🔍 半径先验雅可比: J_r=[[0. 0. 0. 1.]]
2025-08-25 02:42:42,376 - DEBUG - 🔍 使用几何权重矩阵: 形状=(21, 21)
2025-08-25 02:42:42,376 - DEBUG - 🔍 Hessian矩阵计算:
2025-08-25 02:42:42,376 - DEBUG -    H_data = J_f^T W J_f: 形状=(4, 4), 条件数=2.70e+03
2025-08-25 02:42:42,376 - DEBUG -    H_h = λ_depth J_h^T J_h: 形状=(4, 4), λ_depth=1000.0
2025-08-25 02:42:42,376 - DEBUG -    H_r = λ_radius J_r^T J_r: 形状=(4, 4), λ_radius=10.0
2025-08-25 02:42:42,376 - DEBUG -    H_total: 形状=(4, 4), 条件数=1.56e+01
2025-08-25 02:42:42,376 - DEBUG - 🔍 梯度计算:
2025-08-25 02:42:42,376 - DEBUG -    g_data: 形状=(4,), 范数=0.487723
2025-08-25 02:42:42,376 - DEBUG -    g_h: 形状=(4,), 范数=0.003919
2025-08-25 02:42:42,376 - DEBUG -    g_r: 形状=(4,), 范数=0.052964
2025-08-25 02:42:42,376 - DEBUG -    g_total: 形状=(4,), 范数=0.450586
2025-08-25 02:42:42,376 - DEBUG - 🔍 LM阻尼矩阵: H_lm = H_total + 10.0 * I
2025-08-25 02:42:42,376 - DEBUG -    H_lm条件数: 4.27e+00
2025-08-25 02:42:42,376 - DEBUG - 🔍 线性方程组求解成功:
2025-08-25 02:42:42,376 - DEBUG -    参数更新向量 Δθ: [[-0.0060698 ]
 [-0.00788771]
 [ 0.00083355]
 [ 0.00279216]]
2025-08-25 02:42:42,376 - DEBUG -    更新向量范数: 0.010371
2025-08-25 02:42:42,376 - DEBUG -    各分量更新: Δc_x=-0.006070, Δc_y=-0.007888, Δc_z=0.000834, Δr=0.002792
2025-08-25 02:42:42,376 - DEBUG -    参数更新:
2025-08-25 02:42:42,376 - DEBUG -      旧参数: [[ 0.09820106]
 [-0.05932782]
 [ 0.60428337]
 [ 0.0172964 ]]
2025-08-25 02:42:42,376 - DEBUG -      更新向量: [[-0.0060698 ]
 [-0.00788771]
 [ 0.00083355]
 [ 0.00279216]]
2025-08-25 02:42:42,376 - DEBUG -      新参数: [[ 0.09213126]
 [-0.06721553]
 [ 0.60511693]
 [ 0.02008856]]
2025-08-25 02:42:42,376 - INFO - -----------------------------------------------------------------------------------
2025-08-25 02:42:42,376 - INFO - 🔍 迭代第8次，球心向右6.069795mm，向上7.887713mm，向后0.833552mm，半径变大2.792158mm
2025-08-25 02:42:42,376 - INFO - 📊 变化前: 中心(0.098, -0.059, 0.604), 半径17.30mm
2025-08-25 02:42:42,376 - INFO - 📊 变化后: 中心(0.092, -0.067, 0.605), 半径20.09mm
2025-08-25 02:42:42,376 - INFO - 📈 变化量: 中心移动9.95mm, 半径变化2.79mm
2025-08-25 02:42:42,376 - INFO - 📍 眼球中心: [ 0.09820106 -0.05932782  0.60428337]
2025-08-25 02:42:42,384 - INFO - 📏 眼球半径: 17.30mm
2025-08-25 02:42:42,384 - INFO - 👁️ 瞳孔中心: [ 0.112      -0.03333333  0.60000002]
2025-08-25 02:42:42,384 - INFO - 📐 眼球中心在瞳孔中心的左13.80mm，上25.99mm，后4.28mm
2025-08-25 02:42:42,384 - INFO - 📏 距离: 29.74mm
2025-08-25 02:42:42,384 - INFO - -----------------------------------------------------------------------------------
2025-08-25 02:42:42,384 - INFO - -----------------------------------------------------------------------------------
2025-08-25 02:42:42,384 - DEBUG - 🔍 参数有效性检查:
2025-08-25 02:42:42,384 - DEBUG -    参数向量: [[ 0.09213126]
 [-0.06721553]
 [ 0.60511693]
 [ 0.02008856]]
2025-08-25 02:42:42,384 - DEBUG -    球心: [ 0.09213126 -0.06721553  0.60511693]
2025-08-25 02:42:42,386 - DEBUG -    半径: 0.020089
2025-08-25 02:42:42,386 - DEBUG - 🔍 函数值计算详情:
2025-08-25 02:42:42,386 - DEBUG -    数据项 F(θ): 0.003609
2025-08-25 02:42:42,386 - DEBUG -    深度约束项: 0.000002
2025-08-25 02:42:42,386 - DEBUG -    半径先验项: 0.000140
2025-08-25 02:42:42,386 - DEBUG -    总函数值 Φ(θ): 0.003751
2025-08-25 02:42:42,386 - DEBUG -    函数值改善: -0.001188
2025-08-25 02:42:42,386 - DEBUG - 🔍 参数有效: False
2025-08-25 02:42:42,386 - DEBUG -    参数无效，阻尼因子调整: λ_LM = 1.00e+02
2025-08-25 02:42:42,386 - DEBUG - 🔍 迭代 10/30:
2025-08-25 02:42:42,386 - DEBUG - 🔍 计算点到球心距离: 形状=(21,)
2025-08-25 02:42:42,386 - DEBUG - 🔍 生理偏差向量计算:
2025-08-25 02:42:42,386 - DEBUG -    点类型列表: ['pupil_center', 'iris_boundaries', 'iris_boundaries', 'iris_boundaries', 'iris_boundaries', 'eye_contours', 'eye_contours', 'eye_contours', 'eye_contours', 'eye_contours', 'eye_contours', 'eye_contours', 'eye_contours', 'eye_contours', 'eye_contours', 'eye_contours', 'eye_contours', 'eye_contours', 'eye_contours', 'eye_contours', 'eye_contours']
2025-08-25 02:42:42,386 - DEBUG -    偏差向量: [0.0002  0.00085 0.00085 0.00085 0.00085 0.0015  0.0015  0.0015  0.0015
 0.0015  0.0015  0.0015  0.0015  0.0015  0.0015  0.0015  0.0015  0.0015
 0.0015  0.0015  0.0015 ]
2025-08-25 02:42:42,386 - DEBUG -    向量形状: (21,)
2025-08-25 02:42:42,386 - DEBUG -    偏差统计: 均值=0.001314, 标准差=0.000356
2025-08-25 02:42:42,386 - DEBUG - 获取生理偏差: 点类型=['pupil_center', 'iris_boundaries', 'iris_boundaries', 'iris_boundaries', 'iris_boundaries', 'eye_contours', 'eye_contours', 'eye_contours', 'eye_contours', 'eye_contours', 'eye_contours', 'eye_contours', 'eye_contours', 'eye_contours', 'eye_contours', 'eye_contours', 'eye_contours', 'eye_contours', 'eye_contours', 'eye_contours', 'eye_contours'], 偏差值=[0.0002  0.00085 0.00085 0.00085 0.00085 0.0015  0.0015  0.0015  0.0015
 0.0015  0.0015  0.0015  0.0015  0.0015  0.0015  0.0015  0.0015  0.0015
 0.0015  0.0015  0.0015 ]
2025-08-25 02:42:42,386 - INFO - -----------------------------------------------------------------------------------
2025-08-25 02:42:42,386 - DEBUG - 🔍 拟合残差计算详情:
2025-08-25 02:42:42,386 - DEBUG -    球心坐标: [ 0.09820106 -0.05932782  0.60428337]
2025-08-25 02:42:42,386 - DEBUG -    球体半径: 0.017296
2025-08-25 02:42:42,386 - DEBUG -    采样点数: 21
2025-08-25 02:42:42,386 - DEBUG -    点类型分布: {'eye_contours': 16, 'iris_boundaries': 4, 'pupil_center': 1}
2025-08-25 02:42:42,386 - DEBUG -    理论距离向量: [0.0174964 0.0181464 0.0181464 0.0181464 0.0181464 0.0187964 0.0187964
 0.0187964 0.0187964 0.0187964 0.0187964 0.0187964 0.0187964 0.0187964
 0.0187964 0.0187964 0.0187964 0.0187964 0.0187964 0.0187964 0.0187964]
2025-08-25 02:42:42,386 - DEBUG -    实际距离向量: [0.02974006 0.03604924 0.02146968 0.02814686 0.04009482 0.03537858
 0.0313936  0.02563256 0.02379977 0.02775738 0.0349246  0.04059171
 0.04418091 0.0470332  0.04633735 0.04505559 0.04315536 0.04010069
 0.03729411 0.03540009 0.0354873 ]
2025-08-25 02:42:42,386 - DEBUG -    生理偏差向量: [0.0002  0.00085 0.00085 0.00085 0.00085 0.0015  0.0015  0.0015  0.0015
 0.0015  0.0015  0.0015  0.0015  0.0015  0.0015  0.0015  0.0015  0.0015
 0.0015  0.0015  0.0015 ]
2025-08-25 02:42:42,386 - DEBUG -    残差向量 f(θ): 
[[0.01224366]
 [0.01790284]
 [0.00332327]
 [0.01000046]
 [0.02194842]
 [0.01658218]
 [0.0125972 ]
 [0.00683616]
 [0.00500336]
 [0.00896097]
 [0.01612819]
 [0.0217953 ]
 [0.0253845 ]
 [0.0282368 ]
 [0.02754095]
 [0.02625918]
 [0.02435896]
 [0.02130428]
 [0.0184977 ]
 [0.01660369]
 [0.0166909 ]]
2025-08-25 02:42:42,386 - DEBUG -    平均残差范数: 0.004046
2025-08-25 02:42:42,386 - DEBUG -    残差范数=0.084956
2025-08-25 02:42:42,393 - INFO - -----------------------------------------------------------------------------------
2025-08-25 02:42:42,393 - DEBUG - 🔍 深度约束计算详情 (softplus):
2025-08-25 02:42:42,393 - DEBUG -    采样点Z坐标范围: [0.600000, 0.601360]
2025-08-25 02:42:42,393 - DEBUG -    球心Z坐标: 0.604283
2025-08-25 02:42:42,393 - DEBUG -    深度偏移ε: 0.000200
2025-08-25 02:42:42,393 - DEBUG -    softplus参数τ: 0.001000
2025-08-25 02:42:42,393 - DEBUG -    原始违反值: -0.002723
2025-08-25 02:42:42,393 - DEBUG -    softplus输入 u: -2.723231
2025-08-25 02:42:42,393 - DEBUG -    约束惩罚 h(θ): 0.000064
2025-08-25 02:42:42,393 - DEBUG -    🟢 深度约束满足: 球心深度足够
2025-08-25 02:42:42,393 - INFO - -----------------------------------------------------------------------------------
2025-08-25 02:42:42,393 - DEBUG - 🔍 半径惩罚计算详情:
2025-08-25 02:42:42,393 - DEBUG -    当前半径: 0.017296
2025-08-25 02:42:42,393 - DEBUG -    半径先验值: 0.012000
2025-08-25 02:42:42,393 - DEBUG -    半径残差 r(θ): 0.005296
2025-08-25 02:42:42,393 - DEBUG -    数据残差 f(θ): [[0.01224366]
 [0.01790284]
 [0.00332327]
 [0.01000046]
 [0.02194842]
 [0.01658218]
 [0.0125972 ]
 [0.00683616]
 [0.00500336]
 [0.00896097]
 [0.01612819]
 [0.0217953 ]
 [0.0253845 ]
 [0.0282368 ]
 [0.02754095]
 [0.02625918]
 [0.02435896]
 [0.02130428]
 [0.0184977 ]
 [0.01660369]
 [0.0166909 ]]
2025-08-25 02:42:42,393 - DEBUG -    约束残差 g(θ): [[6.35964667e-05]]
2025-08-25 02:42:42,393 - DEBUG -    半径残差 r(θ): [[0.0052964]]
2025-08-25 02:42:42,393 - DEBUG - 🔍 状态变化计算: 参数变化=0.000000, 残差变化=0.000000
2025-08-25 02:42:42,393 - INFO - -----------------------------------------------------------------------------------
2025-08-25 02:42:42,393 - DEBUG - 🔍 权重管理器状态更新详情:
2025-08-25 02:42:42,393 - DEBUG -    当前迭代: 9
2025-08-25 02:42:42,393 - DEBUG -    参数变化: 0.000000 (阈值: 0.000005)
2025-08-25 02:42:42,393 - DEBUG -    残差变化: 0.000000 (阈值: 0.000005)
2025-08-25 02:42:42,393 - DEBUG -    几何权重因子: 10
2025-08-25 02:42:42,393 - DEBUG - ⏸️ 保持图像置信度权重: 参数变化=0.00e+00, 残差变化=0.00e+00
2025-08-25 02:42:42,393 - DEBUG - 状态已保存: 参数=[ 0.09820106 -0.05932782  0.60428337  0.0172964 ], 残差范数=0.084956
2025-08-25 02:42:42,393 - DEBUG - 🔍 获取visibility信息: 形状=(21,), 范围=[1.000, 1.000]
2025-08-25 02:42:42,393 - DEBUG - 🔧 设置图像置信度权重: 21个点
2025-08-25 02:42:42,393 - DEBUG - 🔍 开始计算权重矩阵:
2025-08-25 02:42:42,393 - DEBUG -    点类型: ['pupil_center', 'iris_boundaries', 'iris_boundaries', 'iris_boundaries', 'iris_boundaries', 'eye_contours', 'eye_contours', 'eye_contours', 'eye_contours', 'eye_contours', 'eye_contours', 'eye_contours', 'eye_contours', 'eye_contours', 'eye_contours', 'eye_contours', 'eye_contours', 'eye_contours', 'eye_contours', 'eye_contours', 'eye_contours']
2025-08-25 02:42:42,398 - DEBUG -    残差向量: 形状=(21,), 范数=0.084956
2025-08-25 02:42:42,398 - DEBUG -    Visibility: 形状=(21,), 均值=1.000
2025-08-25 02:42:42,398 - DEBUG - 🔍 权重矩阵计算成功: 形状=(21, 21)
2025-08-25 02:42:42,398 - DEBUG - 🔍 几何权重统计:
2025-08-25 02:42:42,399 - DEBUG -    权重向量: [[1.]
 [1.]
 [1.]
 [1.]
 [1.]
 [1.]
 [1.]
 [1.]
 [1.]
 [1.]
 [1.]
 [1.]
 [1.]
 [1.]
 [1.]
 [1.]
 [1.]
 [1.]
 [1.]
 [1.]
 [1.]]
2025-08-25 02:42:42,399 - DEBUG -    权重范围: [1.000000, 1.000000]
2025-08-25 02:42:42,399 - DEBUG -    权重均值: 1.000000
2025-08-25 02:42:42,399 - DEBUG -    权重标准差: 0.000000
2025-08-25 02:42:42,399 - DEBUG -    高权重点(>0.8): 21/21
2025-08-25 02:42:42,399 - DEBUG -    低权重点(<0.2): 0/21
2025-08-25 02:42:42,399 - INFO - -----------------------------------------------------------------------------------
2025-08-25 02:42:42,399 - DEBUG - 🔍 开始求解LM更新方程:
2025-08-25 02:42:42,399 - DEBUG -    数据残差: 形状=(21,), 范数=0.084956
2025-08-25 02:42:42,401 - DEBUG -    约束残差: 形状=(1,), 范数=0.000064
2025-08-25 02:42:42,401 - DEBUG - 🔍 计算数据残差雅可比矩阵 J_f: 形状=(21, 4)
2025-08-25 02:42:42,402 - DEBUG - 🔍 J_f矩阵计算完成: 条件数=5.19e+01
2025-08-25 02:42:42,402 - DEBUG - 🔍 深度约束雅可比计算: u=-2.723231, σ=0.061616, J_h=[[ 0.          0.         -0.06161641  0.        ]]
2025-08-25 02:42:42,402 - DEBUG - 🔍 半径先验雅可比: J_r=[[0. 0. 0. 1.]]
2025-08-25 02:42:42,402 - DEBUG - 🔍 使用几何权重矩阵: 形状=(21, 21)
2025-08-25 02:42:42,402 - DEBUG - 🔍 Hessian矩阵计算:
2025-08-25 02:42:42,402 - DEBUG -    H_data = J_f^T W J_f: 形状=(4, 4), 条件数=2.70e+03
2025-08-25 02:42:42,404 - DEBUG -    H_h = λ_depth J_h^T J_h: 形状=(4, 4), λ_depth=1000.0
2025-08-25 02:42:42,404 - DEBUG -    H_r = λ_radius J_r^T J_r: 形状=(4, 4), λ_radius=10.0
2025-08-25 02:42:42,404 - DEBUG -    H_total: 形状=(4, 4), 条件数=1.56e+01
2025-08-25 02:42:42,404 - DEBUG - 🔍 梯度计算:
2025-08-25 02:42:42,404 - DEBUG -    g_data: 形状=(4,), 范数=0.487723
2025-08-25 02:42:42,404 - DEBUG -    g_h: 形状=(4,), 范数=0.003919
2025-08-25 02:42:42,404 - DEBUG -    g_r: 形状=(4,), 范数=0.052964
2025-08-25 02:42:42,404 - DEBUG -    g_total: 形状=(4,), 范数=0.450586
2025-08-25 02:42:42,404 - DEBUG - 🔍 LM阻尼矩阵: H_lm = H_total + 100.0 * I
2025-08-25 02:42:42,404 - DEBUG -    H_lm条件数: 1.41e+00
2025-08-25 02:42:42,404 - DEBUG - 🔍 线性方程组求解成功:
2025-08-25 02:42:42,404 - DEBUG -    参数更新向量 Δθ: [[-0.00134424]
 [-0.00207337]
 [ 0.00028153]
 [ 0.00196321]]
2025-08-25 02:42:42,404 - DEBUG -    更新向量范数: 0.003168
2025-08-25 02:42:42,404 - DEBUG -    各分量更新: Δc_x=-0.001344, Δc_y=-0.002073, Δc_z=0.000282, Δr=0.001963
2025-08-25 02:42:42,404 - DEBUG -    参数更新:
2025-08-25 02:42:42,404 - DEBUG -      旧参数: [[ 0.09820106]
 [-0.05932782]
 [ 0.60428337]
 [ 0.0172964 ]]
2025-08-25 02:42:42,404 - DEBUG -      更新向量: [[-0.00134424]
 [-0.00207337]
 [ 0.00028153]
 [ 0.00196321]]
2025-08-25 02:42:42,404 - DEBUG -      新参数: [[ 0.09685682]
 [-0.06140119]
 [ 0.60456491]
 [ 0.01925961]]
2025-08-25 02:42:42,404 - INFO - -----------------------------------------------------------------------------------
2025-08-25 02:42:42,404 - INFO - 🔍 迭代第9次，球心向右1.344243mm，向上2.073373mm，向后0.281534mm，半径变大1.963209mm
2025-08-25 02:42:42,404 - INFO - 📊 变化前: 中心(0.098, -0.059, 0.604), 半径17.30mm
2025-08-25 02:42:42,404 - INFO - 📊 变化后: 中心(0.097, -0.061, 0.605), 半径19.26mm
2025-08-25 02:42:42,404 - INFO - 📈 变化量: 中心移动2.47mm, 半径变化1.96mm
2025-08-25 02:42:42,404 - INFO - 📍 眼球中心: [ 0.09820106 -0.05932782  0.60428337]
2025-08-25 02:42:42,409 - INFO - 📏 眼球半径: 17.30mm
2025-08-25 02:42:42,409 - INFO - 👁️ 瞳孔中心: [ 0.112      -0.03333333  0.60000002]
2025-08-25 02:42:42,409 - INFO - 📐 眼球中心在瞳孔中心的左13.80mm，上25.99mm，后4.28mm
2025-08-25 02:42:42,409 - INFO - 📏 距离: 29.74mm
2025-08-25 02:42:42,409 - INFO - -----------------------------------------------------------------------------------
2025-08-25 02:42:42,409 - INFO - -----------------------------------------------------------------------------------
2025-08-25 02:42:42,409 - DEBUG - 🔍 参数有效性检查:
2025-08-25 02:42:42,409 - DEBUG -    参数向量: [[ 0.09685682]
 [-0.06140119]
 [ 0.60456491]
 [ 0.01925961]]
2025-08-25 02:42:42,409 - DEBUG -    球心: [ 0.09685682 -0.06140119  0.60456491]
2025-08-25 02:42:42,409 - DEBUG -    半径: 0.019260
2025-08-25 02:42:42,409 - DEBUG - 🔍 函数值计算详情:
2025-08-25 02:42:42,409 - DEBUG -    数据项 F(θ): 0.003609
2025-08-25 02:42:42,409 - DEBUG -    深度约束项: 0.000002
2025-08-25 02:42:42,409 - DEBUG -    半径先验项: 0.000140
2025-08-25 02:42:42,409 - DEBUG -    总函数值 Φ(θ): 0.003751
2025-08-25 02:42:42,409 - DEBUG -    函数值改善: 0.000000
2025-08-25 02:42:42,409 - DEBUG - 🔍 参数有效: True
2025-08-25 02:42:42,409 - DEBUG -    参数更新成功:
2025-08-25 02:42:42,409 - DEBUG -      新球心: [ 0.09685682 -0.06140119  0.60456491]
2025-08-25 02:42:42,409 - DEBUG -      新半径: 0.019260
2025-08-25 02:42:42,409 - INFO - -----------------------------------------------------------------------------------
2025-08-25 02:42:42,409 - DEBUG - 🔍 LM收敛性检查:
2025-08-25 02:42:42,409 - DEBUG -    当前迭代次数: 9
2025-08-25 02:42:42,409 - DEBUG -    最大迭代次数: 30
2025-08-25 02:42:42,409 - DEBUG -    参数变化: 0.003168
2025-08-25 02:42:42,409 - DEBUG -    参数容忍度: 5e-06
2025-08-25 02:42:42,409 - DEBUG -    残差变化: 0.000000
2025-08-25 02:42:42,409 - DEBUG -    残差容忍度: 5e-06
2025-08-25 02:42:42,409 - DEBUG - 🔍 迭代 11/30:
2025-08-25 02:42:42,409 - DEBUG - 🔍 计算点到球心距离: 形状=(21,)
2025-08-25 02:42:42,409 - DEBUG - 🔍 生理偏差向量计算:
2025-08-25 02:42:42,409 - DEBUG -    点类型列表: ['pupil_center', 'iris_boundaries', 'iris_boundaries', 'iris_boundaries', 'iris_boundaries', 'eye_contours', 'eye_contours', 'eye_contours', 'eye_contours', 'eye_contours', 'eye_contours', 'eye_contours', 'eye_contours', 'eye_contours', 'eye_contours', 'eye_contours', 'eye_contours', 'eye_contours', 'eye_contours', 'eye_contours', 'eye_contours']
2025-08-25 02:42:42,409 - DEBUG -    偏差向量: [0.0002  0.00085 0.00085 0.00085 0.00085 0.0015  0.0015  0.0015  0.0015
 0.0015  0.0015  0.0015  0.0015  0.0015  0.0015  0.0015  0.0015  0.0015
 0.0015  0.0015  0.0015 ]
2025-08-25 02:42:42,409 - DEBUG -    向量形状: (21,)
2025-08-25 02:42:42,409 - DEBUG -    偏差统计: 均值=0.001314, 标准差=0.000356
2025-08-25 02:42:42,409 - DEBUG - 获取生理偏差: 点类型=['pupil_center', 'iris_boundaries', 'iris_boundaries', 'iris_boundaries', 'iris_boundaries', 'eye_contours', 'eye_contours', 'eye_contours', 'eye_contours', 'eye_contours', 'eye_contours', 'eye_contours', 'eye_contours', 'eye_contours', 'eye_contours', 'eye_contours', 'eye_contours', 'eye_contours', 'eye_contours', 'eye_contours', 'eye_contours'], 偏差值=[0.0002  0.00085 0.00085 0.00085 0.00085 0.0015  0.0015  0.0015  0.0015
 0.0015  0.0015  0.0015  0.0015  0.0015  0.0015  0.0015  0.0015  0.0015
 0.0015  0.0015  0.0015 ]
2025-08-25 02:42:42,409 - INFO - -----------------------------------------------------------------------------------
2025-08-25 02:42:42,409 - DEBUG - 🔍 拟合残差计算详情:
2025-08-25 02:42:42,409 - DEBUG -    球心坐标: [ 0.09685682 -0.06140119  0.60456491]
2025-08-25 02:42:42,409 - DEBUG -    球体半径: 0.019260
2025-08-25 02:42:42,409 - DEBUG -    采样点数: 21
2025-08-25 02:42:42,417 - DEBUG -    点类型分布: {'eye_contours': 16, 'iris_boundaries': 4, 'pupil_center': 1}
2025-08-25 02:42:42,417 - DEBUG -    理论距离向量: [0.01945961 0.02010961 0.02010961 0.02010961 0.02010961 0.02075961
 0.02075961 0.02075961 0.02075961 0.02075961 0.02075961 0.02075961
 0.02075961 0.02075961 0.02075961 0.02075961 0.02075961 0.02075961
 0.02075961 0.02075961 0.02075961]
2025-08-25 02:42:42,417 - DEBUG -    实际距离向量: [0.03221737 0.03849085 0.02394477 0.03041385 0.04254718 0.03715025
 0.03326517 0.02778839 0.02625517 0.03021176 0.03728186 0.04291143
 0.04649095 0.04933832 0.04871688 0.04749033 0.04563271 0.04257416
 0.03966249 0.03754643 0.03740854]
2025-08-25 02:42:42,417 - DEBUG -    生理偏差向量: [0.0002  0.00085 0.00085 0.00085 0.00085 0.0015  0.0015  0.0015  0.0015
 0.0015  0.0015  0.0015  0.0015  0.0015  0.0015  0.0015  0.0015  0.0015
 0.0015  0.0015  0.0015 ]
2025-08-25 02:42:42,417 - DEBUG -    残差向量 f(θ): 
[[0.01275776]
 [0.01838124]
 [0.00383516]
 [0.01030424]
 [0.02243757]
 [0.01639064]
 [0.01250556]
 [0.00702877]
 [0.00549556]
 [0.00945215]
 [0.01652225]
 [0.02215181]
 [0.02573134]
 [0.02857871]
 [0.02795727]
 [0.02673072]
 [0.0248731 ]
 [0.02181454]
 [0.01890288]
 [0.01678682]
 [0.01664893]]
2025-08-25 02:42:42,417 - DEBUG -    平均残差范数: 0.004115
2025-08-25 02:42:42,417 - DEBUG -    残差范数=0.086420
2025-08-25 02:42:42,417 - INFO - -----------------------------------------------------------------------------------
2025-08-25 02:42:42,417 - DEBUG - 🔍 深度约束计算详情 (softplus):
2025-08-25 02:42:42,420 - DEBUG -    采样点Z坐标范围: [0.600000, 0.601360]
2025-08-25 02:42:42,420 - DEBUG -    球心Z坐标: 0.604565
2025-08-25 02:42:42,420 - DEBUG -    深度偏移ε: 0.000200
2025-08-25 02:42:42,420 - DEBUG -    softplus参数τ: 0.001000
2025-08-25 02:42:42,420 - DEBUG -    原始违反值: -0.003005
2025-08-25 02:42:42,420 - DEBUG -    softplus输入 u: -3.004765
2025-08-25 02:42:42,420 - DEBUG -    约束惩罚 h(θ): 0.000048
2025-08-25 02:42:42,420 - DEBUG -    🟢 深度约束满足: 球心深度足够
2025-08-25 02:42:42,420 - INFO - -----------------------------------------------------------------------------------
2025-08-25 02:42:42,420 - DEBUG - 🔍 半径惩罚计算详情:
2025-08-25 02:42:42,420 - DEBUG -    当前半径: 0.019260
2025-08-25 02:42:42,420 - DEBUG -    半径先验值: 0.012000
2025-08-25 02:42:42,420 - DEBUG -    半径残差 r(θ): 0.007260
2025-08-25 02:42:42,420 - DEBUG -    数据残差 f(θ): [[0.01275776]
 [0.01838124]
 [0.00383516]
 [0.01030424]
 [0.02243757]
 [0.01639064]
 [0.01250556]
 [0.00702877]
 [0.00549556]
 [0.00945215]
 [0.01652225]
 [0.02215181]
 [0.02573134]
 [0.02857871]
 [0.02795727]
 [0.02673072]
 [0.0248731 ]
 [0.02181454]
 [0.01890288]
 [0.01678682]
 [0.01664893]]
2025-08-25 02:42:42,420 - DEBUG -    约束残差 g(θ): [[4.83618852e-05]]
2025-08-25 02:42:42,420 - DEBUG -    半径残差 r(θ): [[0.00725961]]
2025-08-25 02:42:42,420 - DEBUG - 🔍 状态变化计算: 参数变化=0.003168, 残差变化=0.001465
2025-08-25 02:42:42,420 - INFO - -----------------------------------------------------------------------------------
2025-08-25 02:42:42,420 - DEBUG - 🔍 权重管理器状态更新详情:
2025-08-25 02:42:42,423 - DEBUG -    当前迭代: 10
2025-08-25 02:42:42,423 - DEBUG -    参数变化: 0.003168 (阈值: 0.000005)
2025-08-25 02:42:42,423 - DEBUG -    残差变化: 0.001465 (阈值: 0.000005)
2025-08-25 02:42:42,423 - DEBUG -    几何权重因子: 10
2025-08-25 02:42:42,423 - DEBUG - ⏸️ 保持图像置信度权重: 参数变化=3.17e-03, 残差变化=1.46e-03
2025-08-25 02:42:42,423 - DEBUG - 状态已保存: 参数=[ 0.09685682 -0.06140119  0.60456491  0.01925961], 残差范数=0.086420
2025-08-25 02:42:42,423 - DEBUG - 🔍 获取visibility信息: 形状=(21,), 范围=[1.000, 1.000]
2025-08-25 02:42:42,425 - DEBUG - 🔧 设置图像置信度权重: 21个点
2025-08-25 02:42:42,425 - DEBUG - 🔍 开始计算权重矩阵:
2025-08-25 02:42:42,425 - DEBUG -    点类型: ['pupil_center', 'iris_boundaries', 'iris_boundaries', 'iris_boundaries', 'iris_boundaries', 'eye_contours', 'eye_contours', 'eye_contours', 'eye_contours', 'eye_contours', 'eye_contours', 'eye_contours', 'eye_contours', 'eye_contours', 'eye_contours', 'eye_contours', 'eye_contours', 'eye_contours', 'eye_contours', 'eye_contours', 'eye_contours']
2025-08-25 02:42:42,425 - DEBUG -    残差向量: 形状=(21,), 范数=0.086420
2025-08-25 02:42:42,425 - DEBUG -    Visibility: 形状=(21,), 均值=1.000
2025-08-25 02:42:42,425 - DEBUG - 🔍 权重矩阵计算成功: 形状=(21, 21)
2025-08-25 02:42:42,427 - DEBUG - 🔍 几何权重统计:
2025-08-25 02:42:42,427 - DEBUG -    权重向量: [[1.]
 [1.]
 [1.]
 [1.]
 [1.]
 [1.]
 [1.]
 [1.]
 [1.]
 [1.]
 [1.]
 [1.]
 [1.]
 [1.]
 [1.]
 [1.]
 [1.]
 [1.]
 [1.]
 [1.]
 [1.]]
2025-08-25 02:42:42,427 - DEBUG -    权重范围: [1.000000, 1.000000]
2025-08-25 02:42:42,427 - DEBUG -    权重均值: 1.000000
2025-08-25 02:42:42,427 - DEBUG -    权重标准差: 0.000000
2025-08-25 02:42:42,427 - DEBUG -    高权重点(>0.8): 21/21
2025-08-25 02:42:42,429 - DEBUG -    低权重点(<0.2): 0/21
2025-08-25 02:42:42,429 - INFO - -----------------------------------------------------------------------------------
2025-08-25 02:42:42,429 - DEBUG - 🔍 开始求解LM更新方程:
2025-08-25 02:42:42,429 - DEBUG -    数据残差: 形状=(21,), 范数=0.086420
2025-08-25 02:42:42,429 - DEBUG -    约束残差: 形状=(1,), 范数=0.000048
2025-08-25 02:42:42,429 - DEBUG - 🔍 计算数据残差雅可比矩阵 J_f: 形状=(21, 4)
2025-08-25 02:42:42,429 - DEBUG - 🔍 J_f矩阵计算完成: 条件数=5.68e+01
2025-08-25 02:42:42,429 - DEBUG - 🔍 深度约束雅可比计算: u=-3.004765, σ=0.047211, J_h=[[ 0.          0.         -0.04721108  0.        ]]
2025-08-25 02:42:42,429 - DEBUG - 🔍 半径先验雅可比: J_r=[[0. 0. 0. 1.]]
2025-08-25 02:42:42,429 - DEBUG - 🔍 使用几何权重矩阵: 形状=(21, 21)
2025-08-25 02:42:42,429 - DEBUG - 🔍 Hessian矩阵计算:
2025-08-25 02:42:42,429 - DEBUG -    H_data = J_f^T W J_f: 形状=(4, 4), 条件数=3.22e+03
2025-08-25 02:42:42,429 - DEBUG -    H_h = λ_depth J_h^T J_h: 形状=(4, 4), λ_depth=1000.0
2025-08-25 02:42:42,429 - DEBUG -    H_r = λ_radius J_r^T J_r: 形状=(4, 4), λ_radius=10.0
2025-08-25 02:42:42,429 - DEBUG -    H_total: 形状=(4, 4), 条件数=2.10e+01
2025-08-25 02:42:42,429 - DEBUG - 🔍 梯度计算:
2025-08-25 02:42:42,429 - DEBUG -    g_data: 形状=(4,), 范数=0.499762
2025-08-25 02:42:42,429 - DEBUG -    g_h: 形状=(4,), 范数=0.002283
2025-08-25 02:42:42,429 - DEBUG -    g_r: 形状=(4,), 范数=0.072596
2025-08-25 02:42:42,433 - DEBUG -    g_total: 形状=(4,), 范数=0.449630
2025-08-25 02:42:42,433 - DEBUG - 🔍 LM阻尼矩阵: H_lm = H_total + 100.0 * I
2025-08-25 02:42:42,433 - DEBUG -    H_lm条件数: 1.42e+00
2025-08-25 02:42:42,433 - DEBUG - 🔍 线性方程组求解成功:
2025-08-25 02:42:42,433 - DEBUG -    参数更新向量 Δθ: [[-0.00140118]
 [-0.00214723]
 [ 0.00028148]
 [ 0.00184993]]
2025-08-25 02:42:42,433 - DEBUG -    更新向量范数: 0.003174
2025-08-25 02:42:42,433 - DEBUG -    各分量更新: Δc_x=-0.001401, Δc_y=-0.002147, Δc_z=0.000281, Δr=0.001850
2025-08-25 02:42:42,433 - DEBUG -    参数更新:
2025-08-25 02:42:42,433 - DEBUG -      旧参数: [[ 0.09685682]
 [-0.06140119]
 [ 0.60456491]
 [ 0.01925961]]
2025-08-25 02:42:42,433 - DEBUG -      更新向量: [[-0.00140118]
 [-0.00214723]
 [ 0.00028148]
 [ 0.00184993]]
2025-08-25 02:42:42,433 - DEBUG -      新参数: [[ 0.09545564]
 [-0.06354843]
 [ 0.60484639]
 [ 0.02110955]]
2025-08-25 02:42:42,433 - INFO - -----------------------------------------------------------------------------------
2025-08-25 02:42:42,433 - INFO - 🔍 迭代第10次，球心向右1.401181mm，向上2.147234mm，向后0.281480mm，半径变大1.849934mm
2025-08-25 02:42:42,433 - INFO - 📊 变化前: 中心(0.097, -0.061, 0.605), 半径19.26mm
2025-08-25 02:42:42,433 - INFO - 📊 变化后: 中心(0.095, -0.064, 0.605), 半径21.11mm
2025-08-25 02:42:42,433 - INFO - 📈 变化量: 中心移动2.56mm, 半径变化1.85mm
2025-08-25 02:42:42,433 - INFO - 📍 眼球中心: [ 0.09685682 -0.06140119  0.60456491]
2025-08-25 02:42:42,437 - INFO - 📏 眼球半径: 19.26mm
2025-08-25 02:42:42,437 - INFO - 👁️ 瞳孔中心: [ 0.112      -0.03333333  0.60000002]
2025-08-25 02:42:42,437 - INFO - 📐 眼球中心在瞳孔中心的左15.14mm，上28.07mm，后4.56mm
2025-08-25 02:42:42,437 - INFO - 📏 距离: 32.22mm
2025-08-25 02:42:42,437 - INFO - -----------------------------------------------------------------------------------
2025-08-25 02:42:42,437 - INFO - -----------------------------------------------------------------------------------
2025-08-25 02:42:42,437 - DEBUG - 🔍 参数有效性检查:
2025-08-25 02:42:42,437 - DEBUG -    参数向量: [[ 0.09545564]
 [-0.06354843]
 [ 0.60484639]
 [ 0.02110955]]
2025-08-25 02:42:42,437 - DEBUG -    球心: [ 0.09545564 -0.06354843  0.60484639]
2025-08-25 02:42:42,437 - DEBUG -    半径: 0.021110
2025-08-25 02:42:42,437 - DEBUG - 🔍 函数值计算详情:
2025-08-25 02:42:42,437 - DEBUG -    数据项 F(θ): 0.003734
2025-08-25 02:42:42,437 - DEBUG -    深度约束项: 0.000001
2025-08-25 02:42:42,437 - DEBUG -    半径先验项: 0.000264
2025-08-25 02:42:42,437 - DEBUG -    总函数值 Φ(θ): 0.003999
2025-08-25 02:42:42,437 - DEBUG -    函数值改善: -0.000248
2025-08-25 02:42:42,437 - DEBUG - 🔍 参数有效: False
2025-08-25 02:42:42,437 - DEBUG -    参数无效，阻尼因子调整: λ_LM = 1.00e+03
2025-08-25 02:42:42,437 - DEBUG - 🔍 迭代 12/30:
2025-08-25 02:42:42,437 - DEBUG - 🔍 计算点到球心距离: 形状=(21,)
2025-08-25 02:42:42,441 - DEBUG - 🔍 生理偏差向量计算:
2025-08-25 02:42:42,441 - DEBUG -    点类型列表: ['pupil_center', 'iris_boundaries', 'iris_boundaries', 'iris_boundaries', 'iris_boundaries', 'eye_contours', 'eye_contours', 'eye_contours', 'eye_contours', 'eye_contours', 'eye_contours', 'eye_contours', 'eye_contours', 'eye_contours', 'eye_contours', 'eye_contours', 'eye_contours', 'eye_contours', 'eye_contours', 'eye_contours', 'eye_contours']
2025-08-25 02:42:42,441 - DEBUG -    偏差向量: [0.0002  0.00085 0.00085 0.00085 0.00085 0.0015  0.0015  0.0015  0.0015
 0.0015  0.0015  0.0015  0.0015  0.0015  0.0015  0.0015  0.0015  0.0015
 0.0015  0.0015  0.0015 ]
2025-08-25 02:42:42,441 - DEBUG -    向量形状: (21,)
2025-08-25 02:42:42,441 - DEBUG -    偏差统计: 均值=0.001314, 标准差=0.000356
2025-08-25 02:42:42,441 - DEBUG - 获取生理偏差: 点类型=['pupil_center', 'iris_boundaries', 'iris_boundaries', 'iris_boundaries', 'iris_boundaries', 'eye_contours', 'eye_contours', 'eye_contours', 'eye_contours', 'eye_contours', 'eye_contours', 'eye_contours', 'eye_contours', 'eye_contours', 'eye_contours', 'eye_contours', 'eye_contours', 'eye_contours', 'eye_contours', 'eye_contours', 'eye_contours'], 偏差值=[0.0002  0.00085 0.00085 0.00085 0.00085 0.0015  0.0015  0.0015  0.0015
 0.0015  0.0015  0.0015  0.0015  0.0015  0.0015  0.0015  0.0015  0.0015
 0.0015  0.0015  0.0015 ]
2025-08-25 02:42:42,441 - INFO - -----------------------------------------------------------------------------------
2025-08-25 02:42:42,441 - DEBUG - 🔍 拟合残差计算详情:
2025-08-25 02:42:42,441 - DEBUG -    球心坐标: [ 0.09685682 -0.06140119  0.60456491]
2025-08-25 02:42:42,441 - DEBUG -    球体半径: 0.019260
2025-08-25 02:42:42,441 - DEBUG -    采样点数: 21
2025-08-25 02:42:42,441 - DEBUG -    点类型分布: {'eye_contours': 16, 'iris_boundaries': 4, 'pupil_center': 1}
2025-08-25 02:42:42,441 - DEBUG -    理论距离向量: [0.01945961 0.02010961 0.02010961 0.02010961 0.02010961 0.02075961
 0.02075961 0.02075961 0.02075961 0.02075961 0.02075961 0.02075961
 0.02075961 0.02075961 0.02075961 0.02075961 0.02075961 0.02075961
 0.02075961 0.02075961 0.02075961]
2025-08-25 02:42:42,441 - DEBUG -    实际距离向量: [0.03221737 0.03849085 0.02394477 0.03041385 0.04254718 0.03715025
 0.03326517 0.02778839 0.02625517 0.03021176 0.03728186 0.04291143
 0.04649095 0.04933832 0.04871688 0.04749033 0.04563271 0.04257416
 0.03966249 0.03754643 0.03740854]
2025-08-25 02:42:42,441 - DEBUG -    生理偏差向量: [0.0002  0.00085 0.00085 0.00085 0.00085 0.0015  0.0015  0.0015  0.0015
 0.0015  0.0015  0.0015  0.0015  0.0015  0.0015  0.0015  0.0015  0.0015
 0.0015  0.0015  0.0015 ]
2025-08-25 02:42:42,441 - DEBUG -    残差向量 f(θ): 
[[0.01275776]
 [0.01838124]
 [0.00383516]
 [0.01030424]
 [0.02243757]
 [0.01639064]
 [0.01250556]
 [0.00702877]
 [0.00549556]
 [0.00945215]
 [0.01652225]
 [0.02215181]
 [0.02573134]
 [0.02857871]
 [0.02795727]
 [0.02673072]
 [0.0248731 ]
 [0.02181454]
 [0.01890288]
 [0.01678682]
 [0.01664893]]
2025-08-25 02:42:42,441 - DEBUG -    平均残差范数: 0.004115
2025-08-25 02:42:42,441 - DEBUG -    残差范数=0.086420
2025-08-25 02:42:42,441 - INFO - -----------------------------------------------------------------------------------
2025-08-25 02:42:42,441 - DEBUG - 🔍 深度约束计算详情 (softplus):
2025-08-25 02:42:42,441 - DEBUG -    采样点Z坐标范围: [0.600000, 0.601360]
2025-08-25 02:42:42,441 - DEBUG -    球心Z坐标: 0.604565
2025-08-25 02:42:42,441 - DEBUG -    深度偏移ε: 0.000200
2025-08-25 02:42:42,441 - DEBUG -    softplus参数τ: 0.001000
2025-08-25 02:42:42,441 - DEBUG -    原始违反值: -0.003005
2025-08-25 02:42:42,441 - DEBUG -    softplus输入 u: -3.004765
2025-08-25 02:42:42,441 - DEBUG -    约束惩罚 h(θ): 0.000048
2025-08-25 02:42:42,441 - DEBUG -    🟢 深度约束满足: 球心深度足够
2025-08-25 02:42:42,441 - INFO - -----------------------------------------------------------------------------------
2025-08-25 02:42:42,441 - DEBUG - 🔍 半径惩罚计算详情:
2025-08-25 02:42:42,441 - DEBUG -    当前半径: 0.019260
2025-08-25 02:42:42,441 - DEBUG -    半径先验值: 0.012000
2025-08-25 02:42:42,441 - DEBUG -    半径残差 r(θ): 0.007260
2025-08-25 02:42:42,441 - DEBUG -    数据残差 f(θ): [[0.01275776]
 [0.01838124]
 [0.00383516]
 [0.01030424]
 [0.02243757]
 [0.01639064]
 [0.01250556]
 [0.00702877]
 [0.00549556]
 [0.00945215]
 [0.01652225]
 [0.02215181]
 [0.02573134]
 [0.02857871]
 [0.02795727]
 [0.02673072]
 [0.0248731 ]
 [0.02181454]
 [0.01890288]
 [0.01678682]
 [0.01664893]]
2025-08-25 02:42:42,441 - DEBUG -    约束残差 g(θ): [[4.83618852e-05]]
2025-08-25 02:42:42,441 - DEBUG -    半径残差 r(θ): [[0.00725961]]
2025-08-25 02:42:42,441 - DEBUG - 🔍 状态变化计算: 参数变化=0.000000, 残差变化=0.000000
2025-08-25 02:42:42,449 - INFO - -----------------------------------------------------------------------------------
2025-08-25 02:42:42,449 - DEBUG - 🔍 权重管理器状态更新详情:
2025-08-25 02:42:42,449 - DEBUG -    当前迭代: 11
2025-08-25 02:42:42,449 - DEBUG -    参数变化: 0.000000 (阈值: 0.000005)
2025-08-25 02:42:42,449 - DEBUG -    残差变化: 0.000000 (阈值: 0.000005)
2025-08-25 02:42:42,449 - DEBUG -    几何权重因子: 10
2025-08-25 02:42:42,449 - DEBUG - ⏸️ 保持图像置信度权重: 参数变化=0.00e+00, 残差变化=0.00e+00
2025-08-25 02:42:42,452 - DEBUG - 状态已保存: 参数=[ 0.09685682 -0.06140119  0.60456491  0.01925961], 残差范数=0.086420
2025-08-25 02:42:42,453 - DEBUG - 🔍 获取visibility信息: 形状=(21,), 范围=[1.000, 1.000]
2025-08-25 02:42:42,453 - DEBUG - 🔧 设置图像置信度权重: 21个点
2025-08-25 02:42:42,453 - DEBUG - 🔍 开始计算权重矩阵:
2025-08-25 02:42:42,453 - DEBUG -    点类型: ['pupil_center', 'iris_boundaries', 'iris_boundaries', 'iris_boundaries', 'iris_boundaries', 'eye_contours', 'eye_contours', 'eye_contours', 'eye_contours', 'eye_contours', 'eye_contours', 'eye_contours', 'eye_contours', 'eye_contours', 'eye_contours', 'eye_contours', 'eye_contours', 'eye_contours', 'eye_contours', 'eye_contours', 'eye_contours']
2025-08-25 02:42:42,453 - DEBUG -    残差向量: 形状=(21,), 范数=0.086420
2025-08-25 02:42:42,453 - DEBUG -    Visibility: 形状=(21,), 均值=1.000
2025-08-25 02:42:42,453 - DEBUG - 🔍 权重矩阵计算成功: 形状=(21, 21)
2025-08-25 02:42:42,453 - DEBUG - 🔍 几何权重统计:
2025-08-25 02:42:42,453 - DEBUG -    权重向量: [[1.]
 [1.]
 [1.]
 [1.]
 [1.]
 [1.]
 [1.]
 [1.]
 [1.]
 [1.]
 [1.]
 [1.]
 [1.]
 [1.]
 [1.]
 [1.]
 [1.]
 [1.]
 [1.]
 [1.]
 [1.]]
2025-08-25 02:42:42,453 - DEBUG -    权重范围: [1.000000, 1.000000]
2025-08-25 02:42:42,453 - DEBUG -    权重均值: 1.000000
2025-08-25 02:42:42,453 - DEBUG -    权重标准差: 0.000000
2025-08-25 02:42:42,457 - DEBUG -    高权重点(>0.8): 21/21
2025-08-25 02:42:42,457 - DEBUG -    低权重点(<0.2): 0/21
2025-08-25 02:42:42,457 - INFO - -----------------------------------------------------------------------------------
2025-08-25 02:42:42,457 - DEBUG - 🔍 开始求解LM更新方程:
2025-08-25 02:42:42,457 - DEBUG -    数据残差: 形状=(21,), 范数=0.086420
2025-08-25 02:42:42,457 - DEBUG -    约束残差: 形状=(1,), 范数=0.000048
2025-08-25 02:42:42,457 - DEBUG - 🔍 计算数据残差雅可比矩阵 J_f: 形状=(21, 4)
2025-08-25 02:42:42,457 - DEBUG - 🔍 J_f矩阵计算完成: 条件数=5.68e+01
2025-08-25 02:42:42,457 - DEBUG - 🔍 深度约束雅可比计算: u=-3.004765, σ=0.047211, J_h=[[ 0.          0.         -0.04721108  0.        ]]
2025-08-25 02:42:42,457 - DEBUG - 🔍 半径先验雅可比: J_r=[[0. 0. 0. 1.]]
2025-08-25 02:42:42,457 - DEBUG - 🔍 使用几何权重矩阵: 形状=(21, 21)
2025-08-25 02:42:42,457 - DEBUG - 🔍 Hessian矩阵计算:
2025-08-25 02:42:42,457 - DEBUG -    H_data = J_f^T W J_f: 形状=(4, 4), 条件数=3.22e+03
2025-08-25 02:42:42,457 - DEBUG -    H_h = λ_depth J_h^T J_h: 形状=(4, 4), λ_depth=1000.0
2025-08-25 02:42:42,457 - DEBUG -    H_r = λ_radius J_r^T J_r: 形状=(4, 4), λ_radius=10.0
2025-08-25 02:42:42,457 - DEBUG -    H_total: 形状=(4, 4), 条件数=2.10e+01
2025-08-25 02:42:42,457 - DEBUG - 🔍 梯度计算:
2025-08-25 02:42:42,457 - DEBUG -    g_data: 形状=(4,), 范数=0.499762
2025-08-25 02:42:42,457 - DEBUG -    g_h: 形状=(4,), 范数=0.002283
2025-08-25 02:42:42,457 - DEBUG -    g_r: 形状=(4,), 范数=0.072596
2025-08-25 02:42:42,457 - DEBUG -    g_total: 形状=(4,), 范数=0.449630
2025-08-25 02:42:42,457 - DEBUG - 🔍 LM阻尼矩阵: H_lm = H_total + 1000.0 * I
2025-08-25 02:42:42,457 - DEBUG -    H_lm条件数: 1.04e+00
2025-08-25 02:42:42,457 - DEBUG - 🔍 线性方程组求解成功:
2025-08-25 02:42:42,457 - DEBUG -    参数更新向量 Δθ: [[-1.74411819e-04]
 [-2.77466916e-04]
 [ 3.72574618e-05]
 [ 2.77636408e-04]]
2025-08-25 02:42:42,457 - DEBUG -    更新向量范数: 0.000431
2025-08-25 02:42:42,457 - DEBUG -    各分量更新: Δc_x=-0.000174, Δc_y=-0.000277, Δc_z=0.000037, Δr=0.000278
2025-08-25 02:42:42,457 - DEBUG -    参数更新:
2025-08-25 02:42:42,457 - DEBUG -      旧参数: [[ 0.09685682]
 [-0.06140119]
 [ 0.60456491]
 [ 0.01925961]]
2025-08-25 02:42:42,457 - DEBUG -      更新向量: [[-1.74411819e-04]
 [-2.77466916e-04]
 [ 3.72574618e-05]
 [ 2.77636408e-04]]
2025-08-25 02:42:42,457 - DEBUG -      新参数: [[ 0.0966824 ]
 [-0.06167866]
 [ 0.60460216]
 [ 0.01953725]]
2025-08-25 02:42:42,457 - INFO - -----------------------------------------------------------------------------------
2025-08-25 02:42:42,457 - INFO - 🔍 迭代第11次，球心向右0.174412mm，向上0.277467mm，向后0.037257mm，半径变大0.277636mm
2025-08-25 02:42:42,457 - INFO - 📊 变化前: 中心(0.097, -0.061, 0.605), 半径19.26mm
2025-08-25 02:42:42,457 - INFO - 📊 变化后: 中心(0.097, -0.062, 0.605), 半径19.54mm
2025-08-25 02:42:42,457 - INFO - 📈 变化量: 中心移动0.33mm, 半径变化0.28mm
2025-08-25 02:42:42,457 - INFO - 📍 眼球中心: [ 0.09685682 -0.06140119  0.60456491]
2025-08-25 02:42:42,457 - INFO - 📏 眼球半径: 19.26mm
2025-08-25 02:42:42,457 - INFO - 👁️ 瞳孔中心: [ 0.112      -0.03333333  0.60000002]
2025-08-25 02:42:42,457 - INFO - 📐 眼球中心在瞳孔中心的左15.14mm，上28.07mm，后4.56mm
2025-08-25 02:42:42,465 - INFO - 📏 距离: 32.22mm
2025-08-25 02:42:42,465 - INFO - -----------------------------------------------------------------------------------
2025-08-25 02:42:42,465 - INFO - -----------------------------------------------------------------------------------
2025-08-25 02:42:42,465 - DEBUG - 🔍 参数有效性检查:
2025-08-25 02:42:42,465 - DEBUG -    参数向量: [[ 0.0966824 ]
 [-0.06167866]
 [ 0.60460216]
 [ 0.01953725]]
2025-08-25 02:42:42,465 - DEBUG -    球心: [ 0.0966824  -0.06167866  0.60460216]
2025-08-25 02:42:42,465 - DEBUG -    半径: 0.019537
2025-08-25 02:42:42,465 - DEBUG - 🔍 函数值计算详情:
2025-08-25 02:42:42,465 - DEBUG -    数据项 F(θ): 0.003734
2025-08-25 02:42:42,465 - DEBUG -    深度约束项: 0.000001
2025-08-25 02:42:42,465 - DEBUG -    半径先验项: 0.000264
2025-08-25 02:42:42,465 - DEBUG -    总函数值 Φ(θ): 0.003999
2025-08-25 02:42:42,465 - DEBUG -    函数值改善: 0.000000
2025-08-25 02:42:42,465 - DEBUG - 🔍 参数有效: True
2025-08-25 02:42:42,465 - DEBUG -    参数更新成功:
2025-08-25 02:42:42,465 - DEBUG -      新球心: [ 0.0966824  -0.06167866  0.60460216]
2025-08-25 02:42:42,465 - DEBUG -      新半径: 0.019537
2025-08-25 02:42:42,465 - INFO - -----------------------------------------------------------------------------------
2025-08-25 02:42:42,465 - DEBUG - 🔍 LM收敛性检查:
2025-08-25 02:42:42,465 - DEBUG -    当前迭代次数: 11
2025-08-25 02:42:42,465 - DEBUG -    最大迭代次数: 30
2025-08-25 02:42:42,465 - DEBUG -    参数变化: 0.000431
2025-08-25 02:42:42,465 - DEBUG -    参数容忍度: 5e-06
2025-08-25 02:42:42,465 - DEBUG -    残差变化: 0.000000
2025-08-25 02:42:42,465 - DEBUG -    残差容忍度: 5e-06
2025-08-25 02:42:42,465 - DEBUG - 🔍 迭代 13/30:
2025-08-25 02:42:42,465 - DEBUG - 🔍 计算点到球心距离: 形状=(21,)
2025-08-25 02:42:42,465 - DEBUG - 🔍 生理偏差向量计算:
2025-08-25 02:42:42,465 - DEBUG -    点类型列表: ['pupil_center', 'iris_boundaries', 'iris_boundaries', 'iris_boundaries', 'iris_boundaries', 'eye_contours', 'eye_contours', 'eye_contours', 'eye_contours', 'eye_contours', 'eye_contours', 'eye_contours', 'eye_contours', 'eye_contours', 'eye_contours', 'eye_contours', 'eye_contours', 'eye_contours', 'eye_contours', 'eye_contours', 'eye_contours']
2025-08-25 02:42:42,471 - DEBUG -    偏差向量: [0.0002  0.00085 0.00085 0.00085 0.00085 0.0015  0.0015  0.0015  0.0015
 0.0015  0.0015  0.0015  0.0015  0.0015  0.0015  0.0015  0.0015  0.0015
 0.0015  0.0015  0.0015 ]
2025-08-25 02:42:42,471 - DEBUG -    向量形状: (21,)
2025-08-25 02:42:42,471 - DEBUG -    偏差统计: 均值=0.001314, 标准差=0.000356
2025-08-25 02:42:42,471 - DEBUG - 获取生理偏差: 点类型=['pupil_center', 'iris_boundaries', 'iris_boundaries', 'iris_boundaries', 'iris_boundaries', 'eye_contours', 'eye_contours', 'eye_contours', 'eye_contours', 'eye_contours', 'eye_contours', 'eye_contours', 'eye_contours', 'eye_contours', 'eye_contours', 'eye_contours', 'eye_contours', 'eye_contours', 'eye_contours', 'eye_contours', 'eye_contours'], 偏差值=[0.0002  0.00085 0.00085 0.00085 0.00085 0.0015  0.0015  0.0015  0.0015
 0.0015  0.0015  0.0015  0.0015  0.0015  0.0015  0.0015  0.0015  0.0015
 0.0015  0.0015  0.0015 ]
2025-08-25 02:42:42,471 - INFO - -----------------------------------------------------------------------------------
2025-08-25 02:42:42,471 - DEBUG - 🔍 拟合残差计算详情:
2025-08-25 02:42:42,471 - DEBUG -    球心坐标: [ 0.0966824  -0.06167866  0.60460216]
2025-08-25 02:42:42,471 - DEBUG -    球体半径: 0.019537
2025-08-25 02:42:42,471 - DEBUG -    采样点数: 21
2025-08-25 02:42:42,471 - DEBUG -    点类型分布: {'eye_contours': 16, 'iris_boundaries': 4, 'pupil_center': 1}
2025-08-25 02:42:42,471 - DEBUG -    理论距离向量: [0.01973725 0.02038725 0.02038725 0.02038725 0.02038725 0.02103725
 0.02103725 0.02103725 0.02103725 0.02103725 0.02103725 0.02103725
 0.02103725 0.02103725 0.02103725 0.02103725 0.02103725 0.02103725
 0.02103725 0.02103725 0.02103725]
2025-08-25 02:42:42,474 - DEBUG -    实际距离向量: [0.03254637 0.03881424 0.02427283 0.03071883 0.04287343 0.03739444
 0.03352229 0.02808055 0.02658187 0.03053695 0.03759431 0.04321885
 0.04679701 0.04964367 0.04903196 0.04781272 0.04596095 0.04290275
 0.039979   0.03783644 0.03767112]
2025-08-25 02:42:42,474 - DEBUG -    生理偏差向量: [0.0002  0.00085 0.00085 0.00085 0.00085 0.0015  0.0015  0.0015  0.0015
 0.0015  0.0015  0.0015  0.0015  0.0015  0.0015  0.0015  0.0015  0.0015
 0.0015  0.0015  0.0015 ]
2025-08-25 02:42:42,474 - DEBUG -    残差向量 f(θ): 
[[0.01280912]
 [0.01842699]
 [0.00388558]
 [0.01033159]
 [0.02248618]
 [0.01635719]
 [0.01248504]
 [0.0070433 ]
 [0.00554463]
 [0.0094997 ]
 [0.01655706]
 [0.02218161]
 [0.02575976]
 [0.02860642]
 [0.02799471]
 [0.02677548]
 [0.0249237 ]
 [0.0218655 ]
 [0.01894175]
 [0.01679919]
 [0.01663387]]
2025-08-25 02:42:42,474 - DEBUG -    平均残差范数: 0.004121
2025-08-25 02:42:42,475 - DEBUG -    残差范数=0.086549
2025-08-25 02:42:42,475 - INFO - -----------------------------------------------------------------------------------
2025-08-25 02:42:42,475 - DEBUG - 🔍 深度约束计算详情 (softplus):
2025-08-25 02:42:42,475 - DEBUG -    采样点Z坐标范围: [0.600000, 0.601360]
2025-08-25 02:42:42,475 - DEBUG -    球心Z坐标: 0.604602
2025-08-25 02:42:42,475 - DEBUG -    深度偏移ε: 0.000200
2025-08-25 02:42:42,475 - DEBUG -    softplus参数τ: 0.001000
2025-08-25 02:42:42,475 - DEBUG -    原始违反值: -0.003042
2025-08-25 02:42:42,475 - DEBUG -    softplus输入 u: -3.042022
2025-08-25 02:42:42,475 - DEBUG -    约束惩罚 h(θ): 0.000047
2025-08-25 02:42:42,475 - DEBUG -    🟢 深度约束满足: 球心深度足够
2025-08-25 02:42:42,475 - INFO - -----------------------------------------------------------------------------------
2025-08-25 02:42:42,475 - DEBUG - 🔍 半径惩罚计算详情:
2025-08-25 02:42:42,475 - DEBUG -    当前半径: 0.019537
2025-08-25 02:42:42,475 - DEBUG -    半径先验值: 0.012000
2025-08-25 02:42:42,475 - DEBUG -    半径残差 r(θ): 0.007537
2025-08-25 02:42:42,475 - DEBUG -    数据残差 f(θ): [[0.01280912]
 [0.01842699]
 [0.00388558]
 [0.01033159]
 [0.02248618]
 [0.01635719]
 [0.01248504]
 [0.0070433 ]
 [0.00554463]
 [0.0094997 ]
 [0.01655706]
 [0.02218161]
 [0.02575976]
 [0.02860642]
 [0.02799471]
 [0.02677548]
 [0.0249237 ]
 [0.0218655 ]
 [0.01894175]
 [0.01679919]
 [0.01663387]]
2025-08-25 02:42:42,475 - DEBUG -    约束残差 g(θ): [[4.66337922e-05]]
2025-08-25 02:42:42,475 - DEBUG -    半径残差 r(θ): [[0.00753725]]
2025-08-25 02:42:42,475 - DEBUG - 🔍 状态变化计算: 参数变化=0.000431, 残差变化=0.000129
2025-08-25 02:42:42,475 - INFO - -----------------------------------------------------------------------------------
2025-08-25 02:42:42,475 - DEBUG - 🔍 权重管理器状态更新详情:
2025-08-25 02:42:42,475 - DEBUG -    当前迭代: 12
2025-08-25 02:42:42,475 - DEBUG -    参数变化: 0.000431 (阈值: 0.000005)
2025-08-25 02:42:42,475 - DEBUG -    残差变化: 0.000129 (阈值: 0.000005)
2025-08-25 02:42:42,475 - DEBUG -    几何权重因子: 10
2025-08-25 02:42:42,475 - DEBUG - ⏸️ 保持图像置信度权重: 参数变化=4.31e-04, 残差变化=1.29e-04
2025-08-25 02:42:42,475 - DEBUG - 状态已保存: 参数=[ 0.0966824  -0.06167866  0.60460216  0.01953725], 残差范数=0.086549
2025-08-25 02:42:42,475 - DEBUG - 🔍 获取visibility信息: 形状=(21,), 范围=[1.000, 1.000]
2025-08-25 02:42:42,475 - DEBUG - 🔧 设置图像置信度权重: 21个点
2025-08-25 02:42:42,475 - DEBUG - 🔍 开始计算权重矩阵:
2025-08-25 02:42:42,475 - DEBUG -    点类型: ['pupil_center', 'iris_boundaries', 'iris_boundaries', 'iris_boundaries', 'iris_boundaries', 'eye_contours', 'eye_contours', 'eye_contours', 'eye_contours', 'eye_contours', 'eye_contours', 'eye_contours', 'eye_contours', 'eye_contours', 'eye_contours', 'eye_contours', 'eye_contours', 'eye_contours', 'eye_contours', 'eye_contours', 'eye_contours']
2025-08-25 02:42:42,475 - DEBUG -    残差向量: 形状=(21,), 范数=0.086549
2025-08-25 02:42:42,475 - DEBUG -    Visibility: 形状=(21,), 均值=1.000
2025-08-25 02:42:42,475 - DEBUG - 🔍 权重矩阵计算成功: 形状=(21, 21)
2025-08-25 02:42:42,475 - DEBUG - 🔍 几何权重统计:
2025-08-25 02:42:42,475 - DEBUG -    权重向量: [[1.]
 [1.]
 [1.]
 [1.]
 [1.]
 [1.]
 [1.]
 [1.]
 [1.]
 [1.]
 [1.]
 [1.]
 [1.]
 [1.]
 [1.]
 [1.]
 [1.]
 [1.]
 [1.]
 [1.]
 [1.]]
2025-08-25 02:42:42,475 - DEBUG -    权重范围: [1.000000, 1.000000]
2025-08-25 02:42:42,475 - DEBUG -    权重均值: 1.000000
2025-08-25 02:42:42,482 - DEBUG -    权重标准差: 0.000000
2025-08-25 02:42:42,482 - DEBUG -    高权重点(>0.8): 21/21
2025-08-25 02:42:42,482 - DEBUG -    低权重点(<0.2): 0/21
2025-08-25 02:42:42,482 - INFO - -----------------------------------------------------------------------------------
2025-08-25 02:42:42,482 - DEBUG - 🔍 开始求解LM更新方程:
2025-08-25 02:42:42,482 - DEBUG -    数据残差: 形状=(21,), 范数=0.086549
2025-08-25 02:42:42,482 - DEBUG -    约束残差: 形状=(1,), 范数=0.000047
2025-08-25 02:42:42,482 - DEBUG - 🔍 计算数据残差雅可比矩阵 J_f: 形状=(21, 4)
2025-08-25 02:42:42,482 - DEBUG - 🔍 J_f矩阵计算完成: 条件数=5.74e+01
2025-08-25 02:42:42,482 - DEBUG - 🔍 深度约束雅可比计算: u=-3.042022, σ=0.045563, J_h=[[ 0.          0.         -0.04556314  0.        ]]
2025-08-25 02:42:42,482 - DEBUG - 🔍 半径先验雅可比: J_r=[[0. 0. 0. 1.]]
2025-08-25 02:42:42,482 - DEBUG - 🔍 使用几何权重矩阵: 形状=(21, 21)
2025-08-25 02:42:42,482 - DEBUG - 🔍 Hessian矩阵计算:
2025-08-25 02:42:42,482 - DEBUG -    H_data = J_f^T W J_f: 形状=(4, 4), 条件数=3.30e+03
2025-08-25 02:42:42,482 - DEBUG -    H_h = λ_depth J_h^T J_h: 形状=(4, 4), λ_depth=1000.0
2025-08-25 02:42:42,482 - DEBUG -    H_r = λ_radius J_r^T J_r: 形状=(4, 4), λ_radius=10.0
2025-08-25 02:42:42,482 - DEBUG -    H_total: 形状=(4, 4), 条件数=2.24e+01
2025-08-25 02:42:42,482 - DEBUG - 🔍 梯度计算:
2025-08-25 02:42:42,482 - DEBUG -    g_data: 形状=(4,), 范数=0.500897
2025-08-25 02:42:42,482 - DEBUG -    g_h: 形状=(4,), 范数=0.002125
2025-08-25 02:42:42,482 - DEBUG -    g_r: 形状=(4,), 范数=0.075372
2025-08-25 02:42:42,482 - DEBUG -    g_total: 形状=(4,), 范数=0.448976
2025-08-25 02:42:42,482 - DEBUG - 🔍 LM阻尼矩阵: H_lm = H_total + 1000.0 * I
2025-08-25 02:42:42,482 - DEBUG -    H_lm条件数: 1.04e+00
2025-08-25 02:42:42,482 - DEBUG - 🔍 线性方程组求解成功:
2025-08-25 02:42:42,482 - DEBUG -    参数更新向量 Δθ: [[-1.75040325e-04]
 [-2.78244849e-04]
 [ 3.72251335e-05]
 [ 2.75520050e-04]]
2025-08-25 02:42:42,482 - DEBUG -    更新向量范数: 0.000431
2025-08-25 02:42:42,487 - DEBUG -    各分量更新: Δc_x=-0.000175, Δc_y=-0.000278, Δc_z=0.000037, Δr=0.000276
2025-08-25 02:42:42,487 - DEBUG -    参数更新:
2025-08-25 02:42:42,487 - DEBUG -      旧参数: [[ 0.0966824 ]
 [-0.06167866]
 [ 0.60460216]
 [ 0.01953725]]
2025-08-25 02:42:42,487 - DEBUG -      更新向量: [[-1.75040325e-04]
 [-2.78244849e-04]
 [ 3.72251335e-05]
 [ 2.75520050e-04]]
2025-08-25 02:42:42,487 - DEBUG -      新参数: [[ 0.09650736]
 [-0.06195691]
 [ 0.60463939]
 [ 0.01981277]]
2025-08-25 02:42:42,487 - INFO - -----------------------------------------------------------------------------------
2025-08-25 02:42:42,487 - INFO - 🔍 迭代第12次，球心向右0.175040mm，向上0.278245mm，向后0.037225mm，半径变大0.275520mm
2025-08-25 02:42:42,487 - INFO - 📊 变化前: 中心(0.097, -0.062, 0.605), 半径19.54mm
2025-08-25 02:42:42,487 - INFO - 📊 变化后: 中心(0.097, -0.062, 0.605), 半径19.81mm
2025-08-25 02:42:42,487 - INFO - 📈 变化量: 中心移动0.33mm, 半径变化0.28mm
2025-08-25 02:42:42,487 - INFO - 📍 眼球中心: [ 0.0966824  -0.06167866  0.60460216]
2025-08-25 02:42:42,487 - INFO - 📏 眼球半径: 19.54mm
2025-08-25 02:42:42,490 - INFO - 👁️ 瞳孔中心: [ 0.112      -0.03333333  0.60000002]
2025-08-25 02:42:42,490 - INFO - 📐 眼球中心在瞳孔中心的左15.32mm，上28.35mm，后4.60mm
2025-08-25 02:42:42,490 - INFO - 📏 距离: 32.55mm
2025-08-25 02:42:42,490 - INFO - -----------------------------------------------------------------------------------
2025-08-25 02:42:42,490 - INFO - -----------------------------------------------------------------------------------
2025-08-25 02:42:42,490 - DEBUG - 🔍 参数有效性检查:
2025-08-25 02:42:42,490 - DEBUG -    参数向量: [[ 0.09650736]
 [-0.06195691]
 [ 0.60463939]
 [ 0.01981277]]
2025-08-25 02:42:42,490 - DEBUG -    球心: [ 0.09650736 -0.06195691  0.60463939]
2025-08-25 02:42:42,490 - DEBUG -    半径: 0.019813
2025-08-25 02:42:42,490 - DEBUG - 🔍 函数值计算详情:
2025-08-25 02:42:42,490 - DEBUG -    数据项 F(θ): 0.003745
2025-08-25 02:42:42,490 - DEBUG -    深度约束项: 0.000001
2025-08-25 02:42:42,490 - DEBUG -    半径先验项: 0.000284
2025-08-25 02:42:42,490 - DEBUG -    总函数值 Φ(θ): 0.004031
2025-08-25 02:42:42,490 - DEBUG -    函数值改善: -0.000032
2025-08-25 02:42:42,490 - DEBUG - 🔍 参数有效: False
2025-08-25 02:42:42,490 - DEBUG -    参数无效，阻尼因子调整: λ_LM = 1.00e+04
2025-08-25 02:42:42,490 - DEBUG - 🔍 迭代 14/30:
2025-08-25 02:42:42,490 - DEBUG - 🔍 计算点到球心距离: 形状=(21,)
2025-08-25 02:42:42,490 - DEBUG - 🔍 生理偏差向量计算:
2025-08-25 02:42:42,490 - DEBUG -    点类型列表: ['pupil_center', 'iris_boundaries', 'iris_boundaries', 'iris_boundaries', 'iris_boundaries', 'eye_contours', 'eye_contours', 'eye_contours', 'eye_contours', 'eye_contours', 'eye_contours', 'eye_contours', 'eye_contours', 'eye_contours', 'eye_contours', 'eye_contours', 'eye_contours', 'eye_contours', 'eye_contours', 'eye_contours', 'eye_contours']
2025-08-25 02:42:42,490 - DEBUG -    偏差向量: [0.0002  0.00085 0.00085 0.00085 0.00085 0.0015  0.0015  0.0015  0.0015
 0.0015  0.0015  0.0015  0.0015  0.0015  0.0015  0.0015  0.0015  0.0015
 0.0015  0.0015  0.0015 ]
2025-08-25 02:42:42,490 - DEBUG -    向量形状: (21,)
2025-08-25 02:42:42,490 - DEBUG -    偏差统计: 均值=0.001314, 标准差=0.000356
2025-08-25 02:42:42,490 - DEBUG - 获取生理偏差: 点类型=['pupil_center', 'iris_boundaries', 'iris_boundaries', 'iris_boundaries', 'iris_boundaries', 'eye_contours', 'eye_contours', 'eye_contours', 'eye_contours', 'eye_contours', 'eye_contours', 'eye_contours', 'eye_contours', 'eye_contours', 'eye_contours', 'eye_contours', 'eye_contours', 'eye_contours', 'eye_contours', 'eye_contours', 'eye_contours'], 偏差值=[0.0002  0.00085 0.00085 0.00085 0.00085 0.0015  0.0015  0.0015  0.0015
 0.0015  0.0015  0.0015  0.0015  0.0015  0.0015  0.0015  0.0015  0.0015
 0.0015  0.0015  0.0015 ]
2025-08-25 02:42:42,490 - INFO - -----------------------------------------------------------------------------------
2025-08-25 02:42:42,490 - DEBUG - 🔍 拟合残差计算详情:
2025-08-25 02:42:42,490 - DEBUG -    球心坐标: [ 0.0966824  -0.06167866  0.60460216]
2025-08-25 02:42:42,490 - DEBUG -    球体半径: 0.019537
2025-08-25 02:42:42,490 - DEBUG -    采样点数: 21
2025-08-25 02:42:42,490 - DEBUG -    点类型分布: {'eye_contours': 16, 'iris_boundaries': 4, 'pupil_center': 1}
2025-08-25 02:42:42,490 - DEBUG -    理论距离向量: [0.01973725 0.02038725 0.02038725 0.02038725 0.02038725 0.02103725
 0.02103725 0.02103725 0.02103725 0.02103725 0.02103725 0.02103725
 0.02103725 0.02103725 0.02103725 0.02103725 0.02103725 0.02103725
 0.02103725 0.02103725 0.02103725]
2025-08-25 02:42:42,490 - DEBUG -    实际距离向量: [0.03254637 0.03881424 0.02427283 0.03071883 0.04287343 0.03739444
 0.03352229 0.02808055 0.02658187 0.03053695 0.03759431 0.04321885
 0.04679701 0.04964367 0.04903196 0.04781272 0.04596095 0.04290275
 0.039979   0.03783644 0.03767112]
2025-08-25 02:42:42,490 - DEBUG -    生理偏差向量: [0.0002  0.00085 0.00085 0.00085 0.00085 0.0015  0.0015  0.0015  0.0015
 0.0015  0.0015  0.0015  0.0015  0.0015  0.0015  0.0015  0.0015  0.0015
 0.0015  0.0015  0.0015 ]
2025-08-25 02:42:42,490 - DEBUG -    残差向量 f(θ): 
[[0.01280912]
 [0.01842699]
 [0.00388558]
 [0.01033159]
 [0.02248618]
 [0.01635719]
 [0.01248504]
 [0.0070433 ]
 [0.00554463]
 [0.0094997 ]
 [0.01655706]
 [0.02218161]
 [0.02575976]
 [0.02860642]
 [0.02799471]
 [0.02677548]
 [0.0249237 ]
 [0.0218655 ]
 [0.01894175]
 [0.01679919]
 [0.01663387]]
2025-08-25 02:42:42,490 - DEBUG -    平均残差范数: 0.004121
2025-08-25 02:42:42,490 - DEBUG -    残差范数=0.086549
2025-08-25 02:42:42,490 - INFO - -----------------------------------------------------------------------------------
2025-08-25 02:42:42,490 - DEBUG - 🔍 深度约束计算详情 (softplus):
2025-08-25 02:42:42,490 - DEBUG -    采样点Z坐标范围: [0.600000, 0.601360]
2025-08-25 02:42:42,490 - DEBUG -    球心Z坐标: 0.604602
2025-08-25 02:42:42,490 - DEBUG -    深度偏移ε: 0.000200
2025-08-25 02:42:42,490 - DEBUG -    softplus参数τ: 0.001000
2025-08-25 02:42:42,490 - DEBUG -    原始违反值: -0.003042
2025-08-25 02:42:42,490 - DEBUG -    softplus输入 u: -3.042022
2025-08-25 02:42:42,490 - DEBUG -    约束惩罚 h(θ): 0.000047
2025-08-25 02:42:42,498 - DEBUG -    🟢 深度约束满足: 球心深度足够
2025-08-25 02:42:42,498 - INFO - -----------------------------------------------------------------------------------
2025-08-25 02:42:42,498 - DEBUG - 🔍 半径惩罚计算详情:
2025-08-25 02:42:42,498 - DEBUG -    当前半径: 0.019537
2025-08-25 02:42:42,498 - DEBUG -    半径先验值: 0.012000
2025-08-25 02:42:42,498 - DEBUG -    半径残差 r(θ): 0.007537
2025-08-25 02:42:42,498 - DEBUG -    数据残差 f(θ): [[0.01280912]
 [0.01842699]
 [0.00388558]
 [0.01033159]
 [0.02248618]
 [0.01635719]
 [0.01248504]
 [0.0070433 ]
 [0.00554463]
 [0.0094997 ]
 [0.01655706]
 [0.02218161]
 [0.02575976]
 [0.02860642]
 [0.02799471]
 [0.02677548]
 [0.0249237 ]
 [0.0218655 ]
 [0.01894175]
 [0.01679919]
 [0.01663387]]
2025-08-25 02:42:42,498 - DEBUG -    约束残差 g(θ): [[4.66337922e-05]]
2025-08-25 02:42:42,498 - DEBUG -    半径残差 r(θ): [[0.00753725]]
2025-08-25 02:42:42,498 - DEBUG - 🔍 状态变化计算: 参数变化=0.000000, 残差变化=0.000000
2025-08-25 02:42:42,498 - INFO - -----------------------------------------------------------------------------------
2025-08-25 02:42:42,498 - DEBUG - 🔍 权重管理器状态更新详情:
2025-08-25 02:42:42,498 - DEBUG -    当前迭代: 13
2025-08-25 02:42:42,498 - DEBUG -    参数变化: 0.000000 (阈值: 0.000005)
2025-08-25 02:42:42,498 - DEBUG -    残差变化: 0.000000 (阈值: 0.000005)
2025-08-25 02:42:42,498 - DEBUG -    几何权重因子: 10
2025-08-25 02:42:42,498 - DEBUG - ⏸️ 保持图像置信度权重: 参数变化=0.00e+00, 残差变化=0.00e+00
2025-08-25 02:42:42,498 - DEBUG - 状态已保存: 参数=[ 0.0966824  -0.06167866  0.60460216  0.01953725], 残差范数=0.086549
2025-08-25 02:42:42,498 - DEBUG - 🔍 获取visibility信息: 形状=(21,), 范围=[1.000, 1.000]
2025-08-25 02:42:42,498 - DEBUG - 🔧 设置图像置信度权重: 21个点
2025-08-25 02:42:42,498 - DEBUG - 🔍 开始计算权重矩阵:
2025-08-25 02:42:42,498 - DEBUG -    点类型: ['pupil_center', 'iris_boundaries', 'iris_boundaries', 'iris_boundaries', 'iris_boundaries', 'eye_contours', 'eye_contours', 'eye_contours', 'eye_contours', 'eye_contours', 'eye_contours', 'eye_contours', 'eye_contours', 'eye_contours', 'eye_contours', 'eye_contours', 'eye_contours', 'eye_contours', 'eye_contours', 'eye_contours', 'eye_contours']
2025-08-25 02:42:42,498 - DEBUG -    残差向量: 形状=(21,), 范数=0.086549
2025-08-25 02:42:42,498 - DEBUG -    Visibility: 形状=(21,), 均值=1.000
2025-08-25 02:42:42,498 - DEBUG - 🔍 权重矩阵计算成功: 形状=(21, 21)
2025-08-25 02:42:42,498 - DEBUG - 🔍 几何权重统计:
2025-08-25 02:42:42,498 - DEBUG -    权重向量: [[1.]
 [1.]
 [1.]
 [1.]
 [1.]
 [1.]
 [1.]
 [1.]
 [1.]
 [1.]
 [1.]
 [1.]
 [1.]
 [1.]
 [1.]
 [1.]
 [1.]
 [1.]
 [1.]
 [1.]
 [1.]]
2025-08-25 02:42:42,498 - DEBUG -    权重范围: [1.000000, 1.000000]
2025-08-25 02:42:42,498 - DEBUG -    权重均值: 1.000000
2025-08-25 02:42:42,498 - DEBUG -    权重标准差: 0.000000
2025-08-25 02:42:42,504 - DEBUG -    高权重点(>0.8): 21/21
2025-08-25 02:42:42,504 - DEBUG -    低权重点(<0.2): 0/21
2025-08-25 02:42:42,504 - INFO - -----------------------------------------------------------------------------------
2025-08-25 02:42:42,504 - DEBUG - 🔍 开始求解LM更新方程:
2025-08-25 02:42:42,504 - DEBUG -    数据残差: 形状=(21,), 范数=0.086549
2025-08-25 02:42:42,504 - DEBUG -    约束残差: 形状=(1,), 范数=0.000047
2025-08-25 02:42:42,504 - DEBUG - 🔍 计算数据残差雅可比矩阵 J_f: 形状=(21, 4)
2025-08-25 02:42:42,504 - DEBUG - 🔍 J_f矩阵计算完成: 条件数=5.74e+01
2025-08-25 02:42:42,504 - DEBUG - 🔍 深度约束雅可比计算: u=-3.042022, σ=0.045563, J_h=[[ 0.          0.         -0.04556314  0.        ]]
2025-08-25 02:42:42,504 - DEBUG - 🔍 半径先验雅可比: J_r=[[0. 0. 0. 1.]]
2025-08-25 02:42:42,507 - DEBUG - 🔍 使用几何权重矩阵: 形状=(21, 21)
2025-08-25 02:42:42,507 - DEBUG - 🔍 Hessian矩阵计算:
2025-08-25 02:42:42,507 - DEBUG -    H_data = J_f^T W J_f: 形状=(4, 4), 条件数=3.30e+03
2025-08-25 02:42:42,507 - DEBUG -    H_h = λ_depth J_h^T J_h: 形状=(4, 4), λ_depth=1000.0
2025-08-25 02:42:42,507 - DEBUG -    H_r = λ_radius J_r^T J_r: 形状=(4, 4), λ_radius=10.0
2025-08-25 02:42:42,507 - DEBUG -    H_total: 形状=(4, 4), 条件数=2.24e+01
2025-08-25 02:42:42,507 - DEBUG - 🔍 梯度计算:
2025-08-25 02:42:42,507 - DEBUG -    g_data: 形状=(4,), 范数=0.500897
2025-08-25 02:42:42,507 - DEBUG -    g_h: 形状=(4,), 范数=0.002125
2025-08-25 02:42:42,507 - DEBUG -    g_r: 形状=(4,), 范数=0.075372
2025-08-25 02:42:42,507 - DEBUG -    g_total: 形状=(4,), 范数=0.448976
2025-08-25 02:42:42,507 - DEBUG - 🔍 LM阻尼矩阵: H_lm = H_total + 10000.0 * I
2025-08-25 02:42:42,507 - DEBUG -    H_lm条件数: 1.00e+00
2025-08-25 02:42:42,507 - DEBUG - 🔍 线性方程组求解成功:
2025-08-25 02:42:42,507 - DEBUG -    参数更新向量 Δθ: [[-1.79924133e-05]
 [-2.87222442e-05]
 [ 3.85184854e-06]
 [ 2.88972377e-05]]
2025-08-25 02:42:42,507 - DEBUG -    更新向量范数: 0.000045
2025-08-25 02:42:42,507 - DEBUG -    各分量更新: Δc_x=-0.000018, Δc_y=-0.000029, Δc_z=0.000004, Δr=0.000029
2025-08-25 02:42:42,512 - DEBUG -    参数更新:
2025-08-25 02:42:42,512 - DEBUG -      旧参数: [[ 0.0966824 ]
 [-0.06167866]
 [ 0.60460216]
 [ 0.01953725]]
2025-08-25 02:42:42,512 - DEBUG -      更新向量: [[-1.79924133e-05]
 [-2.87222442e-05]
 [ 3.85184854e-06]
 [ 2.88972377e-05]]
2025-08-25 02:42:42,512 - DEBUG -      新参数: [[ 0.09666441]
 [-0.06170738]
 [ 0.60460602]
 [ 0.01956615]]
2025-08-25 02:42:42,512 - INFO - -----------------------------------------------------------------------------------
2025-08-25 02:42:42,512 - INFO - 🔍 迭代第13次，球心向右0.017992mm，向上0.028722mm，向后0.003852mm，半径变大0.028897mm
2025-08-25 02:42:42,514 - INFO - 📊 变化前: 中心(0.097, -0.062, 0.605), 半径19.54mm
2025-08-25 02:42:42,514 - INFO - 📊 变化后: 中心(0.097, -0.062, 0.605), 半径19.57mm
2025-08-25 02:42:42,514 - INFO - 📈 变化量: 中心移动0.03mm, 半径变化0.03mm
2025-08-25 02:42:42,514 - INFO - 📍 眼球中心: [ 0.0966824  -0.06167866  0.60460216]
2025-08-25 02:42:42,514 - INFO - 📏 眼球半径: 19.54mm
2025-08-25 02:42:42,514 - INFO - 👁️ 瞳孔中心: [ 0.112      -0.03333333  0.60000002]
2025-08-25 02:42:42,516 - INFO - 📐 眼球中心在瞳孔中心的左15.32mm，上28.35mm，后4.60mm
2025-08-25 02:42:42,516 - INFO - 📏 距离: 32.55mm
2025-08-25 02:42:42,516 - INFO - -----------------------------------------------------------------------------------
2025-08-25 02:42:42,516 - INFO - -----------------------------------------------------------------------------------
2025-08-25 02:42:42,516 - DEBUG - 🔍 参数有效性检查:
2025-08-25 02:42:42,516 - DEBUG -    参数向量: [[ 0.09666441]
 [-0.06170738]
 [ 0.60460602]
 [ 0.01956615]]
2025-08-25 02:42:42,516 - DEBUG -    球心: [ 0.09666441 -0.06170738  0.60460602]
2025-08-25 02:42:42,517 - DEBUG -    半径: 0.019566
2025-08-25 02:42:42,517 - DEBUG - 🔍 函数值计算详情:
2025-08-25 02:42:42,517 - DEBUG -    数据项 F(θ): 0.003745
2025-08-25 02:42:42,517 - DEBUG -    深度约束项: 0.000001
2025-08-25 02:42:42,517 - DEBUG -    半径先验项: 0.000284
2025-08-25 02:42:42,517 - DEBUG -    总函数值 Φ(θ): 0.004031
2025-08-25 02:42:42,517 - DEBUG -    函数值改善: 0.000000
2025-08-25 02:42:42,517 - DEBUG - 🔍 参数有效: True
2025-08-25 02:42:42,517 - DEBUG -    参数更新成功:
2025-08-25 02:42:42,518 - DEBUG -      新球心: [ 0.09666441 -0.06170738  0.60460602]
2025-08-25 02:42:42,518 - DEBUG -      新半径: 0.019566
2025-08-25 02:42:42,518 - INFO - -----------------------------------------------------------------------------------
2025-08-25 02:42:42,518 - DEBUG - 🔍 LM收敛性检查:
2025-08-25 02:42:42,518 - DEBUG -    当前迭代次数: 13
2025-08-25 02:42:42,518 - DEBUG -    最大迭代次数: 30
2025-08-25 02:42:42,518 - DEBUG -    参数变化: 0.000045
2025-08-25 02:42:42,518 - DEBUG -    参数容忍度: 5e-06
2025-08-25 02:42:42,518 - DEBUG -    残差变化: 0.000000
2025-08-25 02:42:42,519 - DEBUG -    残差容忍度: 5e-06
2025-08-25 02:42:42,519 - DEBUG - 🔍 迭代 15/30:
2025-08-25 02:42:42,519 - DEBUG - 🔍 计算点到球心距离: 形状=(21,)
2025-08-25 02:42:42,520 - DEBUG - 🔍 生理偏差向量计算:
2025-08-25 02:42:42,520 - DEBUG -    点类型列表: ['pupil_center', 'iris_boundaries', 'iris_boundaries', 'iris_boundaries', 'iris_boundaries', 'eye_contours', 'eye_contours', 'eye_contours', 'eye_contours', 'eye_contours', 'eye_contours', 'eye_contours', 'eye_contours', 'eye_contours', 'eye_contours', 'eye_contours', 'eye_contours', 'eye_contours', 'eye_contours', 'eye_contours', 'eye_contours']
2025-08-25 02:42:42,521 - DEBUG -    偏差向量: [0.0002  0.00085 0.00085 0.00085 0.00085 0.0015  0.0015  0.0015  0.0015
 0.0015  0.0015  0.0015  0.0015  0.0015  0.0015  0.0015  0.0015  0.0015
 0.0015  0.0015  0.0015 ]
2025-08-25 02:42:42,521 - DEBUG -    向量形状: (21,)
2025-08-25 02:42:42,521 - DEBUG -    偏差统计: 均值=0.001314, 标准差=0.000356
2025-08-25 02:42:42,522 - DEBUG - 获取生理偏差: 点类型=['pupil_center', 'iris_boundaries', 'iris_boundaries', 'iris_boundaries', 'iris_boundaries', 'eye_contours', 'eye_contours', 'eye_contours', 'eye_contours', 'eye_contours', 'eye_contours', 'eye_contours', 'eye_contours', 'eye_contours', 'eye_contours', 'eye_contours', 'eye_contours', 'eye_contours', 'eye_contours', 'eye_contours', 'eye_contours'], 偏差值=[0.0002  0.00085 0.00085 0.00085 0.00085 0.0015  0.0015  0.0015  0.0015
 0.0015  0.0015  0.0015  0.0015  0.0015  0.0015  0.0015  0.0015  0.0015
 0.0015  0.0015  0.0015 ]
2025-08-25 02:42:42,522 - INFO - -----------------------------------------------------------------------------------
2025-08-25 02:42:42,522 - DEBUG - 🔍 拟合残差计算详情:
2025-08-25 02:42:42,522 - DEBUG -    球心坐标: [ 0.09666441 -0.06170738  0.60460602]
2025-08-25 02:42:42,522 - DEBUG -    球体半径: 0.019566
2025-08-25 02:42:42,523 - DEBUG -    采样点数: 21
2025-08-25 02:42:42,523 - DEBUG -    点类型分布: {'eye_contours': 16, 'iris_boundaries': 4, 'pupil_center': 1}
2025-08-25 02:42:42,523 - DEBUG -    理论距离向量: [0.01976615 0.02041615 0.02041615 0.02041615 0.02041615 0.02106615
 0.02106615 0.02106615 0.02106615 0.02106615 0.02106615 0.02106615
 0.02106615 0.02106615 0.02106615 0.02106615 0.02106615 0.02106615
 0.02106615 0.02106615 0.02106615]
2025-08-25 02:42:42,523 - DEBUG -    实际距离向量: [0.0325804  0.03884767 0.02430676 0.03075042 0.04290718 0.0374198
 0.03354898 0.02811084 0.02661567 0.03057058 0.03762663 0.04325065
 0.04682866 0.04967524 0.04906454 0.04784606 0.04599489 0.04293673
 0.04001176 0.03786649 0.03769836]
2025-08-25 02:42:42,523 - DEBUG -    生理偏差向量: [0.0002  0.00085 0.00085 0.00085 0.00085 0.0015  0.0015  0.0015  0.0015
 0.0015  0.0015  0.0015  0.0015  0.0015  0.0015  0.0015  0.0015  0.0015
 0.0015  0.0015  0.0015 ]
2025-08-25 02:42:42,523 - DEBUG -    残差向量 f(θ): 
[[0.01281425]
 [0.01843153]
 [0.00389061]
 [0.01033428]
 [0.02249104]
 [0.01635365]
 [0.01248284]
 [0.00704469]
 [0.00554952]
 [0.00950443]
 [0.01656048]
 [0.0221845 ]
 [0.02576252]
 [0.0286091 ]
 [0.02799839]
 [0.02677991]
 [0.02492874]
 [0.02187059]
 [0.01894561]
 [0.01680034]
 [0.01663222]]
2025-08-25 02:42:42,523 - DEBUG -    平均残差范数: 0.004122
2025-08-25 02:42:42,523 - DEBUG -    残差范数=0.086562
2025-08-25 02:42:42,523 - INFO - -----------------------------------------------------------------------------------
2025-08-25 02:42:42,523 - DEBUG - 🔍 深度约束计算详情 (softplus):
2025-08-25 02:42:42,523 - DEBUG -    采样点Z坐标范围: [0.600000, 0.601360]
2025-08-25 02:42:42,523 - DEBUG -    球心Z坐标: 0.604606
2025-08-25 02:42:42,523 - DEBUG -    深度偏移ε: 0.000200
2025-08-25 02:42:42,523 - DEBUG -    softplus参数τ: 0.001000
2025-08-25 02:42:42,523 - DEBUG -    原始违反值: -0.003046
2025-08-25 02:42:42,523 - DEBUG -    softplus输入 u: -3.045874
2025-08-25 02:42:42,523 - DEBUG -    约束惩罚 h(θ): 0.000046
2025-08-25 02:42:42,523 - DEBUG -    🟢 深度约束满足: 球心深度足够
2025-08-25 02:42:42,523 - INFO - -----------------------------------------------------------------------------------
2025-08-25 02:42:42,523 - DEBUG - 🔍 半径惩罚计算详情:
2025-08-25 02:42:42,523 - DEBUG -    当前半径: 0.019566
2025-08-25 02:42:42,523 - DEBUG -    半径先验值: 0.012000
2025-08-25 02:42:42,523 - DEBUG -    半径残差 r(θ): 0.007566
2025-08-25 02:42:42,523 - DEBUG -    数据残差 f(θ): [[0.01281425]
 [0.01843153]
 [0.00389061]
 [0.01033428]
 [0.02249104]
 [0.01635365]
 [0.01248284]
 [0.00704469]
 [0.00554952]
 [0.00950443]
 [0.01656048]
 [0.0221845 ]
 [0.02576252]
 [0.0286091 ]
 [0.02799839]
 [0.02677991]
 [0.02492874]
 [0.02187059]
 [0.01894561]
 [0.01680034]
 [0.01663222]]
2025-08-25 02:42:42,523 - DEBUG -    约束残差 g(θ): [[4.64586121e-05]]
2025-08-25 02:42:42,523 - DEBUG -    半径残差 r(θ): [[0.00756615]]
2025-08-25 02:42:42,523 - DEBUG - 🔍 状态变化计算: 参数变化=0.000045, 残差变化=0.000013
2025-08-25 02:42:42,523 - INFO - -----------------------------------------------------------------------------------
2025-08-25 02:42:42,523 - DEBUG - 🔍 权重管理器状态更新详情:
2025-08-25 02:42:42,523 - DEBUG -    当前迭代: 14
2025-08-25 02:42:42,523 - DEBUG -    参数变化: 0.000045 (阈值: 0.000005)
2025-08-25 02:42:42,523 - DEBUG -    残差变化: 0.000013 (阈值: 0.000005)
2025-08-25 02:42:42,523 - DEBUG -    几何权重因子: 10
2025-08-25 02:42:42,523 - DEBUG - ✅ 启用几何权重: 参数变化=4.47e-05, 残差变化=1.26e-05
2025-08-25 02:42:42,523 - DEBUG - 状态已保存: 参数=[ 0.09666441 -0.06170738  0.60460602  0.01956615], 残差范数=0.086562
2025-08-25 02:42:42,523 - DEBUG - 🔍 获取visibility信息: 形状=(21,), 范围=[1.000, 1.000]
2025-08-25 02:42:42,523 - DEBUG - 🔧 设置图像置信度权重: 21个点
2025-08-25 02:42:42,523 - DEBUG - 🔍 开始计算权重矩阵:
2025-08-25 02:42:42,523 - DEBUG -    点类型: ['pupil_center', 'iris_boundaries', 'iris_boundaries', 'iris_boundaries', 'iris_boundaries', 'eye_contours', 'eye_contours', 'eye_contours', 'eye_contours', 'eye_contours', 'eye_contours', 'eye_contours', 'eye_contours', 'eye_contours', 'eye_contours', 'eye_contours', 'eye_contours', 'eye_contours', 'eye_contours', 'eye_contours', 'eye_contours']
2025-08-25 02:42:42,523 - DEBUG -    残差向量: 形状=(21,), 范数=0.086562
2025-08-25 02:42:42,523 - DEBUG -    Visibility: 形状=(21,), 均值=1.000
2025-08-25 02:42:42,523 - DEBUG - 🔍 权重矩阵计算成功: 形状=(21, 21)
2025-08-25 02:42:42,523 - DEBUG - 🔍 几何权重统计:
2025-08-25 02:42:42,530 - DEBUG -    权重向量: [[1.]
 [1.]
 [1.]
 [1.]
 [1.]
 [1.]
 [1.]
 [1.]
 [1.]
 [1.]
 [1.]
 [1.]
 [1.]
 [1.]
 [1.]
 [1.]
 [1.]
 [1.]
 [1.]
 [1.]
 [1.]]
2025-08-25 02:42:42,530 - DEBUG -    权重范围: [1.000000, 1.000000]
2025-08-25 02:42:42,530 - DEBUG -    权重均值: 1.000000
2025-08-25 02:42:42,530 - DEBUG -    权重标准差: 0.000000
2025-08-25 02:42:42,530 - DEBUG -    高权重点(>0.8): 21/21
2025-08-25 02:42:42,530 - DEBUG -    低权重点(<0.2): 0/21
2025-08-25 02:42:42,530 - INFO - -----------------------------------------------------------------------------------
2025-08-25 02:42:42,530 - DEBUG - 🔍 开始求解LM更新方程:
2025-08-25 02:42:42,530 - DEBUG -    数据残差: 形状=(21,), 范数=0.086562
2025-08-25 02:42:42,530 - DEBUG -    约束残差: 形状=(1,), 范数=0.000046
2025-08-25 02:42:42,530 - DEBUG - 🔍 计算数据残差雅可比矩阵 J_f: 形状=(21, 4)
2025-08-25 02:42:42,530 - DEBUG - 🔍 J_f矩阵计算完成: 条件数=5.75e+01
2025-08-25 02:42:42,530 - DEBUG - 🔍 深度约束雅可比计算: u=-3.045874, σ=0.045396, J_h=[[ 0.          0.         -0.04539593  0.        ]]
2025-08-25 02:42:42,530 - DEBUG - 🔍 半径先验雅可比: J_r=[[0. 0. 0. 1.]]
2025-08-25 02:42:42,530 - DEBUG - 🔍 使用几何权重矩阵: 形状=(21, 21)
2025-08-25 02:42:42,530 - DEBUG - 🔍 Hessian矩阵计算:
2025-08-25 02:42:42,530 - DEBUG -    H_data = J_f^T W J_f: 形状=(4, 4), 条件数=3.31e+03
2025-08-25 02:42:42,530 - DEBUG -    H_h = λ_depth J_h^T J_h: 形状=(4, 4), λ_depth=1000.0
2025-08-25 02:42:42,530 - DEBUG -    H_r = λ_radius J_r^T J_r: 形状=(4, 4), λ_radius=10.0
2025-08-25 02:42:42,530 - DEBUG -    H_total: 形状=(4, 4), 条件数=2.26e+01
2025-08-25 02:42:42,530 - DEBUG - 🔍 梯度计算:
2025-08-25 02:42:42,530 - DEBUG -    g_data: 形状=(4,), 范数=0.501009
2025-08-25 02:42:42,530 - DEBUG -    g_h: 形状=(4,), 范数=0.002109
2025-08-25 02:42:42,530 - DEBUG -    g_r: 形状=(4,), 范数=0.075661
2025-08-25 02:42:42,530 - DEBUG -    g_total: 形状=(4,), 范数=0.448903
2025-08-25 02:42:42,530 - DEBUG - 🔍 LM阻尼矩阵: H_lm = H_total + 10000.0 * I
2025-08-25 02:42:42,530 - DEBUG -    H_lm条件数: 1.00e+00
2025-08-25 02:42:42,530 - DEBUG - 🔍 线性方程组求解成功:
2025-08-25 02:42:42,530 - DEBUG -    参数更新向量 Δθ: [[-1.79987117e-05]
 [-2.87299516e-05]
 [ 3.85146524e-06]
 [ 2.88744724e-05]]
2025-08-25 02:42:42,530 - DEBUG -    更新向量范数: 0.000045
2025-08-25 02:42:42,530 - DEBUG -    各分量更新: Δc_x=-0.000018, Δc_y=-0.000029, Δc_z=0.000004, Δr=0.000029
2025-08-25 02:42:42,530 - DEBUG -    参数更新:
2025-08-25 02:42:42,530 - DEBUG -      旧参数: [[ 0.09666441]
 [-0.06170738]
 [ 0.60460602]
 [ 0.01956615]]
2025-08-25 02:42:42,530 - DEBUG -      更新向量: [[-1.79987117e-05]
 [-2.87299516e-05]
 [ 3.85146524e-06]
 [ 2.88744724e-05]]
2025-08-25 02:42:42,530 - DEBUG -      新参数: [[ 0.09664641]
 [-0.06173611]
 [ 0.60460987]
 [ 0.01959502]]
2025-08-25 02:42:42,530 - INFO - -----------------------------------------------------------------------------------
2025-08-25 02:42:42,530 - INFO - 🔍 迭代第14次，球心向右0.017999mm，向上0.028730mm，向后0.003851mm，半径变大0.028874mm
2025-08-25 02:42:42,530 - INFO - 📊 变化前: 中心(0.097, -0.062, 0.605), 半径19.57mm
2025-08-25 02:42:42,530 - INFO - 📊 变化后: 中心(0.097, -0.062, 0.605), 半径19.60mm
2025-08-25 02:42:42,530 - INFO - 📈 变化量: 中心移动0.03mm, 半径变化0.03mm
2025-08-25 02:42:42,530 - INFO - 📍 眼球中心: [ 0.09666441 -0.06170738  0.60460602]
2025-08-25 02:42:42,530 - INFO - 📏 眼球半径: 19.57mm
2025-08-25 02:42:42,530 - INFO - 👁️ 瞳孔中心: [ 0.112      -0.03333333  0.60000002]
2025-08-25 02:42:42,530 - INFO - 📐 眼球中心在瞳孔中心的左15.34mm，上28.37mm，后4.61mm
2025-08-25 02:42:42,530 - INFO - 📏 距离: 32.58mm
2025-08-25 02:42:42,530 - INFO - -----------------------------------------------------------------------------------
2025-08-25 02:42:42,530 - INFO - -----------------------------------------------------------------------------------
2025-08-25 02:42:42,538 - DEBUG - 🔍 参数有效性检查:
2025-08-25 02:42:42,538 - DEBUG -    参数向量: [[ 0.09664641]
 [-0.06173611]
 [ 0.60460987]
 [ 0.01959502]]
2025-08-25 02:42:42,539 - DEBUG -    球心: [ 0.09664641 -0.06173611  0.60460987]
2025-08-25 02:42:42,539 - DEBUG -    半径: 0.019595
2025-08-25 02:42:42,539 - DEBUG - 🔍 函数值计算详情:
2025-08-25 02:42:42,539 - DEBUG -    数据项 F(θ): 0.003746
2025-08-25 02:42:42,539 - DEBUG -    深度约束项: 0.000001
2025-08-25 02:42:42,539 - DEBUG -    半径先验项: 0.000286
2025-08-25 02:42:42,539 - DEBUG -    总函数值 Φ(θ): 0.004034
2025-08-25 02:42:42,539 - DEBUG -    函数值改善: -0.000003
2025-08-25 02:42:42,539 - DEBUG - 🔍 参数有效: False
2025-08-25 02:42:42,539 - DEBUG -    参数无效，阻尼因子调整: λ_LM = 1.00e+05
2025-08-25 02:42:42,539 - DEBUG - 🔍 迭代 16/30:
2025-08-25 02:42:42,539 - DEBUG - 🔍 计算点到球心距离: 形状=(21,)
2025-08-25 02:42:42,539 - DEBUG - 🔍 生理偏差向量计算:
2025-08-25 02:42:42,539 - DEBUG -    点类型列表: ['pupil_center', 'iris_boundaries', 'iris_boundaries', 'iris_boundaries', 'iris_boundaries', 'eye_contours', 'eye_contours', 'eye_contours', 'eye_contours', 'eye_contours', 'eye_contours', 'eye_contours', 'eye_contours', 'eye_contours', 'eye_contours', 'eye_contours', 'eye_contours', 'eye_contours', 'eye_contours', 'eye_contours', 'eye_contours']
2025-08-25 02:42:42,539 - DEBUG -    偏差向量: [0.0002  0.00085 0.00085 0.00085 0.00085 0.0015  0.0015  0.0015  0.0015
 0.0015  0.0015  0.0015  0.0015  0.0015  0.0015  0.0015  0.0015  0.0015
 0.0015  0.0015  0.0015 ]
2025-08-25 02:42:42,539 - DEBUG -    向量形状: (21,)
2025-08-25 02:42:42,539 - DEBUG -    偏差统计: 均值=0.001314, 标准差=0.000356
2025-08-25 02:42:42,539 - DEBUG - 获取生理偏差: 点类型=['pupil_center', 'iris_boundaries', 'iris_boundaries', 'iris_boundaries', 'iris_boundaries', 'eye_contours', 'eye_contours', 'eye_contours', 'eye_contours', 'eye_contours', 'eye_contours', 'eye_contours', 'eye_contours', 'eye_contours', 'eye_contours', 'eye_contours', 'eye_contours', 'eye_contours', 'eye_contours', 'eye_contours', 'eye_contours'], 偏差值=[0.0002  0.00085 0.00085 0.00085 0.00085 0.0015  0.0015  0.0015  0.0015
 0.0015  0.0015  0.0015  0.0015  0.0015  0.0015  0.0015  0.0015  0.0015
 0.0015  0.0015  0.0015 ]
2025-08-25 02:42:42,539 - INFO - -----------------------------------------------------------------------------------
2025-08-25 02:42:42,539 - DEBUG - 🔍 拟合残差计算详情:
2025-08-25 02:42:42,539 - DEBUG -    球心坐标: [ 0.09666441 -0.06170738  0.60460602]
2025-08-25 02:42:42,539 - DEBUG -    球体半径: 0.019566
2025-08-25 02:42:42,539 - DEBUG -    采样点数: 21
2025-08-25 02:42:42,539 - DEBUG -    点类型分布: {'eye_contours': 16, 'iris_boundaries': 4, 'pupil_center': 1}
2025-08-25 02:42:42,539 - DEBUG -    理论距离向量: [0.01976615 0.02041615 0.02041615 0.02041615 0.02041615 0.02106615
 0.02106615 0.02106615 0.02106615 0.02106615 0.02106615 0.02106615
 0.02106615 0.02106615 0.02106615 0.02106615 0.02106615 0.02106615
 0.02106615 0.02106615 0.02106615]
2025-08-25 02:42:42,539 - DEBUG -    实际距离向量: [0.0325804  0.03884767 0.02430676 0.03075042 0.04290718 0.0374198
 0.03354898 0.02811084 0.02661567 0.03057058 0.03762663 0.04325065
 0.04682866 0.04967524 0.04906454 0.04784606 0.04599489 0.04293673
 0.04001176 0.03786649 0.03769836]
2025-08-25 02:42:42,539 - DEBUG -    生理偏差向量: [0.0002  0.00085 0.00085 0.00085 0.00085 0.0015  0.0015  0.0015  0.0015
 0.0015  0.0015  0.0015  0.0015  0.0015  0.0015  0.0015  0.0015  0.0015
 0.0015  0.0015  0.0015 ]
2025-08-25 02:42:42,539 - DEBUG -    残差向量 f(θ): 
[[0.01281425]
 [0.01843153]
 [0.00389061]
 [0.01033428]
 [0.02249104]
 [0.01635365]
 [0.01248284]
 [0.00704469]
 [0.00554952]
 [0.00950443]
 [0.01656048]
 [0.0221845 ]
 [0.02576252]
 [0.0286091 ]
 [0.02799839]
 [0.02677991]
 [0.02492874]
 [0.02187059]
 [0.01894561]
 [0.01680034]
 [0.01663222]]
2025-08-25 02:42:42,539 - DEBUG -    平均残差范数: 0.004122
2025-08-25 02:42:42,539 - DEBUG -    残差范数=0.086562
2025-08-25 02:42:42,539 - INFO - -----------------------------------------------------------------------------------
2025-08-25 02:42:42,539 - DEBUG - 🔍 深度约束计算详情 (softplus):
2025-08-25 02:42:42,539 - DEBUG -    采样点Z坐标范围: [0.600000, 0.601360]
2025-08-25 02:42:42,539 - DEBUG -    球心Z坐标: 0.604606
2025-08-25 02:42:42,539 - DEBUG -    深度偏移ε: 0.000200
2025-08-25 02:42:42,539 - DEBUG -    softplus参数τ: 0.001000
2025-08-25 02:42:42,539 - DEBUG -    原始违反值: -0.003046
2025-08-25 02:42:42,539 - DEBUG -    softplus输入 u: -3.045874
2025-08-25 02:42:42,539 - DEBUG -    约束惩罚 h(θ): 0.000046
2025-08-25 02:42:42,539 - DEBUG -    🟢 深度约束满足: 球心深度足够
2025-08-25 02:42:42,539 - INFO - -----------------------------------------------------------------------------------
2025-08-25 02:42:42,539 - DEBUG - 🔍 半径惩罚计算详情:
2025-08-25 02:42:42,539 - DEBUG -    当前半径: 0.019566
2025-08-25 02:42:42,539 - DEBUG -    半径先验值: 0.012000
2025-08-25 02:42:42,539 - DEBUG -    半径残差 r(θ): 0.007566
2025-08-25 02:42:42,539 - DEBUG -    数据残差 f(θ): [[0.01281425]
 [0.01843153]
 [0.00389061]
 [0.01033428]
 [0.02249104]
 [0.01635365]
 [0.01248284]
 [0.00704469]
 [0.00554952]
 [0.00950443]
 [0.01656048]
 [0.0221845 ]
 [0.02576252]
 [0.0286091 ]
 [0.02799839]
 [0.02677991]
 [0.02492874]
 [0.02187059]
 [0.01894561]
 [0.01680034]
 [0.01663222]]
2025-08-25 02:42:42,539 - DEBUG -    约束残差 g(θ): [[4.64586121e-05]]
2025-08-25 02:42:42,539 - DEBUG -    半径残差 r(θ): [[0.00756615]]
2025-08-25 02:42:42,546 - DEBUG - 🔍 状态变化计算: 参数变化=0.000000, 残差变化=0.000000
2025-08-25 02:42:42,546 - INFO - -----------------------------------------------------------------------------------
2025-08-25 02:42:42,546 - DEBUG - 🔍 权重管理器状态更新详情:
2025-08-25 02:42:42,546 - DEBUG -    当前迭代: 15
2025-08-25 02:42:42,546 - DEBUG -    参数变化: 0.000000 (阈值: 0.000005)
2025-08-25 02:42:42,546 - DEBUG -    残差变化: 0.000000 (阈值: 0.000005)
2025-08-25 02:42:42,546 - DEBUG -    几何权重因子: 10
2025-08-25 02:42:42,546 - DEBUG - ⏸️ 保持图像置信度权重: 参数变化=0.00e+00, 残差变化=0.00e+00
2025-08-25 02:42:42,546 - DEBUG - 状态已保存: 参数=[ 0.09666441 -0.06170738  0.60460602  0.01956615], 残差范数=0.086562
2025-08-25 02:42:42,546 - DEBUG - 🔍 获取visibility信息: 形状=(21,), 范围=[1.000, 1.000]
2025-08-25 02:42:42,546 - DEBUG - 🔧 设置图像置信度权重: 21个点
2025-08-25 02:42:42,546 - DEBUG - 🔍 开始计算权重矩阵:
2025-08-25 02:42:42,546 - DEBUG -    点类型: ['pupil_center', 'iris_boundaries', 'iris_boundaries', 'iris_boundaries', 'iris_boundaries', 'eye_contours', 'eye_contours', 'eye_contours', 'eye_contours', 'eye_contours', 'eye_contours', 'eye_contours', 'eye_contours', 'eye_contours', 'eye_contours', 'eye_contours', 'eye_contours', 'eye_contours', 'eye_contours', 'eye_contours', 'eye_contours']
2025-08-25 02:42:42,546 - DEBUG -    残差向量: 形状=(21,), 范数=0.086562
2025-08-25 02:42:42,546 - DEBUG -    Visibility: 形状=(21,), 均值=1.000
2025-08-25 02:42:42,546 - DEBUG - 🔍 权重矩阵计算成功: 形状=(21, 21)
2025-08-25 02:42:42,546 - DEBUG - 🔍 几何权重统计:
2025-08-25 02:42:42,546 - DEBUG -    权重向量: [[1.]
 [1.]
 [1.]
 [1.]
 [1.]
 [1.]
 [1.]
 [1.]
 [1.]
 [1.]
 [1.]
 [1.]
 [1.]
 [1.]
 [1.]
 [1.]
 [1.]
 [1.]
 [1.]
 [1.]
 [1.]]
2025-08-25 02:42:42,546 - DEBUG -    权重范围: [1.000000, 1.000000]
2025-08-25 02:42:42,546 - DEBUG -    权重均值: 1.000000
2025-08-25 02:42:42,546 - DEBUG -    权重标准差: 0.000000
2025-08-25 02:42:42,546 - DEBUG -    高权重点(>0.8): 21/21
2025-08-25 02:42:42,546 - DEBUG -    低权重点(<0.2): 0/21
2025-08-25 02:42:42,546 - INFO - -----------------------------------------------------------------------------------
2025-08-25 02:42:42,546 - DEBUG - 🔍 开始求解LM更新方程:
2025-08-25 02:42:42,546 - DEBUG -    数据残差: 形状=(21,), 范数=0.086562
2025-08-25 02:42:42,546 - DEBUG -    约束残差: 形状=(1,), 范数=0.000046
2025-08-25 02:42:42,546 - DEBUG - 🔍 计算数据残差雅可比矩阵 J_f: 形状=(21, 4)
2025-08-25 02:42:42,546 - DEBUG - 🔍 J_f矩阵计算完成: 条件数=5.75e+01
2025-08-25 02:42:42,546 - DEBUG - 🔍 深度约束雅可比计算: u=-3.045874, σ=0.045396, J_h=[[ 0.          0.         -0.04539593  0.        ]]
2025-08-25 02:42:42,546 - DEBUG - 🔍 半径先验雅可比: J_r=[[0. 0. 0. 1.]]
2025-08-25 02:42:42,546 - DEBUG - 🔍 使用几何权重矩阵: 形状=(21, 21)
2025-08-25 02:42:42,546 - DEBUG - 🔍 Hessian矩阵计算:
2025-08-25 02:42:42,546 - DEBUG -    H_data = J_f^T W J_f: 形状=(4, 4), 条件数=3.31e+03
2025-08-25 02:42:42,546 - DEBUG -    H_h = λ_depth J_h^T J_h: 形状=(4, 4), λ_depth=1000.0
2025-08-25 02:42:42,546 - DEBUG -    H_r = λ_radius J_r^T J_r: 形状=(4, 4), λ_radius=10.0
2025-08-25 02:42:42,546 - DEBUG -    H_total: 形状=(4, 4), 条件数=2.26e+01
2025-08-25 02:42:42,546 - DEBUG - 🔍 梯度计算:
2025-08-25 02:42:42,546 - DEBUG -    g_data: 形状=(4,), 范数=0.501009
2025-08-25 02:42:42,546 - DEBUG -    g_h: 形状=(4,), 范数=0.002109
2025-08-25 02:42:42,546 - DEBUG -    g_r: 形状=(4,), 范数=0.075661
2025-08-25 02:42:42,546 - DEBUG -    g_total: 形状=(4,), 范数=0.448903
2025-08-25 02:42:42,546 - DEBUG - 🔍 LM阻尼矩阵: H_lm = H_total + 100000.0 * I
2025-08-25 02:42:42,546 - DEBUG -    H_lm条件数: 1.00e+00
2025-08-25 02:42:42,546 - DEBUG - 🔍 线性方程组求解成功:
2025-08-25 02:42:42,546 - DEBUG -    参数更新向量 Δθ: [[-1.80496591e-06]
 [-2.88236487e-06]
 [ 3.86495307e-07]
 [ 2.90150837e-06]]
2025-08-25 02:42:42,546 - DEBUG -    更新向量范数: 0.000004
2025-08-25 02:42:42,546 - DEBUG -    各分量更新: Δc_x=-0.000002, Δc_y=-0.000003, Δc_z=0.000000, Δr=0.000003
2025-08-25 02:42:42,546 - DEBUG -    参数更新:
2025-08-25 02:42:42,553 - DEBUG -      旧参数: [[ 0.09666441]
 [-0.06170738]
 [ 0.60460602]
 [ 0.01956615]]
2025-08-25 02:42:42,553 - DEBUG -      更新向量: [[-1.80496591e-06]
 [-2.88236487e-06]
 [ 3.86495307e-07]
 [ 2.90150837e-06]]
2025-08-25 02:42:42,553 - DEBUG -      新参数: [[ 0.09666261]
 [-0.06171026]
 [ 0.6046064 ]
 [ 0.01956905]]
2025-08-25 02:42:42,555 - INFO - -----------------------------------------------------------------------------------
2025-08-25 02:42:42,555 - INFO - 🔍 迭代第15次，球心向右0.001805mm，向上0.002882mm，向后0.000386mm，半径变大0.002902mm
2025-08-25 02:42:42,555 - INFO - 📊 变化前: 中心(0.097, -0.062, 0.605), 半径19.57mm
2025-08-25 02:42:42,555 - INFO - 📊 变化后: 中心(0.097, -0.062, 0.605), 半径19.57mm
2025-08-25 02:42:42,555 - INFO - 📈 变化量: 中心移动0.00mm, 半径变化0.00mm
2025-08-25 02:42:42,555 - INFO - 📍 眼球中心: [ 0.09666441 -0.06170738  0.60460602]
2025-08-25 02:42:42,555 - INFO - 📏 眼球半径: 19.57mm
2025-08-25 02:42:42,555 - INFO - 👁️ 瞳孔中心: [ 0.112      -0.03333333  0.60000002]
2025-08-25 02:42:42,555 - INFO - 📐 眼球中心在瞳孔中心的左15.34mm，上28.37mm，后4.61mm
2025-08-25 02:42:42,555 - INFO - 📏 距离: 32.58mm
2025-08-25 02:42:42,555 - INFO - -----------------------------------------------------------------------------------
2025-08-25 02:42:42,555 - INFO - -----------------------------------------------------------------------------------
2025-08-25 02:42:42,555 - DEBUG - 🔍 参数有效性检查:
2025-08-25 02:42:42,555 - DEBUG -    参数向量: [[ 0.09666261]
 [-0.06171026]
 [ 0.6046064 ]
 [ 0.01956905]]
2025-08-25 02:42:42,555 - DEBUG -    球心: [ 0.09666261 -0.06171026  0.6046064 ]
2025-08-25 02:42:42,555 - DEBUG -    半径: 0.019569
2025-08-25 02:42:42,555 - DEBUG - 🔍 函数值计算详情:
2025-08-25 02:42:42,555 - DEBUG -    数据项 F(θ): 0.003746
2025-08-25 02:42:42,555 - DEBUG -    深度约束项: 0.000001
2025-08-25 02:42:42,555 - DEBUG -    半径先验项: 0.000286
2025-08-25 02:42:42,555 - DEBUG -    总函数值 Φ(θ): 0.004034
2025-08-25 02:42:42,555 - DEBUG -    函数值改善: 0.000000
2025-08-25 02:42:42,555 - DEBUG - 🔍 参数有效: True
2025-08-25 02:42:42,555 - DEBUG -    参数更新成功:
2025-08-25 02:42:42,555 - DEBUG -      新球心: [ 0.09666261 -0.06171026  0.6046064 ]
2025-08-25 02:42:42,555 - DEBUG -      新半径: 0.019569
2025-08-25 02:42:42,555 - INFO - -----------------------------------------------------------------------------------
2025-08-25 02:42:42,555 - DEBUG - 🔍 LM收敛性检查:
2025-08-25 02:42:42,555 - DEBUG -    当前迭代次数: 15
2025-08-25 02:42:42,555 - DEBUG -    最大迭代次数: 30
2025-08-25 02:42:42,555 - DEBUG -    参数变化: 0.000004
2025-08-25 02:42:42,555 - DEBUG -    参数容忍度: 5e-06
2025-08-25 02:42:42,555 - DEBUG -    残差变化: 0.000000
2025-08-25 02:42:42,555 - DEBUG -    残差容忍度: 5e-06
2025-08-25 02:42:42,555 - INFO - ✅ LM收敛：参数变化4.49e-06 < 5e-06，平均残差变化0.00e+00 < 5e-06
2025-08-25 02:42:42,555 - INFO - ✅ LM优化收敛: 迭代15次
2025-08-25 02:42:42,555 - DEBUG - 🔍 优化结束状态:
2025-08-25 02:42:42,555 - DEBUG -    最终参数: [[ 0.09666261]
 [-0.06171026]
 [ 0.6046064 ]
 [ 0.01956905]]
2025-08-25 02:42:42,555 - DEBUG -    最终球心: [ 0.09666261 -0.06171026  0.6046064 ]
2025-08-25 02:42:42,555 - DEBUG -    最终半径: 0.019569
2025-08-25 02:42:42,555 - DEBUG -    是否收敛: True
2025-08-25 02:42:42,555 - DEBUG -    迭代次数: 15
2025-08-25 02:42:42,555 - INFO - -----------------------------------------------------------------------------------
2025-08-25 02:42:42,555 - DEBUG - 🔍 更新最终状态:
2025-08-25 02:42:42,555 - DEBUG - 🔍 计算点到球心距离: 形状=(21,)
2025-08-25 02:42:42,555 - DEBUG - 🔍 生理偏差向量计算:
2025-08-25 02:42:42,555 - DEBUG -    点类型列表: ['pupil_center', 'iris_boundaries', 'iris_boundaries', 'iris_boundaries', 'iris_boundaries', 'eye_contours', 'eye_contours', 'eye_contours', 'eye_contours', 'eye_contours', 'eye_contours', 'eye_contours', 'eye_contours', 'eye_contours', 'eye_contours', 'eye_contours', 'eye_contours', 'eye_contours', 'eye_contours', 'eye_contours', 'eye_contours']
2025-08-25 02:42:42,555 - DEBUG -    偏差向量: [0.0002  0.00085 0.00085 0.00085 0.00085 0.0015  0.0015  0.0015  0.0015
 0.0015  0.0015  0.0015  0.0015  0.0015  0.0015  0.0015  0.0015  0.0015
 0.0015  0.0015  0.0015 ]
2025-08-25 02:42:42,555 - DEBUG -    向量形状: (21,)
2025-08-25 02:42:42,555 - DEBUG -    偏差统计: 均值=0.001314, 标准差=0.000356
2025-08-25 02:42:42,555 - DEBUG - 获取生理偏差: 点类型=['pupil_center', 'iris_boundaries', 'iris_boundaries', 'iris_boundaries', 'iris_boundaries', 'eye_contours', 'eye_contours', 'eye_contours', 'eye_contours', 'eye_contours', 'eye_contours', 'eye_contours', 'eye_contours', 'eye_contours', 'eye_contours', 'eye_contours', 'eye_contours', 'eye_contours', 'eye_contours', 'eye_contours', 'eye_contours'], 偏差值=[0.0002  0.00085 0.00085 0.00085 0.00085 0.0015  0.0015  0.0015  0.0015
 0.0015  0.0015  0.0015  0.0015  0.0015  0.0015  0.0015  0.0015  0.0015
 0.0015  0.0015  0.0015 ]
2025-08-25 02:42:42,555 - INFO - -----------------------------------------------------------------------------------
2025-08-25 02:42:42,555 - DEBUG - 🔍 拟合残差计算详情:
2025-08-25 02:42:42,563 - DEBUG -    球心坐标: [ 0.09666261 -0.06171026  0.6046064 ]
2025-08-25 02:42:42,563 - DEBUG -    球体半径: 0.019569
2025-08-25 02:42:42,563 - DEBUG -    采样点数: 21
2025-08-25 02:42:42,563 - DEBUG -    点类型分布: {'eye_contours': 16, 'iris_boundaries': 4, 'pupil_center': 1}
2025-08-25 02:42:42,563 - DEBUG -    理论距离向量: [0.01976905 0.02041905 0.02041905 0.02041905 0.02041905 0.02106905
 0.02106905 0.02106905 0.02106905 0.02106905 0.02106905 0.02106905
 0.02106905 0.02106905 0.02106905 0.02106905 0.02106905 0.02106905
 0.02106905 0.02106905 0.02106905]
2025-08-25 02:42:42,563 - DEBUG -    实际距离向量: [0.03258381 0.03885103 0.02431016 0.03075359 0.04291057 0.03742235
 0.03355166 0.02811388 0.02661906 0.03057395 0.03762987 0.04325384
 0.04683184 0.04967841 0.04906781 0.0478494  0.04599829 0.04294014
 0.04001505 0.03786951 0.0377011 ]
2025-08-25 02:42:42,563 - DEBUG -    生理偏差向量: [0.0002  0.00085 0.00085 0.00085 0.00085 0.0015  0.0015  0.0015  0.0015
 0.0015  0.0015  0.0015  0.0015  0.0015  0.0015  0.0015  0.0015  0.0015
 0.0015  0.0015  0.0015 ]
2025-08-25 02:42:42,563 - DEBUG -    残差向量 f(θ): 
[[0.01281476]
 [0.01843198]
 [0.00389111]
 [0.01033455]
 [0.02249152]
 [0.0163533 ]
 [0.01248262]
 [0.00704483]
 [0.00555001]
 [0.0095049 ]
 [0.01656082]
 [0.02218479]
 [0.02576279]
 [0.02860936]
 [0.02799876]
 [0.02678036]
 [0.02492925]
 [0.0218711 ]
 [0.018946  ]
 [0.01680046]
 [0.01663205]]
2025-08-25 02:42:42,563 - DEBUG -    平均残差范数: 0.004122
2025-08-25 02:42:42,563 - DEBUG -    残差范数=0.086563
2025-08-25 02:42:42,563 - DEBUG -    最终残差向量: [[0.01281476]
 [0.01843198]
 [0.00389111]
 [0.01033455]
 [0.02249152]
 [0.0163533 ]
 [0.01248262]
 [0.00704483]
 [0.00555001]
 [0.0095049 ]
 [0.01656082]
 [0.02218479]
 [0.02576279]
 [0.02860936]
 [0.02799876]
 [0.02678036]
 [0.02492925]
 [0.0218711 ]
 [0.018946  ]
 [0.01680046]
 [0.01663205]]
2025-08-25 02:42:42,563 - DEBUG -    最终残差范数: 0.086563
2025-08-25 02:42:42,563 - DEBUG -    内点比例: 1.000000
2025-08-25 02:42:42,563 - DEBUG -    质量分数: 0.000000
2025-08-25 02:42:42,563 - DEBUG -    收敛迭代次数: 15
2025-08-25 02:42:42,563 - DEBUG -    是否收敛: True
2025-08-25 02:42:42,563 - DEBUG -    警告信息: ['迭代1: 参数无效，阻尼因子=1.00e-01', '迭代3: 参数无效，阻尼因子=1.00e+00', '迭代6: 参数无效，阻尼因子=1.00e+01', '迭代8: 参数无效，阻尼因子=1.00e+02', '迭代10: 参数无效，阻尼因子=1.00e+03', '迭代12: 参数无效，阻尼因子=1.00e+04', '迭代14: 参数无效，阻尼因子=1.00e+05']
2025-08-25 02:42:42,563 - INFO - ✅ 优化完成: 最终中心点=(0.097, -0.062, 0.605), 半径=0.020m
2025-08-25 02:42:42,563 - INFO - 拟合完成 - 拟合结果:
  📍 中心点: (0.097, -0.062, 0.605)
  📏 半径: 0.02mm
  🔄 收敛状态: ✓ 已收敛
  📊 内点比例: 100.0% (21/21)
  🎯 质量分数: 0.000
  📈 迭代次数: 15
  📉 最终残差: 8.66e-02
⚠️  警告: 迭代1: 参数无效，阻尼因子=1.00e-01; 迭代3: 参数无效，阻尼因子=1.00e+00; 迭代6: 参数无效，阻尼因子=1.00e+01; 迭代8: 参数无效，阻尼因子=1.00e+02; 迭代10: 参数无效，阻尼因子=1.00e+03; 迭代12: 参数无效，阻尼因子=1.00e+04; 迭代14: 参数无效，阻尼因子=1.00e+05
2025-08-25 02:42:42,563 - DEBUG - left眼拟合完成: shape=椭球参数 (球体):
  📏 主轴长度: (0.020, 0.020, 0.020) m
  📍 中心坐标: (0.097, -0.062, 0.605) m
  🔄 旋转矩阵: 3x3 单位矩阵, center=[ 0.09666261 -0.06171026  0.6046064 ]
2025-08-25 02:42:42,563 - DEBUG - 左眼拟合完成
2025-08-25 02:42:42,563 - DEBUG - _fit_one_eye开始: eye_key=right
2025-08-25 02:42:42,563 - DEBUG - 更新trials_times: 2
2025-08-25 02:42:42,563 - DEBUG - 开始提取right眼关键点坐标
2025-08-25 02:42:42,563 - DEBUG - _extract_eye_key_coordinates开始: eye_key=right
2025-08-25 02:42:42,563 - DEBUG - self._key_coordinates: {'pupil_center': {'left': array([ 0.112     , -0.03333333,  0.60000002,  1.        ]), 'right': array([ 0.00266667, -0.02266667,  0.60000002,  1.        ])}, 'iris_boundaries': {'left': [array([ 0.12326097, -0.03368935,  0.60051274,  1.        ]), array([ 0.11123149, -0.04265089,  0.60067296,  1.        ]), array([ 0.10183415, -0.03166851,  0.60054046,  1.        ]), array([ 0.11389425, -0.02260571,  0.60070503,  1.        ])], 'right': [array([ 0.0131952 , -0.02232256,  0.60075307,  1.        ]), array([ 0.0021588 , -0.03127492,  0.60042095,  1.        ]), array([-0.0076177 , -0.0206515 ,  0.60045719,  1.        ]), array([ 0.00351101, -0.01170682,  0.60058469,  1.        ])]}, 'eye_contours': {'left': [array([ 0.0901048 , -0.02509592,  0.60050559,  1.        ]), array([ 0.09278054, -0.02866675,  0.60027403,  1.        ]), array([ 0.09886017, -0.03401312,  0.60031348,  1.        ]), array([ 0.10768689, -0.03788338,  0.60021102,  1.        ]), array([ 0.11675895, -0.039096  ,  0.6001907 ,  1.        ]), array([ 0.12566363, -0.03810871,  0.60037386,  1.        ]), array([ 0.13123566, -0.03599058,  0.60085183,  1.        ]), array([ 0.1344144 , -0.034267  ,  0.60074759,  1.        ]), array([ 0.13688213, -0.03281264,  0.60069978,  1.        ]), array([ 0.13369493, -0.02968342,  0.60136014,  1.        ]), array([ 0.12993076, -0.02755016,  0.6006211 ,  1.        ]), array([ 0.12461902, -0.02539955,  0.60062969,  1.        ]), array([ 0.11624271, -0.02371335,  0.60051858,  1.        ]), array([ 0.10748556, -0.02343572,  0.60023296,  1.        ]), array([ 0.09907972, -0.02412578,  0.60064864,  1.        ]), array([ 0.09331499, -0.02435299,  0.60078537,  1.        ])], 'right': [array([-0.01966757, -0.01822708,  0.60111636,  1.        ]), array([-0.01583834, -0.01606205,  0.60163748,  1.        ]), array([-0.01190502, -0.01477421,  0.60133916,  1.        ]), array([-0.00637307, -0.01354543,  0.60076523,  1.        ]), array([ 0.00198049, -0.01312497,  0.6003536 ,  1.        ]), array([ 0.01044203, -0.01423524,  0.60041702,  1.        ]), array([ 0.01856955, -0.01629819,  0.60067505,  1.        ]), array([ 0.02411224, -0.01759083,  0.60092521,  1.        ]), array([ 0.02703668, -0.01877048,  0.60086447,  1.        ]), array([ 0.02393612, -0.02155841,  0.60082257,  1.        ]), array([ 0.01727859, -0.02517011,  0.60060787,  1.        ]), array([ 0.00817127, -0.02687827,  0.60041398,  1.        ]), array([-4.17759000e-04, -2.64725471e-02,  6.00363731e-01,  1.00000000e+00]), array([-0.00876993, -0.02429094,  0.60041523,  1.        ]), array([-0.014054  , -0.02171202,  0.60051906,  1.        ]), array([-0.01718222, -0.01984195,  0.60127836,  1.        ])]}, 'eye_sockets': {'left': [array([ 0.15809847, -0.06451686,  0.60122174,  1.        ]), array([ 0.14651117, -0.07543151,  0.60041684,  1.        ]), array([ 0.12902418, -0.08098733,  0.5997526 ,  1.        ]), array([ 0.10653756, -0.07938776,  0.59903699,  1.        ]), array([ 0.08026699, -0.07441666,  0.59866321,  1.        ]), array([ 0.07845975, -0.05749406,  0.59871048,  1.        ]), array([ 0.10564818, -0.06948132,  0.59927982,  1.        ]), array([ 0.12611234, -0.07121459,  0.59977537,  1.        ]), array([ 0.14131705, -0.06720801,  0.60019881,  1.        ]), array([ 0.15236632, -0.05870187,  0.60134047,  1.        ])], 'right': [array([-0.04488185, -0.04456435,  0.60103196,  1.        ]), array([-0.03444463, -0.05666493,  0.60048014,  1.        ]), array([-0.01832669, -0.06532758,  0.59978259,  1.        ]), array([ 0.00330976, -0.06820896,  0.5994063 ,  1.        ]), array([ 0.02872777, -0.06842143,  0.59924251,  1.        ]), array([ 0.03298853, -0.0519303 ,  0.5987196 ,  1.        ]), array([ 0.00576897, -0.05870228,  0.59923172,  1.        ]), array([-0.0139765 , -0.05644556,  0.59981823,  1.        ]), array([-0.02810833, -0.04971191,  0.60032606,  1.        ]), array([-0.03788144, -0.03965751,  0.60074127,  1.        ])]}, 'eyelid_points': {'left': [array([ 0.1733487 , -0.00339376,  0.60161591,  1.        ]), array([ 0.1559487 , -0.00154125,  0.60125566,  1.        ]), array([0.14283309, 0.00420672, 0.60074484, 1.        ]), array([0.12181266, 0.0043136 , 0.60018229, 1.        ]), array([1.05888172e-01, 7.61073111e-04, 6.00032330e-01, 1.00000000e+00]), array([ 0.09370506, -0.0037744 ,  0.59987122,  1.        ]), array([0.09041977, 0.02062326, 0.59931195, 1.        ]), array([0.10060921, 0.02827915, 0.59957856, 1.        ]), array([0.11421681, 0.03621997, 0.59946257, 1.        ]), array([0.13167609, 0.04804348, 0.59966004, 1.        ])], 'right': [array([-0.05402745,  0.01458235,  0.60290766,  1.        ]), array([-0.03496327,  0.01453247,  0.60165673,  1.        ]), array([-0.02089167,  0.0179611 ,  0.60035884,  1.        ]), array([-1.82699772e-04,  1.49035304e-02,  6.00338221e-01,  1.00000000e+00]), array([0.01488315, 0.00904903, 0.60011625, 1.        ]), array([0.02607952, 0.0025816 , 0.59992081, 1.        ]), array([0.02940943, 0.02538963, 0.59881508, 1.        ]), array([0.02023191, 0.03441234, 0.59932286, 1.        ]), array([0.00805162, 0.04433954, 0.59945923, 1.        ]), array([-0.00740592,  0.05885583,  0.59984499,  1.        ])]}}
2025-08-25 02:42:42,571 - DEBUG - 提取瞳孔中心
2025-08-25 02:42:42,571 - DEBUG - pupil_center: {'left': array([ 0.112     , -0.03333333,  0.60000002,  1.        ]), 'right': array([ 0.00266667, -0.02266667,  0.60000002,  1.        ])}
2025-08-25 02:42:42,571 - DEBUG - pupil_center类型: <class 'dict'>
2025-08-25 02:42:42,571 - DEBUG - eye_pupil: [ 0.00266667 -0.02266667  0.60000002  1.        ]
2025-08-25 02:42:42,571 - DEBUG - eye_pupil类型: <class 'numpy.ndarray'>
2025-08-25 02:42:42,571 - DEBUG - eye_pupil形状: (4,)
2025-08-25 02:42:42,571 - DEBUG - 提取虹膜边界
2025-08-25 02:42:42,571 - DEBUG - iris_boundaries: {'left': [array([ 0.12326097, -0.03368935,  0.60051274,  1.        ]), array([ 0.11123149, -0.04265089,  0.60067296,  1.        ]), array([ 0.10183415, -0.03166851,  0.60054046,  1.        ]), array([ 0.11389425, -0.02260571,  0.60070503,  1.        ])], 'right': [array([ 0.0131952 , -0.02232256,  0.60075307,  1.        ]), array([ 0.0021588 , -0.03127492,  0.60042095,  1.        ]), array([-0.0076177 , -0.0206515 ,  0.60045719,  1.        ]), array([ 0.00351101, -0.01170682,  0.60058469,  1.        ])]}
2025-08-25 02:42:42,571 - DEBUG - iris_boundaries类型: <class 'dict'>
2025-08-25 02:42:42,571 - DEBUG - eye_iris: [array([ 0.0131952 , -0.02232256,  0.60075307,  1.        ]), array([ 0.0021588 , -0.03127492,  0.60042095,  1.        ]), array([-0.0076177 , -0.0206515 ,  0.60045719,  1.        ]), array([ 0.00351101, -0.01170682,  0.60058469,  1.        ])]
2025-08-25 02:42:42,575 - DEBUG - eye_iris类型: <class 'list'>
2025-08-25 02:42:42,575 - DEBUG - eye_iris长度: 4
2025-08-25 02:42:42,575 - DEBUG - 第一个元素类型: <class 'numpy.ndarray'>
2025-08-25 02:42:42,575 - DEBUG - 第一个元素形状: (4,)
2025-08-25 02:42:42,575 - DEBUG - 提取眼睛轮廓
2025-08-25 02:42:42,575 - DEBUG - eye_contours: {'left': [array([ 0.0901048 , -0.02509592,  0.60050559,  1.        ]), array([ 0.09278054, -0.02866675,  0.60027403,  1.        ]), array([ 0.09886017, -0.03401312,  0.60031348,  1.        ]), array([ 0.10768689, -0.03788338,  0.60021102,  1.        ]), array([ 0.11675895, -0.039096  ,  0.6001907 ,  1.        ]), array([ 0.12566363, -0.03810871,  0.60037386,  1.        ]), array([ 0.13123566, -0.03599058,  0.60085183,  1.        ]), array([ 0.1344144 , -0.034267  ,  0.60074759,  1.        ]), array([ 0.13688213, -0.03281264,  0.60069978,  1.        ]), array([ 0.13369493, -0.02968342,  0.60136014,  1.        ]), array([ 0.12993076, -0.02755016,  0.6006211 ,  1.        ]), array([ 0.12461902, -0.02539955,  0.60062969,  1.        ]), array([ 0.11624271, -0.02371335,  0.60051858,  1.        ]), array([ 0.10748556, -0.02343572,  0.60023296,  1.        ]), array([ 0.09907972, -0.02412578,  0.60064864,  1.        ]), array([ 0.09331499, -0.02435299,  0.60078537,  1.        ])], 'right': [array([-0.01966757, -0.01822708,  0.60111636,  1.        ]), array([-0.01583834, -0.01606205,  0.60163748,  1.        ]), array([-0.01190502, -0.01477421,  0.60133916,  1.        ]), array([-0.00637307, -0.01354543,  0.60076523,  1.        ]), array([ 0.00198049, -0.01312497,  0.6003536 ,  1.        ]), array([ 0.01044203, -0.01423524,  0.60041702,  1.        ]), array([ 0.01856955, -0.01629819,  0.60067505,  1.        ]), array([ 0.02411224, -0.01759083,  0.60092521,  1.        ]), array([ 0.02703668, -0.01877048,  0.60086447,  1.        ]), array([ 0.02393612, -0.02155841,  0.60082257,  1.        ]), array([ 0.01727859, -0.02517011,  0.60060787,  1.        ]), array([ 0.00817127, -0.02687827,  0.60041398,  1.        ]), array([-4.17759000e-04, -2.64725471e-02,  6.00363731e-01,  1.00000000e+00]), array([-0.00876993, -0.02429094,  0.60041523,  1.        ]), array([-0.014054  , -0.02171202,  0.60051906,  1.        ]), array([-0.01718222, -0.01984195,  0.60127836,  1.        ])]}
2025-08-25 02:42:42,575 - DEBUG - eye_contours类型: <class 'dict'>
2025-08-25 02:42:42,575 - DEBUG - eye_contour: [array([-0.01966757, -0.01822708,  0.60111636,  1.        ]), array([-0.01583834, -0.01606205,  0.60163748,  1.        ]), array([-0.01190502, -0.01477421,  0.60133916,  1.        ]), array([-0.00637307, -0.01354543,  0.60076523,  1.        ]), array([ 0.00198049, -0.01312497,  0.6003536 ,  1.        ]), array([ 0.01044203, -0.01423524,  0.60041702,  1.        ]), array([ 0.01856955, -0.01629819,  0.60067505,  1.        ]), array([ 0.02411224, -0.01759083,  0.60092521,  1.        ]), array([ 0.02703668, -0.01877048,  0.60086447,  1.        ]), array([ 0.02393612, -0.02155841,  0.60082257,  1.        ]), array([ 0.01727859, -0.02517011,  0.60060787,  1.        ]), array([ 0.00817127, -0.02687827,  0.60041398,  1.        ]), array([-4.17759000e-04, -2.64725471e-02,  6.00363731e-01,  1.00000000e+00]), array([-0.00876993, -0.02429094,  0.60041523,  1.        ]), array([-0.014054  , -0.02171202,  0.60051906,  1.        ]), array([-0.01718222, -0.01984195,  0.60127836,  1.        ])]
2025-08-25 02:42:42,579 - DEBUG - eye_contour类型: <class 'list'>
2025-08-25 02:42:42,579 - DEBUG - eye_contour长度: 16
2025-08-25 02:42:42,579 - DEBUG - 第一个元素类型: <class 'numpy.ndarray'>
2025-08-25 02:42:42,579 - DEBUG - 第一个元素形状: (4,)
2025-08-25 02:42:42,579 - DEBUG - _extract_eye_key_coordinates完成: {'pupil_center': array([ 0.00266667, -0.02266667,  0.60000002,  1.        ]), 'iris_boundaries': [array([ 0.0131952 , -0.02232256,  0.60075307,  1.        ]), array([ 0.0021588 , -0.03127492,  0.60042095,  1.        ]), array([-0.0076177 , -0.0206515 ,  0.60045719,  1.        ]), array([ 0.00351101, -0.01170682,  0.60058469,  1.        ])], 'eye_contours': [array([-0.01966757, -0.01822708,  0.60111636,  1.        ]), array([-0.01583834, -0.01606205,  0.60163748,  1.        ]), array([-0.01190502, -0.01477421,  0.60133916,  1.        ]), array([-0.00637307, -0.01354543,  0.60076523,  1.        ]), array([ 0.00198049, -0.01312497,  0.6003536 ,  1.        ]), array([ 0.01044203, -0.01423524,  0.60041702,  1.        ]), array([ 0.01856955, -0.01629819,  0.60067505,  1.        ]), array([ 0.02411224, -0.01759083,  0.60092521,  1.        ]), array([ 0.02703668, -0.01877048,  0.60086447,  1.        ]), array([ 0.02393612, -0.02155841,  0.60082257,  1.        ]), array([ 0.01727859, -0.02517011,  0.60060787,  1.        ]), array([ 0.00817127, -0.02687827,  0.60041398,  1.        ]), array([-4.17759000e-04, -2.64725471e-02,  6.00363731e-01,  1.00000000e+00]), array([-0.00876993, -0.02429094,  0.60041523,  1.        ]), array([-0.014054  , -0.02171202,  0.60051906,  1.        ]), array([-0.01718222, -0.01984195,  0.60127836,  1.        ])]}
2025-08-25 02:42:42,579 - DEBUG - right眼关键点坐标: {'pupil_center': array([ 0.00266667, -0.02266667,  0.60000002,  1.        ]), 'iris_boundaries': [array([ 0.0131952 , -0.02232256,  0.60075307,  1.        ]), array([ 0.0021588 , -0.03127492,  0.60042095,  1.        ]), array([-0.0076177 , -0.0206515 ,  0.60045719,  1.        ]), array([ 0.00351101, -0.01170682,  0.60058469,  1.        ])], 'eye_contours': [array([-0.01966757, -0.01822708,  0.60111636,  1.        ]), array([-0.01583834, -0.01606205,  0.60163748,  1.        ]), array([-0.01190502, -0.01477421,  0.60133916,  1.        ]), array([-0.00637307, -0.01354543,  0.60076523,  1.        ]), array([ 0.00198049, -0.01312497,  0.6003536 ,  1.        ]), array([ 0.01044203, -0.01423524,  0.60041702,  1.        ]), array([ 0.01856955, -0.01629819,  0.60067505,  1.        ]), array([ 0.02411224, -0.01759083,  0.60092521,  1.        ]), array([ 0.02703668, -0.01877048,  0.60086447,  1.        ]), array([ 0.02393612, -0.02155841,  0.60082257,  1.        ]), array([ 0.01727859, -0.02517011,  0.60060787,  1.        ]), array([ 0.00817127, -0.02687827,  0.60041398,  1.        ]), array([-4.17759000e-04, -2.64725471e-02,  6.00363731e-01,  1.00000000e+00]), array([-0.00876993, -0.02429094,  0.60041523,  1.        ]), array([-0.014054  , -0.02171202,  0.60051906,  1.        ]), array([-0.01718222, -0.01984195,  0.60127836,  1.        ])]}
2025-08-25 02:42:42,579 - DEBUG - 调用center_fitter进行拟合
2025-08-25 02:42:42,579 - DEBUG - 🔄 返回已存在的CenterFitter单例实例
2025-08-25 02:42:42,579 - INFO - 🔍 开始眼球拟合: trials_times=2, strategy=None
2025-08-25 02:42:42,579 - DEBUG - 🔍 对象状态检查: _initialized=True, _strategy_functions=True
2025-08-25 02:42:42,579 - DEBUG - 🔍 策略函数映射表: ['constrained_lm', 'constrained_ransac_lm', 'ellipsoid_fallback', 'fail']
2025-08-25 02:42:42,579 - INFO - 📋 数据预处理完成: 总点数=21, 平均visibility=1.000
2025-08-25 02:42:42,579 - INFO -   📍 pupil_center: 1点, 平均visibility=1.000
2025-08-25 02:42:42,579 - INFO -   📍 iris_boundaries: 4点, 平均visibility=1.000
2025-08-25 02:42:42,579 - INFO -   📍 eye_contours: 16点, 平均visibility=1.000
2025-08-25 02:42:42,579 - INFO - 📊 自动选择拟合策略: constrained_lm
2025-08-25 02:42:42,579 - INFO - 🚀 执行拟合策略: constrained_lm
2025-08-25 02:42:42,579 - DEBUG - 📊 采样数据已更新: full, 点数=21
2025-08-25 02:42:42,579 - INFO - 📊 全部采样完成: 采样点数=21
2025-08-25 02:42:42,579 - INFO - 📊 使用全部采样策略: 21个点
2025-08-25 02:42:42,579 - INFO - 🔄 开始约束LM优化...
2025-08-25 02:42:42,579 - DEBUG - 🔍 约束优化开始:
2025-08-25 02:42:42,579 - DEBUG -    目标函数: Φ(θ) = F(θ) + (1/2)λ_depth * h(θ)²
2025-08-25 02:42:42,579 - DEBUG -    数据项: F(θ) = (1/2)∑w_i(||p_i - c|| - (r + δ_i))²
2025-08-25 02:42:42,579 - DEBUG -    约束项: h(θ) = max{0, ε + z_max - c_z}
2025-08-25 02:42:42,579 - INFO - 🔧 开始参数初始化...
2025-08-25 02:42:42,579 - DEBUG - 🔍 参数初始化开始:
2025-08-25 02:42:42,579 - INFO - 🔍 虹膜边界点数量: 4
2025-08-25 02:42:42,579 - DEBUG -    虹膜点数据:
2025-08-25 02:42:42,579 - DEBUG -      形状: (4, 3)
2025-08-25 02:42:42,579 - DEBUG -      前3个点: [[ 0.0131952  -0.02232256  0.60075307]
 [ 0.0021588  -0.03127492  0.60042095]
 [-0.0076177  -0.0206515   0.60045719]]
2025-08-25 02:42:42,579 - DEBUG -      所有点: [[ 0.0131952  -0.02232256  0.60075307]
 [ 0.0021588  -0.03127492  0.60042095]
 [-0.0076177  -0.0206515   0.60045719]
 [ 0.00351101 -0.01170682  0.60058469]]
2025-08-25 02:42:42,579 - DEBUG -    随机选择3个点，索引: [2 3 1]
2025-08-25 02:42:42,579 - DEBUG -    选中的点:
2025-08-25 02:42:42,579 - DEBUG -      形状: (3, 3)
2025-08-25 02:42:42,579 - DEBUG -      坐标: [[-0.0076177  -0.0206515   0.60045719]
 [ 0.00351101 -0.01170682  0.60058469]
 [ 0.0021588  -0.03127492  0.60042095]]
2025-08-25 02:42:42,579 - INFO - 🔧 开始2D圆拟合...
2025-08-25 02:42:42,579 - DEBUG - 🔍 2D圆拟合开始:
2025-08-25 02:42:42,587 - DEBUG -    输入点: [[-0.0076177  -0.0206515   0.60045719]
 [ 0.00351101 -0.01170682  0.60058469]
 [ 0.0021588  -0.03127492  0.60042095]]
2025-08-25 02:42:42,587 - DEBUG -    点数量: 3
2025-08-25 02:42:42,587 - DEBUG -    坐标提取:
2025-08-25 02:42:42,588 - DEBUG -      X坐标: [-0.0076177   0.00351101  0.0021588 ]
2025-08-25 02:42:42,588 - DEBUG -      Y坐标: [-0.0206515  -0.01170682 -0.03127492]
2025-08-25 02:42:42,588 - DEBUG -    线性方程组:
2025-08-25 02:42:42,588 - DEBUG -      系数矩阵 A:
[[-0.0152354  -0.041303    1.        ]
 [ 0.00702201 -0.02341364  1.        ]
 [ 0.0043176  -0.06254984  1.        ]]
2025-08-25 02:42:42,588 - DEBUG -      常数向量 b: [[0.00048451]
 [0.00014938]
 [0.00098278]]
2025-08-25 02:42:42,588 - DEBUG -    线性方程组求解结果:
2025-08-25 02:42:42,588 - DEBUG -      解向量: [[ 0.00217953]
 [-0.02144558]
 [-0.00036805]]
2025-08-25 02:42:42,588 - DEBUG -    圆心和半径计算:
2025-08-25 02:42:42,588 - DEBUG -      圆心X坐标: 0.002180
2025-08-25 02:42:42,588 - DEBUG -      圆心Y坐标: -0.021446
2025-08-25 02:42:42,588 - DEBUG -      圆心: [ 0.00217953 -0.02144558]
2025-08-25 02:42:42,588 - DEBUG -      常数c: -0.000368
2025-08-25 02:42:42,588 - DEBUG -      半径: 0.009829
2025-08-25 02:42:42,588 - DEBUG -    2D圆拟合成功:
2025-08-25 02:42:42,588 - DEBUG -      圆心: [ 0.00217953 -0.02144558]
2025-08-25 02:42:42,588 - DEBUG -      半径: 0.009829
2025-08-25 02:42:42,588 - DEBUG -    2D圆拟合结果:
2025-08-25 02:42:42,588 - DEBUG -      圆心: [ 0.00217953 -0.02144558]
2025-08-25 02:42:42,588 - DEBUG -      半径: 0.009829
2025-08-25 02:42:42,588 - DEBUG -    解剖学约束:
2025-08-25 02:42:42,588 - DEBUG -      虹膜到表面最小距离: 0.000500
2025-08-25 02:42:42,588 - DEBUG -      虹膜到表面最大距离: 0.001200
2025-08-25 02:42:42,588 - DEBUG -    半径计算:
2025-08-25 02:42:42,588 - DEBUG -      默认半径: 0.012000
2025-08-25 02:42:42,588 - DEBUG -      中值距离: 0.000850
2025-08-25 02:42:42,588 - DEBUG -      中值距离+半径 d: 0.012850
2025-08-25 02:42:42,588 - INFO - 🔍 中值距离+半径: 0.013m，2D半径: 0.010m，使用虹膜深度偏移
2025-08-25 02:42:42,588 - DEBUG -    勾股定理计算深度偏移: z = sqrt(0.012850² - 0.009829²) = 0.008277
2025-08-25 02:42:42,588 - DEBUG -    3D球心计算:
2025-08-25 02:42:42,588 - DEBUG -      虹膜点平均Z坐标: 0.600488
2025-08-25 02:42:42,588 - DEBUG -      深度偏移: 0.008277
2025-08-25 02:42:42,588 - DEBUG -      3D球心: [ 0.00217953 -0.02144558  0.60876446]
2025-08-25 02:42:42,588 - DEBUG -    最终初始化参数:
2025-08-25 02:42:42,588 - DEBUG -      球心: [ 0.00217953 -0.02144558  0.60876446]
2025-08-25 02:42:42,588 - DEBUG -      半径: 0.012000
2025-08-25 02:42:42,588 - INFO - 📍 初始中心点: (0.002, -0.021, 0.609)
2025-08-25 02:42:42,588 - INFO - 📏 初始半径: 0.012m
2025-08-25 02:42:42,588 - INFO - ⚙️ 创建约束LM优化器...
2025-08-25 02:42:42,588 - DEBUG - 🔍 约束LM优化器初始化:
2025-08-25 02:42:42,588 - DEBUG -    初始球心: [ 0.00217953 -0.02144558  0.60876446]
2025-08-25 02:42:42,588 - DEBUG -    初始半径: 0.012000
2025-08-25 02:42:42,588 - DEBUG -    参数向量 θ: [[ 0.00217953]
 [-0.02144558]
 [ 0.60876446]
 [ 0.012     ]]
2025-08-25 02:42:42,588 - DEBUG -    样本数量: 21
2025-08-25 02:42:42,588 - DEBUG -    LM配置: LMAlgorithmConfig(lambda_lm=0.01, lambda_factor=10.0, min_lambda=1e-08, max_lambda=100000000.0, max_iterations=30, param_tolerance=5e-06, residual_tolerance=5e-06, max_step=0.01, geometric_weight_factor=10, residual_error_tolerance=0.0005)
2025-08-25 02:42:42,588 - DEBUG -    约束配置: ConstraintConfig(lambda_depth=1000.0, lambda_radius=10.0, radius_prior=0.012, depth_offset_epsilon=0.0002, softplus_tau=0.001, constraint_penalty_factor=1000.0)
2025-08-25 02:42:42,588 - INFO - 🔄 约束LM优化开始: 最大迭代次数=30
2025-08-25 02:42:42,588 - DEBUG - 🔍 优化开始状态:
2025-08-25 02:42:42,596 - DEBUG -    当前参数: [[ 0.00217953]
 [-0.02144558]
 [ 0.60876446]
 [ 0.012     ]]
2025-08-25 02:42:42,596 - DEBUG -    当前球心: [ 0.00217953 -0.02144558  0.60876446]
2025-08-25 02:42:42,596 - DEBUG -    当前半径: 0.012000
2025-08-25 02:42:42,596 - DEBUG -    最大迭代次数: 30
2025-08-25 02:42:42,596 - DEBUG - 🔍 迭代 1/30:
2025-08-25 02:42:42,596 - DEBUG - 🔍 计算点到球心距离: 形状=(21,)
2025-08-25 02:42:42,596 - DEBUG - 🔍 生理偏差向量计算:
2025-08-25 02:42:42,596 - DEBUG -    点类型列表: ['pupil_center', 'iris_boundaries', 'iris_boundaries', 'iris_boundaries', 'iris_boundaries', 'eye_contours', 'eye_contours', 'eye_contours', 'eye_contours', 'eye_contours', 'eye_contours', 'eye_contours', 'eye_contours', 'eye_contours', 'eye_contours', 'eye_contours', 'eye_contours', 'eye_contours', 'eye_contours', 'eye_contours', 'eye_contours']
2025-08-25 02:42:42,596 - DEBUG -    偏差向量: [0.0002  0.00085 0.00085 0.00085 0.00085 0.0015  0.0015  0.0015  0.0015
 0.0015  0.0015  0.0015  0.0015  0.0015  0.0015  0.0015  0.0015  0.0015
 0.0015  0.0015  0.0015 ]
2025-08-25 02:42:42,596 - DEBUG -    向量形状: (21,)
2025-08-25 02:42:42,596 - DEBUG -    偏差统计: 均值=0.001314, 标准差=0.000356
2025-08-25 02:42:42,596 - DEBUG - 获取生理偏差: 点类型=['pupil_center', 'iris_boundaries', 'iris_boundaries', 'iris_boundaries', 'iris_boundaries', 'eye_contours', 'eye_contours', 'eye_contours', 'eye_contours', 'eye_contours', 'eye_contours', 'eye_contours', 'eye_contours', 'eye_contours', 'eye_contours', 'eye_contours', 'eye_contours', 'eye_contours', 'eye_contours', 'eye_contours', 'eye_contours'], 偏差值=[0.0002  0.00085 0.00085 0.00085 0.00085 0.0015  0.0015  0.0015  0.0015
 0.0015  0.0015  0.0015  0.0015  0.0015  0.0015  0.0015  0.0015  0.0015
 0.0015  0.0015  0.0015 ]
2025-08-25 02:42:42,596 - INFO - -----------------------------------------------------------------------------------
2025-08-25 02:42:42,596 - DEBUG - 🔍 拟合残差计算详情:
2025-08-25 02:42:42,596 - DEBUG -    球心坐标: [ 0.00217953 -0.02144558  0.60876446]
2025-08-25 02:42:42,596 - DEBUG -    球体半径: 0.012000
2025-08-25 02:42:42,596 - DEBUG -    采样点数: 21
2025-08-25 02:42:42,596 - DEBUG -    点类型分布: {'eye_contours': 16, 'iris_boundaries': 4, 'pupil_center': 1}
2025-08-25 02:42:42,596 - DEBUG -    理论距离向量: [0.0122  0.01285 0.01285 0.01285 0.01285 0.0135  0.0135  0.0135  0.0135
 0.0135  0.0135  0.0135  0.0135  0.0135  0.0135  0.0135  0.0135  0.0135
 0.0135  0.0135  0.0135 ]
2025-08-25 02:42:42,596 - DEBUG -    实际距离向量: [0.00886248 0.01364904 0.01289304 0.01286961 0.01278769 0.02336981
 0.0201102  0.01726317 0.01412611 0.01183278 0.01378178 0.0189886
 0.0236084  0.02621915 0.02316107 0.01756085 0.01162521 0.0101286
 0.01406045 0.01820948 0.02082044]
2025-08-25 02:42:42,596 - DEBUG -    生理偏差向量: [0.0002  0.00085 0.00085 0.00085 0.00085 0.0015  0.0015  0.0015  0.0015
 0.0015  0.0015  0.0015  0.0015  0.0015  0.0015  0.0015  0.0015  0.0015
 0.0015  0.0015  0.0015 ]
2025-08-25 02:42:42,596 - DEBUG -    残差向量 f(θ): 
[[-3.33751668e-03]
 [ 7.99041027e-04]
 [ 4.30359870e-05]
 [ 1.96138012e-05]
 [-6.23123296e-05]
 [ 9.86981026e-03]
 [ 6.61019954e-03]
 [ 3.76316732e-03]
 [ 6.26112727e-04]
 [-1.66721600e-03]
 [ 2.81784667e-04]
 [ 5.48860214e-03]
 [ 1.01083981e-02]
 [ 1.27191468e-02]
 [ 9.66107481e-03]
 [ 4.06084600e-03]
 [-1.87478861e-03]
 [-3.37140346e-03]
 [ 5.60450748e-04]
 [ 4.70947724e-03]
 [ 7.32044127e-03]]
2025-08-25 02:42:42,596 - DEBUG -    平均残差范数: 0.001228
2025-08-25 02:42:42,596 - DEBUG -    残差范数=0.025791
2025-08-25 02:42:42,596 - INFO - -----------------------------------------------------------------------------------
2025-08-25 02:42:42,596 - DEBUG - 🔍 深度约束计算详情 (softplus):
2025-08-25 02:42:42,596 - DEBUG -    采样点Z坐标范围: [0.600000, 0.601637]
2025-08-25 02:42:42,596 - DEBUG -    球心Z坐标: 0.608764
2025-08-25 02:42:42,596 - DEBUG -    深度偏移ε: 0.000200
2025-08-25 02:42:42,596 - DEBUG -    softplus参数τ: 0.001000
2025-08-25 02:42:42,596 - DEBUG -    原始违反值: -0.006927
2025-08-25 02:42:42,596 - DEBUG -    softplus输入 u: -6.926973
2025-08-25 02:42:42,596 - DEBUG -    约束惩罚 h(θ): 0.000001
2025-08-25 02:42:42,596 - DEBUG -    🟢 深度约束满足: 球心深度足够
2025-08-25 02:42:42,596 - INFO - -----------------------------------------------------------------------------------
2025-08-25 02:42:42,596 - DEBUG - 🔍 半径惩罚计算详情:
2025-08-25 02:42:42,596 - DEBUG -    当前半径: 0.012000
2025-08-25 02:42:42,596 - DEBUG -    半径先验值: 0.012000
2025-08-25 02:42:42,596 - DEBUG -    半径残差 r(θ): 0.000000
2025-08-25 02:42:42,596 - DEBUG -    数据残差 f(θ): [[-3.33751668e-03]
 [ 7.99041027e-04]
 [ 4.30359870e-05]
 [ 1.96138012e-05]
 [-6.23123296e-05]
 [ 9.86981026e-03]
 [ 6.61019954e-03]
 [ 3.76316732e-03]
 [ 6.26112727e-04]
 [-1.66721600e-03]
 [ 2.81784667e-04]
 [ 5.48860214e-03]
 [ 1.01083981e-02]
 [ 1.27191468e-02]
 [ 9.66107481e-03]
 [ 4.06084600e-03]
 [-1.87478861e-03]
 [-3.37140346e-03]
 [ 5.60450748e-04]
 [ 4.70947724e-03]
 [ 7.32044127e-03]]
2025-08-25 02:42:42,596 - DEBUG -    约束残差 g(θ): [[9.80484946e-07]]
2025-08-25 02:42:42,596 - DEBUG -    半径残差 r(θ): [[0.]]
2025-08-25 02:42:42,596 - DEBUG - 🔍 状态变化计算: 参数变化=0.103068, 残差变化=0.060771
2025-08-25 02:42:42,596 - INFO - -----------------------------------------------------------------------------------
2025-08-25 02:42:42,596 - DEBUG - 🔍 权重管理器状态更新详情:
2025-08-25 02:42:42,596 - DEBUG -    当前迭代: 0
2025-08-25 02:42:42,596 - DEBUG -    参数变化: 0.103068 (阈值: 0.000005)
2025-08-25 02:42:42,596 - DEBUG -    残差变化: 0.060771 (阈值: 0.000005)
2025-08-25 02:42:42,596 - DEBUG -    几何权重因子: 10
2025-08-25 02:42:42,596 - DEBUG - ⏸️ 保持图像置信度权重: 参数变化=1.03e-01, 残差变化=6.08e-02
2025-08-25 02:42:42,596 - DEBUG - 状态已保存: 参数=[ 0.00217953 -0.02144558  0.60876446  0.012     ], 残差范数=0.025791
2025-08-25 02:42:42,596 - DEBUG - 🔍 获取visibility信息: 形状=(21,), 范围=[1.000, 1.000]
2025-08-25 02:42:42,596 - DEBUG - 🔧 设置图像置信度权重: 21个点
2025-08-25 02:42:42,596 - DEBUG - 🔍 开始计算权重矩阵:
2025-08-25 02:42:42,596 - DEBUG -    点类型: ['pupil_center', 'iris_boundaries', 'iris_boundaries', 'iris_boundaries', 'iris_boundaries', 'eye_contours', 'eye_contours', 'eye_contours', 'eye_contours', 'eye_contours', 'eye_contours', 'eye_contours', 'eye_contours', 'eye_contours', 'eye_contours', 'eye_contours', 'eye_contours', 'eye_contours', 'eye_contours', 'eye_contours', 'eye_contours']
2025-08-25 02:42:42,604 - DEBUG -    残差向量: 形状=(21,), 范数=0.025791
2025-08-25 02:42:42,604 - DEBUG -    Visibility: 形状=(21,), 均值=1.000
2025-08-25 02:42:42,604 - DEBUG - 🔍 权重矩阵计算成功: 形状=(21, 21)
2025-08-25 02:42:42,604 - DEBUG - 🔍 几何权重统计:
2025-08-25 02:42:42,604 - DEBUG -    权重向量: [[1.]
 [1.]
 [1.]
 [1.]
 [1.]
 [1.]
 [1.]
 [1.]
 [1.]
 [1.]
 [1.]
 [1.]
 [1.]
 [1.]
 [1.]
 [1.]
 [1.]
 [1.]
 [1.]
 [1.]
 [1.]]
2025-08-25 02:42:42,606 - DEBUG -    权重范围: [1.000000, 1.000000]
2025-08-25 02:42:42,606 - DEBUG -    权重均值: 1.000000
2025-08-25 02:42:42,606 - DEBUG -    权重标准差: 0.000000
2025-08-25 02:42:42,606 - DEBUG -    高权重点(>0.8): 21/21
2025-08-25 02:42:42,606 - DEBUG -    低权重点(<0.2): 0/21
2025-08-25 02:42:42,606 - INFO - -----------------------------------------------------------------------------------
2025-08-25 02:42:42,606 - DEBUG - 🔍 开始求解LM更新方程:
2025-08-25 02:42:42,606 - DEBUG -    数据残差: 形状=(21,), 范数=0.025791
2025-08-25 02:42:42,606 - DEBUG -    约束残差: 形状=(1,), 范数=0.000001
2025-08-25 02:42:42,606 - DEBUG - 🔍 计算数据残差雅可比矩阵 J_f: 形状=(21, 4)
2025-08-25 02:42:42,606 - DEBUG - 🔍 J_f矩阵计算完成: 条件数=7.53e+00
2025-08-25 02:42:42,606 - DEBUG - 🔍 深度约束雅可比计算: u=-6.926973, σ=0.000980, J_h=[[ 0.       0.      -0.00098  0.     ]]
2025-08-25 02:42:42,606 - DEBUG - 🔍 半径先验雅可比: J_r=[[0. 0. 0. 1.]]
2025-08-25 02:42:42,606 - DEBUG - 🔍 使用几何权重矩阵: 形状=(21, 21)
2025-08-25 02:42:42,606 - DEBUG - 🔍 Hessian矩阵计算:
2025-08-25 02:42:42,606 - DEBUG -    H_data = J_f^T W J_f: 形状=(4, 4), 条件数=5.67e+01
2025-08-25 02:42:42,606 - DEBUG -    H_h = λ_depth J_h^T J_h: 形状=(4, 4), λ_depth=1000.0
2025-08-25 02:42:42,606 - DEBUG -    H_r = λ_radius J_r^T J_r: 形状=(4, 4), λ_radius=10.0
2025-08-25 02:42:42,606 - DEBUG -    H_total: 形状=(4, 4), 条件数=1.55e+01
2025-08-25 02:42:42,606 - DEBUG - 🔍 梯度计算:
2025-08-25 02:42:42,606 - DEBUG -    g_data: 形状=(4,), 范数=0.070533
2025-08-25 02:42:42,606 - DEBUG -    g_h: 形状=(4,), 范数=0.000001
2025-08-25 02:42:42,606 - DEBUG -    g_r: 形状=(4,), 范数=0.000000
2025-08-25 02:42:42,606 - DEBUG -    g_total: 形状=(4,), 范数=0.070534
2025-08-25 02:42:42,606 - DEBUG - 🔍 初始化LM阻尼因子: λ_LM = 0.01
2025-08-25 02:42:42,606 - DEBUG - 🔍 LM阻尼矩阵: H_lm = H_total + 0.01 * I
2025-08-25 02:42:42,606 - DEBUG -    H_lm条件数: 1.54e+01
2025-08-25 02:42:42,606 - DEBUG - 🔍 线性方程组求解成功:
2025-08-25 02:42:42,606 - DEBUG -    参数更新向量 Δθ: [[-0.00096845]
 [-0.00242477]
 [-0.00172691]
 [ 0.00264869]]
2025-08-25 02:42:42,606 - DEBUG -    更新向量范数: 0.004101
2025-08-25 02:42:42,606 - DEBUG -    各分量更新: Δc_x=-0.000968, Δc_y=-0.002425, Δc_z=-0.001727, Δr=0.002649
2025-08-25 02:42:42,606 - DEBUG -    参数更新:
2025-08-25 02:42:42,606 - DEBUG -      旧参数: [[ 0.00217953]
 [-0.02144558]
 [ 0.60876446]
 [ 0.012     ]]
2025-08-25 02:42:42,606 - DEBUG -      更新向量: [[-0.00096845]
 [-0.00242477]
 [-0.00172691]
 [ 0.00264869]]
2025-08-25 02:42:42,606 - DEBUG -      新参数: [[ 0.00121108]
 [-0.02387035]
 [ 0.60703754]
 [ 0.01464869]]
2025-08-25 02:42:42,612 - INFO - -----------------------------------------------------------------------------------
2025-08-25 02:42:42,612 - INFO - 🔍 迭代第0次，球心向右0.968455mm，向上2.424771mm，向前1.726913mm，半径变大2.648686mm
2025-08-25 02:42:42,612 - INFO - 📊 变化前: 中心(0.002, -0.021, 0.609), 半径12.00mm
2025-08-25 02:42:42,612 - INFO - 📊 变化后: 中心(0.001, -0.024, 0.607), 半径14.65mm
2025-08-25 02:42:42,612 - INFO - 📈 变化量: 中心移动2.61mm, 半径变化2.65mm
2025-08-25 02:42:42,612 - INFO - 📍 眼球中心: [ 0.00217953 -0.02144558  0.60876446]
2025-08-25 02:42:42,612 - INFO - 📏 眼球半径: 12.00mm
2025-08-25 02:42:42,612 - INFO - 👁️ 瞳孔中心: [ 0.00266667 -0.02266667  0.60000002]
2025-08-25 02:42:42,612 - INFO - 📐 眼球中心在瞳孔中心的左0.49mm，下1.22mm，后8.76mm
2025-08-25 02:42:42,612 - INFO - 📏 距离: 8.86mm
2025-08-25 02:42:42,612 - INFO - -----------------------------------------------------------------------------------
2025-08-25 02:42:42,612 - INFO - -----------------------------------------------------------------------------------
2025-08-25 02:42:42,612 - DEBUG - 🔍 参数有效性检查:
2025-08-25 02:42:42,612 - DEBUG -    参数向量: [[ 0.00121108]
 [-0.02387035]
 [ 0.60703754]
 [ 0.01464869]]
2025-08-25 02:42:42,612 - DEBUG -    球心: [ 0.00121108 -0.02387035  0.60703754]
2025-08-25 02:42:42,612 - DEBUG -    半径: 0.014649
2025-08-25 02:42:42,612 - DEBUG - 🔍 初始化函数值 Φ(θ): 0.000333
2025-08-25 02:42:42,612 - DEBUG - 🔍 参数有效: True
2025-08-25 02:42:42,612 - DEBUG -    参数更新成功:
2025-08-25 02:42:42,612 - DEBUG -      新球心: [ 0.00121108 -0.02387035  0.60703754]
2025-08-25 02:42:42,612 - DEBUG -      新半径: 0.014649
2025-08-25 02:42:42,612 - INFO - -----------------------------------------------------------------------------------
2025-08-25 02:42:42,612 - DEBUG - 🔍 LM收敛性检查:
2025-08-25 02:42:42,612 - DEBUG -    当前迭代次数: 0
2025-08-25 02:42:42,612 - DEBUG -    最大迭代次数: 30
2025-08-25 02:42:42,612 - DEBUG -    参数变化: 0.004101
2025-08-25 02:42:42,612 - DEBUG -    参数容忍度: 5e-06
2025-08-25 02:42:42,612 - DEBUG -    残差变化: 0.000000
2025-08-25 02:42:42,612 - DEBUG -    残差容忍度: 5e-06
2025-08-25 02:42:42,612 - DEBUG - 🔍 迭代 2/30:
2025-08-25 02:42:42,612 - DEBUG - 🔍 计算点到球心距离: 形状=(21,)
2025-08-25 02:42:42,612 - DEBUG - 🔍 生理偏差向量计算:
2025-08-25 02:42:42,612 - DEBUG -    点类型列表: ['pupil_center', 'iris_boundaries', 'iris_boundaries', 'iris_boundaries', 'iris_boundaries', 'eye_contours', 'eye_contours', 'eye_contours', 'eye_contours', 'eye_contours', 'eye_contours', 'eye_contours', 'eye_contours', 'eye_contours', 'eye_contours', 'eye_contours', 'eye_contours', 'eye_contours', 'eye_contours', 'eye_contours', 'eye_contours']
2025-08-25 02:42:42,612 - DEBUG -    偏差向量: [0.0002  0.00085 0.00085 0.00085 0.00085 0.0015  0.0015  0.0015  0.0015
 0.0015  0.0015  0.0015  0.0015  0.0015  0.0015  0.0015  0.0015  0.0015
 0.0015  0.0015  0.0015 ]
2025-08-25 02:42:42,612 - DEBUG -    向量形状: (21,)
2025-08-25 02:42:42,612 - DEBUG -    偏差统计: 均值=0.001314, 标准差=0.000356
2025-08-25 02:42:42,612 - DEBUG - 获取生理偏差: 点类型=['pupil_center', 'iris_boundaries', 'iris_boundaries', 'iris_boundaries', 'iris_boundaries', 'eye_contours', 'eye_contours', 'eye_contours', 'eye_contours', 'eye_contours', 'eye_contours', 'eye_contours', 'eye_contours', 'eye_contours', 'eye_contours', 'eye_contours', 'eye_contours', 'eye_contours', 'eye_contours', 'eye_contours', 'eye_contours'], 偏差值=[0.0002  0.00085 0.00085 0.00085 0.00085 0.0015  0.0015  0.0015  0.0015
 0.0015  0.0015  0.0015  0.0015  0.0015  0.0015  0.0015  0.0015  0.0015
 0.0015  0.0015  0.0015 ]
2025-08-25 02:42:42,612 - INFO - -----------------------------------------------------------------------------------
2025-08-25 02:42:42,612 - DEBUG - 🔍 拟合残差计算详情:
2025-08-25 02:42:42,612 - DEBUG -    球心坐标: [ 0.00121108 -0.02387035  0.60703754]
2025-08-25 02:42:42,612 - DEBUG -    球体半径: 0.014649
2025-08-25 02:42:42,612 - DEBUG -    采样点数: 21
2025-08-25 02:42:42,612 - DEBUG -    点类型分布: {'eye_contours': 16, 'iris_boundaries': 4, 'pupil_center': 1}
2025-08-25 02:42:42,612 - DEBUG -    理论距离向量: [0.01484869 0.01549869 0.01549869 0.01549869 0.01549869 0.01614869
 0.01614869 0.01614869 0.01614869 0.01614869 0.01614869 0.01614869
 0.01614869 0.01614869 0.01614869 0.01614869 0.01614869 0.01614869
 0.01614869 0.01614869 0.01614869]
2025-08-25 02:42:42,612 - DEBUG -    实际距离向量: [0.00728658 0.01362019 0.00997522 0.01147211 0.01395996 0.02242376
 0.01951443 0.01694826 0.01426413 0.01267795 0.01489554 0.01997838
 0.02452053 0.02703844 0.02367274 0.01735496 0.01006794 0.00734604
 0.01198551 0.01673833 0.01969034]
2025-08-25 02:42:42,612 - DEBUG -    生理偏差向量: [0.0002  0.00085 0.00085 0.00085 0.00085 0.0015  0.0015  0.0015  0.0015
 0.0015  0.0015  0.0015  0.0015  0.0015  0.0015  0.0015  0.0015  0.0015
 0.0015  0.0015  0.0015 ]
2025-08-25 02:42:42,612 - DEBUG -    残差向量 f(θ): 
[[-0.0075621 ]
 [-0.0018785 ]
 [-0.00552346]
 [-0.00402657]
 [-0.00153872]
 [ 0.00627507]
 [ 0.00336575]
 [ 0.00079957]
 [-0.00188456]
 [-0.00347074]
 [-0.00125314]
 [ 0.0038297 ]
 [ 0.00837184]
 [ 0.01088975]
 [ 0.00752405]
 [ 0.00120628]
 [-0.00608074]
 [-0.00880265]
 [-0.00416318]
 [ 0.00058964]
 [ 0.00354166]]
2025-08-25 02:42:42,612 - DEBUG -    平均残差范数: 0.001151
2025-08-25 02:42:42,612 - DEBUG -    残差范数=0.024175
2025-08-25 02:42:42,612 - INFO - -----------------------------------------------------------------------------------
2025-08-25 02:42:42,612 - DEBUG - 🔍 深度约束计算详情 (softplus):
2025-08-25 02:42:42,612 - DEBUG -    采样点Z坐标范围: [0.600000, 0.601637]
2025-08-25 02:42:42,612 - DEBUG -    球心Z坐标: 0.607038
2025-08-25 02:42:42,612 - DEBUG -    深度偏移ε: 0.000200
2025-08-25 02:42:42,612 - DEBUG -    softplus参数τ: 0.001000
2025-08-25 02:42:42,612 - DEBUG -    原始违反值: -0.005200
2025-08-25 02:42:42,612 - DEBUG -    softplus输入 u: -5.200060
2025-08-25 02:42:42,620 - DEBUG -    约束惩罚 h(θ): 0.000006
2025-08-25 02:42:42,621 - DEBUG -    🟢 深度约束满足: 球心深度足够
2025-08-25 02:42:42,621 - INFO - -----------------------------------------------------------------------------------
2025-08-25 02:42:42,621 - DEBUG - 🔍 半径惩罚计算详情:
2025-08-25 02:42:42,623 - DEBUG -    当前半径: 0.014649
2025-08-25 02:42:42,623 - DEBUG -    半径先验值: 0.012000
2025-08-25 02:42:42,623 - DEBUG -    半径残差 r(θ): 0.002649
2025-08-25 02:42:42,623 - DEBUG -    数据残差 f(θ): [[-0.0075621 ]
 [-0.0018785 ]
 [-0.00552346]
 [-0.00402657]
 [-0.00153872]
 [ 0.00627507]
 [ 0.00336575]
 [ 0.00079957]
 [-0.00188456]
 [-0.00347074]
 [-0.00125314]
 [ 0.0038297 ]
 [ 0.00837184]
 [ 0.01088975]
 [ 0.00752405]
 [ 0.00120628]
 [-0.00608074]
 [-0.00880265]
 [-0.00416318]
 [ 0.00058964]
 [ 0.00354166]]
2025-08-25 02:42:42,623 - DEBUG -    约束残差 g(θ): [[5.50107339e-06]]
2025-08-25 02:42:42,623 - DEBUG -    半径残差 r(θ): [[0.00264869]]
2025-08-25 02:42:42,623 - DEBUG - 🔍 状态变化计算: 参数变化=0.004101, 残差变化=0.001616
2025-08-25 02:42:42,623 - INFO - -----------------------------------------------------------------------------------
2025-08-25 02:42:42,623 - DEBUG - 🔍 权重管理器状态更新详情:
2025-08-25 02:42:42,623 - DEBUG -    当前迭代: 1
2025-08-25 02:42:42,623 - DEBUG -    参数变化: 0.004101 (阈值: 0.000005)
2025-08-25 02:42:42,623 - DEBUG -    残差变化: 0.001616 (阈值: 0.000005)
2025-08-25 02:42:42,623 - DEBUG -    几何权重因子: 10
2025-08-25 02:42:42,623 - DEBUG - ⏸️ 保持图像置信度权重: 参数变化=4.10e-03, 残差变化=1.62e-03
2025-08-25 02:42:42,623 - DEBUG - 状态已保存: 参数=[ 0.00121108 -0.02387035  0.60703754  0.01464869], 残差范数=0.024175
2025-08-25 02:42:42,623 - DEBUG - 🔍 获取visibility信息: 形状=(21,), 范围=[1.000, 1.000]
2025-08-25 02:42:42,623 - DEBUG - 🔧 设置图像置信度权重: 21个点
2025-08-25 02:42:42,623 - DEBUG - 🔍 开始计算权重矩阵:
2025-08-25 02:42:42,623 - DEBUG -    点类型: ['pupil_center', 'iris_boundaries', 'iris_boundaries', 'iris_boundaries', 'iris_boundaries', 'eye_contours', 'eye_contours', 'eye_contours', 'eye_contours', 'eye_contours', 'eye_contours', 'eye_contours', 'eye_contours', 'eye_contours', 'eye_contours', 'eye_contours', 'eye_contours', 'eye_contours', 'eye_contours', 'eye_contours', 'eye_contours']
2025-08-25 02:42:42,623 - DEBUG -    残差向量: 形状=(21,), 范数=0.024175
2025-08-25 02:42:42,623 - DEBUG -    Visibility: 形状=(21,), 均值=1.000
2025-08-25 02:42:42,623 - DEBUG - 🔍 权重矩阵计算成功: 形状=(21, 21)
2025-08-25 02:42:42,623 - DEBUG - 🔍 几何权重统计:
2025-08-25 02:42:42,623 - DEBUG -    权重向量: [[1.]
 [1.]
 [1.]
 [1.]
 [1.]
 [1.]
 [1.]
 [1.]
 [1.]
 [1.]
 [1.]
 [1.]
 [1.]
 [1.]
 [1.]
 [1.]
 [1.]
 [1.]
 [1.]
 [1.]
 [1.]]
2025-08-25 02:42:42,628 - DEBUG -    权重范围: [1.000000, 1.000000]
2025-08-25 02:42:42,628 - DEBUG -    权重均值: 1.000000
2025-08-25 02:42:42,628 - DEBUG -    权重标准差: 0.000000
2025-08-25 02:42:42,628 - DEBUG -    高权重点(>0.8): 21/21
2025-08-25 02:42:42,628 - DEBUG -    低权重点(<0.2): 0/21
2025-08-25 02:42:42,628 - INFO - -----------------------------------------------------------------------------------
2025-08-25 02:42:42,628 - DEBUG - 🔍 开始求解LM更新方程:
2025-08-25 02:42:42,628 - DEBUG -    数据残差: 形状=(21,), 范数=0.024175
2025-08-25 02:42:42,628 - DEBUG -    约束残差: 形状=(1,), 范数=0.000006
2025-08-25 02:42:42,628 - DEBUG - 🔍 计算数据残差雅可比矩阵 J_f: 形状=(21, 4)
2025-08-25 02:42:42,628 - DEBUG - 🔍 J_f矩阵计算完成: 条件数=6.99e+00
2025-08-25 02:42:42,628 - DEBUG - 🔍 深度约束雅可比计算: u=-5.200060, σ=0.005486, J_h=[[ 0.          0.         -0.00548597  0.        ]]
2025-08-25 02:42:42,628 - DEBUG - 🔍 半径先验雅可比: J_r=[[0. 0. 0. 1.]]
2025-08-25 02:42:42,628 - DEBUG - 🔍 使用几何权重矩阵: 形状=(21, 21)
2025-08-25 02:42:42,628 - DEBUG - 🔍 Hessian矩阵计算:
2025-08-25 02:42:42,628 - DEBUG -    H_data = J_f^T W J_f: 形状=(4, 4), 条件数=4.89e+01
2025-08-25 02:42:42,628 - DEBUG -    H_h = λ_depth J_h^T J_h: 形状=(4, 4), λ_depth=1000.0
2025-08-25 02:42:42,628 - DEBUG -    H_r = λ_radius J_r^T J_r: 形状=(4, 4), λ_radius=10.0
2025-08-25 02:42:42,628 - DEBUG -    H_total: 形状=(4, 4), 条件数=1.67e+01
2025-08-25 02:42:42,628 - DEBUG - 🔍 梯度计算:
2025-08-25 02:42:42,628 - DEBUG -    g_data: 形状=(4,), 范数=0.028339
2025-08-25 02:42:42,628 - DEBUG -    g_h: 形状=(4,), 范数=0.000030
2025-08-25 02:42:42,628 - DEBUG -    g_r: 形状=(4,), 范数=0.026487
2025-08-25 02:42:42,628 - DEBUG -    g_total: 形状=(4,), 范数=0.038631
2025-08-25 02:42:42,628 - DEBUG - 🔍 LM阻尼矩阵: H_lm = H_total + 0.01 * I
2025-08-25 02:42:42,628 - DEBUG -    H_lm条件数: 1.67e+01
2025-08-25 02:42:42,628 - DEBUG - 🔍 线性方程组求解成功:
2025-08-25 02:42:42,628 - DEBUG -    参数更新向量 Δθ: [[-1.74366884e-03]
 [-4.60194811e-03]
 [-5.17585411e-03]
 [ 4.93484459e-05]]
2025-08-25 02:42:42,628 - DEBUG -    更新向量范数: 0.007142
2025-08-25 02:42:42,628 - DEBUG -    各分量更新: Δc_x=-0.001744, Δc_y=-0.004602, Δc_z=-0.005176, Δr=0.000049
2025-08-25 02:42:42,628 - DEBUG -    参数更新:
2025-08-25 02:42:42,628 - DEBUG -      旧参数: [[ 0.00121108]
 [-0.02387035]
 [ 0.60703754]
 [ 0.01464869]]
2025-08-25 02:42:42,628 - DEBUG -      更新向量: [[-1.74366884e-03]
 [-4.60194811e-03]
 [-5.17585411e-03]
 [ 4.93484459e-05]]
2025-08-25 02:42:42,628 - DEBUG -      新参数: [[-5.32589336e-04]
 [-2.84723022e-02]
 [ 6.01861689e-01]
 [ 1.46980349e-02]]
2025-08-25 02:42:42,628 - INFO - -----------------------------------------------------------------------------------
2025-08-25 02:42:42,628 - INFO - 🔍 迭代第1次，球心向右1.743669mm，向上4.601948mm，向前5.175854mm，半径变大0.049348mm
2025-08-25 02:42:42,628 - INFO - 📊 变化前: 中心(0.001, -0.024, 0.607), 半径14.65mm
2025-08-25 02:42:42,628 - INFO - 📊 变化后: 中心(-0.001, -0.028, 0.602), 半径14.70mm
2025-08-25 02:42:42,628 - INFO - 📈 变化量: 中心移动4.92mm, 半径变化0.05mm
2025-08-25 02:42:42,628 - INFO - 📍 眼球中心: [ 0.00121108 -0.02387035  0.60703754]
2025-08-25 02:42:42,628 - INFO - 📏 眼球半径: 14.65mm
2025-08-25 02:42:42,628 - INFO - 👁️ 瞳孔中心: [ 0.00266667 -0.02266667  0.60000002]
2025-08-25 02:42:42,628 - INFO - 📐 眼球中心在瞳孔中心的左1.46mm，上1.20mm，后7.04mm
2025-08-25 02:42:42,628 - INFO - 📏 距离: 7.29mm
2025-08-25 02:42:42,628 - INFO - -----------------------------------------------------------------------------------
2025-08-25 02:42:42,628 - INFO - -----------------------------------------------------------------------------------
2025-08-25 02:42:42,628 - DEBUG - 🔍 参数有效性检查:
2025-08-25 02:42:42,628 - DEBUG -    参数向量: [[-5.32589336e-04]
 [-2.84723022e-02]
 [ 6.01861689e-01]
 [ 1.46980349e-02]]
2025-08-25 02:42:42,628 - DEBUG -    球心: [-5.32589336e-04 -2.84723022e-02  6.01861689e-01]
2025-08-25 02:42:42,628 - DEBUG -    半径: 0.014698
2025-08-25 02:42:42,628 - DEBUG - 🔍 函数值计算详情:
2025-08-25 02:42:42,628 - DEBUG -    数据项 F(θ): 0.000292
2025-08-25 02:42:42,628 - DEBUG -    深度约束项: 0.000000
2025-08-25 02:42:42,628 - DEBUG -    半径先验项: 0.000035
2025-08-25 02:42:42,628 - DEBUG -    总函数值 Φ(θ): 0.000327
2025-08-25 02:42:42,628 - DEBUG -    函数值改善: 0.000005
2025-08-25 02:42:42,628 - DEBUG - 🔍 参数有效: True
2025-08-25 02:42:42,628 - DEBUG -    参数更新成功:
2025-08-25 02:42:42,628 - DEBUG -      新球心: [-5.32589336e-04 -2.84723022e-02  6.01861689e-01]
2025-08-25 02:42:42,637 - DEBUG -      新半径: 0.014698
2025-08-25 02:42:42,637 - INFO - -----------------------------------------------------------------------------------
2025-08-25 02:42:42,637 - DEBUG - 🔍 LM收敛性检查:
2025-08-25 02:42:42,637 - DEBUG -    当前迭代次数: 1
2025-08-25 02:42:42,638 - DEBUG -    最大迭代次数: 30
2025-08-25 02:42:42,638 - DEBUG -    参数变化: 0.007142
2025-08-25 02:42:42,638 - DEBUG -    参数容忍度: 5e-06
2025-08-25 02:42:42,638 - DEBUG -    残差变化: 0.000000
2025-08-25 02:42:42,638 - DEBUG -    残差容忍度: 5e-06
2025-08-25 02:42:42,638 - DEBUG - 🔍 迭代 3/30:
2025-08-25 02:42:42,638 - DEBUG - 🔍 计算点到球心距离: 形状=(21,)
2025-08-25 02:42:42,638 - DEBUG - 🔍 生理偏差向量计算:
2025-08-25 02:42:42,638 - DEBUG -    点类型列表: ['pupil_center', 'iris_boundaries', 'iris_boundaries', 'iris_boundaries', 'iris_boundaries', 'eye_contours', 'eye_contours', 'eye_contours', 'eye_contours', 'eye_contours', 'eye_contours', 'eye_contours', 'eye_contours', 'eye_contours', 'eye_contours', 'eye_contours', 'eye_contours', 'eye_contours', 'eye_contours', 'eye_contours', 'eye_contours']
2025-08-25 02:42:42,638 - DEBUG -    偏差向量: [0.0002  0.00085 0.00085 0.00085 0.00085 0.0015  0.0015  0.0015  0.0015
 0.0015  0.0015  0.0015  0.0015  0.0015  0.0015  0.0015  0.0015  0.0015
 0.0015  0.0015  0.0015 ]
2025-08-25 02:42:42,638 - DEBUG -    向量形状: (21,)
2025-08-25 02:42:42,638 - DEBUG -    偏差统计: 均值=0.001314, 标准差=0.000356
2025-08-25 02:42:42,638 - DEBUG - 获取生理偏差: 点类型=['pupil_center', 'iris_boundaries', 'iris_boundaries', 'iris_boundaries', 'iris_boundaries', 'eye_contours', 'eye_contours', 'eye_contours', 'eye_contours', 'eye_contours', 'eye_contours', 'eye_contours', 'eye_contours', 'eye_contours', 'eye_contours', 'eye_contours', 'eye_contours', 'eye_contours', 'eye_contours', 'eye_contours', 'eye_contours'], 偏差值=[0.0002  0.00085 0.00085 0.00085 0.00085 0.0015  0.0015  0.0015  0.0015
 0.0015  0.0015  0.0015  0.0015  0.0015  0.0015  0.0015  0.0015  0.0015
 0.0015  0.0015  0.0015 ]
2025-08-25 02:42:42,638 - INFO - -----------------------------------------------------------------------------------
2025-08-25 02:42:42,638 - DEBUG - 🔍 拟合残差计算详情:
2025-08-25 02:42:42,638 - DEBUG -    球心坐标: [-5.32589336e-04 -2.84723022e-02  6.01861689e-01]
2025-08-25 02:42:42,638 - DEBUG -    球体半径: 0.014698
2025-08-25 02:42:42,638 - DEBUG -    采样点数: 21
2025-08-25 02:42:42,638 - DEBUG -    点类型分布: {'eye_contours': 16, 'iris_boundaries': 4, 'pupil_center': 1}
2025-08-25 02:42:42,638 - DEBUG -    理论距离向量: [0.01489803 0.01554803 0.01554803 0.01554803 0.01554803 0.01619803
 0.01619803 0.01619803 0.01619803 0.01619803 0.01619803 0.01619803
 0.01619803 0.01619803 0.01619803 0.01619803 0.01619803 0.01619803
 0.01619803 0.01619803 0.01619803]
2025-08-25 02:42:42,638 - DEBUG -    实际距离向量: [0.00688523 0.01508312 0.00414415 0.01064595 0.01729343 0.02171791
 0.01970611 0.01781132 0.01606627 0.01562468 0.01803395 0.02268279
 0.02695647 0.02924354 0.02544798 0.01815804 0.00896627 0.00250122
 0.00935039 0.01517671 0.01876255]
2025-08-25 02:42:42,638 - DEBUG -    生理偏差向量: [0.0002  0.00085 0.00085 0.00085 0.00085 0.0015  0.0015  0.0015  0.0015
 0.0015  0.0015  0.0015  0.0015  0.0015  0.0015  0.0015  0.0015  0.0015
 0.0015  0.0015  0.0015 ]
2025-08-25 02:42:42,638 - DEBUG -    残差向量 f(θ): 
[[-0.0080128 ]
 [-0.00046491]
 [-0.01140388]
 [-0.00490208]
 [ 0.0017454 ]
 [ 0.00551987]
 [ 0.00350808]
 [ 0.00161328]
 [-0.00013177]
 [-0.00057336]
 [ 0.00183591]
 [ 0.00648476]
 [ 0.01075843]
 [ 0.0130455 ]
 [ 0.00924994]
 [ 0.00196001]
 [-0.00723176]
 [-0.01369682]
 [-0.00684765]
 [-0.00102132]
 [ 0.00256452]]
2025-08-25 02:42:42,638 - DEBUG -    平均残差范数: 0.001493
2025-08-25 02:42:42,638 - DEBUG -    残差范数=0.031344
2025-08-25 02:42:42,638 - INFO - -----------------------------------------------------------------------------------
2025-08-25 02:42:42,638 - DEBUG - 🔍 深度约束计算详情 (softplus):
2025-08-25 02:42:42,638 - DEBUG -    采样点Z坐标范围: [0.600000, 0.601637]
2025-08-25 02:42:42,638 - DEBUG -    球心Z坐标: 0.601862
2025-08-25 02:42:42,638 - DEBUG -    深度偏移ε: 0.000200
2025-08-25 02:42:42,638 - DEBUG -    softplus参数τ: 0.001000
2025-08-25 02:42:42,638 - DEBUG -    原始违反值: -0.000024
2025-08-25 02:42:42,638 - DEBUG -    softplus输入 u: -0.024206
2025-08-25 02:42:42,638 - DEBUG -    约束惩罚 h(θ): 0.000681
2025-08-25 02:42:42,638 - DEBUG -    🟢 深度约束满足: 球心深度足够
2025-08-25 02:42:42,638 - INFO - -----------------------------------------------------------------------------------
2025-08-25 02:42:42,638 - DEBUG - 🔍 半径惩罚计算详情:
2025-08-25 02:42:42,638 - DEBUG -    当前半径: 0.014698
2025-08-25 02:42:42,638 - DEBUG -    半径先验值: 0.012000
2025-08-25 02:42:42,638 - DEBUG -    半径残差 r(θ): 0.002698
2025-08-25 02:42:42,644 - DEBUG -    数据残差 f(θ): [[-0.0080128 ]
 [-0.00046491]
 [-0.01140388]
 [-0.00490208]
 [ 0.0017454 ]
 [ 0.00551987]
 [ 0.00350808]
 [ 0.00161328]
 [-0.00013177]
 [-0.00057336]
 [ 0.00183591]
 [ 0.00648476]
 [ 0.01075843]
 [ 0.0130455 ]
 [ 0.00924994]
 [ 0.00196001]
 [-0.00723176]
 [-0.01369682]
 [-0.00684765]
 [-0.00102132]
 [ 0.00256452]]
2025-08-25 02:42:42,644 - DEBUG -    约束残差 g(θ): [[0.00068112]]
2025-08-25 02:42:42,644 - DEBUG -    半径残差 r(θ): [[0.00269803]]
2025-08-25 02:42:42,644 - DEBUG - 🔍 状态变化计算: 参数变化=0.007142, 残差变化=0.007169
2025-08-25 02:42:42,644 - INFO - -----------------------------------------------------------------------------------
2025-08-25 02:42:42,644 - DEBUG - 🔍 权重管理器状态更新详情:
2025-08-25 02:42:42,644 - DEBUG -    当前迭代: 2
2025-08-25 02:42:42,644 - DEBUG -    参数变化: 0.007142 (阈值: 0.000005)
2025-08-25 02:42:42,644 - DEBUG -    残差变化: 0.007169 (阈值: 0.000005)
2025-08-25 02:42:42,644 - DEBUG -    几何权重因子: 10
2025-08-25 02:42:42,644 - DEBUG - ⏸️ 保持图像置信度权重: 参数变化=7.14e-03, 残差变化=7.17e-03
2025-08-25 02:42:42,644 - DEBUG - 状态已保存: 参数=[-5.32589336e-04 -2.84723022e-02  6.01861689e-01  1.46980349e-02], 残差范数=0.031344
2025-08-25 02:42:42,644 - DEBUG - 🔍 获取visibility信息: 形状=(21,), 范围=[1.000, 1.000]
2025-08-25 02:42:42,644 - DEBUG - 🔧 设置图像置信度权重: 21个点
2025-08-25 02:42:42,644 - DEBUG - 🔍 开始计算权重矩阵:
2025-08-25 02:42:42,644 - DEBUG -    点类型: ['pupil_center', 'iris_boundaries', 'iris_boundaries', 'iris_boundaries', 'iris_boundaries', 'eye_contours', 'eye_contours', 'eye_contours', 'eye_contours', 'eye_contours', 'eye_contours', 'eye_contours', 'eye_contours', 'eye_contours', 'eye_contours', 'eye_contours', 'eye_contours', 'eye_contours', 'eye_contours', 'eye_contours', 'eye_contours']
2025-08-25 02:42:42,644 - DEBUG -    残差向量: 形状=(21,), 范数=0.031344
2025-08-25 02:42:42,644 - DEBUG -    Visibility: 形状=(21,), 均值=1.000
2025-08-25 02:42:42,644 - DEBUG - 🔍 权重矩阵计算成功: 形状=(21, 21)
2025-08-25 02:42:42,644 - DEBUG - 🔍 几何权重统计:
2025-08-25 02:42:42,644 - DEBUG -    权重向量: [[1.]
 [1.]
 [1.]
 [1.]
 [1.]
 [1.]
 [1.]
 [1.]
 [1.]
 [1.]
 [1.]
 [1.]
 [1.]
 [1.]
 [1.]
 [1.]
 [1.]
 [1.]
 [1.]
 [1.]
 [1.]]
2025-08-25 02:42:42,644 - DEBUG -    权重范围: [1.000000, 1.000000]
2025-08-25 02:42:42,644 - DEBUG -    权重均值: 1.000000
2025-08-25 02:42:42,644 - DEBUG -    权重标准差: 0.000000
2025-08-25 02:42:42,644 - DEBUG -    高权重点(>0.8): 21/21
2025-08-25 02:42:42,644 - DEBUG -    低权重点(<0.2): 0/21
2025-08-25 02:42:42,644 - INFO - -----------------------------------------------------------------------------------
2025-08-25 02:42:42,644 - DEBUG - 🔍 开始求解LM更新方程:
2025-08-25 02:42:42,644 - DEBUG -    数据残差: 形状=(21,), 范数=0.031344
2025-08-25 02:42:42,644 - DEBUG -    约束残差: 形状=(1,), 范数=0.000681
2025-08-25 02:42:42,644 - DEBUG - 🔍 计算数据残差雅可比矩阵 J_f: 形状=(21, 4)
2025-08-25 02:42:42,644 - DEBUG - 🔍 J_f矩阵计算完成: 条件数=8.73e+00
2025-08-25 02:42:42,644 - DEBUG - 🔍 深度约束雅可比计算: u=-0.024206, σ=0.493949, J_h=[[ 0.          0.         -0.49394876  0.        ]]
2025-08-25 02:42:42,644 - DEBUG - 🔍 半径先验雅可比: J_r=[[0. 0. 0. 1.]]
2025-08-25 02:42:42,644 - DEBUG - 🔍 使用几何权重矩阵: 形状=(21, 21)
2025-08-25 02:42:42,644 - DEBUG - 🔍 Hessian矩阵计算:
2025-08-25 02:42:42,644 - DEBUG -    H_data = J_f^T W J_f: 形状=(4, 4), 条件数=7.62e+01
2025-08-25 02:42:42,644 - DEBUG -    H_h = λ_depth J_h^T J_h: 形状=(4, 4), λ_depth=1000.0
2025-08-25 02:42:42,644 - DEBUG -    H_r = λ_radius J_r^T J_r: 形状=(4, 4), λ_radius=10.0
2025-08-25 02:42:42,644 - DEBUG -    H_total: 形状=(4, 4), 条件数=6.51e+01
2025-08-25 02:42:42,644 - DEBUG - 🔍 梯度计算:
2025-08-25 02:42:42,644 - DEBUG -    g_data: 形状=(4,), 范数=0.026103
2025-08-25 02:42:42,644 - DEBUG -    g_h: 形状=(4,), 范数=0.336437
2025-08-25 02:42:42,644 - DEBUG -    g_r: 形状=(4,), 范数=0.026980
2025-08-25 02:42:42,644 - DEBUG -    g_total: 形状=(4,), 范数=0.322843
2025-08-25 02:42:42,644 - DEBUG - 🔍 LM阻尼矩阵: H_lm = H_total + 0.01 * I
2025-08-25 02:42:42,644 - DEBUG -    H_lm条件数: 6.49e+01
2025-08-25 02:42:42,644 - DEBUG - 🔍 线性方程组求解成功:
2025-08-25 02:42:42,644 - DEBUG -    参数更新向量 Δθ: [[-0.00229826]
 [-0.00370391]
 [ 0.001315  ]
 [-0.00234916]]
2025-08-25 02:42:42,644 - DEBUG -    更新向量范数: 0.005123
2025-08-25 02:42:42,644 - DEBUG -    各分量更新: Δc_x=-0.002298, Δc_y=-0.003704, Δc_z=0.001315, Δr=-0.002349
2025-08-25 02:42:42,644 - DEBUG -    参数更新:
2025-08-25 02:42:42,644 - DEBUG -      旧参数: [[-5.32589336e-04]
 [-2.84723022e-02]
 [ 6.01861689e-01]
 [ 1.46980349e-02]]
2025-08-25 02:42:42,644 - DEBUG -      更新向量: [[-0.00229826]
 [-0.00370391]
 [ 0.001315  ]
 [-0.00234916]]
2025-08-25 02:42:42,653 - DEBUG -      新参数: [[-0.00283085]
 [-0.03217621]
 [ 0.60317669]
 [ 0.01234888]]
2025-08-25 02:42:42,653 - INFO - -----------------------------------------------------------------------------------
2025-08-25 02:42:42,653 - INFO - 🔍 迭代第2次，球心向右2.298260mm，向上3.703913mm，向后1.315000mm，半径变小2.349159mm
2025-08-25 02:42:42,655 - INFO - 📊 变化前: 中心(-0.001, -0.028, 0.602), 半径14.70mm
2025-08-25 02:42:42,655 - INFO - 📊 变化后: 中心(-0.003, -0.032, 0.603), 半径12.35mm
2025-08-25 02:42:42,655 - INFO - 📈 变化量: 中心移动4.36mm, 半径变化2.35mm
2025-08-25 02:42:42,655 - INFO - 📍 眼球中心: [-5.32589336e-04 -2.84723022e-02  6.01861689e-01]
2025-08-25 02:42:42,655 - INFO - 📏 眼球半径: 14.70mm
2025-08-25 02:42:42,655 - INFO - 👁️ 瞳孔中心: [ 0.00266667 -0.02266667  0.60000002]
2025-08-25 02:42:42,655 - INFO - 📐 眼球中心在瞳孔中心的左3.20mm，上5.81mm，后1.86mm
2025-08-25 02:42:42,655 - INFO - 📏 距离: 6.89mm
2025-08-25 02:42:42,655 - INFO - -----------------------------------------------------------------------------------
2025-08-25 02:42:42,655 - INFO - -----------------------------------------------------------------------------------
2025-08-25 02:42:42,655 - DEBUG - 🔍 参数有效性检查:
2025-08-25 02:42:42,655 - DEBUG -    参数向量: [[-0.00283085]
 [-0.03217621]
 [ 0.60317669]
 [ 0.01234888]]
2025-08-25 02:42:42,655 - DEBUG -    球心: [-0.00283085 -0.03217621  0.60317669]
2025-08-25 02:42:42,655 - DEBUG -    半径: 0.012349
2025-08-25 02:42:42,655 - DEBUG - 🔍 函数值计算详情:
2025-08-25 02:42:42,655 - DEBUG -    数据项 F(θ): 0.000491
2025-08-25 02:42:42,655 - DEBUG -    深度约束项: 0.000232
2025-08-25 02:42:42,655 - DEBUG -    半径先验项: 0.000036
2025-08-25 02:42:42,655 - DEBUG -    总函数值 Φ(θ): 0.000760
2025-08-25 02:42:42,655 - DEBUG -    函数值改善: -0.000432
2025-08-25 02:42:42,655 - DEBUG - 🔍 参数有效: False
2025-08-25 02:42:42,655 - DEBUG -    参数无效，阻尼因子调整: λ_LM = 1.00e-01
2025-08-25 02:42:42,655 - DEBUG - 🔍 迭代 4/30:
2025-08-25 02:42:42,655 - DEBUG - 🔍 计算点到球心距离: 形状=(21,)
2025-08-25 02:42:42,655 - DEBUG - 🔍 生理偏差向量计算:
2025-08-25 02:42:42,661 - DEBUG -    点类型列表: ['pupil_center', 'iris_boundaries', 'iris_boundaries', 'iris_boundaries', 'iris_boundaries', 'eye_contours', 'eye_contours', 'eye_contours', 'eye_contours', 'eye_contours', 'eye_contours', 'eye_contours', 'eye_contours', 'eye_contours', 'eye_contours', 'eye_contours', 'eye_contours', 'eye_contours', 'eye_contours', 'eye_contours', 'eye_contours']
2025-08-25 02:42:42,661 - DEBUG -    偏差向量: [0.0002  0.00085 0.00085 0.00085 0.00085 0.0015  0.0015  0.0015  0.0015
 0.0015  0.0015  0.0015  0.0015  0.0015  0.0015  0.0015  0.0015  0.0015
 0.0015  0.0015  0.0015 ]
2025-08-25 02:42:42,661 - DEBUG -    向量形状: (21,)
2025-08-25 02:42:42,661 - DEBUG -    偏差统计: 均值=0.001314, 标准差=0.000356
2025-08-25 02:42:42,661 - DEBUG - 获取生理偏差: 点类型=['pupil_center', 'iris_boundaries', 'iris_boundaries', 'iris_boundaries', 'iris_boundaries', 'eye_contours', 'eye_contours', 'eye_contours', 'eye_contours', 'eye_contours', 'eye_contours', 'eye_contours', 'eye_contours', 'eye_contours', 'eye_contours', 'eye_contours', 'eye_contours', 'eye_contours', 'eye_contours', 'eye_contours', 'eye_contours'], 偏差值=[0.0002  0.00085 0.00085 0.00085 0.00085 0.0015  0.0015  0.0015  0.0015
 0.0015  0.0015  0.0015  0.0015  0.0015  0.0015  0.0015  0.0015  0.0015
 0.0015  0.0015  0.0015 ]
2025-08-25 02:42:42,661 - INFO - -----------------------------------------------------------------------------------
2025-08-25 02:42:42,661 - DEBUG - 🔍 拟合残差计算详情:
2025-08-25 02:42:42,661 - DEBUG -    球心坐标: [-5.32589336e-04 -2.84723022e-02  6.01861689e-01]
2025-08-25 02:42:42,661 - DEBUG -    球体半径: 0.014698
2025-08-25 02:42:42,661 - DEBUG -    采样点数: 21
2025-08-25 02:42:42,661 - DEBUG -    点类型分布: {'eye_contours': 16, 'iris_boundaries': 4, 'pupil_center': 1}
2025-08-25 02:42:42,661 - DEBUG -    理论距离向量: [0.01489803 0.01554803 0.01554803 0.01554803 0.01554803 0.01619803
 0.01619803 0.01619803 0.01619803 0.01619803 0.01619803 0.01619803
 0.01619803 0.01619803 0.01619803 0.01619803 0.01619803 0.01619803
 0.01619803 0.01619803 0.01619803]
2025-08-25 02:42:42,661 - DEBUG -    实际距离向量: [0.00688523 0.01508312 0.00414415 0.01064595 0.01729343 0.02171791
 0.01970611 0.01781132 0.01606627 0.01562468 0.01803395 0.02268279
 0.02695647 0.02924354 0.02544798 0.01815804 0.00896627 0.00250122
 0.00935039 0.01517671 0.01876255]
2025-08-25 02:42:42,661 - DEBUG -    生理偏差向量: [0.0002  0.00085 0.00085 0.00085 0.00085 0.0015  0.0015  0.0015  0.0015
 0.0015  0.0015  0.0015  0.0015  0.0015  0.0015  0.0015  0.0015  0.0015
 0.0015  0.0015  0.0015 ]
2025-08-25 02:42:42,661 - DEBUG -    残差向量 f(θ): 
[[-0.0080128 ]
 [-0.00046491]
 [-0.01140388]
 [-0.00490208]
 [ 0.0017454 ]
 [ 0.00551987]
 [ 0.00350808]
 [ 0.00161328]
 [-0.00013177]
 [-0.00057336]
 [ 0.00183591]
 [ 0.00648476]
 [ 0.01075843]
 [ 0.0130455 ]
 [ 0.00924994]
 [ 0.00196001]
 [-0.00723176]
 [-0.01369682]
 [-0.00684765]
 [-0.00102132]
 [ 0.00256452]]
2025-08-25 02:42:42,661 - DEBUG -    平均残差范数: 0.001493
2025-08-25 02:42:42,661 - DEBUG -    残差范数=0.031344
2025-08-25 02:42:42,661 - INFO - -----------------------------------------------------------------------------------
2025-08-25 02:42:42,661 - DEBUG - 🔍 深度约束计算详情 (softplus):
2025-08-25 02:42:42,661 - DEBUG -    采样点Z坐标范围: [0.600000, 0.601637]
2025-08-25 02:42:42,661 - DEBUG -    球心Z坐标: 0.601862
2025-08-25 02:42:42,661 - DEBUG -    深度偏移ε: 0.000200
2025-08-25 02:42:42,661 - DEBUG -    softplus参数τ: 0.001000
2025-08-25 02:42:42,661 - DEBUG -    原始违反值: -0.000024
2025-08-25 02:42:42,661 - DEBUG -    softplus输入 u: -0.024206
2025-08-25 02:42:42,661 - DEBUG -    约束惩罚 h(θ): 0.000681
2025-08-25 02:42:42,661 - DEBUG -    🟢 深度约束满足: 球心深度足够
2025-08-25 02:42:42,661 - INFO - -----------------------------------------------------------------------------------
2025-08-25 02:42:42,661 - DEBUG - 🔍 半径惩罚计算详情:
2025-08-25 02:42:42,661 - DEBUG -    当前半径: 0.014698
2025-08-25 02:42:42,661 - DEBUG -    半径先验值: 0.012000
2025-08-25 02:42:42,661 - DEBUG -    半径残差 r(θ): 0.002698
2025-08-25 02:42:42,661 - DEBUG -    数据残差 f(θ): [[-0.0080128 ]
 [-0.00046491]
 [-0.01140388]
 [-0.00490208]
 [ 0.0017454 ]
 [ 0.00551987]
 [ 0.00350808]
 [ 0.00161328]
 [-0.00013177]
 [-0.00057336]
 [ 0.00183591]
 [ 0.00648476]
 [ 0.01075843]
 [ 0.0130455 ]
 [ 0.00924994]
 [ 0.00196001]
 [-0.00723176]
 [-0.01369682]
 [-0.00684765]
 [-0.00102132]
 [ 0.00256452]]
2025-08-25 02:42:42,661 - DEBUG -    约束残差 g(θ): [[0.00068112]]
2025-08-25 02:42:42,661 - DEBUG -    半径残差 r(θ): [[0.00269803]]
2025-08-25 02:42:42,661 - DEBUG - 🔍 状态变化计算: 参数变化=0.000000, 残差变化=0.000000
2025-08-25 02:42:42,661 - INFO - -----------------------------------------------------------------------------------
2025-08-25 02:42:42,661 - DEBUG - 🔍 权重管理器状态更新详情:
2025-08-25 02:42:42,661 - DEBUG -    当前迭代: 3
2025-08-25 02:42:42,661 - DEBUG -    参数变化: 0.000000 (阈值: 0.000005)
2025-08-25 02:42:42,661 - DEBUG -    残差变化: 0.000000 (阈值: 0.000005)
2025-08-25 02:42:42,661 - DEBUG -    几何权重因子: 10
2025-08-25 02:42:42,661 - DEBUG - ⏸️ 保持图像置信度权重: 参数变化=0.00e+00, 残差变化=0.00e+00
2025-08-25 02:42:42,661 - DEBUG - 状态已保存: 参数=[-5.32589336e-04 -2.84723022e-02  6.01861689e-01  1.46980349e-02], 残差范数=0.031344
2025-08-25 02:42:42,661 - DEBUG - 🔍 获取visibility信息: 形状=(21,), 范围=[1.000, 1.000]
2025-08-25 02:42:42,661 - DEBUG - 🔧 设置图像置信度权重: 21个点
2025-08-25 02:42:42,661 - DEBUG - 🔍 开始计算权重矩阵:
2025-08-25 02:42:42,661 - DEBUG -    点类型: ['pupil_center', 'iris_boundaries', 'iris_boundaries', 'iris_boundaries', 'iris_boundaries', 'eye_contours', 'eye_contours', 'eye_contours', 'eye_contours', 'eye_contours', 'eye_contours', 'eye_contours', 'eye_contours', 'eye_contours', 'eye_contours', 'eye_contours', 'eye_contours', 'eye_contours', 'eye_contours', 'eye_contours', 'eye_contours']
2025-08-25 02:42:42,661 - DEBUG -    残差向量: 形状=(21,), 范数=0.031344
2025-08-25 02:42:42,661 - DEBUG -    Visibility: 形状=(21,), 均值=1.000
2025-08-25 02:42:42,661 - DEBUG - 🔍 权重矩阵计算成功: 形状=(21, 21)
2025-08-25 02:42:42,669 - DEBUG - 🔍 几何权重统计:
2025-08-25 02:42:42,670 - DEBUG -    权重向量: [[1.]
 [1.]
 [1.]
 [1.]
 [1.]
 [1.]
 [1.]
 [1.]
 [1.]
 [1.]
 [1.]
 [1.]
 [1.]
 [1.]
 [1.]
 [1.]
 [1.]
 [1.]
 [1.]
 [1.]
 [1.]]
2025-08-25 02:42:42,670 - DEBUG -    权重范围: [1.000000, 1.000000]
2025-08-25 02:42:42,670 - DEBUG -    权重均值: 1.000000
2025-08-25 02:42:42,672 - DEBUG -    权重标准差: 0.000000
2025-08-25 02:42:42,672 - DEBUG -    高权重点(>0.8): 21/21
2025-08-25 02:42:42,672 - DEBUG -    低权重点(<0.2): 0/21
2025-08-25 02:42:42,672 - INFO - -----------------------------------------------------------------------------------
2025-08-25 02:42:42,672 - DEBUG - 🔍 开始求解LM更新方程:
2025-08-25 02:42:42,672 - DEBUG -    数据残差: 形状=(21,), 范数=0.031344
2025-08-25 02:42:42,672 - DEBUG -    约束残差: 形状=(1,), 范数=0.000681
2025-08-25 02:42:42,672 - DEBUG - 🔍 计算数据残差雅可比矩阵 J_f: 形状=(21, 4)
2025-08-25 02:42:42,672 - DEBUG - 🔍 J_f矩阵计算完成: 条件数=8.73e+00
2025-08-25 02:42:42,675 - DEBUG - 🔍 深度约束雅可比计算: u=-0.024206, σ=0.493949, J_h=[[ 0.          0.         -0.49394876  0.        ]]
2025-08-25 02:42:42,675 - DEBUG - 🔍 半径先验雅可比: J_r=[[0. 0. 0. 1.]]
2025-08-25 02:42:42,675 - DEBUG - 🔍 使用几何权重矩阵: 形状=(21, 21)
2025-08-25 02:42:42,675 - DEBUG - 🔍 Hessian矩阵计算:
2025-08-25 02:42:42,675 - DEBUG -    H_data = J_f^T W J_f: 形状=(4, 4), 条件数=7.62e+01
2025-08-25 02:42:42,675 - DEBUG -    H_h = λ_depth J_h^T J_h: 形状=(4, 4), λ_depth=1000.0
2025-08-25 02:42:42,675 - DEBUG -    H_r = λ_radius J_r^T J_r: 形状=(4, 4), λ_radius=10.0
2025-08-25 02:42:42,675 - DEBUG -    H_total: 形状=(4, 4), 条件数=6.51e+01
2025-08-25 02:42:42,675 - DEBUG - 🔍 梯度计算:
2025-08-25 02:42:42,677 - DEBUG -    g_data: 形状=(4,), 范数=0.026103
2025-08-25 02:42:42,677 - DEBUG -    g_h: 形状=(4,), 范数=0.336437
2025-08-25 02:42:42,677 - DEBUG -    g_r: 形状=(4,), 范数=0.026980
2025-08-25 02:42:42,677 - DEBUG -    g_total: 形状=(4,), 范数=0.322843
2025-08-25 02:42:42,677 - DEBUG - 🔍 LM阻尼矩阵: H_lm = H_total + 0.1 * I
2025-08-25 02:42:42,677 - DEBUG -    H_lm条件数: 6.34e+01
2025-08-25 02:42:42,677 - DEBUG - 🔍 线性方程组求解成功:
2025-08-25 02:42:42,677 - DEBUG -    参数更新向量 Δθ: [[-0.00226776]
 [-0.00360818]
 [ 0.0013146 ]
 [-0.00230611]]
2025-08-25 02:42:42,677 - DEBUG -    更新向量范数: 0.005021
2025-08-25 02:42:42,677 - DEBUG -    各分量更新: Δc_x=-0.002268, Δc_y=-0.003608, Δc_z=0.001315, Δr=-0.002306
2025-08-25 02:42:42,677 - DEBUG -    参数更新:
2025-08-25 02:42:42,677 - DEBUG -      旧参数: [[-5.32589336e-04]
 [-2.84723022e-02]
 [ 6.01861689e-01]
 [ 1.46980349e-02]]
2025-08-25 02:42:42,677 - DEBUG -      更新向量: [[-0.00226776]
 [-0.00360818]
 [ 0.0013146 ]
 [-0.00230611]]
2025-08-25 02:42:42,677 - DEBUG -      新参数: [[-0.00280035]
 [-0.03208048]
 [ 0.60317629]
 [ 0.01239192]]
2025-08-25 02:42:42,677 - INFO - -----------------------------------------------------------------------------------
2025-08-25 02:42:42,677 - INFO - 🔍 迭代第3次，球心向右2.267763mm，向上3.608182mm，向后1.314597mm，半径变小2.306110mm
2025-08-25 02:42:42,677 - INFO - 📊 变化前: 中心(-0.001, -0.028, 0.602), 半径14.70mm
2025-08-25 02:42:42,677 - INFO - 📊 变化后: 中心(-0.003, -0.032, 0.603), 半径12.39mm
2025-08-25 02:42:42,677 - INFO - 📈 变化量: 中心移动4.26mm, 半径变化2.31mm
2025-08-25 02:42:42,677 - INFO - 📍 眼球中心: [-5.32589336e-04 -2.84723022e-02  6.01861689e-01]
2025-08-25 02:42:42,677 - INFO - 📏 眼球半径: 14.70mm
2025-08-25 02:42:42,677 - INFO - 👁️ 瞳孔中心: [ 0.00266667 -0.02266667  0.60000002]
2025-08-25 02:42:42,677 - INFO - 📐 眼球中心在瞳孔中心的左3.20mm，上5.81mm，后1.86mm
2025-08-25 02:42:42,677 - INFO - 📏 距离: 6.89mm
2025-08-25 02:42:42,677 - INFO - -----------------------------------------------------------------------------------
2025-08-25 02:42:42,677 - INFO - -----------------------------------------------------------------------------------
2025-08-25 02:42:42,677 - DEBUG - 🔍 参数有效性检查:
2025-08-25 02:42:42,677 - DEBUG -    参数向量: [[-0.00280035]
 [-0.03208048]
 [ 0.60317629]
 [ 0.01239192]]
2025-08-25 02:42:42,677 - DEBUG -    球心: [-0.00280035 -0.03208048  0.60317629]
2025-08-25 02:42:42,677 - DEBUG -    半径: 0.012392
2025-08-25 02:42:42,677 - DEBUG - 🔍 函数值计算详情:
2025-08-25 02:42:42,677 - DEBUG -    数据项 F(θ): 0.000491
2025-08-25 02:42:42,677 - DEBUG -    深度约束项: 0.000232
2025-08-25 02:42:42,677 - DEBUG -    半径先验项: 0.000036
2025-08-25 02:42:42,677 - DEBUG -    总函数值 Φ(θ): 0.000760
2025-08-25 02:42:42,677 - DEBUG -    函数值改善: 0.000000
2025-08-25 02:42:42,677 - DEBUG - 🔍 参数有效: True
2025-08-25 02:42:42,677 - DEBUG -    参数更新成功:
2025-08-25 02:42:42,677 - DEBUG -      新球心: [-0.00280035 -0.03208048  0.60317629]
2025-08-25 02:42:42,677 - DEBUG -      新半径: 0.012392
2025-08-25 02:42:42,677 - INFO - -----------------------------------------------------------------------------------
2025-08-25 02:42:42,677 - DEBUG - 🔍 LM收敛性检查:
2025-08-25 02:42:42,677 - DEBUG -    当前迭代次数: 3
2025-08-25 02:42:42,677 - DEBUG -    最大迭代次数: 30
2025-08-25 02:42:42,677 - DEBUG -    参数变化: 0.005021
2025-08-25 02:42:42,677 - DEBUG -    参数容忍度: 5e-06
2025-08-25 02:42:42,677 - DEBUG -    残差变化: 0.000000
2025-08-25 02:42:42,677 - DEBUG -    残差容忍度: 5e-06
2025-08-25 02:42:42,677 - DEBUG - 🔍 迭代 5/30:
2025-08-25 02:42:42,677 - DEBUG - 🔍 计算点到球心距离: 形状=(21,)
2025-08-25 02:42:42,677 - DEBUG - 🔍 生理偏差向量计算:
2025-08-25 02:42:42,677 - DEBUG -    点类型列表: ['pupil_center', 'iris_boundaries', 'iris_boundaries', 'iris_boundaries', 'iris_boundaries', 'eye_contours', 'eye_contours', 'eye_contours', 'eye_contours', 'eye_contours', 'eye_contours', 'eye_contours', 'eye_contours', 'eye_contours', 'eye_contours', 'eye_contours', 'eye_contours', 'eye_contours', 'eye_contours', 'eye_contours', 'eye_contours']
2025-08-25 02:42:42,677 - DEBUG -    偏差向量: [0.0002  0.00085 0.00085 0.00085 0.00085 0.0015  0.0015  0.0015  0.0015
 0.0015  0.0015  0.0015  0.0015  0.0015  0.0015  0.0015  0.0015  0.0015
 0.0015  0.0015  0.0015 ]
2025-08-25 02:42:42,677 - DEBUG -    向量形状: (21,)
2025-08-25 02:42:42,677 - DEBUG -    偏差统计: 均值=0.001314, 标准差=0.000356
2025-08-25 02:42:42,677 - DEBUG - 获取生理偏差: 点类型=['pupil_center', 'iris_boundaries', 'iris_boundaries', 'iris_boundaries', 'iris_boundaries', 'eye_contours', 'eye_contours', 'eye_contours', 'eye_contours', 'eye_contours', 'eye_contours', 'eye_contours', 'eye_contours', 'eye_contours', 'eye_contours', 'eye_contours', 'eye_contours', 'eye_contours', 'eye_contours', 'eye_contours', 'eye_contours'], 偏差值=[0.0002  0.00085 0.00085 0.00085 0.00085 0.0015  0.0015  0.0015  0.0015
 0.0015  0.0015  0.0015  0.0015  0.0015  0.0015  0.0015  0.0015  0.0015
 0.0015  0.0015  0.0015 ]
2025-08-25 02:42:42,677 - INFO - -----------------------------------------------------------------------------------
2025-08-25 02:42:42,677 - DEBUG - 🔍 拟合残差计算详情:
2025-08-25 02:42:42,677 - DEBUG -    球心坐标: [-0.00280035 -0.03208048  0.60317629]
2025-08-25 02:42:42,677 - DEBUG -    球体半径: 0.012392
2025-08-25 02:42:42,685 - DEBUG -    采样点数: 21
2025-08-25 02:42:42,685 - DEBUG -    点类型分布: {'eye_contours': 16, 'iris_boundaries': 4, 'pupil_center': 1}
2025-08-25 02:42:42,685 - DEBUG -    理论距离向量: [0.01259192 0.01324192 0.01324192 0.01324192 0.01324192 0.01389192
 0.01389192 0.01389192 0.01389192 0.01389192 0.01389192 0.01389192
 0.01389192 0.01389192 0.01389192 0.01389192 0.01389192 0.01389192
 0.01389192 0.01389192 0.01389192]
2025-08-25 02:42:42,685 - DEBUG -    实际距离向量: [0.01134006 0.01889304 0.0057301  0.01269732 0.02148571 0.02192403
 0.02071105 0.01964121 0.0190296  0.01975185 0.02239257 0.02668352
 0.03064808 0.03275285 0.02882869 0.02138957 0.01245271 0.0067109
 0.01019491 0.01553095 0.01897951]
2025-08-25 02:42:42,686 - DEBUG -    生理偏差向量: [0.0002  0.00085 0.00085 0.00085 0.00085 0.0015  0.0015  0.0015  0.0015
 0.0015  0.0015  0.0015  0.0015  0.0015  0.0015  0.0015  0.0015  0.0015
 0.0015  0.0015  0.0015 ]
2025-08-25 02:42:42,686 - DEBUG -    残差向量 f(θ): 
[[-0.00125187]
 [ 0.00565111]
 [-0.00751183]
 [-0.0005446 ]
 [ 0.00824379]
 [ 0.00803211]
 [ 0.00681912]
 [ 0.00574929]
 [ 0.00513768]
 [ 0.00585993]
 [ 0.00850064]
 [ 0.01279159]
 [ 0.01675616]
 [ 0.01886093]
 [ 0.01493676]
 [ 0.00749765]
 [-0.00143922]
 [-0.00718102]
 [-0.00369701]
 [ 0.00163903]
 [ 0.00508759]]
2025-08-25 02:42:42,686 - DEBUG -    平均残差范数: 0.001911
2025-08-25 02:42:42,686 - DEBUG -    残差范数=0.040132
2025-08-25 02:42:42,686 - INFO - -----------------------------------------------------------------------------------
2025-08-25 02:42:42,686 - DEBUG - 🔍 深度约束计算详情 (softplus):
2025-08-25 02:42:42,686 - DEBUG -    采样点Z坐标范围: [0.600000, 0.601637]
2025-08-25 02:42:42,686 - DEBUG -    球心Z坐标: 0.603176
2025-08-25 02:42:42,686 - DEBUG -    深度偏移ε: 0.000200
2025-08-25 02:42:42,686 - DEBUG -    softplus参数τ: 0.001000
2025-08-25 02:42:42,686 - DEBUG -    原始违反值: -0.001339
2025-08-25 02:42:42,686 - DEBUG -    softplus输入 u: -1.338803
2025-08-25 02:42:42,686 - DEBUG -    约束惩罚 h(θ): 0.000233
2025-08-25 02:42:42,686 - DEBUG -    🟢 深度约束满足: 球心深度足够
2025-08-25 02:42:42,686 - INFO - -----------------------------------------------------------------------------------
2025-08-25 02:42:42,686 - DEBUG - 🔍 半径惩罚计算详情:
2025-08-25 02:42:42,686 - DEBUG -    当前半径: 0.012392
2025-08-25 02:42:42,686 - DEBUG -    半径先验值: 0.012000
2025-08-25 02:42:42,686 - DEBUG -    半径残差 r(θ): 0.000392
2025-08-25 02:42:42,686 - DEBUG -    数据残差 f(θ): [[-0.00125187]
 [ 0.00565111]
 [-0.00751183]
 [-0.0005446 ]
 [ 0.00824379]
 [ 0.00803211]
 [ 0.00681912]
 [ 0.00574929]
 [ 0.00513768]
 [ 0.00585993]
 [ 0.00850064]
 [ 0.01279159]
 [ 0.01675616]
 [ 0.01886093]
 [ 0.01493676]
 [ 0.00749765]
 [-0.00143922]
 [-0.00718102]
 [-0.00369701]
 [ 0.00163903]
 [ 0.00508759]]
2025-08-25 02:42:42,686 - DEBUG -    约束残差 g(θ): [[0.00023282]]
2025-08-25 02:42:42,686 - DEBUG -    半径残差 r(θ): [[0.00039192]]
2025-08-25 02:42:42,686 - DEBUG - 🔍 状态变化计算: 参数变化=0.005021, 残差变化=0.008788
2025-08-25 02:42:42,686 - INFO - -----------------------------------------------------------------------------------
2025-08-25 02:42:42,686 - DEBUG - 🔍 权重管理器状态更新详情:
2025-08-25 02:42:42,686 - DEBUG -    当前迭代: 4
2025-08-25 02:42:42,686 - DEBUG -    参数变化: 0.005021 (阈值: 0.000005)
2025-08-25 02:42:42,686 - DEBUG -    残差变化: 0.008788 (阈值: 0.000005)
2025-08-25 02:42:42,686 - DEBUG -    几何权重因子: 10
2025-08-25 02:42:42,686 - DEBUG - ⏸️ 保持图像置信度权重: 参数变化=5.02e-03, 残差变化=8.79e-03
2025-08-25 02:42:42,686 - DEBUG - 状态已保存: 参数=[-0.00280035 -0.03208048  0.60317629  0.01239192], 残差范数=0.040132
2025-08-25 02:42:42,686 - DEBUG - 🔍 获取visibility信息: 形状=(21,), 范围=[1.000, 1.000]
2025-08-25 02:42:42,686 - DEBUG - 🔧 设置图像置信度权重: 21个点
2025-08-25 02:42:42,686 - DEBUG - 🔍 开始计算权重矩阵:
2025-08-25 02:42:42,686 - DEBUG -    点类型: ['pupil_center', 'iris_boundaries', 'iris_boundaries', 'iris_boundaries', 'iris_boundaries', 'eye_contours', 'eye_contours', 'eye_contours', 'eye_contours', 'eye_contours', 'eye_contours', 'eye_contours', 'eye_contours', 'eye_contours', 'eye_contours', 'eye_contours', 'eye_contours', 'eye_contours', 'eye_contours', 'eye_contours', 'eye_contours']
2025-08-25 02:42:42,686 - DEBUG -    残差向量: 形状=(21,), 范数=0.040132
2025-08-25 02:42:42,693 - DEBUG -    Visibility: 形状=(21,), 均值=1.000
2025-08-25 02:42:42,693 - DEBUG - 🔍 权重矩阵计算成功: 形状=(21, 21)
2025-08-25 02:42:42,693 - DEBUG - 🔍 几何权重统计:
2025-08-25 02:42:42,693 - DEBUG -    权重向量: [[1.]
 [1.]
 [1.]
 [1.]
 [1.]
 [1.]
 [1.]
 [1.]
 [1.]
 [1.]
 [1.]
 [1.]
 [1.]
 [1.]
 [1.]
 [1.]
 [1.]
 [1.]
 [1.]
 [1.]
 [1.]]
2025-08-25 02:42:42,693 - DEBUG -    权重范围: [1.000000, 1.000000]
2025-08-25 02:42:42,693 - DEBUG -    权重均值: 1.000000
2025-08-25 02:42:42,693 - DEBUG -    权重标准差: 0.000000
2025-08-25 02:42:42,693 - DEBUG -    高权重点(>0.8): 21/21
2025-08-25 02:42:42,693 - DEBUG -    低权重点(<0.2): 0/21
2025-08-25 02:42:42,693 - INFO - -----------------------------------------------------------------------------------
2025-08-25 02:42:42,693 - DEBUG - 🔍 开始求解LM更新方程:
2025-08-25 02:42:42,693 - DEBUG -    数据残差: 形状=(21,), 范数=0.040132
2025-08-25 02:42:42,693 - DEBUG -    约束残差: 形状=(1,), 范数=0.000233
2025-08-25 02:42:42,693 - DEBUG - 🔍 计算数据残差雅可比矩阵 J_f: 形状=(21, 4)
2025-08-25 02:42:42,693 - DEBUG - 🔍 J_f矩阵计算完成: 条件数=1.16e+01
2025-08-25 02:42:42,693 - DEBUG - 🔍 深度约束雅可比计算: u=-1.338803, σ=0.207707, J_h=[[ 0.          0.         -0.20770698  0.        ]]
2025-08-25 02:42:42,693 - DEBUG - 🔍 半径先验雅可比: J_r=[[0. 0. 0. 1.]]
2025-08-25 02:42:42,693 - DEBUG - 🔍 使用几何权重矩阵: 形状=(21, 21)
2025-08-25 02:42:42,693 - DEBUG - 🔍 Hessian矩阵计算:
2025-08-25 02:42:42,693 - DEBUG -    H_data = J_f^T W J_f: 形状=(4, 4), 条件数=1.34e+02
2025-08-25 02:42:42,693 - DEBUG -    H_h = λ_depth J_h^T J_h: 形状=(4, 4), λ_depth=1000.0
2025-08-25 02:42:42,693 - DEBUG -    H_r = λ_radius J_r^T J_r: 形状=(4, 4), λ_radius=10.0
2025-08-25 02:42:42,693 - DEBUG -    H_total: 形状=(4, 4), 条件数=1.46e+01
2025-08-25 02:42:42,693 - DEBUG - 🔍 梯度计算:
2025-08-25 02:42:42,693 - DEBUG -    g_data: 形状=(4,), 范数=0.137789
2025-08-25 02:42:42,693 - DEBUG -    g_h: 形状=(4,), 范数=0.048359
2025-08-25 02:42:42,693 - DEBUG -    g_r: 形状=(4,), 范数=0.003919
2025-08-25 02:42:42,693 - DEBUG -    g_total: 形状=(4,), 范数=0.144553
2025-08-25 02:42:42,693 - DEBUG - 🔍 LM阻尼矩阵: H_lm = H_total + 0.1 * I
2025-08-25 02:42:42,693 - DEBUG -    H_lm条件数: 1.42e+01
2025-08-25 02:42:42,693 - DEBUG - 🔍 线性方程组求解成功:
2025-08-25 02:42:42,693 - DEBUG -    参数更新向量 Δθ: [[-0.00403467]
 [-0.00537025]
 [ 0.00081038]
 [ 0.0003418 ]]
2025-08-25 02:42:42,693 - DEBUG -    更新向量范数: 0.006774
2025-08-25 02:42:42,693 - DEBUG -    各分量更新: Δc_x=-0.004035, Δc_y=-0.005370, Δc_z=0.000810, Δr=0.000342
2025-08-25 02:42:42,693 - DEBUG -    参数更新:
2025-08-25 02:42:42,693 - DEBUG -      旧参数: [[-0.00280035]
 [-0.03208048]
 [ 0.60317629]
 [ 0.01239192]]
2025-08-25 02:42:42,693 - DEBUG -      更新向量: [[-0.00403467]
 [-0.00537025]
 [ 0.00081038]
 [ 0.0003418 ]]
2025-08-25 02:42:42,693 - DEBUG -      新参数: [[-0.00683503]
 [-0.03745074]
 [ 0.60398666]
 [ 0.01273372]]
2025-08-25 02:42:42,693 - INFO - -----------------------------------------------------------------------------------
2025-08-25 02:42:42,693 - INFO - 🔍 迭代第4次，球心向右4.034675mm，向上5.370253mm，向后0.810378mm，半径变大0.341796mm
2025-08-25 02:42:42,693 - INFO - 📊 变化前: 中心(-0.003, -0.032, 0.603), 半径12.39mm
2025-08-25 02:42:42,693 - INFO - 📊 变化后: 中心(-0.007, -0.037, 0.604), 半径12.73mm
2025-08-25 02:42:42,693 - INFO - 📈 变化量: 中心移动6.72mm, 半径变化0.34mm
2025-08-25 02:42:42,693 - INFO - 📍 眼球中心: [-0.00280035 -0.03208048  0.60317629]
2025-08-25 02:42:42,693 - INFO - 📏 眼球半径: 12.39mm
2025-08-25 02:42:42,693 - INFO - 👁️ 瞳孔中心: [ 0.00266667 -0.02266667  0.60000002]
2025-08-25 02:42:42,693 - INFO - 📐 眼球中心在瞳孔中心的左5.47mm，上9.41mm，后3.18mm
2025-08-25 02:42:42,693 - INFO - 📏 距离: 11.34mm
2025-08-25 02:42:42,693 - INFO - -----------------------------------------------------------------------------------
2025-08-25 02:42:42,693 - INFO - -----------------------------------------------------------------------------------
2025-08-25 02:42:42,693 - DEBUG - 🔍 参数有效性检查:
2025-08-25 02:42:42,693 - DEBUG -    参数向量: [[-0.00683503]
 [-0.03745074]
 [ 0.60398666]
 [ 0.01273372]]
2025-08-25 02:42:42,693 - DEBUG -    球心: [-0.00683503 -0.03745074  0.60398666]
2025-08-25 02:42:42,693 - DEBUG -    半径: 0.012734
2025-08-25 02:42:42,693 - DEBUG - 🔍 函数值计算详情:
2025-08-25 02:42:42,693 - DEBUG -    数据项 F(θ): 0.000805
2025-08-25 02:42:42,693 - DEBUG -    深度约束项: 0.000027
2025-08-25 02:42:42,693 - DEBUG -    半径先验项: 0.000001
2025-08-25 02:42:42,693 - DEBUG -    总函数值 Φ(θ): 0.000833
2025-08-25 02:42:42,693 - DEBUG -    函数值改善: -0.000074
2025-08-25 02:42:42,693 - DEBUG - 🔍 参数有效: False
2025-08-25 02:42:42,693 - DEBUG -    参数无效，阻尼因子调整: λ_LM = 1.00e+00
2025-08-25 02:42:42,693 - DEBUG - 🔍 迭代 6/30:
2025-08-25 02:42:42,693 - DEBUG - 🔍 计算点到球心距离: 形状=(21,)
2025-08-25 02:42:42,693 - DEBUG - 🔍 生理偏差向量计算:
2025-08-25 02:42:42,693 - DEBUG -    点类型列表: ['pupil_center', 'iris_boundaries', 'iris_boundaries', 'iris_boundaries', 'iris_boundaries', 'eye_contours', 'eye_contours', 'eye_contours', 'eye_contours', 'eye_contours', 'eye_contours', 'eye_contours', 'eye_contours', 'eye_contours', 'eye_contours', 'eye_contours', 'eye_contours', 'eye_contours', 'eye_contours', 'eye_contours', 'eye_contours']
2025-08-25 02:42:42,701 - DEBUG -    偏差向量: [0.0002  0.00085 0.00085 0.00085 0.00085 0.0015  0.0015  0.0015  0.0015
 0.0015  0.0015  0.0015  0.0015  0.0015  0.0015  0.0015  0.0015  0.0015
 0.0015  0.0015  0.0015 ]
2025-08-25 02:42:42,701 - DEBUG -    向量形状: (21,)
2025-08-25 02:42:42,701 - DEBUG -    偏差统计: 均值=0.001314, 标准差=0.000356
2025-08-25 02:42:42,701 - DEBUG - 获取生理偏差: 点类型=['pupil_center', 'iris_boundaries', 'iris_boundaries', 'iris_boundaries', 'iris_boundaries', 'eye_contours', 'eye_contours', 'eye_contours', 'eye_contours', 'eye_contours', 'eye_contours', 'eye_contours', 'eye_contours', 'eye_contours', 'eye_contours', 'eye_contours', 'eye_contours', 'eye_contours', 'eye_contours', 'eye_contours', 'eye_contours'], 偏差值=[0.0002  0.00085 0.00085 0.00085 0.00085 0.0015  0.0015  0.0015  0.0015
 0.0015  0.0015  0.0015  0.0015  0.0015  0.0015  0.0015  0.0015  0.0015
 0.0015  0.0015  0.0015 ]
2025-08-25 02:42:42,703 - INFO - -----------------------------------------------------------------------------------
2025-08-25 02:42:42,703 - DEBUG - 🔍 拟合残差计算详情:
2025-08-25 02:42:42,703 - DEBUG -    球心坐标: [-0.00280035 -0.03208048  0.60317629]
2025-08-25 02:42:42,703 - DEBUG -    球体半径: 0.012392
2025-08-25 02:42:42,703 - DEBUG -    采样点数: 21
2025-08-25 02:42:42,703 - DEBUG -    点类型分布: {'eye_contours': 16, 'iris_boundaries': 4, 'pupil_center': 1}
2025-08-25 02:42:42,703 - DEBUG -    理论距离向量: [0.01259192 0.01324192 0.01324192 0.01324192 0.01324192 0.01389192
 0.01389192 0.01389192 0.01389192 0.01389192 0.01389192 0.01389192
 0.01389192 0.01389192 0.01389192 0.01389192 0.01389192 0.01389192
 0.01389192 0.01389192 0.01389192]
2025-08-25 02:42:42,703 - DEBUG -    实际距离向量: [0.01134006 0.01889304 0.0057301  0.01269732 0.02148571 0.02192403
 0.02071105 0.01964121 0.0190296  0.01975185 0.02239257 0.02668352
 0.03064808 0.03275285 0.02882869 0.02138957 0.01245271 0.0067109
 0.01019491 0.01553095 0.01897951]
2025-08-25 02:42:42,703 - DEBUG -    生理偏差向量: [0.0002  0.00085 0.00085 0.00085 0.00085 0.0015  0.0015  0.0015  0.0015
 0.0015  0.0015  0.0015  0.0015  0.0015  0.0015  0.0015  0.0015  0.0015
 0.0015  0.0015  0.0015 ]
2025-08-25 02:42:42,703 - DEBUG -    残差向量 f(θ): 
[[-0.00125187]
 [ 0.00565111]
 [-0.00751183]
 [-0.0005446 ]
 [ 0.00824379]
 [ 0.00803211]
 [ 0.00681912]
 [ 0.00574929]
 [ 0.00513768]
 [ 0.00585993]
 [ 0.00850064]
 [ 0.01279159]
 [ 0.01675616]
 [ 0.01886093]
 [ 0.01493676]
 [ 0.00749765]
 [-0.00143922]
 [-0.00718102]
 [-0.00369701]
 [ 0.00163903]
 [ 0.00508759]]
2025-08-25 02:42:42,703 - DEBUG -    平均残差范数: 0.001911
2025-08-25 02:42:42,703 - DEBUG -    残差范数=0.040132
2025-08-25 02:42:42,703 - INFO - -----------------------------------------------------------------------------------
2025-08-25 02:42:42,703 - DEBUG - 🔍 深度约束计算详情 (softplus):
2025-08-25 02:42:42,703 - DEBUG -    采样点Z坐标范围: [0.600000, 0.601637]
2025-08-25 02:42:42,703 - DEBUG -    球心Z坐标: 0.603176
2025-08-25 02:42:42,703 - DEBUG -    深度偏移ε: 0.000200
2025-08-25 02:42:42,703 - DEBUG -    softplus参数τ: 0.001000
2025-08-25 02:42:42,703 - DEBUG -    原始违反值: -0.001339
2025-08-25 02:42:42,703 - DEBUG -    softplus输入 u: -1.338803
2025-08-25 02:42:42,703 - DEBUG -    约束惩罚 h(θ): 0.000233
2025-08-25 02:42:42,703 - DEBUG -    🟢 深度约束满足: 球心深度足够
2025-08-25 02:42:42,703 - INFO - -----------------------------------------------------------------------------------
2025-08-25 02:42:42,703 - DEBUG - 🔍 半径惩罚计算详情:
2025-08-25 02:42:42,703 - DEBUG -    当前半径: 0.012392
2025-08-25 02:42:42,703 - DEBUG -    半径先验值: 0.012000
2025-08-25 02:42:42,703 - DEBUG -    半径残差 r(θ): 0.000392
2025-08-25 02:42:42,703 - DEBUG -    数据残差 f(θ): [[-0.00125187]
 [ 0.00565111]
 [-0.00751183]
 [-0.0005446 ]
 [ 0.00824379]
 [ 0.00803211]
 [ 0.00681912]
 [ 0.00574929]
 [ 0.00513768]
 [ 0.00585993]
 [ 0.00850064]
 [ 0.01279159]
 [ 0.01675616]
 [ 0.01886093]
 [ 0.01493676]
 [ 0.00749765]
 [-0.00143922]
 [-0.00718102]
 [-0.00369701]
 [ 0.00163903]
 [ 0.00508759]]
2025-08-25 02:42:42,703 - DEBUG -    约束残差 g(θ): [[0.00023282]]
2025-08-25 02:42:42,703 - DEBUG -    半径残差 r(θ): [[0.00039192]]
2025-08-25 02:42:42,709 - DEBUG - 🔍 状态变化计算: 参数变化=0.000000, 残差变化=0.000000
2025-08-25 02:42:42,709 - INFO - -----------------------------------------------------------------------------------
2025-08-25 02:42:42,709 - DEBUG - 🔍 权重管理器状态更新详情:
2025-08-25 02:42:42,709 - DEBUG -    当前迭代: 5
2025-08-25 02:42:42,709 - DEBUG -    参数变化: 0.000000 (阈值: 0.000005)
2025-08-25 02:42:42,709 - DEBUG -    残差变化: 0.000000 (阈值: 0.000005)
2025-08-25 02:42:42,709 - DEBUG -    几何权重因子: 10
2025-08-25 02:42:42,709 - DEBUG - ⏸️ 保持图像置信度权重: 参数变化=0.00e+00, 残差变化=0.00e+00
2025-08-25 02:42:42,709 - DEBUG - 状态已保存: 参数=[-0.00280035 -0.03208048  0.60317629  0.01239192], 残差范数=0.040132
2025-08-25 02:42:42,709 - DEBUG - 🔍 获取visibility信息: 形状=(21,), 范围=[1.000, 1.000]
2025-08-25 02:42:42,709 - DEBUG - 🔧 设置图像置信度权重: 21个点
2025-08-25 02:42:42,709 - DEBUG - 🔍 开始计算权重矩阵:
2025-08-25 02:42:42,709 - DEBUG -    点类型: ['pupil_center', 'iris_boundaries', 'iris_boundaries', 'iris_boundaries', 'iris_boundaries', 'eye_contours', 'eye_contours', 'eye_contours', 'eye_contours', 'eye_contours', 'eye_contours', 'eye_contours', 'eye_contours', 'eye_contours', 'eye_contours', 'eye_contours', 'eye_contours', 'eye_contours', 'eye_contours', 'eye_contours', 'eye_contours']
2025-08-25 02:42:42,709 - DEBUG -    残差向量: 形状=(21,), 范数=0.040132
2025-08-25 02:42:42,709 - DEBUG -    Visibility: 形状=(21,), 均值=1.000
2025-08-25 02:42:42,709 - DEBUG - 🔍 权重矩阵计算成功: 形状=(21, 21)
2025-08-25 02:42:42,709 - DEBUG - 🔍 几何权重统计:
2025-08-25 02:42:42,709 - DEBUG -    权重向量: [[1.]
 [1.]
 [1.]
 [1.]
 [1.]
 [1.]
 [1.]
 [1.]
 [1.]
 [1.]
 [1.]
 [1.]
 [1.]
 [1.]
 [1.]
 [1.]
 [1.]
 [1.]
 [1.]
 [1.]
 [1.]]
2025-08-25 02:42:42,709 - DEBUG -    权重范围: [1.000000, 1.000000]
2025-08-25 02:42:42,709 - DEBUG -    权重均值: 1.000000
2025-08-25 02:42:42,709 - DEBUG -    权重标准差: 0.000000
2025-08-25 02:42:42,709 - DEBUG -    高权重点(>0.8): 21/21
2025-08-25 02:42:42,709 - DEBUG -    低权重点(<0.2): 0/21
2025-08-25 02:42:42,709 - INFO - -----------------------------------------------------------------------------------
2025-08-25 02:42:42,709 - DEBUG - 🔍 开始求解LM更新方程:
2025-08-25 02:42:42,709 - DEBUG -    数据残差: 形状=(21,), 范数=0.040132
2025-08-25 02:42:42,709 - DEBUG -    约束残差: 形状=(1,), 范数=0.000233
2025-08-25 02:42:42,709 - DEBUG - 🔍 计算数据残差雅可比矩阵 J_f: 形状=(21, 4)
2025-08-25 02:42:42,709 - DEBUG - 🔍 J_f矩阵计算完成: 条件数=1.16e+01
2025-08-25 02:42:42,709 - DEBUG - 🔍 深度约束雅可比计算: u=-1.338803, σ=0.207707, J_h=[[ 0.          0.         -0.20770698  0.        ]]
2025-08-25 02:42:42,709 - DEBUG - 🔍 半径先验雅可比: J_r=[[0. 0. 0. 1.]]
2025-08-25 02:42:42,709 - DEBUG - 🔍 使用几何权重矩阵: 形状=(21, 21)
2025-08-25 02:42:42,709 - DEBUG - 🔍 Hessian矩阵计算:
2025-08-25 02:42:42,709 - DEBUG -    H_data = J_f^T W J_f: 形状=(4, 4), 条件数=1.34e+02
2025-08-25 02:42:42,709 - DEBUG -    H_h = λ_depth J_h^T J_h: 形状=(4, 4), λ_depth=1000.0
2025-08-25 02:42:42,709 - DEBUG -    H_r = λ_radius J_r^T J_r: 形状=(4, 4), λ_radius=10.0
2025-08-25 02:42:42,709 - DEBUG -    H_total: 形状=(4, 4), 条件数=1.46e+01
2025-08-25 02:42:42,709 - DEBUG - 🔍 梯度计算:
2025-08-25 02:42:42,709 - DEBUG -    g_data: 形状=(4,), 范数=0.137789
2025-08-25 02:42:42,709 - DEBUG -    g_h: 形状=(4,), 范数=0.048359
2025-08-25 02:42:42,709 - DEBUG -    g_r: 形状=(4,), 范数=0.003919
2025-08-25 02:42:42,709 - DEBUG -    g_total: 形状=(4,), 范数=0.144553
2025-08-25 02:42:42,709 - DEBUG - 🔍 LM阻尼矩阵: H_lm = H_total + 1.0 * I
2025-08-25 02:42:42,709 - DEBUG -    H_lm条件数: 1.13e+01
2025-08-25 02:42:42,709 - DEBUG - 🔍 线性方程组求解成功:
2025-08-25 02:42:42,709 - DEBUG -    参数更新向量 Δθ: [[-0.00361327]
 [-0.00441625]
 [ 0.00081442]
 [ 0.00080385]]
2025-08-25 02:42:42,709 - DEBUG -    更新向量范数: 0.005820
2025-08-25 02:42:42,709 - DEBUG -    各分量更新: Δc_x=-0.003613, Δc_y=-0.004416, Δc_z=0.000814, Δr=0.000804
2025-08-25 02:42:42,709 - DEBUG -    参数更新:
2025-08-25 02:42:42,709 - DEBUG -      旧参数: [[-0.00280035]
 [-0.03208048]
 [ 0.60317629]
 [ 0.01239192]]
2025-08-25 02:42:42,709 - DEBUG -      更新向量: [[-0.00361327]
 [-0.00441625]
 [ 0.00081442]
 [ 0.00080385]]
2025-08-25 02:42:42,709 - DEBUG -      新参数: [[-0.00641362]
 [-0.03649674]
 [ 0.60399071]
 [ 0.01319578]]
2025-08-25 02:42:42,709 - INFO - -----------------------------------------------------------------------------------
2025-08-25 02:42:42,709 - INFO - 🔍 迭代第5次，球心向右3.613265mm，向上4.416253mm，向后0.814425mm，半径变大0.803853mm
2025-08-25 02:42:42,709 - INFO - 📊 变化前: 中心(-0.003, -0.032, 0.603), 半径12.39mm
2025-08-25 02:42:42,709 - INFO - 📊 变化后: 中心(-0.006, -0.036, 0.604), 半径13.20mm
2025-08-25 02:42:42,709 - INFO - 📈 变化量: 中心移动5.71mm, 半径变化0.80mm
2025-08-25 02:42:42,709 - INFO - 📍 眼球中心: [-0.00280035 -0.03208048  0.60317629]
2025-08-25 02:42:42,709 - INFO - 📏 眼球半径: 12.39mm
2025-08-25 02:42:42,717 - INFO - 👁️ 瞳孔中心: [ 0.00266667 -0.02266667  0.60000002]
2025-08-25 02:42:42,717 - INFO - 📐 眼球中心在瞳孔中心的左5.47mm，上9.41mm，后3.18mm
2025-08-25 02:42:42,717 - INFO - 📏 距离: 11.34mm
2025-08-25 02:42:42,717 - INFO - -----------------------------------------------------------------------------------
2025-08-25 02:42:42,717 - INFO - -----------------------------------------------------------------------------------
2025-08-25 02:42:42,717 - DEBUG - 🔍 参数有效性检查:
2025-08-25 02:42:42,717 - DEBUG -    参数向量: [[-0.00641362]
 [-0.03649674]
 [ 0.60399071]
 [ 0.01319578]]
2025-08-25 02:42:42,717 - DEBUG -    球心: [-0.00641362 -0.03649674  0.60399071]
2025-08-25 02:42:42,717 - DEBUG -    半径: 0.013196
2025-08-25 02:42:42,717 - DEBUG - 🔍 函数值计算详情:
2025-08-25 02:42:42,717 - DEBUG -    数据项 F(θ): 0.000805
2025-08-25 02:42:42,717 - DEBUG -    深度约束项: 0.000027
2025-08-25 02:42:42,717 - DEBUG -    半径先验项: 0.000001
2025-08-25 02:42:42,717 - DEBUG -    总函数值 Φ(θ): 0.000833
2025-08-25 02:42:42,717 - DEBUG -    函数值改善: 0.000000
2025-08-25 02:42:42,717 - DEBUG - 🔍 参数有效: True
2025-08-25 02:42:42,717 - DEBUG -    参数更新成功:
2025-08-25 02:42:42,717 - DEBUG -      新球心: [-0.00641362 -0.03649674  0.60399071]
2025-08-25 02:42:42,717 - DEBUG -      新半径: 0.013196
2025-08-25 02:42:42,717 - INFO - -----------------------------------------------------------------------------------
2025-08-25 02:42:42,717 - DEBUG - 🔍 LM收敛性检查:
2025-08-25 02:42:42,717 - DEBUG -    当前迭代次数: 5
2025-08-25 02:42:42,717 - DEBUG -    最大迭代次数: 30
2025-08-25 02:42:42,717 - DEBUG -    参数变化: 0.005820
2025-08-25 02:42:42,717 - DEBUG -    参数容忍度: 5e-06
2025-08-25 02:42:42,717 - DEBUG -    残差变化: 0.000000
2025-08-25 02:42:42,717 - DEBUG -    残差容忍度: 5e-06
2025-08-25 02:42:42,717 - DEBUG - 🔍 迭代 7/30:
2025-08-25 02:42:42,717 - DEBUG - 🔍 计算点到球心距离: 形状=(21,)
2025-08-25 02:42:42,717 - DEBUG - 🔍 生理偏差向量计算:
2025-08-25 02:42:42,717 - DEBUG -    点类型列表: ['pupil_center', 'iris_boundaries', 'iris_boundaries', 'iris_boundaries', 'iris_boundaries', 'eye_contours', 'eye_contours', 'eye_contours', 'eye_contours', 'eye_contours', 'eye_contours', 'eye_contours', 'eye_contours', 'eye_contours', 'eye_contours', 'eye_contours', 'eye_contours', 'eye_contours', 'eye_contours', 'eye_contours', 'eye_contours']
2025-08-25 02:42:42,717 - DEBUG -    偏差向量: [0.0002  0.00085 0.00085 0.00085 0.00085 0.0015  0.0015  0.0015  0.0015
 0.0015  0.0015  0.0015  0.0015  0.0015  0.0015  0.0015  0.0015  0.0015
 0.0015  0.0015  0.0015 ]
2025-08-25 02:42:42,717 - DEBUG -    向量形状: (21,)
2025-08-25 02:42:42,717 - DEBUG -    偏差统计: 均值=0.001314, 标准差=0.000356
2025-08-25 02:42:42,717 - DEBUG - 获取生理偏差: 点类型=['pupil_center', 'iris_boundaries', 'iris_boundaries', 'iris_boundaries', 'iris_boundaries', 'eye_contours', 'eye_contours', 'eye_contours', 'eye_contours', 'eye_contours', 'eye_contours', 'eye_contours', 'eye_contours', 'eye_contours', 'eye_contours', 'eye_contours', 'eye_contours', 'eye_contours', 'eye_contours', 'eye_contours', 'eye_contours'], 偏差值=[0.0002  0.00085 0.00085 0.00085 0.00085 0.0015  0.0015  0.0015  0.0015
 0.0015  0.0015  0.0015  0.0015  0.0015  0.0015  0.0015  0.0015  0.0015
 0.0015  0.0015  0.0015 ]
2025-08-25 02:42:42,717 - INFO - -----------------------------------------------------------------------------------
2025-08-25 02:42:42,717 - DEBUG - 🔍 拟合残差计算详情:
2025-08-25 02:42:42,717 - DEBUG -    球心坐标: [-0.00641362 -0.03649674  0.60399071]
2025-08-25 02:42:42,717 - DEBUG -    球体半径: 0.013196
2025-08-25 02:42:42,717 - DEBUG -    采样点数: 21
2025-08-25 02:42:42,717 - DEBUG -    点类型分布: {'eye_contours': 16, 'iris_boundaries': 4, 'pupil_center': 1}
2025-08-25 02:42:42,717 - DEBUG -    理论距离向量: [0.01339578 0.01404578 0.01404578 0.01404578 0.01404578 0.01469578
 0.01469578 0.01469578 0.01469578 0.01469578 0.01469578 0.01469578
 0.01469578 0.01469578 0.01469578 0.01469578 0.01469578 0.01469578
 0.01469578 0.01469578 0.01469578]
2025-08-25 02:42:42,717 - DEBUG -    实际距离向量: [0.01701905 0.02441097 0.01065349 0.01627904 0.02691912 0.02275323
 0.02262608 0.02256224 0.02317688 0.02509839 0.02815064 0.03229759
 0.03603691 0.03798573 0.03397495 0.02647747 0.01783331 0.01223069
 0.01293514 0.01700046 0.02001753]
2025-08-25 02:42:42,717 - DEBUG -    生理偏差向量: [0.0002  0.00085 0.00085 0.00085 0.00085 0.0015  0.0015  0.0015  0.0015
 0.0015  0.0015  0.0015  0.0015  0.0015  0.0015  0.0015  0.0015  0.0015
 0.0015  0.0015  0.0015 ]
2025-08-25 02:42:42,726 - DEBUG -    残差向量 f(θ): 
[[ 0.00362327]
 [ 0.01036519]
 [-0.00339228]
 [ 0.00223326]
 [ 0.01287335]
 [ 0.00805746]
 [ 0.00793031]
 [ 0.00786646]
 [ 0.00848111]
 [ 0.01040261]
 [ 0.01345486]
 [ 0.01760181]
 [ 0.02134113]
 [ 0.02328996]
 [ 0.01927918]
 [ 0.0117817 ]
 [ 0.00313753]
 [-0.00246509]
 [-0.00176064]
 [ 0.00230469]
 [ 0.00532175]]
2025-08-25 02:42:42,726 - DEBUG -    平均残差范数: 0.002486
2025-08-25 02:42:42,726 - DEBUG -    残差范数=0.052197
2025-08-25 02:42:42,726 - INFO - -----------------------------------------------------------------------------------
2025-08-25 02:42:42,726 - DEBUG - 🔍 深度约束计算详情 (softplus):
2025-08-25 02:42:42,726 - DEBUG -    采样点Z坐标范围: [0.600000, 0.601637]
2025-08-25 02:42:42,726 - DEBUG -    球心Z坐标: 0.603991
2025-08-25 02:42:42,726 - DEBUG -    深度偏移ε: 0.000200
2025-08-25 02:42:42,726 - DEBUG -    softplus参数τ: 0.001000
2025-08-25 02:42:42,726 - DEBUG -    原始违反值: -0.002153
2025-08-25 02:42:42,726 - DEBUG -    softplus输入 u: -2.153228
2025-08-25 02:42:42,726 - DEBUG -    约束惩罚 h(θ): 0.000110
2025-08-25 02:42:42,726 - DEBUG -    🟢 深度约束满足: 球心深度足够
2025-08-25 02:42:42,726 - INFO - -----------------------------------------------------------------------------------
2025-08-25 02:42:42,726 - DEBUG - 🔍 半径惩罚计算详情:
2025-08-25 02:42:42,726 - DEBUG -    当前半径: 0.013196
2025-08-25 02:42:42,726 - DEBUG -    半径先验值: 0.012000
2025-08-25 02:42:42,726 - DEBUG -    半径残差 r(θ): 0.001196
2025-08-25 02:42:42,726 - DEBUG -    数据残差 f(θ): [[ 0.00362327]
 [ 0.01036519]
 [-0.00339228]
 [ 0.00223326]
 [ 0.01287335]
 [ 0.00805746]
 [ 0.00793031]
 [ 0.00786646]
 [ 0.00848111]
 [ 0.01040261]
 [ 0.01345486]
 [ 0.01760181]
 [ 0.02134113]
 [ 0.02328996]
 [ 0.01927918]
 [ 0.0117817 ]
 [ 0.00313753]
 [-0.00246509]
 [-0.00176064]
 [ 0.00230469]
 [ 0.00532175]]
2025-08-25 02:42:42,726 - DEBUG -    约束残差 g(θ): [[0.00010985]]
2025-08-25 02:42:42,726 - DEBUG -    半径残差 r(θ): [[0.00119578]]
2025-08-25 02:42:42,726 - DEBUG - 🔍 状态变化计算: 参数变化=0.005820, 残差变化=0.012065
2025-08-25 02:42:42,726 - INFO - -----------------------------------------------------------------------------------
2025-08-25 02:42:42,726 - DEBUG - 🔍 权重管理器状态更新详情:
2025-08-25 02:42:42,726 - DEBUG -    当前迭代: 6
2025-08-25 02:42:42,726 - DEBUG -    参数变化: 0.005820 (阈值: 0.000005)
2025-08-25 02:42:42,726 - DEBUG -    残差变化: 0.012065 (阈值: 0.000005)
2025-08-25 02:42:42,726 - DEBUG -    几何权重因子: 10
2025-08-25 02:42:42,726 - DEBUG - ⏸️ 保持图像置信度权重: 参数变化=5.82e-03, 残差变化=1.21e-02
2025-08-25 02:42:42,726 - DEBUG - 状态已保存: 参数=[-0.00641362 -0.03649674  0.60399071  0.01319578], 残差范数=0.052197
2025-08-25 02:42:42,726 - DEBUG - 🔍 获取visibility信息: 形状=(21,), 范围=[1.000, 1.000]
2025-08-25 02:42:42,726 - DEBUG - 🔧 设置图像置信度权重: 21个点
2025-08-25 02:42:42,726 - DEBUG - 🔍 开始计算权重矩阵:
2025-08-25 02:42:42,726 - DEBUG -    点类型: ['pupil_center', 'iris_boundaries', 'iris_boundaries', 'iris_boundaries', 'iris_boundaries', 'eye_contours', 'eye_contours', 'eye_contours', 'eye_contours', 'eye_contours', 'eye_contours', 'eye_contours', 'eye_contours', 'eye_contours', 'eye_contours', 'eye_contours', 'eye_contours', 'eye_contours', 'eye_contours', 'eye_contours', 'eye_contours']
2025-08-25 02:42:42,726 - DEBUG -    残差向量: 形状=(21,), 范数=0.052197
2025-08-25 02:42:42,726 - DEBUG -    Visibility: 形状=(21,), 均值=1.000
2025-08-25 02:42:42,726 - DEBUG - 🔍 权重矩阵计算成功: 形状=(21, 21)
2025-08-25 02:42:42,726 - DEBUG - 🔍 几何权重统计:
2025-08-25 02:42:42,726 - DEBUG -    权重向量: [[1.]
 [1.]
 [1.]
 [1.]
 [1.]
 [1.]
 [1.]
 [1.]
 [1.]
 [1.]
 [1.]
 [1.]
 [1.]
 [1.]
 [1.]
 [1.]
 [1.]
 [1.]
 [1.]
 [1.]
 [1.]]
2025-08-25 02:42:42,726 - DEBUG -    权重范围: [1.000000, 1.000000]
2025-08-25 02:42:42,726 - DEBUG -    权重均值: 1.000000
2025-08-25 02:42:42,726 - DEBUG -    权重标准差: 0.000000
2025-08-25 02:42:42,726 - DEBUG -    高权重点(>0.8): 21/21
2025-08-25 02:42:42,726 - DEBUG -    低权重点(<0.2): 0/21
2025-08-25 02:42:42,726 - INFO - -----------------------------------------------------------------------------------
2025-08-25 02:42:42,726 - DEBUG - 🔍 开始求解LM更新方程:
2025-08-25 02:42:42,726 - DEBUG -    数据残差: 形状=(21,), 范数=0.052197
2025-08-25 02:42:42,726 - DEBUG -    约束残差: 形状=(1,), 范数=0.000110
2025-08-25 02:42:42,726 - DEBUG - 🔍 计算数据残差雅可比矩阵 J_f: 形状=(21, 4)
2025-08-25 02:42:42,726 - DEBUG - 🔍 J_f矩阵计算完成: 条件数=1.89e+01
2025-08-25 02:42:42,726 - DEBUG - 🔍 深度约束雅可比计算: u=-2.153228, σ=0.104030, J_h=[[ 0.       0.      -0.10403  0.     ]]
2025-08-25 02:42:42,726 - DEBUG - 🔍 半径先验雅可比: J_r=[[0. 0. 0. 1.]]
2025-08-25 02:42:42,726 - DEBUG - 🔍 使用几何权重矩阵: 形状=(21, 21)
2025-08-25 02:42:42,726 - DEBUG - 🔍 Hessian矩阵计算:
2025-08-25 02:42:42,726 - DEBUG -    H_data = J_f^T W J_f: 形状=(4, 4), 条件数=3.56e+02
2025-08-25 02:42:42,726 - DEBUG -    H_h = λ_depth J_h^T J_h: 形状=(4, 4), λ_depth=1000.0
2025-08-25 02:42:42,726 - DEBUG -    H_r = λ_radius J_r^T J_r: 形状=(4, 4), λ_radius=10.0
2025-08-25 02:42:42,726 - DEBUG -    H_total: 形状=(4, 4), 条件数=1.23e+01
2025-08-25 02:42:42,726 - DEBUG - 🔍 梯度计算:
2025-08-25 02:42:42,734 - DEBUG -    g_data: 形状=(4,), 范数=0.238210
2025-08-25 02:42:42,734 - DEBUG -    g_h: 形状=(4,), 范数=0.011428
2025-08-25 02:42:42,734 - DEBUG -    g_r: 形状=(4,), 范数=0.011958
2025-08-25 02:42:42,734 - DEBUG -    g_total: 形状=(4,), 范数=0.230487
2025-08-25 02:42:42,734 - DEBUG - 🔍 LM阻尼矩阵: H_lm = H_total + 1.0 * I
2025-08-25 02:42:42,734 - DEBUG -    H_lm条件数: 9.74e+00
2025-08-25 02:42:42,734 - DEBUG - 🔍 线性方程组求解成功:
2025-08-25 02:42:42,734 - DEBUG -    参数更新向量 Δθ: [[-0.0074932 ]
 [-0.00669256]
 [ 0.00037424]
 [ 0.00045764]]
2025-08-25 02:42:42,734 - DEBUG -    更新向量范数: 0.010064
2025-08-25 02:42:42,734 - DEBUG -    各分量更新: Δc_x=-0.007493, Δc_y=-0.006693, Δc_z=0.000374, Δr=0.000458
2025-08-25 02:42:42,734 - DEBUG -    参数更新:
2025-08-25 02:42:42,734 - DEBUG -      旧参数: [[-0.00641362]
 [-0.03649674]
 [ 0.60399071]
 [ 0.01319578]]
2025-08-25 02:42:42,734 - DEBUG -      更新向量: [[-0.0074932 ]
 [-0.00669256]
 [ 0.00037424]
 [ 0.00045764]]
2025-08-25 02:42:42,734 - DEBUG -      新参数: [[-0.01390682]
 [-0.0431893 ]
 [ 0.60436495]
 [ 0.01365342]]
2025-08-25 02:42:42,734 - INFO - -----------------------------------------------------------------------------------
2025-08-25 02:42:42,734 - INFO - 🔍 迭代第6次，球心向右7.493205mm，向上6.692562mm，向后0.374236mm，半径变大0.457642mm
2025-08-25 02:42:42,734 - INFO - 📊 变化前: 中心(-0.006, -0.036, 0.604), 半径13.20mm
2025-08-25 02:42:42,734 - INFO - 📊 变化后: 中心(-0.014, -0.043, 0.604), 半径13.65mm
2025-08-25 02:42:42,734 - INFO - 📈 变化量: 中心移动10.05mm, 半径变化0.46mm
2025-08-25 02:42:42,734 - INFO - 📍 眼球中心: [-0.00641362 -0.03649674  0.60399071]
2025-08-25 02:42:42,734 - INFO - 📏 眼球半径: 13.20mm
2025-08-25 02:42:42,734 - INFO - 👁️ 瞳孔中心: [ 0.00266667 -0.02266667  0.60000002]
2025-08-25 02:42:42,734 - INFO - 📐 眼球中心在瞳孔中心的左9.08mm，上13.83mm，后3.99mm
2025-08-25 02:42:42,734 - INFO - 📏 距离: 17.02mm
2025-08-25 02:42:42,734 - INFO - -----------------------------------------------------------------------------------
2025-08-25 02:42:42,734 - INFO - -----------------------------------------------------------------------------------
2025-08-25 02:42:42,734 - DEBUG - 🔍 参数有效性检查:
2025-08-25 02:42:42,734 - DEBUG -    参数向量: [[-0.01390682]
 [-0.0431893 ]
 [ 0.60436495]
 [ 0.01365342]]
2025-08-25 02:42:42,734 - DEBUG -    球心: [-0.01390682 -0.0431893   0.60436495]
2025-08-25 02:42:42,734 - DEBUG -    半径: 0.013653
2025-08-25 02:42:42,734 - DEBUG - 🔍 函数值计算详情:
2025-08-25 02:42:42,734 - DEBUG -    数据项 F(θ): 0.001362
2025-08-25 02:42:42,734 - DEBUG -    深度约束项: 0.000006
2025-08-25 02:42:42,734 - DEBUG -    半径先验项: 0.000007
2025-08-25 02:42:42,734 - DEBUG -    总函数值 Φ(θ): 0.001375
2025-08-25 02:42:42,734 - DEBUG -    函数值改善: -0.000542
2025-08-25 02:42:42,734 - DEBUG - 🔍 参数有效: False
2025-08-25 02:42:42,734 - DEBUG -    参数无效，阻尼因子调整: λ_LM = 1.00e+01
2025-08-25 02:42:42,734 - DEBUG - 🔍 迭代 8/30:
2025-08-25 02:42:42,734 - DEBUG - 🔍 计算点到球心距离: 形状=(21,)
2025-08-25 02:42:42,734 - DEBUG - 🔍 生理偏差向量计算:
2025-08-25 02:42:42,734 - DEBUG -    点类型列表: ['pupil_center', 'iris_boundaries', 'iris_boundaries', 'iris_boundaries', 'iris_boundaries', 'eye_contours', 'eye_contours', 'eye_contours', 'eye_contours', 'eye_contours', 'eye_contours', 'eye_contours', 'eye_contours', 'eye_contours', 'eye_contours', 'eye_contours', 'eye_contours', 'eye_contours', 'eye_contours', 'eye_contours', 'eye_contours']
2025-08-25 02:42:42,734 - DEBUG -    偏差向量: [0.0002  0.00085 0.00085 0.00085 0.00085 0.0015  0.0015  0.0015  0.0015
 0.0015  0.0015  0.0015  0.0015  0.0015  0.0015  0.0015  0.0015  0.0015
 0.0015  0.0015  0.0015 ]
2025-08-25 02:42:42,734 - DEBUG -    向量形状: (21,)
2025-08-25 02:42:42,734 - DEBUG -    偏差统计: 均值=0.001314, 标准差=0.000356
2025-08-25 02:42:42,734 - DEBUG - 获取生理偏差: 点类型=['pupil_center', 'iris_boundaries', 'iris_boundaries', 'iris_boundaries', 'iris_boundaries', 'eye_contours', 'eye_contours', 'eye_contours', 'eye_contours', 'eye_contours', 'eye_contours', 'eye_contours', 'eye_contours', 'eye_contours', 'eye_contours', 'eye_contours', 'eye_contours', 'eye_contours', 'eye_contours', 'eye_contours', 'eye_contours'], 偏差值=[0.0002  0.00085 0.00085 0.00085 0.00085 0.0015  0.0015  0.0015  0.0015
 0.0015  0.0015  0.0015  0.0015  0.0015  0.0015  0.0015  0.0015  0.0015
 0.0015  0.0015  0.0015 ]
2025-08-25 02:42:42,742 - INFO - -----------------------------------------------------------------------------------
2025-08-25 02:42:42,742 - DEBUG - 🔍 拟合残差计算详情:
2025-08-25 02:42:42,742 - DEBUG -    球心坐标: [-0.00641362 -0.03649674  0.60399071]
2025-08-25 02:42:42,742 - DEBUG -    球体半径: 0.013196
2025-08-25 02:42:42,742 - DEBUG -    采样点数: 21
2025-08-25 02:42:42,742 - DEBUG -    点类型分布: {'eye_contours': 16, 'iris_boundaries': 4, 'pupil_center': 1}
2025-08-25 02:42:42,742 - DEBUG -    理论距离向量: [0.01339578 0.01404578 0.01404578 0.01404578 0.01404578 0.01469578
 0.01469578 0.01469578 0.01469578 0.01469578 0.01469578 0.01469578
 0.01469578 0.01469578 0.01469578 0.01469578 0.01469578 0.01469578
 0.01469578 0.01469578 0.01469578]
2025-08-25 02:42:42,742 - DEBUG -    实际距离向量: [0.01701905 0.02441097 0.01065349 0.01627904 0.02691912 0.02275323
 0.02262608 0.02256224 0.02317688 0.02509839 0.02815064 0.03229759
 0.03603691 0.03798573 0.03397495 0.02647747 0.01783331 0.01223069
 0.01293514 0.01700046 0.02001753]
2025-08-25 02:42:42,742 - DEBUG -    生理偏差向量: [0.0002  0.00085 0.00085 0.00085 0.00085 0.0015  0.0015  0.0015  0.0015
 0.0015  0.0015  0.0015  0.0015  0.0015  0.0015  0.0015  0.0015  0.0015
 0.0015  0.0015  0.0015 ]
2025-08-25 02:42:42,742 - DEBUG -    残差向量 f(θ): 
[[ 0.00362327]
 [ 0.01036519]
 [-0.00339228]
 [ 0.00223326]
 [ 0.01287335]
 [ 0.00805746]
 [ 0.00793031]
 [ 0.00786646]
 [ 0.00848111]
 [ 0.01040261]
 [ 0.01345486]
 [ 0.01760181]
 [ 0.02134113]
 [ 0.02328996]
 [ 0.01927918]
 [ 0.0117817 ]
 [ 0.00313753]
 [-0.00246509]
 [-0.00176064]
 [ 0.00230469]
 [ 0.00532175]]
2025-08-25 02:42:42,742 - DEBUG -    平均残差范数: 0.002486
2025-08-25 02:42:42,742 - DEBUG -    残差范数=0.052197
2025-08-25 02:42:42,742 - INFO - -----------------------------------------------------------------------------------
2025-08-25 02:42:42,742 - DEBUG - 🔍 深度约束计算详情 (softplus):
2025-08-25 02:42:42,742 - DEBUG -    采样点Z坐标范围: [0.600000, 0.601637]
2025-08-25 02:42:42,742 - DEBUG -    球心Z坐标: 0.603991
2025-08-25 02:42:42,742 - DEBUG -    深度偏移ε: 0.000200
2025-08-25 02:42:42,742 - DEBUG -    softplus参数τ: 0.001000
2025-08-25 02:42:42,742 - DEBUG -    原始违反值: -0.002153
2025-08-25 02:42:42,742 - DEBUG -    softplus输入 u: -2.153228
2025-08-25 02:42:42,742 - DEBUG -    约束惩罚 h(θ): 0.000110
2025-08-25 02:42:42,742 - DEBUG -    🟢 深度约束满足: 球心深度足够
2025-08-25 02:42:42,742 - INFO - -----------------------------------------------------------------------------------
2025-08-25 02:42:42,742 - DEBUG - 🔍 半径惩罚计算详情:
2025-08-25 02:42:42,742 - DEBUG -    当前半径: 0.013196
2025-08-25 02:42:42,742 - DEBUG -    半径先验值: 0.012000
2025-08-25 02:42:42,742 - DEBUG -    半径残差 r(θ): 0.001196
2025-08-25 02:42:42,742 - DEBUG -    数据残差 f(θ): [[ 0.00362327]
 [ 0.01036519]
 [-0.00339228]
 [ 0.00223326]
 [ 0.01287335]
 [ 0.00805746]
 [ 0.00793031]
 [ 0.00786646]
 [ 0.00848111]
 [ 0.01040261]
 [ 0.01345486]
 [ 0.01760181]
 [ 0.02134113]
 [ 0.02328996]
 [ 0.01927918]
 [ 0.0117817 ]
 [ 0.00313753]
 [-0.00246509]
 [-0.00176064]
 [ 0.00230469]
 [ 0.00532175]]
2025-08-25 02:42:42,742 - DEBUG -    约束残差 g(θ): [[0.00010985]]
2025-08-25 02:42:42,742 - DEBUG -    半径残差 r(θ): [[0.00119578]]
2025-08-25 02:42:42,742 - DEBUG - 🔍 状态变化计算: 参数变化=0.000000, 残差变化=0.000000
2025-08-25 02:42:42,742 - INFO - -----------------------------------------------------------------------------------
2025-08-25 02:42:42,742 - DEBUG - 🔍 权重管理器状态更新详情:
2025-08-25 02:42:42,742 - DEBUG -    当前迭代: 7
2025-08-25 02:42:42,742 - DEBUG -    参数变化: 0.000000 (阈值: 0.000005)
2025-08-25 02:42:42,742 - DEBUG -    残差变化: 0.000000 (阈值: 0.000005)
2025-08-25 02:42:42,742 - DEBUG -    几何权重因子: 10
2025-08-25 02:42:42,742 - DEBUG - ⏸️ 保持图像置信度权重: 参数变化=0.00e+00, 残差变化=0.00e+00
2025-08-25 02:42:42,742 - DEBUG - 状态已保存: 参数=[-0.00641362 -0.03649674  0.60399071  0.01319578], 残差范数=0.052197
2025-08-25 02:42:42,742 - DEBUG - 🔍 获取visibility信息: 形状=(21,), 范围=[1.000, 1.000]
2025-08-25 02:42:42,742 - DEBUG - 🔧 设置图像置信度权重: 21个点
2025-08-25 02:42:42,742 - DEBUG - 🔍 开始计算权重矩阵:
2025-08-25 02:42:42,742 - DEBUG -    点类型: ['pupil_center', 'iris_boundaries', 'iris_boundaries', 'iris_boundaries', 'iris_boundaries', 'eye_contours', 'eye_contours', 'eye_contours', 'eye_contours', 'eye_contours', 'eye_contours', 'eye_contours', 'eye_contours', 'eye_contours', 'eye_contours', 'eye_contours', 'eye_contours', 'eye_contours', 'eye_contours', 'eye_contours', 'eye_contours']
2025-08-25 02:42:42,742 - DEBUG -    残差向量: 形状=(21,), 范数=0.052197
2025-08-25 02:42:42,742 - DEBUG -    Visibility: 形状=(21,), 均值=1.000
2025-08-25 02:42:42,742 - DEBUG - 🔍 权重矩阵计算成功: 形状=(21, 21)
2025-08-25 02:42:42,742 - DEBUG - 🔍 几何权重统计:
2025-08-25 02:42:42,742 - DEBUG -    权重向量: [[1.]
 [1.]
 [1.]
 [1.]
 [1.]
 [1.]
 [1.]
 [1.]
 [1.]
 [1.]
 [1.]
 [1.]
 [1.]
 [1.]
 [1.]
 [1.]
 [1.]
 [1.]
 [1.]
 [1.]
 [1.]]
2025-08-25 02:42:42,742 - DEBUG -    权重范围: [1.000000, 1.000000]
2025-08-25 02:42:42,742 - DEBUG -    权重均值: 1.000000
2025-08-25 02:42:42,742 - DEBUG -    权重标准差: 0.000000
2025-08-25 02:42:42,742 - DEBUG -    高权重点(>0.8): 21/21
2025-08-25 02:42:42,742 - DEBUG -    低权重点(<0.2): 0/21
2025-08-25 02:42:42,742 - INFO - -----------------------------------------------------------------------------------
2025-08-25 02:42:42,742 - DEBUG - 🔍 开始求解LM更新方程:
2025-08-25 02:42:42,742 - DEBUG -    数据残差: 形状=(21,), 范数=0.052197
2025-08-25 02:42:42,742 - DEBUG -    约束残差: 形状=(1,), 范数=0.000110
2025-08-25 02:42:42,742 - DEBUG - 🔍 计算数据残差雅可比矩阵 J_f: 形状=(21, 4)
2025-08-25 02:42:42,750 - DEBUG - 🔍 J_f矩阵计算完成: 条件数=1.89e+01
2025-08-25 02:42:42,750 - DEBUG - 🔍 深度约束雅可比计算: u=-2.153228, σ=0.104030, J_h=[[ 0.       0.      -0.10403  0.     ]]
2025-08-25 02:42:42,750 - DEBUG - 🔍 半径先验雅可比: J_r=[[0. 0. 0. 1.]]
2025-08-25 02:42:42,750 - DEBUG - 🔍 使用几何权重矩阵: 形状=(21, 21)
2025-08-25 02:42:42,750 - DEBUG - 🔍 Hessian矩阵计算:
2025-08-25 02:42:42,750 - DEBUG -    H_data = J_f^T W J_f: 形状=(4, 4), 条件数=3.56e+02
2025-08-25 02:42:42,750 - DEBUG -    H_h = λ_depth J_h^T J_h: 形状=(4, 4), λ_depth=1000.0
2025-08-25 02:42:42,750 - DEBUG -    H_r = λ_radius J_r^T J_r: 形状=(4, 4), λ_radius=10.0
2025-08-25 02:42:42,750 - DEBUG -    H_total: 形状=(4, 4), 条件数=1.23e+01
2025-08-25 02:42:42,750 - DEBUG - 🔍 梯度计算:
2025-08-25 02:42:42,750 - DEBUG -    g_data: 形状=(4,), 范数=0.238210
2025-08-25 02:42:42,750 - DEBUG -    g_h: 形状=(4,), 范数=0.011428
2025-08-25 02:42:42,750 - DEBUG -    g_r: 形状=(4,), 范数=0.011958
2025-08-25 02:42:42,750 - DEBUG -    g_total: 形状=(4,), 范数=0.230487
2025-08-25 02:42:42,750 - DEBUG - 🔍 LM阻尼矩阵: H_lm = H_total + 10.0 * I
2025-08-25 02:42:42,750 - DEBUG -    H_lm条件数: 3.88e+00
2025-08-25 02:42:42,750 - DEBUG - 🔍 线性方程组求解成功:
2025-08-25 02:42:42,750 - DEBUG -    参数更新向量 Δθ: [[-0.00366713]
 [-0.0032882 ]
 [ 0.00052493]
 [ 0.00225574]]
2025-08-25 02:42:42,750 - DEBUG -    更新向量范数: 0.005443
2025-08-25 02:42:42,750 - DEBUG -    各分量更新: Δc_x=-0.003667, Δc_y=-0.003288, Δc_z=0.000525, Δr=0.002256
2025-08-25 02:42:42,750 - DEBUG -    参数更新:
2025-08-25 02:42:42,754 - DEBUG -      旧参数: [[-0.00641362]
 [-0.03649674]
 [ 0.60399071]
 [ 0.01319578]]
2025-08-25 02:42:42,754 - DEBUG -      更新向量: [[-0.00366713]
 [-0.0032882 ]
 [ 0.00052493]
 [ 0.00225574]]
2025-08-25 02:42:42,754 - DEBUG -      新参数: [[-0.01008075]
 [-0.03978494]
 [ 0.60451564]
 [ 0.01545152]]
2025-08-25 02:42:42,754 - INFO - -----------------------------------------------------------------------------------
2025-08-25 02:42:42,754 - INFO - 🔍 迭代第7次，球心向右3.667135mm，向上3.288204mm，向后0.524933mm，半径变大2.255741mm
2025-08-25 02:42:42,754 - INFO - 📊 变化前: 中心(-0.006, -0.036, 0.604), 半径13.20mm
2025-08-25 02:42:42,754 - INFO - 📊 变化后: 中心(-0.010, -0.040, 0.605), 半径15.45mm
2025-08-25 02:42:42,754 - INFO - 📈 变化量: 中心移动4.93mm, 半径变化2.26mm
2025-08-25 02:42:42,754 - INFO - 📍 眼球中心: [-0.00641362 -0.03649674  0.60399071]
2025-08-25 02:42:42,754 - INFO - 📏 眼球半径: 13.20mm
2025-08-25 02:42:42,754 - INFO - 👁️ 瞳孔中心: [ 0.00266667 -0.02266667  0.60000002]
2025-08-25 02:42:42,754 - INFO - 📐 眼球中心在瞳孔中心的左9.08mm，上13.83mm，后3.99mm
2025-08-25 02:42:42,754 - INFO - 📏 距离: 17.02mm
2025-08-25 02:42:42,754 - INFO - -----------------------------------------------------------------------------------
2025-08-25 02:42:42,754 - INFO - -----------------------------------------------------------------------------------
2025-08-25 02:42:42,754 - DEBUG - 🔍 参数有效性检查:
2025-08-25 02:42:42,754 - DEBUG -    参数向量: [[-0.01008075]
 [-0.03978494]
 [ 0.60451564]
 [ 0.01545152]]
2025-08-25 02:42:42,754 - DEBUG -    球心: [-0.01008075 -0.03978494  0.60451564]
2025-08-25 02:42:42,754 - DEBUG -    半径: 0.015452
2025-08-25 02:42:42,758 - DEBUG - 🔍 函数值计算详情:
2025-08-25 02:42:42,758 - DEBUG -    数据项 F(θ): 0.001362
2025-08-25 02:42:42,758 - DEBUG -    深度约束项: 0.000006
2025-08-25 02:42:42,758 - DEBUG -    半径先验项: 0.000007
2025-08-25 02:42:42,758 - DEBUG -    总函数值 Φ(θ): 0.001375
2025-08-25 02:42:42,758 - DEBUG -    函数值改善: 0.000000
2025-08-25 02:42:42,758 - DEBUG - 🔍 参数有效: True
2025-08-25 02:42:42,758 - DEBUG -    参数更新成功:
2025-08-25 02:42:42,758 - DEBUG -      新球心: [-0.01008075 -0.03978494  0.60451564]
2025-08-25 02:42:42,758 - DEBUG -      新半径: 0.015452
2025-08-25 02:42:42,758 - INFO - -----------------------------------------------------------------------------------
2025-08-25 02:42:42,758 - DEBUG - 🔍 LM收敛性检查:
2025-08-25 02:42:42,758 - DEBUG -    当前迭代次数: 7
2025-08-25 02:42:42,758 - DEBUG -    最大迭代次数: 30
2025-08-25 02:42:42,758 - DEBUG -    参数变化: 0.005443
2025-08-25 02:42:42,758 - DEBUG -    参数容忍度: 5e-06
2025-08-25 02:42:42,758 - DEBUG -    残差变化: 0.000000
2025-08-25 02:42:42,758 - DEBUG -    残差容忍度: 5e-06
2025-08-25 02:42:42,758 - DEBUG - 🔍 迭代 9/30:
2025-08-25 02:42:42,758 - DEBUG - 🔍 计算点到球心距离: 形状=(21,)
2025-08-25 02:42:42,758 - DEBUG - 🔍 生理偏差向量计算:
2025-08-25 02:42:42,758 - DEBUG -    点类型列表: ['pupil_center', 'iris_boundaries', 'iris_boundaries', 'iris_boundaries', 'iris_boundaries', 'eye_contours', 'eye_contours', 'eye_contours', 'eye_contours', 'eye_contours', 'eye_contours', 'eye_contours', 'eye_contours', 'eye_contours', 'eye_contours', 'eye_contours', 'eye_contours', 'eye_contours', 'eye_contours', 'eye_contours', 'eye_contours']
2025-08-25 02:42:42,758 - DEBUG -    偏差向量: [0.0002  0.00085 0.00085 0.00085 0.00085 0.0015  0.0015  0.0015  0.0015
 0.0015  0.0015  0.0015  0.0015  0.0015  0.0015  0.0015  0.0015  0.0015
 0.0015  0.0015  0.0015 ]
2025-08-25 02:42:42,758 - DEBUG -    向量形状: (21,)
2025-08-25 02:42:42,758 - DEBUG -    偏差统计: 均值=0.001314, 标准差=0.000356
2025-08-25 02:42:42,758 - DEBUG - 获取生理偏差: 点类型=['pupil_center', 'iris_boundaries', 'iris_boundaries', 'iris_boundaries', 'iris_boundaries', 'eye_contours', 'eye_contours', 'eye_contours', 'eye_contours', 'eye_contours', 'eye_contours', 'eye_contours', 'eye_contours', 'eye_contours', 'eye_contours', 'eye_contours', 'eye_contours', 'eye_contours', 'eye_contours', 'eye_contours', 'eye_contours'], 偏差值=[0.0002  0.00085 0.00085 0.00085 0.00085 0.0015  0.0015  0.0015  0.0015
 0.0015  0.0015  0.0015  0.0015  0.0015  0.0015  0.0015  0.0015  0.0015
 0.0015  0.0015  0.0015 ]
2025-08-25 02:42:42,758 - INFO - -----------------------------------------------------------------------------------
2025-08-25 02:42:42,758 - DEBUG - 🔍 拟合残差计算详情:
2025-08-25 02:42:42,758 - DEBUG -    球心坐标: [-0.01008075 -0.03978494  0.60451564]
2025-08-25 02:42:42,758 - DEBUG -    球体半径: 0.015452
2025-08-25 02:42:42,758 - DEBUG -    采样点数: 21
2025-08-25 02:42:42,758 - DEBUG -    点类型分布: {'eye_contours': 16, 'iris_boundaries': 4, 'pupil_center': 1}
2025-08-25 02:42:42,758 - DEBUG -    理论距离向量: [0.01565152 0.01630152 0.01630152 0.01630152 0.01630152 0.01695152
 0.01695152 0.01695152 0.01695152 0.01695152 0.01695152 0.01695152
 0.01695152 0.01695152 0.01695152 0.01695152 0.01695152 0.01695152
 0.01695152 0.01695152 0.01695152]
2025-08-25 02:42:42,758 - DEBUG -    实际距离向量: [0.02181566 0.02934045 0.01545942 0.01971361 0.03144152 0.02383702
 0.02458067 0.02527756 0.02676424 0.02955588 0.03302682 0.03724538
 0.04092225 0.04280937 0.03876845 0.03126336 0.02272756 0.0169656
 0.01608091 0.01893119 0.02141573]
2025-08-25 02:42:42,758 - DEBUG -    生理偏差向量: [0.0002  0.00085 0.00085 0.00085 0.00085 0.0015  0.0015  0.0015  0.0015
 0.0015  0.0015  0.0015  0.0015  0.0015  0.0015  0.0015  0.0015  0.0015
 0.0015  0.0015  0.0015 ]
2025-08-25 02:42:42,758 - DEBUG -    残差向量 f(θ): 
[[ 6.16413715e-03]
 [ 1.30389266e-02]
 [-8.42099891e-04]
 [ 3.41208690e-03]
 [ 1.51400029e-02]
 [ 6.88550591e-03]
 [ 7.62915042e-03]
 [ 8.32603678e-03]
 [ 9.81272215e-03]
 [ 1.26043661e-02]
 [ 1.60752982e-02]
 [ 2.02938572e-02]
 [ 2.39707317e-02]
 [ 2.58578544e-02]
 [ 2.18169358e-02]
 [ 1.43118373e-02]
 [ 5.77604606e-03]
 [ 1.40840749e-05]
 [-8.70604227e-04]
 [ 1.97967282e-03]
 [ 4.46421579e-03]]
2025-08-25 02:42:42,758 - DEBUG -    平均残差范数: 0.002830
2025-08-25 02:42:42,758 - DEBUG -    残差范数=0.059430
2025-08-25 02:42:42,758 - INFO - -----------------------------------------------------------------------------------
2025-08-25 02:42:42,758 - DEBUG - 🔍 深度约束计算详情 (softplus):
2025-08-25 02:42:42,758 - DEBUG -    采样点Z坐标范围: [0.600000, 0.601637]
2025-08-25 02:42:42,758 - DEBUG -    球心Z坐标: 0.604516
2025-08-25 02:42:42,758 - DEBUG -    深度偏移ε: 0.000200
2025-08-25 02:42:42,758 - DEBUG -    softplus参数τ: 0.001000
2025-08-25 02:42:42,758 - DEBUG -    原始违反值: -0.002678
2025-08-25 02:42:42,758 - DEBUG -    softplus输入 u: -2.678161
2025-08-25 02:42:42,758 - DEBUG -    约束惩罚 h(θ): 0.000066
2025-08-25 02:42:42,758 - DEBUG -    🟢 深度约束满足: 球心深度足够
2025-08-25 02:42:42,758 - INFO - -----------------------------------------------------------------------------------
2025-08-25 02:42:42,758 - DEBUG - 🔍 半径惩罚计算详情:
2025-08-25 02:42:42,758 - DEBUG -    当前半径: 0.015452
2025-08-25 02:42:42,758 - DEBUG -    半径先验值: 0.012000
2025-08-25 02:42:42,758 - DEBUG -    半径残差 r(θ): 0.003452
2025-08-25 02:42:42,758 - DEBUG -    数据残差 f(θ): [[ 6.16413715e-03]
 [ 1.30389266e-02]
 [-8.42099891e-04]
 [ 3.41208690e-03]
 [ 1.51400029e-02]
 [ 6.88550591e-03]
 [ 7.62915042e-03]
 [ 8.32603678e-03]
 [ 9.81272215e-03]
 [ 1.26043661e-02]
 [ 1.60752982e-02]
 [ 2.02938572e-02]
 [ 2.39707317e-02]
 [ 2.58578544e-02]
 [ 2.18169358e-02]
 [ 1.43118373e-02]
 [ 5.77604606e-03]
 [ 1.40840749e-05]
 [-8.70604227e-04]
 [ 1.97967282e-03]
 [ 4.46421579e-03]]
2025-08-25 02:42:42,758 - DEBUG -    约束残差 g(θ): [[6.64330014e-05]]
2025-08-25 02:42:42,758 - DEBUG -    半径残差 r(θ): [[0.00345152]]
2025-08-25 02:42:42,758 - DEBUG - 🔍 状态变化计算: 参数变化=0.005443, 残差变化=0.007233
2025-08-25 02:42:42,758 - INFO - -----------------------------------------------------------------------------------
2025-08-25 02:42:42,758 - DEBUG - 🔍 权重管理器状态更新详情:
2025-08-25 02:42:42,758 - DEBUG -    当前迭代: 8
2025-08-25 02:42:42,767 - DEBUG -    参数变化: 0.005443 (阈值: 0.000005)
2025-08-25 02:42:42,767 - DEBUG -    残差变化: 0.007233 (阈值: 0.000005)
2025-08-25 02:42:42,767 - DEBUG -    几何权重因子: 10
2025-08-25 02:42:42,767 - DEBUG - ⏸️ 保持图像置信度权重: 参数变化=5.44e-03, 残差变化=7.23e-03
2025-08-25 02:42:42,767 - DEBUG - 状态已保存: 参数=[-0.01008075 -0.03978494  0.60451564  0.01545152], 残差范数=0.059430
2025-08-25 02:42:42,768 - DEBUG - 🔍 获取visibility信息: 形状=(21,), 范围=[1.000, 1.000]
2025-08-25 02:42:42,768 - DEBUG - 🔧 设置图像置信度权重: 21个点
2025-08-25 02:42:42,768 - DEBUG - 🔍 开始计算权重矩阵:
2025-08-25 02:42:42,768 - DEBUG -    点类型: ['pupil_center', 'iris_boundaries', 'iris_boundaries', 'iris_boundaries', 'iris_boundaries', 'eye_contours', 'eye_contours', 'eye_contours', 'eye_contours', 'eye_contours', 'eye_contours', 'eye_contours', 'eye_contours', 'eye_contours', 'eye_contours', 'eye_contours', 'eye_contours', 'eye_contours', 'eye_contours', 'eye_contours', 'eye_contours']
2025-08-25 02:42:42,768 - DEBUG -    残差向量: 形状=(21,), 范数=0.059430
2025-08-25 02:42:42,768 - DEBUG -    Visibility: 形状=(21,), 均值=1.000
2025-08-25 02:42:42,768 - DEBUG - 🔍 权重矩阵计算成功: 形状=(21, 21)
2025-08-25 02:42:42,768 - DEBUG - 🔍 几何权重统计:
2025-08-25 02:42:42,769 - DEBUG -    权重向量: [[1.]
 [1.]
 [1.]
 [1.]
 [1.]
 [1.]
 [1.]
 [1.]
 [1.]
 [1.]
 [1.]
 [1.]
 [1.]
 [1.]
 [1.]
 [1.]
 [1.]
 [1.]
 [1.]
 [1.]
 [1.]]
2025-08-25 02:42:42,769 - DEBUG -    权重范围: [1.000000, 1.000000]
2025-08-25 02:42:42,769 - DEBUG -    权重均值: 1.000000
2025-08-25 02:42:42,769 - DEBUG -    权重标准差: 0.000000
2025-08-25 02:42:42,770 - DEBUG -    高权重点(>0.8): 21/21
2025-08-25 02:42:42,770 - DEBUG -    低权重点(<0.2): 0/21
2025-08-25 02:42:42,770 - INFO - -----------------------------------------------------------------------------------
2025-08-25 02:42:42,770 - DEBUG - 🔍 开始求解LM更新方程:
2025-08-25 02:42:42,770 - DEBUG -    数据残差: 形状=(21,), 范数=0.059430
2025-08-25 02:42:42,770 - DEBUG -    约束残差: 形状=(1,), 范数=0.000066
2025-08-25 02:42:42,770 - DEBUG - 🔍 计算数据残差雅可比矩阵 J_f: 形状=(21, 4)
2025-08-25 02:42:42,770 - DEBUG - 🔍 J_f矩阵计算完成: 条件数=2.65e+01
2025-08-25 02:42:42,772 - DEBUG - 🔍 深度约束雅可比计算: u=-2.678161, σ=0.064274, J_h=[[ 0.          0.         -0.06427439  0.        ]]
2025-08-25 02:42:42,772 - DEBUG - 🔍 半径先验雅可比: J_r=[[0. 0. 0. 1.]]
2025-08-25 02:42:42,772 - DEBUG - 🔍 使用几何权重矩阵: 形状=(21, 21)
2025-08-25 02:42:42,772 - DEBUG - 🔍 Hessian矩阵计算:
2025-08-25 02:42:42,773 - DEBUG -    H_data = J_f^T W J_f: 形状=(4, 4), 条件数=7.00e+02
2025-08-25 02:42:42,773 - DEBUG -    H_h = λ_depth J_h^T J_h: 形状=(4, 4), λ_depth=1000.0
2025-08-25 02:42:42,773 - DEBUG -    H_r = λ_radius J_r^T J_r: 形状=(4, 4), λ_radius=10.0
2025-08-25 02:42:42,773 - DEBUG -    H_total: 形状=(4, 4), 条件数=1.32e+01
2025-08-25 02:42:42,773 - DEBUG - 🔍 梯度计算:
2025-08-25 02:42:42,773 - DEBUG -    g_data: 形状=(4,), 范数=0.290817
2025-08-25 02:42:42,773 - DEBUG -    g_h: 形状=(4,), 范数=0.004270
2025-08-25 02:42:42,774 - DEBUG -    g_r: 形状=(4,), 范数=0.034515
2025-08-25 02:42:42,774 - DEBUG -    g_total: 形状=(4,), 范数=0.266648
2025-08-25 02:42:42,774 - DEBUG - 🔍 LM阻尼矩阵: H_lm = H_total + 10.0 * I
2025-08-25 02:42:42,774 - DEBUG -    H_lm条件数: 4.03e+00
2025-08-25 02:42:42,774 - DEBUG - 🔍 线性方程组求解成功:
2025-08-25 02:42:42,774 - DEBUG -    参数更新向量 Δθ: [[-0.00515526]
 [-0.00405152]
 [ 0.00051534]
 [ 0.00174338]]
2025-08-25 02:42:42,774 - DEBUG -    更新向量范数: 0.006804
2025-08-25 02:42:42,775 - DEBUG -    各分量更新: Δc_x=-0.005155, Δc_y=-0.004052, Δc_z=0.000515, Δr=0.001743
2025-08-25 02:42:42,775 - DEBUG -    参数更新:
2025-08-25 02:42:42,775 - DEBUG -      旧参数: [[-0.01008075]
 [-0.03978494]
 [ 0.60451564]
 [ 0.01545152]]
2025-08-25 02:42:42,775 - DEBUG -      更新向量: [[-0.00515526]
 [-0.00405152]
 [ 0.00051534]
 [ 0.00174338]]
2025-08-25 02:42:42,775 - DEBUG -      新参数: [[-0.01523601]
 [-0.04383646]
 [ 0.60503098]
 [ 0.0171949 ]]
2025-08-25 02:42:42,775 - INFO - -----------------------------------------------------------------------------------
2025-08-25 02:42:42,775 - INFO - 🔍 迭代第8次，球心向右5.155260mm，向上4.051518mm，向后0.515337mm，半径变大1.743383mm
2025-08-25 02:42:42,776 - INFO - 📊 变化前: 中心(-0.010, -0.040, 0.605), 半径15.45mm
2025-08-25 02:42:42,776 - INFO - 📊 变化后: 中心(-0.015, -0.044, 0.605), 半径17.19mm
2025-08-25 02:42:42,776 - INFO - 📈 变化量: 中心移动6.56mm, 半径变化1.74mm
2025-08-25 02:42:42,776 - INFO - 📍 眼球中心: [-0.01008075 -0.03978494  0.60451564]
2025-08-25 02:42:42,776 - INFO - 📏 眼球半径: 15.45mm
2025-08-25 02:42:42,776 - INFO - 👁️ 瞳孔中心: [ 0.00266667 -0.02266667  0.60000002]
2025-08-25 02:42:42,776 - INFO - 📐 眼球中心在瞳孔中心的左12.75mm，上17.12mm，后4.52mm
2025-08-25 02:42:42,776 - INFO - 📏 距离: 21.82mm
2025-08-25 02:42:42,776 - INFO - -----------------------------------------------------------------------------------
2025-08-25 02:42:42,776 - INFO - -----------------------------------------------------------------------------------
2025-08-25 02:42:42,776 - DEBUG - 🔍 参数有效性检查:
2025-08-25 02:42:42,776 - DEBUG -    参数向量: [[-0.01523601]
 [-0.04383646]
 [ 0.60503098]
 [ 0.0171949 ]]
2025-08-25 02:42:42,776 - DEBUG -    球心: [-0.01523601 -0.04383646  0.60503098]
2025-08-25 02:42:42,776 - DEBUG -    半径: 0.017195
2025-08-25 02:42:42,776 - DEBUG - 🔍 函数值计算详情:
2025-08-25 02:42:42,776 - DEBUG -    数据项 F(θ): 0.001766
2025-08-25 02:42:42,776 - DEBUG -    深度约束项: 0.000002
2025-08-25 02:42:42,776 - DEBUG -    半径先验项: 0.000060
2025-08-25 02:42:42,776 - DEBUG -    总函数值 Φ(θ): 0.001828
2025-08-25 02:42:42,776 - DEBUG -    函数值改善: -0.000452
2025-08-25 02:42:42,776 - DEBUG - 🔍 参数有效: False
2025-08-25 02:42:42,776 - DEBUG -    参数无效，阻尼因子调整: λ_LM = 1.00e+02
2025-08-25 02:42:42,776 - DEBUG - 🔍 迭代 10/30:
2025-08-25 02:42:42,776 - DEBUG - 🔍 计算点到球心距离: 形状=(21,)
2025-08-25 02:42:42,776 - DEBUG - 🔍 生理偏差向量计算:
2025-08-25 02:42:42,776 - DEBUG -    点类型列表: ['pupil_center', 'iris_boundaries', 'iris_boundaries', 'iris_boundaries', 'iris_boundaries', 'eye_contours', 'eye_contours', 'eye_contours', 'eye_contours', 'eye_contours', 'eye_contours', 'eye_contours', 'eye_contours', 'eye_contours', 'eye_contours', 'eye_contours', 'eye_contours', 'eye_contours', 'eye_contours', 'eye_contours', 'eye_contours']
2025-08-25 02:42:42,776 - DEBUG -    偏差向量: [0.0002  0.00085 0.00085 0.00085 0.00085 0.0015  0.0015  0.0015  0.0015
 0.0015  0.0015  0.0015  0.0015  0.0015  0.0015  0.0015  0.0015  0.0015
 0.0015  0.0015  0.0015 ]
2025-08-25 02:42:42,776 - DEBUG -    向量形状: (21,)
2025-08-25 02:42:42,776 - DEBUG -    偏差统计: 均值=0.001314, 标准差=0.000356
2025-08-25 02:42:42,776 - DEBUG - 获取生理偏差: 点类型=['pupil_center', 'iris_boundaries', 'iris_boundaries', 'iris_boundaries', 'iris_boundaries', 'eye_contours', 'eye_contours', 'eye_contours', 'eye_contours', 'eye_contours', 'eye_contours', 'eye_contours', 'eye_contours', 'eye_contours', 'eye_contours', 'eye_contours', 'eye_contours', 'eye_contours', 'eye_contours', 'eye_contours', 'eye_contours'], 偏差值=[0.0002  0.00085 0.00085 0.00085 0.00085 0.0015  0.0015  0.0015  0.0015
 0.0015  0.0015  0.0015  0.0015  0.0015  0.0015  0.0015  0.0015  0.0015
 0.0015  0.0015  0.0015 ]
2025-08-25 02:42:42,776 - INFO - -----------------------------------------------------------------------------------
2025-08-25 02:42:42,776 - DEBUG - 🔍 拟合残差计算详情:
2025-08-25 02:42:42,776 - DEBUG -    球心坐标: [-0.01008075 -0.03978494  0.60451564]
2025-08-25 02:42:42,776 - DEBUG -    球体半径: 0.015452
2025-08-25 02:42:42,776 - DEBUG -    采样点数: 21
2025-08-25 02:42:42,776 - DEBUG -    点类型分布: {'eye_contours': 16, 'iris_boundaries': 4, 'pupil_center': 1}
2025-08-25 02:42:42,782 - DEBUG -    理论距离向量: [0.01565152 0.01630152 0.01630152 0.01630152 0.01630152 0.01695152
 0.01695152 0.01695152 0.01695152 0.01695152 0.01695152 0.01695152
 0.01695152 0.01695152 0.01695152 0.01695152 0.01695152 0.01695152
 0.01695152 0.01695152 0.01695152]
2025-08-25 02:42:42,782 - DEBUG -    实际距离向量: [0.02181566 0.02934045 0.01545942 0.01971361 0.03144152 0.02383702
 0.02458067 0.02527756 0.02676424 0.02955588 0.03302682 0.03724538
 0.04092225 0.04280937 0.03876845 0.03126336 0.02272756 0.0169656
 0.01608091 0.01893119 0.02141573]
2025-08-25 02:42:42,782 - DEBUG -    生理偏差向量: [0.0002  0.00085 0.00085 0.00085 0.00085 0.0015  0.0015  0.0015  0.0015
 0.0015  0.0015  0.0015  0.0015  0.0015  0.0015  0.0015  0.0015  0.0015
 0.0015  0.0015  0.0015 ]
2025-08-25 02:42:42,782 - DEBUG -    残差向量 f(θ): 
[[ 6.16413715e-03]
 [ 1.30389266e-02]
 [-8.42099891e-04]
 [ 3.41208690e-03]
 [ 1.51400029e-02]
 [ 6.88550591e-03]
 [ 7.62915042e-03]
 [ 8.32603678e-03]
 [ 9.81272215e-03]
 [ 1.26043661e-02]
 [ 1.60752982e-02]
 [ 2.02938572e-02]
 [ 2.39707317e-02]
 [ 2.58578544e-02]
 [ 2.18169358e-02]
 [ 1.43118373e-02]
 [ 5.77604606e-03]
 [ 1.40840749e-05]
 [-8.70604227e-04]
 [ 1.97967282e-03]
 [ 4.46421579e-03]]
2025-08-25 02:42:42,782 - DEBUG -    平均残差范数: 0.002830
2025-08-25 02:42:42,782 - DEBUG -    残差范数=0.059430
2025-08-25 02:42:42,782 - INFO - -----------------------------------------------------------------------------------
2025-08-25 02:42:42,782 - DEBUG - 🔍 深度约束计算详情 (softplus):
2025-08-25 02:42:42,782 - DEBUG -    采样点Z坐标范围: [0.600000, 0.601637]
2025-08-25 02:42:42,782 - DEBUG -    球心Z坐标: 0.604516
2025-08-25 02:42:42,782 - DEBUG -    深度偏移ε: 0.000200
2025-08-25 02:42:42,782 - DEBUG -    softplus参数τ: 0.001000
2025-08-25 02:42:42,782 - DEBUG -    原始违反值: -0.002678
2025-08-25 02:42:42,782 - DEBUG -    softplus输入 u: -2.678161
2025-08-25 02:42:42,782 - DEBUG -    约束惩罚 h(θ): 0.000066
2025-08-25 02:42:42,782 - DEBUG -    🟢 深度约束满足: 球心深度足够
2025-08-25 02:42:42,782 - INFO - -----------------------------------------------------------------------------------
2025-08-25 02:42:42,782 - DEBUG - 🔍 半径惩罚计算详情:
2025-08-25 02:42:42,782 - DEBUG -    当前半径: 0.015452
2025-08-25 02:42:42,782 - DEBUG -    半径先验值: 0.012000
2025-08-25 02:42:42,782 - DEBUG -    半径残差 r(θ): 0.003452
2025-08-25 02:42:42,782 - DEBUG -    数据残差 f(θ): [[ 6.16413715e-03]
 [ 1.30389266e-02]
 [-8.42099891e-04]
 [ 3.41208690e-03]
 [ 1.51400029e-02]
 [ 6.88550591e-03]
 [ 7.62915042e-03]
 [ 8.32603678e-03]
 [ 9.81272215e-03]
 [ 1.26043661e-02]
 [ 1.60752982e-02]
 [ 2.02938572e-02]
 [ 2.39707317e-02]
 [ 2.58578544e-02]
 [ 2.18169358e-02]
 [ 1.43118373e-02]
 [ 5.77604606e-03]
 [ 1.40840749e-05]
 [-8.70604227e-04]
 [ 1.97967282e-03]
 [ 4.46421579e-03]]
2025-08-25 02:42:42,782 - DEBUG -    约束残差 g(θ): [[6.64330014e-05]]
2025-08-25 02:42:42,782 - DEBUG -    半径残差 r(θ): [[0.00345152]]
2025-08-25 02:42:42,782 - DEBUG - 🔍 状态变化计算: 参数变化=0.000000, 残差变化=0.000000
2025-08-25 02:42:42,782 - INFO - -----------------------------------------------------------------------------------
2025-08-25 02:42:42,782 - DEBUG - 🔍 权重管理器状态更新详情:
2025-08-25 02:42:42,782 - DEBUG -    当前迭代: 9
2025-08-25 02:42:42,787 - DEBUG -    参数变化: 0.000000 (阈值: 0.000005)
2025-08-25 02:42:42,787 - DEBUG -    残差变化: 0.000000 (阈值: 0.000005)
2025-08-25 02:42:42,788 - DEBUG -    几何权重因子: 10
2025-08-25 02:42:42,788 - DEBUG - ⏸️ 保持图像置信度权重: 参数变化=0.00e+00, 残差变化=0.00e+00
2025-08-25 02:42:42,788 - DEBUG - 状态已保存: 参数=[-0.01008075 -0.03978494  0.60451564  0.01545152], 残差范数=0.059430
2025-08-25 02:42:42,788 - DEBUG - 🔍 获取visibility信息: 形状=(21,), 范围=[1.000, 1.000]
2025-08-25 02:42:42,788 - DEBUG - 🔧 设置图像置信度权重: 21个点
2025-08-25 02:42:42,788 - DEBUG - 🔍 开始计算权重矩阵:
2025-08-25 02:42:42,788 - DEBUG -    点类型: ['pupil_center', 'iris_boundaries', 'iris_boundaries', 'iris_boundaries', 'iris_boundaries', 'eye_contours', 'eye_contours', 'eye_contours', 'eye_contours', 'eye_contours', 'eye_contours', 'eye_contours', 'eye_contours', 'eye_contours', 'eye_contours', 'eye_contours', 'eye_contours', 'eye_contours', 'eye_contours', 'eye_contours', 'eye_contours']
2025-08-25 02:42:42,788 - DEBUG -    残差向量: 形状=(21,), 范数=0.059430
2025-08-25 02:42:42,788 - DEBUG -    Visibility: 形状=(21,), 均值=1.000
2025-08-25 02:42:42,788 - DEBUG - 🔍 权重矩阵计算成功: 形状=(21, 21)
2025-08-25 02:42:42,788 - DEBUG - 🔍 几何权重统计:
2025-08-25 02:42:42,790 - DEBUG -    权重向量: [[1.]
 [1.]
 [1.]
 [1.]
 [1.]
 [1.]
 [1.]
 [1.]
 [1.]
 [1.]
 [1.]
 [1.]
 [1.]
 [1.]
 [1.]
 [1.]
 [1.]
 [1.]
 [1.]
 [1.]
 [1.]]
2025-08-25 02:42:42,790 - DEBUG -    权重范围: [1.000000, 1.000000]
2025-08-25 02:42:42,790 - DEBUG -    权重均值: 1.000000
2025-08-25 02:42:42,790 - DEBUG -    权重标准差: 0.000000
2025-08-25 02:42:42,790 - DEBUG -    高权重点(>0.8): 21/21
2025-08-25 02:42:42,790 - DEBUG -    低权重点(<0.2): 0/21
2025-08-25 02:42:42,790 - INFO - -----------------------------------------------------------------------------------
2025-08-25 02:42:42,790 - DEBUG - 🔍 开始求解LM更新方程:
2025-08-25 02:42:42,790 - DEBUG -    数据残差: 形状=(21,), 范数=0.059430
2025-08-25 02:42:42,790 - DEBUG -    约束残差: 形状=(1,), 范数=0.000066
2025-08-25 02:42:42,790 - DEBUG - 🔍 计算数据残差雅可比矩阵 J_f: 形状=(21, 4)
2025-08-25 02:42:42,790 - DEBUG - 🔍 J_f矩阵计算完成: 条件数=2.65e+01
2025-08-25 02:42:42,790 - DEBUG - 🔍 深度约束雅可比计算: u=-2.678161, σ=0.064274, J_h=[[ 0.          0.         -0.06427439  0.        ]]
2025-08-25 02:42:42,790 - DEBUG - 🔍 半径先验雅可比: J_r=[[0. 0. 0. 1.]]
2025-08-25 02:42:42,790 - DEBUG - 🔍 使用几何权重矩阵: 形状=(21, 21)
2025-08-25 02:42:42,790 - DEBUG - 🔍 Hessian矩阵计算:
2025-08-25 02:42:42,790 - DEBUG -    H_data = J_f^T W J_f: 形状=(4, 4), 条件数=7.00e+02
2025-08-25 02:42:42,790 - DEBUG -    H_h = λ_depth J_h^T J_h: 形状=(4, 4), λ_depth=1000.0
2025-08-25 02:42:42,790 - DEBUG -    H_r = λ_radius J_r^T J_r: 形状=(4, 4), λ_radius=10.0
2025-08-25 02:42:42,790 - DEBUG -    H_total: 形状=(4, 4), 条件数=1.32e+01
2025-08-25 02:42:42,790 - DEBUG - 🔍 梯度计算:
2025-08-25 02:42:42,790 - DEBUG -    g_data: 形状=(4,), 范数=0.290817
2025-08-25 02:42:42,790 - DEBUG -    g_h: 形状=(4,), 范数=0.004270
2025-08-25 02:42:42,790 - DEBUG -    g_r: 形状=(4,), 范数=0.034515
2025-08-25 02:42:42,790 - DEBUG -    g_total: 形状=(4,), 范数=0.266648
2025-08-25 02:42:42,790 - DEBUG - 🔍 LM阻尼矩阵: H_lm = H_total + 100.0 * I
2025-08-25 02:42:42,790 - DEBUG -    H_lm条件数: 1.39e+00
2025-08-25 02:42:42,790 - DEBUG - 🔍 线性方程组求解成功:
2025-08-25 02:42:42,790 - DEBUG -    参数更新向量 Δθ: [[-0.00101218]
 [-0.00109331]
 [ 0.00020988]
 [ 0.00118031]]
2025-08-25 02:42:42,790 - DEBUG -    更新向量范数: 0.001912
2025-08-25 02:42:42,790 - DEBUG -    各分量更新: Δc_x=-0.001012, Δc_y=-0.001093, Δc_z=0.000210, Δr=0.001180
2025-08-25 02:42:42,790 - DEBUG -    参数更新:
2025-08-25 02:42:42,790 - DEBUG -      旧参数: [[-0.01008075]
 [-0.03978494]
 [ 0.60451564]
 [ 0.01545152]]
2025-08-25 02:42:42,790 - DEBUG -      更新向量: [[-0.00101218]
 [-0.00109331]
 [ 0.00020988]
 [ 0.00118031]]
2025-08-25 02:42:42,790 - DEBUG -      新参数: [[-0.01109293]
 [-0.04087825]
 [ 0.60472552]
 [ 0.01663183]]
2025-08-25 02:42:42,790 - INFO - -----------------------------------------------------------------------------------
2025-08-25 02:42:42,790 - INFO - 🔍 迭代第9次，球心向右1.012178mm，向上1.093310mm，向后0.209881mm，半径变大1.180314mm
2025-08-25 02:42:42,790 - INFO - 📊 变化前: 中心(-0.010, -0.040, 0.605), 半径15.45mm
2025-08-25 02:42:42,790 - INFO - 📊 变化后: 中心(-0.011, -0.041, 0.605), 半径16.63mm
2025-08-25 02:42:42,790 - INFO - 📈 变化量: 中心移动1.49mm, 半径变化1.18mm
2025-08-25 02:42:42,790 - INFO - 📍 眼球中心: [-0.01008075 -0.03978494  0.60451564]
2025-08-25 02:42:42,790 - INFO - 📏 眼球半径: 15.45mm
2025-08-25 02:42:42,790 - INFO - 👁️ 瞳孔中心: [ 0.00266667 -0.02266667  0.60000002]
2025-08-25 02:42:42,790 - INFO - 📐 眼球中心在瞳孔中心的左12.75mm，上17.12mm，后4.52mm
2025-08-25 02:42:42,790 - INFO - 📏 距离: 21.82mm
2025-08-25 02:42:42,790 - INFO - -----------------------------------------------------------------------------------
2025-08-25 02:42:42,790 - INFO - -----------------------------------------------------------------------------------
2025-08-25 02:42:42,790 - DEBUG - 🔍 参数有效性检查:
2025-08-25 02:42:42,790 - DEBUG -    参数向量: [[-0.01109293]
 [-0.04087825]
 [ 0.60472552]
 [ 0.01663183]]
2025-08-25 02:42:42,790 - DEBUG -    球心: [-0.01109293 -0.04087825  0.60472552]
2025-08-25 02:42:42,790 - DEBUG -    半径: 0.016632
2025-08-25 02:42:42,790 - DEBUG - 🔍 函数值计算详情:
2025-08-25 02:42:42,798 - DEBUG -    数据项 F(θ): 0.001766
2025-08-25 02:42:42,798 - DEBUG -    深度约束项: 0.000002
2025-08-25 02:42:42,798 - DEBUG -    半径先验项: 0.000060
2025-08-25 02:42:42,798 - DEBUG -    总函数值 Φ(θ): 0.001828
2025-08-25 02:42:42,798 - DEBUG -    函数值改善: 0.000000
2025-08-25 02:42:42,798 - DEBUG - 🔍 参数有效: True
2025-08-25 02:42:42,798 - DEBUG -    参数更新成功:
2025-08-25 02:42:42,798 - DEBUG -      新球心: [-0.01109293 -0.04087825  0.60472552]
2025-08-25 02:42:42,798 - DEBUG -      新半径: 0.016632
2025-08-25 02:42:42,798 - INFO - -----------------------------------------------------------------------------------
2025-08-25 02:42:42,798 - DEBUG - 🔍 LM收敛性检查:
2025-08-25 02:42:42,798 - DEBUG -    当前迭代次数: 9
2025-08-25 02:42:42,798 - DEBUG -    最大迭代次数: 30
2025-08-25 02:42:42,798 - DEBUG -    参数变化: 0.001912
2025-08-25 02:42:42,798 - DEBUG -    参数容忍度: 5e-06
2025-08-25 02:42:42,798 - DEBUG -    残差变化: 0.000000
2025-08-25 02:42:42,798 - DEBUG -    残差容忍度: 5e-06
2025-08-25 02:42:42,798 - DEBUG - 🔍 迭代 11/30:
2025-08-25 02:42:42,798 - DEBUG - 🔍 计算点到球心距离: 形状=(21,)
2025-08-25 02:42:42,798 - DEBUG - 🔍 生理偏差向量计算:
2025-08-25 02:42:42,798 - DEBUG -    点类型列表: ['pupil_center', 'iris_boundaries', 'iris_boundaries', 'iris_boundaries', 'iris_boundaries', 'eye_contours', 'eye_contours', 'eye_contours', 'eye_contours', 'eye_contours', 'eye_contours', 'eye_contours', 'eye_contours', 'eye_contours', 'eye_contours', 'eye_contours', 'eye_contours', 'eye_contours', 'eye_contours', 'eye_contours', 'eye_contours']
2025-08-25 02:42:42,798 - DEBUG -    偏差向量: [0.0002  0.00085 0.00085 0.00085 0.00085 0.0015  0.0015  0.0015  0.0015
 0.0015  0.0015  0.0015  0.0015  0.0015  0.0015  0.0015  0.0015  0.0015
 0.0015  0.0015  0.0015 ]
2025-08-25 02:42:42,798 - DEBUG -    向量形状: (21,)
2025-08-25 02:42:42,798 - DEBUG -    偏差统计: 均值=0.001314, 标准差=0.000356
2025-08-25 02:42:42,798 - DEBUG - 获取生理偏差: 点类型=['pupil_center', 'iris_boundaries', 'iris_boundaries', 'iris_boundaries', 'iris_boundaries', 'eye_contours', 'eye_contours', 'eye_contours', 'eye_contours', 'eye_contours', 'eye_contours', 'eye_contours', 'eye_contours', 'eye_contours', 'eye_contours', 'eye_contours', 'eye_contours', 'eye_contours', 'eye_contours', 'eye_contours', 'eye_contours'], 偏差值=[0.0002  0.00085 0.00085 0.00085 0.00085 0.0015  0.0015  0.0015  0.0015
 0.0015  0.0015  0.0015  0.0015  0.0015  0.0015  0.0015  0.0015  0.0015
 0.0015  0.0015  0.0015 ]
2025-08-25 02:42:42,798 - INFO - -----------------------------------------------------------------------------------
2025-08-25 02:42:42,798 - DEBUG - 🔍 拟合残差计算详情:
2025-08-25 02:42:42,798 - DEBUG -    球心坐标: [-0.01109293 -0.04087825  0.60472552]
2025-08-25 02:42:42,798 - DEBUG -    球体半径: 0.016632
2025-08-25 02:42:42,798 - DEBUG -    采样点数: 21
2025-08-25 02:42:42,798 - DEBUG -    点类型分布: {'eye_contours': 16, 'iris_boundaries': 4, 'pupil_center': 1}
2025-08-25 02:42:42,798 - DEBUG -    理论距离向量: [0.01683183 0.01748183 0.01748183 0.01748183 0.01748183 0.01813183
 0.01813183 0.01813183 0.01813183 0.01813183 0.01813183 0.01813183
 0.01813183 0.01813183 0.01813183 0.01813183 0.01813183 0.01813183
 0.01813183 0.01813183 0.01813183]
2025-08-25 02:42:42,798 - DEBUG -    实际距离向量: [0.0233092  0.03082219 0.01692222 0.02096228 0.03288455 0.02448727
 0.02545386 0.0263353  0.02801864 0.03098827 0.03452778 0.03873563
 0.04238101 0.04424396 0.04019358 0.03269012 0.02420121 0.01845288
 0.01729491 0.01984457 0.02216953]
2025-08-25 02:42:42,798 - DEBUG -    生理偏差向量: [0.0002  0.00085 0.00085 0.00085 0.00085 0.0015  0.0015  0.0015  0.0015
 0.0015  0.0015  0.0015  0.0015  0.0015  0.0015  0.0015  0.0015  0.0015
 0.0015  0.0015  0.0015 ]
2025-08-25 02:42:42,798 - DEBUG -    残差向量 f(θ): 
[[ 0.00647736]
 [ 0.01334036]
 [-0.00055961]
 [ 0.00348045]
 [ 0.01540272]
 [ 0.00635543]
 [ 0.00732202]
 [ 0.00820347]
 [ 0.00988681]
 [ 0.01285643]
 [ 0.01639595]
 [ 0.0206038 ]
 [ 0.02424918]
 [ 0.02611213]
 [ 0.02206175]
 [ 0.01455828]
 [ 0.00606937]
 [ 0.00032105]
 [-0.00083692]
 [ 0.00171273]
 [ 0.0040377 ]]
2025-08-25 02:42:42,804 - DEBUG -    平均残差范数: 0.002862
2025-08-25 02:42:42,804 - DEBUG -    残差范数=0.060106
2025-08-25 02:42:42,804 - INFO - -----------------------------------------------------------------------------------
2025-08-25 02:42:42,804 - DEBUG - 🔍 深度约束计算详情 (softplus):
2025-08-25 02:42:42,804 - DEBUG -    采样点Z坐标范围: [0.600000, 0.601637]
2025-08-25 02:42:42,804 - DEBUG -    球心Z坐标: 0.604726
2025-08-25 02:42:42,804 - DEBUG -    深度偏移ε: 0.000200
2025-08-25 02:42:42,804 - DEBUG -    softplus参数τ: 0.001000
2025-08-25 02:42:42,804 - DEBUG -    原始违反值: -0.002888
2025-08-25 02:42:42,804 - DEBUG -    softplus输入 u: -2.888042
2025-08-25 02:42:42,804 - DEBUG -    约束惩罚 h(θ): 0.000054
2025-08-25 02:42:42,804 - DEBUG -    🟢 深度约束满足: 球心深度足够
2025-08-25 02:42:42,804 - INFO - -----------------------------------------------------------------------------------
2025-08-25 02:42:42,804 - DEBUG - 🔍 半径惩罚计算详情:
2025-08-25 02:42:42,806 - DEBUG -    当前半径: 0.016632
2025-08-25 02:42:42,806 - DEBUG -    半径先验值: 0.012000
2025-08-25 02:42:42,806 - DEBUG -    半径残差 r(θ): 0.004632
2025-08-25 02:42:42,806 - DEBUG -    数据残差 f(θ): [[ 0.00647736]
 [ 0.01334036]
 [-0.00055961]
 [ 0.00348045]
 [ 0.01540272]
 [ 0.00635543]
 [ 0.00732202]
 [ 0.00820347]
 [ 0.00988681]
 [ 0.01285643]
 [ 0.01639595]
 [ 0.0206038 ]
 [ 0.02424918]
 [ 0.02611213]
 [ 0.02206175]
 [ 0.01455828]
 [ 0.00606937]
 [ 0.00032105]
 [-0.00083692]
 [ 0.00171273]
 [ 0.0040377 ]]
2025-08-25 02:42:42,806 - DEBUG -    约束残差 g(θ): [[5.41899719e-05]]
2025-08-25 02:42:42,806 - DEBUG -    半径残差 r(θ): [[0.00463183]]
2025-08-25 02:42:42,806 - DEBUG - 🔍 状态变化计算: 参数变化=0.001912, 残差变化=0.000675
2025-08-25 02:42:42,806 - INFO - -----------------------------------------------------------------------------------
2025-08-25 02:42:42,806 - DEBUG - 🔍 权重管理器状态更新详情:
2025-08-25 02:42:42,806 - DEBUG -    当前迭代: 10
2025-08-25 02:42:42,806 - DEBUG -    参数变化: 0.001912 (阈值: 0.000005)
2025-08-25 02:42:42,806 - DEBUG -    残差变化: 0.000675 (阈值: 0.000005)
2025-08-25 02:42:42,806 - DEBUG -    几何权重因子: 10
2025-08-25 02:42:42,806 - DEBUG - ⏸️ 保持图像置信度权重: 参数变化=1.91e-03, 残差变化=6.75e-04
2025-08-25 02:42:42,806 - DEBUG - 状态已保存: 参数=[-0.01109293 -0.04087825  0.60472552  0.01663183], 残差范数=0.060106
2025-08-25 02:42:42,806 - DEBUG - 🔍 获取visibility信息: 形状=(21,), 范围=[1.000, 1.000]
2025-08-25 02:42:42,806 - DEBUG - 🔧 设置图像置信度权重: 21个点
2025-08-25 02:42:42,806 - DEBUG - 🔍 开始计算权重矩阵:
2025-08-25 02:42:42,806 - DEBUG -    点类型: ['pupil_center', 'iris_boundaries', 'iris_boundaries', 'iris_boundaries', 'iris_boundaries', 'eye_contours', 'eye_contours', 'eye_contours', 'eye_contours', 'eye_contours', 'eye_contours', 'eye_contours', 'eye_contours', 'eye_contours', 'eye_contours', 'eye_contours', 'eye_contours', 'eye_contours', 'eye_contours', 'eye_contours', 'eye_contours']
2025-08-25 02:42:42,806 - DEBUG -    残差向量: 形状=(21,), 范数=0.060106
2025-08-25 02:42:42,806 - DEBUG -    Visibility: 形状=(21,), 均值=1.000
2025-08-25 02:42:42,806 - DEBUG - 🔍 权重矩阵计算成功: 形状=(21, 21)
2025-08-25 02:42:42,806 - DEBUG - 🔍 几何权重统计:
2025-08-25 02:42:42,806 - DEBUG -    权重向量: [[1.]
 [1.]
 [1.]
 [1.]
 [1.]
 [1.]
 [1.]
 [1.]
 [1.]
 [1.]
 [1.]
 [1.]
 [1.]
 [1.]
 [1.]
 [1.]
 [1.]
 [1.]
 [1.]
 [1.]
 [1.]]
2025-08-25 02:42:42,806 - DEBUG -    权重范围: [1.000000, 1.000000]
2025-08-25 02:42:42,806 - DEBUG -    权重均值: 1.000000
2025-08-25 02:42:42,806 - DEBUG -    权重标准差: 0.000000
2025-08-25 02:42:42,806 - DEBUG -    高权重点(>0.8): 21/21
2025-08-25 02:42:42,806 - DEBUG -    低权重点(<0.2): 0/21
2025-08-25 02:42:42,806 - INFO - -----------------------------------------------------------------------------------
2025-08-25 02:42:42,806 - DEBUG - 🔍 开始求解LM更新方程:
2025-08-25 02:42:42,806 - DEBUG -    数据残差: 形状=(21,), 范数=0.060106
2025-08-25 02:42:42,806 - DEBUG -    约束残差: 形状=(1,), 范数=0.000054
2025-08-25 02:42:42,806 - DEBUG - 🔍 计算数据残差雅可比矩阵 J_f: 形状=(21, 4)
2025-08-25 02:42:42,806 - DEBUG - 🔍 J_f矩阵计算完成: 条件数=2.87e+01
2025-08-25 02:42:42,806 - DEBUG - 🔍 深度约束雅可比计算: u=-2.888042, σ=0.052748, J_h=[[ 0.          0.         -0.05274786  0.        ]]
2025-08-25 02:42:42,806 - DEBUG - 🔍 半径先验雅可比: J_r=[[0. 0. 0. 1.]]
2025-08-25 02:42:42,806 - DEBUG - 🔍 使用几何权重矩阵: 形状=(21, 21)
2025-08-25 02:42:42,806 - DEBUG - 🔍 Hessian矩阵计算:
2025-08-25 02:42:42,806 - DEBUG -    H_data = J_f^T W J_f: 形状=(4, 4), 条件数=8.23e+02
2025-08-25 02:42:42,806 - DEBUG -    H_h = λ_depth J_h^T J_h: 形状=(4, 4), λ_depth=1000.0
2025-08-25 02:42:42,806 - DEBUG -    H_r = λ_radius J_r^T J_r: 形状=(4, 4), λ_radius=10.0
2025-08-25 02:42:42,806 - DEBUG -    H_total: 形状=(4, 4), 条件数=1.69e+01
2025-08-25 02:42:42,806 - DEBUG - 🔍 梯度计算:
2025-08-25 02:42:42,806 - DEBUG -    g_data: 形状=(4,), 范数=0.295547
2025-08-25 02:42:42,806 - DEBUG -    g_h: 形状=(4,), 范数=0.002858
2025-08-25 02:42:42,806 - DEBUG -    g_r: 形状=(4,), 范数=0.046318
2025-08-25 02:42:42,806 - DEBUG -    g_total: 形状=(4,), 范数=0.263537
2025-08-25 02:42:42,806 - DEBUG - 🔍 LM阻尼矩阵: H_lm = H_total + 100.0 * I
2025-08-25 02:42:42,806 - DEBUG -    H_lm条件数: 1.40e+00
2025-08-25 02:42:42,806 - DEBUG - 🔍 线性方程组求解成功:
2025-08-25 02:42:42,806 - DEBUG -    参数更新向量 Δθ: [[-0.00105367]
 [-0.00111569]
 [ 0.00020598]
 [ 0.00109774]]
2025-08-25 02:42:42,806 - DEBUG -    更新向量范数: 0.001898
2025-08-25 02:42:42,806 - DEBUG -    各分量更新: Δc_x=-0.001054, Δc_y=-0.001116, Δc_z=0.000206, Δr=0.001098
2025-08-25 02:42:42,815 - DEBUG -    参数更新:
2025-08-25 02:42:42,815 - DEBUG -      旧参数: [[-0.01109293]
 [-0.04087825]
 [ 0.60472552]
 [ 0.01663183]]
2025-08-25 02:42:42,815 - DEBUG -      更新向量: [[-0.00105367]
 [-0.00111569]
 [ 0.00020598]
 [ 0.00109774]]
2025-08-25 02:42:42,815 - DEBUG -      新参数: [[-0.0121466 ]
 [-0.04199394]
 [ 0.60493151]
 [ 0.01772957]]
2025-08-25 02:42:42,815 - INFO - -----------------------------------------------------------------------------------
2025-08-25 02:42:42,815 - INFO - 🔍 迭代第10次，球心向右1.053667mm，向上1.115692mm，向后0.205984mm，半径变大1.097737mm
2025-08-25 02:42:42,815 - INFO - 📊 变化前: 中心(-0.011, -0.041, 0.605), 半径16.63mm
2025-08-25 02:42:42,815 - INFO - 📊 变化后: 中心(-0.012, -0.042, 0.605), 半径17.73mm
2025-08-25 02:42:42,815 - INFO - 📈 变化量: 中心移动1.53mm, 半径变化1.10mm
2025-08-25 02:42:42,815 - INFO - 📍 眼球中心: [-0.01109293 -0.04087825  0.60472552]
2025-08-25 02:42:42,815 - INFO - 📏 眼球半径: 16.63mm
2025-08-25 02:42:42,815 - INFO - 👁️ 瞳孔中心: [ 0.00266667 -0.02266667  0.60000002]
2025-08-25 02:42:42,815 - INFO - 📐 眼球中心在瞳孔中心的左13.76mm，上18.21mm，后4.73mm
2025-08-25 02:42:42,815 - INFO - 📏 距离: 23.31mm
2025-08-25 02:42:42,815 - INFO - -----------------------------------------------------------------------------------
2025-08-25 02:42:42,815 - INFO - -----------------------------------------------------------------------------------
2025-08-25 02:42:42,815 - DEBUG - 🔍 参数有效性检查:
2025-08-25 02:42:42,815 - DEBUG -    参数向量: [[-0.0121466 ]
 [-0.04199394]
 [ 0.60493151]
 [ 0.01772957]]
2025-08-25 02:42:42,815 - DEBUG -    球心: [-0.0121466  -0.04199394  0.60493151]
2025-08-25 02:42:42,815 - DEBUG -    半径: 0.017730
2025-08-25 02:42:42,815 - DEBUG - 🔍 函数值计算详情:
2025-08-25 02:42:42,815 - DEBUG -    数据项 F(θ): 0.001806
2025-08-25 02:42:42,815 - DEBUG -    深度约束项: 0.000001
2025-08-25 02:42:42,815 - DEBUG -    半径先验项: 0.000107
2025-08-25 02:42:42,815 - DEBUG -    总函数值 Φ(θ): 0.001915
2025-08-25 02:42:42,815 - DEBUG -    函数值改善: -0.000087
2025-08-25 02:42:42,815 - DEBUG - 🔍 参数有效: False
2025-08-25 02:42:42,815 - DEBUG -    参数无效，阻尼因子调整: λ_LM = 1.00e+03
2025-08-25 02:42:42,815 - DEBUG - 🔍 迭代 12/30:
2025-08-25 02:42:42,815 - DEBUG - 🔍 计算点到球心距离: 形状=(21,)
2025-08-25 02:42:42,815 - DEBUG - 🔍 生理偏差向量计算:
2025-08-25 02:42:42,815 - DEBUG -    点类型列表: ['pupil_center', 'iris_boundaries', 'iris_boundaries', 'iris_boundaries', 'iris_boundaries', 'eye_contours', 'eye_contours', 'eye_contours', 'eye_contours', 'eye_contours', 'eye_contours', 'eye_contours', 'eye_contours', 'eye_contours', 'eye_contours', 'eye_contours', 'eye_contours', 'eye_contours', 'eye_contours', 'eye_contours', 'eye_contours']
2025-08-25 02:42:42,815 - DEBUG -    偏差向量: [0.0002  0.00085 0.00085 0.00085 0.00085 0.0015  0.0015  0.0015  0.0015
 0.0015  0.0015  0.0015  0.0015  0.0015  0.0015  0.0015  0.0015  0.0015
 0.0015  0.0015  0.0015 ]
2025-08-25 02:42:42,815 - DEBUG -    向量形状: (21,)
2025-08-25 02:42:42,815 - DEBUG -    偏差统计: 均值=0.001314, 标准差=0.000356
2025-08-25 02:42:42,815 - DEBUG - 获取生理偏差: 点类型=['pupil_center', 'iris_boundaries', 'iris_boundaries', 'iris_boundaries', 'iris_boundaries', 'eye_contours', 'eye_contours', 'eye_contours', 'eye_contours', 'eye_contours', 'eye_contours', 'eye_contours', 'eye_contours', 'eye_contours', 'eye_contours', 'eye_contours', 'eye_contours', 'eye_contours', 'eye_contours', 'eye_contours', 'eye_contours'], 偏差值=[0.0002  0.00085 0.00085 0.00085 0.00085 0.0015  0.0015  0.0015  0.0015
 0.0015  0.0015  0.0015  0.0015  0.0015  0.0015  0.0015  0.0015  0.0015
 0.0015  0.0015  0.0015 ]
2025-08-25 02:42:42,815 - INFO - -----------------------------------------------------------------------------------
2025-08-25 02:42:42,815 - DEBUG - 🔍 拟合残差计算详情:
2025-08-25 02:42:42,815 - DEBUG -    球心坐标: [-0.01109293 -0.04087825  0.60472552]
2025-08-25 02:42:42,815 - DEBUG -    球体半径: 0.016632
2025-08-25 02:42:42,815 - DEBUG -    采样点数: 21
2025-08-25 02:42:42,815 - DEBUG -    点类型分布: {'eye_contours': 16, 'iris_boundaries': 4, 'pupil_center': 1}
2025-08-25 02:42:42,823 - DEBUG -    理论距离向量: [0.01683183 0.01748183 0.01748183 0.01748183 0.01748183 0.01813183
 0.01813183 0.01813183 0.01813183 0.01813183 0.01813183 0.01813183
 0.01813183 0.01813183 0.01813183 0.01813183 0.01813183 0.01813183
 0.01813183 0.01813183 0.01813183]
2025-08-25 02:42:42,823 - DEBUG -    实际距离向量: [0.0233092  0.03082219 0.01692222 0.02096228 0.03288455 0.02448727
 0.02545386 0.0263353  0.02801864 0.03098827 0.03452778 0.03873563
 0.04238101 0.04424396 0.04019358 0.03269012 0.02420121 0.01845288
 0.01729491 0.01984457 0.02216953]
2025-08-25 02:42:42,823 - DEBUG -    生理偏差向量: [0.0002  0.00085 0.00085 0.00085 0.00085 0.0015  0.0015  0.0015  0.0015
 0.0015  0.0015  0.0015  0.0015  0.0015  0.0015  0.0015  0.0015  0.0015
 0.0015  0.0015  0.0015 ]
2025-08-25 02:42:42,823 - DEBUG -    残差向量 f(θ): 
[[ 0.00647736]
 [ 0.01334036]
 [-0.00055961]
 [ 0.00348045]
 [ 0.01540272]
 [ 0.00635543]
 [ 0.00732202]
 [ 0.00820347]
 [ 0.00988681]
 [ 0.01285643]
 [ 0.01639595]
 [ 0.0206038 ]
 [ 0.02424918]
 [ 0.02611213]
 [ 0.02206175]
 [ 0.01455828]
 [ 0.00606937]
 [ 0.00032105]
 [-0.00083692]
 [ 0.00171273]
 [ 0.0040377 ]]
2025-08-25 02:42:42,823 - DEBUG -    平均残差范数: 0.002862
2025-08-25 02:42:42,823 - DEBUG -    残差范数=0.060106
2025-08-25 02:42:42,823 - INFO - -----------------------------------------------------------------------------------
2025-08-25 02:42:42,823 - DEBUG - 🔍 深度约束计算详情 (softplus):
2025-08-25 02:42:42,823 - DEBUG -    采样点Z坐标范围: [0.600000, 0.601637]
2025-08-25 02:42:42,823 - DEBUG -    球心Z坐标: 0.604726
2025-08-25 02:42:42,823 - DEBUG -    深度偏移ε: 0.000200
2025-08-25 02:42:42,823 - DEBUG -    softplus参数τ: 0.001000
2025-08-25 02:42:42,823 - DEBUG -    原始违反值: -0.002888
2025-08-25 02:42:42,823 - DEBUG -    softplus输入 u: -2.888042
2025-08-25 02:42:42,823 - DEBUG -    约束惩罚 h(θ): 0.000054
2025-08-25 02:42:42,823 - DEBUG -    🟢 深度约束满足: 球心深度足够
2025-08-25 02:42:42,823 - INFO - -----------------------------------------------------------------------------------
2025-08-25 02:42:42,823 - DEBUG - 🔍 半径惩罚计算详情:
2025-08-25 02:42:42,823 - DEBUG -    当前半径: 0.016632
2025-08-25 02:42:42,823 - DEBUG -    半径先验值: 0.012000
2025-08-25 02:42:42,823 - DEBUG -    半径残差 r(θ): 0.004632
2025-08-25 02:42:42,823 - DEBUG -    数据残差 f(θ): [[ 0.00647736]
 [ 0.01334036]
 [-0.00055961]
 [ 0.00348045]
 [ 0.01540272]
 [ 0.00635543]
 [ 0.00732202]
 [ 0.00820347]
 [ 0.00988681]
 [ 0.01285643]
 [ 0.01639595]
 [ 0.0206038 ]
 [ 0.02424918]
 [ 0.02611213]
 [ 0.02206175]
 [ 0.01455828]
 [ 0.00606937]
 [ 0.00032105]
 [-0.00083692]
 [ 0.00171273]
 [ 0.0040377 ]]
2025-08-25 02:42:42,823 - DEBUG -    约束残差 g(θ): [[5.41899719e-05]]
2025-08-25 02:42:42,823 - DEBUG -    半径残差 r(θ): [[0.00463183]]
2025-08-25 02:42:42,823 - DEBUG - 🔍 状态变化计算: 参数变化=0.000000, 残差变化=0.000000
2025-08-25 02:42:42,823 - INFO - -----------------------------------------------------------------------------------
2025-08-25 02:42:42,823 - DEBUG - 🔍 权重管理器状态更新详情:
2025-08-25 02:42:42,823 - DEBUG -    当前迭代: 11
2025-08-25 02:42:42,823 - DEBUG -    参数变化: 0.000000 (阈值: 0.000005)
2025-08-25 02:42:42,823 - DEBUG -    残差变化: 0.000000 (阈值: 0.000005)
2025-08-25 02:42:42,823 - DEBUG -    几何权重因子: 10
2025-08-25 02:42:42,823 - DEBUG - ⏸️ 保持图像置信度权重: 参数变化=0.00e+00, 残差变化=0.00e+00
2025-08-25 02:42:42,823 - DEBUG - 状态已保存: 参数=[-0.01109293 -0.04087825  0.60472552  0.01663183], 残差范数=0.060106
2025-08-25 02:42:42,823 - DEBUG - 🔍 获取visibility信息: 形状=(21,), 范围=[1.000, 1.000]
2025-08-25 02:42:42,823 - DEBUG - 🔧 设置图像置信度权重: 21个点
2025-08-25 02:42:42,823 - DEBUG - 🔍 开始计算权重矩阵:
2025-08-25 02:42:42,823 - DEBUG -    点类型: ['pupil_center', 'iris_boundaries', 'iris_boundaries', 'iris_boundaries', 'iris_boundaries', 'eye_contours', 'eye_contours', 'eye_contours', 'eye_contours', 'eye_contours', 'eye_contours', 'eye_contours', 'eye_contours', 'eye_contours', 'eye_contours', 'eye_contours', 'eye_contours', 'eye_contours', 'eye_contours', 'eye_contours', 'eye_contours']
2025-08-25 02:42:42,823 - DEBUG -    残差向量: 形状=(21,), 范数=0.060106
2025-08-25 02:42:42,823 - DEBUG -    Visibility: 形状=(21,), 均值=1.000
2025-08-25 02:42:42,823 - DEBUG - 🔍 权重矩阵计算成功: 形状=(21, 21)
2025-08-25 02:42:42,823 - DEBUG - 🔍 几何权重统计:
2025-08-25 02:42:42,823 - DEBUG -    权重向量: [[1.]
 [1.]
 [1.]
 [1.]
 [1.]
 [1.]
 [1.]
 [1.]
 [1.]
 [1.]
 [1.]
 [1.]
 [1.]
 [1.]
 [1.]
 [1.]
 [1.]
 [1.]
 [1.]
 [1.]
 [1.]]
2025-08-25 02:42:42,823 - DEBUG -    权重范围: [1.000000, 1.000000]
2025-08-25 02:42:42,823 - DEBUG -    权重均值: 1.000000
2025-08-25 02:42:42,823 - DEBUG -    权重标准差: 0.000000
2025-08-25 02:42:42,823 - DEBUG -    高权重点(>0.8): 21/21
2025-08-25 02:42:42,823 - DEBUG -    低权重点(<0.2): 0/21
2025-08-25 02:42:42,823 - INFO - -----------------------------------------------------------------------------------
2025-08-25 02:42:42,823 - DEBUG - 🔍 开始求解LM更新方程:
2025-08-25 02:42:42,823 - DEBUG -    数据残差: 形状=(21,), 范数=0.060106
2025-08-25 02:42:42,823 - DEBUG -    约束残差: 形状=(1,), 范数=0.000054
2025-08-25 02:42:42,823 - DEBUG - 🔍 计算数据残差雅可比矩阵 J_f: 形状=(21, 4)
2025-08-25 02:42:42,823 - DEBUG - 🔍 J_f矩阵计算完成: 条件数=2.87e+01
2025-08-25 02:42:42,823 - DEBUG - 🔍 深度约束雅可比计算: u=-2.888042, σ=0.052748, J_h=[[ 0.          0.         -0.05274786  0.        ]]
2025-08-25 02:42:42,831 - DEBUG - 🔍 半径先验雅可比: J_r=[[0. 0. 0. 1.]]
2025-08-25 02:42:42,831 - DEBUG - 🔍 使用几何权重矩阵: 形状=(21, 21)
2025-08-25 02:42:42,831 - DEBUG - 🔍 Hessian矩阵计算:
2025-08-25 02:42:42,831 - DEBUG -    H_data = J_f^T W J_f: 形状=(4, 4), 条件数=8.23e+02
2025-08-25 02:42:42,831 - DEBUG -    H_h = λ_depth J_h^T J_h: 形状=(4, 4), λ_depth=1000.0
2025-08-25 02:42:42,831 - DEBUG -    H_r = λ_radius J_r^T J_r: 形状=(4, 4), λ_radius=10.0
2025-08-25 02:42:42,831 - DEBUG -    H_total: 形状=(4, 4), 条件数=1.69e+01
2025-08-25 02:42:42,831 - DEBUG - 🔍 梯度计算:
2025-08-25 02:42:42,831 - DEBUG -    g_data: 形状=(4,), 范数=0.295547
2025-08-25 02:42:42,831 - DEBUG -    g_h: 形状=(4,), 范数=0.002858
2025-08-25 02:42:42,831 - DEBUG -    g_r: 形状=(4,), 范数=0.046318
2025-08-25 02:42:42,831 - DEBUG -    g_total: 形状=(4,), 范数=0.263537
2025-08-25 02:42:42,831 - DEBUG - 🔍 LM阻尼矩阵: H_lm = H_total + 1000.0 * I
2025-08-25 02:42:42,831 - DEBUG -    H_lm条件数: 1.04e+00
2025-08-25 02:42:42,831 - DEBUG - 🔍 线性方程组求解成功:
2025-08-25 02:42:42,831 - DEBUG -    参数更新向量 Δθ: [[-1.25495249e-04]
 [-1.44946245e-04]
 [ 2.79017804e-05]
 [ 1.63141791e-04]]
2025-08-25 02:42:42,831 - DEBUG -    更新向量范数: 0.000253
2025-08-25 02:42:42,831 - DEBUG -    各分量更新: Δc_x=-0.000125, Δc_y=-0.000145, Δc_z=0.000028, Δr=0.000163
2025-08-25 02:42:42,831 - DEBUG -    参数更新:
2025-08-25 02:42:42,831 - DEBUG -      旧参数: [[-0.01109293]
 [-0.04087825]
 [ 0.60472552]
 [ 0.01663183]]
2025-08-25 02:42:42,831 - DEBUG -      更新向量: [[-1.25495249e-04]
 [-1.44946245e-04]
 [ 2.79017804e-05]
 [ 1.63141791e-04]]
2025-08-25 02:42:42,831 - DEBUG -      新参数: [[-0.01121843]
 [-0.0410232 ]
 [ 0.60475343]
 [ 0.01679497]]
2025-08-25 02:42:42,831 - INFO - -----------------------------------------------------------------------------------
2025-08-25 02:42:42,831 - INFO - 🔍 迭代第11次，球心向右0.125495mm，向上0.144946mm，向后0.027902mm，半径变大0.163142mm
2025-08-25 02:42:42,831 - INFO - 📊 变化前: 中心(-0.011, -0.041, 0.605), 半径16.63mm
2025-08-25 02:42:42,831 - INFO - 📊 变化后: 中心(-0.011, -0.041, 0.605), 半径16.79mm
2025-08-25 02:42:42,831 - INFO - 📈 变化量: 中心移动0.19mm, 半径变化0.16mm
2025-08-25 02:42:42,831 - INFO - 📍 眼球中心: [-0.01109293 -0.04087825  0.60472552]
2025-08-25 02:42:42,831 - INFO - 📏 眼球半径: 16.63mm
2025-08-25 02:42:42,831 - INFO - 👁️ 瞳孔中心: [ 0.00266667 -0.02266667  0.60000002]
2025-08-25 02:42:42,831 - INFO - 📐 眼球中心在瞳孔中心的左13.76mm，上18.21mm，后4.73mm
2025-08-25 02:42:42,831 - INFO - 📏 距离: 23.31mm
2025-08-25 02:42:42,831 - INFO - -----------------------------------------------------------------------------------
2025-08-25 02:42:42,831 - INFO - -----------------------------------------------------------------------------------
2025-08-25 02:42:42,831 - DEBUG - 🔍 参数有效性检查:
2025-08-25 02:42:42,831 - DEBUG -    参数向量: [[-0.01121843]
 [-0.0410232 ]
 [ 0.60475343]
 [ 0.01679497]]
2025-08-25 02:42:42,831 - DEBUG -    球心: [-0.01121843 -0.0410232   0.60475343]
2025-08-25 02:42:42,831 - DEBUG -    半径: 0.016795
2025-08-25 02:42:42,831 - DEBUG - 🔍 函数值计算详情:
2025-08-25 02:42:42,831 - DEBUG -    数据项 F(θ): 0.001806
2025-08-25 02:42:42,831 - DEBUG -    深度约束项: 0.000001
2025-08-25 02:42:42,831 - DEBUG -    半径先验项: 0.000107
2025-08-25 02:42:42,831 - DEBUG -    总函数值 Φ(θ): 0.001915
2025-08-25 02:42:42,837 - DEBUG -    函数值改善: 0.000000
2025-08-25 02:42:42,837 - DEBUG - 🔍 参数有效: True
2025-08-25 02:42:42,837 - DEBUG -    参数更新成功:
2025-08-25 02:42:42,837 - DEBUG -      新球心: [-0.01121843 -0.0410232   0.60475343]
2025-08-25 02:42:42,837 - DEBUG -      新半径: 0.016795
2025-08-25 02:42:42,837 - INFO - -----------------------------------------------------------------------------------
2025-08-25 02:42:42,837 - DEBUG - 🔍 LM收敛性检查:
2025-08-25 02:42:42,837 - DEBUG -    当前迭代次数: 11
2025-08-25 02:42:42,837 - DEBUG -    最大迭代次数: 30
2025-08-25 02:42:42,839 - DEBUG -    参数变化: 0.000253
2025-08-25 02:42:42,839 - DEBUG -    参数容忍度: 5e-06
2025-08-25 02:42:42,839 - DEBUG -    残差变化: 0.000000
2025-08-25 02:42:42,839 - DEBUG -    残差容忍度: 5e-06
2025-08-25 02:42:42,839 - DEBUG - 🔍 迭代 13/30:
2025-08-25 02:42:42,839 - DEBUG - 🔍 计算点到球心距离: 形状=(21,)
2025-08-25 02:42:42,839 - DEBUG - 🔍 生理偏差向量计算:
2025-08-25 02:42:42,839 - DEBUG -    点类型列表: ['pupil_center', 'iris_boundaries', 'iris_boundaries', 'iris_boundaries', 'iris_boundaries', 'eye_contours', 'eye_contours', 'eye_contours', 'eye_contours', 'eye_contours', 'eye_contours', 'eye_contours', 'eye_contours', 'eye_contours', 'eye_contours', 'eye_contours', 'eye_contours', 'eye_contours', 'eye_contours', 'eye_contours', 'eye_contours']
2025-08-25 02:42:42,839 - DEBUG -    偏差向量: [0.0002  0.00085 0.00085 0.00085 0.00085 0.0015  0.0015  0.0015  0.0015
 0.0015  0.0015  0.0015  0.0015  0.0015  0.0015  0.0015  0.0015  0.0015
 0.0015  0.0015  0.0015 ]
2025-08-25 02:42:42,839 - DEBUG -    向量形状: (21,)
2025-08-25 02:42:42,839 - DEBUG -    偏差统计: 均值=0.001314, 标准差=0.000356
2025-08-25 02:42:42,839 - DEBUG - 获取生理偏差: 点类型=['pupil_center', 'iris_boundaries', 'iris_boundaries', 'iris_boundaries', 'iris_boundaries', 'eye_contours', 'eye_contours', 'eye_contours', 'eye_contours', 'eye_contours', 'eye_contours', 'eye_contours', 'eye_contours', 'eye_contours', 'eye_contours', 'eye_contours', 'eye_contours', 'eye_contours', 'eye_contours', 'eye_contours', 'eye_contours'], 偏差值=[0.0002  0.00085 0.00085 0.00085 0.00085 0.0015  0.0015  0.0015  0.0015
 0.0015  0.0015  0.0015  0.0015  0.0015  0.0015  0.0015  0.0015  0.0015
 0.0015  0.0015  0.0015 ]
2025-08-25 02:42:42,839 - INFO - -----------------------------------------------------------------------------------
2025-08-25 02:42:42,839 - DEBUG - 🔍 拟合残差计算详情:
2025-08-25 02:42:42,839 - DEBUG -    球心坐标: [-0.01121843 -0.0410232   0.60475343]
2025-08-25 02:42:42,839 - DEBUG -    球体半径: 0.016795
2025-08-25 02:42:42,839 - DEBUG -    采样点数: 21
2025-08-25 02:42:42,839 - DEBUG -    点类型分布: {'eye_contours': 16, 'iris_boundaries': 4, 'pupil_center': 1}
2025-08-25 02:42:42,839 - DEBUG -    理论距离向量: [0.01699497 0.01764497 0.01764497 0.01764497 0.01764497 0.01829497
 0.01829497 0.01829497 0.01829497 0.01829497 0.01829497 0.01829497
 0.01829497 0.01829497 0.01829497 0.01829497 0.01829497 0.01829497
 0.01829497 0.01829497 0.01829497]
2025-08-25 02:42:42,839 - DEBUG -    实际距离向量: [0.02350219 0.03101196 0.01710992 0.02112886 0.03307241 0.0245821
 0.02557561 0.02647901 0.0281853  0.03117501 0.03472138 0.03892664
 0.04256744 0.04442702 0.04037539 0.03287226 0.02438996 0.01864525
 0.01745805 0.01997228 0.02227752]
2025-08-25 02:42:42,839 - DEBUG -    生理偏差向量: [0.0002  0.00085 0.00085 0.00085 0.00085 0.0015  0.0015  0.0015  0.0015
 0.0015  0.0015  0.0015  0.0015  0.0015  0.0015  0.0015  0.0015  0.0015
 0.0015  0.0015  0.0015 ]
2025-08-25 02:42:42,839 - DEBUG -    残差向量 f(θ): 
[[ 0.00650721]
 [ 0.01336699]
 [-0.00053505]
 [ 0.00348389]
 [ 0.01542744]
 [ 0.00628712]
 [ 0.00728063]
 [ 0.00818404]
 [ 0.00989032]
 [ 0.01288003]
 [ 0.01642641]
 [ 0.02063166]
 [ 0.02427247]
 [ 0.02613205]
 [ 0.02208041]
 [ 0.01457729]
 [ 0.00609498]
 [ 0.00035027]
 [-0.00083692]
 [ 0.00167731]
 [ 0.00398255]]
2025-08-25 02:42:42,839 - DEBUG -    平均残差范数: 0.002865
2025-08-25 02:42:42,839 - DEBUG -    残差范数=0.060157
2025-08-25 02:42:42,839 - INFO - -----------------------------------------------------------------------------------
2025-08-25 02:42:42,839 - DEBUG - 🔍 深度约束计算详情 (softplus):
2025-08-25 02:42:42,839 - DEBUG -    采样点Z坐标范围: [0.600000, 0.601637]
2025-08-25 02:42:42,839 - DEBUG -    球心Z坐标: 0.604753
2025-08-25 02:42:42,839 - DEBUG -    深度偏移ε: 0.000200
2025-08-25 02:42:42,839 - DEBUG -    softplus参数τ: 0.001000
2025-08-25 02:42:42,839 - DEBUG -    原始违反值: -0.002916
2025-08-25 02:42:42,839 - DEBUG -    softplus输入 u: -2.915944
2025-08-25 02:42:42,839 - DEBUG -    约束惩罚 h(θ): 0.000053
2025-08-25 02:42:42,839 - DEBUG -    🟢 深度约束满足: 球心深度足够
2025-08-25 02:42:42,839 - INFO - -----------------------------------------------------------------------------------
2025-08-25 02:42:42,839 - DEBUG - 🔍 半径惩罚计算详情:
2025-08-25 02:42:42,839 - DEBUG -    当前半径: 0.016795
2025-08-25 02:42:42,839 - DEBUG -    半径先验值: 0.012000
2025-08-25 02:42:42,839 - DEBUG -    半径残差 r(θ): 0.004795
2025-08-25 02:42:42,839 - DEBUG -    数据残差 f(θ): [[ 0.00650721]
 [ 0.01336699]
 [-0.00053505]
 [ 0.00348389]
 [ 0.01542744]
 [ 0.00628712]
 [ 0.00728063]
 [ 0.00818404]
 [ 0.00989032]
 [ 0.01288003]
 [ 0.01642641]
 [ 0.02063166]
 [ 0.02427247]
 [ 0.02613205]
 [ 0.02208041]
 [ 0.01457729]
 [ 0.00609498]
 [ 0.00035027]
 [-0.00083692]
 [ 0.00167731]
 [ 0.00398255]]
2025-08-25 02:42:42,839 - DEBUG -    约束残差 g(θ): [[5.2737501e-05]]
2025-08-25 02:42:42,839 - DEBUG -    半径残差 r(θ): [[0.00479497]]
2025-08-25 02:42:42,839 - DEBUG - 🔍 状态变化计算: 参数变化=0.000253, 残差变化=0.000052
2025-08-25 02:42:42,839 - INFO - -----------------------------------------------------------------------------------
2025-08-25 02:42:42,839 - DEBUG - 🔍 权重管理器状态更新详情:
2025-08-25 02:42:42,839 - DEBUG -    当前迭代: 12
2025-08-25 02:42:42,839 - DEBUG -    参数变化: 0.000253 (阈值: 0.000005)
2025-08-25 02:42:42,839 - DEBUG -    残差变化: 0.000052 (阈值: 0.000005)
2025-08-25 02:42:42,839 - DEBUG -    几何权重因子: 10
2025-08-25 02:42:42,839 - DEBUG - ⏸️ 保持图像置信度权重: 参数变化=2.53e-04, 残差变化=5.17e-05
2025-08-25 02:42:42,839 - DEBUG - 状态已保存: 参数=[-0.01121843 -0.0410232   0.60475343  0.01679497], 残差范数=0.060157
2025-08-25 02:42:42,839 - DEBUG - 🔍 获取visibility信息: 形状=(21,), 范围=[1.000, 1.000]
2025-08-25 02:42:42,839 - DEBUG - 🔧 设置图像置信度权重: 21个点
2025-08-25 02:42:42,839 - DEBUG - 🔍 开始计算权重矩阵:
2025-08-25 02:42:42,839 - DEBUG -    点类型: ['pupil_center', 'iris_boundaries', 'iris_boundaries', 'iris_boundaries', 'iris_boundaries', 'eye_contours', 'eye_contours', 'eye_contours', 'eye_contours', 'eye_contours', 'eye_contours', 'eye_contours', 'eye_contours', 'eye_contours', 'eye_contours', 'eye_contours', 'eye_contours', 'eye_contours', 'eye_contours', 'eye_contours', 'eye_contours']
2025-08-25 02:42:42,839 - DEBUG -    残差向量: 形状=(21,), 范数=0.060157
2025-08-25 02:42:42,839 - DEBUG -    Visibility: 形状=(21,), 均值=1.000
2025-08-25 02:42:42,839 - DEBUG - 🔍 权重矩阵计算成功: 形状=(21, 21)
2025-08-25 02:42:42,839 - DEBUG - 🔍 几何权重统计:
2025-08-25 02:42:42,848 - DEBUG -    权重向量: [[1.]
 [1.]
 [1.]
 [1.]
 [1.]
 [1.]
 [1.]
 [1.]
 [1.]
 [1.]
 [1.]
 [1.]
 [1.]
 [1.]
 [1.]
 [1.]
 [1.]
 [1.]
 [1.]
 [1.]
 [1.]]
2025-08-25 02:42:42,848 - DEBUG -    权重范围: [1.000000, 1.000000]
2025-08-25 02:42:42,848 - DEBUG -    权重均值: 1.000000
2025-08-25 02:42:42,848 - DEBUG -    权重标准差: 0.000000
2025-08-25 02:42:42,848 - DEBUG -    高权重点(>0.8): 21/21
2025-08-25 02:42:42,848 - DEBUG -    低权重点(<0.2): 0/21
2025-08-25 02:42:42,848 - INFO - -----------------------------------------------------------------------------------
2025-08-25 02:42:42,848 - DEBUG - 🔍 开始求解LM更新方程:
2025-08-25 02:42:42,848 - DEBUG -    数据残差: 形状=(21,), 范数=0.060157
2025-08-25 02:42:42,848 - DEBUG -    约束残差: 形状=(1,), 范数=0.000053
2025-08-25 02:42:42,848 - DEBUG - 🔍 计算数据残差雅可比矩阵 J_f: 形状=(21, 4)
2025-08-25 02:42:42,848 - DEBUG - 🔍 J_f矩阵计算完成: 条件数=2.90e+01
2025-08-25 02:42:42,848 - DEBUG - 🔍 深度约束雅可比计算: u=-2.915944, σ=0.051371, J_h=[[ 0.          0.         -0.05137101  0.        ]]
2025-08-25 02:42:42,848 - DEBUG - 🔍 半径先验雅可比: J_r=[[0. 0. 0. 1.]]
2025-08-25 02:42:42,848 - DEBUG - 🔍 使用几何权重矩阵: 形状=(21, 21)
2025-08-25 02:42:42,848 - DEBUG - 🔍 Hessian矩阵计算:
2025-08-25 02:42:42,848 - DEBUG -    H_data = J_f^T W J_f: 形状=(4, 4), 条件数=8.40e+02
2025-08-25 02:42:42,848 - DEBUG -    H_h = λ_depth J_h^T J_h: 形状=(4, 4), λ_depth=1000.0
2025-08-25 02:42:42,848 - DEBUG -    H_r = λ_radius J_r^T J_r: 形状=(4, 4), λ_radius=10.0
2025-08-25 02:42:42,848 - DEBUG -    H_total: 形状=(4, 4), 条件数=1.77e+01
2025-08-25 02:42:42,848 - DEBUG - 🔍 梯度计算:
2025-08-25 02:42:42,848 - DEBUG -    g_data: 形状=(4,), 范数=0.295906
2025-08-25 02:42:42,853 - DEBUG -    g_h: 形状=(4,), 范数=0.002709
2025-08-25 02:42:42,853 - DEBUG -    g_r: 形状=(4,), 范数=0.047950
2025-08-25 02:42:42,853 - DEBUG -    g_total: 形状=(4,), 范数=0.262845
2025-08-25 02:42:42,854 - DEBUG - 🔍 LM阻尼矩阵: H_lm = H_total + 1000.0 * I
2025-08-25 02:42:42,854 - DEBUG -    H_lm条件数: 1.04e+00
2025-08-25 02:42:42,854 - DEBUG - 🔍 线性方程组求解成功:
2025-08-25 02:42:42,854 - DEBUG -    参数更新向量 Δθ: [[-1.25929243e-04]
 [-1.45115798e-04]
 [ 2.78160336e-05]
 [ 1.61653610e-04]]
2025-08-25 02:42:42,854 - DEBUG -    更新向量范数: 0.000253
2025-08-25 02:42:42,855 - DEBUG -    各分量更新: Δc_x=-0.000126, Δc_y=-0.000145, Δc_z=0.000028, Δr=0.000162
2025-08-25 02:42:42,855 - DEBUG -    参数更新:
2025-08-25 02:42:42,855 - DEBUG -      旧参数: [[-0.01121843]
 [-0.0410232 ]
 [ 0.60475343]
 [ 0.01679497]]
2025-08-25 02:42:42,856 - DEBUG -      更新向量: [[-1.25929243e-04]
 [-1.45115798e-04]
 [ 2.78160336e-05]
 [ 1.61653610e-04]]
2025-08-25 02:42:42,856 - DEBUG -      新参数: [[-0.01134435]
 [-0.04116831]
 [ 0.60478124]
 [ 0.01695663]]
2025-08-25 02:42:42,856 - INFO - -----------------------------------------------------------------------------------
2025-08-25 02:42:42,856 - INFO - 🔍 迭代第12次，球心向右0.125929mm，向上0.145116mm，向后0.027816mm，半径变大0.161654mm
2025-08-25 02:42:42,856 - INFO - 📊 变化前: 中心(-0.011, -0.041, 0.605), 半径16.79mm
2025-08-25 02:42:42,856 - INFO - 📊 变化后: 中心(-0.011, -0.041, 0.605), 半径16.96mm
2025-08-25 02:42:42,856 - INFO - 📈 变化量: 中心移动0.19mm, 半径变化0.16mm
2025-08-25 02:42:42,856 - INFO - 📍 眼球中心: [-0.01121843 -0.0410232   0.60475343]
2025-08-25 02:42:42,856 - INFO - 📏 眼球半径: 16.79mm
2025-08-25 02:42:42,856 - INFO - 👁️ 瞳孔中心: [ 0.00266667 -0.02266667  0.60000002]
2025-08-25 02:42:42,856 - INFO - 📐 眼球中心在瞳孔中心的左13.89mm，上18.36mm，后4.75mm
2025-08-25 02:42:42,856 - INFO - 📏 距离: 23.50mm
2025-08-25 02:42:42,856 - INFO - -----------------------------------------------------------------------------------
2025-08-25 02:42:42,856 - INFO - -----------------------------------------------------------------------------------
2025-08-25 02:42:42,856 - DEBUG - 🔍 参数有效性检查:
2025-08-25 02:42:42,856 - DEBUG -    参数向量: [[-0.01134435]
 [-0.04116831]
 [ 0.60478124]
 [ 0.01695663]]
2025-08-25 02:42:42,856 - DEBUG -    球心: [-0.01134435 -0.04116831  0.60478124]
2025-08-25 02:42:42,859 - DEBUG -    半径: 0.016957
2025-08-25 02:42:42,859 - DEBUG - 🔍 函数值计算详情:
2025-08-25 02:42:42,859 - DEBUG -    数据项 F(θ): 0.001809
2025-08-25 02:42:42,859 - DEBUG -    深度约束项: 0.000001
2025-08-25 02:42:42,859 - DEBUG -    半径先验项: 0.000115
2025-08-25 02:42:42,859 - DEBUG -    总函数值 Φ(θ): 0.001926
2025-08-25 02:42:42,859 - DEBUG -    函数值改善: -0.000011
2025-08-25 02:42:42,859 - DEBUG - 🔍 参数有效: False
2025-08-25 02:42:42,859 - DEBUG -    参数无效，阻尼因子调整: λ_LM = 1.00e+04
2025-08-25 02:42:42,859 - DEBUG - 🔍 迭代 14/30:
2025-08-25 02:42:42,859 - DEBUG - 🔍 计算点到球心距离: 形状=(21,)
2025-08-25 02:42:42,859 - DEBUG - 🔍 生理偏差向量计算:
2025-08-25 02:42:42,859 - DEBUG -    点类型列表: ['pupil_center', 'iris_boundaries', 'iris_boundaries', 'iris_boundaries', 'iris_boundaries', 'eye_contours', 'eye_contours', 'eye_contours', 'eye_contours', 'eye_contours', 'eye_contours', 'eye_contours', 'eye_contours', 'eye_contours', 'eye_contours', 'eye_contours', 'eye_contours', 'eye_contours', 'eye_contours', 'eye_contours', 'eye_contours']
2025-08-25 02:42:42,859 - DEBUG -    偏差向量: [0.0002  0.00085 0.00085 0.00085 0.00085 0.0015  0.0015  0.0015  0.0015
 0.0015  0.0015  0.0015  0.0015  0.0015  0.0015  0.0015  0.0015  0.0015
 0.0015  0.0015  0.0015 ]
2025-08-25 02:42:42,859 - DEBUG -    向量形状: (21,)
2025-08-25 02:42:42,859 - DEBUG -    偏差统计: 均值=0.001314, 标准差=0.000356
2025-08-25 02:42:42,859 - DEBUG - 获取生理偏差: 点类型=['pupil_center', 'iris_boundaries', 'iris_boundaries', 'iris_boundaries', 'iris_boundaries', 'eye_contours', 'eye_contours', 'eye_contours', 'eye_contours', 'eye_contours', 'eye_contours', 'eye_contours', 'eye_contours', 'eye_contours', 'eye_contours', 'eye_contours', 'eye_contours', 'eye_contours', 'eye_contours', 'eye_contours', 'eye_contours'], 偏差值=[0.0002  0.00085 0.00085 0.00085 0.00085 0.0015  0.0015  0.0015  0.0015
 0.0015  0.0015  0.0015  0.0015  0.0015  0.0015  0.0015  0.0015  0.0015
 0.0015  0.0015  0.0015 ]
2025-08-25 02:42:42,859 - INFO - -----------------------------------------------------------------------------------
2025-08-25 02:42:42,859 - DEBUG - 🔍 拟合残差计算详情:
2025-08-25 02:42:42,859 - DEBUG -    球心坐标: [-0.01121843 -0.0410232   0.60475343]
2025-08-25 02:42:42,859 - DEBUG -    球体半径: 0.016795
2025-08-25 02:42:42,859 - DEBUG -    采样点数: 21
2025-08-25 02:42:42,864 - DEBUG -    点类型分布: {'eye_contours': 16, 'iris_boundaries': 4, 'pupil_center': 1}
2025-08-25 02:42:42,864 - DEBUG -    理论距离向量: [0.01699497 0.01764497 0.01764497 0.01764497 0.01764497 0.01829497
 0.01829497 0.01829497 0.01829497 0.01829497 0.01829497 0.01829497
 0.01829497 0.01829497 0.01829497 0.01829497 0.01829497 0.01829497
 0.01829497 0.01829497 0.01829497]
2025-08-25 02:42:42,865 - DEBUG -    实际距离向量: [0.02350219 0.03101196 0.01710992 0.02112886 0.03307241 0.0245821
 0.02557561 0.02647901 0.0281853  0.03117501 0.03472138 0.03892664
 0.04256744 0.04442702 0.04037539 0.03287226 0.02438996 0.01864525
 0.01745805 0.01997228 0.02227752]
2025-08-25 02:42:42,865 - DEBUG -    生理偏差向量: [0.0002  0.00085 0.00085 0.00085 0.00085 0.0015  0.0015  0.0015  0.0015
 0.0015  0.0015  0.0015  0.0015  0.0015  0.0015  0.0015  0.0015  0.0015
 0.0015  0.0015  0.0015 ]
2025-08-25 02:42:42,865 - DEBUG -    残差向量 f(θ): 
[[ 0.00650721]
 [ 0.01336699]
 [-0.00053505]
 [ 0.00348389]
 [ 0.01542744]
 [ 0.00628712]
 [ 0.00728063]
 [ 0.00818404]
 [ 0.00989032]
 [ 0.01288003]
 [ 0.01642641]
 [ 0.02063166]
 [ 0.02427247]
 [ 0.02613205]
 [ 0.02208041]
 [ 0.01457729]
 [ 0.00609498]
 [ 0.00035027]
 [-0.00083692]
 [ 0.00167731]
 [ 0.00398255]]
2025-08-25 02:42:42,865 - DEBUG -    平均残差范数: 0.002865
2025-08-25 02:42:42,865 - DEBUG -    残差范数=0.060157
2025-08-25 02:42:42,865 - INFO - -----------------------------------------------------------------------------------
2025-08-25 02:42:42,865 - DEBUG - 🔍 深度约束计算详情 (softplus):
2025-08-25 02:42:42,865 - DEBUG -    采样点Z坐标范围: [0.600000, 0.601637]
2025-08-25 02:42:42,865 - DEBUG -    球心Z坐标: 0.604753
2025-08-25 02:42:42,865 - DEBUG -    深度偏移ε: 0.000200
2025-08-25 02:42:42,865 - DEBUG -    softplus参数τ: 0.001000
2025-08-25 02:42:42,865 - DEBUG -    原始违反值: -0.002916
2025-08-25 02:42:42,865 - DEBUG -    softplus输入 u: -2.915944
2025-08-25 02:42:42,865 - DEBUG -    约束惩罚 h(θ): 0.000053
2025-08-25 02:42:42,865 - DEBUG -    🟢 深度约束满足: 球心深度足够
2025-08-25 02:42:42,865 - INFO - -----------------------------------------------------------------------------------
2025-08-25 02:42:42,865 - DEBUG - 🔍 半径惩罚计算详情:
2025-08-25 02:42:42,865 - DEBUG -    当前半径: 0.016795
2025-08-25 02:42:42,865 - DEBUG -    半径先验值: 0.012000
2025-08-25 02:42:42,865 - DEBUG -    半径残差 r(θ): 0.004795
2025-08-25 02:42:42,865 - DEBUG -    数据残差 f(θ): [[ 0.00650721]
 [ 0.01336699]
 [-0.00053505]
 [ 0.00348389]
 [ 0.01542744]
 [ 0.00628712]
 [ 0.00728063]
 [ 0.00818404]
 [ 0.00989032]
 [ 0.01288003]
 [ 0.01642641]
 [ 0.02063166]
 [ 0.02427247]
 [ 0.02613205]
 [ 0.02208041]
 [ 0.01457729]
 [ 0.00609498]
 [ 0.00035027]
 [-0.00083692]
 [ 0.00167731]
 [ 0.00398255]]
2025-08-25 02:42:42,865 - DEBUG -    约束残差 g(θ): [[5.2737501e-05]]
2025-08-25 02:42:42,865 - DEBUG -    半径残差 r(θ): [[0.00479497]]
2025-08-25 02:42:42,865 - DEBUG - 🔍 状态变化计算: 参数变化=0.000000, 残差变化=0.000000
2025-08-25 02:42:42,865 - INFO - -----------------------------------------------------------------------------------
2025-08-25 02:42:42,865 - DEBUG - 🔍 权重管理器状态更新详情:
2025-08-25 02:42:42,865 - DEBUG -    当前迭代: 13
2025-08-25 02:42:42,865 - DEBUG -    参数变化: 0.000000 (阈值: 0.000005)
2025-08-25 02:42:42,870 - DEBUG -    残差变化: 0.000000 (阈值: 0.000005)
2025-08-25 02:42:42,870 - DEBUG -    几何权重因子: 10
2025-08-25 02:42:42,870 - DEBUG - ⏸️ 保持图像置信度权重: 参数变化=0.00e+00, 残差变化=0.00e+00
2025-08-25 02:42:42,870 - DEBUG - 状态已保存: 参数=[-0.01121843 -0.0410232   0.60475343  0.01679497], 残差范数=0.060157
2025-08-25 02:42:42,870 - DEBUG - 🔍 获取visibility信息: 形状=(21,), 范围=[1.000, 1.000]
2025-08-25 02:42:42,872 - DEBUG - 🔧 设置图像置信度权重: 21个点
2025-08-25 02:42:42,872 - DEBUG - 🔍 开始计算权重矩阵:
2025-08-25 02:42:42,872 - DEBUG -    点类型: ['pupil_center', 'iris_boundaries', 'iris_boundaries', 'iris_boundaries', 'iris_boundaries', 'eye_contours', 'eye_contours', 'eye_contours', 'eye_contours', 'eye_contours', 'eye_contours', 'eye_contours', 'eye_contours', 'eye_contours', 'eye_contours', 'eye_contours', 'eye_contours', 'eye_contours', 'eye_contours', 'eye_contours', 'eye_contours']
2025-08-25 02:42:42,872 - DEBUG -    残差向量: 形状=(21,), 范数=0.060157
2025-08-25 02:42:42,872 - DEBUG -    Visibility: 形状=(21,), 均值=1.000
2025-08-25 02:42:42,872 - DEBUG - 🔍 权重矩阵计算成功: 形状=(21, 21)
2025-08-25 02:42:42,872 - DEBUG - 🔍 几何权重统计:
2025-08-25 02:42:42,872 - DEBUG -    权重向量: [[1.]
 [1.]
 [1.]
 [1.]
 [1.]
 [1.]
 [1.]
 [1.]
 [1.]
 [1.]
 [1.]
 [1.]
 [1.]
 [1.]
 [1.]
 [1.]
 [1.]
 [1.]
 [1.]
 [1.]
 [1.]]
2025-08-25 02:42:42,872 - DEBUG -    权重范围: [1.000000, 1.000000]
2025-08-25 02:42:42,872 - DEBUG -    权重均值: 1.000000
2025-08-25 02:42:42,876 - DEBUG -    权重标准差: 0.000000
2025-08-25 02:42:42,876 - DEBUG -    高权重点(>0.8): 21/21
2025-08-25 02:42:42,876 - DEBUG -    低权重点(<0.2): 0/21
2025-08-25 02:42:42,876 - INFO - -----------------------------------------------------------------------------------
2025-08-25 02:42:42,876 - DEBUG - 🔍 开始求解LM更新方程:
2025-08-25 02:42:42,876 - DEBUG -    数据残差: 形状=(21,), 范数=0.060157
2025-08-25 02:42:42,876 - DEBUG -    约束残差: 形状=(1,), 范数=0.000053
2025-08-25 02:42:42,876 - DEBUG - 🔍 计算数据残差雅可比矩阵 J_f: 形状=(21, 4)
2025-08-25 02:42:42,876 - DEBUG - 🔍 J_f矩阵计算完成: 条件数=2.90e+01
2025-08-25 02:42:42,876 - DEBUG - 🔍 深度约束雅可比计算: u=-2.915944, σ=0.051371, J_h=[[ 0.          0.         -0.05137101  0.        ]]
2025-08-25 02:42:42,876 - DEBUG - 🔍 半径先验雅可比: J_r=[[0. 0. 0. 1.]]
2025-08-25 02:42:42,876 - DEBUG - 🔍 使用几何权重矩阵: 形状=(21, 21)
2025-08-25 02:42:42,876 - DEBUG - 🔍 Hessian矩阵计算:
2025-08-25 02:42:42,876 - DEBUG -    H_data = J_f^T W J_f: 形状=(4, 4), 条件数=8.40e+02
2025-08-25 02:42:42,876 - DEBUG -    H_h = λ_depth J_h^T J_h: 形状=(4, 4), λ_depth=1000.0
2025-08-25 02:42:42,876 - DEBUG -    H_r = λ_radius J_r^T J_r: 形状=(4, 4), λ_radius=10.0
2025-08-25 02:42:42,876 - DEBUG -    H_total: 形状=(4, 4), 条件数=1.77e+01
2025-08-25 02:42:42,876 - DEBUG - 🔍 梯度计算:
2025-08-25 02:42:42,876 - DEBUG -    g_data: 形状=(4,), 范数=0.295906
2025-08-25 02:42:42,876 - DEBUG -    g_h: 形状=(4,), 范数=0.002709
2025-08-25 02:42:42,876 - DEBUG -    g_r: 形状=(4,), 范数=0.047950
2025-08-25 02:42:42,876 - DEBUG -    g_total: 形状=(4,), 范数=0.262845
2025-08-25 02:42:42,876 - DEBUG - 🔍 LM阻尼矩阵: H_lm = H_total + 10000.0 * I
2025-08-25 02:42:42,881 - DEBUG -    H_lm条件数: 1.00e+00
2025-08-25 02:42:42,881 - DEBUG - 🔍 线性方程组求解成功:
2025-08-25 02:42:42,881 - DEBUG -    参数更新向量 Δθ: [[-1.28727369e-05]
 [-1.49857726e-05]
 [ 2.88449566e-06]
 [ 1.69321334e-05]]
2025-08-25 02:42:42,881 - DEBUG -    更新向量范数: 0.000026
2025-08-25 02:42:42,881 - DEBUG -    各分量更新: Δc_x=-0.000013, Δc_y=-0.000015, Δc_z=0.000003, Δr=0.000017
2025-08-25 02:42:42,881 - DEBUG -    参数更新:
2025-08-25 02:42:42,881 - DEBUG -      旧参数: [[-0.01121843]
 [-0.0410232 ]
 [ 0.60475343]
 [ 0.01679497]]
2025-08-25 02:42:42,881 - DEBUG -      更新向量: [[-1.28727369e-05]
 [-1.49857726e-05]
 [ 2.88449566e-06]
 [ 1.69321334e-05]]
2025-08-25 02:42:42,881 - DEBUG -      新参数: [[-0.0112313 ]
 [-0.04103818]
 [ 0.60475631]
 [ 0.01681191]]
2025-08-25 02:42:42,881 - INFO - -----------------------------------------------------------------------------------
2025-08-25 02:42:42,881 - INFO - 🔍 迭代第13次，球心向右0.012873mm，向上0.014986mm，向后0.002884mm，半径变大0.016932mm
2025-08-25 02:42:42,881 - INFO - 📊 变化前: 中心(-0.011, -0.041, 0.605), 半径16.79mm
2025-08-25 02:42:42,881 - INFO - 📊 变化后: 中心(-0.011, -0.041, 0.605), 半径16.81mm
2025-08-25 02:42:42,881 - INFO - 📈 变化量: 中心移动0.02mm, 半径变化0.02mm
2025-08-25 02:42:42,883 - INFO - 📍 眼球中心: [-0.01121843 -0.0410232   0.60475343]
2025-08-25 02:42:42,883 - INFO - 📏 眼球半径: 16.79mm
2025-08-25 02:42:42,883 - INFO - 👁️ 瞳孔中心: [ 0.00266667 -0.02266667  0.60000002]
2025-08-25 02:42:42,883 - INFO - 📐 眼球中心在瞳孔中心的左13.89mm，上18.36mm，后4.75mm
2025-08-25 02:42:42,883 - INFO - 📏 距离: 23.50mm
2025-08-25 02:42:42,883 - INFO - -----------------------------------------------------------------------------------
2025-08-25 02:42:42,883 - INFO - -----------------------------------------------------------------------------------
2025-08-25 02:42:42,883 - DEBUG - 🔍 参数有效性检查:
2025-08-25 02:42:42,883 - DEBUG -    参数向量: [[-0.0112313 ]
 [-0.04103818]
 [ 0.60475631]
 [ 0.01681191]]
2025-08-25 02:42:42,883 - DEBUG -    球心: [-0.0112313  -0.04103818  0.60475631]
2025-08-25 02:42:42,883 - DEBUG -    半径: 0.016812
2025-08-25 02:42:42,883 - DEBUG - 🔍 函数值计算详情:
2025-08-25 02:42:42,885 - DEBUG -    数据项 F(θ): 0.001809
2025-08-25 02:42:42,885 - DEBUG -    深度约束项: 0.000001
2025-08-25 02:42:42,885 - DEBUG -    半径先验项: 0.000115
2025-08-25 02:42:42,885 - DEBUG -    总函数值 Φ(θ): 0.001926
2025-08-25 02:42:42,885 - DEBUG -    函数值改善: 0.000000
2025-08-25 02:42:42,885 - DEBUG - 🔍 参数有效: True
2025-08-25 02:42:42,885 - DEBUG -    参数更新成功:
2025-08-25 02:42:42,885 - DEBUG -      新球心: [-0.0112313  -0.04103818  0.60475631]
2025-08-25 02:42:42,885 - DEBUG -      新半径: 0.016812
2025-08-25 02:42:42,885 - INFO - -----------------------------------------------------------------------------------
2025-08-25 02:42:42,885 - DEBUG - 🔍 LM收敛性检查:
2025-08-25 02:42:42,885 - DEBUG -    当前迭代次数: 13
2025-08-25 02:42:42,887 - DEBUG -    最大迭代次数: 30
2025-08-25 02:42:42,887 - DEBUG -    参数变化: 0.000026
2025-08-25 02:42:42,887 - DEBUG -    参数容忍度: 5e-06
2025-08-25 02:42:42,889 - DEBUG -    残差变化: 0.000000
2025-08-25 02:42:42,889 - DEBUG -    残差容忍度: 5e-06
2025-08-25 02:42:42,889 - DEBUG - 🔍 迭代 15/30:
2025-08-25 02:42:42,889 - DEBUG - 🔍 计算点到球心距离: 形状=(21,)
2025-08-25 02:42:42,889 - DEBUG - 🔍 生理偏差向量计算:
2025-08-25 02:42:42,891 - DEBUG -    点类型列表: ['pupil_center', 'iris_boundaries', 'iris_boundaries', 'iris_boundaries', 'iris_boundaries', 'eye_contours', 'eye_contours', 'eye_contours', 'eye_contours', 'eye_contours', 'eye_contours', 'eye_contours', 'eye_contours', 'eye_contours', 'eye_contours', 'eye_contours', 'eye_contours', 'eye_contours', 'eye_contours', 'eye_contours', 'eye_contours']
2025-08-25 02:42:42,891 - DEBUG -    偏差向量: [0.0002  0.00085 0.00085 0.00085 0.00085 0.0015  0.0015  0.0015  0.0015
 0.0015  0.0015  0.0015  0.0015  0.0015  0.0015  0.0015  0.0015  0.0015
 0.0015  0.0015  0.0015 ]
2025-08-25 02:42:42,891 - DEBUG -    向量形状: (21,)
2025-08-25 02:42:42,891 - DEBUG -    偏差统计: 均值=0.001314, 标准差=0.000356
2025-08-25 02:42:42,891 - DEBUG - 获取生理偏差: 点类型=['pupil_center', 'iris_boundaries', 'iris_boundaries', 'iris_boundaries', 'iris_boundaries', 'eye_contours', 'eye_contours', 'eye_contours', 'eye_contours', 'eye_contours', 'eye_contours', 'eye_contours', 'eye_contours', 'eye_contours', 'eye_contours', 'eye_contours', 'eye_contours', 'eye_contours', 'eye_contours', 'eye_contours', 'eye_contours'], 偏差值=[0.0002  0.00085 0.00085 0.00085 0.00085 0.0015  0.0015  0.0015  0.0015
 0.0015  0.0015  0.0015  0.0015  0.0015  0.0015  0.0015  0.0015  0.0015
 0.0015  0.0015  0.0015 ]
2025-08-25 02:42:42,891 - INFO - -----------------------------------------------------------------------------------
2025-08-25 02:42:42,891 - DEBUG - 🔍 拟合残差计算详情:
2025-08-25 02:42:42,891 - DEBUG -    球心坐标: [-0.0112313  -0.04103818  0.60475631]
2025-08-25 02:42:42,891 - DEBUG -    球体半径: 0.016812
2025-08-25 02:42:42,891 - DEBUG -    采样点数: 21
2025-08-25 02:42:42,891 - DEBUG -    点类型分布: {'eye_contours': 16, 'iris_boundaries': 4, 'pupil_center': 1}
2025-08-25 02:42:42,891 - DEBUG -    理论距离向量: [0.01701191 0.01766191 0.01766191 0.01766191 0.01766191 0.01831191
 0.01831191 0.01831191 0.01831191 0.01831191 0.01831191 0.01831191
 0.01831191 0.01831191 0.01831191 0.01831191 0.01831191 0.01831191
 0.01831191 0.01831191 0.01831191]
2025-08-25 02:42:42,891 - DEBUG -    实际距离向量: [0.02352208 0.03103151 0.01712926 0.0211461  0.03309179 0.024592
 0.02558826 0.02649391 0.02820253 0.03119427 0.03474134 0.03894631
 0.04258663 0.04444587 0.0403941  0.03289101 0.0244094  0.01866508
 0.01747494 0.01998556 0.02228878]
2025-08-25 02:42:42,891 - DEBUG -    生理偏差向量: [0.0002  0.00085 0.00085 0.00085 0.00085 0.0015  0.0015  0.0015  0.0015
 0.0015  0.0015  0.0015  0.0015  0.0015  0.0015  0.0015  0.0015  0.0015
 0.0015  0.0015  0.0015 ]
2025-08-25 02:42:42,891 - DEBUG -    残差向量 f(θ): 
[[ 0.00651017]
 [ 0.0133696 ]
 [-0.00053265]
 [ 0.00348419]
 [ 0.01542989]
 [ 0.00628009]
 [ 0.00727636]
 [ 0.008182  ]
 [ 0.00989062]
 [ 0.01288237]
 [ 0.01642943]
 [ 0.0206344 ]
 [ 0.02427473]
 [ 0.02613396]
 [ 0.02208219]
 [ 0.01457911]
 [ 0.00609749]
 [ 0.00035317]
 [-0.00083697]
 [ 0.00167365]
 [ 0.00397688]]
2025-08-25 02:42:42,891 - DEBUG -    平均残差范数: 0.002865
2025-08-25 02:42:42,891 - DEBUG -    残差范数=0.060162
2025-08-25 02:42:42,891 - INFO - -----------------------------------------------------------------------------------
2025-08-25 02:42:42,891 - DEBUG - 🔍 深度约束计算详情 (softplus):
2025-08-25 02:42:42,891 - DEBUG -    采样点Z坐标范围: [0.600000, 0.601637]
2025-08-25 02:42:42,891 - DEBUG -    球心Z坐标: 0.604756
2025-08-25 02:42:42,891 - DEBUG -    深度偏移ε: 0.000200
2025-08-25 02:42:42,891 - DEBUG -    softplus参数τ: 0.001000
2025-08-25 02:42:42,891 - DEBUG -    原始违反值: -0.002919
2025-08-25 02:42:42,891 - DEBUG -    softplus输入 u: -2.918828
2025-08-25 02:42:42,891 - DEBUG -    约束惩罚 h(θ): 0.000053
2025-08-25 02:42:42,891 - DEBUG -    🟢 深度约束满足: 球心深度足够
2025-08-25 02:42:42,897 - INFO - -----------------------------------------------------------------------------------
2025-08-25 02:42:42,897 - DEBUG - 🔍 半径惩罚计算详情:
2025-08-25 02:42:42,897 - DEBUG -    当前半径: 0.016812
2025-08-25 02:42:42,897 - DEBUG -    半径先验值: 0.012000
2025-08-25 02:42:42,897 - DEBUG -    半径残差 r(θ): 0.004812
2025-08-25 02:42:42,897 - DEBUG -    数据残差 f(θ): [[ 0.00651017]
 [ 0.0133696 ]
 [-0.00053265]
 [ 0.00348419]
 [ 0.01542989]
 [ 0.00628009]
 [ 0.00727636]
 [ 0.008182  ]
 [ 0.00989062]
 [ 0.01288237]
 [ 0.01642943]
 [ 0.0206344 ]
 [ 0.02427473]
 [ 0.02613396]
 [ 0.02208219]
 [ 0.01457911]
 [ 0.00609749]
 [ 0.00035317]
 [-0.00083697]
 [ 0.00167365]
 [ 0.00397688]]
2025-08-25 02:42:42,897 - DEBUG -    约束残差 g(θ): [[5.25895241e-05]]
2025-08-25 02:42:42,897 - DEBUG -    半径残差 r(θ): [[0.00481191]]
2025-08-25 02:42:42,897 - DEBUG - 🔍 状态变化计算: 参数变化=0.000026, 残差变化=0.000005
2025-08-25 02:42:42,897 - INFO - -----------------------------------------------------------------------------------
2025-08-25 02:42:42,897 - DEBUG - 🔍 权重管理器状态更新详情:
2025-08-25 02:42:42,897 - DEBUG -    当前迭代: 14
2025-08-25 02:42:42,897 - DEBUG -    参数变化: 0.000026 (阈值: 0.000005)
2025-08-25 02:42:42,897 - DEBUG -    残差变化: 0.000005 (阈值: 0.000005)
2025-08-25 02:42:42,897 - DEBUG -    几何权重因子: 10
2025-08-25 02:42:42,897 - DEBUG - ⏸️ 保持图像置信度权重: 参数变化=2.62e-05, 残差变化=4.94e-06
2025-08-25 02:42:42,897 - DEBUG - 状态已保存: 参数=[-0.0112313  -0.04103818  0.60475631  0.01681191], 残差范数=0.060162
2025-08-25 02:42:42,897 - DEBUG - 🔍 获取visibility信息: 形状=(21,), 范围=[1.000, 1.000]
2025-08-25 02:42:42,897 - DEBUG - 🔧 设置图像置信度权重: 21个点
2025-08-25 02:42:42,897 - DEBUG - 🔍 开始计算权重矩阵:
2025-08-25 02:42:42,897 - DEBUG -    点类型: ['pupil_center', 'iris_boundaries', 'iris_boundaries', 'iris_boundaries', 'iris_boundaries', 'eye_contours', 'eye_contours', 'eye_contours', 'eye_contours', 'eye_contours', 'eye_contours', 'eye_contours', 'eye_contours', 'eye_contours', 'eye_contours', 'eye_contours', 'eye_contours', 'eye_contours', 'eye_contours', 'eye_contours', 'eye_contours']
2025-08-25 02:42:42,897 - DEBUG -    残差向量: 形状=(21,), 范数=0.060162
2025-08-25 02:42:42,897 - DEBUG -    Visibility: 形状=(21,), 均值=1.000
2025-08-25 02:42:42,897 - DEBUG - 🔍 权重矩阵计算成功: 形状=(21, 21)
2025-08-25 02:42:42,897 - DEBUG - 🔍 几何权重统计:
2025-08-25 02:42:42,897 - DEBUG -    权重向量: [[1.]
 [1.]
 [1.]
 [1.]
 [1.]
 [1.]
 [1.]
 [1.]
 [1.]
 [1.]
 [1.]
 [1.]
 [1.]
 [1.]
 [1.]
 [1.]
 [1.]
 [1.]
 [1.]
 [1.]
 [1.]]
2025-08-25 02:42:42,897 - DEBUG -    权重范围: [1.000000, 1.000000]
2025-08-25 02:42:42,904 - DEBUG -    权重均值: 1.000000
2025-08-25 02:42:42,906 - DEBUG -    权重标准差: 0.000000
2025-08-25 02:42:42,907 - DEBUG -    高权重点(>0.8): 21/21
2025-08-25 02:42:42,908 - DEBUG -    低权重点(<0.2): 0/21
2025-08-25 02:42:42,908 - INFO - -----------------------------------------------------------------------------------
2025-08-25 02:42:42,908 - DEBUG - 🔍 开始求解LM更新方程:
2025-08-25 02:42:42,908 - DEBUG -    数据残差: 形状=(21,), 范数=0.060162
2025-08-25 02:42:42,908 - DEBUG -    约束残差: 形状=(1,), 范数=0.000053
2025-08-25 02:42:42,908 - DEBUG - 🔍 计算数据残差雅可比矩阵 J_f: 形状=(21, 4)
2025-08-25 02:42:42,908 - DEBUG - 🔍 J_f矩阵计算完成: 条件数=2.90e+01
2025-08-25 02:42:42,908 - DEBUG - 🔍 深度约束雅可比计算: u=-2.918828, σ=0.051231, J_h=[[ 0.          0.         -0.05123062  0.        ]]
2025-08-25 02:42:42,908 - DEBUG - 🔍 半径先验雅可比: J_r=[[0. 0. 0. 1.]]
2025-08-25 02:42:42,908 - DEBUG - 🔍 使用几何权重矩阵: 形状=(21, 21)
2025-08-25 02:42:42,908 - DEBUG - 🔍 Hessian矩阵计算:
2025-08-25 02:42:42,908 - DEBUG -    H_data = J_f^T W J_f: 形状=(4, 4), 条件数=8.42e+02
2025-08-25 02:42:42,912 - DEBUG -    H_h = λ_depth J_h^T J_h: 形状=(4, 4), λ_depth=1000.0
2025-08-25 02:42:42,912 - DEBUG -    H_r = λ_radius J_r^T J_r: 形状=(4, 4), λ_radius=10.0
2025-08-25 02:42:42,912 - DEBUG -    H_total: 形状=(4, 4), 条件数=1.78e+01
2025-08-25 02:42:42,913 - DEBUG - 🔍 梯度计算:
2025-08-25 02:42:42,913 - DEBUG -    g_data: 形状=(4,), 范数=0.295940
2025-08-25 02:42:42,913 - DEBUG -    g_h: 形状=(4,), 范数=0.002694
2025-08-25 02:42:42,913 - DEBUG -    g_r: 形状=(4,), 范数=0.048119
2025-08-25 02:42:42,913 - DEBUG -    g_total: 形状=(4,), 范数=0.262770
2025-08-25 02:42:42,914 - DEBUG - 🔍 LM阻尼矩阵: H_lm = H_total + 10000.0 * I
2025-08-25 02:42:42,914 - DEBUG -    H_lm条件数: 1.00e+00
2025-08-25 02:42:42,914 - DEBUG - 🔍 线性方程组求解成功:
2025-08-25 02:42:42,914 - DEBUG -    参数更新向量 Δθ: [[-1.28770587e-05]
 [-1.49873240e-05]
 [ 2.88355932e-06]
 [ 1.69161959e-05]]
2025-08-25 02:42:42,916 - DEBUG -    更新向量范数: 0.000026
2025-08-25 02:42:42,916 - DEBUG -    各分量更新: Δc_x=-0.000013, Δc_y=-0.000015, Δc_z=0.000003, Δr=0.000017
2025-08-25 02:42:42,916 - DEBUG -    参数更新:
2025-08-25 02:42:42,918 - DEBUG -      旧参数: [[-0.0112313 ]
 [-0.04103818]
 [ 0.60475631]
 [ 0.01681191]]
2025-08-25 02:42:42,918 - DEBUG -      更新向量: [[-1.28770587e-05]
 [-1.49873240e-05]
 [ 2.88355932e-06]
 [ 1.69161959e-05]]
2025-08-25 02:42:42,918 - DEBUG -      新参数: [[-0.01124418]
 [-0.04105317]
 [ 0.60475919]
 [ 0.01682882]]
2025-08-25 02:42:42,918 - INFO - -----------------------------------------------------------------------------------
2025-08-25 02:42:42,918 - INFO - 🔍 迭代第14次，球心向右0.012877mm，向上0.014987mm，向后0.002884mm，半径变大0.016916mm
2025-08-25 02:42:42,919 - INFO - 📊 变化前: 中心(-0.011, -0.041, 0.605), 半径16.81mm
2025-08-25 02:42:42,919 - INFO - 📊 变化后: 中心(-0.011, -0.041, 0.605), 半径16.83mm
2025-08-25 02:42:42,920 - INFO - 📈 变化量: 中心移动0.02mm, 半径变化0.02mm
2025-08-25 02:42:42,922 - INFO - 📍 眼球中心: [-0.0112313  -0.04103818  0.60475631]
2025-08-25 02:42:42,922 - INFO - 📏 眼球半径: 16.81mm
2025-08-25 02:42:42,922 - INFO - 👁️ 瞳孔中心: [ 0.00266667 -0.02266667  0.60000002]
2025-08-25 02:42:42,922 - INFO - 📐 眼球中心在瞳孔中心的左13.90mm，上18.37mm，后4.76mm
2025-08-25 02:42:42,922 - INFO - 📏 距离: 23.52mm
2025-08-25 02:42:42,922 - INFO - -----------------------------------------------------------------------------------
2025-08-25 02:42:42,922 - INFO - -----------------------------------------------------------------------------------
2025-08-25 02:42:42,922 - DEBUG - 🔍 参数有效性检查:
2025-08-25 02:42:42,922 - DEBUG -    参数向量: [[-0.01124418]
 [-0.04105317]
 [ 0.60475919]
 [ 0.01682882]]
2025-08-25 02:42:42,922 - DEBUG -    球心: [-0.01124418 -0.04105317  0.60475919]
2025-08-25 02:42:42,922 - DEBUG -    半径: 0.016829
2025-08-25 02:42:42,922 - DEBUG - 🔍 函数值计算详情:
2025-08-25 02:42:42,922 - DEBUG -    数据项 F(θ): 0.001810
2025-08-25 02:42:42,922 - DEBUG -    深度约束项: 0.000001
2025-08-25 02:42:42,922 - DEBUG -    半径先验项: 0.000116
2025-08-25 02:42:42,922 - DEBUG -    总函数值 Φ(θ): 0.001927
2025-08-25 02:42:42,922 - DEBUG -    函数值改善: -0.000001
2025-08-25 02:42:42,922 - DEBUG - 🔍 参数有效: False
2025-08-25 02:42:42,922 - DEBUG -    参数无效，阻尼因子调整: λ_LM = 1.00e+05
2025-08-25 02:42:42,922 - DEBUG - 🔍 迭代 16/30:
2025-08-25 02:42:42,922 - DEBUG - 🔍 计算点到球心距离: 形状=(21,)
2025-08-25 02:42:42,922 - DEBUG - 🔍 生理偏差向量计算:
2025-08-25 02:42:42,922 - DEBUG -    点类型列表: ['pupil_center', 'iris_boundaries', 'iris_boundaries', 'iris_boundaries', 'iris_boundaries', 'eye_contours', 'eye_contours', 'eye_contours', 'eye_contours', 'eye_contours', 'eye_contours', 'eye_contours', 'eye_contours', 'eye_contours', 'eye_contours', 'eye_contours', 'eye_contours', 'eye_contours', 'eye_contours', 'eye_contours', 'eye_contours']
2025-08-25 02:42:42,922 - DEBUG -    偏差向量: [0.0002  0.00085 0.00085 0.00085 0.00085 0.0015  0.0015  0.0015  0.0015
 0.0015  0.0015  0.0015  0.0015  0.0015  0.0015  0.0015  0.0015  0.0015
 0.0015  0.0015  0.0015 ]
2025-08-25 02:42:42,922 - DEBUG -    向量形状: (21,)
2025-08-25 02:42:42,922 - DEBUG -    偏差统计: 均值=0.001314, 标准差=0.000356
2025-08-25 02:42:42,929 - DEBUG - 获取生理偏差: 点类型=['pupil_center', 'iris_boundaries', 'iris_boundaries', 'iris_boundaries', 'iris_boundaries', 'eye_contours', 'eye_contours', 'eye_contours', 'eye_contours', 'eye_contours', 'eye_contours', 'eye_contours', 'eye_contours', 'eye_contours', 'eye_contours', 'eye_contours', 'eye_contours', 'eye_contours', 'eye_contours', 'eye_contours', 'eye_contours'], 偏差值=[0.0002  0.00085 0.00085 0.00085 0.00085 0.0015  0.0015  0.0015  0.0015
 0.0015  0.0015  0.0015  0.0015  0.0015  0.0015  0.0015  0.0015  0.0015
 0.0015  0.0015  0.0015 ]
2025-08-25 02:42:42,929 - INFO - -----------------------------------------------------------------------------------
2025-08-25 02:42:42,929 - DEBUG - 🔍 拟合残差计算详情:
2025-08-25 02:42:42,929 - DEBUG -    球心坐标: [-0.0112313  -0.04103818  0.60475631]
2025-08-25 02:42:42,929 - DEBUG -    球体半径: 0.016812
2025-08-25 02:42:42,929 - DEBUG -    采样点数: 21
2025-08-25 02:42:42,929 - DEBUG -    点类型分布: {'eye_contours': 16, 'iris_boundaries': 4, 'pupil_center': 1}
2025-08-25 02:42:42,929 - DEBUG -    理论距离向量: [0.01701191 0.01766191 0.01766191 0.01766191 0.01766191 0.01831191
 0.01831191 0.01831191 0.01831191 0.01831191 0.01831191 0.01831191
 0.01831191 0.01831191 0.01831191 0.01831191 0.01831191 0.01831191
 0.01831191 0.01831191 0.01831191]
2025-08-25 02:42:42,929 - DEBUG -    实际距离向量: [0.02352208 0.03103151 0.01712926 0.0211461  0.03309179 0.024592
 0.02558826 0.02649391 0.02820253 0.03119427 0.03474134 0.03894631
 0.04258663 0.04444587 0.0403941  0.03289101 0.0244094  0.01866508
 0.01747494 0.01998556 0.02228878]
2025-08-25 02:42:42,929 - DEBUG -    生理偏差向量: [0.0002  0.00085 0.00085 0.00085 0.00085 0.0015  0.0015  0.0015  0.0015
 0.0015  0.0015  0.0015  0.0015  0.0015  0.0015  0.0015  0.0015  0.0015
 0.0015  0.0015  0.0015 ]
2025-08-25 02:42:42,929 - DEBUG -    残差向量 f(θ): 
[[ 0.00651017]
 [ 0.0133696 ]
 [-0.00053265]
 [ 0.00348419]
 [ 0.01542989]
 [ 0.00628009]
 [ 0.00727636]
 [ 0.008182  ]
 [ 0.00989062]
 [ 0.01288237]
 [ 0.01642943]
 [ 0.0206344 ]
 [ 0.02427473]
 [ 0.02613396]
 [ 0.02208219]
 [ 0.01457911]
 [ 0.00609749]
 [ 0.00035317]
 [-0.00083697]
 [ 0.00167365]
 [ 0.00397688]]
2025-08-25 02:42:42,929 - DEBUG -    平均残差范数: 0.002865
2025-08-25 02:42:42,929 - DEBUG -    残差范数=0.060162
2025-08-25 02:42:42,929 - INFO - -----------------------------------------------------------------------------------
2025-08-25 02:42:42,929 - DEBUG - 🔍 深度约束计算详情 (softplus):
2025-08-25 02:42:42,929 - DEBUG -    采样点Z坐标范围: [0.600000, 0.601637]
2025-08-25 02:42:42,929 - DEBUG -    球心Z坐标: 0.604756
2025-08-25 02:42:42,929 - DEBUG -    深度偏移ε: 0.000200
2025-08-25 02:42:42,929 - DEBUG -    softplus参数τ: 0.001000
2025-08-25 02:42:42,929 - DEBUG -    原始违反值: -0.002919
2025-08-25 02:42:42,929 - DEBUG -    softplus输入 u: -2.918828
2025-08-25 02:42:42,929 - DEBUG -    约束惩罚 h(θ): 0.000053
2025-08-25 02:42:42,929 - DEBUG -    🟢 深度约束满足: 球心深度足够
2025-08-25 02:42:42,929 - INFO - -----------------------------------------------------------------------------------
2025-08-25 02:42:42,929 - DEBUG - 🔍 半径惩罚计算详情:
2025-08-25 02:42:42,929 - DEBUG -    当前半径: 0.016812
2025-08-25 02:42:42,929 - DEBUG -    半径先验值: 0.012000
2025-08-25 02:42:42,929 - DEBUG -    半径残差 r(θ): 0.004812
2025-08-25 02:42:42,929 - DEBUG -    数据残差 f(θ): [[ 0.00651017]
 [ 0.0133696 ]
 [-0.00053265]
 [ 0.00348419]
 [ 0.01542989]
 [ 0.00628009]
 [ 0.00727636]
 [ 0.008182  ]
 [ 0.00989062]
 [ 0.01288237]
 [ 0.01642943]
 [ 0.0206344 ]
 [ 0.02427473]
 [ 0.02613396]
 [ 0.02208219]
 [ 0.01457911]
 [ 0.00609749]
 [ 0.00035317]
 [-0.00083697]
 [ 0.00167365]
 [ 0.00397688]]
2025-08-25 02:42:42,937 - DEBUG -    约束残差 g(θ): [[5.25895241e-05]]
2025-08-25 02:42:42,940 - DEBUG -    半径残差 r(θ): [[0.00481191]]
2025-08-25 02:42:42,940 - DEBUG - 🔍 状态变化计算: 参数变化=0.000000, 残差变化=0.000000
2025-08-25 02:42:42,941 - INFO - -----------------------------------------------------------------------------------
2025-08-25 02:42:42,941 - DEBUG - 🔍 权重管理器状态更新详情:
2025-08-25 02:42:42,941 - DEBUG -    当前迭代: 15
2025-08-25 02:42:42,941 - DEBUG -    参数变化: 0.000000 (阈值: 0.000005)
2025-08-25 02:42:42,942 - DEBUG -    残差变化: 0.000000 (阈值: 0.000005)
2025-08-25 02:42:42,942 - DEBUG -    几何权重因子: 10
2025-08-25 02:42:42,942 - DEBUG - ⏸️ 保持图像置信度权重: 参数变化=0.00e+00, 残差变化=0.00e+00
2025-08-25 02:42:42,942 - DEBUG - 状态已保存: 参数=[-0.0112313  -0.04103818  0.60475631  0.01681191], 残差范数=0.060162
2025-08-25 02:42:42,942 - DEBUG - 🔍 获取visibility信息: 形状=(21,), 范围=[1.000, 1.000]
2025-08-25 02:42:42,943 - DEBUG - 🔧 设置图像置信度权重: 21个点
2025-08-25 02:42:42,943 - DEBUG - 🔍 开始计算权重矩阵:
2025-08-25 02:42:42,943 - DEBUG -    点类型: ['pupil_center', 'iris_boundaries', 'iris_boundaries', 'iris_boundaries', 'iris_boundaries', 'eye_contours', 'eye_contours', 'eye_contours', 'eye_contours', 'eye_contours', 'eye_contours', 'eye_contours', 'eye_contours', 'eye_contours', 'eye_contours', 'eye_contours', 'eye_contours', 'eye_contours', 'eye_contours', 'eye_contours', 'eye_contours']
2025-08-25 02:42:42,943 - DEBUG -    残差向量: 形状=(21,), 范数=0.060162
2025-08-25 02:42:42,944 - DEBUG -    Visibility: 形状=(21,), 均值=1.000
2025-08-25 02:42:42,944 - DEBUG - 🔍 权重矩阵计算成功: 形状=(21, 21)
2025-08-25 02:42:42,944 - DEBUG - 🔍 几何权重统计:
2025-08-25 02:42:42,944 - DEBUG -    权重向量: [[1.]
 [1.]
 [1.]
 [1.]
 [1.]
 [1.]
 [1.]
 [1.]
 [1.]
 [1.]
 [1.]
 [1.]
 [1.]
 [1.]
 [1.]
 [1.]
 [1.]
 [1.]
 [1.]
 [1.]
 [1.]]
2025-08-25 02:42:42,945 - DEBUG -    权重范围: [1.000000, 1.000000]
2025-08-25 02:42:42,945 - DEBUG -    权重均值: 1.000000
2025-08-25 02:42:42,945 - DEBUG -    权重标准差: 0.000000
2025-08-25 02:42:42,945 - DEBUG -    高权重点(>0.8): 21/21
2025-08-25 02:42:42,946 - DEBUG -    低权重点(<0.2): 0/21
2025-08-25 02:42:42,946 - INFO - -----------------------------------------------------------------------------------
2025-08-25 02:42:42,946 - DEBUG - 🔍 开始求解LM更新方程:
2025-08-25 02:42:42,946 - DEBUG -    数据残差: 形状=(21,), 范数=0.060162
2025-08-25 02:42:42,946 - DEBUG -    约束残差: 形状=(1,), 范数=0.000053
2025-08-25 02:42:42,947 - DEBUG - 🔍 计算数据残差雅可比矩阵 J_f: 形状=(21, 4)
2025-08-25 02:42:42,947 - DEBUG - 🔍 J_f矩阵计算完成: 条件数=2.90e+01
2025-08-25 02:42:42,947 - DEBUG - 🔍 深度约束雅可比计算: u=-2.918828, σ=0.051231, J_h=[[ 0.          0.         -0.05123062  0.        ]]
2025-08-25 02:42:42,947 - DEBUG - 🔍 半径先验雅可比: J_r=[[0. 0. 0. 1.]]
2025-08-25 02:42:42,947 - DEBUG - 🔍 使用几何权重矩阵: 形状=(21, 21)
2025-08-25 02:42:42,947 - DEBUG - 🔍 Hessian矩阵计算:
2025-08-25 02:42:42,947 - DEBUG -    H_data = J_f^T W J_f: 形状=(4, 4), 条件数=8.42e+02
2025-08-25 02:42:42,947 - DEBUG -    H_h = λ_depth J_h^T J_h: 形状=(4, 4), λ_depth=1000.0
2025-08-25 02:42:42,947 - DEBUG -    H_r = λ_radius J_r^T J_r: 形状=(4, 4), λ_radius=10.0
2025-08-25 02:42:42,947 - DEBUG -    H_total: 形状=(4, 4), 条件数=1.78e+01
2025-08-25 02:42:42,947 - DEBUG - 🔍 梯度计算:
2025-08-25 02:42:42,947 - DEBUG -    g_data: 形状=(4,), 范数=0.295940
2025-08-25 02:42:42,947 - DEBUG -    g_h: 形状=(4,), 范数=0.002694
2025-08-25 02:42:42,947 - DEBUG -    g_r: 形状=(4,), 范数=0.048119
2025-08-25 02:42:42,947 - DEBUG -    g_total: 形状=(4,), 范数=0.262770
2025-08-25 02:42:42,947 - DEBUG - 🔍 LM阻尼矩阵: H_lm = H_total + 100000.0 * I
2025-08-25 02:42:42,947 - DEBUG -    H_lm条件数: 1.00e+00
2025-08-25 02:42:42,947 - DEBUG - 🔍 线性方程组求解成功:
2025-08-25 02:42:42,947 - DEBUG -    参数更新向量 Δθ: [[-1.29061666e-06]
 [-1.50367618e-06]
 [ 2.89427716e-07]
 [ 1.69962298e-06]]
2025-08-25 02:42:42,947 - DEBUG -    更新向量范数: 0.000003
2025-08-25 02:42:42,947 - DEBUG -    各分量更新: Δc_x=-0.000001, Δc_y=-0.000002, Δc_z=0.000000, Δr=0.000002
2025-08-25 02:42:42,947 - DEBUG -    参数更新:
2025-08-25 02:42:42,947 - DEBUG -      旧参数: [[-0.0112313 ]
 [-0.04103818]
 [ 0.60475631]
 [ 0.01681191]]
2025-08-25 02:42:42,947 - DEBUG -      更新向量: [[-1.29061666e-06]
 [-1.50367618e-06]
 [ 2.89427716e-07]
 [ 1.69962298e-06]]
2025-08-25 02:42:42,952 - DEBUG -      新参数: [[-0.01123259]
 [-0.04103969]
 [ 0.6047566 ]
 [ 0.01681361]]
2025-08-25 02:42:42,952 - INFO - -----------------------------------------------------------------------------------
2025-08-25 02:42:42,952 - INFO - 🔍 迭代第15次，球心向右0.001291mm，向上0.001504mm，向后0.000289mm，半径变大0.001700mm
2025-08-25 02:42:42,953 - INFO - 📊 变化前: 中心(-0.011, -0.041, 0.605), 半径16.81mm
2025-08-25 02:42:42,953 - INFO - 📊 变化后: 中心(-0.011, -0.041, 0.605), 半径16.81mm
2025-08-25 02:42:42,955 - INFO - 📈 变化量: 中心移动0.00mm, 半径变化0.00mm
2025-08-25 02:42:42,955 - INFO - 📍 眼球中心: [-0.0112313  -0.04103818  0.60475631]
2025-08-25 02:42:42,955 - INFO - 📏 眼球半径: 16.81mm
2025-08-25 02:42:42,955 - INFO - 👁️ 瞳孔中心: [ 0.00266667 -0.02266667  0.60000002]
2025-08-25 02:42:42,958 - INFO - 📐 眼球中心在瞳孔中心的左13.90mm，上18.37mm，后4.76mm
2025-08-25 02:42:42,958 - INFO - 📏 距离: 23.52mm
2025-08-25 02:42:42,958 - INFO - -----------------------------------------------------------------------------------
2025-08-25 02:42:42,958 - INFO - -----------------------------------------------------------------------------------
2025-08-25 02:42:42,958 - DEBUG - 🔍 参数有效性检查:
2025-08-25 02:42:42,958 - DEBUG -    参数向量: [[-0.01123259]
 [-0.04103969]
 [ 0.6047566 ]
 [ 0.01681361]]
2025-08-25 02:42:42,958 - DEBUG -    球心: [-0.01123259 -0.04103969  0.6047566 ]
2025-08-25 02:42:42,958 - DEBUG -    半径: 0.016814
2025-08-25 02:42:42,958 - DEBUG - 🔍 函数值计算详情:
2025-08-25 02:42:42,958 - DEBUG -    数据项 F(θ): 0.001810
2025-08-25 02:42:42,958 - DEBUG -    深度约束项: 0.000001
2025-08-25 02:42:42,958 - DEBUG -    半径先验项: 0.000116
2025-08-25 02:42:42,958 - DEBUG -    总函数值 Φ(θ): 0.001927
2025-08-25 02:42:42,961 - DEBUG -    函数值改善: 0.000000
2025-08-25 02:42:42,962 - DEBUG - 🔍 参数有效: True
2025-08-25 02:42:42,962 - DEBUG -    参数更新成功:
2025-08-25 02:42:42,963 - DEBUG -      新球心: [-0.01123259 -0.04103969  0.6047566 ]
2025-08-25 02:42:42,966 - DEBUG -      新半径: 0.016814
2025-08-25 02:42:42,966 - INFO - -----------------------------------------------------------------------------------
2025-08-25 02:42:42,967 - DEBUG - 🔍 LM收敛性检查:
2025-08-25 02:42:42,967 - DEBUG -    当前迭代次数: 15
2025-08-25 02:42:42,968 - DEBUG -    最大迭代次数: 30
2025-08-25 02:42:42,968 - DEBUG -    参数变化: 0.000003
2025-08-25 02:42:42,968 - DEBUG -    参数容忍度: 5e-06
2025-08-25 02:42:42,968 - DEBUG -    残差变化: 0.000000
2025-08-25 02:42:42,974 - DEBUG -    残差容忍度: 5e-06
2025-08-25 02:42:42,974 - INFO - ✅ LM收敛：参数变化2.63e-06 < 5e-06，平均残差变化0.00e+00 < 5e-06
2025-08-25 02:42:42,976 - INFO - ✅ LM优化收敛: 迭代15次
2025-08-25 02:42:42,976 - DEBUG - 🔍 优化结束状态:
2025-08-25 02:42:42,976 - DEBUG -    最终参数: [[-0.01123259]
 [-0.04103969]
 [ 0.6047566 ]
 [ 0.01681361]]
2025-08-25 02:42:42,978 - DEBUG -    最终球心: [-0.01123259 -0.04103969  0.6047566 ]
2025-08-25 02:42:42,978 - DEBUG -    最终半径: 0.016814
2025-08-25 02:42:42,978 - DEBUG -    是否收敛: True
2025-08-25 02:42:42,979 - DEBUG -    迭代次数: 15
2025-08-25 02:42:42,979 - INFO - -----------------------------------------------------------------------------------
2025-08-25 02:42:42,979 - DEBUG - 🔍 更新最终状态:
2025-08-25 02:42:42,979 - DEBUG - 🔍 计算点到球心距离: 形状=(21,)
2025-08-25 02:42:42,979 - DEBUG - 🔍 生理偏差向量计算:
2025-08-25 02:42:42,979 - DEBUG -    点类型列表: ['pupil_center', 'iris_boundaries', 'iris_boundaries', 'iris_boundaries', 'iris_boundaries', 'eye_contours', 'eye_contours', 'eye_contours', 'eye_contours', 'eye_contours', 'eye_contours', 'eye_contours', 'eye_contours', 'eye_contours', 'eye_contours', 'eye_contours', 'eye_contours', 'eye_contours', 'eye_contours', 'eye_contours', 'eye_contours']
2025-08-25 02:42:42,979 - DEBUG -    偏差向量: [0.0002  0.00085 0.00085 0.00085 0.00085 0.0015  0.0015  0.0015  0.0015
 0.0015  0.0015  0.0015  0.0015  0.0015  0.0015  0.0015  0.0015  0.0015
 0.0015  0.0015  0.0015 ]
2025-08-25 02:42:42,982 - DEBUG -    向量形状: (21,)
2025-08-25 02:42:42,982 - DEBUG -    偏差统计: 均值=0.001314, 标准差=0.000356
2025-08-25 02:42:42,982 - DEBUG - 获取生理偏差: 点类型=['pupil_center', 'iris_boundaries', 'iris_boundaries', 'iris_boundaries', 'iris_boundaries', 'eye_contours', 'eye_contours', 'eye_contours', 'eye_contours', 'eye_contours', 'eye_contours', 'eye_contours', 'eye_contours', 'eye_contours', 'eye_contours', 'eye_contours', 'eye_contours', 'eye_contours', 'eye_contours', 'eye_contours', 'eye_contours'], 偏差值=[0.0002  0.00085 0.00085 0.00085 0.00085 0.0015  0.0015  0.0015  0.0015
 0.0015  0.0015  0.0015  0.0015  0.0015  0.0015  0.0015  0.0015  0.0015
 0.0015  0.0015  0.0015 ]
2025-08-25 02:42:42,982 - INFO - -----------------------------------------------------------------------------------
2025-08-25 02:42:42,982 - DEBUG - 🔍 拟合残差计算详情:
2025-08-25 02:42:42,982 - DEBUG -    球心坐标: [-0.01123259 -0.04103969  0.6047566 ]
2025-08-25 02:42:42,985 - DEBUG -    球体半径: 0.016814
2025-08-25 02:42:42,985 - DEBUG -    采样点数: 21
2025-08-25 02:42:42,985 - DEBUG -    点类型分布: {'eye_contours': 16, 'iris_boundaries': 4, 'pupil_center': 1}
2025-08-25 02:42:42,985 - DEBUG -    理论距离向量: [0.01701361 0.01766361 0.01766361 0.01766361 0.01766361 0.01831361
 0.01831361 0.01831361 0.01831361 0.01831361 0.01831361 0.01831361
 0.01831361 0.01831361 0.01831361 0.01831361 0.01831361 0.01831361
 0.01831361 0.01831361 0.01831361]
2025-08-25 02:42:42,986 - DEBUG -    实际距离向量: [0.02352408 0.03103347 0.01713119 0.02114782 0.03309374 0.024593
 0.02558953 0.0264954  0.02820426 0.03119621 0.03474334 0.03894828
 0.04258856 0.04444776 0.04039598 0.03289289 0.02441135 0.01866707
 0.01747664 0.01998689 0.02228991]
2025-08-25 02:42:42,986 - DEBUG -    生理偏差向量: [0.0002  0.00085 0.00085 0.00085 0.00085 0.0015  0.0015  0.0015  0.0015
 0.0015  0.0015  0.0015  0.0015  0.0015  0.0015  0.0015  0.0015  0.0015
 0.0015  0.0015  0.0015 ]
2025-08-25 02:42:42,986 - DEBUG -    残差向量 f(θ): 
[[ 0.00651047]
 [ 0.01336986]
 [-0.00053241]
 [ 0.00348422]
 [ 0.01543013]
 [ 0.00627939]
 [ 0.00727593]
 [ 0.0081818 ]
 [ 0.00989065]
 [ 0.0128826 ]
 [ 0.01642973]
 [ 0.02063468]
 [ 0.02427495]
 [ 0.02613415]
 [ 0.02208237]
 [ 0.01457929]
 [ 0.00609774]
 [ 0.00035346]
 [-0.00083697]
 [ 0.00167329]
 [ 0.00397631]]
2025-08-25 02:42:42,986 - DEBUG -    平均残差范数: 0.002865
2025-08-25 02:42:42,988 - DEBUG -    残差范数=0.060163
2025-08-25 02:42:42,990 - DEBUG -    最终残差向量: [[ 0.00651047]
 [ 0.01336986]
 [-0.00053241]
 [ 0.00348422]
 [ 0.01543013]
 [ 0.00627939]
 [ 0.00727593]
 [ 0.0081818 ]
 [ 0.00989065]
 [ 0.0128826 ]
 [ 0.01642973]
 [ 0.02063468]
 [ 0.02427495]
 [ 0.02613415]
 [ 0.02208237]
 [ 0.01457929]
 [ 0.00609774]
 [ 0.00035346]
 [-0.00083697]
 [ 0.00167329]
 [ 0.00397631]]
2025-08-25 02:42:42,990 - DEBUG -    最终残差范数: 0.060163
2025-08-25 02:42:42,990 - DEBUG -    内点比例: 1.000000
2025-08-25 02:42:42,990 - DEBUG -    质量分数: 0.000000
2025-08-25 02:42:42,990 - DEBUG -    收敛迭代次数: 15
2025-08-25 02:42:42,990 - DEBUG -    是否收敛: True
2025-08-25 02:42:42,990 - DEBUG -    警告信息: ['迭代2: 参数无效，阻尼因子=1.00e-01', '迭代4: 参数无效，阻尼因子=1.00e+00', '迭代6: 参数无效，阻尼因子=1.00e+01', '迭代8: 参数无效，阻尼因子=1.00e+02', '迭代10: 参数无效，阻尼因子=1.00e+03', '迭代12: 参数无效，阻尼因子=1.00e+04', '迭代14: 参数无效，阻尼因子=1.00e+05']
2025-08-25 02:42:42,990 - INFO - ✅ 优化完成: 最终中心点=(-0.011, -0.041, 0.605), 半径=0.017m
2025-08-25 02:42:42,990 - INFO - 拟合完成 - 拟合结果:
  📍 中心点: (-0.011, -0.041, 0.605)
  📏 半径: 0.02mm
  🔄 收敛状态: ✓ 已收敛
  📊 内点比例: 100.0% (21/21)
  🎯 质量分数: 0.000
  📈 迭代次数: 15
  📉 最终残差: 6.02e-02
⚠️  警告: 迭代2: 参数无效，阻尼因子=1.00e-01; 迭代4: 参数无效，阻尼因子=1.00e+00; 迭代6: 参数无效，阻尼因子=1.00e+01; 迭代8: 参数无效，阻尼因子=1.00e+02; 迭代10: 参数无效，阻尼因子=1.00e+03; 迭代12: 参数无效，阻尼因子=1.00e+04; 迭代14: 参数无效，阻尼因子=1.00e+05
2025-08-25 02:42:42,990 - DEBUG - right眼拟合完成: shape=椭球参数 (球体):
  📏 主轴长度: (0.017, 0.017, 0.017) m
  📍 中心坐标: (-0.011, -0.041, 0.605) m
  🔄 旋转矩阵: 3x3 单位矩阵, center=[-0.01123259 -0.04103969  0.6047566 ]
2025-08-25 02:42:42,990 - DEBUG - 右眼拟合完成
2025-08-25 02:42:42,990 - DEBUG - ransac_sphere_eyeball返回结果: {'left': (<project.fitting.config.models.EllipsoidParams object at 0x000001C39AA26C50>, array([ 0.09666261, -0.06171026,  0.6046064 ])), 'right': (<project.fitting.config.models.EllipsoidParams object at 0x000001C39AA26C50>, array([-0.01123259, -0.04103969,  0.6047566 ]))}
2025-08-25 02:42:42,990 - DEBUG - ransac_sphere_eyeball执行成功
2025-08-25 02:42:42,994 - INFO - 拟合完成!
2025-08-25 02:42:42,994 - INFO - --------------------------------------------------
2025-08-25 02:42:42,994 - INFO - 拟合结果:
2025-08-25 02:42:42,994 - INFO - 左眼中心: (0.097, -0.062, 0.605)
2025-08-25 02:42:42,994 - INFO - 左眼半径: 16.81mm
2025-08-25 02:42:42,994 - INFO - ------------------------------
2025-08-25 02:42:42,994 - INFO - 左眼关键点分布分析:
2025-08-25 02:42:42,994 - INFO - 瞳孔中心点: 眼球外部, 距离眼球表面: 15.77mm, ✗ 超出规范
2025-08-25 02:42:42,994 - INFO - 虹膜边界点 (4个):
2025-08-25 02:42:42,994 - INFO -   点1: 眼球外部, 距离眼球表面: 22.04mm, ✗ 超出规范
2025-08-25 02:42:42,994 - INFO -   点2: 眼球外部, 距离眼球表面: 7.50mm, ✗ 超出规范
2025-08-25 02:42:42,994 - INFO -   点3: 眼球外部, 距离眼球表面: 13.94mm, ✗ 超出规范
2025-08-25 02:42:42,994 - INFO -   点4: 眼球外部, 距离眼球表面: 26.10mm, ✗ 超出规范
2025-08-25 02:42:42,994 - INFO - 眼睛轮廓点 (16个):
2025-08-25 02:42:42,994 - INFO -   点1: 眼球外部, 距离眼球表面: 20.61mm, ✗ 超出规范
2025-08-25 02:42:42,994 - INFO -   点2: 眼球外部, 距离眼球表面: 16.74mm, ✗ 超出规范
2025-08-25 02:42:42,994 - INFO -   点3: 眼球外部, 距离眼球表面: 11.30mm, ✗ 超出规范
2025-08-25 02:42:42,994 - INFO -   点4: 眼球外部, 距离眼球表面: 9.81mm, ✗ 超出规范
2025-08-25 02:42:42,994 - INFO -   点5: 眼球外部, 距离眼球表面: 13.76mm, ✗ 超出规范
2025-08-25 02:42:42,994 - INFO -   点6: 眼球外部, 距离眼球表面: 20.82mm, ✗ 超出规范
2025-08-25 02:42:42,994 - INFO -   点7: 眼球外部, 距离眼球表面: 26.44mm, ✗ 超出规范
2025-08-25 02:42:42,994 - INFO -   点8: 眼球外部, 距离眼球表面: 30.02mm, ✗ 超出规范
2025-08-25 02:42:42,994 - INFO -   点9: 眼球外部, 距离眼球表面: 32.86mm, ✗ 超出规范
2025-08-25 02:42:42,994 - INFO -   点10: 眼球外部, 距离眼球表面: 32.25mm, ✗ 超出规范
2025-08-25 02:42:42,994 - INFO -   点11: 眼球外部, 距离眼球表面: 31.04mm, ✗ 超出规范
2025-08-25 02:42:42,994 - INFO -   点12: 眼球外部, 距离眼球表面: 29.18mm, ✗ 超出规范
2025-08-25 02:42:42,994 - INFO -   点13: 眼球外部, 距离眼球表面: 26.13mm, ✗ 超出规范
2025-08-25 02:42:42,994 - INFO -   点14: 眼球外部, 距离眼球表面: 23.20mm, ✗ 超出规范
2025-08-25 02:42:42,994 - INFO -   点15: 眼球外部, 距离眼球表面: 21.06mm, ✗ 超出规范
2025-08-25 02:42:42,994 - INFO -   点16: 眼球外部, 距离眼球表面: 20.89mm, ✗ 超出规范
2025-08-25 02:42:42,994 - INFO - 总结: left眼共21个关键点, 0个符合规范, 符合率: 0.0%
2025-08-25 02:42:42,994 - INFO - 数据质量评估: 较差
2025-08-25 02:42:42,994 - INFO - 右眼中心: (-0.011, -0.041, 0.605)
2025-08-25 02:42:42,994 - INFO - 右眼半径: 16.81mm
2025-08-25 02:42:42,994 - INFO - ------------------------------
2025-08-25 02:42:42,994 - INFO - 右眼关键点分布分析:
2025-08-25 02:42:42,994 - INFO - 瞳孔中心点: 眼球外部, 距离眼球表面: 6.71mm, ✗ 超出规范
2025-08-25 02:42:42,994 - INFO - 虹膜边界点 (4个):
2025-08-25 02:42:42,994 - INFO -   点1: 眼球外部, 距离眼球表面: 14.22mm, ✗ 超出规范
2025-08-25 02:42:42,994 - INFO -   点2: 眼球外部, 距离眼球表面: 0.32mm, ✓ 符合规范
2025-08-25 02:42:42,994 - INFO -   点3: 眼球外部, 距离眼球表面: 4.33mm, ✗ 超出规范
2025-08-25 02:42:42,994 - INFO -   点4: 眼球外部, 距离眼球表面: 16.28mm, ✗ 超出规范
2025-08-25 02:42:42,994 - INFO - 眼睛轮廓点 (16个):
2025-08-25 02:42:43,003 - INFO -   点1: 眼球外部, 距离眼球表面: 7.78mm, ✗ 超出规范
2025-08-25 02:42:43,004 - INFO -   点2: 眼球外部, 距离眼球表面: 8.78mm, ✗ 超出规范
2025-08-25 02:42:43,004 - INFO -   点3: 眼球外部, 距离眼球表面: 9.68mm, ✗ 超出规范
2025-08-25 02:42:43,004 - INFO -   点4: 眼球外部, 距离眼球表面: 11.39mm, ✗ 超出规范
2025-08-25 02:42:43,004 - INFO -   点5: 眼球外部, 距离眼球表面: 14.38mm, ✗ 超出规范
2025-08-25 02:42:43,004 - INFO -   点6: 眼球外部, 距离眼球表面: 17.93mm, ✗ 超出规范
2025-08-25 02:42:43,004 - INFO -   点7: 眼球外部, 距离眼球表面: 22.13mm, ✗ 超出规范
2025-08-25 02:42:43,006 - INFO -   点8: 眼球外部, 距离眼球表面: 25.77mm, ✗ 超出规范
2025-08-25 02:42:43,006 - INFO -   点9: 眼球外部, 距离眼球表面: 27.63mm, ✗ 超出规范
2025-08-25 02:42:43,006 - INFO -   点10: 眼球外部, 距离眼球表面: 23.58mm, ✗ 超出规范
2025-08-25 02:42:43,006 - INFO -   点11: 眼球外部, 距离眼球表面: 16.08mm, ✗ 超出规范
2025-08-25 02:42:43,006 - INFO -   点12: 眼球外部, 距离眼球表面: 7.60mm, ✗ 超出规范
2025-08-25 02:42:43,006 - INFO -   点13: 眼球外部, 距离眼球表面: 1.85mm, ✓ 符合规范
2025-08-25 02:42:43,006 - INFO -   点14: 眼球外部, 距离眼球表面: 0.66mm, ✓ 符合规范
2025-08-25 02:42:43,006 - INFO -   点15: 眼球外部, 距离眼球表面: 3.17mm, ✗ 超出规范
2025-08-25 02:42:43,006 - INFO -   点16: 眼球外部, 距离眼球表面: 5.48mm, ✗ 超出规范
2025-08-25 02:42:43,006 - INFO - 总结: right眼共21个关键点, 3个符合规范, 符合率: 14.3%
2025-08-25 02:42:43,006 - INFO - 数据质量评估: 较差
2025-08-25 02:42:43,006 - INFO - ==================================================
2025-08-25 02:42:43,006 - INFO - --------------------------------------------------
