2025-08-25 02:41:23,790 - INFO - 日志文件创建: logs\recognition_20250825_024123.log
2025-08-25 02:41:28,077 - INFO - DEBUG: self._rgb_d = False
2025-08-25 02:41:28,077 - INFO - DEBUG: 检测到 478 个关键点
2025-08-25 02:41:28,077 - INFO - DEBUG: 不使用RGB-D相机，开始修改深度图
2025-08-25 02:41:28,077 - INFO - DEBUG: _set_depth_map_without_rgb_d 开始执行
2025-08-25 02:41:28,077 - INFO - DEBUG: 输入深度图形状: (480, 640)
2025-08-25 02:41:28,077 - INFO - DEBUG: 输入深度图数据类型: float32
2025-08-25 02:41:28,077 - INFO - DEBUG: 输入深度图值范围: 600.000000 ~ 600.000000
2025-08-25 02:41:28,091 - INFO - DEBUG: 关键点数量: 478
2025-08-25 02:41:28,091 - INFO - DEBUG: 第一个关键点示例: [352.74295806884766, 314.161319732666, -0.029797682538628578, 1.0]
2025-08-25 02:41:28,091 - INFO - DEBUG: 创建深度图副本，形状: (480, 640)
2025-08-25 02:41:28,091 - INFO - DEBUG: 关键点 0: 位置(353, 314), 原始深度: 600.000000, z值: -0.029798, 新深度: 597.020232
2025-08-25 02:41:28,091 - INFO - DEBUG: 关键点 1: 位置(350, 291), 原始深度: 600.000000, z值: -0.063618, 新深度: 593.638168
2025-08-25 02:41:28,091 - INFO - DEBUG: 关键点 2: 位置(350, 297), 原始深度: 600.000000, z值: -0.031397, 新深度: 596.860265
2025-08-25 02:41:28,091 - INFO - DEBUG: 关键点 3: 位置(340, 261), 原始深度: 600.000000, z值: -0.050169, 新深度: 594.983103
2025-08-25 02:41:28,091 - INFO - DEBUG: 关键点 4: 位置(349, 283), 原始深度: 600.000000, z值: -0.068572, 新深度: 593.142758
2025-08-25 02:41:28,091 - INFO - DEBUG: 成功修改了 478 个关键点位置的深度值
2025-08-25 02:41:28,091 - INFO - DEBUG: 修改后深度图值范围: 593.142761 ~ 613.019165
2025-08-25 02:41:28,091 - INFO - DEBUG: 深度图修改完成，原始深度图形状: (480, 640), 修改后深度图形状: (480, 640)
2025-08-25 02:41:28,091 - INFO - DEBUG: _convert_depth_to_meters: depth_scale = 0.001
2025-08-25 02:41:28,099 - INFO - DEBUG: _convert_depth_to_meters: 输入深度图值范围: 593.142761 ~ 613.019165
2025-08-25 02:41:28,099 - INFO - DEBUG: _convert_depth_to_meters: 转换后深度图值范围: 0.593143 ~ 0.613019
2025-08-25 02:41:28,099 - INFO - 坐标转换器初始化完成，相机参数：fx=450.0, fy=450.0, cx=320.0, cy=240.0
2025-08-25 02:41:28,099 - INFO - 坐标转换器初始化完成，相机参数：fx=450.0, fy=450.0, cx=320.0, cy=240.0
2025-08-25 02:41:28,099 - INFO - 坐标转换器初始化完成，相机参数：fx=450.0, fy=450.0, cx=320.0, cy=240.0
2025-08-25 02:41:28,099 - INFO - 批量转换完成：成功 4/4 个关键点
2025-08-25 02:41:28,099 - INFO - 坐标转换器初始化完成，相机参数：fx=450.0, fy=450.0, cx=320.0, cy=240.0
2025-08-25 02:41:28,099 - INFO - 批量转换完成：成功 4/4 个关键点
2025-08-25 02:41:28,099 - INFO - 坐标转换器初始化完成，相机参数：fx=450.0, fy=450.0, cx=320.0, cy=240.0
2025-08-25 02:41:28,099 - INFO - 批量转换完成：成功 16/16 个关键点
2025-08-25 02:41:28,099 - INFO - 坐标转换器初始化完成，相机参数：fx=450.0, fy=450.0, cx=320.0, cy=240.0
2025-08-25 02:41:28,099 - INFO - 批量转换完成：成功 16/16 个关键点
2025-08-25 02:41:28,099 - INFO - 坐标转换器初始化完成，相机参数：fx=450.0, fy=450.0, cx=320.0, cy=240.0
2025-08-25 02:41:28,107 - INFO - 批量转换完成：成功 10/10 个关键点
2025-08-25 02:41:28,107 - INFO - 坐标转换器初始化完成，相机参数：fx=450.0, fy=450.0, cx=320.0, cy=240.0
2025-08-25 02:41:28,109 - INFO - 批量转换完成：成功 10/10 个关键点
2025-08-25 02:41:28,109 - INFO - 坐标转换器初始化完成，相机参数：fx=450.0, fy=450.0, cx=320.0, cy=240.0
2025-08-25 02:41:28,109 - INFO - 批量转换完成：成功 10/10 个关键点
2025-08-25 02:41:28,109 - INFO - 坐标转换器初始化完成，相机参数：fx=450.0, fy=450.0, cx=320.0, cy=240.0
2025-08-25 02:41:28,109 - INFO - 批量转换完成：成功 10/10 个关键点
2025-08-25 02:41:28,133 - INFO - ==================================================
2025-08-25 02:41:28,133 - INFO - 眼动追踪数据测评
2025-08-25 02:41:28,133 - INFO - ==================================================
2025-08-25 02:41:28,133 - INFO - 瞳孔中心: 左(0.080000, -0.025333, 0.600000) | 右(-0.022667, -0.010667, 0.600000)
2025-08-25 02:41:28,133 - INFO - 瞳孔中心详细坐标:
2025-08-25 02:41:28,133 - INFO -   左眼: X=0.080000, Y=-0.025333, Z=0.600000, Visibility=1.000000
2025-08-25 02:41:28,133 - INFO -   右眼: X=-0.022667, Y=-0.010667, Z=0.600000, Visibility=1.000000
2025-08-25 02:41:28,133 - INFO - 虹膜边界: 左眼4个点 | 右眼4个点
2025-08-25 02:41:28,133 - INFO - 虹膜边界详细坐标:
2025-08-25 02:41:28,133 - INFO -   左眼虹膜边界点:
2025-08-25 02:41:28,133 - INFO -     点1: X=0.090107, Y=-0.025659, Z=0.600213, Visibility=1.000000
2025-08-25 02:41:28,133 - INFO -     点2: X=0.078471, Y=-0.033935, Z=0.600240, Visibility=1.000000
2025-08-25 02:41:28,133 - INFO -     点3: X=0.070624, Y=-0.022985, Z=0.600370, Visibility=1.000000
2025-08-25 02:41:28,133 - INFO -     点4: X=0.082161, Y=-0.014466, Z=0.600253, Visibility=1.000000
2025-08-25 02:41:28,133 - INFO -   右眼虹膜边界点:
2025-08-25 02:41:28,133 - INFO -     点1: X=-0.012972, Y=-0.010660, Z=0.600381, Visibility=1.000000
2025-08-25 02:41:28,133 - INFO -     点2: X=-0.023164, Y=-0.018989, Z=0.600248, Visibility=1.000000
2025-08-25 02:41:28,133 - INFO -     点3: X=-0.031592, Y=-0.008402, Z=0.600250, Visibility=1.000000
2025-08-25 02:41:28,133 - INFO -     点4: X=-0.021278, Y=-0.000055, Z=0.600488, Visibility=1.000000
2025-08-25 02:41:28,133 - INFO - 眼睛轮廓: 左眼16个点 | 右眼16个点
2025-08-25 02:41:28,139 - INFO - 眼睛轮廓详细坐标 (显示前5个点):
2025-08-25 02:41:28,139 - INFO -   左眼轮廓点:
2025-08-25 02:41:28,140 - INFO -     点1: X=0.060620, Y=-0.016111, Z=0.600302, Visibility=1.000000
2025-08-25 02:41:28,140 - INFO -     点2: X=0.062934, Y=-0.019702, Z=0.600226, Visibility=1.000000
2025-08-25 02:41:28,141 - INFO -     点3: X=0.068305, Y=-0.025295, Z=0.600052, Visibility=1.000000
2025-08-25 02:41:28,141 - INFO -     点4: X=0.076491, Y=-0.029426, Z=0.599910, Visibility=1.000000
2025-08-25 02:41:28,141 - INFO -     点5: X=0.085060, Y=-0.030801, Z=0.599924, Visibility=1.000000
2025-08-25 02:41:28,141 - INFO -     ... 还有11个点
2025-08-25 02:41:28,141 - INFO -   右眼轮廓点:
2025-08-25 02:41:28,141 - INFO -     点1: X=-0.042769, Y=-0.005727, Z=0.601174, Visibility=1.000000
2025-08-25 02:41:28,141 - INFO -     点2: X=-0.038835, Y=-0.003462, Z=0.600676, Visibility=1.000000
2025-08-25 02:41:28,141 - INFO -     点3: X=-0.034924, Y=-0.002138, Z=0.600446, Visibility=1.000000
2025-08-25 02:41:28,141 - INFO -     点4: X=-0.029553, Y=-0.001043, Z=0.600358, Visibility=1.000000
2025-08-25 02:41:28,141 - INFO -     点5: X=-0.021663, Y=-0.001031, Z=0.600229, Visibility=1.000000
2025-08-25 02:41:28,141 - INFO -     ... 还有11个点
2025-08-25 02:41:28,141 - INFO - --------------------------------------------------
2025-08-25 02:41:28,141 - INFO - 开始RANSAC球体拟合...
2025-08-25 02:41:28,141 - DEBUG - ransac_sphere_eyeball函数开始
2025-08-25 02:41:28,141 - DEBUG - key_coordinates类型: <class 'dict'>
2025-08-25 02:41:28,141 - DEBUG - center_fitter类型: <class 'function'>
2025-08-25 02:41:28,141 - DEBUG - _EyeCenterFitter.__new__: cls._instance=None
2025-08-25 02:41:28,141 - DEBUG - 创建新的单例实例
2025-08-25 02:41:28,141 - DEBUG - _EyeCenterFitter.__init__开始
2025-08-25 02:41:28,141 - DEBUG - key_coordinates类型: <class 'dict'>
2025-08-25 02:41:28,141 - DEBUG - key_coordinates键: ['pupil_center', 'iris_boundaries', 'eye_contours', 'eye_sockets', 'eyelid_points']
2025-08-25 02:41:28,141 - DEBUG - _EyeCenterFitter.__init__完成
2025-08-25 02:41:28,141 - DEBUG - _EyeCenterFitter实例创建成功
2025-08-25 02:41:28,141 - DEBUG - _update_key_coordinates开始
2025-08-25 02:41:28,141 - DEBUG - 新key_coordinates类型: <class 'dict'>
2025-08-25 02:41:28,141 - DEBUG - 新key_coordinates键: ['pupil_center', 'iris_boundaries', 'eye_contours', 'eye_sockets', 'eyelid_points']
2025-08-25 02:41:28,141 - DEBUG - pupil_center: <class 'dict'>
2025-08-25 02:41:28,141 - DEBUG -   left: <class 'numpy.ndarray'>
2025-08-25 02:41:28,141 - DEBUG -     array形状: (4,)
2025-08-25 02:41:28,141 - DEBUG -   right: <class 'numpy.ndarray'>
2025-08-25 02:41:28,141 - DEBUG -     array形状: (4,)
2025-08-25 02:41:28,141 - DEBUG - iris_boundaries: <class 'dict'>
2025-08-25 02:41:28,141 - DEBUG -   left: <class 'list'>
2025-08-25 02:41:28,141 - DEBUG -     list长度: 4
2025-08-25 02:41:28,148 - DEBUG -     第一个元素类型: <class 'numpy.ndarray'>
2025-08-25 02:41:28,148 - DEBUG -   right: <class 'list'>
2025-08-25 02:41:28,148 - DEBUG -     list长度: 4
2025-08-25 02:41:28,148 - DEBUG -     第一个元素类型: <class 'numpy.ndarray'>
2025-08-25 02:41:28,148 - DEBUG - eye_contours: <class 'dict'>
2025-08-25 02:41:28,148 - DEBUG -   left: <class 'list'>
2025-08-25 02:41:28,148 - DEBUG -     list长度: 16
2025-08-25 02:41:28,148 - DEBUG -     第一个元素类型: <class 'numpy.ndarray'>
2025-08-25 02:41:28,148 - DEBUG -   right: <class 'list'>
2025-08-25 02:41:28,148 - DEBUG -     list长度: 16
2025-08-25 02:41:28,148 - DEBUG -     第一个元素类型: <class 'numpy.ndarray'>
2025-08-25 02:41:28,148 - DEBUG - eye_sockets: <class 'dict'>
2025-08-25 02:41:28,148 - DEBUG -   left: <class 'list'>
2025-08-25 02:41:28,148 - DEBUG -     list长度: 10
2025-08-25 02:41:28,148 - DEBUG -     第一个元素类型: <class 'numpy.ndarray'>
2025-08-25 02:41:28,148 - DEBUG -   right: <class 'list'>
2025-08-25 02:41:28,148 - DEBUG -     list长度: 10
2025-08-25 02:41:28,148 - DEBUG -     第一个元素类型: <class 'numpy.ndarray'>
2025-08-25 02:41:28,148 - DEBUG - eyelid_points: <class 'dict'>
2025-08-25 02:41:28,148 - DEBUG -   left: <class 'list'>
2025-08-25 02:41:28,148 - DEBUG -     list长度: 10
2025-08-25 02:41:28,148 - DEBUG -     第一个元素类型: <class 'numpy.ndarray'>
2025-08-25 02:41:28,148 - DEBUG -   right: <class 'list'>
2025-08-25 02:41:28,148 - DEBUG -     list长度: 10
2025-08-25 02:41:28,148 - DEBUG -     第一个元素类型: <class 'numpy.ndarray'>
2025-08-25 02:41:28,152 - DEBUG - _update_key_coordinates完成
2025-08-25 02:41:28,152 - DEBUG - key_coordinates更新成功
2025-08-25 02:41:28,152 - DEBUG - ransac_sphere_eyeball开始
2025-08-25 02:41:28,152 - DEBUG - 当前trials_times: 0
2025-08-25 02:41:28,152 - DEBUG - center_fitter类型: <class 'function'>
2025-08-25 02:41:28,152 - DEBUG - _fit_one_eye开始: eye_key=left
2025-08-25 02:41:28,152 - DEBUG - 更新trials_times: 1
2025-08-25 02:41:28,152 - DEBUG - 开始提取left眼关键点坐标
2025-08-25 02:41:28,152 - DEBUG - _extract_eye_key_coordinates开始: eye_key=left
2025-08-25 02:41:28,158 - DEBUG - self._key_coordinates: {'pupil_center': {'left': array([ 0.08      , -0.02533333,  0.60000002,  1.        ]), 'right': array([-0.02266667, -0.01066667,  0.60000002,  1.        ])}, 'iris_boundaries': {'left': [array([ 0.0901071 , -0.02565926,  0.60021299,  1.        ]), array([ 0.07847116, -0.03393475,  0.60023957,  1.        ]), array([ 0.07062358, -0.02298462,  0.60036975,  1.        ]), array([ 0.08216123, -0.01446647,  0.60025287,  1.        ])], 'right': [array([-0.01297184, -0.01065953,  0.6003809 ,  1.        ]), array([-0.02316432, -0.01898882,  0.60024846,  1.        ]), array([-0.03159183, -0.00840208,  0.60025048,  1.        ]), array([-2.12783954e-02, -5.52054254e-05,  6.00488424e-01,  1.00000000e+00])]}, 'eye_contours': {'left': [array([ 0.06062001, -0.01611111,  0.60030162,  1.        ]), array([ 0.06293426, -0.01970156,  0.60022599,  1.        ]), array([ 0.06830472, -0.0252949 ,  0.60005158,  1.        ]), array([ 0.07649071, -0.02942634,  0.59991044,  1.        ]), array([ 0.08505982, -0.03080098,  0.59992433,  1.        ]), array([ 0.09339851, -0.03011907,  0.60011423,  1.        ]), array([ 0.09860911, -0.02833148,  0.60043144,  1.        ]), array([ 0.10171931, -0.02688636,  0.60071069,  1.        ]), array([ 0.10413888, -0.0257033 ,  0.60115588,  1.        ]), array([ 0.10101327, -0.02243405,  0.60067743,  1.        ]), array([ 0.09764804, -0.02010869,  0.60070294,  1.        ]), array([ 0.0926703 , -0.01771297,  0.60019577,  1.        ]), array([ 0.0848776 , -0.0157501 ,  0.60011673,  1.        ]), array([ 0.07674458, -0.01527755,  0.60005081,  1.        ]), array([ 0.06874312, -0.01568985,  0.60013223,  1.        ]), array([ 0.06342376, -0.01565661,  0.60023868,  1.        ])], 'right': [array([-0.04276898, -0.00572669,  0.60117418,  1.        ]), array([-0.03883486, -0.00346196,  0.6006757 ,  1.        ]), array([-0.03492357, -0.00213801,  0.60044622,  1.        ]), array([-0.02955334, -0.00104337,  0.60035825,  1.        ]), array([-0.0216634 , -0.00103065,  0.60022932,  1.        ]), array([-0.01399343, -0.00252395,  0.60008383,  1.        ]), array([-0.0067412 , -0.00481996,  0.60019881,  1.        ]), array([-0.00184468, -0.00614029,  0.60021222,  1.        ]), array([ 6.25852114e-04, -7.20461304e-03,  6.00183070e-01,  1.00000000e+00]), array([-0.00238687, -0.00986611,  0.60017097,  1.        ]), array([-0.00868017, -0.01346417,  0.60003912,  1.        ]), array([-0.01718694, -0.01507118,  0.5999158 ,  1.        ]), array([-0.02524156, -0.01436046,  0.59994543,  1.        ]), array([-0.03296541, -0.0119321 ,  0.60015911,  1.        ]), array([-0.03776673, -0.00923141,  0.60040271,  1.        ]), array([-0.04053389, -0.00729464,  0.60035682,  1.        ])]}, 'eye_sockets': {'left': [array([ 0.12297575, -0.05578246,  0.60115159,  1.        ]), array([ 0.11103961, -0.06454895,  0.59998971,  1.        ]), array([ 0.09426866, -0.0686228 ,  0.59948033,  1.        ]), array([ 0.0732759 , -0.06581811,  0.5987494 ,  1.        ]), array([ 0.04910579, -0.05990308,  0.597323  ,  1.        ]), array([ 0.04847998, -0.04415019,  0.59887546,  1.        ]), array([ 0.07293566, -0.05646242,  0.59894931,  1.        ]), array([ 0.09194992, -0.059076  ,  0.59911942,  1.        ]), array([ 0.10647105, -0.0563122 ,  0.59963506,  1.        ]), array([ 0.11744271, -0.0493548 ,  0.60061276,  1.        ])], 'right': [array([-0.06743038, -0.02875899,  0.60051352,  1.        ]), array([-0.05756168, -0.03965891,  0.60001361,  1.        ]), array([-0.04211689, -0.04772962,  0.59928554,  1.        ]), array([-0.02127271, -0.05035525,  0.59773844,  1.        ]), array([ 0.00273258, -0.05119307,  0.5985592 ,  1.        ]), array([ 0.00713476, -0.0361994 ,  0.59878814,  1.        ]), array([-0.01874368, -0.04161461,  0.59858155,  1.        ]), array([-0.03767635, -0.03938043,  0.5993917 ,  1.        ]), array([-0.05113338, -0.03312994,  0.59972894,  1.        ]), array([-0.06038075, -0.02397399,  0.60050708,  1.        ])]}, 'eyelid_points': {'left': [array([ 1.43214553e-01, -9.92996719e-04,  6.02867484e-01,  1.00000000e+00]), array([0.12473168, 0.00315021, 0.60058033, 1.        ]), array([0.11257452, 0.00969384, 0.60029107, 1.        ]), array([0.09268965, 0.01080154, 0.60005689, 1.        ]), array([0.07757304, 0.00804246, 0.59986711, 1.        ]), array([0.06611575, 0.00445082, 0.59979171, 1.        ]), array([0.06527181, 0.02924555, 0.59852248, 1.        ]), array([0.07532202, 0.03583367, 0.59949082, 1.        ]), array([0.08873332, 0.04269401, 0.59955633, 1.        ]), array([0.10578274, 0.05290478, 0.59990835, 1.        ])], 'right': [array([-0.0734507 ,  0.02648024,  0.60282207,  1.        ]), array([-0.05487273,  0.02658371,  0.60147512,  1.        ]), array([-0.04106213,  0.02982501,  0.60034758,  1.        ]), array([-0.02191311,  0.02616146,  0.60004628,  1.        ]), array([-0.00832088,  0.01995207,  0.59988141,  1.        ]), array([0.00166497, 0.01358088, 0.5996809 , 1.        ]), array([0.00747151, 0.03641637, 0.59939545, 1.        ]), array([-8.96371705e-04,  4.50844836e-02,  5.99400878e-01,  1.00000000e+00]), array([-0.01220982,  0.0549914 ,  0.59954149,  1.        ]), array([-0.02630107,  0.06912489,  0.59988064,  1.        ])]}}
2025-08-25 02:41:28,158 - DEBUG - 提取瞳孔中心
2025-08-25 02:41:28,158 - DEBUG - pupil_center: {'left': array([ 0.08      , -0.02533333,  0.60000002,  1.        ]), 'right': array([-0.02266667, -0.01066667,  0.60000002,  1.        ])}
2025-08-25 02:41:28,158 - DEBUG - pupil_center类型: <class 'dict'>
2025-08-25 02:41:28,158 - DEBUG - eye_pupil: [ 0.08       -0.02533333  0.60000002  1.        ]
2025-08-25 02:41:28,158 - DEBUG - eye_pupil类型: <class 'numpy.ndarray'>
2025-08-25 02:41:28,158 - DEBUG - eye_pupil形状: (4,)
2025-08-25 02:41:28,164 - DEBUG - 提取虹膜边界
2025-08-25 02:41:28,164 - DEBUG - iris_boundaries: {'left': [array([ 0.0901071 , -0.02565926,  0.60021299,  1.        ]), array([ 0.07847116, -0.03393475,  0.60023957,  1.        ]), array([ 0.07062358, -0.02298462,  0.60036975,  1.        ]), array([ 0.08216123, -0.01446647,  0.60025287,  1.        ])], 'right': [array([-0.01297184, -0.01065953,  0.6003809 ,  1.        ]), array([-0.02316432, -0.01898882,  0.60024846,  1.        ]), array([-0.03159183, -0.00840208,  0.60025048,  1.        ]), array([-2.12783954e-02, -5.52054254e-05,  6.00488424e-01,  1.00000000e+00])]}
2025-08-25 02:41:28,164 - DEBUG - iris_boundaries类型: <class 'dict'>
2025-08-25 02:41:28,165 - DEBUG - eye_iris: [array([ 0.0901071 , -0.02565926,  0.60021299,  1.        ]), array([ 0.07847116, -0.03393475,  0.60023957,  1.        ]), array([ 0.07062358, -0.02298462,  0.60036975,  1.        ]), array([ 0.08216123, -0.01446647,  0.60025287,  1.        ])]
2025-08-25 02:41:28,165 - DEBUG - eye_iris类型: <class 'list'>
2025-08-25 02:41:28,165 - DEBUG - eye_iris长度: 4
2025-08-25 02:41:28,165 - DEBUG - 第一个元素类型: <class 'numpy.ndarray'>
2025-08-25 02:41:28,165 - DEBUG - 第一个元素形状: (4,)
2025-08-25 02:41:28,165 - DEBUG - 提取眼睛轮廓
2025-08-25 02:41:28,165 - DEBUG - eye_contours: {'left': [array([ 0.06062001, -0.01611111,  0.60030162,  1.        ]), array([ 0.06293426, -0.01970156,  0.60022599,  1.        ]), array([ 0.06830472, -0.0252949 ,  0.60005158,  1.        ]), array([ 0.07649071, -0.02942634,  0.59991044,  1.        ]), array([ 0.08505982, -0.03080098,  0.59992433,  1.        ]), array([ 0.09339851, -0.03011907,  0.60011423,  1.        ]), array([ 0.09860911, -0.02833148,  0.60043144,  1.        ]), array([ 0.10171931, -0.02688636,  0.60071069,  1.        ]), array([ 0.10413888, -0.0257033 ,  0.60115588,  1.        ]), array([ 0.10101327, -0.02243405,  0.60067743,  1.        ]), array([ 0.09764804, -0.02010869,  0.60070294,  1.        ]), array([ 0.0926703 , -0.01771297,  0.60019577,  1.        ]), array([ 0.0848776 , -0.0157501 ,  0.60011673,  1.        ]), array([ 0.07674458, -0.01527755,  0.60005081,  1.        ]), array([ 0.06874312, -0.01568985,  0.60013223,  1.        ]), array([ 0.06342376, -0.01565661,  0.60023868,  1.        ])], 'right': [array([-0.04276898, -0.00572669,  0.60117418,  1.        ]), array([-0.03883486, -0.00346196,  0.6006757 ,  1.        ]), array([-0.03492357, -0.00213801,  0.60044622,  1.        ]), array([-0.02955334, -0.00104337,  0.60035825,  1.        ]), array([-0.0216634 , -0.00103065,  0.60022932,  1.        ]), array([-0.01399343, -0.00252395,  0.60008383,  1.        ]), array([-0.0067412 , -0.00481996,  0.60019881,  1.        ]), array([-0.00184468, -0.00614029,  0.60021222,  1.        ]), array([ 6.25852114e-04, -7.20461304e-03,  6.00183070e-01,  1.00000000e+00]), array([-0.00238687, -0.00986611,  0.60017097,  1.        ]), array([-0.00868017, -0.01346417,  0.60003912,  1.        ]), array([-0.01718694, -0.01507118,  0.5999158 ,  1.        ]), array([-0.02524156, -0.01436046,  0.59994543,  1.        ]), array([-0.03296541, -0.0119321 ,  0.60015911,  1.        ]), array([-0.03776673, -0.00923141,  0.60040271,  1.        ]), array([-0.04053389, -0.00729464,  0.60035682,  1.        ])]}
2025-08-25 02:41:28,165 - DEBUG - eye_contours类型: <class 'dict'>
2025-08-25 02:41:28,165 - DEBUG - eye_contour: [array([ 0.06062001, -0.01611111,  0.60030162,  1.        ]), array([ 0.06293426, -0.01970156,  0.60022599,  1.        ]), array([ 0.06830472, -0.0252949 ,  0.60005158,  1.        ]), array([ 0.07649071, -0.02942634,  0.59991044,  1.        ]), array([ 0.08505982, -0.03080098,  0.59992433,  1.        ]), array([ 0.09339851, -0.03011907,  0.60011423,  1.        ]), array([ 0.09860911, -0.02833148,  0.60043144,  1.        ]), array([ 0.10171931, -0.02688636,  0.60071069,  1.        ]), array([ 0.10413888, -0.0257033 ,  0.60115588,  1.        ]), array([ 0.10101327, -0.02243405,  0.60067743,  1.        ]), array([ 0.09764804, -0.02010869,  0.60070294,  1.        ]), array([ 0.0926703 , -0.01771297,  0.60019577,  1.        ]), array([ 0.0848776 , -0.0157501 ,  0.60011673,  1.        ]), array([ 0.07674458, -0.01527755,  0.60005081,  1.        ]), array([ 0.06874312, -0.01568985,  0.60013223,  1.        ]), array([ 0.06342376, -0.01565661,  0.60023868,  1.        ])]
2025-08-25 02:41:28,165 - DEBUG - eye_contour类型: <class 'list'>
2025-08-25 02:41:28,165 - DEBUG - eye_contour长度: 16
2025-08-25 02:41:28,165 - DEBUG - 第一个元素类型: <class 'numpy.ndarray'>
2025-08-25 02:41:28,165 - DEBUG - 第一个元素形状: (4,)
2025-08-25 02:41:28,174 - DEBUG - _extract_eye_key_coordinates完成: {'pupil_center': array([ 0.08      , -0.02533333,  0.60000002,  1.        ]), 'iris_boundaries': [array([ 0.0901071 , -0.02565926,  0.60021299,  1.        ]), array([ 0.07847116, -0.03393475,  0.60023957,  1.        ]), array([ 0.07062358, -0.02298462,  0.60036975,  1.        ]), array([ 0.08216123, -0.01446647,  0.60025287,  1.        ])], 'eye_contours': [array([ 0.06062001, -0.01611111,  0.60030162,  1.        ]), array([ 0.06293426, -0.01970156,  0.60022599,  1.        ]), array([ 0.06830472, -0.0252949 ,  0.60005158,  1.        ]), array([ 0.07649071, -0.02942634,  0.59991044,  1.        ]), array([ 0.08505982, -0.03080098,  0.59992433,  1.        ]), array([ 0.09339851, -0.03011907,  0.60011423,  1.        ]), array([ 0.09860911, -0.02833148,  0.60043144,  1.        ]), array([ 0.10171931, -0.02688636,  0.60071069,  1.        ]), array([ 0.10413888, -0.0257033 ,  0.60115588,  1.        ]), array([ 0.10101327, -0.02243405,  0.60067743,  1.        ]), array([ 0.09764804, -0.02010869,  0.60070294,  1.        ]), array([ 0.0926703 , -0.01771297,  0.60019577,  1.        ]), array([ 0.0848776 , -0.0157501 ,  0.60011673,  1.        ]), array([ 0.07674458, -0.01527755,  0.60005081,  1.        ]), array([ 0.06874312, -0.01568985,  0.60013223,  1.        ]), array([ 0.06342376, -0.01565661,  0.60023868,  1.        ])]}
2025-08-25 02:41:28,174 - DEBUG - left眼关键点坐标: {'pupil_center': array([ 0.08      , -0.02533333,  0.60000002,  1.        ]), 'iris_boundaries': [array([ 0.0901071 , -0.02565926,  0.60021299,  1.        ]), array([ 0.07847116, -0.03393475,  0.60023957,  1.        ]), array([ 0.07062358, -0.02298462,  0.60036975,  1.        ]), array([ 0.08216123, -0.01446647,  0.60025287,  1.        ])], 'eye_contours': [array([ 0.06062001, -0.01611111,  0.60030162,  1.        ]), array([ 0.06293426, -0.01970156,  0.60022599,  1.        ]), array([ 0.06830472, -0.0252949 ,  0.60005158,  1.        ]), array([ 0.07649071, -0.02942634,  0.59991044,  1.        ]), array([ 0.08505982, -0.03080098,  0.59992433,  1.        ]), array([ 0.09339851, -0.03011907,  0.60011423,  1.        ]), array([ 0.09860911, -0.02833148,  0.60043144,  1.        ]), array([ 0.10171931, -0.02688636,  0.60071069,  1.        ]), array([ 0.10413888, -0.0257033 ,  0.60115588,  1.        ]), array([ 0.10101327, -0.02243405,  0.60067743,  1.        ]), array([ 0.09764804, -0.02010869,  0.60070294,  1.        ]), array([ 0.0926703 , -0.01771297,  0.60019577,  1.        ]), array([ 0.0848776 , -0.0157501 ,  0.60011673,  1.        ]), array([ 0.07674458, -0.01527755,  0.60005081,  1.        ]), array([ 0.06874312, -0.01568985,  0.60013223,  1.        ]), array([ 0.06342376, -0.01565661,  0.60023868,  1.        ])]}
2025-08-25 02:41:28,174 - DEBUG - 调用center_fitter进行拟合
2025-08-25 02:41:28,174 - DEBUG - 🆕 创建新的CenterFitter单例实例
2025-08-25 02:41:28,174 - DEBUG - CenterFitter单例初始化完成
2025-08-25 02:41:28,174 - INFO - 🔍 开始眼球拟合: trials_times=1, strategy=None
2025-08-25 02:41:28,174 - DEBUG - 🔍 对象状态检查: _initialized=True, _strategy_functions=True
2025-08-25 02:41:28,174 - DEBUG - 🔍 策略函数映射表: ['constrained_lm', 'constrained_ransac_lm', 'ellipsoid_fallback', 'fail']
2025-08-25 02:41:28,174 - INFO - 📋 数据预处理完成: 总点数=21, 平均visibility=1.000
2025-08-25 02:41:28,174 - INFO -   📍 pupil_center: 1点, 平均visibility=1.000
2025-08-25 02:41:28,174 - INFO -   📍 iris_boundaries: 4点, 平均visibility=1.000
2025-08-25 02:41:28,174 - INFO -   📍 eye_contours: 16点, 平均visibility=1.000
2025-08-25 02:41:28,174 - INFO - 📊 自动选择拟合策略: constrained_lm
2025-08-25 02:41:28,174 - INFO - 🚀 执行拟合策略: constrained_lm
2025-08-25 02:41:28,174 - DEBUG - 📊 采样数据已更新: full, 点数=21
2025-08-25 02:41:28,174 - INFO - 📊 全部采样完成: 采样点数=21
2025-08-25 02:41:28,174 - INFO - 📊 使用全部采样策略: 21个点
2025-08-25 02:41:28,174 - INFO - 🔄 开始约束LM优化...
2025-08-25 02:41:28,174 - DEBUG - 🔍 约束优化开始:
2025-08-25 02:41:28,174 - DEBUG -    目标函数: Φ(θ) = F(θ) + (1/2)λ_depth * h(θ)²
2025-08-25 02:41:28,180 - DEBUG -    数据项: F(θ) = (1/2)∑w_i(||p_i - c|| - (r + δ_i))²
2025-08-25 02:41:28,180 - DEBUG -    约束项: h(θ) = max{0, ε + z_max - c_z}
2025-08-25 02:41:28,180 - INFO - 🔧 开始参数初始化...
2025-08-25 02:41:28,180 - DEBUG - 🔍 参数初始化开始:
2025-08-25 02:41:28,180 - INFO - 🔍 虹膜边界点数量: 4
2025-08-25 02:41:28,180 - DEBUG -    虹膜点数据:
2025-08-25 02:41:28,180 - DEBUG -      形状: (4, 3)
2025-08-25 02:41:28,180 - DEBUG -      前3个点: [[ 0.0901071  -0.02565926  0.60021299]
 [ 0.07847116 -0.03393475  0.60023957]
 [ 0.07062358 -0.02298462  0.60036975]]
2025-08-25 02:41:28,180 - DEBUG -      所有点: [[ 0.0901071  -0.02565926  0.60021299]
 [ 0.07847116 -0.03393475  0.60023957]
 [ 0.07062358 -0.02298462  0.60036975]
 [ 0.08216123 -0.01446647  0.60025287]]
2025-08-25 02:41:28,180 - DEBUG -    随机选择3个点，索引: [0 2 3]
2025-08-25 02:41:28,180 - DEBUG -    选中的点:
2025-08-25 02:41:28,180 - DEBUG -      形状: (3, 3)
2025-08-25 02:41:28,180 - DEBUG -      坐标: [[ 0.0901071  -0.02565926  0.60021299]
 [ 0.07062358 -0.02298462  0.60036975]
 [ 0.08216123 -0.01446647  0.60025287]]
2025-08-25 02:41:28,180 - INFO - 🔧 开始2D圆拟合...
2025-08-25 02:41:28,180 - DEBUG - 🔍 2D圆拟合开始:
2025-08-25 02:41:28,180 - DEBUG -    输入点: [[ 0.0901071  -0.02565926  0.60021299]
 [ 0.07062358 -0.02298462  0.60036975]
 [ 0.08216123 -0.01446647  0.60025287]]
2025-08-25 02:41:28,180 - DEBUG -    点数量: 3
2025-08-25 02:41:28,180 - DEBUG -    坐标提取:
2025-08-25 02:41:28,180 - DEBUG -      X坐标: [0.0901071  0.07062358 0.08216123]
2025-08-25 02:41:28,180 - DEBUG -      Y坐标: [-0.02565926 -0.02298462 -0.01446647]
2025-08-25 02:41:28,180 - DEBUG -    线性方程组:
2025-08-25 02:41:28,180 - DEBUG -      系数矩阵 A:
[[ 0.1802142  -0.05131853  1.        ]
 [ 0.14124717 -0.04596924  1.        ]
 [ 0.16432246 -0.02893293  1.        ]]
2025-08-25 02:41:28,180 - DEBUG -      常数向量 b: [[0.00877769]
 [0.00551598]
 [0.00695975]]
2025-08-25 02:41:28,180 - DEBUG -    线性方程组求解结果:
2025-08-25 02:41:28,180 - DEBUG -      解向量: [[ 0.08039025]
 [-0.02414053]
 [-0.00694863]]
2025-08-25 02:41:28,180 - DEBUG -    圆心和半径计算:
2025-08-25 02:41:28,180 - DEBUG -      圆心X坐标: 0.080390
2025-08-25 02:41:28,180 - DEBUG -      圆心Y坐标: -0.024141
2025-08-25 02:41:28,180 - DEBUG -      圆心: [ 0.08039025 -0.02414053]
2025-08-25 02:41:28,180 - DEBUG -      常数c: -0.006949
2025-08-25 02:41:28,180 - DEBUG -      半径: 0.009835
2025-08-25 02:41:28,180 - DEBUG -    2D圆拟合成功:
2025-08-25 02:41:28,180 - DEBUG -      圆心: [ 0.08039025 -0.02414053]
2025-08-25 02:41:28,187 - DEBUG -      半径: 0.009835
2025-08-25 02:41:28,187 - DEBUG -    2D圆拟合结果:
2025-08-25 02:41:28,187 - DEBUG -      圆心: [ 0.08039025 -0.02414053]
2025-08-25 02:41:28,187 - DEBUG -      半径: 0.009835
2025-08-25 02:41:28,187 - DEBUG -    解剖学约束:
2025-08-25 02:41:28,187 - DEBUG -      虹膜到表面最小距离: 0.000500
2025-08-25 02:41:28,187 - DEBUG -      虹膜到表面最大距离: 0.001200
2025-08-25 02:41:28,187 - DEBUG -    半径计算:
2025-08-25 02:41:28,187 - DEBUG -      默认半径: 0.012000
2025-08-25 02:41:28,189 - DEBUG -      中值距离: 0.000850
2025-08-25 02:41:28,189 - DEBUG -      中值距离+半径 d: 0.012850
2025-08-25 02:41:28,189 - INFO - 🔍 中值距离+半径: 0.013m，2D半径: 0.010m，使用虹膜深度偏移
2025-08-25 02:41:28,189 - DEBUG -    勾股定理计算深度偏移: z = sqrt(0.012850² - 0.009835²) = 0.008270
2025-08-25 02:41:28,189 - DEBUG -    3D球心计算:
2025-08-25 02:41:28,189 - DEBUG -      虹膜点平均Z坐标: 0.600279
2025-08-25 02:41:28,189 - DEBUG -      深度偏移: 0.008270
2025-08-25 02:41:28,189 - DEBUG -      3D球心: [ 0.08039025 -0.02414053  0.60854889]
2025-08-25 02:41:28,189 - DEBUG -    最终初始化参数:
2025-08-25 02:41:28,189 - DEBUG -      球心: [ 0.08039025 -0.02414053  0.60854889]
2025-08-25 02:41:28,189 - DEBUG -      半径: 0.012000
2025-08-25 02:41:28,189 - INFO - 📍 初始中心点: (0.080, -0.024, 0.609)
2025-08-25 02:41:28,189 - INFO - 📏 初始半径: 0.012m
2025-08-25 02:41:28,189 - INFO - ⚙️ 创建约束LM优化器...
2025-08-25 02:41:28,189 - DEBUG - 🔍 约束LM优化器初始化:
2025-08-25 02:41:28,189 - DEBUG -    初始球心: [ 0.08039025 -0.02414053  0.60854889]
2025-08-25 02:41:28,189 - DEBUG -    初始半径: 0.012000
2025-08-25 02:41:28,189 - DEBUG -    参数向量 θ: [[ 0.08039025]
 [-0.02414053]
 [ 0.60854889]
 [ 0.012     ]]
2025-08-25 02:41:28,189 - DEBUG -    样本数量: 21
2025-08-25 02:41:28,189 - DEBUG -    LM配置: LMAlgorithmConfig(lambda_lm=0.01, lambda_factor=10.0, min_lambda=1e-08, max_lambda=100000000.0, max_iterations=30, param_tolerance=5e-06, residual_tolerance=5e-06, max_step=0.01, geometric_weight_factor=10, residual_error_tolerance=0.0005)
2025-08-25 02:41:28,189 - DEBUG -    约束配置: ConstraintConfig(lambda_depth=1000.0, lambda_radius=1.0, radius_prior=0.012, depth_offset_epsilon=0.0002, softplus_tau=0.001, constraint_penalty_factor=1000.0)
2025-08-25 02:41:28,198 - INFO - 🔄 约束LM优化开始: 最大迭代次数=30
2025-08-25 02:41:28,198 - DEBUG - 🔍 优化开始状态:
2025-08-25 02:41:28,200 - DEBUG -    当前参数: [[ 0.08039025]
 [-0.02414053]
 [ 0.60854889]
 [ 0.012     ]]
2025-08-25 02:41:28,200 - DEBUG -    当前球心: [ 0.08039025 -0.02414053  0.60854889]
2025-08-25 02:41:28,200 - DEBUG -    当前半径: 0.012000
2025-08-25 02:41:28,200 - DEBUG -    最大迭代次数: 30
2025-08-25 02:41:28,200 - DEBUG - 🔍 迭代 1/30:
2025-08-25 02:41:28,200 - DEBUG - 🔍 计算点到球心距离: 形状=(21,)
2025-08-25 02:41:28,200 - DEBUG - 🔍 生理偏差向量计算:
2025-08-25 02:41:28,200 - DEBUG -    点类型列表: ['pupil_center', 'iris_boundaries', 'iris_boundaries', 'iris_boundaries', 'iris_boundaries', 'eye_contours', 'eye_contours', 'eye_contours', 'eye_contours', 'eye_contours', 'eye_contours', 'eye_contours', 'eye_contours', 'eye_contours', 'eye_contours', 'eye_contours', 'eye_contours', 'eye_contours', 'eye_contours', 'eye_contours', 'eye_contours']
2025-08-25 02:41:28,200 - DEBUG -    偏差向量: [0.0002  0.00085 0.00085 0.00085 0.00085 0.0015  0.0015  0.0015  0.0015
 0.0015  0.0015  0.0015  0.0015  0.0015  0.0015  0.0015  0.0015  0.0015
 0.0015  0.0015  0.0015 ]
2025-08-25 02:41:28,200 - DEBUG -    向量形状: (21,)
2025-08-25 02:41:28,200 - DEBUG -    偏差统计: 均值=0.001314, 标准差=0.000356
2025-08-25 02:41:28,200 - DEBUG - 获取生理偏差: 点类型=['pupil_center', 'iris_boundaries', 'iris_boundaries', 'iris_boundaries', 'iris_boundaries', 'eye_contours', 'eye_contours', 'eye_contours', 'eye_contours', 'eye_contours', 'eye_contours', 'eye_contours', 'eye_contours', 'eye_contours', 'eye_contours', 'eye_contours', 'eye_contours', 'eye_contours', 'eye_contours', 'eye_contours', 'eye_contours'], 偏差值=[0.0002  0.00085 0.00085 0.00085 0.00085 0.0015  0.0015  0.0015  0.0015
 0.0015  0.0015  0.0015  0.0015  0.0015  0.0015  0.0015  0.0015  0.0015
 0.0015  0.0015  0.0015 ]
2025-08-25 02:41:28,200 - INFO - -----------------------------------------------------------------------------------
2025-08-25 02:41:28,200 - DEBUG - 🔍 拟合残差计算详情:
2025-08-25 02:41:28,200 - DEBUG -    球心坐标: [ 0.08039025 -0.02414053  0.60854889]
2025-08-25 02:41:28,200 - DEBUG -    球体半径: 0.012000
2025-08-25 02:41:28,200 - DEBUG -    采样点数: 21
2025-08-25 02:41:28,200 - DEBUG -    点类型分布: {'eye_contours': 16, 'iris_boundaries': 4, 'pupil_center': 1}
2025-08-25 02:41:28,200 - DEBUG -    理论距离向量: [0.0122  0.01285 0.01285 0.01285 0.01285 0.0135  0.0135  0.0135  0.0135
 0.0135  0.0135  0.0135  0.0135  0.0135  0.0135  0.0135  0.0135  0.0135
 0.0135  0.0135  0.0135 ]
2025-08-25 02:41:28,205 - DEBUG -    实际距离向量: [0.00864049 0.01289228 0.0129867  0.01279148 0.01286654 0.02287687
 0.01984154 0.0148188  0.01085214 0.01185536 0.0166163  0.02038098
 0.02288899 0.02492181 0.02214003 0.01938159 0.01618295 0.01271365
 0.01280861 0.01667062 0.02070985]
2025-08-25 02:41:28,205 - DEBUG -    生理偏差向量: [0.0002  0.00085 0.00085 0.00085 0.00085 0.0015  0.0015  0.0015  0.0015
 0.0015  0.0015  0.0015  0.0015  0.0015  0.0015  0.0015  0.0015  0.0015
 0.0015  0.0015  0.0015 ]
2025-08-25 02:41:28,205 - DEBUG -    残差向量 f(θ): 
[[-3.55950605e-03]
 [ 4.22829776e-05]
 [ 1.36698088e-04]
 [-5.85160907e-05]
 [ 1.65362204e-05]
 [ 9.37686885e-03]
 [ 6.34153901e-03]
 [ 1.31879504e-03]
 [-2.64785643e-03]
 [-1.64464025e-03]
 [ 3.11630263e-03]
 [ 6.88097539e-03]
 [ 9.38899200e-03]
 [ 1.14218104e-02]
 [ 8.64003495e-03]
 [ 5.88158927e-03]
 [ 2.68294970e-03]
 [-7.86346606e-04]
 [-6.91387630e-04]
 [ 3.17061776e-03]
 [ 7.20985229e-03]]
2025-08-25 02:41:28,205 - DEBUG -    平均残差范数: 0.001174
2025-08-25 02:41:28,205 - DEBUG -    残差范数=0.024648
2025-08-25 02:41:28,205 - INFO - -----------------------------------------------------------------------------------
2025-08-25 02:41:28,205 - DEBUG - 🔍 深度约束计算详情 (softplus):
2025-08-25 02:41:28,205 - DEBUG -    采样点Z坐标范围: [0.599910, 0.601156]
2025-08-25 02:41:28,205 - DEBUG -    球心Z坐标: 0.608549
2025-08-25 02:41:28,205 - DEBUG -    深度偏移ε: 0.000200
2025-08-25 02:41:28,205 - DEBUG -    softplus参数τ: 0.001000
2025-08-25 02:41:28,205 - DEBUG -    原始违反值: -0.007193
2025-08-25 02:41:28,205 - DEBUG -    softplus输入 u: -7.193010
2025-08-25 02:41:28,205 - DEBUG -    约束惩罚 h(θ): 0.000001
2025-08-25 02:41:28,205 - DEBUG -    🟢 深度约束满足: 球心深度足够
2025-08-25 02:41:28,205 - INFO - -----------------------------------------------------------------------------------
2025-08-25 02:41:28,205 - DEBUG - 🔍 半径惩罚计算详情:
2025-08-25 02:41:28,205 - DEBUG -    当前半径: 0.012000
2025-08-25 02:41:28,205 - DEBUG -    半径先验值: 0.012000
2025-08-25 02:41:28,205 - DEBUG -    半径残差 r(θ): 0.000000
2025-08-25 02:41:28,205 - DEBUG -    数据残差 f(θ): [[-3.55950605e-03]
 [ 4.22829776e-05]
 [ 1.36698088e-04]
 [-5.85160907e-05]
 [ 1.65362204e-05]
 [ 9.37686885e-03]
 [ 6.34153901e-03]
 [ 1.31879504e-03]
 [-2.64785643e-03]
 [-1.64464025e-03]
 [ 3.11630263e-03]
 [ 6.88097539e-03]
 [ 9.38899200e-03]
 [ 1.14218104e-02]
 [ 8.64003495e-03]
 [ 5.88158927e-03]
 [ 2.68294970e-03]
 [-7.86346606e-04]
 [-6.91387630e-04]
 [ 3.17061776e-03]
 [ 7.20985229e-03]]
2025-08-25 02:41:28,205 - DEBUG -    约束残差 g(θ): [[7.51540567e-07]]
2025-08-25 02:41:28,205 - DEBUG -    半径残差 r(θ): [[0.]]
2025-08-25 02:41:28,205 - DEBUG - 🔍 首次迭代，无历史状态可比较
2025-08-25 02:41:28,205 - INFO - -----------------------------------------------------------------------------------
2025-08-25 02:41:28,205 - DEBUG - 🔍 权重管理器状态更新详情:
2025-08-25 02:41:28,205 - DEBUG -    当前迭代: 0
2025-08-25 02:41:28,205 - DEBUG -    参数变化: 0.000000 (阈值: 0.000005)
2025-08-25 02:41:28,205 - DEBUG -    残差变化: 0.000000 (阈值: 0.000005)
2025-08-25 02:41:28,205 - DEBUG -    几何权重因子: 10
2025-08-25 02:41:28,205 - DEBUG - ⏸️ 保持图像置信度权重: 参数变化=0.00e+00, 残差变化=0.00e+00
2025-08-25 02:41:28,213 - DEBUG - 状态已保存: 参数=[ 0.08039025 -0.02414053  0.60854889  0.012     ], 残差范数=0.024648
2025-08-25 02:41:28,213 - DEBUG - 🔍 获取visibility信息: 形状=(21,), 范围=[1.000, 1.000]
2025-08-25 02:41:28,213 - DEBUG - 🔧 设置图像置信度权重: 21个点
2025-08-25 02:41:28,213 - DEBUG - 🔍 开始计算权重矩阵:
2025-08-25 02:41:28,213 - DEBUG -    点类型: ['pupil_center', 'iris_boundaries', 'iris_boundaries', 'iris_boundaries', 'iris_boundaries', 'eye_contours', 'eye_contours', 'eye_contours', 'eye_contours', 'eye_contours', 'eye_contours', 'eye_contours', 'eye_contours', 'eye_contours', 'eye_contours', 'eye_contours', 'eye_contours', 'eye_contours', 'eye_contours', 'eye_contours', 'eye_contours']
2025-08-25 02:41:28,213 - DEBUG -    残差向量: 形状=(21,), 范数=0.024648
2025-08-25 02:41:28,213 - DEBUG -    Visibility: 形状=(21,), 均值=1.000
2025-08-25 02:41:28,213 - DEBUG - 🔍 权重矩阵计算成功: 形状=(21, 21)
2025-08-25 02:41:28,213 - DEBUG - 🔍 几何权重统计:
2025-08-25 02:41:28,215 - DEBUG -    权重向量: [[1.]
 [1.]
 [1.]
 [1.]
 [1.]
 [1.]
 [1.]
 [1.]
 [1.]
 [1.]
 [1.]
 [1.]
 [1.]
 [1.]
 [1.]
 [1.]
 [1.]
 [1.]
 [1.]
 [1.]
 [1.]]
2025-08-25 02:41:28,215 - DEBUG -    权重范围: [1.000000, 1.000000]
2025-08-25 02:41:28,216 - DEBUG -    权重均值: 1.000000
2025-08-25 02:41:28,216 - DEBUG -    权重标准差: 0.000000
2025-08-25 02:41:28,216 - DEBUG -    高权重点(>0.8): 21/21
2025-08-25 02:41:28,216 - DEBUG -    低权重点(<0.2): 0/21
2025-08-25 02:41:28,216 - INFO - -----------------------------------------------------------------------------------
2025-08-25 02:41:28,216 - DEBUG - 🔍 开始求解LM更新方程:
2025-08-25 02:41:28,216 - DEBUG -    数据残差: 形状=(21,), 范数=0.024648
2025-08-25 02:41:28,216 - DEBUG -    约束残差: 形状=(1,), 范数=0.000001
2025-08-25 02:41:28,216 - DEBUG - 🔍 计算数据残差雅可比矩阵 J_f: 形状=(21, 4)
2025-08-25 02:41:28,216 - DEBUG - 🔍 J_f矩阵计算完成: 条件数=8.22e+00
2025-08-25 02:41:28,216 - DEBUG - 🔍 深度约束雅可比计算: u=-7.193010, σ=0.000751, J_h=[[ 0.          0.         -0.00075126  0.        ]]
2025-08-25 02:41:28,216 - DEBUG - 🔍 半径先验雅可比: J_r=[[0. 0. 0. 1.]]
2025-08-25 02:41:28,216 - DEBUG - 🔍 使用几何权重矩阵: 形状=(21, 21)
2025-08-25 02:41:28,216 - DEBUG - 🔍 Hessian矩阵计算:
2025-08-25 02:41:28,216 - DEBUG -    H_data = J_f^T W J_f: 形状=(4, 4), 条件数=6.76e+01
2025-08-25 02:41:28,216 - DEBUG -    H_h = λ_depth J_h^T J_h: 形状=(4, 4), λ_depth=1000.0
2025-08-25 02:41:28,216 - DEBUG -    H_r = λ_radius J_r^T J_r: 形状=(4, 4), λ_radius=1.0
2025-08-25 02:41:28,216 - DEBUG -    H_total: 形状=(4, 4), 条件数=4.40e+01
2025-08-25 02:41:28,216 - DEBUG - 🔍 梯度计算:
2025-08-25 02:41:28,216 - DEBUG -    g_data: 形状=(4,), 范数=0.073318
2025-08-25 02:41:28,216 - DEBUG -    g_h: 形状=(4,), 范数=0.000001
2025-08-25 02:41:28,221 - DEBUG -    g_r: 形状=(4,), 范数=0.000000
2025-08-25 02:41:28,221 - DEBUG -    g_total: 形状=(4,), 范数=0.073319
2025-08-25 02:41:28,221 - DEBUG - 🔍 初始化LM阻尼因子: λ_LM = 0.01
2025-08-25 02:41:28,221 - DEBUG - 🔍 LM阻尼矩阵: H_lm = H_total + 0.01 * I
2025-08-25 02:41:28,221 - DEBUG -    H_lm条件数: 4.33e+01
2025-08-25 02:41:28,221 - DEBUG - 🔍 线性方程组求解成功:
2025-08-25 02:41:28,221 - DEBUG -    参数更新向量 Δθ: [[-0.0008706 ]
 [-0.00076647]
 [-0.01382288]
 [ 0.01009144]]
2025-08-25 02:41:28,221 - DEBUG -    更新向量范数: 0.017154
2025-08-25 02:41:28,221 - DEBUG -    各分量更新: Δc_x=-0.000871, Δc_y=-0.000766, Δc_z=-0.013823, Δr=0.010091
2025-08-25 02:41:28,221 - DEBUG -    参数更新:
2025-08-25 02:41:28,221 - DEBUG -      旧参数: [[ 0.08039025]
 [-0.02414053]
 [ 0.60854889]
 [ 0.012     ]]
2025-08-25 02:41:28,221 - DEBUG -      更新向量: [[-0.0008706 ]
 [-0.00076647]
 [-0.01382288]
 [ 0.01009144]]
2025-08-25 02:41:28,221 - DEBUG -      新参数: [[ 0.07951964]
 [-0.02490699]
 [ 0.594726  ]
 [ 0.02209144]]
2025-08-25 02:41:28,221 - INFO - -----------------------------------------------------------------------------------
2025-08-25 02:41:28,221 - INFO - 🔍 迭代第0次，球心向右0.870605mm，向上0.766466mm，向前13.822882mm，半径变大10.091441mm
2025-08-25 02:41:28,221 - INFO - 📊 变化前: 中心(0.080, -0.024, 0.609), 半径12.00mm
2025-08-25 02:41:28,221 - INFO - 📊 变化后: 中心(0.080, -0.025, 0.595), 半径22.09mm
2025-08-25 02:41:28,221 - INFO - 📈 变化量: 中心移动1.16mm, 半径变化10.09mm
2025-08-25 02:41:28,221 - INFO - 📍 眼球中心: [ 0.08039025 -0.02414053  0.60854889]
2025-08-25 02:41:28,221 - INFO - 📏 眼球半径: 12.00mm
2025-08-25 02:41:28,221 - INFO - 👁️ 瞳孔中心: [ 0.08       -0.02533333  0.60000002]
2025-08-25 02:41:28,221 - INFO - 📐 眼球中心在瞳孔中心的右0.39mm，下1.19mm，后8.55mm
2025-08-25 02:41:28,221 - INFO - 📏 距离: 8.64mm
2025-08-25 02:41:28,221 - INFO - -----------------------------------------------------------------------------------
2025-08-25 02:41:28,221 - INFO - -----------------------------------------------------------------------------------
2025-08-25 02:41:28,221 - DEBUG - 🔍 参数有效性检查:
2025-08-25 02:41:28,221 - DEBUG -    参数向量: [[ 0.07951964]
 [-0.02490699]
 [ 0.594726  ]
 [ 0.02209144]]
2025-08-25 02:41:28,221 - DEBUG -    球心: [ 0.07951964 -0.02490699  0.594726  ]
2025-08-25 02:41:28,221 - DEBUG -    半径: 0.022091
2025-08-25 02:41:28,221 - DEBUG - 🔍 初始化函数值 Φ(θ): 0.000304
2025-08-25 02:41:28,221 - DEBUG - 🔍 参数有效: True
2025-08-25 02:41:28,221 - DEBUG -    参数更新成功:
2025-08-25 02:41:28,221 - DEBUG -      新球心: [ 0.07951964 -0.02490699  0.594726  ]
2025-08-25 02:41:28,221 - DEBUG -      新半径: 0.022091
2025-08-25 02:41:28,221 - INFO - -----------------------------------------------------------------------------------
2025-08-25 02:41:28,221 - DEBUG - 🔍 LM收敛性检查:
2025-08-25 02:41:28,221 - DEBUG -    当前迭代次数: 0
2025-08-25 02:41:28,221 - DEBUG -    最大迭代次数: 30
2025-08-25 02:41:28,221 - DEBUG -    参数变化: 0.017154
2025-08-25 02:41:28,221 - DEBUG -    参数容忍度: 5e-06
2025-08-25 02:41:28,221 - DEBUG -    残差变化: 0.000000
2025-08-25 02:41:28,221 - DEBUG -    残差容忍度: 5e-06
2025-08-25 02:41:28,221 - DEBUG - 🔍 迭代 2/30:
2025-08-25 02:41:28,221 - DEBUG - 🔍 计算点到球心距离: 形状=(21,)
2025-08-25 02:41:28,221 - DEBUG - 🔍 生理偏差向量计算:
2025-08-25 02:41:28,221 - DEBUG -    点类型列表: ['pupil_center', 'iris_boundaries', 'iris_boundaries', 'iris_boundaries', 'iris_boundaries', 'eye_contours', 'eye_contours', 'eye_contours', 'eye_contours', 'eye_contours', 'eye_contours', 'eye_contours', 'eye_contours', 'eye_contours', 'eye_contours', 'eye_contours', 'eye_contours', 'eye_contours', 'eye_contours', 'eye_contours', 'eye_contours']
2025-08-25 02:41:28,229 - DEBUG -    偏差向量: [0.0002  0.00085 0.00085 0.00085 0.00085 0.0015  0.0015  0.0015  0.0015
 0.0015  0.0015  0.0015  0.0015  0.0015  0.0015  0.0015  0.0015  0.0015
 0.0015  0.0015  0.0015 ]
2025-08-25 02:41:28,229 - DEBUG -    向量形状: (21,)
2025-08-25 02:41:28,229 - DEBUG -    偏差统计: 均值=0.001314, 标准差=0.000356
2025-08-25 02:41:28,229 - DEBUG - 获取生理偏差: 点类型=['pupil_center', 'iris_boundaries', 'iris_boundaries', 'iris_boundaries', 'iris_boundaries', 'eye_contours', 'eye_contours', 'eye_contours', 'eye_contours', 'eye_contours', 'eye_contours', 'eye_contours', 'eye_contours', 'eye_contours', 'eye_contours', 'eye_contours', 'eye_contours', 'eye_contours', 'eye_contours', 'eye_contours', 'eye_contours'], 偏差值=[0.0002  0.00085 0.00085 0.00085 0.00085 0.0015  0.0015  0.0015  0.0015
 0.0015  0.0015  0.0015  0.0015  0.0015  0.0015  0.0015  0.0015  0.0015
 0.0015  0.0015  0.0015 ]
2025-08-25 02:41:28,229 - INFO - -----------------------------------------------------------------------------------
2025-08-25 02:41:28,229 - DEBUG - 🔍 拟合残差计算详情:
2025-08-25 02:41:28,229 - DEBUG -    球心坐标: [ 0.07951964 -0.02490699  0.594726  ]
2025-08-25 02:41:28,229 - DEBUG -    球体半径: 0.022091
2025-08-25 02:41:28,229 - DEBUG -    采样点数: 21
2025-08-25 02:41:28,229 - DEBUG -    点类型分布: {'eye_contours': 16, 'iris_boundaries': 4, 'pupil_center': 1}
2025-08-25 02:41:28,229 - DEBUG -    理论距离向量: [0.02229144 0.02294144 0.02294144 0.02294144 0.02294144 0.02359144
 0.02359144 0.02359144 0.02359144 0.02359144 0.02359144 0.02359144
 0.02359144 0.02359144 0.02359144 0.02359144 0.02359144 0.02359144
 0.02359144 0.02359144 0.02359144]
2025-08-25 02:41:28,229 - DEBUG -    实际距离向量: [0.00531298 0.01194852 0.01063011 0.01070921 0.01210491 0.02157895
 0.01823242 0.01242122 0.00751514 0.00961536 0.01577409 0.02021601
 0.02307726 0.0254575  0.02243905 0.01968213 0.01595657 0.01190027
 0.01134815 0.01517617 0.01936586]
2025-08-25 02:41:28,229 - DEBUG -    生理偏差向量: [0.0002  0.00085 0.00085 0.00085 0.00085 0.0015  0.0015  0.0015  0.0015
 0.0015  0.0015  0.0015  0.0015  0.0015  0.0015  0.0015  0.0015  0.0015
 0.0015  0.0015  0.0015 ]
2025-08-25 02:41:28,229 - DEBUG -    残差向量 f(θ): 
[[-0.01697846]
 [-0.01099292]
 [-0.01231134]
 [-0.01223223]
 [-0.01083653]
 [-0.00201249]
 [-0.00535902]
 [-0.01117022]
 [-0.0160763 ]
 [-0.01397608]
 [-0.00781736]
 [-0.00337543]
 [-0.00051419]
 [ 0.00186606]
 [-0.00115239]
 [-0.00390931]
 [-0.00763487]
 [-0.01169117]
 [-0.01224329]
 [-0.00841527]
 [-0.00422558]]
2025-08-25 02:41:28,229 - DEBUG -    平均残差范数: 0.002111
2025-08-25 02:41:28,229 - DEBUG -    残差范数=0.044334
2025-08-25 02:41:28,229 - INFO - -----------------------------------------------------------------------------------
2025-08-25 02:41:28,229 - DEBUG - 🔍 深度约束计算详情 (softplus):
2025-08-25 02:41:28,229 - DEBUG -    采样点Z坐标范围: [0.599910, 0.601156]
2025-08-25 02:41:28,229 - DEBUG -    球心Z坐标: 0.594726
2025-08-25 02:41:28,229 - DEBUG -    深度偏移ε: 0.000200
2025-08-25 02:41:28,229 - DEBUG -    softplus参数τ: 0.001000
2025-08-25 02:41:28,229 - DEBUG -    原始违反值: 0.006630
2025-08-25 02:41:28,229 - DEBUG -    softplus输入 u: 6.629872
2025-08-25 02:41:28,229 - DEBUG -    约束惩罚 h(θ): 0.006631
2025-08-25 02:41:28,229 - DEBUG -    🔴 深度约束被违反: 球心过浅
2025-08-25 02:41:28,229 - INFO - -----------------------------------------------------------------------------------
2025-08-25 02:41:28,229 - DEBUG - 🔍 半径惩罚计算详情:
2025-08-25 02:41:28,229 - DEBUG -    当前半径: 0.022091
2025-08-25 02:41:28,229 - DEBUG -    半径先验值: 0.012000
2025-08-25 02:41:28,229 - DEBUG -    半径残差 r(θ): 0.010091
2025-08-25 02:41:28,229 - DEBUG -    数据残差 f(θ): [[-0.01697846]
 [-0.01099292]
 [-0.01231134]
 [-0.01223223]
 [-0.01083653]
 [-0.00201249]
 [-0.00535902]
 [-0.01117022]
 [-0.0160763 ]
 [-0.01397608]
 [-0.00781736]
 [-0.00337543]
 [-0.00051419]
 [ 0.00186606]
 [-0.00115239]
 [-0.00390931]
 [-0.00763487]
 [-0.01169117]
 [-0.01224329]
 [-0.00841527]
 [-0.00422558]]
2025-08-25 02:41:28,229 - DEBUG -    约束残差 g(θ): [[0.00663119]]
2025-08-25 02:41:28,229 - DEBUG -    半径残差 r(θ): [[0.01009144]]
2025-08-25 02:41:28,229 - DEBUG - 🔍 状态变化计算: 参数变化=0.017154, 残差变化=0.019685
2025-08-25 02:41:28,229 - INFO - -----------------------------------------------------------------------------------
2025-08-25 02:41:28,237 - DEBUG - 🔍 权重管理器状态更新详情:
2025-08-25 02:41:28,237 - DEBUG -    当前迭代: 1
2025-08-25 02:41:28,237 - DEBUG -    参数变化: 0.017154 (阈值: 0.000005)
2025-08-25 02:41:28,237 - DEBUG -    残差变化: 0.019685 (阈值: 0.000005)
2025-08-25 02:41:28,237 - DEBUG -    几何权重因子: 10
2025-08-25 02:41:28,237 - DEBUG - ⏸️ 保持图像置信度权重: 参数变化=1.72e-02, 残差变化=1.97e-02
2025-08-25 02:41:28,237 - DEBUG - 状态已保存: 参数=[ 0.07951964 -0.02490699  0.594726    0.02209144], 残差范数=0.044334
2025-08-25 02:41:28,237 - DEBUG - 🔍 获取visibility信息: 形状=(21,), 范围=[1.000, 1.000]
2025-08-25 02:41:28,237 - DEBUG - 🔧 设置图像置信度权重: 21个点
2025-08-25 02:41:28,237 - DEBUG - 🔍 开始计算权重矩阵:
2025-08-25 02:41:28,237 - DEBUG -    点类型: ['pupil_center', 'iris_boundaries', 'iris_boundaries', 'iris_boundaries', 'iris_boundaries', 'eye_contours', 'eye_contours', 'eye_contours', 'eye_contours', 'eye_contours', 'eye_contours', 'eye_contours', 'eye_contours', 'eye_contours', 'eye_contours', 'eye_contours', 'eye_contours', 'eye_contours', 'eye_contours', 'eye_contours', 'eye_contours']
2025-08-25 02:41:28,237 - DEBUG -    残差向量: 形状=(21,), 范数=0.044334
2025-08-25 02:41:28,237 - DEBUG -    Visibility: 形状=(21,), 均值=1.000
2025-08-25 02:41:28,237 - DEBUG - 🔍 权重矩阵计算成功: 形状=(21, 21)
2025-08-25 02:41:28,237 - DEBUG - 🔍 几何权重统计:
2025-08-25 02:41:28,237 - DEBUG -    权重向量: [[1.]
 [1.]
 [1.]
 [1.]
 [1.]
 [1.]
 [1.]
 [1.]
 [1.]
 [1.]
 [1.]
 [1.]
 [1.]
 [1.]
 [1.]
 [1.]
 [1.]
 [1.]
 [1.]
 [1.]
 [1.]]
2025-08-25 02:41:28,237 - DEBUG -    权重范围: [1.000000, 1.000000]
2025-08-25 02:41:28,237 - DEBUG -    权重均值: 1.000000
2025-08-25 02:41:28,237 - DEBUG -    权重标准差: 0.000000
2025-08-25 02:41:28,237 - DEBUG -    高权重点(>0.8): 21/21
2025-08-25 02:41:28,237 - DEBUG -    低权重点(<0.2): 0/21
2025-08-25 02:41:28,237 - INFO - -----------------------------------------------------------------------------------
2025-08-25 02:41:28,237 - DEBUG - 🔍 开始求解LM更新方程:
2025-08-25 02:41:28,237 - DEBUG -    数据残差: 形状=(21,), 范数=0.044334
2025-08-25 02:41:28,237 - DEBUG -    约束残差: 形状=(1,), 范数=0.006631
2025-08-25 02:41:28,237 - DEBUG - 🔍 计算数据残差雅可比矩阵 J_f: 形状=(21, 4)
2025-08-25 02:41:28,237 - DEBUG - 🔍 J_f矩阵计算完成: 条件数=7.57e+00
2025-08-25 02:41:28,237 - DEBUG - 🔍 深度约束雅可比计算: u=6.629872, σ=0.998681, J_h=[[ 0.          0.         -0.99868141  0.        ]]
2025-08-25 02:41:28,237 - DEBUG - 🔍 半径先验雅可比: J_r=[[0. 0. 0. 1.]]
2025-08-25 02:41:28,237 - DEBUG - 🔍 使用几何权重矩阵: 形状=(21, 21)
2025-08-25 02:41:28,237 - DEBUG - 🔍 Hessian矩阵计算:
2025-08-25 02:41:28,237 - DEBUG -    H_data = J_f^T W J_f: 形状=(4, 4), 条件数=5.73e+01
2025-08-25 02:41:28,237 - DEBUG -    H_h = λ_depth J_h^T J_h: 形状=(4, 4), λ_depth=1000.0
2025-08-25 02:41:28,237 - DEBUG -    H_r = λ_radius J_r^T J_r: 形状=(4, 4), λ_radius=1.0
2025-08-25 02:41:28,237 - DEBUG -    H_total: 形状=(4, 4), 条件数=2.41e+02
2025-08-25 02:41:28,237 - DEBUG - 🔍 梯度计算:
2025-08-25 02:41:28,237 - DEBUG -    g_data: 形状=(4,), 范数=0.192614
2025-08-25 02:41:28,237 - DEBUG -    g_h: 形状=(4,), 范数=6.622448
2025-08-25 02:41:28,237 - DEBUG -    g_r: 形状=(4,), 范数=0.010091
2025-08-25 02:41:28,237 - DEBUG -    g_total: 形状=(4,), 范数=6.712791
2025-08-25 02:41:28,237 - DEBUG - 🔍 LM阻尼矩阵: H_lm = H_total + 0.01 * I
2025-08-25 02:41:28,245 - DEBUG -    H_lm条件数: 2.40e+02
2025-08-25 02:41:28,245 - DEBUG - 🔍 线性方程组求解成功:
2025-08-25 02:41:28,245 - DEBUG -    参数更新向量 Δθ: [[-0.00211016]
 [-0.00204693]
 [ 0.00664847]
 [-0.00607434]]
2025-08-25 02:41:28,245 - DEBUG -    更新向量范数: 0.009473
2025-08-25 02:41:28,245 - DEBUG -    各分量更新: Δc_x=-0.002110, Δc_y=-0.002047, Δc_z=0.006648, Δr=-0.006074
2025-08-25 02:41:28,245 - DEBUG -    参数更新:
2025-08-25 02:41:28,245 - DEBUG -      旧参数: [[ 0.07951964]
 [-0.02490699]
 [ 0.594726  ]
 [ 0.02209144]]
2025-08-25 02:41:28,245 - DEBUG -      更新向量: [[-0.00211016]
 [-0.00204693]
 [ 0.00664847]
 [-0.00607434]]
2025-08-25 02:41:28,245 - DEBUG -      新参数: [[ 0.07740948]
 [-0.02695392]
 [ 0.60137448]
 [ 0.0160171 ]]
2025-08-25 02:41:28,245 - INFO - -----------------------------------------------------------------------------------
2025-08-25 02:41:28,245 - INFO - 🔍 迭代第1次，球心向右2.110161mm，向上2.046928mm，向后6.648474mm，半径变小6.074344mm
2025-08-25 02:41:28,245 - INFO - 📊 变化前: 中心(0.080, -0.025, 0.595), 半径22.09mm
2025-08-25 02:41:28,245 - INFO - 📊 变化后: 中心(0.077, -0.027, 0.601), 半径16.02mm
2025-08-25 02:41:28,245 - INFO - 📈 变化量: 中心移动2.94mm, 半径变化6.07mm
2025-08-25 02:41:28,245 - INFO - 📍 眼球中心: [ 0.07951964 -0.02490699  0.594726  ]
2025-08-25 02:41:28,245 - INFO - 📏 眼球半径: 22.09mm
2025-08-25 02:41:28,245 - INFO - 👁️ 瞳孔中心: [ 0.08       -0.02533333  0.60000002]
2025-08-25 02:41:28,245 - INFO - 📐 眼球中心在瞳孔中心的左0.48mm，下0.43mm，前5.27mm
2025-08-25 02:41:28,245 - INFO - 📏 距离: 5.31mm
2025-08-25 02:41:28,245 - INFO - -----------------------------------------------------------------------------------
2025-08-25 02:41:28,245 - INFO - -----------------------------------------------------------------------------------
2025-08-25 02:41:28,245 - DEBUG - 🔍 参数有效性检查:
2025-08-25 02:41:28,245 - DEBUG -    参数向量: [[ 0.07740948]
 [-0.02695392]
 [ 0.60137448]
 [ 0.0160171 ]]
2025-08-25 02:41:28,245 - DEBUG -    球心: [ 0.07740948 -0.02695392  0.60137448]
2025-08-25 02:41:28,245 - DEBUG -    半径: 0.016017
2025-08-25 02:41:28,245 - DEBUG - 🔍 函数值计算详情:
2025-08-25 02:41:28,245 - DEBUG -    数据项 F(θ): 0.000983
2025-08-25 02:41:28,245 - DEBUG -    深度约束项: 0.021986
2025-08-25 02:41:28,245 - DEBUG -    半径先验项: 0.000051
2025-08-25 02:41:28,245 - DEBUG -    总函数值 Φ(θ): 0.023020
2025-08-25 02:41:28,245 - DEBUG -    函数值改善: -0.022716
2025-08-25 02:41:28,245 - DEBUG - 🔍 参数有效: False
2025-08-25 02:41:28,245 - DEBUG -    参数无效，阻尼因子调整: λ_LM = 1.00e-01
2025-08-25 02:41:28,245 - DEBUG - 🔍 迭代 3/30:
2025-08-25 02:41:28,245 - DEBUG - 🔍 计算点到球心距离: 形状=(21,)
2025-08-25 02:41:28,245 - DEBUG - 🔍 生理偏差向量计算:
2025-08-25 02:41:28,245 - DEBUG -    点类型列表: ['pupil_center', 'iris_boundaries', 'iris_boundaries', 'iris_boundaries', 'iris_boundaries', 'eye_contours', 'eye_contours', 'eye_contours', 'eye_contours', 'eye_contours', 'eye_contours', 'eye_contours', 'eye_contours', 'eye_contours', 'eye_contours', 'eye_contours', 'eye_contours', 'eye_contours', 'eye_contours', 'eye_contours', 'eye_contours']
2025-08-25 02:41:28,245 - DEBUG -    偏差向量: [0.0002  0.00085 0.00085 0.00085 0.00085 0.0015  0.0015  0.0015  0.0015
 0.0015  0.0015  0.0015  0.0015  0.0015  0.0015  0.0015  0.0015  0.0015
 0.0015  0.0015  0.0015 ]
2025-08-25 02:41:28,245 - DEBUG -    向量形状: (21,)
2025-08-25 02:41:28,245 - DEBUG -    偏差统计: 均值=0.001314, 标准差=0.000356
2025-08-25 02:41:28,245 - DEBUG - 获取生理偏差: 点类型=['pupil_center', 'iris_boundaries', 'iris_boundaries', 'iris_boundaries', 'iris_boundaries', 'eye_contours', 'eye_contours', 'eye_contours', 'eye_contours', 'eye_contours', 'eye_contours', 'eye_contours', 'eye_contours', 'eye_contours', 'eye_contours', 'eye_contours', 'eye_contours', 'eye_contours', 'eye_contours', 'eye_contours', 'eye_contours'], 偏差值=[0.0002  0.00085 0.00085 0.00085 0.00085 0.0015  0.0015  0.0015  0.0015
 0.0015  0.0015  0.0015  0.0015  0.0015  0.0015  0.0015  0.0015  0.0015
 0.0015  0.0015  0.0015 ]
2025-08-25 02:41:28,245 - INFO - -----------------------------------------------------------------------------------
2025-08-25 02:41:28,245 - DEBUG - 🔍 拟合残差计算详情:
2025-08-25 02:41:28,254 - DEBUG -    球心坐标: [ 0.07951964 -0.02490699  0.594726  ]
2025-08-25 02:41:28,254 - DEBUG -    球体半径: 0.022091
2025-08-25 02:41:28,254 - DEBUG -    采样点数: 21
2025-08-25 02:41:28,254 - DEBUG -    点类型分布: {'eye_contours': 16, 'iris_boundaries': 4, 'pupil_center': 1}
2025-08-25 02:41:28,254 - DEBUG -    理论距离向量: [0.02229144 0.02294144 0.02294144 0.02294144 0.02294144 0.02359144
 0.02359144 0.02359144 0.02359144 0.02359144 0.02359144 0.02359144
 0.02359144 0.02359144 0.02359144 0.02359144 0.02359144 0.02359144
 0.02359144 0.02359144 0.02359144]
2025-08-25 02:41:28,254 - DEBUG -    实际距离向量: [0.00531298 0.01194852 0.01063011 0.01070921 0.01210491 0.02157895
 0.01823242 0.01242122 0.00751514 0.00961536 0.01577409 0.02021601
 0.02307726 0.0254575  0.02243905 0.01968213 0.01595657 0.01190027
 0.01134815 0.01517617 0.01936586]
2025-08-25 02:41:28,254 - DEBUG -    生理偏差向量: [0.0002  0.00085 0.00085 0.00085 0.00085 0.0015  0.0015  0.0015  0.0015
 0.0015  0.0015  0.0015  0.0015  0.0015  0.0015  0.0015  0.0015  0.0015
 0.0015  0.0015  0.0015 ]
2025-08-25 02:41:28,254 - DEBUG -    残差向量 f(θ): 
[[-0.01697846]
 [-0.01099292]
 [-0.01231134]
 [-0.01223223]
 [-0.01083653]
 [-0.00201249]
 [-0.00535902]
 [-0.01117022]
 [-0.0160763 ]
 [-0.01397608]
 [-0.00781736]
 [-0.00337543]
 [-0.00051419]
 [ 0.00186606]
 [-0.00115239]
 [-0.00390931]
 [-0.00763487]
 [-0.01169117]
 [-0.01224329]
 [-0.00841527]
 [-0.00422558]]
2025-08-25 02:41:28,254 - DEBUG -    平均残差范数: 0.002111
2025-08-25 02:41:28,254 - DEBUG -    残差范数=0.044334
2025-08-25 02:41:28,254 - INFO - -----------------------------------------------------------------------------------
2025-08-25 02:41:28,254 - DEBUG - 🔍 深度约束计算详情 (softplus):
2025-08-25 02:41:28,254 - DEBUG -    采样点Z坐标范围: [0.599910, 0.601156]
2025-08-25 02:41:28,254 - DEBUG -    球心Z坐标: 0.594726
2025-08-25 02:41:28,254 - DEBUG -    深度偏移ε: 0.000200
2025-08-25 02:41:28,254 - DEBUG -    softplus参数τ: 0.001000
2025-08-25 02:41:28,254 - DEBUG -    原始违反值: 0.006630
2025-08-25 02:41:28,254 - DEBUG -    softplus输入 u: 6.629872
2025-08-25 02:41:28,254 - DEBUG -    约束惩罚 h(θ): 0.006631
2025-08-25 02:41:28,254 - DEBUG -    🔴 深度约束被违反: 球心过浅
2025-08-25 02:41:28,254 - INFO - -----------------------------------------------------------------------------------
2025-08-25 02:41:28,254 - DEBUG - 🔍 半径惩罚计算详情:
2025-08-25 02:41:28,254 - DEBUG -    当前半径: 0.022091
2025-08-25 02:41:28,254 - DEBUG -    半径先验值: 0.012000
2025-08-25 02:41:28,254 - DEBUG -    半径残差 r(θ): 0.010091
2025-08-25 02:41:28,254 - DEBUG -    数据残差 f(θ): [[-0.01697846]
 [-0.01099292]
 [-0.01231134]
 [-0.01223223]
 [-0.01083653]
 [-0.00201249]
 [-0.00535902]
 [-0.01117022]
 [-0.0160763 ]
 [-0.01397608]
 [-0.00781736]
 [-0.00337543]
 [-0.00051419]
 [ 0.00186606]
 [-0.00115239]
 [-0.00390931]
 [-0.00763487]
 [-0.01169117]
 [-0.01224329]
 [-0.00841527]
 [-0.00422558]]
2025-08-25 02:41:28,254 - DEBUG -    约束残差 g(θ): [[0.00663119]]
2025-08-25 02:41:28,254 - DEBUG -    半径残差 r(θ): [[0.01009144]]
2025-08-25 02:41:28,254 - DEBUG - 🔍 状态变化计算: 参数变化=0.000000, 残差变化=0.000000
2025-08-25 02:41:28,254 - INFO - -----------------------------------------------------------------------------------
2025-08-25 02:41:28,254 - DEBUG - 🔍 权重管理器状态更新详情:
2025-08-25 02:41:28,254 - DEBUG -    当前迭代: 2
2025-08-25 02:41:28,254 - DEBUG -    参数变化: 0.000000 (阈值: 0.000005)
2025-08-25 02:41:28,254 - DEBUG -    残差变化: 0.000000 (阈值: 0.000005)
2025-08-25 02:41:28,254 - DEBUG -    几何权重因子: 10
2025-08-25 02:41:28,262 - DEBUG - ⏸️ 保持图像置信度权重: 参数变化=0.00e+00, 残差变化=0.00e+00
2025-08-25 02:41:28,262 - DEBUG - 状态已保存: 参数=[ 0.07951964 -0.02490699  0.594726    0.02209144], 残差范数=0.044334
2025-08-25 02:41:28,262 - DEBUG - 🔍 获取visibility信息: 形状=(21,), 范围=[1.000, 1.000]
2025-08-25 02:41:28,262 - DEBUG - 🔧 设置图像置信度权重: 21个点
2025-08-25 02:41:28,262 - DEBUG - 🔍 开始计算权重矩阵:
2025-08-25 02:41:28,262 - DEBUG -    点类型: ['pupil_center', 'iris_boundaries', 'iris_boundaries', 'iris_boundaries', 'iris_boundaries', 'eye_contours', 'eye_contours', 'eye_contours', 'eye_contours', 'eye_contours', 'eye_contours', 'eye_contours', 'eye_contours', 'eye_contours', 'eye_contours', 'eye_contours', 'eye_contours', 'eye_contours', 'eye_contours', 'eye_contours', 'eye_contours']
2025-08-25 02:41:28,262 - DEBUG -    残差向量: 形状=(21,), 范数=0.044334
2025-08-25 02:41:28,262 - DEBUG -    Visibility: 形状=(21,), 均值=1.000
2025-08-25 02:41:28,262 - DEBUG - 🔍 权重矩阵计算成功: 形状=(21, 21)
2025-08-25 02:41:28,262 - DEBUG - 🔍 几何权重统计:
2025-08-25 02:41:28,262 - DEBUG -    权重向量: [[1.]
 [1.]
 [1.]
 [1.]
 [1.]
 [1.]
 [1.]
 [1.]
 [1.]
 [1.]
 [1.]
 [1.]
 [1.]
 [1.]
 [1.]
 [1.]
 [1.]
 [1.]
 [1.]
 [1.]
 [1.]]
2025-08-25 02:41:28,262 - DEBUG -    权重范围: [1.000000, 1.000000]
2025-08-25 02:41:28,262 - DEBUG -    权重均值: 1.000000
2025-08-25 02:41:28,262 - DEBUG -    权重标准差: 0.000000
2025-08-25 02:41:28,262 - DEBUG -    高权重点(>0.8): 21/21
2025-08-25 02:41:28,262 - DEBUG -    低权重点(<0.2): 0/21
2025-08-25 02:41:28,262 - INFO - -----------------------------------------------------------------------------------
2025-08-25 02:41:28,262 - DEBUG - 🔍 开始求解LM更新方程:
2025-08-25 02:41:28,262 - DEBUG -    数据残差: 形状=(21,), 范数=0.044334
2025-08-25 02:41:28,265 - DEBUG -    约束残差: 形状=(1,), 范数=0.006631
2025-08-25 02:41:28,265 - DEBUG - 🔍 计算数据残差雅可比矩阵 J_f: 形状=(21, 4)
2025-08-25 02:41:28,265 - DEBUG - 🔍 J_f矩阵计算完成: 条件数=7.57e+00
2025-08-25 02:41:28,265 - DEBUG - 🔍 深度约束雅可比计算: u=6.629872, σ=0.998681, J_h=[[ 0.          0.         -0.99868141  0.        ]]
2025-08-25 02:41:28,265 - DEBUG - 🔍 半径先验雅可比: J_r=[[0. 0. 0. 1.]]
2025-08-25 02:41:28,265 - DEBUG - 🔍 使用几何权重矩阵: 形状=(21, 21)
2025-08-25 02:41:28,265 - DEBUG - 🔍 Hessian矩阵计算:
2025-08-25 02:41:28,265 - DEBUG -    H_data = J_f^T W J_f: 形状=(4, 4), 条件数=5.73e+01
2025-08-25 02:41:28,265 - DEBUG -    H_h = λ_depth J_h^T J_h: 形状=(4, 4), λ_depth=1000.0
2025-08-25 02:41:28,265 - DEBUG -    H_r = λ_radius J_r^T J_r: 形状=(4, 4), λ_radius=1.0
2025-08-25 02:41:28,265 - DEBUG -    H_total: 形状=(4, 4), 条件数=2.41e+02
2025-08-25 02:41:28,265 - DEBUG - 🔍 梯度计算:
2025-08-25 02:41:28,265 - DEBUG -    g_data: 形状=(4,), 范数=0.192614
2025-08-25 02:41:28,265 - DEBUG -    g_h: 形状=(4,), 范数=6.622448
2025-08-25 02:41:28,265 - DEBUG -    g_r: 形状=(4,), 范数=0.010091
2025-08-25 02:41:28,265 - DEBUG -    g_total: 形状=(4,), 范数=6.712791
2025-08-25 02:41:28,265 - DEBUG - 🔍 LM阻尼矩阵: H_lm = H_total + 0.1 * I
2025-08-25 02:41:28,265 - DEBUG -    H_lm条件数: 2.35e+02
2025-08-25 02:41:28,265 - DEBUG - 🔍 线性方程组求解成功:
2025-08-25 02:41:28,265 - DEBUG -    参数更新向量 Δθ: [[-0.00207967]
 [-0.00198501]
 [ 0.00664813]
 [-0.00603909]]
2025-08-25 02:41:28,265 - DEBUG -    更新向量范数: 0.009430
2025-08-25 02:41:28,265 - DEBUG -    各分量更新: Δc_x=-0.002080, Δc_y=-0.001985, Δc_z=0.006648, Δr=-0.006039
2025-08-25 02:41:28,265 - DEBUG -    参数更新:
2025-08-25 02:41:28,270 - DEBUG -      旧参数: [[ 0.07951964]
 [-0.02490699]
 [ 0.594726  ]
 [ 0.02209144]]
2025-08-25 02:41:28,270 - DEBUG -      更新向量: [[-0.00207967]
 [-0.00198501]
 [ 0.00664813]
 [-0.00603909]]
2025-08-25 02:41:28,270 - DEBUG -      新参数: [[ 0.07743997]
 [-0.026892  ]
 [ 0.60137414]
 [ 0.01605235]]
2025-08-25 02:41:28,271 - INFO - -----------------------------------------------------------------------------------
2025-08-25 02:41:28,271 - INFO - 🔍 迭代第2次，球心向右2.079671mm，向上1.985008mm，向后6.648131mm，半径变小6.039092mm
2025-08-25 02:41:28,271 - INFO - 📊 变化前: 中心(0.080, -0.025, 0.595), 半径22.09mm
2025-08-25 02:41:28,271 - INFO - 📊 变化后: 中心(0.077, -0.027, 0.601), 半径16.05mm
2025-08-25 02:41:28,271 - INFO - 📈 变化量: 中心移动2.87mm, 半径变化6.04mm
2025-08-25 02:41:28,271 - INFO - 📍 眼球中心: [ 0.07951964 -0.02490699  0.594726  ]
2025-08-25 02:41:28,271 - INFO - 📏 眼球半径: 22.09mm
2025-08-25 02:41:28,271 - INFO - 👁️ 瞳孔中心: [ 0.08       -0.02533333  0.60000002]
2025-08-25 02:41:28,271 - INFO - 📐 眼球中心在瞳孔中心的左0.48mm，下0.43mm，前5.27mm
2025-08-25 02:41:28,271 - INFO - 📏 距离: 5.31mm
2025-08-25 02:41:28,271 - INFO - -----------------------------------------------------------------------------------
2025-08-25 02:41:28,271 - INFO - -----------------------------------------------------------------------------------
2025-08-25 02:41:28,271 - DEBUG - 🔍 参数有效性检查:
2025-08-25 02:41:28,271 - DEBUG -    参数向量: [[ 0.07743997]
 [-0.026892  ]
 [ 0.60137414]
 [ 0.01605235]]
2025-08-25 02:41:28,271 - DEBUG -    球心: [ 0.07743997 -0.026892    0.60137414]
2025-08-25 02:41:28,271 - DEBUG -    半径: 0.016052
2025-08-25 02:41:28,271 - DEBUG - 🔍 函数值计算详情:
2025-08-25 02:41:28,271 - DEBUG -    数据项 F(θ): 0.000983
2025-08-25 02:41:28,271 - DEBUG -    深度约束项: 0.021986
2025-08-25 02:41:28,271 - DEBUG -    半径先验项: 0.000051
2025-08-25 02:41:28,271 - DEBUG -    总函数值 Φ(θ): 0.023020
2025-08-25 02:41:28,271 - DEBUG -    函数值改善: 0.000000
2025-08-25 02:41:28,271 - DEBUG - 🔍 参数有效: True
2025-08-25 02:41:28,271 - DEBUG -    参数更新成功:
2025-08-25 02:41:28,271 - DEBUG -      新球心: [ 0.07743997 -0.026892    0.60137414]
2025-08-25 02:41:28,271 - DEBUG -      新半径: 0.016052
2025-08-25 02:41:28,271 - INFO - -----------------------------------------------------------------------------------
2025-08-25 02:41:28,271 - DEBUG - 🔍 LM收敛性检查:
2025-08-25 02:41:28,271 - DEBUG -    当前迭代次数: 2
2025-08-25 02:41:28,271 - DEBUG -    最大迭代次数: 30
2025-08-25 02:41:28,271 - DEBUG -    参数变化: 0.009430
2025-08-25 02:41:28,271 - DEBUG -    参数容忍度: 5e-06
2025-08-25 02:41:28,271 - DEBUG -    残差变化: 0.000000
2025-08-25 02:41:28,278 - DEBUG -    残差容忍度: 5e-06
2025-08-25 02:41:28,278 - DEBUG - 🔍 迭代 4/30:
2025-08-25 02:41:28,278 - DEBUG - 🔍 计算点到球心距离: 形状=(21,)
2025-08-25 02:41:28,278 - DEBUG - 🔍 生理偏差向量计算:
2025-08-25 02:41:28,278 - DEBUG -    点类型列表: ['pupil_center', 'iris_boundaries', 'iris_boundaries', 'iris_boundaries', 'iris_boundaries', 'eye_contours', 'eye_contours', 'eye_contours', 'eye_contours', 'eye_contours', 'eye_contours', 'eye_contours', 'eye_contours', 'eye_contours', 'eye_contours', 'eye_contours', 'eye_contours', 'eye_contours', 'eye_contours', 'eye_contours', 'eye_contours']
2025-08-25 02:41:28,278 - DEBUG -    偏差向量: [0.0002  0.00085 0.00085 0.00085 0.00085 0.0015  0.0015  0.0015  0.0015
 0.0015  0.0015  0.0015  0.0015  0.0015  0.0015  0.0015  0.0015  0.0015
 0.0015  0.0015  0.0015 ]
2025-08-25 02:41:28,278 - DEBUG -    向量形状: (21,)
2025-08-25 02:41:28,278 - DEBUG -    偏差统计: 均值=0.001314, 标准差=0.000356
2025-08-25 02:41:28,278 - DEBUG - 获取生理偏差: 点类型=['pupil_center', 'iris_boundaries', 'iris_boundaries', 'iris_boundaries', 'iris_boundaries', 'eye_contours', 'eye_contours', 'eye_contours', 'eye_contours', 'eye_contours', 'eye_contours', 'eye_contours', 'eye_contours', 'eye_contours', 'eye_contours', 'eye_contours', 'eye_contours', 'eye_contours', 'eye_contours', 'eye_contours', 'eye_contours'], 偏差值=[0.0002  0.00085 0.00085 0.00085 0.00085 0.0015  0.0015  0.0015  0.0015
 0.0015  0.0015  0.0015  0.0015  0.0015  0.0015  0.0015  0.0015  0.0015
 0.0015  0.0015  0.0015 ]
2025-08-25 02:41:28,278 - INFO - -----------------------------------------------------------------------------------
2025-08-25 02:41:28,278 - DEBUG - 🔍 拟合残差计算详情:
2025-08-25 02:41:28,278 - DEBUG -    球心坐标: [ 0.07743997 -0.026892    0.60137414]
2025-08-25 02:41:28,278 - DEBUG -    球体半径: 0.016052
2025-08-25 02:41:28,278 - DEBUG -    采样点数: 21
2025-08-25 02:41:28,278 - DEBUG -    点类型分布: {'eye_contours': 16, 'iris_boundaries': 4, 'pupil_center': 1}
2025-08-25 02:41:28,278 - DEBUG -    理论距离向量: [0.01625235 0.01690235 0.01690235 0.01690235 0.01690235 0.01755235
 0.01755235 0.01755235 0.01755235 0.01755235 0.01755235 0.01755235
 0.01755235 0.01755235 0.01755235 0.01755235 0.01755235 0.01755235
 0.01755235 0.01755235 0.01755235]
2025-08-25 02:41:28,278 - DEBUG -    实际距离向量: [0.00329718 0.01277983 0.0072077  0.00792083 0.01333947 0.02000722
 0.01623073 0.00936764 0.00307675 0.00868586 0.01633023 0.02123896
 0.0242884  0.02672625 0.02400124 0.02132674 0.01782151 0.01345517
 0.01171026 0.01423607 0.01799937]
2025-08-25 02:41:28,278 - DEBUG -    生理偏差向量: [0.0002  0.00085 0.00085 0.00085 0.00085 0.0015  0.0015  0.0015  0.0015
 0.0015  0.0015  0.0015  0.0015  0.0015  0.0015  0.0015  0.0015  0.0015
 0.0015  0.0015  0.0015 ]
2025-08-25 02:41:28,278 - DEBUG -    残差向量 f(θ): 
[[-0.01295517]
 [-0.00412252]
 [-0.00969465]
 [-0.00898152]
 [-0.00356288]
 [ 0.00245487]
 [-0.00132162]
 [-0.00818471]
 [-0.0144756 ]
 [-0.00886649]
 [-0.00122212]
 [ 0.00368661]
 [ 0.00673605]
 [ 0.0091739 ]
 [ 0.00644889]
 [ 0.00377439]
 [ 0.00026916]
 [-0.00409718]
 [-0.00584209]
 [-0.00331628]
 [ 0.00044702]]
2025-08-25 02:41:28,278 - DEBUG -    平均残差范数: 0.001504
2025-08-25 02:41:28,278 - DEBUG -    残差范数=0.031587
2025-08-25 02:41:28,278 - INFO - -----------------------------------------------------------------------------------
2025-08-25 02:41:28,278 - DEBUG - 🔍 深度约束计算详情 (softplus):
2025-08-25 02:41:28,278 - DEBUG -    采样点Z坐标范围: [0.599910, 0.601156]
2025-08-25 02:41:28,278 - DEBUG -    球心Z坐标: 0.601374
2025-08-25 02:41:28,278 - DEBUG -    深度偏移ε: 0.000200
2025-08-25 02:41:28,278 - DEBUG -    softplus参数τ: 0.001000
2025-08-25 02:41:28,278 - DEBUG -    原始违反值: -0.000018
2025-08-25 02:41:28,278 - DEBUG -    softplus输入 u: -0.018258
2025-08-25 02:41:28,278 - DEBUG -    约束惩罚 h(θ): 0.000684
2025-08-25 02:41:28,278 - DEBUG -    🟢 深度约束满足: 球心深度足够
2025-08-25 02:41:28,278 - INFO - -----------------------------------------------------------------------------------
2025-08-25 02:41:28,278 - DEBUG - 🔍 半径惩罚计算详情:
2025-08-25 02:41:28,278 - DEBUG -    当前半径: 0.016052
2025-08-25 02:41:28,278 - DEBUG -    半径先验值: 0.012000
2025-08-25 02:41:28,278 - DEBUG -    半径残差 r(θ): 0.004052
2025-08-25 02:41:28,278 - DEBUG -    数据残差 f(θ): [[-0.01295517]
 [-0.00412252]
 [-0.00969465]
 [-0.00898152]
 [-0.00356288]
 [ 0.00245487]
 [-0.00132162]
 [-0.00818471]
 [-0.0144756 ]
 [-0.00886649]
 [-0.00122212]
 [ 0.00368661]
 [ 0.00673605]
 [ 0.0091739 ]
 [ 0.00644889]
 [ 0.00377439]
 [ 0.00026916]
 [-0.00409718]
 [-0.00584209]
 [-0.00331628]
 [ 0.00044702]]
2025-08-25 02:41:28,278 - DEBUG -    约束残差 g(θ): [[0.00068406]]
2025-08-25 02:41:28,278 - DEBUG -    半径残差 r(θ): [[0.00405235]]
2025-08-25 02:41:28,278 - DEBUG - 🔍 状态变化计算: 参数变化=0.009430, 残差变化=0.012747
2025-08-25 02:41:28,278 - INFO - -----------------------------------------------------------------------------------
2025-08-25 02:41:28,278 - DEBUG - 🔍 权重管理器状态更新详情:
2025-08-25 02:41:28,278 - DEBUG -    当前迭代: 3
2025-08-25 02:41:28,278 - DEBUG -    参数变化: 0.009430 (阈值: 0.000005)
2025-08-25 02:41:28,278 - DEBUG -    残差变化: 0.012747 (阈值: 0.000005)
2025-08-25 02:41:28,278 - DEBUG -    几何权重因子: 10
2025-08-25 02:41:28,286 - DEBUG - ⏸️ 保持图像置信度权重: 参数变化=9.43e-03, 残差变化=1.27e-02
2025-08-25 02:41:28,287 - DEBUG - 状态已保存: 参数=[ 0.07743997 -0.026892    0.60137414  0.01605235], 残差范数=0.031587
2025-08-25 02:41:28,287 - DEBUG - 🔍 获取visibility信息: 形状=(21,), 范围=[1.000, 1.000]
2025-08-25 02:41:28,288 - DEBUG - 🔧 设置图像置信度权重: 21个点
2025-08-25 02:41:28,288 - DEBUG - 🔍 开始计算权重矩阵:
2025-08-25 02:41:28,288 - DEBUG -    点类型: ['pupil_center', 'iris_boundaries', 'iris_boundaries', 'iris_boundaries', 'iris_boundaries', 'eye_contours', 'eye_contours', 'eye_contours', 'eye_contours', 'eye_contours', 'eye_contours', 'eye_contours', 'eye_contours', 'eye_contours', 'eye_contours', 'eye_contours', 'eye_contours', 'eye_contours', 'eye_contours', 'eye_contours', 'eye_contours']
2025-08-25 02:41:28,288 - DEBUG -    残差向量: 形状=(21,), 范数=0.031587
2025-08-25 02:41:28,288 - DEBUG -    Visibility: 形状=(21,), 均值=1.000
2025-08-25 02:41:28,288 - DEBUG - 🔍 权重矩阵计算成功: 形状=(21, 21)
2025-08-25 02:41:28,288 - DEBUG - 🔍 几何权重统计:
2025-08-25 02:41:28,288 - DEBUG -    权重向量: [[1.]
 [1.]
 [1.]
 [1.]
 [1.]
 [1.]
 [1.]
 [1.]
 [1.]
 [1.]
 [1.]
 [1.]
 [1.]
 [1.]
 [1.]
 [1.]
 [1.]
 [1.]
 [1.]
 [1.]
 [1.]]
2025-08-25 02:41:28,288 - DEBUG -    权重范围: [1.000000, 1.000000]
2025-08-25 02:41:28,288 - DEBUG -    权重均值: 1.000000
2025-08-25 02:41:28,288 - DEBUG -    权重标准差: 0.000000
2025-08-25 02:41:28,288 - DEBUG -    高权重点(>0.8): 21/21
2025-08-25 02:41:28,288 - DEBUG -    低权重点(<0.2): 0/21
2025-08-25 02:41:28,288 - INFO - -----------------------------------------------------------------------------------
2025-08-25 02:41:28,288 - DEBUG - 🔍 开始求解LM更新方程:
2025-08-25 02:41:28,288 - DEBUG -    数据残差: 形状=(21,), 范数=0.031587
2025-08-25 02:41:28,288 - DEBUG -    约束残差: 形状=(1,), 范数=0.000684
2025-08-25 02:41:28,288 - DEBUG - 🔍 计算数据残差雅可比矩阵 J_f: 形状=(21, 4)
2025-08-25 02:41:28,288 - DEBUG - 🔍 J_f矩阵计算完成: 条件数=1.05e+01
2025-08-25 02:41:28,288 - DEBUG - 🔍 深度约束雅可比计算: u=-0.018258, σ=0.495436, J_h=[[ 0.          0.         -0.49543552  0.        ]]
2025-08-25 02:41:28,288 - DEBUG - 🔍 半径先验雅可比: J_r=[[0. 0. 0. 1.]]
2025-08-25 02:41:28,288 - DEBUG - 🔍 使用几何权重矩阵: 形状=(21, 21)
2025-08-25 02:41:28,288 - DEBUG - 🔍 Hessian矩阵计算:
2025-08-25 02:41:28,288 - DEBUG -    H_data = J_f^T W J_f: 形状=(4, 4), 条件数=1.10e+02
2025-08-25 02:41:28,288 - DEBUG -    H_h = λ_depth J_h^T J_h: 形状=(4, 4), λ_depth=1000.0
2025-08-25 02:41:28,294 - DEBUG -    H_r = λ_radius J_r^T J_r: 形状=(4, 4), λ_radius=1.0
2025-08-25 02:41:28,294 - DEBUG -    H_total: 形状=(4, 4), 条件数=5.20e+01
2025-08-25 02:41:28,294 - DEBUG - 🔍 梯度计算:
2025-08-25 02:41:28,294 - DEBUG -    g_data: 形状=(4,), 范数=0.061379
2025-08-25 02:41:28,294 - DEBUG -    g_h: 形状=(4,), 范数=0.338907
2025-08-25 02:41:28,294 - DEBUG -    g_r: 形状=(4,), 范数=0.004052
2025-08-25 02:41:28,294 - DEBUG -    g_total: 形状=(4,), 范数=0.326012
2025-08-25 02:41:28,294 - DEBUG - 🔍 LM阻尼矩阵: H_lm = H_total + 0.1 * I
2025-08-25 02:41:28,294 - DEBUG -    H_lm条件数: 5.10e+01
2025-08-25 02:41:28,294 - DEBUG - 🔍 线性方程组求解成功:
2025-08-25 02:41:28,294 - DEBUG -    参数更新向量 Δθ: [[-0.00351152]
 [-0.00378664]
 [ 0.00133708]
 [-0.00441567]]
2025-08-25 02:41:28,294 - DEBUG -    更新向量范数: 0.006925
2025-08-25 02:41:28,294 - DEBUG -    各分量更新: Δc_x=-0.003512, Δc_y=-0.003787, Δc_z=0.001337, Δr=-0.004416
2025-08-25 02:41:28,294 - DEBUG -    参数更新:
2025-08-25 02:41:28,294 - DEBUG -      旧参数: [[ 0.07743997]
 [-0.026892  ]
 [ 0.60137414]
 [ 0.01605235]]
2025-08-25 02:41:28,294 - DEBUG -      更新向量: [[-0.00351152]
 [-0.00378664]
 [ 0.00133708]
 [-0.00441567]]
2025-08-25 02:41:28,294 - DEBUG -      新参数: [[ 0.07392845]
 [-0.03067864]
 [ 0.60271122]
 [ 0.01163668]]
2025-08-25 02:41:28,294 - INFO - -----------------------------------------------------------------------------------
2025-08-25 02:41:28,294 - INFO - 🔍 迭代第3次，球心向右3.511519mm，向上3.786644mm，向后1.337083mm，半径变小4.415672mm
2025-08-25 02:41:28,294 - INFO - 📊 变化前: 中心(0.077, -0.027, 0.601), 半径16.05mm
2025-08-25 02:41:28,294 - INFO - 📊 变化后: 中心(0.074, -0.031, 0.603), 半径11.64mm
2025-08-25 02:41:28,294 - INFO - 📈 变化量: 中心移动5.16mm, 半径变化4.42mm
2025-08-25 02:41:28,294 - INFO - 📍 眼球中心: [ 0.07743997 -0.026892    0.60137414]
2025-08-25 02:41:28,294 - INFO - 📏 眼球半径: 16.05mm
2025-08-25 02:41:28,294 - INFO - 👁️ 瞳孔中心: [ 0.08       -0.02533333  0.60000002]
2025-08-25 02:41:28,294 - INFO - 📐 眼球中心在瞳孔中心的左2.56mm，上1.56mm，后1.37mm
2025-08-25 02:41:28,294 - INFO - 📏 距离: 3.30mm
2025-08-25 02:41:28,294 - INFO - -----------------------------------------------------------------------------------
2025-08-25 02:41:28,294 - INFO - -----------------------------------------------------------------------------------
2025-08-25 02:41:28,294 - DEBUG - 🔍 参数有效性检查:
2025-08-25 02:41:28,294 - DEBUG -    参数向量: [[ 0.07392845]
 [-0.03067864]
 [ 0.60271122]
 [ 0.01163668]]
2025-08-25 02:41:28,294 - DEBUG -    球心: [ 0.07392845 -0.03067864  0.60271122]
2025-08-25 02:41:28,294 - DEBUG -    半径: 0.011637
2025-08-25 02:41:28,294 - DEBUG - 🔍 函数值计算详情:
2025-08-25 02:41:28,294 - DEBUG -    数据项 F(θ): 0.000499
2025-08-25 02:41:28,294 - DEBUG -    深度约束项: 0.000234
2025-08-25 02:41:28,294 - DEBUG -    半径先验项: 0.000008
2025-08-25 02:41:28,294 - DEBUG -    总函数值 Φ(θ): 0.000741
2025-08-25 02:41:28,294 - DEBUG -    函数值改善: 0.022279
2025-08-25 02:41:28,294 - DEBUG - 🔍 参数有效: True
2025-08-25 02:41:28,294 - DEBUG -    参数更新成功:
2025-08-25 02:41:28,294 - DEBUG -      新球心: [ 0.07392845 -0.03067864  0.60271122]
2025-08-25 02:41:28,294 - DEBUG -      新半径: 0.011637
2025-08-25 02:41:28,294 - INFO - -----------------------------------------------------------------------------------
2025-08-25 02:41:28,294 - DEBUG - 🔍 LM收敛性检查:
2025-08-25 02:41:28,294 - DEBUG -    当前迭代次数: 3
2025-08-25 02:41:28,294 - DEBUG -    最大迭代次数: 30
2025-08-25 02:41:28,294 - DEBUG -    参数变化: 0.006925
2025-08-25 02:41:28,294 - DEBUG -    参数容忍度: 5e-06
2025-08-25 02:41:28,294 - DEBUG -    残差变化: 0.000000
2025-08-25 02:41:28,294 - DEBUG -    残差容忍度: 5e-06
2025-08-25 02:41:28,294 - DEBUG - 🔍 迭代 5/30:
2025-08-25 02:41:28,302 - DEBUG - 🔍 计算点到球心距离: 形状=(21,)
2025-08-25 02:41:28,302 - DEBUG - 🔍 生理偏差向量计算:
2025-08-25 02:41:28,302 - DEBUG -    点类型列表: ['pupil_center', 'iris_boundaries', 'iris_boundaries', 'iris_boundaries', 'iris_boundaries', 'eye_contours', 'eye_contours', 'eye_contours', 'eye_contours', 'eye_contours', 'eye_contours', 'eye_contours', 'eye_contours', 'eye_contours', 'eye_contours', 'eye_contours', 'eye_contours', 'eye_contours', 'eye_contours', 'eye_contours', 'eye_contours']
2025-08-25 02:41:28,302 - DEBUG -    偏差向量: [0.0002  0.00085 0.00085 0.00085 0.00085 0.0015  0.0015  0.0015  0.0015
 0.0015  0.0015  0.0015  0.0015  0.0015  0.0015  0.0015  0.0015  0.0015
 0.0015  0.0015  0.0015 ]
2025-08-25 02:41:28,302 - DEBUG -    向量形状: (21,)
2025-08-25 02:41:28,304 - DEBUG -    偏差统计: 均值=0.001314, 标准差=0.000356
2025-08-25 02:41:28,304 - DEBUG - 获取生理偏差: 点类型=['pupil_center', 'iris_boundaries', 'iris_boundaries', 'iris_boundaries', 'iris_boundaries', 'eye_contours', 'eye_contours', 'eye_contours', 'eye_contours', 'eye_contours', 'eye_contours', 'eye_contours', 'eye_contours', 'eye_contours', 'eye_contours', 'eye_contours', 'eye_contours', 'eye_contours', 'eye_contours', 'eye_contours', 'eye_contours'], 偏差值=[0.0002  0.00085 0.00085 0.00085 0.00085 0.0015  0.0015  0.0015  0.0015
 0.0015  0.0015  0.0015  0.0015  0.0015  0.0015  0.0015  0.0015  0.0015
 0.0015  0.0015  0.0015 ]
2025-08-25 02:41:28,304 - INFO - -----------------------------------------------------------------------------------
2025-08-25 02:41:28,304 - DEBUG - 🔍 拟合残差计算详情:
2025-08-25 02:41:28,304 - DEBUG -    球心坐标: [ 0.07392845 -0.03067864  0.60271122]
2025-08-25 02:41:28,304 - DEBUG -    球体半径: 0.011637
2025-08-25 02:41:28,304 - DEBUG -    采样点数: 21
2025-08-25 02:41:28,304 - DEBUG -    点类型分布: {'eye_contours': 16, 'iris_boundaries': 4, 'pupil_center': 1}
2025-08-25 02:41:28,304 - DEBUG -    理论距离向量: [0.01183668 0.01248668 0.01248668 0.01248668 0.01248668 0.01313668
 0.01313668 0.01313668 0.01313668 0.01313668 0.01313668 0.01313668
 0.01313668 0.01313668 0.01313668 0.01313668 0.01313668 0.01313668
 0.01313668 0.01313668 0.01313668]
2025-08-25 02:41:28,304 - DEBUG -    实际距离向量: [0.00853151 0.01712262 0.00611125 0.00869498 0.01834821 0.01987797
 0.01573357 0.00822708 0.00399722 0.01147558 0.01965047 0.02489662
 0.02811966 0.03065686 0.02838481 0.02604565 0.022928   0.0186943
 0.01588087 0.01606869 0.01849658]
2025-08-25 02:41:28,304 - DEBUG -    生理偏差向量: [0.0002  0.00085 0.00085 0.00085 0.00085 0.0015  0.0015  0.0015  0.0015
 0.0015  0.0015  0.0015  0.0015  0.0015  0.0015  0.0015  0.0015  0.0015
 0.0015  0.0015  0.0015 ]
2025-08-25 02:41:28,304 - DEBUG -    残差向量 f(θ): 
[[-0.00330517]
 [ 0.00463594]
 [-0.00637542]
 [-0.0037917 ]
 [ 0.00586153]
 [ 0.00674129]
 [ 0.00259689]
 [-0.0049096 ]
 [-0.00913945]
 [-0.00166109]
 [ 0.00651379]
 [ 0.01175994]
 [ 0.01498298]
 [ 0.01752019]
 [ 0.01524813]
 [ 0.01290897]
 [ 0.00979132]
 [ 0.00555762]
 [ 0.00274419]
 [ 0.00293201]
 [ 0.0053599 ]]
2025-08-25 02:41:28,304 - DEBUG -    平均残差范数: 0.001885
2025-08-25 02:41:28,304 - DEBUG -    残差范数=0.039589
2025-08-25 02:41:28,304 - INFO - -----------------------------------------------------------------------------------
2025-08-25 02:41:28,304 - DEBUG - 🔍 深度约束计算详情 (softplus):
2025-08-25 02:41:28,304 - DEBUG -    采样点Z坐标范围: [0.599910, 0.601156]
2025-08-25 02:41:28,304 - DEBUG -    球心Z坐标: 0.602711
2025-08-25 02:41:28,310 - DEBUG -    深度偏移ε: 0.000200
2025-08-25 02:41:28,310 - DEBUG -    softplus参数τ: 0.001000
2025-08-25 02:41:28,310 - DEBUG -    原始违反值: -0.001355
2025-08-25 02:41:28,310 - DEBUG -    softplus输入 u: -1.355342
2025-08-25 02:41:28,310 - DEBUG -    约束惩罚 h(θ): 0.000229
2025-08-25 02:41:28,310 - DEBUG -    🟢 深度约束满足: 球心深度足够
2025-08-25 02:41:28,310 - INFO - -----------------------------------------------------------------------------------
2025-08-25 02:41:28,310 - DEBUG - 🔍 半径惩罚计算详情:
2025-08-25 02:41:28,310 - DEBUG -    当前半径: 0.011637
2025-08-25 02:41:28,310 - DEBUG -    半径先验值: 0.012000
2025-08-25 02:41:28,310 - DEBUG -    半径残差 r(θ): -0.000363
2025-08-25 02:41:28,310 - DEBUG -    数据残差 f(θ): [[-0.00330517]
 [ 0.00463594]
 [-0.00637542]
 [-0.0037917 ]
 [ 0.00586153]
 [ 0.00674129]
 [ 0.00259689]
 [-0.0049096 ]
 [-0.00913945]
 [-0.00166109]
 [ 0.00651379]
 [ 0.01175994]
 [ 0.01498298]
 [ 0.01752019]
 [ 0.01524813]
 [ 0.01290897]
 [ 0.00979132]
 [ 0.00555762]
 [ 0.00274419]
 [ 0.00293201]
 [ 0.0053599 ]]
2025-08-25 02:41:28,310 - DEBUG -    约束残差 g(θ): [[0.00022941]]
2025-08-25 02:41:28,310 - DEBUG -    半径残差 r(θ): [[-0.00036332]]
2025-08-25 02:41:28,310 - DEBUG - 🔍 状态变化计算: 参数变化=0.006925, 残差变化=0.008002
2025-08-25 02:41:28,310 - INFO - -----------------------------------------------------------------------------------
2025-08-25 02:41:28,310 - DEBUG - 🔍 权重管理器状态更新详情:
2025-08-25 02:41:28,310 - DEBUG -    当前迭代: 4
2025-08-25 02:41:28,310 - DEBUG -    参数变化: 0.006925 (阈值: 0.000005)
2025-08-25 02:41:28,310 - DEBUG -    残差变化: 0.008002 (阈值: 0.000005)
2025-08-25 02:41:28,310 - DEBUG -    几何权重因子: 10
2025-08-25 02:41:28,310 - DEBUG - ⏸️ 保持图像置信度权重: 参数变化=6.92e-03, 残差变化=8.00e-03
2025-08-25 02:41:28,310 - DEBUG - 状态已保存: 参数=[ 0.07392845 -0.03067864  0.60271122  0.01163668], 残差范数=0.039589
2025-08-25 02:41:28,310 - DEBUG - 🔍 获取visibility信息: 形状=(21,), 范围=[1.000, 1.000]
2025-08-25 02:41:28,310 - DEBUG - 🔧 设置图像置信度权重: 21个点
2025-08-25 02:41:28,310 - DEBUG - 🔍 开始计算权重矩阵:
2025-08-25 02:41:28,310 - DEBUG -    点类型: ['pupil_center', 'iris_boundaries', 'iris_boundaries', 'iris_boundaries', 'iris_boundaries', 'eye_contours', 'eye_contours', 'eye_contours', 'eye_contours', 'eye_contours', 'eye_contours', 'eye_contours', 'eye_contours', 'eye_contours', 'eye_contours', 'eye_contours', 'eye_contours', 'eye_contours', 'eye_contours', 'eye_contours', 'eye_contours']
2025-08-25 02:41:28,310 - DEBUG -    残差向量: 形状=(21,), 范数=0.039589
2025-08-25 02:41:28,310 - DEBUG -    Visibility: 形状=(21,), 均值=1.000
2025-08-25 02:41:28,310 - DEBUG - 🔍 权重矩阵计算成功: 形状=(21, 21)
2025-08-25 02:41:28,310 - DEBUG - 🔍 几何权重统计:
2025-08-25 02:41:28,310 - DEBUG -    权重向量: [[1.]
 [1.]
 [1.]
 [1.]
 [1.]
 [1.]
 [1.]
 [1.]
 [1.]
 [1.]
 [1.]
 [1.]
 [1.]
 [1.]
 [1.]
 [1.]
 [1.]
 [1.]
 [1.]
 [1.]
 [1.]]
2025-08-25 02:41:28,310 - DEBUG -    权重范围: [1.000000, 1.000000]
2025-08-25 02:41:28,310 - DEBUG -    权重均值: 1.000000
2025-08-25 02:41:28,310 - DEBUG -    权重标准差: 0.000000
2025-08-25 02:41:28,319 - DEBUG -    高权重点(>0.8): 21/21
2025-08-25 02:41:28,319 - DEBUG -    低权重点(<0.2): 0/21
2025-08-25 02:41:28,319 - INFO - -----------------------------------------------------------------------------------
2025-08-25 02:41:28,319 - DEBUG - 🔍 开始求解LM更新方程:
2025-08-25 02:41:28,319 - DEBUG -    数据残差: 形状=(21,), 范数=0.039589
2025-08-25 02:41:28,319 - DEBUG -    约束残差: 形状=(1,), 范数=0.000229
2025-08-25 02:41:28,319 - DEBUG - 🔍 计算数据残差雅可比矩阵 J_f: 形状=(21, 4)
2025-08-25 02:41:28,319 - DEBUG - 🔍 J_f矩阵计算完成: 条件数=9.27e+00
2025-08-25 02:41:28,319 - DEBUG - 🔍 深度约束雅可比计算: u=-1.355342, σ=0.204998, J_h=[[ 0.          0.         -0.20499841  0.        ]]
2025-08-25 02:41:28,319 - DEBUG - 🔍 半径先验雅可比: J_r=[[0. 0. 0. 1.]]
2025-08-25 02:41:28,319 - DEBUG - 🔍 使用几何权重矩阵: 形状=(21, 21)
2025-08-25 02:41:28,319 - DEBUG - 🔍 Hessian矩阵计算:
2025-08-25 02:41:28,319 - DEBUG -    H_data = J_f^T W J_f: 形状=(4, 4), 条件数=8.59e+01
2025-08-25 02:41:28,319 - DEBUG -    H_h = λ_depth J_h^T J_h: 形状=(4, 4), λ_depth=1000.0
2025-08-25 02:41:28,319 - DEBUG -    H_r = λ_radius J_r^T J_r: 形状=(4, 4), λ_radius=1.0
2025-08-25 02:41:28,319 - DEBUG -    H_total: 形状=(4, 4), 条件数=3.30e+01
2025-08-25 02:41:28,319 - DEBUG - 🔍 梯度计算:
2025-08-25 02:41:28,319 - DEBUG -    g_data: 形状=(4,), 范数=0.128538
2025-08-25 02:41:28,319 - DEBUG -    g_h: 形状=(4,), 范数=0.047029
2025-08-25 02:41:28,319 - DEBUG -    g_r: 形状=(4,), 范数=0.000363
2025-08-25 02:41:28,319 - DEBUG -    g_total: 形状=(4,), 范数=0.136823
2025-08-25 02:41:28,319 - DEBUG - 🔍 LM阻尼矩阵: H_lm = H_total + 0.1 * I
2025-08-25 02:41:28,319 - DEBUG -    H_lm条件数: 3.08e+01
2025-08-25 02:41:28,319 - DEBUG - 🔍 线性方程组求解成功:
2025-08-25 02:41:28,319 - DEBUG -    参数更新向量 Δθ: [[-0.00611929]
 [-0.00526871]
 [ 0.00069731]
 [-0.00045353]]
2025-08-25 02:41:28,319 - DEBUG -    更新向量范数: 0.008118
2025-08-25 02:41:28,319 - DEBUG -    各分量更新: Δc_x=-0.006119, Δc_y=-0.005269, Δc_z=0.000697, Δr=-0.000454
2025-08-25 02:41:28,319 - DEBUG -    参数更新:
2025-08-25 02:41:28,327 - DEBUG -      旧参数: [[ 0.07392845]
 [-0.03067864]
 [ 0.60271122]
 [ 0.01163668]]
2025-08-25 02:41:28,327 - DEBUG -      更新向量: [[-0.00611929]
 [-0.00526871]
 [ 0.00069731]
 [-0.00045353]]
2025-08-25 02:41:28,327 - DEBUG -      新参数: [[ 0.06780916]
 [-0.03594735]
 [ 0.60340853]
 [ 0.01118315]]
2025-08-25 02:41:28,327 - INFO - -----------------------------------------------------------------------------------
2025-08-25 02:41:28,327 - INFO - 🔍 迭代第4次，球心向右6.119288mm，向上5.268705mm，向后0.697306mm，半径变小0.453529mm
2025-08-25 02:41:28,327 - INFO - 📊 变化前: 中心(0.074, -0.031, 0.603), 半径11.64mm
2025-08-25 02:41:28,327 - INFO - 📊 变化后: 中心(0.068, -0.036, 0.603), 半径11.18mm
2025-08-25 02:41:28,327 - INFO - 📈 变化量: 中心移动8.07mm, 半径变化0.45mm
2025-08-25 02:41:28,327 - INFO - 📍 眼球中心: [ 0.07392845 -0.03067864  0.60271122]
2025-08-25 02:41:28,327 - INFO - 📏 眼球半径: 11.64mm
2025-08-25 02:41:28,327 - INFO - 👁️ 瞳孔中心: [ 0.08       -0.02533333  0.60000002]
2025-08-25 02:41:28,327 - INFO - 📐 眼球中心在瞳孔中心的左6.07mm，上5.35mm，后2.71mm
2025-08-25 02:41:28,327 - INFO - 📏 距离: 8.53mm
2025-08-25 02:41:28,327 - INFO - -----------------------------------------------------------------------------------
2025-08-25 02:41:28,327 - INFO - -----------------------------------------------------------------------------------
2025-08-25 02:41:28,327 - DEBUG - 🔍 参数有效性检查:
2025-08-25 02:41:28,327 - DEBUG -    参数向量: [[ 0.06780916]
 [-0.03594735]
 [ 0.60340853]
 [ 0.01118315]]
2025-08-25 02:41:28,327 - DEBUG -    球心: [ 0.06780916 -0.03594735  0.60340853]
2025-08-25 02:41:28,327 - DEBUG -    半径: 0.011183
2025-08-25 02:41:28,327 - DEBUG - 🔍 函数值计算详情:
2025-08-25 02:41:28,327 - DEBUG -    数据项 F(θ): 0.000784
2025-08-25 02:41:28,327 - DEBUG -    深度约束项: 0.000026
2025-08-25 02:41:28,327 - DEBUG -    半径先验项: 0.000000
2025-08-25 02:41:28,327 - DEBUG -    总函数值 Φ(θ): 0.000810
2025-08-25 02:41:28,327 - DEBUG -    函数值改善: -0.000069
2025-08-25 02:41:28,327 - DEBUG - 🔍 参数有效: False
2025-08-25 02:41:28,327 - DEBUG -    参数无效，阻尼因子调整: λ_LM = 1.00e+00
2025-08-25 02:41:28,327 - DEBUG - 🔍 迭代 6/30:
2025-08-25 02:41:28,327 - DEBUG - 🔍 计算点到球心距离: 形状=(21,)
2025-08-25 02:41:28,327 - DEBUG - 🔍 生理偏差向量计算:
2025-08-25 02:41:28,327 - DEBUG -    点类型列表: ['pupil_center', 'iris_boundaries', 'iris_boundaries', 'iris_boundaries', 'iris_boundaries', 'eye_contours', 'eye_contours', 'eye_contours', 'eye_contours', 'eye_contours', 'eye_contours', 'eye_contours', 'eye_contours', 'eye_contours', 'eye_contours', 'eye_contours', 'eye_contours', 'eye_contours', 'eye_contours', 'eye_contours', 'eye_contours']
2025-08-25 02:41:28,327 - DEBUG -    偏差向量: [0.0002  0.00085 0.00085 0.00085 0.00085 0.0015  0.0015  0.0015  0.0015
 0.0015  0.0015  0.0015  0.0015  0.0015  0.0015  0.0015  0.0015  0.0015
 0.0015  0.0015  0.0015 ]
2025-08-25 02:41:28,327 - DEBUG -    向量形状: (21,)
2025-08-25 02:41:28,327 - DEBUG -    偏差统计: 均值=0.001314, 标准差=0.000356
2025-08-25 02:41:28,327 - DEBUG - 获取生理偏差: 点类型=['pupil_center', 'iris_boundaries', 'iris_boundaries', 'iris_boundaries', 'iris_boundaries', 'eye_contours', 'eye_contours', 'eye_contours', 'eye_contours', 'eye_contours', 'eye_contours', 'eye_contours', 'eye_contours', 'eye_contours', 'eye_contours', 'eye_contours', 'eye_contours', 'eye_contours', 'eye_contours', 'eye_contours', 'eye_contours'], 偏差值=[0.0002  0.00085 0.00085 0.00085 0.00085 0.0015  0.0015  0.0015  0.0015
 0.0015  0.0015  0.0015  0.0015  0.0015  0.0015  0.0015  0.0015  0.0015
 0.0015  0.0015  0.0015 ]
2025-08-25 02:41:28,327 - INFO - -----------------------------------------------------------------------------------
2025-08-25 02:41:28,327 - DEBUG - 🔍 拟合残差计算详情:
2025-08-25 02:41:28,327 - DEBUG -    球心坐标: [ 0.07392845 -0.03067864  0.60271122]
2025-08-25 02:41:28,327 - DEBUG -    球体半径: 0.011637
2025-08-25 02:41:28,327 - DEBUG -    采样点数: 21
2025-08-25 02:41:28,327 - DEBUG -    点类型分布: {'eye_contours': 16, 'iris_boundaries': 4, 'pupil_center': 1}
2025-08-25 02:41:28,327 - DEBUG -    理论距离向量: [0.01183668 0.01248668 0.01248668 0.01248668 0.01248668 0.01313668
 0.01313668 0.01313668 0.01313668 0.01313668 0.01313668 0.01313668
 0.01313668 0.01313668 0.01313668 0.01313668 0.01313668 0.01313668
 0.01313668 0.01313668 0.01313668]
2025-08-25 02:41:28,327 - DEBUG -    实际距离向量: [0.00853151 0.01712262 0.00611125 0.00869498 0.01834821 0.01987797
 0.01573357 0.00822708 0.00399722 0.01147558 0.01965047 0.02489662
 0.02811966 0.03065686 0.02838481 0.02604565 0.022928   0.0186943
 0.01588087 0.01606869 0.01849658]
2025-08-25 02:41:28,335 - DEBUG -    生理偏差向量: [0.0002  0.00085 0.00085 0.00085 0.00085 0.0015  0.0015  0.0015  0.0015
 0.0015  0.0015  0.0015  0.0015  0.0015  0.0015  0.0015  0.0015  0.0015
 0.0015  0.0015  0.0015 ]
2025-08-25 02:41:28,335 - DEBUG -    残差向量 f(θ): 
[[-0.00330517]
 [ 0.00463594]
 [-0.00637542]
 [-0.0037917 ]
 [ 0.00586153]
 [ 0.00674129]
 [ 0.00259689]
 [-0.0049096 ]
 [-0.00913945]
 [-0.00166109]
 [ 0.00651379]
 [ 0.01175994]
 [ 0.01498298]
 [ 0.01752019]
 [ 0.01524813]
 [ 0.01290897]
 [ 0.00979132]
 [ 0.00555762]
 [ 0.00274419]
 [ 0.00293201]
 [ 0.0053599 ]]
2025-08-25 02:41:28,335 - DEBUG -    平均残差范数: 0.001885
2025-08-25 02:41:28,335 - DEBUG -    残差范数=0.039589
2025-08-25 02:41:28,335 - INFO - -----------------------------------------------------------------------------------
2025-08-25 02:41:28,335 - DEBUG - 🔍 深度约束计算详情 (softplus):
2025-08-25 02:41:28,335 - DEBUG -    采样点Z坐标范围: [0.599910, 0.601156]
2025-08-25 02:41:28,335 - DEBUG -    球心Z坐标: 0.602711
2025-08-25 02:41:28,335 - DEBUG -    深度偏移ε: 0.000200
2025-08-25 02:41:28,335 - DEBUG -    softplus参数τ: 0.001000
2025-08-25 02:41:28,335 - DEBUG -    原始违反值: -0.001355
2025-08-25 02:41:28,335 - DEBUG -    softplus输入 u: -1.355342
2025-08-25 02:41:28,335 - DEBUG -    约束惩罚 h(θ): 0.000229
2025-08-25 02:41:28,335 - DEBUG -    🟢 深度约束满足: 球心深度足够
2025-08-25 02:41:28,335 - INFO - -----------------------------------------------------------------------------------
2025-08-25 02:41:28,335 - DEBUG - 🔍 半径惩罚计算详情:
2025-08-25 02:41:28,335 - DEBUG -    当前半径: 0.011637
2025-08-25 02:41:28,338 - DEBUG -    半径先验值: 0.012000
2025-08-25 02:41:28,338 - DEBUG -    半径残差 r(θ): -0.000363
2025-08-25 02:41:28,338 - DEBUG -    数据残差 f(θ): [[-0.00330517]
 [ 0.00463594]
 [-0.00637542]
 [-0.0037917 ]
 [ 0.00586153]
 [ 0.00674129]
 [ 0.00259689]
 [-0.0049096 ]
 [-0.00913945]
 [-0.00166109]
 [ 0.00651379]
 [ 0.01175994]
 [ 0.01498298]
 [ 0.01752019]
 [ 0.01524813]
 [ 0.01290897]
 [ 0.00979132]
 [ 0.00555762]
 [ 0.00274419]
 [ 0.00293201]
 [ 0.0053599 ]]
2025-08-25 02:41:28,338 - DEBUG -    约束残差 g(θ): [[0.00022941]]
2025-08-25 02:41:28,338 - DEBUG -    半径残差 r(θ): [[-0.00036332]]
2025-08-25 02:41:28,338 - DEBUG - 🔍 状态变化计算: 参数变化=0.000000, 残差变化=0.000000
2025-08-25 02:41:28,338 - INFO - -----------------------------------------------------------------------------------
2025-08-25 02:41:28,338 - DEBUG - 🔍 权重管理器状态更新详情:
2025-08-25 02:41:28,338 - DEBUG -    当前迭代: 5
2025-08-25 02:41:28,338 - DEBUG -    参数变化: 0.000000 (阈值: 0.000005)
2025-08-25 02:41:28,338 - DEBUG -    残差变化: 0.000000 (阈值: 0.000005)
2025-08-25 02:41:28,338 - DEBUG -    几何权重因子: 10
2025-08-25 02:41:28,338 - DEBUG - ⏸️ 保持图像置信度权重: 参数变化=0.00e+00, 残差变化=0.00e+00
2025-08-25 02:41:28,338 - DEBUG - 状态已保存: 参数=[ 0.07392845 -0.03067864  0.60271122  0.01163668], 残差范数=0.039589
2025-08-25 02:41:28,338 - DEBUG - 🔍 获取visibility信息: 形状=(21,), 范围=[1.000, 1.000]
2025-08-25 02:41:28,338 - DEBUG - 🔧 设置图像置信度权重: 21个点
2025-08-25 02:41:28,338 - DEBUG - 🔍 开始计算权重矩阵:
2025-08-25 02:41:28,343 - DEBUG -    点类型: ['pupil_center', 'iris_boundaries', 'iris_boundaries', 'iris_boundaries', 'iris_boundaries', 'eye_contours', 'eye_contours', 'eye_contours', 'eye_contours', 'eye_contours', 'eye_contours', 'eye_contours', 'eye_contours', 'eye_contours', 'eye_contours', 'eye_contours', 'eye_contours', 'eye_contours', 'eye_contours', 'eye_contours', 'eye_contours']
2025-08-25 02:41:28,343 - DEBUG -    残差向量: 形状=(21,), 范数=0.039589
2025-08-25 02:41:28,343 - DEBUG -    Visibility: 形状=(21,), 均值=1.000
2025-08-25 02:41:28,343 - DEBUG - 🔍 权重矩阵计算成功: 形状=(21, 21)
2025-08-25 02:41:28,343 - DEBUG - 🔍 几何权重统计:
2025-08-25 02:41:28,343 - DEBUG -    权重向量: [[1.]
 [1.]
 [1.]
 [1.]
 [1.]
 [1.]
 [1.]
 [1.]
 [1.]
 [1.]
 [1.]
 [1.]
 [1.]
 [1.]
 [1.]
 [1.]
 [1.]
 [1.]
 [1.]
 [1.]
 [1.]]
2025-08-25 02:41:28,343 - DEBUG -    权重范围: [1.000000, 1.000000]
2025-08-25 02:41:28,343 - DEBUG -    权重均值: 1.000000
2025-08-25 02:41:28,343 - DEBUG -    权重标准差: 0.000000
2025-08-25 02:41:28,343 - DEBUG -    高权重点(>0.8): 21/21
2025-08-25 02:41:28,343 - DEBUG -    低权重点(<0.2): 0/21
2025-08-25 02:41:28,343 - INFO - -----------------------------------------------------------------------------------
2025-08-25 02:41:28,343 - DEBUG - 🔍 开始求解LM更新方程:
2025-08-25 02:41:28,343 - DEBUG -    数据残差: 形状=(21,), 范数=0.039589
2025-08-25 02:41:28,343 - DEBUG -    约束残差: 形状=(1,), 范数=0.000229
2025-08-25 02:41:28,343 - DEBUG - 🔍 计算数据残差雅可比矩阵 J_f: 形状=(21, 4)
2025-08-25 02:41:28,343 - DEBUG - 🔍 J_f矩阵计算完成: 条件数=9.27e+00
2025-08-25 02:41:28,343 - DEBUG - 🔍 深度约束雅可比计算: u=-1.355342, σ=0.204998, J_h=[[ 0.          0.         -0.20499841  0.        ]]
2025-08-25 02:41:28,343 - DEBUG - 🔍 半径先验雅可比: J_r=[[0. 0. 0. 1.]]
2025-08-25 02:41:28,343 - DEBUG - 🔍 使用几何权重矩阵: 形状=(21, 21)
2025-08-25 02:41:28,343 - DEBUG - 🔍 Hessian矩阵计算:
2025-08-25 02:41:28,343 - DEBUG -    H_data = J_f^T W J_f: 形状=(4, 4), 条件数=8.59e+01
2025-08-25 02:41:28,343 - DEBUG -    H_h = λ_depth J_h^T J_h: 形状=(4, 4), λ_depth=1000.0
2025-08-25 02:41:28,343 - DEBUG -    H_r = λ_radius J_r^T J_r: 形状=(4, 4), λ_radius=1.0
2025-08-25 02:41:28,343 - DEBUG -    H_total: 形状=(4, 4), 条件数=3.30e+01
2025-08-25 02:41:28,343 - DEBUG - 🔍 梯度计算:
2025-08-25 02:41:28,343 - DEBUG -    g_data: 形状=(4,), 范数=0.128538
2025-08-25 02:41:28,343 - DEBUG -    g_h: 形状=(4,), 范数=0.047029
2025-08-25 02:41:28,343 - DEBUG -    g_r: 形状=(4,), 范数=0.000363
2025-08-25 02:41:28,343 - DEBUG -    g_total: 形状=(4,), 范数=0.136823
2025-08-25 02:41:28,343 - DEBUG - 🔍 LM阻尼矩阵: H_lm = H_total + 1.0 * I
2025-08-25 02:41:28,343 - DEBUG -    H_lm条件数: 1.94e+01
2025-08-25 02:41:28,343 - DEBUG - 🔍 线性方程组求解成功:
2025-08-25 02:41:28,343 - DEBUG -    参数更新向量 Δθ: [[-0.00498022]
 [-0.00339503]
 [ 0.00067938]
 [ 0.00078349]]
2025-08-25 02:41:28,343 - DEBUG -    更新向量范数: 0.006116
2025-08-25 02:41:28,343 - DEBUG -    各分量更新: Δc_x=-0.004980, Δc_y=-0.003395, Δc_z=0.000679, Δr=0.000783
2025-08-25 02:41:28,343 - DEBUG -    参数更新:
2025-08-25 02:41:28,343 - DEBUG -      旧参数: [[ 0.07392845]
 [-0.03067864]
 [ 0.60271122]
 [ 0.01163668]]
2025-08-25 02:41:28,343 - DEBUG -      更新向量: [[-0.00498022]
 [-0.00339503]
 [ 0.00067938]
 [ 0.00078349]]
2025-08-25 02:41:28,343 - DEBUG -      新参数: [[ 0.06894823]
 [-0.03407368]
 [ 0.6033906 ]
 [ 0.01242017]]
2025-08-25 02:41:28,343 - INFO - -----------------------------------------------------------------------------------
2025-08-25 02:41:28,343 - INFO - 🔍 迭代第5次，球心向右4.980221mm，向上3.395035mm，向后0.679377mm，半径变大0.783493mm
2025-08-25 02:41:28,343 - INFO - 📊 变化前: 中心(0.074, -0.031, 0.603), 半径11.64mm
2025-08-25 02:41:28,351 - INFO - 📊 变化后: 中心(0.069, -0.034, 0.603), 半径12.42mm
2025-08-25 02:41:28,351 - INFO - 📈 变化量: 中心移动6.03mm, 半径变化0.78mm
2025-08-25 02:41:28,351 - INFO - 📍 眼球中心: [ 0.07392845 -0.03067864  0.60271122]
2025-08-25 02:41:28,351 - INFO - 📏 眼球半径: 11.64mm
2025-08-25 02:41:28,351 - INFO - 👁️ 瞳孔中心: [ 0.08       -0.02533333  0.60000002]
2025-08-25 02:41:28,351 - INFO - 📐 眼球中心在瞳孔中心的左6.07mm，上5.35mm，后2.71mm
2025-08-25 02:41:28,351 - INFO - 📏 距离: 8.53mm
2025-08-25 02:41:28,351 - INFO - -----------------------------------------------------------------------------------
2025-08-25 02:41:28,351 - INFO - -----------------------------------------------------------------------------------
2025-08-25 02:41:28,351 - DEBUG - 🔍 参数有效性检查:
2025-08-25 02:41:28,351 - DEBUG -    参数向量: [[ 0.06894823]
 [-0.03407368]
 [ 0.6033906 ]
 [ 0.01242017]]
2025-08-25 02:41:28,351 - DEBUG -    球心: [ 0.06894823 -0.03407368  0.6033906 ]
2025-08-25 02:41:28,351 - DEBUG -    半径: 0.012420
2025-08-25 02:41:28,351 - DEBUG - 🔍 函数值计算详情:
2025-08-25 02:41:28,351 - DEBUG -    数据项 F(θ): 0.000784
2025-08-25 02:41:28,351 - DEBUG -    深度约束项: 0.000026
2025-08-25 02:41:28,351 - DEBUG -    半径先验项: 0.000000
2025-08-25 02:41:28,351 - DEBUG -    总函数值 Φ(θ): 0.000810
2025-08-25 02:41:28,354 - DEBUG -    函数值改善: 0.000000
2025-08-25 02:41:28,354 - DEBUG - 🔍 参数有效: True
2025-08-25 02:41:28,354 - DEBUG -    参数更新成功:
2025-08-25 02:41:28,354 - DEBUG -      新球心: [ 0.06894823 -0.03407368  0.6033906 ]
2025-08-25 02:41:28,354 - DEBUG -      新半径: 0.012420
2025-08-25 02:41:28,354 - INFO - -----------------------------------------------------------------------------------
2025-08-25 02:41:28,354 - DEBUG - 🔍 LM收敛性检查:
2025-08-25 02:41:28,354 - DEBUG -    当前迭代次数: 5
2025-08-25 02:41:28,354 - DEBUG -    最大迭代次数: 30
2025-08-25 02:41:28,354 - DEBUG -    参数变化: 0.006116
2025-08-25 02:41:28,354 - DEBUG -    参数容忍度: 5e-06
2025-08-25 02:41:28,354 - DEBUG -    残差变化: 0.000000
2025-08-25 02:41:28,354 - DEBUG -    残差容忍度: 5e-06
2025-08-25 02:41:28,354 - DEBUG - 🔍 迭代 7/30:
2025-08-25 02:41:28,354 - DEBUG - 🔍 计算点到球心距离: 形状=(21,)
2025-08-25 02:41:28,354 - DEBUG - 🔍 生理偏差向量计算:
2025-08-25 02:41:28,354 - DEBUG -    点类型列表: ['pupil_center', 'iris_boundaries', 'iris_boundaries', 'iris_boundaries', 'iris_boundaries', 'eye_contours', 'eye_contours', 'eye_contours', 'eye_contours', 'eye_contours', 'eye_contours', 'eye_contours', 'eye_contours', 'eye_contours', 'eye_contours', 'eye_contours', 'eye_contours', 'eye_contours', 'eye_contours', 'eye_contours', 'eye_contours']
2025-08-25 02:41:28,354 - DEBUG -    偏差向量: [0.0002  0.00085 0.00085 0.00085 0.00085 0.0015  0.0015  0.0015  0.0015
 0.0015  0.0015  0.0015  0.0015  0.0015  0.0015  0.0015  0.0015  0.0015
 0.0015  0.0015  0.0015 ]
2025-08-25 02:41:28,354 - DEBUG -    向量形状: (21,)
2025-08-25 02:41:28,354 - DEBUG -    偏差统计: 均值=0.001314, 标准差=0.000356
2025-08-25 02:41:28,354 - DEBUG - 获取生理偏差: 点类型=['pupil_center', 'iris_boundaries', 'iris_boundaries', 'iris_boundaries', 'iris_boundaries', 'eye_contours', 'eye_contours', 'eye_contours', 'eye_contours', 'eye_contours', 'eye_contours', 'eye_contours', 'eye_contours', 'eye_contours', 'eye_contours', 'eye_contours', 'eye_contours', 'eye_contours', 'eye_contours', 'eye_contours', 'eye_contours'], 偏差值=[0.0002  0.00085 0.00085 0.00085 0.00085 0.0015  0.0015  0.0015  0.0015
 0.0015  0.0015  0.0015  0.0015  0.0015  0.0015  0.0015  0.0015  0.0015
 0.0015  0.0015  0.0015 ]
2025-08-25 02:41:28,359 - INFO - -----------------------------------------------------------------------------------
2025-08-25 02:41:28,359 - DEBUG - 🔍 拟合残差计算详情:
2025-08-25 02:41:28,359 - DEBUG -    球心坐标: [ 0.06894823 -0.03407368  0.6033906 ]
2025-08-25 02:41:28,359 - DEBUG -    球体半径: 0.012420
2025-08-25 02:41:28,359 - DEBUG -    采样点数: 21
2025-08-25 02:41:28,359 - DEBUG -    点类型分布: {'eye_contours': 16, 'iris_boundaries': 4, 'pupil_center': 1}
2025-08-25 02:41:28,359 - DEBUG -    理论距离向量: [0.01262017 0.01327017 0.01327017 0.01327017 0.01327017 0.01392017
 0.01392017 0.01392017 0.01392017 0.01392017 0.01392017 0.01392017
 0.01392017 0.01392017 0.01392017 0.01392017 0.01392017 0.01392017
 0.01392017 0.01392017 0.01392017]
2025-08-25 02:41:28,359 - DEBUG -    实际距离向量: [0.01449246 0.02299124 0.01003167 0.01161462 0.02385103 0.02003883
 0.01589782 0.00941436 0.00951831 0.01680205 0.02498379 0.03035618
 0.03365684 0.0362414  0.03422001 0.03203004 0.02899338 0.02449932
 0.02062114 0.01867148 0.01948442]
2025-08-25 02:41:28,359 - DEBUG -    生理偏差向量: [0.0002  0.00085 0.00085 0.00085 0.00085 0.0015  0.0015  0.0015  0.0015
 0.0015  0.0015  0.0015  0.0015  0.0015  0.0015  0.0015  0.0015  0.0015
 0.0015  0.0015  0.0015 ]
2025-08-25 02:41:28,359 - DEBUG -    残差向量 f(θ): 
[[ 0.00187229]
 [ 0.00972107]
 [-0.0032385 ]
 [-0.00165555]
 [ 0.01058086]
 [ 0.00611866]
 [ 0.00197765]
 [-0.00450581]
 [-0.00440186]
 [ 0.00288188]
 [ 0.01106362]
 [ 0.01643601]
 [ 0.01973667]
 [ 0.02232123]
 [ 0.02029984]
 [ 0.01810987]
 [ 0.01507321]
 [ 0.01057915]
 [ 0.00670097]
 [ 0.00475131]
 [ 0.00556425]]
2025-08-25 02:41:28,359 - DEBUG -    平均残差范数: 0.002506
2025-08-25 02:41:28,359 - DEBUG -    残差范数=0.052635
2025-08-25 02:41:28,359 - INFO - -----------------------------------------------------------------------------------
2025-08-25 02:41:28,359 - DEBUG - 🔍 深度约束计算详情 (softplus):
2025-08-25 02:41:28,359 - DEBUG -    采样点Z坐标范围: [0.599910, 0.601156]
2025-08-25 02:41:28,359 - DEBUG -    球心Z坐标: 0.603391
2025-08-25 02:41:28,359 - DEBUG -    深度偏移ε: 0.000200
2025-08-25 02:41:28,359 - DEBUG -    softplus参数τ: 0.001000
2025-08-25 02:41:28,359 - DEBUG -    原始违反值: -0.002035
2025-08-25 02:41:28,359 - DEBUG -    softplus输入 u: -2.034719
2025-08-25 02:41:28,359 - DEBUG -    约束惩罚 h(θ): 0.000123
2025-08-25 02:41:28,359 - DEBUG -    🟢 深度约束满足: 球心深度足够
2025-08-25 02:41:28,359 - INFO - -----------------------------------------------------------------------------------
2025-08-25 02:41:28,359 - DEBUG - 🔍 半径惩罚计算详情:
2025-08-25 02:41:28,359 - DEBUG -    当前半径: 0.012420
2025-08-25 02:41:28,359 - DEBUG -    半径先验值: 0.012000
2025-08-25 02:41:28,359 - DEBUG -    半径残差 r(θ): 0.000420
2025-08-25 02:41:28,359 - DEBUG -    数据残差 f(θ): [[ 0.00187229]
 [ 0.00972107]
 [-0.0032385 ]
 [-0.00165555]
 [ 0.01058086]
 [ 0.00611866]
 [ 0.00197765]
 [-0.00450581]
 [-0.00440186]
 [ 0.00288188]
 [ 0.01106362]
 [ 0.01643601]
 [ 0.01973667]
 [ 0.02232123]
 [ 0.02029984]
 [ 0.01810987]
 [ 0.01507321]
 [ 0.01057915]
 [ 0.00670097]
 [ 0.00475131]
 [ 0.00556425]]
2025-08-25 02:41:28,365 - DEBUG -    约束残差 g(θ): [[0.00012285]]
2025-08-25 02:41:28,365 - DEBUG -    半径残差 r(θ): [[0.00042017]]
2025-08-25 02:41:28,365 - DEBUG - 🔍 状态变化计算: 参数变化=0.006116, 残差变化=0.013046
2025-08-25 02:41:28,365 - INFO - -----------------------------------------------------------------------------------
2025-08-25 02:41:28,365 - DEBUG - 🔍 权重管理器状态更新详情:
2025-08-25 02:41:28,365 - DEBUG -    当前迭代: 6
2025-08-25 02:41:28,365 - DEBUG -    参数变化: 0.006116 (阈值: 0.000005)
2025-08-25 02:41:28,365 - DEBUG -    残差变化: 0.013046 (阈值: 0.000005)
2025-08-25 02:41:28,365 - DEBUG -    几何权重因子: 10
2025-08-25 02:41:28,365 - DEBUG - ⏸️ 保持图像置信度权重: 参数变化=6.12e-03, 残差变化=1.30e-02
2025-08-25 02:41:28,365 - DEBUG - 状态已保存: 参数=[ 0.06894823 -0.03407368  0.6033906   0.01242017], 残差范数=0.052635
2025-08-25 02:41:28,365 - DEBUG - 🔍 获取visibility信息: 形状=(21,), 范围=[1.000, 1.000]
2025-08-25 02:41:28,365 - DEBUG - 🔧 设置图像置信度权重: 21个点
2025-08-25 02:41:28,365 - DEBUG - 🔍 开始计算权重矩阵:
2025-08-25 02:41:28,367 - DEBUG -    点类型: ['pupil_center', 'iris_boundaries', 'iris_boundaries', 'iris_boundaries', 'iris_boundaries', 'eye_contours', 'eye_contours', 'eye_contours', 'eye_contours', 'eye_contours', 'eye_contours', 'eye_contours', 'eye_contours', 'eye_contours', 'eye_contours', 'eye_contours', 'eye_contours', 'eye_contours', 'eye_contours', 'eye_contours', 'eye_contours']
2025-08-25 02:41:28,367 - DEBUG -    残差向量: 形状=(21,), 范数=0.052635
2025-08-25 02:41:28,367 - DEBUG -    Visibility: 形状=(21,), 均值=1.000
2025-08-25 02:41:28,367 - DEBUG - 🔍 权重矩阵计算成功: 形状=(21, 21)
2025-08-25 02:41:28,367 - DEBUG - 🔍 几何权重统计:
2025-08-25 02:41:28,367 - DEBUG -    权重向量: [[1.]
 [1.]
 [1.]
 [1.]
 [1.]
 [1.]
 [1.]
 [1.]
 [1.]
 [1.]
 [1.]
 [1.]
 [1.]
 [1.]
 [1.]
 [1.]
 [1.]
 [1.]
 [1.]
 [1.]
 [1.]]
2025-08-25 02:41:28,367 - DEBUG -    权重范围: [1.000000, 1.000000]
2025-08-25 02:41:28,367 - DEBUG -    权重均值: 1.000000
2025-08-25 02:41:28,367 - DEBUG -    权重标准差: 0.000000
2025-08-25 02:41:28,367 - DEBUG -    高权重点(>0.8): 21/21
2025-08-25 02:41:28,367 - DEBUG -    低权重点(<0.2): 0/21
2025-08-25 02:41:28,367 - INFO - -----------------------------------------------------------------------------------
2025-08-25 02:41:28,367 - DEBUG - 🔍 开始求解LM更新方程:
2025-08-25 02:41:28,367 - DEBUG -    数据残差: 形状=(21,), 范数=0.052635
2025-08-25 02:41:28,367 - DEBUG -    约束残差: 形状=(1,), 范数=0.000123
2025-08-25 02:41:28,367 - DEBUG - 🔍 计算数据残差雅可比矩阵 J_f: 形状=(21, 4)
2025-08-25 02:41:28,367 - DEBUG - 🔍 J_f矩阵计算完成: 条件数=1.62e+01
2025-08-25 02:41:28,367 - DEBUG - 🔍 深度约束雅可比计算: u=-2.034719, σ=0.115606, J_h=[[ 0.          0.         -0.11560562  0.        ]]
2025-08-25 02:41:28,367 - DEBUG - 🔍 半径先验雅可比: J_r=[[0. 0. 0. 1.]]
2025-08-25 02:41:28,367 - DEBUG - 🔍 使用几何权重矩阵: 形状=(21, 21)
2025-08-25 02:41:28,367 - DEBUG - 🔍 Hessian矩阵计算:
2025-08-25 02:41:28,367 - DEBUG -    H_data = J_f^T W J_f: 形状=(4, 4), 条件数=2.62e+02
2025-08-25 02:41:28,367 - DEBUG -    H_h = λ_depth J_h^T J_h: 形状=(4, 4), λ_depth=1000.0
2025-08-25 02:41:28,367 - DEBUG -    H_r = λ_radius J_r^T J_r: 形状=(4, 4), λ_radius=1.0
2025-08-25 02:41:28,367 - DEBUG -    H_total: 形状=(4, 4), 条件数=5.69e+01
2025-08-25 02:41:28,367 - DEBUG - 🔍 梯度计算:
2025-08-25 02:41:28,367 - DEBUG -    g_data: 形状=(4,), 范数=0.228558
2025-08-25 02:41:28,367 - DEBUG -    g_h: 形状=(4,), 范数=0.014202
2025-08-25 02:41:28,367 - DEBUG -    g_r: 形状=(4,), 范数=0.000420
2025-08-25 02:41:28,367 - DEBUG -    g_total: 形状=(4,), 范数=0.229646
2025-08-25 02:41:28,367 - DEBUG - 🔍 LM阻尼矩阵: H_lm = H_total + 1.0 * I
2025-08-25 02:41:28,367 - DEBUG -    H_lm条件数: 2.26e+01
2025-08-25 02:41:28,367 - DEBUG - 🔍 线性方程组求解成功:
2025-08-25 02:41:28,375 - DEBUG -    参数更新向量 Δθ: [[-0.00762078]
 [-0.00111476]
 [ 0.00021531]
 [ 0.0029498 ]]
2025-08-25 02:41:28,375 - DEBUG -    更新向量范数: 0.008250
2025-08-25 02:41:28,375 - DEBUG -    各分量更新: Δc_x=-0.007621, Δc_y=-0.001115, Δc_z=0.000215, Δr=0.002950
2025-08-25 02:41:28,375 - DEBUG -    参数更新:
2025-08-25 02:41:28,375 - DEBUG -      旧参数: [[ 0.06894823]
 [-0.03407368]
 [ 0.6033906 ]
 [ 0.01242017]]
2025-08-25 02:41:28,375 - DEBUG -      更新向量: [[-0.00762078]
 [-0.00111476]
 [ 0.00021531]
 [ 0.0029498 ]]
2025-08-25 02:41:28,375 - DEBUG -      新参数: [[ 0.06132745]
 [-0.03518844]
 [ 0.60360591]
 [ 0.01536997]]
2025-08-25 02:41:28,375 - INFO - -----------------------------------------------------------------------------------
2025-08-25 02:41:28,375 - INFO - 🔍 迭代第6次，球心向右7.620783mm，向上1.114762mm，向后0.215310mm，半径变大2.949799mm
2025-08-25 02:41:28,375 - INFO - 📊 变化前: 中心(0.069, -0.034, 0.603), 半径12.42mm
2025-08-25 02:41:28,375 - INFO - 📊 变化后: 中心(0.061, -0.035, 0.604), 半径15.37mm
2025-08-25 02:41:28,375 - INFO - 📈 变化量: 中心移动7.70mm, 半径变化2.95mm
2025-08-25 02:41:28,375 - INFO - 📍 眼球中心: [ 0.06894823 -0.03407368  0.6033906 ]
2025-08-25 02:41:28,375 - INFO - 📏 眼球半径: 12.42mm
2025-08-25 02:41:28,375 - INFO - 👁️ 瞳孔中心: [ 0.08       -0.02533333  0.60000002]
2025-08-25 02:41:28,375 - INFO - 📐 眼球中心在瞳孔中心的左11.05mm，上8.74mm，后3.39mm
2025-08-25 02:41:28,375 - INFO - 📏 距离: 14.49mm
2025-08-25 02:41:28,375 - INFO - -----------------------------------------------------------------------------------
2025-08-25 02:41:28,375 - INFO - -----------------------------------------------------------------------------------
2025-08-25 02:41:28,375 - DEBUG - 🔍 参数有效性检查:
2025-08-25 02:41:28,375 - DEBUG -    参数向量: [[ 0.06132745]
 [-0.03518844]
 [ 0.60360591]
 [ 0.01536997]]
2025-08-25 02:41:28,375 - DEBUG -    球心: [ 0.06132745 -0.03518844  0.60360591]
2025-08-25 02:41:28,375 - DEBUG -    半径: 0.015370
2025-08-25 02:41:28,375 - DEBUG - 🔍 函数值计算详情:
2025-08-25 02:41:28,375 - DEBUG -    数据项 F(θ): 0.001385
2025-08-25 02:41:28,375 - DEBUG -    深度约束项: 0.000008
2025-08-25 02:41:28,375 - DEBUG -    半径先验项: 0.000000
2025-08-25 02:41:28,375 - DEBUG -    总函数值 Φ(θ): 0.001393
2025-08-25 02:41:28,383 - DEBUG -    函数值改善: -0.000583
2025-08-25 02:41:28,383 - DEBUG - 🔍 参数有效: False
2025-08-25 02:41:28,383 - DEBUG -    参数无效，阻尼因子调整: λ_LM = 1.00e+01
2025-08-25 02:41:28,383 - DEBUG - 🔍 迭代 8/30:
2025-08-25 02:41:28,383 - DEBUG - 🔍 计算点到球心距离: 形状=(21,)
2025-08-25 02:41:28,383 - DEBUG - 🔍 生理偏差向量计算:
2025-08-25 02:41:28,383 - DEBUG -    点类型列表: ['pupil_center', 'iris_boundaries', 'iris_boundaries', 'iris_boundaries', 'iris_boundaries', 'eye_contours', 'eye_contours', 'eye_contours', 'eye_contours', 'eye_contours', 'eye_contours', 'eye_contours', 'eye_contours', 'eye_contours', 'eye_contours', 'eye_contours', 'eye_contours', 'eye_contours', 'eye_contours', 'eye_contours', 'eye_contours']
2025-08-25 02:41:28,383 - DEBUG -    偏差向量: [0.0002  0.00085 0.00085 0.00085 0.00085 0.0015  0.0015  0.0015  0.0015
 0.0015  0.0015  0.0015  0.0015  0.0015  0.0015  0.0015  0.0015  0.0015
 0.0015  0.0015  0.0015 ]
2025-08-25 02:41:28,383 - DEBUG -    向量形状: (21,)
2025-08-25 02:41:28,383 - DEBUG -    偏差统计: 均值=0.001314, 标准差=0.000356
2025-08-25 02:41:28,383 - DEBUG - 获取生理偏差: 点类型=['pupil_center', 'iris_boundaries', 'iris_boundaries', 'iris_boundaries', 'iris_boundaries', 'eye_contours', 'eye_contours', 'eye_contours', 'eye_contours', 'eye_contours', 'eye_contours', 'eye_contours', 'eye_contours', 'eye_contours', 'eye_contours', 'eye_contours', 'eye_contours', 'eye_contours', 'eye_contours', 'eye_contours', 'eye_contours'], 偏差值=[0.0002  0.00085 0.00085 0.00085 0.00085 0.0015  0.0015  0.0015  0.0015
 0.0015  0.0015  0.0015  0.0015  0.0015  0.0015  0.0015  0.0015  0.0015
 0.0015  0.0015  0.0015 ]
2025-08-25 02:41:28,383 - INFO - -----------------------------------------------------------------------------------
2025-08-25 02:41:28,383 - DEBUG - 🔍 拟合残差计算详情:
2025-08-25 02:41:28,383 - DEBUG -    球心坐标: [ 0.06894823 -0.03407368  0.6033906 ]
2025-08-25 02:41:28,383 - DEBUG -    球体半径: 0.012420
2025-08-25 02:41:28,383 - DEBUG -    采样点数: 21
2025-08-25 02:41:28,383 - DEBUG -    点类型分布: {'eye_contours': 16, 'iris_boundaries': 4, 'pupil_center': 1}
2025-08-25 02:41:28,383 - DEBUG -    理论距离向量: [0.01262017 0.01327017 0.01327017 0.01327017 0.01327017 0.01392017
 0.01392017 0.01392017 0.01392017 0.01392017 0.01392017 0.01392017
 0.01392017 0.01392017 0.01392017 0.01392017 0.01392017 0.01392017
 0.01392017 0.01392017 0.01392017]
2025-08-25 02:41:28,383 - DEBUG -    实际距离向量: [0.01449246 0.02299124 0.01003167 0.01161462 0.02385103 0.02003883
 0.01589782 0.00941436 0.00951831 0.01680205 0.02498379 0.03035618
 0.03365684 0.0362414  0.03422001 0.03203004 0.02899338 0.02449932
 0.02062114 0.01867148 0.01948442]
2025-08-25 02:41:28,383 - DEBUG -    生理偏差向量: [0.0002  0.00085 0.00085 0.00085 0.00085 0.0015  0.0015  0.0015  0.0015
 0.0015  0.0015  0.0015  0.0015  0.0015  0.0015  0.0015  0.0015  0.0015
 0.0015  0.0015  0.0015 ]
2025-08-25 02:41:28,383 - DEBUG -    残差向量 f(θ): 
[[ 0.00187229]
 [ 0.00972107]
 [-0.0032385 ]
 [-0.00165555]
 [ 0.01058086]
 [ 0.00611866]
 [ 0.00197765]
 [-0.00450581]
 [-0.00440186]
 [ 0.00288188]
 [ 0.01106362]
 [ 0.01643601]
 [ 0.01973667]
 [ 0.02232123]
 [ 0.02029984]
 [ 0.01810987]
 [ 0.01507321]
 [ 0.01057915]
 [ 0.00670097]
 [ 0.00475131]
 [ 0.00556425]]
2025-08-25 02:41:28,383 - DEBUG -    平均残差范数: 0.002506
2025-08-25 02:41:28,383 - DEBUG -    残差范数=0.052635
2025-08-25 02:41:28,383 - INFO - -----------------------------------------------------------------------------------
2025-08-25 02:41:28,383 - DEBUG - 🔍 深度约束计算详情 (softplus):
2025-08-25 02:41:28,383 - DEBUG -    采样点Z坐标范围: [0.599910, 0.601156]
2025-08-25 02:41:28,383 - DEBUG -    球心Z坐标: 0.603391
2025-08-25 02:41:28,391 - DEBUG -    深度偏移ε: 0.000200
2025-08-25 02:41:28,391 - DEBUG -    softplus参数τ: 0.001000
2025-08-25 02:41:28,391 - DEBUG -    原始违反值: -0.002035
2025-08-25 02:41:28,392 - DEBUG -    softplus输入 u: -2.034719
2025-08-25 02:41:28,392 - DEBUG -    约束惩罚 h(θ): 0.000123
2025-08-25 02:41:28,392 - DEBUG -    🟢 深度约束满足: 球心深度足够
2025-08-25 02:41:28,392 - INFO - -----------------------------------------------------------------------------------
2025-08-25 02:41:28,392 - DEBUG - 🔍 半径惩罚计算详情:
2025-08-25 02:41:28,392 - DEBUG -    当前半径: 0.012420
2025-08-25 02:41:28,392 - DEBUG -    半径先验值: 0.012000
2025-08-25 02:41:28,392 - DEBUG -    半径残差 r(θ): 0.000420
2025-08-25 02:41:28,392 - DEBUG -    数据残差 f(θ): [[ 0.00187229]
 [ 0.00972107]
 [-0.0032385 ]
 [-0.00165555]
 [ 0.01058086]
 [ 0.00611866]
 [ 0.00197765]
 [-0.00450581]
 [-0.00440186]
 [ 0.00288188]
 [ 0.01106362]
 [ 0.01643601]
 [ 0.01973667]
 [ 0.02232123]
 [ 0.02029984]
 [ 0.01810987]
 [ 0.01507321]
 [ 0.01057915]
 [ 0.00670097]
 [ 0.00475131]
 [ 0.00556425]]
2025-08-25 02:41:28,392 - DEBUG -    约束残差 g(θ): [[0.00012285]]
2025-08-25 02:41:28,392 - DEBUG -    半径残差 r(θ): [[0.00042017]]
2025-08-25 02:41:28,392 - DEBUG - 🔍 状态变化计算: 参数变化=0.000000, 残差变化=0.000000
2025-08-25 02:41:28,392 - INFO - -----------------------------------------------------------------------------------
2025-08-25 02:41:28,392 - DEBUG - 🔍 权重管理器状态更新详情:
2025-08-25 02:41:28,392 - DEBUG -    当前迭代: 7
2025-08-25 02:41:28,392 - DEBUG -    参数变化: 0.000000 (阈值: 0.000005)
2025-08-25 02:41:28,392 - DEBUG -    残差变化: 0.000000 (阈值: 0.000005)
2025-08-25 02:41:28,392 - DEBUG -    几何权重因子: 10
2025-08-25 02:41:28,392 - DEBUG - ⏸️ 保持图像置信度权重: 参数变化=0.00e+00, 残差变化=0.00e+00
2025-08-25 02:41:28,392 - DEBUG - 状态已保存: 参数=[ 0.06894823 -0.03407368  0.6033906   0.01242017], 残差范数=0.052635
2025-08-25 02:41:28,392 - DEBUG - 🔍 获取visibility信息: 形状=(21,), 范围=[1.000, 1.000]
2025-08-25 02:41:28,392 - DEBUG - 🔧 设置图像置信度权重: 21个点
2025-08-25 02:41:28,392 - DEBUG - 🔍 开始计算权重矩阵:
2025-08-25 02:41:28,392 - DEBUG -    点类型: ['pupil_center', 'iris_boundaries', 'iris_boundaries', 'iris_boundaries', 'iris_boundaries', 'eye_contours', 'eye_contours', 'eye_contours', 'eye_contours', 'eye_contours', 'eye_contours', 'eye_contours', 'eye_contours', 'eye_contours', 'eye_contours', 'eye_contours', 'eye_contours', 'eye_contours', 'eye_contours', 'eye_contours', 'eye_contours']
2025-08-25 02:41:28,392 - DEBUG -    残差向量: 形状=(21,), 范数=0.052635
2025-08-25 02:41:28,392 - DEBUG -    Visibility: 形状=(21,), 均值=1.000
2025-08-25 02:41:28,392 - DEBUG - 🔍 权重矩阵计算成功: 形状=(21, 21)
2025-08-25 02:41:28,392 - DEBUG - 🔍 几何权重统计:
2025-08-25 02:41:28,392 - DEBUG -    权重向量: [[1.]
 [1.]
 [1.]
 [1.]
 [1.]
 [1.]
 [1.]
 [1.]
 [1.]
 [1.]
 [1.]
 [1.]
 [1.]
 [1.]
 [1.]
 [1.]
 [1.]
 [1.]
 [1.]
 [1.]
 [1.]]
2025-08-25 02:41:28,399 - DEBUG -    权重范围: [1.000000, 1.000000]
2025-08-25 02:41:28,399 - DEBUG -    权重均值: 1.000000
2025-08-25 02:41:28,399 - DEBUG -    权重标准差: 0.000000
2025-08-25 02:41:28,399 - DEBUG -    高权重点(>0.8): 21/21
2025-08-25 02:41:28,399 - DEBUG -    低权重点(<0.2): 0/21
2025-08-25 02:41:28,399 - INFO - -----------------------------------------------------------------------------------
2025-08-25 02:41:28,399 - DEBUG - 🔍 开始求解LM更新方程:
2025-08-25 02:41:28,399 - DEBUG -    数据残差: 形状=(21,), 范数=0.052635
2025-08-25 02:41:28,399 - DEBUG -    约束残差: 形状=(1,), 范数=0.000123
2025-08-25 02:41:28,399 - DEBUG - 🔍 计算数据残差雅可比矩阵 J_f: 形状=(21, 4)
2025-08-25 02:41:28,399 - DEBUG - 🔍 J_f矩阵计算完成: 条件数=1.62e+01
2025-08-25 02:41:28,399 - DEBUG - 🔍 深度约束雅可比计算: u=-2.034719, σ=0.115606, J_h=[[ 0.          0.         -0.11560562  0.        ]]
2025-08-25 02:41:28,399 - DEBUG - 🔍 半径先验雅可比: J_r=[[0. 0. 0. 1.]]
2025-08-25 02:41:28,399 - DEBUG - 🔍 使用几何权重矩阵: 形状=(21, 21)
2025-08-25 02:41:28,399 - DEBUG - 🔍 Hessian矩阵计算:
2025-08-25 02:41:28,399 - DEBUG -    H_data = J_f^T W J_f: 形状=(4, 4), 条件数=2.62e+02
2025-08-25 02:41:28,399 - DEBUG -    H_h = λ_depth J_h^T J_h: 形状=(4, 4), λ_depth=1000.0
2025-08-25 02:41:28,399 - DEBUG -    H_r = λ_radius J_r^T J_r: 形状=(4, 4), λ_radius=1.0
2025-08-25 02:41:28,399 - DEBUG -    H_total: 形状=(4, 4), 条件数=5.69e+01
2025-08-25 02:41:28,399 - DEBUG - 🔍 梯度计算:
2025-08-25 02:41:28,399 - DEBUG -    g_data: 形状=(4,), 范数=0.228558
2025-08-25 02:41:28,399 - DEBUG -    g_h: 形状=(4,), 范数=0.014202
2025-08-25 02:41:28,399 - DEBUG -    g_r: 形状=(4,), 范数=0.000420
2025-08-25 02:41:28,405 - DEBUG -    g_total: 形状=(4,), 范数=0.229646
2025-08-25 02:41:28,405 - DEBUG - 🔍 LM阻尼矩阵: H_lm = H_total + 10.0 * I
2025-08-25 02:41:28,405 - DEBUG -    H_lm条件数: 4.32e+00
2025-08-25 02:41:28,405 - DEBUG - 🔍 线性方程组求解成功:
2025-08-25 02:41:28,405 - DEBUG -    参数更新向量 Δθ: [[-0.00417768]
 [-0.00095797]
 [ 0.00032898]
 [ 0.00340345]]
2025-08-25 02:41:28,405 - DEBUG -    更新向量范数: 0.005483
2025-08-25 02:41:28,405 - DEBUG -    各分量更新: Δc_x=-0.004178, Δc_y=-0.000958, Δc_z=0.000329, Δr=0.003403
2025-08-25 02:41:28,405 - DEBUG -    参数更新:
2025-08-25 02:41:28,405 - DEBUG -      旧参数: [[ 0.06894823]
 [-0.03407368]
 [ 0.6033906 ]
 [ 0.01242017]]
2025-08-25 02:41:28,407 - DEBUG -      更新向量: [[-0.00417768]
 [-0.00095797]
 [ 0.00032898]
 [ 0.00340345]]
2025-08-25 02:41:28,407 - DEBUG -      新参数: [[ 0.06477055]
 [-0.03503165]
 [ 0.60371957]
 [ 0.01582362]]
2025-08-25 02:41:28,408 - INFO - -----------------------------------------------------------------------------------
2025-08-25 02:41:28,408 - INFO - 🔍 迭代第7次，球心向右4.177676mm，向上0.957966mm，向后0.328978mm，半径变大3.403454mm
2025-08-25 02:41:28,408 - INFO - 📊 变化前: 中心(0.069, -0.034, 0.603), 半径12.42mm
2025-08-25 02:41:28,408 - INFO - 📊 变化后: 中心(0.065, -0.035, 0.604), 半径15.82mm
2025-08-25 02:41:28,408 - INFO - 📈 变化量: 中心移动4.29mm, 半径变化3.40mm
2025-08-25 02:41:28,408 - INFO - 📍 眼球中心: [ 0.06894823 -0.03407368  0.6033906 ]
2025-08-25 02:41:28,408 - INFO - 📏 眼球半径: 12.42mm
2025-08-25 02:41:28,408 - INFO - 👁️ 瞳孔中心: [ 0.08       -0.02533333  0.60000002]
2025-08-25 02:41:28,408 - INFO - 📐 眼球中心在瞳孔中心的左11.05mm，上8.74mm，后3.39mm
2025-08-25 02:41:28,408 - INFO - 📏 距离: 14.49mm
2025-08-25 02:41:28,408 - INFO - -----------------------------------------------------------------------------------
2025-08-25 02:41:28,408 - INFO - -----------------------------------------------------------------------------------
2025-08-25 02:41:28,408 - DEBUG - 🔍 参数有效性检查:
2025-08-25 02:41:28,408 - DEBUG -    参数向量: [[ 0.06477055]
 [-0.03503165]
 [ 0.60371957]
 [ 0.01582362]]
2025-08-25 02:41:28,408 - DEBUG -    球心: [ 0.06477055 -0.03503165  0.60371957]
2025-08-25 02:41:28,408 - DEBUG -    半径: 0.015824
2025-08-25 02:41:28,408 - DEBUG - 🔍 函数值计算详情:
2025-08-25 02:41:28,408 - DEBUG -    数据项 F(θ): 0.001385
2025-08-25 02:41:28,408 - DEBUG -    深度约束项: 0.000008
2025-08-25 02:41:28,408 - DEBUG -    半径先验项: 0.000000
2025-08-25 02:41:28,408 - DEBUG -    总函数值 Φ(θ): 0.001393
2025-08-25 02:41:28,408 - DEBUG -    函数值改善: 0.000000
2025-08-25 02:41:28,408 - DEBUG - 🔍 参数有效: True
2025-08-25 02:41:28,408 - DEBUG -    参数更新成功:
2025-08-25 02:41:28,408 - DEBUG -      新球心: [ 0.06477055 -0.03503165  0.60371957]
2025-08-25 02:41:28,408 - DEBUG -      新半径: 0.015824
2025-08-25 02:41:28,408 - INFO - -----------------------------------------------------------------------------------
2025-08-25 02:41:28,408 - DEBUG - 🔍 LM收敛性检查:
2025-08-25 02:41:28,408 - DEBUG -    当前迭代次数: 7
2025-08-25 02:41:28,408 - DEBUG -    最大迭代次数: 30
2025-08-25 02:41:28,408 - DEBUG -    参数变化: 0.005483
2025-08-25 02:41:28,408 - DEBUG -    参数容忍度: 5e-06
2025-08-25 02:41:28,415 - DEBUG -    残差变化: 0.000000
2025-08-25 02:41:28,415 - DEBUG -    残差容忍度: 5e-06
2025-08-25 02:41:28,415 - DEBUG - 🔍 迭代 9/30:
2025-08-25 02:41:28,415 - DEBUG - 🔍 计算点到球心距离: 形状=(21,)
2025-08-25 02:41:28,415 - DEBUG - 🔍 生理偏差向量计算:
2025-08-25 02:41:28,415 - DEBUG -    点类型列表: ['pupil_center', 'iris_boundaries', 'iris_boundaries', 'iris_boundaries', 'iris_boundaries', 'eye_contours', 'eye_contours', 'eye_contours', 'eye_contours', 'eye_contours', 'eye_contours', 'eye_contours', 'eye_contours', 'eye_contours', 'eye_contours', 'eye_contours', 'eye_contours', 'eye_contours', 'eye_contours', 'eye_contours', 'eye_contours']
2025-08-25 02:41:28,415 - DEBUG -    偏差向量: [0.0002  0.00085 0.00085 0.00085 0.00085 0.0015  0.0015  0.0015  0.0015
 0.0015  0.0015  0.0015  0.0015  0.0015  0.0015  0.0015  0.0015  0.0015
 0.0015  0.0015  0.0015 ]
2025-08-25 02:41:28,415 - DEBUG -    向量形状: (21,)
2025-08-25 02:41:28,415 - DEBUG -    偏差统计: 均值=0.001314, 标准差=0.000356
2025-08-25 02:41:28,415 - DEBUG - 获取生理偏差: 点类型=['pupil_center', 'iris_boundaries', 'iris_boundaries', 'iris_boundaries', 'iris_boundaries', 'eye_contours', 'eye_contours', 'eye_contours', 'eye_contours', 'eye_contours', 'eye_contours', 'eye_contours', 'eye_contours', 'eye_contours', 'eye_contours', 'eye_contours', 'eye_contours', 'eye_contours', 'eye_contours', 'eye_contours', 'eye_contours'], 偏差值=[0.0002  0.00085 0.00085 0.00085 0.00085 0.0015  0.0015  0.0015  0.0015
 0.0015  0.0015  0.0015  0.0015  0.0015  0.0015  0.0015  0.0015  0.0015
 0.0015  0.0015  0.0015 ]
2025-08-25 02:41:28,415 - INFO - -----------------------------------------------------------------------------------
2025-08-25 02:41:28,415 - DEBUG - 🔍 拟合残差计算详情:
2025-08-25 02:41:28,415 - DEBUG -    球心坐标: [ 0.06477055 -0.03503165  0.60371957]
2025-08-25 02:41:28,415 - DEBUG -    球体半径: 0.015824
2025-08-25 02:41:28,415 - DEBUG -    采样点数: 21
2025-08-25 02:41:28,415 - DEBUG -    点类型分布: {'eye_contours': 16, 'iris_boundaries': 4, 'pupil_center': 1}
2025-08-25 02:41:28,415 - DEBUG -    理论距离向量: [0.01602362 0.01667362 0.01667362 0.01667362 0.01667362 0.01732362
 0.01732362 0.01732362 0.01732362 0.01732362 0.01732362 0.01732362
 0.01732362 0.01732362 0.01732362 0.01732362 0.01732362 0.01732362
 0.01732362 0.01732362 0.01732362]
2025-08-25 02:41:28,415 - DEBUG -    实际距离向量: [0.01843444 0.02724111 0.01417816 0.01380616 0.02715475 0.01966967
 0.01583    0.01098858 0.0135385  0.02107028 0.0292693  0.03465187
 0.03795536 0.04053956 0.03849011 0.03623153 0.0330265  0.02809007
 0.02338934 0.02006876 0.01973125]
2025-08-25 02:41:28,415 - DEBUG -    生理偏差向量: [0.0002  0.00085 0.00085 0.00085 0.00085 0.0015  0.0015  0.0015  0.0015
 0.0015  0.0015  0.0015  0.0015  0.0015  0.0015  0.0015  0.0015  0.0015
 0.0015  0.0015  0.0015 ]
2025-08-25 02:41:28,415 - DEBUG -    残差向量 f(θ): 
[[ 0.00241081]
 [ 0.01056749]
 [-0.00249547]
 [-0.00286747]
 [ 0.01048112]
 [ 0.00234604]
 [-0.00149363]
 [-0.00633505]
 [-0.00378513]
 [ 0.00374665]
 [ 0.01194568]
 [ 0.01732825]
 [ 0.02063174]
 [ 0.02321594]
 [ 0.02116649]
 [ 0.0189079 ]
 [ 0.01570287]
 [ 0.01076645]
 [ 0.00606571]
 [ 0.00274514]
 [ 0.00240763]]
2025-08-25 02:41:28,415 - DEBUG -    平均残差范数: 0.002584
2025-08-25 02:41:28,415 - DEBUG -    残差范数=0.054257
2025-08-25 02:41:28,415 - INFO - -----------------------------------------------------------------------------------
2025-08-25 02:41:28,415 - DEBUG - 🔍 深度约束计算详情 (softplus):
2025-08-25 02:41:28,415 - DEBUG -    采样点Z坐标范围: [0.599910, 0.601156]
2025-08-25 02:41:28,415 - DEBUG -    球心Z坐标: 0.603720
2025-08-25 02:41:28,415 - DEBUG -    深度偏移ε: 0.000200
2025-08-25 02:41:28,415 - DEBUG -    softplus参数τ: 0.001000
2025-08-25 02:41:28,415 - DEBUG -    原始违反值: -0.002364
2025-08-25 02:41:28,423 - DEBUG -    softplus输入 u: -2.363696
2025-08-25 02:41:28,423 - DEBUG -    约束惩罚 h(θ): 0.000090
2025-08-25 02:41:28,423 - DEBUG -    🟢 深度约束满足: 球心深度足够
2025-08-25 02:41:28,423 - INFO - -----------------------------------------------------------------------------------
2025-08-25 02:41:28,423 - DEBUG - 🔍 半径惩罚计算详情:
2025-08-25 02:41:28,423 - DEBUG -    当前半径: 0.015824
2025-08-25 02:41:28,423 - DEBUG -    半径先验值: 0.012000
2025-08-25 02:41:28,423 - DEBUG -    半径残差 r(θ): 0.003824
2025-08-25 02:41:28,423 - DEBUG -    数据残差 f(θ): [[ 0.00241081]
 [ 0.01056749]
 [-0.00249547]
 [-0.00286747]
 [ 0.01048112]
 [ 0.00234604]
 [-0.00149363]
 [-0.00633505]
 [-0.00378513]
 [ 0.00374665]
 [ 0.01194568]
 [ 0.01732825]
 [ 0.02063174]
 [ 0.02321594]
 [ 0.02116649]
 [ 0.0189079 ]
 [ 0.01570287]
 [ 0.01076645]
 [ 0.00606571]
 [ 0.00274514]
 [ 0.00240763]]
2025-08-25 02:41:28,423 - DEBUG -    约束残差 g(θ): [[8.99063772e-05]]
2025-08-25 02:41:28,423 - DEBUG -    半径残差 r(θ): [[0.00382362]]
2025-08-25 02:41:28,423 - DEBUG - 🔍 状态变化计算: 参数变化=0.005483, 残差变化=0.001622
2025-08-25 02:41:28,423 - INFO - -----------------------------------------------------------------------------------
2025-08-25 02:41:28,423 - DEBUG - 🔍 权重管理器状态更新详情:
2025-08-25 02:41:28,423 - DEBUG -    当前迭代: 8
2025-08-25 02:41:28,423 - DEBUG -    参数变化: 0.005483 (阈值: 0.000005)
2025-08-25 02:41:28,423 - DEBUG -    残差变化: 0.001622 (阈值: 0.000005)
2025-08-25 02:41:28,423 - DEBUG -    几何权重因子: 10
2025-08-25 02:41:28,423 - DEBUG - ⏸️ 保持图像置信度权重: 参数变化=5.48e-03, 残差变化=1.62e-03
2025-08-25 02:41:28,423 - DEBUG - 状态已保存: 参数=[ 0.06477055 -0.03503165  0.60371957  0.01582362], 残差范数=0.054257
2025-08-25 02:41:28,423 - DEBUG - 🔍 获取visibility信息: 形状=(21,), 范围=[1.000, 1.000]
2025-08-25 02:41:28,423 - DEBUG - 🔧 设置图像置信度权重: 21个点
2025-08-25 02:41:28,423 - DEBUG - 🔍 开始计算权重矩阵:
2025-08-25 02:41:28,423 - DEBUG -    点类型: ['pupil_center', 'iris_boundaries', 'iris_boundaries', 'iris_boundaries', 'iris_boundaries', 'eye_contours', 'eye_contours', 'eye_contours', 'eye_contours', 'eye_contours', 'eye_contours', 'eye_contours', 'eye_contours', 'eye_contours', 'eye_contours', 'eye_contours', 'eye_contours', 'eye_contours', 'eye_contours', 'eye_contours', 'eye_contours']
2025-08-25 02:41:28,423 - DEBUG -    残差向量: 形状=(21,), 范数=0.054257
2025-08-25 02:41:28,423 - DEBUG -    Visibility: 形状=(21,), 均值=1.000
2025-08-25 02:41:28,423 - DEBUG - 🔍 权重矩阵计算成功: 形状=(21, 21)
2025-08-25 02:41:28,423 - DEBUG - 🔍 几何权重统计:
2025-08-25 02:41:28,423 - DEBUG -    权重向量: [[1.]
 [1.]
 [1.]
 [1.]
 [1.]
 [1.]
 [1.]
 [1.]
 [1.]
 [1.]
 [1.]
 [1.]
 [1.]
 [1.]
 [1.]
 [1.]
 [1.]
 [1.]
 [1.]
 [1.]
 [1.]]
2025-08-25 02:41:28,423 - DEBUG -    权重范围: [1.000000, 1.000000]
2025-08-25 02:41:28,423 - DEBUG -    权重均值: 1.000000
2025-08-25 02:41:28,423 - DEBUG -    权重标准差: 0.000000
2025-08-25 02:41:28,423 - DEBUG -    高权重点(>0.8): 21/21
2025-08-25 02:41:28,432 - DEBUG -    低权重点(<0.2): 0/21
2025-08-25 02:41:28,432 - INFO - -----------------------------------------------------------------------------------
2025-08-25 02:41:28,432 - DEBUG - 🔍 开始求解LM更新方程:
2025-08-25 02:41:28,432 - DEBUG -    数据残差: 形状=(21,), 范数=0.054257
2025-08-25 02:41:28,432 - DEBUG -    约束残差: 形状=(1,), 范数=0.000090
2025-08-25 02:41:28,432 - DEBUG - 🔍 计算数据残差雅可比矩阵 J_f: 形状=(21, 4)
2025-08-25 02:41:28,432 - DEBUG - 🔍 J_f矩阵计算完成: 条件数=2.12e+01
2025-08-25 02:41:28,432 - DEBUG - 🔍 深度约束雅可比计算: u=-2.363696, σ=0.085983, J_h=[[ 0.          0.         -0.08598325  0.        ]]
2025-08-25 02:41:28,432 - DEBUG - 🔍 半径先验雅可比: J_r=[[0. 0. 0. 1.]]
2025-08-25 02:41:28,432 - DEBUG - 🔍 使用几何权重矩阵: 形状=(21, 21)
2025-08-25 02:41:28,432 - DEBUG - 🔍 Hessian矩阵计算:
2025-08-25 02:41:28,432 - DEBUG -    H_data = J_f^T W J_f: 形状=(4, 4), 条件数=4.48e+02
2025-08-25 02:41:28,432 - DEBUG -    H_h = λ_depth J_h^T J_h: 形状=(4, 4), λ_depth=1000.0
2025-08-25 02:41:28,432 - DEBUG -    H_r = λ_radius J_r^T J_r: 形状=(4, 4), λ_radius=1.0
2025-08-25 02:41:28,432 - DEBUG -    H_total: 形状=(4, 4), 条件数=6.86e+01
2025-08-25 02:41:28,432 - DEBUG - 🔍 梯度计算:
2025-08-25 02:41:28,432 - DEBUG -    g_data: 形状=(4,), 范数=0.227468
2025-08-25 02:41:28,432 - DEBUG -    g_h: 形状=(4,), 范数=0.007730
2025-08-25 02:41:28,432 - DEBUG -    g_r: 形状=(4,), 范数=0.003824
2025-08-25 02:41:28,432 - DEBUG -    g_total: 形状=(4,), 范数=0.225344
2025-08-25 02:41:28,432 - DEBUG - 🔍 LM阻尼矩阵: H_lm = H_total + 10.0 * I
2025-08-25 02:41:28,432 - DEBUG -    H_lm条件数: 4.51e+00
2025-08-25 02:41:28,432 - DEBUG - 🔍 线性方程组求解成功:
2025-08-25 02:41:28,432 - DEBUG -    参数更新向量 Δθ: [[-4.80870419e-03]
 [-7.77040937e-05]
 [ 1.15444711e-04]
 [ 2.91048690e-03]]
2025-08-25 02:41:28,432 - DEBUG -    更新向量范数: 0.005623
2025-08-25 02:41:28,432 - DEBUG -    各分量更新: Δc_x=-0.004809, Δc_y=-0.000078, Δc_z=0.000115, Δr=0.002910
2025-08-25 02:41:28,432 - DEBUG -    参数更新:
2025-08-25 02:41:28,432 - DEBUG -      旧参数: [[ 0.06477055]
 [-0.03503165]
 [ 0.60371957]
 [ 0.01582362]]
2025-08-25 02:41:28,432 - DEBUG -      更新向量: [[-4.80870419e-03]
 [-7.77040937e-05]
 [ 1.15444711e-04]
 [ 2.91048690e-03]]
2025-08-25 02:41:28,432 - DEBUG -      新参数: [[ 0.05996185]
 [-0.03510935]
 [ 0.60383502]
 [ 0.01873411]]
2025-08-25 02:41:28,432 - INFO - -----------------------------------------------------------------------------------
2025-08-25 02:41:28,440 - INFO - 🔍 迭代第8次，球心向右4.808704mm，向上0.077704mm，向后0.115445mm，半径变大2.910487mm
2025-08-25 02:41:28,441 - INFO - 📊 变化前: 中心(0.065, -0.035, 0.604), 半径15.82mm
2025-08-25 02:41:28,441 - INFO - 📊 变化后: 中心(0.060, -0.035, 0.604), 半径18.73mm
2025-08-25 02:41:28,441 - INFO - 📈 变化量: 中心移动4.81mm, 半径变化2.91mm
2025-08-25 02:41:28,441 - INFO - 📍 眼球中心: [ 0.06477055 -0.03503165  0.60371957]
2025-08-25 02:41:28,441 - INFO - 📏 眼球半径: 15.82mm
2025-08-25 02:41:28,441 - INFO - 👁️ 瞳孔中心: [ 0.08       -0.02533333  0.60000002]
2025-08-25 02:41:28,444 - INFO - 📐 眼球中心在瞳孔中心的左15.23mm，上9.70mm，后3.72mm
2025-08-25 02:41:28,444 - INFO - 📏 距离: 18.43mm
2025-08-25 02:41:28,444 - INFO - -----------------------------------------------------------------------------------
2025-08-25 02:41:28,444 - INFO - -----------------------------------------------------------------------------------
2025-08-25 02:41:28,444 - DEBUG - 🔍 参数有效性检查:
2025-08-25 02:41:28,444 - DEBUG -    参数向量: [[ 0.05996185]
 [-0.03510935]
 [ 0.60383502]
 [ 0.01873411]]
2025-08-25 02:41:28,444 - DEBUG -    球心: [ 0.05996185 -0.03510935  0.60383502]
2025-08-25 02:41:28,444 - DEBUG -    半径: 0.018734
2025-08-25 02:41:28,444 - DEBUG - 🔍 函数值计算详情:
2025-08-25 02:41:28,444 - DEBUG -    数据项 F(θ): 0.001472
2025-08-25 02:41:28,444 - DEBUG -    深度约束项: 0.000004
2025-08-25 02:41:28,444 - DEBUG -    半径先验项: 0.000007
2025-08-25 02:41:28,444 - DEBUG -    总函数值 Φ(θ): 0.001483
2025-08-25 02:41:28,448 - DEBUG -    函数值改善: -0.000090
2025-08-25 02:41:28,448 - DEBUG - 🔍 参数有效: False
2025-08-25 02:41:28,448 - DEBUG -    参数无效，阻尼因子调整: λ_LM = 1.00e+02
2025-08-25 02:41:28,448 - DEBUG - 🔍 迭代 10/30:
2025-08-25 02:41:28,448 - DEBUG - 🔍 计算点到球心距离: 形状=(21,)
2025-08-25 02:41:28,448 - DEBUG - 🔍 生理偏差向量计算:
2025-08-25 02:41:28,448 - DEBUG -    点类型列表: ['pupil_center', 'iris_boundaries', 'iris_boundaries', 'iris_boundaries', 'iris_boundaries', 'eye_contours', 'eye_contours', 'eye_contours', 'eye_contours', 'eye_contours', 'eye_contours', 'eye_contours', 'eye_contours', 'eye_contours', 'eye_contours', 'eye_contours', 'eye_contours', 'eye_contours', 'eye_contours', 'eye_contours', 'eye_contours']
2025-08-25 02:41:28,448 - DEBUG -    偏差向量: [0.0002  0.00085 0.00085 0.00085 0.00085 0.0015  0.0015  0.0015  0.0015
 0.0015  0.0015  0.0015  0.0015  0.0015  0.0015  0.0015  0.0015  0.0015
 0.0015  0.0015  0.0015 ]
2025-08-25 02:41:28,448 - DEBUG -    向量形状: (21,)
2025-08-25 02:41:28,448 - DEBUG -    偏差统计: 均值=0.001314, 标准差=0.000356
2025-08-25 02:41:28,448 - DEBUG - 获取生理偏差: 点类型=['pupil_center', 'iris_boundaries', 'iris_boundaries', 'iris_boundaries', 'iris_boundaries', 'eye_contours', 'eye_contours', 'eye_contours', 'eye_contours', 'eye_contours', 'eye_contours', 'eye_contours', 'eye_contours', 'eye_contours', 'eye_contours', 'eye_contours', 'eye_contours', 'eye_contours', 'eye_contours', 'eye_contours', 'eye_contours'], 偏差值=[0.0002  0.00085 0.00085 0.00085 0.00085 0.0015  0.0015  0.0015  0.0015
 0.0015  0.0015  0.0015  0.0015  0.0015  0.0015  0.0015  0.0015  0.0015
 0.0015  0.0015  0.0015 ]
2025-08-25 02:41:28,448 - INFO - -----------------------------------------------------------------------------------
2025-08-25 02:41:28,448 - DEBUG - 🔍 拟合残差计算详情:
2025-08-25 02:41:28,448 - DEBUG -    球心坐标: [ 0.06477055 -0.03503165  0.60371957]
2025-08-25 02:41:28,448 - DEBUG -    球体半径: 0.015824
2025-08-25 02:41:28,448 - DEBUG -    采样点数: 21
2025-08-25 02:41:28,448 - DEBUG -    点类型分布: {'eye_contours': 16, 'iris_boundaries': 4, 'pupil_center': 1}
2025-08-25 02:41:28,448 - DEBUG -    理论距离向量: [0.01602362 0.01667362 0.01667362 0.01667362 0.01667362 0.01732362
 0.01732362 0.01732362 0.01732362 0.01732362 0.01732362 0.01732362
 0.01732362 0.01732362 0.01732362 0.01732362 0.01732362 0.01732362
 0.01732362 0.01732362 0.01732362]
2025-08-25 02:41:28,448 - DEBUG -    实际距离向量: [0.01843444 0.02724111 0.01417816 0.01380616 0.02715475 0.01966967
 0.01583    0.01098858 0.0135385  0.02107028 0.0292693  0.03465187
 0.03795536 0.04053956 0.03849011 0.03623153 0.0330265  0.02809007
 0.02338934 0.02006876 0.01973125]
2025-08-25 02:41:28,448 - DEBUG -    生理偏差向量: [0.0002  0.00085 0.00085 0.00085 0.00085 0.0015  0.0015  0.0015  0.0015
 0.0015  0.0015  0.0015  0.0015  0.0015  0.0015  0.0015  0.0015  0.0015
 0.0015  0.0015  0.0015 ]
2025-08-25 02:41:28,448 - DEBUG -    残差向量 f(θ): 
[[ 0.00241081]
 [ 0.01056749]
 [-0.00249547]
 [-0.00286747]
 [ 0.01048112]
 [ 0.00234604]
 [-0.00149363]
 [-0.00633505]
 [-0.00378513]
 [ 0.00374665]
 [ 0.01194568]
 [ 0.01732825]
 [ 0.02063174]
 [ 0.02321594]
 [ 0.02116649]
 [ 0.0189079 ]
 [ 0.01570287]
 [ 0.01076645]
 [ 0.00606571]
 [ 0.00274514]
 [ 0.00240763]]
2025-08-25 02:41:28,448 - DEBUG -    平均残差范数: 0.002584
2025-08-25 02:41:28,448 - DEBUG -    残差范数=0.054257
2025-08-25 02:41:28,448 - INFO - -----------------------------------------------------------------------------------
2025-08-25 02:41:28,448 - DEBUG - 🔍 深度约束计算详情 (softplus):
2025-08-25 02:41:28,448 - DEBUG -    采样点Z坐标范围: [0.599910, 0.601156]
2025-08-25 02:41:28,448 - DEBUG -    球心Z坐标: 0.603720
2025-08-25 02:41:28,448 - DEBUG -    深度偏移ε: 0.000200
2025-08-25 02:41:28,448 - DEBUG -    softplus参数τ: 0.001000
2025-08-25 02:41:28,456 - DEBUG -    原始违反值: -0.002364
2025-08-25 02:41:28,456 - DEBUG -    softplus输入 u: -2.363696
2025-08-25 02:41:28,456 - DEBUG -    约束惩罚 h(θ): 0.000090
2025-08-25 02:41:28,456 - DEBUG -    🟢 深度约束满足: 球心深度足够
2025-08-25 02:41:28,456 - INFO - -----------------------------------------------------------------------------------
2025-08-25 02:41:28,456 - DEBUG - 🔍 半径惩罚计算详情:
2025-08-25 02:41:28,456 - DEBUG -    当前半径: 0.015824
2025-08-25 02:41:28,458 - DEBUG -    半径先验值: 0.012000
2025-08-25 02:41:28,458 - DEBUG -    半径残差 r(θ): 0.003824
2025-08-25 02:41:28,458 - DEBUG -    数据残差 f(θ): [[ 0.00241081]
 [ 0.01056749]
 [-0.00249547]
 [-0.00286747]
 [ 0.01048112]
 [ 0.00234604]
 [-0.00149363]
 [-0.00633505]
 [-0.00378513]
 [ 0.00374665]
 [ 0.01194568]
 [ 0.01732825]
 [ 0.02063174]
 [ 0.02321594]
 [ 0.02116649]
 [ 0.0189079 ]
 [ 0.01570287]
 [ 0.01076645]
 [ 0.00606571]
 [ 0.00274514]
 [ 0.00240763]]
2025-08-25 02:41:28,458 - DEBUG -    约束残差 g(θ): [[8.99063772e-05]]
2025-08-25 02:41:28,458 - DEBUG -    半径残差 r(θ): [[0.00382362]]
2025-08-25 02:41:28,458 - DEBUG - 🔍 状态变化计算: 参数变化=0.000000, 残差变化=0.000000
2025-08-25 02:41:28,458 - INFO - -----------------------------------------------------------------------------------
2025-08-25 02:41:28,458 - DEBUG - 🔍 权重管理器状态更新详情:
2025-08-25 02:41:28,458 - DEBUG -    当前迭代: 9
2025-08-25 02:41:28,458 - DEBUG -    参数变化: 0.000000 (阈值: 0.000005)
2025-08-25 02:41:28,458 - DEBUG -    残差变化: 0.000000 (阈值: 0.000005)
2025-08-25 02:41:28,458 - DEBUG -    几何权重因子: 10
2025-08-25 02:41:28,458 - DEBUG - ⏸️ 保持图像置信度权重: 参数变化=0.00e+00, 残差变化=0.00e+00
2025-08-25 02:41:28,458 - DEBUG - 状态已保存: 参数=[ 0.06477055 -0.03503165  0.60371957  0.01582362], 残差范数=0.054257
2025-08-25 02:41:28,458 - DEBUG - 🔍 获取visibility信息: 形状=(21,), 范围=[1.000, 1.000]
2025-08-25 02:41:28,458 - DEBUG - 🔧 设置图像置信度权重: 21个点
2025-08-25 02:41:28,458 - DEBUG - 🔍 开始计算权重矩阵:
2025-08-25 02:41:28,458 - DEBUG -    点类型: ['pupil_center', 'iris_boundaries', 'iris_boundaries', 'iris_boundaries', 'iris_boundaries', 'eye_contours', 'eye_contours', 'eye_contours', 'eye_contours', 'eye_contours', 'eye_contours', 'eye_contours', 'eye_contours', 'eye_contours', 'eye_contours', 'eye_contours', 'eye_contours', 'eye_contours', 'eye_contours', 'eye_contours', 'eye_contours']
2025-08-25 02:41:28,458 - DEBUG -    残差向量: 形状=(21,), 范数=0.054257
2025-08-25 02:41:28,458 - DEBUG -    Visibility: 形状=(21,), 均值=1.000
2025-08-25 02:41:28,458 - DEBUG - 🔍 权重矩阵计算成功: 形状=(21, 21)
2025-08-25 02:41:28,458 - DEBUG - 🔍 几何权重统计:
2025-08-25 02:41:28,458 - DEBUG -    权重向量: [[1.]
 [1.]
 [1.]
 [1.]
 [1.]
 [1.]
 [1.]
 [1.]
 [1.]
 [1.]
 [1.]
 [1.]
 [1.]
 [1.]
 [1.]
 [1.]
 [1.]
 [1.]
 [1.]
 [1.]
 [1.]]
2025-08-25 02:41:28,458 - DEBUG -    权重范围: [1.000000, 1.000000]
2025-08-25 02:41:28,464 - DEBUG -    权重均值: 1.000000
2025-08-25 02:41:28,464 - DEBUG -    权重标准差: 0.000000
2025-08-25 02:41:28,464 - DEBUG -    高权重点(>0.8): 21/21
2025-08-25 02:41:28,465 - DEBUG -    低权重点(<0.2): 0/21
2025-08-25 02:41:28,465 - INFO - -----------------------------------------------------------------------------------
2025-08-25 02:41:28,465 - DEBUG - 🔍 开始求解LM更新方程:
2025-08-25 02:41:28,465 - DEBUG -    数据残差: 形状=(21,), 范数=0.054257
2025-08-25 02:41:28,465 - DEBUG -    约束残差: 形状=(1,), 范数=0.000090
2025-08-25 02:41:28,465 - DEBUG - 🔍 计算数据残差雅可比矩阵 J_f: 形状=(21, 4)
2025-08-25 02:41:28,465 - DEBUG - 🔍 J_f矩阵计算完成: 条件数=2.12e+01
2025-08-25 02:41:28,465 - DEBUG - 🔍 深度约束雅可比计算: u=-2.363696, σ=0.085983, J_h=[[ 0.          0.         -0.08598325  0.        ]]
2025-08-25 02:41:28,465 - DEBUG - 🔍 半径先验雅可比: J_r=[[0. 0. 0. 1.]]
2025-08-25 02:41:28,465 - DEBUG - 🔍 使用几何权重矩阵: 形状=(21, 21)
2025-08-25 02:41:28,465 - DEBUG - 🔍 Hessian矩阵计算:
2025-08-25 02:41:28,465 - DEBUG -    H_data = J_f^T W J_f: 形状=(4, 4), 条件数=4.48e+02
2025-08-25 02:41:28,465 - DEBUG -    H_h = λ_depth J_h^T J_h: 形状=(4, 4), λ_depth=1000.0
2025-08-25 02:41:28,465 - DEBUG -    H_r = λ_radius J_r^T J_r: 形状=(4, 4), λ_radius=1.0
2025-08-25 02:41:28,465 - DEBUG -    H_total: 形状=(4, 4), 条件数=6.86e+01
2025-08-25 02:41:28,465 - DEBUG - 🔍 梯度计算:
2025-08-25 02:41:28,465 - DEBUG -    g_data: 形状=(4,), 范数=0.227468
2025-08-25 02:41:28,465 - DEBUG -    g_h: 形状=(4,), 范数=0.007730
2025-08-25 02:41:28,465 - DEBUG -    g_r: 形状=(4,), 范数=0.003824
2025-08-25 02:41:28,465 - DEBUG -    g_total: 形状=(4,), 范数=0.225344
2025-08-25 02:41:28,465 - DEBUG - 🔍 LM阻尼矩阵: H_lm = H_total + 100.0 * I
2025-08-25 02:41:28,465 - DEBUG -    H_lm条件数: 1.37e+00
2025-08-25 02:41:28,465 - DEBUG - 🔍 线性方程组求解成功:
2025-08-25 02:41:28,465 - DEBUG -    参数更新向量 Δθ: [[-0.00114302]
 [-0.00037595]
 [ 0.00013576]
 [ 0.00114204]]
2025-08-25 02:41:28,465 - DEBUG -    更新向量范数: 0.001664
2025-08-25 02:41:28,465 - DEBUG -    各分量更新: Δc_x=-0.001143, Δc_y=-0.000376, Δc_z=0.000136, Δr=0.001142
2025-08-25 02:41:28,465 - DEBUG -    参数更新:
2025-08-25 02:41:28,473 - DEBUG -      旧参数: [[ 0.06477055]
 [-0.03503165]
 [ 0.60371957]
 [ 0.01582362]]
2025-08-25 02:41:28,473 - DEBUG -      更新向量: [[-0.00114302]
 [-0.00037595]
 [ 0.00013576]
 [ 0.00114204]]
2025-08-25 02:41:28,473 - DEBUG -      新参数: [[ 0.06362754]
 [-0.03540759]
 [ 0.60385533]
 [ 0.01696567]]
2025-08-25 02:41:28,475 - INFO - -----------------------------------------------------------------------------------
2025-08-25 02:41:28,475 - INFO - 🔍 迭代第9次，球心向右1.143018mm，向上0.375948mm，向后0.135756mm，半径变大1.142042mm
2025-08-25 02:41:28,475 - INFO - 📊 变化前: 中心(0.065, -0.035, 0.604), 半径15.82mm
2025-08-25 02:41:28,475 - INFO - 📊 变化后: 中心(0.064, -0.035, 0.604), 半径16.97mm
2025-08-25 02:41:28,475 - INFO - 📈 变化量: 中心移动1.20mm, 半径变化1.14mm
2025-08-25 02:41:28,475 - INFO - 📍 眼球中心: [ 0.06477055 -0.03503165  0.60371957]
2025-08-25 02:41:28,475 - INFO - 📏 眼球半径: 15.82mm
2025-08-25 02:41:28,475 - INFO - 👁️ 瞳孔中心: [ 0.08       -0.02533333  0.60000002]
2025-08-25 02:41:28,475 - INFO - 📐 眼球中心在瞳孔中心的左15.23mm，上9.70mm，后3.72mm
2025-08-25 02:41:28,475 - INFO - 📏 距离: 18.43mm
2025-08-25 02:41:28,475 - INFO - -----------------------------------------------------------------------------------
2025-08-25 02:41:28,475 - INFO - -----------------------------------------------------------------------------------
2025-08-25 02:41:28,475 - DEBUG - 🔍 参数有效性检查:
2025-08-25 02:41:28,475 - DEBUG -    参数向量: [[ 0.06362754]
 [-0.03540759]
 [ 0.60385533]
 [ 0.01696567]]
2025-08-25 02:41:28,475 - DEBUG -    球心: [ 0.06362754 -0.03540759  0.60385533]
2025-08-25 02:41:28,475 - DEBUG -    半径: 0.016966
2025-08-25 02:41:28,475 - DEBUG - 🔍 函数值计算详情:
2025-08-25 02:41:28,475 - DEBUG -    数据项 F(θ): 0.001472
2025-08-25 02:41:28,475 - DEBUG -    深度约束项: 0.000004
2025-08-25 02:41:28,475 - DEBUG -    半径先验项: 0.000007
2025-08-25 02:41:28,475 - DEBUG -    总函数值 Φ(θ): 0.001483
2025-08-25 02:41:28,475 - DEBUG -    函数值改善: 0.000000
2025-08-25 02:41:28,475 - DEBUG - 🔍 参数有效: True
2025-08-25 02:41:28,475 - DEBUG -    参数更新成功:
2025-08-25 02:41:28,481 - DEBUG -      新球心: [ 0.06362754 -0.03540759  0.60385533]
2025-08-25 02:41:28,481 - DEBUG -      新半径: 0.016966
2025-08-25 02:41:28,481 - INFO - -----------------------------------------------------------------------------------
2025-08-25 02:41:28,481 - DEBUG - 🔍 LM收敛性检查:
2025-08-25 02:41:28,481 - DEBUG -    当前迭代次数: 9
2025-08-25 02:41:28,481 - DEBUG -    最大迭代次数: 30
2025-08-25 02:41:28,481 - DEBUG -    参数变化: 0.001664
2025-08-25 02:41:28,481 - DEBUG -    参数容忍度: 5e-06
2025-08-25 02:41:28,481 - DEBUG -    残差变化: 0.000000
2025-08-25 02:41:28,481 - DEBUG -    残差容忍度: 5e-06
2025-08-25 02:41:28,481 - DEBUG - 🔍 迭代 11/30:
2025-08-25 02:41:28,481 - DEBUG - 🔍 计算点到球心距离: 形状=(21,)
2025-08-25 02:41:28,481 - DEBUG - 🔍 生理偏差向量计算:
2025-08-25 02:41:28,481 - DEBUG -    点类型列表: ['pupil_center', 'iris_boundaries', 'iris_boundaries', 'iris_boundaries', 'iris_boundaries', 'eye_contours', 'eye_contours', 'eye_contours', 'eye_contours', 'eye_contours', 'eye_contours', 'eye_contours', 'eye_contours', 'eye_contours', 'eye_contours', 'eye_contours', 'eye_contours', 'eye_contours', 'eye_contours', 'eye_contours', 'eye_contours']
2025-08-25 02:41:28,481 - DEBUG -    偏差向量: [0.0002  0.00085 0.00085 0.00085 0.00085 0.0015  0.0015  0.0015  0.0015
 0.0015  0.0015  0.0015  0.0015  0.0015  0.0015  0.0015  0.0015  0.0015
 0.0015  0.0015  0.0015 ]
2025-08-25 02:41:28,481 - DEBUG -    向量形状: (21,)
2025-08-25 02:41:28,481 - DEBUG -    偏差统计: 均值=0.001314, 标准差=0.000356
2025-08-25 02:41:28,481 - DEBUG - 获取生理偏差: 点类型=['pupil_center', 'iris_boundaries', 'iris_boundaries', 'iris_boundaries', 'iris_boundaries', 'eye_contours', 'eye_contours', 'eye_contours', 'eye_contours', 'eye_contours', 'eye_contours', 'eye_contours', 'eye_contours', 'eye_contours', 'eye_contours', 'eye_contours', 'eye_contours', 'eye_contours', 'eye_contours', 'eye_contours', 'eye_contours'], 偏差值=[0.0002  0.00085 0.00085 0.00085 0.00085 0.0015  0.0015  0.0015  0.0015
 0.0015  0.0015  0.0015  0.0015  0.0015  0.0015  0.0015  0.0015  0.0015
 0.0015  0.0015  0.0015 ]
2025-08-25 02:41:28,481 - INFO - -----------------------------------------------------------------------------------
2025-08-25 02:41:28,481 - DEBUG - 🔍 拟合残差计算详情:
2025-08-25 02:41:28,481 - DEBUG -    球心坐标: [ 0.06362754 -0.03540759  0.60385533]
2025-08-25 02:41:28,481 - DEBUG -    球体半径: 0.016966
2025-08-25 02:41:28,481 - DEBUG -    采样点数: 21
2025-08-25 02:41:28,481 - DEBUG -    点类型分布: {'eye_contours': 16, 'iris_boundaries': 4, 'pupil_center': 1}
2025-08-25 02:41:28,481 - DEBUG -    理论距离向量: [0.01716567 0.01781567 0.01781567 0.01781567 0.01781567 0.01846567
 0.01846567 0.01846567 0.01846567 0.01846567 0.01846567 0.01846567
 0.01846567 0.01846567 0.01846567 0.01846567 0.01846567 0.01846567
 0.01846567 0.01846567 0.01846567]
2025-08-25 02:41:28,481 - DEBUG -    实际距离向量: [0.01960642 0.02845108 0.01534849 0.01467733 0.02819586 0.01985014
 0.01613482 0.01177333 0.01472409 0.02227142 0.03046761 0.03585394
 0.03915972 0.04174482 0.03970019 0.03743512 0.03420489 0.02918835
 0.0243259  0.02070797 0.02008041]
2025-08-25 02:41:28,481 - DEBUG -    生理偏差向量: [0.0002  0.00085 0.00085 0.00085 0.00085 0.0015  0.0015  0.0015  0.0015
 0.0015  0.0015  0.0015  0.0015  0.0015  0.0015  0.0015  0.0015  0.0015
 0.0015  0.0015  0.0015 ]
2025-08-25 02:41:28,481 - DEBUG -    残差向量 f(θ): 
[[ 0.00244075]
 [ 0.01063541]
 [-0.00246718]
 [-0.00313833]
 [ 0.01038019]
 [ 0.00138448]
 [-0.00233085]
 [-0.00669234]
 [-0.00374158]
 [ 0.00380576]
 [ 0.01200195]
 [ 0.01738828]
 [ 0.02069405]
 [ 0.02327915]
 [ 0.02123452]
 [ 0.01896946]
 [ 0.01573922]
 [ 0.01072268]
 [ 0.00586024]
 [ 0.0022423 ]
 [ 0.00161474]]
2025-08-25 02:41:28,488 - DEBUG -    平均残差范数: 0.002589
2025-08-25 02:41:28,488 - DEBUG -    残差范数=0.054363
2025-08-25 02:41:28,489 - INFO - -----------------------------------------------------------------------------------
2025-08-25 02:41:28,489 - DEBUG - 🔍 深度约束计算详情 (softplus):
2025-08-25 02:41:28,489 - DEBUG -    采样点Z坐标范围: [0.599910, 0.601156]
2025-08-25 02:41:28,489 - DEBUG -    球心Z坐标: 0.603855
2025-08-25 02:41:28,489 - DEBUG -    深度偏移ε: 0.000200
2025-08-25 02:41:28,489 - DEBUG -    softplus参数τ: 0.001000
2025-08-25 02:41:28,489 - DEBUG -    原始违反值: -0.002499
2025-08-25 02:41:28,489 - DEBUG -    softplus输入 u: -2.499453
2025-08-25 02:41:28,489 - DEBUG -    约束惩罚 h(θ): 0.000079
2025-08-25 02:41:28,489 - DEBUG -    🟢 深度约束满足: 球心深度足够
2025-08-25 02:41:28,489 - INFO - -----------------------------------------------------------------------------------
2025-08-25 02:41:28,489 - DEBUG - 🔍 半径惩罚计算详情:
2025-08-25 02:41:28,489 - DEBUG -    当前半径: 0.016966
2025-08-25 02:41:28,489 - DEBUG -    半径先验值: 0.012000
2025-08-25 02:41:28,492 - DEBUG -    半径残差 r(θ): 0.004966
2025-08-25 02:41:28,492 - DEBUG -    数据残差 f(θ): [[ 0.00244075]
 [ 0.01063541]
 [-0.00246718]
 [-0.00313833]
 [ 0.01038019]
 [ 0.00138448]
 [-0.00233085]
 [-0.00669234]
 [-0.00374158]
 [ 0.00380576]
 [ 0.01200195]
 [ 0.01738828]
 [ 0.02069405]
 [ 0.02327915]
 [ 0.02123452]
 [ 0.01896946]
 [ 0.01573922]
 [ 0.01072268]
 [ 0.00586024]
 [ 0.0022423 ]
 [ 0.00161474]]
2025-08-25 02:41:28,492 - DEBUG -    约束残差 g(θ): [[7.89312705e-05]]
2025-08-25 02:41:28,492 - DEBUG -    半径残差 r(θ): [[0.00496567]]
2025-08-25 02:41:28,492 - DEBUG - 🔍 状态变化计算: 参数变化=0.001664, 残差变化=0.000107
2025-08-25 02:41:28,492 - INFO - -----------------------------------------------------------------------------------
2025-08-25 02:41:28,492 - DEBUG - 🔍 权重管理器状态更新详情:
2025-08-25 02:41:28,492 - DEBUG -    当前迭代: 10
2025-08-25 02:41:28,492 - DEBUG -    参数变化: 0.001664 (阈值: 0.000005)
2025-08-25 02:41:28,492 - DEBUG -    残差变化: 0.000107 (阈值: 0.000005)
2025-08-25 02:41:28,492 - DEBUG -    几何权重因子: 10
2025-08-25 02:41:28,492 - DEBUG - ⏸️ 保持图像置信度权重: 参数变化=1.66e-03, 残差变化=1.07e-04
2025-08-25 02:41:28,492 - DEBUG - 状态已保存: 参数=[ 0.06362754 -0.03540759  0.60385533  0.01696567], 残差范数=0.054363
2025-08-25 02:41:28,492 - DEBUG - 🔍 获取visibility信息: 形状=(21,), 范围=[1.000, 1.000]
2025-08-25 02:41:28,492 - DEBUG - 🔧 设置图像置信度权重: 21个点
2025-08-25 02:41:28,492 - DEBUG - 🔍 开始计算权重矩阵:
2025-08-25 02:41:28,492 - DEBUG -    点类型: ['pupil_center', 'iris_boundaries', 'iris_boundaries', 'iris_boundaries', 'iris_boundaries', 'eye_contours', 'eye_contours', 'eye_contours', 'eye_contours', 'eye_contours', 'eye_contours', 'eye_contours', 'eye_contours', 'eye_contours', 'eye_contours', 'eye_contours', 'eye_contours', 'eye_contours', 'eye_contours', 'eye_contours', 'eye_contours']
2025-08-25 02:41:28,492 - DEBUG -    残差向量: 形状=(21,), 范数=0.054363
2025-08-25 02:41:28,492 - DEBUG -    Visibility: 形状=(21,), 均值=1.000
2025-08-25 02:41:28,492 - DEBUG - 🔍 权重矩阵计算成功: 形状=(21, 21)
2025-08-25 02:41:28,492 - DEBUG - 🔍 几何权重统计:
2025-08-25 02:41:28,497 - DEBUG -    权重向量: [[1.]
 [1.]
 [1.]
 [1.]
 [1.]
 [1.]
 [1.]
 [1.]
 [1.]
 [1.]
 [1.]
 [1.]
 [1.]
 [1.]
 [1.]
 [1.]
 [1.]
 [1.]
 [1.]
 [1.]
 [1.]]
2025-08-25 02:41:28,497 - DEBUG -    权重范围: [1.000000, 1.000000]
2025-08-25 02:41:28,497 - DEBUG -    权重均值: 1.000000
2025-08-25 02:41:28,497 - DEBUG -    权重标准差: 0.000000
2025-08-25 02:41:28,497 - DEBUG -    高权重点(>0.8): 21/21
2025-08-25 02:41:28,497 - DEBUG -    低权重点(<0.2): 0/21
2025-08-25 02:41:28,497 - INFO - -----------------------------------------------------------------------------------
2025-08-25 02:41:28,497 - DEBUG - 🔍 开始求解LM更新方程:
2025-08-25 02:41:28,497 - DEBUG -    数据残差: 形状=(21,), 范数=0.054363
2025-08-25 02:41:28,497 - DEBUG -    约束残差: 形状=(1,), 范数=0.000079
2025-08-25 02:41:28,497 - DEBUG - 🔍 计算数据残差雅可比矩阵 J_f: 形状=(21, 4)
2025-08-25 02:41:28,497 - DEBUG - 🔍 J_f矩阵计算完成: 条件数=2.27e+01
2025-08-25 02:41:28,497 - DEBUG - 🔍 深度约束雅可比计算: u=-2.499453, σ=0.075897, J_h=[[ 0.          0.         -0.07589656  0.        ]]
2025-08-25 02:41:28,497 - DEBUG - 🔍 半径先验雅可比: J_r=[[0. 0. 0. 1.]]
2025-08-25 02:41:28,497 - DEBUG - 🔍 使用几何权重矩阵: 形状=(21, 21)
2025-08-25 02:41:28,497 - DEBUG - 🔍 Hessian矩阵计算:
2025-08-25 02:41:28,497 - DEBUG -    H_data = J_f^T W J_f: 形状=(4, 4), 条件数=5.15e+02
2025-08-25 02:41:28,497 - DEBUG -    H_h = λ_depth J_h^T J_h: 形状=(4, 4), λ_depth=1000.0
2025-08-25 02:41:28,497 - DEBUG -    H_r = λ_radius J_r^T J_r: 形状=(4, 4), λ_radius=1.0
2025-08-25 02:41:28,497 - DEBUG -    H_total: 形状=(4, 4), 条件数=7.14e+01
2025-08-25 02:41:28,497 - DEBUG - 🔍 梯度计算:
2025-08-25 02:41:28,497 - DEBUG -    g_data: 形状=(4,), 范数=0.224242
2025-08-25 02:41:28,497 - DEBUG -    g_h: 形状=(4,), 范数=0.005991
2025-08-25 02:41:28,497 - DEBUG -    g_r: 形状=(4,), 范数=0.004966
2025-08-25 02:41:28,497 - DEBUG -    g_total: 形状=(4,), 范数=0.221169
2025-08-25 02:41:28,497 - DEBUG - 🔍 LM阻尼矩阵: H_lm = H_total + 100.0 * I
2025-08-25 02:41:28,497 - DEBUG -    H_lm条件数: 1.37e+00
2025-08-25 02:41:28,497 - DEBUG - 🔍 线性方程组求解成功:
2025-08-25 02:41:28,503 - DEBUG -    参数更新向量 Δθ: [[-0.00114523]
 [-0.00034324]
 [ 0.00011833]
 [ 0.00110395]]
2025-08-25 02:41:28,503 - DEBUG -    更新向量范数: 0.001632
2025-08-25 02:41:28,503 - DEBUG -    各分量更新: Δc_x=-0.001145, Δc_y=-0.000343, Δc_z=0.000118, Δr=0.001104
2025-08-25 02:41:28,504 - DEBUG -    参数更新:
2025-08-25 02:41:28,505 - DEBUG -      旧参数: [[ 0.06362754]
 [-0.03540759]
 [ 0.60385533]
 [ 0.01696567]]
2025-08-25 02:41:28,505 - DEBUG -      更新向量: [[-0.00114523]
 [-0.00034324]
 [ 0.00011833]
 [ 0.00110395]]
2025-08-25 02:41:28,505 - DEBUG -      新参数: [[ 0.06248231]
 [-0.03575084]
 [ 0.60397366]
 [ 0.01806961]]
2025-08-25 02:41:28,505 - INFO - -----------------------------------------------------------------------------------
2025-08-25 02:41:28,507 - INFO - 🔍 迭代第10次，球心向右1.145229mm，向上0.343244mm，向后0.118333mm，半径变大1.103948mm
2025-08-25 02:41:28,507 - INFO - 📊 变化前: 中心(0.064, -0.035, 0.604), 半径16.97mm
2025-08-25 02:41:28,507 - INFO - 📊 变化后: 中心(0.062, -0.036, 0.604), 半径18.07mm
2025-08-25 02:41:28,507 - INFO - 📈 变化量: 中心移动1.20mm, 半径变化1.10mm
2025-08-25 02:41:28,507 - INFO - 📍 眼球中心: [ 0.06362754 -0.03540759  0.60385533]
2025-08-25 02:41:28,507 - INFO - 📏 眼球半径: 16.97mm
2025-08-25 02:41:28,507 - INFO - 👁️ 瞳孔中心: [ 0.08       -0.02533333  0.60000002]
2025-08-25 02:41:28,507 - INFO - 📐 眼球中心在瞳孔中心的左16.37mm，上10.07mm，后3.86mm
2025-08-25 02:41:28,507 - INFO - 📏 距离: 19.61mm
2025-08-25 02:41:28,507 - INFO - -----------------------------------------------------------------------------------
2025-08-25 02:41:28,507 - INFO - -----------------------------------------------------------------------------------
2025-08-25 02:41:28,507 - DEBUG - 🔍 参数有效性检查:
2025-08-25 02:41:28,507 - DEBUG -    参数向量: [[ 0.06248231]
 [-0.03575084]
 [ 0.60397366]
 [ 0.01806961]]
2025-08-25 02:41:28,507 - DEBUG -    球心: [ 0.06248231 -0.03575084  0.60397366]
2025-08-25 02:41:28,507 - DEBUG -    半径: 0.018070
2025-08-25 02:41:28,507 - DEBUG - 🔍 函数值计算详情:
2025-08-25 02:41:28,507 - DEBUG -    数据项 F(θ): 0.001478
2025-08-25 02:41:28,507 - DEBUG -    深度约束项: 0.000003
2025-08-25 02:41:28,507 - DEBUG -    半径先验项: 0.000012
2025-08-25 02:41:28,507 - DEBUG -    总函数值 Φ(θ): 0.001493
2025-08-25 02:41:28,507 - DEBUG -    函数值改善: -0.000010
2025-08-25 02:41:28,507 - DEBUG - 🔍 参数有效: False
2025-08-25 02:41:28,514 - DEBUG -    参数无效，阻尼因子调整: λ_LM = 1.00e+03
2025-08-25 02:41:28,514 - DEBUG - 🔍 迭代 12/30:
2025-08-25 02:41:28,514 - DEBUG - 🔍 计算点到球心距离: 形状=(21,)
2025-08-25 02:41:28,514 - DEBUG - 🔍 生理偏差向量计算:
2025-08-25 02:41:28,514 - DEBUG -    点类型列表: ['pupil_center', 'iris_boundaries', 'iris_boundaries', 'iris_boundaries', 'iris_boundaries', 'eye_contours', 'eye_contours', 'eye_contours', 'eye_contours', 'eye_contours', 'eye_contours', 'eye_contours', 'eye_contours', 'eye_contours', 'eye_contours', 'eye_contours', 'eye_contours', 'eye_contours', 'eye_contours', 'eye_contours', 'eye_contours']
2025-08-25 02:41:28,514 - DEBUG -    偏差向量: [0.0002  0.00085 0.00085 0.00085 0.00085 0.0015  0.0015  0.0015  0.0015
 0.0015  0.0015  0.0015  0.0015  0.0015  0.0015  0.0015  0.0015  0.0015
 0.0015  0.0015  0.0015 ]
2025-08-25 02:41:28,514 - DEBUG -    向量形状: (21,)
2025-08-25 02:41:28,514 - DEBUG -    偏差统计: 均值=0.001314, 标准差=0.000356
2025-08-25 02:41:28,514 - DEBUG - 获取生理偏差: 点类型=['pupil_center', 'iris_boundaries', 'iris_boundaries', 'iris_boundaries', 'iris_boundaries', 'eye_contours', 'eye_contours', 'eye_contours', 'eye_contours', 'eye_contours', 'eye_contours', 'eye_contours', 'eye_contours', 'eye_contours', 'eye_contours', 'eye_contours', 'eye_contours', 'eye_contours', 'eye_contours', 'eye_contours', 'eye_contours'], 偏差值=[0.0002  0.00085 0.00085 0.00085 0.00085 0.0015  0.0015  0.0015  0.0015
 0.0015  0.0015  0.0015  0.0015  0.0015  0.0015  0.0015  0.0015  0.0015
 0.0015  0.0015  0.0015 ]
2025-08-25 02:41:28,514 - INFO - -----------------------------------------------------------------------------------
2025-08-25 02:41:28,514 - DEBUG - 🔍 拟合残差计算详情:
2025-08-25 02:41:28,514 - DEBUG -    球心坐标: [ 0.06362754 -0.03540759  0.60385533]
2025-08-25 02:41:28,514 - DEBUG -    球体半径: 0.016966
2025-08-25 02:41:28,514 - DEBUG -    采样点数: 21
2025-08-25 02:41:28,514 - DEBUG -    点类型分布: {'eye_contours': 16, 'iris_boundaries': 4, 'pupil_center': 1}
2025-08-25 02:41:28,514 - DEBUG -    理论距离向量: [0.01716567 0.01781567 0.01781567 0.01781567 0.01781567 0.01846567
 0.01846567 0.01846567 0.01846567 0.01846567 0.01846567 0.01846567
 0.01846567 0.01846567 0.01846567 0.01846567 0.01846567 0.01846567
 0.01846567 0.01846567 0.01846567]
2025-08-25 02:41:28,514 - DEBUG -    实际距离向量: [0.01960642 0.02845108 0.01534849 0.01467733 0.02819586 0.01985014
 0.01613482 0.01177333 0.01472409 0.02227142 0.03046761 0.03585394
 0.03915972 0.04174482 0.03970019 0.03743512 0.03420489 0.02918835
 0.0243259  0.02070797 0.02008041]
2025-08-25 02:41:28,514 - DEBUG -    生理偏差向量: [0.0002  0.00085 0.00085 0.00085 0.00085 0.0015  0.0015  0.0015  0.0015
 0.0015  0.0015  0.0015  0.0015  0.0015  0.0015  0.0015  0.0015  0.0015
 0.0015  0.0015  0.0015 ]
2025-08-25 02:41:28,514 - DEBUG -    残差向量 f(θ): 
[[ 0.00244075]
 [ 0.01063541]
 [-0.00246718]
 [-0.00313833]
 [ 0.01038019]
 [ 0.00138448]
 [-0.00233085]
 [-0.00669234]
 [-0.00374158]
 [ 0.00380576]
 [ 0.01200195]
 [ 0.01738828]
 [ 0.02069405]
 [ 0.02327915]
 [ 0.02123452]
 [ 0.01896946]
 [ 0.01573922]
 [ 0.01072268]
 [ 0.00586024]
 [ 0.0022423 ]
 [ 0.00161474]]
2025-08-25 02:41:28,514 - DEBUG -    平均残差范数: 0.002589
2025-08-25 02:41:28,514 - DEBUG -    残差范数=0.054363
2025-08-25 02:41:28,514 - INFO - -----------------------------------------------------------------------------------
2025-08-25 02:41:28,514 - DEBUG - 🔍 深度约束计算详情 (softplus):
2025-08-25 02:41:28,514 - DEBUG -    采样点Z坐标范围: [0.599910, 0.601156]
2025-08-25 02:41:28,514 - DEBUG -    球心Z坐标: 0.603855
2025-08-25 02:41:28,514 - DEBUG -    深度偏移ε: 0.000200
2025-08-25 02:41:28,514 - DEBUG -    softplus参数τ: 0.001000
2025-08-25 02:41:28,514 - DEBUG -    原始违反值: -0.002499
2025-08-25 02:41:28,514 - DEBUG -    softplus输入 u: -2.499453
2025-08-25 02:41:28,514 - DEBUG -    约束惩罚 h(θ): 0.000079
2025-08-25 02:41:28,514 - DEBUG -    🟢 深度约束满足: 球心深度足够
2025-08-25 02:41:28,522 - INFO - -----------------------------------------------------------------------------------
2025-08-25 02:41:28,522 - DEBUG - 🔍 半径惩罚计算详情:
2025-08-25 02:41:28,522 - DEBUG -    当前半径: 0.016966
2025-08-25 02:41:28,522 - DEBUG -    半径先验值: 0.012000
2025-08-25 02:41:28,522 - DEBUG -    半径残差 r(θ): 0.004966
2025-08-25 02:41:28,522 - DEBUG -    数据残差 f(θ): [[ 0.00244075]
 [ 0.01063541]
 [-0.00246718]
 [-0.00313833]
 [ 0.01038019]
 [ 0.00138448]
 [-0.00233085]
 [-0.00669234]
 [-0.00374158]
 [ 0.00380576]
 [ 0.01200195]
 [ 0.01738828]
 [ 0.02069405]
 [ 0.02327915]
 [ 0.02123452]
 [ 0.01896946]
 [ 0.01573922]
 [ 0.01072268]
 [ 0.00586024]
 [ 0.0022423 ]
 [ 0.00161474]]
2025-08-25 02:41:28,522 - DEBUG -    约束残差 g(θ): [[7.89312705e-05]]
2025-08-25 02:41:28,522 - DEBUG -    半径残差 r(θ): [[0.00496567]]
2025-08-25 02:41:28,522 - DEBUG - 🔍 状态变化计算: 参数变化=0.000000, 残差变化=0.000000
2025-08-25 02:41:28,522 - INFO - -----------------------------------------------------------------------------------
2025-08-25 02:41:28,522 - DEBUG - 🔍 权重管理器状态更新详情:
2025-08-25 02:41:28,525 - DEBUG -    当前迭代: 11
2025-08-25 02:41:28,525 - DEBUG -    参数变化: 0.000000 (阈值: 0.000005)
2025-08-25 02:41:28,525 - DEBUG -    残差变化: 0.000000 (阈值: 0.000005)
2025-08-25 02:41:28,525 - DEBUG -    几何权重因子: 10
2025-08-25 02:41:28,525 - DEBUG - ⏸️ 保持图像置信度权重: 参数变化=0.00e+00, 残差变化=0.00e+00
2025-08-25 02:41:28,525 - DEBUG - 状态已保存: 参数=[ 0.06362754 -0.03540759  0.60385533  0.01696567], 残差范数=0.054363
2025-08-25 02:41:28,525 - DEBUG - 🔍 获取visibility信息: 形状=(21,), 范围=[1.000, 1.000]
2025-08-25 02:41:28,525 - DEBUG - 🔧 设置图像置信度权重: 21个点
2025-08-25 02:41:28,525 - DEBUG - 🔍 开始计算权重矩阵:
2025-08-25 02:41:28,525 - DEBUG -    点类型: ['pupil_center', 'iris_boundaries', 'iris_boundaries', 'iris_boundaries', 'iris_boundaries', 'eye_contours', 'eye_contours', 'eye_contours', 'eye_contours', 'eye_contours', 'eye_contours', 'eye_contours', 'eye_contours', 'eye_contours', 'eye_contours', 'eye_contours', 'eye_contours', 'eye_contours', 'eye_contours', 'eye_contours', 'eye_contours']
2025-08-25 02:41:28,525 - DEBUG -    残差向量: 形状=(21,), 范数=0.054363
2025-08-25 02:41:28,525 - DEBUG -    Visibility: 形状=(21,), 均值=1.000
2025-08-25 02:41:28,525 - DEBUG - 🔍 权重矩阵计算成功: 形状=(21, 21)
2025-08-25 02:41:28,525 - DEBUG - 🔍 几何权重统计:
2025-08-25 02:41:28,525 - DEBUG -    权重向量: [[1.]
 [1.]
 [1.]
 [1.]
 [1.]
 [1.]
 [1.]
 [1.]
 [1.]
 [1.]
 [1.]
 [1.]
 [1.]
 [1.]
 [1.]
 [1.]
 [1.]
 [1.]
 [1.]
 [1.]
 [1.]]
2025-08-25 02:41:28,525 - DEBUG -    权重范围: [1.000000, 1.000000]
2025-08-25 02:41:28,525 - DEBUG -    权重均值: 1.000000
2025-08-25 02:41:28,525 - DEBUG -    权重标准差: 0.000000
2025-08-25 02:41:28,525 - DEBUG -    高权重点(>0.8): 21/21
2025-08-25 02:41:28,525 - DEBUG -    低权重点(<0.2): 0/21
2025-08-25 02:41:28,530 - INFO - -----------------------------------------------------------------------------------
2025-08-25 02:41:28,530 - DEBUG - 🔍 开始求解LM更新方程:
2025-08-25 02:41:28,530 - DEBUG -    数据残差: 形状=(21,), 范数=0.054363
2025-08-25 02:41:28,530 - DEBUG -    约束残差: 形状=(1,), 范数=0.000079
2025-08-25 02:41:28,530 - DEBUG - 🔍 计算数据残差雅可比矩阵 J_f: 形状=(21, 4)
2025-08-25 02:41:28,531 - DEBUG - 🔍 J_f矩阵计算完成: 条件数=2.27e+01
2025-08-25 02:41:28,531 - DEBUG - 🔍 深度约束雅可比计算: u=-2.499453, σ=0.075897, J_h=[[ 0.          0.         -0.07589656  0.        ]]
2025-08-25 02:41:28,531 - DEBUG - 🔍 半径先验雅可比: J_r=[[0. 0. 0. 1.]]
2025-08-25 02:41:28,531 - DEBUG - 🔍 使用几何权重矩阵: 形状=(21, 21)
2025-08-25 02:41:28,531 - DEBUG - 🔍 Hessian矩阵计算:
2025-08-25 02:41:28,531 - DEBUG -    H_data = J_f^T W J_f: 形状=(4, 4), 条件数=5.15e+02
2025-08-25 02:41:28,531 - DEBUG -    H_h = λ_depth J_h^T J_h: 形状=(4, 4), λ_depth=1000.0
2025-08-25 02:41:28,531 - DEBUG -    H_r = λ_radius J_r^T J_r: 形状=(4, 4), λ_radius=1.0
2025-08-25 02:41:28,531 - DEBUG -    H_total: 形状=(4, 4), 条件数=7.14e+01
2025-08-25 02:41:28,531 - DEBUG - 🔍 梯度计算:
2025-08-25 02:41:28,531 - DEBUG -    g_data: 形状=(4,), 范数=0.224242
2025-08-25 02:41:28,531 - DEBUG -    g_h: 形状=(4,), 范数=0.005991
2025-08-25 02:41:28,531 - DEBUG -    g_r: 形状=(4,), 范数=0.004966
2025-08-25 02:41:28,531 - DEBUG -    g_total: 形状=(4,), 范数=0.221169
2025-08-25 02:41:28,531 - DEBUG - 🔍 LM阻尼矩阵: H_lm = H_total + 1000.0 * I
2025-08-25 02:41:28,531 - DEBUG -    H_lm条件数: 1.04e+00
2025-08-25 02:41:28,531 - DEBUG - 🔍 线性方程组求解成功:
2025-08-25 02:41:28,531 - DEBUG -    参数更新向量 Δθ: [[-1.41877999e-04]
 [-5.33985417e-05]
 [ 1.83131264e-05]
 [ 1.49115366e-04]]
2025-08-25 02:41:28,531 - DEBUG -    更新向量范数: 0.000213
2025-08-25 02:41:28,531 - DEBUG -    各分量更新: Δc_x=-0.000142, Δc_y=-0.000053, Δc_z=0.000018, Δr=0.000149
2025-08-25 02:41:28,531 - DEBUG -    参数更新:
2025-08-25 02:41:28,531 - DEBUG -      旧参数: [[ 0.06362754]
 [-0.03540759]
 [ 0.60385533]
 [ 0.01696567]]
2025-08-25 02:41:28,531 - DEBUG -      更新向量: [[-1.41877999e-04]
 [-5.33985417e-05]
 [ 1.83131264e-05]
 [ 1.49115366e-04]]
2025-08-25 02:41:28,531 - DEBUG -      新参数: [[ 0.06348566]
 [-0.03546099]
 [ 0.60387364]
 [ 0.01711478]]
2025-08-25 02:41:28,537 - INFO - -----------------------------------------------------------------------------------
2025-08-25 02:41:28,537 - INFO - 🔍 迭代第11次，球心向右0.141878mm，向上0.053399mm，向后0.018313mm，半径变大0.149115mm
2025-08-25 02:41:28,537 - INFO - 📊 变化前: 中心(0.064, -0.035, 0.604), 半径16.97mm
2025-08-25 02:41:28,537 - INFO - 📊 变化后: 中心(0.063, -0.035, 0.604), 半径17.11mm
2025-08-25 02:41:28,538 - INFO - 📈 变化量: 中心移动0.15mm, 半径变化0.15mm
2025-08-25 02:41:28,538 - INFO - 📍 眼球中心: [ 0.06362754 -0.03540759  0.60385533]
2025-08-25 02:41:28,538 - INFO - 📏 眼球半径: 16.97mm
2025-08-25 02:41:28,538 - INFO - 👁️ 瞳孔中心: [ 0.08       -0.02533333  0.60000002]
2025-08-25 02:41:28,538 - INFO - 📐 眼球中心在瞳孔中心的左16.37mm，上10.07mm，后3.86mm
2025-08-25 02:41:28,538 - INFO - 📏 距离: 19.61mm
2025-08-25 02:41:28,538 - INFO - -----------------------------------------------------------------------------------
2025-08-25 02:41:28,538 - INFO - -----------------------------------------------------------------------------------
2025-08-25 02:41:28,538 - DEBUG - 🔍 参数有效性检查:
2025-08-25 02:41:28,538 - DEBUG -    参数向量: [[ 0.06348566]
 [-0.03546099]
 [ 0.60387364]
 [ 0.01711478]]
2025-08-25 02:41:28,538 - DEBUG -    球心: [ 0.06348566 -0.03546099  0.60387364]
2025-08-25 02:41:28,542 - DEBUG -    半径: 0.017115
2025-08-25 02:41:28,542 - DEBUG - 🔍 函数值计算详情:
2025-08-25 02:41:28,542 - DEBUG -    数据项 F(θ): 0.001478
2025-08-25 02:41:28,542 - DEBUG -    深度约束项: 0.000003
2025-08-25 02:41:28,542 - DEBUG -    半径先验项: 0.000012
2025-08-25 02:41:28,542 - DEBUG -    总函数值 Φ(θ): 0.001493
2025-08-25 02:41:28,542 - DEBUG -    函数值改善: 0.000000
2025-08-25 02:41:28,542 - DEBUG - 🔍 参数有效: True
2025-08-25 02:41:28,542 - DEBUG -    参数更新成功:
2025-08-25 02:41:28,542 - DEBUG -      新球心: [ 0.06348566 -0.03546099  0.60387364]
2025-08-25 02:41:28,542 - DEBUG -      新半径: 0.017115
2025-08-25 02:41:28,542 - INFO - -----------------------------------------------------------------------------------
2025-08-25 02:41:28,542 - DEBUG - 🔍 LM收敛性检查:
2025-08-25 02:41:28,542 - DEBUG -    当前迭代次数: 11
2025-08-25 02:41:28,542 - DEBUG -    最大迭代次数: 30
2025-08-25 02:41:28,542 - DEBUG -    参数变化: 0.000213
2025-08-25 02:41:28,542 - DEBUG -    参数容忍度: 5e-06
2025-08-25 02:41:28,542 - DEBUG -    残差变化: 0.000000
2025-08-25 02:41:28,542 - DEBUG -    残差容忍度: 5e-06
2025-08-25 02:41:28,542 - DEBUG - 🔍 迭代 13/30:
2025-08-25 02:41:28,542 - DEBUG - 🔍 计算点到球心距离: 形状=(21,)
2025-08-25 02:41:28,546 - DEBUG - 🔍 生理偏差向量计算:
2025-08-25 02:41:28,546 - DEBUG -    点类型列表: ['pupil_center', 'iris_boundaries', 'iris_boundaries', 'iris_boundaries', 'iris_boundaries', 'eye_contours', 'eye_contours', 'eye_contours', 'eye_contours', 'eye_contours', 'eye_contours', 'eye_contours', 'eye_contours', 'eye_contours', 'eye_contours', 'eye_contours', 'eye_contours', 'eye_contours', 'eye_contours', 'eye_contours', 'eye_contours']
2025-08-25 02:41:28,546 - DEBUG -    偏差向量: [0.0002  0.00085 0.00085 0.00085 0.00085 0.0015  0.0015  0.0015  0.0015
 0.0015  0.0015  0.0015  0.0015  0.0015  0.0015  0.0015  0.0015  0.0015
 0.0015  0.0015  0.0015 ]
2025-08-25 02:41:28,546 - DEBUG -    向量形状: (21,)
2025-08-25 02:41:28,546 - DEBUG -    偏差统计: 均值=0.001314, 标准差=0.000356
2025-08-25 02:41:28,546 - DEBUG - 获取生理偏差: 点类型=['pupil_center', 'iris_boundaries', 'iris_boundaries', 'iris_boundaries', 'iris_boundaries', 'eye_contours', 'eye_contours', 'eye_contours', 'eye_contours', 'eye_contours', 'eye_contours', 'eye_contours', 'eye_contours', 'eye_contours', 'eye_contours', 'eye_contours', 'eye_contours', 'eye_contours', 'eye_contours', 'eye_contours', 'eye_contours'], 偏差值=[0.0002  0.00085 0.00085 0.00085 0.00085 0.0015  0.0015  0.0015  0.0015
 0.0015  0.0015  0.0015  0.0015  0.0015  0.0015  0.0015  0.0015  0.0015
 0.0015  0.0015  0.0015 ]
2025-08-25 02:41:28,546 - INFO - -----------------------------------------------------------------------------------
2025-08-25 02:41:28,546 - DEBUG - 🔍 拟合残差计算详情:
2025-08-25 02:41:28,546 - DEBUG -    球心坐标: [ 0.06348566 -0.03546099  0.60387364]
2025-08-25 02:41:28,546 - DEBUG -    球体半径: 0.017115
2025-08-25 02:41:28,546 - DEBUG -    采样点数: 21
2025-08-25 02:41:28,546 - DEBUG -    点类型分布: {'eye_contours': 16, 'iris_boundaries': 4, 'pupil_center': 1}
2025-08-25 02:41:28,546 - DEBUG -    理论距离向量: [0.01731478 0.01796478 0.01796478 0.01796478 0.01796478 0.01861478
 0.01861478 0.01861478 0.01861478 0.01861478 0.01861478 0.01861478
 0.01861478 0.01861478 0.01861478 0.01861478 0.01861478 0.01861478
 0.01861478 0.01861478 0.01861478]
2025-08-25 02:41:28,546 - DEBUG -    实际距离向量: [0.01975596 0.02860376 0.0154952  0.01479483 0.0283312  0.01988439
 0.01618547 0.01188196 0.01487465 0.02242225 0.03061778 0.03600467
 0.03931082 0.0418961  0.03985271 0.03758743 0.03435495 0.02933
 0.02444962 0.02079752 0.0201353 ]
2025-08-25 02:41:28,546 - DEBUG -    生理偏差向量: [0.0002  0.00085 0.00085 0.00085 0.00085 0.0015  0.0015  0.0015  0.0015
 0.0015  0.0015  0.0015  0.0015  0.0015  0.0015  0.0015  0.0015  0.0015
 0.0015  0.0015  0.0015 ]
2025-08-25 02:41:28,546 - DEBUG -    残差向量 f(θ): 
[[ 0.00244118]
 [ 0.01063898]
 [-0.00246959]
 [-0.00316995]
 [ 0.01036642]
 [ 0.00126961]
 [-0.00242932]
 [-0.00673282]
 [-0.00374013]
 [ 0.00380746]
 [ 0.012003  ]
 [ 0.01738988]
 [ 0.02069604]
 [ 0.02328132]
 [ 0.02123793]
 [ 0.01897265]
 [ 0.01574016]
 [ 0.01071522]
 [ 0.00583484]
 [ 0.00218274]
 [ 0.00152052]]
2025-08-25 02:41:28,546 - DEBUG -    平均残差范数: 0.002589
2025-08-25 02:41:28,546 - DEBUG -    残差范数=0.054366
2025-08-25 02:41:28,546 - INFO - -----------------------------------------------------------------------------------
2025-08-25 02:41:28,546 - DEBUG - 🔍 深度约束计算详情 (softplus):
2025-08-25 02:41:28,546 - DEBUG -    采样点Z坐标范围: [0.599910, 0.601156]
2025-08-25 02:41:28,546 - DEBUG -    球心Z坐标: 0.603874
2025-08-25 02:41:28,546 - DEBUG -    深度偏移ε: 0.000200
2025-08-25 02:41:28,546 - DEBUG -    softplus参数τ: 0.001000
2025-08-25 02:41:28,546 - DEBUG -    原始违反值: -0.002518
2025-08-25 02:41:28,546 - DEBUG -    softplus输入 u: -2.517766
2025-08-25 02:41:28,546 - DEBUG -    约束惩罚 h(θ): 0.000078
2025-08-25 02:41:28,546 - DEBUG -    🟢 深度约束满足: 球心深度足够
2025-08-25 02:41:28,546 - INFO - -----------------------------------------------------------------------------------
2025-08-25 02:41:28,546 - DEBUG - 🔍 半径惩罚计算详情:
2025-08-25 02:41:28,546 - DEBUG -    当前半径: 0.017115
2025-08-25 02:41:28,546 - DEBUG -    半径先验值: 0.012000
2025-08-25 02:41:28,546 - DEBUG -    半径残差 r(θ): 0.005115
2025-08-25 02:41:28,546 - DEBUG -    数据残差 f(θ): [[ 0.00244118]
 [ 0.01063898]
 [-0.00246959]
 [-0.00316995]
 [ 0.01036642]
 [ 0.00126961]
 [-0.00242932]
 [-0.00673282]
 [-0.00374013]
 [ 0.00380746]
 [ 0.012003  ]
 [ 0.01738988]
 [ 0.02069604]
 [ 0.02328132]
 [ 0.02123793]
 [ 0.01897265]
 [ 0.01574016]
 [ 0.01071522]
 [ 0.00583484]
 [ 0.00218274]
 [ 0.00152052]]
2025-08-25 02:41:28,546 - DEBUG -    约束残差 g(θ): [[7.75530672e-05]]
2025-08-25 02:41:28,546 - DEBUG -    半径残差 r(θ): [[0.00511478]]
2025-08-25 02:41:28,546 - DEBUG - 🔍 状态变化计算: 参数变化=0.000213, 残差变化=0.000002
2025-08-25 02:41:28,546 - INFO - -----------------------------------------------------------------------------------
2025-08-25 02:41:28,546 - DEBUG - 🔍 权重管理器状态更新详情:
2025-08-25 02:41:28,554 - DEBUG -    当前迭代: 12
2025-08-25 02:41:28,554 - DEBUG -    参数变化: 0.000213 (阈值: 0.000005)
2025-08-25 02:41:28,554 - DEBUG -    残差变化: 0.000002 (阈值: 0.000005)
2025-08-25 02:41:28,554 - DEBUG -    几何权重因子: 10
2025-08-25 02:41:28,554 - DEBUG - ⏸️ 保持图像置信度权重: 参数变化=2.13e-04, 残差变化=2.37e-06
2025-08-25 02:41:28,554 - DEBUG - 状态已保存: 参数=[ 0.06348566 -0.03546099  0.60387364  0.01711478], 残差范数=0.054366
2025-08-25 02:41:28,554 - DEBUG - 🔍 获取visibility信息: 形状=(21,), 范围=[1.000, 1.000]
2025-08-25 02:41:28,554 - DEBUG - 🔧 设置图像置信度权重: 21个点
2025-08-25 02:41:28,554 - DEBUG - 🔍 开始计算权重矩阵:
2025-08-25 02:41:28,554 - DEBUG -    点类型: ['pupil_center', 'iris_boundaries', 'iris_boundaries', 'iris_boundaries', 'iris_boundaries', 'eye_contours', 'eye_contours', 'eye_contours', 'eye_contours', 'eye_contours', 'eye_contours', 'eye_contours', 'eye_contours', 'eye_contours', 'eye_contours', 'eye_contours', 'eye_contours', 'eye_contours', 'eye_contours', 'eye_contours', 'eye_contours']
2025-08-25 02:41:28,554 - DEBUG -    残差向量: 形状=(21,), 范数=0.054366
2025-08-25 02:41:28,554 - DEBUG -    Visibility: 形状=(21,), 均值=1.000
2025-08-25 02:41:28,554 - DEBUG - 🔍 权重矩阵计算成功: 形状=(21, 21)
2025-08-25 02:41:28,554 - DEBUG - 🔍 几何权重统计:
2025-08-25 02:41:28,554 - DEBUG -    权重向量: [[1.]
 [1.]
 [1.]
 [1.]
 [1.]
 [1.]
 [1.]
 [1.]
 [1.]
 [1.]
 [1.]
 [1.]
 [1.]
 [1.]
 [1.]
 [1.]
 [1.]
 [1.]
 [1.]
 [1.]
 [1.]]
2025-08-25 02:41:28,554 - DEBUG -    权重范围: [1.000000, 1.000000]
2025-08-25 02:41:28,554 - DEBUG -    权重均值: 1.000000
2025-08-25 02:41:28,554 - DEBUG -    权重标准差: 0.000000
2025-08-25 02:41:28,554 - DEBUG -    高权重点(>0.8): 21/21
2025-08-25 02:41:28,554 - DEBUG -    低权重点(<0.2): 0/21
2025-08-25 02:41:28,554 - INFO - -----------------------------------------------------------------------------------
2025-08-25 02:41:28,554 - DEBUG - 🔍 开始求解LM更新方程:
2025-08-25 02:41:28,554 - DEBUG -    数据残差: 形状=(21,), 范数=0.054366
2025-08-25 02:41:28,554 - DEBUG -    约束残差: 形状=(1,), 范数=0.000078
2025-08-25 02:41:28,554 - DEBUG - 🔍 计算数据残差雅可比矩阵 J_f: 形状=(21, 4)
2025-08-25 02:41:28,554 - DEBUG - 🔍 J_f矩阵计算完成: 条件数=2.29e+01
2025-08-25 02:41:28,554 - DEBUG - 🔍 深度约束雅可比计算: u=-2.517766, σ=0.074622, J_h=[[ 0.          0.         -0.07462208  0.        ]]
2025-08-25 02:41:28,554 - DEBUG - 🔍 半径先验雅可比: J_r=[[0. 0. 0. 1.]]
2025-08-25 02:41:28,554 - DEBUG - 🔍 使用几何权重矩阵: 形状=(21, 21)
2025-08-25 02:41:28,554 - DEBUG - 🔍 Hessian矩阵计算:
2025-08-25 02:41:28,554 - DEBUG -    H_data = J_f^T W J_f: 形状=(4, 4), 条件数=5.24e+02
2025-08-25 02:41:28,554 - DEBUG -    H_h = λ_depth J_h^T J_h: 形状=(4, 4), λ_depth=1000.0
2025-08-25 02:41:28,562 - DEBUG -    H_r = λ_radius J_r^T J_r: 形状=(4, 4), λ_radius=1.0
2025-08-25 02:41:28,562 - DEBUG -    H_total: 形状=(4, 4), 条件数=7.18e+01
2025-08-25 02:41:28,562 - DEBUG - 🔍 梯度计算:
2025-08-25 02:41:28,562 - DEBUG -    g_data: 形状=(4,), 范数=0.223764
2025-08-25 02:41:28,562 - DEBUG -    g_h: 形状=(4,), 范数=0.005787
2025-08-25 02:41:28,562 - DEBUG -    g_r: 形状=(4,), 范数=0.005115
2025-08-25 02:41:28,562 - DEBUG -    g_total: 形状=(4,), 范数=0.220571
2025-08-25 02:41:28,562 - DEBUG - 🔍 LM阻尼矩阵: H_lm = H_total + 1000.0 * I
2025-08-25 02:41:28,562 - DEBUG -    H_lm条件数: 1.04e+00
2025-08-25 02:41:28,562 - DEBUG - 🔍 线性方程组求解成功:
2025-08-25 02:41:28,562 - DEBUG -    参数更新向量 Δθ: [[-1.41827894e-04]
 [-5.29696588e-05]
 [ 1.80557693e-05]
 [ 1.48512554e-04]]
2025-08-25 02:41:28,562 - DEBUG -    更新向量范数: 0.000213
2025-08-25 02:41:28,562 - DEBUG -    各分量更新: Δc_x=-0.000142, Δc_y=-0.000053, Δc_z=0.000018, Δr=0.000149
2025-08-25 02:41:28,562 - DEBUG -    参数更新:
2025-08-25 02:41:28,562 - DEBUG -      旧参数: [[ 0.06348566]
 [-0.03546099]
 [ 0.60387364]
 [ 0.01711478]]
2025-08-25 02:41:28,565 - DEBUG -      更新向量: [[-1.41827894e-04]
 [-5.29696588e-05]
 [ 1.80557693e-05]
 [ 1.48512554e-04]]
2025-08-25 02:41:28,565 - DEBUG -      新参数: [[ 0.06334383]
 [-0.03551396]
 [ 0.6038917 ]
 [ 0.01726329]]
2025-08-25 02:41:28,565 - INFO - -----------------------------------------------------------------------------------
2025-08-25 02:41:28,565 - INFO - 🔍 迭代第12次，球心向右0.141828mm，向上0.052970mm，向后0.018056mm，半径变大0.148513mm
2025-08-25 02:41:28,565 - INFO - 📊 变化前: 中心(0.063, -0.035, 0.604), 半径17.11mm
2025-08-25 02:41:28,565 - INFO - 📊 变化后: 中心(0.063, -0.036, 0.604), 半径17.26mm
2025-08-25 02:41:28,565 - INFO - 📈 变化量: 中心移动0.15mm, 半径变化0.15mm
2025-08-25 02:41:28,565 - INFO - 📍 眼球中心: [ 0.06348566 -0.03546099  0.60387364]
2025-08-25 02:41:28,565 - INFO - 📏 眼球半径: 17.11mm
2025-08-25 02:41:28,565 - INFO - 👁️ 瞳孔中心: [ 0.08       -0.02533333  0.60000002]
2025-08-25 02:41:28,565 - INFO - 📐 眼球中心在瞳孔中心的左16.51mm，上10.13mm，后3.87mm
2025-08-25 02:41:28,565 - INFO - 📏 距离: 19.76mm
2025-08-25 02:41:28,565 - INFO - -----------------------------------------------------------------------------------
2025-08-25 02:41:28,565 - INFO - -----------------------------------------------------------------------------------
2025-08-25 02:41:28,565 - DEBUG - 🔍 参数有效性检查:
2025-08-25 02:41:28,565 - DEBUG -    参数向量: [[ 0.06334383]
 [-0.03551396]
 [ 0.6038917 ]
 [ 0.01726329]]
2025-08-25 02:41:28,565 - DEBUG -    球心: [ 0.06334383 -0.03551396  0.6038917 ]
2025-08-25 02:41:28,565 - DEBUG -    半径: 0.017263
2025-08-25 02:41:28,565 - DEBUG - 🔍 函数值计算详情:
2025-08-25 02:41:28,565 - DEBUG -    数据项 F(θ): 0.001478
2025-08-25 02:41:28,565 - DEBUG -    深度约束项: 0.000003
2025-08-25 02:41:28,565 - DEBUG -    半径先验项: 0.000013
2025-08-25 02:41:28,565 - DEBUG -    总函数值 Φ(θ): 0.001494
2025-08-25 02:41:28,565 - DEBUG -    函数值改善: -0.000001
2025-08-25 02:41:28,565 - DEBUG - 🔍 参数有效: False
2025-08-25 02:41:28,565 - DEBUG -    参数无效，阻尼因子调整: λ_LM = 1.00e+04
2025-08-25 02:41:28,565 - DEBUG - 🔍 迭代 14/30:
2025-08-25 02:41:28,565 - DEBUG - 🔍 计算点到球心距离: 形状=(21,)
2025-08-25 02:41:28,570 - DEBUG - 🔍 生理偏差向量计算:
2025-08-25 02:41:28,570 - DEBUG -    点类型列表: ['pupil_center', 'iris_boundaries', 'iris_boundaries', 'iris_boundaries', 'iris_boundaries', 'eye_contours', 'eye_contours', 'eye_contours', 'eye_contours', 'eye_contours', 'eye_contours', 'eye_contours', 'eye_contours', 'eye_contours', 'eye_contours', 'eye_contours', 'eye_contours', 'eye_contours', 'eye_contours', 'eye_contours', 'eye_contours']
2025-08-25 02:41:28,570 - DEBUG -    偏差向量: [0.0002  0.00085 0.00085 0.00085 0.00085 0.0015  0.0015  0.0015  0.0015
 0.0015  0.0015  0.0015  0.0015  0.0015  0.0015  0.0015  0.0015  0.0015
 0.0015  0.0015  0.0015 ]
2025-08-25 02:41:28,572 - DEBUG -    向量形状: (21,)
2025-08-25 02:41:28,572 - DEBUG -    偏差统计: 均值=0.001314, 标准差=0.000356
2025-08-25 02:41:28,572 - DEBUG - 获取生理偏差: 点类型=['pupil_center', 'iris_boundaries', 'iris_boundaries', 'iris_boundaries', 'iris_boundaries', 'eye_contours', 'eye_contours', 'eye_contours', 'eye_contours', 'eye_contours', 'eye_contours', 'eye_contours', 'eye_contours', 'eye_contours', 'eye_contours', 'eye_contours', 'eye_contours', 'eye_contours', 'eye_contours', 'eye_contours', 'eye_contours'], 偏差值=[0.0002  0.00085 0.00085 0.00085 0.00085 0.0015  0.0015  0.0015  0.0015
 0.0015  0.0015  0.0015  0.0015  0.0015  0.0015  0.0015  0.0015  0.0015
 0.0015  0.0015  0.0015 ]
2025-08-25 02:41:28,572 - INFO - -----------------------------------------------------------------------------------
2025-08-25 02:41:28,572 - DEBUG - 🔍 拟合残差计算详情:
2025-08-25 02:41:28,572 - DEBUG -    球心坐标: [ 0.06348566 -0.03546099  0.60387364]
2025-08-25 02:41:28,572 - DEBUG -    球体半径: 0.017115
2025-08-25 02:41:28,572 - DEBUG -    采样点数: 21
2025-08-25 02:41:28,572 - DEBUG -    点类型分布: {'eye_contours': 16, 'iris_boundaries': 4, 'pupil_center': 1}
2025-08-25 02:41:28,572 - DEBUG -    理论距离向量: [0.01731478 0.01796478 0.01796478 0.01796478 0.01796478 0.01861478
 0.01861478 0.01861478 0.01861478 0.01861478 0.01861478 0.01861478
 0.01861478 0.01861478 0.01861478 0.01861478 0.01861478 0.01861478
 0.01861478 0.01861478 0.01861478]
2025-08-25 02:41:28,572 - DEBUG -    实际距离向量: [0.01975596 0.02860376 0.0154952  0.01479483 0.0283312  0.01988439
 0.01618547 0.01188196 0.01487465 0.02242225 0.03061778 0.03600467
 0.03931082 0.0418961  0.03985271 0.03758743 0.03435495 0.02933
 0.02444962 0.02079752 0.0201353 ]
2025-08-25 02:41:28,572 - DEBUG -    生理偏差向量: [0.0002  0.00085 0.00085 0.00085 0.00085 0.0015  0.0015  0.0015  0.0015
 0.0015  0.0015  0.0015  0.0015  0.0015  0.0015  0.0015  0.0015  0.0015
 0.0015  0.0015  0.0015 ]
2025-08-25 02:41:28,572 - DEBUG -    残差向量 f(θ): 
[[ 0.00244118]
 [ 0.01063898]
 [-0.00246959]
 [-0.00316995]
 [ 0.01036642]
 [ 0.00126961]
 [-0.00242932]
 [-0.00673282]
 [-0.00374013]
 [ 0.00380746]
 [ 0.012003  ]
 [ 0.01738988]
 [ 0.02069604]
 [ 0.02328132]
 [ 0.02123793]
 [ 0.01897265]
 [ 0.01574016]
 [ 0.01071522]
 [ 0.00583484]
 [ 0.00218274]
 [ 0.00152052]]
2025-08-25 02:41:28,572 - DEBUG -    平均残差范数: 0.002589
2025-08-25 02:41:28,572 - DEBUG -    残差范数=0.054366
2025-08-25 02:41:28,572 - INFO - -----------------------------------------------------------------------------------
2025-08-25 02:41:28,572 - DEBUG - 🔍 深度约束计算详情 (softplus):
2025-08-25 02:41:28,572 - DEBUG -    采样点Z坐标范围: [0.599910, 0.601156]
2025-08-25 02:41:28,572 - DEBUG -    球心Z坐标: 0.603874
2025-08-25 02:41:28,578 - DEBUG -    深度偏移ε: 0.000200
2025-08-25 02:41:28,578 - DEBUG -    softplus参数τ: 0.001000
2025-08-25 02:41:28,578 - DEBUG -    原始违反值: -0.002518
2025-08-25 02:41:28,578 - DEBUG -    softplus输入 u: -2.517766
2025-08-25 02:41:28,578 - DEBUG -    约束惩罚 h(θ): 0.000078
2025-08-25 02:41:28,578 - DEBUG -    🟢 深度约束满足: 球心深度足够
2025-08-25 02:41:28,578 - INFO - -----------------------------------------------------------------------------------
2025-08-25 02:41:28,578 - DEBUG - 🔍 半径惩罚计算详情:
2025-08-25 02:41:28,578 - DEBUG -    当前半径: 0.017115
2025-08-25 02:41:28,578 - DEBUG -    半径先验值: 0.012000
2025-08-25 02:41:28,578 - DEBUG -    半径残差 r(θ): 0.005115
2025-08-25 02:41:28,578 - DEBUG -    数据残差 f(θ): [[ 0.00244118]
 [ 0.01063898]
 [-0.00246959]
 [-0.00316995]
 [ 0.01036642]
 [ 0.00126961]
 [-0.00242932]
 [-0.00673282]
 [-0.00374013]
 [ 0.00380746]
 [ 0.012003  ]
 [ 0.01738988]
 [ 0.02069604]
 [ 0.02328132]
 [ 0.02123793]
 [ 0.01897265]
 [ 0.01574016]
 [ 0.01071522]
 [ 0.00583484]
 [ 0.00218274]
 [ 0.00152052]]
2025-08-25 02:41:28,578 - DEBUG -    约束残差 g(θ): [[7.75530672e-05]]
2025-08-25 02:41:28,578 - DEBUG -    半径残差 r(θ): [[0.00511478]]
2025-08-25 02:41:28,578 - DEBUG - 🔍 状态变化计算: 参数变化=0.000000, 残差变化=0.000000
2025-08-25 02:41:28,578 - INFO - -----------------------------------------------------------------------------------
2025-08-25 02:41:28,578 - DEBUG - 🔍 权重管理器状态更新详情:
2025-08-25 02:41:28,578 - DEBUG -    当前迭代: 13
2025-08-25 02:41:28,578 - DEBUG -    参数变化: 0.000000 (阈值: 0.000005)
2025-08-25 02:41:28,578 - DEBUG -    残差变化: 0.000000 (阈值: 0.000005)
2025-08-25 02:41:28,578 - DEBUG -    几何权重因子: 10
2025-08-25 02:41:28,578 - DEBUG - ⏸️ 保持图像置信度权重: 参数变化=0.00e+00, 残差变化=0.00e+00
2025-08-25 02:41:28,578 - DEBUG - 状态已保存: 参数=[ 0.06348566 -0.03546099  0.60387364  0.01711478], 残差范数=0.054366
2025-08-25 02:41:28,578 - DEBUG - 🔍 获取visibility信息: 形状=(21,), 范围=[1.000, 1.000]
2025-08-25 02:41:28,578 - DEBUG - 🔧 设置图像置信度权重: 21个点
2025-08-25 02:41:28,578 - DEBUG - 🔍 开始计算权重矩阵:
2025-08-25 02:41:28,578 - DEBUG -    点类型: ['pupil_center', 'iris_boundaries', 'iris_boundaries', 'iris_boundaries', 'iris_boundaries', 'eye_contours', 'eye_contours', 'eye_contours', 'eye_contours', 'eye_contours', 'eye_contours', 'eye_contours', 'eye_contours', 'eye_contours', 'eye_contours', 'eye_contours', 'eye_contours', 'eye_contours', 'eye_contours', 'eye_contours', 'eye_contours']
2025-08-25 02:41:28,578 - DEBUG -    残差向量: 形状=(21,), 范数=0.054366
2025-08-25 02:41:28,578 - DEBUG -    Visibility: 形状=(21,), 均值=1.000
2025-08-25 02:41:28,578 - DEBUG - 🔍 权重矩阵计算成功: 形状=(21, 21)
2025-08-25 02:41:28,578 - DEBUG - 🔍 几何权重统计:
2025-08-25 02:41:28,578 - DEBUG -    权重向量: [[1.]
 [1.]
 [1.]
 [1.]
 [1.]
 [1.]
 [1.]
 [1.]
 [1.]
 [1.]
 [1.]
 [1.]
 [1.]
 [1.]
 [1.]
 [1.]
 [1.]
 [1.]
 [1.]
 [1.]
 [1.]]
2025-08-25 02:41:28,578 - DEBUG -    权重范围: [1.000000, 1.000000]
2025-08-25 02:41:28,578 - DEBUG -    权重均值: 1.000000
2025-08-25 02:41:28,578 - DEBUG -    权重标准差: 0.000000
2025-08-25 02:41:28,578 - DEBUG -    高权重点(>0.8): 21/21
2025-08-25 02:41:28,578 - DEBUG -    低权重点(<0.2): 0/21
2025-08-25 02:41:28,578 - INFO - -----------------------------------------------------------------------------------
2025-08-25 02:41:28,578 - DEBUG - 🔍 开始求解LM更新方程:
2025-08-25 02:41:28,578 - DEBUG -    数据残差: 形状=(21,), 范数=0.054366
2025-08-25 02:41:28,578 - DEBUG -    约束残差: 形状=(1,), 范数=0.000078
2025-08-25 02:41:28,578 - DEBUG - 🔍 计算数据残差雅可比矩阵 J_f: 形状=(21, 4)
2025-08-25 02:41:28,578 - DEBUG - 🔍 J_f矩阵计算完成: 条件数=2.29e+01
2025-08-25 02:41:28,578 - DEBUG - 🔍 深度约束雅可比计算: u=-2.517766, σ=0.074622, J_h=[[ 0.          0.         -0.07462208  0.        ]]
2025-08-25 02:41:28,578 - DEBUG - 🔍 半径先验雅可比: J_r=[[0. 0. 0. 1.]]
2025-08-25 02:41:28,578 - DEBUG - 🔍 使用几何权重矩阵: 形状=(21, 21)
2025-08-25 02:41:28,578 - DEBUG - 🔍 Hessian矩阵计算:
2025-08-25 02:41:28,578 - DEBUG -    H_data = J_f^T W J_f: 形状=(4, 4), 条件数=5.24e+02
2025-08-25 02:41:28,578 - DEBUG -    H_h = λ_depth J_h^T J_h: 形状=(4, 4), λ_depth=1000.0
2025-08-25 02:41:28,578 - DEBUG -    H_r = λ_radius J_r^T J_r: 形状=(4, 4), λ_radius=1.0
2025-08-25 02:41:28,587 - DEBUG -    H_total: 形状=(4, 4), 条件数=7.18e+01
2025-08-25 02:41:28,587 - DEBUG - 🔍 梯度计算:
2025-08-25 02:41:28,587 - DEBUG -    g_data: 形状=(4,), 范数=0.223764
2025-08-25 02:41:28,587 - DEBUG -    g_h: 形状=(4,), 范数=0.005787
2025-08-25 02:41:28,587 - DEBUG -    g_r: 形状=(4,), 范数=0.005115
2025-08-25 02:41:28,587 - DEBUG -    g_total: 形状=(4,), 范数=0.220571
2025-08-25 02:41:28,587 - DEBUG - 🔍 LM阻尼矩阵: H_lm = H_total + 10000.0 * I
2025-08-25 02:41:28,587 - DEBUG -    H_lm条件数: 1.00e+00
2025-08-25 02:41:28,587 - DEBUG - 🔍 线性方程组求解成功:
2025-08-25 02:41:28,587 - DEBUG -    参数更新向量 Δθ: [[-1.45543515e-05]
 [-5.56248587e-06]
 [ 1.89593754e-06]
 [ 1.53828225e-05]]
2025-08-25 02:41:28,587 - DEBUG -    更新向量范数: 0.000022
2025-08-25 02:41:28,587 - DEBUG -    各分量更新: Δc_x=-0.000015, Δc_y=-0.000006, Δc_z=0.000002, Δr=0.000015
2025-08-25 02:41:28,587 - DEBUG -    参数更新:
2025-08-25 02:41:28,587 - DEBUG -      旧参数: [[ 0.06348566]
 [-0.03546099]
 [ 0.60387364]
 [ 0.01711478]]
2025-08-25 02:41:28,587 - DEBUG -      更新向量: [[-1.45543515e-05]
 [-5.56248587e-06]
 [ 1.89593754e-06]
 [ 1.53828225e-05]]
2025-08-25 02:41:28,587 - DEBUG -      新参数: [[ 0.0634711 ]
 [-0.03546655]
 [ 0.60387554]
 [ 0.01713017]]
2025-08-25 02:41:28,587 - INFO - -----------------------------------------------------------------------------------
2025-08-25 02:41:28,587 - INFO - 🔍 迭代第13次，球心向右0.014554mm，向上0.005562mm，向后0.001896mm，半径变大0.015383mm
2025-08-25 02:41:28,587 - INFO - 📊 变化前: 中心(0.063, -0.035, 0.604), 半径17.11mm
2025-08-25 02:41:28,587 - INFO - 📊 变化后: 中心(0.063, -0.035, 0.604), 半径17.13mm
2025-08-25 02:41:28,587 - INFO - 📈 变化量: 中心移动0.02mm, 半径变化0.02mm
2025-08-25 02:41:28,587 - INFO - 📍 眼球中心: [ 0.06348566 -0.03546099  0.60387364]
2025-08-25 02:41:28,587 - INFO - 📏 眼球半径: 17.11mm
2025-08-25 02:41:28,587 - INFO - 👁️ 瞳孔中心: [ 0.08       -0.02533333  0.60000002]
2025-08-25 02:41:28,587 - INFO - 📐 眼球中心在瞳孔中心的左16.51mm，上10.13mm，后3.87mm
2025-08-25 02:41:28,587 - INFO - 📏 距离: 19.76mm
2025-08-25 02:41:28,587 - INFO - -----------------------------------------------------------------------------------
2025-08-25 02:41:28,587 - INFO - -----------------------------------------------------------------------------------
2025-08-25 02:41:28,587 - DEBUG - 🔍 参数有效性检查:
2025-08-25 02:41:28,587 - DEBUG -    参数向量: [[ 0.0634711 ]
 [-0.03546655]
 [ 0.60387554]
 [ 0.01713017]]
2025-08-25 02:41:28,587 - DEBUG -    球心: [ 0.0634711  -0.03546655  0.60387554]
2025-08-25 02:41:28,595 - DEBUG -    半径: 0.017130
2025-08-25 02:41:28,595 - DEBUG - 🔍 函数值计算详情:
2025-08-25 02:41:28,595 - DEBUG -    数据项 F(θ): 0.001478
2025-08-25 02:41:28,595 - DEBUG -    深度约束项: 0.000003
2025-08-25 02:41:28,595 - DEBUG -    半径先验项: 0.000013
2025-08-25 02:41:28,595 - DEBUG -    总函数值 Φ(θ): 0.001494
2025-08-25 02:41:28,595 - DEBUG -    函数值改善: 0.000000
2025-08-25 02:41:28,595 - DEBUG - 🔍 参数有效: True
2025-08-25 02:41:28,595 - DEBUG -    参数更新成功:
2025-08-25 02:41:28,595 - DEBUG -      新球心: [ 0.0634711  -0.03546655  0.60387554]
2025-08-25 02:41:28,595 - DEBUG -      新半径: 0.017130
2025-08-25 02:41:28,595 - INFO - -----------------------------------------------------------------------------------
2025-08-25 02:41:28,595 - DEBUG - 🔍 LM收敛性检查:
2025-08-25 02:41:28,595 - DEBUG -    当前迭代次数: 13
2025-08-25 02:41:28,595 - DEBUG -    最大迭代次数: 30
2025-08-25 02:41:28,595 - DEBUG -    参数变化: 0.000022
2025-08-25 02:41:28,595 - DEBUG -    参数容忍度: 5e-06
2025-08-25 02:41:28,595 - DEBUG -    残差变化: 0.000000
2025-08-25 02:41:28,595 - DEBUG -    残差容忍度: 5e-06
2025-08-25 02:41:28,595 - DEBUG - 🔍 迭代 15/30:
2025-08-25 02:41:28,595 - DEBUG - 🔍 计算点到球心距离: 形状=(21,)
2025-08-25 02:41:28,595 - DEBUG - 🔍 生理偏差向量计算:
2025-08-25 02:41:28,595 - DEBUG -    点类型列表: ['pupil_center', 'iris_boundaries', 'iris_boundaries', 'iris_boundaries', 'iris_boundaries', 'eye_contours', 'eye_contours', 'eye_contours', 'eye_contours', 'eye_contours', 'eye_contours', 'eye_contours', 'eye_contours', 'eye_contours', 'eye_contours', 'eye_contours', 'eye_contours', 'eye_contours', 'eye_contours', 'eye_contours', 'eye_contours']
2025-08-25 02:41:28,595 - DEBUG -    偏差向量: [0.0002  0.00085 0.00085 0.00085 0.00085 0.0015  0.0015  0.0015  0.0015
 0.0015  0.0015  0.0015  0.0015  0.0015  0.0015  0.0015  0.0015  0.0015
 0.0015  0.0015  0.0015 ]
2025-08-25 02:41:28,595 - DEBUG -    向量形状: (21,)
2025-08-25 02:41:28,595 - DEBUG -    偏差统计: 均值=0.001314, 标准差=0.000356
2025-08-25 02:41:28,595 - DEBUG - 获取生理偏差: 点类型=['pupil_center', 'iris_boundaries', 'iris_boundaries', 'iris_boundaries', 'iris_boundaries', 'eye_contours', 'eye_contours', 'eye_contours', 'eye_contours', 'eye_contours', 'eye_contours', 'eye_contours', 'eye_contours', 'eye_contours', 'eye_contours', 'eye_contours', 'eye_contours', 'eye_contours', 'eye_contours', 'eye_contours', 'eye_contours'], 偏差值=[0.0002  0.00085 0.00085 0.00085 0.00085 0.0015  0.0015  0.0015  0.0015
 0.0015  0.0015  0.0015  0.0015  0.0015  0.0015  0.0015  0.0015  0.0015
 0.0015  0.0015  0.0015 ]
2025-08-25 02:41:28,595 - INFO - -----------------------------------------------------------------------------------
2025-08-25 02:41:28,595 - DEBUG - 🔍 拟合残差计算详情:
2025-08-25 02:41:28,595 - DEBUG -    球心坐标: [ 0.0634711  -0.03546655  0.60387554]
2025-08-25 02:41:28,595 - DEBUG -    球体半径: 0.017130
2025-08-25 02:41:28,595 - DEBUG -    采样点数: 21
2025-08-25 02:41:28,595 - DEBUG -    点类型分布: {'eye_contours': 16, 'iris_boundaries': 4, 'pupil_center': 1}
2025-08-25 02:41:28,595 - DEBUG -    理论距离向量: [0.01733017 0.01798017 0.01798017 0.01798017 0.01798017 0.01863017
 0.01863017 0.01863017 0.01863017 0.01863017 0.01863017 0.01863017
 0.01863017 0.01863017 0.01863017 0.01863017 0.01863017 0.01863017
 0.01863017 0.01863017 0.01863017]
2025-08-25 02:41:28,595 - DEBUG -    实际距离向量: [0.01977135 0.02861946 0.01551027 0.014807   0.02834516 0.01988805
 0.01619082 0.01189324 0.01489014 0.02243774 0.0306332  0.03602015
 0.03932634 0.04191164 0.03986839 0.03760309 0.03437039 0.0293446
 0.02446241 0.02080684 0.02014107]
2025-08-25 02:41:28,595 - DEBUG -    生理偏差向量: [0.0002  0.00085 0.00085 0.00085 0.00085 0.0015  0.0015  0.0015  0.0015
 0.0015  0.0015  0.0015  0.0015  0.0015  0.0015  0.0015  0.0015  0.0015
 0.0015  0.0015  0.0015 ]
2025-08-25 02:41:28,595 - DEBUG -    残差向量 f(θ): 
[[ 0.00244118]
 [ 0.01063929]
 [-0.0024699 ]
 [-0.00317317]
 [ 0.010365  ]
 [ 0.00125789]
 [-0.00243935]
 [-0.00673693]
 [-0.00374003]
 [ 0.00380758]
 [ 0.01200304]
 [ 0.01738998]
 [ 0.02069618]
 [ 0.02328148]
 [ 0.02123822]
 [ 0.01897292]
 [ 0.01574022]
 [ 0.01071444]
 [ 0.00583224]
 [ 0.00217667]
 [ 0.00151091]]
2025-08-25 02:41:28,595 - DEBUG -    平均残差范数: 0.002589
2025-08-25 02:41:28,595 - DEBUG -    残差范数=0.054366
2025-08-25 02:41:28,595 - INFO - -----------------------------------------------------------------------------------
2025-08-25 02:41:28,595 - DEBUG - 🔍 深度约束计算详情 (softplus):
2025-08-25 02:41:28,595 - DEBUG -    采样点Z坐标范围: [0.599910, 0.601156]
2025-08-25 02:41:28,595 - DEBUG -    球心Z坐标: 0.603876
2025-08-25 02:41:28,595 - DEBUG -    深度偏移ε: 0.000200
2025-08-25 02:41:28,595 - DEBUG -    softplus参数τ: 0.001000
2025-08-25 02:41:28,595 - DEBUG -    原始违反值: -0.002520
2025-08-25 02:41:28,595 - DEBUG -    softplus输入 u: -2.519662
2025-08-25 02:41:28,595 - DEBUG -    约束惩罚 h(θ): 0.000077
2025-08-25 02:41:28,595 - DEBUG -    🟢 深度约束满足: 球心深度足够
2025-08-25 02:41:28,595 - INFO - -----------------------------------------------------------------------------------
2025-08-25 02:41:28,595 - DEBUG - 🔍 半径惩罚计算详情:
2025-08-25 02:41:28,595 - DEBUG -    当前半径: 0.017130
2025-08-25 02:41:28,595 - DEBUG -    半径先验值: 0.012000
2025-08-25 02:41:28,595 - DEBUG -    半径残差 r(θ): 0.005130
2025-08-25 02:41:28,604 - DEBUG -    数据残差 f(θ): [[ 0.00244118]
 [ 0.01063929]
 [-0.0024699 ]
 [-0.00317317]
 [ 0.010365  ]
 [ 0.00125789]
 [-0.00243935]
 [-0.00673693]
 [-0.00374003]
 [ 0.00380758]
 [ 0.01200304]
 [ 0.01738998]
 [ 0.02069618]
 [ 0.02328148]
 [ 0.02123822]
 [ 0.01897292]
 [ 0.01574022]
 [ 0.01071444]
 [ 0.00583224]
 [ 0.00217667]
 [ 0.00151091]]
2025-08-25 02:41:28,604 - DEBUG -    约束残差 g(θ): [[7.74117125e-05]]
2025-08-25 02:41:28,604 - DEBUG -    半径残差 r(θ): [[0.00513017]]
2025-08-25 02:41:28,604 - DEBUG - 🔍 状态变化计算: 参数变化=0.000022, 残差变化=0.000000
2025-08-25 02:41:28,604 - INFO - -----------------------------------------------------------------------------------
2025-08-25 02:41:28,604 - DEBUG - 🔍 权重管理器状态更新详情:
2025-08-25 02:41:28,604 - DEBUG -    当前迭代: 14
2025-08-25 02:41:28,604 - DEBUG -    参数变化: 0.000022 (阈值: 0.000005)
2025-08-25 02:41:28,604 - DEBUG -    残差变化: 0.000000 (阈值: 0.000005)
2025-08-25 02:41:28,604 - DEBUG -    几何权重因子: 10
2025-08-25 02:41:28,604 - DEBUG - ⏸️ 保持图像置信度权重: 参数变化=2.20e-05, 残差变化=1.21e-07
2025-08-25 02:41:28,604 - DEBUG - 状态已保存: 参数=[ 0.0634711  -0.03546655  0.60387554  0.01713017], 残差范数=0.054366
2025-08-25 02:41:28,604 - DEBUG - 🔍 获取visibility信息: 形状=(21,), 范围=[1.000, 1.000]
2025-08-25 02:41:28,604 - DEBUG - 🔧 设置图像置信度权重: 21个点
2025-08-25 02:41:28,604 - DEBUG - 🔍 开始计算权重矩阵:
2025-08-25 02:41:28,604 - DEBUG -    点类型: ['pupil_center', 'iris_boundaries', 'iris_boundaries', 'iris_boundaries', 'iris_boundaries', 'eye_contours', 'eye_contours', 'eye_contours', 'eye_contours', 'eye_contours', 'eye_contours', 'eye_contours', 'eye_contours', 'eye_contours', 'eye_contours', 'eye_contours', 'eye_contours', 'eye_contours', 'eye_contours', 'eye_contours', 'eye_contours']
2025-08-25 02:41:28,604 - DEBUG -    残差向量: 形状=(21,), 范数=0.054366
2025-08-25 02:41:28,604 - DEBUG -    Visibility: 形状=(21,), 均值=1.000
2025-08-25 02:41:28,604 - DEBUG - 🔍 权重矩阵计算成功: 形状=(21, 21)
2025-08-25 02:41:28,604 - DEBUG - 🔍 几何权重统计:
2025-08-25 02:41:28,604 - DEBUG -    权重向量: [[1.]
 [1.]
 [1.]
 [1.]
 [1.]
 [1.]
 [1.]
 [1.]
 [1.]
 [1.]
 [1.]
 [1.]
 [1.]
 [1.]
 [1.]
 [1.]
 [1.]
 [1.]
 [1.]
 [1.]
 [1.]]
2025-08-25 02:41:28,604 - DEBUG -    权重范围: [1.000000, 1.000000]
2025-08-25 02:41:28,604 - DEBUG -    权重均值: 1.000000
2025-08-25 02:41:28,604 - DEBUG -    权重标准差: 0.000000
2025-08-25 02:41:28,604 - DEBUG -    高权重点(>0.8): 21/21
2025-08-25 02:41:28,604 - DEBUG -    低权重点(<0.2): 0/21
2025-08-25 02:41:28,604 - INFO - -----------------------------------------------------------------------------------
2025-08-25 02:41:28,604 - DEBUG - 🔍 开始求解LM更新方程:
2025-08-25 02:41:28,604 - DEBUG -    数据残差: 形状=(21,), 范数=0.054366
2025-08-25 02:41:28,611 - DEBUG -    约束残差: 形状=(1,), 范数=0.000077
2025-08-25 02:41:28,611 - DEBUG - 🔍 计算数据残差雅可比矩阵 J_f: 形状=(21, 4)
2025-08-25 02:41:28,611 - DEBUG - 🔍 J_f矩阵计算完成: 条件数=2.29e+01
2025-08-25 02:41:28,611 - DEBUG - 🔍 深度约束雅可比计算: u=-2.519662, σ=0.074491, J_h=[[ 0.          0.         -0.07449127  0.        ]]
2025-08-25 02:41:28,611 - DEBUG - 🔍 半径先验雅可比: J_r=[[0. 0. 0. 1.]]
2025-08-25 02:41:28,611 - DEBUG - 🔍 使用几何权重矩阵: 形状=(21, 21)
2025-08-25 02:41:28,611 - DEBUG - 🔍 Hessian矩阵计算:
2025-08-25 02:41:28,611 - DEBUG -    H_data = J_f^T W J_f: 形状=(4, 4), 条件数=5.25e+02
2025-08-25 02:41:28,611 - DEBUG -    H_h = λ_depth J_h^T J_h: 形状=(4, 4), λ_depth=1000.0
2025-08-25 02:41:28,611 - DEBUG -    H_r = λ_radius J_r^T J_r: 形状=(4, 4), λ_radius=1.0
2025-08-25 02:41:28,611 - DEBUG -    H_total: 形状=(4, 4), 条件数=7.18e+01
2025-08-25 02:41:28,611 - DEBUG - 🔍 梯度计算:
2025-08-25 02:41:28,611 - DEBUG -    g_data: 形状=(4,), 范数=0.223714
2025-08-25 02:41:28,611 - DEBUG -    g_h: 形状=(4,), 范数=0.005766
2025-08-25 02:41:28,611 - DEBUG -    g_r: 形状=(4,), 范数=0.005130
2025-08-25 02:41:28,611 - DEBUG -    g_total: 形状=(4,), 范数=0.220509
2025-08-25 02:41:28,611 - DEBUG - 🔍 LM阻尼矩阵: H_lm = H_total + 10000.0 * I
2025-08-25 02:41:28,611 - DEBUG -    H_lm条件数: 1.00e+00
2025-08-25 02:41:28,611 - DEBUG - 🔍 线性方程组求解成功:
2025-08-25 02:41:28,611 - DEBUG -    参数更新向量 Δθ: [[-1.45537415e-05]
 [-5.55805918e-06]
 [ 1.89324769e-06]
 [ 1.53764701e-05]]
2025-08-25 02:41:28,611 - DEBUG -    更新向量范数: 0.000022
2025-08-25 02:41:28,611 - DEBUG -    各分量更新: Δc_x=-0.000015, Δc_y=-0.000006, Δc_z=0.000002, Δr=0.000015
2025-08-25 02:41:28,611 - DEBUG -    参数更新:
2025-08-25 02:41:28,611 - DEBUG -      旧参数: [[ 0.0634711 ]
 [-0.03546655]
 [ 0.60387554]
 [ 0.01713017]]
2025-08-25 02:41:28,611 - DEBUG -      更新向量: [[-1.45537415e-05]
 [-5.55805918e-06]
 [ 1.89324769e-06]
 [ 1.53764701e-05]]
2025-08-25 02:41:28,611 - DEBUG -      新参数: [[ 0.06345655]
 [-0.03547211]
 [ 0.60387743]
 [ 0.01714554]]
2025-08-25 02:41:28,611 - INFO - -----------------------------------------------------------------------------------
2025-08-25 02:41:28,611 - INFO - 🔍 迭代第14次，球心向右0.014554mm，向上0.005558mm，向后0.001893mm，半径变大0.015376mm
2025-08-25 02:41:28,611 - INFO - 📊 变化前: 中心(0.063, -0.035, 0.604), 半径17.13mm
2025-08-25 02:41:28,611 - INFO - 📊 变化后: 中心(0.063, -0.035, 0.604), 半径17.15mm
2025-08-25 02:41:28,611 - INFO - 📈 变化量: 中心移动0.02mm, 半径变化0.02mm
2025-08-25 02:41:28,611 - INFO - 📍 眼球中心: [ 0.0634711  -0.03546655  0.60387554]
2025-08-25 02:41:28,611 - INFO - 📏 眼球半径: 17.13mm
2025-08-25 02:41:28,611 - INFO - 👁️ 瞳孔中心: [ 0.08       -0.02533333  0.60000002]
2025-08-25 02:41:28,611 - INFO - 📐 眼球中心在瞳孔中心的左16.53mm，上10.13mm，后3.88mm
2025-08-25 02:41:28,611 - INFO - 📏 距离: 19.77mm
2025-08-25 02:41:28,611 - INFO - -----------------------------------------------------------------------------------
2025-08-25 02:41:28,611 - INFO - -----------------------------------------------------------------------------------
2025-08-25 02:41:28,611 - DEBUG - 🔍 参数有效性检查:
2025-08-25 02:41:28,611 - DEBUG -    参数向量: [[ 0.06345655]
 [-0.03547211]
 [ 0.60387743]
 [ 0.01714554]]
2025-08-25 02:41:28,611 - DEBUG -    球心: [ 0.06345655 -0.03547211  0.60387743]
2025-08-25 02:41:28,611 - DEBUG -    半径: 0.017146
2025-08-25 02:41:28,611 - DEBUG - 🔍 函数值计算详情:
2025-08-25 02:41:28,611 - DEBUG -    数据项 F(θ): 0.001478
2025-08-25 02:41:28,611 - DEBUG -    深度约束项: 0.000003
2025-08-25 02:41:28,620 - DEBUG -    半径先验项: 0.000013
2025-08-25 02:41:28,620 - DEBUG -    总函数值 Φ(θ): 0.001494
2025-08-25 02:41:28,620 - DEBUG -    函数值改善: -0.000000
2025-08-25 02:41:28,620 - DEBUG - 🔍 参数有效: False
2025-08-25 02:41:28,620 - DEBUG -    参数无效，阻尼因子调整: λ_LM = 1.00e+05
2025-08-25 02:41:28,623 - DEBUG - 🔍 迭代 16/30:
2025-08-25 02:41:28,623 - DEBUG - 🔍 计算点到球心距离: 形状=(21,)
2025-08-25 02:41:28,623 - DEBUG - 🔍 生理偏差向量计算:
2025-08-25 02:41:28,623 - DEBUG -    点类型列表: ['pupil_center', 'iris_boundaries', 'iris_boundaries', 'iris_boundaries', 'iris_boundaries', 'eye_contours', 'eye_contours', 'eye_contours', 'eye_contours', 'eye_contours', 'eye_contours', 'eye_contours', 'eye_contours', 'eye_contours', 'eye_contours', 'eye_contours', 'eye_contours', 'eye_contours', 'eye_contours', 'eye_contours', 'eye_contours']
2025-08-25 02:41:28,624 - DEBUG -    偏差向量: [0.0002  0.00085 0.00085 0.00085 0.00085 0.0015  0.0015  0.0015  0.0015
 0.0015  0.0015  0.0015  0.0015  0.0015  0.0015  0.0015  0.0015  0.0015
 0.0015  0.0015  0.0015 ]
2025-08-25 02:41:28,624 - DEBUG -    向量形状: (21,)
2025-08-25 02:41:28,625 - DEBUG -    偏差统计: 均值=0.001314, 标准差=0.000356
2025-08-25 02:41:28,625 - DEBUG - 获取生理偏差: 点类型=['pupil_center', 'iris_boundaries', 'iris_boundaries', 'iris_boundaries', 'iris_boundaries', 'eye_contours', 'eye_contours', 'eye_contours', 'eye_contours', 'eye_contours', 'eye_contours', 'eye_contours', 'eye_contours', 'eye_contours', 'eye_contours', 'eye_contours', 'eye_contours', 'eye_contours', 'eye_contours', 'eye_contours', 'eye_contours'], 偏差值=[0.0002  0.00085 0.00085 0.00085 0.00085 0.0015  0.0015  0.0015  0.0015
 0.0015  0.0015  0.0015  0.0015  0.0015  0.0015  0.0015  0.0015  0.0015
 0.0015  0.0015  0.0015 ]
2025-08-25 02:41:28,626 - INFO - -----------------------------------------------------------------------------------
2025-08-25 02:41:28,626 - DEBUG - 🔍 拟合残差计算详情:
2025-08-25 02:41:28,626 - DEBUG -    球心坐标: [ 0.0634711  -0.03546655  0.60387554]
2025-08-25 02:41:28,626 - DEBUG -    球体半径: 0.017130
2025-08-25 02:41:28,626 - DEBUG -    采样点数: 21
2025-08-25 02:41:28,627 - DEBUG -    点类型分布: {'eye_contours': 16, 'iris_boundaries': 4, 'pupil_center': 1}
2025-08-25 02:41:28,627 - DEBUG -    理论距离向量: [0.01733017 0.01798017 0.01798017 0.01798017 0.01798017 0.01863017
 0.01863017 0.01863017 0.01863017 0.01863017 0.01863017 0.01863017
 0.01863017 0.01863017 0.01863017 0.01863017 0.01863017 0.01863017
 0.01863017 0.01863017 0.01863017]
2025-08-25 02:41:28,627 - DEBUG -    实际距离向量: [0.01977135 0.02861946 0.01551027 0.014807   0.02834516 0.01988805
 0.01619082 0.01189324 0.01489014 0.02243774 0.0306332  0.03602015
 0.03932634 0.04191164 0.03986839 0.03760309 0.03437039 0.0293446
 0.02446241 0.02080684 0.02014107]
2025-08-25 02:41:28,628 - DEBUG -    生理偏差向量: [0.0002  0.00085 0.00085 0.00085 0.00085 0.0015  0.0015  0.0015  0.0015
 0.0015  0.0015  0.0015  0.0015  0.0015  0.0015  0.0015  0.0015  0.0015
 0.0015  0.0015  0.0015 ]
2025-08-25 02:41:28,628 - DEBUG -    残差向量 f(θ): 
[[ 0.00244118]
 [ 0.01063929]
 [-0.0024699 ]
 [-0.00317317]
 [ 0.010365  ]
 [ 0.00125789]
 [-0.00243935]
 [-0.00673693]
 [-0.00374003]
 [ 0.00380758]
 [ 0.01200304]
 [ 0.01738998]
 [ 0.02069618]
 [ 0.02328148]
 [ 0.02123822]
 [ 0.01897292]
 [ 0.01574022]
 [ 0.01071444]
 [ 0.00583224]
 [ 0.00217667]
 [ 0.00151091]]
2025-08-25 02:41:28,628 - DEBUG -    平均残差范数: 0.002589
2025-08-25 02:41:28,629 - DEBUG -    残差范数=0.054366
2025-08-25 02:41:28,629 - INFO - -----------------------------------------------------------------------------------
2025-08-25 02:41:28,629 - DEBUG - 🔍 深度约束计算详情 (softplus):
2025-08-25 02:41:28,629 - DEBUG -    采样点Z坐标范围: [0.599910, 0.601156]
2025-08-25 02:41:28,629 - DEBUG -    球心Z坐标: 0.603876
2025-08-25 02:41:28,629 - DEBUG -    深度偏移ε: 0.000200
2025-08-25 02:41:28,629 - DEBUG -    softplus参数τ: 0.001000
2025-08-25 02:41:28,629 - DEBUG -    原始违反值: -0.002520
2025-08-25 02:41:28,630 - DEBUG -    softplus输入 u: -2.519662
2025-08-25 02:41:28,630 - DEBUG -    约束惩罚 h(θ): 0.000077
2025-08-25 02:41:28,630 - DEBUG -    🟢 深度约束满足: 球心深度足够
2025-08-25 02:41:28,630 - INFO - -----------------------------------------------------------------------------------
2025-08-25 02:41:28,630 - DEBUG - 🔍 半径惩罚计算详情:
2025-08-25 02:41:28,630 - DEBUG -    当前半径: 0.017130
2025-08-25 02:41:28,630 - DEBUG -    半径先验值: 0.012000
2025-08-25 02:41:28,630 - DEBUG -    半径残差 r(θ): 0.005130
2025-08-25 02:41:28,631 - DEBUG -    数据残差 f(θ): [[ 0.00244118]
 [ 0.01063929]
 [-0.0024699 ]
 [-0.00317317]
 [ 0.010365  ]
 [ 0.00125789]
 [-0.00243935]
 [-0.00673693]
 [-0.00374003]
 [ 0.00380758]
 [ 0.01200304]
 [ 0.01738998]
 [ 0.02069618]
 [ 0.02328148]
 [ 0.02123822]
 [ 0.01897292]
 [ 0.01574022]
 [ 0.01071444]
 [ 0.00583224]
 [ 0.00217667]
 [ 0.00151091]]
2025-08-25 02:41:28,631 - DEBUG -    约束残差 g(θ): [[7.74117125e-05]]
2025-08-25 02:41:28,631 - DEBUG -    半径残差 r(θ): [[0.00513017]]
2025-08-25 02:41:28,631 - DEBUG - 🔍 状态变化计算: 参数变化=0.000000, 残差变化=0.000000
2025-08-25 02:41:28,631 - INFO - -----------------------------------------------------------------------------------
2025-08-25 02:41:28,631 - DEBUG - 🔍 权重管理器状态更新详情:
2025-08-25 02:41:28,631 - DEBUG -    当前迭代: 15
2025-08-25 02:41:28,631 - DEBUG -    参数变化: 0.000000 (阈值: 0.000005)
2025-08-25 02:41:28,631 - DEBUG -    残差变化: 0.000000 (阈值: 0.000005)
2025-08-25 02:41:28,631 - DEBUG -    几何权重因子: 10
2025-08-25 02:41:28,631 - DEBUG - ⏸️ 保持图像置信度权重: 参数变化=0.00e+00, 残差变化=0.00e+00
2025-08-25 02:41:28,631 - DEBUG - 状态已保存: 参数=[ 0.0634711  -0.03546655  0.60387554  0.01713017], 残差范数=0.054366
2025-08-25 02:41:28,631 - DEBUG - 🔍 获取visibility信息: 形状=(21,), 范围=[1.000, 1.000]
2025-08-25 02:41:28,631 - DEBUG - 🔧 设置图像置信度权重: 21个点
2025-08-25 02:41:28,631 - DEBUG - 🔍 开始计算权重矩阵:
2025-08-25 02:41:28,631 - DEBUG -    点类型: ['pupil_center', 'iris_boundaries', 'iris_boundaries', 'iris_boundaries', 'iris_boundaries', 'eye_contours', 'eye_contours', 'eye_contours', 'eye_contours', 'eye_contours', 'eye_contours', 'eye_contours', 'eye_contours', 'eye_contours', 'eye_contours', 'eye_contours', 'eye_contours', 'eye_contours', 'eye_contours', 'eye_contours', 'eye_contours']
2025-08-25 02:41:28,631 - DEBUG -    残差向量: 形状=(21,), 范数=0.054366
2025-08-25 02:41:28,631 - DEBUG -    Visibility: 形状=(21,), 均值=1.000
2025-08-25 02:41:28,631 - DEBUG - 🔍 权重矩阵计算成功: 形状=(21, 21)
2025-08-25 02:41:28,631 - DEBUG - 🔍 几何权重统计:
2025-08-25 02:41:28,631 - DEBUG -    权重向量: [[1.]
 [1.]
 [1.]
 [1.]
 [1.]
 [1.]
 [1.]
 [1.]
 [1.]
 [1.]
 [1.]
 [1.]
 [1.]
 [1.]
 [1.]
 [1.]
 [1.]
 [1.]
 [1.]
 [1.]
 [1.]]
2025-08-25 02:41:28,631 - DEBUG -    权重范围: [1.000000, 1.000000]
2025-08-25 02:41:28,635 - DEBUG -    权重均值: 1.000000
2025-08-25 02:41:28,635 - DEBUG -    权重标准差: 0.000000
2025-08-25 02:41:28,635 - DEBUG -    高权重点(>0.8): 21/21
2025-08-25 02:41:28,635 - DEBUG -    低权重点(<0.2): 0/21
2025-08-25 02:41:28,635 - INFO - -----------------------------------------------------------------------------------
2025-08-25 02:41:28,637 - DEBUG - 🔍 开始求解LM更新方程:
2025-08-25 02:41:28,637 - DEBUG -    数据残差: 形状=(21,), 范数=0.054366
2025-08-25 02:41:28,637 - DEBUG -    约束残差: 形状=(1,), 范数=0.000077
2025-08-25 02:41:28,637 - DEBUG - 🔍 计算数据残差雅可比矩阵 J_f: 形状=(21, 4)
2025-08-25 02:41:28,637 - DEBUG - 🔍 J_f矩阵计算完成: 条件数=2.29e+01
2025-08-25 02:41:28,637 - DEBUG - 🔍 深度约束雅可比计算: u=-2.519662, σ=0.074491, J_h=[[ 0.          0.         -0.07449127  0.        ]]
2025-08-25 02:41:28,637 - DEBUG - 🔍 半径先验雅可比: J_r=[[0. 0. 0. 1.]]
2025-08-25 02:41:28,637 - DEBUG - 🔍 使用几何权重矩阵: 形状=(21, 21)
2025-08-25 02:41:28,637 - DEBUG - 🔍 Hessian矩阵计算:
2025-08-25 02:41:28,637 - DEBUG -    H_data = J_f^T W J_f: 形状=(4, 4), 条件数=5.25e+02
2025-08-25 02:41:28,637 - DEBUG -    H_h = λ_depth J_h^T J_h: 形状=(4, 4), λ_depth=1000.0
2025-08-25 02:41:28,637 - DEBUG -    H_r = λ_radius J_r^T J_r: 形状=(4, 4), λ_radius=1.0
2025-08-25 02:41:28,637 - DEBUG -    H_total: 形状=(4, 4), 条件数=7.18e+01
2025-08-25 02:41:28,637 - DEBUG - 🔍 梯度计算:
2025-08-25 02:41:28,637 - DEBUG -    g_data: 形状=(4,), 范数=0.223714
2025-08-25 02:41:28,637 - DEBUG -    g_h: 形状=(4,), 范数=0.005766
2025-08-25 02:41:28,637 - DEBUG -    g_r: 形状=(4,), 范数=0.005130
2025-08-25 02:41:28,637 - DEBUG -    g_total: 形状=(4,), 范数=0.220509
2025-08-25 02:41:28,637 - DEBUG - 🔍 LM阻尼矩阵: H_lm = H_total + 100000.0 * I
2025-08-25 02:41:28,637 - DEBUG -    H_lm条件数: 1.00e+00
2025-08-25 02:41:28,637 - DEBUG - 🔍 线性方程组求解成功:
2025-08-25 02:41:28,637 - DEBUG -    参数更新向量 Δθ: [[-1.45922496e-06]
 [-5.58564517e-07]
 [ 1.90263725e-07]
 [ 1.54316198e-06]]
2025-08-25 02:41:28,637 - DEBUG -    更新向量范数: 0.000002
2025-08-25 02:41:28,637 - DEBUG -    各分量更新: Δc_x=-0.000001, Δc_y=-0.000001, Δc_z=0.000000, Δr=0.000002
2025-08-25 02:41:28,644 - DEBUG -    参数更新:
2025-08-25 02:41:28,644 - DEBUG -      旧参数: [[ 0.0634711 ]
 [-0.03546655]
 [ 0.60387554]
 [ 0.01713017]]
2025-08-25 02:41:28,644 - DEBUG -      更新向量: [[-1.45922496e-06]
 [-5.58564517e-07]
 [ 1.90263725e-07]
 [ 1.54316198e-06]]
2025-08-25 02:41:28,644 - DEBUG -      新参数: [[ 0.06346965]
 [-0.03546711]
 [ 0.60387573]
 [ 0.01713171]]
2025-08-25 02:41:28,644 - INFO - -----------------------------------------------------------------------------------
2025-08-25 02:41:28,644 - INFO - 🔍 迭代第15次，球心向右0.001459mm，向上0.000559mm，向后0.000190mm，半径变大0.001543mm
2025-08-25 02:41:28,644 - INFO - 📊 变化前: 中心(0.063, -0.035, 0.604), 半径17.13mm
2025-08-25 02:41:28,644 - INFO - 📊 变化后: 中心(0.063, -0.035, 0.604), 半径17.13mm
2025-08-25 02:41:28,644 - INFO - 📈 变化量: 中心移动0.00mm, 半径变化0.00mm
2025-08-25 02:41:28,644 - INFO - 📍 眼球中心: [ 0.0634711  -0.03546655  0.60387554]
2025-08-25 02:41:28,644 - INFO - 📏 眼球半径: 17.13mm
2025-08-25 02:41:28,644 - INFO - 👁️ 瞳孔中心: [ 0.08       -0.02533333  0.60000002]
2025-08-25 02:41:28,644 - INFO - 📐 眼球中心在瞳孔中心的左16.53mm，上10.13mm，后3.88mm
2025-08-25 02:41:28,644 - INFO - 📏 距离: 19.77mm
2025-08-25 02:41:28,644 - INFO - -----------------------------------------------------------------------------------
2025-08-25 02:41:28,644 - INFO - -----------------------------------------------------------------------------------
2025-08-25 02:41:28,644 - DEBUG - 🔍 参数有效性检查:
2025-08-25 02:41:28,644 - DEBUG -    参数向量: [[ 0.06346965]
 [-0.03546711]
 [ 0.60387573]
 [ 0.01713171]]
2025-08-25 02:41:28,644 - DEBUG -    球心: [ 0.06346965 -0.03546711  0.60387573]
2025-08-25 02:41:28,644 - DEBUG -    半径: 0.017132
2025-08-25 02:41:28,644 - DEBUG - 🔍 函数值计算详情:
2025-08-25 02:41:28,644 - DEBUG -    数据项 F(θ): 0.001478
2025-08-25 02:41:28,644 - DEBUG -    深度约束项: 0.000003
2025-08-25 02:41:28,644 - DEBUG -    半径先验项: 0.000013
2025-08-25 02:41:28,644 - DEBUG -    总函数值 Φ(θ): 0.001494
2025-08-25 02:41:28,644 - DEBUG -    函数值改善: 0.000000
2025-08-25 02:41:28,644 - DEBUG - 🔍 参数有效: True
2025-08-25 02:41:28,644 - DEBUG -    参数更新成功:
2025-08-25 02:41:28,644 - DEBUG -      新球心: [ 0.06346965 -0.03546711  0.60387573]
2025-08-25 02:41:28,644 - DEBUG -      新半径: 0.017132
2025-08-25 02:41:28,644 - INFO - -----------------------------------------------------------------------------------
2025-08-25 02:41:28,644 - DEBUG - 🔍 LM收敛性检查:
2025-08-25 02:41:28,644 - DEBUG -    当前迭代次数: 15
2025-08-25 02:41:28,644 - DEBUG -    最大迭代次数: 30
2025-08-25 02:41:28,644 - DEBUG -    参数变化: 0.000002
2025-08-25 02:41:28,644 - DEBUG -    参数容忍度: 5e-06
2025-08-25 02:41:28,644 - DEBUG -    残差变化: 0.000000
2025-08-25 02:41:28,644 - DEBUG -    残差容忍度: 5e-06
2025-08-25 02:41:28,644 - INFO - ✅ LM收敛：参数变化2.20e-06 < 5e-06，平均残差变化0.00e+00 < 5e-06
2025-08-25 02:41:28,644 - INFO - ✅ LM优化收敛: 迭代15次
2025-08-25 02:41:28,644 - DEBUG - 🔍 优化结束状态:
2025-08-25 02:41:28,644 - DEBUG -    最终参数: [[ 0.06346965]
 [-0.03546711]
 [ 0.60387573]
 [ 0.01713171]]
2025-08-25 02:41:28,644 - DEBUG -    最终球心: [ 0.06346965 -0.03546711  0.60387573]
2025-08-25 02:41:28,644 - DEBUG -    最终半径: 0.017132
2025-08-25 02:41:28,644 - DEBUG -    是否收敛: True
2025-08-25 02:41:28,644 - DEBUG -    迭代次数: 15
2025-08-25 02:41:28,644 - INFO - -----------------------------------------------------------------------------------
2025-08-25 02:41:28,644 - DEBUG - 🔍 更新最终状态:
2025-08-25 02:41:28,652 - DEBUG - 🔍 计算点到球心距离: 形状=(21,)
2025-08-25 02:41:28,653 - DEBUG - 🔍 生理偏差向量计算:
2025-08-25 02:41:28,653 - DEBUG -    点类型列表: ['pupil_center', 'iris_boundaries', 'iris_boundaries', 'iris_boundaries', 'iris_boundaries', 'eye_contours', 'eye_contours', 'eye_contours', 'eye_contours', 'eye_contours', 'eye_contours', 'eye_contours', 'eye_contours', 'eye_contours', 'eye_contours', 'eye_contours', 'eye_contours', 'eye_contours', 'eye_contours', 'eye_contours', 'eye_contours']
2025-08-25 02:41:28,656 - DEBUG -    偏差向量: [0.0002  0.00085 0.00085 0.00085 0.00085 0.0015  0.0015  0.0015  0.0015
 0.0015  0.0015  0.0015  0.0015  0.0015  0.0015  0.0015  0.0015  0.0015
 0.0015  0.0015  0.0015 ]
2025-08-25 02:41:28,656 - DEBUG -    向量形状: (21,)
2025-08-25 02:41:28,656 - DEBUG -    偏差统计: 均值=0.001314, 标准差=0.000356
2025-08-25 02:41:28,656 - DEBUG - 获取生理偏差: 点类型=['pupil_center', 'iris_boundaries', 'iris_boundaries', 'iris_boundaries', 'iris_boundaries', 'eye_contours', 'eye_contours', 'eye_contours', 'eye_contours', 'eye_contours', 'eye_contours', 'eye_contours', 'eye_contours', 'eye_contours', 'eye_contours', 'eye_contours', 'eye_contours', 'eye_contours', 'eye_contours', 'eye_contours', 'eye_contours'], 偏差值=[0.0002  0.00085 0.00085 0.00085 0.00085 0.0015  0.0015  0.0015  0.0015
 0.0015  0.0015  0.0015  0.0015  0.0015  0.0015  0.0015  0.0015  0.0015
 0.0015  0.0015  0.0015 ]
2025-08-25 02:41:28,656 - INFO - -----------------------------------------------------------------------------------
2025-08-25 02:41:28,656 - DEBUG - 🔍 拟合残差计算详情:
2025-08-25 02:41:28,656 - DEBUG -    球心坐标: [ 0.06346965 -0.03546711  0.60387573]
2025-08-25 02:41:28,656 - DEBUG -    球体半径: 0.017132
2025-08-25 02:41:28,656 - DEBUG -    采样点数: 21
2025-08-25 02:41:28,656 - DEBUG -    点类型分布: {'eye_contours': 16, 'iris_boundaries': 4, 'pupil_center': 1}
2025-08-25 02:41:28,656 - DEBUG -    理论距离向量: [0.01733171 0.01798171 0.01798171 0.01798171 0.01798171 0.01863171
 0.01863171 0.01863171 0.01863171 0.01863171 0.01863171 0.01863171
 0.01863171 0.01863171 0.01863171 0.01863171 0.01863171 0.01863171
 0.01863171 0.01863171 0.01863171]
2025-08-25 02:41:28,660 - DEBUG -    实际距离向量: [0.01977289 0.02862103 0.01551178 0.01480822 0.02834656 0.01988842
 0.01619136 0.01189437 0.01489169 0.02243929 0.03063475 0.0360217
 0.0393279  0.0419132  0.03986996 0.03760466 0.03437194 0.02934607
 0.02446369 0.02080777 0.02014165]
2025-08-25 02:41:28,660 - DEBUG -    生理偏差向量: [0.0002  0.00085 0.00085 0.00085 0.00085 0.0015  0.0015  0.0015  0.0015
 0.0015  0.0015  0.0015  0.0015  0.0015  0.0015  0.0015  0.0015  0.0015
 0.0015  0.0015  0.0015 ]
2025-08-25 02:41:28,660 - DEBUG -    残差向量 f(θ): 
[[ 0.00244118]
 [ 0.01063932]
 [-0.00246993]
 [-0.00317349]
 [ 0.01036485]
 [ 0.00125671]
 [-0.00244035]
 [-0.00673734]
 [-0.00374002]
 [ 0.00380759]
 [ 0.01200304]
 [ 0.01738999]
 [ 0.02069619]
 [ 0.0232815 ]
 [ 0.02123825]
 [ 0.01897295]
 [ 0.01574023]
 [ 0.01071436]
 [ 0.00583198]
 [ 0.00217606]
 [ 0.00150994]]
2025-08-25 02:41:28,660 - DEBUG -    平均残差范数: 0.002589
2025-08-25 02:41:28,660 - DEBUG -    残差范数=0.054366
2025-08-25 02:41:28,660 - DEBUG -    最终残差向量: [[ 0.00244118]
 [ 0.01063932]
 [-0.00246993]
 [-0.00317349]
 [ 0.01036485]
 [ 0.00125671]
 [-0.00244035]
 [-0.00673734]
 [-0.00374002]
 [ 0.00380759]
 [ 0.01200304]
 [ 0.01738999]
 [ 0.02069619]
 [ 0.0232815 ]
 [ 0.02123825]
 [ 0.01897295]
 [ 0.01574023]
 [ 0.01071436]
 [ 0.00583198]
 [ 0.00217606]
 [ 0.00150994]]
2025-08-25 02:41:28,660 - DEBUG -    最终残差范数: 0.054366
2025-08-25 02:41:28,660 - DEBUG -    内点比例: 1.000000
2025-08-25 02:41:28,660 - DEBUG -    质量分数: 0.000000
2025-08-25 02:41:28,660 - DEBUG -    收敛迭代次数: 15
2025-08-25 02:41:28,660 - DEBUG -    是否收敛: True
2025-08-25 02:41:28,660 - DEBUG -    警告信息: ['迭代1: 参数无效，阻尼因子=1.00e-01', '迭代4: 参数无效，阻尼因子=1.00e+00', '迭代6: 参数无效，阻尼因子=1.00e+01', '迭代8: 参数无效，阻尼因子=1.00e+02', '迭代10: 参数无效，阻尼因子=1.00e+03', '迭代12: 参数无效，阻尼因子=1.00e+04', '迭代14: 参数无效，阻尼因子=1.00e+05']
2025-08-25 02:41:28,660 - INFO - ✅ 优化完成: 最终中心点=(0.063, -0.035, 0.604), 半径=0.017m
2025-08-25 02:41:28,660 - INFO - 拟合完成 - 拟合结果:
  📍 中心点: (0.063, -0.035, 0.604)
  📏 半径: 0.02mm
  🔄 收敛状态: ✓ 已收敛
  📊 内点比例: 100.0% (21/21)
  🎯 质量分数: 0.000
  📈 迭代次数: 15
  📉 最终残差: 5.44e-02
⚠️  警告: 迭代1: 参数无效，阻尼因子=1.00e-01; 迭代4: 参数无效，阻尼因子=1.00e+00; 迭代6: 参数无效，阻尼因子=1.00e+01; 迭代8: 参数无效，阻尼因子=1.00e+02; 迭代10: 参数无效，阻尼因子=1.00e+03; 迭代12: 参数无效，阻尼因子=1.00e+04; 迭代14: 参数无效，阻尼因子=1.00e+05
2025-08-25 02:41:28,660 - DEBUG - left眼拟合完成: shape=椭球参数 (球体):
  📏 主轴长度: (0.017, 0.017, 0.017) m
  📍 中心坐标: (0.063, -0.035, 0.604) m
  🔄 旋转矩阵: 3x3 单位矩阵, center=[ 0.06346965 -0.03546711  0.60387573]
2025-08-25 02:41:28,660 - DEBUG - 左眼拟合完成
2025-08-25 02:41:28,660 - DEBUG - _fit_one_eye开始: eye_key=right
2025-08-25 02:41:28,660 - DEBUG - 更新trials_times: 2
2025-08-25 02:41:28,660 - DEBUG - 开始提取right眼关键点坐标
2025-08-25 02:41:28,660 - DEBUG - _extract_eye_key_coordinates开始: eye_key=right
2025-08-25 02:41:28,667 - DEBUG - self._key_coordinates: {'pupil_center': {'left': array([ 0.08      , -0.02533333,  0.60000002,  1.        ]), 'right': array([-0.02266667, -0.01066667,  0.60000002,  1.        ])}, 'iris_boundaries': {'left': [array([ 0.0901071 , -0.02565926,  0.60021299,  1.        ]), array([ 0.07847116, -0.03393475,  0.60023957,  1.        ]), array([ 0.07062358, -0.02298462,  0.60036975,  1.        ]), array([ 0.08216123, -0.01446647,  0.60025287,  1.        ])], 'right': [array([-0.01297184, -0.01065953,  0.6003809 ,  1.        ]), array([-0.02316432, -0.01898882,  0.60024846,  1.        ]), array([-0.03159183, -0.00840208,  0.60025048,  1.        ]), array([-2.12783954e-02, -5.52054254e-05,  6.00488424e-01,  1.00000000e+00])]}, 'eye_contours': {'left': [array([ 0.06062001, -0.01611111,  0.60030162,  1.        ]), array([ 0.06293426, -0.01970156,  0.60022599,  1.        ]), array([ 0.06830472, -0.0252949 ,  0.60005158,  1.        ]), array([ 0.07649071, -0.02942634,  0.59991044,  1.        ]), array([ 0.08505982, -0.03080098,  0.59992433,  1.        ]), array([ 0.09339851, -0.03011907,  0.60011423,  1.        ]), array([ 0.09860911, -0.02833148,  0.60043144,  1.        ]), array([ 0.10171931, -0.02688636,  0.60071069,  1.        ]), array([ 0.10413888, -0.0257033 ,  0.60115588,  1.        ]), array([ 0.10101327, -0.02243405,  0.60067743,  1.        ]), array([ 0.09764804, -0.02010869,  0.60070294,  1.        ]), array([ 0.0926703 , -0.01771297,  0.60019577,  1.        ]), array([ 0.0848776 , -0.0157501 ,  0.60011673,  1.        ]), array([ 0.07674458, -0.01527755,  0.60005081,  1.        ]), array([ 0.06874312, -0.01568985,  0.60013223,  1.        ]), array([ 0.06342376, -0.01565661,  0.60023868,  1.        ])], 'right': [array([-0.04276898, -0.00572669,  0.60117418,  1.        ]), array([-0.03883486, -0.00346196,  0.6006757 ,  1.        ]), array([-0.03492357, -0.00213801,  0.60044622,  1.        ]), array([-0.02955334, -0.00104337,  0.60035825,  1.        ]), array([-0.0216634 , -0.00103065,  0.60022932,  1.        ]), array([-0.01399343, -0.00252395,  0.60008383,  1.        ]), array([-0.0067412 , -0.00481996,  0.60019881,  1.        ]), array([-0.00184468, -0.00614029,  0.60021222,  1.        ]), array([ 6.25852114e-04, -7.20461304e-03,  6.00183070e-01,  1.00000000e+00]), array([-0.00238687, -0.00986611,  0.60017097,  1.        ]), array([-0.00868017, -0.01346417,  0.60003912,  1.        ]), array([-0.01718694, -0.01507118,  0.5999158 ,  1.        ]), array([-0.02524156, -0.01436046,  0.59994543,  1.        ]), array([-0.03296541, -0.0119321 ,  0.60015911,  1.        ]), array([-0.03776673, -0.00923141,  0.60040271,  1.        ]), array([-0.04053389, -0.00729464,  0.60035682,  1.        ])]}, 'eye_sockets': {'left': [array([ 0.12297575, -0.05578246,  0.60115159,  1.        ]), array([ 0.11103961, -0.06454895,  0.59998971,  1.        ]), array([ 0.09426866, -0.0686228 ,  0.59948033,  1.        ]), array([ 0.0732759 , -0.06581811,  0.5987494 ,  1.        ]), array([ 0.04910579, -0.05990308,  0.597323  ,  1.        ]), array([ 0.04847998, -0.04415019,  0.59887546,  1.        ]), array([ 0.07293566, -0.05646242,  0.59894931,  1.        ]), array([ 0.09194992, -0.059076  ,  0.59911942,  1.        ]), array([ 0.10647105, -0.0563122 ,  0.59963506,  1.        ]), array([ 0.11744271, -0.0493548 ,  0.60061276,  1.        ])], 'right': [array([-0.06743038, -0.02875899,  0.60051352,  1.        ]), array([-0.05756168, -0.03965891,  0.60001361,  1.        ]), array([-0.04211689, -0.04772962,  0.59928554,  1.        ]), array([-0.02127271, -0.05035525,  0.59773844,  1.        ]), array([ 0.00273258, -0.05119307,  0.5985592 ,  1.        ]), array([ 0.00713476, -0.0361994 ,  0.59878814,  1.        ]), array([-0.01874368, -0.04161461,  0.59858155,  1.        ]), array([-0.03767635, -0.03938043,  0.5993917 ,  1.        ]), array([-0.05113338, -0.03312994,  0.59972894,  1.        ]), array([-0.06038075, -0.02397399,  0.60050708,  1.        ])]}, 'eyelid_points': {'left': [array([ 1.43214553e-01, -9.92996719e-04,  6.02867484e-01,  1.00000000e+00]), array([0.12473168, 0.00315021, 0.60058033, 1.        ]), array([0.11257452, 0.00969384, 0.60029107, 1.        ]), array([0.09268965, 0.01080154, 0.60005689, 1.        ]), array([0.07757304, 0.00804246, 0.59986711, 1.        ]), array([0.06611575, 0.00445082, 0.59979171, 1.        ]), array([0.06527181, 0.02924555, 0.59852248, 1.        ]), array([0.07532202, 0.03583367, 0.59949082, 1.        ]), array([0.08873332, 0.04269401, 0.59955633, 1.        ]), array([0.10578274, 0.05290478, 0.59990835, 1.        ])], 'right': [array([-0.0734507 ,  0.02648024,  0.60282207,  1.        ]), array([-0.05487273,  0.02658371,  0.60147512,  1.        ]), array([-0.04106213,  0.02982501,  0.60034758,  1.        ]), array([-0.02191311,  0.02616146,  0.60004628,  1.        ]), array([-0.00832088,  0.01995207,  0.59988141,  1.        ]), array([0.00166497, 0.01358088, 0.5996809 , 1.        ]), array([0.00747151, 0.03641637, 0.59939545, 1.        ]), array([-8.96371705e-04,  4.50844836e-02,  5.99400878e-01,  1.00000000e+00]), array([-0.01220982,  0.0549914 ,  0.59954149,  1.        ]), array([-0.02630107,  0.06912489,  0.59988064,  1.        ])]}}
2025-08-25 02:41:28,667 - DEBUG - 提取瞳孔中心
2025-08-25 02:41:28,667 - DEBUG - pupil_center: {'left': array([ 0.08      , -0.02533333,  0.60000002,  1.        ]), 'right': array([-0.02266667, -0.01066667,  0.60000002,  1.        ])}
2025-08-25 02:41:28,667 - DEBUG - pupil_center类型: <class 'dict'>
2025-08-25 02:41:28,667 - DEBUG - eye_pupil: [-0.02266667 -0.01066667  0.60000002  1.        ]
2025-08-25 02:41:28,667 - DEBUG - eye_pupil类型: <class 'numpy.ndarray'>
2025-08-25 02:41:28,667 - DEBUG - eye_pupil形状: (4,)
2025-08-25 02:41:28,667 - DEBUG - 提取虹膜边界
2025-08-25 02:41:28,671 - DEBUG - iris_boundaries: {'left': [array([ 0.0901071 , -0.02565926,  0.60021299,  1.        ]), array([ 0.07847116, -0.03393475,  0.60023957,  1.        ]), array([ 0.07062358, -0.02298462,  0.60036975,  1.        ]), array([ 0.08216123, -0.01446647,  0.60025287,  1.        ])], 'right': [array([-0.01297184, -0.01065953,  0.6003809 ,  1.        ]), array([-0.02316432, -0.01898882,  0.60024846,  1.        ]), array([-0.03159183, -0.00840208,  0.60025048,  1.        ]), array([-2.12783954e-02, -5.52054254e-05,  6.00488424e-01,  1.00000000e+00])]}
2025-08-25 02:41:28,671 - DEBUG - iris_boundaries类型: <class 'dict'>
2025-08-25 02:41:28,671 - DEBUG - eye_iris: [array([-0.01297184, -0.01065953,  0.6003809 ,  1.        ]), array([-0.02316432, -0.01898882,  0.60024846,  1.        ]), array([-0.03159183, -0.00840208,  0.60025048,  1.        ]), array([-2.12783954e-02, -5.52054254e-05,  6.00488424e-01,  1.00000000e+00])]
2025-08-25 02:41:28,675 - DEBUG - eye_iris类型: <class 'list'>
2025-08-25 02:41:28,676 - DEBUG - eye_iris长度: 4
2025-08-25 02:41:28,676 - DEBUG - 第一个元素类型: <class 'numpy.ndarray'>
2025-08-25 02:41:28,676 - DEBUG - 第一个元素形状: (4,)
2025-08-25 02:41:28,676 - DEBUG - 提取眼睛轮廓
2025-08-25 02:41:28,679 - DEBUG - eye_contours: {'left': [array([ 0.06062001, -0.01611111,  0.60030162,  1.        ]), array([ 0.06293426, -0.01970156,  0.60022599,  1.        ]), array([ 0.06830472, -0.0252949 ,  0.60005158,  1.        ]), array([ 0.07649071, -0.02942634,  0.59991044,  1.        ]), array([ 0.08505982, -0.03080098,  0.59992433,  1.        ]), array([ 0.09339851, -0.03011907,  0.60011423,  1.        ]), array([ 0.09860911, -0.02833148,  0.60043144,  1.        ]), array([ 0.10171931, -0.02688636,  0.60071069,  1.        ]), array([ 0.10413888, -0.0257033 ,  0.60115588,  1.        ]), array([ 0.10101327, -0.02243405,  0.60067743,  1.        ]), array([ 0.09764804, -0.02010869,  0.60070294,  1.        ]), array([ 0.0926703 , -0.01771297,  0.60019577,  1.        ]), array([ 0.0848776 , -0.0157501 ,  0.60011673,  1.        ]), array([ 0.07674458, -0.01527755,  0.60005081,  1.        ]), array([ 0.06874312, -0.01568985,  0.60013223,  1.        ]), array([ 0.06342376, -0.01565661,  0.60023868,  1.        ])], 'right': [array([-0.04276898, -0.00572669,  0.60117418,  1.        ]), array([-0.03883486, -0.00346196,  0.6006757 ,  1.        ]), array([-0.03492357, -0.00213801,  0.60044622,  1.        ]), array([-0.02955334, -0.00104337,  0.60035825,  1.        ]), array([-0.0216634 , -0.00103065,  0.60022932,  1.        ]), array([-0.01399343, -0.00252395,  0.60008383,  1.        ]), array([-0.0067412 , -0.00481996,  0.60019881,  1.        ]), array([-0.00184468, -0.00614029,  0.60021222,  1.        ]), array([ 6.25852114e-04, -7.20461304e-03,  6.00183070e-01,  1.00000000e+00]), array([-0.00238687, -0.00986611,  0.60017097,  1.        ]), array([-0.00868017, -0.01346417,  0.60003912,  1.        ]), array([-0.01718694, -0.01507118,  0.5999158 ,  1.        ]), array([-0.02524156, -0.01436046,  0.59994543,  1.        ]), array([-0.03296541, -0.0119321 ,  0.60015911,  1.        ]), array([-0.03776673, -0.00923141,  0.60040271,  1.        ]), array([-0.04053389, -0.00729464,  0.60035682,  1.        ])]}
2025-08-25 02:41:28,679 - DEBUG - eye_contours类型: <class 'dict'>
2025-08-25 02:41:28,681 - DEBUG - eye_contour: [array([-0.04276898, -0.00572669,  0.60117418,  1.        ]), array([-0.03883486, -0.00346196,  0.6006757 ,  1.        ]), array([-0.03492357, -0.00213801,  0.60044622,  1.        ]), array([-0.02955334, -0.00104337,  0.60035825,  1.        ]), array([-0.0216634 , -0.00103065,  0.60022932,  1.        ]), array([-0.01399343, -0.00252395,  0.60008383,  1.        ]), array([-0.0067412 , -0.00481996,  0.60019881,  1.        ]), array([-0.00184468, -0.00614029,  0.60021222,  1.        ]), array([ 6.25852114e-04, -7.20461304e-03,  6.00183070e-01,  1.00000000e+00]), array([-0.00238687, -0.00986611,  0.60017097,  1.        ]), array([-0.00868017, -0.01346417,  0.60003912,  1.        ]), array([-0.01718694, -0.01507118,  0.5999158 ,  1.        ]), array([-0.02524156, -0.01436046,  0.59994543,  1.        ]), array([-0.03296541, -0.0119321 ,  0.60015911,  1.        ]), array([-0.03776673, -0.00923141,  0.60040271,  1.        ]), array([-0.04053389, -0.00729464,  0.60035682,  1.        ])]
2025-08-25 02:41:28,681 - DEBUG - eye_contour类型: <class 'list'>
2025-08-25 02:41:28,683 - DEBUG - eye_contour长度: 16
2025-08-25 02:41:28,683 - DEBUG - 第一个元素类型: <class 'numpy.ndarray'>
2025-08-25 02:41:28,683 - DEBUG - 第一个元素形状: (4,)
2025-08-25 02:41:28,684 - DEBUG - _extract_eye_key_coordinates完成: {'pupil_center': array([-0.02266667, -0.01066667,  0.60000002,  1.        ]), 'iris_boundaries': [array([-0.01297184, -0.01065953,  0.6003809 ,  1.        ]), array([-0.02316432, -0.01898882,  0.60024846,  1.        ]), array([-0.03159183, -0.00840208,  0.60025048,  1.        ]), array([-2.12783954e-02, -5.52054254e-05,  6.00488424e-01,  1.00000000e+00])], 'eye_contours': [array([-0.04276898, -0.00572669,  0.60117418,  1.        ]), array([-0.03883486, -0.00346196,  0.6006757 ,  1.        ]), array([-0.03492357, -0.00213801,  0.60044622,  1.        ]), array([-0.02955334, -0.00104337,  0.60035825,  1.        ]), array([-0.0216634 , -0.00103065,  0.60022932,  1.        ]), array([-0.01399343, -0.00252395,  0.60008383,  1.        ]), array([-0.0067412 , -0.00481996,  0.60019881,  1.        ]), array([-0.00184468, -0.00614029,  0.60021222,  1.        ]), array([ 6.25852114e-04, -7.20461304e-03,  6.00183070e-01,  1.00000000e+00]), array([-0.00238687, -0.00986611,  0.60017097,  1.        ]), array([-0.00868017, -0.01346417,  0.60003912,  1.        ]), array([-0.01718694, -0.01507118,  0.5999158 ,  1.        ]), array([-0.02524156, -0.01436046,  0.59994543,  1.        ]), array([-0.03296541, -0.0119321 ,  0.60015911,  1.        ]), array([-0.03776673, -0.00923141,  0.60040271,  1.        ]), array([-0.04053389, -0.00729464,  0.60035682,  1.        ])]}
2025-08-25 02:41:28,687 - DEBUG - right眼关键点坐标: {'pupil_center': array([-0.02266667, -0.01066667,  0.60000002,  1.        ]), 'iris_boundaries': [array([-0.01297184, -0.01065953,  0.6003809 ,  1.        ]), array([-0.02316432, -0.01898882,  0.60024846,  1.        ]), array([-0.03159183, -0.00840208,  0.60025048,  1.        ]), array([-2.12783954e-02, -5.52054254e-05,  6.00488424e-01,  1.00000000e+00])], 'eye_contours': [array([-0.04276898, -0.00572669,  0.60117418,  1.        ]), array([-0.03883486, -0.00346196,  0.6006757 ,  1.        ]), array([-0.03492357, -0.00213801,  0.60044622,  1.        ]), array([-0.02955334, -0.00104337,  0.60035825,  1.        ]), array([-0.0216634 , -0.00103065,  0.60022932,  1.        ]), array([-0.01399343, -0.00252395,  0.60008383,  1.        ]), array([-0.0067412 , -0.00481996,  0.60019881,  1.        ]), array([-0.00184468, -0.00614029,  0.60021222,  1.        ]), array([ 6.25852114e-04, -7.20461304e-03,  6.00183070e-01,  1.00000000e+00]), array([-0.00238687, -0.00986611,  0.60017097,  1.        ]), array([-0.00868017, -0.01346417,  0.60003912,  1.        ]), array([-0.01718694, -0.01507118,  0.5999158 ,  1.        ]), array([-0.02524156, -0.01436046,  0.59994543,  1.        ]), array([-0.03296541, -0.0119321 ,  0.60015911,  1.        ]), array([-0.03776673, -0.00923141,  0.60040271,  1.        ]), array([-0.04053389, -0.00729464,  0.60035682,  1.        ])]}
2025-08-25 02:41:28,687 - DEBUG - 调用center_fitter进行拟合
2025-08-25 02:41:28,687 - DEBUG - 🔄 返回已存在的CenterFitter单例实例
2025-08-25 02:41:28,687 - INFO - 🔍 开始眼球拟合: trials_times=2, strategy=None
2025-08-25 02:41:28,687 - DEBUG - 🔍 对象状态检查: _initialized=True, _strategy_functions=True
2025-08-25 02:41:28,687 - DEBUG - 🔍 策略函数映射表: ['constrained_lm', 'constrained_ransac_lm', 'ellipsoid_fallback', 'fail']
2025-08-25 02:41:28,687 - INFO - 📋 数据预处理完成: 总点数=21, 平均visibility=1.000
2025-08-25 02:41:28,687 - INFO -   📍 pupil_center: 1点, 平均visibility=1.000
2025-08-25 02:41:28,692 - INFO -   📍 iris_boundaries: 4点, 平均visibility=1.000
2025-08-25 02:41:28,693 - INFO -   📍 eye_contours: 16点, 平均visibility=1.000
2025-08-25 02:41:28,693 - INFO - 📊 自动选择拟合策略: constrained_lm
2025-08-25 02:41:28,693 - INFO - 🚀 执行拟合策略: constrained_lm
2025-08-25 02:41:28,693 - DEBUG - 📊 采样数据已更新: full, 点数=21
2025-08-25 02:41:28,693 - INFO - 📊 全部采样完成: 采样点数=21
2025-08-25 02:41:28,693 - INFO - 📊 使用全部采样策略: 21个点
2025-08-25 02:41:28,693 - INFO - 🔄 开始约束LM优化...
2025-08-25 02:41:28,693 - DEBUG - 🔍 约束优化开始:
2025-08-25 02:41:28,693 - DEBUG -    目标函数: Φ(θ) = F(θ) + (1/2)λ_depth * h(θ)²
2025-08-25 02:41:28,693 - DEBUG -    数据项: F(θ) = (1/2)∑w_i(||p_i - c|| - (r + δ_i))²
2025-08-25 02:41:28,693 - DEBUG -    约束项: h(θ) = max{0, ε + z_max - c_z}
2025-08-25 02:41:28,693 - INFO - 🔧 开始参数初始化...
2025-08-25 02:41:28,693 - DEBUG - 🔍 参数初始化开始:
2025-08-25 02:41:28,693 - INFO - 🔍 虹膜边界点数量: 4
2025-08-25 02:41:28,693 - DEBUG -    虹膜点数据:
2025-08-25 02:41:28,693 - DEBUG -      形状: (4, 3)
2025-08-25 02:41:28,693 - DEBUG -      前3个点: [[-0.01297184 -0.01065953  0.6003809 ]
 [-0.02316432 -0.01898882  0.60024846]
 [-0.03159183 -0.00840208  0.60025048]]
2025-08-25 02:41:28,693 - DEBUG -      所有点: [[-1.29718426e-02 -1.06595337e-02  6.00380898e-01]
 [-2.31643174e-02 -1.89888207e-02  6.00248456e-01]
 [-3.15918321e-02 -8.40207717e-03  6.00250483e-01]
 [-2.12783954e-02 -5.52054254e-05  6.00488424e-01]]
2025-08-25 02:41:28,693 - DEBUG -    随机选择3个点，索引: [1 2 3]
2025-08-25 02:41:28,693 - DEBUG -    选中的点:
2025-08-25 02:41:28,693 - DEBUG -      形状: (3, 3)
2025-08-25 02:41:28,693 - DEBUG -      坐标: [[-2.31643174e-02 -1.89888207e-02  6.00248456e-01]
 [-3.15918321e-02 -8.40207717e-03  6.00250483e-01]
 [-2.12783954e-02 -5.52054254e-05  6.00488424e-01]]
2025-08-25 02:41:28,693 - INFO - 🔧 开始2D圆拟合...
2025-08-25 02:41:28,693 - DEBUG - 🔍 2D圆拟合开始:
2025-08-25 02:41:28,693 - DEBUG -    输入点: [[-2.31643174e-02 -1.89888207e-02  6.00248456e-01]
 [-3.15918321e-02 -8.40207717e-03  6.00250483e-01]
 [-2.12783954e-02 -5.52054254e-05  6.00488424e-01]]
2025-08-25 02:41:28,693 - DEBUG -    点数量: 3
2025-08-25 02:41:28,693 - DEBUG -    坐标提取:
2025-08-25 02:41:28,693 - DEBUG -      X坐标: [-0.02316432 -0.03159183 -0.0212784 ]
2025-08-25 02:41:28,693 - DEBUG -      Y坐标: [-1.89888207e-02 -8.40207717e-03 -5.52054254e-05]
2025-08-25 02:41:28,693 - DEBUG -    线性方程组:
2025-08-25 02:41:28,693 - DEBUG -      系数矩阵 A:
[[-4.63286349e-02 -3.79776415e-02  1.00000000e+00]
 [-6.31836641e-02 -1.68041543e-02  1.00000000e+00]
 [-4.25567909e-02 -1.10410851e-04  1.00000000e+00]]
2025-08-25 02:41:28,693 - DEBUG -      常数向量 b: [[0.00089716]
 [0.00106864]
 [0.00045277]]
2025-08-25 02:41:28,700 - DEBUG -    线性方程组求解结果:
2025-08-25 02:41:28,700 - DEBUG -      解向量: [[-0.02214492]
 [-0.00952963]
 [-0.0004907 ]]
2025-08-25 02:41:28,700 - DEBUG -    圆心和半径计算:
2025-08-25 02:41:28,700 - DEBUG -      圆心X坐标: -0.022145
2025-08-25 02:41:28,700 - DEBUG -      圆心Y坐标: -0.009530
2025-08-25 02:41:28,700 - DEBUG -      圆心: [-0.02214492 -0.00952963]
2025-08-25 02:41:28,700 - DEBUG -      常数c: -0.000491
2025-08-25 02:41:28,700 - DEBUG -      半径: 0.009514
2025-08-25 02:41:28,700 - DEBUG -    2D圆拟合成功:
2025-08-25 02:41:28,700 - DEBUG -      圆心: [-0.02214492 -0.00952963]
2025-08-25 02:41:28,700 - DEBUG -      半径: 0.009514
2025-08-25 02:41:28,700 - DEBUG -    2D圆拟合结果:
2025-08-25 02:41:28,700 - DEBUG -      圆心: [-0.02214492 -0.00952963]
2025-08-25 02:41:28,700 - DEBUG -      半径: 0.009514
2025-08-25 02:41:28,700 - DEBUG -    解剖学约束:
2025-08-25 02:41:28,700 - DEBUG -      虹膜到表面最小距离: 0.000500
2025-08-25 02:41:28,700 - DEBUG -      虹膜到表面最大距离: 0.001200
2025-08-25 02:41:28,700 - DEBUG -    半径计算:
2025-08-25 02:41:28,700 - DEBUG -      默认半径: 0.012000
2025-08-25 02:41:28,700 - DEBUG -      中值距离: 0.000850
2025-08-25 02:41:28,700 - DEBUG -      中值距离+半径 d: 0.012850
2025-08-25 02:41:28,700 - INFO - 🔍 中值距离+半径: 0.013m，2D半径: 0.010m，使用虹膜深度偏移
2025-08-25 02:41:28,700 - DEBUG -    勾股定理计算深度偏移: z = sqrt(0.012850² - 0.009514²) = 0.008638
2025-08-25 02:41:28,700 - DEBUG -    3D球心计算:
2025-08-25 02:41:28,700 - DEBUG -      虹膜点平均Z坐标: 0.600329
2025-08-25 02:41:28,700 - DEBUG -      深度偏移: 0.008638
2025-08-25 02:41:28,700 - DEBUG -      3D球心: [-0.02214492 -0.00952963  0.60896665]
2025-08-25 02:41:28,700 - DEBUG -    最终初始化参数:
2025-08-25 02:41:28,700 - DEBUG -      球心: [-0.02214492 -0.00952963  0.60896665]
2025-08-25 02:41:28,700 - DEBUG -      半径: 0.012000
2025-08-25 02:41:28,700 - INFO - 📍 初始中心点: (-0.022, -0.010, 0.609)
2025-08-25 02:41:28,705 - INFO - 📏 初始半径: 0.012m
2025-08-25 02:41:28,705 - INFO - ⚙️ 创建约束LM优化器...
2025-08-25 02:41:28,705 - DEBUG - 🔍 约束LM优化器初始化:
2025-08-25 02:41:28,705 - DEBUG -    初始球心: [-0.02214492 -0.00952963  0.60896665]
2025-08-25 02:41:28,705 - DEBUG -    初始半径: 0.012000
2025-08-25 02:41:28,705 - DEBUG -    参数向量 θ: [[-0.02214492]
 [-0.00952963]
 [ 0.60896665]
 [ 0.012     ]]
2025-08-25 02:41:28,705 - DEBUG -    样本数量: 21
2025-08-25 02:41:28,705 - DEBUG -    LM配置: LMAlgorithmConfig(lambda_lm=0.01, lambda_factor=10.0, min_lambda=1e-08, max_lambda=100000000.0, max_iterations=30, param_tolerance=5e-06, residual_tolerance=5e-06, max_step=0.01, geometric_weight_factor=10, residual_error_tolerance=0.0005)
2025-08-25 02:41:28,705 - DEBUG -    约束配置: ConstraintConfig(lambda_depth=1000.0, lambda_radius=1.0, radius_prior=0.012, depth_offset_epsilon=0.0002, softplus_tau=0.001, constraint_penalty_factor=1000.0)
2025-08-25 02:41:28,705 - INFO - 🔄 约束LM优化开始: 最大迭代次数=30
2025-08-25 02:41:28,705 - DEBUG - 🔍 优化开始状态:
2025-08-25 02:41:28,708 - DEBUG -    当前参数: [[-0.02214492]
 [-0.00952963]
 [ 0.60896665]
 [ 0.012     ]]
2025-08-25 02:41:28,708 - DEBUG -    当前球心: [-0.02214492 -0.00952963  0.60896665]
2025-08-25 02:41:28,708 - DEBUG -    当前半径: 0.012000
2025-08-25 02:41:28,708 - DEBUG -    最大迭代次数: 30
2025-08-25 02:41:28,708 - DEBUG - 🔍 迭代 1/30:
2025-08-25 02:41:28,708 - DEBUG - 🔍 计算点到球心距离: 形状=(21,)
2025-08-25 02:41:28,708 - DEBUG - 🔍 生理偏差向量计算:
2025-08-25 02:41:28,708 - DEBUG -    点类型列表: ['pupil_center', 'iris_boundaries', 'iris_boundaries', 'iris_boundaries', 'iris_boundaries', 'eye_contours', 'eye_contours', 'eye_contours', 'eye_contours', 'eye_contours', 'eye_contours', 'eye_contours', 'eye_contours', 'eye_contours', 'eye_contours', 'eye_contours', 'eye_contours', 'eye_contours', 'eye_contours', 'eye_contours', 'eye_contours']
2025-08-25 02:41:28,708 - DEBUG -    偏差向量: [0.0002  0.00085 0.00085 0.00085 0.00085 0.0015  0.0015  0.0015  0.0015
 0.0015  0.0015  0.0015  0.0015  0.0015  0.0015  0.0015  0.0015  0.0015
 0.0015  0.0015  0.0015 ]
2025-08-25 02:41:28,708 - DEBUG -    向量形状: (21,)
2025-08-25 02:41:28,708 - DEBUG -    偏差统计: 均值=0.001314, 标准差=0.000356
2025-08-25 02:41:28,708 - DEBUG - 获取生理偏差: 点类型=['pupil_center', 'iris_boundaries', 'iris_boundaries', 'iris_boundaries', 'iris_boundaries', 'eye_contours', 'eye_contours', 'eye_contours', 'eye_contours', 'eye_contours', 'eye_contours', 'eye_contours', 'eye_contours', 'eye_contours', 'eye_contours', 'eye_contours', 'eye_contours', 'eye_contours', 'eye_contours', 'eye_contours', 'eye_contours'], 偏差值=[0.0002  0.00085 0.00085 0.00085 0.00085 0.0015  0.0015  0.0015  0.0015
 0.0015  0.0015  0.0015  0.0015  0.0015  0.0015  0.0015  0.0015  0.0015
 0.0015  0.0015  0.0015 ]
2025-08-25 02:41:28,708 - INFO - -----------------------------------------------------------------------------------
2025-08-25 02:41:28,708 - DEBUG - 🔍 拟合残差计算详情:
2025-08-25 02:41:28,708 - DEBUG -    球心坐标: [-0.02214492 -0.00952963  0.60896665]
2025-08-25 02:41:28,708 - DEBUG -    球体半径: 0.012000
2025-08-25 02:41:28,708 - DEBUG -    采样点数: 21
2025-08-25 02:41:28,708 - DEBUG -    点类型分布: {'eye_contours': 16, 'iris_boundaries': 4, 'pupil_center': 1}
2025-08-25 02:41:28,708 - DEBUG -    理论距离向量: [0.0122  0.01285 0.01285 0.01285 0.01285 0.0135  0.0135  0.0135  0.0135
 0.0135  0.0135  0.0135  0.0135  0.0135  0.0135  0.0135  0.0135  0.0135
 0.0135  0.0135  0.0135 ]
2025-08-25 02:41:28,708 - DEBUG -    实际距离向量: [0.00905348 0.01261496 0.01290436 0.01290299 0.01274347 0.02237268
 0.01959874 0.01704487 0.01417765 0.01219858 0.01394385 0.01833932
 0.02236577 0.02451663 0.02163002 0.01662771 0.01171359 0.01069152
 0.01415725 0.01781771 0.0204274 ]
2025-08-25 02:41:28,708 - DEBUG -    生理偏差向量: [0.0002  0.00085 0.00085 0.00085 0.00085 0.0015  0.0015  0.0015  0.0015
 0.0015  0.0015  0.0015  0.0015  0.0015  0.0015  0.0015  0.0015  0.0015
 0.0015  0.0015  0.0015 ]
2025-08-25 02:41:28,708 - DEBUG -    残差向量 f(θ): 
[[-3.14651792e-03]
 [-2.35038805e-04]
 [ 5.43596982e-05]
 [ 5.29906402e-05]
 [-1.06534941e-04]
 [ 8.87268144e-03]
 [ 6.09873940e-03]
 [ 3.54486882e-03]
 [ 6.77652762e-04]
 [-1.30141586e-03]
 [ 4.43852248e-04]
 [ 4.83932076e-03]
 [ 8.86576989e-03]
 [ 1.10166287e-02]
 [ 8.13001646e-03]
 [ 3.12771185e-03]
 [-1.78640573e-03]
 [-2.80847606e-03]
 [ 6.57250874e-04]
 [ 4.31771159e-03]
 [ 6.92739765e-03]]
2025-08-25 02:41:28,708 - DEBUG -    平均残差范数: 0.001084
2025-08-25 02:41:28,708 - DEBUG -    残差范数=0.022764
2025-08-25 02:41:28,708 - INFO - -----------------------------------------------------------------------------------
2025-08-25 02:41:28,708 - DEBUG - 🔍 深度约束计算详情 (softplus):
2025-08-25 02:41:28,708 - DEBUG -    采样点Z坐标范围: [0.599916, 0.601174]
2025-08-25 02:41:28,708 - DEBUG -    球心Z坐标: 0.608967
2025-08-25 02:41:28,708 - DEBUG -    深度偏移ε: 0.000200
2025-08-25 02:41:28,708 - DEBUG -    softplus参数τ: 0.001000
2025-08-25 02:41:28,708 - DEBUG -    原始违反值: -0.007592
2025-08-25 02:41:28,708 - DEBUG -    softplus输入 u: -7.592478
2025-08-25 02:41:28,708 - DEBUG -    约束惩罚 h(θ): 0.000001
2025-08-25 02:41:28,708 - DEBUG -    🟢 深度约束满足: 球心深度足够
2025-08-25 02:41:28,708 - INFO - -----------------------------------------------------------------------------------
2025-08-25 02:41:28,708 - DEBUG - 🔍 半径惩罚计算详情:
2025-08-25 02:41:28,708 - DEBUG -    当前半径: 0.012000
2025-08-25 02:41:28,708 - DEBUG -    半径先验值: 0.012000
2025-08-25 02:41:28,708 - DEBUG -    半径残差 r(θ): 0.000000
2025-08-25 02:41:28,716 - DEBUG -    数据残差 f(θ): [[-3.14651792e-03]
 [-2.35038805e-04]
 [ 5.43596982e-05]
 [ 5.29906402e-05]
 [-1.06534941e-04]
 [ 8.87268144e-03]
 [ 6.09873940e-03]
 [ 3.54486882e-03]
 [ 6.77652762e-04]
 [-1.30141586e-03]
 [ 4.43852248e-04]
 [ 4.83932076e-03]
 [ 8.86576989e-03]
 [ 1.10166287e-02]
 [ 8.13001646e-03]
 [ 3.12771185e-03]
 [-1.78640573e-03]
 [-2.80847606e-03]
 [ 6.57250874e-04]
 [ 4.31771159e-03]
 [ 6.92739765e-03]]
2025-08-25 02:41:28,716 - DEBUG -    约束残差 g(θ): [[5.04102819e-07]]
2025-08-25 02:41:28,716 - DEBUG -    半径残差 r(θ): [[0.]]
2025-08-25 02:41:28,716 - DEBUG - 🔍 状态变化计算: 参数变化=0.089750, 残差变化=0.031601
2025-08-25 02:41:28,716 - INFO - -----------------------------------------------------------------------------------
2025-08-25 02:41:28,716 - DEBUG - 🔍 权重管理器状态更新详情:
2025-08-25 02:41:28,716 - DEBUG -    当前迭代: 0
2025-08-25 02:41:28,716 - DEBUG -    参数变化: 0.089750 (阈值: 0.000005)
2025-08-25 02:41:28,716 - DEBUG -    残差变化: 0.031601 (阈值: 0.000005)
2025-08-25 02:41:28,716 - DEBUG -    几何权重因子: 10
2025-08-25 02:41:28,716 - DEBUG - ⏸️ 保持图像置信度权重: 参数变化=8.98e-02, 残差变化=3.16e-02
2025-08-25 02:41:28,716 - DEBUG - 状态已保存: 参数=[-0.02214492 -0.00952963  0.60896665  0.012     ], 残差范数=0.022764
2025-08-25 02:41:28,716 - DEBUG - 🔍 获取visibility信息: 形状=(21,), 范围=[1.000, 1.000]
2025-08-25 02:41:28,716 - DEBUG - 🔧 设置图像置信度权重: 21个点
2025-08-25 02:41:28,716 - DEBUG - 🔍 开始计算权重矩阵:
2025-08-25 02:41:28,716 - DEBUG -    点类型: ['pupil_center', 'iris_boundaries', 'iris_boundaries', 'iris_boundaries', 'iris_boundaries', 'eye_contours', 'eye_contours', 'eye_contours', 'eye_contours', 'eye_contours', 'eye_contours', 'eye_contours', 'eye_contours', 'eye_contours', 'eye_contours', 'eye_contours', 'eye_contours', 'eye_contours', 'eye_contours', 'eye_contours', 'eye_contours']
2025-08-25 02:41:28,716 - DEBUG -    残差向量: 形状=(21,), 范数=0.022764
2025-08-25 02:41:28,716 - DEBUG -    Visibility: 形状=(21,), 均值=1.000
2025-08-25 02:41:28,716 - DEBUG - 🔍 权重矩阵计算成功: 形状=(21, 21)
2025-08-25 02:41:28,716 - DEBUG - 🔍 几何权重统计:
2025-08-25 02:41:28,716 - DEBUG -    权重向量: [[1.]
 [1.]
 [1.]
 [1.]
 [1.]
 [1.]
 [1.]
 [1.]
 [1.]
 [1.]
 [1.]
 [1.]
 [1.]
 [1.]
 [1.]
 [1.]
 [1.]
 [1.]
 [1.]
 [1.]
 [1.]]
2025-08-25 02:41:28,716 - DEBUG -    权重范围: [1.000000, 1.000000]
2025-08-25 02:41:28,716 - DEBUG -    权重均值: 1.000000
2025-08-25 02:41:28,716 - DEBUG -    权重标准差: 0.000000
2025-08-25 02:41:28,716 - DEBUG -    高权重点(>0.8): 21/21
2025-08-25 02:41:28,716 - DEBUG -    低权重点(<0.2): 0/21
2025-08-25 02:41:28,716 - INFO - -----------------------------------------------------------------------------------
2025-08-25 02:41:28,716 - DEBUG - 🔍 开始求解LM更新方程:
2025-08-25 02:41:28,716 - DEBUG -    数据残差: 形状=(21,), 范数=0.022764
2025-08-25 02:41:28,716 - DEBUG -    约束残差: 形状=(1,), 范数=0.000001
2025-08-25 02:41:28,716 - DEBUG - 🔍 计算数据残差雅可比矩阵 J_f: 形状=(21, 4)
2025-08-25 02:41:28,716 - DEBUG - 🔍 J_f矩阵计算完成: 条件数=8.51e+00
2025-08-25 02:41:28,716 - DEBUG - 🔍 深度约束雅可比计算: u=-7.592478, σ=0.000504, J_h=[[ 0.          0.         -0.00050398  0.        ]]
2025-08-25 02:41:28,716 - DEBUG - 🔍 半径先验雅可比: J_r=[[0. 0. 0. 1.]]
2025-08-25 02:41:28,716 - DEBUG - 🔍 使用几何权重矩阵: 形状=(21, 21)
2025-08-25 02:41:28,724 - DEBUG - 🔍 Hessian矩阵计算:
2025-08-25 02:41:28,724 - DEBUG -    H_data = J_f^T W J_f: 形状=(4, 4), 条件数=7.24e+01
2025-08-25 02:41:28,724 - DEBUG -    H_h = λ_depth J_h^T J_h: 形状=(4, 4), λ_depth=1000.0
2025-08-25 02:41:28,724 - DEBUG -    H_r = λ_radius J_r^T J_r: 形状=(4, 4), λ_radius=1.0
2025-08-25 02:41:28,724 - DEBUG -    H_total: 形状=(4, 4), 条件数=4.48e+01
2025-08-25 02:41:28,726 - DEBUG - 🔍 梯度计算:
2025-08-25 02:41:28,726 - DEBUG -    g_data: 形状=(4,), 范数=0.062827
2025-08-25 02:41:28,726 - DEBUG -    g_h: 形状=(4,), 范数=0.000000
2025-08-25 02:41:28,726 - DEBUG -    g_r: 形状=(4,), 范数=0.000000
2025-08-25 02:41:28,726 - DEBUG -    g_total: 形状=(4,), 范数=0.062827
2025-08-25 02:41:28,726 - DEBUG - 🔍 初始化LM阻尼因子: λ_LM = 0.01
2025-08-25 02:41:28,726 - DEBUG - 🔍 LM阻尼矩阵: H_lm = H_total + 0.01 * I
2025-08-25 02:41:28,726 - DEBUG -    H_lm条件数: 4.42e+01
2025-08-25 02:41:28,726 - DEBUG - 🔍 线性方程组求解成功:
2025-08-25 02:41:28,726 - DEBUG -    参数更新向量 Δθ: [[-0.00065162]
 [-0.00070934]
 [-0.01286282]
 [ 0.00974861]]
2025-08-25 02:41:28,726 - DEBUG -    更新向量范数: 0.016168
2025-08-25 02:41:28,726 - DEBUG -    各分量更新: Δc_x=-0.000652, Δc_y=-0.000709, Δc_z=-0.012863, Δr=0.009749
2025-08-25 02:41:28,726 - DEBUG -    参数更新:
2025-08-25 02:41:28,726 - DEBUG -      旧参数: [[-0.02214492]
 [-0.00952963]
 [ 0.60896665]
 [ 0.012     ]]
2025-08-25 02:41:28,726 - DEBUG -      更新向量: [[-0.00065162]
 [-0.00070934]
 [-0.01286282]
 [ 0.00974861]]
2025-08-25 02:41:28,726 - DEBUG -      新参数: [[-0.02279654]
 [-0.01023896]
 [ 0.59610384]
 [ 0.02174861]]
2025-08-25 02:41:28,726 - INFO - -----------------------------------------------------------------------------------
2025-08-25 02:41:28,726 - INFO - 🔍 迭代第0次，球心向右0.651621mm，向上0.709337mm，向前12.862818mm，半径变大9.748609mm
2025-08-25 02:41:28,726 - INFO - 📊 变化前: 中心(-0.022, -0.010, 0.609), 半径12.00mm
2025-08-25 02:41:28,726 - INFO - 📊 变化后: 中心(-0.023, -0.010, 0.596), 半径21.75mm
2025-08-25 02:41:28,726 - INFO - 📈 变化量: 中心移动0.96mm, 半径变化9.75mm
2025-08-25 02:41:28,726 - INFO - 📍 眼球中心: [-0.02214492 -0.00952963  0.60896665]
2025-08-25 02:41:28,726 - INFO - 📏 眼球半径: 12.00mm
2025-08-25 02:41:28,726 - INFO - 👁️ 瞳孔中心: [-0.02266667 -0.01066667  0.60000002]
2025-08-25 02:41:28,726 - INFO - 📐 眼球中心在瞳孔中心的右0.52mm，下1.14mm，后8.97mm
2025-08-25 02:41:28,726 - INFO - 📏 距离: 9.05mm
2025-08-25 02:41:28,726 - INFO - -----------------------------------------------------------------------------------
2025-08-25 02:41:28,726 - INFO - -----------------------------------------------------------------------------------
2025-08-25 02:41:28,726 - DEBUG - 🔍 参数有效性检查:
2025-08-25 02:41:28,726 - DEBUG -    参数向量: [[-0.02279654]
 [-0.01023896]
 [ 0.59610384]
 [ 0.02174861]]
2025-08-25 02:41:28,726 - DEBUG -    球心: [-0.02279654 -0.01023896  0.59610384]
2025-08-25 02:41:28,726 - DEBUG -    半径: 0.021749
2025-08-25 02:41:28,726 - DEBUG - 🔍 初始化函数值 Φ(θ): 0.000259
2025-08-25 02:41:28,726 - DEBUG - 🔍 参数有效: True
2025-08-25 02:41:28,726 - DEBUG -    参数更新成功:
2025-08-25 02:41:28,726 - DEBUG -      新球心: [-0.02279654 -0.01023896  0.59610384]
2025-08-25 02:41:28,726 - DEBUG -      新半径: 0.021749
2025-08-25 02:41:28,726 - INFO - -----------------------------------------------------------------------------------
2025-08-25 02:41:28,732 - DEBUG - 🔍 LM收敛性检查:
2025-08-25 02:41:28,732 - DEBUG -    当前迭代次数: 0
2025-08-25 02:41:28,732 - DEBUG -    最大迭代次数: 30
2025-08-25 02:41:28,732 - DEBUG -    参数变化: 0.016168
2025-08-25 02:41:28,732 - DEBUG -    参数容忍度: 5e-06
2025-08-25 02:41:28,732 - DEBUG -    残差变化: 0.000000
2025-08-25 02:41:28,732 - DEBUG -    残差容忍度: 5e-06
2025-08-25 02:41:28,732 - DEBUG - 🔍 迭代 2/30:
2025-08-25 02:41:28,732 - DEBUG - 🔍 计算点到球心距离: 形状=(21,)
2025-08-25 02:41:28,732 - DEBUG - 🔍 生理偏差向量计算:
2025-08-25 02:41:28,732 - DEBUG -    点类型列表: ['pupil_center', 'iris_boundaries', 'iris_boundaries', 'iris_boundaries', 'iris_boundaries', 'eye_contours', 'eye_contours', 'eye_contours', 'eye_contours', 'eye_contours', 'eye_contours', 'eye_contours', 'eye_contours', 'eye_contours', 'eye_contours', 'eye_contours', 'eye_contours', 'eye_contours', 'eye_contours', 'eye_contours', 'eye_contours']
2025-08-25 02:41:28,732 - DEBUG -    偏差向量: [0.0002  0.00085 0.00085 0.00085 0.00085 0.0015  0.0015  0.0015  0.0015
 0.0015  0.0015  0.0015  0.0015  0.0015  0.0015  0.0015  0.0015  0.0015
 0.0015  0.0015  0.0015 ]
2025-08-25 02:41:28,732 - DEBUG -    向量形状: (21,)
2025-08-25 02:41:28,732 - DEBUG -    偏差统计: 均值=0.001314, 标准差=0.000356
2025-08-25 02:41:28,732 - DEBUG - 获取生理偏差: 点类型=['pupil_center', 'iris_boundaries', 'iris_boundaries', 'iris_boundaries', 'iris_boundaries', 'eye_contours', 'eye_contours', 'eye_contours', 'eye_contours', 'eye_contours', 'eye_contours', 'eye_contours', 'eye_contours', 'eye_contours', 'eye_contours', 'eye_contours', 'eye_contours', 'eye_contours', 'eye_contours', 'eye_contours', 'eye_contours'], 偏差值=[0.0002  0.00085 0.00085 0.00085 0.00085 0.0015  0.0015  0.0015  0.0015
 0.0015  0.0015  0.0015  0.0015  0.0015  0.0015  0.0015  0.0015  0.0015
 0.0015  0.0015  0.0015 ]
2025-08-25 02:41:28,732 - INFO - -----------------------------------------------------------------------------------
2025-08-25 02:41:28,732 - DEBUG - 🔍 拟合残差计算详情:
2025-08-25 02:41:28,732 - DEBUG -    球心坐标: [-0.02279654 -0.01023896  0.59610384]
2025-08-25 02:41:28,732 - DEBUG -    球体半径: 0.021749
2025-08-25 02:41:28,732 - DEBUG -    采样点数: 21
2025-08-25 02:41:28,732 - DEBUG -    点类型分布: {'eye_contours': 16, 'iris_boundaries': 4, 'pupil_center': 1}
2025-08-25 02:41:28,732 - DEBUG -    理论距离向量: [0.02194861 0.02259861 0.02259861 0.02259861 0.02259861 0.02324861
 0.02324861 0.02324861 0.02324861 0.02324861 0.02324861 0.02324861
 0.02324861 0.02324861 0.02324861 0.02324861 0.02324861 0.02324861
 0.02324861 0.02324861 0.02324861]
2025-08-25 02:41:28,732 - DEBUG -    实际距离向量: [0.00392174 0.01072356 0.00968881 0.00989576 0.01119099 0.02109425
 0.0180016  0.01521665 0.01217839 0.01015366 0.01236352 0.01743297
 0.02174071 0.02396781 0.0208143  0.01500534 0.00832761 0.00614188
 0.01107781 0.01560775 0.01847621]
2025-08-25 02:41:28,732 - DEBUG -    生理偏差向量: [0.0002  0.00085 0.00085 0.00085 0.00085 0.0015  0.0015  0.0015  0.0015
 0.0015  0.0015  0.0015  0.0015  0.0015  0.0015  0.0015  0.0015  0.0015
 0.0015  0.0015  0.0015 ]
2025-08-25 02:41:28,732 - DEBUG -    残差向量 f(θ): 
[[-0.01802686]
 [-0.01187504]
 [-0.01290979]
 [-0.01270285]
 [-0.01140762]
 [-0.00215436]
 [-0.00524701]
 [-0.00803195]
 [-0.01107022]
 [-0.01309495]
 [-0.01088509]
 [-0.00581564]
 [-0.0015079 ]
 [ 0.0007192 ]
 [-0.00243431]
 [-0.00824327]
 [-0.014921  ]
 [-0.01710673]
 [-0.0121708 ]
 [-0.00764086]
 [-0.0047724 ]]
2025-08-25 02:41:28,732 - DEBUG -    平均残差范数: 0.002278
2025-08-25 02:41:28,732 - DEBUG -    残差范数=0.047837
2025-08-25 02:41:28,732 - INFO - -----------------------------------------------------------------------------------
2025-08-25 02:41:28,732 - DEBUG - 🔍 深度约束计算详情 (softplus):
2025-08-25 02:41:28,732 - DEBUG -    采样点Z坐标范围: [0.599916, 0.601174]
2025-08-25 02:41:28,732 - DEBUG -    球心Z坐标: 0.596104
2025-08-25 02:41:28,732 - DEBUG -    深度偏移ε: 0.000200
2025-08-25 02:41:28,732 - DEBUG -    softplus参数τ: 0.001000
2025-08-25 02:41:28,732 - DEBUG -    原始违反值: 0.005270
2025-08-25 02:41:28,732 - DEBUG -    softplus输入 u: 5.270340
2025-08-25 02:41:28,732 - DEBUG -    约束惩罚 h(θ): 0.005275
2025-08-25 02:41:28,732 - DEBUG -    🔴 深度约束被违反: 球心过浅
2025-08-25 02:41:28,732 - INFO - -----------------------------------------------------------------------------------
2025-08-25 02:41:28,740 - DEBUG - 🔍 半径惩罚计算详情:
2025-08-25 02:41:28,740 - DEBUG -    当前半径: 0.021749
2025-08-25 02:41:28,740 - DEBUG -    半径先验值: 0.012000
2025-08-25 02:41:28,740 - DEBUG -    半径残差 r(θ): 0.009749
2025-08-25 02:41:28,740 - DEBUG -    数据残差 f(θ): [[-0.01802686]
 [-0.01187504]
 [-0.01290979]
 [-0.01270285]
 [-0.01140762]
 [-0.00215436]
 [-0.00524701]
 [-0.00803195]
 [-0.01107022]
 [-0.01309495]
 [-0.01088509]
 [-0.00581564]
 [-0.0015079 ]
 [ 0.0007192 ]
 [-0.00243431]
 [-0.00824327]
 [-0.014921  ]
 [-0.01710673]
 [-0.0121708 ]
 [-0.00764086]
 [-0.0047724 ]]
2025-08-25 02:41:28,740 - DEBUG -    约束残差 g(θ): [[0.00527547]]
2025-08-25 02:41:28,740 - DEBUG -    半径残差 r(θ): [[0.00974861]]
2025-08-25 02:41:28,740 - DEBUG - 🔍 状态变化计算: 参数变化=0.016168, 残差变化=0.025073
2025-08-25 02:41:28,740 - INFO - -----------------------------------------------------------------------------------
2025-08-25 02:41:28,740 - DEBUG - 🔍 权重管理器状态更新详情:
2025-08-25 02:41:28,740 - DEBUG -    当前迭代: 1
2025-08-25 02:41:28,740 - DEBUG -    参数变化: 0.016168 (阈值: 0.000005)
2025-08-25 02:41:28,740 - DEBUG -    残差变化: 0.025073 (阈值: 0.000005)
2025-08-25 02:41:28,740 - DEBUG -    几何权重因子: 10
2025-08-25 02:41:28,740 - DEBUG - ⏸️ 保持图像置信度权重: 参数变化=1.62e-02, 残差变化=2.51e-02
2025-08-25 02:41:28,740 - DEBUG - 状态已保存: 参数=[-0.02279654 -0.01023896  0.59610384  0.02174861], 残差范数=0.047837
2025-08-25 02:41:28,740 - DEBUG - 🔍 获取visibility信息: 形状=(21,), 范围=[1.000, 1.000]
2025-08-25 02:41:28,740 - DEBUG - 🔧 设置图像置信度权重: 21个点
2025-08-25 02:41:28,740 - DEBUG - 🔍 开始计算权重矩阵:
2025-08-25 02:41:28,740 - DEBUG -    点类型: ['pupil_center', 'iris_boundaries', 'iris_boundaries', 'iris_boundaries', 'iris_boundaries', 'eye_contours', 'eye_contours', 'eye_contours', 'eye_contours', 'eye_contours', 'eye_contours', 'eye_contours', 'eye_contours', 'eye_contours', 'eye_contours', 'eye_contours', 'eye_contours', 'eye_contours', 'eye_contours', 'eye_contours', 'eye_contours']
2025-08-25 02:41:28,740 - DEBUG -    残差向量: 形状=(21,), 范数=0.047837
2025-08-25 02:41:28,740 - DEBUG -    Visibility: 形状=(21,), 均值=1.000
2025-08-25 02:41:28,740 - DEBUG - 🔍 权重矩阵计算成功: 形状=(21, 21)
2025-08-25 02:41:28,740 - DEBUG - 🔍 几何权重统计:
2025-08-25 02:41:28,740 - DEBUG -    权重向量: [[1.]
 [1.]
 [1.]
 [1.]
 [1.]
 [1.]
 [1.]
 [1.]
 [1.]
 [1.]
 [1.]
 [1.]
 [1.]
 [1.]
 [1.]
 [1.]
 [1.]
 [1.]
 [1.]
 [1.]
 [1.]]
2025-08-25 02:41:28,740 - DEBUG -    权重范围: [1.000000, 1.000000]
2025-08-25 02:41:28,740 - DEBUG -    权重均值: 1.000000
2025-08-25 02:41:28,740 - DEBUG -    权重标准差: 0.000000
2025-08-25 02:41:28,740 - DEBUG -    高权重点(>0.8): 21/21
2025-08-25 02:41:28,740 - DEBUG -    低权重点(<0.2): 0/21
2025-08-25 02:41:28,740 - INFO - -----------------------------------------------------------------------------------
2025-08-25 02:41:28,740 - DEBUG - 🔍 开始求解LM更新方程:
2025-08-25 02:41:28,740 - DEBUG -    数据残差: 形状=(21,), 范数=0.047837
2025-08-25 02:41:28,740 - DEBUG -    约束残差: 形状=(1,), 范数=0.005275
2025-08-25 02:41:28,740 - DEBUG - 🔍 计算数据残差雅可比矩阵 J_f: 形状=(21, 4)
2025-08-25 02:41:28,740 - DEBUG - 🔍 J_f矩阵计算完成: 条件数=6.84e+00
2025-08-25 02:41:28,740 - DEBUG - 🔍 深度约束雅可比计算: u=5.270340, σ=0.994884, J_h=[[ 0.          0.         -0.99488444  0.        ]]
2025-08-25 02:41:28,740 - DEBUG - 🔍 半径先验雅可比: J_r=[[0. 0. 0. 1.]]
2025-08-25 02:41:28,740 - DEBUG - 🔍 使用几何权重矩阵: 形状=(21, 21)
2025-08-25 02:41:28,740 - DEBUG - 🔍 Hessian矩阵计算:
2025-08-25 02:41:28,740 - DEBUG -    H_data = J_f^T W J_f: 形状=(4, 4), 条件数=4.67e+01
2025-08-25 02:41:28,748 - DEBUG -    H_h = λ_depth J_h^T J_h: 形状=(4, 4), λ_depth=1000.0
2025-08-25 02:41:28,748 - DEBUG -    H_r = λ_radius J_r^T J_r: 形状=(4, 4), λ_radius=1.0
2025-08-25 02:41:28,748 - DEBUG -    H_total: 形状=(4, 4), 条件数=2.20e+02
2025-08-25 02:41:28,748 - DEBUG - 🔍 梯度计算:
2025-08-25 02:41:28,748 - DEBUG -    g_data: 形状=(4,), 范数=0.209696
2025-08-25 02:41:28,748 - DEBUG -    g_h: 形状=(4,), 范数=5.248481
2025-08-25 02:41:28,748 - DEBUG -    g_r: 形状=(4,), 范数=0.009749
2025-08-25 02:41:28,748 - DEBUG -    g_total: 形状=(4,), 范数=5.336447
2025-08-25 02:41:28,748 - DEBUG - 🔍 LM阻尼矩阵: H_lm = H_total + 0.01 * I
2025-08-25 02:41:28,748 - DEBUG -    H_lm条件数: 2.20e+02
2025-08-25 02:41:28,748 - DEBUG - 🔍 线性方程组求解成功:
2025-08-25 02:41:28,748 - DEBUG -    参数更新向量 Δθ: [[-0.00098556]
 [-0.00234302]
 [ 0.00531273]
 [-0.00761354]]
2025-08-25 02:41:28,748 - DEBUG -    更新向量范数: 0.009626
2025-08-25 02:41:28,748 - DEBUG -    各分量更新: Δc_x=-0.000986, Δc_y=-0.002343, Δc_z=0.005313, Δr=-0.007614
2025-08-25 02:41:28,748 - DEBUG -    参数更新:
2025-08-25 02:41:28,748 - DEBUG -      旧参数: [[-0.02279654]
 [-0.01023896]
 [ 0.59610384]
 [ 0.02174861]]
2025-08-25 02:41:28,748 - DEBUG -      更新向量: [[-0.00098556]
 [-0.00234302]
 [ 0.00531273]
 [-0.00761354]]
2025-08-25 02:41:28,748 - DEBUG -      新参数: [[-0.0237821 ]
 [-0.01258199]
 [ 0.60141656]
 [ 0.01413507]]
2025-08-25 02:41:28,748 - INFO - -----------------------------------------------------------------------------------
2025-08-25 02:41:28,748 - INFO - 🔍 迭代第1次，球心向右0.985559mm，向上2.343023mm，向后5.312725mm，半径变小7.613536mm
2025-08-25 02:41:28,748 - INFO - 📊 变化前: 中心(-0.023, -0.010, 0.596), 半径21.75mm
2025-08-25 02:41:28,748 - INFO - 📊 变化后: 中心(-0.024, -0.013, 0.601), 半径14.14mm
2025-08-25 02:41:28,748 - INFO - 📈 变化量: 中心移动2.54mm, 半径变化7.61mm
2025-08-25 02:41:28,748 - INFO - 📍 眼球中心: [-0.02279654 -0.01023896  0.59610384]
2025-08-25 02:41:28,748 - INFO - 📏 眼球半径: 21.75mm
2025-08-25 02:41:28,748 - INFO - 👁️ 瞳孔中心: [-0.02266667 -0.01066667  0.60000002]
2025-08-25 02:41:28,748 - INFO - 📐 眼球中心在瞳孔中心的左0.13mm，下0.43mm，前3.90mm
2025-08-25 02:41:28,748 - INFO - 📏 距离: 3.92mm
2025-08-25 02:41:28,748 - INFO - -----------------------------------------------------------------------------------
2025-08-25 02:41:28,748 - INFO - -----------------------------------------------------------------------------------
2025-08-25 02:41:28,748 - DEBUG - 🔍 参数有效性检查:
2025-08-25 02:41:28,748 - DEBUG -    参数向量: [[-0.0237821 ]
 [-0.01258199]
 [ 0.60141656]
 [ 0.01413507]]
2025-08-25 02:41:28,754 - DEBUG -    球心: [-0.0237821  -0.01258199  0.60141656]
2025-08-25 02:41:28,754 - DEBUG -    半径: 0.014135
2025-08-25 02:41:28,754 - DEBUG - 🔍 函数值计算详情:
2025-08-25 02:41:28,754 - DEBUG -    数据项 F(θ): 0.001144
2025-08-25 02:41:28,754 - DEBUG -    深度约束项: 0.013915
2025-08-25 02:41:28,754 - DEBUG -    半径先验项: 0.000048
2025-08-25 02:41:28,754 - DEBUG -    总函数值 Φ(θ): 0.015107
2025-08-25 02:41:28,754 - DEBUG -    函数值改善: -0.014848
2025-08-25 02:41:28,754 - DEBUG - 🔍 参数有效: False
2025-08-25 02:41:28,754 - DEBUG -    参数无效，阻尼因子调整: λ_LM = 1.00e-01
2025-08-25 02:41:28,754 - DEBUG - 🔍 迭代 3/30:
2025-08-25 02:41:28,754 - DEBUG - 🔍 计算点到球心距离: 形状=(21,)
2025-08-25 02:41:28,754 - DEBUG - 🔍 生理偏差向量计算:
2025-08-25 02:41:28,754 - DEBUG -    点类型列表: ['pupil_center', 'iris_boundaries', 'iris_boundaries', 'iris_boundaries', 'iris_boundaries', 'eye_contours', 'eye_contours', 'eye_contours', 'eye_contours', 'eye_contours', 'eye_contours', 'eye_contours', 'eye_contours', 'eye_contours', 'eye_contours', 'eye_contours', 'eye_contours', 'eye_contours', 'eye_contours', 'eye_contours', 'eye_contours']
2025-08-25 02:41:28,756 - DEBUG -    偏差向量: [0.0002  0.00085 0.00085 0.00085 0.00085 0.0015  0.0015  0.0015  0.0015
 0.0015  0.0015  0.0015  0.0015  0.0015  0.0015  0.0015  0.0015  0.0015
 0.0015  0.0015  0.0015 ]
2025-08-25 02:41:28,756 - DEBUG -    向量形状: (21,)
2025-08-25 02:41:28,756 - DEBUG -    偏差统计: 均值=0.001314, 标准差=0.000356
2025-08-25 02:41:28,756 - DEBUG - 获取生理偏差: 点类型=['pupil_center', 'iris_boundaries', 'iris_boundaries', 'iris_boundaries', 'iris_boundaries', 'eye_contours', 'eye_contours', 'eye_contours', 'eye_contours', 'eye_contours', 'eye_contours', 'eye_contours', 'eye_contours', 'eye_contours', 'eye_contours', 'eye_contours', 'eye_contours', 'eye_contours', 'eye_contours', 'eye_contours', 'eye_contours'], 偏差值=[0.0002  0.00085 0.00085 0.00085 0.00085 0.0015  0.0015  0.0015  0.0015
 0.0015  0.0015  0.0015  0.0015  0.0015  0.0015  0.0015  0.0015  0.0015
 0.0015  0.0015  0.0015 ]
2025-08-25 02:41:28,756 - INFO - -----------------------------------------------------------------------------------
2025-08-25 02:41:28,756 - DEBUG - 🔍 拟合残差计算详情:
2025-08-25 02:41:28,756 - DEBUG -    球心坐标: [-0.02279654 -0.01023896  0.59610384]
2025-08-25 02:41:28,756 - DEBUG -    球体半径: 0.021749
2025-08-25 02:41:28,756 - DEBUG -    采样点数: 21
2025-08-25 02:41:28,756 - DEBUG -    点类型分布: {'eye_contours': 16, 'iris_boundaries': 4, 'pupil_center': 1}
2025-08-25 02:41:28,756 - DEBUG -    理论距离向量: [0.02194861 0.02259861 0.02259861 0.02259861 0.02259861 0.02324861
 0.02324861 0.02324861 0.02324861 0.02324861 0.02324861 0.02324861
 0.02324861 0.02324861 0.02324861 0.02324861 0.02324861 0.02324861
 0.02324861 0.02324861 0.02324861]
2025-08-25 02:41:28,756 - DEBUG -    实际距离向量: [0.00392174 0.01072356 0.00968881 0.00989576 0.01119099 0.02109425
 0.0180016  0.01521665 0.01217839 0.01015366 0.01236352 0.01743297
 0.02174071 0.02396781 0.0208143  0.01500534 0.00832761 0.00614188
 0.01107781 0.01560775 0.01847621]
2025-08-25 02:41:28,756 - DEBUG -    生理偏差向量: [0.0002  0.00085 0.00085 0.00085 0.00085 0.0015  0.0015  0.0015  0.0015
 0.0015  0.0015  0.0015  0.0015  0.0015  0.0015  0.0015  0.0015  0.0015
 0.0015  0.0015  0.0015 ]
2025-08-25 02:41:28,756 - DEBUG -    残差向量 f(θ): 
[[-0.01802686]
 [-0.01187504]
 [-0.01290979]
 [-0.01270285]
 [-0.01140762]
 [-0.00215436]
 [-0.00524701]
 [-0.00803195]
 [-0.01107022]
 [-0.01309495]
 [-0.01088509]
 [-0.00581564]
 [-0.0015079 ]
 [ 0.0007192 ]
 [-0.00243431]
 [-0.00824327]
 [-0.014921  ]
 [-0.01710673]
 [-0.0121708 ]
 [-0.00764086]
 [-0.0047724 ]]
2025-08-25 02:41:28,756 - DEBUG -    平均残差范数: 0.002278
2025-08-25 02:41:28,756 - DEBUG -    残差范数=0.047837
2025-08-25 02:41:28,756 - INFO - -----------------------------------------------------------------------------------
2025-08-25 02:41:28,756 - DEBUG - 🔍 深度约束计算详情 (softplus):
2025-08-25 02:41:28,756 - DEBUG -    采样点Z坐标范围: [0.599916, 0.601174]
2025-08-25 02:41:28,756 - DEBUG -    球心Z坐标: 0.596104
2025-08-25 02:41:28,756 - DEBUG -    深度偏移ε: 0.000200
2025-08-25 02:41:28,756 - DEBUG -    softplus参数τ: 0.001000
2025-08-25 02:41:28,756 - DEBUG -    原始违反值: 0.005270
2025-08-25 02:41:28,756 - DEBUG -    softplus输入 u: 5.270340
2025-08-25 02:41:28,756 - DEBUG -    约束惩罚 h(θ): 0.005275
2025-08-25 02:41:28,756 - DEBUG -    🔴 深度约束被违反: 球心过浅
2025-08-25 02:41:28,756 - INFO - -----------------------------------------------------------------------------------
2025-08-25 02:41:28,756 - DEBUG - 🔍 半径惩罚计算详情:
2025-08-25 02:41:28,756 - DEBUG -    当前半径: 0.021749
2025-08-25 02:41:28,756 - DEBUG -    半径先验值: 0.012000
2025-08-25 02:41:28,756 - DEBUG -    半径残差 r(θ): 0.009749
2025-08-25 02:41:28,756 - DEBUG -    数据残差 f(θ): [[-0.01802686]
 [-0.01187504]
 [-0.01290979]
 [-0.01270285]
 [-0.01140762]
 [-0.00215436]
 [-0.00524701]
 [-0.00803195]
 [-0.01107022]
 [-0.01309495]
 [-0.01088509]
 [-0.00581564]
 [-0.0015079 ]
 [ 0.0007192 ]
 [-0.00243431]
 [-0.00824327]
 [-0.014921  ]
 [-0.01710673]
 [-0.0121708 ]
 [-0.00764086]
 [-0.0047724 ]]
2025-08-25 02:41:28,756 - DEBUG -    约束残差 g(θ): [[0.00527547]]
2025-08-25 02:41:28,756 - DEBUG -    半径残差 r(θ): [[0.00974861]]
2025-08-25 02:41:28,756 - DEBUG - 🔍 状态变化计算: 参数变化=0.000000, 残差变化=0.000000
2025-08-25 02:41:28,756 - INFO - -----------------------------------------------------------------------------------
2025-08-25 02:41:28,764 - DEBUG - 🔍 权重管理器状态更新详情:
2025-08-25 02:41:28,764 - DEBUG -    当前迭代: 2
2025-08-25 02:41:28,764 - DEBUG -    参数变化: 0.000000 (阈值: 0.000005)
2025-08-25 02:41:28,764 - DEBUG -    残差变化: 0.000000 (阈值: 0.000005)
2025-08-25 02:41:28,764 - DEBUG -    几何权重因子: 10
2025-08-25 02:41:28,765 - DEBUG - ⏸️ 保持图像置信度权重: 参数变化=0.00e+00, 残差变化=0.00e+00
2025-08-25 02:41:28,765 - DEBUG - 状态已保存: 参数=[-0.02279654 -0.01023896  0.59610384  0.02174861], 残差范数=0.047837
2025-08-25 02:41:28,765 - DEBUG - 🔍 获取visibility信息: 形状=(21,), 范围=[1.000, 1.000]
2025-08-25 02:41:28,765 - DEBUG - 🔧 设置图像置信度权重: 21个点
2025-08-25 02:41:28,765 - DEBUG - 🔍 开始计算权重矩阵:
2025-08-25 02:41:28,765 - DEBUG -    点类型: ['pupil_center', 'iris_boundaries', 'iris_boundaries', 'iris_boundaries', 'iris_boundaries', 'eye_contours', 'eye_contours', 'eye_contours', 'eye_contours', 'eye_contours', 'eye_contours', 'eye_contours', 'eye_contours', 'eye_contours', 'eye_contours', 'eye_contours', 'eye_contours', 'eye_contours', 'eye_contours', 'eye_contours', 'eye_contours']
2025-08-25 02:41:28,765 - DEBUG -    残差向量: 形状=(21,), 范数=0.047837
2025-08-25 02:41:28,765 - DEBUG -    Visibility: 形状=(21,), 均值=1.000
2025-08-25 02:41:28,765 - DEBUG - 🔍 权重矩阵计算成功: 形状=(21, 21)
2025-08-25 02:41:28,765 - DEBUG - 🔍 几何权重统计:
2025-08-25 02:41:28,765 - DEBUG -    权重向量: [[1.]
 [1.]
 [1.]
 [1.]
 [1.]
 [1.]
 [1.]
 [1.]
 [1.]
 [1.]
 [1.]
 [1.]
 [1.]
 [1.]
 [1.]
 [1.]
 [1.]
 [1.]
 [1.]
 [1.]
 [1.]]
2025-08-25 02:41:28,765 - DEBUG -    权重范围: [1.000000, 1.000000]
2025-08-25 02:41:28,765 - DEBUG -    权重均值: 1.000000
2025-08-25 02:41:28,765 - DEBUG -    权重标准差: 0.000000
2025-08-25 02:41:28,765 - DEBUG -    高权重点(>0.8): 21/21
2025-08-25 02:41:28,765 - DEBUG -    低权重点(<0.2): 0/21
2025-08-25 02:41:28,765 - INFO - -----------------------------------------------------------------------------------
2025-08-25 02:41:28,765 - DEBUG - 🔍 开始求解LM更新方程:
2025-08-25 02:41:28,765 - DEBUG -    数据残差: 形状=(21,), 范数=0.047837
2025-08-25 02:41:28,765 - DEBUG -    约束残差: 形状=(1,), 范数=0.005275
2025-08-25 02:41:28,765 - DEBUG - 🔍 计算数据残差雅可比矩阵 J_f: 形状=(21, 4)
2025-08-25 02:41:28,765 - DEBUG - 🔍 J_f矩阵计算完成: 条件数=6.84e+00
2025-08-25 02:41:28,765 - DEBUG - 🔍 深度约束雅可比计算: u=5.270340, σ=0.994884, J_h=[[ 0.          0.         -0.99488444  0.        ]]
2025-08-25 02:41:28,765 - DEBUG - 🔍 半径先验雅可比: J_r=[[0. 0. 0. 1.]]
2025-08-25 02:41:28,765 - DEBUG - 🔍 使用几何权重矩阵: 形状=(21, 21)
2025-08-25 02:41:28,765 - DEBUG - 🔍 Hessian矩阵计算:
2025-08-25 02:41:28,765 - DEBUG -    H_data = J_f^T W J_f: 形状=(4, 4), 条件数=4.67e+01
2025-08-25 02:41:28,765 - DEBUG -    H_h = λ_depth J_h^T J_h: 形状=(4, 4), λ_depth=1000.0
2025-08-25 02:41:28,765 - DEBUG -    H_r = λ_radius J_r^T J_r: 形状=(4, 4), λ_radius=1.0
2025-08-25 02:41:28,765 - DEBUG -    H_total: 形状=(4, 4), 条件数=2.20e+02
2025-08-25 02:41:28,765 - DEBUG - 🔍 梯度计算:
2025-08-25 02:41:28,765 - DEBUG -    g_data: 形状=(4,), 范数=0.209696
2025-08-25 02:41:28,765 - DEBUG -    g_h: 形状=(4,), 范数=5.248481
2025-08-25 02:41:28,765 - DEBUG -    g_r: 形状=(4,), 范数=0.009749
2025-08-25 02:41:28,765 - DEBUG -    g_total: 形状=(4,), 范数=5.336447
2025-08-25 02:41:28,765 - DEBUG - 🔍 LM阻尼矩阵: H_lm = H_total + 0.1 * I
2025-08-25 02:41:28,765 - DEBUG -    H_lm条件数: 2.16e+02
2025-08-25 02:41:28,773 - DEBUG - 🔍 线性方程组求解成功:
2025-08-25 02:41:28,773 - DEBUG -    参数更新向量 Δθ: [[-0.00097523]
 [-0.00227953]
 [ 0.00531251]
 [-0.00757484]]
2025-08-25 02:41:28,773 - DEBUG -    更新向量范数: 0.009579
2025-08-25 02:41:28,773 - DEBUG -    各分量更新: Δc_x=-0.000975, Δc_y=-0.002280, Δc_z=0.005313, Δr=-0.007575
2025-08-25 02:41:28,773 - DEBUG -    参数更新:
2025-08-25 02:41:28,773 - DEBUG -      旧参数: [[-0.02279654]
 [-0.01023896]
 [ 0.59610384]
 [ 0.02174861]]
2025-08-25 02:41:28,773 - DEBUG -      更新向量: [[-0.00097523]
 [-0.00227953]
 [ 0.00531251]
 [-0.00757484]]
2025-08-25 02:41:28,773 - DEBUG -      新参数: [[-0.02377177]
 [-0.01251849]
 [ 0.60141635]
 [ 0.01417377]]
2025-08-25 02:41:28,773 - INFO - -----------------------------------------------------------------------------------
2025-08-25 02:41:28,773 - INFO - 🔍 迭代第2次，球心向右0.975232mm，向上2.279531mm，向后5.312510mm，半径变小7.574835mm
2025-08-25 02:41:28,773 - INFO - 📊 变化前: 中心(-0.023, -0.010, 0.596), 半径21.75mm
2025-08-25 02:41:28,773 - INFO - 📊 变化后: 中心(-0.024, -0.013, 0.601), 半径14.17mm
2025-08-25 02:41:28,773 - INFO - 📈 变化量: 中心移动2.48mm, 半径变化7.57mm
2025-08-25 02:41:28,773 - INFO - 📍 眼球中心: [-0.02279654 -0.01023896  0.59610384]
2025-08-25 02:41:28,773 - INFO - 📏 眼球半径: 21.75mm
2025-08-25 02:41:28,773 - INFO - 👁️ 瞳孔中心: [-0.02266667 -0.01066667  0.60000002]
2025-08-25 02:41:28,773 - INFO - 📐 眼球中心在瞳孔中心的左0.13mm，下0.43mm，前3.90mm
2025-08-25 02:41:28,773 - INFO - 📏 距离: 3.92mm
2025-08-25 02:41:28,773 - INFO - -----------------------------------------------------------------------------------
2025-08-25 02:41:28,773 - INFO - -----------------------------------------------------------------------------------
2025-08-25 02:41:28,773 - DEBUG - 🔍 参数有效性检查:
2025-08-25 02:41:28,773 - DEBUG -    参数向量: [[-0.02377177]
 [-0.01251849]
 [ 0.60141635]
 [ 0.01417377]]
2025-08-25 02:41:28,773 - DEBUG -    球心: [-0.02377177 -0.01251849  0.60141635]
2025-08-25 02:41:28,773 - DEBUG -    半径: 0.014174
2025-08-25 02:41:28,773 - DEBUG - 🔍 函数值计算详情:
2025-08-25 02:41:28,773 - DEBUG -    数据项 F(θ): 0.001144
2025-08-25 02:41:28,773 - DEBUG -    深度约束项: 0.013915
2025-08-25 02:41:28,773 - DEBUG -    半径先验项: 0.000048
2025-08-25 02:41:28,773 - DEBUG -    总函数值 Φ(θ): 0.015107
2025-08-25 02:41:28,773 - DEBUG -    函数值改善: 0.000000
2025-08-25 02:41:28,773 - DEBUG - 🔍 参数有效: True
2025-08-25 02:41:28,773 - DEBUG -    参数更新成功:
2025-08-25 02:41:28,773 - DEBUG -      新球心: [-0.02377177 -0.01251849  0.60141635]
2025-08-25 02:41:28,773 - DEBUG -      新半径: 0.014174
2025-08-25 02:41:28,773 - INFO - -----------------------------------------------------------------------------------
2025-08-25 02:41:28,781 - DEBUG - 🔍 LM收敛性检查:
2025-08-25 02:41:28,781 - DEBUG -    当前迭代次数: 2
2025-08-25 02:41:28,781 - DEBUG -    最大迭代次数: 30
2025-08-25 02:41:28,781 - DEBUG -    参数变化: 0.009579
2025-08-25 02:41:28,781 - DEBUG -    参数容忍度: 5e-06
2025-08-25 02:41:28,781 - DEBUG -    残差变化: 0.000000
2025-08-25 02:41:28,781 - DEBUG -    残差容忍度: 5e-06
2025-08-25 02:41:28,781 - DEBUG - 🔍 迭代 4/30:
2025-08-25 02:41:28,781 - DEBUG - 🔍 计算点到球心距离: 形状=(21,)
2025-08-25 02:41:28,781 - DEBUG - 🔍 生理偏差向量计算:
2025-08-25 02:41:28,781 - DEBUG -    点类型列表: ['pupil_center', 'iris_boundaries', 'iris_boundaries', 'iris_boundaries', 'iris_boundaries', 'eye_contours', 'eye_contours', 'eye_contours', 'eye_contours', 'eye_contours', 'eye_contours', 'eye_contours', 'eye_contours', 'eye_contours', 'eye_contours', 'eye_contours', 'eye_contours', 'eye_contours', 'eye_contours', 'eye_contours', 'eye_contours']
2025-08-25 02:41:28,781 - DEBUG -    偏差向量: [0.0002  0.00085 0.00085 0.00085 0.00085 0.0015  0.0015  0.0015  0.0015
 0.0015  0.0015  0.0015  0.0015  0.0015  0.0015  0.0015  0.0015  0.0015
 0.0015  0.0015  0.0015 ]
2025-08-25 02:41:28,781 - DEBUG -    向量形状: (21,)
2025-08-25 02:41:28,781 - DEBUG -    偏差统计: 均值=0.001314, 标准差=0.000356
2025-08-25 02:41:28,781 - DEBUG - 获取生理偏差: 点类型=['pupil_center', 'iris_boundaries', 'iris_boundaries', 'iris_boundaries', 'iris_boundaries', 'eye_contours', 'eye_contours', 'eye_contours', 'eye_contours', 'eye_contours', 'eye_contours', 'eye_contours', 'eye_contours', 'eye_contours', 'eye_contours', 'eye_contours', 'eye_contours', 'eye_contours', 'eye_contours', 'eye_contours', 'eye_contours'], 偏差值=[0.0002  0.00085 0.00085 0.00085 0.00085 0.0015  0.0015  0.0015  0.0015
 0.0015  0.0015  0.0015  0.0015  0.0015  0.0015  0.0015  0.0015  0.0015
 0.0015  0.0015  0.0015 ]
2025-08-25 02:41:28,781 - INFO - -----------------------------------------------------------------------------------
2025-08-25 02:41:28,781 - DEBUG - 🔍 拟合残差计算详情:
2025-08-25 02:41:28,781 - DEBUG -    球心坐标: [-0.02377177 -0.01251849  0.60141635]
2025-08-25 02:41:28,781 - DEBUG -    球体半径: 0.014174
2025-08-25 02:41:28,781 - DEBUG -    采样点数: 21
2025-08-25 02:41:28,781 - DEBUG -    点类型分布: {'eye_contours': 16, 'iris_boundaries': 4, 'pupil_center': 1}
2025-08-25 02:41:28,781 - DEBUG -    理论距离向量: [0.01437377 0.01502377 0.01502377 0.01502377 0.01502377 0.01567377
 0.01567377 0.01567377 0.01567377 0.01567377 0.01567377 0.01567377
 0.01567377 0.01567377 0.01567377 0.01567377 0.01567377 0.01567377
 0.01567377 0.01567377 0.01567377]
2025-08-25 02:41:28,781 - DEBUG -    实际距离向量: [0.00258002 0.01100756 0.00660288 0.00891389 0.01274408 0.02017625
 0.01759165 0.01526624 0.01289281 0.01173988 0.01404574 0.01872939
 0.02286764 0.02500005 0.02158472 0.01518379 0.00721996 0.0027779
 0.00929771 0.01441149 0.01758919]
2025-08-25 02:41:28,781 - DEBUG -    生理偏差向量: [0.0002  0.00085 0.00085 0.00085 0.00085 0.0015  0.0015  0.0015  0.0015
 0.0015  0.0015  0.0015  0.0015  0.0015  0.0015  0.0015  0.0015  0.0015
 0.0015  0.0015  0.0015 ]
2025-08-25 02:41:28,781 - DEBUG -    残差向量 f(θ): 
[[-0.01179376]
 [-0.00401621]
 [-0.00842089]
 [-0.00610988]
 [-0.00227969]
 [ 0.00450248]
 [ 0.00191787]
 [-0.00040753]
 [-0.00278096]
 [-0.00393389]
 [-0.00162804]
 [ 0.00305562]
 [ 0.00719387]
 [ 0.00932627]
 [ 0.00591094]
 [-0.00048998]
 [-0.00845381]
 [-0.01289588]
 [-0.00637606]
 [-0.00126228]
 [ 0.00191542]]
2025-08-25 02:41:28,781 - DEBUG -    平均残差范数: 0.001335
2025-08-25 02:41:28,781 - DEBUG -    残差范数=0.028028
2025-08-25 02:41:28,781 - INFO - -----------------------------------------------------------------------------------
2025-08-25 02:41:28,781 - DEBUG - 🔍 深度约束计算详情 (softplus):
2025-08-25 02:41:28,781 - DEBUG -    采样点Z坐标范围: [0.599916, 0.601174]
2025-08-25 02:41:28,781 - DEBUG -    球心Z坐标: 0.601416
2025-08-25 02:41:28,781 - DEBUG -    深度偏移ε: 0.000200
2025-08-25 02:41:28,781 - DEBUG -    softplus参数τ: 0.001000
2025-08-25 02:41:28,781 - DEBUG -    原始违反值: -0.000042
2025-08-25 02:41:28,781 - DEBUG -    softplus输入 u: -0.042170
2025-08-25 02:41:28,781 - DEBUG -    约束惩罚 h(θ): 0.000672
2025-08-25 02:41:28,781 - DEBUG -    🟢 深度约束满足: 球心深度足够
2025-08-25 02:41:28,781 - INFO - -----------------------------------------------------------------------------------
2025-08-25 02:41:28,788 - DEBUG - 🔍 半径惩罚计算详情:
2025-08-25 02:41:28,788 - DEBUG -    当前半径: 0.014174
2025-08-25 02:41:28,788 - DEBUG -    半径先验值: 0.012000
2025-08-25 02:41:28,788 - DEBUG -    半径残差 r(θ): 0.002174
2025-08-25 02:41:28,789 - DEBUG -    数据残差 f(θ): [[-0.01179376]
 [-0.00401621]
 [-0.00842089]
 [-0.00610988]
 [-0.00227969]
 [ 0.00450248]
 [ 0.00191787]
 [-0.00040753]
 [-0.00278096]
 [-0.00393389]
 [-0.00162804]
 [ 0.00305562]
 [ 0.00719387]
 [ 0.00932627]
 [ 0.00591094]
 [-0.00048998]
 [-0.00845381]
 [-0.01289588]
 [-0.00637606]
 [-0.00126228]
 [ 0.00191542]]
2025-08-25 02:41:28,789 - DEBUG -    约束残差 g(θ): [[0.00067228]]
2025-08-25 02:41:28,789 - DEBUG -    半径残差 r(θ): [[0.00217377]]
2025-08-25 02:41:28,789 - DEBUG - 🔍 状态变化计算: 参数变化=0.009579, 残差变化=0.019809
2025-08-25 02:41:28,791 - INFO - -----------------------------------------------------------------------------------
2025-08-25 02:41:28,791 - DEBUG - 🔍 权重管理器状态更新详情:
2025-08-25 02:41:28,791 - DEBUG -    当前迭代: 3
2025-08-25 02:41:28,791 - DEBUG -    参数变化: 0.009579 (阈值: 0.000005)
2025-08-25 02:41:28,791 - DEBUG -    残差变化: 0.019809 (阈值: 0.000005)
2025-08-25 02:41:28,791 - DEBUG -    几何权重因子: 10
2025-08-25 02:41:28,791 - DEBUG - ⏸️ 保持图像置信度权重: 参数变化=9.58e-03, 残差变化=1.98e-02
2025-08-25 02:41:28,791 - DEBUG - 状态已保存: 参数=[-0.02377177 -0.01251849  0.60141635  0.01417377], 残差范数=0.028028
2025-08-25 02:41:28,791 - DEBUG - 🔍 获取visibility信息: 形状=(21,), 范围=[1.000, 1.000]
2025-08-25 02:41:28,791 - DEBUG - 🔧 设置图像置信度权重: 21个点
2025-08-25 02:41:28,791 - DEBUG - 🔍 开始计算权重矩阵:
2025-08-25 02:41:28,791 - DEBUG -    点类型: ['pupil_center', 'iris_boundaries', 'iris_boundaries', 'iris_boundaries', 'iris_boundaries', 'eye_contours', 'eye_contours', 'eye_contours', 'eye_contours', 'eye_contours', 'eye_contours', 'eye_contours', 'eye_contours', 'eye_contours', 'eye_contours', 'eye_contours', 'eye_contours', 'eye_contours', 'eye_contours', 'eye_contours', 'eye_contours']
2025-08-25 02:41:28,791 - DEBUG -    残差向量: 形状=(21,), 范数=0.028028
2025-08-25 02:41:28,791 - DEBUG -    Visibility: 形状=(21,), 均值=1.000
2025-08-25 02:41:28,791 - DEBUG - 🔍 权重矩阵计算成功: 形状=(21, 21)
2025-08-25 02:41:28,791 - DEBUG - 🔍 几何权重统计:
2025-08-25 02:41:28,791 - DEBUG -    权重向量: [[1.]
 [1.]
 [1.]
 [1.]
 [1.]
 [1.]
 [1.]
 [1.]
 [1.]
 [1.]
 [1.]
 [1.]
 [1.]
 [1.]
 [1.]
 [1.]
 [1.]
 [1.]
 [1.]
 [1.]
 [1.]]
2025-08-25 02:41:28,791 - DEBUG -    权重范围: [1.000000, 1.000000]
2025-08-25 02:41:28,791 - DEBUG -    权重均值: 1.000000
2025-08-25 02:41:28,791 - DEBUG -    权重标准差: 0.000000
2025-08-25 02:41:28,791 - DEBUG -    高权重点(>0.8): 21/21
2025-08-25 02:41:28,791 - DEBUG -    低权重点(<0.2): 0/21
2025-08-25 02:41:28,791 - INFO - -----------------------------------------------------------------------------------
2025-08-25 02:41:28,791 - DEBUG - 🔍 开始求解LM更新方程:
2025-08-25 02:41:28,791 - DEBUG -    数据残差: 形状=(21,), 范数=0.028028
2025-08-25 02:41:28,791 - DEBUG -    约束残差: 形状=(1,), 范数=0.000672
2025-08-25 02:41:28,791 - DEBUG - 🔍 计算数据残差雅可比矩阵 J_f: 形状=(21, 4)
2025-08-25 02:41:28,791 - DEBUG - 🔍 J_f矩阵计算完成: 条件数=8.08e+00
2025-08-25 02:41:28,791 - DEBUG - 🔍 深度约束雅可比计算: u=-0.042170, σ=0.489459, J_h=[[ 0.          0.         -0.48945894  0.        ]]
2025-08-25 02:41:28,791 - DEBUG - 🔍 半径先验雅可比: J_r=[[0. 0. 0. 1.]]
2025-08-25 02:41:28,797 - DEBUG - 🔍 使用几何权重矩阵: 形状=(21, 21)
2025-08-25 02:41:28,797 - DEBUG - 🔍 Hessian矩阵计算:
2025-08-25 02:41:28,797 - DEBUG -    H_data = J_f^T W J_f: 形状=(4, 4), 条件数=6.53e+01
2025-08-25 02:41:28,797 - DEBUG -    H_h = λ_depth J_h^T J_h: 形状=(4, 4), λ_depth=1000.0
2025-08-25 02:41:28,797 - DEBUG -    H_r = λ_radius J_r^T J_r: 形状=(4, 4), λ_radius=1.0
2025-08-25 02:41:28,797 - DEBUG -    H_total: 形状=(4, 4), 条件数=5.17e+01
2025-08-25 02:41:28,797 - DEBUG - 🔍 梯度计算:
2025-08-25 02:41:28,797 - DEBUG -    g_data: 形状=(4,), 范数=0.045362
2025-08-25 02:41:28,797 - DEBUG -    g_h: 形状=(4,), 范数=0.329056
2025-08-25 02:41:28,797 - DEBUG -    g_r: 形状=(4,), 范数=0.002174
2025-08-25 02:41:28,797 - DEBUG -    g_total: 形状=(4,), 范数=0.314026
2025-08-25 02:41:28,797 - DEBUG - 🔍 LM阻尼矩阵: H_lm = H_total + 0.1 * I
2025-08-25 02:41:28,797 - DEBUG -    H_lm条件数: 5.07e+01
2025-08-25 02:41:28,797 - DEBUG - 🔍 线性方程组求解成功:
2025-08-25 02:41:28,797 - DEBUG -    参数更新向量 Δθ: [[-0.00164808]
 [-0.00352447]
 [ 0.0013211 ]
 [-0.00296901]]
2025-08-25 02:41:28,797 - DEBUG -    更新向量范数: 0.005069
2025-08-25 02:41:28,797 - DEBUG -    各分量更新: Δc_x=-0.001648, Δc_y=-0.003524, Δc_z=0.001321, Δr=-0.002969
2025-08-25 02:41:28,797 - DEBUG -    参数更新:
2025-08-25 02:41:28,797 - DEBUG -      旧参数: [[-0.02377177]
 [-0.01251849]
 [ 0.60141635]
 [ 0.01417377]]
2025-08-25 02:41:28,797 - DEBUG -      更新向量: [[-0.00164808]
 [-0.00352447]
 [ 0.0013211 ]
 [-0.00296901]]
2025-08-25 02:41:28,797 - DEBUG -      新参数: [[-0.02541985]
 [-0.01604297]
 [ 0.60273745]
 [ 0.01120476]]
2025-08-25 02:41:28,797 - INFO - -----------------------------------------------------------------------------------
2025-08-25 02:41:28,797 - INFO - 🔍 迭代第3次，球心向右1.648077mm，向上3.524472mm，向后1.321104mm，半径变小2.969009mm
2025-08-25 02:41:28,797 - INFO - 📊 变化前: 中心(-0.024, -0.013, 0.601), 半径14.17mm
2025-08-25 02:41:28,797 - INFO - 📊 变化后: 中心(-0.025, -0.016, 0.603), 半径11.20mm
2025-08-25 02:41:28,797 - INFO - 📈 变化量: 中心移动3.89mm, 半径变化2.97mm
2025-08-25 02:41:28,797 - INFO - 📍 眼球中心: [-0.02377177 -0.01251849  0.60141635]
2025-08-25 02:41:28,797 - INFO - 📏 眼球半径: 14.17mm
2025-08-25 02:41:28,797 - INFO - 👁️ 瞳孔中心: [-0.02266667 -0.01066667  0.60000002]
2025-08-25 02:41:28,797 - INFO - 📐 眼球中心在瞳孔中心的左1.11mm，上1.85mm，后1.42mm
2025-08-25 02:41:28,797 - INFO - 📏 距离: 2.58mm
2025-08-25 02:41:28,797 - INFO - -----------------------------------------------------------------------------------
2025-08-25 02:41:28,797 - INFO - -----------------------------------------------------------------------------------
2025-08-25 02:41:28,797 - DEBUG - 🔍 参数有效性检查:
2025-08-25 02:41:28,797 - DEBUG -    参数向量: [[-0.02541985]
 [-0.01604297]
 [ 0.60273745]
 [ 0.01120476]]
2025-08-25 02:41:28,797 - DEBUG -    球心: [-0.02541985 -0.01604297  0.60273745]
2025-08-25 02:41:28,797 - DEBUG -    半径: 0.011205
2025-08-25 02:41:28,797 - DEBUG - 🔍 函数值计算详情:
2025-08-25 02:41:28,797 - DEBUG -    数据项 F(θ): 0.000393
2025-08-25 02:41:28,797 - DEBUG -    深度约束项: 0.000226
2025-08-25 02:41:28,797 - DEBUG -    半径先验项: 0.000002
2025-08-25 02:41:28,797 - DEBUG -    总函数值 Φ(θ): 0.000621
2025-08-25 02:41:28,797 - DEBUG -    函数值改善: 0.014486
2025-08-25 02:41:28,797 - DEBUG - 🔍 参数有效: True
2025-08-25 02:41:28,797 - DEBUG -    参数更新成功:
2025-08-25 02:41:28,797 - DEBUG -      新球心: [-0.02541985 -0.01604297  0.60273745]
2025-08-25 02:41:28,805 - DEBUG -      新半径: 0.011205
2025-08-25 02:41:28,805 - INFO - -----------------------------------------------------------------------------------
2025-08-25 02:41:28,805 - DEBUG - 🔍 LM收敛性检查:
2025-08-25 02:41:28,805 - DEBUG -    当前迭代次数: 3
2025-08-25 02:41:28,805 - DEBUG -    最大迭代次数: 30
2025-08-25 02:41:28,805 - DEBUG -    参数变化: 0.005069
2025-08-25 02:41:28,805 - DEBUG -    参数容忍度: 5e-06
2025-08-25 02:41:28,805 - DEBUG -    残差变化: 0.000000
2025-08-25 02:41:28,805 - DEBUG -    残差容忍度: 5e-06
2025-08-25 02:41:28,805 - DEBUG - 🔍 迭代 5/30:
2025-08-25 02:41:28,805 - DEBUG - 🔍 计算点到球心距离: 形状=(21,)
2025-08-25 02:41:28,805 - DEBUG - 🔍 生理偏差向量计算:
2025-08-25 02:41:28,805 - DEBUG -    点类型列表: ['pupil_center', 'iris_boundaries', 'iris_boundaries', 'iris_boundaries', 'iris_boundaries', 'eye_contours', 'eye_contours', 'eye_contours', 'eye_contours', 'eye_contours', 'eye_contours', 'eye_contours', 'eye_contours', 'eye_contours', 'eye_contours', 'eye_contours', 'eye_contours', 'eye_contours', 'eye_contours', 'eye_contours', 'eye_contours']
2025-08-25 02:41:28,805 - DEBUG -    偏差向量: [0.0002  0.00085 0.00085 0.00085 0.00085 0.0015  0.0015  0.0015  0.0015
 0.0015  0.0015  0.0015  0.0015  0.0015  0.0015  0.0015  0.0015  0.0015
 0.0015  0.0015  0.0015 ]
2025-08-25 02:41:28,805 - DEBUG -    向量形状: (21,)
2025-08-25 02:41:28,805 - DEBUG -    偏差统计: 均值=0.001314, 标准差=0.000356
2025-08-25 02:41:28,805 - DEBUG - 获取生理偏差: 点类型=['pupil_center', 'iris_boundaries', 'iris_boundaries', 'iris_boundaries', 'iris_boundaries', 'eye_contours', 'eye_contours', 'eye_contours', 'eye_contours', 'eye_contours', 'eye_contours', 'eye_contours', 'eye_contours', 'eye_contours', 'eye_contours', 'eye_contours', 'eye_contours', 'eye_contours', 'eye_contours', 'eye_contours', 'eye_contours'], 偏差值=[0.0002  0.00085 0.00085 0.00085 0.00085 0.0015  0.0015  0.0015  0.0015
 0.0015  0.0015  0.0015  0.0015  0.0015  0.0015  0.0015  0.0015  0.0015
 0.0015  0.0015  0.0015 ]
2025-08-25 02:41:28,805 - INFO - -----------------------------------------------------------------------------------
2025-08-25 02:41:28,805 - DEBUG - 🔍 拟合残差计算详情:
2025-08-25 02:41:28,805 - DEBUG -    球心坐标: [-0.02541985 -0.01604297  0.60273745]
2025-08-25 02:41:28,805 - DEBUG -    球体半径: 0.011205
2025-08-25 02:41:28,805 - DEBUG -    采样点数: 21
2025-08-25 02:41:28,805 - DEBUG -    点类型分布: {'eye_contours': 16, 'iris_boundaries': 4, 'pupil_center': 1}
2025-08-25 02:41:28,805 - DEBUG -    理论距离向量: [0.01140476 0.01205476 0.01205476 0.01205476 0.01205476 0.01270476
 0.01270476 0.01270476 0.01270476 0.01270476 0.01270476 0.01270476
 0.01270476 0.01270476 0.01270476 0.01270476 0.01270476 0.01270476
 0.01270476 0.01270476 0.01270476]
2025-08-25 02:41:28,805 - DEBUG -    实际距离向量: [0.0066316  0.01376545 0.00446773 0.0101322  0.01666788 0.02024504
 0.01850662 0.01699759 0.01573957 0.0156771  0.01789885 0.02193838
 0.02569491 0.02762282 0.02398454 0.01715074 0.0087571  0.00326466
 0.0089712  0.01429313 0.01762483]
2025-08-25 02:41:28,805 - DEBUG -    生理偏差向量: [0.0002  0.00085 0.00085 0.00085 0.00085 0.0015  0.0015  0.0015  0.0015
 0.0015  0.0015  0.0015  0.0015  0.0015  0.0015  0.0015  0.0015  0.0015
 0.0015  0.0015  0.0015 ]
2025-08-25 02:41:28,805 - DEBUG -    残差向量 f(θ): 
[[-0.00477317]
 [ 0.00171068]
 [-0.00758704]
 [-0.00192256]
 [ 0.00461312]
 [ 0.00754028]
 [ 0.00580186]
 [ 0.00429283]
 [ 0.00303481]
 [ 0.00297233]
 [ 0.00519408]
 [ 0.00923362]
 [ 0.01299015]
 [ 0.01491805]
 [ 0.01127978]
 [ 0.00444598]
 [-0.00394767]
 [-0.0094401 ]
 [-0.00373356]
 [ 0.00158837]
 [ 0.00492007]]
2025-08-25 02:41:28,805 - DEBUG -    平均残差范数: 0.001529
2025-08-25 02:41:28,805 - DEBUG -    残差范数=0.032111
2025-08-25 02:41:28,805 - INFO - -----------------------------------------------------------------------------------
2025-08-25 02:41:28,805 - DEBUG - 🔍 深度约束计算详情 (softplus):
2025-08-25 02:41:28,805 - DEBUG -    采样点Z坐标范围: [0.599916, 0.601174]
2025-08-25 02:41:28,805 - DEBUG -    球心Z坐标: 0.602737
2025-08-25 02:41:28,805 - DEBUG -    深度偏移ε: 0.000200
2025-08-25 02:41:28,805 - DEBUG -    softplus参数τ: 0.001000
2025-08-25 02:41:28,805 - DEBUG -    原始违反值: -0.001363
2025-08-25 02:41:28,805 - DEBUG -    softplus输入 u: -1.363274
2025-08-25 02:41:28,813 - DEBUG -    约束惩罚 h(θ): 0.000228
2025-08-25 02:41:28,813 - DEBUG -    🟢 深度约束满足: 球心深度足够
2025-08-25 02:41:28,813 - INFO - -----------------------------------------------------------------------------------
2025-08-25 02:41:28,813 - DEBUG - 🔍 半径惩罚计算详情:
2025-08-25 02:41:28,813 - DEBUG -    当前半径: 0.011205
2025-08-25 02:41:28,813 - DEBUG -    半径先验值: 0.012000
2025-08-25 02:41:28,813 - DEBUG -    半径残差 r(θ): -0.000795
2025-08-25 02:41:28,813 - DEBUG -    数据残差 f(θ): [[-0.00477317]
 [ 0.00171068]
 [-0.00758704]
 [-0.00192256]
 [ 0.00461312]
 [ 0.00754028]
 [ 0.00580186]
 [ 0.00429283]
 [ 0.00303481]
 [ 0.00297233]
 [ 0.00519408]
 [ 0.00923362]
 [ 0.01299015]
 [ 0.01491805]
 [ 0.01127978]
 [ 0.00444598]
 [-0.00394767]
 [-0.0094401 ]
 [-0.00373356]
 [ 0.00158837]
 [ 0.00492007]]
2025-08-25 02:41:28,813 - DEBUG -    约束残差 g(θ): [[0.00022779]]
2025-08-25 02:41:28,813 - DEBUG -    半径残差 r(θ): [[-0.00079524]]
2025-08-25 02:41:28,813 - DEBUG - 🔍 状态变化计算: 参数变化=0.005069, 残差变化=0.004083
2025-08-25 02:41:28,813 - INFO - -----------------------------------------------------------------------------------
2025-08-25 02:41:28,813 - DEBUG - 🔍 权重管理器状态更新详情:
2025-08-25 02:41:28,813 - DEBUG -    当前迭代: 4
2025-08-25 02:41:28,813 - DEBUG -    参数变化: 0.005069 (阈值: 0.000005)
2025-08-25 02:41:28,813 - DEBUG -    残差变化: 0.004083 (阈值: 0.000005)
2025-08-25 02:41:28,813 - DEBUG -    几何权重因子: 10
2025-08-25 02:41:28,813 - DEBUG - ⏸️ 保持图像置信度权重: 参数变化=5.07e-03, 残差变化=4.08e-03
2025-08-25 02:41:28,813 - DEBUG - 状态已保存: 参数=[-0.02541985 -0.01604297  0.60273745  0.01120476], 残差范数=0.032111
2025-08-25 02:41:28,813 - DEBUG - 🔍 获取visibility信息: 形状=(21,), 范围=[1.000, 1.000]
2025-08-25 02:41:28,813 - DEBUG - 🔧 设置图像置信度权重: 21个点
2025-08-25 02:41:28,813 - DEBUG - 🔍 开始计算权重矩阵:
2025-08-25 02:41:28,813 - DEBUG -    点类型: ['pupil_center', 'iris_boundaries', 'iris_boundaries', 'iris_boundaries', 'iris_boundaries', 'eye_contours', 'eye_contours', 'eye_contours', 'eye_contours', 'eye_contours', 'eye_contours', 'eye_contours', 'eye_contours', 'eye_contours', 'eye_contours', 'eye_contours', 'eye_contours', 'eye_contours', 'eye_contours', 'eye_contours', 'eye_contours']
2025-08-25 02:41:28,813 - DEBUG -    残差向量: 形状=(21,), 范数=0.032111
2025-08-25 02:41:28,813 - DEBUG -    Visibility: 形状=(21,), 均值=1.000
2025-08-25 02:41:28,813 - DEBUG - 🔍 权重矩阵计算成功: 形状=(21, 21)
2025-08-25 02:41:28,813 - DEBUG - 🔍 几何权重统计:
2025-08-25 02:41:28,813 - DEBUG -    权重向量: [[1.]
 [1.]
 [1.]
 [1.]
 [1.]
 [1.]
 [1.]
 [1.]
 [1.]
 [1.]
 [1.]
 [1.]
 [1.]
 [1.]
 [1.]
 [1.]
 [1.]
 [1.]
 [1.]
 [1.]
 [1.]]
2025-08-25 02:41:28,813 - DEBUG -    权重范围: [1.000000, 1.000000]
2025-08-25 02:41:28,813 - DEBUG -    权重均值: 1.000000
2025-08-25 02:41:28,813 - DEBUG -    权重标准差: 0.000000
2025-08-25 02:41:28,813 - DEBUG -    高权重点(>0.8): 21/21
2025-08-25 02:41:28,813 - DEBUG -    低权重点(<0.2): 0/21
2025-08-25 02:41:28,813 - INFO - -----------------------------------------------------------------------------------
2025-08-25 02:41:28,813 - DEBUG - 🔍 开始求解LM更新方程:
2025-08-25 02:41:28,813 - DEBUG -    数据残差: 形状=(21,), 范数=0.032111
2025-08-25 02:41:28,813 - DEBUG -    约束残差: 形状=(1,), 范数=0.000228
2025-08-25 02:41:28,813 - DEBUG - 🔍 计算数据残差雅可比矩阵 J_f: 形状=(21, 4)
2025-08-25 02:41:28,813 - DEBUG - 🔍 J_f矩阵计算完成: 条件数=7.26e+00
2025-08-25 02:41:28,813 - DEBUG - 🔍 深度约束雅可比计算: u=-1.363274, σ=0.203709, J_h=[[ 0.          0.         -0.20370864  0.        ]]
2025-08-25 02:41:28,813 - DEBUG - 🔍 半径先验雅可比: J_r=[[0. 0. 0. 1.]]
2025-08-25 02:41:28,813 - DEBUG - 🔍 使用几何权重矩阵: 形状=(21, 21)
2025-08-25 02:41:28,813 - DEBUG - 🔍 Hessian矩阵计算:
2025-08-25 02:41:28,821 - DEBUG -    H_data = J_f^T W J_f: 形状=(4, 4), 条件数=5.27e+01
2025-08-25 02:41:28,821 - DEBUG -    H_h = λ_depth J_h^T J_h: 形状=(4, 4), λ_depth=1000.0
2025-08-25 02:41:28,821 - DEBUG -    H_r = λ_radius J_r^T J_r: 形状=(4, 4), λ_radius=1.0
2025-08-25 02:41:28,821 - DEBUG -    H_total: 形状=(4, 4), 条件数=2.25e+01
2025-08-25 02:41:28,821 - DEBUG - 🔍 梯度计算:
2025-08-25 02:41:28,821 - DEBUG -    g_data: 形状=(4,), 范数=0.080972
2025-08-25 02:41:28,821 - DEBUG -    g_h: 形状=(4,), 范数=0.046403
2025-08-25 02:41:28,821 - DEBUG -    g_r: 形状=(4,), 范数=0.000795
2025-08-25 02:41:28,821 - DEBUG -    g_total: 形状=(4,), 范数=0.090797
2025-08-25 02:41:28,821 - DEBUG - 🔍 LM阻尼矩阵: H_lm = H_total + 0.1 * I
2025-08-25 02:41:28,821 - DEBUG -    H_lm条件数: 2.14e+01
2025-08-25 02:41:28,821 - DEBUG - 🔍 线性方程组求解成功:
2025-08-25 02:41:28,821 - DEBUG -    参数更新向量 Δθ: [[-2.80533150e-03]
 [-4.75469955e-03]
 [ 6.62415370e-04]
 [ 8.74528317e-05]]
2025-08-25 02:41:28,821 - DEBUG -    更新向量范数: 0.005561
2025-08-25 02:41:28,821 - DEBUG -    各分量更新: Δc_x=-0.002805, Δc_y=-0.004755, Δc_z=0.000662, Δr=0.000087
2025-08-25 02:41:28,821 - DEBUG -    参数更新:
2025-08-25 02:41:28,821 - DEBUG -      旧参数: [[-0.02541985]
 [-0.01604297]
 [ 0.60273745]
 [ 0.01120476]]
2025-08-25 02:41:28,821 - DEBUG -      更新向量: [[-2.80533150e-03]
 [-4.75469955e-03]
 [ 6.62415370e-04]
 [ 8.74528317e-05]]
2025-08-25 02:41:28,821 - DEBUG -      新参数: [[-0.02822518]
 [-0.02079767]
 [ 0.60339987]
 [ 0.01129222]]
2025-08-25 02:41:28,821 - INFO - -----------------------------------------------------------------------------------
2025-08-25 02:41:28,821 - INFO - 🔍 迭代第4次，球心向右2.805332mm，向上4.754700mm，向后0.662415mm，半径变大0.087453mm
2025-08-25 02:41:28,821 - INFO - 📊 变化前: 中心(-0.025, -0.016, 0.603), 半径11.20mm
2025-08-25 02:41:28,821 - INFO - 📊 变化后: 中心(-0.028, -0.021, 0.603), 半径11.29mm
2025-08-25 02:41:28,821 - INFO - 📈 变化量: 中心移动5.52mm, 半径变化0.09mm
2025-08-25 02:41:28,821 - INFO - 📍 眼球中心: [-0.02541985 -0.01604297  0.60273745]
2025-08-25 02:41:28,821 - INFO - 📏 眼球半径: 11.20mm
2025-08-25 02:41:28,821 - INFO - 👁️ 瞳孔中心: [-0.02266667 -0.01066667  0.60000002]
2025-08-25 02:41:28,821 - INFO - 📐 眼球中心在瞳孔中心的左2.75mm，上5.38mm，后2.74mm
2025-08-25 02:41:28,821 - INFO - 📏 距离: 6.63mm
2025-08-25 02:41:28,821 - INFO - -----------------------------------------------------------------------------------
2025-08-25 02:41:28,821 - INFO - -----------------------------------------------------------------------------------
2025-08-25 02:41:28,821 - DEBUG - 🔍 参数有效性检查:
2025-08-25 02:41:28,821 - DEBUG -    参数向量: [[-0.02822518]
 [-0.02079767]
 [ 0.60339987]
 [ 0.01129222]]
2025-08-25 02:41:28,821 - DEBUG -    球心: [-0.02822518 -0.02079767  0.60339987]
2025-08-25 02:41:28,821 - DEBUG -    半径: 0.011292
2025-08-25 02:41:28,821 - DEBUG - 🔍 函数值计算详情:
2025-08-25 02:41:28,821 - DEBUG -    数据项 F(θ): 0.000516
2025-08-25 02:41:28,821 - DEBUG -    深度约束项: 0.000026
2025-08-25 02:41:28,821 - DEBUG -    半径先验项: 0.000000
2025-08-25 02:41:28,821 - DEBUG -    总函数值 Φ(θ): 0.000542
2025-08-25 02:41:28,821 - DEBUG -    函数值改善: 0.000079
2025-08-25 02:41:28,821 - DEBUG - 🔍 参数有效: True
2025-08-25 02:41:28,821 - DEBUG -    参数更新成功:
2025-08-25 02:41:28,821 - DEBUG -      新球心: [-0.02822518 -0.02079767  0.60339987]
2025-08-25 02:41:28,829 - DEBUG -      新半径: 0.011292
2025-08-25 02:41:28,829 - INFO - -----------------------------------------------------------------------------------
2025-08-25 02:41:28,829 - DEBUG - 🔍 LM收敛性检查:
2025-08-25 02:41:28,829 - DEBUG -    当前迭代次数: 4
2025-08-25 02:41:28,829 - DEBUG -    最大迭代次数: 30
2025-08-25 02:41:28,829 - DEBUG -    参数变化: 0.005561
2025-08-25 02:41:28,829 - DEBUG -    参数容忍度: 5e-06
2025-08-25 02:41:28,829 - DEBUG -    残差变化: 0.000000
2025-08-25 02:41:28,829 - DEBUG -    残差容忍度: 5e-06
2025-08-25 02:41:28,829 - DEBUG - 🔍 迭代 6/30:
2025-08-25 02:41:28,829 - DEBUG - 🔍 计算点到球心距离: 形状=(21,)
2025-08-25 02:41:28,829 - DEBUG - 🔍 生理偏差向量计算:
2025-08-25 02:41:28,829 - DEBUG -    点类型列表: ['pupil_center', 'iris_boundaries', 'iris_boundaries', 'iris_boundaries', 'iris_boundaries', 'eye_contours', 'eye_contours', 'eye_contours', 'eye_contours', 'eye_contours', 'eye_contours', 'eye_contours', 'eye_contours', 'eye_contours', 'eye_contours', 'eye_contours', 'eye_contours', 'eye_contours', 'eye_contours', 'eye_contours', 'eye_contours']
2025-08-25 02:41:28,829 - DEBUG -    偏差向量: [0.0002  0.00085 0.00085 0.00085 0.00085 0.0015  0.0015  0.0015  0.0015
 0.0015  0.0015  0.0015  0.0015  0.0015  0.0015  0.0015  0.0015  0.0015
 0.0015  0.0015  0.0015 ]
2025-08-25 02:41:28,829 - DEBUG -    向量形状: (21,)
2025-08-25 02:41:28,829 - DEBUG -    偏差统计: 均值=0.001314, 标准差=0.000356
2025-08-25 02:41:28,829 - DEBUG - 获取生理偏差: 点类型=['pupil_center', 'iris_boundaries', 'iris_boundaries', 'iris_boundaries', 'iris_boundaries', 'eye_contours', 'eye_contours', 'eye_contours', 'eye_contours', 'eye_contours', 'eye_contours', 'eye_contours', 'eye_contours', 'eye_contours', 'eye_contours', 'eye_contours', 'eye_contours', 'eye_contours', 'eye_contours', 'eye_contours', 'eye_contours'], 偏差值=[0.0002  0.00085 0.00085 0.00085 0.00085 0.0015  0.0015  0.0015  0.0015
 0.0015  0.0015  0.0015  0.0015  0.0015  0.0015  0.0015  0.0015  0.0015
 0.0015  0.0015  0.0015 ]
2025-08-25 02:41:28,829 - INFO - -----------------------------------------------------------------------------------
2025-08-25 02:41:28,829 - DEBUG - 🔍 拟合残差计算详情:
2025-08-25 02:41:28,829 - DEBUG -    球心坐标: [-0.02822518 -0.02079767  0.60339987]
2025-08-25 02:41:28,829 - DEBUG -    球体半径: 0.011292
2025-08-25 02:41:28,829 - DEBUG -    采样点数: 21
2025-08-25 02:41:28,829 - DEBUG -    点类型分布: {'eye_contours': 16, 'iris_boundaries': 4, 'pupil_center': 1}
2025-08-25 02:41:28,829 - DEBUG -    理论距离向量: [0.01149222 0.01214222 0.01214222 0.01214222 0.01214222 0.01279222
 0.01279222 0.01279222 0.01279222 0.01279222 0.01279222 0.01279222
 0.01279222 0.01279222 0.01279222 0.01279222 0.01279222 0.01279222
 0.01279222 0.01279222 0.01279222]
2025-08-25 02:41:28,829 - DEBUG -    实际距离向量: [0.01204546 0.01856233 0.00623022 0.01322511 0.02206771 0.02106205
 0.02050642 0.02004433 0.02003117 0.02106761 0.02339803 0.0269647
 0.03034684 0.03205466 0.0282408  0.02114432 0.0129141  0.00789131
 0.01056269 0.0152906  0.01852285]
2025-08-25 02:41:28,829 - DEBUG -    生理偏差向量: [0.0002  0.00085 0.00085 0.00085 0.00085 0.0015  0.0015  0.0015  0.0015
 0.0015  0.0015  0.0015  0.0015  0.0015  0.0015  0.0015  0.0015  0.0015
 0.0015  0.0015  0.0015 ]
2025-08-25 02:41:28,829 - DEBUG -    残差向量 f(θ): 
[[ 0.00055324]
 [ 0.00642012]
 [-0.005912  ]
 [ 0.00108289]
 [ 0.0099255 ]
 [ 0.00826984]
 [ 0.0077142 ]
 [ 0.00725211]
 [ 0.00723895]
 [ 0.0082754 ]
 [ 0.01060581]
 [ 0.01417249]
 [ 0.01755463]
 [ 0.01926244]
 [ 0.01544858]
 [ 0.0083521 ]
 [ 0.00012188]
 [-0.00490091]
 [-0.00222953]
 [ 0.00249838]
 [ 0.00573063]]
2025-08-25 02:41:28,829 - DEBUG -    平均残差范数: 0.002046
2025-08-25 02:41:28,829 - DEBUG -    残差范数=0.042972
2025-08-25 02:41:28,829 - INFO - -----------------------------------------------------------------------------------
2025-08-25 02:41:28,829 - DEBUG - 🔍 深度约束计算详情 (softplus):
2025-08-25 02:41:28,829 - DEBUG -    采样点Z坐标范围: [0.599916, 0.601174]
2025-08-25 02:41:28,829 - DEBUG -    球心Z坐标: 0.603400
2025-08-25 02:41:28,829 - DEBUG -    深度偏移ε: 0.000200
2025-08-25 02:41:28,829 - DEBUG -    softplus参数τ: 0.001000
2025-08-25 02:41:28,829 - DEBUG -    原始违反值: -0.002026
2025-08-25 02:41:28,829 - DEBUG -    softplus输入 u: -2.025690
2025-08-25 02:41:28,829 - DEBUG -    约束惩罚 h(θ): 0.000124
2025-08-25 02:41:28,829 - DEBUG -    🟢 深度约束满足: 球心深度足够
2025-08-25 02:41:28,829 - INFO - -----------------------------------------------------------------------------------
2025-08-25 02:41:28,829 - DEBUG - 🔍 半径惩罚计算详情:
2025-08-25 02:41:28,829 - DEBUG -    当前半径: 0.011292
2025-08-25 02:41:28,829 - DEBUG -    半径先验值: 0.012000
2025-08-25 02:41:28,829 - DEBUG -    半径残差 r(θ): -0.000708
2025-08-25 02:41:28,829 - DEBUG -    数据残差 f(θ): [[ 0.00055324]
 [ 0.00642012]
 [-0.005912  ]
 [ 0.00108289]
 [ 0.0099255 ]
 [ 0.00826984]
 [ 0.0077142 ]
 [ 0.00725211]
 [ 0.00723895]
 [ 0.0082754 ]
 [ 0.01060581]
 [ 0.01417249]
 [ 0.01755463]
 [ 0.01926244]
 [ 0.01544858]
 [ 0.0083521 ]
 [ 0.00012188]
 [-0.00490091]
 [-0.00222953]
 [ 0.00249838]
 [ 0.00573063]]
2025-08-25 02:41:28,838 - DEBUG -    约束残差 g(θ): [[0.0001239]]
2025-08-25 02:41:28,838 - DEBUG -    半径残差 r(θ): [[-0.00070778]]
2025-08-25 02:41:28,838 - DEBUG - 🔍 状态变化计算: 参数变化=0.005561, 残差变化=0.010861
2025-08-25 02:41:28,838 - INFO - -----------------------------------------------------------------------------------
2025-08-25 02:41:28,838 - DEBUG - 🔍 权重管理器状态更新详情:
2025-08-25 02:41:28,838 - DEBUG -    当前迭代: 5
2025-08-25 02:41:28,838 - DEBUG -    参数变化: 0.005561 (阈值: 0.000005)
2025-08-25 02:41:28,838 - DEBUG -    残差变化: 0.010861 (阈值: 0.000005)
2025-08-25 02:41:28,838 - DEBUG -    几何权重因子: 10
2025-08-25 02:41:28,838 - DEBUG - ⏸️ 保持图像置信度权重: 参数变化=5.56e-03, 残差变化=1.09e-02
2025-08-25 02:41:28,838 - DEBUG - 状态已保存: 参数=[-0.02822518 -0.02079767  0.60339987  0.01129222], 残差范数=0.042972
2025-08-25 02:41:28,838 - DEBUG - 🔍 获取visibility信息: 形状=(21,), 范围=[1.000, 1.000]
2025-08-25 02:41:28,838 - DEBUG - 🔧 设置图像置信度权重: 21个点
2025-08-25 02:41:28,838 - DEBUG - 🔍 开始计算权重矩阵:
2025-08-25 02:41:28,838 - DEBUG -    点类型: ['pupil_center', 'iris_boundaries', 'iris_boundaries', 'iris_boundaries', 'iris_boundaries', 'eye_contours', 'eye_contours', 'eye_contours', 'eye_contours', 'eye_contours', 'eye_contours', 'eye_contours', 'eye_contours', 'eye_contours', 'eye_contours', 'eye_contours', 'eye_contours', 'eye_contours', 'eye_contours', 'eye_contours', 'eye_contours']
2025-08-25 02:41:28,838 - DEBUG -    残差向量: 形状=(21,), 范数=0.042972
2025-08-25 02:41:28,838 - DEBUG -    Visibility: 形状=(21,), 均值=1.000
2025-08-25 02:41:28,838 - DEBUG - 🔍 权重矩阵计算成功: 形状=(21, 21)
2025-08-25 02:41:28,838 - DEBUG - 🔍 几何权重统计:
2025-08-25 02:41:28,838 - DEBUG -    权重向量: [[1.]
 [1.]
 [1.]
 [1.]
 [1.]
 [1.]
 [1.]
 [1.]
 [1.]
 [1.]
 [1.]
 [1.]
 [1.]
 [1.]
 [1.]
 [1.]
 [1.]
 [1.]
 [1.]
 [1.]
 [1.]]
2025-08-25 02:41:28,838 - DEBUG -    权重范围: [1.000000, 1.000000]
2025-08-25 02:41:28,838 - DEBUG -    权重均值: 1.000000
2025-08-25 02:41:28,838 - DEBUG -    权重标准差: 0.000000
2025-08-25 02:41:28,838 - DEBUG -    高权重点(>0.8): 21/21
2025-08-25 02:41:28,838 - DEBUG -    低权重点(<0.2): 0/21
2025-08-25 02:41:28,838 - INFO - -----------------------------------------------------------------------------------
2025-08-25 02:41:28,838 - DEBUG - 🔍 开始求解LM更新方程:
2025-08-25 02:41:28,838 - DEBUG -    数据残差: 形状=(21,), 范数=0.042972
2025-08-25 02:41:28,838 - DEBUG -    约束残差: 形状=(1,), 范数=0.000124
2025-08-25 02:41:28,838 - DEBUG - 🔍 计算数据残差雅可比矩阵 J_f: 形状=(21, 4)
2025-08-25 02:41:28,838 - DEBUG - 🔍 J_f矩阵计算完成: 条件数=1.25e+01
2025-08-25 02:41:28,838 - DEBUG - 🔍 深度约束雅可比计算: u=-2.025690, σ=0.116532, J_h=[[ 0.          0.         -0.11653194  0.        ]]
2025-08-25 02:41:28,846 - DEBUG - 🔍 半径先验雅可比: J_r=[[0. 0. 0. 1.]]
2025-08-25 02:41:28,846 - DEBUG - 🔍 使用几何权重矩阵: 形状=(21, 21)
2025-08-25 02:41:28,846 - DEBUG - 🔍 Hessian矩阵计算:
2025-08-25 02:41:28,846 - DEBUG -    H_data = J_f^T W J_f: 形状=(4, 4), 条件数=1.56e+02
2025-08-25 02:41:28,846 - DEBUG -    H_h = λ_depth J_h^T J_h: 形状=(4, 4), λ_depth=1000.0
2025-08-25 02:41:28,846 - DEBUG -    H_r = λ_radius J_r^T J_r: 形状=(4, 4), λ_radius=1.0
2025-08-25 02:41:28,846 - DEBUG -    H_total: 形状=(4, 4), 条件数=5.04e+01
2025-08-25 02:41:28,846 - DEBUG - 🔍 梯度计算:
2025-08-25 02:41:28,846 - DEBUG -    g_data: 形状=(4,), 范数=0.174878
2025-08-25 02:41:28,846 - DEBUG -    g_h: 形状=(4,), 范数=0.014438
2025-08-25 02:41:28,846 - DEBUG -    g_r: 形状=(4,), 范数=0.000708
2025-08-25 02:41:28,846 - DEBUG -    g_total: 形状=(4,), 范数=0.177154
2025-08-25 02:41:28,846 - DEBUG - 🔍 LM阻尼矩阵: H_lm = H_total + 0.1 * I
2025-08-25 02:41:28,846 - DEBUG -    H_lm条件数: 4.41e+01
2025-08-25 02:41:28,846 - DEBUG - 🔍 线性方程组求解成功:
2025-08-25 02:41:28,846 - DEBUG -    参数更新向量 Δθ: [[-0.00404906]
 [-0.00294547]
 [ 0.00011451]
 [ 0.00330422]]
2025-08-25 02:41:28,846 - DEBUG -    更新向量范数: 0.006000
2025-08-25 02:41:28,846 - DEBUG -    各分量更新: Δc_x=-0.004049, Δc_y=-0.002945, Δc_z=0.000115, Δr=0.003304
2025-08-25 02:41:28,846 - DEBUG -    参数更新:
2025-08-25 02:41:28,846 - DEBUG -      旧参数: [[-0.02822518]
 [-0.02079767]
 [ 0.60339987]
 [ 0.01129222]]
2025-08-25 02:41:28,846 - DEBUG -      更新向量: [[-0.00404906]
 [-0.00294547]
 [ 0.00011451]
 [ 0.00330422]]
2025-08-25 02:41:28,846 - DEBUG -      新参数: [[-0.03227424]
 [-0.02374314]
 [ 0.60351437]
 [ 0.01459643]]
2025-08-25 02:41:28,846 - INFO - -----------------------------------------------------------------------------------
2025-08-25 02:41:28,846 - INFO - 🔍 迭代第5次，球心向右4.049055mm，向上2.945471mm，向后0.114508mm，半径变大3.304215mm
2025-08-25 02:41:28,846 - INFO - 📊 变化前: 中心(-0.028, -0.021, 0.603), 半径11.29mm
2025-08-25 02:41:28,846 - INFO - 📊 变化后: 中心(-0.032, -0.024, 0.604), 半径14.60mm
2025-08-25 02:41:28,846 - INFO - 📈 变化量: 中心移动5.01mm, 半径变化3.30mm
2025-08-25 02:41:28,846 - INFO - 📍 眼球中心: [-0.02822518 -0.02079767  0.60339987]
2025-08-25 02:41:28,846 - INFO - 📏 眼球半径: 11.29mm
2025-08-25 02:41:28,846 - INFO - 👁️ 瞳孔中心: [-0.02266667 -0.01066667  0.60000002]
2025-08-25 02:41:28,846 - INFO - 📐 眼球中心在瞳孔中心的左5.56mm，上10.13mm，后3.40mm
2025-08-25 02:41:28,846 - INFO - 📏 距离: 12.05mm
2025-08-25 02:41:28,846 - INFO - -----------------------------------------------------------------------------------
2025-08-25 02:41:28,846 - INFO - -----------------------------------------------------------------------------------
2025-08-25 02:41:28,846 - DEBUG - 🔍 参数有效性检查:
2025-08-25 02:41:28,846 - DEBUG -    参数向量: [[-0.03227424]
 [-0.02374314]
 [ 0.60351437]
 [ 0.01459643]]
2025-08-25 02:41:28,846 - DEBUG -    球心: [-0.03227424 -0.02374314  0.60351437]
2025-08-25 02:41:28,846 - DEBUG -    半径: 0.014596
2025-08-25 02:41:28,846 - DEBUG - 🔍 函数值计算详情:
2025-08-25 02:41:28,846 - DEBUG -    数据项 F(θ): 0.000923
2025-08-25 02:41:28,846 - DEBUG -    深度约束项: 0.000008
2025-08-25 02:41:28,846 - DEBUG -    半径先验项: 0.000000
2025-08-25 02:41:28,846 - DEBUG -    总函数值 Φ(θ): 0.000931
2025-08-25 02:41:28,846 - DEBUG -    函数值改善: -0.000389
2025-08-25 02:41:28,846 - DEBUG - 🔍 参数有效: False
2025-08-25 02:41:28,846 - DEBUG -    参数无效，阻尼因子调整: λ_LM = 1.00e+00
2025-08-25 02:41:28,846 - DEBUG - 🔍 迭代 7/30:
2025-08-25 02:41:28,846 - DEBUG - 🔍 计算点到球心距离: 形状=(21,)
2025-08-25 02:41:28,846 - DEBUG - 🔍 生理偏差向量计算:
2025-08-25 02:41:28,846 - DEBUG -    点类型列表: ['pupil_center', 'iris_boundaries', 'iris_boundaries', 'iris_boundaries', 'iris_boundaries', 'eye_contours', 'eye_contours', 'eye_contours', 'eye_contours', 'eye_contours', 'eye_contours', 'eye_contours', 'eye_contours', 'eye_contours', 'eye_contours', 'eye_contours', 'eye_contours', 'eye_contours', 'eye_contours', 'eye_contours', 'eye_contours']
2025-08-25 02:41:28,854 - DEBUG -    偏差向量: [0.0002  0.00085 0.00085 0.00085 0.00085 0.0015  0.0015  0.0015  0.0015
 0.0015  0.0015  0.0015  0.0015  0.0015  0.0015  0.0015  0.0015  0.0015
 0.0015  0.0015  0.0015 ]
2025-08-25 02:41:28,854 - DEBUG -    向量形状: (21,)
2025-08-25 02:41:28,855 - DEBUG -    偏差统计: 均值=0.001314, 标准差=0.000356
2025-08-25 02:41:28,855 - DEBUG - 获取生理偏差: 点类型=['pupil_center', 'iris_boundaries', 'iris_boundaries', 'iris_boundaries', 'iris_boundaries', 'eye_contours', 'eye_contours', 'eye_contours', 'eye_contours', 'eye_contours', 'eye_contours', 'eye_contours', 'eye_contours', 'eye_contours', 'eye_contours', 'eye_contours', 'eye_contours', 'eye_contours', 'eye_contours', 'eye_contours', 'eye_contours'], 偏差值=[0.0002  0.00085 0.00085 0.00085 0.00085 0.0015  0.0015  0.0015  0.0015
 0.0015  0.0015  0.0015  0.0015  0.0015  0.0015  0.0015  0.0015  0.0015
 0.0015  0.0015  0.0015 ]
2025-08-25 02:41:28,855 - INFO - -----------------------------------------------------------------------------------
2025-08-25 02:41:28,857 - DEBUG - 🔍 拟合残差计算详情:
2025-08-25 02:41:28,857 - DEBUG -    球心坐标: [-0.02822518 -0.02079767  0.60339987]
2025-08-25 02:41:28,857 - DEBUG -    球体半径: 0.011292
2025-08-25 02:41:28,857 - DEBUG -    采样点数: 21
2025-08-25 02:41:28,857 - DEBUG -    点类型分布: {'eye_contours': 16, 'iris_boundaries': 4, 'pupil_center': 1}
2025-08-25 02:41:28,857 - DEBUG -    理论距离向量: [0.01149222 0.01214222 0.01214222 0.01214222 0.01214222 0.01279222
 0.01279222 0.01279222 0.01279222 0.01279222 0.01279222 0.01279222
 0.01279222 0.01279222 0.01279222 0.01279222 0.01279222 0.01279222
 0.01279222 0.01279222 0.01279222]
2025-08-25 02:41:28,857 - DEBUG -    实际距离向量: [0.01204546 0.01856233 0.00623022 0.01322511 0.02206771 0.02106205
 0.02050642 0.02004433 0.02003117 0.02106761 0.02339803 0.0269647
 0.03034684 0.03205466 0.0282408  0.02114432 0.0129141  0.00789131
 0.01056269 0.0152906  0.01852285]
2025-08-25 02:41:28,857 - DEBUG -    生理偏差向量: [0.0002  0.00085 0.00085 0.00085 0.00085 0.0015  0.0015  0.0015  0.0015
 0.0015  0.0015  0.0015  0.0015  0.0015  0.0015  0.0015  0.0015  0.0015
 0.0015  0.0015  0.0015 ]
2025-08-25 02:41:28,857 - DEBUG -    残差向量 f(θ): 
[[ 0.00055324]
 [ 0.00642012]
 [-0.005912  ]
 [ 0.00108289]
 [ 0.0099255 ]
 [ 0.00826984]
 [ 0.0077142 ]
 [ 0.00725211]
 [ 0.00723895]
 [ 0.0082754 ]
 [ 0.01060581]
 [ 0.01417249]
 [ 0.01755463]
 [ 0.01926244]
 [ 0.01544858]
 [ 0.0083521 ]
 [ 0.00012188]
 [-0.00490091]
 [-0.00222953]
 [ 0.00249838]
 [ 0.00573063]]
2025-08-25 02:41:28,857 - DEBUG -    平均残差范数: 0.002046
2025-08-25 02:41:28,857 - DEBUG -    残差范数=0.042972
2025-08-25 02:41:28,857 - INFO - -----------------------------------------------------------------------------------
2025-08-25 02:41:28,857 - DEBUG - 🔍 深度约束计算详情 (softplus):
2025-08-25 02:41:28,862 - DEBUG -    采样点Z坐标范围: [0.599916, 0.601174]
2025-08-25 02:41:28,862 - DEBUG -    球心Z坐标: 0.603400
2025-08-25 02:41:28,862 - DEBUG -    深度偏移ε: 0.000200
2025-08-25 02:41:28,862 - DEBUG -    softplus参数τ: 0.001000
2025-08-25 02:41:28,862 - DEBUG -    原始违反值: -0.002026
2025-08-25 02:41:28,862 - DEBUG -    softplus输入 u: -2.025690
2025-08-25 02:41:28,862 - DEBUG -    约束惩罚 h(θ): 0.000124
2025-08-25 02:41:28,862 - DEBUG -    🟢 深度约束满足: 球心深度足够
2025-08-25 02:41:28,862 - INFO - -----------------------------------------------------------------------------------
2025-08-25 02:41:28,862 - DEBUG - 🔍 半径惩罚计算详情:
2025-08-25 02:41:28,862 - DEBUG -    当前半径: 0.011292
2025-08-25 02:41:28,862 - DEBUG -    半径先验值: 0.012000
2025-08-25 02:41:28,862 - DEBUG -    半径残差 r(θ): -0.000708
2025-08-25 02:41:28,862 - DEBUG -    数据残差 f(θ): [[ 0.00055324]
 [ 0.00642012]
 [-0.005912  ]
 [ 0.00108289]
 [ 0.0099255 ]
 [ 0.00826984]
 [ 0.0077142 ]
 [ 0.00725211]
 [ 0.00723895]
 [ 0.0082754 ]
 [ 0.01060581]
 [ 0.01417249]
 [ 0.01755463]
 [ 0.01926244]
 [ 0.01544858]
 [ 0.0083521 ]
 [ 0.00012188]
 [-0.00490091]
 [-0.00222953]
 [ 0.00249838]
 [ 0.00573063]]
2025-08-25 02:41:28,862 - DEBUG -    约束残差 g(θ): [[0.0001239]]
2025-08-25 02:41:28,862 - DEBUG -    半径残差 r(θ): [[-0.00070778]]
2025-08-25 02:41:28,862 - DEBUG - 🔍 状态变化计算: 参数变化=0.000000, 残差变化=0.000000
2025-08-25 02:41:28,862 - INFO - -----------------------------------------------------------------------------------
2025-08-25 02:41:28,865 - DEBUG - 🔍 权重管理器状态更新详情:
2025-08-25 02:41:28,865 - DEBUG -    当前迭代: 6
2025-08-25 02:41:28,865 - DEBUG -    参数变化: 0.000000 (阈值: 0.000005)
2025-08-25 02:41:28,865 - DEBUG -    残差变化: 0.000000 (阈值: 0.000005)
2025-08-25 02:41:28,865 - DEBUG -    几何权重因子: 10
2025-08-25 02:41:28,865 - DEBUG - ⏸️ 保持图像置信度权重: 参数变化=0.00e+00, 残差变化=0.00e+00
2025-08-25 02:41:28,865 - DEBUG - 状态已保存: 参数=[-0.02822518 -0.02079767  0.60339987  0.01129222], 残差范数=0.042972
2025-08-25 02:41:28,865 - DEBUG - 🔍 获取visibility信息: 形状=(21,), 范围=[1.000, 1.000]
2025-08-25 02:41:28,865 - DEBUG - 🔧 设置图像置信度权重: 21个点
2025-08-25 02:41:28,865 - DEBUG - 🔍 开始计算权重矩阵:
2025-08-25 02:41:28,865 - DEBUG -    点类型: ['pupil_center', 'iris_boundaries', 'iris_boundaries', 'iris_boundaries', 'iris_boundaries', 'eye_contours', 'eye_contours', 'eye_contours', 'eye_contours', 'eye_contours', 'eye_contours', 'eye_contours', 'eye_contours', 'eye_contours', 'eye_contours', 'eye_contours', 'eye_contours', 'eye_contours', 'eye_contours', 'eye_contours', 'eye_contours']
2025-08-25 02:41:28,865 - DEBUG -    残差向量: 形状=(21,), 范数=0.042972
2025-08-25 02:41:28,865 - DEBUG -    Visibility: 形状=(21,), 均值=1.000
2025-08-25 02:41:28,865 - DEBUG - 🔍 权重矩阵计算成功: 形状=(21, 21)
2025-08-25 02:41:28,865 - DEBUG - 🔍 几何权重统计:
2025-08-25 02:41:28,865 - DEBUG -    权重向量: [[1.]
 [1.]
 [1.]
 [1.]
 [1.]
 [1.]
 [1.]
 [1.]
 [1.]
 [1.]
 [1.]
 [1.]
 [1.]
 [1.]
 [1.]
 [1.]
 [1.]
 [1.]
 [1.]
 [1.]
 [1.]]
2025-08-25 02:41:28,865 - DEBUG -    权重范围: [1.000000, 1.000000]
2025-08-25 02:41:28,865 - DEBUG -    权重均值: 1.000000
2025-08-25 02:41:28,865 - DEBUG -    权重标准差: 0.000000
2025-08-25 02:41:28,865 - DEBUG -    高权重点(>0.8): 21/21
2025-08-25 02:41:28,865 - DEBUG -    低权重点(<0.2): 0/21
2025-08-25 02:41:28,865 - INFO - -----------------------------------------------------------------------------------
2025-08-25 02:41:28,865 - DEBUG - 🔍 开始求解LM更新方程:
2025-08-25 02:41:28,865 - DEBUG -    数据残差: 形状=(21,), 范数=0.042972
2025-08-25 02:41:28,865 - DEBUG -    约束残差: 形状=(1,), 范数=0.000124
2025-08-25 02:41:28,865 - DEBUG - 🔍 计算数据残差雅可比矩阵 J_f: 形状=(21, 4)
2025-08-25 02:41:28,870 - DEBUG - 🔍 J_f矩阵计算完成: 条件数=1.25e+01
2025-08-25 02:41:28,871 - DEBUG - 🔍 深度约束雅可比计算: u=-2.025690, σ=0.116532, J_h=[[ 0.          0.         -0.11653194  0.        ]]
2025-08-25 02:41:28,871 - DEBUG - 🔍 半径先验雅可比: J_r=[[0. 0. 0. 1.]]
2025-08-25 02:41:28,871 - DEBUG - 🔍 使用几何权重矩阵: 形状=(21, 21)
2025-08-25 02:41:28,871 - DEBUG - 🔍 Hessian矩阵计算:
2025-08-25 02:41:28,871 - DEBUG -    H_data = J_f^T W J_f: 形状=(4, 4), 条件数=1.56e+02
2025-08-25 02:41:28,871 - DEBUG -    H_h = λ_depth J_h^T J_h: 形状=(4, 4), λ_depth=1000.0
2025-08-25 02:41:28,871 - DEBUG -    H_r = λ_radius J_r^T J_r: 形状=(4, 4), λ_radius=1.0
2025-08-25 02:41:28,871 - DEBUG -    H_total: 形状=(4, 4), 条件数=5.04e+01
2025-08-25 02:41:28,871 - DEBUG - 🔍 梯度计算:
2025-08-25 02:41:28,871 - DEBUG -    g_data: 形状=(4,), 范数=0.174878
2025-08-25 02:41:28,871 - DEBUG -    g_h: 形状=(4,), 范数=0.014438
2025-08-25 02:41:28,871 - DEBUG -    g_r: 形状=(4,), 范数=0.000708
2025-08-25 02:41:28,871 - DEBUG -    g_total: 形状=(4,), 范数=0.177154
2025-08-25 02:41:28,871 - DEBUG - 🔍 LM阻尼矩阵: H_lm = H_total + 1.0 * I
2025-08-25 02:41:28,871 - DEBUG -    H_lm条件数: 2.11e+01
2025-08-25 02:41:28,871 - DEBUG - 🔍 线性方程组求解成功:
2025-08-25 02:41:28,871 - DEBUG -    参数更新向量 Δθ: [[-0.00361766]
 [-0.00245092]
 [ 0.00015527]
 [ 0.00358157]]
2025-08-25 02:41:28,871 - DEBUG -    更新向量范数: 0.005652
2025-08-25 02:41:28,871 - DEBUG -    各分量更新: Δc_x=-0.003618, Δc_y=-0.002451, Δc_z=0.000155, Δr=0.003582
2025-08-25 02:41:28,871 - DEBUG -    参数更新:
2025-08-25 02:41:28,871 - DEBUG -      旧参数: [[-0.02822518]
 [-0.02079767]
 [ 0.60339987]
 [ 0.01129222]]
2025-08-25 02:41:28,871 - DEBUG -      更新向量: [[-0.00361766]
 [-0.00245092]
 [ 0.00015527]
 [ 0.00358157]]
2025-08-25 02:41:28,871 - DEBUG -      新参数: [[-0.03184284]
 [-0.02324859]
 [ 0.60355514]
 [ 0.01487379]]
2025-08-25 02:41:28,871 - INFO - -----------------------------------------------------------------------------------
2025-08-25 02:41:28,871 - INFO - 🔍 迭代第6次，球心向右3.617662mm，向上2.450919mm，向后0.155272mm，半径变大3.581573mm
2025-08-25 02:41:28,871 - INFO - 📊 变化前: 中心(-0.028, -0.021, 0.603), 半径11.29mm
2025-08-25 02:41:28,871 - INFO - 📊 变化后: 中心(-0.032, -0.023, 0.604), 半径14.87mm
2025-08-25 02:41:28,871 - INFO - 📈 变化量: 中心移动4.37mm, 半径变化3.58mm
2025-08-25 02:41:28,871 - INFO - 📍 眼球中心: [-0.02822518 -0.02079767  0.60339987]
2025-08-25 02:41:28,871 - INFO - 📏 眼球半径: 11.29mm
2025-08-25 02:41:28,878 - INFO - 👁️ 瞳孔中心: [-0.02266667 -0.01066667  0.60000002]
2025-08-25 02:41:28,878 - INFO - 📐 眼球中心在瞳孔中心的左5.56mm，上10.13mm，后3.40mm
2025-08-25 02:41:28,878 - INFO - 📏 距离: 12.05mm
2025-08-25 02:41:28,878 - INFO - -----------------------------------------------------------------------------------
2025-08-25 02:41:28,878 - INFO - -----------------------------------------------------------------------------------
2025-08-25 02:41:28,878 - DEBUG - 🔍 参数有效性检查:
2025-08-25 02:41:28,878 - DEBUG -    参数向量: [[-0.03184284]
 [-0.02324859]
 [ 0.60355514]
 [ 0.01487379]]
2025-08-25 02:41:28,878 - DEBUG -    球心: [-0.03184284 -0.02324859  0.60355514]
2025-08-25 02:41:28,878 - DEBUG -    半径: 0.014874
2025-08-25 02:41:28,878 - DEBUG - 🔍 函数值计算详情:
2025-08-25 02:41:28,878 - DEBUG -    数据项 F(θ): 0.000923
2025-08-25 02:41:28,878 - DEBUG -    深度约束项: 0.000008
2025-08-25 02:41:28,878 - DEBUG -    半径先验项: 0.000000
2025-08-25 02:41:28,878 - DEBUG -    总函数值 Φ(θ): 0.000931
2025-08-25 02:41:28,878 - DEBUG -    函数值改善: 0.000000
2025-08-25 02:41:28,878 - DEBUG - 🔍 参数有效: True
2025-08-25 02:41:28,878 - DEBUG -    参数更新成功:
2025-08-25 02:41:28,878 - DEBUG -      新球心: [-0.03184284 -0.02324859  0.60355514]
2025-08-25 02:41:28,878 - DEBUG -      新半径: 0.014874
2025-08-25 02:41:28,878 - INFO - -----------------------------------------------------------------------------------
2025-08-25 02:41:28,878 - DEBUG - 🔍 LM收敛性检查:
2025-08-25 02:41:28,878 - DEBUG -    当前迭代次数: 6
2025-08-25 02:41:28,878 - DEBUG -    最大迭代次数: 30
2025-08-25 02:41:28,878 - DEBUG -    参数变化: 0.005652
2025-08-25 02:41:28,878 - DEBUG -    参数容忍度: 5e-06
2025-08-25 02:41:28,878 - DEBUG -    残差变化: 0.000000
2025-08-25 02:41:28,878 - DEBUG -    残差容忍度: 5e-06
2025-08-25 02:41:28,878 - DEBUG - 🔍 迭代 8/30:
2025-08-25 02:41:28,878 - DEBUG - 🔍 计算点到球心距离: 形状=(21,)
2025-08-25 02:41:28,878 - DEBUG - 🔍 生理偏差向量计算:
2025-08-25 02:41:28,878 - DEBUG -    点类型列表: ['pupil_center', 'iris_boundaries', 'iris_boundaries', 'iris_boundaries', 'iris_boundaries', 'eye_contours', 'eye_contours', 'eye_contours', 'eye_contours', 'eye_contours', 'eye_contours', 'eye_contours', 'eye_contours', 'eye_contours', 'eye_contours', 'eye_contours', 'eye_contours', 'eye_contours', 'eye_contours', 'eye_contours', 'eye_contours']
2025-08-25 02:41:28,878 - DEBUG -    偏差向量: [0.0002  0.00085 0.00085 0.00085 0.00085 0.0015  0.0015  0.0015  0.0015
 0.0015  0.0015  0.0015  0.0015  0.0015  0.0015  0.0015  0.0015  0.0015
 0.0015  0.0015  0.0015 ]
2025-08-25 02:41:28,878 - DEBUG -    向量形状: (21,)
2025-08-25 02:41:28,878 - DEBUG -    偏差统计: 均值=0.001314, 标准差=0.000356
2025-08-25 02:41:28,878 - DEBUG - 获取生理偏差: 点类型=['pupil_center', 'iris_boundaries', 'iris_boundaries', 'iris_boundaries', 'iris_boundaries', 'eye_contours', 'eye_contours', 'eye_contours', 'eye_contours', 'eye_contours', 'eye_contours', 'eye_contours', 'eye_contours', 'eye_contours', 'eye_contours', 'eye_contours', 'eye_contours', 'eye_contours', 'eye_contours', 'eye_contours', 'eye_contours'], 偏差值=[0.0002  0.00085 0.00085 0.00085 0.00085 0.0015  0.0015  0.0015  0.0015
 0.0015  0.0015  0.0015  0.0015  0.0015  0.0015  0.0015  0.0015  0.0015
 0.0015  0.0015  0.0015 ]
2025-08-25 02:41:28,878 - INFO - -----------------------------------------------------------------------------------
2025-08-25 02:41:28,878 - DEBUG - 🔍 拟合残差计算详情:
2025-08-25 02:41:28,878 - DEBUG -    球心坐标: [-0.03184284 -0.02324859  0.60355514]
2025-08-25 02:41:28,878 - DEBUG -    球体半径: 0.014874
2025-08-25 02:41:28,878 - DEBUG -    采样点数: 21
2025-08-25 02:41:28,878 - DEBUG -    点类型分布: {'eye_contours': 16, 'iris_boundaries': 4, 'pupil_center': 1}
2025-08-25 02:41:28,878 - DEBUG -    理论距离向量: [0.01507379 0.01572379 0.01572379 0.01572379 0.01572379 0.01637379
 0.01637379 0.01637379 0.01637379 0.01637379 0.01637379 0.01637379
 0.01637379 0.01637379 0.01637379 0.01637379 0.01637379 0.01637379
 0.01637379 0.01637379 0.01637379]
2025-08-25 02:41:28,886 - DEBUG -    实际距离向量: [0.01597328 0.02290578 0.01021746 0.01521192 0.02566993 0.0207862
 0.02118231 0.02155951 0.02255069 0.02466412 0.02757104 0.03132047
 0.03469523 0.03637301 0.03252994 0.0253891  0.01717294 0.01164499
 0.01186827 0.01554064 0.018447  ]
2025-08-25 02:41:28,886 - DEBUG -    生理偏差向量: [0.0002  0.00085 0.00085 0.00085 0.00085 0.0015  0.0015  0.0015  0.0015
 0.0015  0.0015  0.0015  0.0015  0.0015  0.0015  0.0015  0.0015  0.0015
 0.0015  0.0015  0.0015 ]
2025-08-25 02:41:28,886 - DEBUG -    残差向量 f(θ): 
[[ 0.00089949]
 [ 0.00718199]
 [-0.00550633]
 [-0.00051187]
 [ 0.00994614]
 [ 0.00441241]
 [ 0.00480852]
 [ 0.00518572]
 [ 0.0061769 ]
 [ 0.00829033]
 [ 0.01119725]
 [ 0.01494668]
 [ 0.01832144]
 [ 0.01999922]
 [ 0.01615615]
 [ 0.00901531]
 [ 0.00079915]
 [-0.0047288 ]
 [-0.00450552]
 [-0.00083315]
 [ 0.00207321]]
2025-08-25 02:41:28,886 - DEBUG -    平均残差范数: 0.002039
2025-08-25 02:41:28,886 - DEBUG -    残差范数=0.042817
2025-08-25 02:41:28,886 - INFO - -----------------------------------------------------------------------------------
2025-08-25 02:41:28,886 - DEBUG - 🔍 深度约束计算详情 (softplus):
2025-08-25 02:41:28,886 - DEBUG -    采样点Z坐标范围: [0.599916, 0.601174]
2025-08-25 02:41:28,886 - DEBUG -    球心Z坐标: 0.603555
2025-08-25 02:41:28,886 - DEBUG -    深度偏移ε: 0.000200
2025-08-25 02:41:28,886 - DEBUG -    softplus参数τ: 0.001000
2025-08-25 02:41:28,886 - DEBUG -    原始违反值: -0.002181
2025-08-25 02:41:28,886 - DEBUG -    softplus输入 u: -2.180962
2025-08-25 02:41:28,886 - DEBUG -    约束惩罚 h(θ): 0.000107
2025-08-25 02:41:28,886 - DEBUG -    🟢 深度约束满足: 球心深度足够
2025-08-25 02:41:28,886 - INFO - -----------------------------------------------------------------------------------
2025-08-25 02:41:28,886 - DEBUG - 🔍 半径惩罚计算详情:
2025-08-25 02:41:28,886 - DEBUG -    当前半径: 0.014874
2025-08-25 02:41:28,886 - DEBUG -    半径先验值: 0.012000
2025-08-25 02:41:28,886 - DEBUG -    半径残差 r(θ): 0.002874
2025-08-25 02:41:28,886 - DEBUG -    数据残差 f(θ): [[ 0.00089949]
 [ 0.00718199]
 [-0.00550633]
 [-0.00051187]
 [ 0.00994614]
 [ 0.00441241]
 [ 0.00480852]
 [ 0.00518572]
 [ 0.0061769 ]
 [ 0.00829033]
 [ 0.01119725]
 [ 0.01494668]
 [ 0.01832144]
 [ 0.01999922]
 [ 0.01615615]
 [ 0.00901531]
 [ 0.00079915]
 [-0.0047288 ]
 [-0.00450552]
 [-0.00083315]
 [ 0.00207321]]
2025-08-25 02:41:28,886 - DEBUG -    约束残差 g(θ): [[0.000107]]
2025-08-25 02:41:28,886 - DEBUG -    半径残差 r(θ): [[0.00287379]]
2025-08-25 02:41:28,886 - DEBUG - 🔍 状态变化计算: 参数变化=0.005652, 残差变化=0.000155
2025-08-25 02:41:28,886 - INFO - -----------------------------------------------------------------------------------
2025-08-25 02:41:28,886 - DEBUG - 🔍 权重管理器状态更新详情:
2025-08-25 02:41:28,886 - DEBUG -    当前迭代: 7
2025-08-25 02:41:28,886 - DEBUG -    参数变化: 0.005652 (阈值: 0.000005)
2025-08-25 02:41:28,894 - DEBUG -    残差变化: 0.000155 (阈值: 0.000005)
2025-08-25 02:41:28,894 - DEBUG -    几何权重因子: 10
2025-08-25 02:41:28,894 - DEBUG - ⏸️ 保持图像置信度权重: 参数变化=5.65e-03, 残差变化=1.55e-04
2025-08-25 02:41:28,894 - DEBUG - 状态已保存: 参数=[-0.03184284 -0.02324859  0.60355514  0.01487379], 残差范数=0.042817
2025-08-25 02:41:28,894 - DEBUG - 🔍 获取visibility信息: 形状=(21,), 范围=[1.000, 1.000]
2025-08-25 02:41:28,894 - DEBUG - 🔧 设置图像置信度权重: 21个点
2025-08-25 02:41:28,894 - DEBUG - 🔍 开始计算权重矩阵:
2025-08-25 02:41:28,894 - DEBUG -    点类型: ['pupil_center', 'iris_boundaries', 'iris_boundaries', 'iris_boundaries', 'iris_boundaries', 'eye_contours', 'eye_contours', 'eye_contours', 'eye_contours', 'eye_contours', 'eye_contours', 'eye_contours', 'eye_contours', 'eye_contours', 'eye_contours', 'eye_contours', 'eye_contours', 'eye_contours', 'eye_contours', 'eye_contours', 'eye_contours']
2025-08-25 02:41:28,894 - DEBUG -    残差向量: 形状=(21,), 范数=0.042817
2025-08-25 02:41:28,894 - DEBUG -    Visibility: 形状=(21,), 均值=1.000
2025-08-25 02:41:28,894 - DEBUG - 🔍 权重矩阵计算成功: 形状=(21, 21)
2025-08-25 02:41:28,894 - DEBUG - 🔍 几何权重统计:
2025-08-25 02:41:28,894 - DEBUG -    权重向量: [[1.]
 [1.]
 [1.]
 [1.]
 [1.]
 [1.]
 [1.]
 [1.]
 [1.]
 [1.]
 [1.]
 [1.]
 [1.]
 [1.]
 [1.]
 [1.]
 [1.]
 [1.]
 [1.]
 [1.]
 [1.]]
2025-08-25 02:41:28,894 - DEBUG -    权重范围: [1.000000, 1.000000]
2025-08-25 02:41:28,894 - DEBUG -    权重均值: 1.000000
2025-08-25 02:41:28,894 - DEBUG -    权重标准差: 0.000000
2025-08-25 02:41:28,894 - DEBUG -    高权重点(>0.8): 21/21
2025-08-25 02:41:28,894 - DEBUG -    低权重点(<0.2): 0/21
2025-08-25 02:41:28,894 - INFO - -----------------------------------------------------------------------------------
2025-08-25 02:41:28,894 - DEBUG - 🔍 开始求解LM更新方程:
2025-08-25 02:41:28,894 - DEBUG -    数据残差: 形状=(21,), 范数=0.042817
2025-08-25 02:41:28,894 - DEBUG -    约束残差: 形状=(1,), 范数=0.000107
2025-08-25 02:41:28,894 - DEBUG - 🔍 计算数据残差雅可比矩阵 J_f: 形状=(21, 4)
2025-08-25 02:41:28,894 - DEBUG - 🔍 J_f矩阵计算完成: 条件数=1.95e+01
2025-08-25 02:41:28,894 - DEBUG - 🔍 深度约束雅可比计算: u=-2.180962, σ=0.101473, J_h=[[ 0.          0.         -0.10147316  0.        ]]
2025-08-25 02:41:28,894 - DEBUG - 🔍 半径先验雅可比: J_r=[[0. 0. 0. 1.]]
2025-08-25 02:41:28,894 - DEBUG - 🔍 使用几何权重矩阵: 形状=(21, 21)
2025-08-25 02:41:28,894 - DEBUG - 🔍 Hessian矩阵计算:
2025-08-25 02:41:28,894 - DEBUG -    H_data = J_f^T W J_f: 形状=(4, 4), 条件数=3.79e+02
2025-08-25 02:41:28,894 - DEBUG -    H_h = λ_depth J_h^T J_h: 形状=(4, 4), λ_depth=1000.0
2025-08-25 02:41:28,894 - DEBUG -    H_r = λ_radius J_r^T J_r: 形状=(4, 4), λ_radius=1.0
2025-08-25 02:41:28,894 - DEBUG -    H_total: 形状=(4, 4), 条件数=6.48e+01
2025-08-25 02:41:28,894 - DEBUG - 🔍 梯度计算:
2025-08-25 02:41:28,894 - DEBUG -    g_data: 形状=(4,), 范数=0.165485
2025-08-25 02:41:28,894 - DEBUG -    g_h: 形状=(4,), 范数=0.010857
2025-08-25 02:41:28,894 - DEBUG -    g_r: 形状=(4,), 范数=0.002874
2025-08-25 02:41:28,894 - DEBUG -    g_total: 形状=(4,), 范数=0.164480
2025-08-25 02:41:28,894 - DEBUG - 🔍 LM阻尼矩阵: H_lm = H_total + 1.0 * I
2025-08-25 02:41:28,894 - DEBUG -    H_lm条件数: 2.40e+01
2025-08-25 02:41:28,894 - DEBUG - 🔍 线性方程组求解成功:
2025-08-25 02:41:28,894 - DEBUG -    参数更新向量 Δθ: [[-0.00617235]
 [-0.00160581]
 [ 0.0002717 ]
 [ 0.00206312]]
2025-08-25 02:41:28,894 - DEBUG -    更新向量范数: 0.006709
2025-08-25 02:41:28,894 - DEBUG -    各分量更新: Δc_x=-0.006172, Δc_y=-0.001606, Δc_z=0.000272, Δr=0.002063
2025-08-25 02:41:28,894 - DEBUG -    参数更新:
2025-08-25 02:41:28,894 - DEBUG -      旧参数: [[-0.03184284]
 [-0.02324859]
 [ 0.60355514]
 [ 0.01487379]]
2025-08-25 02:41:28,902 - DEBUG -      更新向量: [[-0.00617235]
 [-0.00160581]
 [ 0.0002717 ]
 [ 0.00206312]]
2025-08-25 02:41:28,902 - DEBUG -      新参数: [[-0.03801519]
 [-0.02485439]
 [ 0.60382684]
 [ 0.01693692]]
2025-08-25 02:41:28,902 - INFO - -----------------------------------------------------------------------------------
2025-08-25 02:41:28,902 - INFO - 🔍 迭代第7次，球心向右6.172348mm，向上1.605809mm，向后0.271702mm，半径变大2.063125mm
2025-08-25 02:41:28,902 - INFO - 📊 变化前: 中心(-0.032, -0.023, 0.604), 半径14.87mm
2025-08-25 02:41:28,902 - INFO - 📊 变化后: 中心(-0.038, -0.025, 0.604), 半径16.94mm
2025-08-25 02:41:28,902 - INFO - 📈 变化量: 中心移动6.38mm, 半径变化2.06mm
2025-08-25 02:41:28,902 - INFO - 📍 眼球中心: [-0.03184284 -0.02324859  0.60355514]
2025-08-25 02:41:28,902 - INFO - 📏 眼球半径: 14.87mm
2025-08-25 02:41:28,902 - INFO - 👁️ 瞳孔中心: [-0.02266667 -0.01066667  0.60000002]
2025-08-25 02:41:28,902 - INFO - 📐 眼球中心在瞳孔中心的左9.18mm，上12.58mm，后3.56mm
2025-08-25 02:41:28,902 - INFO - 📏 距离: 15.97mm
2025-08-25 02:41:28,902 - INFO - -----------------------------------------------------------------------------------
2025-08-25 02:41:28,902 - INFO - -----------------------------------------------------------------------------------
2025-08-25 02:41:28,902 - DEBUG - 🔍 参数有效性检查:
2025-08-25 02:41:28,902 - DEBUG -    参数向量: [[-0.03801519]
 [-0.02485439]
 [ 0.60382684]
 [ 0.01693692]]
2025-08-25 02:41:28,908 - DEBUG -    球心: [-0.03801519 -0.02485439  0.60382684]
2025-08-25 02:41:28,908 - DEBUG -    半径: 0.016937
2025-08-25 02:41:28,910 - DEBUG - 🔍 函数值计算详情:
2025-08-25 02:41:28,910 - DEBUG -    数据项 F(θ): 0.000917
2025-08-25 02:41:28,910 - DEBUG -    深度约束项: 0.000006
2025-08-25 02:41:28,910 - DEBUG -    半径先验项: 0.000004
2025-08-25 02:41:28,910 - DEBUG -    总函数值 Φ(θ): 0.000926
2025-08-25 02:41:28,910 - DEBUG -    函数值改善: 0.000005
2025-08-25 02:41:28,910 - DEBUG - 🔍 参数有效: True
2025-08-25 02:41:28,910 - DEBUG -    参数更新成功:
2025-08-25 02:41:28,910 - DEBUG -      新球心: [-0.03801519 -0.02485439  0.60382684]
2025-08-25 02:41:28,910 - DEBUG -      新半径: 0.016937
2025-08-25 02:41:28,910 - INFO - -----------------------------------------------------------------------------------
2025-08-25 02:41:28,910 - DEBUG - 🔍 LM收敛性检查:
2025-08-25 02:41:28,910 - DEBUG -    当前迭代次数: 7
2025-08-25 02:41:28,910 - DEBUG -    最大迭代次数: 30
2025-08-25 02:41:28,910 - DEBUG -    参数变化: 0.006709
2025-08-25 02:41:28,910 - DEBUG -    参数容忍度: 5e-06
2025-08-25 02:41:28,910 - DEBUG -    残差变化: 0.000000
2025-08-25 02:41:28,910 - DEBUG -    残差容忍度: 5e-06
2025-08-25 02:41:28,910 - DEBUG - 🔍 迭代 9/30:
2025-08-25 02:41:28,910 - DEBUG - 🔍 计算点到球心距离: 形状=(21,)
2025-08-25 02:41:28,910 - DEBUG - 🔍 生理偏差向量计算:
2025-08-25 02:41:28,910 - DEBUG -    点类型列表: ['pupil_center', 'iris_boundaries', 'iris_boundaries', 'iris_boundaries', 'iris_boundaries', 'eye_contours', 'eye_contours', 'eye_contours', 'eye_contours', 'eye_contours', 'eye_contours', 'eye_contours', 'eye_contours', 'eye_contours', 'eye_contours', 'eye_contours', 'eye_contours', 'eye_contours', 'eye_contours', 'eye_contours', 'eye_contours']
2025-08-25 02:41:28,910 - DEBUG -    偏差向量: [0.0002  0.00085 0.00085 0.00085 0.00085 0.0015  0.0015  0.0015  0.0015
 0.0015  0.0015  0.0015  0.0015  0.0015  0.0015  0.0015  0.0015  0.0015
 0.0015  0.0015  0.0015 ]
2025-08-25 02:41:28,910 - DEBUG -    向量形状: (21,)
2025-08-25 02:41:28,910 - DEBUG -    偏差统计: 均值=0.001314, 标准差=0.000356
2025-08-25 02:41:28,910 - DEBUG - 获取生理偏差: 点类型=['pupil_center', 'iris_boundaries', 'iris_boundaries', 'iris_boundaries', 'iris_boundaries', 'eye_contours', 'eye_contours', 'eye_contours', 'eye_contours', 'eye_contours', 'eye_contours', 'eye_contours', 'eye_contours', 'eye_contours', 'eye_contours', 'eye_contours', 'eye_contours', 'eye_contours', 'eye_contours', 'eye_contours', 'eye_contours'], 偏差值=[0.0002  0.00085 0.00085 0.00085 0.00085 0.0015  0.0015  0.0015  0.0015
 0.0015  0.0015  0.0015  0.0015  0.0015  0.0015  0.0015  0.0015  0.0015
 0.0015  0.0015  0.0015 ]
2025-08-25 02:41:28,910 - INFO - -----------------------------------------------------------------------------------
2025-08-25 02:41:28,910 - DEBUG - 🔍 拟合残差计算详情:
2025-08-25 02:41:28,910 - DEBUG -    球心坐标: [-0.03801519 -0.02485439  0.60382684]
2025-08-25 02:41:28,910 - DEBUG -    球体半径: 0.016937
2025-08-25 02:41:28,910 - DEBUG -    采样点数: 21
2025-08-25 02:41:28,910 - DEBUG -    点类型分布: {'eye_contours': 16, 'iris_boundaries': 4, 'pupil_center': 1}
2025-08-25 02:41:28,910 - DEBUG -    理论距离向量: [0.01713692 0.01778692 0.01778692 0.01778692 0.01778692 0.01843692
 0.01843692 0.01843692 0.01843692 0.01843692 0.01843692 0.01843692
 0.01843692 0.01843692 0.01843692 0.01843692 0.01843692 0.01843692
 0.01843692 0.01843692 0.01843692]
2025-08-25 02:41:28,910 - DEBUG -    实际距离向量: [0.02124884 0.02899203 0.01636332 0.01802023 0.03010424 0.01988729
 0.02163881 0.02317371 0.02550684 0.02911862 0.03301067 0.03731761
 0.04088508 0.0426371  0.03882513 0.03169586 0.02334145 0.01698098
 0.01435054 0.01599575 0.01807567]
2025-08-25 02:41:28,910 - DEBUG -    生理偏差向量: [0.0002  0.00085 0.00085 0.00085 0.00085 0.0015  0.0015  0.0015  0.0015
 0.0015  0.0015  0.0015  0.0015  0.0015  0.0015  0.0015  0.0015  0.0015
 0.0015  0.0015  0.0015 ]
2025-08-25 02:41:28,910 - DEBUG -    残差向量 f(θ): 
[[ 0.00411193]
 [ 0.01120512]
 [-0.0014236 ]
 [ 0.00023331]
 [ 0.01231732]
 [ 0.00145037]
 [ 0.00320189]
 [ 0.00473679]
 [ 0.00706993]
 [ 0.01068171]
 [ 0.01457375]
 [ 0.01888069]
 [ 0.02244816]
 [ 0.02420018]
 [ 0.02038822]
 [ 0.01325894]
 [ 0.00490453]
 [-0.00145594]
 [-0.00408637]
 [-0.00244116]
 [-0.00036125]]
2025-08-25 02:41:28,910 - DEBUG -    平均残差范数: 0.002517
2025-08-25 02:41:28,910 - DEBUG -    残差范数=0.052858
2025-08-25 02:41:28,910 - INFO - -----------------------------------------------------------------------------------
2025-08-25 02:41:28,910 - DEBUG - 🔍 深度约束计算详情 (softplus):
2025-08-25 02:41:28,910 - DEBUG -    采样点Z坐标范围: [0.599916, 0.601174]
2025-08-25 02:41:28,910 - DEBUG -    球心Z坐标: 0.603827
2025-08-25 02:41:28,910 - DEBUG -    深度偏移ε: 0.000200
2025-08-25 02:41:28,910 - DEBUG -    softplus参数τ: 0.001000
2025-08-25 02:41:28,910 - DEBUG -    原始违反值: -0.002453
2025-08-25 02:41:28,910 - DEBUG -    softplus输入 u: -2.452664
2025-08-25 02:41:28,910 - DEBUG -    约束惩罚 h(θ): 0.000083
2025-08-25 02:41:28,910 - DEBUG -    🟢 深度约束满足: 球心深度足够
2025-08-25 02:41:28,910 - INFO - -----------------------------------------------------------------------------------
2025-08-25 02:41:28,910 - DEBUG - 🔍 半径惩罚计算详情:
2025-08-25 02:41:28,918 - DEBUG -    当前半径: 0.016937
2025-08-25 02:41:28,918 - DEBUG -    半径先验值: 0.012000
2025-08-25 02:41:28,918 - DEBUG -    半径残差 r(θ): 0.004937
2025-08-25 02:41:28,918 - DEBUG -    数据残差 f(θ): [[ 0.00411193]
 [ 0.01120512]
 [-0.0014236 ]
 [ 0.00023331]
 [ 0.01231732]
 [ 0.00145037]
 [ 0.00320189]
 [ 0.00473679]
 [ 0.00706993]
 [ 0.01068171]
 [ 0.01457375]
 [ 0.01888069]
 [ 0.02244816]
 [ 0.02420018]
 [ 0.02038822]
 [ 0.01325894]
 [ 0.00490453]
 [-0.00145594]
 [-0.00408637]
 [-0.00244116]
 [-0.00036125]]
2025-08-25 02:41:28,918 - DEBUG -    约束残差 g(θ): [[8.25601515e-05]]
2025-08-25 02:41:28,918 - DEBUG -    半径残差 r(θ): [[0.00493692]]
2025-08-25 02:41:28,918 - DEBUG - 🔍 状态变化计算: 参数变化=0.006709, 残差变化=0.010042
2025-08-25 02:41:28,918 - INFO - -----------------------------------------------------------------------------------
2025-08-25 02:41:28,918 - DEBUG - 🔍 权重管理器状态更新详情:
2025-08-25 02:41:28,918 - DEBUG -    当前迭代: 8
2025-08-25 02:41:28,918 - DEBUG -    参数变化: 0.006709 (阈值: 0.000005)
2025-08-25 02:41:28,918 - DEBUG -    残差变化: 0.010042 (阈值: 0.000005)
2025-08-25 02:41:28,918 - DEBUG -    几何权重因子: 10
2025-08-25 02:41:28,918 - DEBUG - ⏸️ 保持图像置信度权重: 参数变化=6.71e-03, 残差变化=1.00e-02
2025-08-25 02:41:28,918 - DEBUG - 状态已保存: 参数=[-0.03801519 -0.02485439  0.60382684  0.01693692], 残差范数=0.052858
2025-08-25 02:41:28,918 - DEBUG - 🔍 获取visibility信息: 形状=(21,), 范围=[1.000, 1.000]
2025-08-25 02:41:28,918 - DEBUG - 🔧 设置图像置信度权重: 21个点
2025-08-25 02:41:28,918 - DEBUG - 🔍 开始计算权重矩阵:
2025-08-25 02:41:28,918 - DEBUG -    点类型: ['pupil_center', 'iris_boundaries', 'iris_boundaries', 'iris_boundaries', 'iris_boundaries', 'eye_contours', 'eye_contours', 'eye_contours', 'eye_contours', 'eye_contours', 'eye_contours', 'eye_contours', 'eye_contours', 'eye_contours', 'eye_contours', 'eye_contours', 'eye_contours', 'eye_contours', 'eye_contours', 'eye_contours', 'eye_contours']
2025-08-25 02:41:28,918 - DEBUG -    残差向量: 形状=(21,), 范数=0.052858
2025-08-25 02:41:28,918 - DEBUG -    Visibility: 形状=(21,), 均值=1.000
2025-08-25 02:41:28,918 - DEBUG - 🔍 权重矩阵计算成功: 形状=(21, 21)
2025-08-25 02:41:28,918 - DEBUG - 🔍 几何权重统计:
2025-08-25 02:41:28,918 - DEBUG -    权重向量: [[1.]
 [1.]
 [1.]
 [1.]
 [1.]
 [1.]
 [1.]
 [1.]
 [1.]
 [1.]
 [1.]
 [1.]
 [1.]
 [1.]
 [1.]
 [1.]
 [1.]
 [1.]
 [1.]
 [1.]
 [1.]]
2025-08-25 02:41:28,918 - DEBUG -    权重范围: [1.000000, 1.000000]
2025-08-25 02:41:28,918 - DEBUG -    权重均值: 1.000000
2025-08-25 02:41:28,918 - DEBUG -    权重标准差: 0.000000
2025-08-25 02:41:28,918 - DEBUG -    高权重点(>0.8): 21/21
2025-08-25 02:41:28,926 - DEBUG -    低权重点(<0.2): 0/21
2025-08-25 02:41:28,926 - INFO - -----------------------------------------------------------------------------------
2025-08-25 02:41:28,926 - DEBUG - 🔍 开始求解LM更新方程:
2025-08-25 02:41:28,926 - DEBUG -    数据残差: 形状=(21,), 范数=0.052858
2025-08-25 02:41:28,926 - DEBUG -    约束残差: 形状=(1,), 范数=0.000083
2025-08-25 02:41:28,926 - DEBUG - 🔍 计算数据残差雅可比矩阵 J_f: 形状=(21, 4)
2025-08-25 02:41:28,926 - DEBUG - 🔍 J_f矩阵计算完成: 条件数=2.92e+01
2025-08-25 02:41:28,926 - DEBUG - 🔍 深度约束雅可比计算: u=-2.452664, σ=0.079244, J_h=[[ 0.          0.         -0.07924395  0.        ]]
2025-08-25 02:41:28,926 - DEBUG - 🔍 半径先验雅可比: J_r=[[0. 0. 0. 1.]]
2025-08-25 02:41:28,926 - DEBUG - 🔍 使用几何权重矩阵: 形状=(21, 21)
2025-08-25 02:41:28,926 - DEBUG - 🔍 Hessian矩阵计算:
2025-08-25 02:41:28,926 - DEBUG -    H_data = J_f^T W J_f: 形状=(4, 4), 条件数=8.51e+02
2025-08-25 02:41:28,926 - DEBUG -    H_h = λ_depth J_h^T J_h: 形状=(4, 4), λ_depth=1000.0
2025-08-25 02:41:28,926 - DEBUG -    H_r = λ_radius J_r^T J_r: 形状=(4, 4), λ_radius=1.0
2025-08-25 02:41:28,926 - DEBUG -    H_total: 形状=(4, 4), 条件数=7.58e+01
2025-08-25 02:41:28,926 - DEBUG - 🔍 梯度计算:
2025-08-25 02:41:28,926 - DEBUG -    g_data: 形状=(4,), 范数=0.227241
2025-08-25 02:41:28,926 - DEBUG -    g_h: 形状=(4,), 范数=0.006542
2025-08-25 02:41:28,926 - DEBUG -    g_r: 形状=(4,), 范数=0.004937
2025-08-25 02:41:28,926 - DEBUG -    g_total: 形状=(4,), 范数=0.224290
2025-08-25 02:41:28,926 - DEBUG - 🔍 LM阻尼矩阵: H_lm = H_total + 1.0 * I
2025-08-25 02:41:28,926 - DEBUG -    H_lm条件数: 2.62e+01
2025-08-25 02:41:28,926 - DEBUG - 🔍 线性方程组求解成功:
2025-08-25 02:41:28,926 - DEBUG -    参数更新向量 Δθ: [[-0.01100234]
 [-0.00021779]
 [ 0.000148  ]
 [ 0.00138082]]
2025-08-25 02:41:28,926 - DEBUG -    更新向量范数: 0.011092
2025-08-25 02:41:28,926 - DEBUG -    各分量更新: Δc_x=-0.011002, Δc_y=-0.000218, Δc_z=0.000148, Δr=0.001381
2025-08-25 02:41:28,926 - DEBUG -    参数更新:
2025-08-25 02:41:28,926 - DEBUG -      旧参数: [[-0.03801519]
 [-0.02485439]
 [ 0.60382684]
 [ 0.01693692]]
2025-08-25 02:41:28,926 - DEBUG -      更新向量: [[-0.01100234]
 [-0.00021779]
 [ 0.000148  ]
 [ 0.00138082]]
2025-08-25 02:41:28,926 - DEBUG -      新参数: [[-0.04901753]
 [-0.02507219]
 [ 0.60397484]
 [ 0.01831774]]
2025-08-25 02:41:28,926 - INFO - -----------------------------------------------------------------------------------
2025-08-25 02:41:28,926 - INFO - 🔍 迭代第8次，球心向右11.002338mm，向上0.217792mm，向后0.148002mm，半径变大1.380822mm
2025-08-25 02:41:28,926 - INFO - 📊 变化前: 中心(-0.038, -0.025, 0.604), 半径16.94mm
2025-08-25 02:41:28,926 - INFO - 📊 变化后: 中心(-0.049, -0.025, 0.604), 半径18.32mm
2025-08-25 02:41:28,926 - INFO - 📈 变化量: 中心移动11.00mm, 半径变化1.38mm
2025-08-25 02:41:28,926 - INFO - 📍 眼球中心: [-0.03801519 -0.02485439  0.60382684]
2025-08-25 02:41:28,926 - INFO - 📏 眼球半径: 16.94mm
2025-08-25 02:41:28,926 - INFO - 👁️ 瞳孔中心: [-0.02266667 -0.01066667  0.60000002]
2025-08-25 02:41:28,926 - INFO - 📐 眼球中心在瞳孔中心的左15.35mm，上14.19mm，后3.83mm
2025-08-25 02:41:28,926 - INFO - 📏 距离: 21.25mm
2025-08-25 02:41:28,926 - INFO - -----------------------------------------------------------------------------------
2025-08-25 02:41:28,926 - INFO - -----------------------------------------------------------------------------------
2025-08-25 02:41:28,926 - DEBUG - 🔍 参数有效性检查:
2025-08-25 02:41:28,926 - DEBUG -    参数向量: [[-0.04901753]
 [-0.02507219]
 [ 0.60397484]
 [ 0.01831774]]
2025-08-25 02:41:28,926 - DEBUG -    球心: [-0.04901753 -0.02507219  0.60397484]
2025-08-25 02:41:28,934 - DEBUG -    半径: 0.018318
2025-08-25 02:41:28,934 - DEBUG - 🔍 函数值计算详情:
2025-08-25 02:41:28,934 - DEBUG -    数据项 F(θ): 0.001397
2025-08-25 02:41:28,934 - DEBUG -    深度约束项: 0.000003
2025-08-25 02:41:28,934 - DEBUG -    半径先验项: 0.000012
2025-08-25 02:41:28,934 - DEBUG -    总函数值 Φ(θ): 0.001413
2025-08-25 02:41:28,934 - DEBUG -    函数值改善: -0.000486
2025-08-25 02:41:28,934 - DEBUG - 🔍 参数有效: False
2025-08-25 02:41:28,934 - DEBUG -    参数无效，阻尼因子调整: λ_LM = 1.00e+01
2025-08-25 02:41:28,934 - DEBUG - 🔍 迭代 10/30:
2025-08-25 02:41:28,934 - DEBUG - 🔍 计算点到球心距离: 形状=(21,)
2025-08-25 02:41:28,934 - DEBUG - 🔍 生理偏差向量计算:
2025-08-25 02:41:28,934 - DEBUG -    点类型列表: ['pupil_center', 'iris_boundaries', 'iris_boundaries', 'iris_boundaries', 'iris_boundaries', 'eye_contours', 'eye_contours', 'eye_contours', 'eye_contours', 'eye_contours', 'eye_contours', 'eye_contours', 'eye_contours', 'eye_contours', 'eye_contours', 'eye_contours', 'eye_contours', 'eye_contours', 'eye_contours', 'eye_contours', 'eye_contours']
2025-08-25 02:41:28,934 - DEBUG -    偏差向量: [0.0002  0.00085 0.00085 0.00085 0.00085 0.0015  0.0015  0.0015  0.0015
 0.0015  0.0015  0.0015  0.0015  0.0015  0.0015  0.0015  0.0015  0.0015
 0.0015  0.0015  0.0015 ]
2025-08-25 02:41:28,937 - DEBUG -    向量形状: (21,)
2025-08-25 02:41:28,937 - DEBUG -    偏差统计: 均值=0.001314, 标准差=0.000356
2025-08-25 02:41:28,937 - DEBUG - 获取生理偏差: 点类型=['pupil_center', 'iris_boundaries', 'iris_boundaries', 'iris_boundaries', 'iris_boundaries', 'eye_contours', 'eye_contours', 'eye_contours', 'eye_contours', 'eye_contours', 'eye_contours', 'eye_contours', 'eye_contours', 'eye_contours', 'eye_contours', 'eye_contours', 'eye_contours', 'eye_contours', 'eye_contours', 'eye_contours', 'eye_contours'], 偏差值=[0.0002  0.00085 0.00085 0.00085 0.00085 0.0015  0.0015  0.0015  0.0015
 0.0015  0.0015  0.0015  0.0015  0.0015  0.0015  0.0015  0.0015  0.0015
 0.0015  0.0015  0.0015 ]
2025-08-25 02:41:28,937 - INFO - -----------------------------------------------------------------------------------
2025-08-25 02:41:28,937 - DEBUG - 🔍 拟合残差计算详情:
2025-08-25 02:41:28,937 - DEBUG -    球心坐标: [-0.03801519 -0.02485439  0.60382684]
2025-08-25 02:41:28,937 - DEBUG -    球体半径: 0.016937
2025-08-25 02:41:28,937 - DEBUG -    采样点数: 21
2025-08-25 02:41:28,937 - DEBUG -    点类型分布: {'eye_contours': 16, 'iris_boundaries': 4, 'pupil_center': 1}
2025-08-25 02:41:28,937 - DEBUG -    理论距离向量: [0.01713692 0.01778692 0.01778692 0.01778692 0.01778692 0.01843692
 0.01843692 0.01843692 0.01843692 0.01843692 0.01843692 0.01843692
 0.01843692 0.01843692 0.01843692 0.01843692 0.01843692 0.01843692
 0.01843692 0.01843692 0.01843692]
2025-08-25 02:41:28,937 - DEBUG -    实际距离向量: [0.02124884 0.02899203 0.01636332 0.01802023 0.03010424 0.01988729
 0.02163881 0.02317371 0.02550684 0.02911862 0.03301067 0.03731761
 0.04088508 0.0426371  0.03882513 0.03169586 0.02334145 0.01698098
 0.01435054 0.01599575 0.01807567]
2025-08-25 02:41:28,937 - DEBUG -    生理偏差向量: [0.0002  0.00085 0.00085 0.00085 0.00085 0.0015  0.0015  0.0015  0.0015
 0.0015  0.0015  0.0015  0.0015  0.0015  0.0015  0.0015  0.0015  0.0015
 0.0015  0.0015  0.0015 ]
2025-08-25 02:41:28,937 - DEBUG -    残差向量 f(θ): 
[[ 0.00411193]
 [ 0.01120512]
 [-0.0014236 ]
 [ 0.00023331]
 [ 0.01231732]
 [ 0.00145037]
 [ 0.00320189]
 [ 0.00473679]
 [ 0.00706993]
 [ 0.01068171]
 [ 0.01457375]
 [ 0.01888069]
 [ 0.02244816]
 [ 0.02420018]
 [ 0.02038822]
 [ 0.01325894]
 [ 0.00490453]
 [-0.00145594]
 [-0.00408637]
 [-0.00244116]
 [-0.00036125]]
2025-08-25 02:41:28,937 - DEBUG -    平均残差范数: 0.002517
2025-08-25 02:41:28,937 - DEBUG -    残差范数=0.052858
2025-08-25 02:41:28,937 - INFO - -----------------------------------------------------------------------------------
2025-08-25 02:41:28,937 - DEBUG - 🔍 深度约束计算详情 (softplus):
2025-08-25 02:41:28,937 - DEBUG -    采样点Z坐标范围: [0.599916, 0.601174]
2025-08-25 02:41:28,937 - DEBUG -    球心Z坐标: 0.603827
2025-08-25 02:41:28,943 - DEBUG -    深度偏移ε: 0.000200
2025-08-25 02:41:28,943 - DEBUG -    softplus参数τ: 0.001000
2025-08-25 02:41:28,943 - DEBUG -    原始违反值: -0.002453
2025-08-25 02:41:28,943 - DEBUG -    softplus输入 u: -2.452664
2025-08-25 02:41:28,943 - DEBUG -    约束惩罚 h(θ): 0.000083
2025-08-25 02:41:28,943 - DEBUG -    🟢 深度约束满足: 球心深度足够
2025-08-25 02:41:28,943 - INFO - -----------------------------------------------------------------------------------
2025-08-25 02:41:28,943 - DEBUG - 🔍 半径惩罚计算详情:
2025-08-25 02:41:28,943 - DEBUG -    当前半径: 0.016937
2025-08-25 02:41:28,943 - DEBUG -    半径先验值: 0.012000
2025-08-25 02:41:28,943 - DEBUG -    半径残差 r(θ): 0.004937
2025-08-25 02:41:28,943 - DEBUG -    数据残差 f(θ): [[ 0.00411193]
 [ 0.01120512]
 [-0.0014236 ]
 [ 0.00023331]
 [ 0.01231732]
 [ 0.00145037]
 [ 0.00320189]
 [ 0.00473679]
 [ 0.00706993]
 [ 0.01068171]
 [ 0.01457375]
 [ 0.01888069]
 [ 0.02244816]
 [ 0.02420018]
 [ 0.02038822]
 [ 0.01325894]
 [ 0.00490453]
 [-0.00145594]
 [-0.00408637]
 [-0.00244116]
 [-0.00036125]]
2025-08-25 02:41:28,943 - DEBUG -    约束残差 g(θ): [[8.25601515e-05]]
2025-08-25 02:41:28,943 - DEBUG -    半径残差 r(θ): [[0.00493692]]
2025-08-25 02:41:28,943 - DEBUG - 🔍 状态变化计算: 参数变化=0.000000, 残差变化=0.000000
2025-08-25 02:41:28,943 - INFO - -----------------------------------------------------------------------------------
2025-08-25 02:41:28,943 - DEBUG - 🔍 权重管理器状态更新详情:
2025-08-25 02:41:28,943 - DEBUG -    当前迭代: 9
2025-08-25 02:41:28,943 - DEBUG -    参数变化: 0.000000 (阈值: 0.000005)
2025-08-25 02:41:28,943 - DEBUG -    残差变化: 0.000000 (阈值: 0.000005)
2025-08-25 02:41:28,943 - DEBUG -    几何权重因子: 10
2025-08-25 02:41:28,943 - DEBUG - ⏸️ 保持图像置信度权重: 参数变化=0.00e+00, 残差变化=0.00e+00
2025-08-25 02:41:28,943 - DEBUG - 状态已保存: 参数=[-0.03801519 -0.02485439  0.60382684  0.01693692], 残差范数=0.052858
2025-08-25 02:41:28,943 - DEBUG - 🔍 获取visibility信息: 形状=(21,), 范围=[1.000, 1.000]
2025-08-25 02:41:28,943 - DEBUG - 🔧 设置图像置信度权重: 21个点
2025-08-25 02:41:28,943 - DEBUG - 🔍 开始计算权重矩阵:
2025-08-25 02:41:28,943 - DEBUG -    点类型: ['pupil_center', 'iris_boundaries', 'iris_boundaries', 'iris_boundaries', 'iris_boundaries', 'eye_contours', 'eye_contours', 'eye_contours', 'eye_contours', 'eye_contours', 'eye_contours', 'eye_contours', 'eye_contours', 'eye_contours', 'eye_contours', 'eye_contours', 'eye_contours', 'eye_contours', 'eye_contours', 'eye_contours', 'eye_contours']
2025-08-25 02:41:28,943 - DEBUG -    残差向量: 形状=(21,), 范数=0.052858
2025-08-25 02:41:28,943 - DEBUG -    Visibility: 形状=(21,), 均值=1.000
2025-08-25 02:41:28,943 - DEBUG - 🔍 权重矩阵计算成功: 形状=(21, 21)
2025-08-25 02:41:28,943 - DEBUG - 🔍 几何权重统计:
2025-08-25 02:41:28,943 - DEBUG -    权重向量: [[1.]
 [1.]
 [1.]
 [1.]
 [1.]
 [1.]
 [1.]
 [1.]
 [1.]
 [1.]
 [1.]
 [1.]
 [1.]
 [1.]
 [1.]
 [1.]
 [1.]
 [1.]
 [1.]
 [1.]
 [1.]]
2025-08-25 02:41:28,943 - DEBUG -    权重范围: [1.000000, 1.000000]
2025-08-25 02:41:28,943 - DEBUG -    权重均值: 1.000000
2025-08-25 02:41:28,943 - DEBUG -    权重标准差: 0.000000
2025-08-25 02:41:28,943 - DEBUG -    高权重点(>0.8): 21/21
2025-08-25 02:41:28,943 - DEBUG -    低权重点(<0.2): 0/21
2025-08-25 02:41:28,943 - INFO - -----------------------------------------------------------------------------------
2025-08-25 02:41:28,943 - DEBUG - 🔍 开始求解LM更新方程:
2025-08-25 02:41:28,943 - DEBUG -    数据残差: 形状=(21,), 范数=0.052858
2025-08-25 02:41:28,943 - DEBUG -    约束残差: 形状=(1,), 范数=0.000083
2025-08-25 02:41:28,943 - DEBUG - 🔍 计算数据残差雅可比矩阵 J_f: 形状=(21, 4)
2025-08-25 02:41:28,943 - DEBUG - 🔍 J_f矩阵计算完成: 条件数=2.92e+01
2025-08-25 02:41:28,943 - DEBUG - 🔍 深度约束雅可比计算: u=-2.452664, σ=0.079244, J_h=[[ 0.          0.         -0.07924395  0.        ]]
2025-08-25 02:41:28,943 - DEBUG - 🔍 半径先验雅可比: J_r=[[0. 0. 0. 1.]]
2025-08-25 02:41:28,951 - DEBUG - 🔍 使用几何权重矩阵: 形状=(21, 21)
2025-08-25 02:41:28,951 - DEBUG - 🔍 Hessian矩阵计算:
2025-08-25 02:41:28,951 - DEBUG -    H_data = J_f^T W J_f: 形状=(4, 4), 条件数=8.51e+02
2025-08-25 02:41:28,951 - DEBUG -    H_h = λ_depth J_h^T J_h: 形状=(4, 4), λ_depth=1000.0
2025-08-25 02:41:28,951 - DEBUG -    H_r = λ_radius J_r^T J_r: 形状=(4, 4), λ_radius=1.0
2025-08-25 02:41:28,951 - DEBUG -    H_total: 形状=(4, 4), 条件数=7.58e+01
2025-08-25 02:41:28,951 - DEBUG - 🔍 梯度计算:
2025-08-25 02:41:28,951 - DEBUG -    g_data: 形状=(4,), 范数=0.227241
2025-08-25 02:41:28,951 - DEBUG -    g_h: 形状=(4,), 范数=0.006542
2025-08-25 02:41:28,951 - DEBUG -    g_r: 形状=(4,), 范数=0.004937
2025-08-25 02:41:28,951 - DEBUG -    g_total: 形状=(4,), 范数=0.224290
2025-08-25 02:41:28,951 - DEBUG - 🔍 LM阻尼矩阵: H_lm = H_total + 10.0 * I
2025-08-25 02:41:28,951 - DEBUG -    H_lm条件数: 4.61e+00
2025-08-25 02:41:28,951 - DEBUG - 🔍 线性方程组求解成功:
2025-08-25 02:41:28,951 - DEBUG -    参数更新向量 Δθ: [[-0.00470069]
 [-0.00087152]
 [ 0.00028161]
 [ 0.00289111]]
2025-08-25 02:41:28,951 - DEBUG -    更新向量范数: 0.005594
2025-08-25 02:41:28,951 - DEBUG -    各分量更新: Δc_x=-0.004701, Δc_y=-0.000872, Δc_z=0.000282, Δr=0.002891
2025-08-25 02:41:28,951 - DEBUG -    参数更新:
2025-08-25 02:41:28,951 - DEBUG -      旧参数: [[-0.03801519]
 [-0.02485439]
 [ 0.60382684]
 [ 0.01693692]]
2025-08-25 02:41:28,951 - DEBUG -      更新向量: [[-0.00470069]
 [-0.00087152]
 [ 0.00028161]
 [ 0.00289111]]
2025-08-25 02:41:28,951 - DEBUG -      新参数: [[-0.04271588]
 [-0.02572592]
 [ 0.60410845]
 [ 0.01982803]]
2025-08-25 02:41:28,951 - INFO - -----------------------------------------------------------------------------------
2025-08-25 02:41:28,951 - INFO - 🔍 迭代第9次，球心向右4.700690mm，向上0.871523mm，向后0.281607mm，半径变大2.891111mm
2025-08-25 02:41:28,951 - INFO - 📊 变化前: 中心(-0.038, -0.025, 0.604), 半径16.94mm
2025-08-25 02:41:28,951 - INFO - 📊 变化后: 中心(-0.043, -0.026, 0.604), 半径19.83mm
2025-08-25 02:41:28,951 - INFO - 📈 变化量: 中心移动4.78mm, 半径变化2.89mm
2025-08-25 02:41:28,951 - INFO - 📍 眼球中心: [-0.03801519 -0.02485439  0.60382684]
2025-08-25 02:41:28,951 - INFO - 📏 眼球半径: 16.94mm
2025-08-25 02:41:28,951 - INFO - 👁️ 瞳孔中心: [-0.02266667 -0.01066667  0.60000002]
2025-08-25 02:41:28,951 - INFO - 📐 眼球中心在瞳孔中心的左15.35mm，上14.19mm，后3.83mm
2025-08-25 02:41:28,951 - INFO - 📏 距离: 21.25mm
2025-08-25 02:41:28,951 - INFO - -----------------------------------------------------------------------------------
2025-08-25 02:41:28,951 - INFO - -----------------------------------------------------------------------------------
2025-08-25 02:41:28,951 - DEBUG - 🔍 参数有效性检查:
2025-08-25 02:41:28,951 - DEBUG -    参数向量: [[-0.04271588]
 [-0.02572592]
 [ 0.60410845]
 [ 0.01982803]]
2025-08-25 02:41:28,951 - DEBUG -    球心: [-0.04271588 -0.02572592  0.60410845]
2025-08-25 02:41:28,959 - DEBUG -    半径: 0.019828
2025-08-25 02:41:28,959 - DEBUG - 🔍 函数值计算详情:
2025-08-25 02:41:28,959 - DEBUG -    数据项 F(θ): 0.001397
2025-08-25 02:41:28,959 - DEBUG -    深度约束项: 0.000003
2025-08-25 02:41:28,959 - DEBUG -    半径先验项: 0.000012
2025-08-25 02:41:28,959 - DEBUG -    总函数值 Φ(θ): 0.001413
2025-08-25 02:41:28,959 - DEBUG -    函数值改善: 0.000000
2025-08-25 02:41:28,959 - DEBUG - 🔍 参数有效: True
2025-08-25 02:41:28,959 - DEBUG -    参数更新成功:
2025-08-25 02:41:28,959 - DEBUG -      新球心: [-0.04271588 -0.02572592  0.60410845]
2025-08-25 02:41:28,959 - DEBUG -      新半径: 0.019828
2025-08-25 02:41:28,959 - INFO - -----------------------------------------------------------------------------------
2025-08-25 02:41:28,959 - DEBUG - 🔍 LM收敛性检查:
2025-08-25 02:41:28,959 - DEBUG -    当前迭代次数: 9
2025-08-25 02:41:28,959 - DEBUG -    最大迭代次数: 30
2025-08-25 02:41:28,959 - DEBUG -    参数变化: 0.005594
2025-08-25 02:41:28,959 - DEBUG -    参数容忍度: 5e-06
2025-08-25 02:41:28,959 - DEBUG -    残差变化: 0.000000
2025-08-25 02:41:28,959 - DEBUG -    残差容忍度: 5e-06
2025-08-25 02:41:28,959 - DEBUG - 🔍 迭代 11/30:
2025-08-25 02:41:28,959 - DEBUG - 🔍 计算点到球心距离: 形状=(21,)
2025-08-25 02:41:28,959 - DEBUG - 🔍 生理偏差向量计算:
2025-08-25 02:41:28,959 - DEBUG -    点类型列表: ['pupil_center', 'iris_boundaries', 'iris_boundaries', 'iris_boundaries', 'iris_boundaries', 'eye_contours', 'eye_contours', 'eye_contours', 'eye_contours', 'eye_contours', 'eye_contours', 'eye_contours', 'eye_contours', 'eye_contours', 'eye_contours', 'eye_contours', 'eye_contours', 'eye_contours', 'eye_contours', 'eye_contours', 'eye_contours']
2025-08-25 02:41:28,959 - DEBUG -    偏差向量: [0.0002  0.00085 0.00085 0.00085 0.00085 0.0015  0.0015  0.0015  0.0015
 0.0015  0.0015  0.0015  0.0015  0.0015  0.0015  0.0015  0.0015  0.0015
 0.0015  0.0015  0.0015 ]
2025-08-25 02:41:28,959 - DEBUG -    向量形状: (21,)
2025-08-25 02:41:28,959 - DEBUG -    偏差统计: 均值=0.001314, 标准差=0.000356
2025-08-25 02:41:28,959 - DEBUG - 获取生理偏差: 点类型=['pupil_center', 'iris_boundaries', 'iris_boundaries', 'iris_boundaries', 'iris_boundaries', 'eye_contours', 'eye_contours', 'eye_contours', 'eye_contours', 'eye_contours', 'eye_contours', 'eye_contours', 'eye_contours', 'eye_contours', 'eye_contours', 'eye_contours', 'eye_contours', 'eye_contours', 'eye_contours', 'eye_contours', 'eye_contours'], 偏差值=[0.0002  0.00085 0.00085 0.00085 0.00085 0.0015  0.0015  0.0015  0.0015
 0.0015  0.0015  0.0015  0.0015  0.0015  0.0015  0.0015  0.0015  0.0015
 0.0015  0.0015  0.0015 ]
2025-08-25 02:41:28,959 - INFO - -----------------------------------------------------------------------------------
2025-08-25 02:41:28,959 - DEBUG - 🔍 拟合残差计算详情:
2025-08-25 02:41:28,959 - DEBUG -    球心坐标: [-0.04271588 -0.02572592  0.60410845]
2025-08-25 02:41:28,959 - DEBUG -    球体半径: 0.019828
2025-08-25 02:41:28,959 - DEBUG -    采样点数: 21
2025-08-25 02:41:28,959 - DEBUG -    点类型分布: {'eye_contours': 16, 'iris_boundaries': 4, 'pupil_center': 1}
2025-08-25 02:41:28,959 - DEBUG -    理论距离向量: [0.02002803 0.02067803 0.02067803 0.02067803 0.02067803 0.02132803
 0.02132803 0.02132803 0.02132803 0.02132803 0.02132803 0.02132803
 0.02132803 0.02132803 0.02132803 0.02132803 0.02132803 0.02132803
 0.02132803 0.02132803 0.02132803]
2025-08-25 02:41:28,959 - DEBUG -    实际距离向量: [0.02540927 0.03354994 0.02103691 0.02094621 0.03364009 0.02021341
 0.02285892 0.02511018 0.02822312 0.03268197 0.03714173 0.04179141
 0.04548882 0.04729644 0.04351397 0.03640521 0.02797907 0.02125691
 0.01734757 0.0176152  0.01893536]
2025-08-25 02:41:28,959 - DEBUG -    生理偏差向量: [0.0002  0.00085 0.00085 0.00085 0.00085 0.0015  0.0015  0.0015  0.0015
 0.0015  0.0015  0.0015  0.0015  0.0015  0.0015  0.0015  0.0015  0.0015
 0.0015  0.0015  0.0015 ]
2025-08-25 02:41:28,959 - DEBUG -    残差向量 f(θ): 
[[ 5.38124491e-03]
 [ 1.28719112e-02]
 [ 3.58884234e-04]
 [ 2.68184305e-04]
 [ 1.29620647e-02]
 [-1.11461839e-03]
 [ 1.53088886e-03]
 [ 3.78215755e-03]
 [ 6.89509648e-03]
 [ 1.13539398e-02]
 [ 1.58137077e-02]
 [ 2.04633831e-02]
 [ 2.41607945e-02]
 [ 2.59684117e-02]
 [ 2.21859468e-02]
 [ 1.50771845e-02]
 [ 6.65104028e-03]
 [-7.11186552e-05]
 [-3.98045497e-03]
 [-3.71282257e-03]
 [-2.39267057e-03]]
2025-08-25 02:41:28,959 - DEBUG -    平均残差范数: 0.002729
2025-08-25 02:41:28,959 - DEBUG -    残差范数=0.057300
2025-08-25 02:41:28,966 - INFO - -----------------------------------------------------------------------------------
2025-08-25 02:41:28,966 - DEBUG - 🔍 深度约束计算详情 (softplus):
2025-08-25 02:41:28,966 - DEBUG -    采样点Z坐标范围: [0.599916, 0.601174]
2025-08-25 02:41:28,966 - DEBUG -    球心Z坐标: 0.604108
2025-08-25 02:41:28,966 - DEBUG -    深度偏移ε: 0.000200
2025-08-25 02:41:28,966 - DEBUG -    softplus参数τ: 0.001000
2025-08-25 02:41:28,966 - DEBUG -    原始违反值: -0.002734
2025-08-25 02:41:28,966 - DEBUG -    softplus输入 u: -2.734271
2025-08-25 02:41:28,966 - DEBUG -    约束惩罚 h(θ): 0.000063
2025-08-25 02:41:28,966 - DEBUG -    🟢 深度约束满足: 球心深度足够
2025-08-25 02:41:28,966 - INFO - -----------------------------------------------------------------------------------
2025-08-25 02:41:28,966 - DEBUG - 🔍 半径惩罚计算详情:
2025-08-25 02:41:28,966 - DEBUG -    当前半径: 0.019828
2025-08-25 02:41:28,966 - DEBUG -    半径先验值: 0.012000
2025-08-25 02:41:28,966 - DEBUG -    半径残差 r(θ): 0.007828
2025-08-25 02:41:28,967 - DEBUG -    数据残差 f(θ): [[ 5.38124491e-03]
 [ 1.28719112e-02]
 [ 3.58884234e-04]
 [ 2.68184305e-04]
 [ 1.29620647e-02]
 [-1.11461839e-03]
 [ 1.53088886e-03]
 [ 3.78215755e-03]
 [ 6.89509648e-03]
 [ 1.13539398e-02]
 [ 1.58137077e-02]
 [ 2.04633831e-02]
 [ 2.41607945e-02]
 [ 2.59684117e-02]
 [ 2.21859468e-02]
 [ 1.50771845e-02]
 [ 6.65104028e-03]
 [-7.11186552e-05]
 [-3.98045497e-03]
 [-3.71282257e-03]
 [-2.39267057e-03]]
2025-08-25 02:41:28,967 - DEBUG -    约束残差 g(θ): [[6.2919727e-05]]
2025-08-25 02:41:28,967 - DEBUG -    半径残差 r(θ): [[0.00782803]]
2025-08-25 02:41:28,967 - DEBUG - 🔍 状态变化计算: 参数变化=0.005594, 残差变化=0.004441
2025-08-25 02:41:28,967 - INFO - -----------------------------------------------------------------------------------
2025-08-25 02:41:28,967 - DEBUG - 🔍 权重管理器状态更新详情:
2025-08-25 02:41:28,967 - DEBUG -    当前迭代: 10
2025-08-25 02:41:28,967 - DEBUG -    参数变化: 0.005594 (阈值: 0.000005)
2025-08-25 02:41:28,967 - DEBUG -    残差变化: 0.004441 (阈值: 0.000005)
2025-08-25 02:41:28,967 - DEBUG -    几何权重因子: 10
2025-08-25 02:41:28,967 - DEBUG - ⏸️ 保持图像置信度权重: 参数变化=5.59e-03, 残差变化=4.44e-03
2025-08-25 02:41:28,967 - DEBUG - 状态已保存: 参数=[-0.04271588 -0.02572592  0.60410845  0.01982803], 残差范数=0.057300
2025-08-25 02:41:28,971 - DEBUG - 🔍 获取visibility信息: 形状=(21,), 范围=[1.000, 1.000]
2025-08-25 02:41:28,971 - DEBUG - 🔧 设置图像置信度权重: 21个点
2025-08-25 02:41:28,973 - DEBUG - 🔍 开始计算权重矩阵:
2025-08-25 02:41:28,973 - DEBUG -    点类型: ['pupil_center', 'iris_boundaries', 'iris_boundaries', 'iris_boundaries', 'iris_boundaries', 'eye_contours', 'eye_contours', 'eye_contours', 'eye_contours', 'eye_contours', 'eye_contours', 'eye_contours', 'eye_contours', 'eye_contours', 'eye_contours', 'eye_contours', 'eye_contours', 'eye_contours', 'eye_contours', 'eye_contours', 'eye_contours']
2025-08-25 02:41:28,973 - DEBUG -    残差向量: 形状=(21,), 范数=0.057300
2025-08-25 02:41:28,973 - DEBUG -    Visibility: 形状=(21,), 均值=1.000
2025-08-25 02:41:28,973 - DEBUG - 🔍 权重矩阵计算成功: 形状=(21, 21)
2025-08-25 02:41:28,973 - DEBUG - 🔍 几何权重统计:
2025-08-25 02:41:28,976 - DEBUG -    权重向量: [[1.]
 [1.]
 [1.]
 [1.]
 [1.]
 [1.]
 [1.]
 [1.]
 [1.]
 [1.]
 [1.]
 [1.]
 [1.]
 [1.]
 [1.]
 [1.]
 [1.]
 [1.]
 [1.]
 [1.]
 [1.]]
2025-08-25 02:41:28,976 - DEBUG -    权重范围: [1.000000, 1.000000]
2025-08-25 02:41:28,976 - DEBUG -    权重均值: 1.000000
2025-08-25 02:41:28,976 - DEBUG -    权重标准差: 0.000000
2025-08-25 02:41:28,976 - DEBUG -    高权重点(>0.8): 21/21
2025-08-25 02:41:28,976 - DEBUG -    低权重点(<0.2): 0/21
2025-08-25 02:41:28,976 - INFO - -----------------------------------------------------------------------------------
2025-08-25 02:41:28,976 - DEBUG - 🔍 开始求解LM更新方程:
2025-08-25 02:41:28,976 - DEBUG -    数据残差: 形状=(21,), 范数=0.057300
2025-08-25 02:41:28,976 - DEBUG -    约束残差: 形状=(1,), 范数=0.000063
2025-08-25 02:41:28,976 - DEBUG - 🔍 计算数据残差雅可比矩阵 J_f: 形状=(21, 4)
2025-08-25 02:41:28,976 - DEBUG - 🔍 J_f矩阵计算完成: 条件数=3.65e+01
2025-08-25 02:41:28,976 - DEBUG - 🔍 深度约束雅可比计算: u=-2.734271, σ=0.060981, J_h=[[ 0.          0.         -0.06098115  0.        ]]
2025-08-25 02:41:28,976 - DEBUG - 🔍 半径先验雅可比: J_r=[[0. 0. 0. 1.]]
2025-08-25 02:41:28,976 - DEBUG - 🔍 使用几何权重矩阵: 形状=(21, 21)
2025-08-25 02:41:28,976 - DEBUG - 🔍 Hessian矩阵计算:
2025-08-25 02:41:28,976 - DEBUG -    H_data = J_f^T W J_f: 形状=(4, 4), 条件数=1.33e+03
2025-08-25 02:41:28,976 - DEBUG -    H_h = λ_depth J_h^T J_h: 形状=(4, 4), λ_depth=1000.0
2025-08-25 02:41:28,976 - DEBUG -    H_r = λ_radius J_r^T J_r: 形状=(4, 4), λ_radius=1.0
2025-08-25 02:41:28,976 - DEBUG -    H_total: 形状=(4, 4), 条件数=8.13e+01
2025-08-25 02:41:28,976 - DEBUG - 🔍 梯度计算:
2025-08-25 02:41:28,976 - DEBUG -    g_data: 形状=(4,), 范数=0.245192
2025-08-25 02:41:28,976 - DEBUG -    g_h: 形状=(4,), 范数=0.003837
2025-08-25 02:41:28,976 - DEBUG -    g_r: 形状=(4,), 范数=0.007828
2025-08-25 02:41:28,976 - DEBUG -    g_total: 形状=(4,), 范数=0.239989
2025-08-25 02:41:28,976 - DEBUG - 🔍 LM阻尼矩阵: H_lm = H_total + 10.0 * I
2025-08-25 02:41:28,976 - DEBUG -    H_lm条件数: 4.73e+00
2025-08-25 02:41:28,976 - DEBUG - 🔍 线性方程组求解成功:
2025-08-25 02:41:28,976 - DEBUG -    参数更新向量 Δθ: [[-0.00532118]
 [-0.00033589]
 [ 0.00015816]
 [ 0.00282547]]
2025-08-25 02:41:28,976 - DEBUG -    更新向量范数: 0.006036
2025-08-25 02:41:28,976 - DEBUG -    各分量更新: Δc_x=-0.005321, Δc_y=-0.000336, Δc_z=0.000158, Δr=0.002825
2025-08-25 02:41:28,976 - DEBUG -    参数更新:
2025-08-25 02:41:28,976 - DEBUG -      旧参数: [[-0.04271588]
 [-0.02572592]
 [ 0.60410845]
 [ 0.01982803]]
2025-08-25 02:41:28,976 - DEBUG -      更新向量: [[-0.00532118]
 [-0.00033589]
 [ 0.00015816]
 [ 0.00282547]]
2025-08-25 02:41:28,976 - DEBUG -      新参数: [[-0.04803707]
 [-0.0260618 ]
 [ 0.6042666 ]
 [ 0.02265349]]
2025-08-25 02:41:28,976 - INFO - -----------------------------------------------------------------------------------
2025-08-25 02:41:28,976 - INFO - 🔍 迭代第10次，球心向右5.321185mm，向上0.335887mm，向后0.158158mm，半径变大2.825466mm
2025-08-25 02:41:28,976 - INFO - 📊 变化前: 中心(-0.043, -0.026, 0.604), 半径19.83mm
2025-08-25 02:41:28,984 - INFO - 📊 变化后: 中心(-0.048, -0.026, 0.604), 半径22.65mm
2025-08-25 02:41:28,984 - INFO - 📈 变化量: 中心移动5.33mm, 半径变化2.83mm
2025-08-25 02:41:28,984 - INFO - 📍 眼球中心: [-0.04271588 -0.02572592  0.60410845]
2025-08-25 02:41:28,984 - INFO - 📏 眼球半径: 19.83mm
2025-08-25 02:41:28,984 - INFO - 👁️ 瞳孔中心: [-0.02266667 -0.01066667  0.60000002]
2025-08-25 02:41:28,984 - INFO - 📐 眼球中心在瞳孔中心的左20.05mm，上15.06mm，后4.11mm
2025-08-25 02:41:28,984 - INFO - 📏 距离: 25.41mm
2025-08-25 02:41:28,984 - INFO - -----------------------------------------------------------------------------------
2025-08-25 02:41:28,984 - INFO - -----------------------------------------------------------------------------------
2025-08-25 02:41:28,984 - DEBUG - 🔍 参数有效性检查:
2025-08-25 02:41:28,984 - DEBUG -    参数向量: [[-0.04803707]
 [-0.0260618 ]
 [ 0.6042666 ]
 [ 0.02265349]]
2025-08-25 02:41:28,984 - DEBUG -    球心: [-0.04803707 -0.0260618   0.6042666 ]
2025-08-25 02:41:28,984 - DEBUG -    半径: 0.022653
2025-08-25 02:41:28,984 - DEBUG - 🔍 函数值计算详情:
2025-08-25 02:41:28,984 - DEBUG -    数据项 F(θ): 0.001642
2025-08-25 02:41:28,984 - DEBUG -    深度约束项: 0.000002
2025-08-25 02:41:28,984 - DEBUG -    半径先验项: 0.000031
2025-08-25 02:41:28,984 - DEBUG -    总函数值 Φ(θ): 0.001674
2025-08-25 02:41:28,984 - DEBUG -    函数值改善: -0.000262
2025-08-25 02:41:28,984 - DEBUG - 🔍 参数有效: False
2025-08-25 02:41:28,984 - DEBUG -    参数无效，阻尼因子调整: λ_LM = 1.00e+02
2025-08-25 02:41:28,984 - DEBUG - 🔍 迭代 12/30:
2025-08-25 02:41:28,984 - DEBUG - 🔍 计算点到球心距离: 形状=(21,)
2025-08-25 02:41:28,984 - DEBUG - 🔍 生理偏差向量计算:
2025-08-25 02:41:28,984 - DEBUG -    点类型列表: ['pupil_center', 'iris_boundaries', 'iris_boundaries', 'iris_boundaries', 'iris_boundaries', 'eye_contours', 'eye_contours', 'eye_contours', 'eye_contours', 'eye_contours', 'eye_contours', 'eye_contours', 'eye_contours', 'eye_contours', 'eye_contours', 'eye_contours', 'eye_contours', 'eye_contours', 'eye_contours', 'eye_contours', 'eye_contours']
2025-08-25 02:41:28,984 - DEBUG -    偏差向量: [0.0002  0.00085 0.00085 0.00085 0.00085 0.0015  0.0015  0.0015  0.0015
 0.0015  0.0015  0.0015  0.0015  0.0015  0.0015  0.0015  0.0015  0.0015
 0.0015  0.0015  0.0015 ]
2025-08-25 02:41:28,984 - DEBUG -    向量形状: (21,)
2025-08-25 02:41:28,990 - DEBUG -    偏差统计: 均值=0.001314, 标准差=0.000356
2025-08-25 02:41:28,990 - DEBUG - 获取生理偏差: 点类型=['pupil_center', 'iris_boundaries', 'iris_boundaries', 'iris_boundaries', 'iris_boundaries', 'eye_contours', 'eye_contours', 'eye_contours', 'eye_contours', 'eye_contours', 'eye_contours', 'eye_contours', 'eye_contours', 'eye_contours', 'eye_contours', 'eye_contours', 'eye_contours', 'eye_contours', 'eye_contours', 'eye_contours', 'eye_contours'], 偏差值=[0.0002  0.00085 0.00085 0.00085 0.00085 0.0015  0.0015  0.0015  0.0015
 0.0015  0.0015  0.0015  0.0015  0.0015  0.0015  0.0015  0.0015  0.0015
 0.0015  0.0015  0.0015 ]
2025-08-25 02:41:28,990 - INFO - -----------------------------------------------------------------------------------
2025-08-25 02:41:28,990 - DEBUG - 🔍 拟合残差计算详情:
2025-08-25 02:41:28,990 - DEBUG -    球心坐标: [-0.04271588 -0.02572592  0.60410845]
2025-08-25 02:41:28,992 - DEBUG -    球体半径: 0.019828
2025-08-25 02:41:28,992 - DEBUG -    采样点数: 21
2025-08-25 02:41:28,992 - DEBUG -    点类型分布: {'eye_contours': 16, 'iris_boundaries': 4, 'pupil_center': 1}
2025-08-25 02:41:28,993 - DEBUG -    理论距离向量: [0.02002803 0.02067803 0.02067803 0.02067803 0.02067803 0.02132803
 0.02132803 0.02132803 0.02132803 0.02132803 0.02132803 0.02132803
 0.02132803 0.02132803 0.02132803 0.02132803 0.02132803 0.02132803
 0.02132803 0.02132803 0.02132803]
2025-08-25 02:41:28,993 - DEBUG -    实际距离向量: [0.02540927 0.03354994 0.02103691 0.02094621 0.03364009 0.02021341
 0.02285892 0.02511018 0.02822312 0.03268197 0.03714173 0.04179141
 0.04548882 0.04729644 0.04351397 0.03640521 0.02797907 0.02125691
 0.01734757 0.0176152  0.01893536]
2025-08-25 02:41:28,993 - DEBUG -    生理偏差向量: [0.0002  0.00085 0.00085 0.00085 0.00085 0.0015  0.0015  0.0015  0.0015
 0.0015  0.0015  0.0015  0.0015  0.0015  0.0015  0.0015  0.0015  0.0015
 0.0015  0.0015  0.0015 ]
2025-08-25 02:41:28,993 - DEBUG -    残差向量 f(θ): 
[[ 5.38124491e-03]
 [ 1.28719112e-02]
 [ 3.58884234e-04]
 [ 2.68184305e-04]
 [ 1.29620647e-02]
 [-1.11461839e-03]
 [ 1.53088886e-03]
 [ 3.78215755e-03]
 [ 6.89509648e-03]
 [ 1.13539398e-02]
 [ 1.58137077e-02]
 [ 2.04633831e-02]
 [ 2.41607945e-02]
 [ 2.59684117e-02]
 [ 2.21859468e-02]
 [ 1.50771845e-02]
 [ 6.65104028e-03]
 [-7.11186552e-05]
 [-3.98045497e-03]
 [-3.71282257e-03]
 [-2.39267057e-03]]
2025-08-25 02:41:28,993 - DEBUG -    平均残差范数: 0.002729
2025-08-25 02:41:28,993 - DEBUG -    残差范数=0.057300
2025-08-25 02:41:28,993 - INFO - -----------------------------------------------------------------------------------
2025-08-25 02:41:28,993 - DEBUG - 🔍 深度约束计算详情 (softplus):
2025-08-25 02:41:28,993 - DEBUG -    采样点Z坐标范围: [0.599916, 0.601174]
2025-08-25 02:41:28,993 - DEBUG -    球心Z坐标: 0.604108
2025-08-25 02:41:28,993 - DEBUG -    深度偏移ε: 0.000200
2025-08-25 02:41:28,993 - DEBUG -    softplus参数τ: 0.001000
2025-08-25 02:41:28,993 - DEBUG -    原始违反值: -0.002734
2025-08-25 02:41:28,993 - DEBUG -    softplus输入 u: -2.734271
2025-08-25 02:41:28,993 - DEBUG -    约束惩罚 h(θ): 0.000063
2025-08-25 02:41:28,993 - DEBUG -    🟢 深度约束满足: 球心深度足够
2025-08-25 02:41:28,993 - INFO - -----------------------------------------------------------------------------------
2025-08-25 02:41:28,993 - DEBUG - 🔍 半径惩罚计算详情:
2025-08-25 02:41:28,993 - DEBUG -    当前半径: 0.019828
2025-08-25 02:41:28,993 - DEBUG -    半径先验值: 0.012000
2025-08-25 02:41:28,993 - DEBUG -    半径残差 r(θ): 0.007828
2025-08-25 02:41:28,993 - DEBUG -    数据残差 f(θ): [[ 5.38124491e-03]
 [ 1.28719112e-02]
 [ 3.58884234e-04]
 [ 2.68184305e-04]
 [ 1.29620647e-02]
 [-1.11461839e-03]
 [ 1.53088886e-03]
 [ 3.78215755e-03]
 [ 6.89509648e-03]
 [ 1.13539398e-02]
 [ 1.58137077e-02]
 [ 2.04633831e-02]
 [ 2.41607945e-02]
 [ 2.59684117e-02]
 [ 2.21859468e-02]
 [ 1.50771845e-02]
 [ 6.65104028e-03]
 [-7.11186552e-05]
 [-3.98045497e-03]
 [-3.71282257e-03]
 [-2.39267057e-03]]
2025-08-25 02:41:28,993 - DEBUG -    约束残差 g(θ): [[6.2919727e-05]]
2025-08-25 02:41:28,993 - DEBUG -    半径残差 r(θ): [[0.00782803]]
2025-08-25 02:41:28,993 - DEBUG - 🔍 状态变化计算: 参数变化=0.000000, 残差变化=0.000000
2025-08-25 02:41:28,993 - INFO - -----------------------------------------------------------------------------------
2025-08-25 02:41:28,993 - DEBUG - 🔍 权重管理器状态更新详情:
2025-08-25 02:41:28,993 - DEBUG -    当前迭代: 11
2025-08-25 02:41:28,993 - DEBUG -    参数变化: 0.000000 (阈值: 0.000005)
2025-08-25 02:41:28,993 - DEBUG -    残差变化: 0.000000 (阈值: 0.000005)
2025-08-25 02:41:28,993 - DEBUG -    几何权重因子: 10
2025-08-25 02:41:28,993 - DEBUG - ⏸️ 保持图像置信度权重: 参数变化=0.00e+00, 残差变化=0.00e+00
2025-08-25 02:41:28,993 - DEBUG - 状态已保存: 参数=[-0.04271588 -0.02572592  0.60410845  0.01982803], 残差范数=0.057300
2025-08-25 02:41:28,993 - DEBUG - 🔍 获取visibility信息: 形状=(21,), 范围=[1.000, 1.000]
2025-08-25 02:41:28,993 - DEBUG - 🔧 设置图像置信度权重: 21个点
2025-08-25 02:41:29,000 - DEBUG - 🔍 开始计算权重矩阵:
2025-08-25 02:41:29,000 - DEBUG -    点类型: ['pupil_center', 'iris_boundaries', 'iris_boundaries', 'iris_boundaries', 'iris_boundaries', 'eye_contours', 'eye_contours', 'eye_contours', 'eye_contours', 'eye_contours', 'eye_contours', 'eye_contours', 'eye_contours', 'eye_contours', 'eye_contours', 'eye_contours', 'eye_contours', 'eye_contours', 'eye_contours', 'eye_contours', 'eye_contours']
2025-08-25 02:41:29,000 - DEBUG -    残差向量: 形状=(21,), 范数=0.057300
2025-08-25 02:41:29,000 - DEBUG -    Visibility: 形状=(21,), 均值=1.000
2025-08-25 02:41:29,000 - DEBUG - 🔍 权重矩阵计算成功: 形状=(21, 21)
2025-08-25 02:41:29,000 - DEBUG - 🔍 几何权重统计:
2025-08-25 02:41:29,000 - DEBUG -    权重向量: [[1.]
 [1.]
 [1.]
 [1.]
 [1.]
 [1.]
 [1.]
 [1.]
 [1.]
 [1.]
 [1.]
 [1.]
 [1.]
 [1.]
 [1.]
 [1.]
 [1.]
 [1.]
 [1.]
 [1.]
 [1.]]
2025-08-25 02:41:29,000 - DEBUG -    权重范围: [1.000000, 1.000000]
2025-08-25 02:41:29,000 - DEBUG -    权重均值: 1.000000
2025-08-25 02:41:29,000 - DEBUG -    权重标准差: 0.000000
2025-08-25 02:41:29,000 - DEBUG -    高权重点(>0.8): 21/21
2025-08-25 02:41:29,000 - DEBUG -    低权重点(<0.2): 0/21
2025-08-25 02:41:29,000 - INFO - -----------------------------------------------------------------------------------
2025-08-25 02:41:29,000 - DEBUG - 🔍 开始求解LM更新方程:
2025-08-25 02:41:29,000 - DEBUG -    数据残差: 形状=(21,), 范数=0.057300
2025-08-25 02:41:29,000 - DEBUG -    约束残差: 形状=(1,), 范数=0.000063
2025-08-25 02:41:29,000 - DEBUG - 🔍 计算数据残差雅可比矩阵 J_f: 形状=(21, 4)
2025-08-25 02:41:29,000 - DEBUG - 🔍 J_f矩阵计算完成: 条件数=3.65e+01
2025-08-25 02:41:29,004 - DEBUG - 🔍 深度约束雅可比计算: u=-2.734271, σ=0.060981, J_h=[[ 0.          0.         -0.06098115  0.        ]]
2025-08-25 02:41:29,004 - DEBUG - 🔍 半径先验雅可比: J_r=[[0. 0. 0. 1.]]
2025-08-25 02:41:29,004 - DEBUG - 🔍 使用几何权重矩阵: 形状=(21, 21)
2025-08-25 02:41:29,004 - DEBUG - 🔍 Hessian矩阵计算:
2025-08-25 02:41:29,004 - DEBUG -    H_data = J_f^T W J_f: 形状=(4, 4), 条件数=1.33e+03
2025-08-25 02:41:29,004 - DEBUG -    H_h = λ_depth J_h^T J_h: 形状=(4, 4), λ_depth=1000.0
2025-08-25 02:41:29,004 - DEBUG -    H_r = λ_radius J_r^T J_r: 形状=(4, 4), λ_radius=1.0
2025-08-25 02:41:29,004 - DEBUG -    H_total: 形状=(4, 4), 条件数=8.13e+01
2025-08-25 02:41:29,004 - DEBUG - 🔍 梯度计算:
2025-08-25 02:41:29,004 - DEBUG -    g_data: 形状=(4,), 范数=0.245192
2025-08-25 02:41:29,004 - DEBUG -    g_h: 形状=(4,), 范数=0.003837
2025-08-25 02:41:29,004 - DEBUG -    g_r: 形状=(4,), 范数=0.007828
2025-08-25 02:41:29,004 - DEBUG -    g_total: 形状=(4,), 范数=0.239989
2025-08-25 02:41:29,004 - DEBUG - 🔍 LM阻尼矩阵: H_lm = H_total + 100.0 * I
2025-08-25 02:41:29,004 - DEBUG -    H_lm条件数: 1.39e+00
2025-08-25 02:41:29,004 - DEBUG - 🔍 线性方程组求解成功:
2025-08-25 02:41:29,004 - DEBUG -    参数更新向量 Δθ: [[-0.00116794]
 [-0.00054561]
 [ 0.00013606]
 [ 0.00117298]]
2025-08-25 02:41:29,004 - DEBUG -    更新向量范数: 0.001748
2025-08-25 02:41:29,004 - DEBUG -    各分量更新: Δc_x=-0.001168, Δc_y=-0.000546, Δc_z=0.000136, Δr=0.001173
2025-08-25 02:41:29,004 - DEBUG -    参数更新:
2025-08-25 02:41:29,008 - DEBUG -      旧参数: [[-0.04271588]
 [-0.02572592]
 [ 0.60410845]
 [ 0.01982803]]
2025-08-25 02:41:29,008 - DEBUG -      更新向量: [[-0.00116794]
 [-0.00054561]
 [ 0.00013606]
 [ 0.00117298]]
2025-08-25 02:41:29,008 - DEBUG -      新参数: [[-0.04388382]
 [-0.02627153]
 [ 0.60424451]
 [ 0.02100101]]
2025-08-25 02:41:29,008 - INFO - -----------------------------------------------------------------------------------
2025-08-25 02:41:29,008 - INFO - 🔍 迭代第11次，球心向右1.167942mm，向上0.545613mm，向后0.136063mm，半径变大1.172983mm
2025-08-25 02:41:29,008 - INFO - 📊 变化前: 中心(-0.043, -0.026, 0.604), 半径19.83mm
2025-08-25 02:41:29,008 - INFO - 📊 变化后: 中心(-0.044, -0.026, 0.604), 半径21.00mm
2025-08-25 02:41:29,008 - INFO - 📈 变化量: 中心移动1.29mm, 半径变化1.17mm
2025-08-25 02:41:29,008 - INFO - 📍 眼球中心: [-0.04271588 -0.02572592  0.60410845]
2025-08-25 02:41:29,008 - INFO - 📏 眼球半径: 19.83mm
2025-08-25 02:41:29,008 - INFO - 👁️ 瞳孔中心: [-0.02266667 -0.01066667  0.60000002]
2025-08-25 02:41:29,008 - INFO - 📐 眼球中心在瞳孔中心的左20.05mm，上15.06mm，后4.11mm
2025-08-25 02:41:29,008 - INFO - 📏 距离: 25.41mm
2025-08-25 02:41:29,008 - INFO - -----------------------------------------------------------------------------------
2025-08-25 02:41:29,008 - INFO - -----------------------------------------------------------------------------------
2025-08-25 02:41:29,008 - DEBUG - 🔍 参数有效性检查:
2025-08-25 02:41:29,008 - DEBUG -    参数向量: [[-0.04388382]
 [-0.02627153]
 [ 0.60424451]
 [ 0.02100101]]
2025-08-25 02:41:29,008 - DEBUG -    球心: [-0.04388382 -0.02627153  0.60424451]
2025-08-25 02:41:29,008 - DEBUG -    半径: 0.021001
2025-08-25 02:41:29,008 - DEBUG - 🔍 函数值计算详情:
2025-08-25 02:41:29,008 - DEBUG -    数据项 F(θ): 0.001642
2025-08-25 02:41:29,008 - DEBUG -    深度约束项: 0.000002
2025-08-25 02:41:29,008 - DEBUG -    半径先验项: 0.000031
2025-08-25 02:41:29,008 - DEBUG -    总函数值 Φ(θ): 0.001674
2025-08-25 02:41:29,008 - DEBUG -    函数值改善: 0.000000
2025-08-25 02:41:29,008 - DEBUG - 🔍 参数有效: True
2025-08-25 02:41:29,008 - DEBUG -    参数更新成功:
2025-08-25 02:41:29,008 - DEBUG -      新球心: [-0.04388382 -0.02627153  0.60424451]
2025-08-25 02:41:29,008 - DEBUG -      新半径: 0.021001
2025-08-25 02:41:29,008 - INFO - -----------------------------------------------------------------------------------
2025-08-25 02:41:29,008 - DEBUG - 🔍 LM收敛性检查:
2025-08-25 02:41:29,008 - DEBUG -    当前迭代次数: 11
2025-08-25 02:41:29,008 - DEBUG -    最大迭代次数: 30
2025-08-25 02:41:29,008 - DEBUG -    参数变化: 0.001748
2025-08-25 02:41:29,008 - DEBUG -    参数容忍度: 5e-06
2025-08-25 02:41:29,008 - DEBUG -    残差变化: 0.000000
2025-08-25 02:41:29,008 - DEBUG -    残差容忍度: 5e-06
2025-08-25 02:41:29,008 - DEBUG - 🔍 迭代 13/30:
2025-08-25 02:41:29,008 - DEBUG - 🔍 计算点到球心距离: 形状=(21,)
2025-08-25 02:41:29,008 - DEBUG - 🔍 生理偏差向量计算:
2025-08-25 02:41:29,008 - DEBUG -    点类型列表: ['pupil_center', 'iris_boundaries', 'iris_boundaries', 'iris_boundaries', 'iris_boundaries', 'eye_contours', 'eye_contours', 'eye_contours', 'eye_contours', 'eye_contours', 'eye_contours', 'eye_contours', 'eye_contours', 'eye_contours', 'eye_contours', 'eye_contours', 'eye_contours', 'eye_contours', 'eye_contours', 'eye_contours', 'eye_contours']
2025-08-25 02:41:29,008 - DEBUG -    偏差向量: [0.0002  0.00085 0.00085 0.00085 0.00085 0.0015  0.0015  0.0015  0.0015
 0.0015  0.0015  0.0015  0.0015  0.0015  0.0015  0.0015  0.0015  0.0015
 0.0015  0.0015  0.0015 ]
2025-08-25 02:41:29,008 - DEBUG -    向量形状: (21,)
2025-08-25 02:41:29,008 - DEBUG -    偏差统计: 均值=0.001314, 标准差=0.000356
2025-08-25 02:41:29,008 - DEBUG - 获取生理偏差: 点类型=['pupil_center', 'iris_boundaries', 'iris_boundaries', 'iris_boundaries', 'iris_boundaries', 'eye_contours', 'eye_contours', 'eye_contours', 'eye_contours', 'eye_contours', 'eye_contours', 'eye_contours', 'eye_contours', 'eye_contours', 'eye_contours', 'eye_contours', 'eye_contours', 'eye_contours', 'eye_contours', 'eye_contours', 'eye_contours'], 偏差值=[0.0002  0.00085 0.00085 0.00085 0.00085 0.0015  0.0015  0.0015  0.0015
 0.0015  0.0015  0.0015  0.0015  0.0015  0.0015  0.0015  0.0015  0.0015
 0.0015  0.0015  0.0015 ]
2025-08-25 02:41:29,016 - INFO - -----------------------------------------------------------------------------------
2025-08-25 02:41:29,016 - DEBUG - 🔍 拟合残差计算详情:
2025-08-25 02:41:29,016 - DEBUG -    球心坐标: [-0.04388382 -0.02627153  0.60424451]
2025-08-25 02:41:29,016 - DEBUG -    球体半径: 0.021001
2025-08-25 02:41:29,016 - DEBUG -    采样点数: 21
2025-08-25 02:41:29,016 - DEBUG -    点类型分布: {'eye_contours': 16, 'iris_boundaries': 4, 'pupil_center': 1}
2025-08-25 02:41:29,016 - DEBUG -    理论距离向量: [0.02120101 0.02185101 0.02185101 0.02185101 0.02185101 0.02250101
 0.02250101 0.02250101 0.02250101 0.02250101 0.02250101 0.02250101
 0.02250101 0.02250101 0.02250101 0.02250101 0.02250101 0.02250101
 0.02250101 0.02250101 0.02250101]
2025-08-25 02:41:29,016 - DEBUG -    实际距离向量: [0.02667761 0.03484555 0.02232273 0.02205363 0.03481967 0.02080289
 0.02363271 0.02602191 0.0292733  0.03386696 0.03840176 0.04308262
 0.04678479 0.0485917  0.04480768 0.0376963  0.029273   0.02253641
 0.0184803  0.01850795 0.01965855]
2025-08-25 02:41:29,016 - DEBUG -    生理偏差向量: [0.0002  0.00085 0.00085 0.00085 0.00085 0.0015  0.0015  0.0015  0.0015
 0.0015  0.0015  0.0015  0.0015  0.0015  0.0015  0.0015  0.0015  0.0015
 0.0015  0.0015  0.0015 ]
2025-08-25 02:41:29,016 - DEBUG -    残差向量 f(θ): 
[[ 5.47660398e-03]
 [ 1.29945415e-02]
 [ 4.71718532e-04]
 [ 2.02620938e-04]
 [ 1.29686569e-02]
 [-1.69811745e-03]
 [ 1.13170285e-03]
 [ 3.52090276e-03]
 [ 6.77228757e-03]
 [ 1.13659525e-02]
 [ 1.59007461e-02]
 [ 2.05816079e-02]
 [ 2.42837757e-02]
 [ 2.60906949e-02]
 [ 2.23066702e-02]
 [ 1.51952881e-02]
 [ 6.77199430e-03]
 [ 3.53955899e-05]
 [-4.02071199e-03]
 [-3.99306437e-03]
 [-2.84246171e-03]]
2025-08-25 02:41:29,016 - DEBUG -    平均残差范数: 0.002744
2025-08-25 02:41:29,016 - DEBUG -    残差范数=0.057622
2025-08-25 02:41:29,016 - INFO - -----------------------------------------------------------------------------------
2025-08-25 02:41:29,016 - DEBUG - 🔍 深度约束计算详情 (softplus):
2025-08-25 02:41:29,016 - DEBUG -    采样点Z坐标范围: [0.599916, 0.601174]
2025-08-25 02:41:29,016 - DEBUG -    球心Z坐标: 0.604245
2025-08-25 02:41:29,016 - DEBUG -    深度偏移ε: 0.000200
2025-08-25 02:41:29,016 - DEBUG -    softplus参数τ: 0.001000
2025-08-25 02:41:29,016 - DEBUG -    原始违反值: -0.002870
2025-08-25 02:41:29,016 - DEBUG -    softplus输入 u: -2.870334
2025-08-25 02:41:29,016 - DEBUG -    约束惩罚 h(θ): 0.000055
2025-08-25 02:41:29,016 - DEBUG -    🟢 深度约束满足: 球心深度足够
2025-08-25 02:41:29,016 - INFO - -----------------------------------------------------------------------------------
2025-08-25 02:41:29,016 - DEBUG - 🔍 半径惩罚计算详情:
2025-08-25 02:41:29,016 - DEBUG -    当前半径: 0.021001
2025-08-25 02:41:29,016 - DEBUG -    半径先验值: 0.012000
2025-08-25 02:41:29,016 - DEBUG -    半径残差 r(θ): 0.009001
2025-08-25 02:41:29,016 - DEBUG -    数据残差 f(θ): [[ 5.47660398e-03]
 [ 1.29945415e-02]
 [ 4.71718532e-04]
 [ 2.02620938e-04]
 [ 1.29686569e-02]
 [-1.69811745e-03]
 [ 1.13170285e-03]
 [ 3.52090276e-03]
 [ 6.77228757e-03]
 [ 1.13659525e-02]
 [ 1.59007461e-02]
 [ 2.05816079e-02]
 [ 2.42837757e-02]
 [ 2.60906949e-02]
 [ 2.23066702e-02]
 [ 1.51952881e-02]
 [ 6.77199430e-03]
 [ 3.53955899e-05]
 [-4.02071199e-03]
 [-3.99306437e-03]
 [-2.84246171e-03]]
2025-08-25 02:41:29,016 - DEBUG -    约束残差 g(θ): [[5.51319006e-05]]
2025-08-25 02:41:29,016 - DEBUG -    半径残差 r(θ): [[0.00900101]]
2025-08-25 02:41:29,016 - DEBUG - 🔍 状态变化计算: 参数变化=0.001748, 残差变化=0.000322
2025-08-25 02:41:29,016 - INFO - -----------------------------------------------------------------------------------
2025-08-25 02:41:29,016 - DEBUG - 🔍 权重管理器状态更新详情:
2025-08-25 02:41:29,016 - DEBUG -    当前迭代: 12
2025-08-25 02:41:29,016 - DEBUG -    参数变化: 0.001748 (阈值: 0.000005)
2025-08-25 02:41:29,016 - DEBUG -    残差变化: 0.000322 (阈值: 0.000005)
2025-08-25 02:41:29,016 - DEBUG -    几何权重因子: 10
2025-08-25 02:41:29,016 - DEBUG - ⏸️ 保持图像置信度权重: 参数变化=1.75e-03, 残差变化=3.22e-04
2025-08-25 02:41:29,016 - DEBUG - 状态已保存: 参数=[-0.04388382 -0.02627153  0.60424451  0.02100101], 残差范数=0.057622
2025-08-25 02:41:29,024 - DEBUG - 🔍 获取visibility信息: 形状=(21,), 范围=[1.000, 1.000]
2025-08-25 02:41:29,024 - DEBUG - 🔧 设置图像置信度权重: 21个点
2025-08-25 02:41:29,024 - DEBUG - 🔍 开始计算权重矩阵:
2025-08-25 02:41:29,024 - DEBUG -    点类型: ['pupil_center', 'iris_boundaries', 'iris_boundaries', 'iris_boundaries', 'iris_boundaries', 'eye_contours', 'eye_contours', 'eye_contours', 'eye_contours', 'eye_contours', 'eye_contours', 'eye_contours', 'eye_contours', 'eye_contours', 'eye_contours', 'eye_contours', 'eye_contours', 'eye_contours', 'eye_contours', 'eye_contours', 'eye_contours']
2025-08-25 02:41:29,024 - DEBUG -    残差向量: 形状=(21,), 范数=0.057622
2025-08-25 02:41:29,024 - DEBUG -    Visibility: 形状=(21,), 均值=1.000
2025-08-25 02:41:29,024 - DEBUG - 🔍 权重矩阵计算成功: 形状=(21, 21)
2025-08-25 02:41:29,024 - DEBUG - 🔍 几何权重统计:
2025-08-25 02:41:29,024 - DEBUG -    权重向量: [[1.]
 [1.]
 [1.]
 [1.]
 [1.]
 [1.]
 [1.]
 [1.]
 [1.]
 [1.]
 [1.]
 [1.]
 [1.]
 [1.]
 [1.]
 [1.]
 [1.]
 [1.]
 [1.]
 [1.]
 [1.]]
2025-08-25 02:41:29,024 - DEBUG -    权重范围: [1.000000, 1.000000]
2025-08-25 02:41:29,024 - DEBUG -    权重均值: 1.000000
2025-08-25 02:41:29,024 - DEBUG -    权重标准差: 0.000000
2025-08-25 02:41:29,024 - DEBUG -    高权重点(>0.8): 21/21
2025-08-25 02:41:29,024 - DEBUG -    低权重点(<0.2): 0/21
2025-08-25 02:41:29,024 - INFO - -----------------------------------------------------------------------------------
2025-08-25 02:41:29,024 - DEBUG - 🔍 开始求解LM更新方程:
2025-08-25 02:41:29,024 - DEBUG -    数据残差: 形状=(21,), 范数=0.057622
2025-08-25 02:41:29,024 - DEBUG -    约束残差: 形状=(1,), 范数=0.000055
2025-08-25 02:41:29,024 - DEBUG - 🔍 计算数据残差雅可比矩阵 J_f: 形状=(21, 4)
2025-08-25 02:41:29,024 - DEBUG - 🔍 J_f矩阵计算完成: 条件数=3.88e+01
2025-08-25 02:41:29,024 - DEBUG - 🔍 深度约束雅可比计算: u=-2.870334, σ=0.053640, J_h=[[ 0.          0.         -0.05363969  0.        ]]
2025-08-25 02:41:29,024 - DEBUG - 🔍 半径先验雅可比: J_r=[[0. 0. 0. 1.]]
2025-08-25 02:41:29,024 - DEBUG - 🔍 使用几何权重矩阵: 形状=(21, 21)
2025-08-25 02:41:29,024 - DEBUG - 🔍 Hessian矩阵计算:
2025-08-25 02:41:29,024 - DEBUG -    H_data = J_f^T W J_f: 形状=(4, 4), 条件数=1.50e+03
2025-08-25 02:41:29,024 - DEBUG -    H_h = λ_depth J_h^T J_h: 形状=(4, 4), λ_depth=1000.0
2025-08-25 02:41:29,024 - DEBUG -    H_r = λ_radius J_r^T J_r: 形状=(4, 4), λ_radius=1.0
2025-08-25 02:41:29,024 - DEBUG -    H_total: 形状=(4, 4), 条件数=8.25e+01
2025-08-25 02:41:29,024 - DEBUG - 🔍 梯度计算:
2025-08-25 02:41:29,024 - DEBUG -    g_data: 形状=(4,), 范数=0.244413
2025-08-25 02:41:29,024 - DEBUG -    g_h: 形状=(4,), 范数=0.002957
2025-08-25 02:41:29,024 - DEBUG -    g_r: 形状=(4,), 范数=0.009001
2025-08-25 02:41:29,024 - DEBUG -    g_total: 形状=(4,), 范数=0.238335
2025-08-25 02:41:29,024 - DEBUG - 🔍 LM阻尼矩阵: H_lm = H_total + 100.0 * I
2025-08-25 02:41:29,024 - DEBUG -    H_lm条件数: 1.39e+00
2025-08-25 02:41:29,024 - DEBUG - 🔍 线性方程组求解成功:
2025-08-25 02:41:29,024 - DEBUG -    参数更新向量 Δθ: [[-0.00117191]
 [-0.00053055]
 [ 0.00012776]
 [ 0.00115432]]
2025-08-25 02:41:29,024 - DEBUG -    更新向量范数: 0.001733
2025-08-25 02:41:29,024 - DEBUG -    各分量更新: Δc_x=-0.001172, Δc_y=-0.000531, Δc_z=0.000128, Δr=0.001154
2025-08-25 02:41:29,024 - DEBUG -    参数更新:
2025-08-25 02:41:29,024 - DEBUG -      旧参数: [[-0.04388382]
 [-0.02627153]
 [ 0.60424451]
 [ 0.02100101]]
2025-08-25 02:41:29,032 - DEBUG -      更新向量: [[-0.00117191]
 [-0.00053055]
 [ 0.00012776]
 [ 0.00115432]]
2025-08-25 02:41:29,032 - DEBUG -      新参数: [[-0.04505573]
 [-0.02680208]
 [ 0.60437227]
 [ 0.02215533]]
2025-08-25 02:41:29,032 - INFO - -----------------------------------------------------------------------------------
2025-08-25 02:41:29,032 - INFO - 🔍 迭代第12次，球心向右1.171911mm，向上0.530554mm，向后0.127758mm，半径变大1.154317mm
2025-08-25 02:41:29,032 - INFO - 📊 变化前: 中心(-0.044, -0.026, 0.604), 半径21.00mm
2025-08-25 02:41:29,032 - INFO - 📊 变化后: 中心(-0.045, -0.027, 0.604), 半径22.16mm
2025-08-25 02:41:29,032 - INFO - 📈 变化量: 中心移动1.29mm, 半径变化1.15mm
2025-08-25 02:41:29,032 - INFO - 📍 眼球中心: [-0.04388382 -0.02627153  0.60424451]
2025-08-25 02:41:29,032 - INFO - 📏 眼球半径: 21.00mm
2025-08-25 02:41:29,032 - INFO - 👁️ 瞳孔中心: [-0.02266667 -0.01066667  0.60000002]
2025-08-25 02:41:29,032 - INFO - 📐 眼球中心在瞳孔中心的左21.22mm，上15.60mm，后4.24mm
2025-08-25 02:41:29,032 - INFO - 📏 距离: 26.68mm
2025-08-25 02:41:29,032 - INFO - -----------------------------------------------------------------------------------
2025-08-25 02:41:29,032 - INFO - -----------------------------------------------------------------------------------
2025-08-25 02:41:29,032 - DEBUG - 🔍 参数有效性检查:
2025-08-25 02:41:29,032 - DEBUG -    参数向量: [[-0.04505573]
 [-0.02680208]
 [ 0.60437227]
 [ 0.02215533]]
2025-08-25 02:41:29,032 - DEBUG -    球心: [-0.04505573 -0.02680208  0.60437227]
2025-08-25 02:41:29,032 - DEBUG -    半径: 0.022155
2025-08-25 02:41:29,032 - DEBUG - 🔍 函数值计算详情:
2025-08-25 02:41:29,032 - DEBUG -    数据项 F(θ): 0.001660
2025-08-25 02:41:29,032 - DEBUG -    深度约束项: 0.000002
2025-08-25 02:41:29,032 - DEBUG -    半径先验项: 0.000041
2025-08-25 02:41:29,032 - DEBUG -    总函数值 Φ(θ): 0.001702
2025-08-25 02:41:29,032 - DEBUG -    函数值改善: -0.000028
2025-08-25 02:41:29,032 - DEBUG - 🔍 参数有效: False
2025-08-25 02:41:29,032 - DEBUG -    参数无效，阻尼因子调整: λ_LM = 1.00e+03
2025-08-25 02:41:29,032 - DEBUG - 🔍 迭代 14/30:
2025-08-25 02:41:29,032 - DEBUG - 🔍 计算点到球心距离: 形状=(21,)
2025-08-25 02:41:29,032 - DEBUG - 🔍 生理偏差向量计算:
2025-08-25 02:41:29,032 - DEBUG -    点类型列表: ['pupil_center', 'iris_boundaries', 'iris_boundaries', 'iris_boundaries', 'iris_boundaries', 'eye_contours', 'eye_contours', 'eye_contours', 'eye_contours', 'eye_contours', 'eye_contours', 'eye_contours', 'eye_contours', 'eye_contours', 'eye_contours', 'eye_contours', 'eye_contours', 'eye_contours', 'eye_contours', 'eye_contours', 'eye_contours']
2025-08-25 02:41:29,032 - DEBUG -    偏差向量: [0.0002  0.00085 0.00085 0.00085 0.00085 0.0015  0.0015  0.0015  0.0015
 0.0015  0.0015  0.0015  0.0015  0.0015  0.0015  0.0015  0.0015  0.0015
 0.0015  0.0015  0.0015 ]
2025-08-25 02:41:29,032 - DEBUG -    向量形状: (21,)
2025-08-25 02:41:29,032 - DEBUG -    偏差统计: 均值=0.001314, 标准差=0.000356
2025-08-25 02:41:29,032 - DEBUG - 获取生理偏差: 点类型=['pupil_center', 'iris_boundaries', 'iris_boundaries', 'iris_boundaries', 'iris_boundaries', 'eye_contours', 'eye_contours', 'eye_contours', 'eye_contours', 'eye_contours', 'eye_contours', 'eye_contours', 'eye_contours', 'eye_contours', 'eye_contours', 'eye_contours', 'eye_contours', 'eye_contours', 'eye_contours', 'eye_contours', 'eye_contours'], 偏差值=[0.0002  0.00085 0.00085 0.00085 0.00085 0.0015  0.0015  0.0015  0.0015
 0.0015  0.0015  0.0015  0.0015  0.0015  0.0015  0.0015  0.0015  0.0015
 0.0015  0.0015  0.0015 ]
2025-08-25 02:41:29,032 - INFO - -----------------------------------------------------------------------------------
2025-08-25 02:41:29,032 - DEBUG - 🔍 拟合残差计算详情:
2025-08-25 02:41:29,032 - DEBUG -    球心坐标: [-0.04388382 -0.02627153  0.60424451]
2025-08-25 02:41:29,032 - DEBUG -    球体半径: 0.021001
2025-08-25 02:41:29,032 - DEBUG -    采样点数: 21
2025-08-25 02:41:29,032 - DEBUG -    点类型分布: {'eye_contours': 16, 'iris_boundaries': 4, 'pupil_center': 1}
2025-08-25 02:41:29,041 - DEBUG -    理论距离向量: [0.02120101 0.02185101 0.02185101 0.02185101 0.02185101 0.02250101
 0.02250101 0.02250101 0.02250101 0.02250101 0.02250101 0.02250101
 0.02250101 0.02250101 0.02250101 0.02250101 0.02250101 0.02250101
 0.02250101 0.02250101 0.02250101]
2025-08-25 02:41:29,041 - DEBUG -    实际距离向量: [0.02667761 0.03484555 0.02232273 0.02205363 0.03481967 0.02080289
 0.02363271 0.02602191 0.0292733  0.03386696 0.03840176 0.04308262
 0.04678479 0.0485917  0.04480768 0.0376963  0.029273   0.02253641
 0.0184803  0.01850795 0.01965855]
2025-08-25 02:41:29,041 - DEBUG -    生理偏差向量: [0.0002  0.00085 0.00085 0.00085 0.00085 0.0015  0.0015  0.0015  0.0015
 0.0015  0.0015  0.0015  0.0015  0.0015  0.0015  0.0015  0.0015  0.0015
 0.0015  0.0015  0.0015 ]
2025-08-25 02:41:29,041 - DEBUG -    残差向量 f(θ): 
[[ 5.47660398e-03]
 [ 1.29945415e-02]
 [ 4.71718532e-04]
 [ 2.02620938e-04]
 [ 1.29686569e-02]
 [-1.69811745e-03]
 [ 1.13170285e-03]
 [ 3.52090276e-03]
 [ 6.77228757e-03]
 [ 1.13659525e-02]
 [ 1.59007461e-02]
 [ 2.05816079e-02]
 [ 2.42837757e-02]
 [ 2.60906949e-02]
 [ 2.23066702e-02]
 [ 1.51952881e-02]
 [ 6.77199430e-03]
 [ 3.53955899e-05]
 [-4.02071199e-03]
 [-3.99306437e-03]
 [-2.84246171e-03]]
2025-08-25 02:41:29,041 - DEBUG -    平均残差范数: 0.002744
2025-08-25 02:41:29,041 - DEBUG -    残差范数=0.057622
2025-08-25 02:41:29,041 - INFO - -----------------------------------------------------------------------------------
2025-08-25 02:41:29,041 - DEBUG - 🔍 深度约束计算详情 (softplus):
2025-08-25 02:41:29,041 - DEBUG -    采样点Z坐标范围: [0.599916, 0.601174]
2025-08-25 02:41:29,041 - DEBUG -    球心Z坐标: 0.604245
2025-08-25 02:41:29,041 - DEBUG -    深度偏移ε: 0.000200
2025-08-25 02:41:29,041 - DEBUG -    softplus参数τ: 0.001000
2025-08-25 02:41:29,041 - DEBUG -    原始违反值: -0.002870
2025-08-25 02:41:29,041 - DEBUG -    softplus输入 u: -2.870334
2025-08-25 02:41:29,041 - DEBUG -    约束惩罚 h(θ): 0.000055
2025-08-25 02:41:29,041 - DEBUG -    🟢 深度约束满足: 球心深度足够
2025-08-25 02:41:29,041 - INFO - -----------------------------------------------------------------------------------
2025-08-25 02:41:29,041 - DEBUG - 🔍 半径惩罚计算详情:
2025-08-25 02:41:29,041 - DEBUG -    当前半径: 0.021001
2025-08-25 02:41:29,041 - DEBUG -    半径先验值: 0.012000
2025-08-25 02:41:29,041 - DEBUG -    半径残差 r(θ): 0.009001
2025-08-25 02:41:29,041 - DEBUG -    数据残差 f(θ): [[ 5.47660398e-03]
 [ 1.29945415e-02]
 [ 4.71718532e-04]
 [ 2.02620938e-04]
 [ 1.29686569e-02]
 [-1.69811745e-03]
 [ 1.13170285e-03]
 [ 3.52090276e-03]
 [ 6.77228757e-03]
 [ 1.13659525e-02]
 [ 1.59007461e-02]
 [ 2.05816079e-02]
 [ 2.42837757e-02]
 [ 2.60906949e-02]
 [ 2.23066702e-02]
 [ 1.51952881e-02]
 [ 6.77199430e-03]
 [ 3.53955899e-05]
 [-4.02071199e-03]
 [-3.99306437e-03]
 [-2.84246171e-03]]
2025-08-25 02:41:29,041 - DEBUG -    约束残差 g(θ): [[5.51319006e-05]]
2025-08-25 02:41:29,041 - DEBUG -    半径残差 r(θ): [[0.00900101]]
2025-08-25 02:41:29,041 - DEBUG - 🔍 状态变化计算: 参数变化=0.000000, 残差变化=0.000000
2025-08-25 02:41:29,041 - INFO - -----------------------------------------------------------------------------------
2025-08-25 02:41:29,041 - DEBUG - 🔍 权重管理器状态更新详情:
2025-08-25 02:41:29,041 - DEBUG -    当前迭代: 13
2025-08-25 02:41:29,041 - DEBUG -    参数变化: 0.000000 (阈值: 0.000005)
2025-08-25 02:41:29,041 - DEBUG -    残差变化: 0.000000 (阈值: 0.000005)
2025-08-25 02:41:29,041 - DEBUG -    几何权重因子: 10
2025-08-25 02:41:29,041 - DEBUG - ⏸️ 保持图像置信度权重: 参数变化=0.00e+00, 残差变化=0.00e+00
2025-08-25 02:41:29,041 - DEBUG - 状态已保存: 参数=[-0.04388382 -0.02627153  0.60424451  0.02100101], 残差范数=0.057622
2025-08-25 02:41:29,041 - DEBUG - 🔍 获取visibility信息: 形状=(21,), 范围=[1.000, 1.000]
2025-08-25 02:41:29,041 - DEBUG - 🔧 设置图像置信度权重: 21个点
2025-08-25 02:41:29,041 - DEBUG - 🔍 开始计算权重矩阵:
2025-08-25 02:41:29,041 - DEBUG -    点类型: ['pupil_center', 'iris_boundaries', 'iris_boundaries', 'iris_boundaries', 'iris_boundaries', 'eye_contours', 'eye_contours', 'eye_contours', 'eye_contours', 'eye_contours', 'eye_contours', 'eye_contours', 'eye_contours', 'eye_contours', 'eye_contours', 'eye_contours', 'eye_contours', 'eye_contours', 'eye_contours', 'eye_contours', 'eye_contours']
2025-08-25 02:41:29,041 - DEBUG -    残差向量: 形状=(21,), 范数=0.057622
2025-08-25 02:41:29,041 - DEBUG -    Visibility: 形状=(21,), 均值=1.000
2025-08-25 02:41:29,041 - DEBUG - 🔍 权重矩阵计算成功: 形状=(21, 21)
2025-08-25 02:41:29,041 - DEBUG - 🔍 几何权重统计:
2025-08-25 02:41:29,041 - DEBUG -    权重向量: [[1.]
 [1.]
 [1.]
 [1.]
 [1.]
 [1.]
 [1.]
 [1.]
 [1.]
 [1.]
 [1.]
 [1.]
 [1.]
 [1.]
 [1.]
 [1.]
 [1.]
 [1.]
 [1.]
 [1.]
 [1.]]
2025-08-25 02:41:29,041 - DEBUG -    权重范围: [1.000000, 1.000000]
2025-08-25 02:41:29,049 - DEBUG -    权重均值: 1.000000
2025-08-25 02:41:29,049 - DEBUG -    权重标准差: 0.000000
2025-08-25 02:41:29,049 - DEBUG -    高权重点(>0.8): 21/21
2025-08-25 02:41:29,049 - DEBUG -    低权重点(<0.2): 0/21
2025-08-25 02:41:29,049 - INFO - -----------------------------------------------------------------------------------
2025-08-25 02:41:29,049 - DEBUG - 🔍 开始求解LM更新方程:
2025-08-25 02:41:29,049 - DEBUG -    数据残差: 形状=(21,), 范数=0.057622
2025-08-25 02:41:29,049 - DEBUG -    约束残差: 形状=(1,), 范数=0.000055
2025-08-25 02:41:29,049 - DEBUG - 🔍 计算数据残差雅可比矩阵 J_f: 形状=(21, 4)
2025-08-25 02:41:29,049 - DEBUG - 🔍 J_f矩阵计算完成: 条件数=3.88e+01
2025-08-25 02:41:29,049 - DEBUG - 🔍 深度约束雅可比计算: u=-2.870334, σ=0.053640, J_h=[[ 0.          0.         -0.05363969  0.        ]]
2025-08-25 02:41:29,049 - DEBUG - 🔍 半径先验雅可比: J_r=[[0. 0. 0. 1.]]
2025-08-25 02:41:29,049 - DEBUG - 🔍 使用几何权重矩阵: 形状=(21, 21)
2025-08-25 02:41:29,049 - DEBUG - 🔍 Hessian矩阵计算:
2025-08-25 02:41:29,049 - DEBUG -    H_data = J_f^T W J_f: 形状=(4, 4), 条件数=1.50e+03
2025-08-25 02:41:29,049 - DEBUG -    H_h = λ_depth J_h^T J_h: 形状=(4, 4), λ_depth=1000.0
2025-08-25 02:41:29,049 - DEBUG -    H_r = λ_radius J_r^T J_r: 形状=(4, 4), λ_radius=1.0
2025-08-25 02:41:29,049 - DEBUG -    H_total: 形状=(4, 4), 条件数=8.25e+01
2025-08-25 02:41:29,049 - DEBUG - 🔍 梯度计算:
2025-08-25 02:41:29,049 - DEBUG -    g_data: 形状=(4,), 范数=0.244413
2025-08-25 02:41:29,049 - DEBUG -    g_h: 形状=(4,), 范数=0.002957
2025-08-25 02:41:29,049 - DEBUG -    g_r: 形状=(4,), 范数=0.009001
2025-08-25 02:41:29,049 - DEBUG -    g_total: 形状=(4,), 范数=0.238335
2025-08-25 02:41:29,049 - DEBUG - 🔍 LM阻尼矩阵: H_lm = H_total + 1000.0 * I
2025-08-25 02:41:29,049 - DEBUG -    H_lm条件数: 1.04e+00
2025-08-25 02:41:29,049 - DEBUG - 🔍 线性方程组求解成功:
2025-08-25 02:41:29,049 - DEBUG -    参数更新向量 Δθ: [[-1.45361411e-04]
 [-7.91762162e-05]
 [ 1.88923576e-05]
 [ 1.57912151e-04]]
2025-08-25 02:41:29,049 - DEBUG -    更新向量范数: 0.000230
2025-08-25 02:41:29,049 - DEBUG -    各分量更新: Δc_x=-0.000145, Δc_y=-0.000079, Δc_z=0.000019, Δr=0.000158
2025-08-25 02:41:29,049 - DEBUG -    参数更新:
2025-08-25 02:41:29,049 - DEBUG -      旧参数: [[-0.04388382]
 [-0.02627153]
 [ 0.60424451]
 [ 0.02100101]]
2025-08-25 02:41:29,049 - DEBUG -      更新向量: [[-1.45361411e-04]
 [-7.91762162e-05]
 [ 1.88923576e-05]
 [ 1.57912151e-04]]
2025-08-25 02:41:29,049 - DEBUG -      新参数: [[-0.04402918]
 [-0.02635071]
 [ 0.6042634 ]
 [ 0.02115892]]
2025-08-25 02:41:29,049 - INFO - -----------------------------------------------------------------------------------
2025-08-25 02:41:29,049 - INFO - 🔍 迭代第13次，球心向右0.145361mm，向上0.079176mm，向后0.018892mm，半径变大0.157912mm
2025-08-25 02:41:29,049 - INFO - 📊 变化前: 中心(-0.044, -0.026, 0.604), 半径21.00mm
2025-08-25 02:41:29,049 - INFO - 📊 变化后: 中心(-0.044, -0.026, 0.604), 半径21.16mm
2025-08-25 02:41:29,057 - INFO - 📈 变化量: 中心移动0.17mm, 半径变化0.16mm
2025-08-25 02:41:29,057 - INFO - 📍 眼球中心: [-0.04388382 -0.02627153  0.60424451]
2025-08-25 02:41:29,057 - INFO - 📏 眼球半径: 21.00mm
2025-08-25 02:41:29,057 - INFO - 👁️ 瞳孔中心: [-0.02266667 -0.01066667  0.60000002]
2025-08-25 02:41:29,057 - INFO - 📐 眼球中心在瞳孔中心的左21.22mm，上15.60mm，后4.24mm
2025-08-25 02:41:29,057 - INFO - 📏 距离: 26.68mm
2025-08-25 02:41:29,057 - INFO - -----------------------------------------------------------------------------------
2025-08-25 02:41:29,057 - INFO - -----------------------------------------------------------------------------------
2025-08-25 02:41:29,057 - DEBUG - 🔍 参数有效性检查:
2025-08-25 02:41:29,057 - DEBUG -    参数向量: [[-0.04402918]
 [-0.02635071]
 [ 0.6042634 ]
 [ 0.02115892]]
2025-08-25 02:41:29,057 - DEBUG -    球心: [-0.04402918 -0.02635071  0.6042634 ]
2025-08-25 02:41:29,057 - DEBUG -    半径: 0.021159
2025-08-25 02:41:29,057 - DEBUG - 🔍 函数值计算详情:
2025-08-25 02:41:29,057 - DEBUG -    数据项 F(θ): 0.001660
2025-08-25 02:41:29,057 - DEBUG -    深度约束项: 0.000002
2025-08-25 02:41:29,057 - DEBUG -    半径先验项: 0.000041
2025-08-25 02:41:29,057 - DEBUG -    总函数值 Φ(θ): 0.001702
2025-08-25 02:41:29,057 - DEBUG -    函数值改善: 0.000000
2025-08-25 02:41:29,057 - DEBUG - 🔍 参数有效: True
2025-08-25 02:41:29,057 - DEBUG -    参数更新成功:
2025-08-25 02:41:29,057 - DEBUG -      新球心: [-0.04402918 -0.02635071  0.6042634 ]
2025-08-25 02:41:29,057 - DEBUG -      新半径: 0.021159
2025-08-25 02:41:29,057 - INFO - -----------------------------------------------------------------------------------
2025-08-25 02:41:29,057 - DEBUG - 🔍 LM收敛性检查:
2025-08-25 02:41:29,057 - DEBUG -    当前迭代次数: 13
2025-08-25 02:41:29,057 - DEBUG -    最大迭代次数: 30
2025-08-25 02:41:29,057 - DEBUG -    参数变化: 0.000230
2025-08-25 02:41:29,057 - DEBUG -    参数容忍度: 5e-06
2025-08-25 02:41:29,057 - DEBUG -    残差变化: 0.000000
2025-08-25 02:41:29,057 - DEBUG -    残差容忍度: 5e-06
2025-08-25 02:41:29,057 - DEBUG - 🔍 迭代 15/30:
2025-08-25 02:41:29,057 - DEBUG - 🔍 计算点到球心距离: 形状=(21,)
2025-08-25 02:41:29,057 - DEBUG - 🔍 生理偏差向量计算:
2025-08-25 02:41:29,057 - DEBUG -    点类型列表: ['pupil_center', 'iris_boundaries', 'iris_boundaries', 'iris_boundaries', 'iris_boundaries', 'eye_contours', 'eye_contours', 'eye_contours', 'eye_contours', 'eye_contours', 'eye_contours', 'eye_contours', 'eye_contours', 'eye_contours', 'eye_contours', 'eye_contours', 'eye_contours', 'eye_contours', 'eye_contours', 'eye_contours', 'eye_contours']
2025-08-25 02:41:29,057 - DEBUG -    偏差向量: [0.0002  0.00085 0.00085 0.00085 0.00085 0.0015  0.0015  0.0015  0.0015
 0.0015  0.0015  0.0015  0.0015  0.0015  0.0015  0.0015  0.0015  0.0015
 0.0015  0.0015  0.0015 ]
2025-08-25 02:41:29,057 - DEBUG -    向量形状: (21,)
2025-08-25 02:41:29,057 - DEBUG -    偏差统计: 均值=0.001314, 标准差=0.000356
2025-08-25 02:41:29,057 - DEBUG - 获取生理偏差: 点类型=['pupil_center', 'iris_boundaries', 'iris_boundaries', 'iris_boundaries', 'iris_boundaries', 'eye_contours', 'eye_contours', 'eye_contours', 'eye_contours', 'eye_contours', 'eye_contours', 'eye_contours', 'eye_contours', 'eye_contours', 'eye_contours', 'eye_contours', 'eye_contours', 'eye_contours', 'eye_contours', 'eye_contours', 'eye_contours'], 偏差值=[0.0002  0.00085 0.00085 0.00085 0.00085 0.0015  0.0015  0.0015  0.0015
 0.0015  0.0015  0.0015  0.0015  0.0015  0.0015  0.0015  0.0015  0.0015
 0.0015  0.0015  0.0015 ]
2025-08-25 02:41:29,057 - INFO - -----------------------------------------------------------------------------------
2025-08-25 02:41:29,057 - DEBUG - 🔍 拟合残差计算详情:
2025-08-25 02:41:29,057 - DEBUG -    球心坐标: [-0.04402918 -0.02635071  0.6042634 ]
2025-08-25 02:41:29,057 - DEBUG -    球体半径: 0.021159
2025-08-25 02:41:29,057 - DEBUG -    采样点数: 21
2025-08-25 02:41:29,057 - DEBUG -    点类型分布: {'eye_contours': 16, 'iris_boundaries': 4, 'pupil_center': 1}
2025-08-25 02:41:29,065 - DEBUG -    理论距离向量: [0.02135892 0.02200892 0.02200892 0.02200892 0.02200892 0.02265892
 0.02265892 0.02265892 0.02265892 0.02265892 0.02265892 0.02265892
 0.02265892 0.02265892 0.02265892 0.02265892 0.02265892 0.02265892
 0.02265892 0.02265892 0.02265892]
2025-08-25 02:41:29,065 - DEBUG -    实际距离向量: [0.02684255 0.03501207 0.02248688 0.02220235 0.03497574 0.02089214
 0.02374337 0.02614838 0.02941533 0.03402363 0.03856592 0.04324913
 0.0469511  0.0487575  0.04497301 0.03786106 0.02943867 0.02270211
 0.01863192 0.01863313 0.01976391]
2025-08-25 02:41:29,065 - DEBUG -    生理偏差向量: [0.0002  0.00085 0.00085 0.00085 0.00085 0.0015  0.0015  0.0015  0.0015
 0.0015  0.0015  0.0015  0.0015  0.0015  0.0015  0.0015  0.0015  0.0015
 0.0015  0.0015  0.0015 ]
2025-08-25 02:41:29,066 - DEBUG -    残差向量 f(θ): 
[[ 5.48362988e-03]
 [ 1.30031503e-02]
 [ 4.77958967e-04]
 [ 1.93432229e-04]
 [ 1.29668153e-02]
 [-1.76678147e-03]
 [ 1.08444575e-03]
 [ 3.48945770e-03]
 [ 6.75640868e-03]
 [ 1.13647101e-02]
 [ 1.59069974e-02]
 [ 2.05902132e-02]
 [ 2.42921786e-02]
 [ 2.60985827e-02]
 [ 2.23140901e-02]
 [ 1.52021413e-02]
 [ 6.77974442e-03]
 [ 4.31845709e-05]
 [-4.02700193e-03]
 [-4.02578788e-03]
 [-2.89501285e-03]]
2025-08-25 02:41:29,066 - DEBUG -    平均残差范数: 0.002745
2025-08-25 02:41:29,066 - DEBUG -    残差范数=0.057644
2025-08-25 02:41:29,066 - INFO - -----------------------------------------------------------------------------------
2025-08-25 02:41:29,066 - DEBUG - 🔍 深度约束计算详情 (softplus):
2025-08-25 02:41:29,066 - DEBUG -    采样点Z坐标范围: [0.599916, 0.601174]
2025-08-25 02:41:29,066 - DEBUG -    球心Z坐标: 0.604263
2025-08-25 02:41:29,066 - DEBUG -    深度偏移ε: 0.000200
2025-08-25 02:41:29,066 - DEBUG -    softplus参数τ: 0.001000
2025-08-25 02:41:29,066 - DEBUG -    原始违反值: -0.002889
2025-08-25 02:41:29,066 - DEBUG -    softplus输入 u: -2.889227
2025-08-25 02:41:29,066 - DEBUG -    约束惩罚 h(θ): 0.000054
2025-08-25 02:41:29,066 - DEBUG -    🟢 深度约束满足: 球心深度足够
2025-08-25 02:41:29,066 - INFO - -----------------------------------------------------------------------------------
2025-08-25 02:41:29,066 - DEBUG - 🔍 半径惩罚计算详情:
2025-08-25 02:41:29,066 - DEBUG -    当前半径: 0.021159
2025-08-25 02:41:29,066 - DEBUG -    半径先验值: 0.012000
2025-08-25 02:41:29,066 - DEBUG -    半径残差 r(θ): 0.009159
2025-08-25 02:41:29,066 - DEBUG -    数据残差 f(θ): [[ 5.48362988e-03]
 [ 1.30031503e-02]
 [ 4.77958967e-04]
 [ 1.93432229e-04]
 [ 1.29668153e-02]
 [-1.76678147e-03]
 [ 1.08444575e-03]
 [ 3.48945770e-03]
 [ 6.75640868e-03]
 [ 1.13647101e-02]
 [ 1.59069974e-02]
 [ 2.05902132e-02]
 [ 2.42921786e-02]
 [ 2.60985827e-02]
 [ 2.23140901e-02]
 [ 1.52021413e-02]
 [ 6.77974442e-03]
 [ 4.31845709e-05]
 [-4.02700193e-03]
 [-4.02578788e-03]
 [-2.89501285e-03]]
2025-08-25 02:41:29,066 - DEBUG -    约束残差 g(θ): [[5.41275289e-05]]
2025-08-25 02:41:29,066 - DEBUG -    半径残差 r(θ): [[0.00915892]]
2025-08-25 02:41:29,066 - DEBUG - 🔍 状态变化计算: 参数变化=0.000230, 残差变化=0.000022
2025-08-25 02:41:29,066 - INFO - -----------------------------------------------------------------------------------
2025-08-25 02:41:29,066 - DEBUG - 🔍 权重管理器状态更新详情:
2025-08-25 02:41:29,066 - DEBUG -    当前迭代: 14
2025-08-25 02:41:29,066 - DEBUG -    参数变化: 0.000230 (阈值: 0.000005)
2025-08-25 02:41:29,066 - DEBUG -    残差变化: 0.000022 (阈值: 0.000005)
2025-08-25 02:41:29,066 - DEBUG -    几何权重因子: 10
2025-08-25 02:41:29,066 - DEBUG - ⏸️ 保持图像置信度权重: 参数变化=2.30e-04, 残差变化=2.22e-05
2025-08-25 02:41:29,066 - DEBUG - 状态已保存: 参数=[-0.04402918 -0.02635071  0.6042634   0.02115892], 残差范数=0.057644
2025-08-25 02:41:29,066 - DEBUG - 🔍 获取visibility信息: 形状=(21,), 范围=[1.000, 1.000]
2025-08-25 02:41:29,066 - DEBUG - 🔧 设置图像置信度权重: 21个点
2025-08-25 02:41:29,066 - DEBUG - 🔍 开始计算权重矩阵:
2025-08-25 02:41:29,066 - DEBUG -    点类型: ['pupil_center', 'iris_boundaries', 'iris_boundaries', 'iris_boundaries', 'iris_boundaries', 'eye_contours', 'eye_contours', 'eye_contours', 'eye_contours', 'eye_contours', 'eye_contours', 'eye_contours', 'eye_contours', 'eye_contours', 'eye_contours', 'eye_contours', 'eye_contours', 'eye_contours', 'eye_contours', 'eye_contours', 'eye_contours']
2025-08-25 02:41:29,066 - DEBUG -    残差向量: 形状=(21,), 范数=0.057644
2025-08-25 02:41:29,066 - DEBUG -    Visibility: 形状=(21,), 均值=1.000
2025-08-25 02:41:29,066 - DEBUG - 🔍 权重矩阵计算成功: 形状=(21, 21)
2025-08-25 02:41:29,066 - DEBUG - 🔍 几何权重统计:
2025-08-25 02:41:29,066 - DEBUG -    权重向量: [[1.]
 [1.]
 [1.]
 [1.]
 [1.]
 [1.]
 [1.]
 [1.]
 [1.]
 [1.]
 [1.]
 [1.]
 [1.]
 [1.]
 [1.]
 [1.]
 [1.]
 [1.]
 [1.]
 [1.]
 [1.]]
2025-08-25 02:41:29,073 - DEBUG -    权重范围: [1.000000, 1.000000]
2025-08-25 02:41:29,073 - DEBUG -    权重均值: 1.000000
2025-08-25 02:41:29,073 - DEBUG -    权重标准差: 0.000000
2025-08-25 02:41:29,073 - DEBUG -    高权重点(>0.8): 21/21
2025-08-25 02:41:29,073 - DEBUG -    低权重点(<0.2): 0/21
2025-08-25 02:41:29,073 - INFO - -----------------------------------------------------------------------------------
2025-08-25 02:41:29,073 - DEBUG - 🔍 开始求解LM更新方程:
2025-08-25 02:41:29,073 - DEBUG -    数据残差: 形状=(21,), 范数=0.057644
2025-08-25 02:41:29,073 - DEBUG -    约束残差: 形状=(1,), 范数=0.000054
2025-08-25 02:41:29,073 - DEBUG - 🔍 计算数据残差雅可比矩阵 J_f: 形状=(21, 4)
2025-08-25 02:41:29,073 - DEBUG - 🔍 J_f矩阵计算完成: 条件数=3.91e+01
2025-08-25 02:41:29,073 - DEBUG - 🔍 深度约束雅可比计算: u=-2.889227, σ=0.052689, J_h=[[ 0.          0.         -0.05268871  0.        ]]
2025-08-25 02:41:29,073 - DEBUG - 🔍 半径先验雅可比: J_r=[[0. 0. 0. 1.]]
2025-08-25 02:41:29,073 - DEBUG - 🔍 使用几何权重矩阵: 形状=(21, 21)
2025-08-25 02:41:29,073 - DEBUG - 🔍 Hessian矩阵计算:
2025-08-25 02:41:29,073 - DEBUG -    H_data = J_f^T W J_f: 形状=(4, 4), 条件数=1.53e+03
2025-08-25 02:41:29,073 - DEBUG -    H_h = λ_depth J_h^T J_h: 形状=(4, 4), λ_depth=1000.0
2025-08-25 02:41:29,073 - DEBUG -    H_r = λ_radius J_r^T J_r: 形状=(4, 4), λ_radius=1.0
2025-08-25 02:41:29,073 - DEBUG -    H_total: 形状=(4, 4), 条件数=8.26e+01
2025-08-25 02:41:29,073 - DEBUG - 🔍 梯度计算:
2025-08-25 02:41:29,073 - DEBUG -    g_data: 形状=(4,), 范数=0.244212
2025-08-25 02:41:29,073 - DEBUG -    g_h: 形状=(4,), 范数=0.002852
2025-08-25 02:41:29,073 - DEBUG -    g_r: 形状=(4,), 范数=0.009159
2025-08-25 02:41:29,073 - DEBUG -    g_total: 形状=(4,), 范数=0.238018
2025-08-25 02:41:29,073 - DEBUG - 🔍 LM阻尼矩阵: H_lm = H_total + 1000.0 * I
2025-08-25 02:41:29,073 - DEBUG -    H_lm条件数: 1.04e+00
2025-08-25 02:41:29,073 - DEBUG - 🔍 线性方程组求解成功:
2025-08-25 02:41:29,073 - DEBUG -    参数更新向量 Δθ: [[-1.45363891e-04]
 [-7.89657744e-05]
 [ 1.87680064e-05]
 [ 1.57575940e-04]]
2025-08-25 02:41:29,073 - DEBUG -    更新向量范数: 0.000229
2025-08-25 02:41:29,073 - DEBUG -    各分量更新: Δc_x=-0.000145, Δc_y=-0.000079, Δc_z=0.000019, Δr=0.000158
2025-08-25 02:41:29,073 - DEBUG -    参数更新:
2025-08-25 02:41:29,073 - DEBUG -      旧参数: [[-0.04402918]
 [-0.02635071]
 [ 0.6042634 ]
 [ 0.02115892]]
2025-08-25 02:41:29,073 - DEBUG -      更新向量: [[-1.45363891e-04]
 [-7.89657744e-05]
 [ 1.87680064e-05]
 [ 1.57575940e-04]]
2025-08-25 02:41:29,073 - DEBUG -      新参数: [[-0.04417455]
 [-0.02642967]
 [ 0.60428217]
 [ 0.0213165 ]]
2025-08-25 02:41:29,073 - INFO - -----------------------------------------------------------------------------------
2025-08-25 02:41:29,073 - INFO - 🔍 迭代第14次，球心向右0.145364mm，向上0.078966mm，向后0.018768mm，半径变大0.157576mm
2025-08-25 02:41:29,073 - INFO - 📊 变化前: 中心(-0.044, -0.026, 0.604), 半径21.16mm
2025-08-25 02:41:29,073 - INFO - 📊 变化后: 中心(-0.044, -0.026, 0.604), 半径21.32mm
2025-08-25 02:41:29,073 - INFO - 📈 变化量: 中心移动0.17mm, 半径变化0.16mm
2025-08-25 02:41:29,073 - INFO - 📍 眼球中心: [-0.04402918 -0.02635071  0.6042634 ]
2025-08-25 02:41:29,073 - INFO - 📏 眼球半径: 21.16mm
2025-08-25 02:41:29,073 - INFO - 👁️ 瞳孔中心: [-0.02266667 -0.01066667  0.60000002]
2025-08-25 02:41:29,073 - INFO - 📐 眼球中心在瞳孔中心的左21.36mm，上15.68mm，后4.26mm
2025-08-25 02:41:29,081 - INFO - 📏 距离: 26.84mm
2025-08-25 02:41:29,081 - INFO - -----------------------------------------------------------------------------------
2025-08-25 02:41:29,081 - INFO - -----------------------------------------------------------------------------------
2025-08-25 02:41:29,081 - DEBUG - 🔍 参数有效性检查:
2025-08-25 02:41:29,081 - DEBUG -    参数向量: [[-0.04417455]
 [-0.02642967]
 [ 0.60428217]
 [ 0.0213165 ]]
2025-08-25 02:41:29,081 - DEBUG -    球心: [-0.04417455 -0.02642967  0.60428217]
2025-08-25 02:41:29,081 - DEBUG -    半径: 0.021316
2025-08-25 02:41:29,081 - DEBUG - 🔍 函数值计算详情:
2025-08-25 02:41:29,081 - DEBUG -    数据项 F(θ): 0.001661
2025-08-25 02:41:29,081 - DEBUG -    深度约束项: 0.000001
2025-08-25 02:41:29,081 - DEBUG -    半径先验项: 0.000042
2025-08-25 02:41:29,081 - DEBUG -    总函数值 Φ(θ): 0.001705
2025-08-25 02:41:29,081 - DEBUG -    函数值改善: -0.000003
2025-08-25 02:41:29,081 - DEBUG - 🔍 参数有效: False
2025-08-25 02:41:29,081 - DEBUG -    参数无效，阻尼因子调整: λ_LM = 1.00e+04
2025-08-25 02:41:29,081 - DEBUG - 🔍 迭代 16/30:
2025-08-25 02:41:29,081 - DEBUG - 🔍 计算点到球心距离: 形状=(21,)
2025-08-25 02:41:29,081 - DEBUG - 🔍 生理偏差向量计算:
2025-08-25 02:41:29,081 - DEBUG -    点类型列表: ['pupil_center', 'iris_boundaries', 'iris_boundaries', 'iris_boundaries', 'iris_boundaries', 'eye_contours', 'eye_contours', 'eye_contours', 'eye_contours', 'eye_contours', 'eye_contours', 'eye_contours', 'eye_contours', 'eye_contours', 'eye_contours', 'eye_contours', 'eye_contours', 'eye_contours', 'eye_contours', 'eye_contours', 'eye_contours']
2025-08-25 02:41:29,081 - DEBUG -    偏差向量: [0.0002  0.00085 0.00085 0.00085 0.00085 0.0015  0.0015  0.0015  0.0015
 0.0015  0.0015  0.0015  0.0015  0.0015  0.0015  0.0015  0.0015  0.0015
 0.0015  0.0015  0.0015 ]
2025-08-25 02:41:29,081 - DEBUG -    向量形状: (21,)
2025-08-25 02:41:29,081 - DEBUG -    偏差统计: 均值=0.001314, 标准差=0.000356
2025-08-25 02:41:29,081 - DEBUG - 获取生理偏差: 点类型=['pupil_center', 'iris_boundaries', 'iris_boundaries', 'iris_boundaries', 'iris_boundaries', 'eye_contours', 'eye_contours', 'eye_contours', 'eye_contours', 'eye_contours', 'eye_contours', 'eye_contours', 'eye_contours', 'eye_contours', 'eye_contours', 'eye_contours', 'eye_contours', 'eye_contours', 'eye_contours', 'eye_contours', 'eye_contours'], 偏差值=[0.0002  0.00085 0.00085 0.00085 0.00085 0.0015  0.0015  0.0015  0.0015
 0.0015  0.0015  0.0015  0.0015  0.0015  0.0015  0.0015  0.0015  0.0015
 0.0015  0.0015  0.0015 ]
2025-08-25 02:41:29,081 - INFO - -----------------------------------------------------------------------------------
2025-08-25 02:41:29,081 - DEBUG - 🔍 拟合残差计算详情:
2025-08-25 02:41:29,081 - DEBUG -    球心坐标: [-0.04402918 -0.02635071  0.6042634 ]
2025-08-25 02:41:29,081 - DEBUG -    球体半径: 0.021159
2025-08-25 02:41:29,081 - DEBUG -    采样点数: 21
2025-08-25 02:41:29,081 - DEBUG -    点类型分布: {'eye_contours': 16, 'iris_boundaries': 4, 'pupil_center': 1}
2025-08-25 02:41:29,081 - DEBUG -    理论距离向量: [0.02135892 0.02200892 0.02200892 0.02200892 0.02200892 0.02265892
 0.02265892 0.02265892 0.02265892 0.02265892 0.02265892 0.02265892
 0.02265892 0.02265892 0.02265892 0.02265892 0.02265892 0.02265892
 0.02265892 0.02265892 0.02265892]
2025-08-25 02:41:29,081 - DEBUG -    实际距离向量: [0.02684255 0.03501207 0.02248688 0.02220235 0.03497574 0.02089214
 0.02374337 0.02614838 0.02941533 0.03402363 0.03856592 0.04324913
 0.0469511  0.0487575  0.04497301 0.03786106 0.02943867 0.02270211
 0.01863192 0.01863313 0.01976391]
2025-08-25 02:41:29,081 - DEBUG -    生理偏差向量: [0.0002  0.00085 0.00085 0.00085 0.00085 0.0015  0.0015  0.0015  0.0015
 0.0015  0.0015  0.0015  0.0015  0.0015  0.0015  0.0015  0.0015  0.0015
 0.0015  0.0015  0.0015 ]
2025-08-25 02:41:29,081 - DEBUG -    残差向量 f(θ): 
[[ 5.48362988e-03]
 [ 1.30031503e-02]
 [ 4.77958967e-04]
 [ 1.93432229e-04]
 [ 1.29668153e-02]
 [-1.76678147e-03]
 [ 1.08444575e-03]
 [ 3.48945770e-03]
 [ 6.75640868e-03]
 [ 1.13647101e-02]
 [ 1.59069974e-02]
 [ 2.05902132e-02]
 [ 2.42921786e-02]
 [ 2.60985827e-02]
 [ 2.23140901e-02]
 [ 1.52021413e-02]
 [ 6.77974442e-03]
 [ 4.31845709e-05]
 [-4.02700193e-03]
 [-4.02578788e-03]
 [-2.89501285e-03]]
2025-08-25 02:41:29,081 - DEBUG -    平均残差范数: 0.002745
2025-08-25 02:41:29,081 - DEBUG -    残差范数=0.057644
2025-08-25 02:41:29,081 - INFO - -----------------------------------------------------------------------------------
2025-08-25 02:41:29,081 - DEBUG - 🔍 深度约束计算详情 (softplus):
2025-08-25 02:41:29,081 - DEBUG -    采样点Z坐标范围: [0.599916, 0.601174]
2025-08-25 02:41:29,081 - DEBUG -    球心Z坐标: 0.604263
2025-08-25 02:41:29,081 - DEBUG -    深度偏移ε: 0.000200
2025-08-25 02:41:29,081 - DEBUG -    softplus参数τ: 0.001000
2025-08-25 02:41:29,081 - DEBUG -    原始违反值: -0.002889
2025-08-25 02:41:29,089 - DEBUG -    softplus输入 u: -2.889227
2025-08-25 02:41:29,089 - DEBUG -    约束惩罚 h(θ): 0.000054
2025-08-25 02:41:29,089 - DEBUG -    🟢 深度约束满足: 球心深度足够
2025-08-25 02:41:29,089 - INFO - -----------------------------------------------------------------------------------
2025-08-25 02:41:29,089 - DEBUG - 🔍 半径惩罚计算详情:
2025-08-25 02:41:29,089 - DEBUG -    当前半径: 0.021159
2025-08-25 02:41:29,089 - DEBUG -    半径先验值: 0.012000
2025-08-25 02:41:29,089 - DEBUG -    半径残差 r(θ): 0.009159
2025-08-25 02:41:29,089 - DEBUG -    数据残差 f(θ): [[ 5.48362988e-03]
 [ 1.30031503e-02]
 [ 4.77958967e-04]
 [ 1.93432229e-04]
 [ 1.29668153e-02]
 [-1.76678147e-03]
 [ 1.08444575e-03]
 [ 3.48945770e-03]
 [ 6.75640868e-03]
 [ 1.13647101e-02]
 [ 1.59069974e-02]
 [ 2.05902132e-02]
 [ 2.42921786e-02]
 [ 2.60985827e-02]
 [ 2.23140901e-02]
 [ 1.52021413e-02]
 [ 6.77974442e-03]
 [ 4.31845709e-05]
 [-4.02700193e-03]
 [-4.02578788e-03]
 [-2.89501285e-03]]
2025-08-25 02:41:29,089 - DEBUG -    约束残差 g(θ): [[5.41275289e-05]]
2025-08-25 02:41:29,089 - DEBUG -    半径残差 r(θ): [[0.00915892]]
2025-08-25 02:41:29,089 - DEBUG - 🔍 状态变化计算: 参数变化=0.000000, 残差变化=0.000000
2025-08-25 02:41:29,089 - INFO - -----------------------------------------------------------------------------------
2025-08-25 02:41:29,089 - DEBUG - 🔍 权重管理器状态更新详情:
2025-08-25 02:41:29,089 - DEBUG -    当前迭代: 15
2025-08-25 02:41:29,089 - DEBUG -    参数变化: 0.000000 (阈值: 0.000005)
2025-08-25 02:41:29,089 - DEBUG -    残差变化: 0.000000 (阈值: 0.000005)
2025-08-25 02:41:29,089 - DEBUG -    几何权重因子: 10
2025-08-25 02:41:29,089 - DEBUG - ⏸️ 保持图像置信度权重: 参数变化=0.00e+00, 残差变化=0.00e+00
2025-08-25 02:41:29,089 - DEBUG - 状态已保存: 参数=[-0.04402918 -0.02635071  0.6042634   0.02115892], 残差范数=0.057644
2025-08-25 02:41:29,089 - DEBUG - 🔍 获取visibility信息: 形状=(21,), 范围=[1.000, 1.000]
2025-08-25 02:41:29,089 - DEBUG - 🔧 设置图像置信度权重: 21个点
2025-08-25 02:41:29,089 - DEBUG - 🔍 开始计算权重矩阵:
2025-08-25 02:41:29,089 - DEBUG -    点类型: ['pupil_center', 'iris_boundaries', 'iris_boundaries', 'iris_boundaries', 'iris_boundaries', 'eye_contours', 'eye_contours', 'eye_contours', 'eye_contours', 'eye_contours', 'eye_contours', 'eye_contours', 'eye_contours', 'eye_contours', 'eye_contours', 'eye_contours', 'eye_contours', 'eye_contours', 'eye_contours', 'eye_contours', 'eye_contours']
2025-08-25 02:41:29,089 - DEBUG -    残差向量: 形状=(21,), 范数=0.057644
2025-08-25 02:41:29,089 - DEBUG -    Visibility: 形状=(21,), 均值=1.000
2025-08-25 02:41:29,089 - DEBUG - 🔍 权重矩阵计算成功: 形状=(21, 21)
2025-08-25 02:41:29,089 - DEBUG - 🔍 几何权重统计:
2025-08-25 02:41:29,089 - DEBUG -    权重向量: [[1.]
 [1.]
 [1.]
 [1.]
 [1.]
 [1.]
 [1.]
 [1.]
 [1.]
 [1.]
 [1.]
 [1.]
 [1.]
 [1.]
 [1.]
 [1.]
 [1.]
 [1.]
 [1.]
 [1.]
 [1.]]
2025-08-25 02:41:29,089 - DEBUG -    权重范围: [1.000000, 1.000000]
2025-08-25 02:41:29,089 - DEBUG -    权重均值: 1.000000
2025-08-25 02:41:29,089 - DEBUG -    权重标准差: 0.000000
2025-08-25 02:41:29,089 - DEBUG -    高权重点(>0.8): 21/21
2025-08-25 02:41:29,089 - DEBUG -    低权重点(<0.2): 0/21
2025-08-25 02:41:29,089 - INFO - -----------------------------------------------------------------------------------
2025-08-25 02:41:29,089 - DEBUG - 🔍 开始求解LM更新方程:
2025-08-25 02:41:29,089 - DEBUG -    数据残差: 形状=(21,), 范数=0.057644
2025-08-25 02:41:29,089 - DEBUG -    约束残差: 形状=(1,), 范数=0.000054
2025-08-25 02:41:29,089 - DEBUG - 🔍 计算数据残差雅可比矩阵 J_f: 形状=(21, 4)
2025-08-25 02:41:29,089 - DEBUG - 🔍 J_f矩阵计算完成: 条件数=3.91e+01
2025-08-25 02:41:29,089 - DEBUG - 🔍 深度约束雅可比计算: u=-2.889227, σ=0.052689, J_h=[[ 0.          0.         -0.05268871  0.        ]]
2025-08-25 02:41:29,089 - DEBUG - 🔍 半径先验雅可比: J_r=[[0. 0. 0. 1.]]
2025-08-25 02:41:29,098 - DEBUG - 🔍 使用几何权重矩阵: 形状=(21, 21)
2025-08-25 02:41:29,098 - DEBUG - 🔍 Hessian矩阵计算:
2025-08-25 02:41:29,098 - DEBUG -    H_data = J_f^T W J_f: 形状=(4, 4), 条件数=1.53e+03
2025-08-25 02:41:29,098 - DEBUG -    H_h = λ_depth J_h^T J_h: 形状=(4, 4), λ_depth=1000.0
2025-08-25 02:41:29,098 - DEBUG -    H_r = λ_radius J_r^T J_r: 形状=(4, 4), λ_radius=1.0
2025-08-25 02:41:29,098 - DEBUG -    H_total: 形状=(4, 4), 条件数=8.26e+01
2025-08-25 02:41:29,098 - DEBUG - 🔍 梯度计算:
2025-08-25 02:41:29,098 - DEBUG -    g_data: 形状=(4,), 范数=0.244212
2025-08-25 02:41:29,098 - DEBUG -    g_h: 形状=(4,), 范数=0.002852
2025-08-25 02:41:29,098 - DEBUG -    g_r: 形状=(4,), 范数=0.009159
2025-08-25 02:41:29,098 - DEBUG -    g_total: 形状=(4,), 范数=0.238018
2025-08-25 02:41:29,098 - DEBUG - 🔍 LM阻尼矩阵: H_lm = H_total + 10000.0 * I
2025-08-25 02:41:29,098 - DEBUG -    H_lm条件数: 1.00e+00
2025-08-25 02:41:29,098 - DEBUG - 🔍 线性方程组求解成功:
2025-08-25 02:41:29,098 - DEBUG -    参数更新向量 Δθ: [[-1.49262034e-05]
 [-8.26237225e-06]
 [ 1.96239690e-06]
 [ 1.63490256e-05]]
2025-08-25 02:41:29,098 - DEBUG -    更新向量范数: 0.000024
2025-08-25 02:41:29,098 - DEBUG -    各分量更新: Δc_x=-0.000015, Δc_y=-0.000008, Δc_z=0.000002, Δr=0.000016
2025-08-25 02:41:29,098 - DEBUG -    参数更新:
2025-08-25 02:41:29,098 - DEBUG -      旧参数: [[-0.04402918]
 [-0.02635071]
 [ 0.6042634 ]
 [ 0.02115892]]
2025-08-25 02:41:29,098 - DEBUG -      更新向量: [[-1.49262034e-05]
 [-8.26237225e-06]
 [ 1.96239690e-06]
 [ 1.63490256e-05]]
2025-08-25 02:41:29,098 - DEBUG -      新参数: [[-0.04404411]
 [-0.02635897]
 [ 0.60426536]
 [ 0.02117527]]
2025-08-25 02:41:29,098 - INFO - -----------------------------------------------------------------------------------
2025-08-25 02:41:29,098 - INFO - 🔍 迭代第15次，球心向右0.014926mm，向上0.008262mm，向后0.001962mm，半径变大0.016349mm
2025-08-25 02:41:29,098 - INFO - 📊 变化前: 中心(-0.044, -0.026, 0.604), 半径21.16mm
2025-08-25 02:41:29,098 - INFO - 📊 变化后: 中心(-0.044, -0.026, 0.604), 半径21.18mm
2025-08-25 02:41:29,098 - INFO - 📈 变化量: 中心移动0.02mm, 半径变化0.02mm
2025-08-25 02:41:29,098 - INFO - 📍 眼球中心: [-0.04402918 -0.02635071  0.6042634 ]
2025-08-25 02:41:29,098 - INFO - 📏 眼球半径: 21.16mm
2025-08-25 02:41:29,098 - INFO - 👁️ 瞳孔中心: [-0.02266667 -0.01066667  0.60000002]
2025-08-25 02:41:29,098 - INFO - 📐 眼球中心在瞳孔中心的左21.36mm，上15.68mm，后4.26mm
2025-08-25 02:41:29,098 - INFO - 📏 距离: 26.84mm
2025-08-25 02:41:29,098 - INFO - -----------------------------------------------------------------------------------
2025-08-25 02:41:29,098 - INFO - -----------------------------------------------------------------------------------
2025-08-25 02:41:29,098 - DEBUG - 🔍 参数有效性检查:
2025-08-25 02:41:29,098 - DEBUG -    参数向量: [[-0.04404411]
 [-0.02635897]
 [ 0.60426536]
 [ 0.02117527]]
2025-08-25 02:41:29,098 - DEBUG -    球心: [-0.04404411 -0.02635897  0.60426536]
2025-08-25 02:41:29,098 - DEBUG -    半径: 0.021175
2025-08-25 02:41:29,098 - DEBUG - 🔍 函数值计算详情:
2025-08-25 02:41:29,098 - DEBUG -    数据项 F(θ): 0.001661
2025-08-25 02:41:29,098 - DEBUG -    深度约束项: 0.000001
2025-08-25 02:41:29,107 - DEBUG -    半径先验项: 0.000042
2025-08-25 02:41:29,107 - DEBUG -    总函数值 Φ(θ): 0.001705
2025-08-25 02:41:29,107 - DEBUG -    函数值改善: 0.000000
2025-08-25 02:41:29,107 - DEBUG - 🔍 参数有效: True
2025-08-25 02:41:29,108 - DEBUG -    参数更新成功:
2025-08-25 02:41:29,108 - DEBUG -      新球心: [-0.04404411 -0.02635897  0.60426536]
2025-08-25 02:41:29,108 - DEBUG -      新半径: 0.021175
2025-08-25 02:41:29,108 - INFO - -----------------------------------------------------------------------------------
2025-08-25 02:41:29,108 - DEBUG - 🔍 LM收敛性检查:
2025-08-25 02:41:29,108 - DEBUG -    当前迭代次数: 15
2025-08-25 02:41:29,109 - DEBUG -    最大迭代次数: 30
2025-08-25 02:41:29,109 - DEBUG -    参数变化: 0.000024
2025-08-25 02:41:29,109 - DEBUG -    参数容忍度: 5e-06
2025-08-25 02:41:29,109 - DEBUG -    残差变化: 0.000000
2025-08-25 02:41:29,109 - DEBUG -    残差容忍度: 5e-06
2025-08-25 02:41:29,110 - DEBUG - 🔍 迭代 17/30:
2025-08-25 02:41:29,110 - DEBUG - 🔍 计算点到球心距离: 形状=(21,)
2025-08-25 02:41:29,110 - DEBUG - 🔍 生理偏差向量计算:
2025-08-25 02:41:29,110 - DEBUG -    点类型列表: ['pupil_center', 'iris_boundaries', 'iris_boundaries', 'iris_boundaries', 'iris_boundaries', 'eye_contours', 'eye_contours', 'eye_contours', 'eye_contours', 'eye_contours', 'eye_contours', 'eye_contours', 'eye_contours', 'eye_contours', 'eye_contours', 'eye_contours', 'eye_contours', 'eye_contours', 'eye_contours', 'eye_contours', 'eye_contours']
2025-08-25 02:41:29,111 - DEBUG -    偏差向量: [0.0002  0.00085 0.00085 0.00085 0.00085 0.0015  0.0015  0.0015  0.0015
 0.0015  0.0015  0.0015  0.0015  0.0015  0.0015  0.0015  0.0015  0.0015
 0.0015  0.0015  0.0015 ]
2025-08-25 02:41:29,111 - DEBUG -    向量形状: (21,)
2025-08-25 02:41:29,111 - DEBUG -    偏差统计: 均值=0.001314, 标准差=0.000356
2025-08-25 02:41:29,111 - DEBUG - 获取生理偏差: 点类型=['pupil_center', 'iris_boundaries', 'iris_boundaries', 'iris_boundaries', 'iris_boundaries', 'eye_contours', 'eye_contours', 'eye_contours', 'eye_contours', 'eye_contours', 'eye_contours', 'eye_contours', 'eye_contours', 'eye_contours', 'eye_contours', 'eye_contours', 'eye_contours', 'eye_contours', 'eye_contours', 'eye_contours', 'eye_contours'], 偏差值=[0.0002  0.00085 0.00085 0.00085 0.00085 0.0015  0.0015  0.0015  0.0015
 0.0015  0.0015  0.0015  0.0015  0.0015  0.0015  0.0015  0.0015  0.0015
 0.0015  0.0015  0.0015 ]
2025-08-25 02:41:29,112 - INFO - -----------------------------------------------------------------------------------
2025-08-25 02:41:29,112 - DEBUG - 🔍 拟合残差计算详情:
2025-08-25 02:41:29,112 - DEBUG -    球心坐标: [-0.04404411 -0.02635897  0.60426536]
2025-08-25 02:41:29,112 - DEBUG -    球体半径: 0.021175
2025-08-25 02:41:29,112 - DEBUG -    采样点数: 21
2025-08-25 02:41:29,112 - DEBUG -    点类型分布: {'eye_contours': 16, 'iris_boundaries': 4, 'pupil_center': 1}
2025-08-25 02:41:29,113 - DEBUG -    理论距离向量: [0.02137527 0.02202527 0.02202527 0.02202527 0.02202527 0.02267527
 0.02267527 0.02267527 0.02267527 0.02267527 0.02267527 0.02267527
 0.02267527 0.02267527 0.02267527 0.02267527 0.02267527 0.02267527
 0.02267527 0.02267527 0.02267527]
2025-08-25 02:41:29,113 - DEBUG -    实际距离向量: [0.02685957 0.03502923 0.02250379 0.02221775 0.03499187 0.02090149
 0.0237549  0.02616152 0.02943005 0.03403983 0.03858286 0.0432663
 0.04696824 0.04877458 0.04499004 0.03787803 0.02945573 0.0227192
 0.01864761 0.01864615 0.01977491]
2025-08-25 02:41:29,113 - DEBUG -    生理偏差向量: [0.0002  0.00085 0.00085 0.00085 0.00085 0.0015  0.0015  0.0015  0.0015
 0.0015  0.0015  0.0015  0.0015  0.0015  0.0015  0.0015  0.0015  0.0015
 0.0015  0.0015  0.0015 ]
2025-08-25 02:41:29,113 - DEBUG -    残差向量 f(θ): 
[[ 5.48429927e-03]
 [ 1.30039620e-02]
 [ 4.78515059e-04]
 [ 1.92479974e-04]
 [ 1.29665995e-02]
 [-1.77377869e-03]
 [ 1.07962704e-03]
 [ 3.48624595e-03]
 [ 6.75477547e-03]
 [ 1.13645549e-02]
 [ 1.59075905e-02]
 [ 2.05910307e-02]
 [ 2.42929664e-02]
 [ 2.60993127e-02]
 [ 2.23147690e-02]
 [ 1.52027594e-02]
 [ 6.78046077e-03]
 [ 4.39251816e-05]
 [-4.02766011e-03]
 [-4.02911925e-03]
 [-2.90036339e-03]]
2025-08-25 02:41:29,114 - DEBUG -    平均残差范数: 0.002745
2025-08-25 02:41:29,114 - DEBUG -    残差范数=0.057646
2025-08-25 02:41:29,115 - INFO - -----------------------------------------------------------------------------------
2025-08-25 02:41:29,116 - DEBUG - 🔍 深度约束计算详情 (softplus):
2025-08-25 02:41:29,116 - DEBUG -    采样点Z坐标范围: [0.599916, 0.601174]
2025-08-25 02:41:29,116 - DEBUG -    球心Z坐标: 0.604265
2025-08-25 02:41:29,116 - DEBUG -    深度偏移ε: 0.000200
2025-08-25 02:41:29,116 - DEBUG -    softplus参数τ: 0.001000
2025-08-25 02:41:29,116 - DEBUG -    原始违反值: -0.002891
2025-08-25 02:41:29,116 - DEBUG -    softplus输入 u: -2.891189
2025-08-25 02:41:29,116 - DEBUG -    约束惩罚 h(θ): 0.000054
2025-08-25 02:41:29,116 - DEBUG -    🟢 深度约束满足: 球心深度足够
2025-08-25 02:41:29,116 - INFO - -----------------------------------------------------------------------------------
2025-08-25 02:41:29,116 - DEBUG - 🔍 半径惩罚计算详情:
2025-08-25 02:41:29,116 - DEBUG -    当前半径: 0.021175
2025-08-25 02:41:29,116 - DEBUG -    半径先验值: 0.012000
2025-08-25 02:41:29,116 - DEBUG -    半径残差 r(θ): 0.009175
2025-08-25 02:41:29,116 - DEBUG -    数据残差 f(θ): [[ 5.48429927e-03]
 [ 1.30039620e-02]
 [ 4.78515059e-04]
 [ 1.92479974e-04]
 [ 1.29665995e-02]
 [-1.77377869e-03]
 [ 1.07962704e-03]
 [ 3.48624595e-03]
 [ 6.75477547e-03]
 [ 1.13645549e-02]
 [ 1.59075905e-02]
 [ 2.05910307e-02]
 [ 2.42929664e-02]
 [ 2.60993127e-02]
 [ 2.23147690e-02]
 [ 1.52027594e-02]
 [ 6.78046077e-03]
 [ 4.39251816e-05]
 [-4.02766011e-03]
 [-4.02911925e-03]
 [-2.90036339e-03]]
2025-08-25 02:41:29,116 - DEBUG -    约束残差 g(θ): [[5.40242288e-05]]
2025-08-25 02:41:29,116 - DEBUG -    半径残差 r(θ): [[0.00917527]]
2025-08-25 02:41:29,116 - DEBUG - 🔍 状态变化计算: 参数变化=0.000024, 残差变化=0.000002
2025-08-25 02:41:29,116 - INFO - -----------------------------------------------------------------------------------
2025-08-25 02:41:29,116 - DEBUG - 🔍 权重管理器状态更新详情:
2025-08-25 02:41:29,116 - DEBUG -    当前迭代: 16
2025-08-25 02:41:29,116 - DEBUG -    参数变化: 0.000024 (阈值: 0.000005)
2025-08-25 02:41:29,116 - DEBUG -    残差变化: 0.000002 (阈值: 0.000005)
2025-08-25 02:41:29,116 - DEBUG -    几何权重因子: 10
2025-08-25 02:41:29,116 - DEBUG - ⏸️ 保持图像置信度权重: 参数变化=2.37e-05, 残差变化=2.08e-06
2025-08-25 02:41:29,116 - DEBUG - 状态已保存: 参数=[-0.04404411 -0.02635897  0.60426536  0.02117527], 残差范数=0.057646
2025-08-25 02:41:29,116 - DEBUG - 🔍 获取visibility信息: 形状=(21,), 范围=[1.000, 1.000]
2025-08-25 02:41:29,122 - DEBUG - 🔧 设置图像置信度权重: 21个点
2025-08-25 02:41:29,122 - DEBUG - 🔍 开始计算权重矩阵:
2025-08-25 02:41:29,122 - DEBUG -    点类型: ['pupil_center', 'iris_boundaries', 'iris_boundaries', 'iris_boundaries', 'iris_boundaries', 'eye_contours', 'eye_contours', 'eye_contours', 'eye_contours', 'eye_contours', 'eye_contours', 'eye_contours', 'eye_contours', 'eye_contours', 'eye_contours', 'eye_contours', 'eye_contours', 'eye_contours', 'eye_contours', 'eye_contours', 'eye_contours']
2025-08-25 02:41:29,122 - DEBUG -    残差向量: 形状=(21,), 范数=0.057646
2025-08-25 02:41:29,122 - DEBUG -    Visibility: 形状=(21,), 均值=1.000
2025-08-25 02:41:29,122 - DEBUG - 🔍 权重矩阵计算成功: 形状=(21, 21)
2025-08-25 02:41:29,124 - DEBUG - 🔍 几何权重统计:
2025-08-25 02:41:29,125 - DEBUG -    权重向量: [[1.]
 [1.]
 [1.]
 [1.]
 [1.]
 [1.]
 [1.]
 [1.]
 [1.]
 [1.]
 [1.]
 [1.]
 [1.]
 [1.]
 [1.]
 [1.]
 [1.]
 [1.]
 [1.]
 [1.]
 [1.]]
2025-08-25 02:41:29,125 - DEBUG -    权重范围: [1.000000, 1.000000]
2025-08-25 02:41:29,125 - DEBUG -    权重均值: 1.000000
2025-08-25 02:41:29,125 - DEBUG -    权重标准差: 0.000000
2025-08-25 02:41:29,125 - DEBUG -    高权重点(>0.8): 21/21
2025-08-25 02:41:29,125 - DEBUG -    低权重点(<0.2): 0/21
2025-08-25 02:41:29,125 - INFO - -----------------------------------------------------------------------------------
2025-08-25 02:41:29,125 - DEBUG - 🔍 开始求解LM更新方程:
2025-08-25 02:41:29,125 - DEBUG -    数据残差: 形状=(21,), 范数=0.057646
2025-08-25 02:41:29,125 - DEBUG -    约束残差: 形状=(1,), 范数=0.000054
2025-08-25 02:41:29,125 - DEBUG - 🔍 计算数据残差雅可比矩阵 J_f: 形状=(21, 4)
2025-08-25 02:41:29,125 - DEBUG - 🔍 J_f矩阵计算完成: 条件数=3.91e+01
2025-08-25 02:41:29,125 - DEBUG - 🔍 深度约束雅可比计算: u=-2.891189, σ=0.052591, J_h=[[ 0.          0.         -0.05259085  0.        ]]
2025-08-25 02:41:29,125 - DEBUG - 🔍 半径先验雅可比: J_r=[[0. 0. 0. 1.]]
2025-08-25 02:41:29,125 - DEBUG - 🔍 使用几何权重矩阵: 形状=(21, 21)
2025-08-25 02:41:29,125 - DEBUG - 🔍 Hessian矩阵计算:
2025-08-25 02:41:29,125 - DEBUG -    H_data = J_f^T W J_f: 形状=(4, 4), 条件数=1.53e+03
2025-08-25 02:41:29,125 - DEBUG -    H_h = λ_depth J_h^T J_h: 形状=(4, 4), λ_depth=1000.0
2025-08-25 02:41:29,130 - DEBUG -    H_r = λ_radius J_r^T J_r: 形状=(4, 4), λ_radius=1.0
2025-08-25 02:41:29,130 - DEBUG -    H_total: 形状=(4, 4), 条件数=8.26e+01
2025-08-25 02:41:29,130 - DEBUG - 🔍 梯度计算:
2025-08-25 02:41:29,130 - DEBUG -    g_data: 形状=(4,), 范数=0.244190
2025-08-25 02:41:29,130 - DEBUG -    g_h: 形状=(4,), 范数=0.002841
2025-08-25 02:41:29,130 - DEBUG -    g_r: 形状=(4,), 范数=0.009175
2025-08-25 02:41:29,130 - DEBUG -    g_total: 形状=(4,), 范数=0.237984
2025-08-25 02:41:29,130 - DEBUG - 🔍 LM阻尼矩阵: H_lm = H_total + 10000.0 * I
2025-08-25 02:41:29,130 - DEBUG -    H_lm条件数: 1.00e+00
2025-08-25 02:41:29,130 - DEBUG - 🔍 线性方程组求解成功:
2025-08-25 02:41:29,130 - DEBUG -    参数更新向量 Δθ: [[-1.49261722e-05]
 [-8.26017797e-06]
 [ 1.96109402e-06]
 [ 1.63454367e-05]]
2025-08-25 02:41:29,130 - DEBUG -    更新向量范数: 0.000024
2025-08-25 02:41:29,130 - DEBUG -    各分量更新: Δc_x=-0.000015, Δc_y=-0.000008, Δc_z=0.000002, Δr=0.000016
2025-08-25 02:41:29,130 - DEBUG -    参数更新:
2025-08-25 02:41:29,130 - DEBUG -      旧参数: [[-0.04404411]
 [-0.02635897]
 [ 0.60426536]
 [ 0.02117527]]
2025-08-25 02:41:29,130 - DEBUG -      更新向量: [[-1.49261722e-05]
 [-8.26017797e-06]
 [ 1.96109402e-06]
 [ 1.63454367e-05]]
2025-08-25 02:41:29,130 - DEBUG -      新参数: [[-0.04405904]
 [-0.02636723]
 [ 0.60426733]
 [ 0.02119162]]
2025-08-25 02:41:29,130 - INFO - -----------------------------------------------------------------------------------
2025-08-25 02:41:29,130 - INFO - 🔍 迭代第16次，球心向右0.014926mm，向上0.008260mm，向后0.001961mm，半径变大0.016345mm
2025-08-25 02:41:29,130 - INFO - 📊 变化前: 中心(-0.044, -0.026, 0.604), 半径21.18mm
2025-08-25 02:41:29,130 - INFO - 📊 变化后: 中心(-0.044, -0.026, 0.604), 半径21.19mm
2025-08-25 02:41:29,130 - INFO - 📈 变化量: 中心移动0.02mm, 半径变化0.02mm
2025-08-25 02:41:29,130 - INFO - 📍 眼球中心: [-0.04404411 -0.02635897  0.60426536]
2025-08-25 02:41:29,130 - INFO - 📏 眼球半径: 21.18mm
2025-08-25 02:41:29,130 - INFO - 👁️ 瞳孔中心: [-0.02266667 -0.01066667  0.60000002]
2025-08-25 02:41:29,130 - INFO - 📐 眼球中心在瞳孔中心的左21.38mm，上15.69mm，后4.27mm
2025-08-25 02:41:29,130 - INFO - 📏 距离: 26.86mm
2025-08-25 02:41:29,130 - INFO - -----------------------------------------------------------------------------------
2025-08-25 02:41:29,130 - INFO - -----------------------------------------------------------------------------------
2025-08-25 02:41:29,130 - DEBUG - 🔍 参数有效性检查:
2025-08-25 02:41:29,130 - DEBUG -    参数向量: [[-0.04405904]
 [-0.02636723]
 [ 0.60426733]
 [ 0.02119162]]
2025-08-25 02:41:29,130 - DEBUG -    球心: [-0.04405904 -0.02636723  0.60426733]
2025-08-25 02:41:29,130 - DEBUG -    半径: 0.021192
2025-08-25 02:41:29,130 - DEBUG - 🔍 函数值计算详情:
2025-08-25 02:41:29,130 - DEBUG -    数据项 F(θ): 0.001662
2025-08-25 02:41:29,130 - DEBUG -    深度约束项: 0.000001
2025-08-25 02:41:29,130 - DEBUG -    半径先验项: 0.000042
2025-08-25 02:41:29,130 - DEBUG -    总函数值 Φ(θ): 0.001705
2025-08-25 02:41:29,130 - DEBUG -    函数值改善: -0.000000
2025-08-25 02:41:29,130 - DEBUG - 🔍 参数有效: False
2025-08-25 02:41:29,130 - DEBUG -    参数无效，阻尼因子调整: λ_LM = 1.00e+05
2025-08-25 02:41:29,130 - DEBUG - 🔍 迭代 18/30:
2025-08-25 02:41:29,130 - DEBUG - 🔍 计算点到球心距离: 形状=(21,)
2025-08-25 02:41:29,130 - DEBUG - 🔍 生理偏差向量计算:
2025-08-25 02:41:29,130 - DEBUG -    点类型列表: ['pupil_center', 'iris_boundaries', 'iris_boundaries', 'iris_boundaries', 'iris_boundaries', 'eye_contours', 'eye_contours', 'eye_contours', 'eye_contours', 'eye_contours', 'eye_contours', 'eye_contours', 'eye_contours', 'eye_contours', 'eye_contours', 'eye_contours', 'eye_contours', 'eye_contours', 'eye_contours', 'eye_contours', 'eye_contours']
2025-08-25 02:41:29,130 - DEBUG -    偏差向量: [0.0002  0.00085 0.00085 0.00085 0.00085 0.0015  0.0015  0.0015  0.0015
 0.0015  0.0015  0.0015  0.0015  0.0015  0.0015  0.0015  0.0015  0.0015
 0.0015  0.0015  0.0015 ]
2025-08-25 02:41:29,130 - DEBUG -    向量形状: (21,)
2025-08-25 02:41:29,130 - DEBUG -    偏差统计: 均值=0.001314, 标准差=0.000356
2025-08-25 02:41:29,139 - DEBUG - 获取生理偏差: 点类型=['pupil_center', 'iris_boundaries', 'iris_boundaries', 'iris_boundaries', 'iris_boundaries', 'eye_contours', 'eye_contours', 'eye_contours', 'eye_contours', 'eye_contours', 'eye_contours', 'eye_contours', 'eye_contours', 'eye_contours', 'eye_contours', 'eye_contours', 'eye_contours', 'eye_contours', 'eye_contours', 'eye_contours', 'eye_contours'], 偏差值=[0.0002  0.00085 0.00085 0.00085 0.00085 0.0015  0.0015  0.0015  0.0015
 0.0015  0.0015  0.0015  0.0015  0.0015  0.0015  0.0015  0.0015  0.0015
 0.0015  0.0015  0.0015 ]
2025-08-25 02:41:29,139 - INFO - -----------------------------------------------------------------------------------
2025-08-25 02:41:29,139 - DEBUG - 🔍 拟合残差计算详情:
2025-08-25 02:41:29,139 - DEBUG -    球心坐标: [-0.04404411 -0.02635897  0.60426536]
2025-08-25 02:41:29,139 - DEBUG -    球体半径: 0.021175
2025-08-25 02:41:29,139 - DEBUG -    采样点数: 21
2025-08-25 02:41:29,139 - DEBUG -    点类型分布: {'eye_contours': 16, 'iris_boundaries': 4, 'pupil_center': 1}
2025-08-25 02:41:29,139 - DEBUG -    理论距离向量: [0.02137527 0.02202527 0.02202527 0.02202527 0.02202527 0.02267527
 0.02267527 0.02267527 0.02267527 0.02267527 0.02267527 0.02267527
 0.02267527 0.02267527 0.02267527 0.02267527 0.02267527 0.02267527
 0.02267527 0.02267527 0.02267527]
2025-08-25 02:41:29,139 - DEBUG -    实际距离向量: [0.02685957 0.03502923 0.02250379 0.02221775 0.03499187 0.02090149
 0.0237549  0.02616152 0.02943005 0.03403983 0.03858286 0.0432663
 0.04696824 0.04877458 0.04499004 0.03787803 0.02945573 0.0227192
 0.01864761 0.01864615 0.01977491]
2025-08-25 02:41:29,139 - DEBUG -    生理偏差向量: [0.0002  0.00085 0.00085 0.00085 0.00085 0.0015  0.0015  0.0015  0.0015
 0.0015  0.0015  0.0015  0.0015  0.0015  0.0015  0.0015  0.0015  0.0015
 0.0015  0.0015  0.0015 ]
2025-08-25 02:41:29,139 - DEBUG -    残差向量 f(θ): 
[[ 5.48429927e-03]
 [ 1.30039620e-02]
 [ 4.78515059e-04]
 [ 1.92479974e-04]
 [ 1.29665995e-02]
 [-1.77377869e-03]
 [ 1.07962704e-03]
 [ 3.48624595e-03]
 [ 6.75477547e-03]
 [ 1.13645549e-02]
 [ 1.59075905e-02]
 [ 2.05910307e-02]
 [ 2.42929664e-02]
 [ 2.60993127e-02]
 [ 2.23147690e-02]
 [ 1.52027594e-02]
 [ 6.78046077e-03]
 [ 4.39251816e-05]
 [-4.02766011e-03]
 [-4.02911925e-03]
 [-2.90036339e-03]]
2025-08-25 02:41:29,139 - DEBUG -    平均残差范数: 0.002745
2025-08-25 02:41:29,139 - DEBUG -    残差范数=0.057646
2025-08-25 02:41:29,139 - INFO - -----------------------------------------------------------------------------------
2025-08-25 02:41:29,139 - DEBUG - 🔍 深度约束计算详情 (softplus):
2025-08-25 02:41:29,139 - DEBUG -    采样点Z坐标范围: [0.599916, 0.601174]
2025-08-25 02:41:29,139 - DEBUG -    球心Z坐标: 0.604265
2025-08-25 02:41:29,139 - DEBUG -    深度偏移ε: 0.000200
2025-08-25 02:41:29,139 - DEBUG -    softplus参数τ: 0.001000
2025-08-25 02:41:29,139 - DEBUG -    原始违反值: -0.002891
2025-08-25 02:41:29,139 - DEBUG -    softplus输入 u: -2.891189
2025-08-25 02:41:29,139 - DEBUG -    约束惩罚 h(θ): 0.000054
2025-08-25 02:41:29,139 - DEBUG -    🟢 深度约束满足: 球心深度足够
2025-08-25 02:41:29,139 - INFO - -----------------------------------------------------------------------------------
2025-08-25 02:41:29,139 - DEBUG - 🔍 半径惩罚计算详情:
2025-08-25 02:41:29,139 - DEBUG -    当前半径: 0.021175
2025-08-25 02:41:29,139 - DEBUG -    半径先验值: 0.012000
2025-08-25 02:41:29,139 - DEBUG -    半径残差 r(θ): 0.009175
2025-08-25 02:41:29,139 - DEBUG -    数据残差 f(θ): [[ 5.48429927e-03]
 [ 1.30039620e-02]
 [ 4.78515059e-04]
 [ 1.92479974e-04]
 [ 1.29665995e-02]
 [-1.77377869e-03]
 [ 1.07962704e-03]
 [ 3.48624595e-03]
 [ 6.75477547e-03]
 [ 1.13645549e-02]
 [ 1.59075905e-02]
 [ 2.05910307e-02]
 [ 2.42929664e-02]
 [ 2.60993127e-02]
 [ 2.23147690e-02]
 [ 1.52027594e-02]
 [ 6.78046077e-03]
 [ 4.39251816e-05]
 [-4.02766011e-03]
 [-4.02911925e-03]
 [-2.90036339e-03]]
2025-08-25 02:41:29,139 - DEBUG -    约束残差 g(θ): [[5.40242288e-05]]
2025-08-25 02:41:29,139 - DEBUG -    半径残差 r(θ): [[0.00917527]]
2025-08-25 02:41:29,139 - DEBUG - 🔍 状态变化计算: 参数变化=0.000000, 残差变化=0.000000
2025-08-25 02:41:29,139 - INFO - -----------------------------------------------------------------------------------
2025-08-25 02:41:29,139 - DEBUG - 🔍 权重管理器状态更新详情:
2025-08-25 02:41:29,139 - DEBUG -    当前迭代: 17
2025-08-25 02:41:29,139 - DEBUG -    参数变化: 0.000000 (阈值: 0.000005)
2025-08-25 02:41:29,147 - DEBUG -    残差变化: 0.000000 (阈值: 0.000005)
2025-08-25 02:41:29,147 - DEBUG -    几何权重因子: 10
2025-08-25 02:41:29,147 - DEBUG - ⏸️ 保持图像置信度权重: 参数变化=0.00e+00, 残差变化=0.00e+00
2025-08-25 02:41:29,147 - DEBUG - 状态已保存: 参数=[-0.04404411 -0.02635897  0.60426536  0.02117527], 残差范数=0.057646
2025-08-25 02:41:29,147 - DEBUG - 🔍 获取visibility信息: 形状=(21,), 范围=[1.000, 1.000]
2025-08-25 02:41:29,147 - DEBUG - 🔧 设置图像置信度权重: 21个点
2025-08-25 02:41:29,147 - DEBUG - 🔍 开始计算权重矩阵:
2025-08-25 02:41:29,147 - DEBUG -    点类型: ['pupil_center', 'iris_boundaries', 'iris_boundaries', 'iris_boundaries', 'iris_boundaries', 'eye_contours', 'eye_contours', 'eye_contours', 'eye_contours', 'eye_contours', 'eye_contours', 'eye_contours', 'eye_contours', 'eye_contours', 'eye_contours', 'eye_contours', 'eye_contours', 'eye_contours', 'eye_contours', 'eye_contours', 'eye_contours']
2025-08-25 02:41:29,147 - DEBUG -    残差向量: 形状=(21,), 范数=0.057646
2025-08-25 02:41:29,147 - DEBUG -    Visibility: 形状=(21,), 均值=1.000
2025-08-25 02:41:29,147 - DEBUG - 🔍 权重矩阵计算成功: 形状=(21, 21)
2025-08-25 02:41:29,147 - DEBUG - 🔍 几何权重统计:
2025-08-25 02:41:29,147 - DEBUG -    权重向量: [[1.]
 [1.]
 [1.]
 [1.]
 [1.]
 [1.]
 [1.]
 [1.]
 [1.]
 [1.]
 [1.]
 [1.]
 [1.]
 [1.]
 [1.]
 [1.]
 [1.]
 [1.]
 [1.]
 [1.]
 [1.]]
2025-08-25 02:41:29,147 - DEBUG -    权重范围: [1.000000, 1.000000]
2025-08-25 02:41:29,147 - DEBUG -    权重均值: 1.000000
2025-08-25 02:41:29,147 - DEBUG -    权重标准差: 0.000000
2025-08-25 02:41:29,147 - DEBUG -    高权重点(>0.8): 21/21
2025-08-25 02:41:29,147 - DEBUG -    低权重点(<0.2): 0/21
2025-08-25 02:41:29,147 - INFO - -----------------------------------------------------------------------------------
2025-08-25 02:41:29,147 - DEBUG - 🔍 开始求解LM更新方程:
2025-08-25 02:41:29,147 - DEBUG -    数据残差: 形状=(21,), 范数=0.057646
2025-08-25 02:41:29,147 - DEBUG -    约束残差: 形状=(1,), 范数=0.000054
2025-08-25 02:41:29,147 - DEBUG - 🔍 计算数据残差雅可比矩阵 J_f: 形状=(21, 4)
2025-08-25 02:41:29,147 - DEBUG - 🔍 J_f矩阵计算完成: 条件数=3.91e+01
2025-08-25 02:41:29,147 - DEBUG - 🔍 深度约束雅可比计算: u=-2.891189, σ=0.052591, J_h=[[ 0.          0.         -0.05259085  0.        ]]
2025-08-25 02:41:29,147 - DEBUG - 🔍 半径先验雅可比: J_r=[[0. 0. 0. 1.]]
2025-08-25 02:41:29,147 - DEBUG - 🔍 使用几何权重矩阵: 形状=(21, 21)
2025-08-25 02:41:29,147 - DEBUG - 🔍 Hessian矩阵计算:
2025-08-25 02:41:29,147 - DEBUG -    H_data = J_f^T W J_f: 形状=(4, 4), 条件数=1.53e+03
2025-08-25 02:41:29,147 - DEBUG -    H_h = λ_depth J_h^T J_h: 形状=(4, 4), λ_depth=1000.0
2025-08-25 02:41:29,147 - DEBUG -    H_r = λ_radius J_r^T J_r: 形状=(4, 4), λ_radius=1.0
2025-08-25 02:41:29,147 - DEBUG -    H_total: 形状=(4, 4), 条件数=8.26e+01
2025-08-25 02:41:29,147 - DEBUG - 🔍 梯度计算:
2025-08-25 02:41:29,147 - DEBUG -    g_data: 形状=(4,), 范数=0.244190
2025-08-25 02:41:29,147 - DEBUG -    g_h: 形状=(4,), 范数=0.002841
2025-08-25 02:41:29,147 - DEBUG -    g_r: 形状=(4,), 范数=0.009175
2025-08-25 02:41:29,147 - DEBUG -    g_total: 形状=(4,), 范数=0.237984
2025-08-25 02:41:29,147 - DEBUG - 🔍 LM阻尼矩阵: H_lm = H_total + 100000.0 * I
2025-08-25 02:41:29,147 - DEBUG -    H_lm条件数: 1.00e+00
2025-08-25 02:41:29,147 - DEBUG - 🔍 线性方程组求解成功:
2025-08-25 02:41:29,147 - DEBUG -    参数更新向量 Δθ: [[-1.49666658e-06]
 [-8.29822065e-07]
 [ 1.96999531e-07]
 [ 1.64069105e-06]]
2025-08-25 02:41:29,147 - DEBUG -    更新向量范数: 0.000002
2025-08-25 02:41:29,147 - DEBUG -    各分量更新: Δc_x=-0.000001, Δc_y=-0.000001, Δc_z=0.000000, Δr=0.000002
2025-08-25 02:41:29,147 - DEBUG -    参数更新:
2025-08-25 02:41:29,147 - DEBUG -      旧参数: [[-0.04404411]
 [-0.02635897]
 [ 0.60426536]
 [ 0.02117527]]
2025-08-25 02:41:29,147 - DEBUG -      更新向量: [[-1.49666658e-06]
 [-8.29822065e-07]
 [ 1.96999531e-07]
 [ 1.64069105e-06]]
2025-08-25 02:41:29,147 - DEBUG -      新参数: [[-0.04404561]
 [-0.0263598 ]
 [ 0.60426556]
 [ 0.02117691]]
2025-08-25 02:41:29,147 - INFO - -----------------------------------------------------------------------------------
2025-08-25 02:41:29,147 - INFO - 🔍 迭代第17次，球心向右0.001497mm，向上0.000830mm，向后0.000197mm，半径变大0.001641mm
2025-08-25 02:41:29,147 - INFO - 📊 变化前: 中心(-0.044, -0.026, 0.604), 半径21.18mm
2025-08-25 02:41:29,147 - INFO - 📊 变化后: 中心(-0.044, -0.026, 0.604), 半径21.18mm
2025-08-25 02:41:29,147 - INFO - 📈 变化量: 中心移动0.00mm, 半径变化0.00mm
2025-08-25 02:41:29,147 - INFO - 📍 眼球中心: [-0.04404411 -0.02635897  0.60426536]
2025-08-25 02:41:29,155 - INFO - 📏 眼球半径: 21.18mm
2025-08-25 02:41:29,155 - INFO - 👁️ 瞳孔中心: [-0.02266667 -0.01066667  0.60000002]
2025-08-25 02:41:29,155 - INFO - 📐 眼球中心在瞳孔中心的左21.38mm，上15.69mm，后4.27mm
2025-08-25 02:41:29,155 - INFO - 📏 距离: 26.86mm
2025-08-25 02:41:29,155 - INFO - -----------------------------------------------------------------------------------
2025-08-25 02:41:29,155 - INFO - -----------------------------------------------------------------------------------
2025-08-25 02:41:29,155 - DEBUG - 🔍 参数有效性检查:
2025-08-25 02:41:29,155 - DEBUG -    参数向量: [[-0.04404561]
 [-0.0263598 ]
 [ 0.60426556]
 [ 0.02117691]]
2025-08-25 02:41:29,155 - DEBUG -    球心: [-0.04404561 -0.0263598   0.60426556]
2025-08-25 02:41:29,155 - DEBUG -    半径: 0.021177
2025-08-25 02:41:29,155 - DEBUG - 🔍 函数值计算详情:
2025-08-25 02:41:29,155 - DEBUG -    数据项 F(θ): 0.001662
2025-08-25 02:41:29,155 - DEBUG -    深度约束项: 0.000001
2025-08-25 02:41:29,155 - DEBUG -    半径先验项: 0.000042
2025-08-25 02:41:29,155 - DEBUG -    总函数值 Φ(θ): 0.001705
2025-08-25 02:41:29,155 - DEBUG -    函数值改善: 0.000000
2025-08-25 02:41:29,155 - DEBUG - 🔍 参数有效: True
2025-08-25 02:41:29,155 - DEBUG -    参数更新成功:
2025-08-25 02:41:29,155 - DEBUG -      新球心: [-0.04404561 -0.0263598   0.60426556]
2025-08-25 02:41:29,155 - DEBUG -      新半径: 0.021177
2025-08-25 02:41:29,155 - INFO - -----------------------------------------------------------------------------------
2025-08-25 02:41:29,155 - DEBUG - 🔍 LM收敛性检查:
2025-08-25 02:41:29,155 - DEBUG -    当前迭代次数: 17
2025-08-25 02:41:29,155 - DEBUG -    最大迭代次数: 30
2025-08-25 02:41:29,155 - DEBUG -    参数变化: 0.000002
2025-08-25 02:41:29,155 - DEBUG -    参数容忍度: 5e-06
2025-08-25 02:41:29,155 - DEBUG -    残差变化: 0.000000
2025-08-25 02:41:29,155 - DEBUG -    残差容忍度: 5e-06
2025-08-25 02:41:29,155 - INFO - ✅ LM收敛：参数变化2.38e-06 < 5e-06，平均残差变化0.00e+00 < 5e-06
2025-08-25 02:41:29,155 - INFO - ✅ LM优化收敛: 迭代17次
2025-08-25 02:41:29,155 - DEBUG - 🔍 优化结束状态:
2025-08-25 02:41:29,155 - DEBUG -    最终参数: [[-0.04404561]
 [-0.0263598 ]
 [ 0.60426556]
 [ 0.02117691]]
2025-08-25 02:41:29,155 - DEBUG -    最终球心: [-0.04404561 -0.0263598   0.60426556]
2025-08-25 02:41:29,155 - DEBUG -    最终半径: 0.021177
2025-08-25 02:41:29,155 - DEBUG -    是否收敛: True
2025-08-25 02:41:29,155 - DEBUG -    迭代次数: 17
2025-08-25 02:41:29,155 - INFO - -----------------------------------------------------------------------------------
2025-08-25 02:41:29,155 - DEBUG - 🔍 更新最终状态:
2025-08-25 02:41:29,155 - DEBUG - 🔍 计算点到球心距离: 形状=(21,)
2025-08-25 02:41:29,155 - DEBUG - 🔍 生理偏差向量计算:
2025-08-25 02:41:29,155 - DEBUG -    点类型列表: ['pupil_center', 'iris_boundaries', 'iris_boundaries', 'iris_boundaries', 'iris_boundaries', 'eye_contours', 'eye_contours', 'eye_contours', 'eye_contours', 'eye_contours', 'eye_contours', 'eye_contours', 'eye_contours', 'eye_contours', 'eye_contours', 'eye_contours', 'eye_contours', 'eye_contours', 'eye_contours', 'eye_contours', 'eye_contours']
2025-08-25 02:41:29,155 - DEBUG -    偏差向量: [0.0002  0.00085 0.00085 0.00085 0.00085 0.0015  0.0015  0.0015  0.0015
 0.0015  0.0015  0.0015  0.0015  0.0015  0.0015  0.0015  0.0015  0.0015
 0.0015  0.0015  0.0015 ]
2025-08-25 02:41:29,155 - DEBUG -    向量形状: (21,)
2025-08-25 02:41:29,155 - DEBUG -    偏差统计: 均值=0.001314, 标准差=0.000356
2025-08-25 02:41:29,163 - DEBUG - 获取生理偏差: 点类型=['pupil_center', 'iris_boundaries', 'iris_boundaries', 'iris_boundaries', 'iris_boundaries', 'eye_contours', 'eye_contours', 'eye_contours', 'eye_contours', 'eye_contours', 'eye_contours', 'eye_contours', 'eye_contours', 'eye_contours', 'eye_contours', 'eye_contours', 'eye_contours', 'eye_contours', 'eye_contours', 'eye_contours', 'eye_contours'], 偏差值=[0.0002  0.00085 0.00085 0.00085 0.00085 0.0015  0.0015  0.0015  0.0015
 0.0015  0.0015  0.0015  0.0015  0.0015  0.0015  0.0015  0.0015  0.0015
 0.0015  0.0015  0.0015 ]
2025-08-25 02:41:29,163 - INFO - -----------------------------------------------------------------------------------
2025-08-25 02:41:29,163 - DEBUG - 🔍 拟合残差计算详情:
2025-08-25 02:41:29,163 - DEBUG -    球心坐标: [-0.04404561 -0.0263598   0.60426556]
2025-08-25 02:41:29,163 - DEBUG -    球体半径: 0.021177
2025-08-25 02:41:29,163 - DEBUG -    采样点数: 21
2025-08-25 02:41:29,163 - DEBUG -    点类型分布: {'eye_contours': 16, 'iris_boundaries': 4, 'pupil_center': 1}
2025-08-25 02:41:29,163 - DEBUG -    理论距离向量: [0.02137691 0.02202691 0.02202691 0.02202691 0.02202691 0.02267691
 0.02267691 0.02267691 0.02267691 0.02267691 0.02267691 0.02267691
 0.02267691 0.02267691 0.02267691 0.02267691 0.02267691 0.02267691
 0.02267691 0.02267691 0.02267691]
2025-08-25 02:41:29,163 - DEBUG -    实际距离向量: [0.02686128 0.03503095 0.02250548 0.0222193  0.03499349 0.02090243
 0.02375606 0.02616284 0.02943152 0.03404145 0.03858456 0.04326802
 0.04696996 0.0487763  0.04499175 0.03787973 0.02945744 0.02272091
 0.01864919 0.01864746 0.01977601]
2025-08-25 02:41:29,166 - DEBUG -    生理偏差向量: [0.0002  0.00085 0.00085 0.00085 0.00085 0.0015  0.0015  0.0015  0.0015
 0.0015  0.0015  0.0015  0.0015  0.0015  0.0015  0.0015  0.0015  0.0015
 0.0015  0.0015  0.0015 ]
2025-08-25 02:41:29,166 - DEBUG -    残差向量 f(θ): 
[[ 5.48436587e-03]
 [ 1.30040427e-02]
 [ 4.78569966e-04]
 [ 1.92384406e-04]
 [ 1.29665776e-02]
 [-1.77447975e-03]
 [ 1.07914421e-03]
 [ 3.48592409e-03]
 [ 6.75461169e-03]
 [ 1.13645391e-02]
 [ 1.59076495e-02]
 [ 2.05911120e-02]
 [ 2.42930446e-02]
 [ 2.60993851e-02]
 [ 2.23148362e-02]
 [ 1.52028205e-02]
 [ 6.78053180e-03]
 [ 4.39988474e-05]
 [-4.02772623e-03]
 [-4.02945299e-03]
 [-2.90089942e-03]]
2025-08-25 02:41:29,166 - DEBUG -    平均残差范数: 0.002745
2025-08-25 02:41:29,166 - DEBUG -    残差范数=0.057647
2025-08-25 02:41:29,166 - DEBUG -    最终残差向量: [[ 5.48436587e-03]
 [ 1.30040427e-02]
 [ 4.78569966e-04]
 [ 1.92384406e-04]
 [ 1.29665776e-02]
 [-1.77447975e-03]
 [ 1.07914421e-03]
 [ 3.48592409e-03]
 [ 6.75461169e-03]
 [ 1.13645391e-02]
 [ 1.59076495e-02]
 [ 2.05911120e-02]
 [ 2.42930446e-02]
 [ 2.60993851e-02]
 [ 2.23148362e-02]
 [ 1.52028205e-02]
 [ 6.78053180e-03]
 [ 4.39988474e-05]
 [-4.02772623e-03]
 [-4.02945299e-03]
 [-2.90089942e-03]]
2025-08-25 02:41:29,166 - DEBUG -    最终残差范数: 0.057647
2025-08-25 02:41:29,166 - DEBUG -    内点比例: 1.000000
2025-08-25 02:41:29,166 - DEBUG -    质量分数: 0.000000
2025-08-25 02:41:29,166 - DEBUG -    收敛迭代次数: 17
2025-08-25 02:41:29,166 - DEBUG -    是否收敛: True
2025-08-25 02:41:29,166 - DEBUG -    警告信息: ['迭代1: 参数无效，阻尼因子=1.00e-01', '迭代5: 参数无效，阻尼因子=1.00e+00', '迭代8: 参数无效，阻尼因子=1.00e+01', '迭代10: 参数无效，阻尼因子=1.00e+02', '迭代12: 参数无效，阻尼因子=1.00e+03', '迭代14: 参数无效，阻尼因子=1.00e+04', '迭代16: 参数无效，阻尼因子=1.00e+05']
2025-08-25 02:41:29,166 - INFO - ✅ 优化完成: 最终中心点=(-0.044, -0.026, 0.604), 半径=0.021m
2025-08-25 02:41:29,166 - INFO - 拟合完成 - 拟合结果:
  📍 中心点: (-0.044, -0.026, 0.604)
  📏 半径: 0.02mm
  🔄 收敛状态: ✓ 已收敛
  📊 内点比例: 100.0% (21/21)
  🎯 质量分数: 0.000
  📈 迭代次数: 17
  📉 最终残差: 5.76e-02
⚠️  警告: 迭代1: 参数无效，阻尼因子=1.00e-01; 迭代5: 参数无效，阻尼因子=1.00e+00; 迭代8: 参数无效，阻尼因子=1.00e+01; 迭代10: 参数无效，阻尼因子=1.00e+02; 迭代12: 参数无效，阻尼因子=1.00e+03; 迭代14: 参数无效，阻尼因子=1.00e+04; 迭代16: 参数无效，阻尼因子=1.00e+05
2025-08-25 02:41:29,166 - DEBUG - right眼拟合完成: shape=椭球参数 (球体):
  📏 主轴长度: (0.021, 0.021, 0.021) m
  📍 中心坐标: (-0.044, -0.026, 0.604) m
  🔄 旋转矩阵: 3x3 单位矩阵, center=[-0.04404561 -0.0263598   0.60426556]
2025-08-25 02:41:29,166 - DEBUG - 右眼拟合完成
2025-08-25 02:41:29,166 - DEBUG - ransac_sphere_eyeball返回结果: {'left': (<project.fitting.config.models.EllipsoidParams object at 0x0000015134BA5B90>, array([ 0.06346965, -0.03546711,  0.60387573])), 'right': (<project.fitting.config.models.EllipsoidParams object at 0x0000015134BA5B90>, array([-0.04404561, -0.0263598 ,  0.60426556]))}
2025-08-25 02:41:29,166 - DEBUG - ransac_sphere_eyeball执行成功
2025-08-25 02:41:29,166 - INFO - 拟合完成!
2025-08-25 02:41:29,166 - INFO - --------------------------------------------------
2025-08-25 02:41:29,166 - INFO - 拟合结果:
2025-08-25 02:41:29,166 - INFO - 左眼中心: (0.063, -0.035, 0.604)
2025-08-25 02:41:29,166 - INFO - 左眼半径: 21.18mm
2025-08-25 02:41:29,166 - INFO - ------------------------------
2025-08-25 02:41:29,166 - INFO - 左眼关键点分布分析:
2025-08-25 02:41:29,166 - INFO - 瞳孔中心点: 眼球内部, 距离眼球表面: 1.40mm, ✗ 超出规范
2025-08-25 02:41:29,166 - INFO - 虹膜边界点 (4个):
2025-08-25 02:41:29,166 - INFO -   点1: 眼球外部, 距离眼球表面: 7.44mm, ✗ 超出规范
2025-08-25 02:41:29,166 - INFO -   点2: 眼球内部, 距离眼球表面: 5.67mm, ✗ 超出规范
2025-08-25 02:41:29,166 - INFO -   点3: 眼球内部, 距离眼球表面: 6.37mm, ✗ 超出规范
2025-08-25 02:41:29,166 - INFO -   点4: 眼球外部, 距离眼球表面: 7.17mm, ✗ 超出规范
2025-08-25 02:41:29,166 - INFO - 眼睛轮廓点 (16个):
2025-08-25 02:41:29,166 - INFO -   点1: 眼球内部, 距离眼球表面: 1.29mm, ✗ 超出规范
2025-08-25 02:41:29,172 - INFO -   点2: 眼球内部, 距离眼球表面: 4.99mm, ✗ 超出规范
2025-08-25 02:41:29,172 - INFO -   点3: 眼球内部, 距离眼球表面: 9.28mm, ✗ 超出规范
2025-08-25 02:41:29,172 - INFO -   点4: 眼球内部, 距离眼球表面: 6.29mm, ✗ 超出规范
2025-08-25 02:41:29,172 - INFO -   点5: 眼球外部, 距离眼球表面: 1.26mm, ✓ 符合规范
2025-08-25 02:41:29,172 - INFO -   点6: 眼球外部, 距离眼球表面: 9.46mm, ✗ 超出规范
2025-08-25 02:41:29,172 - INFO -   点7: 眼球外部, 距离眼球表面: 14.84mm, ✗ 超出规范
2025-08-25 02:41:29,172 - INFO -   点8: 眼球外部, 距离眼球表面: 18.15mm, ✗ 超出规范
2025-08-25 02:41:29,172 - INFO -   点9: 眼球外部, 距离眼球表面: 20.74mm, ✗ 超出规范
2025-08-25 02:41:29,172 - INFO -   点10: 眼球外部, 距离眼球表面: 18.69mm, ✗ 超出规范
2025-08-25 02:41:29,172 - INFO -   点11: 眼球外部, 距离眼球表面: 16.43mm, ✗ 超出规范
2025-08-25 02:41:29,172 - INFO -   点12: 眼球外部, 距离眼球表面: 13.20mm, ✗ 超出规范
2025-08-25 02:41:29,172 - INFO -   点13: 眼球外部, 距离眼球表面: 8.17mm, ✗ 超出规范
2025-08-25 02:41:29,172 - INFO -   点14: 眼球外部, 距离眼球表面: 3.29mm, ✗ 超出规范
2025-08-25 02:41:29,172 - INFO -   点15: 眼球内部, 距离眼球表面: 0.37mm, ✗ 超出规范
2025-08-25 02:41:29,172 - INFO -   点16: 眼球内部, 距离眼球表面: 1.04mm, ✗ 超出规范
2025-08-25 02:41:29,172 - INFO - 总结: left眼共21个关键点, 1个符合规范, 符合率: 4.8%
2025-08-25 02:41:29,172 - INFO - 数据质量评估: 较差
2025-08-25 02:41:29,172 - INFO - 右眼中心: (-0.044, -0.026, 0.604)
2025-08-25 02:41:29,172 - INFO - 右眼半径: 21.18mm
2025-08-25 02:41:29,172 - INFO - ------------------------------
2025-08-25 02:41:29,172 - INFO - 右眼关键点分布分析:
2025-08-25 02:41:29,172 - INFO - 瞳孔中心点: 眼球外部, 距离眼球表面: 5.68mm, ✗ 超出规范
2025-08-25 02:41:29,172 - INFO - 虹膜边界点 (4个):
2025-08-25 02:41:29,172 - INFO -   点1: 眼球外部, 距离眼球表面: 13.85mm, ✗ 超出规范
2025-08-25 02:41:29,172 - INFO -   点2: 眼球外部, 距离眼球表面: 1.33mm, ✗ 超出规范
2025-08-25 02:41:29,172 - INFO -   点3: 眼球外部, 距离眼球表面: 1.04mm, ✓ 符合规范
2025-08-25 02:41:29,172 - INFO -   点4: 眼球外部, 距离眼球表面: 13.82mm, ✗ 超出规范
2025-08-25 02:41:29,172 - INFO - 眼睛轮廓点 (16个):
2025-08-25 02:41:29,172 - INFO -   点1: 眼球内部, 距离眼球表面: 0.27mm, ✗ 超出规范
2025-08-25 02:41:29,172 - INFO -   点2: 眼球外部, 距离眼球表面: 2.58mm, ✗ 超出规范
2025-08-25 02:41:29,172 - INFO -   点3: 眼球外部, 距离眼球表面: 4.99mm, ✗ 超出规范
2025-08-25 02:41:29,172 - INFO -   点4: 眼球外部, 距离眼球表面: 8.25mm, ✗ 超出规范
2025-08-25 02:41:29,172 - INFO -   点5: 眼球外部, 距离眼球表面: 12.86mm, ✗ 超出规范
2025-08-25 02:41:29,172 - INFO -   点6: 眼球外部, 距离眼球表面: 17.41mm, ✗ 超出规范
2025-08-25 02:41:29,172 - INFO -   点7: 眼球外部, 距离眼球表面: 22.09mm, ✗ 超出规范
2025-08-25 02:41:29,172 - INFO -   点8: 眼球外部, 距离眼球表面: 25.79mm, ✗ 超出规范
2025-08-25 02:41:29,172 - INFO -   点9: 眼球外部, 距离眼球表面: 27.60mm, ✗ 超出规范
2025-08-25 02:41:29,172 - INFO -   点10: 眼球外部, 距离眼球表面: 23.81mm, ✗ 超出规范
2025-08-25 02:41:29,172 - INFO -   点11: 眼球外部, 距离眼球表面: 16.70mm, ✗ 超出规范
2025-08-25 02:41:29,180 - INFO -   点12: 眼球外部, 距离眼球表面: 8.28mm, ✗ 超出规范
2025-08-25 02:41:29,180 - INFO -   点13: 眼球外部, 距离眼球表面: 1.54mm, ✓ 符合规范
2025-08-25 02:41:29,180 - INFO -   点14: 眼球内部, 距离眼球表面: 2.53mm, ✗ 超出规范
2025-08-25 02:41:29,180 - INFO -   点15: 眼球内部, 距离眼球表面: 2.53mm, ✗ 超出规范
2025-08-25 02:41:29,180 - INFO -   点16: 眼球内部, 距离眼球表面: 1.40mm, ✗ 超出规范
2025-08-25 02:41:29,180 - INFO - 总结: right眼共21个关键点, 2个符合规范, 符合率: 9.5%
2025-08-25 02:41:29,180 - INFO - 数据质量评估: 较差
2025-08-25 02:41:29,180 - INFO - ==================================================
2025-08-25 02:41:29,180 - INFO - --------------------------------------------------
