2025-08-25 02:43:02,429 - INFO - 日志文件创建: logs\recognition_20250825_024302.log
2025-08-25 02:43:06,494 - INFO - DEBUG: self._rgb_d = False
2025-08-25 02:43:06,494 - INFO - DEBUG: 检测到 478 个关键点
2025-08-25 02:43:06,494 - INFO - DEBUG: 不使用RGB-D相机，开始修改深度图
2025-08-25 02:43:06,494 - INFO - DEBUG: _set_depth_map_without_rgb_d 开始执行
2025-08-25 02:43:06,494 - INFO - DEBUG: 输入深度图形状: (480, 640)
2025-08-25 02:43:06,494 - INFO - DEBUG: 输入深度图数据类型: float32
2025-08-25 02:43:06,494 - INFO - DEBUG: 输入深度图值范围: 600.000000 ~ 600.000000
2025-08-25 02:43:06,511 - INFO - DEBUG: 关键点数量: 478
2025-08-25 02:43:06,511 - INFO - DEBUG: 第一个关键点示例: [374.4124221801758, 340.72216987609863, -0.035941801965236664, 1.0]
2025-08-25 02:43:06,511 - INFO - DEBUG: 创建深度图副本，形状: (480, 640)
2025-08-25 02:43:06,511 - INFO - DEBUG: 关键点 0: 位置(374, 341), 原始深度: 600.000000, z值: -0.035942, 新深度: 596.405820
2025-08-25 02:43:06,511 - INFO - DEBUG: 关键点 1: 位置(377, 317), 原始深度: 600.000000, z值: -0.067738, 新深度: 593.226178
2025-08-25 02:43:06,511 - INFO - DEBUG: 关键点 2: 位置(376, 324), 原始深度: 600.000000, z值: -0.035580, 新深度: 596.441976
2025-08-25 02:43:06,511 - INFO - DEBUG: 关键点 3: 位置(368, 287), 原始深度: 600.000000, z值: -0.051676, 新深度: 594.832385
2025-08-25 02:43:06,511 - INFO - DEBUG: 关键点 4: 位置(377, 309), 原始深度: 600.000000, z值: -0.072082, 新深度: 592.791799
2025-08-25 02:43:06,511 - INFO - DEBUG: 成功修改了 478 个关键点位置的深度值
2025-08-25 02:43:06,511 - INFO - DEBUG: 修改后深度图值范围: 592.791809 ~ 614.625793
2025-08-25 02:43:06,511 - INFO - DEBUG: 深度图修改完成，原始深度图形状: (480, 640), 修改后深度图形状: (480, 640)
2025-08-25 02:43:06,511 - INFO - DEBUG: _convert_depth_to_meters: depth_scale = 0.001
2025-08-25 02:43:06,511 - INFO - DEBUG: _convert_depth_to_meters: 输入深度图值范围: 592.791809 ~ 614.625793
2025-08-25 02:43:06,511 - INFO - DEBUG: _convert_depth_to_meters: 转换后深度图值范围: 0.592792 ~ 0.614626
2025-08-25 02:43:06,519 - INFO - 坐标转换器初始化完成，相机参数：fx=450.0, fy=450.0, cx=320.0, cy=240.0
2025-08-25 02:43:06,520 - INFO - 坐标转换器初始化完成，相机参数：fx=450.0, fy=450.0, cx=320.0, cy=240.0
2025-08-25 02:43:06,520 - INFO - 坐标转换器初始化完成，相机参数：fx=450.0, fy=450.0, cx=320.0, cy=240.0
2025-08-25 02:43:06,521 - INFO - 批量转换完成：成功 4/4 个关键点
2025-08-25 02:43:06,521 - INFO - 坐标转换器初始化完成，相机参数：fx=450.0, fy=450.0, cx=320.0, cy=240.0
2025-08-25 02:43:06,521 - INFO - 批量转换完成：成功 4/4 个关键点
2025-08-25 02:43:06,521 - INFO - 坐标转换器初始化完成，相机参数：fx=450.0, fy=450.0, cx=320.0, cy=240.0
2025-08-25 02:43:06,521 - INFO - 批量转换完成：成功 16/16 个关键点
2025-08-25 02:43:06,521 - INFO - 坐标转换器初始化完成，相机参数：fx=450.0, fy=450.0, cx=320.0, cy=240.0
2025-08-25 02:43:06,521 - INFO - 批量转换完成：成功 16/16 个关键点
2025-08-25 02:43:06,521 - INFO - 坐标转换器初始化完成，相机参数：fx=450.0, fy=450.0, cx=320.0, cy=240.0
2025-08-25 02:43:06,521 - INFO - 批量转换完成：成功 10/10 个关键点
2025-08-25 02:43:06,521 - INFO - 坐标转换器初始化完成，相机参数：fx=450.0, fy=450.0, cx=320.0, cy=240.0
2025-08-25 02:43:06,521 - INFO - 批量转换完成：成功 10/10 个关键点
2025-08-25 02:43:06,521 - INFO - 坐标转换器初始化完成，相机参数：fx=450.0, fy=450.0, cx=320.0, cy=240.0
2025-08-25 02:43:06,521 - INFO - 批量转换完成：成功 10/10 个关键点
2025-08-25 02:43:06,521 - INFO - 坐标转换器初始化完成，相机参数：fx=450.0, fy=450.0, cx=320.0, cy=240.0
2025-08-25 02:43:06,521 - INFO - 批量转换完成：成功 10/10 个关键点
2025-08-25 02:43:06,548 - INFO - ==================================================
2025-08-25 02:43:06,550 - INFO - 眼动追踪数据测评
2025-08-25 02:43:06,550 - INFO - ==================================================
2025-08-25 02:43:06,550 - INFO - 瞳孔中心: 左(0.124000, 0.018667, 0.600000) | 右(0.016000, 0.025333, 0.600000)
2025-08-25 02:43:06,550 - INFO - 瞳孔中心详细坐标:
2025-08-25 02:43:06,550 - INFO -   左眼: X=0.124000, Y=0.018667, Z=0.600000, Visibility=1.000000
2025-08-25 02:43:06,550 - INFO -   右眼: X=0.016000, Y=0.025333, Z=0.600000, Visibility=1.000000
2025-08-25 02:43:06,550 - INFO - 虹膜边界: 左眼4个点 | 右眼4个点
2025-08-25 02:43:06,550 - INFO - 虹膜边界详细坐标:
2025-08-25 02:43:06,550 - INFO -   左眼虹膜边界点:
2025-08-25 02:43:06,552 - INFO -     点1: X=0.135363, Y=0.018503, Z=0.600831, Visibility=1.000000
2025-08-25 02:43:06,552 - INFO -     点2: X=0.124331, Y=0.009058, Z=0.601154, Visibility=1.000000
2025-08-25 02:43:06,552 - INFO -     点3: X=0.114484, Y=0.019179, Z=0.600739, Visibility=1.000000
2025-08-25 02:43:06,552 - INFO -     点4: X=0.125673, Y=0.028612, Z=0.600776, Visibility=1.000000
2025-08-25 02:43:06,552 - INFO -   右眼虹膜边界点:
2025-08-25 02:43:06,552 - INFO -     点1: X=0.027253, Y=0.025595, Z=0.600229, Visibility=1.000000
2025-08-25 02:43:06,552 - INFO -     点2: X=0.016660, Y=0.016213, Z=0.600212, Visibility=1.000000
2025-08-25 02:43:06,552 - INFO -     点3: X=0.006139, Y=0.025898, Z=0.600177, Visibility=1.000000
2025-08-25 02:43:06,552 - INFO -     点4: X=0.016875, Y=0.035270, Z=0.600185, Visibility=1.000000
2025-08-25 02:43:06,552 - INFO - 眼睛轮廓: 左眼16个点 | 右眼16个点
2025-08-25 02:43:06,552 - INFO - 眼睛轮廓详细坐标 (显示前5个点):
2025-08-25 02:43:06,552 - INFO -   左眼轮廓点:
2025-08-25 02:43:06,552 - INFO -     点1: X=0.100600, Y=0.024111, Z=0.600876, Visibility=1.000000
2025-08-25 02:43:06,552 - INFO -     点2: X=0.103381, Y=0.021187, Z=0.600585, Visibility=1.000000
2025-08-25 02:43:06,552 - INFO -     点3: X=0.109598, Y=0.016973, Z=0.600645, Visibility=1.000000
2025-08-25 02:43:06,552 - INFO -     点4: X=0.118345, Y=0.014027, Z=0.600314, Visibility=1.000000
2025-08-25 02:43:06,552 - INFO -     点5: X=0.127211, Y=0.013174, Z=0.600607, Visibility=1.000000
2025-08-25 02:43:06,552 - INFO -     ... 还有11个点
2025-08-25 02:43:06,552 - INFO -   右眼轮廓点:
2025-08-25 02:43:06,552 - INFO -     点1: X=-0.009727, Y=0.027739, Z=0.600822, Visibility=1.000000
2025-08-25 02:43:06,552 - INFO -     点2: X=-0.005864, Y=0.029883, Z=0.600379, Visibility=1.000000
2025-08-25 02:43:06,552 - INFO -     点3: X=-0.001871, Y=0.031202, Z=0.600263, Visibility=1.000000
2025-08-25 02:43:06,552 - INFO -     点4: X=0.003815, Y=0.032535, Z=0.600204, Visibility=1.000000
2025-08-25 02:43:06,552 - INFO -     点5: X=0.012531, Y=0.033302, Z=0.600084, Visibility=1.000000
2025-08-25 02:43:06,552 - INFO -     ... 还有11个点
2025-08-25 02:43:06,552 - INFO - --------------------------------------------------
2025-08-25 02:43:06,552 - INFO - 开始RANSAC球体拟合...
2025-08-25 02:43:06,552 - DEBUG - ransac_sphere_eyeball函数开始
2025-08-25 02:43:06,552 - DEBUG - key_coordinates类型: <class 'dict'>
2025-08-25 02:43:06,552 - DEBUG - center_fitter类型: <class 'function'>
2025-08-25 02:43:06,552 - DEBUG - _EyeCenterFitter.__new__: cls._instance=None
2025-08-25 02:43:06,552 - DEBUG - 创建新的单例实例
2025-08-25 02:43:06,552 - DEBUG - _EyeCenterFitter.__init__开始
2025-08-25 02:43:06,552 - DEBUG - key_coordinates类型: <class 'dict'>
2025-08-25 02:43:06,552 - DEBUG - key_coordinates键: ['pupil_center', 'iris_boundaries', 'eye_contours', 'eye_sockets', 'eyelid_points']
2025-08-25 02:43:06,552 - DEBUG - _EyeCenterFitter.__init__完成
2025-08-25 02:43:06,552 - DEBUG - _EyeCenterFitter实例创建成功
2025-08-25 02:43:06,552 - DEBUG - _update_key_coordinates开始
2025-08-25 02:43:06,552 - DEBUG - 新key_coordinates类型: <class 'dict'>
2025-08-25 02:43:06,552 - DEBUG - 新key_coordinates键: ['pupil_center', 'iris_boundaries', 'eye_contours', 'eye_sockets', 'eyelid_points']
2025-08-25 02:43:06,552 - DEBUG - pupil_center: <class 'dict'>
2025-08-25 02:43:06,552 - DEBUG -   left: <class 'numpy.ndarray'>
2025-08-25 02:43:06,552 - DEBUG -     array形状: (4,)
2025-08-25 02:43:06,560 - DEBUG -   right: <class 'numpy.ndarray'>
2025-08-25 02:43:06,560 - DEBUG -     array形状: (4,)
2025-08-25 02:43:06,560 - DEBUG - iris_boundaries: <class 'dict'>
2025-08-25 02:43:06,560 - DEBUG -   left: <class 'list'>
2025-08-25 02:43:06,560 - DEBUG -     list长度: 4
2025-08-25 02:43:06,560 - DEBUG -     第一个元素类型: <class 'numpy.ndarray'>
2025-08-25 02:43:06,560 - DEBUG -   right: <class 'list'>
2025-08-25 02:43:06,560 - DEBUG -     list长度: 4
2025-08-25 02:43:06,560 - DEBUG -     第一个元素类型: <class 'numpy.ndarray'>
2025-08-25 02:43:06,560 - DEBUG - eye_contours: <class 'dict'>
2025-08-25 02:43:06,560 - DEBUG -   left: <class 'list'>
2025-08-25 02:43:06,560 - DEBUG -     list长度: 16
2025-08-25 02:43:06,560 - DEBUG -     第一个元素类型: <class 'numpy.ndarray'>
2025-08-25 02:43:06,560 - DEBUG -   right: <class 'list'>
2025-08-25 02:43:06,560 - DEBUG -     list长度: 16
2025-08-25 02:43:06,560 - DEBUG -     第一个元素类型: <class 'numpy.ndarray'>
2025-08-25 02:43:06,560 - DEBUG - eye_sockets: <class 'dict'>
2025-08-25 02:43:06,560 - DEBUG -   left: <class 'list'>
2025-08-25 02:43:06,560 - DEBUG -     list长度: 10
2025-08-25 02:43:06,560 - DEBUG -     第一个元素类型: <class 'numpy.ndarray'>
2025-08-25 02:43:06,560 - DEBUG -   right: <class 'list'>
2025-08-25 02:43:06,560 - DEBUG -     list长度: 10
2025-08-25 02:43:06,560 - DEBUG -     第一个元素类型: <class 'numpy.ndarray'>
2025-08-25 02:43:06,564 - DEBUG - eyelid_points: <class 'dict'>
2025-08-25 02:43:06,564 - DEBUG -   left: <class 'list'>
2025-08-25 02:43:06,564 - DEBUG -     list长度: 10
2025-08-25 02:43:06,564 - DEBUG -     第一个元素类型: <class 'numpy.ndarray'>
2025-08-25 02:43:06,564 - DEBUG -   right: <class 'list'>
2025-08-25 02:43:06,564 - DEBUG -     list长度: 10
2025-08-25 02:43:06,564 - DEBUG -     第一个元素类型: <class 'numpy.ndarray'>
2025-08-25 02:43:06,564 - DEBUG - _update_key_coordinates完成
2025-08-25 02:43:06,564 - DEBUG - key_coordinates更新成功
2025-08-25 02:43:06,564 - DEBUG - ransac_sphere_eyeball开始
2025-08-25 02:43:06,564 - DEBUG - 当前trials_times: 0
2025-08-25 02:43:06,564 - DEBUG - center_fitter类型: <class 'function'>
2025-08-25 02:43:06,564 - DEBUG - _fit_one_eye开始: eye_key=left
2025-08-25 02:43:06,564 - DEBUG - 更新trials_times: 1
2025-08-25 02:43:06,564 - DEBUG - 开始提取left眼关键点坐标
2025-08-25 02:43:06,564 - DEBUG - _extract_eye_key_coordinates开始: eye_key=left
2025-08-25 02:43:06,571 - DEBUG - self._key_coordinates: {'pupil_center': {'left': array([0.124     , 0.01866667, 0.60000002, 1.        ]), 'right': array([0.016     , 0.02533333, 0.60000002, 1.        ])}, 'iris_boundaries': {'left': [array([0.13536287, 0.01850261, 0.60083109, 1.        ]), array([0.12433084, 0.00905777, 0.60115433, 1.        ]), array([0.1144842 , 0.01917874, 0.60073876, 1.        ]), array([0.12567329, 0.02861215, 0.60077572, 1.        ])], 'right': [array([0.02725325, 0.02559492, 0.60022938, 1.        ]), array([0.01666008, 0.01621326, 0.60021174, 1.        ]), array([0.00613869, 0.02589768, 0.60017693, 1.        ]), array([0.01687528, 0.03526952, 0.60018528, 1.        ])]}, 'eye_contours': {'left': [array([0.10060034, 0.02411101, 0.60087621, 1.        ]), array([0.10338104, 0.02118733, 0.60058504, 1.        ]), array([0.10959764, 0.01697336, 0.60064453, 1.        ]), array([0.11834491, 0.01402711, 0.6003139 , 1.        ]), array([0.1272112 , 0.0131737 , 0.60060656, 1.        ]), array([0.13581696, 0.01410331, 0.60058796, 1.        ]), array([0.14141362, 0.01599919, 0.60146171, 1.        ]), array([0.14464767, 0.01750562, 0.60177743, 1.        ]), array([0.1472355 , 0.01879958, 0.60265076, 1.        ]), array([0.14343399, 0.02176156, 0.6011067 , 1.        ]), array([0.13970597, 0.02366696, 0.60093093, 1.        ]), array([0.13440202, 0.02553723, 0.60092652, 1.        ]), array([0.12613857, 0.02680302, 0.60063094, 1.        ]), array([0.11764836, 0.02661292, 0.60093784, 1.        ]), array([0.10929755, 0.02547036, 0.6009624 , 1.        ]), array([0.10356238, 0.0249118 , 0.600559  , 1.        ])], 'right': [array([-0.00972716,  0.02773868,  0.60082209,  1.        ]), array([-0.00586399,  0.02988284,  0.60037923,  1.        ]), array([-0.00187114,  0.03120152,  0.60026348,  1.        ]), array([0.00381523, 0.03253519, 0.60020375, 1.        ]), array([0.01253096, 0.03330211, 0.60008448, 1.        ]), array([0.02141947, 0.03275693, 0.60009241, 1.        ]), array([0.02995   , 0.0313497 , 0.60010999, 1.        ]), array([0.03576851, 0.03049438, 0.60048968, 1.        ]), array([0.03886421, 0.02951133, 0.60057813, 1.        ]), array([0.03583778, 0.02649551, 0.60038799, 1.        ]), array([0.02930742, 0.02238305, 0.60015875, 1.        ]), array([0.02000222, 0.02000238, 0.59992152, 1.        ]), array([0.01097158, 0.01990012, 0.59993058, 1.        ]), array([0.00200883, 0.0217658 , 0.60004985, 1.        ]), array([-0.00370368,  0.02426352,  0.60032803,  1.        ]), array([-0.00704146,  0.02612849,  0.60039324,  1.        ])]}, 'eye_sockets': {'left': [array([ 0.16718   , -0.01286141,  0.60205746,  1.        ]), array([ 0.15671743, -0.02367852,  0.60071141,  1.        ]), array([ 0.1404727 , -0.02919903,  0.60002363,  1.        ]), array([ 0.11905779, -0.02822536,  0.59933132,  1.        ]), array([ 0.09376612, -0.02413161,  0.5989204 ,  1.        ]), array([ 0.09145927, -0.00804461,  0.59880662,  1.        ]), array([ 0.11791062, -0.01887351,  0.59951925,  1.        ]), array([ 0.13740483, -0.0199922 ,  0.59979904,  1.        ]), array([ 0.15173314, -0.01579772,  0.60053527,  1.        ]), array([ 0.16165763, -0.00729386,  0.6011796 ,  1.        ])], 'right': [array([-0.03383508,  0.00155393,  0.60089087,  1.        ]), array([-0.02220243, -0.00973373,  0.60001862,  1.        ]), array([-0.00473476, -0.01741771,  0.5993697 ,  1.        ]), array([ 0.0179558 , -0.01921067,  0.59933865,  1.        ]), array([ 0.04410125, -0.01832212,  0.59826797,  1.        ]), array([ 0.04754472, -0.00225441,  0.59895194,  1.        ]), array([ 0.01988119, -0.00985624,  0.59891379,  1.        ]), array([-8.44830032e-04, -8.62403975e-03,  5.99532008e-01,  1.00000000e+00]), array([-0.01612538, -0.00283975,  0.59956843,  1.        ]), array([-0.02701842,  0.00643955,  0.60033435,  1.        ])]}, 'eyelid_points': {'left': [array([0.17958223, 0.04744737, 0.60327363, 1.        ]), array([0.16325645, 0.0487062 , 0.6013903 , 1.        ]), array([0.15073942, 0.05410884, 0.6007759 , 1.        ]), array([0.13092007, 0.05361051, 0.60069948, 1.        ]), array([0.11585595, 0.04961728, 0.60032779, 1.        ]), array([0.10432048, 0.04489191, 0.60001761, 1.        ]), array([0.10225613, 0.06837537, 0.59935141, 1.        ]), array([0.11180327, 0.07593949, 0.59933382, 1.        ]), array([0.1247824 , 0.08412111, 0.59978092, 1.        ]), array([0.14095792, 0.0961755 , 0.60013306, 1.        ])], 'right': [array([-0.04571427,  0.05830218,  0.60178113,  1.        ]), array([-0.02731044,  0.05838879,  0.60051006,  1.        ]), array([-0.0130365 ,  0.0620868 ,  0.60009038,  1.        ]), array([0.00859115, 0.06007944, 0.59989655, 1.        ]), array([0.02456424, 0.05523904, 0.59989154, 1.        ]), array([0.03655855, 0.04953133, 0.59972662, 1.        ]), array([0.04052375, 0.07127696, 0.59945929, 1.        ]), array([0.0305173 , 0.0796435 , 0.59887862, 1.        ]), array([0.01791497, 0.08910266, 0.59934437, 1.        ]), array([0.00159964, 0.10290969, 0.59943157, 1.        ])]}}
2025-08-25 02:43:06,571 - DEBUG - 提取瞳孔中心
2025-08-25 02:43:06,571 - DEBUG - pupil_center: {'left': array([0.124     , 0.01866667, 0.60000002, 1.        ]), 'right': array([0.016     , 0.02533333, 0.60000002, 1.        ])}
2025-08-25 02:43:06,571 - DEBUG - pupil_center类型: <class 'dict'>
2025-08-25 02:43:06,571 - DEBUG - eye_pupil: [0.124      0.01866667 0.60000002 1.        ]
2025-08-25 02:43:06,571 - DEBUG - eye_pupil类型: <class 'numpy.ndarray'>
2025-08-25 02:43:06,571 - DEBUG - eye_pupil形状: (4,)
2025-08-25 02:43:06,571 - DEBUG - 提取虹膜边界
2025-08-25 02:43:06,571 - DEBUG - iris_boundaries: {'left': [array([0.13536287, 0.01850261, 0.60083109, 1.        ]), array([0.12433084, 0.00905777, 0.60115433, 1.        ]), array([0.1144842 , 0.01917874, 0.60073876, 1.        ]), array([0.12567329, 0.02861215, 0.60077572, 1.        ])], 'right': [array([0.02725325, 0.02559492, 0.60022938, 1.        ]), array([0.01666008, 0.01621326, 0.60021174, 1.        ]), array([0.00613869, 0.02589768, 0.60017693, 1.        ]), array([0.01687528, 0.03526952, 0.60018528, 1.        ])]}
2025-08-25 02:43:06,571 - DEBUG - iris_boundaries类型: <class 'dict'>
2025-08-25 02:43:06,576 - DEBUG - eye_iris: [array([0.13536287, 0.01850261, 0.60083109, 1.        ]), array([0.12433084, 0.00905777, 0.60115433, 1.        ]), array([0.1144842 , 0.01917874, 0.60073876, 1.        ]), array([0.12567329, 0.02861215, 0.60077572, 1.        ])]
2025-08-25 02:43:06,576 - DEBUG - eye_iris类型: <class 'list'>
2025-08-25 02:43:06,576 - DEBUG - eye_iris长度: 4
2025-08-25 02:43:06,576 - DEBUG - 第一个元素类型: <class 'numpy.ndarray'>
2025-08-25 02:43:06,576 - DEBUG - 第一个元素形状: (4,)
2025-08-25 02:43:06,576 - DEBUG - 提取眼睛轮廓
2025-08-25 02:43:06,576 - DEBUG - eye_contours: {'left': [array([0.10060034, 0.02411101, 0.60087621, 1.        ]), array([0.10338104, 0.02118733, 0.60058504, 1.        ]), array([0.10959764, 0.01697336, 0.60064453, 1.        ]), array([0.11834491, 0.01402711, 0.6003139 , 1.        ]), array([0.1272112 , 0.0131737 , 0.60060656, 1.        ]), array([0.13581696, 0.01410331, 0.60058796, 1.        ]), array([0.14141362, 0.01599919, 0.60146171, 1.        ]), array([0.14464767, 0.01750562, 0.60177743, 1.        ]), array([0.1472355 , 0.01879958, 0.60265076, 1.        ]), array([0.14343399, 0.02176156, 0.6011067 , 1.        ]), array([0.13970597, 0.02366696, 0.60093093, 1.        ]), array([0.13440202, 0.02553723, 0.60092652, 1.        ]), array([0.12613857, 0.02680302, 0.60063094, 1.        ]), array([0.11764836, 0.02661292, 0.60093784, 1.        ]), array([0.10929755, 0.02547036, 0.6009624 , 1.        ]), array([0.10356238, 0.0249118 , 0.600559  , 1.        ])], 'right': [array([-0.00972716,  0.02773868,  0.60082209,  1.        ]), array([-0.00586399,  0.02988284,  0.60037923,  1.        ]), array([-0.00187114,  0.03120152,  0.60026348,  1.        ]), array([0.00381523, 0.03253519, 0.60020375, 1.        ]), array([0.01253096, 0.03330211, 0.60008448, 1.        ]), array([0.02141947, 0.03275693, 0.60009241, 1.        ]), array([0.02995   , 0.0313497 , 0.60010999, 1.        ]), array([0.03576851, 0.03049438, 0.60048968, 1.        ]), array([0.03886421, 0.02951133, 0.60057813, 1.        ]), array([0.03583778, 0.02649551, 0.60038799, 1.        ]), array([0.02930742, 0.02238305, 0.60015875, 1.        ]), array([0.02000222, 0.02000238, 0.59992152, 1.        ]), array([0.01097158, 0.01990012, 0.59993058, 1.        ]), array([0.00200883, 0.0217658 , 0.60004985, 1.        ]), array([-0.00370368,  0.02426352,  0.60032803,  1.        ]), array([-0.00704146,  0.02612849,  0.60039324,  1.        ])]}
2025-08-25 02:43:06,576 - DEBUG - eye_contours类型: <class 'dict'>
2025-08-25 02:43:06,576 - DEBUG - eye_contour: [array([0.10060034, 0.02411101, 0.60087621, 1.        ]), array([0.10338104, 0.02118733, 0.60058504, 1.        ]), array([0.10959764, 0.01697336, 0.60064453, 1.        ]), array([0.11834491, 0.01402711, 0.6003139 , 1.        ]), array([0.1272112 , 0.0131737 , 0.60060656, 1.        ]), array([0.13581696, 0.01410331, 0.60058796, 1.        ]), array([0.14141362, 0.01599919, 0.60146171, 1.        ]), array([0.14464767, 0.01750562, 0.60177743, 1.        ]), array([0.1472355 , 0.01879958, 0.60265076, 1.        ]), array([0.14343399, 0.02176156, 0.6011067 , 1.        ]), array([0.13970597, 0.02366696, 0.60093093, 1.        ]), array([0.13440202, 0.02553723, 0.60092652, 1.        ]), array([0.12613857, 0.02680302, 0.60063094, 1.        ]), array([0.11764836, 0.02661292, 0.60093784, 1.        ]), array([0.10929755, 0.02547036, 0.6009624 , 1.        ]), array([0.10356238, 0.0249118 , 0.600559  , 1.        ])]
2025-08-25 02:43:06,576 - DEBUG - eye_contour类型: <class 'list'>
2025-08-25 02:43:06,576 - DEBUG - eye_contour长度: 16
2025-08-25 02:43:06,576 - DEBUG - 第一个元素类型: <class 'numpy.ndarray'>
2025-08-25 02:43:06,576 - DEBUG - 第一个元素形状: (4,)
2025-08-25 02:43:06,576 - DEBUG - _extract_eye_key_coordinates完成: {'pupil_center': array([0.124     , 0.01866667, 0.60000002, 1.        ]), 'iris_boundaries': [array([0.13536287, 0.01850261, 0.60083109, 1.        ]), array([0.12433084, 0.00905777, 0.60115433, 1.        ]), array([0.1144842 , 0.01917874, 0.60073876, 1.        ]), array([0.12567329, 0.02861215, 0.60077572, 1.        ])], 'eye_contours': [array([0.10060034, 0.02411101, 0.60087621, 1.        ]), array([0.10338104, 0.02118733, 0.60058504, 1.        ]), array([0.10959764, 0.01697336, 0.60064453, 1.        ]), array([0.11834491, 0.01402711, 0.6003139 , 1.        ]), array([0.1272112 , 0.0131737 , 0.60060656, 1.        ]), array([0.13581696, 0.01410331, 0.60058796, 1.        ]), array([0.14141362, 0.01599919, 0.60146171, 1.        ]), array([0.14464767, 0.01750562, 0.60177743, 1.        ]), array([0.1472355 , 0.01879958, 0.60265076, 1.        ]), array([0.14343399, 0.02176156, 0.6011067 , 1.        ]), array([0.13970597, 0.02366696, 0.60093093, 1.        ]), array([0.13440202, 0.02553723, 0.60092652, 1.        ]), array([0.12613857, 0.02680302, 0.60063094, 1.        ]), array([0.11764836, 0.02661292, 0.60093784, 1.        ]), array([0.10929755, 0.02547036, 0.6009624 , 1.        ]), array([0.10356238, 0.0249118 , 0.600559  , 1.        ])]}
2025-08-25 02:43:06,585 - DEBUG - left眼关键点坐标: {'pupil_center': array([0.124     , 0.01866667, 0.60000002, 1.        ]), 'iris_boundaries': [array([0.13536287, 0.01850261, 0.60083109, 1.        ]), array([0.12433084, 0.00905777, 0.60115433, 1.        ]), array([0.1144842 , 0.01917874, 0.60073876, 1.        ]), array([0.12567329, 0.02861215, 0.60077572, 1.        ])], 'eye_contours': [array([0.10060034, 0.02411101, 0.60087621, 1.        ]), array([0.10338104, 0.02118733, 0.60058504, 1.        ]), array([0.10959764, 0.01697336, 0.60064453, 1.        ]), array([0.11834491, 0.01402711, 0.6003139 , 1.        ]), array([0.1272112 , 0.0131737 , 0.60060656, 1.        ]), array([0.13581696, 0.01410331, 0.60058796, 1.        ]), array([0.14141362, 0.01599919, 0.60146171, 1.        ]), array([0.14464767, 0.01750562, 0.60177743, 1.        ]), array([0.1472355 , 0.01879958, 0.60265076, 1.        ]), array([0.14343399, 0.02176156, 0.6011067 , 1.        ]), array([0.13970597, 0.02366696, 0.60093093, 1.        ]), array([0.13440202, 0.02553723, 0.60092652, 1.        ]), array([0.12613857, 0.02680302, 0.60063094, 1.        ]), array([0.11764836, 0.02661292, 0.60093784, 1.        ]), array([0.10929755, 0.02547036, 0.6009624 , 1.        ]), array([0.10356238, 0.0249118 , 0.600559  , 1.        ])]}
2025-08-25 02:43:06,585 - DEBUG - 调用center_fitter进行拟合
2025-08-25 02:43:06,585 - DEBUG - 🆕 创建新的CenterFitter单例实例
2025-08-25 02:43:06,587 - DEBUG - CenterFitter单例初始化完成
2025-08-25 02:43:06,588 - INFO - 🔍 开始眼球拟合: trials_times=1, strategy=None
2025-08-25 02:43:06,588 - DEBUG - 🔍 对象状态检查: _initialized=True, _strategy_functions=True
2025-08-25 02:43:06,588 - DEBUG - 🔍 策略函数映射表: ['constrained_lm', 'constrained_ransac_lm', 'ellipsoid_fallback', 'fail']
2025-08-25 02:43:06,588 - INFO - 📋 数据预处理完成: 总点数=21, 平均visibility=1.000
2025-08-25 02:43:06,588 - INFO -   📍 pupil_center: 1点, 平均visibility=1.000
2025-08-25 02:43:06,588 - INFO -   📍 iris_boundaries: 4点, 平均visibility=1.000
2025-08-25 02:43:06,588 - INFO -   📍 eye_contours: 16点, 平均visibility=1.000
2025-08-25 02:43:06,588 - INFO - 📊 自动选择拟合策略: constrained_lm
2025-08-25 02:43:06,588 - INFO - 🚀 执行拟合策略: constrained_lm
2025-08-25 02:43:06,588 - DEBUG - 📊 采样数据已更新: full, 点数=21
2025-08-25 02:43:06,588 - INFO - 📊 全部采样完成: 采样点数=21
2025-08-25 02:43:06,588 - INFO - 📊 使用全部采样策略: 21个点
2025-08-25 02:43:06,588 - INFO - 🔄 开始约束LM优化...
2025-08-25 02:43:06,588 - DEBUG - 🔍 约束优化开始:
2025-08-25 02:43:06,588 - DEBUG -    目标函数: Φ(θ) = F(θ) + (1/2)λ_depth * h(θ)²
2025-08-25 02:43:06,588 - DEBUG -    数据项: F(θ) = (1/2)∑w_i(||p_i - c|| - (r + δ_i))²
2025-08-25 02:43:06,588 - DEBUG -    约束项: h(θ) = max{0, ε + z_max - c_z}
2025-08-25 02:43:06,588 - INFO - 🔧 开始参数初始化...
2025-08-25 02:43:06,588 - DEBUG - 🔍 参数初始化开始:
2025-08-25 02:43:06,588 - INFO - 🔍 虹膜边界点数量: 4
2025-08-25 02:43:06,588 - DEBUG -    虹膜点数据:
2025-08-25 02:43:06,588 - DEBUG -      形状: (4, 3)
2025-08-25 02:43:06,588 - DEBUG -      前3个点: [[0.13536287 0.01850261 0.60083109]
 [0.12433084 0.00905777 0.60115433]
 [0.1144842  0.01917874 0.60073876]]
2025-08-25 02:43:06,593 - DEBUG -      所有点: [[0.13536287 0.01850261 0.60083109]
 [0.12433084 0.00905777 0.60115433]
 [0.1144842  0.01917874 0.60073876]
 [0.12567329 0.02861215 0.60077572]]
2025-08-25 02:43:06,593 - DEBUG -    随机选择3个点，索引: [3 1 2]
2025-08-25 02:43:06,593 - DEBUG -    选中的点:
2025-08-25 02:43:06,593 - DEBUG -      形状: (3, 3)
2025-08-25 02:43:06,593 - DEBUG -      坐标: [[0.12567329 0.02861215 0.60077572]
 [0.12433084 0.00905777 0.60115433]
 [0.1144842  0.01917874 0.60073876]]
2025-08-25 02:43:06,593 - INFO - 🔧 开始2D圆拟合...
2025-08-25 02:43:06,593 - DEBUG - 🔍 2D圆拟合开始:
2025-08-25 02:43:06,593 - DEBUG -    输入点: [[0.12567329 0.02861215 0.60077572]
 [0.12433084 0.00905777 0.60115433]
 [0.1144842  0.01917874 0.60073876]]
2025-08-25 02:43:06,593 - DEBUG -    点数量: 3
2025-08-25 02:43:06,593 - DEBUG -    坐标提取:
2025-08-25 02:43:06,593 - DEBUG -      X坐标: [0.12567329 0.12433084 0.1144842 ]
2025-08-25 02:43:06,593 - DEBUG -      Y坐标: [0.02861215 0.00905777 0.01917874]
2025-08-25 02:43:06,593 - DEBUG -    线性方程组:
2025-08-25 02:43:06,593 - DEBUG -      系数矩阵 A:
[[0.25134657 0.05722431 1.        ]
 [0.24866168 0.01811553 1.        ]
 [0.2289684  0.03835749 1.        ]]
2025-08-25 02:43:06,593 - DEBUG -      常数向量 b: [[0.01661243]
 [0.0155402 ]
 [0.01347446]]
2025-08-25 02:43:06,593 - DEBUG -    线性方程组求解结果:
2025-08-25 02:43:06,593 - DEBUG -      解向量: [[ 0.12430484]
 [ 0.01888283]
 [-0.01571172]]
2025-08-25 02:43:06,593 - DEBUG -    圆心和半径计算:
2025-08-25 02:43:06,593 - DEBUG -      圆心X坐标: 0.124305
2025-08-25 02:43:06,593 - DEBUG -      圆心Y坐标: 0.018883
2025-08-25 02:43:06,593 - DEBUG -      圆心: [0.12430484 0.01888283]
2025-08-25 02:43:06,593 - DEBUG -      常数c: -0.015712
2025-08-25 02:43:06,593 - DEBUG -      半径: 0.009825
2025-08-25 02:43:06,593 - DEBUG -    2D圆拟合成功:
2025-08-25 02:43:06,593 - DEBUG -      圆心: [0.12430484 0.01888283]
2025-08-25 02:43:06,593 - DEBUG -      半径: 0.009825
2025-08-25 02:43:06,593 - DEBUG -    2D圆拟合结果:
2025-08-25 02:43:06,599 - DEBUG -      圆心: [0.12430484 0.01888283]
2025-08-25 02:43:06,599 - DEBUG -      半径: 0.009825
2025-08-25 02:43:06,599 - DEBUG -    解剖学约束:
2025-08-25 02:43:06,599 - DEBUG -      虹膜到表面最小距离: 0.000500
2025-08-25 02:43:06,599 - DEBUG -      虹膜到表面最大距离: 0.001200
2025-08-25 02:43:06,599 - DEBUG -    半径计算:
2025-08-25 02:43:06,599 - DEBUG -      默认半径: 0.012000
2025-08-25 02:43:06,599 - DEBUG -      中值距离: 0.000850
2025-08-25 02:43:06,601 - DEBUG -      中值距离+半径 d: 0.012850
2025-08-25 02:43:06,601 - INFO - 🔍 中值距离+半径: 0.013m，2D半径: 0.010m，使用虹膜深度偏移
2025-08-25 02:43:06,601 - DEBUG -    勾股定理计算深度偏移: z = sqrt(0.012850² - 0.009825²) = 0.008282
2025-08-25 02:43:06,601 - DEBUG -    3D球心计算:
2025-08-25 02:43:06,604 - DEBUG -      虹膜点平均Z坐标: 0.600890
2025-08-25 02:43:06,605 - DEBUG -      深度偏移: 0.008282
2025-08-25 02:43:06,605 - DEBUG -      3D球心: [0.12430484 0.01888283 0.60917151]
2025-08-25 02:43:06,605 - DEBUG -    最终初始化参数:
2025-08-25 02:43:06,605 - DEBUG -      球心: [0.12430484 0.01888283 0.60917151]
2025-08-25 02:43:06,605 - DEBUG -      半径: 0.012000
2025-08-25 02:43:06,605 - INFO - 📍 初始中心点: (0.124, 0.019, 0.609)
2025-08-25 02:43:06,605 - INFO - 📏 初始半径: 0.012m
2025-08-25 02:43:06,605 - INFO - ⚙️ 创建约束LM优化器...
2025-08-25 02:43:06,605 - DEBUG - 🔍 约束LM优化器初始化:
2025-08-25 02:43:06,605 - DEBUG -    初始球心: [0.12430484 0.01888283 0.60917151]
2025-08-25 02:43:06,605 - DEBUG -    初始半径: 0.012000
2025-08-25 02:43:06,605 - DEBUG -    参数向量 θ: [[0.12430484]
 [0.01888283]
 [0.60917151]
 [0.012     ]]
2025-08-25 02:43:06,605 - DEBUG -    样本数量: 21
2025-08-25 02:43:06,605 - DEBUG -    LM配置: LMAlgorithmConfig(lambda_lm=0.01, lambda_factor=10.0, min_lambda=1e-08, max_lambda=100000000.0, max_iterations=30, param_tolerance=5e-06, residual_tolerance=5e-06, max_step=0.01, geometric_weight_factor=10, residual_error_tolerance=0.0005)
2025-08-25 02:43:06,605 - DEBUG -    约束配置: ConstraintConfig(lambda_depth=1000.0, lambda_radius=20.0, radius_prior=0.012, depth_offset_epsilon=0.0002, softplus_tau=0.001, constraint_penalty_factor=1000.0)
2025-08-25 02:43:06,610 - INFO - 🔄 约束LM优化开始: 最大迭代次数=30
2025-08-25 02:43:06,610 - DEBUG - 🔍 优化开始状态:
2025-08-25 02:43:06,610 - DEBUG -    当前参数: [[0.12430484]
 [0.01888283]
 [0.60917151]
 [0.012     ]]
2025-08-25 02:43:06,610 - DEBUG -    当前球心: [0.12430484 0.01888283 0.60917151]
2025-08-25 02:43:06,610 - DEBUG -    当前半径: 0.012000
2025-08-25 02:43:06,610 - DEBUG -    最大迭代次数: 30
2025-08-25 02:43:06,610 - DEBUG - 🔍 迭代 1/30:
2025-08-25 02:43:06,610 - DEBUG - 🔍 计算点到球心距离: 形状=(21,)
2025-08-25 02:43:06,610 - DEBUG - 🔍 生理偏差向量计算:
2025-08-25 02:43:06,610 - DEBUG -    点类型列表: ['pupil_center', 'iris_boundaries', 'iris_boundaries', 'iris_boundaries', 'iris_boundaries', 'eye_contours', 'eye_contours', 'eye_contours', 'eye_contours', 'eye_contours', 'eye_contours', 'eye_contours', 'eye_contours', 'eye_contours', 'eye_contours', 'eye_contours', 'eye_contours', 'eye_contours', 'eye_contours', 'eye_contours', 'eye_contours']
2025-08-25 02:43:06,610 - DEBUG -    偏差向量: [0.0002  0.00085 0.00085 0.00085 0.00085 0.0015  0.0015  0.0015  0.0015
 0.0015  0.0015  0.0015  0.0015  0.0015  0.0015  0.0015  0.0015  0.0015
 0.0015  0.0015  0.0015 ]
2025-08-25 02:43:06,610 - DEBUG -    向量形状: (21,)
2025-08-25 02:43:06,610 - DEBUG -    偏差统计: 均值=0.001314, 标准差=0.000356
2025-08-25 02:43:06,610 - DEBUG - 获取生理偏差: 点类型=['pupil_center', 'iris_boundaries', 'iris_boundaries', 'iris_boundaries', 'iris_boundaries', 'eye_contours', 'eye_contours', 'eye_contours', 'eye_contours', 'eye_contours', 'eye_contours', 'eye_contours', 'eye_contours', 'eye_contours', 'eye_contours', 'eye_contours', 'eye_contours', 'eye_contours', 'eye_contours', 'eye_contours', 'eye_contours'], 偏差值=[0.0002  0.00085 0.00085 0.00085 0.00085 0.0015  0.0015  0.0015  0.0015
 0.0015  0.0015  0.0015  0.0015  0.0015  0.0015  0.0015  0.0015  0.0015
 0.0015  0.0015  0.0015 ]
2025-08-25 02:43:06,610 - INFO - -----------------------------------------------------------------------------------
2025-08-25 02:43:06,610 - DEBUG - 🔍 拟合残差计算详情:
2025-08-25 02:43:06,610 - DEBUG -    球心坐标: [0.12430484 0.01888283 0.60917151]
2025-08-25 02:43:06,610 - DEBUG -    球体半径: 0.012000
2025-08-25 02:43:06,610 - DEBUG -    采样点数: 21
2025-08-25 02:43:06,610 - DEBUG -    点类型分布: {'eye_contours': 16, 'iris_boundaries': 4, 'pupil_center': 1}
2025-08-25 02:43:06,610 - DEBUG -    理论距离向量: [0.0122  0.01285 0.01285 0.01285 0.01285 0.0135  0.0135  0.0135  0.0135
 0.0135  0.0135  0.0135  0.0135  0.0135  0.0135  0.0135  0.0135  0.0135
 0.0135  0.0135  0.0135 ]
2025-08-25 02:43:06,610 - DEBUG -    实际距离向量: [0.0091791  0.01385594 0.012681   0.01294773 0.01292369 0.02565247
 0.02273419 0.01710723 0.01172843 0.01069577 0.0151344  0.01898596
 0.0216887  0.02383993 0.02095836 0.01811049 0.01463605 0.01179124
 0.0131094  0.01833041 0.02325454]
2025-08-25 02:43:06,610 - DEBUG -    生理偏差向量: [0.0002  0.00085 0.00085 0.00085 0.00085 0.0015  0.0015  0.0015  0.0015
 0.0015  0.0015  0.0015  0.0015  0.0015  0.0015  0.0015  0.0015  0.0015
 0.0015  0.0015  0.0015 ]
2025-08-25 02:43:06,610 - DEBUG -    残差向量 f(θ): 
[[-3.02090050e-03]
 [ 1.00594462e-03]
 [-1.69000963e-04]
 [ 9.77307155e-05]
 [ 7.36927329e-05]
 [ 1.21524679e-02]
 [ 9.23419279e-03]
 [ 3.60723017e-03]
 [-1.77157363e-03]
 [-2.80423469e-03]
 [ 1.63439967e-03]
 [ 5.48596228e-03]
 [ 8.18869991e-03]
 [ 1.03399286e-02]
 [ 7.45835599e-03]
 [ 4.61049174e-03]
 [ 1.13605248e-03]
 [-1.70875642e-03]
 [-3.90598118e-04]
 [ 4.83040795e-03]
 [ 9.75453974e-03]]
2025-08-25 02:43:06,610 - DEBUG -    平均残差范数: 0.001236
2025-08-25 02:43:06,610 - DEBUG -    残差范数=0.025954
2025-08-25 02:43:06,610 - INFO - -----------------------------------------------------------------------------------
2025-08-25 02:43:06,610 - DEBUG - 🔍 深度约束计算详情 (softplus):
2025-08-25 02:43:06,610 - DEBUG -    采样点Z坐标范围: [0.600000, 0.602651]
2025-08-25 02:43:06,610 - DEBUG -    球心Z坐标: 0.609172
2025-08-25 02:43:06,618 - DEBUG -    深度偏移ε: 0.000200
2025-08-25 02:43:06,618 - DEBUG -    softplus参数τ: 0.001000
2025-08-25 02:43:06,619 - DEBUG -    原始违反值: -0.006321
2025-08-25 02:43:06,619 - DEBUG -    softplus输入 u: -6.320752
2025-08-25 02:43:06,619 - DEBUG -    约束惩罚 h(θ): 0.000002
2025-08-25 02:43:06,619 - DEBUG -    🟢 深度约束满足: 球心深度足够
2025-08-25 02:43:06,619 - INFO - -----------------------------------------------------------------------------------
2025-08-25 02:43:06,619 - DEBUG - 🔍 半径惩罚计算详情:
2025-08-25 02:43:06,619 - DEBUG -    当前半径: 0.012000
2025-08-25 02:43:06,619 - DEBUG -    半径先验值: 0.012000
2025-08-25 02:43:06,619 - DEBUG -    半径残差 r(θ): 0.000000
2025-08-25 02:43:06,619 - DEBUG -    数据残差 f(θ): [[-3.02090050e-03]
 [ 1.00594462e-03]
 [-1.69000963e-04]
 [ 9.77307155e-05]
 [ 7.36927329e-05]
 [ 1.21524679e-02]
 [ 9.23419279e-03]
 [ 3.60723017e-03]
 [-1.77157363e-03]
 [-2.80423469e-03]
 [ 1.63439967e-03]
 [ 5.48596228e-03]
 [ 8.18869991e-03]
 [ 1.03399286e-02]
 [ 7.45835599e-03]
 [ 4.61049174e-03]
 [ 1.13605248e-03]
 [-1.70875642e-03]
 [-3.90598118e-04]
 [ 4.83040795e-03]
 [ 9.75453974e-03]]
2025-08-25 02:43:06,619 - DEBUG -    约束残差 g(θ): [[1.79697544e-06]]
2025-08-25 02:43:06,622 - DEBUG -    半径残差 r(θ): [[0.]]
2025-08-25 02:43:06,622 - DEBUG - 🔍 首次迭代，无历史状态可比较
2025-08-25 02:43:06,622 - INFO - -----------------------------------------------------------------------------------
2025-08-25 02:43:06,622 - DEBUG - 🔍 权重管理器状态更新详情:
2025-08-25 02:43:06,622 - DEBUG -    当前迭代: 0
2025-08-25 02:43:06,622 - DEBUG -    参数变化: 0.000000 (阈值: 0.000005)
2025-08-25 02:43:06,622 - DEBUG -    残差变化: 0.000000 (阈值: 0.000005)
2025-08-25 02:43:06,622 - DEBUG -    几何权重因子: 10
2025-08-25 02:43:06,622 - DEBUG - ⏸️ 保持图像置信度权重: 参数变化=0.00e+00, 残差变化=0.00e+00
2025-08-25 02:43:06,622 - DEBUG - 状态已保存: 参数=[0.12430484 0.01888283 0.60917151 0.012     ], 残差范数=0.025954
2025-08-25 02:43:06,624 - DEBUG - 🔍 获取visibility信息: 形状=(21,), 范围=[1.000, 1.000]
2025-08-25 02:43:06,624 - DEBUG - 🔧 设置图像置信度权重: 21个点
2025-08-25 02:43:06,624 - DEBUG - 🔍 开始计算权重矩阵:
2025-08-25 02:43:06,624 - DEBUG -    点类型: ['pupil_center', 'iris_boundaries', 'iris_boundaries', 'iris_boundaries', 'iris_boundaries', 'eye_contours', 'eye_contours', 'eye_contours', 'eye_contours', 'eye_contours', 'eye_contours', 'eye_contours', 'eye_contours', 'eye_contours', 'eye_contours', 'eye_contours', 'eye_contours', 'eye_contours', 'eye_contours', 'eye_contours', 'eye_contours']
2025-08-25 02:43:06,624 - DEBUG -    残差向量: 形状=(21,), 范数=0.025954
2025-08-25 02:43:06,624 - DEBUG -    Visibility: 形状=(21,), 均值=1.000
2025-08-25 02:43:06,624 - DEBUG - 🔍 权重矩阵计算成功: 形状=(21, 21)
2025-08-25 02:43:06,624 - DEBUG - 🔍 几何权重统计:
2025-08-25 02:43:06,626 - DEBUG -    权重向量: [[1.]
 [1.]
 [1.]
 [1.]
 [1.]
 [1.]
 [1.]
 [1.]
 [1.]
 [1.]
 [1.]
 [1.]
 [1.]
 [1.]
 [1.]
 [1.]
 [1.]
 [1.]
 [1.]
 [1.]
 [1.]]
2025-08-25 02:43:06,626 - DEBUG -    权重范围: [1.000000, 1.000000]
2025-08-25 02:43:06,626 - DEBUG -    权重均值: 1.000000
2025-08-25 02:43:06,626 - DEBUG -    权重标准差: 0.000000
2025-08-25 02:43:06,626 - DEBUG -    高权重点(>0.8): 21/21
2025-08-25 02:43:06,626 - DEBUG -    低权重点(<0.2): 0/21
2025-08-25 02:43:06,626 - INFO - -----------------------------------------------------------------------------------
2025-08-25 02:43:06,626 - DEBUG - 🔍 开始求解LM更新方程:
2025-08-25 02:43:06,626 - DEBUG -    数据残差: 形状=(21,), 范数=0.025954
2025-08-25 02:43:06,626 - DEBUG -    约束残差: 形状=(1,), 范数=0.000002
2025-08-25 02:43:06,626 - DEBUG - 🔍 计算数据残差雅可比矩阵 J_f: 形状=(21, 4)
2025-08-25 02:43:06,629 - DEBUG - 🔍 J_f矩阵计算完成: 条件数=7.45e+00
2025-08-25 02:43:06,629 - DEBUG - 🔍 深度约束雅可比计算: u=-6.320752, σ=0.001795, J_h=[[ 0.          0.         -0.00179536  0.        ]]
2025-08-25 02:43:06,629 - DEBUG - 🔍 半径先验雅可比: J_r=[[0. 0. 0. 1.]]
2025-08-25 02:43:06,629 - DEBUG - 🔍 使用几何权重矩阵: 形状=(21, 21)
2025-08-25 02:43:06,629 - DEBUG - 🔍 Hessian矩阵计算:
2025-08-25 02:43:06,629 - DEBUG -    H_data = J_f^T W J_f: 形状=(4, 4), 条件数=5.54e+01
2025-08-25 02:43:06,629 - DEBUG -    H_h = λ_depth J_h^T J_h: 形状=(4, 4), λ_depth=1000.0
2025-08-25 02:43:06,629 - DEBUG -    H_r = λ_radius J_r^T J_r: 形状=(4, 4), λ_radius=20.0
2025-08-25 02:43:06,629 - DEBUG -    H_total: 形状=(4, 4), 条件数=1.50e+01
2025-08-25 02:43:06,629 - DEBUG - 🔍 梯度计算:
2025-08-25 02:43:06,629 - DEBUG -    g_data: 形状=(4,), 范数=0.073684
2025-08-25 02:43:06,629 - DEBUG -    g_h: 形状=(4,), 范数=0.000003
2025-08-25 02:43:06,629 - DEBUG -    g_r: 形状=(4,), 范数=0.000000
2025-08-25 02:43:06,629 - DEBUG -    g_total: 形状=(4,), 范数=0.073685
2025-08-25 02:43:06,629 - DEBUG - 🔍 初始化LM阻尼因子: λ_LM = 0.01
2025-08-25 02:43:06,629 - DEBUG - 🔍 LM阻尼矩阵: H_lm = H_total + 0.01 * I
2025-08-25 02:43:06,629 - DEBUG -    H_lm条件数: 1.50e+01
2025-08-25 02:43:06,629 - DEBUG - 🔍 线性方程组求解成功:
2025-08-25 02:43:06,629 - DEBUG -    参数更新向量 Δθ: [[-1.35148535e-05]
 [-2.19943294e-03]
 [ 5.48138572e-04]
 [ 1.47232343e-03]]
2025-08-25 02:43:06,629 - DEBUG -    更新向量范数: 0.002703
2025-08-25 02:43:06,629 - DEBUG -    各分量更新: Δc_x=-0.000014, Δc_y=-0.002199, Δc_z=0.000548, Δr=0.001472
2025-08-25 02:43:06,629 - DEBUG -    参数更新:
2025-08-25 02:43:06,634 - DEBUG -      旧参数: [[0.12430484]
 [0.01888283]
 [0.60917151]
 [0.012     ]]
2025-08-25 02:43:06,634 - DEBUG -      更新向量: [[-1.35148535e-05]
 [-2.19943294e-03]
 [ 5.48138572e-04]
 [ 1.47232343e-03]]
2025-08-25 02:43:06,634 - DEBUG -      新参数: [[0.12429132]
 [0.01668339]
 [0.60971965]
 [0.01347232]]
2025-08-25 02:43:06,634 - INFO - -----------------------------------------------------------------------------------
2025-08-25 02:43:06,634 - INFO - 🔍 迭代第0次，球心向右0.013515mm，向上2.199433mm，向后0.548139mm，半径变大1.472323mm
2025-08-25 02:43:06,636 - INFO - 📊 变化前: 中心(0.124, 0.019, 0.609), 半径12.00mm
2025-08-25 02:43:06,636 - INFO - 📊 变化后: 中心(0.124, 0.017, 0.610), 半径13.47mm
2025-08-25 02:43:06,636 - INFO - 📈 变化量: 中心移动2.20mm, 半径变化1.47mm
2025-08-25 02:43:06,637 - INFO - 📍 眼球中心: [0.12430484 0.01888283 0.60917151]
2025-08-25 02:43:06,637 - INFO - 📏 眼球半径: 12.00mm
2025-08-25 02:43:06,637 - INFO - 👁️ 瞳孔中心: [0.124      0.01866667 0.60000002]
2025-08-25 02:43:06,637 - INFO - 📐 眼球中心在瞳孔中心的右0.30mm，下0.22mm，后9.17mm
2025-08-25 02:43:06,637 - INFO - 📏 距离: 9.18mm
2025-08-25 02:43:06,637 - INFO - -----------------------------------------------------------------------------------
2025-08-25 02:43:06,637 - INFO - -----------------------------------------------------------------------------------
2025-08-25 02:43:06,637 - DEBUG - 🔍 参数有效性检查:
2025-08-25 02:43:06,639 - DEBUG -    参数向量: [[0.12429132]
 [0.01668339]
 [0.60971965]
 [0.01347232]]
2025-08-25 02:43:06,639 - DEBUG -    球心: [0.12429132 0.01668339 0.60971965]
2025-08-25 02:43:06,639 - DEBUG -    半径: 0.013472
2025-08-25 02:43:06,639 - DEBUG - 🔍 初始化函数值 Φ(θ): 0.000337
2025-08-25 02:43:06,639 - DEBUG - 🔍 参数有效: True
2025-08-25 02:43:06,639 - DEBUG -    参数更新成功:
2025-08-25 02:43:06,639 - DEBUG -      新球心: [0.12429132 0.01668339 0.60971965]
2025-08-25 02:43:06,639 - DEBUG -      新半径: 0.013472
2025-08-25 02:43:06,639 - INFO - -----------------------------------------------------------------------------------
2025-08-25 02:43:06,641 - DEBUG - 🔍 LM收敛性检查:
2025-08-25 02:43:06,641 - DEBUG -    当前迭代次数: 0
2025-08-25 02:43:06,641 - DEBUG -    最大迭代次数: 30
2025-08-25 02:43:06,641 - DEBUG -    参数变化: 0.002703
2025-08-25 02:43:06,641 - DEBUG -    参数容忍度: 5e-06
2025-08-25 02:43:06,641 - DEBUG -    残差变化: 0.000000
2025-08-25 02:43:06,641 - DEBUG -    残差容忍度: 5e-06
2025-08-25 02:43:06,641 - DEBUG - 🔍 迭代 2/30:
2025-08-25 02:43:06,641 - DEBUG - 🔍 计算点到球心距离: 形状=(21,)
2025-08-25 02:43:06,642 - DEBUG - 🔍 生理偏差向量计算:
2025-08-25 02:43:06,642 - DEBUG -    点类型列表: ['pupil_center', 'iris_boundaries', 'iris_boundaries', 'iris_boundaries', 'iris_boundaries', 'eye_contours', 'eye_contours', 'eye_contours', 'eye_contours', 'eye_contours', 'eye_contours', 'eye_contours', 'eye_contours', 'eye_contours', 'eye_contours', 'eye_contours', 'eye_contours', 'eye_contours', 'eye_contours', 'eye_contours', 'eye_contours']
2025-08-25 02:43:06,642 - DEBUG -    偏差向量: [0.0002  0.00085 0.00085 0.00085 0.00085 0.0015  0.0015  0.0015  0.0015
 0.0015  0.0015  0.0015  0.0015  0.0015  0.0015  0.0015  0.0015  0.0015
 0.0015  0.0015  0.0015 ]
2025-08-25 02:43:06,642 - DEBUG -    向量形状: (21,)
2025-08-25 02:43:06,642 - DEBUG -    偏差统计: 均值=0.001314, 标准差=0.000356
2025-08-25 02:43:06,642 - DEBUG - 获取生理偏差: 点类型=['pupil_center', 'iris_boundaries', 'iris_boundaries', 'iris_boundaries', 'iris_boundaries', 'eye_contours', 'eye_contours', 'eye_contours', 'eye_contours', 'eye_contours', 'eye_contours', 'eye_contours', 'eye_contours', 'eye_contours', 'eye_contours', 'eye_contours', 'eye_contours', 'eye_contours', 'eye_contours', 'eye_contours', 'eye_contours'], 偏差值=[0.0002  0.00085 0.00085 0.00085 0.00085 0.0015  0.0015  0.0015  0.0015
 0.0015  0.0015  0.0015  0.0015  0.0015  0.0015  0.0015  0.0015  0.0015
 0.0015  0.0015  0.0015 ]
2025-08-25 02:43:06,642 - INFO - -----------------------------------------------------------------------------------
2025-08-25 02:43:06,642 - DEBUG - 🔍 拟合残差计算详情:
2025-08-25 02:43:06,642 - DEBUG -    球心坐标: [0.12429132 0.01668339 0.60971965]
2025-08-25 02:43:06,642 - DEBUG -    球体半径: 0.013472
2025-08-25 02:43:06,642 - DEBUG -    采样点数: 21
2025-08-25 02:43:06,642 - DEBUG -    点类型分布: {'eye_contours': 16, 'iris_boundaries': 4, 'pupil_center': 1}
2025-08-25 02:43:06,642 - DEBUG -    理论距离向量: [0.01367232 0.01432232 0.01432232 0.01432232 0.01432232 0.01497232
 0.01497232 0.01497232 0.01497232 0.01497232 0.01497232 0.01497232
 0.01497232 0.01497232 0.01497232 0.01497232 0.01497232 0.01497232
 0.01497232 0.01497232 0.01497232]
2025-08-25 02:43:06,642 - DEBUG -    实际距离向量: [0.00992418 0.01431416 0.01146807 0.01353007 0.01497328 0.026356
 0.02325869 0.01727271 0.01144045 0.01019274 0.01492933 0.01902195
 0.02186631 0.0241015  0.02159658 0.0190689  0.01606038 0.01372676
 0.01482716 0.01946056 0.02411044]
2025-08-25 02:43:06,642 - DEBUG -    生理偏差向量: [0.0002  0.00085 0.00085 0.00085 0.00085 0.0015  0.0015  0.0015  0.0015
 0.0015  0.0015  0.0015  0.0015  0.0015  0.0015  0.0015  0.0015  0.0015
 0.0015  0.0015  0.0015 ]
2025-08-25 02:43:06,642 - DEBUG -    残差向量 f(θ): 
[[-3.74814030e-03]
 [-8.16439534e-06]
 [-2.85425809e-03]
 [-7.92254771e-04]
 [ 6.50955848e-04]
 [ 1.13836732e-02]
 [ 8.28636174e-03]
 [ 2.30038302e-03]
 [-3.53187828e-03]
 [-4.77958104e-03]
 [-4.29937613e-05]
 [ 4.04963027e-03]
 [ 6.89398712e-03]
 [ 9.12918068e-03]
 [ 6.62425784e-03]
 [ 4.09657955e-03]
 [ 1.08805410e-03]
 [-1.24556717e-03]
 [-1.45163470e-04]
 [ 4.48823938e-03]
 [ 9.13811921e-03]]
2025-08-25 02:43:06,642 - DEBUG -    平均残差范数: 0.001143
2025-08-25 02:43:06,642 - DEBUG -    残差范数=0.024009
2025-08-25 02:43:06,642 - INFO - -----------------------------------------------------------------------------------
2025-08-25 02:43:06,642 - DEBUG - 🔍 深度约束计算详情 (softplus):
2025-08-25 02:43:06,642 - DEBUG -    采样点Z坐标范围: [0.600000, 0.602651]
2025-08-25 02:43:06,642 - DEBUG -    球心Z坐标: 0.609720
2025-08-25 02:43:06,642 - DEBUG -    深度偏移ε: 0.000200
2025-08-25 02:43:06,642 - DEBUG -    softplus参数τ: 0.001000
2025-08-25 02:43:06,642 - DEBUG -    原始违反值: -0.006869
2025-08-25 02:43:06,642 - DEBUG -    softplus输入 u: -6.868890
2025-08-25 02:43:06,642 - DEBUG -    约束惩罚 h(θ): 0.000001
2025-08-25 02:43:06,642 - DEBUG -    🟢 深度约束满足: 球心深度足够
2025-08-25 02:43:06,642 - INFO - -----------------------------------------------------------------------------------
2025-08-25 02:43:06,642 - DEBUG - 🔍 半径惩罚计算详情:
2025-08-25 02:43:06,642 - DEBUG -    当前半径: 0.013472
2025-08-25 02:43:06,651 - DEBUG -    半径先验值: 0.012000
2025-08-25 02:43:06,651 - DEBUG -    半径残差 r(θ): 0.001472
2025-08-25 02:43:06,651 - DEBUG -    数据残差 f(θ): [[-3.74814030e-03]
 [-8.16439534e-06]
 [-2.85425809e-03]
 [-7.92254771e-04]
 [ 6.50955848e-04]
 [ 1.13836732e-02]
 [ 8.28636174e-03]
 [ 2.30038302e-03]
 [-3.53187828e-03]
 [-4.77958104e-03]
 [-4.29937613e-05]
 [ 4.04963027e-03]
 [ 6.89398712e-03]
 [ 9.12918068e-03]
 [ 6.62425784e-03]
 [ 4.09657955e-03]
 [ 1.08805410e-03]
 [-1.24556717e-03]
 [-1.45163470e-04]
 [ 4.48823938e-03]
 [ 9.13811921e-03]]
2025-08-25 02:43:06,651 - DEBUG -    约束残差 g(θ): [[1.03909008e-06]]
2025-08-25 02:43:06,651 - DEBUG -    半径残差 r(θ): [[0.00147232]]
2025-08-25 02:43:06,652 - DEBUG - 🔍 状态变化计算: 参数变化=0.002703, 残差变化=0.001945
2025-08-25 02:43:06,652 - INFO - -----------------------------------------------------------------------------------
2025-08-25 02:43:06,652 - DEBUG - 🔍 权重管理器状态更新详情:
2025-08-25 02:43:06,652 - DEBUG -    当前迭代: 1
2025-08-25 02:43:06,652 - DEBUG -    参数变化: 0.002703 (阈值: 0.000005)
2025-08-25 02:43:06,652 - DEBUG -    残差变化: 0.001945 (阈值: 0.000005)
2025-08-25 02:43:06,652 - DEBUG -    几何权重因子: 10
2025-08-25 02:43:06,652 - DEBUG - ⏸️ 保持图像置信度权重: 参数变化=2.70e-03, 残差变化=1.94e-03
2025-08-25 02:43:06,652 - DEBUG - 状态已保存: 参数=[0.12429132 0.01668339 0.60971965 0.01347232], 残差范数=0.024009
2025-08-25 02:43:06,652 - DEBUG - 🔍 获取visibility信息: 形状=(21,), 范围=[1.000, 1.000]
2025-08-25 02:43:06,652 - DEBUG - 🔧 设置图像置信度权重: 21个点
2025-08-25 02:43:06,652 - DEBUG - 🔍 开始计算权重矩阵:
2025-08-25 02:43:06,652 - DEBUG -    点类型: ['pupil_center', 'iris_boundaries', 'iris_boundaries', 'iris_boundaries', 'iris_boundaries', 'eye_contours', 'eye_contours', 'eye_contours', 'eye_contours', 'eye_contours', 'eye_contours', 'eye_contours', 'eye_contours', 'eye_contours', 'eye_contours', 'eye_contours', 'eye_contours', 'eye_contours', 'eye_contours', 'eye_contours', 'eye_contours']
2025-08-25 02:43:06,652 - DEBUG -    残差向量: 形状=(21,), 范数=0.024009
2025-08-25 02:43:06,652 - DEBUG -    Visibility: 形状=(21,), 均值=1.000
2025-08-25 02:43:06,652 - DEBUG - 🔍 权重矩阵计算成功: 形状=(21, 21)
2025-08-25 02:43:06,652 - DEBUG - 🔍 几何权重统计:
2025-08-25 02:43:06,652 - DEBUG -    权重向量: [[1.]
 [1.]
 [1.]
 [1.]
 [1.]
 [1.]
 [1.]
 [1.]
 [1.]
 [1.]
 [1.]
 [1.]
 [1.]
 [1.]
 [1.]
 [1.]
 [1.]
 [1.]
 [1.]
 [1.]
 [1.]]
2025-08-25 02:43:06,657 - DEBUG -    权重范围: [1.000000, 1.000000]
2025-08-25 02:43:06,657 - DEBUG -    权重均值: 1.000000
2025-08-25 02:43:06,657 - DEBUG -    权重标准差: 0.000000
2025-08-25 02:43:06,658 - DEBUG -    高权重点(>0.8): 21/21
2025-08-25 02:43:06,658 - DEBUG -    低权重点(<0.2): 0/21
2025-08-25 02:43:06,658 - INFO - -----------------------------------------------------------------------------------
2025-08-25 02:43:06,658 - DEBUG - 🔍 开始求解LM更新方程:
2025-08-25 02:43:06,658 - DEBUG -    数据残差: 形状=(21,), 范数=0.024009
2025-08-25 02:43:06,658 - DEBUG -    约束残差: 形状=(1,), 范数=0.000001
2025-08-25 02:43:06,658 - DEBUG - 🔍 计算数据残差雅可比矩阵 J_f: 形状=(21, 4)
2025-08-25 02:43:06,659 - DEBUG - 🔍 J_f矩阵计算完成: 条件数=7.89e+00
2025-08-25 02:43:06,659 - DEBUG - 🔍 深度约束雅可比计算: u=-6.868890, σ=0.001039, J_h=[[ 0.          0.         -0.00103855  0.        ]]
2025-08-25 02:43:06,660 - DEBUG - 🔍 半径先验雅可比: J_r=[[0. 0. 0. 1.]]
2025-08-25 02:43:06,660 - DEBUG - 🔍 使用几何权重矩阵: 形状=(21, 21)
2025-08-25 02:43:06,660 - DEBUG - 🔍 Hessian矩阵计算:
2025-08-25 02:43:06,660 - DEBUG -    H_data = J_f^T W J_f: 形状=(4, 4), 条件数=6.23e+01
2025-08-25 02:43:06,660 - DEBUG -    H_h = λ_depth J_h^T J_h: 形状=(4, 4), λ_depth=1000.0
2025-08-25 02:43:06,660 - DEBUG -    H_r = λ_radius J_r^T J_r: 形状=(4, 4), λ_radius=20.0
2025-08-25 02:43:06,660 - DEBUG -    H_total: 形状=(4, 4), 条件数=1.76e+01
2025-08-25 02:43:06,660 - DEBUG - 🔍 梯度计算:
2025-08-25 02:43:06,660 - DEBUG -    g_data: 形状=(4,), 范数=0.055204
2025-08-25 02:43:06,660 - DEBUG -    g_h: 形状=(4,), 范数=0.000001
2025-08-25 02:43:06,660 - DEBUG -    g_r: 形状=(4,), 范数=0.029446
2025-08-25 02:43:06,660 - DEBUG -    g_total: 形状=(4,), 范数=0.030201
2025-08-25 02:43:06,660 - DEBUG - 🔍 LM阻尼矩阵: H_lm = H_total + 0.01 * I
2025-08-25 02:43:06,660 - DEBUG -    H_lm条件数: 1.75e+01
2025-08-25 02:43:06,660 - DEBUG - 🔍 线性方程组求解成功:
2025-08-25 02:43:06,660 - DEBUG -    参数更新向量 Δθ: [[-7.78854115e-05]
 [-5.14713121e-03]
 [ 5.59275428e-04]
 [-1.18071947e-04]]
2025-08-25 02:43:06,660 - DEBUG -    更新向量范数: 0.005179
2025-08-25 02:43:06,664 - DEBUG -    各分量更新: Δc_x=-0.000078, Δc_y=-0.005147, Δc_z=0.000559, Δr=-0.000118
2025-08-25 02:43:06,664 - DEBUG -    参数更新:
2025-08-25 02:43:06,664 - DEBUG -      旧参数: [[0.12429132]
 [0.01668339]
 [0.60971965]
 [0.01347232]]
2025-08-25 02:43:06,664 - DEBUG -      更新向量: [[-7.78854115e-05]
 [-5.14713121e-03]
 [ 5.59275428e-04]
 [-1.18071947e-04]]
2025-08-25 02:43:06,664 - DEBUG -      新参数: [[0.12421344]
 [0.01153626]
 [0.61027893]
 [0.01335425]]
2025-08-25 02:43:06,664 - INFO - -----------------------------------------------------------------------------------
2025-08-25 02:43:06,664 - INFO - 🔍 迭代第1次，球心向右0.077885mm，向上5.147131mm，向后0.559275mm，半径变小0.118072mm
2025-08-25 02:43:06,664 - INFO - 📊 变化前: 中心(0.124, 0.017, 0.610), 半径13.47mm
2025-08-25 02:43:06,664 - INFO - 📊 变化后: 中心(0.124, 0.012, 0.610), 半径13.35mm
2025-08-25 02:43:06,664 - INFO - 📈 变化量: 中心移动5.15mm, 半径变化0.12mm
2025-08-25 02:43:06,664 - INFO - 📍 眼球中心: [0.12429132 0.01668339 0.60971965]
2025-08-25 02:43:06,664 - INFO - 📏 眼球半径: 13.47mm
2025-08-25 02:43:06,667 - INFO - 👁️ 瞳孔中心: [0.124      0.01866667 0.60000002]
2025-08-25 02:43:06,667 - INFO - 📐 眼球中心在瞳孔中心的右0.29mm，上1.98mm，后9.72mm
2025-08-25 02:43:06,667 - INFO - 📏 距离: 9.92mm
2025-08-25 02:43:06,667 - INFO - -----------------------------------------------------------------------------------
2025-08-25 02:43:06,667 - INFO - -----------------------------------------------------------------------------------
2025-08-25 02:43:06,667 - DEBUG - 🔍 参数有效性检查:
2025-08-25 02:43:06,667 - DEBUG -    参数向量: [[0.12421344]
 [0.01153626]
 [0.61027893]
 [0.01335425]]
2025-08-25 02:43:06,669 - DEBUG -    球心: [0.12421344 0.01153626 0.61027893]
2025-08-25 02:43:06,669 - DEBUG -    半径: 0.013354
2025-08-25 02:43:06,669 - DEBUG - 🔍 函数值计算详情:
2025-08-25 02:43:06,669 - DEBUG -    数据项 F(θ): 0.000288
2025-08-25 02:43:06,669 - DEBUG -    深度约束项: 0.000000
2025-08-25 02:43:06,669 - DEBUG -    半径先验项: 0.000022
2025-08-25 02:43:06,669 - DEBUG -    总函数值 Φ(θ): 0.000310
2025-08-25 02:43:06,669 - DEBUG -    函数值改善: 0.000027
2025-08-25 02:43:06,669 - DEBUG - 🔍 参数有效: True
2025-08-25 02:43:06,669 - DEBUG -    参数更新成功:
2025-08-25 02:43:06,669 - DEBUG -      新球心: [0.12421344 0.01153626 0.61027893]
2025-08-25 02:43:06,669 - DEBUG -      新半径: 0.013354
2025-08-25 02:43:06,669 - INFO - -----------------------------------------------------------------------------------
2025-08-25 02:43:06,669 - DEBUG - 🔍 LM收敛性检查:
2025-08-25 02:43:06,669 - DEBUG -    当前迭代次数: 1
2025-08-25 02:43:06,669 - DEBUG -    最大迭代次数: 30
2025-08-25 02:43:06,669 - DEBUG -    参数变化: 0.005179
2025-08-25 02:43:06,669 - DEBUG -    参数容忍度: 5e-06
2025-08-25 02:43:06,669 - DEBUG -    残差变化: 0.000000
2025-08-25 02:43:06,669 - DEBUG -    残差容忍度: 5e-06
2025-08-25 02:43:06,669 - DEBUG - 🔍 迭代 3/30:
2025-08-25 02:43:06,669 - DEBUG - 🔍 计算点到球心距离: 形状=(21,)
2025-08-25 02:43:06,669 - DEBUG - 🔍 生理偏差向量计算:
2025-08-25 02:43:06,669 - DEBUG -    点类型列表: ['pupil_center', 'iris_boundaries', 'iris_boundaries', 'iris_boundaries', 'iris_boundaries', 'eye_contours', 'eye_contours', 'eye_contours', 'eye_contours', 'eye_contours', 'eye_contours', 'eye_contours', 'eye_contours', 'eye_contours', 'eye_contours', 'eye_contours', 'eye_contours', 'eye_contours', 'eye_contours', 'eye_contours', 'eye_contours']
2025-08-25 02:43:06,669 - DEBUG -    偏差向量: [0.0002  0.00085 0.00085 0.00085 0.00085 0.0015  0.0015  0.0015  0.0015
 0.0015  0.0015  0.0015  0.0015  0.0015  0.0015  0.0015  0.0015  0.0015
 0.0015  0.0015  0.0015 ]
2025-08-25 02:43:06,669 - DEBUG -    向量形状: (21,)
2025-08-25 02:43:06,669 - DEBUG -    偏差统计: 均值=0.001314, 标准差=0.000356
2025-08-25 02:43:06,669 - DEBUG - 获取生理偏差: 点类型=['pupil_center', 'iris_boundaries', 'iris_boundaries', 'iris_boundaries', 'iris_boundaries', 'eye_contours', 'eye_contours', 'eye_contours', 'eye_contours', 'eye_contours', 'eye_contours', 'eye_contours', 'eye_contours', 'eye_contours', 'eye_contours', 'eye_contours', 'eye_contours', 'eye_contours', 'eye_contours', 'eye_contours', 'eye_contours'], 偏差值=[0.0002  0.00085 0.00085 0.00085 0.00085 0.0015  0.0015  0.0015  0.0015
 0.0015  0.0015  0.0015  0.0015  0.0015  0.0015  0.0015  0.0015  0.0015
 0.0015  0.0015  0.0015 ]
2025-08-25 02:43:06,669 - INFO - -----------------------------------------------------------------------------------
2025-08-25 02:43:06,669 - DEBUG - 🔍 拟合残差计算详情:
2025-08-25 02:43:06,676 - DEBUG -    球心坐标: [0.12421344 0.01153626 0.61027893]
2025-08-25 02:43:06,676 - DEBUG -    球体半径: 0.013354
2025-08-25 02:43:06,676 - DEBUG -    采样点数: 21
2025-08-25 02:43:06,676 - DEBUG -    点类型分布: {'eye_contours': 16, 'iris_boundaries': 4, 'pupil_center': 1}
2025-08-25 02:43:06,676 - DEBUG -    理论距离向量: [0.01355425 0.01420425 0.01420425 0.01420425 0.01420425 0.01485425
 0.01485425 0.01485425 0.01485425 0.01485425 0.01485425 0.01485425
 0.01485425 0.01485425 0.01485425 0.01485425 0.01485425 0.01485425
 0.01485425 0.01485425 0.01485425]
2025-08-25 02:43:06,676 - DEBUG -    实际距离向量: [0.01251176 0.01618955 0.00945595 0.01562307 0.01959664 0.0283569
 0.02492194 0.01833045 0.01182986 0.0102578  0.01533448 0.01983702
 0.02292305 0.02531718 0.02362448 0.02178434 0.01967998 0.01816215
 0.01891195 0.02243748 0.02645465]
2025-08-25 02:43:06,676 - DEBUG -    生理偏差向量: [0.0002  0.00085 0.00085 0.00085 0.00085 0.0015  0.0015  0.0015  0.0015
 0.0015  0.0015  0.0015  0.0015  0.0015  0.0015  0.0015  0.0015  0.0015
 0.0015  0.0015  0.0015 ]
2025-08-25 02:43:06,676 - DEBUG -    残差向量 f(θ): 
[[-0.00104249]
 [ 0.0019853 ]
 [-0.0047483 ]
 [ 0.00141882]
 [ 0.00539239]
 [ 0.01350265]
 [ 0.01006769]
 [ 0.0034762 ]
 [-0.00302439]
 [-0.00459645]
 [ 0.00048023]
 [ 0.00498277]
 [ 0.0080688 ]
 [ 0.01046293]
 [ 0.00877023]
 [ 0.00693008]
 [ 0.00482573]
 [ 0.0033079 ]
 [ 0.0040577 ]
 [ 0.00758323]
 [ 0.01160039]]
2025-08-25 02:43:06,676 - DEBUG -    平均残差范数: 0.001469
2025-08-25 02:43:06,676 - DEBUG -    残差范数=0.030855
2025-08-25 02:43:06,676 - INFO - -----------------------------------------------------------------------------------
2025-08-25 02:43:06,676 - DEBUG - 🔍 深度约束计算详情 (softplus):
2025-08-25 02:43:06,676 - DEBUG -    采样点Z坐标范围: [0.600000, 0.602651]
2025-08-25 02:43:06,676 - DEBUG -    球心Z坐标: 0.610279
2025-08-25 02:43:06,676 - DEBUG -    深度偏移ε: 0.000200
2025-08-25 02:43:06,676 - DEBUG -    softplus参数τ: 0.001000
2025-08-25 02:43:06,676 - DEBUG -    原始违反值: -0.007428
2025-08-25 02:43:06,676 - DEBUG -    softplus输入 u: -7.428166
2025-08-25 02:43:06,676 - DEBUG -    约束惩罚 h(θ): 0.000001
2025-08-25 02:43:06,676 - DEBUG -    🟢 深度约束满足: 球心深度足够
2025-08-25 02:43:06,676 - INFO - -----------------------------------------------------------------------------------
2025-08-25 02:43:06,676 - DEBUG - 🔍 半径惩罚计算详情:
2025-08-25 02:43:06,676 - DEBUG -    当前半径: 0.013354
2025-08-25 02:43:06,676 - DEBUG -    半径先验值: 0.012000
2025-08-25 02:43:06,676 - DEBUG -    半径残差 r(θ): 0.001354
2025-08-25 02:43:06,676 - DEBUG -    数据残差 f(θ): [[-0.00104249]
 [ 0.0019853 ]
 [-0.0047483 ]
 [ 0.00141882]
 [ 0.00539239]
 [ 0.01350265]
 [ 0.01006769]
 [ 0.0034762 ]
 [-0.00302439]
 [-0.00459645]
 [ 0.00048023]
 [ 0.00498277]
 [ 0.0080688 ]
 [ 0.01046293]
 [ 0.00877023]
 [ 0.00693008]
 [ 0.00482573]
 [ 0.0033079 ]
 [ 0.0040577 ]
 [ 0.00758323]
 [ 0.01160039]]
2025-08-25 02:43:06,676 - DEBUG -    约束残差 g(θ): [[5.94100074e-07]]
2025-08-25 02:43:06,683 - DEBUG -    半径残差 r(θ): [[0.00135425]]
2025-08-25 02:43:06,683 - DEBUG - 🔍 状态变化计算: 参数变化=0.005179, 残差变化=0.006846
2025-08-25 02:43:06,683 - INFO - -----------------------------------------------------------------------------------
2025-08-25 02:43:06,683 - DEBUG - 🔍 权重管理器状态更新详情:
2025-08-25 02:43:06,683 - DEBUG -    当前迭代: 2
2025-08-25 02:43:06,683 - DEBUG -    参数变化: 0.005179 (阈值: 0.000005)
2025-08-25 02:43:06,684 - DEBUG -    残差变化: 0.006846 (阈值: 0.000005)
2025-08-25 02:43:06,684 - DEBUG -    几何权重因子: 10
2025-08-25 02:43:06,684 - DEBUG - ⏸️ 保持图像置信度权重: 参数变化=5.18e-03, 残差变化=6.85e-03
2025-08-25 02:43:06,684 - DEBUG - 状态已保存: 参数=[0.12421344 0.01153626 0.61027893 0.01335425], 残差范数=0.030855
2025-08-25 02:43:06,684 - DEBUG - 🔍 获取visibility信息: 形状=(21,), 范围=[1.000, 1.000]
2025-08-25 02:43:06,684 - DEBUG - 🔧 设置图像置信度权重: 21个点
2025-08-25 02:43:06,684 - DEBUG - 🔍 开始计算权重矩阵:
2025-08-25 02:43:06,686 - DEBUG -    点类型: ['pupil_center', 'iris_boundaries', 'iris_boundaries', 'iris_boundaries', 'iris_boundaries', 'eye_contours', 'eye_contours', 'eye_contours', 'eye_contours', 'eye_contours', 'eye_contours', 'eye_contours', 'eye_contours', 'eye_contours', 'eye_contours', 'eye_contours', 'eye_contours', 'eye_contours', 'eye_contours', 'eye_contours', 'eye_contours']
2025-08-25 02:43:06,686 - DEBUG -    残差向量: 形状=(21,), 范数=0.030855
2025-08-25 02:43:06,686 - DEBUG -    Visibility: 形状=(21,), 均值=1.000
2025-08-25 02:43:06,686 - DEBUG - 🔍 权重矩阵计算成功: 形状=(21, 21)
2025-08-25 02:43:06,688 - DEBUG - 🔍 几何权重统计:
2025-08-25 02:43:06,688 - DEBUG -    权重向量: [[1.]
 [1.]
 [1.]
 [1.]
 [1.]
 [1.]
 [1.]
 [1.]
 [1.]
 [1.]
 [1.]
 [1.]
 [1.]
 [1.]
 [1.]
 [1.]
 [1.]
 [1.]
 [1.]
 [1.]
 [1.]]
2025-08-25 02:43:06,689 - DEBUG -    权重范围: [1.000000, 1.000000]
2025-08-25 02:43:06,689 - DEBUG -    权重均值: 1.000000
2025-08-25 02:43:06,689 - DEBUG -    权重标准差: 0.000000
2025-08-25 02:43:06,689 - DEBUG -    高权重点(>0.8): 21/21
2025-08-25 02:43:06,689 - DEBUG -    低权重点(<0.2): 0/21
2025-08-25 02:43:06,689 - INFO - -----------------------------------------------------------------------------------
2025-08-25 02:43:06,689 - DEBUG - 🔍 开始求解LM更新方程:
2025-08-25 02:43:06,689 - DEBUG -    数据残差: 形状=(21,), 范数=0.030855
2025-08-25 02:43:06,689 - DEBUG -    约束残差: 形状=(1,), 范数=0.000001
2025-08-25 02:43:06,689 - DEBUG - 🔍 计算数据残差雅可比矩阵 J_f: 形状=(21, 4)
2025-08-25 02:43:06,692 - DEBUG - 🔍 J_f矩阵计算完成: 条件数=9.46e+00
2025-08-25 02:43:06,692 - DEBUG - 🔍 深度约束雅可比计算: u=-7.428166, σ=0.000594, J_h=[[ 0.          0.         -0.00059392  0.        ]]
2025-08-25 02:43:06,692 - DEBUG - 🔍 半径先验雅可比: J_r=[[0. 0. 0. 1.]]
2025-08-25 02:43:06,692 - DEBUG - 🔍 使用几何权重矩阵: 形状=(21, 21)
2025-08-25 02:43:06,693 - DEBUG - 🔍 Hessian矩阵计算:
2025-08-25 02:43:06,693 - DEBUG -    H_data = J_f^T W J_f: 形状=(4, 4), 条件数=8.96e+01
2025-08-25 02:43:06,693 - DEBUG -    H_h = λ_depth J_h^T J_h: 形状=(4, 4), λ_depth=1000.0
2025-08-25 02:43:06,694 - DEBUG -    H_r = λ_radius J_r^T J_r: 形状=(4, 4), λ_radius=20.0
2025-08-25 02:43:06,695 - DEBUG -    H_total: 形状=(4, 4), 条件数=2.89e+01
2025-08-25 02:43:06,695 - DEBUG - 🔍 梯度计算:
2025-08-25 02:43:06,695 - DEBUG -    g_data: 形状=(4,), 范数=0.110679
2025-08-25 02:43:06,695 - DEBUG -    g_h: 形状=(4,), 范数=0.000000
2025-08-25 02:43:06,695 - DEBUG -    g_r: 形状=(4,), 范数=0.027085
2025-08-25 02:43:06,695 - DEBUG -    g_total: 形状=(4,), 范数=0.088985
2025-08-25 02:43:06,697 - DEBUG - 🔍 LM阻尼矩阵: H_lm = H_total + 0.01 * I
2025-08-25 02:43:06,697 - DEBUG -    H_lm条件数: 2.88e+01
2025-08-25 02:43:06,697 - DEBUG - 🔍 线性方程组求解成功:
2025-08-25 02:43:06,697 - DEBUG -    参数更新向量 Δθ: [[-0.00016354]
 [-0.01241603]
 [-0.00288449]
 [-0.00031262]]
2025-08-25 02:43:06,697 - DEBUG -    更新向量范数: 0.012752
2025-08-25 02:43:06,697 - DEBUG -    各分量更新: Δc_x=-0.000164, Δc_y=-0.012416, Δc_z=-0.002884, Δr=-0.000313
2025-08-25 02:43:06,699 - DEBUG -    参数更新:
2025-08-25 02:43:06,699 - DEBUG -      旧参数: [[0.12421344]
 [0.01153626]
 [0.61027893]
 [0.01335425]]
2025-08-25 02:43:06,699 - DEBUG -      更新向量: [[-0.00016354]
 [-0.01241603]
 [-0.00288449]
 [-0.00031262]]
2025-08-25 02:43:06,699 - DEBUG -      新参数: [[ 0.1240499 ]
 [-0.00087977]
 [ 0.60739444]
 [ 0.01304163]]
2025-08-25 02:43:06,699 - INFO - -----------------------------------------------------------------------------------
2025-08-25 02:43:06,700 - INFO - 🔍 迭代第2次，球心向右0.163541mm，向上12.416034mm，向前2.884486mm，半径变小0.312624mm
2025-08-25 02:43:06,700 - INFO - 📊 变化前: 中心(0.124, 0.012, 0.610), 半径13.35mm
2025-08-25 02:43:06,700 - INFO - 📊 变化后: 中心(0.124, -0.001, 0.607), 半径13.04mm
2025-08-25 02:43:06,700 - INFO - 📈 变化量: 中心移动12.42mm, 半径变化0.31mm
2025-08-25 02:43:06,700 - INFO - 📍 眼球中心: [0.12421344 0.01153626 0.61027893]
2025-08-25 02:43:06,700 - INFO - 📏 眼球半径: 13.35mm
2025-08-25 02:43:06,700 - INFO - 👁️ 瞳孔中心: [0.124      0.01866667 0.60000002]
2025-08-25 02:43:06,700 - INFO - 📐 眼球中心在瞳孔中心的右0.21mm，上7.13mm，后10.28mm
2025-08-25 02:43:06,700 - INFO - 📏 距离: 12.51mm
2025-08-25 02:43:06,704 - INFO - -----------------------------------------------------------------------------------
2025-08-25 02:43:06,705 - INFO - -----------------------------------------------------------------------------------
2025-08-25 02:43:06,705 - DEBUG - 🔍 参数有效性检查:
2025-08-25 02:43:06,705 - DEBUG -    参数向量: [[ 0.1240499 ]
 [-0.00087977]
 [ 0.60739444]
 [ 0.01304163]]
2025-08-25 02:43:06,705 - DEBUG -    球心: [ 0.1240499  -0.00087977  0.60739444]
2025-08-25 02:43:06,705 - DEBUG -    半径: 0.013042
2025-08-25 02:43:06,705 - DEBUG - 🔍 函数值计算详情:
2025-08-25 02:43:06,705 - DEBUG -    数据项 F(θ): 0.000476
2025-08-25 02:43:06,705 - DEBUG -    深度约束项: 0.000000
2025-08-25 02:43:06,705 - DEBUG -    半径先验项: 0.000018
2025-08-25 02:43:06,705 - DEBUG -    总函数值 Φ(θ): 0.000494
2025-08-25 02:43:06,705 - DEBUG -    函数值改善: -0.000184
2025-08-25 02:43:06,705 - DEBUG - 🔍 参数有效: False
2025-08-25 02:43:06,705 - DEBUG -    参数无效，阻尼因子调整: λ_LM = 1.00e-01
2025-08-25 02:43:06,709 - DEBUG - 🔍 迭代 4/30:
2025-08-25 02:43:06,709 - DEBUG - 🔍 计算点到球心距离: 形状=(21,)
2025-08-25 02:43:06,709 - DEBUG - 🔍 生理偏差向量计算:
2025-08-25 02:43:06,709 - DEBUG -    点类型列表: ['pupil_center', 'iris_boundaries', 'iris_boundaries', 'iris_boundaries', 'iris_boundaries', 'eye_contours', 'eye_contours', 'eye_contours', 'eye_contours', 'eye_contours', 'eye_contours', 'eye_contours', 'eye_contours', 'eye_contours', 'eye_contours', 'eye_contours', 'eye_contours', 'eye_contours', 'eye_contours', 'eye_contours', 'eye_contours']
2025-08-25 02:43:06,709 - DEBUG -    偏差向量: [0.0002  0.00085 0.00085 0.00085 0.00085 0.0015  0.0015  0.0015  0.0015
 0.0015  0.0015  0.0015  0.0015  0.0015  0.0015  0.0015  0.0015  0.0015
 0.0015  0.0015  0.0015 ]
2025-08-25 02:43:06,709 - DEBUG -    向量形状: (21,)
2025-08-25 02:43:06,709 - DEBUG -    偏差统计: 均值=0.001314, 标准差=0.000356
2025-08-25 02:43:06,709 - DEBUG - 获取生理偏差: 点类型=['pupil_center', 'iris_boundaries', 'iris_boundaries', 'iris_boundaries', 'iris_boundaries', 'eye_contours', 'eye_contours', 'eye_contours', 'eye_contours', 'eye_contours', 'eye_contours', 'eye_contours', 'eye_contours', 'eye_contours', 'eye_contours', 'eye_contours', 'eye_contours', 'eye_contours', 'eye_contours', 'eye_contours', 'eye_contours'], 偏差值=[0.0002  0.00085 0.00085 0.00085 0.00085 0.0015  0.0015  0.0015  0.0015
 0.0015  0.0015  0.0015  0.0015  0.0015  0.0015  0.0015  0.0015  0.0015
 0.0015  0.0015  0.0015 ]
2025-08-25 02:43:06,709 - INFO - -----------------------------------------------------------------------------------
2025-08-25 02:43:06,709 - DEBUG - 🔍 拟合残差计算详情:
2025-08-25 02:43:06,712 - DEBUG -    球心坐标: [0.12421344 0.01153626 0.61027893]
2025-08-25 02:43:06,712 - DEBUG -    球体半径: 0.013354
2025-08-25 02:43:06,712 - DEBUG -    采样点数: 21
2025-08-25 02:43:06,712 - DEBUG -    点类型分布: {'eye_contours': 16, 'iris_boundaries': 4, 'pupil_center': 1}
2025-08-25 02:43:06,712 - DEBUG -    理论距离向量: [0.01355425 0.01420425 0.01420425 0.01420425 0.01420425 0.01485425
 0.01485425 0.01485425 0.01485425 0.01485425 0.01485425 0.01485425
 0.01485425 0.01485425 0.01485425 0.01485425 0.01485425 0.01485425
 0.01485425 0.01485425 0.01485425]
2025-08-25 02:43:06,712 - DEBUG -    实际距离向量: [0.01251176 0.01618955 0.00945595 0.01562307 0.01959664 0.0283569
 0.02492194 0.01833045 0.01182986 0.0102578  0.01533448 0.01983702
 0.02292305 0.02531718 0.02362448 0.02178434 0.01967998 0.01816215
 0.01891195 0.02243748 0.02645465]
2025-08-25 02:43:06,712 - DEBUG -    生理偏差向量: [0.0002  0.00085 0.00085 0.00085 0.00085 0.0015  0.0015  0.0015  0.0015
 0.0015  0.0015  0.0015  0.0015  0.0015  0.0015  0.0015  0.0015  0.0015
 0.0015  0.0015  0.0015 ]
2025-08-25 02:43:06,712 - DEBUG -    残差向量 f(θ): 
[[-0.00104249]
 [ 0.0019853 ]
 [-0.0047483 ]
 [ 0.00141882]
 [ 0.00539239]
 [ 0.01350265]
 [ 0.01006769]
 [ 0.0034762 ]
 [-0.00302439]
 [-0.00459645]
 [ 0.00048023]
 [ 0.00498277]
 [ 0.0080688 ]
 [ 0.01046293]
 [ 0.00877023]
 [ 0.00693008]
 [ 0.00482573]
 [ 0.0033079 ]
 [ 0.0040577 ]
 [ 0.00758323]
 [ 0.01160039]]
2025-08-25 02:43:06,712 - DEBUG -    平均残差范数: 0.001469
2025-08-25 02:43:06,712 - DEBUG -    残差范数=0.030855
2025-08-25 02:43:06,712 - INFO - -----------------------------------------------------------------------------------
2025-08-25 02:43:06,712 - DEBUG - 🔍 深度约束计算详情 (softplus):
2025-08-25 02:43:06,712 - DEBUG -    采样点Z坐标范围: [0.600000, 0.602651]
2025-08-25 02:43:06,712 - DEBUG -    球心Z坐标: 0.610279
2025-08-25 02:43:06,712 - DEBUG -    深度偏移ε: 0.000200
2025-08-25 02:43:06,712 - DEBUG -    softplus参数τ: 0.001000
2025-08-25 02:43:06,712 - DEBUG -    原始违反值: -0.007428
2025-08-25 02:43:06,712 - DEBUG -    softplus输入 u: -7.428166
2025-08-25 02:43:06,712 - DEBUG -    约束惩罚 h(θ): 0.000001
2025-08-25 02:43:06,717 - DEBUG -    🟢 深度约束满足: 球心深度足够
2025-08-25 02:43:06,717 - INFO - -----------------------------------------------------------------------------------
2025-08-25 02:43:06,717 - DEBUG - 🔍 半径惩罚计算详情:
2025-08-25 02:43:06,717 - DEBUG -    当前半径: 0.013354
2025-08-25 02:43:06,717 - DEBUG -    半径先验值: 0.012000
2025-08-25 02:43:06,717 - DEBUG -    半径残差 r(θ): 0.001354
2025-08-25 02:43:06,717 - DEBUG -    数据残差 f(θ): [[-0.00104249]
 [ 0.0019853 ]
 [-0.0047483 ]
 [ 0.00141882]
 [ 0.00539239]
 [ 0.01350265]
 [ 0.01006769]
 [ 0.0034762 ]
 [-0.00302439]
 [-0.00459645]
 [ 0.00048023]
 [ 0.00498277]
 [ 0.0080688 ]
 [ 0.01046293]
 [ 0.00877023]
 [ 0.00693008]
 [ 0.00482573]
 [ 0.0033079 ]
 [ 0.0040577 ]
 [ 0.00758323]
 [ 0.01160039]]
2025-08-25 02:43:06,717 - DEBUG -    约束残差 g(θ): [[5.94100074e-07]]
2025-08-25 02:43:06,719 - DEBUG -    半径残差 r(θ): [[0.00135425]]
2025-08-25 02:43:06,719 - DEBUG - 🔍 状态变化计算: 参数变化=0.000000, 残差变化=0.000000
2025-08-25 02:43:06,719 - INFO - -----------------------------------------------------------------------------------
2025-08-25 02:43:06,719 - DEBUG - 🔍 权重管理器状态更新详情:
2025-08-25 02:43:06,719 - DEBUG -    当前迭代: 3
2025-08-25 02:43:06,719 - DEBUG -    参数变化: 0.000000 (阈值: 0.000005)
2025-08-25 02:43:06,719 - DEBUG -    残差变化: 0.000000 (阈值: 0.000005)
2025-08-25 02:43:06,719 - DEBUG -    几何权重因子: 10
2025-08-25 02:43:06,719 - DEBUG - ⏸️ 保持图像置信度权重: 参数变化=0.00e+00, 残差变化=0.00e+00
2025-08-25 02:43:06,719 - DEBUG - 状态已保存: 参数=[0.12421344 0.01153626 0.61027893 0.01335425], 残差范数=0.030855
2025-08-25 02:43:06,719 - DEBUG - 🔍 获取visibility信息: 形状=(21,), 范围=[1.000, 1.000]
2025-08-25 02:43:06,719 - DEBUG - 🔧 设置图像置信度权重: 21个点
2025-08-25 02:43:06,719 - DEBUG - 🔍 开始计算权重矩阵:
2025-08-25 02:43:06,719 - DEBUG -    点类型: ['pupil_center', 'iris_boundaries', 'iris_boundaries', 'iris_boundaries', 'iris_boundaries', 'eye_contours', 'eye_contours', 'eye_contours', 'eye_contours', 'eye_contours', 'eye_contours', 'eye_contours', 'eye_contours', 'eye_contours', 'eye_contours', 'eye_contours', 'eye_contours', 'eye_contours', 'eye_contours', 'eye_contours', 'eye_contours']
2025-08-25 02:43:06,719 - DEBUG -    残差向量: 形状=(21,), 范数=0.030855
2025-08-25 02:43:06,719 - DEBUG -    Visibility: 形状=(21,), 均值=1.000
2025-08-25 02:43:06,719 - DEBUG - 🔍 权重矩阵计算成功: 形状=(21, 21)
2025-08-25 02:43:06,723 - DEBUG - 🔍 几何权重统计:
2025-08-25 02:43:06,723 - DEBUG -    权重向量: [[1.]
 [1.]
 [1.]
 [1.]
 [1.]
 [1.]
 [1.]
 [1.]
 [1.]
 [1.]
 [1.]
 [1.]
 [1.]
 [1.]
 [1.]
 [1.]
 [1.]
 [1.]
 [1.]
 [1.]
 [1.]]
2025-08-25 02:43:06,723 - DEBUG -    权重范围: [1.000000, 1.000000]
2025-08-25 02:43:06,723 - DEBUG -    权重均值: 1.000000
2025-08-25 02:43:06,723 - DEBUG -    权重标准差: 0.000000
2025-08-25 02:43:06,723 - DEBUG -    高权重点(>0.8): 21/21
2025-08-25 02:43:06,723 - DEBUG -    低权重点(<0.2): 0/21
2025-08-25 02:43:06,723 - INFO - -----------------------------------------------------------------------------------
2025-08-25 02:43:06,723 - DEBUG - 🔍 开始求解LM更新方程:
2025-08-25 02:43:06,725 - DEBUG -    数据残差: 形状=(21,), 范数=0.030855
2025-08-25 02:43:06,725 - DEBUG -    约束残差: 形状=(1,), 范数=0.000001
2025-08-25 02:43:06,725 - DEBUG - 🔍 计算数据残差雅可比矩阵 J_f: 形状=(21, 4)
2025-08-25 02:43:06,725 - DEBUG - 🔍 J_f矩阵计算完成: 条件数=9.46e+00
2025-08-25 02:43:06,725 - DEBUG - 🔍 深度约束雅可比计算: u=-7.428166, σ=0.000594, J_h=[[ 0.          0.         -0.00059392  0.        ]]
2025-08-25 02:43:06,725 - DEBUG - 🔍 半径先验雅可比: J_r=[[0. 0. 0. 1.]]
2025-08-25 02:43:06,725 - DEBUG - 🔍 使用几何权重矩阵: 形状=(21, 21)
2025-08-25 02:43:06,725 - DEBUG - 🔍 Hessian矩阵计算:
2025-08-25 02:43:06,725 - DEBUG -    H_data = J_f^T W J_f: 形状=(4, 4), 条件数=8.96e+01
2025-08-25 02:43:06,725 - DEBUG -    H_h = λ_depth J_h^T J_h: 形状=(4, 4), λ_depth=1000.0
2025-08-25 02:43:06,725 - DEBUG -    H_r = λ_radius J_r^T J_r: 形状=(4, 4), λ_radius=20.0
2025-08-25 02:43:06,725 - DEBUG -    H_total: 形状=(4, 4), 条件数=2.89e+01
2025-08-25 02:43:06,725 - DEBUG - 🔍 梯度计算:
2025-08-25 02:43:06,725 - DEBUG -    g_data: 形状=(4,), 范数=0.110679
2025-08-25 02:43:06,725 - DEBUG -    g_h: 形状=(4,), 范数=0.000000
2025-08-25 02:43:06,725 - DEBUG -    g_r: 形状=(4,), 范数=0.027085
2025-08-25 02:43:06,725 - DEBUG -    g_total: 形状=(4,), 范数=0.088985
2025-08-25 02:43:06,725 - DEBUG - 🔍 LM阻尼矩阵: H_lm = H_total + 0.1 * I
2025-08-25 02:43:06,725 - DEBUG -    H_lm条件数: 2.73e+01
2025-08-25 02:43:06,725 - DEBUG - 🔍 线性方程组求解成功:
2025-08-25 02:43:06,725 - DEBUG -    参数更新向量 Δθ: [[-0.00013851]
 [-0.01191201]
 [-0.00257106]
 [-0.00028732]]
2025-08-25 02:43:06,725 - DEBUG -    更新向量范数: 0.012190
2025-08-25 02:43:06,725 - DEBUG -    各分量更新: Δc_x=-0.000139, Δc_y=-0.011912, Δc_z=-0.002571, Δr=-0.000287
2025-08-25 02:43:06,725 - DEBUG -    参数更新:
2025-08-25 02:43:06,725 - DEBUG -      旧参数: [[0.12421344]
 [0.01153626]
 [0.61027893]
 [0.01335425]]
2025-08-25 02:43:06,725 - DEBUG -      更新向量: [[-0.00013851]
 [-0.01191201]
 [-0.00257106]
 [-0.00028732]]
2025-08-25 02:43:06,725 - DEBUG -      新参数: [[ 1.24074926e-01]
 [-3.75745030e-04]
 [ 6.07707872e-01]
 [ 1.30669326e-02]]
2025-08-25 02:43:06,725 - INFO - -----------------------------------------------------------------------------------
2025-08-25 02:43:06,725 - INFO - 🔍 迭代第3次，球心向右0.138513mm，向上11.912008mm，向前2.571055mm，半径变小0.287319mm
2025-08-25 02:43:06,725 - INFO - 📊 变化前: 中心(0.124, 0.012, 0.610), 半径13.35mm
2025-08-25 02:43:06,725 - INFO - 📊 变化后: 中心(0.124, -0.000, 0.608), 半径13.07mm
2025-08-25 02:43:06,725 - INFO - 📈 变化量: 中心移动11.91mm, 半径变化0.29mm
2025-08-25 02:43:06,725 - INFO - 📍 眼球中心: [0.12421344 0.01153626 0.61027893]
2025-08-25 02:43:06,733 - INFO - 📏 眼球半径: 13.35mm
2025-08-25 02:43:06,733 - INFO - 👁️ 瞳孔中心: [0.124      0.01866667 0.60000002]
2025-08-25 02:43:06,733 - INFO - 📐 眼球中心在瞳孔中心的右0.21mm，上7.13mm，后10.28mm
2025-08-25 02:43:06,733 - INFO - 📏 距离: 12.51mm
2025-08-25 02:43:06,733 - INFO - -----------------------------------------------------------------------------------
2025-08-25 02:43:06,733 - INFO - -----------------------------------------------------------------------------------
2025-08-25 02:43:06,733 - DEBUG - 🔍 参数有效性检查:
2025-08-25 02:43:06,733 - DEBUG -    参数向量: [[ 1.24074926e-01]
 [-3.75745030e-04]
 [ 6.07707872e-01]
 [ 1.30669326e-02]]
2025-08-25 02:43:06,733 - DEBUG -    球心: [ 1.24074926e-01 -3.75745030e-04  6.07707872e-01]
2025-08-25 02:43:06,736 - DEBUG -    半径: 0.013067
2025-08-25 02:43:06,736 - DEBUG - 🔍 函数值计算详情:
2025-08-25 02:43:06,736 - DEBUG -    数据项 F(θ): 0.000476
2025-08-25 02:43:06,736 - DEBUG -    深度约束项: 0.000000
2025-08-25 02:43:06,736 - DEBUG -    半径先验项: 0.000018
2025-08-25 02:43:06,736 - DEBUG -    总函数值 Φ(θ): 0.000494
2025-08-25 02:43:06,736 - DEBUG -    函数值改善: 0.000000
2025-08-25 02:43:06,736 - DEBUG - 🔍 参数有效: True
2025-08-25 02:43:06,736 - DEBUG -    参数更新成功:
2025-08-25 02:43:06,736 - DEBUG -      新球心: [ 1.24074926e-01 -3.75745030e-04  6.07707872e-01]
2025-08-25 02:43:06,736 - DEBUG -      新半径: 0.013067
2025-08-25 02:43:06,736 - INFO - -----------------------------------------------------------------------------------
2025-08-25 02:43:06,736 - DEBUG - 🔍 LM收敛性检查:
2025-08-25 02:43:06,736 - DEBUG -    当前迭代次数: 3
2025-08-25 02:43:06,736 - DEBUG -    最大迭代次数: 30
2025-08-25 02:43:06,736 - DEBUG -    参数变化: 0.012190
2025-08-25 02:43:06,736 - DEBUG -    参数容忍度: 5e-06
2025-08-25 02:43:06,736 - DEBUG -    残差变化: 0.000000
2025-08-25 02:43:06,736 - DEBUG -    残差容忍度: 5e-06
2025-08-25 02:43:06,736 - DEBUG - 🔍 迭代 5/30:
2025-08-25 02:43:06,736 - DEBUG - 🔍 计算点到球心距离: 形状=(21,)
2025-08-25 02:43:06,736 - DEBUG - 🔍 生理偏差向量计算:
2025-08-25 02:43:06,740 - DEBUG -    点类型列表: ['pupil_center', 'iris_boundaries', 'iris_boundaries', 'iris_boundaries', 'iris_boundaries', 'eye_contours', 'eye_contours', 'eye_contours', 'eye_contours', 'eye_contours', 'eye_contours', 'eye_contours', 'eye_contours', 'eye_contours', 'eye_contours', 'eye_contours', 'eye_contours', 'eye_contours', 'eye_contours', 'eye_contours', 'eye_contours']
2025-08-25 02:43:06,740 - DEBUG -    偏差向量: [0.0002  0.00085 0.00085 0.00085 0.00085 0.0015  0.0015  0.0015  0.0015
 0.0015  0.0015  0.0015  0.0015  0.0015  0.0015  0.0015  0.0015  0.0015
 0.0015  0.0015  0.0015 ]
2025-08-25 02:43:06,740 - DEBUG -    向量形状: (21,)
2025-08-25 02:43:06,740 - DEBUG -    偏差统计: 均值=0.001314, 标准差=0.000356
2025-08-25 02:43:06,742 - DEBUG - 获取生理偏差: 点类型=['pupil_center', 'iris_boundaries', 'iris_boundaries', 'iris_boundaries', 'iris_boundaries', 'eye_contours', 'eye_contours', 'eye_contours', 'eye_contours', 'eye_contours', 'eye_contours', 'eye_contours', 'eye_contours', 'eye_contours', 'eye_contours', 'eye_contours', 'eye_contours', 'eye_contours', 'eye_contours', 'eye_contours', 'eye_contours'], 偏差值=[0.0002  0.00085 0.00085 0.00085 0.00085 0.0015  0.0015  0.0015  0.0015
 0.0015  0.0015  0.0015  0.0015  0.0015  0.0015  0.0015  0.0015  0.0015
 0.0015  0.0015  0.0015 ]
2025-08-25 02:43:06,742 - INFO - -----------------------------------------------------------------------------------
2025-08-25 02:43:06,742 - DEBUG - 🔍 拟合残差计算详情:
2025-08-25 02:43:06,742 - DEBUG -    球心坐标: [ 1.24074926e-01 -3.75745030e-04  6.07707872e-01]
2025-08-25 02:43:06,742 - DEBUG -    球体半径: 0.013067
2025-08-25 02:43:06,742 - DEBUG -    采样点数: 21
2025-08-25 02:43:06,742 - DEBUG -    点类型分布: {'eye_contours': 16, 'iris_boundaries': 4, 'pupil_center': 1}
2025-08-25 02:43:06,742 - DEBUG -    理论距离向量: [0.01326693 0.01391693 0.01391693 0.01391693 0.01391693 0.01456693
 0.01456693 0.01456693 0.01456693 0.01456693 0.01456693 0.01456693
 0.01456693 0.01456693 0.01456693 0.01456693 0.01456693 0.01456693
 0.01456693 0.01456693 0.01456693]
2025-08-25 02:43:06,742 - DEBUG -    实际距离向量: [0.02054337 0.02304561 0.01148937 0.02286763 0.02984808 0.03460244
 0.03072357 0.02367434 0.01717399 0.01561577 0.01995524 0.02465326
 0.02789536 0.03049064 0.03013983 0.02946707 0.02870745 0.02816073
 0.02855735 0.03052693 0.03333663]
2025-08-25 02:43:06,742 - DEBUG -    生理偏差向量: [0.0002  0.00085 0.00085 0.00085 0.00085 0.0015  0.0015  0.0015  0.0015
 0.0015  0.0015  0.0015  0.0015  0.0015  0.0015  0.0015  0.0015  0.0015
 0.0015  0.0015  0.0015 ]
2025-08-25 02:43:06,742 - DEBUG -    残差向量 f(θ): 
[[ 0.00727644]
 [ 0.00912868]
 [-0.00242756]
 [ 0.0089507 ]
 [ 0.01593115]
 [ 0.02003551]
 [ 0.01615664]
 [ 0.0091074 ]
 [ 0.00260706]
 [ 0.00104884]
 [ 0.00538831]
 [ 0.01008633]
 [ 0.01332843]
 [ 0.01592371]
 [ 0.01557289]
 [ 0.01490013]
 [ 0.01414052]
 [ 0.0135938 ]
 [ 0.01399042]
 [ 0.01596   ]
 [ 0.0187697 ]]
2025-08-25 02:43:06,742 - DEBUG -    平均残差范数: 0.002794
2025-08-25 02:43:06,742 - DEBUG -    残差范数=0.058680
2025-08-25 02:43:06,742 - INFO - -----------------------------------------------------------------------------------
2025-08-25 02:43:06,742 - DEBUG - 🔍 深度约束计算详情 (softplus):
2025-08-25 02:43:06,742 - DEBUG -    采样点Z坐标范围: [0.600000, 0.602651]
2025-08-25 02:43:06,742 - DEBUG -    球心Z坐标: 0.607708
2025-08-25 02:43:06,742 - DEBUG -    深度偏移ε: 0.000200
2025-08-25 02:43:06,742 - DEBUG -    softplus参数τ: 0.001000
2025-08-25 02:43:06,742 - DEBUG -    原始违反值: -0.004857
2025-08-25 02:43:06,742 - DEBUG -    softplus输入 u: -4.857111
2025-08-25 02:43:06,742 - DEBUG -    约束惩罚 h(θ): 0.000008
2025-08-25 02:43:06,742 - DEBUG -    🟢 深度约束满足: 球心深度足够
2025-08-25 02:43:06,742 - INFO - -----------------------------------------------------------------------------------
2025-08-25 02:43:06,742 - DEBUG - 🔍 半径惩罚计算详情:
2025-08-25 02:43:06,742 - DEBUG -    当前半径: 0.013067
2025-08-25 02:43:06,742 - DEBUG -    半径先验值: 0.012000
2025-08-25 02:43:06,742 - DEBUG -    半径残差 r(θ): 0.001067
2025-08-25 02:43:06,742 - DEBUG -    数据残差 f(θ): [[ 0.00727644]
 [ 0.00912868]
 [-0.00242756]
 [ 0.0089507 ]
 [ 0.01593115]
 [ 0.02003551]
 [ 0.01615664]
 [ 0.0091074 ]
 [ 0.00260706]
 [ 0.00104884]
 [ 0.00538831]
 [ 0.01008633]
 [ 0.01332843]
 [ 0.01592371]
 [ 0.01557289]
 [ 0.01490013]
 [ 0.01414052]
 [ 0.0135938 ]
 [ 0.01399042]
 [ 0.01596   ]
 [ 0.0187697 ]]
2025-08-25 02:43:06,742 - DEBUG -    约束残差 g(θ): [[7.74285722e-06]]
2025-08-25 02:43:06,742 - DEBUG -    半径残差 r(θ): [[0.00106693]]
2025-08-25 02:43:06,742 - DEBUG - 🔍 状态变化计算: 参数变化=0.012190, 残差变化=0.027825
2025-08-25 02:43:06,750 - INFO - -----------------------------------------------------------------------------------
2025-08-25 02:43:06,750 - DEBUG - 🔍 权重管理器状态更新详情:
2025-08-25 02:43:06,750 - DEBUG -    当前迭代: 4
2025-08-25 02:43:06,750 - DEBUG -    参数变化: 0.012190 (阈值: 0.000005)
2025-08-25 02:43:06,750 - DEBUG -    残差变化: 0.027825 (阈值: 0.000005)
2025-08-25 02:43:06,750 - DEBUG -    几何权重因子: 10
2025-08-25 02:43:06,750 - DEBUG - ⏸️ 保持图像置信度权重: 参数变化=1.22e-02, 残差变化=2.78e-02
2025-08-25 02:43:06,750 - DEBUG - 状态已保存: 参数=[ 1.24074926e-01 -3.75745030e-04  6.07707872e-01  1.30669326e-02], 残差范数=0.058680
2025-08-25 02:43:06,750 - DEBUG - 🔍 获取visibility信息: 形状=(21,), 范围=[1.000, 1.000]
2025-08-25 02:43:06,750 - DEBUG - 🔧 设置图像置信度权重: 21个点
2025-08-25 02:43:06,752 - DEBUG - 🔍 开始计算权重矩阵:
2025-08-25 02:43:06,752 - DEBUG -    点类型: ['pupil_center', 'iris_boundaries', 'iris_boundaries', 'iris_boundaries', 'iris_boundaries', 'eye_contours', 'eye_contours', 'eye_contours', 'eye_contours', 'eye_contours', 'eye_contours', 'eye_contours', 'eye_contours', 'eye_contours', 'eye_contours', 'eye_contours', 'eye_contours', 'eye_contours', 'eye_contours', 'eye_contours', 'eye_contours']
2025-08-25 02:43:06,752 - DEBUG -    残差向量: 形状=(21,), 范数=0.058680
2025-08-25 02:43:06,752 - DEBUG -    Visibility: 形状=(21,), 均值=1.000
2025-08-25 02:43:06,754 - DEBUG - 🔍 权重矩阵计算成功: 形状=(21, 21)
2025-08-25 02:43:06,754 - DEBUG - 🔍 几何权重统计:
2025-08-25 02:43:06,754 - DEBUG -    权重向量: [[1.]
 [1.]
 [1.]
 [1.]
 [1.]
 [1.]
 [1.]
 [1.]
 [1.]
 [1.]
 [1.]
 [1.]
 [1.]
 [1.]
 [1.]
 [1.]
 [1.]
 [1.]
 [1.]
 [1.]
 [1.]]
2025-08-25 02:43:06,754 - DEBUG -    权重范围: [1.000000, 1.000000]
2025-08-25 02:43:06,754 - DEBUG -    权重均值: 1.000000
2025-08-25 02:43:06,754 - DEBUG -    权重标准差: 0.000000
2025-08-25 02:43:06,754 - DEBUG -    高权重点(>0.8): 21/21
2025-08-25 02:43:06,754 - DEBUG -    低权重点(<0.2): 0/21
2025-08-25 02:43:06,754 - INFO - -----------------------------------------------------------------------------------
2025-08-25 02:43:06,754 - DEBUG - 🔍 开始求解LM更新方程:
2025-08-25 02:43:06,754 - DEBUG -    数据残差: 形状=(21,), 范数=0.058680
2025-08-25 02:43:06,754 - DEBUG -    约束残差: 形状=(1,), 范数=0.000008
2025-08-25 02:43:06,754 - DEBUG - 🔍 计算数据残差雅可比矩阵 J_f: 形状=(21, 4)
2025-08-25 02:43:06,754 - DEBUG - 🔍 J_f矩阵计算完成: 条件数=1.72e+01
2025-08-25 02:43:06,754 - DEBUG - 🔍 深度约束雅可比计算: u=-4.857111, σ=0.007713, J_h=[[ 0.          0.         -0.00771296  0.        ]]
2025-08-25 02:43:06,758 - DEBUG - 🔍 半径先验雅可比: J_r=[[0. 0. 0. 1.]]
2025-08-25 02:43:06,758 - DEBUG - 🔍 使用几何权重矩阵: 形状=(21, 21)
2025-08-25 02:43:06,758 - DEBUG - 🔍 Hessian矩阵计算:
2025-08-25 02:43:06,758 - DEBUG -    H_data = J_f^T W J_f: 形状=(4, 4), 条件数=2.96e+02
2025-08-25 02:43:06,758 - DEBUG -    H_h = λ_depth J_h^T J_h: 形状=(4, 4), λ_depth=1000.0
2025-08-25 02:43:06,758 - DEBUG -    H_r = λ_radius J_r^T J_r: 形状=(4, 4), λ_radius=20.0
2025-08-25 02:43:06,758 - DEBUG -    H_total: 形状=(4, 4), 条件数=2.28e+02
2025-08-25 02:43:06,758 - DEBUG - 🔍 梯度计算:
2025-08-25 02:43:06,758 - DEBUG -    g_data: 形状=(4,), 范数=0.311138
2025-08-25 02:43:06,758 - DEBUG -    g_h: 形状=(4,), 范数=0.000060
2025-08-25 02:43:06,758 - DEBUG -    g_r: 形状=(4,), 范数=0.021339
2025-08-25 02:43:06,758 - DEBUG -    g_total: 形状=(4,), 范数=0.295041
2025-08-25 02:43:06,758 - DEBUG - 🔍 LM阻尼矩阵: H_lm = H_total + 0.1 * I
2025-08-25 02:43:06,758 - DEBUG -    H_lm条件数: 1.57e+02
2025-08-25 02:43:06,758 - DEBUG - 🔍 线性方程组求解成功:
2025-08-25 02:43:06,758 - DEBUG -    参数更新向量 Δθ: [[ 0.00064713]
 [-0.02381879]
 [-0.02685633]
 [-0.0005369 ]]
2025-08-25 02:43:06,758 - DEBUG -    更新向量范数: 0.035907
2025-08-25 02:43:06,758 - DEBUG -    各分量更新: Δc_x=0.000647, Δc_y=-0.023819, Δc_z=-0.026856, Δr=-0.000537
2025-08-25 02:43:06,758 - DEBUG -    参数更新:
2025-08-25 02:43:06,758 - DEBUG -      旧参数: [[ 1.24074926e-01]
 [-3.75745030e-04]
 [ 6.07707872e-01]
 [ 1.30669326e-02]]
2025-08-25 02:43:06,763 - DEBUG -      更新向量: [[ 0.00064713]
 [-0.02381879]
 [-0.02685633]
 [-0.0005369 ]]
2025-08-25 02:43:06,763 - DEBUG -      新参数: [[ 0.12472206]
 [-0.02419453]
 [ 0.58085154]
 [ 0.01253004]]
2025-08-25 02:43:06,763 - INFO - -----------------------------------------------------------------------------------
2025-08-25 02:43:06,764 - INFO - 🔍 迭代第4次，球心向左0.647132mm，向上23.818790mm，向前26.856331mm，半径变小0.536895mm
2025-08-25 02:43:06,764 - INFO - 📊 变化前: 中心(0.124, -0.000, 0.608), 半径13.07mm
2025-08-25 02:43:06,764 - INFO - 📊 变化后: 中心(0.125, -0.024, 0.581), 半径12.53mm
2025-08-25 02:43:06,764 - INFO - 📈 变化量: 中心移动23.83mm, 半径变化0.54mm
2025-08-25 02:43:06,764 - INFO - 📍 眼球中心: [ 1.24074926e-01 -3.75745030e-04  6.07707872e-01]
2025-08-25 02:43:06,764 - INFO - 📏 眼球半径: 13.07mm
2025-08-25 02:43:06,764 - INFO - 👁️ 瞳孔中心: [0.124      0.01866667 0.60000002]
2025-08-25 02:43:06,764 - INFO - 📐 眼球中心在瞳孔中心的右0.07mm，上19.04mm，后7.71mm
2025-08-25 02:43:06,764 - INFO - 📏 距离: 20.54mm
2025-08-25 02:43:06,766 - INFO - -----------------------------------------------------------------------------------
2025-08-25 02:43:06,766 - INFO - -----------------------------------------------------------------------------------
2025-08-25 02:43:06,766 - DEBUG - 🔍 参数有效性检查:
2025-08-25 02:43:06,766 - DEBUG -    参数向量: [[ 0.12472206]
 [-0.02419453]
 [ 0.58085154]
 [ 0.01253004]]
2025-08-25 02:43:06,766 - DEBUG -    球心: [ 0.12472206 -0.02419453  0.58085154]
2025-08-25 02:43:06,766 - DEBUG -    半径: 0.012530
2025-08-25 02:43:06,766 - DEBUG - 🔍 函数值计算详情:
2025-08-25 02:43:06,766 - DEBUG -    数据项 F(θ): 0.001722
2025-08-25 02:43:06,766 - DEBUG -    深度约束项: 0.000000
2025-08-25 02:43:06,766 - DEBUG -    半径先验项: 0.000011
2025-08-25 02:43:06,766 - DEBUG -    总函数值 Φ(θ): 0.001733
2025-08-25 02:43:06,766 - DEBUG -    函数值改善: -0.001239
2025-08-25 02:43:06,766 - DEBUG - 🔍 参数有效: False
2025-08-25 02:43:06,769 - DEBUG -    参数无效，阻尼因子调整: λ_LM = 1.00e+00
2025-08-25 02:43:06,770 - DEBUG - 🔍 迭代 6/30:
2025-08-25 02:43:06,770 - DEBUG - 🔍 计算点到球心距离: 形状=(21,)
2025-08-25 02:43:06,770 - DEBUG - 🔍 生理偏差向量计算:
2025-08-25 02:43:06,770 - DEBUG -    点类型列表: ['pupil_center', 'iris_boundaries', 'iris_boundaries', 'iris_boundaries', 'iris_boundaries', 'eye_contours', 'eye_contours', 'eye_contours', 'eye_contours', 'eye_contours', 'eye_contours', 'eye_contours', 'eye_contours', 'eye_contours', 'eye_contours', 'eye_contours', 'eye_contours', 'eye_contours', 'eye_contours', 'eye_contours', 'eye_contours']
2025-08-25 02:43:06,770 - DEBUG -    偏差向量: [0.0002  0.00085 0.00085 0.00085 0.00085 0.0015  0.0015  0.0015  0.0015
 0.0015  0.0015  0.0015  0.0015  0.0015  0.0015  0.0015  0.0015  0.0015
 0.0015  0.0015  0.0015 ]
2025-08-25 02:43:06,770 - DEBUG -    向量形状: (21,)
2025-08-25 02:43:06,770 - DEBUG -    偏差统计: 均值=0.001314, 标准差=0.000356
2025-08-25 02:43:06,772 - DEBUG - 获取生理偏差: 点类型=['pupil_center', 'iris_boundaries', 'iris_boundaries', 'iris_boundaries', 'iris_boundaries', 'eye_contours', 'eye_contours', 'eye_contours', 'eye_contours', 'eye_contours', 'eye_contours', 'eye_contours', 'eye_contours', 'eye_contours', 'eye_contours', 'eye_contours', 'eye_contours', 'eye_contours', 'eye_contours', 'eye_contours', 'eye_contours'], 偏差值=[0.0002  0.00085 0.00085 0.00085 0.00085 0.0015  0.0015  0.0015  0.0015
 0.0015  0.0015  0.0015  0.0015  0.0015  0.0015  0.0015  0.0015  0.0015
 0.0015  0.0015  0.0015 ]
2025-08-25 02:43:06,772 - INFO - -----------------------------------------------------------------------------------
2025-08-25 02:43:06,772 - DEBUG - 🔍 拟合残差计算详情:
2025-08-25 02:43:06,772 - DEBUG -    球心坐标: [ 1.24074926e-01 -3.75745030e-04  6.07707872e-01]
2025-08-25 02:43:06,772 - DEBUG -    球体半径: 0.013067
2025-08-25 02:43:06,772 - DEBUG -    采样点数: 21
2025-08-25 02:43:06,772 - DEBUG -    点类型分布: {'eye_contours': 16, 'iris_boundaries': 4, 'pupil_center': 1}
2025-08-25 02:43:06,772 - DEBUG -    理论距离向量: [0.01326693 0.01391693 0.01391693 0.01391693 0.01391693 0.01456693
 0.01456693 0.01456693 0.01456693 0.01456693 0.01456693 0.01456693
 0.01456693 0.01456693 0.01456693 0.01456693 0.01456693 0.01456693
 0.01456693 0.01456693 0.01456693]
2025-08-25 02:43:06,774 - DEBUG -    实际距离向量: [0.02054337 0.02304561 0.01148937 0.02286763 0.02984808 0.03460244
 0.03072357 0.02367434 0.01717399 0.01561577 0.01995524 0.02465326
 0.02789536 0.03049064 0.03013983 0.02946707 0.02870745 0.02816073
 0.02855735 0.03052693 0.03333663]
2025-08-25 02:43:06,774 - DEBUG -    生理偏差向量: [0.0002  0.00085 0.00085 0.00085 0.00085 0.0015  0.0015  0.0015  0.0015
 0.0015  0.0015  0.0015  0.0015  0.0015  0.0015  0.0015  0.0015  0.0015
 0.0015  0.0015  0.0015 ]
2025-08-25 02:43:06,774 - DEBUG -    残差向量 f(θ): 
[[ 0.00727644]
 [ 0.00912868]
 [-0.00242756]
 [ 0.0089507 ]
 [ 0.01593115]
 [ 0.02003551]
 [ 0.01615664]
 [ 0.0091074 ]
 [ 0.00260706]
 [ 0.00104884]
 [ 0.00538831]
 [ 0.01008633]
 [ 0.01332843]
 [ 0.01592371]
 [ 0.01557289]
 [ 0.01490013]
 [ 0.01414052]
 [ 0.0135938 ]
 [ 0.01399042]
 [ 0.01596   ]
 [ 0.0187697 ]]
2025-08-25 02:43:06,774 - DEBUG -    平均残差范数: 0.002794
2025-08-25 02:43:06,774 - DEBUG -    残差范数=0.058680
2025-08-25 02:43:06,774 - INFO - -----------------------------------------------------------------------------------
2025-08-25 02:43:06,774 - DEBUG - 🔍 深度约束计算详情 (softplus):
2025-08-25 02:43:06,774 - DEBUG -    采样点Z坐标范围: [0.600000, 0.602651]
2025-08-25 02:43:06,774 - DEBUG -    球心Z坐标: 0.607708
2025-08-25 02:43:06,774 - DEBUG -    深度偏移ε: 0.000200
2025-08-25 02:43:06,774 - DEBUG -    softplus参数τ: 0.001000
2025-08-25 02:43:06,774 - DEBUG -    原始违反值: -0.004857
2025-08-25 02:43:06,774 - DEBUG -    softplus输入 u: -4.857111
2025-08-25 02:43:06,774 - DEBUG -    约束惩罚 h(θ): 0.000008
2025-08-25 02:43:06,774 - DEBUG -    🟢 深度约束满足: 球心深度足够
2025-08-25 02:43:06,774 - INFO - -----------------------------------------------------------------------------------
2025-08-25 02:43:06,774 - DEBUG - 🔍 半径惩罚计算详情:
2025-08-25 02:43:06,774 - DEBUG -    当前半径: 0.013067
2025-08-25 02:43:06,774 - DEBUG -    半径先验值: 0.012000
2025-08-25 02:43:06,774 - DEBUG -    半径残差 r(θ): 0.001067
2025-08-25 02:43:06,774 - DEBUG -    数据残差 f(θ): [[ 0.00727644]
 [ 0.00912868]
 [-0.00242756]
 [ 0.0089507 ]
 [ 0.01593115]
 [ 0.02003551]
 [ 0.01615664]
 [ 0.0091074 ]
 [ 0.00260706]
 [ 0.00104884]
 [ 0.00538831]
 [ 0.01008633]
 [ 0.01332843]
 [ 0.01592371]
 [ 0.01557289]
 [ 0.01490013]
 [ 0.01414052]
 [ 0.0135938 ]
 [ 0.01399042]
 [ 0.01596   ]
 [ 0.0187697 ]]
2025-08-25 02:43:06,774 - DEBUG -    约束残差 g(θ): [[7.74285722e-06]]
2025-08-25 02:43:06,774 - DEBUG -    半径残差 r(θ): [[0.00106693]]
2025-08-25 02:43:06,774 - DEBUG - 🔍 状态变化计算: 参数变化=0.000000, 残差变化=0.000000
2025-08-25 02:43:06,774 - INFO - -----------------------------------------------------------------------------------
2025-08-25 02:43:06,774 - DEBUG - 🔍 权重管理器状态更新详情:
2025-08-25 02:43:06,774 - DEBUG -    当前迭代: 5
2025-08-25 02:43:06,774 - DEBUG -    参数变化: 0.000000 (阈值: 0.000005)
2025-08-25 02:43:06,774 - DEBUG -    残差变化: 0.000000 (阈值: 0.000005)
2025-08-25 02:43:06,774 - DEBUG -    几何权重因子: 10
2025-08-25 02:43:06,774 - DEBUG - ⏸️ 保持图像置信度权重: 参数变化=0.00e+00, 残差变化=0.00e+00
2025-08-25 02:43:06,774 - DEBUG - 状态已保存: 参数=[ 1.24074926e-01 -3.75745030e-04  6.07707872e-01  1.30669326e-02], 残差范数=0.058680
2025-08-25 02:43:06,774 - DEBUG - 🔍 获取visibility信息: 形状=(21,), 范围=[1.000, 1.000]
2025-08-25 02:43:06,774 - DEBUG - 🔧 设置图像置信度权重: 21个点
2025-08-25 02:43:06,774 - DEBUG - 🔍 开始计算权重矩阵:
2025-08-25 02:43:06,774 - DEBUG -    点类型: ['pupil_center', 'iris_boundaries', 'iris_boundaries', 'iris_boundaries', 'iris_boundaries', 'eye_contours', 'eye_contours', 'eye_contours', 'eye_contours', 'eye_contours', 'eye_contours', 'eye_contours', 'eye_contours', 'eye_contours', 'eye_contours', 'eye_contours', 'eye_contours', 'eye_contours', 'eye_contours', 'eye_contours', 'eye_contours']
2025-08-25 02:43:06,774 - DEBUG -    残差向量: 形状=(21,), 范数=0.058680
2025-08-25 02:43:06,783 - DEBUG -    Visibility: 形状=(21,), 均值=1.000
2025-08-25 02:43:06,783 - DEBUG - 🔍 权重矩阵计算成功: 形状=(21, 21)
2025-08-25 02:43:06,783 - DEBUG - 🔍 几何权重统计:
2025-08-25 02:43:06,784 - DEBUG -    权重向量: [[1.]
 [1.]
 [1.]
 [1.]
 [1.]
 [1.]
 [1.]
 [1.]
 [1.]
 [1.]
 [1.]
 [1.]
 [1.]
 [1.]
 [1.]
 [1.]
 [1.]
 [1.]
 [1.]
 [1.]
 [1.]]
2025-08-25 02:43:06,784 - DEBUG -    权重范围: [1.000000, 1.000000]
2025-08-25 02:43:06,784 - DEBUG -    权重均值: 1.000000
2025-08-25 02:43:06,784 - DEBUG -    权重标准差: 0.000000
2025-08-25 02:43:06,785 - DEBUG -    高权重点(>0.8): 21/21
2025-08-25 02:43:06,785 - DEBUG -    低权重点(<0.2): 0/21
2025-08-25 02:43:06,785 - INFO - -----------------------------------------------------------------------------------
2025-08-25 02:43:06,785 - DEBUG - 🔍 开始求解LM更新方程:
2025-08-25 02:43:06,786 - DEBUG -    数据残差: 形状=(21,), 范数=0.058680
2025-08-25 02:43:06,786 - DEBUG -    约束残差: 形状=(1,), 范数=0.000008
2025-08-25 02:43:06,786 - DEBUG - 🔍 计算数据残差雅可比矩阵 J_f: 形状=(21, 4)
2025-08-25 02:43:06,786 - DEBUG - 🔍 J_f矩阵计算完成: 条件数=1.72e+01
2025-08-25 02:43:06,786 - DEBUG - 🔍 深度约束雅可比计算: u=-4.857111, σ=0.007713, J_h=[[ 0.          0.         -0.00771296  0.        ]]
2025-08-25 02:43:06,786 - DEBUG - 🔍 半径先验雅可比: J_r=[[0. 0. 0. 1.]]
2025-08-25 02:43:06,786 - DEBUG - 🔍 使用几何权重矩阵: 形状=(21, 21)
2025-08-25 02:43:06,788 - DEBUG - 🔍 Hessian矩阵计算:
2025-08-25 02:43:06,788 - DEBUG -    H_data = J_f^T W J_f: 形状=(4, 4), 条件数=2.96e+02
2025-08-25 02:43:06,788 - DEBUG -    H_h = λ_depth J_h^T J_h: 形状=(4, 4), λ_depth=1000.0
2025-08-25 02:43:06,788 - DEBUG -    H_r = λ_radius J_r^T J_r: 形状=(4, 4), λ_radius=20.0
2025-08-25 02:43:06,788 - DEBUG -    H_total: 形状=(4, 4), 条件数=2.28e+02
2025-08-25 02:43:06,788 - DEBUG - 🔍 梯度计算:
2025-08-25 02:43:06,788 - DEBUG -    g_data: 形状=(4,), 范数=0.311138
2025-08-25 02:43:06,788 - DEBUG -    g_h: 形状=(4,), 范数=0.000060
2025-08-25 02:43:06,788 - DEBUG -    g_r: 形状=(4,), 范数=0.021339
2025-08-25 02:43:06,788 - DEBUG -    g_total: 形状=(4,), 范数=0.295041
2025-08-25 02:43:06,788 - DEBUG - 🔍 LM阻尼矩阵: H_lm = H_total + 1.0 * I
2025-08-25 02:43:06,788 - DEBUG -    H_lm条件数: 4.20e+01
2025-08-25 02:43:06,788 - DEBUG - 🔍 线性方程组求解成功:
2025-08-25 02:43:06,788 - DEBUG -    参数更新向量 Δθ: [[ 0.00060352]
 [-0.01413943]
 [-0.0041999 ]
 [ 0.00012933]]
2025-08-25 02:43:06,788 - DEBUG -    更新向量范数: 0.014763
2025-08-25 02:43:06,791 - DEBUG -    各分量更新: Δc_x=0.000604, Δc_y=-0.014139, Δc_z=-0.004200, Δr=0.000129
2025-08-25 02:43:06,791 - DEBUG -    参数更新:
2025-08-25 02:43:06,791 - DEBUG -      旧参数: [[ 1.24074926e-01]
 [-3.75745030e-04]
 [ 6.07707872e-01]
 [ 1.30669326e-02]]
2025-08-25 02:43:06,791 - DEBUG -      更新向量: [[ 0.00060352]
 [-0.01413943]
 [-0.0041999 ]
 [ 0.00012933]]
2025-08-25 02:43:06,791 - DEBUG -      新参数: [[ 0.12467845]
 [-0.01451517]
 [ 0.60350797]
 [ 0.01319626]]
2025-08-25 02:43:06,791 - INFO - -----------------------------------------------------------------------------------
2025-08-25 02:43:06,791 - INFO - 🔍 迭代第5次，球心向左0.603521mm，向上14.139428mm，向前4.199898mm，半径变大0.129329mm
2025-08-25 02:43:06,791 - INFO - 📊 变化前: 中心(0.124, -0.000, 0.608), 半径13.07mm
2025-08-25 02:43:06,791 - INFO - 📊 变化后: 中心(0.125, -0.015, 0.604), 半径13.20mm
2025-08-25 02:43:06,791 - INFO - 📈 变化量: 中心移动14.15mm, 半径变化0.13mm
2025-08-25 02:43:06,791 - INFO - 📍 眼球中心: [ 1.24074926e-01 -3.75745030e-04  6.07707872e-01]
2025-08-25 02:43:06,791 - INFO - 📏 眼球半径: 13.07mm
2025-08-25 02:43:06,791 - INFO - 👁️ 瞳孔中心: [0.124      0.01866667 0.60000002]
2025-08-25 02:43:06,791 - INFO - 📐 眼球中心在瞳孔中心的右0.07mm，上19.04mm，后7.71mm
2025-08-25 02:43:06,791 - INFO - 📏 距离: 20.54mm
2025-08-25 02:43:06,791 - INFO - -----------------------------------------------------------------------------------
2025-08-25 02:43:06,791 - INFO - -----------------------------------------------------------------------------------
2025-08-25 02:43:06,791 - DEBUG - 🔍 参数有效性检查:
2025-08-25 02:43:06,791 - DEBUG -    参数向量: [[ 0.12467845]
 [-0.01451517]
 [ 0.60350797]
 [ 0.01319626]]
2025-08-25 02:43:06,791 - DEBUG -    球心: [ 0.12467845 -0.01451517  0.60350797]
2025-08-25 02:43:06,791 - DEBUG -    半径: 0.013196
2025-08-25 02:43:06,791 - DEBUG - 🔍 函数值计算详情:
2025-08-25 02:43:06,791 - DEBUG -    数据项 F(θ): 0.001722
2025-08-25 02:43:06,791 - DEBUG -    深度约束项: 0.000000
2025-08-25 02:43:06,791 - DEBUG -    半径先验项: 0.000011
2025-08-25 02:43:06,791 - DEBUG -    总函数值 Φ(θ): 0.001733
2025-08-25 02:43:06,791 - DEBUG -    函数值改善: 0.000000
2025-08-25 02:43:06,791 - DEBUG - 🔍 参数有效: True
2025-08-25 02:43:06,791 - DEBUG -    参数更新成功:
2025-08-25 02:43:06,791 - DEBUG -      新球心: [ 0.12467845 -0.01451517  0.60350797]
2025-08-25 02:43:06,791 - DEBUG -      新半径: 0.013196
2025-08-25 02:43:06,791 - INFO - -----------------------------------------------------------------------------------
2025-08-25 02:43:06,791 - DEBUG - 🔍 LM收敛性检查:
2025-08-25 02:43:06,791 - DEBUG -    当前迭代次数: 5
2025-08-25 02:43:06,791 - DEBUG -    最大迭代次数: 30
2025-08-25 02:43:06,791 - DEBUG -    参数变化: 0.014763
2025-08-25 02:43:06,791 - DEBUG -    参数容忍度: 5e-06
2025-08-25 02:43:06,800 - DEBUG -    残差变化: 0.000000
2025-08-25 02:43:06,800 - DEBUG -    残差容忍度: 5e-06
2025-08-25 02:43:06,800 - DEBUG - 🔍 迭代 7/30:
2025-08-25 02:43:06,800 - DEBUG - 🔍 计算点到球心距离: 形状=(21,)
2025-08-25 02:43:06,800 - DEBUG - 🔍 生理偏差向量计算:
2025-08-25 02:43:06,800 - DEBUG -    点类型列表: ['pupil_center', 'iris_boundaries', 'iris_boundaries', 'iris_boundaries', 'iris_boundaries', 'eye_contours', 'eye_contours', 'eye_contours', 'eye_contours', 'eye_contours', 'eye_contours', 'eye_contours', 'eye_contours', 'eye_contours', 'eye_contours', 'eye_contours', 'eye_contours', 'eye_contours', 'eye_contours', 'eye_contours', 'eye_contours']
2025-08-25 02:43:06,800 - DEBUG -    偏差向量: [0.0002  0.00085 0.00085 0.00085 0.00085 0.0015  0.0015  0.0015  0.0015
 0.0015  0.0015  0.0015  0.0015  0.0015  0.0015  0.0015  0.0015  0.0015
 0.0015  0.0015  0.0015 ]
2025-08-25 02:43:06,800 - DEBUG -    向量形状: (21,)
2025-08-25 02:43:06,800 - DEBUG -    偏差统计: 均值=0.001314, 标准差=0.000356
2025-08-25 02:43:06,802 - DEBUG - 获取生理偏差: 点类型=['pupil_center', 'iris_boundaries', 'iris_boundaries', 'iris_boundaries', 'iris_boundaries', 'eye_contours', 'eye_contours', 'eye_contours', 'eye_contours', 'eye_contours', 'eye_contours', 'eye_contours', 'eye_contours', 'eye_contours', 'eye_contours', 'eye_contours', 'eye_contours', 'eye_contours', 'eye_contours', 'eye_contours', 'eye_contours'], 偏差值=[0.0002  0.00085 0.00085 0.00085 0.00085 0.0015  0.0015  0.0015  0.0015
 0.0015  0.0015  0.0015  0.0015  0.0015  0.0015  0.0015  0.0015  0.0015
 0.0015  0.0015  0.0015 ]
2025-08-25 02:43:06,803 - INFO - -----------------------------------------------------------------------------------
2025-08-25 02:43:06,803 - DEBUG - 🔍 拟合残差计算详情:
2025-08-25 02:43:06,803 - DEBUG -    球心坐标: [ 0.12467845 -0.01451517  0.60350797]
2025-08-25 02:43:06,803 - DEBUG -    球体半径: 0.013196
2025-08-25 02:43:06,803 - DEBUG -    采样点数: 21
2025-08-25 02:43:06,803 - DEBUG -    点类型分布: {'eye_contours': 16, 'iris_boundaries': 4, 'pupil_center': 1}
2025-08-25 02:43:06,803 - DEBUG -    理论距离向量: [0.01339626 0.01404626 0.01404626 0.01404626 0.01404626 0.01469626
 0.01469626 0.01469626 0.01469626 0.01469626 0.01469626 0.01469626
 0.01469626 0.01469626 0.01469626 0.01469626 0.01469626 0.01469626
 0.01469626 0.01469626 0.01469626]
2025-08-25 02:43:06,803 - DEBUG -    实际距离向量: [0.03337365 0.03480656 0.0236927  0.03531106 0.04322524 0.04559236
 0.04167483 0.03503081 0.0294105  0.02795545 0.03084819 0.0348623
 0.03777692 0.04024212 0.0409089  0.04111378 0.04129657 0.04144397
 0.04180368 0.0429173  0.04482266]
2025-08-25 02:43:06,803 - DEBUG -    生理偏差向量: [0.0002  0.00085 0.00085 0.00085 0.00085 0.0015  0.0015  0.0015  0.0015
 0.0015  0.0015  0.0015  0.0015  0.0015  0.0015  0.0015  0.0015  0.0015
 0.0015  0.0015  0.0015 ]
2025-08-25 02:43:06,803 - DEBUG -    残差向量 f(θ): 
[[0.01997739]
 [0.0207603 ]
 [0.00964644]
 [0.0212648 ]
 [0.02917898]
 [0.0308961 ]
 [0.02697857]
 [0.02033455]
 [0.01471424]
 [0.01325919]
 [0.01615193]
 [0.02016604]
 [0.02308066]
 [0.02554586]
 [0.02621264]
 [0.02641752]
 [0.02660031]
 [0.02674771]
 [0.02710742]
 [0.02822104]
 [0.0301264 ]]
2025-08-25 02:43:06,803 - DEBUG -    平均残差范数: 0.005176
2025-08-25 02:43:06,803 - DEBUG -    残差范数=0.108695
2025-08-25 02:43:06,803 - INFO - -----------------------------------------------------------------------------------
2025-08-25 02:43:06,803 - DEBUG - 🔍 深度约束计算详情 (softplus):
2025-08-25 02:43:06,803 - DEBUG -    采样点Z坐标范围: [0.600000, 0.602651]
2025-08-25 02:43:06,803 - DEBUG -    球心Z坐标: 0.603508
2025-08-25 02:43:06,803 - DEBUG -    深度偏移ε: 0.000200
2025-08-25 02:43:06,808 - DEBUG -    softplus参数τ: 0.001000
2025-08-25 02:43:06,808 - DEBUG -    原始违反值: -0.000657
2025-08-25 02:43:06,808 - DEBUG -    softplus输入 u: -0.657213
2025-08-25 02:43:06,808 - DEBUG -    约束惩罚 h(θ): 0.000418
2025-08-25 02:43:06,808 - DEBUG -    🟢 深度约束满足: 球心深度足够
2025-08-25 02:43:06,808 - INFO - -----------------------------------------------------------------------------------
2025-08-25 02:43:06,808 - DEBUG - 🔍 半径惩罚计算详情:
2025-08-25 02:43:06,808 - DEBUG -    当前半径: 0.013196
2025-08-25 02:43:06,808 - DEBUG -    半径先验值: 0.012000
2025-08-25 02:43:06,808 - DEBUG -    半径残差 r(θ): 0.001196
2025-08-25 02:43:06,808 - DEBUG -    数据残差 f(θ): [[0.01997739]
 [0.0207603 ]
 [0.00964644]
 [0.0212648 ]
 [0.02917898]
 [0.0308961 ]
 [0.02697857]
 [0.02033455]
 [0.01471424]
 [0.01325919]
 [0.01615193]
 [0.02016604]
 [0.02308066]
 [0.02554586]
 [0.02621264]
 [0.02641752]
 [0.02660031]
 [0.02674771]
 [0.02710742]
 [0.02822104]
 [0.0301264 ]]
2025-08-25 02:43:06,808 - DEBUG -    约束残差 g(θ): [[0.00041759]]
2025-08-25 02:43:06,808 - DEBUG -    半径残差 r(θ): [[0.00119626]]
2025-08-25 02:43:06,808 - DEBUG - 🔍 状态变化计算: 参数变化=0.014763, 残差变化=0.050015
2025-08-25 02:43:06,808 - INFO - -----------------------------------------------------------------------------------
2025-08-25 02:43:06,808 - DEBUG - 🔍 权重管理器状态更新详情:
2025-08-25 02:43:06,808 - DEBUG -    当前迭代: 6
2025-08-25 02:43:06,808 - DEBUG -    参数变化: 0.014763 (阈值: 0.000005)
2025-08-25 02:43:06,808 - DEBUG -    残差变化: 0.050015 (阈值: 0.000005)
2025-08-25 02:43:06,808 - DEBUG -    几何权重因子: 10
2025-08-25 02:43:06,808 - DEBUG - ⏸️ 保持图像置信度权重: 参数变化=1.48e-02, 残差变化=5.00e-02
2025-08-25 02:43:06,808 - DEBUG - 状态已保存: 参数=[ 0.12467845 -0.01451517  0.60350797  0.01319626], 残差范数=0.108695
2025-08-25 02:43:06,808 - DEBUG - 🔍 获取visibility信息: 形状=(21,), 范围=[1.000, 1.000]
2025-08-25 02:43:06,808 - DEBUG - 🔧 设置图像置信度权重: 21个点
2025-08-25 02:43:06,808 - DEBUG - 🔍 开始计算权重矩阵:
2025-08-25 02:43:06,808 - DEBUG -    点类型: ['pupil_center', 'iris_boundaries', 'iris_boundaries', 'iris_boundaries', 'iris_boundaries', 'eye_contours', 'eye_contours', 'eye_contours', 'eye_contours', 'eye_contours', 'eye_contours', 'eye_contours', 'eye_contours', 'eye_contours', 'eye_contours', 'eye_contours', 'eye_contours', 'eye_contours', 'eye_contours', 'eye_contours', 'eye_contours']
2025-08-25 02:43:06,808 - DEBUG -    残差向量: 形状=(21,), 范数=0.108695
2025-08-25 02:43:06,808 - DEBUG -    Visibility: 形状=(21,), 均值=1.000
2025-08-25 02:43:06,808 - DEBUG - 🔍 权重矩阵计算成功: 形状=(21, 21)
2025-08-25 02:43:06,808 - DEBUG - 🔍 几何权重统计:
2025-08-25 02:43:06,808 - DEBUG -    权重向量: [[1.]
 [1.]
 [1.]
 [1.]
 [1.]
 [1.]
 [1.]
 [1.]
 [1.]
 [1.]
 [1.]
 [1.]
 [1.]
 [1.]
 [1.]
 [1.]
 [1.]
 [1.]
 [1.]
 [1.]
 [1.]]
2025-08-25 02:43:06,808 - DEBUG -    权重范围: [1.000000, 1.000000]
2025-08-25 02:43:06,808 - DEBUG -    权重均值: 1.000000
2025-08-25 02:43:06,808 - DEBUG -    权重标准差: 0.000000
2025-08-25 02:43:06,808 - DEBUG -    高权重点(>0.8): 21/21
2025-08-25 02:43:06,808 - DEBUG -    低权重点(<0.2): 0/21
2025-08-25 02:43:06,808 - INFO - -----------------------------------------------------------------------------------
2025-08-25 02:43:06,816 - DEBUG - 🔍 开始求解LM更新方程:
2025-08-25 02:43:06,816 - DEBUG -    数据残差: 形状=(21,), 范数=0.108695
2025-08-25 02:43:06,816 - DEBUG -    约束残差: 形状=(1,), 范数=0.000418
2025-08-25 02:43:06,816 - DEBUG - 🔍 计算数据残差雅可比矩阵 J_f: 形状=(21, 4)
2025-08-25 02:43:06,816 - DEBUG - 🔍 J_f矩阵计算完成: 条件数=9.26e+01
2025-08-25 02:43:06,816 - DEBUG - 🔍 深度约束雅可比计算: u=-0.657213, σ=0.341366, J_h=[[ 0.          0.         -0.34136602  0.        ]]
2025-08-25 02:43:06,816 - DEBUG - 🔍 半径先验雅可比: J_r=[[0. 0. 0. 1.]]
2025-08-25 02:43:06,818 - DEBUG - 🔍 使用几何权重矩阵: 形状=(21, 21)
2025-08-25 02:43:06,818 - DEBUG - 🔍 Hessian矩阵计算:
2025-08-25 02:43:06,818 - DEBUG -    H_data = J_f^T W J_f: 形状=(4, 4), 条件数=8.57e+03
2025-08-25 02:43:06,818 - DEBUG -    H_h = λ_depth J_h^T J_h: 形状=(4, 4), λ_depth=1000.0
2025-08-25 02:43:06,818 - DEBUG -    H_r = λ_radius J_r^T J_r: 形状=(4, 4), λ_radius=20.0
2025-08-25 02:43:06,820 - DEBUG -    H_total: 形状=(4, 4), 条件数=4.35e+01
2025-08-25 02:43:06,820 - DEBUG - 🔍 梯度计算:
2025-08-25 02:43:06,820 - DEBUG -    g_data: 形状=(4,), 范数=0.658929
2025-08-25 02:43:06,820 - DEBUG -    g_h: 形状=(4,), 范数=0.142550
2025-08-25 02:43:06,820 - DEBUG -    g_r: 形状=(4,), 范数=0.023925
2025-08-25 02:43:06,820 - DEBUG -    g_total: 形状=(4,), 范数=0.664311
2025-08-25 02:43:06,820 - DEBUG - 🔍 LM阻尼矩阵: H_lm = H_total + 1.0 * I
2025-08-25 02:43:06,820 - DEBUG -    H_lm条件数: 3.20e+01
2025-08-25 02:43:06,822 - DEBUG - 🔍 线性方程组求解成功:
2025-08-25 02:43:06,822 - DEBUG -    参数更新向量 Δθ: [[ 0.00193267]
 [-0.02296846]
 [ 0.00121122]
 [ 0.00024731]]
2025-08-25 02:43:06,822 - DEBUG -    更新向量范数: 0.023083
2025-08-25 02:43:06,822 - DEBUG -    各分量更新: Δc_x=0.001933, Δc_y=-0.022968, Δc_z=0.001211, Δr=0.000247
2025-08-25 02:43:06,822 - DEBUG -    参数更新:
2025-08-25 02:43:06,822 - DEBUG -      旧参数: [[ 0.12467845]
 [-0.01451517]
 [ 0.60350797]
 [ 0.01319626]]
2025-08-25 02:43:06,824 - DEBUG -      更新向量: [[ 0.00193267]
 [-0.02296846]
 [ 0.00121122]
 [ 0.00024731]]
2025-08-25 02:43:06,824 - DEBUG -      新参数: [[ 0.12661112]
 [-0.03748364]
 [ 0.6047192 ]
 [ 0.01344357]]
2025-08-25 02:43:06,824 - INFO - -----------------------------------------------------------------------------------
2025-08-25 02:43:06,824 - INFO - 🔍 迭代第6次，球心向左1.932669mm，向上22.968464mm，向后1.211223mm，半径变大0.247313mm
2025-08-25 02:43:06,824 - INFO - 📊 变化前: 中心(0.125, -0.015, 0.604), 半径13.20mm
2025-08-25 02:43:06,824 - INFO - 📊 变化后: 中心(0.127, -0.037, 0.605), 半径13.44mm
2025-08-25 02:43:06,824 - INFO - 📈 变化量: 中心移动23.05mm, 半径变化0.25mm
2025-08-25 02:43:06,824 - INFO - 📍 眼球中心: [ 0.12467845 -0.01451517  0.60350797]
2025-08-25 02:43:06,824 - INFO - 📏 眼球半径: 13.20mm
2025-08-25 02:43:06,824 - INFO - 👁️ 瞳孔中心: [0.124      0.01866667 0.60000002]
2025-08-25 02:43:06,824 - INFO - 📐 眼球中心在瞳孔中心的右0.68mm，上33.18mm，后3.51mm
2025-08-25 02:43:06,824 - INFO - 📏 距离: 33.37mm
2025-08-25 02:43:06,824 - INFO - -----------------------------------------------------------------------------------
2025-08-25 02:43:06,824 - INFO - -----------------------------------------------------------------------------------
2025-08-25 02:43:06,824 - DEBUG - 🔍 参数有效性检查:
2025-08-25 02:43:06,824 - DEBUG -    参数向量: [[ 0.12661112]
 [-0.03748364]
 [ 0.6047192 ]
 [ 0.01344357]]
2025-08-25 02:43:06,824 - DEBUG -    球心: [ 0.12661112 -0.03748364  0.6047192 ]
2025-08-25 02:43:06,824 - DEBUG -    半径: 0.013444
2025-08-25 02:43:06,824 - DEBUG - 🔍 函数值计算详情:
2025-08-25 02:43:06,824 - DEBUG -    数据项 F(θ): 0.005907
2025-08-25 02:43:06,824 - DEBUG -    深度约束项: 0.000087
2025-08-25 02:43:06,824 - DEBUG -    半径先验项: 0.000014
2025-08-25 02:43:06,824 - DEBUG -    总函数值 Φ(θ): 0.006009
2025-08-25 02:43:06,824 - DEBUG -    函数值改善: -0.004276
2025-08-25 02:43:06,824 - DEBUG - 🔍 参数有效: False
2025-08-25 02:43:06,824 - DEBUG -    参数无效，阻尼因子调整: λ_LM = 1.00e+01
2025-08-25 02:43:06,824 - DEBUG - 🔍 迭代 8/30:
2025-08-25 02:43:06,824 - DEBUG - 🔍 计算点到球心距离: 形状=(21,)
2025-08-25 02:43:06,824 - DEBUG - 🔍 生理偏差向量计算:
2025-08-25 02:43:06,824 - DEBUG -    点类型列表: ['pupil_center', 'iris_boundaries', 'iris_boundaries', 'iris_boundaries', 'iris_boundaries', 'eye_contours', 'eye_contours', 'eye_contours', 'eye_contours', 'eye_contours', 'eye_contours', 'eye_contours', 'eye_contours', 'eye_contours', 'eye_contours', 'eye_contours', 'eye_contours', 'eye_contours', 'eye_contours', 'eye_contours', 'eye_contours']
2025-08-25 02:43:06,824 - DEBUG -    偏差向量: [0.0002  0.00085 0.00085 0.00085 0.00085 0.0015  0.0015  0.0015  0.0015
 0.0015  0.0015  0.0015  0.0015  0.0015  0.0015  0.0015  0.0015  0.0015
 0.0015  0.0015  0.0015 ]
2025-08-25 02:43:06,824 - DEBUG -    向量形状: (21,)
2025-08-25 02:43:06,824 - DEBUG -    偏差统计: 均值=0.001314, 标准差=0.000356
2025-08-25 02:43:06,832 - DEBUG - 获取生理偏差: 点类型=['pupil_center', 'iris_boundaries', 'iris_boundaries', 'iris_boundaries', 'iris_boundaries', 'eye_contours', 'eye_contours', 'eye_contours', 'eye_contours', 'eye_contours', 'eye_contours', 'eye_contours', 'eye_contours', 'eye_contours', 'eye_contours', 'eye_contours', 'eye_contours', 'eye_contours', 'eye_contours', 'eye_contours', 'eye_contours'], 偏差值=[0.0002  0.00085 0.00085 0.00085 0.00085 0.0015  0.0015  0.0015  0.0015
 0.0015  0.0015  0.0015  0.0015  0.0015  0.0015  0.0015  0.0015  0.0015
 0.0015  0.0015  0.0015 ]
2025-08-25 02:43:06,832 - INFO - -----------------------------------------------------------------------------------
2025-08-25 02:43:06,832 - DEBUG - 🔍 拟合残差计算详情:
2025-08-25 02:43:06,832 - DEBUG -    球心坐标: [ 0.12467845 -0.01451517  0.60350797]
2025-08-25 02:43:06,832 - DEBUG -    球体半径: 0.013196
2025-08-25 02:43:06,832 - DEBUG -    采样点数: 21
2025-08-25 02:43:06,832 - DEBUG -    点类型分布: {'eye_contours': 16, 'iris_boundaries': 4, 'pupil_center': 1}
2025-08-25 02:43:06,834 - DEBUG -    理论距离向量: [0.01339626 0.01404626 0.01404626 0.01404626 0.01404626 0.01469626
 0.01469626 0.01469626 0.01469626 0.01469626 0.01469626 0.01469626
 0.01469626 0.01469626 0.01469626 0.01469626 0.01469626 0.01469626
 0.01469626 0.01469626 0.01469626]
2025-08-25 02:43:06,834 - DEBUG -    实际距离向量: [0.03337365 0.03480656 0.0236927  0.03531106 0.04322524 0.04559236
 0.04167483 0.03503081 0.0294105  0.02795545 0.03084819 0.0348623
 0.03777692 0.04024212 0.0409089  0.04111378 0.04129657 0.04144397
 0.04180368 0.0429173  0.04482266]
2025-08-25 02:43:06,834 - DEBUG -    生理偏差向量: [0.0002  0.00085 0.00085 0.00085 0.00085 0.0015  0.0015  0.0015  0.0015
 0.0015  0.0015  0.0015  0.0015  0.0015  0.0015  0.0015  0.0015  0.0015
 0.0015  0.0015  0.0015 ]
2025-08-25 02:43:06,834 - DEBUG -    残差向量 f(θ): 
[[0.01997739]
 [0.0207603 ]
 [0.00964644]
 [0.0212648 ]
 [0.02917898]
 [0.0308961 ]
 [0.02697857]
 [0.02033455]
 [0.01471424]
 [0.01325919]
 [0.01615193]
 [0.02016604]
 [0.02308066]
 [0.02554586]
 [0.02621264]
 [0.02641752]
 [0.02660031]
 [0.02674771]
 [0.02710742]
 [0.02822104]
 [0.0301264 ]]
2025-08-25 02:43:06,836 - DEBUG -    平均残差范数: 0.005176
2025-08-25 02:43:06,836 - DEBUG -    残差范数=0.108695
2025-08-25 02:43:06,836 - INFO - -----------------------------------------------------------------------------------
2025-08-25 02:43:06,836 - DEBUG - 🔍 深度约束计算详情 (softplus):
2025-08-25 02:43:06,836 - DEBUG -    采样点Z坐标范围: [0.600000, 0.602651]
2025-08-25 02:43:06,836 - DEBUG -    球心Z坐标: 0.603508
2025-08-25 02:43:06,836 - DEBUG -    深度偏移ε: 0.000200
2025-08-25 02:43:06,836 - DEBUG -    softplus参数τ: 0.001000
2025-08-25 02:43:06,836 - DEBUG -    原始违反值: -0.000657
2025-08-25 02:43:06,836 - DEBUG -    softplus输入 u: -0.657213
2025-08-25 02:43:06,836 - DEBUG -    约束惩罚 h(θ): 0.000418
2025-08-25 02:43:06,836 - DEBUG -    🟢 深度约束满足: 球心深度足够
2025-08-25 02:43:06,836 - INFO - -----------------------------------------------------------------------------------
2025-08-25 02:43:06,836 - DEBUG - 🔍 半径惩罚计算详情:
2025-08-25 02:43:06,836 - DEBUG -    当前半径: 0.013196
2025-08-25 02:43:06,836 - DEBUG -    半径先验值: 0.012000
2025-08-25 02:43:06,836 - DEBUG -    半径残差 r(θ): 0.001196
2025-08-25 02:43:06,836 - DEBUG -    数据残差 f(θ): [[0.01997739]
 [0.0207603 ]
 [0.00964644]
 [0.0212648 ]
 [0.02917898]
 [0.0308961 ]
 [0.02697857]
 [0.02033455]
 [0.01471424]
 [0.01325919]
 [0.01615193]
 [0.02016604]
 [0.02308066]
 [0.02554586]
 [0.02621264]
 [0.02641752]
 [0.02660031]
 [0.02674771]
 [0.02710742]
 [0.02822104]
 [0.0301264 ]]
2025-08-25 02:43:06,840 - DEBUG -    约束残差 g(θ): [[0.00041759]]
2025-08-25 02:43:06,840 - DEBUG -    半径残差 r(θ): [[0.00119626]]
2025-08-25 02:43:06,840 - DEBUG - 🔍 状态变化计算: 参数变化=0.000000, 残差变化=0.000000
2025-08-25 02:43:06,841 - INFO - -----------------------------------------------------------------------------------
2025-08-25 02:43:06,841 - DEBUG - 🔍 权重管理器状态更新详情:
2025-08-25 02:43:06,841 - DEBUG -    当前迭代: 7
2025-08-25 02:43:06,841 - DEBUG -    参数变化: 0.000000 (阈值: 0.000005)
2025-08-25 02:43:06,841 - DEBUG -    残差变化: 0.000000 (阈值: 0.000005)
2025-08-25 02:43:06,841 - DEBUG -    几何权重因子: 10
2025-08-25 02:43:06,841 - DEBUG - ⏸️ 保持图像置信度权重: 参数变化=0.00e+00, 残差变化=0.00e+00
2025-08-25 02:43:06,841 - DEBUG - 状态已保存: 参数=[ 0.12467845 -0.01451517  0.60350797  0.01319626], 残差范数=0.108695
2025-08-25 02:43:06,843 - DEBUG - 🔍 获取visibility信息: 形状=(21,), 范围=[1.000, 1.000]
2025-08-25 02:43:06,843 - DEBUG - 🔧 设置图像置信度权重: 21个点
2025-08-25 02:43:06,843 - DEBUG - 🔍 开始计算权重矩阵:
2025-08-25 02:43:06,843 - DEBUG -    点类型: ['pupil_center', 'iris_boundaries', 'iris_boundaries', 'iris_boundaries', 'iris_boundaries', 'eye_contours', 'eye_contours', 'eye_contours', 'eye_contours', 'eye_contours', 'eye_contours', 'eye_contours', 'eye_contours', 'eye_contours', 'eye_contours', 'eye_contours', 'eye_contours', 'eye_contours', 'eye_contours', 'eye_contours', 'eye_contours']
2025-08-25 02:43:06,843 - DEBUG -    残差向量: 形状=(21,), 范数=0.108695
2025-08-25 02:43:06,843 - DEBUG -    Visibility: 形状=(21,), 均值=1.000
2025-08-25 02:43:06,843 - DEBUG - 🔍 权重矩阵计算成功: 形状=(21, 21)
2025-08-25 02:43:06,843 - DEBUG - 🔍 几何权重统计:
2025-08-25 02:43:06,843 - DEBUG -    权重向量: [[1.]
 [1.]
 [1.]
 [1.]
 [1.]
 [1.]
 [1.]
 [1.]
 [1.]
 [1.]
 [1.]
 [1.]
 [1.]
 [1.]
 [1.]
 [1.]
 [1.]
 [1.]
 [1.]
 [1.]
 [1.]]
2025-08-25 02:43:06,843 - DEBUG -    权重范围: [1.000000, 1.000000]
2025-08-25 02:43:06,843 - DEBUG -    权重均值: 1.000000
2025-08-25 02:43:06,843 - DEBUG -    权重标准差: 0.000000
2025-08-25 02:43:06,843 - DEBUG -    高权重点(>0.8): 21/21
2025-08-25 02:43:06,843 - DEBUG -    低权重点(<0.2): 0/21
2025-08-25 02:43:06,843 - INFO - -----------------------------------------------------------------------------------
2025-08-25 02:43:06,843 - DEBUG - 🔍 开始求解LM更新方程:
2025-08-25 02:43:06,843 - DEBUG -    数据残差: 形状=(21,), 范数=0.108695
2025-08-25 02:43:06,843 - DEBUG -    约束残差: 形状=(1,), 范数=0.000418
2025-08-25 02:43:06,843 - DEBUG - 🔍 计算数据残差雅可比矩阵 J_f: 形状=(21, 4)
2025-08-25 02:43:06,843 - DEBUG - 🔍 J_f矩阵计算完成: 条件数=9.26e+01
2025-08-25 02:43:06,847 - DEBUG - 🔍 深度约束雅可比计算: u=-0.657213, σ=0.341366, J_h=[[ 0.          0.         -0.34136602  0.        ]]
2025-08-25 02:43:06,847 - DEBUG - 🔍 半径先验雅可比: J_r=[[0. 0. 0. 1.]]
2025-08-25 02:43:06,848 - DEBUG - 🔍 使用几何权重矩阵: 形状=(21, 21)
2025-08-25 02:43:06,848 - DEBUG - 🔍 Hessian矩阵计算:
2025-08-25 02:43:06,848 - DEBUG -    H_data = J_f^T W J_f: 形状=(4, 4), 条件数=8.57e+03
2025-08-25 02:43:06,848 - DEBUG -    H_h = λ_depth J_h^T J_h: 形状=(4, 4), λ_depth=1000.0
2025-08-25 02:43:06,848 - DEBUG -    H_r = λ_radius J_r^T J_r: 形状=(4, 4), λ_radius=20.0
2025-08-25 02:43:06,848 - DEBUG -    H_total: 形状=(4, 4), 条件数=4.35e+01
2025-08-25 02:43:06,848 - DEBUG - 🔍 梯度计算:
2025-08-25 02:43:06,848 - DEBUG -    g_data: 形状=(4,), 范数=0.658929
2025-08-25 02:43:06,848 - DEBUG -    g_h: 形状=(4,), 范数=0.142550
2025-08-25 02:43:06,848 - DEBUG -    g_r: 形状=(4,), 范数=0.023925
2025-08-25 02:43:06,848 - DEBUG -    g_total: 形状=(4,), 范数=0.664311
2025-08-25 02:43:06,848 - DEBUG - 🔍 LM阻尼矩阵: H_lm = H_total + 10.0 * I
2025-08-25 02:43:06,848 - DEBUG -    H_lm条件数: 9.99e+00
2025-08-25 02:43:06,848 - DEBUG - 🔍 线性方程组求解成功:
2025-08-25 02:43:06,848 - DEBUG -    参数更新向量 Δθ: [[ 0.00039775]
 [-0.01302192]
 [ 0.00119183]
 [ 0.00399595]]
2025-08-25 02:43:06,848 - DEBUG -    更新向量范数: 0.013679
2025-08-25 02:43:06,848 - DEBUG -    各分量更新: Δc_x=0.000398, Δc_y=-0.013022, Δc_z=0.001192, Δr=0.003996
2025-08-25 02:43:06,852 - DEBUG -    参数更新:
2025-08-25 02:43:06,853 - DEBUG -      旧参数: [[ 0.12467845]
 [-0.01451517]
 [ 0.60350797]
 [ 0.01319626]]
2025-08-25 02:43:06,854 - DEBUG -      更新向量: [[ 0.00039775]
 [-0.01302192]
 [ 0.00119183]
 [ 0.00399595]]
2025-08-25 02:43:06,854 - DEBUG -      新参数: [[ 0.1250762 ]
 [-0.02753709]
 [ 0.6046998 ]
 [ 0.01719221]]
2025-08-25 02:43:06,854 - INFO - -----------------------------------------------------------------------------------
2025-08-25 02:43:06,854 - INFO - 🔍 迭代第7次，球心向左0.397751mm，向上13.021917mm，向后1.191830mm，半径变大3.995952mm
2025-08-25 02:43:06,854 - INFO - 📊 变化前: 中心(0.125, -0.015, 0.604), 半径13.20mm
2025-08-25 02:43:06,854 - INFO - 📊 变化后: 中心(0.125, -0.028, 0.605), 半径17.19mm
2025-08-25 02:43:06,854 - INFO - 📈 变化量: 中心移动13.03mm, 半径变化4.00mm
2025-08-25 02:43:06,854 - INFO - 📍 眼球中心: [ 0.12467845 -0.01451517  0.60350797]
2025-08-25 02:43:06,856 - INFO - 📏 眼球半径: 13.20mm
2025-08-25 02:43:06,856 - INFO - 👁️ 瞳孔中心: [0.124      0.01866667 0.60000002]
2025-08-25 02:43:06,856 - INFO - 📐 眼球中心在瞳孔中心的右0.68mm，上33.18mm，后3.51mm
2025-08-25 02:43:06,856 - INFO - 📏 距离: 33.37mm
2025-08-25 02:43:06,856 - INFO - -----------------------------------------------------------------------------------
2025-08-25 02:43:06,857 - INFO - -----------------------------------------------------------------------------------
2025-08-25 02:43:06,857 - DEBUG - 🔍 参数有效性检查:
2025-08-25 02:43:06,857 - DEBUG -    参数向量: [[ 0.1250762 ]
 [-0.02753709]
 [ 0.6046998 ]
 [ 0.01719221]]
2025-08-25 02:43:06,857 - DEBUG -    球心: [ 0.1250762  -0.02753709  0.6046998 ]
2025-08-25 02:43:06,857 - DEBUG -    半径: 0.017192
2025-08-25 02:43:06,857 - DEBUG - 🔍 函数值计算详情:
2025-08-25 02:43:06,857 - DEBUG -    数据项 F(θ): 0.005907
2025-08-25 02:43:06,857 - DEBUG -    深度约束项: 0.000087
2025-08-25 02:43:06,857 - DEBUG -    半径先验项: 0.000014
2025-08-25 02:43:06,859 - DEBUG -    总函数值 Φ(θ): 0.006009
2025-08-25 02:43:06,859 - DEBUG -    函数值改善: 0.000000
2025-08-25 02:43:06,859 - DEBUG - 🔍 参数有效: True
2025-08-25 02:43:06,859 - DEBUG -    参数更新成功:
2025-08-25 02:43:06,859 - DEBUG -      新球心: [ 0.1250762  -0.02753709  0.6046998 ]
2025-08-25 02:43:06,859 - DEBUG -      新半径: 0.017192
2025-08-25 02:43:06,859 - INFO - -----------------------------------------------------------------------------------
2025-08-25 02:43:06,859 - DEBUG - 🔍 LM收敛性检查:
2025-08-25 02:43:06,859 - DEBUG -    当前迭代次数: 7
2025-08-25 02:43:06,859 - DEBUG -    最大迭代次数: 30
2025-08-25 02:43:06,859 - DEBUG -    参数变化: 0.013679
2025-08-25 02:43:06,859 - DEBUG -    参数容忍度: 5e-06
2025-08-25 02:43:06,859 - DEBUG -    残差变化: 0.000000
2025-08-25 02:43:06,861 - DEBUG -    残差容忍度: 5e-06
2025-08-25 02:43:06,861 - DEBUG - 🔍 迭代 9/30:
2025-08-25 02:43:06,861 - DEBUG - 🔍 计算点到球心距离: 形状=(21,)
2025-08-25 02:43:06,861 - DEBUG - 🔍 生理偏差向量计算:
2025-08-25 02:43:06,861 - DEBUG -    点类型列表: ['pupil_center', 'iris_boundaries', 'iris_boundaries', 'iris_boundaries', 'iris_boundaries', 'eye_contours', 'eye_contours', 'eye_contours', 'eye_contours', 'eye_contours', 'eye_contours', 'eye_contours', 'eye_contours', 'eye_contours', 'eye_contours', 'eye_contours', 'eye_contours', 'eye_contours', 'eye_contours', 'eye_contours', 'eye_contours']
2025-08-25 02:43:06,861 - DEBUG -    偏差向量: [0.0002  0.00085 0.00085 0.00085 0.00085 0.0015  0.0015  0.0015  0.0015
 0.0015  0.0015  0.0015  0.0015  0.0015  0.0015  0.0015  0.0015  0.0015
 0.0015  0.0015  0.0015 ]
2025-08-25 02:43:06,861 - DEBUG -    向量形状: (21,)
2025-08-25 02:43:06,861 - DEBUG -    偏差统计: 均值=0.001314, 标准差=0.000356
2025-08-25 02:43:06,861 - DEBUG - 获取生理偏差: 点类型=['pupil_center', 'iris_boundaries', 'iris_boundaries', 'iris_boundaries', 'iris_boundaries', 'eye_contours', 'eye_contours', 'eye_contours', 'eye_contours', 'eye_contours', 'eye_contours', 'eye_contours', 'eye_contours', 'eye_contours', 'eye_contours', 'eye_contours', 'eye_contours', 'eye_contours', 'eye_contours', 'eye_contours', 'eye_contours'], 偏差值=[0.0002  0.00085 0.00085 0.00085 0.00085 0.0015  0.0015  0.0015  0.0015
 0.0015  0.0015  0.0015  0.0015  0.0015  0.0015  0.0015  0.0015  0.0015
 0.0015  0.0015  0.0015 ]
2025-08-25 02:43:06,863 - INFO - -----------------------------------------------------------------------------------
2025-08-25 02:43:06,863 - DEBUG - 🔍 拟合残差计算详情:
2025-08-25 02:43:06,863 - DEBUG -    球心坐标: [ 0.1250762  -0.02753709  0.6046998 ]
2025-08-25 02:43:06,863 - DEBUG -    球体半径: 0.017192
2025-08-25 02:43:06,863 - DEBUG -    采样点数: 21
2025-08-25 02:43:06,863 - DEBUG -    点类型分布: {'eye_contours': 16, 'iris_boundaries': 4, 'pupil_center': 1}
2025-08-25 02:43:06,864 - DEBUG -    理论距离向量: [0.01739221 0.01804221 0.01804221 0.01804221 0.01804221 0.01869221
 0.01869221 0.01869221 0.01869221 0.01869221 0.01869221 0.01869221
 0.01869221 0.01869221 0.01869221 0.01869221 0.01869221 0.01869221
 0.01869221 0.01869221 0.01869221]
2025-08-25 02:43:06,864 - DEBUG -    实际距离向量: [0.04645464 0.04733325 0.03677376 0.04806505 0.05628937 0.05728188
 0.05349467 0.04729917 0.04233355 0.04097172 0.04319947 0.04661335
 0.04919785 0.0514035  0.05272832 0.05338623 0.05401937 0.05450259
 0.05478639 0.05543216 0.0568408 ]
2025-08-25 02:43:06,864 - DEBUG -    生理偏差向量: [0.0002  0.00085 0.00085 0.00085 0.00085 0.0015  0.0015  0.0015  0.0015
 0.0015  0.0015  0.0015  0.0015  0.0015  0.0015  0.0015  0.0015  0.0015
 0.0015  0.0015  0.0015 ]
2025-08-25 02:43:06,864 - DEBUG -    残差向量 f(θ): 
[[0.02906242]
 [0.02929104]
 [0.01873155]
 [0.03002284]
 [0.03824715]
 [0.03858967]
 [0.03480246]
 [0.02860696]
 [0.02364133]
 [0.02227951]
 [0.02450726]
 [0.02792114]
 [0.03050564]
 [0.03271129]
 [0.03403611]
 [0.03469401]
 [0.03532715]
 [0.03581037]
 [0.03609418]
 [0.03673994]
 [0.03814859]]
2025-08-25 02:43:06,864 - DEBUG -    平均残差范数: 0.006962
2025-08-25 02:43:06,866 - DEBUG -    残差范数=0.146195
2025-08-25 02:43:06,866 - INFO - -----------------------------------------------------------------------------------
2025-08-25 02:43:06,866 - DEBUG - 🔍 深度约束计算详情 (softplus):
2025-08-25 02:43:06,866 - DEBUG -    采样点Z坐标范围: [0.600000, 0.602651]
2025-08-25 02:43:06,866 - DEBUG -    球心Z坐标: 0.604700
2025-08-25 02:43:06,866 - DEBUG -    深度偏移ε: 0.000200
2025-08-25 02:43:06,866 - DEBUG -    softplus参数τ: 0.001000
2025-08-25 02:43:06,866 - DEBUG -    原始违反值: -0.001849
2025-08-25 02:43:06,866 - DEBUG -    softplus输入 u: -1.849043
2025-08-25 02:43:06,866 - DEBUG -    约束惩罚 h(θ): 0.000146
2025-08-25 02:43:06,866 - DEBUG -    🟢 深度约束满足: 球心深度足够
2025-08-25 02:43:06,866 - INFO - -----------------------------------------------------------------------------------
2025-08-25 02:43:06,868 - DEBUG - 🔍 半径惩罚计算详情:
2025-08-25 02:43:06,868 - DEBUG -    当前半径: 0.017192
2025-08-25 02:43:06,868 - DEBUG -    半径先验值: 0.012000
2025-08-25 02:43:06,868 - DEBUG -    半径残差 r(θ): 0.005192
2025-08-25 02:43:06,868 - DEBUG -    数据残差 f(θ): [[0.02906242]
 [0.02929104]
 [0.01873155]
 [0.03002284]
 [0.03824715]
 [0.03858967]
 [0.03480246]
 [0.02860696]
 [0.02364133]
 [0.02227951]
 [0.02450726]
 [0.02792114]
 [0.03050564]
 [0.03271129]
 [0.03403611]
 [0.03469401]
 [0.03532715]
 [0.03581037]
 [0.03609418]
 [0.03673994]
 [0.03814859]]
2025-08-25 02:43:06,868 - DEBUG -    约束残差 g(θ): [[0.00014617]]
2025-08-25 02:43:06,868 - DEBUG -    半径残差 r(θ): [[0.00519221]]
2025-08-25 02:43:06,868 - DEBUG - 🔍 状态变化计算: 参数变化=0.013679, 残差变化=0.037500
2025-08-25 02:43:06,868 - INFO - -----------------------------------------------------------------------------------
2025-08-25 02:43:06,868 - DEBUG - 🔍 权重管理器状态更新详情:
2025-08-25 02:43:06,868 - DEBUG -    当前迭代: 8
2025-08-25 02:43:06,868 - DEBUG -    参数变化: 0.013679 (阈值: 0.000005)
2025-08-25 02:43:06,868 - DEBUG -    残差变化: 0.037500 (阈值: 0.000005)
2025-08-25 02:43:06,868 - DEBUG -    几何权重因子: 10
2025-08-25 02:43:06,868 - DEBUG - ⏸️ 保持图像置信度权重: 参数变化=1.37e-02, 残差变化=3.75e-02
2025-08-25 02:43:06,868 - DEBUG - 状态已保存: 参数=[ 0.1250762  -0.02753709  0.6046998   0.01719221], 残差范数=0.146195
2025-08-25 02:43:06,868 - DEBUG - 🔍 获取visibility信息: 形状=(21,), 范围=[1.000, 1.000]
2025-08-25 02:43:06,872 - DEBUG - 🔧 设置图像置信度权重: 21个点
2025-08-25 02:43:06,872 - DEBUG - 🔍 开始计算权重矩阵:
2025-08-25 02:43:06,872 - DEBUG -    点类型: ['pupil_center', 'iris_boundaries', 'iris_boundaries', 'iris_boundaries', 'iris_boundaries', 'eye_contours', 'eye_contours', 'eye_contours', 'eye_contours', 'eye_contours', 'eye_contours', 'eye_contours', 'eye_contours', 'eye_contours', 'eye_contours', 'eye_contours', 'eye_contours', 'eye_contours', 'eye_contours', 'eye_contours', 'eye_contours']
2025-08-25 02:43:06,872 - DEBUG -    残差向量: 形状=(21,), 范数=0.146195
2025-08-25 02:43:06,872 - DEBUG -    Visibility: 形状=(21,), 均值=1.000
2025-08-25 02:43:06,872 - DEBUG - 🔍 权重矩阵计算成功: 形状=(21, 21)
2025-08-25 02:43:06,872 - DEBUG - 🔍 几何权重统计:
2025-08-25 02:43:06,872 - DEBUG -    权重向量: [[1.]
 [1.]
 [1.]
 [1.]
 [1.]
 [1.]
 [1.]
 [1.]
 [1.]
 [1.]
 [1.]
 [1.]
 [1.]
 [1.]
 [1.]
 [1.]
 [1.]
 [1.]
 [1.]
 [1.]
 [1.]]
2025-08-25 02:43:06,872 - DEBUG -    权重范围: [1.000000, 1.000000]
2025-08-25 02:43:06,877 - DEBUG -    权重均值: 1.000000
2025-08-25 02:43:06,877 - DEBUG -    权重标准差: 0.000000
2025-08-25 02:43:06,877 - DEBUG -    高权重点(>0.8): 21/21
2025-08-25 02:43:06,877 - DEBUG -    低权重点(<0.2): 0/21
2025-08-25 02:43:06,877 - INFO - -----------------------------------------------------------------------------------
2025-08-25 02:43:06,877 - DEBUG - 🔍 开始求解LM更新方程:
2025-08-25 02:43:06,877 - DEBUG -    数据残差: 形状=(21,), 范数=0.146195
2025-08-25 02:43:06,877 - DEBUG -    约束残差: 形状=(1,), 范数=0.000146
2025-08-25 02:43:06,877 - DEBUG - 🔍 计算数据残差雅可比矩阵 J_f: 形状=(21, 4)
2025-08-25 02:43:06,877 - DEBUG - 🔍 J_f矩阵计算完成: 条件数=1.30e+02
2025-08-25 02:43:06,877 - DEBUG - 🔍 深度约束雅可比计算: u=-1.849043, σ=0.135985, J_h=[[ 0.          0.         -0.13598535  0.        ]]
2025-08-25 02:43:06,877 - DEBUG - 🔍 半径先验雅可比: J_r=[[0. 0. 0. 1.]]
2025-08-25 02:43:06,877 - DEBUG - 🔍 使用几何权重矩阵: 形状=(21, 21)
2025-08-25 02:43:06,880 - DEBUG - 🔍 Hessian矩阵计算:
2025-08-25 02:43:06,880 - DEBUG -    H_data = J_f^T W J_f: 形状=(4, 4), 条件数=1.70e+04
2025-08-25 02:43:06,880 - DEBUG -    H_h = λ_depth J_h^T J_h: 形状=(4, 4), λ_depth=1000.0
2025-08-25 02:43:06,880 - DEBUG -    H_r = λ_radius J_r^T J_r: 形状=(4, 4), λ_radius=20.0
2025-08-25 02:43:06,880 - DEBUG -    H_total: 形状=(4, 4), 条件数=3.37e+01
2025-08-25 02:43:06,880 - DEBUG - 🔍 梯度计算:
2025-08-25 02:43:06,880 - DEBUG -    g_data: 形状=(4,), 范数=0.914136
2025-08-25 02:43:06,880 - DEBUG -    g_h: 形状=(4,), 范数=0.019876
2025-08-25 02:43:06,880 - DEBUG -    g_r: 形状=(4,), 范数=0.103844
2025-08-25 02:43:06,880 - DEBUG -    g_total: 形状=(4,), 范数=0.843665
2025-08-25 02:43:06,880 - DEBUG - 🔍 LM阻尼矩阵: H_lm = H_total + 10.0 * I
2025-08-25 02:43:06,880 - DEBUG -    H_lm条件数: 5.45e+00
2025-08-25 02:43:06,880 - DEBUG - 🔍 线性方程组求解成功:
2025-08-25 02:43:06,880 - DEBUG -    参数更新向量 Δθ: [[ 0.00052737]
 [-0.0192164 ]
 [ 0.00119805]
 [ 0.0032841 ]]
2025-08-25 02:43:06,880 - DEBUG -    更新向量范数: 0.019539
2025-08-25 02:43:06,880 - DEBUG -    各分量更新: Δc_x=0.000527, Δc_y=-0.019216, Δc_z=0.001198, Δr=0.003284
2025-08-25 02:43:06,880 - DEBUG -    参数更新:
2025-08-25 02:43:06,880 - DEBUG -      旧参数: [[ 0.1250762 ]
 [-0.02753709]
 [ 0.6046998 ]
 [ 0.01719221]]
2025-08-25 02:43:06,880 - DEBUG -      更新向量: [[ 0.00052737]
 [-0.0192164 ]
 [ 0.00119805]
 [ 0.0032841 ]]
2025-08-25 02:43:06,880 - DEBUG -      新参数: [[ 0.12560357]
 [-0.0467535 ]
 [ 0.60589785]
 [ 0.02047631]]
2025-08-25 02:43:06,880 - INFO - -----------------------------------------------------------------------------------
2025-08-25 02:43:06,880 - INFO - 🔍 迭代第8次，球心向左0.527369mm，向上19.216405mm，向后1.198050mm，半径变大3.284100mm
2025-08-25 02:43:06,880 - INFO - 📊 变化前: 中心(0.125, -0.028, 0.605), 半径17.19mm
2025-08-25 02:43:06,880 - INFO - 📊 变化后: 中心(0.126, -0.047, 0.606), 半径20.48mm
2025-08-25 02:43:06,880 - INFO - 📈 变化量: 中心移动19.22mm, 半径变化3.28mm
2025-08-25 02:43:06,880 - INFO - 📍 眼球中心: [ 0.1250762  -0.02753709  0.6046998 ]
2025-08-25 02:43:06,880 - INFO - 📏 眼球半径: 17.19mm
2025-08-25 02:43:06,887 - INFO - 👁️ 瞳孔中心: [0.124      0.01866667 0.60000002]
2025-08-25 02:43:06,887 - INFO - 📐 眼球中心在瞳孔中心的右1.08mm，上46.20mm，后4.70mm
2025-08-25 02:43:06,888 - INFO - 📏 距离: 46.45mm
2025-08-25 02:43:06,888 - INFO - -----------------------------------------------------------------------------------
2025-08-25 02:43:06,888 - INFO - -----------------------------------------------------------------------------------
2025-08-25 02:43:06,888 - DEBUG - 🔍 参数有效性检查:
2025-08-25 02:43:06,888 - DEBUG -    参数向量: [[ 0.12560357]
 [-0.0467535 ]
 [ 0.60589785]
 [ 0.02047631]]
2025-08-25 02:43:06,888 - DEBUG -    球心: [ 0.12560357 -0.0467535   0.60589785]
2025-08-25 02:43:06,888 - DEBUG -    半径: 0.020476
2025-08-25 02:43:06,888 - DEBUG - 🔍 函数值计算详情:
2025-08-25 02:43:06,888 - DEBUG -    数据项 F(θ): 0.010686
2025-08-25 02:43:06,890 - DEBUG -    深度约束项: 0.000011
2025-08-25 02:43:06,890 - DEBUG -    半径先验项: 0.000270
2025-08-25 02:43:06,890 - DEBUG -    总函数值 Φ(θ): 0.010967
2025-08-25 02:43:06,890 - DEBUG -    函数值改善: -0.004958
2025-08-25 02:43:06,890 - DEBUG - 🔍 参数有效: False
2025-08-25 02:43:06,890 - DEBUG -    参数无效，阻尼因子调整: λ_LM = 1.00e+02
2025-08-25 02:43:06,890 - DEBUG - 🔍 迭代 10/30:
2025-08-25 02:43:06,890 - DEBUG - 🔍 计算点到球心距离: 形状=(21,)
2025-08-25 02:43:06,890 - DEBUG - 🔍 生理偏差向量计算:
2025-08-25 02:43:06,890 - DEBUG -    点类型列表: ['pupil_center', 'iris_boundaries', 'iris_boundaries', 'iris_boundaries', 'iris_boundaries', 'eye_contours', 'eye_contours', 'eye_contours', 'eye_contours', 'eye_contours', 'eye_contours', 'eye_contours', 'eye_contours', 'eye_contours', 'eye_contours', 'eye_contours', 'eye_contours', 'eye_contours', 'eye_contours', 'eye_contours', 'eye_contours']
2025-08-25 02:43:06,892 - DEBUG -    偏差向量: [0.0002  0.00085 0.00085 0.00085 0.00085 0.0015  0.0015  0.0015  0.0015
 0.0015  0.0015  0.0015  0.0015  0.0015  0.0015  0.0015  0.0015  0.0015
 0.0015  0.0015  0.0015 ]
2025-08-25 02:43:06,892 - DEBUG -    向量形状: (21,)
2025-08-25 02:43:06,892 - DEBUG -    偏差统计: 均值=0.001314, 标准差=0.000356
2025-08-25 02:43:06,892 - DEBUG - 获取生理偏差: 点类型=['pupil_center', 'iris_boundaries', 'iris_boundaries', 'iris_boundaries', 'iris_boundaries', 'eye_contours', 'eye_contours', 'eye_contours', 'eye_contours', 'eye_contours', 'eye_contours', 'eye_contours', 'eye_contours', 'eye_contours', 'eye_contours', 'eye_contours', 'eye_contours', 'eye_contours', 'eye_contours', 'eye_contours', 'eye_contours'], 偏差值=[0.0002  0.00085 0.00085 0.00085 0.00085 0.0015  0.0015  0.0015  0.0015
 0.0015  0.0015  0.0015  0.0015  0.0015  0.0015  0.0015  0.0015  0.0015
 0.0015  0.0015  0.0015 ]
2025-08-25 02:43:06,892 - INFO - -----------------------------------------------------------------------------------
2025-08-25 02:43:06,892 - DEBUG - 🔍 拟合残差计算详情:
2025-08-25 02:43:06,892 - DEBUG -    球心坐标: [ 0.1250762  -0.02753709  0.6046998 ]
2025-08-25 02:43:06,892 - DEBUG -    球体半径: 0.017192
2025-08-25 02:43:06,892 - DEBUG -    采样点数: 21
2025-08-25 02:43:06,892 - DEBUG -    点类型分布: {'eye_contours': 16, 'iris_boundaries': 4, 'pupil_center': 1}
2025-08-25 02:43:06,895 - DEBUG -    理论距离向量: [0.01739221 0.01804221 0.01804221 0.01804221 0.01804221 0.01869221
 0.01869221 0.01869221 0.01869221 0.01869221 0.01869221 0.01869221
 0.01869221 0.01869221 0.01869221 0.01869221 0.01869221 0.01869221
 0.01869221 0.01869221 0.01869221]
2025-08-25 02:43:06,895 - DEBUG -    实际距离向量: [0.04645464 0.04733325 0.03677376 0.04806505 0.05628937 0.05728188
 0.05349467 0.04729917 0.04233355 0.04097172 0.04319947 0.04661335
 0.04919785 0.0514035  0.05272832 0.05338623 0.05401937 0.05450259
 0.05478639 0.05543216 0.0568408 ]
2025-08-25 02:43:06,895 - DEBUG -    生理偏差向量: [0.0002  0.00085 0.00085 0.00085 0.00085 0.0015  0.0015  0.0015  0.0015
 0.0015  0.0015  0.0015  0.0015  0.0015  0.0015  0.0015  0.0015  0.0015
 0.0015  0.0015  0.0015 ]
2025-08-25 02:43:06,897 - DEBUG -    残差向量 f(θ): 
[[0.02906242]
 [0.02929104]
 [0.01873155]
 [0.03002284]
 [0.03824715]
 [0.03858967]
 [0.03480246]
 [0.02860696]
 [0.02364133]
 [0.02227951]
 [0.02450726]
 [0.02792114]
 [0.03050564]
 [0.03271129]
 [0.03403611]
 [0.03469401]
 [0.03532715]
 [0.03581037]
 [0.03609418]
 [0.03673994]
 [0.03814859]]
2025-08-25 02:43:06,897 - DEBUG -    平均残差范数: 0.006962
2025-08-25 02:43:06,897 - DEBUG -    残差范数=0.146195
2025-08-25 02:43:06,897 - INFO - -----------------------------------------------------------------------------------
2025-08-25 02:43:06,897 - DEBUG - 🔍 深度约束计算详情 (softplus):
2025-08-25 02:43:06,897 - DEBUG -    采样点Z坐标范围: [0.600000, 0.602651]
2025-08-25 02:43:06,897 - DEBUG -    球心Z坐标: 0.604700
2025-08-25 02:43:06,897 - DEBUG -    深度偏移ε: 0.000200
2025-08-25 02:43:06,897 - DEBUG -    softplus参数τ: 0.001000
2025-08-25 02:43:06,897 - DEBUG -    原始违反值: -0.001849
2025-08-25 02:43:06,897 - DEBUG -    softplus输入 u: -1.849043
2025-08-25 02:43:06,897 - DEBUG -    约束惩罚 h(θ): 0.000146
2025-08-25 02:43:06,897 - DEBUG -    🟢 深度约束满足: 球心深度足够
2025-08-25 02:43:06,897 - INFO - -----------------------------------------------------------------------------------
2025-08-25 02:43:06,897 - DEBUG - 🔍 半径惩罚计算详情:
2025-08-25 02:43:06,897 - DEBUG -    当前半径: 0.017192
2025-08-25 02:43:06,897 - DEBUG -    半径先验值: 0.012000
2025-08-25 02:43:06,897 - DEBUG -    半径残差 r(θ): 0.005192
2025-08-25 02:43:06,897 - DEBUG -    数据残差 f(θ): [[0.02906242]
 [0.02929104]
 [0.01873155]
 [0.03002284]
 [0.03824715]
 [0.03858967]
 [0.03480246]
 [0.02860696]
 [0.02364133]
 [0.02227951]
 [0.02450726]
 [0.02792114]
 [0.03050564]
 [0.03271129]
 [0.03403611]
 [0.03469401]
 [0.03532715]
 [0.03581037]
 [0.03609418]
 [0.03673994]
 [0.03814859]]
2025-08-25 02:43:06,897 - DEBUG -    约束残差 g(θ): [[0.00014617]]
2025-08-25 02:43:06,897 - DEBUG -    半径残差 r(θ): [[0.00519221]]
2025-08-25 02:43:06,897 - DEBUG - 🔍 状态变化计算: 参数变化=0.000000, 残差变化=0.000000
2025-08-25 02:43:06,897 - INFO - -----------------------------------------------------------------------------------
2025-08-25 02:43:06,897 - DEBUG - 🔍 权重管理器状态更新详情:
2025-08-25 02:43:06,897 - DEBUG -    当前迭代: 9
2025-08-25 02:43:06,903 - DEBUG -    参数变化: 0.000000 (阈值: 0.000005)
2025-08-25 02:43:06,903 - DEBUG -    残差变化: 0.000000 (阈值: 0.000005)
2025-08-25 02:43:06,903 - DEBUG -    几何权重因子: 10
2025-08-25 02:43:06,903 - DEBUG - ⏸️ 保持图像置信度权重: 参数变化=0.00e+00, 残差变化=0.00e+00
2025-08-25 02:43:06,903 - DEBUG - 状态已保存: 参数=[ 0.1250762  -0.02753709  0.6046998   0.01719221], 残差范数=0.146195
2025-08-25 02:43:06,903 - DEBUG - 🔍 获取visibility信息: 形状=(21,), 范围=[1.000, 1.000]
2025-08-25 02:43:06,903 - DEBUG - 🔧 设置图像置信度权重: 21个点
2025-08-25 02:43:06,903 - DEBUG - 🔍 开始计算权重矩阵:
2025-08-25 02:43:06,903 - DEBUG -    点类型: ['pupil_center', 'iris_boundaries', 'iris_boundaries', 'iris_boundaries', 'iris_boundaries', 'eye_contours', 'eye_contours', 'eye_contours', 'eye_contours', 'eye_contours', 'eye_contours', 'eye_contours', 'eye_contours', 'eye_contours', 'eye_contours', 'eye_contours', 'eye_contours', 'eye_contours', 'eye_contours', 'eye_contours', 'eye_contours']
2025-08-25 02:43:06,903 - DEBUG -    残差向量: 形状=(21,), 范数=0.146195
2025-08-25 02:43:06,905 - DEBUG -    Visibility: 形状=(21,), 均值=1.000
2025-08-25 02:43:06,905 - DEBUG - 🔍 权重矩阵计算成功: 形状=(21, 21)
2025-08-25 02:43:06,906 - DEBUG - 🔍 几何权重统计:
2025-08-25 02:43:06,906 - DEBUG -    权重向量: [[1.]
 [1.]
 [1.]
 [1.]
 [1.]
 [1.]
 [1.]
 [1.]
 [1.]
 [1.]
 [1.]
 [1.]
 [1.]
 [1.]
 [1.]
 [1.]
 [1.]
 [1.]
 [1.]
 [1.]
 [1.]]
2025-08-25 02:43:06,906 - DEBUG -    权重范围: [1.000000, 1.000000]
2025-08-25 02:43:06,906 - DEBUG -    权重均值: 1.000000
2025-08-25 02:43:06,906 - DEBUG -    权重标准差: 0.000000
2025-08-25 02:43:06,906 - DEBUG -    高权重点(>0.8): 21/21
2025-08-25 02:43:06,906 - DEBUG -    低权重点(<0.2): 0/21
2025-08-25 02:43:06,906 - INFO - -----------------------------------------------------------------------------------
2025-08-25 02:43:06,906 - DEBUG - 🔍 开始求解LM更新方程:
2025-08-25 02:43:06,906 - DEBUG -    数据残差: 形状=(21,), 范数=0.146195
2025-08-25 02:43:06,906 - DEBUG -    约束残差: 形状=(1,), 范数=0.000146
2025-08-25 02:43:06,906 - DEBUG - 🔍 计算数据残差雅可比矩阵 J_f: 形状=(21, 4)
2025-08-25 02:43:06,906 - DEBUG - 🔍 J_f矩阵计算完成: 条件数=1.30e+02
2025-08-25 02:43:06,906 - DEBUG - 🔍 深度约束雅可比计算: u=-1.849043, σ=0.135985, J_h=[[ 0.          0.         -0.13598535  0.        ]]
2025-08-25 02:43:06,906 - DEBUG - 🔍 半径先验雅可比: J_r=[[0. 0. 0. 1.]]
2025-08-25 02:43:06,906 - DEBUG - 🔍 使用几何权重矩阵: 形状=(21, 21)
2025-08-25 02:43:06,906 - DEBUG - 🔍 Hessian矩阵计算:
2025-08-25 02:43:06,911 - DEBUG -    H_data = J_f^T W J_f: 形状=(4, 4), 条件数=1.70e+04
2025-08-25 02:43:06,911 - DEBUG -    H_h = λ_depth J_h^T J_h: 形状=(4, 4), λ_depth=1000.0
2025-08-25 02:43:06,911 - DEBUG -    H_r = λ_radius J_r^T J_r: 形状=(4, 4), λ_radius=20.0
2025-08-25 02:43:06,911 - DEBUG -    H_total: 形状=(4, 4), 条件数=3.37e+01
2025-08-25 02:43:06,911 - DEBUG - 🔍 梯度计算:
2025-08-25 02:43:06,911 - DEBUG -    g_data: 形状=(4,), 范数=0.914136
2025-08-25 02:43:06,911 - DEBUG -    g_h: 形状=(4,), 范数=0.019876
2025-08-25 02:43:06,911 - DEBUG -    g_r: 形状=(4,), 范数=0.103844
2025-08-25 02:43:06,911 - DEBUG -    g_total: 形状=(4,), 范数=0.843665
2025-08-25 02:43:06,911 - DEBUG - 🔍 LM阻尼矩阵: H_lm = H_total + 100.0 * I
2025-08-25 02:43:06,911 - DEBUG -    H_lm条件数: 1.51e+00
2025-08-25 02:43:06,913 - DEBUG - 🔍 线性方程组求解成功:
2025-08-25 02:43:06,913 - DEBUG -    参数更新向量 Δθ: [[ 4.02937133e-05]
 [-4.73120271e-03]
 [ 4.79753982e-04]
 [ 3.26225936e-03]]
2025-08-25 02:43:06,913 - DEBUG -    更新向量范数: 0.005767
2025-08-25 02:43:06,913 - DEBUG -    各分量更新: Δc_x=0.000040, Δc_y=-0.004731, Δc_z=0.000480, Δr=0.003262
2025-08-25 02:43:06,913 - DEBUG -    参数更新:
2025-08-25 02:43:06,913 - DEBUG -      旧参数: [[ 0.1250762 ]
 [-0.02753709]
 [ 0.6046998 ]
 [ 0.01719221]]
2025-08-25 02:43:06,913 - DEBUG -      更新向量: [[ 4.02937133e-05]
 [-4.73120271e-03]
 [ 4.79753982e-04]
 [ 3.26225936e-03]]
2025-08-25 02:43:06,913 - DEBUG -      新参数: [[ 0.12511649]
 [-0.03226829]
 [ 0.60517956]
 [ 0.02045447]]
2025-08-25 02:43:06,913 - INFO - -----------------------------------------------------------------------------------
2025-08-25 02:43:06,913 - INFO - 🔍 迭代第9次，球心向左0.040294mm，向上4.731203mm，向后0.479754mm，半径变大3.262259mm
2025-08-25 02:43:06,916 - INFO - 📊 变化前: 中心(0.125, -0.028, 0.605), 半径17.19mm
2025-08-25 02:43:06,916 - INFO - 📊 变化后: 中心(0.125, -0.032, 0.605), 半径20.45mm
2025-08-25 02:43:06,916 - INFO - 📈 变化量: 中心移动4.73mm, 半径变化3.26mm
2025-08-25 02:43:06,916 - INFO - 📍 眼球中心: [ 0.1250762  -0.02753709  0.6046998 ]
2025-08-25 02:43:06,916 - INFO - 📏 眼球半径: 17.19mm
2025-08-25 02:43:06,916 - INFO - 👁️ 瞳孔中心: [0.124      0.01866667 0.60000002]
2025-08-25 02:43:06,916 - INFO - 📐 眼球中心在瞳孔中心的右1.08mm，上46.20mm，后4.70mm
2025-08-25 02:43:06,916 - INFO - 📏 距离: 46.45mm
2025-08-25 02:43:06,918 - INFO - -----------------------------------------------------------------------------------
2025-08-25 02:43:06,918 - INFO - -----------------------------------------------------------------------------------
2025-08-25 02:43:06,918 - DEBUG - 🔍 参数有效性检查:
2025-08-25 02:43:06,918 - DEBUG -    参数向量: [[ 0.12511649]
 [-0.03226829]
 [ 0.60517956]
 [ 0.02045447]]
2025-08-25 02:43:06,920 - DEBUG -    球心: [ 0.12511649 -0.03226829  0.60517956]
2025-08-25 02:43:06,920 - DEBUG -    半径: 0.020454
2025-08-25 02:43:06,920 - DEBUG - 🔍 函数值计算详情:
2025-08-25 02:43:06,920 - DEBUG -    数据项 F(θ): 0.010686
2025-08-25 02:43:06,920 - DEBUG -    深度约束项: 0.000011
2025-08-25 02:43:06,920 - DEBUG -    半径先验项: 0.000270
2025-08-25 02:43:06,920 - DEBUG -    总函数值 Φ(θ): 0.010967
2025-08-25 02:43:06,920 - DEBUG -    函数值改善: 0.000000
2025-08-25 02:43:06,920 - DEBUG - 🔍 参数有效: True
2025-08-25 02:43:06,920 - DEBUG -    参数更新成功:
2025-08-25 02:43:06,922 - DEBUG -      新球心: [ 0.12511649 -0.03226829  0.60517956]
2025-08-25 02:43:06,922 - DEBUG -      新半径: 0.020454
2025-08-25 02:43:06,922 - INFO - -----------------------------------------------------------------------------------
2025-08-25 02:43:06,922 - DEBUG - 🔍 LM收敛性检查:
2025-08-25 02:43:06,924 - DEBUG -    当前迭代次数: 9
2025-08-25 02:43:06,924 - DEBUG -    最大迭代次数: 30
2025-08-25 02:43:06,924 - DEBUG -    参数变化: 0.005767
2025-08-25 02:43:06,924 - DEBUG -    参数容忍度: 5e-06
2025-08-25 02:43:06,924 - DEBUG -    残差变化: 0.000000
2025-08-25 02:43:06,924 - DEBUG -    残差容忍度: 5e-06
2025-08-25 02:43:06,924 - DEBUG - 🔍 迭代 11/30:
2025-08-25 02:43:06,924 - DEBUG - 🔍 计算点到球心距离: 形状=(21,)
2025-08-25 02:43:06,924 - DEBUG - 🔍 生理偏差向量计算:
2025-08-25 02:43:06,924 - DEBUG -    点类型列表: ['pupil_center', 'iris_boundaries', 'iris_boundaries', 'iris_boundaries', 'iris_boundaries', 'eye_contours', 'eye_contours', 'eye_contours', 'eye_contours', 'eye_contours', 'eye_contours', 'eye_contours', 'eye_contours', 'eye_contours', 'eye_contours', 'eye_contours', 'eye_contours', 'eye_contours', 'eye_contours', 'eye_contours', 'eye_contours']
2025-08-25 02:43:06,924 - DEBUG -    偏差向量: [0.0002  0.00085 0.00085 0.00085 0.00085 0.0015  0.0015  0.0015  0.0015
 0.0015  0.0015  0.0015  0.0015  0.0015  0.0015  0.0015  0.0015  0.0015
 0.0015  0.0015  0.0015 ]
2025-08-25 02:43:06,924 - DEBUG -    向量形状: (21,)
2025-08-25 02:43:06,927 - DEBUG -    偏差统计: 均值=0.001314, 标准差=0.000356
2025-08-25 02:43:06,928 - DEBUG - 获取生理偏差: 点类型=['pupil_center', 'iris_boundaries', 'iris_boundaries', 'iris_boundaries', 'iris_boundaries', 'eye_contours', 'eye_contours', 'eye_contours', 'eye_contours', 'eye_contours', 'eye_contours', 'eye_contours', 'eye_contours', 'eye_contours', 'eye_contours', 'eye_contours', 'eye_contours', 'eye_contours', 'eye_contours', 'eye_contours', 'eye_contours'], 偏差值=[0.0002  0.00085 0.00085 0.00085 0.00085 0.0015  0.0015  0.0015  0.0015
 0.0015  0.0015  0.0015  0.0015  0.0015  0.0015  0.0015  0.0015  0.0015
 0.0015  0.0015  0.0015 ]
2025-08-25 02:43:06,928 - INFO - -----------------------------------------------------------------------------------
2025-08-25 02:43:06,928 - DEBUG - 🔍 拟合残差计算详情:
2025-08-25 02:43:06,928 - DEBUG -    球心坐标: [ 0.12511649 -0.03226829  0.60517956]
2025-08-25 02:43:06,928 - DEBUG -    球体半径: 0.020454
2025-08-25 02:43:06,928 - DEBUG -    采样点数: 21
2025-08-25 02:43:06,928 - DEBUG -    点类型分布: {'eye_contours': 16, 'iris_boundaries': 4, 'pupil_center': 1}
2025-08-25 02:43:06,930 - DEBUG -    理论距离向量: [0.02065447 0.02130447 0.02130447 0.02130447 0.02130447 0.02195447
 0.02195447 0.02195447 0.02195447 0.02195447 0.02195447 0.02195447
 0.02195447 0.02195447 0.02195447 0.02195447 0.02195447 0.02195447
 0.02195447 0.02195447 0.02195447]
2025-08-25 02:43:06,930 - DEBUG -    实际距离向量: [0.05120981 0.05197675 0.04152906 0.05272157 0.06104206 0.06162943
 0.05788819 0.051828   0.04704034 0.04571953 0.04781118 0.05108003
 0.0535769  0.05570972 0.05719567 0.05796254 0.05870083 0.059255
 0.05950431 0.06001479 0.06128207]
2025-08-25 02:43:06,930 - DEBUG -    生理偏差向量: [0.0002  0.00085 0.00085 0.00085 0.00085 0.0015  0.0015  0.0015  0.0015
 0.0015  0.0015  0.0015  0.0015  0.0015  0.0015  0.0015  0.0015  0.0015
 0.0015  0.0015  0.0015 ]
2025-08-25 02:43:06,930 - DEBUG -    残差向量 f(θ): 
[[0.03055533]
 [0.03067228]
 [0.02022459]
 [0.0314171 ]
 [0.03973758]
 [0.03967495]
 [0.03593372]
 [0.02987353]
 [0.02508586]
 [0.02376506]
 [0.02585671]
 [0.02912555]
 [0.03162243]
 [0.03375525]
 [0.03524119]
 [0.03600807]
 [0.03674636]
 [0.03730052]
 [0.03754983]
 [0.03806032]
 [0.0393276 ]]
2025-08-25 02:43:06,930 - DEBUG -    平均残差范数: 0.007244
2025-08-25 02:43:06,930 - DEBUG -    残差范数=0.152128
2025-08-25 02:43:06,930 - INFO - -----------------------------------------------------------------------------------
2025-08-25 02:43:06,930 - DEBUG - 🔍 深度约束计算详情 (softplus):
2025-08-25 02:43:06,930 - DEBUG -    采样点Z坐标范围: [0.600000, 0.602651]
2025-08-25 02:43:06,933 - DEBUG -    球心Z坐标: 0.605180
2025-08-25 02:43:06,933 - DEBUG -    深度偏移ε: 0.000200
2025-08-25 02:43:06,933 - DEBUG -    softplus参数τ: 0.001000
2025-08-25 02:43:06,933 - DEBUG -    原始违反值: -0.002329
2025-08-25 02:43:06,933 - DEBUG -    softplus输入 u: -2.328797
2025-08-25 02:43:06,933 - DEBUG -    约束惩罚 h(θ): 0.000093
2025-08-25 02:43:06,933 - DEBUG -    🟢 深度约束满足: 球心深度足够
2025-08-25 02:43:06,933 - INFO - -----------------------------------------------------------------------------------
2025-08-25 02:43:06,933 - DEBUG - 🔍 半径惩罚计算详情:
2025-08-25 02:43:06,933 - DEBUG -    当前半径: 0.020454
2025-08-25 02:43:06,933 - DEBUG -    半径先验值: 0.012000
2025-08-25 02:43:06,933 - DEBUG -    半径残差 r(θ): 0.008454
2025-08-25 02:43:06,935 - DEBUG -    数据残差 f(θ): [[0.03055533]
 [0.03067228]
 [0.02022459]
 [0.0314171 ]
 [0.03973758]
 [0.03967495]
 [0.03593372]
 [0.02987353]
 [0.02508586]
 [0.02376506]
 [0.02585671]
 [0.02912555]
 [0.03162243]
 [0.03375525]
 [0.03524119]
 [0.03600807]
 [0.03674636]
 [0.03730052]
 [0.03754983]
 [0.03806032]
 [0.0393276 ]]
2025-08-25 02:43:06,935 - DEBUG -    约束残差 g(θ): [[9.29555052e-05]]
2025-08-25 02:43:06,935 - DEBUG -    半径残差 r(θ): [[0.00845447]]
2025-08-25 02:43:06,935 - DEBUG - 🔍 状态变化计算: 参数变化=0.005767, 残差变化=0.005933
2025-08-25 02:43:06,935 - INFO - -----------------------------------------------------------------------------------
2025-08-25 02:43:06,936 - DEBUG - 🔍 权重管理器状态更新详情:
2025-08-25 02:43:06,936 - DEBUG -    当前迭代: 10
2025-08-25 02:43:06,936 - DEBUG -    参数变化: 0.005767 (阈值: 0.000005)
2025-08-25 02:43:06,936 - DEBUG -    残差变化: 0.005933 (阈值: 0.000005)
2025-08-25 02:43:06,936 - DEBUG -    几何权重因子: 10
2025-08-25 02:43:06,936 - DEBUG - ⏸️ 保持图像置信度权重: 参数变化=5.77e-03, 残差变化=5.93e-03
2025-08-25 02:43:06,936 - DEBUG - 状态已保存: 参数=[ 0.12511649 -0.03226829  0.60517956  0.02045447], 残差范数=0.152128
2025-08-25 02:43:06,938 - DEBUG - 🔍 获取visibility信息: 形状=(21,), 范围=[1.000, 1.000]
2025-08-25 02:43:06,939 - DEBUG - 🔧 设置图像置信度权重: 21个点
2025-08-25 02:43:06,939 - DEBUG - 🔍 开始计算权重矩阵:
2025-08-25 02:43:06,939 - DEBUG -    点类型: ['pupil_center', 'iris_boundaries', 'iris_boundaries', 'iris_boundaries', 'iris_boundaries', 'eye_contours', 'eye_contours', 'eye_contours', 'eye_contours', 'eye_contours', 'eye_contours', 'eye_contours', 'eye_contours', 'eye_contours', 'eye_contours', 'eye_contours', 'eye_contours', 'eye_contours', 'eye_contours', 'eye_contours', 'eye_contours']
2025-08-25 02:43:06,939 - DEBUG -    残差向量: 形状=(21,), 范数=0.152128
2025-08-25 02:43:06,939 - DEBUG -    Visibility: 形状=(21,), 均值=1.000
2025-08-25 02:43:06,939 - DEBUG - 🔍 权重矩阵计算成功: 形状=(21, 21)
2025-08-25 02:43:06,941 - DEBUG - 🔍 几何权重统计:
2025-08-25 02:43:06,941 - DEBUG -    权重向量: [[1.]
 [1.]
 [1.]
 [1.]
 [1.]
 [1.]
 [1.]
 [1.]
 [1.]
 [1.]
 [1.]
 [1.]
 [1.]
 [1.]
 [1.]
 [1.]
 [1.]
 [1.]
 [1.]
 [1.]
 [1.]]
2025-08-25 02:43:06,941 - DEBUG -    权重范围: [1.000000, 1.000000]
2025-08-25 02:43:06,941 - DEBUG -    权重均值: 1.000000
2025-08-25 02:43:06,941 - DEBUG -    权重标准差: 0.000000
2025-08-25 02:43:06,941 - DEBUG -    高权重点(>0.8): 21/21
2025-08-25 02:43:06,943 - DEBUG -    低权重点(<0.2): 0/21
2025-08-25 02:43:06,943 - INFO - -----------------------------------------------------------------------------------
2025-08-25 02:43:06,943 - DEBUG - 🔍 开始求解LM更新方程:
2025-08-25 02:43:06,943 - DEBUG -    数据残差: 形状=(21,), 范数=0.152128
2025-08-25 02:43:06,943 - DEBUG -    约束残差: 形状=(1,), 范数=0.000093
2025-08-25 02:43:06,943 - DEBUG - 🔍 计算数据残差雅可比矩阵 J_f: 形状=(21, 4)
2025-08-25 02:43:06,943 - DEBUG - 🔍 J_f矩阵计算完成: 条件数=1.44e+02
2025-08-25 02:43:06,945 - DEBUG - 🔍 深度约束雅可比计算: u=-2.328797, σ=0.088766, J_h=[[ 0.          0.         -0.08876596  0.        ]]
2025-08-25 02:43:06,945 - DEBUG - 🔍 半径先验雅可比: J_r=[[0. 0. 0. 1.]]
2025-08-25 02:43:06,945 - DEBUG - 🔍 使用几何权重矩阵: 形状=(21, 21)
2025-08-25 02:43:06,945 - DEBUG - 🔍 Hessian矩阵计算:
2025-08-25 02:43:06,945 - DEBUG -    H_data = J_f^T W J_f: 形状=(4, 4), 条件数=2.07e+04
2025-08-25 02:43:06,946 - DEBUG -    H_h = λ_depth J_h^T J_h: 形状=(4, 4), λ_depth=1000.0
2025-08-25 02:43:06,946 - DEBUG -    H_r = λ_radius J_r^T J_r: 形状=(4, 4), λ_radius=20.0
2025-08-25 02:43:06,946 - DEBUG -    H_total: 形状=(4, 4), 条件数=3.99e+01
2025-08-25 02:43:06,946 - DEBUG - 🔍 梯度计算:
2025-08-25 02:43:06,946 - DEBUG -    g_data: 形状=(4,), 范数=0.955756
2025-08-25 02:43:06,946 - DEBUG -    g_h: 形状=(4,), 范数=0.008251
2025-08-25 02:43:06,946 - DEBUG -    g_r: 形状=(4,), 范数=0.169089
2025-08-25 02:43:06,946 - DEBUG -    g_total: 形状=(4,), 范数=0.842913
2025-08-25 02:43:06,946 - DEBUG - 🔍 LM阻尼矩阵: H_lm = H_total + 100.0 * I
2025-08-25 02:43:06,946 - DEBUG -    H_lm条件数: 1.51e+00
2025-08-25 02:43:06,946 - DEBUG - 🔍 线性方程组求解成功:
2025-08-25 02:43:06,946 - DEBUG -    参数更新向量 Δθ: [[ 4.26114311e-05]
 [-5.03067557e-03]
 [ 4.50874226e-04]
 [ 2.94938360e-03]]
2025-08-25 02:43:06,946 - DEBUG -    更新向量范数: 0.005849
2025-08-25 02:43:06,946 - DEBUG -    各分量更新: Δc_x=0.000043, Δc_y=-0.005031, Δc_z=0.000451, Δr=0.002949
2025-08-25 02:43:06,946 - DEBUG -    参数更新:
2025-08-25 02:43:06,946 - DEBUG -      旧参数: [[ 0.12511649]
 [-0.03226829]
 [ 0.60517956]
 [ 0.02045447]]
2025-08-25 02:43:06,946 - DEBUG -      更新向量: [[ 4.26114311e-05]
 [-5.03067557e-03]
 [ 4.50874226e-04]
 [ 2.94938360e-03]]
2025-08-25 02:43:06,946 - DEBUG -      新参数: [[ 0.1251591 ]
 [-0.03729897]
 [ 0.60563043]
 [ 0.02340386]]
2025-08-25 02:43:06,946 - INFO - -----------------------------------------------------------------------------------
2025-08-25 02:43:06,946 - INFO - 🔍 迭代第10次，球心向左0.042611mm，向上5.030676mm，向后0.450874mm，半径变大2.949384mm
2025-08-25 02:43:06,946 - INFO - 📊 变化前: 中心(0.125, -0.032, 0.605), 半径20.45mm
2025-08-25 02:43:06,946 - INFO - 📊 变化后: 中心(0.125, -0.037, 0.606), 半径23.40mm
2025-08-25 02:43:06,946 - INFO - 📈 变化量: 中心移动5.03mm, 半径变化2.95mm
2025-08-25 02:43:06,946 - INFO - 📍 眼球中心: [ 0.12511649 -0.03226829  0.60517956]
2025-08-25 02:43:06,946 - INFO - 📏 眼球半径: 20.45mm
2025-08-25 02:43:06,946 - INFO - 👁️ 瞳孔中心: [0.124      0.01866667 0.60000002]
2025-08-25 02:43:06,946 - INFO - 📐 眼球中心在瞳孔中心的右1.12mm，上50.93mm，后5.18mm
2025-08-25 02:43:06,946 - INFO - 📏 距离: 51.21mm
2025-08-25 02:43:06,946 - INFO - -----------------------------------------------------------------------------------
2025-08-25 02:43:06,946 - INFO - -----------------------------------------------------------------------------------
2025-08-25 02:43:06,946 - DEBUG - 🔍 参数有效性检查:
2025-08-25 02:43:06,946 - DEBUG -    参数向量: [[ 0.1251591 ]
 [-0.03729897]
 [ 0.60563043]
 [ 0.02340386]]
2025-08-25 02:43:06,953 - DEBUG -    球心: [ 0.1251591  -0.03729897  0.60563043]
2025-08-25 02:43:06,953 - DEBUG -    半径: 0.023404
2025-08-25 02:43:06,953 - DEBUG - 🔍 函数值计算详情:
2025-08-25 02:43:06,953 - DEBUG -    数据项 F(θ): 0.011572
2025-08-25 02:43:06,953 - DEBUG -    深度约束项: 0.000004
2025-08-25 02:43:06,953 - DEBUG -    半径先验项: 0.000715
2025-08-25 02:43:06,953 - DEBUG -    总函数值 Φ(θ): 0.012291
2025-08-25 02:43:06,955 - DEBUG -    函数值改善: -0.001324
2025-08-25 02:43:06,955 - DEBUG - 🔍 参数有效: False
2025-08-25 02:43:06,955 - DEBUG -    参数无效，阻尼因子调整: λ_LM = 1.00e+03
2025-08-25 02:43:06,955 - DEBUG - 🔍 迭代 12/30:
2025-08-25 02:43:06,955 - DEBUG - 🔍 计算点到球心距离: 形状=(21,)
2025-08-25 02:43:06,955 - DEBUG - 🔍 生理偏差向量计算:
2025-08-25 02:43:06,955 - DEBUG -    点类型列表: ['pupil_center', 'iris_boundaries', 'iris_boundaries', 'iris_boundaries', 'iris_boundaries', 'eye_contours', 'eye_contours', 'eye_contours', 'eye_contours', 'eye_contours', 'eye_contours', 'eye_contours', 'eye_contours', 'eye_contours', 'eye_contours', 'eye_contours', 'eye_contours', 'eye_contours', 'eye_contours', 'eye_contours', 'eye_contours']
2025-08-25 02:43:06,955 - DEBUG -    偏差向量: [0.0002  0.00085 0.00085 0.00085 0.00085 0.0015  0.0015  0.0015  0.0015
 0.0015  0.0015  0.0015  0.0015  0.0015  0.0015  0.0015  0.0015  0.0015
 0.0015  0.0015  0.0015 ]
2025-08-25 02:43:06,955 - DEBUG -    向量形状: (21,)
2025-08-25 02:43:06,955 - DEBUG -    偏差统计: 均值=0.001314, 标准差=0.000356
2025-08-25 02:43:06,958 - DEBUG - 获取生理偏差: 点类型=['pupil_center', 'iris_boundaries', 'iris_boundaries', 'iris_boundaries', 'iris_boundaries', 'eye_contours', 'eye_contours', 'eye_contours', 'eye_contours', 'eye_contours', 'eye_contours', 'eye_contours', 'eye_contours', 'eye_contours', 'eye_contours', 'eye_contours', 'eye_contours', 'eye_contours', 'eye_contours', 'eye_contours', 'eye_contours'], 偏差值=[0.0002  0.00085 0.00085 0.00085 0.00085 0.0015  0.0015  0.0015  0.0015
 0.0015  0.0015  0.0015  0.0015  0.0015  0.0015  0.0015  0.0015  0.0015
 0.0015  0.0015  0.0015 ]
2025-08-25 02:43:06,958 - INFO - -----------------------------------------------------------------------------------
2025-08-25 02:43:06,958 - DEBUG - 🔍 拟合残差计算详情:
2025-08-25 02:43:06,958 - DEBUG -    球心坐标: [ 0.12511649 -0.03226829  0.60517956]
2025-08-25 02:43:06,959 - DEBUG -    球体半径: 0.020454
2025-08-25 02:43:06,959 - DEBUG -    采样点数: 21
2025-08-25 02:43:06,959 - DEBUG -    点类型分布: {'eye_contours': 16, 'iris_boundaries': 4, 'pupil_center': 1}
2025-08-25 02:43:06,959 - DEBUG -    理论距离向量: [0.02065447 0.02130447 0.02130447 0.02130447 0.02130447 0.02195447
 0.02195447 0.02195447 0.02195447 0.02195447 0.02195447 0.02195447
 0.02195447 0.02195447 0.02195447 0.02195447 0.02195447 0.02195447
 0.02195447 0.02195447 0.02195447]
2025-08-25 02:43:06,959 - DEBUG -    实际距离向量: [0.05120981 0.05197675 0.04152906 0.05272157 0.06104206 0.06162943
 0.05788819 0.051828   0.04704034 0.04571953 0.04781118 0.05108003
 0.0535769  0.05570972 0.05719567 0.05796254 0.05870083 0.059255
 0.05950431 0.06001479 0.06128207]
2025-08-25 02:43:06,959 - DEBUG -    生理偏差向量: [0.0002  0.00085 0.00085 0.00085 0.00085 0.0015  0.0015  0.0015  0.0015
 0.0015  0.0015  0.0015  0.0015  0.0015  0.0015  0.0015  0.0015  0.0015
 0.0015  0.0015  0.0015 ]
2025-08-25 02:43:06,959 - DEBUG -    残差向量 f(θ): 
[[0.03055533]
 [0.03067228]
 [0.02022459]
 [0.0314171 ]
 [0.03973758]
 [0.03967495]
 [0.03593372]
 [0.02987353]
 [0.02508586]
 [0.02376506]
 [0.02585671]
 [0.02912555]
 [0.03162243]
 [0.03375525]
 [0.03524119]
 [0.03600807]
 [0.03674636]
 [0.03730052]
 [0.03754983]
 [0.03806032]
 [0.0393276 ]]
2025-08-25 02:43:06,959 - DEBUG -    平均残差范数: 0.007244
2025-08-25 02:43:06,959 - DEBUG -    残差范数=0.152128
2025-08-25 02:43:06,959 - INFO - -----------------------------------------------------------------------------------
2025-08-25 02:43:06,959 - DEBUG - 🔍 深度约束计算详情 (softplus):
2025-08-25 02:43:06,959 - DEBUG -    采样点Z坐标范围: [0.600000, 0.602651]
2025-08-25 02:43:06,959 - DEBUG -    球心Z坐标: 0.605180
2025-08-25 02:43:06,959 - DEBUG -    深度偏移ε: 0.000200
2025-08-25 02:43:06,959 - DEBUG -    softplus参数τ: 0.001000
2025-08-25 02:43:06,959 - DEBUG -    原始违反值: -0.002329
2025-08-25 02:43:06,959 - DEBUG -    softplus输入 u: -2.328797
2025-08-25 02:43:06,959 - DEBUG -    约束惩罚 h(θ): 0.000093
2025-08-25 02:43:06,959 - DEBUG -    🟢 深度约束满足: 球心深度足够
2025-08-25 02:43:06,959 - INFO - -----------------------------------------------------------------------------------
2025-08-25 02:43:06,963 - DEBUG - 🔍 半径惩罚计算详情:
2025-08-25 02:43:06,963 - DEBUG -    当前半径: 0.020454
2025-08-25 02:43:06,963 - DEBUG -    半径先验值: 0.012000
2025-08-25 02:43:06,963 - DEBUG -    半径残差 r(θ): 0.008454
2025-08-25 02:43:06,964 - DEBUG -    数据残差 f(θ): [[0.03055533]
 [0.03067228]
 [0.02022459]
 [0.0314171 ]
 [0.03973758]
 [0.03967495]
 [0.03593372]
 [0.02987353]
 [0.02508586]
 [0.02376506]
 [0.02585671]
 [0.02912555]
 [0.03162243]
 [0.03375525]
 [0.03524119]
 [0.03600807]
 [0.03674636]
 [0.03730052]
 [0.03754983]
 [0.03806032]
 [0.0393276 ]]
2025-08-25 02:43:06,964 - DEBUG -    约束残差 g(θ): [[9.29555052e-05]]
2025-08-25 02:43:06,964 - DEBUG -    半径残差 r(θ): [[0.00845447]]
2025-08-25 02:43:06,964 - DEBUG - 🔍 状态变化计算: 参数变化=0.000000, 残差变化=0.000000
2025-08-25 02:43:06,964 - INFO - -----------------------------------------------------------------------------------
2025-08-25 02:43:06,964 - DEBUG - 🔍 权重管理器状态更新详情:
2025-08-25 02:43:06,964 - DEBUG -    当前迭代: 11
2025-08-25 02:43:06,964 - DEBUG -    参数变化: 0.000000 (阈值: 0.000005)
2025-08-25 02:43:06,964 - DEBUG -    残差变化: 0.000000 (阈值: 0.000005)
2025-08-25 02:43:06,964 - DEBUG -    几何权重因子: 10
2025-08-25 02:43:06,964 - DEBUG - ⏸️ 保持图像置信度权重: 参数变化=0.00e+00, 残差变化=0.00e+00
2025-08-25 02:43:06,964 - DEBUG - 状态已保存: 参数=[ 0.12511649 -0.03226829  0.60517956  0.02045447], 残差范数=0.152128
2025-08-25 02:43:06,964 - DEBUG - 🔍 获取visibility信息: 形状=(21,), 范围=[1.000, 1.000]
2025-08-25 02:43:06,966 - DEBUG - 🔧 设置图像置信度权重: 21个点
2025-08-25 02:43:06,966 - DEBUG - 🔍 开始计算权重矩阵:
2025-08-25 02:43:06,966 - DEBUG -    点类型: ['pupil_center', 'iris_boundaries', 'iris_boundaries', 'iris_boundaries', 'iris_boundaries', 'eye_contours', 'eye_contours', 'eye_contours', 'eye_contours', 'eye_contours', 'eye_contours', 'eye_contours', 'eye_contours', 'eye_contours', 'eye_contours', 'eye_contours', 'eye_contours', 'eye_contours', 'eye_contours', 'eye_contours', 'eye_contours']
2025-08-25 02:43:06,966 - DEBUG -    残差向量: 形状=(21,), 范数=0.152128
2025-08-25 02:43:06,966 - DEBUG -    Visibility: 形状=(21,), 均值=1.000
2025-08-25 02:43:06,966 - DEBUG - 🔍 权重矩阵计算成功: 形状=(21, 21)
2025-08-25 02:43:06,967 - DEBUG - 🔍 几何权重统计:
2025-08-25 02:43:06,967 - DEBUG -    权重向量: [[1.]
 [1.]
 [1.]
 [1.]
 [1.]
 [1.]
 [1.]
 [1.]
 [1.]
 [1.]
 [1.]
 [1.]
 [1.]
 [1.]
 [1.]
 [1.]
 [1.]
 [1.]
 [1.]
 [1.]
 [1.]]
2025-08-25 02:43:06,967 - DEBUG -    权重范围: [1.000000, 1.000000]
2025-08-25 02:43:06,967 - DEBUG -    权重均值: 1.000000
2025-08-25 02:43:06,967 - DEBUG -    权重标准差: 0.000000
2025-08-25 02:43:06,967 - DEBUG -    高权重点(>0.8): 21/21
2025-08-25 02:43:06,967 - DEBUG -    低权重点(<0.2): 0/21
2025-08-25 02:43:06,969 - INFO - -----------------------------------------------------------------------------------
2025-08-25 02:43:06,969 - DEBUG - 🔍 开始求解LM更新方程:
2025-08-25 02:43:06,969 - DEBUG -    数据残差: 形状=(21,), 范数=0.152128
2025-08-25 02:43:06,969 - DEBUG -    约束残差: 形状=(1,), 范数=0.000093
2025-08-25 02:43:06,969 - DEBUG - 🔍 计算数据残差雅可比矩阵 J_f: 形状=(21, 4)
2025-08-25 02:43:06,970 - DEBUG - 🔍 J_f矩阵计算完成: 条件数=1.44e+02
2025-08-25 02:43:06,970 - DEBUG - 🔍 深度约束雅可比计算: u=-2.328797, σ=0.088766, J_h=[[ 0.          0.         -0.08876596  0.        ]]
2025-08-25 02:43:06,970 - DEBUG - 🔍 半径先验雅可比: J_r=[[0. 0. 0. 1.]]
2025-08-25 02:43:06,970 - DEBUG - 🔍 使用几何权重矩阵: 形状=(21, 21)
2025-08-25 02:43:06,971 - DEBUG - 🔍 Hessian矩阵计算:
2025-08-25 02:43:06,971 - DEBUG -    H_data = J_f^T W J_f: 形状=(4, 4), 条件数=2.07e+04
2025-08-25 02:43:06,973 - DEBUG -    H_h = λ_depth J_h^T J_h: 形状=(4, 4), λ_depth=1000.0
2025-08-25 02:43:06,973 - DEBUG -    H_r = λ_radius J_r^T J_r: 形状=(4, 4), λ_radius=20.0
2025-08-25 02:43:06,973 - DEBUG -    H_total: 形状=(4, 4), 条件数=3.99e+01
2025-08-25 02:43:06,973 - DEBUG - 🔍 梯度计算:
2025-08-25 02:43:06,973 - DEBUG -    g_data: 形状=(4,), 范数=0.955756
2025-08-25 02:43:06,974 - DEBUG -    g_h: 形状=(4,), 范数=0.008251
2025-08-25 02:43:06,974 - DEBUG -    g_r: 形状=(4,), 范数=0.169089
2025-08-25 02:43:06,974 - DEBUG -    g_total: 形状=(4,), 范数=0.842913
2025-08-25 02:43:06,974 - DEBUG - 🔍 LM阻尼矩阵: H_lm = H_total + 1000.0 * I
2025-08-25 02:43:06,974 - DEBUG -    H_lm条件数: 1.05e+00
2025-08-25 02:43:06,974 - DEBUG - 🔍 线性方程组求解成功:
2025-08-25 02:43:06,974 - DEBUG -    参数更新向量 Δθ: [[ 3.59288561e-06]
 [-6.39327934e-04]
 [ 5.94081460e-05]
 [ 4.85498611e-04]]
2025-08-25 02:43:06,978 - DEBUG -    更新向量范数: 0.000805
2025-08-25 02:43:06,978 - DEBUG -    各分量更新: Δc_x=0.000004, Δc_y=-0.000639, Δc_z=0.000059, Δr=0.000485
2025-08-25 02:43:06,979 - DEBUG -    参数更新:
2025-08-25 02:43:06,979 - DEBUG -      旧参数: [[ 0.12511649]
 [-0.03226829]
 [ 0.60517956]
 [ 0.02045447]]
2025-08-25 02:43:06,979 - DEBUG -      更新向量: [[ 3.59288561e-06]
 [-6.39327934e-04]
 [ 5.94081460e-05]
 [ 4.85498611e-04]]
2025-08-25 02:43:06,980 - DEBUG -      新参数: [[ 0.12512008]
 [-0.03290762]
 [ 0.60523897]
 [ 0.02093997]]
2025-08-25 02:43:06,980 - INFO - -----------------------------------------------------------------------------------
2025-08-25 02:43:06,980 - INFO - 🔍 迭代第11次，球心向左0.003593mm，向上0.639328mm，向后0.059408mm，半径变大0.485499mm
2025-08-25 02:43:06,980 - INFO - 📊 变化前: 中心(0.125, -0.032, 0.605), 半径20.45mm
2025-08-25 02:43:06,981 - INFO - 📊 变化后: 中心(0.125, -0.033, 0.605), 半径20.94mm
2025-08-25 02:43:06,981 - INFO - 📈 变化量: 中心移动0.64mm, 半径变化0.49mm
2025-08-25 02:43:06,981 - INFO - 📍 眼球中心: [ 0.12511649 -0.03226829  0.60517956]
2025-08-25 02:43:06,981 - INFO - 📏 眼球半径: 20.45mm
2025-08-25 02:43:06,982 - INFO - 👁️ 瞳孔中心: [0.124      0.01866667 0.60000002]
2025-08-25 02:43:06,982 - INFO - 📐 眼球中心在瞳孔中心的右1.12mm，上50.93mm，后5.18mm
2025-08-25 02:43:06,982 - INFO - 📏 距离: 51.21mm
2025-08-25 02:43:06,982 - INFO - -----------------------------------------------------------------------------------
2025-08-25 02:43:06,982 - INFO - -----------------------------------------------------------------------------------
2025-08-25 02:43:06,983 - DEBUG - 🔍 参数有效性检查:
2025-08-25 02:43:06,983 - DEBUG -    参数向量: [[ 0.12512008]
 [-0.03290762]
 [ 0.60523897]
 [ 0.02093997]]
2025-08-25 02:43:06,983 - DEBUG -    球心: [ 0.12512008 -0.03290762  0.60523897]
2025-08-25 02:43:06,983 - DEBUG -    半径: 0.020940
2025-08-25 02:43:06,984 - DEBUG - 🔍 函数值计算详情:
2025-08-25 02:43:06,984 - DEBUG -    数据项 F(θ): 0.011572
2025-08-25 02:43:06,984 - DEBUG -    深度约束项: 0.000004
2025-08-25 02:43:06,984 - DEBUG -    半径先验项: 0.000715
2025-08-25 02:43:06,984 - DEBUG -    总函数值 Φ(θ): 0.012291
2025-08-25 02:43:06,984 - DEBUG -    函数值改善: 0.000000
2025-08-25 02:43:06,984 - DEBUG - 🔍 参数有效: True
2025-08-25 02:43:06,985 - DEBUG -    参数更新成功:
2025-08-25 02:43:06,985 - DEBUG -      新球心: [ 0.12512008 -0.03290762  0.60523897]
2025-08-25 02:43:06,985 - DEBUG -      新半径: 0.020940
2025-08-25 02:43:06,985 - INFO - -----------------------------------------------------------------------------------
2025-08-25 02:43:06,985 - DEBUG - 🔍 LM收敛性检查:
2025-08-25 02:43:06,986 - DEBUG -    当前迭代次数: 11
2025-08-25 02:43:06,986 - DEBUG -    最大迭代次数: 30
2025-08-25 02:43:06,986 - DEBUG -    参数变化: 0.000805
2025-08-25 02:43:06,987 - DEBUG -    参数容忍度: 5e-06
2025-08-25 02:43:06,987 - DEBUG -    残差变化: 0.000000
2025-08-25 02:43:06,987 - DEBUG -    残差容忍度: 5e-06
2025-08-25 02:43:06,987 - DEBUG - 🔍 迭代 13/30:
2025-08-25 02:43:06,988 - DEBUG - 🔍 计算点到球心距离: 形状=(21,)
2025-08-25 02:43:06,988 - DEBUG - 🔍 生理偏差向量计算:
2025-08-25 02:43:06,988 - DEBUG -    点类型列表: ['pupil_center', 'iris_boundaries', 'iris_boundaries', 'iris_boundaries', 'iris_boundaries', 'eye_contours', 'eye_contours', 'eye_contours', 'eye_contours', 'eye_contours', 'eye_contours', 'eye_contours', 'eye_contours', 'eye_contours', 'eye_contours', 'eye_contours', 'eye_contours', 'eye_contours', 'eye_contours', 'eye_contours', 'eye_contours']
2025-08-25 02:43:06,988 - DEBUG -    偏差向量: [0.0002  0.00085 0.00085 0.00085 0.00085 0.0015  0.0015  0.0015  0.0015
 0.0015  0.0015  0.0015  0.0015  0.0015  0.0015  0.0015  0.0015  0.0015
 0.0015  0.0015  0.0015 ]
2025-08-25 02:43:06,988 - DEBUG -    向量形状: (21,)
2025-08-25 02:43:06,988 - DEBUG -    偏差统计: 均值=0.001314, 标准差=0.000356
2025-08-25 02:43:06,991 - DEBUG - 获取生理偏差: 点类型=['pupil_center', 'iris_boundaries', 'iris_boundaries', 'iris_boundaries', 'iris_boundaries', 'eye_contours', 'eye_contours', 'eye_contours', 'eye_contours', 'eye_contours', 'eye_contours', 'eye_contours', 'eye_contours', 'eye_contours', 'eye_contours', 'eye_contours', 'eye_contours', 'eye_contours', 'eye_contours', 'eye_contours', 'eye_contours'], 偏差值=[0.0002  0.00085 0.00085 0.00085 0.00085 0.0015  0.0015  0.0015  0.0015
 0.0015  0.0015  0.0015  0.0015  0.0015  0.0015  0.0015  0.0015  0.0015
 0.0015  0.0015  0.0015 ]
2025-08-25 02:43:06,991 - INFO - -----------------------------------------------------------------------------------
2025-08-25 02:43:06,991 - DEBUG - 🔍 拟合残差计算详情:
2025-08-25 02:43:06,991 - DEBUG -    球心坐标: [ 0.12512008 -0.03290762  0.60523897]
2025-08-25 02:43:06,991 - DEBUG -    球体半径: 0.020940
2025-08-25 02:43:06,991 - DEBUG -    采样点数: 21
2025-08-25 02:43:06,991 - DEBUG -    点类型分布: {'eye_contours': 16, 'iris_boundaries': 4, 'pupil_center': 1}
2025-08-25 02:43:06,991 - DEBUG -    理论距离向量: [0.02113997 0.02178997 0.02178997 0.02178997 0.02178997 0.02243997
 0.02243997 0.02243997 0.02243997 0.02243997 0.02243997 0.02243997
 0.02243997 0.02243997 0.02243997 0.02243997 0.02243997 0.02243997
 0.02243997 0.02243997 0.02243997]
2025-08-25 02:43:06,991 - DEBUG -    实际距离向量: [0.05185179 0.05260567 0.04217109 0.05335132 0.06168395 0.06222038
 0.05848511 0.05244204 0.04767629 0.04636076 0.04843638 0.05168775
 0.05417383 0.05629764 0.05780306 0.05858319 0.05933424 0.05989684
 0.06014168 0.06063522 0.06188475]
2025-08-25 02:43:06,991 - DEBUG -    生理偏差向量: [0.0002  0.00085 0.00085 0.00085 0.00085 0.0015  0.0015  0.0015  0.0015
 0.0015  0.0015  0.0015  0.0015  0.0015  0.0015  0.0015  0.0015  0.0015
 0.0015  0.0015  0.0015 ]
2025-08-25 02:43:06,991 - DEBUG -    残差向量 f(θ): 
[[0.03071182]
 [0.0308157 ]
 [0.02038112]
 [0.03156135]
 [0.03989398]
 [0.03978041]
 [0.03604514]
 [0.03000207]
 [0.02523631]
 [0.02392079]
 [0.02599641]
 [0.02924778]
 [0.03173386]
 [0.03385767]
 [0.03536309]
 [0.03614322]
 [0.03689427]
 [0.03745687]
 [0.03770171]
 [0.03819525]
 [0.03944478]]
2025-08-25 02:43:06,991 - DEBUG -    平均残差范数: 0.007273
2025-08-25 02:43:06,991 - DEBUG -    残差范数=0.152737
2025-08-25 02:43:06,991 - INFO - -----------------------------------------------------------------------------------
2025-08-25 02:43:06,991 - DEBUG - 🔍 深度约束计算详情 (softplus):
2025-08-25 02:43:06,991 - DEBUG -    采样点Z坐标范围: [0.600000, 0.602651]
2025-08-25 02:43:06,991 - DEBUG -    球心Z坐标: 0.605239
2025-08-25 02:43:06,991 - DEBUG -    深度偏移ε: 0.000200
2025-08-25 02:43:06,991 - DEBUG -    softplus参数τ: 0.001000
2025-08-25 02:43:06,991 - DEBUG -    原始违反值: -0.002388
2025-08-25 02:43:06,996 - DEBUG -    softplus输入 u: -2.388205
2025-08-25 02:43:06,996 - DEBUG -    约束惩罚 h(θ): 0.000088
2025-08-25 02:43:06,996 - DEBUG -    🟢 深度约束满足: 球心深度足够
2025-08-25 02:43:06,996 - INFO - -----------------------------------------------------------------------------------
2025-08-25 02:43:06,996 - DEBUG - 🔍 半径惩罚计算详情:
2025-08-25 02:43:06,996 - DEBUG -    当前半径: 0.020940
2025-08-25 02:43:06,996 - DEBUG -    半径先验值: 0.012000
2025-08-25 02:43:06,996 - DEBUG -    半径残差 r(θ): 0.008940
2025-08-25 02:43:06,996 - DEBUG -    数据残差 f(θ): [[0.03071182]
 [0.0308157 ]
 [0.02038112]
 [0.03156135]
 [0.03989398]
 [0.03978041]
 [0.03604514]
 [0.03000207]
 [0.02523631]
 [0.02392079]
 [0.02599641]
 [0.02924778]
 [0.03173386]
 [0.03385767]
 [0.03536309]
 [0.03614322]
 [0.03689427]
 [0.03745687]
 [0.03770171]
 [0.03819525]
 [0.03944478]]
2025-08-25 02:43:06,996 - DEBUG -    约束残差 g(θ): [[8.78225188e-05]]
2025-08-25 02:43:06,996 - DEBUG -    半径残差 r(θ): [[0.00893997]]
2025-08-25 02:43:06,996 - DEBUG - 🔍 状态变化计算: 参数变化=0.000805, 残差变化=0.000609
2025-08-25 02:43:06,996 - INFO - -----------------------------------------------------------------------------------
2025-08-25 02:43:06,996 - DEBUG - 🔍 权重管理器状态更新详情:
2025-08-25 02:43:06,996 - DEBUG -    当前迭代: 12
2025-08-25 02:43:06,996 - DEBUG -    参数变化: 0.000805 (阈值: 0.000005)
2025-08-25 02:43:06,996 - DEBUG -    残差变化: 0.000609 (阈值: 0.000005)
2025-08-25 02:43:06,996 - DEBUG -    几何权重因子: 10
2025-08-25 02:43:06,996 - DEBUG - ⏸️ 保持图像置信度权重: 参数变化=8.05e-04, 残差变化=6.09e-04
2025-08-25 02:43:06,996 - DEBUG - 状态已保存: 参数=[ 0.12512008 -0.03290762  0.60523897  0.02093997], 残差范数=0.152737
2025-08-25 02:43:06,996 - DEBUG - 🔍 获取visibility信息: 形状=(21,), 范围=[1.000, 1.000]
2025-08-25 02:43:06,996 - DEBUG - 🔧 设置图像置信度权重: 21个点
2025-08-25 02:43:06,996 - DEBUG - 🔍 开始计算权重矩阵:
2025-08-25 02:43:07,002 - DEBUG -    点类型: ['pupil_center', 'iris_boundaries', 'iris_boundaries', 'iris_boundaries', 'iris_boundaries', 'eye_contours', 'eye_contours', 'eye_contours', 'eye_contours', 'eye_contours', 'eye_contours', 'eye_contours', 'eye_contours', 'eye_contours', 'eye_contours', 'eye_contours', 'eye_contours', 'eye_contours', 'eye_contours', 'eye_contours', 'eye_contours']
2025-08-25 02:43:07,002 - DEBUG -    残差向量: 形状=(21,), 范数=0.152737
2025-08-25 02:43:07,002 - DEBUG -    Visibility: 形状=(21,), 均值=1.000
2025-08-25 02:43:07,003 - DEBUG - 🔍 权重矩阵计算成功: 形状=(21, 21)
2025-08-25 02:43:07,003 - DEBUG - 🔍 几何权重统计:
2025-08-25 02:43:07,003 - DEBUG -    权重向量: [[1.]
 [1.]
 [1.]
 [1.]
 [1.]
 [1.]
 [1.]
 [1.]
 [1.]
 [1.]
 [1.]
 [1.]
 [1.]
 [1.]
 [1.]
 [1.]
 [1.]
 [1.]
 [1.]
 [1.]
 [1.]]
2025-08-25 02:43:07,004 - DEBUG -    权重范围: [1.000000, 1.000000]
2025-08-25 02:43:07,004 - DEBUG -    权重均值: 1.000000
2025-08-25 02:43:07,004 - DEBUG -    权重标准差: 0.000000
2025-08-25 02:43:07,004 - DEBUG -    高权重点(>0.8): 21/21
2025-08-25 02:43:07,004 - DEBUG -    低权重点(<0.2): 0/21
2025-08-25 02:43:07,004 - INFO - -----------------------------------------------------------------------------------
2025-08-25 02:43:07,004 - DEBUG - 🔍 开始求解LM更新方程:
2025-08-25 02:43:07,007 - DEBUG -    数据残差: 形状=(21,), 范数=0.152737
2025-08-25 02:43:07,007 - DEBUG -    约束残差: 形状=(1,), 范数=0.000088
2025-08-25 02:43:07,007 - DEBUG - 🔍 计算数据残差雅可比矩阵 J_f: 形状=(21, 4)
2025-08-25 02:43:07,007 - DEBUG - 🔍 J_f矩阵计算完成: 条件数=1.46e+02
2025-08-25 02:43:07,007 - DEBUG - 🔍 深度约束雅可比计算: u=-2.388205, σ=0.084077, J_h=[[ 0.          0.         -0.08407658  0.        ]]
2025-08-25 02:43:07,007 - DEBUG - 🔍 半径先验雅可比: J_r=[[0. 0. 0. 1.]]
2025-08-25 02:43:07,007 - DEBUG - 🔍 使用几何权重矩阵: 形状=(21, 21)
2025-08-25 02:43:07,007 - DEBUG - 🔍 Hessian矩阵计算:
2025-08-25 02:43:07,007 - DEBUG -    H_data = J_f^T W J_f: 形状=(4, 4), 条件数=2.13e+04
2025-08-25 02:43:07,007 - DEBUG -    H_h = λ_depth J_h^T J_h: 形状=(4, 4), λ_depth=1000.0
2025-08-25 02:43:07,007 - DEBUG -    H_r = λ_radius J_r^T J_r: 形状=(4, 4), λ_radius=20.0
2025-08-25 02:43:07,007 - DEBUG -    H_total: 形状=(4, 4), 条件数=4.08e+01
2025-08-25 02:43:07,007 - DEBUG - 🔍 梯度计算:
2025-08-25 02:43:07,007 - DEBUG -    g_data: 形状=(4,), 范数=0.960087
2025-08-25 02:43:07,007 - DEBUG -    g_h: 形状=(4,), 范数=0.007384
2025-08-25 02:43:07,007 - DEBUG -    g_r: 形状=(4,), 范数=0.178799
2025-08-25 02:43:07,007 - DEBUG -    g_total: 形状=(4,), 范数=0.841252
2025-08-25 02:43:07,007 - DEBUG - 🔍 LM阻尼矩阵: H_lm = H_total + 1000.0 * I
2025-08-25 02:43:07,007 - DEBUG -    H_lm条件数: 1.05e+00
2025-08-25 02:43:07,007 - DEBUG - 🔍 线性方程组求解成功:
2025-08-25 02:43:07,007 - DEBUG -    参数更新向量 Δθ: [[ 3.63020267e-06]
 [-6.42638138e-04]
 [ 5.89522087e-05]
 [ 4.78835558e-04]]
2025-08-25 02:43:07,012 - DEBUG -    更新向量范数: 0.000804
2025-08-25 02:43:07,012 - DEBUG -    各分量更新: Δc_x=0.000004, Δc_y=-0.000643, Δc_z=0.000059, Δr=0.000479
2025-08-25 02:43:07,013 - DEBUG -    参数更新:
2025-08-25 02:43:07,013 - DEBUG -      旧参数: [[ 0.12512008]
 [-0.03290762]
 [ 0.60523897]
 [ 0.02093997]]
2025-08-25 02:43:07,013 - DEBUG -      更新向量: [[ 3.63020267e-06]
 [-6.42638138e-04]
 [ 5.89522087e-05]
 [ 4.78835558e-04]]
2025-08-25 02:43:07,013 - DEBUG -      新参数: [[ 0.12512371]
 [-0.03355026]
 [ 0.60529792]
 [ 0.02141881]]
2025-08-25 02:43:07,013 - INFO - -----------------------------------------------------------------------------------
2025-08-25 02:43:07,013 - INFO - 🔍 迭代第12次，球心向左0.003630mm，向上0.642638mm，向后0.058952mm，半径变大0.478836mm
2025-08-25 02:43:07,013 - INFO - 📊 变化前: 中心(0.125, -0.033, 0.605), 半径20.94mm
2025-08-25 02:43:07,013 - INFO - 📊 变化后: 中心(0.125, -0.034, 0.605), 半径21.42mm
2025-08-25 02:43:07,013 - INFO - 📈 变化量: 中心移动0.64mm, 半径变化0.48mm
2025-08-25 02:43:07,013 - INFO - 📍 眼球中心: [ 0.12512008 -0.03290762  0.60523897]
2025-08-25 02:43:07,013 - INFO - 📏 眼球半径: 20.94mm
2025-08-25 02:43:07,013 - INFO - 👁️ 瞳孔中心: [0.124      0.01866667 0.60000002]
2025-08-25 02:43:07,013 - INFO - 📐 眼球中心在瞳孔中心的右1.12mm，上51.57mm，后5.24mm
2025-08-25 02:43:07,013 - INFO - 📏 距离: 51.85mm
2025-08-25 02:43:07,013 - INFO - -----------------------------------------------------------------------------------
2025-08-25 02:43:07,013 - INFO - -----------------------------------------------------------------------------------
2025-08-25 02:43:07,013 - DEBUG - 🔍 参数有效性检查:
2025-08-25 02:43:07,013 - DEBUG -    参数向量: [[ 0.12512371]
 [-0.03355026]
 [ 0.60529792]
 [ 0.02141881]]
2025-08-25 02:43:07,013 - DEBUG -    球心: [ 0.12512371 -0.03355026  0.60529792]
2025-08-25 02:43:07,013 - DEBUG -    半径: 0.021419
2025-08-25 02:43:07,013 - DEBUG - 🔍 函数值计算详情:
2025-08-25 02:43:07,013 - DEBUG -    数据项 F(θ): 0.011664
2025-08-25 02:43:07,013 - DEBUG -    深度约束项: 0.000004
2025-08-25 02:43:07,013 - DEBUG -    半径先验项: 0.000799
2025-08-25 02:43:07,013 - DEBUG -    总函数值 Φ(θ): 0.012467
2025-08-25 02:43:07,013 - DEBUG -    函数值改善: -0.000177
2025-08-25 02:43:07,013 - DEBUG - 🔍 参数有效: False
2025-08-25 02:43:07,013 - DEBUG -    参数无效，阻尼因子调整: λ_LM = 1.00e+04
2025-08-25 02:43:07,013 - DEBUG - 🔍 迭代 14/30:
2025-08-25 02:43:07,013 - DEBUG - 🔍 计算点到球心距离: 形状=(21,)
2025-08-25 02:43:07,013 - DEBUG - 🔍 生理偏差向量计算:
2025-08-25 02:43:07,013 - DEBUG -    点类型列表: ['pupil_center', 'iris_boundaries', 'iris_boundaries', 'iris_boundaries', 'iris_boundaries', 'eye_contours', 'eye_contours', 'eye_contours', 'eye_contours', 'eye_contours', 'eye_contours', 'eye_contours', 'eye_contours', 'eye_contours', 'eye_contours', 'eye_contours', 'eye_contours', 'eye_contours', 'eye_contours', 'eye_contours', 'eye_contours']
2025-08-25 02:43:07,013 - DEBUG -    偏差向量: [0.0002  0.00085 0.00085 0.00085 0.00085 0.0015  0.0015  0.0015  0.0015
 0.0015  0.0015  0.0015  0.0015  0.0015  0.0015  0.0015  0.0015  0.0015
 0.0015  0.0015  0.0015 ]
2025-08-25 02:43:07,013 - DEBUG -    向量形状: (21,)
2025-08-25 02:43:07,013 - DEBUG -    偏差统计: 均值=0.001314, 标准差=0.000356
2025-08-25 02:43:07,013 - DEBUG - 获取生理偏差: 点类型=['pupil_center', 'iris_boundaries', 'iris_boundaries', 'iris_boundaries', 'iris_boundaries', 'eye_contours', 'eye_contours', 'eye_contours', 'eye_contours', 'eye_contours', 'eye_contours', 'eye_contours', 'eye_contours', 'eye_contours', 'eye_contours', 'eye_contours', 'eye_contours', 'eye_contours', 'eye_contours', 'eye_contours', 'eye_contours'], 偏差值=[0.0002  0.00085 0.00085 0.00085 0.00085 0.0015  0.0015  0.0015  0.0015
 0.0015  0.0015  0.0015  0.0015  0.0015  0.0015  0.0015  0.0015  0.0015
 0.0015  0.0015  0.0015 ]
2025-08-25 02:43:07,019 - INFO - -----------------------------------------------------------------------------------
2025-08-25 02:43:07,019 - DEBUG - 🔍 拟合残差计算详情:
2025-08-25 02:43:07,019 - DEBUG -    球心坐标: [ 0.12512008 -0.03290762  0.60523897]
2025-08-25 02:43:07,019 - DEBUG -    球体半径: 0.020940
2025-08-25 02:43:07,020 - DEBUG -    采样点数: 21
2025-08-25 02:43:07,020 - DEBUG -    点类型分布: {'eye_contours': 16, 'iris_boundaries': 4, 'pupil_center': 1}
2025-08-25 02:43:07,020 - DEBUG -    理论距离向量: [0.02113997 0.02178997 0.02178997 0.02178997 0.02178997 0.02243997
 0.02243997 0.02243997 0.02243997 0.02243997 0.02243997 0.02243997
 0.02243997 0.02243997 0.02243997 0.02243997 0.02243997 0.02243997
 0.02243997 0.02243997 0.02243997]
2025-08-25 02:43:07,020 - DEBUG -    实际距离向量: [0.05185179 0.05260567 0.04217109 0.05335132 0.06168395 0.06222038
 0.05848511 0.05244204 0.04767629 0.04636076 0.04843638 0.05168775
 0.05417383 0.05629764 0.05780306 0.05858319 0.05933424 0.05989684
 0.06014168 0.06063522 0.06188475]
2025-08-25 02:43:07,020 - DEBUG -    生理偏差向量: [0.0002  0.00085 0.00085 0.00085 0.00085 0.0015  0.0015  0.0015  0.0015
 0.0015  0.0015  0.0015  0.0015  0.0015  0.0015  0.0015  0.0015  0.0015
 0.0015  0.0015  0.0015 ]
2025-08-25 02:43:07,020 - DEBUG -    残差向量 f(θ): 
[[0.03071182]
 [0.0308157 ]
 [0.02038112]
 [0.03156135]
 [0.03989398]
 [0.03978041]
 [0.03604514]
 [0.03000207]
 [0.02523631]
 [0.02392079]
 [0.02599641]
 [0.02924778]
 [0.03173386]
 [0.03385767]
 [0.03536309]
 [0.03614322]
 [0.03689427]
 [0.03745687]
 [0.03770171]
 [0.03819525]
 [0.03944478]]
2025-08-25 02:43:07,023 - DEBUG -    平均残差范数: 0.007273
2025-08-25 02:43:07,023 - DEBUG -    残差范数=0.152737
2025-08-25 02:43:07,024 - INFO - -----------------------------------------------------------------------------------
2025-08-25 02:43:07,024 - DEBUG - 🔍 深度约束计算详情 (softplus):
2025-08-25 02:43:07,024 - DEBUG -    采样点Z坐标范围: [0.600000, 0.602651]
2025-08-25 02:43:07,024 - DEBUG -    球心Z坐标: 0.605239
2025-08-25 02:43:07,024 - DEBUG -    深度偏移ε: 0.000200
2025-08-25 02:43:07,024 - DEBUG -    softplus参数τ: 0.001000
2025-08-25 02:43:07,024 - DEBUG -    原始违反值: -0.002388
2025-08-25 02:43:07,024 - DEBUG -    softplus输入 u: -2.388205
2025-08-25 02:43:07,024 - DEBUG -    约束惩罚 h(θ): 0.000088
2025-08-25 02:43:07,024 - DEBUG -    🟢 深度约束满足: 球心深度足够
2025-08-25 02:43:07,024 - INFO - -----------------------------------------------------------------------------------
2025-08-25 02:43:07,024 - DEBUG - 🔍 半径惩罚计算详情:
2025-08-25 02:43:07,024 - DEBUG -    当前半径: 0.020940
2025-08-25 02:43:07,024 - DEBUG -    半径先验值: 0.012000
2025-08-25 02:43:07,024 - DEBUG -    半径残差 r(θ): 0.008940
2025-08-25 02:43:07,024 - DEBUG -    数据残差 f(θ): [[0.03071182]
 [0.0308157 ]
 [0.02038112]
 [0.03156135]
 [0.03989398]
 [0.03978041]
 [0.03604514]
 [0.03000207]
 [0.02523631]
 [0.02392079]
 [0.02599641]
 [0.02924778]
 [0.03173386]
 [0.03385767]
 [0.03536309]
 [0.03614322]
 [0.03689427]
 [0.03745687]
 [0.03770171]
 [0.03819525]
 [0.03944478]]
2025-08-25 02:43:07,024 - DEBUG -    约束残差 g(θ): [[8.78225188e-05]]
2025-08-25 02:43:07,024 - DEBUG -    半径残差 r(θ): [[0.00893997]]
2025-08-25 02:43:07,024 - DEBUG - 🔍 状态变化计算: 参数变化=0.000000, 残差变化=0.000000
2025-08-25 02:43:07,029 - INFO - -----------------------------------------------------------------------------------
2025-08-25 02:43:07,029 - DEBUG - 🔍 权重管理器状态更新详情:
2025-08-25 02:43:07,029 - DEBUG -    当前迭代: 13
2025-08-25 02:43:07,029 - DEBUG -    参数变化: 0.000000 (阈值: 0.000005)
2025-08-25 02:43:07,029 - DEBUG -    残差变化: 0.000000 (阈值: 0.000005)
2025-08-25 02:43:07,029 - DEBUG -    几何权重因子: 10
2025-08-25 02:43:07,029 - DEBUG - ⏸️ 保持图像置信度权重: 参数变化=0.00e+00, 残差变化=0.00e+00
2025-08-25 02:43:07,029 - DEBUG - 状态已保存: 参数=[ 0.12512008 -0.03290762  0.60523897  0.02093997], 残差范数=0.152737
2025-08-25 02:43:07,029 - DEBUG - 🔍 获取visibility信息: 形状=(21,), 范围=[1.000, 1.000]
2025-08-25 02:43:07,029 - DEBUG - 🔧 设置图像置信度权重: 21个点
2025-08-25 02:43:07,029 - DEBUG - 🔍 开始计算权重矩阵:
2025-08-25 02:43:07,029 - DEBUG -    点类型: ['pupil_center', 'iris_boundaries', 'iris_boundaries', 'iris_boundaries', 'iris_boundaries', 'eye_contours', 'eye_contours', 'eye_contours', 'eye_contours', 'eye_contours', 'eye_contours', 'eye_contours', 'eye_contours', 'eye_contours', 'eye_contours', 'eye_contours', 'eye_contours', 'eye_contours', 'eye_contours', 'eye_contours', 'eye_contours']
2025-08-25 02:43:07,029 - DEBUG -    残差向量: 形状=(21,), 范数=0.152737
2025-08-25 02:43:07,029 - DEBUG -    Visibility: 形状=(21,), 均值=1.000
2025-08-25 02:43:07,029 - DEBUG - 🔍 权重矩阵计算成功: 形状=(21, 21)
2025-08-25 02:43:07,029 - DEBUG - 🔍 几何权重统计:
2025-08-25 02:43:07,029 - DEBUG -    权重向量: [[1.]
 [1.]
 [1.]
 [1.]
 [1.]
 [1.]
 [1.]
 [1.]
 [1.]
 [1.]
 [1.]
 [1.]
 [1.]
 [1.]
 [1.]
 [1.]
 [1.]
 [1.]
 [1.]
 [1.]
 [1.]]
2025-08-25 02:43:07,029 - DEBUG -    权重范围: [1.000000, 1.000000]
2025-08-25 02:43:07,029 - DEBUG -    权重均值: 1.000000
2025-08-25 02:43:07,029 - DEBUG -    权重标准差: 0.000000
2025-08-25 02:43:07,029 - DEBUG -    高权重点(>0.8): 21/21
2025-08-25 02:43:07,029 - DEBUG -    低权重点(<0.2): 0/21
2025-08-25 02:43:07,029 - INFO - -----------------------------------------------------------------------------------
2025-08-25 02:43:07,029 - DEBUG - 🔍 开始求解LM更新方程:
2025-08-25 02:43:07,029 - DEBUG -    数据残差: 形状=(21,), 范数=0.152737
2025-08-25 02:43:07,029 - DEBUG -    约束残差: 形状=(1,), 范数=0.000088
2025-08-25 02:43:07,029 - DEBUG - 🔍 计算数据残差雅可比矩阵 J_f: 形状=(21, 4)
2025-08-25 02:43:07,029 - DEBUG - 🔍 J_f矩阵计算完成: 条件数=1.46e+02
2025-08-25 02:43:07,029 - DEBUG - 🔍 深度约束雅可比计算: u=-2.388205, σ=0.084077, J_h=[[ 0.          0.         -0.08407658  0.        ]]
2025-08-25 02:43:07,029 - DEBUG - 🔍 半径先验雅可比: J_r=[[0. 0. 0. 1.]]
2025-08-25 02:43:07,029 - DEBUG - 🔍 使用几何权重矩阵: 形状=(21, 21)
2025-08-25 02:43:07,029 - DEBUG - 🔍 Hessian矩阵计算:
2025-08-25 02:43:07,029 - DEBUG -    H_data = J_f^T W J_f: 形状=(4, 4), 条件数=2.13e+04
2025-08-25 02:43:07,029 - DEBUG -    H_h = λ_depth J_h^T J_h: 形状=(4, 4), λ_depth=1000.0
2025-08-25 02:43:07,029 - DEBUG -    H_r = λ_radius J_r^T J_r: 形状=(4, 4), λ_radius=20.0
2025-08-25 02:43:07,035 - DEBUG -    H_total: 形状=(4, 4), 条件数=4.08e+01
2025-08-25 02:43:07,035 - DEBUG - 🔍 梯度计算:
2025-08-25 02:43:07,035 - DEBUG -    g_data: 形状=(4,), 范数=0.960087
2025-08-25 02:43:07,035 - DEBUG -    g_h: 形状=(4,), 范数=0.007384
2025-08-25 02:43:07,035 - DEBUG -    g_r: 形状=(4,), 范数=0.178799
2025-08-25 02:43:07,035 - DEBUG -    g_total: 形状=(4,), 范数=0.841252
2025-08-25 02:43:07,035 - DEBUG - 🔍 LM阻尼矩阵: H_lm = H_total + 10000.0 * I
2025-08-25 02:43:07,035 - DEBUG -    H_lm条件数: 1.01e+00
2025-08-25 02:43:07,037 - DEBUG - 🔍 线性方程组求解成功:
2025-08-25 02:43:07,037 - DEBUG -    参数更新向量 Δθ: [[ 3.53263958e-07]
 [-6.62665906e-05]
 [ 6.09792614e-06]
 [ 5.08148235e-05]]
2025-08-25 02:43:07,037 - DEBUG -    更新向量范数: 0.000084
2025-08-25 02:43:07,037 - DEBUG -    各分量更新: Δc_x=0.000000, Δc_y=-0.000066, Δc_z=0.000006, Δr=0.000051
2025-08-25 02:43:07,037 - DEBUG -    参数更新:
2025-08-25 02:43:07,037 - DEBUG -      旧参数: [[ 0.12512008]
 [-0.03290762]
 [ 0.60523897]
 [ 0.02093997]]
2025-08-25 02:43:07,037 - DEBUG -      更新向量: [[ 3.53263958e-07]
 [-6.62665906e-05]
 [ 6.09792614e-06]
 [ 5.08148235e-05]]
2025-08-25 02:43:07,037 - DEBUG -      新参数: [[ 0.12512044]
 [-0.03297389]
 [ 0.60524506]
 [ 0.02099079]]
2025-08-25 02:43:07,037 - INFO - -----------------------------------------------------------------------------------
2025-08-25 02:43:07,037 - INFO - 🔍 迭代第13次，球心向左0.000353mm，向上0.066267mm，向后0.006098mm，半径变大0.050815mm
2025-08-25 02:43:07,037 - INFO - 📊 变化前: 中心(0.125, -0.033, 0.605), 半径20.94mm
2025-08-25 02:43:07,037 - INFO - 📊 变化后: 中心(0.125, -0.033, 0.605), 半径20.99mm
2025-08-25 02:43:07,037 - INFO - 📈 变化量: 中心移动0.07mm, 半径变化0.05mm
2025-08-25 02:43:07,037 - INFO - 📍 眼球中心: [ 0.12512008 -0.03290762  0.60523897]
2025-08-25 02:43:07,037 - INFO - 📏 眼球半径: 20.94mm
2025-08-25 02:43:07,041 - INFO - 👁️ 瞳孔中心: [0.124      0.01866667 0.60000002]
2025-08-25 02:43:07,041 - INFO - 📐 眼球中心在瞳孔中心的右1.12mm，上51.57mm，后5.24mm
2025-08-25 02:43:07,041 - INFO - 📏 距离: 51.85mm
2025-08-25 02:43:07,041 - INFO - -----------------------------------------------------------------------------------
2025-08-25 02:43:07,041 - INFO - -----------------------------------------------------------------------------------
2025-08-25 02:43:07,041 - DEBUG - 🔍 参数有效性检查:
2025-08-25 02:43:07,041 - DEBUG -    参数向量: [[ 0.12512044]
 [-0.03297389]
 [ 0.60524506]
 [ 0.02099079]]
2025-08-25 02:43:07,041 - DEBUG -    球心: [ 0.12512044 -0.03297389  0.60524506]
2025-08-25 02:43:07,041 - DEBUG -    半径: 0.020991
2025-08-25 02:43:07,041 - DEBUG - 🔍 函数值计算详情:
2025-08-25 02:43:07,041 - DEBUG -    数据项 F(θ): 0.011664
2025-08-25 02:43:07,041 - DEBUG -    深度约束项: 0.000004
2025-08-25 02:43:07,041 - DEBUG -    半径先验项: 0.000799
2025-08-25 02:43:07,041 - DEBUG -    总函数值 Φ(θ): 0.012467
2025-08-25 02:43:07,041 - DEBUG -    函数值改善: 0.000000
2025-08-25 02:43:07,041 - DEBUG - 🔍 参数有效: True
2025-08-25 02:43:07,041 - DEBUG -    参数更新成功:
2025-08-25 02:43:07,041 - DEBUG -      新球心: [ 0.12512044 -0.03297389  0.60524506]
2025-08-25 02:43:07,045 - DEBUG -      新半径: 0.020991
2025-08-25 02:43:07,045 - INFO - -----------------------------------------------------------------------------------
2025-08-25 02:43:07,045 - DEBUG - 🔍 LM收敛性检查:
2025-08-25 02:43:07,045 - DEBUG -    当前迭代次数: 13
2025-08-25 02:43:07,045 - DEBUG -    最大迭代次数: 30
2025-08-25 02:43:07,045 - DEBUG -    参数变化: 0.000084
2025-08-25 02:43:07,045 - DEBUG -    参数容忍度: 5e-06
2025-08-25 02:43:07,045 - DEBUG -    残差变化: 0.000000
2025-08-25 02:43:07,046 - DEBUG -    残差容忍度: 5e-06
2025-08-25 02:43:07,046 - DEBUG - 🔍 迭代 15/30:
2025-08-25 02:43:07,046 - DEBUG - 🔍 计算点到球心距离: 形状=(21,)
2025-08-25 02:43:07,046 - DEBUG - 🔍 生理偏差向量计算:
2025-08-25 02:43:07,046 - DEBUG -    点类型列表: ['pupil_center', 'iris_boundaries', 'iris_boundaries', 'iris_boundaries', 'iris_boundaries', 'eye_contours', 'eye_contours', 'eye_contours', 'eye_contours', 'eye_contours', 'eye_contours', 'eye_contours', 'eye_contours', 'eye_contours', 'eye_contours', 'eye_contours', 'eye_contours', 'eye_contours', 'eye_contours', 'eye_contours', 'eye_contours']
2025-08-25 02:43:07,046 - DEBUG -    偏差向量: [0.0002  0.00085 0.00085 0.00085 0.00085 0.0015  0.0015  0.0015  0.0015
 0.0015  0.0015  0.0015  0.0015  0.0015  0.0015  0.0015  0.0015  0.0015
 0.0015  0.0015  0.0015 ]
2025-08-25 02:43:07,046 - DEBUG -    向量形状: (21,)
2025-08-25 02:43:07,046 - DEBUG -    偏差统计: 均值=0.001314, 标准差=0.000356
2025-08-25 02:43:07,046 - DEBUG - 获取生理偏差: 点类型=['pupil_center', 'iris_boundaries', 'iris_boundaries', 'iris_boundaries', 'iris_boundaries', 'eye_contours', 'eye_contours', 'eye_contours', 'eye_contours', 'eye_contours', 'eye_contours', 'eye_contours', 'eye_contours', 'eye_contours', 'eye_contours', 'eye_contours', 'eye_contours', 'eye_contours', 'eye_contours', 'eye_contours', 'eye_contours'], 偏差值=[0.0002  0.00085 0.00085 0.00085 0.00085 0.0015  0.0015  0.0015  0.0015
 0.0015  0.0015  0.0015  0.0015  0.0015  0.0015  0.0015  0.0015  0.0015
 0.0015  0.0015  0.0015 ]
2025-08-25 02:43:07,046 - INFO - -----------------------------------------------------------------------------------
2025-08-25 02:43:07,046 - DEBUG - 🔍 拟合残差计算详情:
2025-08-25 02:43:07,046 - DEBUG -    球心坐标: [ 0.12512044 -0.03297389  0.60524506]
2025-08-25 02:43:07,046 - DEBUG -    球体半径: 0.020991
2025-08-25 02:43:07,046 - DEBUG -    采样点数: 21
2025-08-25 02:43:07,046 - DEBUG -    点类型分布: {'eye_contours': 16, 'iris_boundaries': 4, 'pupil_center': 1}
2025-08-25 02:43:07,046 - DEBUG -    理论距离向量: [0.02119079 0.02184079 0.02184079 0.02184079 0.02184079 0.02249079
 0.02249079 0.02249079 0.02249079 0.02249079 0.02249079 0.02249079
 0.02249079 0.02249079 0.02249079 0.02249079 0.02249079 0.02249079
 0.02249079 0.02249079 0.02249079]
2025-08-25 02:43:07,046 - DEBUG -    实际距离向量: [0.05191833 0.05267087 0.04223763 0.0534166  0.06175048 0.06228168
 0.05854703 0.05250571 0.0477422  0.04642723 0.04850121 0.05175079
 0.05423576 0.05635866 0.05786607 0.05864755 0.0593999  0.05996337
 0.06020774 0.06069955 0.06194725]
2025-08-25 02:43:07,046 - DEBUG -    生理偏差向量: [0.0002  0.00085 0.00085 0.00085 0.00085 0.0015  0.0015  0.0015  0.0015
 0.0015  0.0015  0.0015  0.0015  0.0015  0.0015  0.0015  0.0015  0.0015
 0.0015  0.0015  0.0015 ]
2025-08-25 02:43:07,046 - DEBUG -    残差向量 f(θ): 
[[0.03072754]
 [0.03083009]
 [0.02039685]
 [0.03157582]
 [0.03990969]
 [0.03979089]
 [0.03605624]
 [0.03001493]
 [0.02525142]
 [0.02393644]
 [0.02601042]
 [0.02926   ]
 [0.03174498]
 [0.03386787]
 [0.03537528]
 [0.03615676]
 [0.03690912]
 [0.03747258]
 [0.03771695]
 [0.03820876]
 [0.03945646]]
2025-08-25 02:43:07,046 - DEBUG -    平均残差范数: 0.007276
2025-08-25 02:43:07,046 - DEBUG -    残差范数=0.152798
2025-08-25 02:43:07,051 - INFO - -----------------------------------------------------------------------------------
2025-08-25 02:43:07,051 - DEBUG - 🔍 深度约束计算详情 (softplus):
2025-08-25 02:43:07,051 - DEBUG -    采样点Z坐标范围: [0.600000, 0.602651]
2025-08-25 02:43:07,051 - DEBUG -    球心Z坐标: 0.605245
2025-08-25 02:43:07,051 - DEBUG -    深度偏移ε: 0.000200
2025-08-25 02:43:07,051 - DEBUG -    softplus参数τ: 0.001000
2025-08-25 02:43:07,051 - DEBUG -    原始违反值: -0.002394
2025-08-25 02:43:07,051 - DEBUG -    softplus输入 u: -2.394303
2025-08-25 02:43:07,051 - DEBUG -    约束惩罚 h(θ): 0.000087
2025-08-25 02:43:07,051 - DEBUG -    🟢 深度约束满足: 球心深度足够
2025-08-25 02:43:07,051 - INFO - -----------------------------------------------------------------------------------
2025-08-25 02:43:07,051 - DEBUG - 🔍 半径惩罚计算详情:
2025-08-25 02:43:07,053 - DEBUG -    当前半径: 0.020991
2025-08-25 02:43:07,053 - DEBUG -    半径先验值: 0.012000
2025-08-25 02:43:07,053 - DEBUG -    半径残差 r(θ): 0.008991
2025-08-25 02:43:07,053 - DEBUG -    数据残差 f(θ): [[0.03072754]
 [0.03083009]
 [0.02039685]
 [0.03157582]
 [0.03990969]
 [0.03979089]
 [0.03605624]
 [0.03001493]
 [0.02525142]
 [0.02393644]
 [0.02601042]
 [0.02926   ]
 [0.03174498]
 [0.03386787]
 [0.03537528]
 [0.03615676]
 [0.03690912]
 [0.03747258]
 [0.03771695]
 [0.03820876]
 [0.03945646]]
2025-08-25 02:43:07,053 - DEBUG -    约束残差 g(θ): [[8.73112553e-05]]
2025-08-25 02:43:07,053 - DEBUG -    半径残差 r(θ): [[0.00899079]]
2025-08-25 02:43:07,053 - DEBUG - 🔍 状态变化计算: 参数变化=0.000084, 残差变化=0.000061
2025-08-25 02:43:07,053 - INFO - -----------------------------------------------------------------------------------
2025-08-25 02:43:07,053 - DEBUG - 🔍 权重管理器状态更新详情:
2025-08-25 02:43:07,053 - DEBUG -    当前迭代: 14
2025-08-25 02:43:07,053 - DEBUG -    参数变化: 0.000084 (阈值: 0.000005)
2025-08-25 02:43:07,053 - DEBUG -    残差变化: 0.000061 (阈值: 0.000005)
2025-08-25 02:43:07,053 - DEBUG -    几何权重因子: 10
2025-08-25 02:43:07,053 - DEBUG - ⏸️ 保持图像置信度权重: 参数变化=8.37e-05, 残差变化=6.10e-05
2025-08-25 02:43:07,053 - DEBUG - 状态已保存: 参数=[ 0.12512044 -0.03297389  0.60524506  0.02099079], 残差范数=0.152798
2025-08-25 02:43:07,053 - DEBUG - 🔍 获取visibility信息: 形状=(21,), 范围=[1.000, 1.000]
2025-08-25 02:43:07,053 - DEBUG - 🔧 设置图像置信度权重: 21个点
2025-08-25 02:43:07,053 - DEBUG - 🔍 开始计算权重矩阵:
2025-08-25 02:43:07,053 - DEBUG -    点类型: ['pupil_center', 'iris_boundaries', 'iris_boundaries', 'iris_boundaries', 'iris_boundaries', 'eye_contours', 'eye_contours', 'eye_contours', 'eye_contours', 'eye_contours', 'eye_contours', 'eye_contours', 'eye_contours', 'eye_contours', 'eye_contours', 'eye_contours', 'eye_contours', 'eye_contours', 'eye_contours', 'eye_contours', 'eye_contours']
2025-08-25 02:43:07,053 - DEBUG -    残差向量: 形状=(21,), 范数=0.152798
2025-08-25 02:43:07,053 - DEBUG -    Visibility: 形状=(21,), 均值=1.000
2025-08-25 02:43:07,053 - DEBUG - 🔍 权重矩阵计算成功: 形状=(21, 21)
2025-08-25 02:43:07,053 - DEBUG - 🔍 几何权重统计:
2025-08-25 02:43:07,053 - DEBUG -    权重向量: [[1.]
 [1.]
 [1.]
 [1.]
 [1.]
 [1.]
 [1.]
 [1.]
 [1.]
 [1.]
 [1.]
 [1.]
 [1.]
 [1.]
 [1.]
 [1.]
 [1.]
 [1.]
 [1.]
 [1.]
 [1.]]
2025-08-25 02:43:07,053 - DEBUG -    权重范围: [1.000000, 1.000000]
2025-08-25 02:43:07,053 - DEBUG -    权重均值: 1.000000
2025-08-25 02:43:07,053 - DEBUG -    权重标准差: 0.000000
2025-08-25 02:43:07,053 - DEBUG -    高权重点(>0.8): 21/21
2025-08-25 02:43:07,053 - DEBUG -    低权重点(<0.2): 0/21
2025-08-25 02:43:07,053 - INFO - -----------------------------------------------------------------------------------
2025-08-25 02:43:07,053 - DEBUG - 🔍 开始求解LM更新方程:
2025-08-25 02:43:07,053 - DEBUG -    数据残差: 形状=(21,), 范数=0.152798
2025-08-25 02:43:07,053 - DEBUG -    约束残差: 形状=(1,), 范数=0.000087
2025-08-25 02:43:07,053 - DEBUG - 🔍 计算数据残差雅可比矩阵 J_f: 形状=(21, 4)
2025-08-25 02:43:07,053 - DEBUG - 🔍 J_f矩阵计算完成: 条件数=1.46e+02
2025-08-25 02:43:07,061 - DEBUG - 🔍 深度约束雅可比计算: u=-2.394303, σ=0.083608, J_h=[[ 0.          0.         -0.08360818  0.        ]]
2025-08-25 02:43:07,061 - DEBUG - 🔍 半径先验雅可比: J_r=[[0. 0. 0. 1.]]
2025-08-25 02:43:07,062 - DEBUG - 🔍 使用几何权重矩阵: 形状=(21, 21)
2025-08-25 02:43:07,062 - DEBUG - 🔍 Hessian矩阵计算:
2025-08-25 02:43:07,062 - DEBUG -    H_data = J_f^T W J_f: 形状=(4, 4), 条件数=2.13e+04
2025-08-25 02:43:07,062 - DEBUG -    H_h = λ_depth J_h^T J_h: 形状=(4, 4), λ_depth=1000.0
2025-08-25 02:43:07,062 - DEBUG -    H_r = λ_radius J_r^T J_r: 形状=(4, 4), λ_radius=20.0
2025-08-25 02:43:07,062 - DEBUG -    H_total: 形状=(4, 4), 条件数=4.09e+01
2025-08-25 02:43:07,062 - DEBUG - 🔍 梯度计算:
2025-08-25 02:43:07,062 - DEBUG -    g_data: 形状=(4,), 范数=0.960521
2025-08-25 02:43:07,062 - DEBUG -    g_h: 形状=(4,), 范数=0.007300
2025-08-25 02:43:07,062 - DEBUG -    g_r: 形状=(4,), 范数=0.179816
2025-08-25 02:43:07,062 - DEBUG -    g_total: 形状=(4,), 范数=0.841064
2025-08-25 02:43:07,064 - DEBUG - 🔍 LM阻尼矩阵: H_lm = H_total + 10000.0 * I
2025-08-25 02:43:07,064 - DEBUG -    H_lm条件数: 1.01e+00
2025-08-25 02:43:07,064 - DEBUG - 🔍 线性方程组求解成功:
2025-08-25 02:43:07,064 - DEBUG -    参数更新向量 Δθ: [[ 3.53663005e-07]
 [-6.62994633e-05]
 [ 6.09314590e-06]
 [ 5.07419654e-05]]
2025-08-25 02:43:07,064 - DEBUG -    更新向量范数: 0.000084
2025-08-25 02:43:07,064 - DEBUG -    各分量更新: Δc_x=0.000000, Δc_y=-0.000066, Δc_z=0.000006, Δr=0.000051
2025-08-25 02:43:07,064 - DEBUG -    参数更新:
2025-08-25 02:43:07,064 - DEBUG -      旧参数: [[ 0.12512044]
 [-0.03297389]
 [ 0.60524506]
 [ 0.02099079]]
2025-08-25 02:43:07,064 - DEBUG -      更新向量: [[ 3.53663005e-07]
 [-6.62994633e-05]
 [ 6.09314590e-06]
 [ 5.07419654e-05]]
2025-08-25 02:43:07,064 - DEBUG -      新参数: [[ 0.12512079]
 [-0.03304019]
 [ 0.60525116]
 [ 0.02104153]]
2025-08-25 02:43:07,064 - INFO - -----------------------------------------------------------------------------------
2025-08-25 02:43:07,064 - INFO - 🔍 迭代第14次，球心向左0.000354mm，向上0.066299mm，向后0.006093mm，半径变大0.050742mm
2025-08-25 02:43:07,064 - INFO - 📊 变化前: 中心(0.125, -0.033, 0.605), 半径20.99mm
2025-08-25 02:43:07,064 - INFO - 📊 变化后: 中心(0.125, -0.033, 0.605), 半径21.04mm
2025-08-25 02:43:07,064 - INFO - 📈 变化量: 中心移动0.07mm, 半径变化0.05mm
2025-08-25 02:43:07,064 - INFO - 📍 眼球中心: [ 0.12512044 -0.03297389  0.60524506]
2025-08-25 02:43:07,064 - INFO - 📏 眼球半径: 20.99mm
2025-08-25 02:43:07,064 - INFO - 👁️ 瞳孔中心: [0.124      0.01866667 0.60000002]
2025-08-25 02:43:07,064 - INFO - 📐 眼球中心在瞳孔中心的右1.12mm，上51.64mm，后5.25mm
2025-08-25 02:43:07,064 - INFO - 📏 距离: 51.92mm
2025-08-25 02:43:07,064 - INFO - -----------------------------------------------------------------------------------
2025-08-25 02:43:07,064 - INFO - -----------------------------------------------------------------------------------
2025-08-25 02:43:07,064 - DEBUG - 🔍 参数有效性检查:
2025-08-25 02:43:07,064 - DEBUG -    参数向量: [[ 0.12512079]
 [-0.03304019]
 [ 0.60525116]
 [ 0.02104153]]
2025-08-25 02:43:07,064 - DEBUG -    球心: [ 0.12512079 -0.03304019  0.60525116]
2025-08-25 02:43:07,064 - DEBUG -    半径: 0.021042
2025-08-25 02:43:07,064 - DEBUG - 🔍 函数值计算详情:
2025-08-25 02:43:07,064 - DEBUG -    数据项 F(θ): 0.011674
2025-08-25 02:43:07,064 - DEBUG -    深度约束项: 0.000004
2025-08-25 02:43:07,064 - DEBUG -    半径先验项: 0.000808
2025-08-25 02:43:07,064 - DEBUG -    总函数值 Φ(θ): 0.012486
2025-08-25 02:43:07,070 - DEBUG -    函数值改善: -0.000018
2025-08-25 02:43:07,070 - DEBUG - 🔍 参数有效: False
2025-08-25 02:43:07,070 - DEBUG -    参数无效，阻尼因子调整: λ_LM = 1.00e+05
2025-08-25 02:43:07,070 - DEBUG - 🔍 迭代 16/30:
2025-08-25 02:43:07,070 - DEBUG - 🔍 计算点到球心距离: 形状=(21,)
2025-08-25 02:43:07,070 - DEBUG - 🔍 生理偏差向量计算:
2025-08-25 02:43:07,070 - DEBUG -    点类型列表: ['pupil_center', 'iris_boundaries', 'iris_boundaries', 'iris_boundaries', 'iris_boundaries', 'eye_contours', 'eye_contours', 'eye_contours', 'eye_contours', 'eye_contours', 'eye_contours', 'eye_contours', 'eye_contours', 'eye_contours', 'eye_contours', 'eye_contours', 'eye_contours', 'eye_contours', 'eye_contours', 'eye_contours', 'eye_contours']
2025-08-25 02:43:07,070 - DEBUG -    偏差向量: [0.0002  0.00085 0.00085 0.00085 0.00085 0.0015  0.0015  0.0015  0.0015
 0.0015  0.0015  0.0015  0.0015  0.0015  0.0015  0.0015  0.0015  0.0015
 0.0015  0.0015  0.0015 ]
2025-08-25 02:43:07,070 - DEBUG -    向量形状: (21,)
2025-08-25 02:43:07,070 - DEBUG -    偏差统计: 均值=0.001314, 标准差=0.000356
2025-08-25 02:43:07,070 - DEBUG - 获取生理偏差: 点类型=['pupil_center', 'iris_boundaries', 'iris_boundaries', 'iris_boundaries', 'iris_boundaries', 'eye_contours', 'eye_contours', 'eye_contours', 'eye_contours', 'eye_contours', 'eye_contours', 'eye_contours', 'eye_contours', 'eye_contours', 'eye_contours', 'eye_contours', 'eye_contours', 'eye_contours', 'eye_contours', 'eye_contours', 'eye_contours'], 偏差值=[0.0002  0.00085 0.00085 0.00085 0.00085 0.0015  0.0015  0.0015  0.0015
 0.0015  0.0015  0.0015  0.0015  0.0015  0.0015  0.0015  0.0015  0.0015
 0.0015  0.0015  0.0015 ]
2025-08-25 02:43:07,070 - INFO - -----------------------------------------------------------------------------------
2025-08-25 02:43:07,070 - DEBUG - 🔍 拟合残差计算详情:
2025-08-25 02:43:07,070 - DEBUG -    球心坐标: [ 0.12512044 -0.03297389  0.60524506]
2025-08-25 02:43:07,070 - DEBUG -    球体半径: 0.020991
2025-08-25 02:43:07,070 - DEBUG -    采样点数: 21
2025-08-25 02:43:07,070 - DEBUG -    点类型分布: {'eye_contours': 16, 'iris_boundaries': 4, 'pupil_center': 1}
2025-08-25 02:43:07,070 - DEBUG -    理论距离向量: [0.02119079 0.02184079 0.02184079 0.02184079 0.02184079 0.02249079
 0.02249079 0.02249079 0.02249079 0.02249079 0.02249079 0.02249079
 0.02249079 0.02249079 0.02249079 0.02249079 0.02249079 0.02249079
 0.02249079 0.02249079 0.02249079]
2025-08-25 02:43:07,070 - DEBUG -    实际距离向量: [0.05191833 0.05267087 0.04223763 0.0534166  0.06175048 0.06228168
 0.05854703 0.05250571 0.0477422  0.04642723 0.04850121 0.05175079
 0.05423576 0.05635866 0.05786607 0.05864755 0.0593999  0.05996337
 0.06020774 0.06069955 0.06194725]
2025-08-25 02:43:07,070 - DEBUG -    生理偏差向量: [0.0002  0.00085 0.00085 0.00085 0.00085 0.0015  0.0015  0.0015  0.0015
 0.0015  0.0015  0.0015  0.0015  0.0015  0.0015  0.0015  0.0015  0.0015
 0.0015  0.0015  0.0015 ]
2025-08-25 02:43:07,070 - DEBUG -    残差向量 f(θ): 
[[0.03072754]
 [0.03083009]
 [0.02039685]
 [0.03157582]
 [0.03990969]
 [0.03979089]
 [0.03605624]
 [0.03001493]
 [0.02525142]
 [0.02393644]
 [0.02601042]
 [0.02926   ]
 [0.03174498]
 [0.03386787]
 [0.03537528]
 [0.03615676]
 [0.03690912]
 [0.03747258]
 [0.03771695]
 [0.03820876]
 [0.03945646]]
2025-08-25 02:43:07,070 - DEBUG -    平均残差范数: 0.007276
2025-08-25 02:43:07,070 - DEBUG -    残差范数=0.152798
2025-08-25 02:43:07,070 - INFO - -----------------------------------------------------------------------------------
2025-08-25 02:43:07,070 - DEBUG - 🔍 深度约束计算详情 (softplus):
2025-08-25 02:43:07,070 - DEBUG -    采样点Z坐标范围: [0.600000, 0.602651]
2025-08-25 02:43:07,070 - DEBUG -    球心Z坐标: 0.605245
2025-08-25 02:43:07,070 - DEBUG -    深度偏移ε: 0.000200
2025-08-25 02:43:07,070 - DEBUG -    softplus参数τ: 0.001000
2025-08-25 02:43:07,070 - DEBUG -    原始违反值: -0.002394
2025-08-25 02:43:07,070 - DEBUG -    softplus输入 u: -2.394303
2025-08-25 02:43:07,070 - DEBUG -    约束惩罚 h(θ): 0.000087
2025-08-25 02:43:07,070 - DEBUG -    🟢 深度约束满足: 球心深度足够
2025-08-25 02:43:07,070 - INFO - -----------------------------------------------------------------------------------
2025-08-25 02:43:07,070 - DEBUG - 🔍 半径惩罚计算详情:
2025-08-25 02:43:07,070 - DEBUG -    当前半径: 0.020991
2025-08-25 02:43:07,070 - DEBUG -    半径先验值: 0.012000
2025-08-25 02:43:07,070 - DEBUG -    半径残差 r(θ): 0.008991
2025-08-25 02:43:07,078 - DEBUG -    数据残差 f(θ): [[0.03072754]
 [0.03083009]
 [0.02039685]
 [0.03157582]
 [0.03990969]
 [0.03979089]
 [0.03605624]
 [0.03001493]
 [0.02525142]
 [0.02393644]
 [0.02601042]
 [0.02926   ]
 [0.03174498]
 [0.03386787]
 [0.03537528]
 [0.03615676]
 [0.03690912]
 [0.03747258]
 [0.03771695]
 [0.03820876]
 [0.03945646]]
2025-08-25 02:43:07,078 - DEBUG -    约束残差 g(θ): [[8.73112553e-05]]
2025-08-25 02:43:07,078 - DEBUG -    半径残差 r(θ): [[0.00899079]]
2025-08-25 02:43:07,078 - DEBUG - 🔍 状态变化计算: 参数变化=0.000000, 残差变化=0.000000
2025-08-25 02:43:07,078 - INFO - -----------------------------------------------------------------------------------
2025-08-25 02:43:07,078 - DEBUG - 🔍 权重管理器状态更新详情:
2025-08-25 02:43:07,078 - DEBUG -    当前迭代: 15
2025-08-25 02:43:07,078 - DEBUG -    参数变化: 0.000000 (阈值: 0.000005)
2025-08-25 02:43:07,078 - DEBUG -    残差变化: 0.000000 (阈值: 0.000005)
2025-08-25 02:43:07,078 - DEBUG -    几何权重因子: 10
2025-08-25 02:43:07,078 - DEBUG - ⏸️ 保持图像置信度权重: 参数变化=0.00e+00, 残差变化=0.00e+00
2025-08-25 02:43:07,078 - DEBUG - 状态已保存: 参数=[ 0.12512044 -0.03297389  0.60524506  0.02099079], 残差范数=0.152798
2025-08-25 02:43:07,078 - DEBUG - 🔍 获取visibility信息: 形状=(21,), 范围=[1.000, 1.000]
2025-08-25 02:43:07,078 - DEBUG - 🔧 设置图像置信度权重: 21个点
2025-08-25 02:43:07,078 - DEBUG - 🔍 开始计算权重矩阵:
2025-08-25 02:43:07,078 - DEBUG -    点类型: ['pupil_center', 'iris_boundaries', 'iris_boundaries', 'iris_boundaries', 'iris_boundaries', 'eye_contours', 'eye_contours', 'eye_contours', 'eye_contours', 'eye_contours', 'eye_contours', 'eye_contours', 'eye_contours', 'eye_contours', 'eye_contours', 'eye_contours', 'eye_contours', 'eye_contours', 'eye_contours', 'eye_contours', 'eye_contours']
2025-08-25 02:43:07,078 - DEBUG -    残差向量: 形状=(21,), 范数=0.152798
2025-08-25 02:43:07,078 - DEBUG -    Visibility: 形状=(21,), 均值=1.000
2025-08-25 02:43:07,078 - DEBUG - 🔍 权重矩阵计算成功: 形状=(21, 21)
2025-08-25 02:43:07,078 - DEBUG - 🔍 几何权重统计:
2025-08-25 02:43:07,078 - DEBUG -    权重向量: [[1.]
 [1.]
 [1.]
 [1.]
 [1.]
 [1.]
 [1.]
 [1.]
 [1.]
 [1.]
 [1.]
 [1.]
 [1.]
 [1.]
 [1.]
 [1.]
 [1.]
 [1.]
 [1.]
 [1.]
 [1.]]
2025-08-25 02:43:07,078 - DEBUG -    权重范围: [1.000000, 1.000000]
2025-08-25 02:43:07,078 - DEBUG -    权重均值: 1.000000
2025-08-25 02:43:07,078 - DEBUG -    权重标准差: 0.000000
2025-08-25 02:43:07,078 - DEBUG -    高权重点(>0.8): 21/21
2025-08-25 02:43:07,078 - DEBUG -    低权重点(<0.2): 0/21
2025-08-25 02:43:07,078 - INFO - -----------------------------------------------------------------------------------
2025-08-25 02:43:07,078 - DEBUG - 🔍 开始求解LM更新方程:
2025-08-25 02:43:07,078 - DEBUG -    数据残差: 形状=(21,), 范数=0.152798
2025-08-25 02:43:07,078 - DEBUG -    约束残差: 形状=(1,), 范数=0.000087
2025-08-25 02:43:07,078 - DEBUG - 🔍 计算数据残差雅可比矩阵 J_f: 形状=(21, 4)
2025-08-25 02:43:07,084 - DEBUG - 🔍 J_f矩阵计算完成: 条件数=1.46e+02
2025-08-25 02:43:07,084 - DEBUG - 🔍 深度约束雅可比计算: u=-2.394303, σ=0.083608, J_h=[[ 0.          0.         -0.08360818  0.        ]]
2025-08-25 02:43:07,084 - DEBUG - 🔍 半径先验雅可比: J_r=[[0. 0. 0. 1.]]
2025-08-25 02:43:07,084 - DEBUG - 🔍 使用几何权重矩阵: 形状=(21, 21)
2025-08-25 02:43:07,084 - DEBUG - 🔍 Hessian矩阵计算:
2025-08-25 02:43:07,084 - DEBUG -    H_data = J_f^T W J_f: 形状=(4, 4), 条件数=2.13e+04
2025-08-25 02:43:07,086 - DEBUG -    H_h = λ_depth J_h^T J_h: 形状=(4, 4), λ_depth=1000.0
2025-08-25 02:43:07,086 - DEBUG -    H_r = λ_radius J_r^T J_r: 形状=(4, 4), λ_radius=20.0
2025-08-25 02:43:07,087 - DEBUG -    H_total: 形状=(4, 4), 条件数=4.09e+01
2025-08-25 02:43:07,087 - DEBUG - 🔍 梯度计算:
2025-08-25 02:43:07,087 - DEBUG -    g_data: 形状=(4,), 范数=0.960521
2025-08-25 02:43:07,087 - DEBUG -    g_h: 形状=(4,), 范数=0.007300
2025-08-25 02:43:07,087 - DEBUG -    g_r: 形状=(4,), 范数=0.179816
2025-08-25 02:43:07,087 - DEBUG -    g_total: 形状=(4,), 范数=0.841064
2025-08-25 02:43:07,087 - DEBUG - 🔍 LM阻尼矩阵: H_lm = H_total + 100000.0 * I
2025-08-25 02:43:07,087 - DEBUG -    H_lm条件数: 1.00e+00
2025-08-25 02:43:07,087 - DEBUG - 🔍 线性方程组求解成功:
2025-08-25 02:43:07,087 - DEBUG -    参数更新向量 Δθ: [[ 3.52640851e-08]
 [-6.65094733e-06]
 [ 6.11431740e-07]
 [ 5.10508315e-06]]
2025-08-25 02:43:07,087 - DEBUG -    更新向量范数: 0.000008
2025-08-25 02:43:07,087 - DEBUG -    各分量更新: Δc_x=0.000000, Δc_y=-0.000007, Δc_z=0.000001, Δr=0.000005
2025-08-25 02:43:07,087 - DEBUG -    参数更新:
2025-08-25 02:43:07,087 - DEBUG -      旧参数: [[ 0.12512044]
 [-0.03297389]
 [ 0.60524506]
 [ 0.02099079]]
2025-08-25 02:43:07,087 - DEBUG -      更新向量: [[ 3.52640851e-08]
 [-6.65094733e-06]
 [ 6.11431740e-07]
 [ 5.10508315e-06]]
2025-08-25 02:43:07,087 - DEBUG -      新参数: [[ 0.12512047]
 [-0.03298054]
 [ 0.60524568]
 [ 0.02099589]]
2025-08-25 02:43:07,087 - INFO - -----------------------------------------------------------------------------------
2025-08-25 02:43:07,087 - INFO - 🔍 迭代第15次，球心向左0.000035mm，向上0.006651mm，向后0.000611mm，半径变大0.005105mm
2025-08-25 02:43:07,087 - INFO - 📊 变化前: 中心(0.125, -0.033, 0.605), 半径20.99mm
2025-08-25 02:43:07,087 - INFO - 📊 变化后: 中心(0.125, -0.033, 0.605), 半径21.00mm
2025-08-25 02:43:07,087 - INFO - 📈 变化量: 中心移动0.01mm, 半径变化0.01mm
2025-08-25 02:43:07,087 - INFO - 📍 眼球中心: [ 0.12512044 -0.03297389  0.60524506]
2025-08-25 02:43:07,087 - INFO - 📏 眼球半径: 20.99mm
2025-08-25 02:43:07,087 - INFO - 👁️ 瞳孔中心: [0.124      0.01866667 0.60000002]
2025-08-25 02:43:07,087 - INFO - 📐 眼球中心在瞳孔中心的右1.12mm，上51.64mm，后5.25mm
2025-08-25 02:43:07,087 - INFO - 📏 距离: 51.92mm
2025-08-25 02:43:07,087 - INFO - -----------------------------------------------------------------------------------
2025-08-25 02:43:07,087 - INFO - -----------------------------------------------------------------------------------
2025-08-25 02:43:07,087 - DEBUG - 🔍 参数有效性检查:
2025-08-25 02:43:07,094 - DEBUG -    参数向量: [[ 0.12512047]
 [-0.03298054]
 [ 0.60524568]
 [ 0.02099589]]
2025-08-25 02:43:07,094 - DEBUG -    球心: [ 0.12512047 -0.03298054  0.60524568]
2025-08-25 02:43:07,094 - DEBUG -    半径: 0.020996
2025-08-25 02:43:07,094 - DEBUG - 🔍 函数值计算详情:
2025-08-25 02:43:07,094 - DEBUG -    数据项 F(θ): 0.011674
2025-08-25 02:43:07,094 - DEBUG -    深度约束项: 0.000004
2025-08-25 02:43:07,094 - DEBUG -    半径先验项: 0.000808
2025-08-25 02:43:07,094 - DEBUG -    总函数值 Φ(θ): 0.012486
2025-08-25 02:43:07,094 - DEBUG -    函数值改善: 0.000000
2025-08-25 02:43:07,094 - DEBUG - 🔍 参数有效: True
2025-08-25 02:43:07,094 - DEBUG -    参数更新成功:
2025-08-25 02:43:07,094 - DEBUG -      新球心: [ 0.12512047 -0.03298054  0.60524568]
2025-08-25 02:43:07,094 - DEBUG -      新半径: 0.020996
2025-08-25 02:43:07,094 - INFO - -----------------------------------------------------------------------------------
2025-08-25 02:43:07,094 - DEBUG - 🔍 LM收敛性检查:
2025-08-25 02:43:07,094 - DEBUG -    当前迭代次数: 15
2025-08-25 02:43:07,094 - DEBUG -    最大迭代次数: 30
2025-08-25 02:43:07,094 - DEBUG -    参数变化: 0.000008
2025-08-25 02:43:07,094 - DEBUG -    参数容忍度: 5e-06
2025-08-25 02:43:07,094 - DEBUG -    残差变化: 0.000000
2025-08-25 02:43:07,094 - DEBUG -    残差容忍度: 5e-06
2025-08-25 02:43:07,094 - DEBUG - 🔍 迭代 17/30:
2025-08-25 02:43:07,094 - DEBUG - 🔍 计算点到球心距离: 形状=(21,)
2025-08-25 02:43:07,094 - DEBUG - 🔍 生理偏差向量计算:
2025-08-25 02:43:07,094 - DEBUG -    点类型列表: ['pupil_center', 'iris_boundaries', 'iris_boundaries', 'iris_boundaries', 'iris_boundaries', 'eye_contours', 'eye_contours', 'eye_contours', 'eye_contours', 'eye_contours', 'eye_contours', 'eye_contours', 'eye_contours', 'eye_contours', 'eye_contours', 'eye_contours', 'eye_contours', 'eye_contours', 'eye_contours', 'eye_contours', 'eye_contours']
2025-08-25 02:43:07,094 - DEBUG -    偏差向量: [0.0002  0.00085 0.00085 0.00085 0.00085 0.0015  0.0015  0.0015  0.0015
 0.0015  0.0015  0.0015  0.0015  0.0015  0.0015  0.0015  0.0015  0.0015
 0.0015  0.0015  0.0015 ]
2025-08-25 02:43:07,094 - DEBUG -    向量形状: (21,)
2025-08-25 02:43:07,094 - DEBUG -    偏差统计: 均值=0.001314, 标准差=0.000356
2025-08-25 02:43:07,094 - DEBUG - 获取生理偏差: 点类型=['pupil_center', 'iris_boundaries', 'iris_boundaries', 'iris_boundaries', 'iris_boundaries', 'eye_contours', 'eye_contours', 'eye_contours', 'eye_contours', 'eye_contours', 'eye_contours', 'eye_contours', 'eye_contours', 'eye_contours', 'eye_contours', 'eye_contours', 'eye_contours', 'eye_contours', 'eye_contours', 'eye_contours', 'eye_contours'], 偏差值=[0.0002  0.00085 0.00085 0.00085 0.00085 0.0015  0.0015  0.0015  0.0015
 0.0015  0.0015  0.0015  0.0015  0.0015  0.0015  0.0015  0.0015  0.0015
 0.0015  0.0015  0.0015 ]
2025-08-25 02:43:07,094 - INFO - -----------------------------------------------------------------------------------
2025-08-25 02:43:07,094 - DEBUG - 🔍 拟合残差计算详情:
2025-08-25 02:43:07,094 - DEBUG -    球心坐标: [ 0.12512047 -0.03298054  0.60524568]
2025-08-25 02:43:07,094 - DEBUG -    球体半径: 0.020996
2025-08-25 02:43:07,094 - DEBUG -    采样点数: 21
2025-08-25 02:43:07,094 - DEBUG -    点类型分布: {'eye_contours': 16, 'iris_boundaries': 4, 'pupil_center': 1}
2025-08-25 02:43:07,094 - DEBUG -    理论距离向量: [0.02119589 0.02184589 0.02184589 0.02184589 0.02184589 0.02249589
 0.02249589 0.02249589 0.02249589 0.02249589 0.02249589 0.02249589
 0.02249589 0.02249589 0.02249589 0.02249589 0.02249589 0.02249589
 0.02249589 0.02249589 0.02249589]
2025-08-25 02:43:07,094 - DEBUG -    实际距离向量: [0.05192501 0.05267742 0.04224431 0.05342315 0.06175715 0.06228783
 0.05855324 0.0525121  0.04774882 0.0464339  0.04850772 0.05175712
 0.05424198 0.05636478 0.05787239 0.05865401 0.05940649 0.05997004
 0.06021437 0.06070601 0.06195352]
2025-08-25 02:43:07,094 - DEBUG -    生理偏差向量: [0.0002  0.00085 0.00085 0.00085 0.00085 0.0015  0.0015  0.0015  0.0015
 0.0015  0.0015  0.0015  0.0015  0.0015  0.0015  0.0015  0.0015  0.0015
 0.0015  0.0015  0.0015 ]
2025-08-25 02:43:07,094 - DEBUG -    残差向量 f(θ): 
[[0.03072911]
 [0.03083153]
 [0.02039842]
 [0.03157726]
 [0.03991126]
 [0.03979194]
 [0.03605735]
 [0.03001621]
 [0.02525293]
 [0.02393801]
 [0.02601182]
 [0.02926123]
 [0.03174609]
 [0.03386889]
 [0.0353765 ]
 [0.03615812]
 [0.0369106 ]
 [0.03747415]
 [0.03771848]
 [0.03821011]
 [0.03945763]]
2025-08-25 02:43:07,094 - DEBUG -    平均残差范数: 0.007276
2025-08-25 02:43:07,094 - DEBUG -    残差范数=0.152804
2025-08-25 02:43:07,094 - INFO - -----------------------------------------------------------------------------------
2025-08-25 02:43:07,094 - DEBUG - 🔍 深度约束计算详情 (softplus):
2025-08-25 02:43:07,094 - DEBUG -    采样点Z坐标范围: [0.600000, 0.602651]
2025-08-25 02:43:07,094 - DEBUG -    球心Z坐标: 0.605246
2025-08-25 02:43:07,094 - DEBUG -    深度偏移ε: 0.000200
2025-08-25 02:43:07,094 - DEBUG -    softplus参数τ: 0.001000
2025-08-25 02:43:07,094 - DEBUG -    原始违反值: -0.002395
2025-08-25 02:43:07,094 - DEBUG -    softplus输入 u: -2.394914
2025-08-25 02:43:07,094 - DEBUG -    约束惩罚 h(θ): 0.000087
2025-08-25 02:43:07,094 - DEBUG -    🟢 深度约束满足: 球心深度足够
2025-08-25 02:43:07,094 - INFO - -----------------------------------------------------------------------------------
2025-08-25 02:43:07,094 - DEBUG - 🔍 半径惩罚计算详情:
2025-08-25 02:43:07,102 - DEBUG -    当前半径: 0.020996
2025-08-25 02:43:07,102 - DEBUG -    半径先验值: 0.012000
2025-08-25 02:43:07,102 - DEBUG -    半径残差 r(θ): 0.008996
2025-08-25 02:43:07,102 - DEBUG -    数据残差 f(θ): [[0.03072911]
 [0.03083153]
 [0.02039842]
 [0.03157726]
 [0.03991126]
 [0.03979194]
 [0.03605735]
 [0.03001621]
 [0.02525293]
 [0.02393801]
 [0.02601182]
 [0.02926123]
 [0.03174609]
 [0.03386889]
 [0.0353765 ]
 [0.03615812]
 [0.0369106 ]
 [0.03747415]
 [0.03771848]
 [0.03821011]
 [0.03945763]]
2025-08-25 02:43:07,102 - DEBUG -    约束残差 g(θ): [[8.7260149e-05]]
2025-08-25 02:43:07,102 - DEBUG -    半径残差 r(θ): [[0.00899589]]
2025-08-25 02:43:07,102 - DEBUG - 🔍 状态变化计算: 参数变化=0.000008, 残差变化=0.000006
2025-08-25 02:43:07,102 - INFO - -----------------------------------------------------------------------------------
2025-08-25 02:43:07,102 - DEBUG - 🔍 权重管理器状态更新详情:
2025-08-25 02:43:07,102 - DEBUG -    当前迭代: 16
2025-08-25 02:43:07,102 - DEBUG -    参数变化: 0.000008 (阈值: 0.000005)
2025-08-25 02:43:07,102 - DEBUG -    残差变化: 0.000006 (阈值: 0.000005)
2025-08-25 02:43:07,102 - DEBUG -    几何权重因子: 10
2025-08-25 02:43:07,102 - DEBUG - ✅ 启用几何权重: 参数变化=8.41e-06, 残差变化=6.10e-06
2025-08-25 02:43:07,102 - DEBUG - 状态已保存: 参数=[ 0.12512047 -0.03298054  0.60524568  0.02099589], 残差范数=0.152804
2025-08-25 02:43:07,102 - DEBUG - 🔍 获取visibility信息: 形状=(21,), 范围=[1.000, 1.000]
2025-08-25 02:43:07,102 - DEBUG - 🔧 设置图像置信度权重: 21个点
2025-08-25 02:43:07,102 - DEBUG - 🔍 开始计算权重矩阵:
2025-08-25 02:43:07,102 - DEBUG -    点类型: ['pupil_center', 'iris_boundaries', 'iris_boundaries', 'iris_boundaries', 'iris_boundaries', 'eye_contours', 'eye_contours', 'eye_contours', 'eye_contours', 'eye_contours', 'eye_contours', 'eye_contours', 'eye_contours', 'eye_contours', 'eye_contours', 'eye_contours', 'eye_contours', 'eye_contours', 'eye_contours', 'eye_contours', 'eye_contours']
2025-08-25 02:43:07,102 - DEBUG -    残差向量: 形状=(21,), 范数=0.152804
2025-08-25 02:43:07,102 - DEBUG -    Visibility: 形状=(21,), 均值=1.000
2025-08-25 02:43:07,102 - DEBUG - 🔍 权重矩阵计算成功: 形状=(21, 21)
2025-08-25 02:43:07,102 - DEBUG - 🔍 几何权重统计:
2025-08-25 02:43:07,102 - DEBUG -    权重向量: [[1.]
 [1.]
 [1.]
 [1.]
 [1.]
 [1.]
 [1.]
 [1.]
 [1.]
 [1.]
 [1.]
 [1.]
 [1.]
 [1.]
 [1.]
 [1.]
 [1.]
 [1.]
 [1.]
 [1.]
 [1.]]
2025-08-25 02:43:07,102 - DEBUG -    权重范围: [1.000000, 1.000000]
2025-08-25 02:43:07,102 - DEBUG -    权重均值: 1.000000
2025-08-25 02:43:07,102 - DEBUG -    权重标准差: 0.000000
2025-08-25 02:43:07,102 - DEBUG -    高权重点(>0.8): 21/21
2025-08-25 02:43:07,102 - DEBUG -    低权重点(<0.2): 0/21
2025-08-25 02:43:07,102 - INFO - -----------------------------------------------------------------------------------
2025-08-25 02:43:07,102 - DEBUG - 🔍 开始求解LM更新方程:
2025-08-25 02:43:07,102 - DEBUG -    数据残差: 形状=(21,), 范数=0.152804
2025-08-25 02:43:07,102 - DEBUG -    约束残差: 形状=(1,), 范数=0.000087
2025-08-25 02:43:07,102 - DEBUG - 🔍 计算数据残差雅可比矩阵 J_f: 形状=(21, 4)
2025-08-25 02:43:07,102 - DEBUG - 🔍 J_f矩阵计算完成: 条件数=1.46e+02
2025-08-25 02:43:07,110 - DEBUG - 🔍 深度约束雅可比计算: u=-2.394914, σ=0.083561, J_h=[[ 0.          0.         -0.08356135  0.        ]]
2025-08-25 02:43:07,110 - DEBUG - 🔍 半径先验雅可比: J_r=[[0. 0. 0. 1.]]
2025-08-25 02:43:07,110 - DEBUG - 🔍 使用几何权重矩阵: 形状=(21, 21)
2025-08-25 02:43:07,110 - DEBUG - 🔍 Hessian矩阵计算:
2025-08-25 02:43:07,110 - DEBUG -    H_data = J_f^T W J_f: 形状=(4, 4), 条件数=2.13e+04
2025-08-25 02:43:07,110 - DEBUG -    H_h = λ_depth J_h^T J_h: 形状=(4, 4), λ_depth=1000.0
2025-08-25 02:43:07,110 - DEBUG -    H_r = λ_radius J_r^T J_r: 形状=(4, 4), λ_radius=20.0
2025-08-25 02:43:07,110 - DEBUG -    H_total: 形状=(4, 4), 条件数=4.09e+01
2025-08-25 02:43:07,110 - DEBUG - 🔍 梯度计算:
2025-08-25 02:43:07,110 - DEBUG -    g_data: 形状=(4,), 范数=0.960565
2025-08-25 02:43:07,110 - DEBUG -    g_h: 形状=(4,), 范数=0.007292
2025-08-25 02:43:07,110 - DEBUG -    g_r: 形状=(4,), 范数=0.179918
2025-08-25 02:43:07,110 - DEBUG -    g_total: 形状=(4,), 范数=0.841045
2025-08-25 02:43:07,110 - DEBUG - 🔍 LM阻尼矩阵: H_lm = H_total + 100000.0 * I
2025-08-25 02:43:07,110 - DEBUG -    H_lm条件数: 1.00e+00
2025-08-25 02:43:07,110 - DEBUG - 🔍 线性方程组求解成功:
2025-08-25 02:43:07,110 - DEBUG -    参数更新向量 Δθ: [[ 3.52681033e-08]
 [-6.65127571e-06]
 [ 6.11383705e-07]
 [ 5.10434790e-06]]
2025-08-25 02:43:07,110 - DEBUG -    更新向量范数: 0.000008
2025-08-25 02:43:07,110 - DEBUG -    各分量更新: Δc_x=0.000000, Δc_y=-0.000007, Δc_z=0.000001, Δr=0.000005
2025-08-25 02:43:07,110 - DEBUG -    参数更新:
2025-08-25 02:43:07,110 - DEBUG -      旧参数: [[ 0.12512047]
 [-0.03298054]
 [ 0.60524568]
 [ 0.02099589]]
2025-08-25 02:43:07,110 - DEBUG -      更新向量: [[ 3.52681033e-08]
 [-6.65127571e-06]
 [ 6.11383705e-07]
 [ 5.10434790e-06]]
2025-08-25 02:43:07,110 - DEBUG -      新参数: [[ 0.12512051]
 [-0.03298719]
 [ 0.60524629]
 [ 0.021001  ]]
2025-08-25 02:43:07,110 - INFO - -----------------------------------------------------------------------------------
2025-08-25 02:43:07,110 - INFO - 🔍 迭代第16次，球心向左0.000035mm，向上0.006651mm，向后0.000611mm，半径变大0.005104mm
2025-08-25 02:43:07,110 - INFO - 📊 变化前: 中心(0.125, -0.033, 0.605), 半径21.00mm
2025-08-25 02:43:07,110 - INFO - 📊 变化后: 中心(0.125, -0.033, 0.605), 半径21.00mm
2025-08-25 02:43:07,110 - INFO - 📈 变化量: 中心移动0.01mm, 半径变化0.01mm
2025-08-25 02:43:07,110 - INFO - 📍 眼球中心: [ 0.12512047 -0.03298054  0.60524568]
2025-08-25 02:43:07,110 - INFO - 📏 眼球半径: 21.00mm
2025-08-25 02:43:07,110 - INFO - 👁️ 瞳孔中心: [0.124      0.01866667 0.60000002]
2025-08-25 02:43:07,110 - INFO - 📐 眼球中心在瞳孔中心的右1.12mm，上51.65mm，后5.25mm
2025-08-25 02:43:07,110 - INFO - 📏 距离: 51.93mm
2025-08-25 02:43:07,110 - INFO - -----------------------------------------------------------------------------------
2025-08-25 02:43:07,110 - INFO - -----------------------------------------------------------------------------------
2025-08-25 02:43:07,110 - DEBUG - 🔍 参数有效性检查:
2025-08-25 02:43:07,110 - DEBUG -    参数向量: [[ 0.12512051]
 [-0.03298719]
 [ 0.60524629]
 [ 0.021001  ]]
2025-08-25 02:43:07,110 - DEBUG -    球心: [ 0.12512051 -0.03298719  0.60524629]
2025-08-25 02:43:07,110 - DEBUG -    半径: 0.021001
2025-08-25 02:43:07,110 - DEBUG - 🔍 函数值计算详情:
2025-08-25 02:43:07,110 - DEBUG -    数据项 F(θ): 0.011675
2025-08-25 02:43:07,110 - DEBUG -    深度约束项: 0.000004
2025-08-25 02:43:07,110 - DEBUG -    半径先验项: 0.000809
2025-08-25 02:43:07,110 - DEBUG -    总函数值 Φ(θ): 0.012488
2025-08-25 02:43:07,110 - DEBUG -    函数值改善: -0.000002
2025-08-25 02:43:07,110 - DEBUG - 🔍 参数有效: False
2025-08-25 02:43:07,110 - DEBUG -    参数无效，阻尼因子调整: λ_LM = 1.00e+06
2025-08-25 02:43:07,110 - DEBUG - 🔍 迭代 18/30:
2025-08-25 02:43:07,110 - DEBUG - 🔍 计算点到球心距离: 形状=(21,)
2025-08-25 02:43:07,110 - DEBUG - 🔍 生理偏差向量计算:
2025-08-25 02:43:07,110 - DEBUG -    点类型列表: ['pupil_center', 'iris_boundaries', 'iris_boundaries', 'iris_boundaries', 'iris_boundaries', 'eye_contours', 'eye_contours', 'eye_contours', 'eye_contours', 'eye_contours', 'eye_contours', 'eye_contours', 'eye_contours', 'eye_contours', 'eye_contours', 'eye_contours', 'eye_contours', 'eye_contours', 'eye_contours', 'eye_contours', 'eye_contours']
2025-08-25 02:43:07,118 - DEBUG -    偏差向量: [0.0002  0.00085 0.00085 0.00085 0.00085 0.0015  0.0015  0.0015  0.0015
 0.0015  0.0015  0.0015  0.0015  0.0015  0.0015  0.0015  0.0015  0.0015
 0.0015  0.0015  0.0015 ]
2025-08-25 02:43:07,118 - DEBUG -    向量形状: (21,)
2025-08-25 02:43:07,118 - DEBUG -    偏差统计: 均值=0.001314, 标准差=0.000356
2025-08-25 02:43:07,118 - DEBUG - 获取生理偏差: 点类型=['pupil_center', 'iris_boundaries', 'iris_boundaries', 'iris_boundaries', 'iris_boundaries', 'eye_contours', 'eye_contours', 'eye_contours', 'eye_contours', 'eye_contours', 'eye_contours', 'eye_contours', 'eye_contours', 'eye_contours', 'eye_contours', 'eye_contours', 'eye_contours', 'eye_contours', 'eye_contours', 'eye_contours', 'eye_contours'], 偏差值=[0.0002  0.00085 0.00085 0.00085 0.00085 0.0015  0.0015  0.0015  0.0015
 0.0015  0.0015  0.0015  0.0015  0.0015  0.0015  0.0015  0.0015  0.0015
 0.0015  0.0015  0.0015 ]
2025-08-25 02:43:07,118 - INFO - -----------------------------------------------------------------------------------
2025-08-25 02:43:07,118 - DEBUG - 🔍 拟合残差计算详情:
2025-08-25 02:43:07,118 - DEBUG -    球心坐标: [ 0.12512047 -0.03298054  0.60524568]
2025-08-25 02:43:07,118 - DEBUG -    球体半径: 0.020996
2025-08-25 02:43:07,118 - DEBUG -    采样点数: 21
2025-08-25 02:43:07,118 - DEBUG -    点类型分布: {'eye_contours': 16, 'iris_boundaries': 4, 'pupil_center': 1}
2025-08-25 02:43:07,118 - DEBUG -    理论距离向量: [0.02119589 0.02184589 0.02184589 0.02184589 0.02184589 0.02249589
 0.02249589 0.02249589 0.02249589 0.02249589 0.02249589 0.02249589
 0.02249589 0.02249589 0.02249589 0.02249589 0.02249589 0.02249589
 0.02249589 0.02249589 0.02249589]
2025-08-25 02:43:07,118 - DEBUG -    实际距离向量: [0.05192501 0.05267742 0.04224431 0.05342315 0.06175715 0.06228783
 0.05855324 0.0525121  0.04774882 0.0464339  0.04850772 0.05175712
 0.05424198 0.05636478 0.05787239 0.05865401 0.05940649 0.05997004
 0.06021437 0.06070601 0.06195352]
2025-08-25 02:43:07,118 - DEBUG -    生理偏差向量: [0.0002  0.00085 0.00085 0.00085 0.00085 0.0015  0.0015  0.0015  0.0015
 0.0015  0.0015  0.0015  0.0015  0.0015  0.0015  0.0015  0.0015  0.0015
 0.0015  0.0015  0.0015 ]
2025-08-25 02:43:07,118 - DEBUG -    残差向量 f(θ): 
[[0.03072911]
 [0.03083153]
 [0.02039842]
 [0.03157726]
 [0.03991126]
 [0.03979194]
 [0.03605735]
 [0.03001621]
 [0.02525293]
 [0.02393801]
 [0.02601182]
 [0.02926123]
 [0.03174609]
 [0.03386889]
 [0.0353765 ]
 [0.03615812]
 [0.0369106 ]
 [0.03747415]
 [0.03771848]
 [0.03821011]
 [0.03945763]]
2025-08-25 02:43:07,118 - DEBUG -    平均残差范数: 0.007276
2025-08-25 02:43:07,118 - DEBUG -    残差范数=0.152804
2025-08-25 02:43:07,118 - INFO - -----------------------------------------------------------------------------------
2025-08-25 02:43:07,118 - DEBUG - 🔍 深度约束计算详情 (softplus):
2025-08-25 02:43:07,118 - DEBUG -    采样点Z坐标范围: [0.600000, 0.602651]
2025-08-25 02:43:07,118 - DEBUG -    球心Z坐标: 0.605246
2025-08-25 02:43:07,118 - DEBUG -    深度偏移ε: 0.000200
2025-08-25 02:43:07,118 - DEBUG -    softplus参数τ: 0.001000
2025-08-25 02:43:07,118 - DEBUG -    原始违反值: -0.002395
2025-08-25 02:43:07,118 - DEBUG -    softplus输入 u: -2.394914
2025-08-25 02:43:07,118 - DEBUG -    约束惩罚 h(θ): 0.000087
2025-08-25 02:43:07,118 - DEBUG -    🟢 深度约束满足: 球心深度足够
2025-08-25 02:43:07,118 - INFO - -----------------------------------------------------------------------------------
2025-08-25 02:43:07,118 - DEBUG - 🔍 半径惩罚计算详情:
2025-08-25 02:43:07,118 - DEBUG -    当前半径: 0.020996
2025-08-25 02:43:07,118 - DEBUG -    半径先验值: 0.012000
2025-08-25 02:43:07,118 - DEBUG -    半径残差 r(θ): 0.008996
2025-08-25 02:43:07,118 - DEBUG -    数据残差 f(θ): [[0.03072911]
 [0.03083153]
 [0.02039842]
 [0.03157726]
 [0.03991126]
 [0.03979194]
 [0.03605735]
 [0.03001621]
 [0.02525293]
 [0.02393801]
 [0.02601182]
 [0.02926123]
 [0.03174609]
 [0.03386889]
 [0.0353765 ]
 [0.03615812]
 [0.0369106 ]
 [0.03747415]
 [0.03771848]
 [0.03821011]
 [0.03945763]]
2025-08-25 02:43:07,118 - DEBUG -    约束残差 g(θ): [[8.7260149e-05]]
2025-08-25 02:43:07,118 - DEBUG -    半径残差 r(θ): [[0.00899589]]
2025-08-25 02:43:07,118 - DEBUG - 🔍 状态变化计算: 参数变化=0.000000, 残差变化=0.000000
2025-08-25 02:43:07,118 - INFO - -----------------------------------------------------------------------------------
2025-08-25 02:43:07,127 - DEBUG - 🔍 权重管理器状态更新详情:
2025-08-25 02:43:07,127 - DEBUG -    当前迭代: 17
2025-08-25 02:43:07,127 - DEBUG -    参数变化: 0.000000 (阈值: 0.000005)
2025-08-25 02:43:07,127 - DEBUG -    残差变化: 0.000000 (阈值: 0.000005)
2025-08-25 02:43:07,127 - DEBUG -    几何权重因子: 10
2025-08-25 02:43:07,127 - DEBUG - ⏸️ 保持图像置信度权重: 参数变化=0.00e+00, 残差变化=0.00e+00
2025-08-25 02:43:07,127 - DEBUG - 状态已保存: 参数=[ 0.12512047 -0.03298054  0.60524568  0.02099589], 残差范数=0.152804
2025-08-25 02:43:07,127 - DEBUG - 🔍 获取visibility信息: 形状=(21,), 范围=[1.000, 1.000]
2025-08-25 02:43:07,127 - DEBUG - 🔧 设置图像置信度权重: 21个点
2025-08-25 02:43:07,127 - DEBUG - 🔍 开始计算权重矩阵:
2025-08-25 02:43:07,127 - DEBUG -    点类型: ['pupil_center', 'iris_boundaries', 'iris_boundaries', 'iris_boundaries', 'iris_boundaries', 'eye_contours', 'eye_contours', 'eye_contours', 'eye_contours', 'eye_contours', 'eye_contours', 'eye_contours', 'eye_contours', 'eye_contours', 'eye_contours', 'eye_contours', 'eye_contours', 'eye_contours', 'eye_contours', 'eye_contours', 'eye_contours']
2025-08-25 02:43:07,127 - DEBUG -    残差向量: 形状=(21,), 范数=0.152804
2025-08-25 02:43:07,127 - DEBUG -    Visibility: 形状=(21,), 均值=1.000
2025-08-25 02:43:07,127 - DEBUG - 🔍 权重矩阵计算成功: 形状=(21, 21)
2025-08-25 02:43:07,127 - DEBUG - 🔍 几何权重统计:
2025-08-25 02:43:07,127 - DEBUG -    权重向量: [[1.]
 [1.]
 [1.]
 [1.]
 [1.]
 [1.]
 [1.]
 [1.]
 [1.]
 [1.]
 [1.]
 [1.]
 [1.]
 [1.]
 [1.]
 [1.]
 [1.]
 [1.]
 [1.]
 [1.]
 [1.]]
2025-08-25 02:43:07,127 - DEBUG -    权重范围: [1.000000, 1.000000]
2025-08-25 02:43:07,127 - DEBUG -    权重均值: 1.000000
2025-08-25 02:43:07,127 - DEBUG -    权重标准差: 0.000000
2025-08-25 02:43:07,127 - DEBUG -    高权重点(>0.8): 21/21
2025-08-25 02:43:07,127 - DEBUG -    低权重点(<0.2): 0/21
2025-08-25 02:43:07,127 - INFO - -----------------------------------------------------------------------------------
2025-08-25 02:43:07,127 - DEBUG - 🔍 开始求解LM更新方程:
2025-08-25 02:43:07,127 - DEBUG -    数据残差: 形状=(21,), 范数=0.152804
2025-08-25 02:43:07,127 - DEBUG -    约束残差: 形状=(1,), 范数=0.000087
2025-08-25 02:43:07,127 - DEBUG - 🔍 计算数据残差雅可比矩阵 J_f: 形状=(21, 4)
2025-08-25 02:43:07,127 - DEBUG - 🔍 J_f矩阵计算完成: 条件数=1.46e+02
2025-08-25 02:43:07,127 - DEBUG - 🔍 深度约束雅可比计算: u=-2.394914, σ=0.083561, J_h=[[ 0.          0.         -0.08356135  0.        ]]
2025-08-25 02:43:07,127 - DEBUG - 🔍 半径先验雅可比: J_r=[[0. 0. 0. 1.]]
2025-08-25 02:43:07,127 - DEBUG - 🔍 使用几何权重矩阵: 形状=(21, 21)
2025-08-25 02:43:07,127 - DEBUG - 🔍 Hessian矩阵计算:
2025-08-25 02:43:07,127 - DEBUG -    H_data = J_f^T W J_f: 形状=(4, 4), 条件数=2.13e+04
2025-08-25 02:43:07,127 - DEBUG -    H_h = λ_depth J_h^T J_h: 形状=(4, 4), λ_depth=1000.0
2025-08-25 02:43:07,127 - DEBUG -    H_r = λ_radius J_r^T J_r: 形状=(4, 4), λ_radius=20.0
2025-08-25 02:43:07,127 - DEBUG -    H_total: 形状=(4, 4), 条件数=4.09e+01
2025-08-25 02:43:07,127 - DEBUG - 🔍 梯度计算:
2025-08-25 02:43:07,127 - DEBUG -    g_data: 形状=(4,), 范数=0.960565
2025-08-25 02:43:07,127 - DEBUG -    g_h: 形状=(4,), 范数=0.007292
2025-08-25 02:43:07,127 - DEBUG -    g_r: 形状=(4,), 范数=0.179918
2025-08-25 02:43:07,127 - DEBUG -    g_total: 形状=(4,), 范数=0.841045
2025-08-25 02:43:07,127 - DEBUG - 🔍 LM阻尼矩阵: H_lm = H_total + 1000000.0 * I
2025-08-25 02:43:07,127 - DEBUG -    H_lm条件数: 1.00e+00
2025-08-25 02:43:07,127 - DEBUG - 🔍 线性方程组求解成功:
2025-08-25 02:43:07,127 - DEBUG -    参数更新向量 Δθ: [[ 3.52578329e-09]
 [-6.65338605e-07]
 [ 6.11596368e-08]
 [ 5.10745314e-07]]
2025-08-25 02:43:07,127 - DEBUG -    更新向量范数: 0.000001
2025-08-25 02:43:07,127 - DEBUG -    各分量更新: Δc_x=0.000000, Δc_y=-0.000001, Δc_z=0.000000, Δr=0.000001
2025-08-25 02:43:07,127 - DEBUG -    参数更新:
2025-08-25 02:43:07,127 - DEBUG -      旧参数: [[ 0.12512047]
 [-0.03298054]
 [ 0.60524568]
 [ 0.02099589]]
2025-08-25 02:43:07,127 - DEBUG -      更新向量: [[ 3.52578329e-09]
 [-6.65338605e-07]
 [ 6.11596368e-08]
 [ 5.10745314e-07]]
2025-08-25 02:43:07,135 - DEBUG -      新参数: [[ 0.12512048]
 [-0.0329812 ]
 [ 0.60524574]
 [ 0.0209964 ]]
2025-08-25 02:43:07,135 - INFO - -----------------------------------------------------------------------------------
2025-08-25 02:43:07,135 - INFO - 🔍 迭代第17次，球心向左0.000004mm，向上0.000665mm，向后0.000061mm，半径变大0.000511mm
2025-08-25 02:43:07,135 - INFO - 📊 变化前: 中心(0.125, -0.033, 0.605), 半径21.00mm
2025-08-25 02:43:07,135 - INFO - 📊 变化后: 中心(0.125, -0.033, 0.605), 半径21.00mm
2025-08-25 02:43:07,135 - INFO - 📈 变化量: 中心移动0.00mm, 半径变化0.00mm
2025-08-25 02:43:07,135 - INFO - 📍 眼球中心: [ 0.12512047 -0.03298054  0.60524568]
2025-08-25 02:43:07,135 - INFO - 📏 眼球半径: 21.00mm
2025-08-25 02:43:07,135 - INFO - 👁️ 瞳孔中心: [0.124      0.01866667 0.60000002]
2025-08-25 02:43:07,135 - INFO - 📐 眼球中心在瞳孔中心的右1.12mm，上51.65mm，后5.25mm
2025-08-25 02:43:07,135 - INFO - 📏 距离: 51.93mm
2025-08-25 02:43:07,135 - INFO - -----------------------------------------------------------------------------------
2025-08-25 02:43:07,135 - INFO - -----------------------------------------------------------------------------------
2025-08-25 02:43:07,135 - DEBUG - 🔍 参数有效性检查:
2025-08-25 02:43:07,135 - DEBUG -    参数向量: [[ 0.12512048]
 [-0.0329812 ]
 [ 0.60524574]
 [ 0.0209964 ]]
2025-08-25 02:43:07,135 - DEBUG -    球心: [ 0.12512048 -0.0329812   0.60524574]
2025-08-25 02:43:07,135 - DEBUG -    半径: 0.020996
2025-08-25 02:43:07,135 - DEBUG - 🔍 函数值计算详情:
2025-08-25 02:43:07,135 - DEBUG -    数据项 F(θ): 0.011675
2025-08-25 02:43:07,135 - DEBUG -    深度约束项: 0.000004
2025-08-25 02:43:07,135 - DEBUG -    半径先验项: 0.000809
2025-08-25 02:43:07,135 - DEBUG -    总函数值 Φ(θ): 0.012488
2025-08-25 02:43:07,135 - DEBUG -    函数值改善: 0.000000
2025-08-25 02:43:07,135 - DEBUG - 🔍 参数有效: True
2025-08-25 02:43:07,135 - DEBUG -    参数更新成功:
2025-08-25 02:43:07,135 - DEBUG -      新球心: [ 0.12512048 -0.0329812   0.60524574]
2025-08-25 02:43:07,135 - DEBUG -      新半径: 0.020996
2025-08-25 02:43:07,135 - INFO - -----------------------------------------------------------------------------------
2025-08-25 02:43:07,140 - DEBUG - 🔍 LM收敛性检查:
2025-08-25 02:43:07,140 - DEBUG -    当前迭代次数: 17
2025-08-25 02:43:07,140 - DEBUG -    最大迭代次数: 30
2025-08-25 02:43:07,140 - DEBUG -    参数变化: 0.000001
2025-08-25 02:43:07,140 - DEBUG -    参数容忍度: 5e-06
2025-08-25 02:43:07,140 - DEBUG -    残差变化: 0.000000
2025-08-25 02:43:07,140 - DEBUG -    残差容忍度: 5e-06
2025-08-25 02:43:07,140 - INFO - ✅ LM收敛：参数变化8.41e-07 < 5e-06，平均残差变化0.00e+00 < 5e-06
2025-08-25 02:43:07,140 - INFO - ✅ LM优化收敛: 迭代17次
2025-08-25 02:43:07,140 - DEBUG - 🔍 优化结束状态:
2025-08-25 02:43:07,140 - DEBUG -    最终参数: [[ 0.12512048]
 [-0.0329812 ]
 [ 0.60524574]
 [ 0.0209964 ]]
2025-08-25 02:43:07,140 - DEBUG -    最终球心: [ 0.12512048 -0.0329812   0.60524574]
2025-08-25 02:43:07,140 - DEBUG -    最终半径: 0.020996
2025-08-25 02:43:07,140 - DEBUG -    是否收敛: True
2025-08-25 02:43:07,142 - DEBUG -    迭代次数: 17
2025-08-25 02:43:07,142 - INFO - -----------------------------------------------------------------------------------
2025-08-25 02:43:07,142 - DEBUG - 🔍 更新最终状态:
2025-08-25 02:43:07,142 - DEBUG - 🔍 计算点到球心距离: 形状=(21,)
2025-08-25 02:43:07,142 - DEBUG - 🔍 生理偏差向量计算:
2025-08-25 02:43:07,143 - DEBUG -    点类型列表: ['pupil_center', 'iris_boundaries', 'iris_boundaries', 'iris_boundaries', 'iris_boundaries', 'eye_contours', 'eye_contours', 'eye_contours', 'eye_contours', 'eye_contours', 'eye_contours', 'eye_contours', 'eye_contours', 'eye_contours', 'eye_contours', 'eye_contours', 'eye_contours', 'eye_contours', 'eye_contours', 'eye_contours', 'eye_contours']
2025-08-25 02:43:07,143 - DEBUG -    偏差向量: [0.0002  0.00085 0.00085 0.00085 0.00085 0.0015  0.0015  0.0015  0.0015
 0.0015  0.0015  0.0015  0.0015  0.0015  0.0015  0.0015  0.0015  0.0015
 0.0015  0.0015  0.0015 ]
2025-08-25 02:43:07,143 - DEBUG -    向量形状: (21,)
2025-08-25 02:43:07,143 - DEBUG -    偏差统计: 均值=0.001314, 标准差=0.000356
2025-08-25 02:43:07,143 - DEBUG - 获取生理偏差: 点类型=['pupil_center', 'iris_boundaries', 'iris_boundaries', 'iris_boundaries', 'iris_boundaries', 'eye_contours', 'eye_contours', 'eye_contours', 'eye_contours', 'eye_contours', 'eye_contours', 'eye_contours', 'eye_contours', 'eye_contours', 'eye_contours', 'eye_contours', 'eye_contours', 'eye_contours', 'eye_contours', 'eye_contours', 'eye_contours'], 偏差值=[0.0002  0.00085 0.00085 0.00085 0.00085 0.0015  0.0015  0.0015  0.0015
 0.0015  0.0015  0.0015  0.0015  0.0015  0.0015  0.0015  0.0015  0.0015
 0.0015  0.0015  0.0015 ]
2025-08-25 02:43:07,143 - INFO - -----------------------------------------------------------------------------------
2025-08-25 02:43:07,143 - DEBUG - 🔍 拟合残差计算详情:
2025-08-25 02:43:07,143 - DEBUG -    球心坐标: [ 0.12512048 -0.0329812   0.60524574]
2025-08-25 02:43:07,143 - DEBUG -    球体半径: 0.020996
2025-08-25 02:43:07,143 - DEBUG -    采样点数: 21
2025-08-25 02:43:07,143 - DEBUG -    点类型分布: {'eye_contours': 16, 'iris_boundaries': 4, 'pupil_center': 1}
2025-08-25 02:43:07,143 - DEBUG -    理论距离向量: [0.0211964 0.0218464 0.0218464 0.0218464 0.0218464 0.0224964 0.0224964
 0.0224964 0.0224964 0.0224964 0.0224964 0.0224964 0.0224964 0.0224964
 0.0224964 0.0224964 0.0224964 0.0224964 0.0224964 0.0224964 0.0224964]
2025-08-25 02:43:07,143 - DEBUG -    实际距离向量: [0.05192567 0.05267807 0.04224498 0.05342381 0.06175782 0.06228845
 0.05855386 0.05251274 0.04774948 0.04643456 0.04850837 0.05175775
 0.0542426  0.05636539 0.05787302 0.05865465 0.05940715 0.05997071
 0.06021503 0.06070665 0.06195415]
2025-08-25 02:43:07,143 - DEBUG -    生理偏差向量: [0.0002  0.00085 0.00085 0.00085 0.00085 0.0015  0.0015  0.0015  0.0015
 0.0015  0.0015  0.0015  0.0015  0.0015  0.0015  0.0015  0.0015  0.0015
 0.0015  0.0015  0.0015 ]
2025-08-25 02:43:07,143 - DEBUG -    残差向量 f(θ): 
[[0.03072927]
 [0.03083167]
 [0.02039858]
 [0.03157741]
 [0.03991142]
 [0.03979205]
 [0.03605746]
 [0.03001634]
 [0.02525308]
 [0.02393816]
 [0.02601196]
 [0.02926135]
 [0.0317462 ]
 [0.03386899]
 [0.03537662]
 [0.03615825]
 [0.03691075]
 [0.03747431]
 [0.03771863]
 [0.03821025]
 [0.03945775]]
2025-08-25 02:43:07,143 - DEBUG -    平均残差范数: 0.007276
2025-08-25 02:43:07,143 - DEBUG -    残差范数=0.152805
2025-08-25 02:43:07,143 - DEBUG -    最终残差向量: [[0.03072927]
 [0.03083167]
 [0.02039858]
 [0.03157741]
 [0.03991142]
 [0.03979205]
 [0.03605746]
 [0.03001634]
 [0.02525308]
 [0.02393816]
 [0.02601196]
 [0.02926135]
 [0.0317462 ]
 [0.03386899]
 [0.03537662]
 [0.03615825]
 [0.03691075]
 [0.03747431]
 [0.03771863]
 [0.03821025]
 [0.03945775]]
2025-08-25 02:43:07,143 - DEBUG -    最终残差范数: 0.152805
2025-08-25 02:43:07,143 - DEBUG -    内点比例: 1.000000
2025-08-25 02:43:07,143 - DEBUG -    质量分数: 0.000000
2025-08-25 02:43:07,143 - DEBUG -    收敛迭代次数: 17
2025-08-25 02:43:07,143 - DEBUG -    是否收敛: True
2025-08-25 02:43:07,143 - DEBUG -    警告信息: ['迭代2: 参数无效，阻尼因子=1.00e-01', '迭代4: 参数无效，阻尼因子=1.00e+00', '迭代6: 参数无效，阻尼因子=1.00e+01', '迭代8: 参数无效，阻尼因子=1.00e+02', '迭代10: 参数无效，阻尼因子=1.00e+03', '迭代12: 参数无效，阻尼因子=1.00e+04', '迭代14: 参数无效，阻尼因子=1.00e+05', '迭代16: 参数无效，阻尼因子=1.00e+06']
2025-08-25 02:43:07,143 - INFO - ✅ 优化完成: 最终中心点=(0.125, -0.033, 0.605), 半径=0.021m
2025-08-25 02:43:07,143 - INFO - 拟合完成 - 拟合结果:
  📍 中心点: (0.125, -0.033, 0.605)
  📏 半径: 0.02mm
  🔄 收敛状态: ✓ 已收敛
  📊 内点比例: 100.0% (21/21)
  🎯 质量分数: 0.000
  📈 迭代次数: 17
  📉 最终残差: 1.53e-01
⚠️  警告: 迭代2: 参数无效，阻尼因子=1.00e-01; 迭代4: 参数无效，阻尼因子=1.00e+00; 迭代6: 参数无效，阻尼因子=1.00e+01; 迭代8: 参数无效，阻尼因子=1.00e+02; 迭代10: 参数无效，阻尼因子=1.00e+03; 迭代12: 参数无效，阻尼因子=1.00e+04; 迭代14: 参数无效，阻尼因子=1.00e+05; 迭代16: 参数无效，阻尼因子=1.00e+06
2025-08-25 02:43:07,143 - DEBUG - left眼拟合完成: shape=椭球参数 (球体):
  📏 主轴长度: (0.021, 0.021, 0.021) m
  📍 中心坐标: (0.125, -0.033, 0.605) m
  🔄 旋转矩阵: 3x3 单位矩阵, center=[ 0.12512048 -0.0329812   0.60524574]
2025-08-25 02:43:07,143 - DEBUG - 左眼拟合完成
2025-08-25 02:43:07,143 - DEBUG - _fit_one_eye开始: eye_key=right
2025-08-25 02:43:07,143 - DEBUG - 更新trials_times: 2
2025-08-25 02:43:07,143 - DEBUG - 开始提取right眼关键点坐标
2025-08-25 02:43:07,143 - DEBUG - _extract_eye_key_coordinates开始: eye_key=right
2025-08-25 02:43:07,151 - DEBUG - self._key_coordinates: {'pupil_center': {'left': array([0.124     , 0.01866667, 0.60000002, 1.        ]), 'right': array([0.016     , 0.02533333, 0.60000002, 1.        ])}, 'iris_boundaries': {'left': [array([0.13536287, 0.01850261, 0.60083109, 1.        ]), array([0.12433084, 0.00905777, 0.60115433, 1.        ]), array([0.1144842 , 0.01917874, 0.60073876, 1.        ]), array([0.12567329, 0.02861215, 0.60077572, 1.        ])], 'right': [array([0.02725325, 0.02559492, 0.60022938, 1.        ]), array([0.01666008, 0.01621326, 0.60021174, 1.        ]), array([0.00613869, 0.02589768, 0.60017693, 1.        ]), array([0.01687528, 0.03526952, 0.60018528, 1.        ])]}, 'eye_contours': {'left': [array([0.10060034, 0.02411101, 0.60087621, 1.        ]), array([0.10338104, 0.02118733, 0.60058504, 1.        ]), array([0.10959764, 0.01697336, 0.60064453, 1.        ]), array([0.11834491, 0.01402711, 0.6003139 , 1.        ]), array([0.1272112 , 0.0131737 , 0.60060656, 1.        ]), array([0.13581696, 0.01410331, 0.60058796, 1.        ]), array([0.14141362, 0.01599919, 0.60146171, 1.        ]), array([0.14464767, 0.01750562, 0.60177743, 1.        ]), array([0.1472355 , 0.01879958, 0.60265076, 1.        ]), array([0.14343399, 0.02176156, 0.6011067 , 1.        ]), array([0.13970597, 0.02366696, 0.60093093, 1.        ]), array([0.13440202, 0.02553723, 0.60092652, 1.        ]), array([0.12613857, 0.02680302, 0.60063094, 1.        ]), array([0.11764836, 0.02661292, 0.60093784, 1.        ]), array([0.10929755, 0.02547036, 0.6009624 , 1.        ]), array([0.10356238, 0.0249118 , 0.600559  , 1.        ])], 'right': [array([-0.00972716,  0.02773868,  0.60082209,  1.        ]), array([-0.00586399,  0.02988284,  0.60037923,  1.        ]), array([-0.00187114,  0.03120152,  0.60026348,  1.        ]), array([0.00381523, 0.03253519, 0.60020375, 1.        ]), array([0.01253096, 0.03330211, 0.60008448, 1.        ]), array([0.02141947, 0.03275693, 0.60009241, 1.        ]), array([0.02995   , 0.0313497 , 0.60010999, 1.        ]), array([0.03576851, 0.03049438, 0.60048968, 1.        ]), array([0.03886421, 0.02951133, 0.60057813, 1.        ]), array([0.03583778, 0.02649551, 0.60038799, 1.        ]), array([0.02930742, 0.02238305, 0.60015875, 1.        ]), array([0.02000222, 0.02000238, 0.59992152, 1.        ]), array([0.01097158, 0.01990012, 0.59993058, 1.        ]), array([0.00200883, 0.0217658 , 0.60004985, 1.        ]), array([-0.00370368,  0.02426352,  0.60032803,  1.        ]), array([-0.00704146,  0.02612849,  0.60039324,  1.        ])]}, 'eye_sockets': {'left': [array([ 0.16718   , -0.01286141,  0.60205746,  1.        ]), array([ 0.15671743, -0.02367852,  0.60071141,  1.        ]), array([ 0.1404727 , -0.02919903,  0.60002363,  1.        ]), array([ 0.11905779, -0.02822536,  0.59933132,  1.        ]), array([ 0.09376612, -0.02413161,  0.5989204 ,  1.        ]), array([ 0.09145927, -0.00804461,  0.59880662,  1.        ]), array([ 0.11791062, -0.01887351,  0.59951925,  1.        ]), array([ 0.13740483, -0.0199922 ,  0.59979904,  1.        ]), array([ 0.15173314, -0.01579772,  0.60053527,  1.        ]), array([ 0.16165763, -0.00729386,  0.6011796 ,  1.        ])], 'right': [array([-0.03383508,  0.00155393,  0.60089087,  1.        ]), array([-0.02220243, -0.00973373,  0.60001862,  1.        ]), array([-0.00473476, -0.01741771,  0.5993697 ,  1.        ]), array([ 0.0179558 , -0.01921067,  0.59933865,  1.        ]), array([ 0.04410125, -0.01832212,  0.59826797,  1.        ]), array([ 0.04754472, -0.00225441,  0.59895194,  1.        ]), array([ 0.01988119, -0.00985624,  0.59891379,  1.        ]), array([-8.44830032e-04, -8.62403975e-03,  5.99532008e-01,  1.00000000e+00]), array([-0.01612538, -0.00283975,  0.59956843,  1.        ]), array([-0.02701842,  0.00643955,  0.60033435,  1.        ])]}, 'eyelid_points': {'left': [array([0.17958223, 0.04744737, 0.60327363, 1.        ]), array([0.16325645, 0.0487062 , 0.6013903 , 1.        ]), array([0.15073942, 0.05410884, 0.6007759 , 1.        ]), array([0.13092007, 0.05361051, 0.60069948, 1.        ]), array([0.11585595, 0.04961728, 0.60032779, 1.        ]), array([0.10432048, 0.04489191, 0.60001761, 1.        ]), array([0.10225613, 0.06837537, 0.59935141, 1.        ]), array([0.11180327, 0.07593949, 0.59933382, 1.        ]), array([0.1247824 , 0.08412111, 0.59978092, 1.        ]), array([0.14095792, 0.0961755 , 0.60013306, 1.        ])], 'right': [array([-0.04571427,  0.05830218,  0.60178113,  1.        ]), array([-0.02731044,  0.05838879,  0.60051006,  1.        ]), array([-0.0130365 ,  0.0620868 ,  0.60009038,  1.        ]), array([0.00859115, 0.06007944, 0.59989655, 1.        ]), array([0.02456424, 0.05523904, 0.59989154, 1.        ]), array([0.03655855, 0.04953133, 0.59972662, 1.        ]), array([0.04052375, 0.07127696, 0.59945929, 1.        ]), array([0.0305173 , 0.0796435 , 0.59887862, 1.        ]), array([0.01791497, 0.08910266, 0.59934437, 1.        ]), array([0.00159964, 0.10290969, 0.59943157, 1.        ])]}}
2025-08-25 02:43:07,151 - DEBUG - 提取瞳孔中心
2025-08-25 02:43:07,151 - DEBUG - pupil_center: {'left': array([0.124     , 0.01866667, 0.60000002, 1.        ]), 'right': array([0.016     , 0.02533333, 0.60000002, 1.        ])}
2025-08-25 02:43:07,151 - DEBUG - pupil_center类型: <class 'dict'>
2025-08-25 02:43:07,151 - DEBUG - eye_pupil: [0.016      0.02533333 0.60000002 1.        ]
2025-08-25 02:43:07,151 - DEBUG - eye_pupil类型: <class 'numpy.ndarray'>
2025-08-25 02:43:07,151 - DEBUG - eye_pupil形状: (4,)
2025-08-25 02:43:07,151 - DEBUG - 提取虹膜边界
2025-08-25 02:43:07,151 - DEBUG - iris_boundaries: {'left': [array([0.13536287, 0.01850261, 0.60083109, 1.        ]), array([0.12433084, 0.00905777, 0.60115433, 1.        ]), array([0.1144842 , 0.01917874, 0.60073876, 1.        ]), array([0.12567329, 0.02861215, 0.60077572, 1.        ])], 'right': [array([0.02725325, 0.02559492, 0.60022938, 1.        ]), array([0.01666008, 0.01621326, 0.60021174, 1.        ]), array([0.00613869, 0.02589768, 0.60017693, 1.        ]), array([0.01687528, 0.03526952, 0.60018528, 1.        ])]}
2025-08-25 02:43:07,151 - DEBUG - iris_boundaries类型: <class 'dict'>
2025-08-25 02:43:07,151 - DEBUG - eye_iris: [array([0.02725325, 0.02559492, 0.60022938, 1.        ]), array([0.01666008, 0.01621326, 0.60021174, 1.        ]), array([0.00613869, 0.02589768, 0.60017693, 1.        ]), array([0.01687528, 0.03526952, 0.60018528, 1.        ])]
2025-08-25 02:43:07,159 - DEBUG - eye_iris类型: <class 'list'>
2025-08-25 02:43:07,159 - DEBUG - eye_iris长度: 4
2025-08-25 02:43:07,159 - DEBUG - 第一个元素类型: <class 'numpy.ndarray'>
2025-08-25 02:43:07,159 - DEBUG - 第一个元素形状: (4,)
2025-08-25 02:43:07,159 - DEBUG - 提取眼睛轮廓
2025-08-25 02:43:07,159 - DEBUG - eye_contours: {'left': [array([0.10060034, 0.02411101, 0.60087621, 1.        ]), array([0.10338104, 0.02118733, 0.60058504, 1.        ]), array([0.10959764, 0.01697336, 0.60064453, 1.        ]), array([0.11834491, 0.01402711, 0.6003139 , 1.        ]), array([0.1272112 , 0.0131737 , 0.60060656, 1.        ]), array([0.13581696, 0.01410331, 0.60058796, 1.        ]), array([0.14141362, 0.01599919, 0.60146171, 1.        ]), array([0.14464767, 0.01750562, 0.60177743, 1.        ]), array([0.1472355 , 0.01879958, 0.60265076, 1.        ]), array([0.14343399, 0.02176156, 0.6011067 , 1.        ]), array([0.13970597, 0.02366696, 0.60093093, 1.        ]), array([0.13440202, 0.02553723, 0.60092652, 1.        ]), array([0.12613857, 0.02680302, 0.60063094, 1.        ]), array([0.11764836, 0.02661292, 0.60093784, 1.        ]), array([0.10929755, 0.02547036, 0.6009624 , 1.        ]), array([0.10356238, 0.0249118 , 0.600559  , 1.        ])], 'right': [array([-0.00972716,  0.02773868,  0.60082209,  1.        ]), array([-0.00586399,  0.02988284,  0.60037923,  1.        ]), array([-0.00187114,  0.03120152,  0.60026348,  1.        ]), array([0.00381523, 0.03253519, 0.60020375, 1.        ]), array([0.01253096, 0.03330211, 0.60008448, 1.        ]), array([0.02141947, 0.03275693, 0.60009241, 1.        ]), array([0.02995   , 0.0313497 , 0.60010999, 1.        ]), array([0.03576851, 0.03049438, 0.60048968, 1.        ]), array([0.03886421, 0.02951133, 0.60057813, 1.        ]), array([0.03583778, 0.02649551, 0.60038799, 1.        ]), array([0.02930742, 0.02238305, 0.60015875, 1.        ]), array([0.02000222, 0.02000238, 0.59992152, 1.        ]), array([0.01097158, 0.01990012, 0.59993058, 1.        ]), array([0.00200883, 0.0217658 , 0.60004985, 1.        ]), array([-0.00370368,  0.02426352,  0.60032803,  1.        ]), array([-0.00704146,  0.02612849,  0.60039324,  1.        ])]}
2025-08-25 02:43:07,159 - DEBUG - eye_contours类型: <class 'dict'>
2025-08-25 02:43:07,159 - DEBUG - eye_contour: [array([-0.00972716,  0.02773868,  0.60082209,  1.        ]), array([-0.00586399,  0.02988284,  0.60037923,  1.        ]), array([-0.00187114,  0.03120152,  0.60026348,  1.        ]), array([0.00381523, 0.03253519, 0.60020375, 1.        ]), array([0.01253096, 0.03330211, 0.60008448, 1.        ]), array([0.02141947, 0.03275693, 0.60009241, 1.        ]), array([0.02995   , 0.0313497 , 0.60010999, 1.        ]), array([0.03576851, 0.03049438, 0.60048968, 1.        ]), array([0.03886421, 0.02951133, 0.60057813, 1.        ]), array([0.03583778, 0.02649551, 0.60038799, 1.        ]), array([0.02930742, 0.02238305, 0.60015875, 1.        ]), array([0.02000222, 0.02000238, 0.59992152, 1.        ]), array([0.01097158, 0.01990012, 0.59993058, 1.        ]), array([0.00200883, 0.0217658 , 0.60004985, 1.        ]), array([-0.00370368,  0.02426352,  0.60032803,  1.        ]), array([-0.00704146,  0.02612849,  0.60039324,  1.        ])]
2025-08-25 02:43:07,159 - DEBUG - eye_contour类型: <class 'list'>
2025-08-25 02:43:07,159 - DEBUG - eye_contour长度: 16
2025-08-25 02:43:07,159 - DEBUG - 第一个元素类型: <class 'numpy.ndarray'>
2025-08-25 02:43:07,159 - DEBUG - 第一个元素形状: (4,)
2025-08-25 02:43:07,164 - DEBUG - _extract_eye_key_coordinates完成: {'pupil_center': array([0.016     , 0.02533333, 0.60000002, 1.        ]), 'iris_boundaries': [array([0.02725325, 0.02559492, 0.60022938, 1.        ]), array([0.01666008, 0.01621326, 0.60021174, 1.        ]), array([0.00613869, 0.02589768, 0.60017693, 1.        ]), array([0.01687528, 0.03526952, 0.60018528, 1.        ])], 'eye_contours': [array([-0.00972716,  0.02773868,  0.60082209,  1.        ]), array([-0.00586399,  0.02988284,  0.60037923,  1.        ]), array([-0.00187114,  0.03120152,  0.60026348,  1.        ]), array([0.00381523, 0.03253519, 0.60020375, 1.        ]), array([0.01253096, 0.03330211, 0.60008448, 1.        ]), array([0.02141947, 0.03275693, 0.60009241, 1.        ]), array([0.02995   , 0.0313497 , 0.60010999, 1.        ]), array([0.03576851, 0.03049438, 0.60048968, 1.        ]), array([0.03886421, 0.02951133, 0.60057813, 1.        ]), array([0.03583778, 0.02649551, 0.60038799, 1.        ]), array([0.02930742, 0.02238305, 0.60015875, 1.        ]), array([0.02000222, 0.02000238, 0.59992152, 1.        ]), array([0.01097158, 0.01990012, 0.59993058, 1.        ]), array([0.00200883, 0.0217658 , 0.60004985, 1.        ]), array([-0.00370368,  0.02426352,  0.60032803,  1.        ]), array([-0.00704146,  0.02612849,  0.60039324,  1.        ])]}
2025-08-25 02:43:07,164 - DEBUG - right眼关键点坐标: {'pupil_center': array([0.016     , 0.02533333, 0.60000002, 1.        ]), 'iris_boundaries': [array([0.02725325, 0.02559492, 0.60022938, 1.        ]), array([0.01666008, 0.01621326, 0.60021174, 1.        ]), array([0.00613869, 0.02589768, 0.60017693, 1.        ]), array([0.01687528, 0.03526952, 0.60018528, 1.        ])], 'eye_contours': [array([-0.00972716,  0.02773868,  0.60082209,  1.        ]), array([-0.00586399,  0.02988284,  0.60037923,  1.        ]), array([-0.00187114,  0.03120152,  0.60026348,  1.        ]), array([0.00381523, 0.03253519, 0.60020375, 1.        ]), array([0.01253096, 0.03330211, 0.60008448, 1.        ]), array([0.02141947, 0.03275693, 0.60009241, 1.        ]), array([0.02995   , 0.0313497 , 0.60010999, 1.        ]), array([0.03576851, 0.03049438, 0.60048968, 1.        ]), array([0.03886421, 0.02951133, 0.60057813, 1.        ]), array([0.03583778, 0.02649551, 0.60038799, 1.        ]), array([0.02930742, 0.02238305, 0.60015875, 1.        ]), array([0.02000222, 0.02000238, 0.59992152, 1.        ]), array([0.01097158, 0.01990012, 0.59993058, 1.        ]), array([0.00200883, 0.0217658 , 0.60004985, 1.        ]), array([-0.00370368,  0.02426352,  0.60032803,  1.        ]), array([-0.00704146,  0.02612849,  0.60039324,  1.        ])]}
2025-08-25 02:43:07,164 - DEBUG - 调用center_fitter进行拟合
2025-08-25 02:43:07,164 - DEBUG - 🔄 返回已存在的CenterFitter单例实例
2025-08-25 02:43:07,164 - INFO - 🔍 开始眼球拟合: trials_times=2, strategy=None
2025-08-25 02:43:07,164 - DEBUG - 🔍 对象状态检查: _initialized=True, _strategy_functions=True
2025-08-25 02:43:07,164 - DEBUG - 🔍 策略函数映射表: ['constrained_lm', 'constrained_ransac_lm', 'ellipsoid_fallback', 'fail']
2025-08-25 02:43:07,164 - INFO - 📋 数据预处理完成: 总点数=21, 平均visibility=1.000
2025-08-25 02:43:07,164 - INFO -   📍 pupil_center: 1点, 平均visibility=1.000
2025-08-25 02:43:07,164 - INFO -   📍 iris_boundaries: 4点, 平均visibility=1.000
2025-08-25 02:43:07,164 - INFO -   📍 eye_contours: 16点, 平均visibility=1.000
2025-08-25 02:43:07,167 - INFO - 📊 自动选择拟合策略: constrained_lm
2025-08-25 02:43:07,167 - INFO - 🚀 执行拟合策略: constrained_lm
2025-08-25 02:43:07,167 - DEBUG - 📊 采样数据已更新: full, 点数=21
2025-08-25 02:43:07,167 - INFO - 📊 全部采样完成: 采样点数=21
2025-08-25 02:43:07,167 - INFO - 📊 使用全部采样策略: 21个点
2025-08-25 02:43:07,167 - INFO - 🔄 开始约束LM优化...
2025-08-25 02:43:07,167 - DEBUG - 🔍 约束优化开始:
2025-08-25 02:43:07,167 - DEBUG -    目标函数: Φ(θ) = F(θ) + (1/2)λ_depth * h(θ)²
2025-08-25 02:43:07,167 - DEBUG -    数据项: F(θ) = (1/2)∑w_i(||p_i - c|| - (r + δ_i))²
2025-08-25 02:43:07,167 - DEBUG -    约束项: h(θ) = max{0, ε + z_max - c_z}
2025-08-25 02:43:07,167 - INFO - 🔧 开始参数初始化...
2025-08-25 02:43:07,167 - DEBUG - 🔍 参数初始化开始:
2025-08-25 02:43:07,167 - INFO - 🔍 虹膜边界点数量: 4
2025-08-25 02:43:07,167 - DEBUG -    虹膜点数据:
2025-08-25 02:43:07,167 - DEBUG -      形状: (4, 3)
2025-08-25 02:43:07,171 - DEBUG -      前3个点: [[0.02725325 0.02559492 0.60022938]
 [0.01666008 0.01621326 0.60021174]
 [0.00613869 0.02589768 0.60017693]]
2025-08-25 02:43:07,171 - DEBUG -      所有点: [[0.02725325 0.02559492 0.60022938]
 [0.01666008 0.01621326 0.60021174]
 [0.00613869 0.02589768 0.60017693]
 [0.01687528 0.03526952 0.60018528]]
2025-08-25 02:43:07,171 - DEBUG -    随机选择3个点，索引: [0 2 1]
2025-08-25 02:43:07,171 - DEBUG -    选中的点:
2025-08-25 02:43:07,171 - DEBUG -      形状: (3, 3)
2025-08-25 02:43:07,171 - DEBUG -      坐标: [[0.02725325 0.02559492 0.60022938]
 [0.00613869 0.02589768 0.60017693]
 [0.01666008 0.01621326 0.60021174]]
2025-08-25 02:43:07,171 - INFO - 🔧 开始2D圆拟合...
2025-08-25 02:43:07,171 - DEBUG - 🔍 2D圆拟合开始:
2025-08-25 02:43:07,171 - DEBUG -    输入点: [[0.02725325 0.02559492 0.60022938]
 [0.00613869 0.02589768 0.60017693]
 [0.01666008 0.01621326 0.60021174]]
2025-08-25 02:43:07,171 - DEBUG -    点数量: 3
2025-08-25 02:43:07,171 - DEBUG -    坐标提取:
2025-08-25 02:43:07,171 - DEBUG -      X坐标: [0.02725325 0.00613869 0.01666008]
2025-08-25 02:43:07,171 - DEBUG -      Y坐标: [0.02559492 0.02589768 0.01621326]
2025-08-25 02:43:07,171 - DEBUG -    线性方程组:
2025-08-25 02:43:07,171 - DEBUG -      系数矩阵 A:
[[0.05450651 0.05118984 1.        ]
 [0.01227738 0.05179536 1.        ]
 [0.03332017 0.03242652 1.        ]]
2025-08-25 02:43:07,171 - DEBUG -      常数向量 b: [[0.00139784]
 [0.00070837]
 [0.00054043]]
2025-08-25 02:43:07,171 - DEBUG -    线性方程组求解结果:
2025-08-25 02:43:07,171 - DEBUG -      解向量: [[ 0.01671146]
 [ 0.02682664]
 [-0.0008863 ]]
2025-08-25 02:43:07,171 - DEBUG -    圆心和半径计算:
2025-08-25 02:43:07,171 - DEBUG -      圆心X坐标: 0.016711
2025-08-25 02:43:07,171 - DEBUG -      圆心Y坐标: 0.026827
2025-08-25 02:43:07,175 - DEBUG -      圆心: [0.01671146 0.02682664]
2025-08-25 02:43:07,175 - DEBUG -      常数c: -0.000886
2025-08-25 02:43:07,175 - DEBUG -      半径: 0.010614
2025-08-25 02:43:07,175 - DEBUG -    2D圆拟合成功:
2025-08-25 02:43:07,175 - DEBUG -      圆心: [0.01671146 0.02682664]
2025-08-25 02:43:07,175 - DEBUG -      半径: 0.010614
2025-08-25 02:43:07,175 - DEBUG -    2D圆拟合结果:
2025-08-25 02:43:07,175 - DEBUG -      圆心: [0.01671146 0.02682664]
2025-08-25 02:43:07,175 - DEBUG -      半径: 0.010614
2025-08-25 02:43:07,175 - DEBUG -    解剖学约束:
2025-08-25 02:43:07,175 - DEBUG -      虹膜到表面最小距离: 0.000500
2025-08-25 02:43:07,175 - DEBUG -      虹膜到表面最大距离: 0.001200
2025-08-25 02:43:07,175 - DEBUG -    半径计算:
2025-08-25 02:43:07,175 - DEBUG -      默认半径: 0.012000
2025-08-25 02:43:07,175 - DEBUG -      中值距离: 0.000850
2025-08-25 02:43:07,175 - DEBUG -      中值距离+半径 d: 0.012850
2025-08-25 02:43:07,175 - INFO - 🔍 中值距离+半径: 0.013m，2D半径: 0.011m，使用虹膜深度偏移
2025-08-25 02:43:07,175 - DEBUG -    勾股定理计算深度偏移: z = sqrt(0.012850² - 0.010614²) = 0.007244
2025-08-25 02:43:07,175 - DEBUG -    3D球心计算:
2025-08-25 02:43:07,175 - DEBUG -      虹膜点平均Z坐标: 0.600206
2025-08-25 02:43:07,175 - DEBUG -      深度偏移: 0.007244
2025-08-25 02:43:07,175 - DEBUG -      3D球心: [0.01671146 0.02682664 0.60745005]
2025-08-25 02:43:07,175 - DEBUG -    最终初始化参数:
2025-08-25 02:43:07,175 - DEBUG -      球心: [0.01671146 0.02682664 0.60745005]
2025-08-25 02:43:07,175 - DEBUG -      半径: 0.012000
2025-08-25 02:43:07,175 - INFO - 📍 初始中心点: (0.017, 0.027, 0.607)
2025-08-25 02:43:07,175 - INFO - 📏 初始半径: 0.012m
2025-08-25 02:43:07,175 - INFO - ⚙️ 创建约束LM优化器...
2025-08-25 02:43:07,175 - DEBUG - 🔍 约束LM优化器初始化:
2025-08-25 02:43:07,175 - DEBUG -    初始球心: [0.01671146 0.02682664 0.60745005]
2025-08-25 02:43:07,175 - DEBUG -    初始半径: 0.012000
2025-08-25 02:43:07,175 - DEBUG -    参数向量 θ: [[0.01671146]
 [0.02682664]
 [0.60745005]
 [0.012     ]]
2025-08-25 02:43:07,175 - DEBUG -    样本数量: 21
2025-08-25 02:43:07,175 - DEBUG -    LM配置: LMAlgorithmConfig(lambda_lm=0.01, lambda_factor=10.0, min_lambda=1e-08, max_lambda=100000000.0, max_iterations=30, param_tolerance=5e-06, residual_tolerance=5e-06, max_step=0.01, geometric_weight_factor=10, residual_error_tolerance=0.0005)
2025-08-25 02:43:07,175 - DEBUG -    约束配置: ConstraintConfig(lambda_depth=1000.0, lambda_radius=20.0, radius_prior=0.012, depth_offset_epsilon=0.0002, softplus_tau=0.001, constraint_penalty_factor=1000.0)
2025-08-25 02:43:07,175 - INFO - 🔄 约束LM优化开始: 最大迭代次数=30
2025-08-25 02:43:07,175 - DEBUG - 🔍 优化开始状态:
2025-08-25 02:43:07,175 - DEBUG -    当前参数: [[0.01671146]
 [0.02682664]
 [0.60745005]
 [0.012     ]]
2025-08-25 02:43:07,175 - DEBUG -    当前球心: [0.01671146 0.02682664 0.60745005]
2025-08-25 02:43:07,175 - DEBUG -    当前半径: 0.012000
2025-08-25 02:43:07,175 - DEBUG -    最大迭代次数: 30
2025-08-25 02:43:07,175 - DEBUG - 🔍 迭代 1/30:
2025-08-25 02:43:07,175 - DEBUG - 🔍 计算点到球心距离: 形状=(21,)
2025-08-25 02:43:07,175 - DEBUG - 🔍 生理偏差向量计算:
2025-08-25 02:43:07,175 - DEBUG -    点类型列表: ['pupil_center', 'iris_boundaries', 'iris_boundaries', 'iris_boundaries', 'iris_boundaries', 'eye_contours', 'eye_contours', 'eye_contours', 'eye_contours', 'eye_contours', 'eye_contours', 'eye_contours', 'eye_contours', 'eye_contours', 'eye_contours', 'eye_contours', 'eye_contours', 'eye_contours', 'eye_contours', 'eye_contours', 'eye_contours']
2025-08-25 02:43:07,175 - DEBUG -    偏差向量: [0.0002  0.00085 0.00085 0.00085 0.00085 0.0015  0.0015  0.0015  0.0015
 0.0015  0.0015  0.0015  0.0015  0.0015  0.0015  0.0015  0.0015  0.0015
 0.0015  0.0015  0.0015 ]
2025-08-25 02:43:07,175 - DEBUG -    向量形状: (21,)
2025-08-25 02:43:07,175 - DEBUG -    偏差统计: 均值=0.001314, 标准差=0.000356
2025-08-25 02:43:07,175 - DEBUG - 获取生理偏差: 点类型=['pupil_center', 'iris_boundaries', 'iris_boundaries', 'iris_boundaries', 'iris_boundaries', 'eye_contours', 'eye_contours', 'eye_contours', 'eye_contours', 'eye_contours', 'eye_contours', 'eye_contours', 'eye_contours', 'eye_contours', 'eye_contours', 'eye_contours', 'eye_contours', 'eye_contours', 'eye_contours', 'eye_contours', 'eye_contours'], 偏差值=[0.0002  0.00085 0.00085 0.00085 0.00085 0.0015  0.0015  0.0015  0.0015
 0.0015  0.0015  0.0015  0.0015  0.0015  0.0015  0.0015  0.0015  0.0015
 0.0015  0.0015  0.0015 ]
2025-08-25 02:43:07,175 - INFO - -----------------------------------------------------------------------------------
2025-08-25 02:43:07,175 - DEBUG - 🔍 拟合残差计算详情:
2025-08-25 02:43:07,175 - DEBUG -    球心坐标: [0.01671146 0.02682664 0.60745005]
2025-08-25 02:43:07,184 - DEBUG -    球体半径: 0.012000
2025-08-25 02:43:07,184 - DEBUG -    采样点数: 21
2025-08-25 02:43:07,184 - DEBUG -    点类型分布: {'eye_contours': 16, 'iris_boundaries': 4, 'pupil_center': 1}
2025-08-25 02:43:07,184 - DEBUG -    理论距离向量: [0.0122  0.01285 0.01285 0.01285 0.01285 0.0135  0.0135  0.0135  0.0135
 0.0135  0.0135  0.0135  0.0135  0.0135  0.0135  0.0135  0.0135  0.0135
 0.0135  0.0135  0.0135 ]
2025-08-25 02:43:07,184 - DEBUG -    实际距离向量: [0.00763145 0.01283684 0.01284678 0.01286642 0.01113939 0.02727201
 0.02385347 0.02039852 0.01585589 0.01066114 0.01055786 0.01579852
 0.02061723 0.02334899 0.02039113 0.01521732 0.01068074 0.01172456
 0.01722041 0.02177317 0.02478885]
2025-08-25 02:43:07,184 - DEBUG -    生理偏差向量: [0.0002  0.00085 0.00085 0.00085 0.00085 0.0015  0.0015  0.0015  0.0015
 0.0015  0.0015  0.0015  0.0015  0.0015  0.0015  0.0015  0.0015  0.0015
 0.0015  0.0015  0.0015 ]
2025-08-25 02:43:07,184 - DEBUG -    残差向量 f(θ): 
[[-4.56854887e-03]
 [-1.31572433e-05]
 [-3.22486525e-06]
 [ 1.64199139e-05]
 [-1.71060841e-03]
 [ 1.37720054e-02]
 [ 1.03534733e-02]
 [ 6.89851926e-03]
 [ 2.35588913e-03]
 [-2.83886003e-03]
 [-2.94213804e-03]
 [ 2.29852207e-03]
 [ 7.11722631e-03]
 [ 9.84898687e-03]
 [ 6.89112925e-03]
 [ 1.71731940e-03]
 [-2.81925557e-03]
 [-1.77543684e-03]
 [ 3.72040520e-03]
 [ 8.27316804e-03]
 [ 1.12888539e-02]]
2025-08-25 02:43:07,184 - DEBUG -    平均残差范数: 0.001359
2025-08-25 02:43:07,184 - DEBUG -    残差范数=0.028543
2025-08-25 02:43:07,184 - INFO - -----------------------------------------------------------------------------------
2025-08-25 02:43:07,184 - DEBUG - 🔍 深度约束计算详情 (softplus):
2025-08-25 02:43:07,184 - DEBUG -    采样点Z坐标范围: [0.599922, 0.600822]
2025-08-25 02:43:07,184 - DEBUG -    球心Z坐标: 0.607450
2025-08-25 02:43:07,184 - DEBUG -    深度偏移ε: 0.000200
2025-08-25 02:43:07,184 - DEBUG -    softplus参数τ: 0.001000
2025-08-25 02:43:07,184 - DEBUG -    原始违反值: -0.006428
2025-08-25 02:43:07,184 - DEBUG -    softplus输入 u: -6.427959
2025-08-25 02:43:07,184 - DEBUG -    约束惩罚 h(θ): 0.000002
2025-08-25 02:43:07,184 - DEBUG -    🟢 深度约束满足: 球心深度足够
2025-08-25 02:43:07,184 - INFO - -----------------------------------------------------------------------------------
2025-08-25 02:43:07,184 - DEBUG - 🔍 半径惩罚计算详情:
2025-08-25 02:43:07,184 - DEBUG -    当前半径: 0.012000
2025-08-25 02:43:07,184 - DEBUG -    半径先验值: 0.012000
2025-08-25 02:43:07,184 - DEBUG -    半径残差 r(θ): 0.000000
2025-08-25 02:43:07,189 - DEBUG -    数据残差 f(θ): [[-4.56854887e-03]
 [-1.31572433e-05]
 [-3.22486525e-06]
 [ 1.64199139e-05]
 [-1.71060841e-03]
 [ 1.37720054e-02]
 [ 1.03534733e-02]
 [ 6.89851926e-03]
 [ 2.35588913e-03]
 [-2.83886003e-03]
 [-2.94213804e-03]
 [ 2.29852207e-03]
 [ 7.11722631e-03]
 [ 9.84898687e-03]
 [ 6.89112925e-03]
 [ 1.71731940e-03]
 [-2.81925557e-03]
 [-1.77543684e-03]
 [ 3.72040520e-03]
 [ 8.27316804e-03]
 [ 1.12888539e-02]]
2025-08-25 02:43:07,189 - DEBUG -    约束残差 g(θ): [[1.61444061e-06]]
2025-08-25 02:43:07,189 - DEBUG -    半径残差 r(θ): [[0.]]
2025-08-25 02:43:07,189 - DEBUG - 🔍 状态变化计算: 参数变化=0.124158, 残差变化=0.124261
2025-08-25 02:43:07,189 - INFO - -----------------------------------------------------------------------------------
2025-08-25 02:43:07,189 - DEBUG - 🔍 权重管理器状态更新详情:
2025-08-25 02:43:07,189 - DEBUG -    当前迭代: 0
2025-08-25 02:43:07,189 - DEBUG -    参数变化: 0.124158 (阈值: 0.000005)
2025-08-25 02:43:07,189 - DEBUG -    残差变化: 0.124261 (阈值: 0.000005)
2025-08-25 02:43:07,189 - DEBUG -    几何权重因子: 10
2025-08-25 02:43:07,191 - DEBUG - ⏸️ 保持图像置信度权重: 参数变化=1.24e-01, 残差变化=1.24e-01
2025-08-25 02:43:07,191 - DEBUG - 状态已保存: 参数=[0.01671146 0.02682664 0.60745005 0.012     ], 残差范数=0.028543
2025-08-25 02:43:07,191 - DEBUG - 🔍 获取visibility信息: 形状=(21,), 范围=[1.000, 1.000]
2025-08-25 02:43:07,191 - DEBUG - 🔧 设置图像置信度权重: 21个点
2025-08-25 02:43:07,191 - DEBUG - 🔍 开始计算权重矩阵:
2025-08-25 02:43:07,191 - DEBUG -    点类型: ['pupil_center', 'iris_boundaries', 'iris_boundaries', 'iris_boundaries', 'iris_boundaries', 'eye_contours', 'eye_contours', 'eye_contours', 'eye_contours', 'eye_contours', 'eye_contours', 'eye_contours', 'eye_contours', 'eye_contours', 'eye_contours', 'eye_contours', 'eye_contours', 'eye_contours', 'eye_contours', 'eye_contours', 'eye_contours']
2025-08-25 02:43:07,192 - DEBUG -    残差向量: 形状=(21,), 范数=0.028543
2025-08-25 02:43:07,192 - DEBUG -    Visibility: 形状=(21,), 均值=1.000
2025-08-25 02:43:07,192 - DEBUG - 🔍 权重矩阵计算成功: 形状=(21, 21)
2025-08-25 02:43:07,192 - DEBUG - 🔍 几何权重统计:
2025-08-25 02:43:07,192 - DEBUG -    权重向量: [[1.]
 [1.]
 [1.]
 [1.]
 [1.]
 [1.]
 [1.]
 [1.]
 [1.]
 [1.]
 [1.]
 [1.]
 [1.]
 [1.]
 [1.]
 [1.]
 [1.]
 [1.]
 [1.]
 [1.]
 [1.]]
2025-08-25 02:43:07,192 - DEBUG -    权重范围: [1.000000, 1.000000]
2025-08-25 02:43:07,192 - DEBUG -    权重均值: 1.000000
2025-08-25 02:43:07,192 - DEBUG -    权重标准差: 0.000000
2025-08-25 02:43:07,192 - DEBUG -    高权重点(>0.8): 21/21
2025-08-25 02:43:07,192 - DEBUG -    低权重点(<0.2): 0/21
2025-08-25 02:43:07,192 - INFO - -----------------------------------------------------------------------------------
2025-08-25 02:43:07,192 - DEBUG - 🔍 开始求解LM更新方程:
2025-08-25 02:43:07,192 - DEBUG -    数据残差: 形状=(21,), 范数=0.028543
2025-08-25 02:43:07,192 - DEBUG -    约束残差: 形状=(1,), 范数=0.000002
2025-08-25 02:43:07,192 - DEBUG - 🔍 计算数据残差雅可比矩阵 J_f: 形状=(21, 4)
2025-08-25 02:43:07,192 - DEBUG - 🔍 J_f矩阵计算完成: 条件数=7.00e+00
2025-08-25 02:43:07,192 - DEBUG - 🔍 深度约束雅可比计算: u=-6.427959, σ=0.001613, J_h=[[ 0.          0.         -0.00161314  0.        ]]
2025-08-25 02:43:07,192 - DEBUG - 🔍 半径先验雅可比: J_r=[[0. 0. 0. 1.]]
2025-08-25 02:43:07,192 - DEBUG - 🔍 使用几何权重矩阵: 形状=(21, 21)
2025-08-25 02:43:07,192 - DEBUG - 🔍 Hessian矩阵计算:
2025-08-25 02:43:07,192 - DEBUG -    H_data = J_f^T W J_f: 形状=(4, 4), 条件数=4.90e+01
2025-08-25 02:43:07,192 - DEBUG -    H_h = λ_depth J_h^T J_h: 形状=(4, 4), λ_depth=1000.0
2025-08-25 02:43:07,192 - DEBUG -    H_r = λ_radius J_r^T J_r: 形状=(4, 4), λ_radius=20.0
2025-08-25 02:43:07,192 - DEBUG -    H_total: 形状=(4, 4), 条件数=1.48e+01
2025-08-25 02:43:07,192 - DEBUG - 🔍 梯度计算:
2025-08-25 02:43:07,192 - DEBUG -    g_data: 形状=(4,), 范数=0.074581
2025-08-25 02:43:07,192 - DEBUG -    g_h: 形状=(4,), 范数=0.000003
2025-08-25 02:43:07,192 - DEBUG -    g_r: 形状=(4,), 范数=0.000000
2025-08-25 02:43:07,192 - DEBUG -    g_total: 形状=(4,), 范数=0.074581
2025-08-25 02:43:07,192 - DEBUG - 🔍 初始化LM阻尼因子: λ_LM = 0.01
2025-08-25 02:43:07,192 - DEBUG - 🔍 LM阻尼矩阵: H_lm = H_total + 0.01 * I
2025-08-25 02:43:07,192 - DEBUG -    H_lm条件数: 1.48e+01
2025-08-25 02:43:07,192 - DEBUG - 🔍 线性方程组求解成功:
2025-08-25 02:43:07,192 - DEBUG -    参数更新向量 Δθ: [[ 0.0020178 ]
 [-0.00100554]
 [-0.00089234]
 [ 0.00177445]]
2025-08-25 02:43:07,192 - DEBUG -    更新向量范数: 0.003005
2025-08-25 02:43:07,192 - DEBUG -    各分量更新: Δc_x=0.002018, Δc_y=-0.001006, Δc_z=-0.000892, Δr=0.001774
2025-08-25 02:43:07,192 - DEBUG -    参数更新:
2025-08-25 02:43:07,192 - DEBUG -      旧参数: [[0.01671146]
 [0.02682664]
 [0.60745005]
 [0.012     ]]
2025-08-25 02:43:07,192 - DEBUG -      更新向量: [[ 0.0020178 ]
 [-0.00100554]
 [-0.00089234]
 [ 0.00177445]]
2025-08-25 02:43:07,192 - DEBUG -      新参数: [[0.01872927]
 [0.02582111]
 [0.60655771]
 [0.01377445]]
2025-08-25 02:43:07,192 - INFO - -----------------------------------------------------------------------------------
2025-08-25 02:43:07,192 - INFO - 🔍 迭代第0次，球心向左2.017805mm，向上1.005537mm，向前0.892337mm，半径变大1.774452mm
2025-08-25 02:43:07,192 - INFO - 📊 变化前: 中心(0.017, 0.027, 0.607), 半径12.00mm
2025-08-25 02:43:07,192 - INFO - 📊 变化后: 中心(0.019, 0.026, 0.607), 半径13.77mm
2025-08-25 02:43:07,192 - INFO - 📈 变化量: 中心移动2.25mm, 半径变化1.77mm
2025-08-25 02:43:07,200 - INFO - 📍 眼球中心: [0.01671146 0.02682664 0.60745005]
2025-08-25 02:43:07,200 - INFO - 📏 眼球半径: 12.00mm
2025-08-25 02:43:07,200 - INFO - 👁️ 瞳孔中心: [0.016      0.02533333 0.60000002]
2025-08-25 02:43:07,200 - INFO - 📐 眼球中心在瞳孔中心的右0.71mm，下1.49mm，后7.45mm
2025-08-25 02:43:07,200 - INFO - 📏 距离: 7.63mm
2025-08-25 02:43:07,200 - INFO - -----------------------------------------------------------------------------------
2025-08-25 02:43:07,200 - INFO - -----------------------------------------------------------------------------------
2025-08-25 02:43:07,200 - DEBUG - 🔍 参数有效性检查:
2025-08-25 02:43:07,200 - DEBUG -    参数向量: [[0.01872927]
 [0.02582111]
 [0.60655771]
 [0.01377445]]
2025-08-25 02:43:07,200 - DEBUG -    球心: [0.01872927 0.02582111 0.60655771]
2025-08-25 02:43:07,200 - DEBUG -    半径: 0.013774
2025-08-25 02:43:07,200 - DEBUG - 🔍 初始化函数值 Φ(θ): 0.000407
2025-08-25 02:43:07,200 - DEBUG - 🔍 参数有效: True
2025-08-25 02:43:07,200 - DEBUG -    参数更新成功:
2025-08-25 02:43:07,200 - DEBUG -      新球心: [0.01872927 0.02582111 0.60655771]
2025-08-25 02:43:07,200 - DEBUG -      新半径: 0.013774
2025-08-25 02:43:07,200 - INFO - -----------------------------------------------------------------------------------
2025-08-25 02:43:07,200 - DEBUG - 🔍 LM收敛性检查:
2025-08-25 02:43:07,200 - DEBUG -    当前迭代次数: 0
2025-08-25 02:43:07,200 - DEBUG -    最大迭代次数: 30
2025-08-25 02:43:07,200 - DEBUG -    参数变化: 0.003005
2025-08-25 02:43:07,200 - DEBUG -    参数容忍度: 5e-06
2025-08-25 02:43:07,200 - DEBUG -    残差变化: 0.000000
2025-08-25 02:43:07,200 - DEBUG -    残差容忍度: 5e-06
2025-08-25 02:43:07,200 - DEBUG - 🔍 迭代 2/30:
2025-08-25 02:43:07,200 - DEBUG - 🔍 计算点到球心距离: 形状=(21,)
2025-08-25 02:43:07,200 - DEBUG - 🔍 生理偏差向量计算:
2025-08-25 02:43:07,200 - DEBUG -    点类型列表: ['pupil_center', 'iris_boundaries', 'iris_boundaries', 'iris_boundaries', 'iris_boundaries', 'eye_contours', 'eye_contours', 'eye_contours', 'eye_contours', 'eye_contours', 'eye_contours', 'eye_contours', 'eye_contours', 'eye_contours', 'eye_contours', 'eye_contours', 'eye_contours', 'eye_contours', 'eye_contours', 'eye_contours', 'eye_contours']
2025-08-25 02:43:07,200 - DEBUG -    偏差向量: [0.0002  0.00085 0.00085 0.00085 0.00085 0.0015  0.0015  0.0015  0.0015
 0.0015  0.0015  0.0015  0.0015  0.0015  0.0015  0.0015  0.0015  0.0015
 0.0015  0.0015  0.0015 ]
2025-08-25 02:43:07,200 - DEBUG -    向量形状: (21,)
2025-08-25 02:43:07,200 - DEBUG -    偏差统计: 均值=0.001314, 标准差=0.000356
2025-08-25 02:43:07,200 - DEBUG - 获取生理偏差: 点类型=['pupil_center', 'iris_boundaries', 'iris_boundaries', 'iris_boundaries', 'iris_boundaries', 'eye_contours', 'eye_contours', 'eye_contours', 'eye_contours', 'eye_contours', 'eye_contours', 'eye_contours', 'eye_contours', 'eye_contours', 'eye_contours', 'eye_contours', 'eye_contours', 'eye_contours', 'eye_contours', 'eye_contours', 'eye_contours'], 偏差值=[0.0002  0.00085 0.00085 0.00085 0.00085 0.0015  0.0015  0.0015  0.0015
 0.0015  0.0015  0.0015  0.0015  0.0015  0.0015  0.0015  0.0015  0.0015
 0.0015  0.0015  0.0015 ]
2025-08-25 02:43:07,200 - INFO - -----------------------------------------------------------------------------------
2025-08-25 02:43:07,200 - DEBUG - 🔍 拟合残差计算详情:
2025-08-25 02:43:07,200 - DEBUG -    球心坐标: [0.01872927 0.02582111 0.60655771]
2025-08-25 02:43:07,200 - DEBUG -    球体半径: 0.013774
2025-08-25 02:43:07,200 - DEBUG -    采样点数: 21
2025-08-25 02:43:07,200 - DEBUG -    点类型分布: {'eye_contours': 16, 'iris_boundaries': 4, 'pupil_center': 1}
2025-08-25 02:43:07,209 - DEBUG -    理论距离向量: [0.01397445 0.01462445 0.01462445 0.01462445 0.01462445 0.01527445
 0.01527445 0.01527445 0.01527445 0.01527445 0.01527445 0.01527445
 0.01527445 0.01527445 0.01527445 0.01527445 0.01527445 0.01527445
 0.01527445 0.01527445 0.01527445]
2025-08-25 02:43:07,209 - DEBUG -    实际距离向量: [0.0071197  0.01061872 0.01169887 0.01411534 0.01154634 0.02909197
 0.02568073 0.02220232 0.01754652 0.01167421 0.00985611 0.01407278
 0.01868144 0.02132579 0.01819949 0.01283216 0.00891723 0.01179655
 0.01839485 0.02333393 0.02649954]
2025-08-25 02:43:07,209 - DEBUG -    生理偏差向量: [0.0002  0.00085 0.00085 0.00085 0.00085 0.0015  0.0015  0.0015  0.0015
 0.0015  0.0015  0.0015  0.0015  0.0015  0.0015  0.0015  0.0015  0.0015
 0.0015  0.0015  0.0015 ]
2025-08-25 02:43:07,209 - DEBUG -    残差向量 f(θ): 
[[-0.00685475]
 [-0.00400573]
 [-0.00292558]
 [-0.00050911]
 [-0.00307812]
 [ 0.01381752]
 [ 0.01040628]
 [ 0.00692787]
 [ 0.00227207]
 [-0.00360024]
 [-0.00541834]
 [-0.00120167]
 [ 0.00340699]
 [ 0.00605134]
 [ 0.00292504]
 [-0.00244229]
 [-0.00635722]
 [-0.0034779 ]
 [ 0.0031204 ]
 [ 0.00805948]
 [ 0.01122509]]
2025-08-25 02:43:07,209 - DEBUG -    平均残差范数: 0.001341
2025-08-25 02:43:07,209 - DEBUG -    残差范数=0.028168
2025-08-25 02:43:07,209 - INFO - -----------------------------------------------------------------------------------
2025-08-25 02:43:07,209 - DEBUG - 🔍 深度约束计算详情 (softplus):
2025-08-25 02:43:07,209 - DEBUG -    采样点Z坐标范围: [0.599922, 0.600822]
2025-08-25 02:43:07,209 - DEBUG -    球心Z坐标: 0.606558
2025-08-25 02:43:07,209 - DEBUG -    深度偏移ε: 0.000200
2025-08-25 02:43:07,209 - DEBUG -    softplus参数τ: 0.001000
2025-08-25 02:43:07,209 - DEBUG -    原始违反值: -0.005536
2025-08-25 02:43:07,209 - DEBUG -    softplus输入 u: -5.535623
2025-08-25 02:43:07,209 - DEBUG -    约束惩罚 h(θ): 0.000004
2025-08-25 02:43:07,209 - DEBUG -    🟢 深度约束满足: 球心深度足够
2025-08-25 02:43:07,209 - INFO - -----------------------------------------------------------------------------------
2025-08-25 02:43:07,209 - DEBUG - 🔍 半径惩罚计算详情:
2025-08-25 02:43:07,209 - DEBUG -    当前半径: 0.013774
2025-08-25 02:43:07,209 - DEBUG -    半径先验值: 0.012000
2025-08-25 02:43:07,209 - DEBUG -    半径残差 r(θ): 0.001774
2025-08-25 02:43:07,209 - DEBUG -    数据残差 f(θ): [[-0.00685475]
 [-0.00400573]
 [-0.00292558]
 [-0.00050911]
 [-0.00307812]
 [ 0.01381752]
 [ 0.01040628]
 [ 0.00692787]
 [ 0.00227207]
 [-0.00360024]
 [-0.00541834]
 [-0.00120167]
 [ 0.00340699]
 [ 0.00605134]
 [ 0.00292504]
 [-0.00244229]
 [-0.00635722]
 [-0.0034779 ]
 [ 0.0031204 ]
 [ 0.00805948]
 [ 0.01122509]]
2025-08-25 02:43:07,209 - DEBUG -    约束残差 g(θ): [[3.9359956e-06]]
2025-08-25 02:43:07,209 - DEBUG -    半径残差 r(θ): [[0.00177445]]
2025-08-25 02:43:07,209 - DEBUG - 🔍 状态变化计算: 参数变化=0.003005, 残差变化=0.000376
2025-08-25 02:43:07,209 - INFO - -----------------------------------------------------------------------------------
2025-08-25 02:43:07,209 - DEBUG - 🔍 权重管理器状态更新详情:
2025-08-25 02:43:07,209 - DEBUG -    当前迭代: 1
2025-08-25 02:43:07,209 - DEBUG -    参数变化: 0.003005 (阈值: 0.000005)
2025-08-25 02:43:07,209 - DEBUG -    残差变化: 0.000376 (阈值: 0.000005)
2025-08-25 02:43:07,209 - DEBUG -    几何权重因子: 10
2025-08-25 02:43:07,209 - DEBUG - ⏸️ 保持图像置信度权重: 参数变化=3.00e-03, 残差变化=3.76e-04
2025-08-25 02:43:07,209 - DEBUG - 状态已保存: 参数=[0.01872927 0.02582111 0.60655771 0.01377445], 残差范数=0.028168
2025-08-25 02:43:07,209 - DEBUG - 🔍 获取visibility信息: 形状=(21,), 范围=[1.000, 1.000]
2025-08-25 02:43:07,209 - DEBUG - 🔧 设置图像置信度权重: 21个点
2025-08-25 02:43:07,209 - DEBUG - 🔍 开始计算权重矩阵:
2025-08-25 02:43:07,209 - DEBUG -    点类型: ['pupil_center', 'iris_boundaries', 'iris_boundaries', 'iris_boundaries', 'iris_boundaries', 'eye_contours', 'eye_contours', 'eye_contours', 'eye_contours', 'eye_contours', 'eye_contours', 'eye_contours', 'eye_contours', 'eye_contours', 'eye_contours', 'eye_contours', 'eye_contours', 'eye_contours', 'eye_contours', 'eye_contours', 'eye_contours']
2025-08-25 02:43:07,209 - DEBUG -    残差向量: 形状=(21,), 范数=0.028168
2025-08-25 02:43:07,209 - DEBUG -    Visibility: 形状=(21,), 均值=1.000
2025-08-25 02:43:07,209 - DEBUG - 🔍 权重矩阵计算成功: 形状=(21, 21)
2025-08-25 02:43:07,209 - DEBUG - 🔍 几何权重统计:
2025-08-25 02:43:07,209 - DEBUG -    权重向量: [[1.]
 [1.]
 [1.]
 [1.]
 [1.]
 [1.]
 [1.]
 [1.]
 [1.]
 [1.]
 [1.]
 [1.]
 [1.]
 [1.]
 [1.]
 [1.]
 [1.]
 [1.]
 [1.]
 [1.]
 [1.]]
2025-08-25 02:43:07,209 - DEBUG -    权重范围: [1.000000, 1.000000]
2025-08-25 02:43:07,209 - DEBUG -    权重均值: 1.000000
2025-08-25 02:43:07,209 - DEBUG -    权重标准差: 0.000000
2025-08-25 02:43:07,217 - DEBUG -    高权重点(>0.8): 21/21
2025-08-25 02:43:07,217 - DEBUG -    低权重点(<0.2): 0/21
2025-08-25 02:43:07,217 - INFO - -----------------------------------------------------------------------------------
2025-08-25 02:43:07,218 - DEBUG - 🔍 开始求解LM更新方程:
2025-08-25 02:43:07,218 - DEBUG -    数据残差: 形状=(21,), 范数=0.028168
2025-08-25 02:43:07,218 - DEBUG -    约束残差: 形状=(1,), 范数=0.000004
2025-08-25 02:43:07,218 - DEBUG - 🔍 计算数据残差雅可比矩阵 J_f: 形状=(21, 4)
2025-08-25 02:43:07,218 - DEBUG - 🔍 J_f矩阵计算完成: 条件数=7.08e+00
2025-08-25 02:43:07,218 - DEBUG - 🔍 深度约束雅可比计算: u=-5.535623, σ=0.003928, J_h=[[ 0.          0.         -0.00392826  0.        ]]
2025-08-25 02:43:07,219 - DEBUG - 🔍 半径先验雅可比: J_r=[[0. 0. 0. 1.]]
2025-08-25 02:43:07,219 - DEBUG - 🔍 使用几何权重矩阵: 形状=(21, 21)
2025-08-25 02:43:07,219 - DEBUG - 🔍 Hessian矩阵计算:
2025-08-25 02:43:07,219 - DEBUG -    H_data = J_f^T W J_f: 形状=(4, 4), 条件数=5.02e+01
2025-08-25 02:43:07,219 - DEBUG -    H_h = λ_depth J_h^T J_h: 形状=(4, 4), λ_depth=1000.0
2025-08-25 02:43:07,219 - DEBUG -    H_r = λ_radius J_r^T J_r: 形状=(4, 4), λ_radius=20.0
2025-08-25 02:43:07,219 - DEBUG -    H_total: 形状=(4, 4), 条件数=1.66e+01
2025-08-25 02:43:07,221 - DEBUG - 🔍 梯度计算:
2025-08-25 02:43:07,221 - DEBUG -    g_data: 形状=(4,), 范数=0.051824
2025-08-25 02:43:07,221 - DEBUG -    g_h: 形状=(4,), 范数=0.000015
2025-08-25 02:43:07,221 - DEBUG -    g_r: 形状=(4,), 范数=0.035489
2025-08-25 02:43:07,221 - DEBUG -    g_total: 形状=(4,), 范数=0.043969
2025-08-25 02:43:07,221 - DEBUG - 🔍 LM阻尼矩阵: H_lm = H_total + 0.01 * I
2025-08-25 02:43:07,221 - DEBUG -    H_lm条件数: 1.66e+01
2025-08-25 02:43:07,221 - DEBUG - 🔍 线性方程组求解成功:
2025-08-25 02:43:07,221 - DEBUG -    参数更新向量 Δθ: [[ 3.56797562e-03]
 [-2.15397044e-03]
 [-2.66631053e-03]
 [ 4.79817861e-05]]
2025-08-25 02:43:07,221 - DEBUG -    更新向量范数: 0.004948
2025-08-25 02:43:07,221 - DEBUG -    各分量更新: Δc_x=0.003568, Δc_y=-0.002154, Δc_z=-0.002666, Δr=0.000048
2025-08-25 02:43:07,221 - DEBUG -    参数更新:
2025-08-25 02:43:07,221 - DEBUG -      旧参数: [[0.01872927]
 [0.02582111]
 [0.60655771]
 [0.01377445]]
2025-08-25 02:43:07,221 - DEBUG -      更新向量: [[ 3.56797562e-03]
 [-2.15397044e-03]
 [-2.66631053e-03]
 [ 4.79817861e-05]]
2025-08-25 02:43:07,225 - DEBUG -      新参数: [[0.02229724]
 [0.02366714]
 [0.6038914 ]
 [0.01382243]]
2025-08-25 02:43:07,225 - INFO - -----------------------------------------------------------------------------------
2025-08-25 02:43:07,225 - INFO - 🔍 迭代第1次，球心向左3.567976mm，向上2.153970mm，向前2.666311mm，半径变大0.047982mm
2025-08-25 02:43:07,225 - INFO - 📊 变化前: 中心(0.019, 0.026, 0.607), 半径13.77mm
2025-08-25 02:43:07,225 - INFO - 📊 变化后: 中心(0.022, 0.024, 0.604), 半径13.82mm
2025-08-25 02:43:07,225 - INFO - 📈 变化量: 中心移动4.17mm, 半径变化0.05mm
2025-08-25 02:43:07,225 - INFO - 📍 眼球中心: [0.01872927 0.02582111 0.60655771]
2025-08-25 02:43:07,225 - INFO - 📏 眼球半径: 13.77mm
2025-08-25 02:43:07,225 - INFO - 👁️ 瞳孔中心: [0.016      0.02533333 0.60000002]
2025-08-25 02:43:07,225 - INFO - 📐 眼球中心在瞳孔中心的右2.73mm，下0.49mm，后6.56mm
2025-08-25 02:43:07,225 - INFO - 📏 距离: 7.12mm
2025-08-25 02:43:07,225 - INFO - -----------------------------------------------------------------------------------
2025-08-25 02:43:07,225 - INFO - -----------------------------------------------------------------------------------
2025-08-25 02:43:07,225 - DEBUG - 🔍 参数有效性检查:
2025-08-25 02:43:07,225 - DEBUG -    参数向量: [[0.02229724]
 [0.02366714]
 [0.6038914 ]
 [0.01382243]]
2025-08-25 02:43:07,225 - DEBUG -    球心: [0.02229724 0.02366714 0.6038914 ]
2025-08-25 02:43:07,225 - DEBUG -    半径: 0.013822
2025-08-25 02:43:07,225 - DEBUG - 🔍 函数值计算详情:
2025-08-25 02:43:07,225 - DEBUG -    数据项 F(θ): 0.000397
2025-08-25 02:43:07,225 - DEBUG -    深度约束项: 0.000000
2025-08-25 02:43:07,225 - DEBUG -    半径先验项: 0.000031
2025-08-25 02:43:07,225 - DEBUG -    总函数值 Φ(θ): 0.000428
2025-08-25 02:43:07,225 - DEBUG -    函数值改善: -0.000021
2025-08-25 02:43:07,225 - DEBUG - 🔍 参数有效: False
2025-08-25 02:43:07,225 - DEBUG -    参数无效，阻尼因子调整: λ_LM = 1.00e-01
2025-08-25 02:43:07,225 - DEBUG - 🔍 迭代 3/30:
2025-08-25 02:43:07,225 - DEBUG - 🔍 计算点到球心距离: 形状=(21,)
2025-08-25 02:43:07,225 - DEBUG - 🔍 生理偏差向量计算:
2025-08-25 02:43:07,225 - DEBUG -    点类型列表: ['pupil_center', 'iris_boundaries', 'iris_boundaries', 'iris_boundaries', 'iris_boundaries', 'eye_contours', 'eye_contours', 'eye_contours', 'eye_contours', 'eye_contours', 'eye_contours', 'eye_contours', 'eye_contours', 'eye_contours', 'eye_contours', 'eye_contours', 'eye_contours', 'eye_contours', 'eye_contours', 'eye_contours', 'eye_contours']
2025-08-25 02:43:07,225 - DEBUG -    偏差向量: [0.0002  0.00085 0.00085 0.00085 0.00085 0.0015  0.0015  0.0015  0.0015
 0.0015  0.0015  0.0015  0.0015  0.0015  0.0015  0.0015  0.0015  0.0015
 0.0015  0.0015  0.0015 ]
2025-08-25 02:43:07,225 - DEBUG -    向量形状: (21,)
2025-08-25 02:43:07,225 - DEBUG -    偏差统计: 均值=0.001314, 标准差=0.000356
2025-08-25 02:43:07,225 - DEBUG - 获取生理偏差: 点类型=['pupil_center', 'iris_boundaries', 'iris_boundaries', 'iris_boundaries', 'iris_boundaries', 'eye_contours', 'eye_contours', 'eye_contours', 'eye_contours', 'eye_contours', 'eye_contours', 'eye_contours', 'eye_contours', 'eye_contours', 'eye_contours', 'eye_contours', 'eye_contours', 'eye_contours', 'eye_contours', 'eye_contours', 'eye_contours'], 偏差值=[0.0002  0.00085 0.00085 0.00085 0.00085 0.0015  0.0015  0.0015  0.0015
 0.0015  0.0015  0.0015  0.0015  0.0015  0.0015  0.0015  0.0015  0.0015
 0.0015  0.0015  0.0015 ]
2025-08-25 02:43:07,225 - INFO - -----------------------------------------------------------------------------------
2025-08-25 02:43:07,225 - DEBUG - 🔍 拟合残差计算详情:
2025-08-25 02:43:07,225 - DEBUG -    球心坐标: [0.01872927 0.02582111 0.60655771]
2025-08-25 02:43:07,225 - DEBUG -    球体半径: 0.013774
2025-08-25 02:43:07,225 - DEBUG -    采样点数: 21
2025-08-25 02:43:07,225 - DEBUG -    点类型分布: {'eye_contours': 16, 'iris_boundaries': 4, 'pupil_center': 1}
2025-08-25 02:43:07,225 - DEBUG -    理论距离向量: [0.01397445 0.01462445 0.01462445 0.01462445 0.01462445 0.01527445
 0.01527445 0.01527445 0.01527445 0.01527445 0.01527445 0.01527445
 0.01527445 0.01527445 0.01527445 0.01527445 0.01527445 0.01527445
 0.01527445 0.01527445 0.01527445]
2025-08-25 02:43:07,225 - DEBUG -    实际距离向量: [0.0071197  0.01061872 0.01169887 0.01411534 0.01154634 0.02909197
 0.02568073 0.02220232 0.01754652 0.01167421 0.00985611 0.01407278
 0.01868144 0.02132579 0.01819949 0.01283216 0.00891723 0.01179655
 0.01839485 0.02333393 0.02649954]
2025-08-25 02:43:07,225 - DEBUG -    生理偏差向量: [0.0002  0.00085 0.00085 0.00085 0.00085 0.0015  0.0015  0.0015  0.0015
 0.0015  0.0015  0.0015  0.0015  0.0015  0.0015  0.0015  0.0015  0.0015
 0.0015  0.0015  0.0015 ]
2025-08-25 02:43:07,225 - DEBUG -    残差向量 f(θ): 
[[-0.00685475]
 [-0.00400573]
 [-0.00292558]
 [-0.00050911]
 [-0.00307812]
 [ 0.01381752]
 [ 0.01040628]
 [ 0.00692787]
 [ 0.00227207]
 [-0.00360024]
 [-0.00541834]
 [-0.00120167]
 [ 0.00340699]
 [ 0.00605134]
 [ 0.00292504]
 [-0.00244229]
 [-0.00635722]
 [-0.0034779 ]
 [ 0.0031204 ]
 [ 0.00805948]
 [ 0.01122509]]
2025-08-25 02:43:07,225 - DEBUG -    平均残差范数: 0.001341
2025-08-25 02:43:07,233 - DEBUG -    残差范数=0.028168
2025-08-25 02:43:07,233 - INFO - -----------------------------------------------------------------------------------
2025-08-25 02:43:07,233 - DEBUG - 🔍 深度约束计算详情 (softplus):
2025-08-25 02:43:07,233 - DEBUG -    采样点Z坐标范围: [0.599922, 0.600822]
2025-08-25 02:43:07,233 - DEBUG -    球心Z坐标: 0.606558
2025-08-25 02:43:07,233 - DEBUG -    深度偏移ε: 0.000200
2025-08-25 02:43:07,233 - DEBUG -    softplus参数τ: 0.001000
2025-08-25 02:43:07,233 - DEBUG -    原始违反值: -0.005536
2025-08-25 02:43:07,233 - DEBUG -    softplus输入 u: -5.535623
2025-08-25 02:43:07,233 - DEBUG -    约束惩罚 h(θ): 0.000004
2025-08-25 02:43:07,233 - DEBUG -    🟢 深度约束满足: 球心深度足够
2025-08-25 02:43:07,233 - INFO - -----------------------------------------------------------------------------------
2025-08-25 02:43:07,233 - DEBUG - 🔍 半径惩罚计算详情:
2025-08-25 02:43:07,233 - DEBUG -    当前半径: 0.013774
2025-08-25 02:43:07,233 - DEBUG -    半径先验值: 0.012000
2025-08-25 02:43:07,233 - DEBUG -    半径残差 r(θ): 0.001774
2025-08-25 02:43:07,233 - DEBUG -    数据残差 f(θ): [[-0.00685475]
 [-0.00400573]
 [-0.00292558]
 [-0.00050911]
 [-0.00307812]
 [ 0.01381752]
 [ 0.01040628]
 [ 0.00692787]
 [ 0.00227207]
 [-0.00360024]
 [-0.00541834]
 [-0.00120167]
 [ 0.00340699]
 [ 0.00605134]
 [ 0.00292504]
 [-0.00244229]
 [-0.00635722]
 [-0.0034779 ]
 [ 0.0031204 ]
 [ 0.00805948]
 [ 0.01122509]]
2025-08-25 02:43:07,233 - DEBUG -    约束残差 g(θ): [[3.9359956e-06]]
2025-08-25 02:43:07,233 - DEBUG -    半径残差 r(θ): [[0.00177445]]
2025-08-25 02:43:07,233 - DEBUG - 🔍 状态变化计算: 参数变化=0.000000, 残差变化=0.000000
2025-08-25 02:43:07,233 - INFO - -----------------------------------------------------------------------------------
2025-08-25 02:43:07,233 - DEBUG - 🔍 权重管理器状态更新详情:
2025-08-25 02:43:07,233 - DEBUG -    当前迭代: 2
2025-08-25 02:43:07,233 - DEBUG -    参数变化: 0.000000 (阈值: 0.000005)
2025-08-25 02:43:07,233 - DEBUG -    残差变化: 0.000000 (阈值: 0.000005)
2025-08-25 02:43:07,233 - DEBUG -    几何权重因子: 10
2025-08-25 02:43:07,233 - DEBUG - ⏸️ 保持图像置信度权重: 参数变化=0.00e+00, 残差变化=0.00e+00
2025-08-25 02:43:07,233 - DEBUG - 状态已保存: 参数=[0.01872927 0.02582111 0.60655771 0.01377445], 残差范数=0.028168
2025-08-25 02:43:07,233 - DEBUG - 🔍 获取visibility信息: 形状=(21,), 范围=[1.000, 1.000]
2025-08-25 02:43:07,233 - DEBUG - 🔧 设置图像置信度权重: 21个点
2025-08-25 02:43:07,233 - DEBUG - 🔍 开始计算权重矩阵:
2025-08-25 02:43:07,233 - DEBUG -    点类型: ['pupil_center', 'iris_boundaries', 'iris_boundaries', 'iris_boundaries', 'iris_boundaries', 'eye_contours', 'eye_contours', 'eye_contours', 'eye_contours', 'eye_contours', 'eye_contours', 'eye_contours', 'eye_contours', 'eye_contours', 'eye_contours', 'eye_contours', 'eye_contours', 'eye_contours', 'eye_contours', 'eye_contours', 'eye_contours']
2025-08-25 02:43:07,233 - DEBUG -    残差向量: 形状=(21,), 范数=0.028168
2025-08-25 02:43:07,233 - DEBUG -    Visibility: 形状=(21,), 均值=1.000
2025-08-25 02:43:07,233 - DEBUG - 🔍 权重矩阵计算成功: 形状=(21, 21)
2025-08-25 02:43:07,233 - DEBUG - 🔍 几何权重统计:
2025-08-25 02:43:07,233 - DEBUG -    权重向量: [[1.]
 [1.]
 [1.]
 [1.]
 [1.]
 [1.]
 [1.]
 [1.]
 [1.]
 [1.]
 [1.]
 [1.]
 [1.]
 [1.]
 [1.]
 [1.]
 [1.]
 [1.]
 [1.]
 [1.]
 [1.]]
2025-08-25 02:43:07,233 - DEBUG -    权重范围: [1.000000, 1.000000]
2025-08-25 02:43:07,241 - DEBUG -    权重均值: 1.000000
2025-08-25 02:43:07,241 - DEBUG -    权重标准差: 0.000000
2025-08-25 02:43:07,241 - DEBUG -    高权重点(>0.8): 21/21
2025-08-25 02:43:07,241 - DEBUG -    低权重点(<0.2): 0/21
2025-08-25 02:43:07,241 - INFO - -----------------------------------------------------------------------------------
2025-08-25 02:43:07,241 - DEBUG - 🔍 开始求解LM更新方程:
2025-08-25 02:43:07,241 - DEBUG -    数据残差: 形状=(21,), 范数=0.028168
2025-08-25 02:43:07,241 - DEBUG -    约束残差: 形状=(1,), 范数=0.000004
2025-08-25 02:43:07,241 - DEBUG - 🔍 计算数据残差雅可比矩阵 J_f: 形状=(21, 4)
2025-08-25 02:43:07,241 - DEBUG - 🔍 J_f矩阵计算完成: 条件数=7.08e+00
2025-08-25 02:43:07,241 - DEBUG - 🔍 深度约束雅可比计算: u=-5.535623, σ=0.003928, J_h=[[ 0.          0.         -0.00392826  0.        ]]
2025-08-25 02:43:07,241 - DEBUG - 🔍 半径先验雅可比: J_r=[[0. 0. 0. 1.]]
2025-08-25 02:43:07,241 - DEBUG - 🔍 使用几何权重矩阵: 形状=(21, 21)
2025-08-25 02:43:07,241 - DEBUG - 🔍 Hessian矩阵计算:
2025-08-25 02:43:07,241 - DEBUG -    H_data = J_f^T W J_f: 形状=(4, 4), 条件数=5.02e+01
2025-08-25 02:43:07,241 - DEBUG -    H_h = λ_depth J_h^T J_h: 形状=(4, 4), λ_depth=1000.0
2025-08-25 02:43:07,241 - DEBUG -    H_r = λ_radius J_r^T J_r: 形状=(4, 4), λ_radius=20.0
2025-08-25 02:43:07,241 - DEBUG -    H_total: 形状=(4, 4), 条件数=1.66e+01
2025-08-25 02:43:07,241 - DEBUG - 🔍 梯度计算:
2025-08-25 02:43:07,241 - DEBUG -    g_data: 形状=(4,), 范数=0.051824
2025-08-25 02:43:07,241 - DEBUG -    g_h: 形状=(4,), 范数=0.000015
2025-08-25 02:43:07,241 - DEBUG -    g_r: 形状=(4,), 范数=0.035489
2025-08-25 02:43:07,241 - DEBUG -    g_total: 形状=(4,), 范数=0.043969
2025-08-25 02:43:07,241 - DEBUG - 🔍 LM阻尼矩阵: H_lm = H_total + 0.1 * I
2025-08-25 02:43:07,241 - DEBUG -    H_lm条件数: 1.61e+01
2025-08-25 02:43:07,241 - DEBUG - 🔍 线性方程组求解成功:
2025-08-25 02:43:07,241 - DEBUG -    参数更新向量 Δθ: [[ 3.53992503e-03]
 [-2.09729799e-03]
 [-2.58067765e-03]
 [ 3.25339031e-05]]
2025-08-25 02:43:07,241 - DEBUG -    更新向量范数: 0.004857
2025-08-25 02:43:07,241 - DEBUG -    各分量更新: Δc_x=0.003540, Δc_y=-0.002097, Δc_z=-0.002581, Δr=0.000033
2025-08-25 02:43:07,241 - DEBUG -    参数更新:
2025-08-25 02:43:07,241 - DEBUG -      旧参数: [[0.01872927]
 [0.02582111]
 [0.60655771]
 [0.01377445]]
2025-08-25 02:43:07,241 - DEBUG -      更新向量: [[ 3.53992503e-03]
 [-2.09729799e-03]
 [-2.58067765e-03]
 [ 3.25339031e-05]]
2025-08-25 02:43:07,241 - DEBUG -      新参数: [[0.02226919]
 [0.02372381]
 [0.60397704]
 [0.01380699]]
2025-08-25 02:43:07,241 - INFO - -----------------------------------------------------------------------------------
2025-08-25 02:43:07,241 - INFO - 🔍 迭代第2次，球心向左3.539925mm，向上2.097298mm，向前2.580678mm，半径变大0.032534mm
2025-08-25 02:43:07,241 - INFO - 📊 变化前: 中心(0.019, 0.026, 0.607), 半径13.77mm
2025-08-25 02:43:07,241 - INFO - 📊 变化后: 中心(0.022, 0.024, 0.604), 半径13.81mm
2025-08-25 02:43:07,241 - INFO - 📈 变化量: 中心移动4.11mm, 半径变化0.03mm
2025-08-25 02:43:07,241 - INFO - 📍 眼球中心: [0.01872927 0.02582111 0.60655771]
2025-08-25 02:43:07,241 - INFO - 📏 眼球半径: 13.77mm
2025-08-25 02:43:07,241 - INFO - 👁️ 瞳孔中心: [0.016      0.02533333 0.60000002]
2025-08-25 02:43:07,241 - INFO - 📐 眼球中心在瞳孔中心的右2.73mm，下0.49mm，后6.56mm
2025-08-25 02:43:07,241 - INFO - 📏 距离: 7.12mm
2025-08-25 02:43:07,249 - INFO - -----------------------------------------------------------------------------------
2025-08-25 02:43:07,249 - INFO - -----------------------------------------------------------------------------------
2025-08-25 02:43:07,249 - DEBUG - 🔍 参数有效性检查:
2025-08-25 02:43:07,249 - DEBUG -    参数向量: [[0.02226919]
 [0.02372381]
 [0.60397704]
 [0.01380699]]
2025-08-25 02:43:07,249 - DEBUG -    球心: [0.02226919 0.02372381 0.60397704]
2025-08-25 02:43:07,249 - DEBUG -    半径: 0.013807
2025-08-25 02:43:07,249 - DEBUG - 🔍 函数值计算详情:
2025-08-25 02:43:07,249 - DEBUG -    数据项 F(θ): 0.000397
2025-08-25 02:43:07,249 - DEBUG -    深度约束项: 0.000000
2025-08-25 02:43:07,249 - DEBUG -    半径先验项: 0.000031
2025-08-25 02:43:07,249 - DEBUG -    总函数值 Φ(θ): 0.000428
2025-08-25 02:43:07,249 - DEBUG -    函数值改善: 0.000000
2025-08-25 02:43:07,249 - DEBUG - 🔍 参数有效: True
2025-08-25 02:43:07,249 - DEBUG -    参数更新成功:
2025-08-25 02:43:07,249 - DEBUG -      新球心: [0.02226919 0.02372381 0.60397704]
2025-08-25 02:43:07,249 - DEBUG -      新半径: 0.013807
2025-08-25 02:43:07,249 - INFO - -----------------------------------------------------------------------------------
2025-08-25 02:43:07,249 - DEBUG - 🔍 LM收敛性检查:
2025-08-25 02:43:07,249 - DEBUG -    当前迭代次数: 2
2025-08-25 02:43:07,249 - DEBUG -    最大迭代次数: 30
2025-08-25 02:43:07,249 - DEBUG -    参数变化: 0.004857
2025-08-25 02:43:07,249 - DEBUG -    参数容忍度: 5e-06
2025-08-25 02:43:07,249 - DEBUG -    残差变化: 0.000000
2025-08-25 02:43:07,249 - DEBUG -    残差容忍度: 5e-06
2025-08-25 02:43:07,249 - DEBUG - 🔍 迭代 4/30:
2025-08-25 02:43:07,249 - DEBUG - 🔍 计算点到球心距离: 形状=(21,)
2025-08-25 02:43:07,249 - DEBUG - 🔍 生理偏差向量计算:
2025-08-25 02:43:07,249 - DEBUG -    点类型列表: ['pupil_center', 'iris_boundaries', 'iris_boundaries', 'iris_boundaries', 'iris_boundaries', 'eye_contours', 'eye_contours', 'eye_contours', 'eye_contours', 'eye_contours', 'eye_contours', 'eye_contours', 'eye_contours', 'eye_contours', 'eye_contours', 'eye_contours', 'eye_contours', 'eye_contours', 'eye_contours', 'eye_contours', 'eye_contours']
2025-08-25 02:43:07,249 - DEBUG -    偏差向量: [0.0002  0.00085 0.00085 0.00085 0.00085 0.0015  0.0015  0.0015  0.0015
 0.0015  0.0015  0.0015  0.0015  0.0015  0.0015  0.0015  0.0015  0.0015
 0.0015  0.0015  0.0015 ]
2025-08-25 02:43:07,249 - DEBUG -    向量形状: (21,)
2025-08-25 02:43:07,254 - DEBUG -    偏差统计: 均值=0.001314, 标准差=0.000356
2025-08-25 02:43:07,254 - DEBUG - 获取生理偏差: 点类型=['pupil_center', 'iris_boundaries', 'iris_boundaries', 'iris_boundaries', 'iris_boundaries', 'eye_contours', 'eye_contours', 'eye_contours', 'eye_contours', 'eye_contours', 'eye_contours', 'eye_contours', 'eye_contours', 'eye_contours', 'eye_contours', 'eye_contours', 'eye_contours', 'eye_contours', 'eye_contours', 'eye_contours', 'eye_contours'], 偏差值=[0.0002  0.00085 0.00085 0.00085 0.00085 0.0015  0.0015  0.0015  0.0015
 0.0015  0.0015  0.0015  0.0015  0.0015  0.0015  0.0015  0.0015  0.0015
 0.0015  0.0015  0.0015 ]
2025-08-25 02:43:07,254 - INFO - -----------------------------------------------------------------------------------
2025-08-25 02:43:07,254 - DEBUG - 🔍 拟合残差计算详情:
2025-08-25 02:43:07,254 - DEBUG -    球心坐标: [0.02226919 0.02372381 0.60397704]
2025-08-25 02:43:07,254 - DEBUG -    球体半径: 0.013807
2025-08-25 02:43:07,254 - DEBUG -    采样点数: 21
2025-08-25 02:43:07,256 - DEBUG -    点类型分布: {'eye_contours': 16, 'iris_boundaries': 4, 'pupil_center': 1}
2025-08-25 02:43:07,256 - DEBUG -    理论距离向量: [0.01400699 0.01465699 0.01465699 0.01465699 0.01465699 0.01530699
 0.01530699 0.01530699 0.01530699 0.01530699 0.01530699 0.01530699
 0.01530699 0.01530699 0.01530699 0.01530699 0.01530699 0.01530699
 0.01530699 0.01530699 0.01530699]
2025-08-25 02:43:07,256 - DEBUG -    实际距离向量: [0.00759671 0.00651052 0.01010187 0.01671405 0.01329569 0.03240122
 0.02902334 0.02554334 0.02079488 0.01420314 0.00986963 0.01149361
 0.01549948 0.01790091 0.01430629 0.00811872 0.00595276 0.01259486
 0.02073014 0.0262335  0.02962668]
2025-08-25 02:43:07,258 - DEBUG -    生理偏差向量: [0.0002  0.00085 0.00085 0.00085 0.00085 0.0015  0.0015  0.0015  0.0015
 0.0015  0.0015  0.0015  0.0015  0.0015  0.0015  0.0015  0.0015  0.0015
 0.0015  0.0015  0.0015 ]
2025-08-25 02:43:07,258 - DEBUG -    残差向量 f(θ): 
[[-0.00641028]
 [-0.00814647]
 [-0.00455511]
 [ 0.00205707]
 [-0.0013613 ]
 [ 0.01709424]
 [ 0.01371635]
 [ 0.01023636]
 [ 0.00548789]
 [-0.00110385]
 [-0.00543735]
 [-0.00381338]
 [ 0.00019249]
 [ 0.00259393]
 [-0.00100069]
 [-0.00718826]
 [-0.00935422]
 [-0.00271213]
 [ 0.00542315]
 [ 0.01092652]
 [ 0.0143197 ]]
2025-08-25 02:43:07,258 - DEBUG -    平均残差范数: 0.001719
2025-08-25 02:43:07,258 - DEBUG -    残差范数=0.036097
2025-08-25 02:43:07,258 - INFO - -----------------------------------------------------------------------------------
2025-08-25 02:43:07,258 - DEBUG - 🔍 深度约束计算详情 (softplus):
2025-08-25 02:43:07,258 - DEBUG -    采样点Z坐标范围: [0.599922, 0.600822]
2025-08-25 02:43:07,258 - DEBUG -    球心Z坐标: 0.603977
2025-08-25 02:43:07,258 - DEBUG -    深度偏移ε: 0.000200
2025-08-25 02:43:07,258 - DEBUG -    softplus参数τ: 0.001000
2025-08-25 02:43:07,258 - DEBUG -    原始违反值: -0.002955
2025-08-25 02:43:07,258 - DEBUG -    softplus输入 u: -2.954945
2025-08-25 02:43:07,258 - DEBUG -    约束惩罚 h(θ): 0.000051
2025-08-25 02:43:07,258 - DEBUG -    🟢 深度约束满足: 球心深度足够
2025-08-25 02:43:07,258 - INFO - -----------------------------------------------------------------------------------
2025-08-25 02:43:07,258 - DEBUG - 🔍 半径惩罚计算详情:
2025-08-25 02:43:07,258 - DEBUG -    当前半径: 0.013807
2025-08-25 02:43:07,258 - DEBUG -    半径先验值: 0.012000
2025-08-25 02:43:07,258 - DEBUG -    半径残差 r(θ): 0.001807
2025-08-25 02:43:07,258 - DEBUG -    数据残差 f(θ): [[-0.00641028]
 [-0.00814647]
 [-0.00455511]
 [ 0.00205707]
 [-0.0013613 ]
 [ 0.01709424]
 [ 0.01371635]
 [ 0.01023636]
 [ 0.00548789]
 [-0.00110385]
 [-0.00543735]
 [-0.00381338]
 [ 0.00019249]
 [ 0.00259393]
 [-0.00100069]
 [-0.00718826]
 [-0.00935422]
 [-0.00271213]
 [ 0.00542315]
 [ 0.01092652]
 [ 0.0143197 ]]
2025-08-25 02:43:07,258 - DEBUG -    约束残差 g(θ): [[5.07706004e-05]]
2025-08-25 02:43:07,258 - DEBUG -    半径残差 r(θ): [[0.00180699]]
2025-08-25 02:43:07,258 - DEBUG - 🔍 状态变化计算: 参数变化=0.004857, 残差变化=0.007930
2025-08-25 02:43:07,258 - INFO - -----------------------------------------------------------------------------------
2025-08-25 02:43:07,258 - DEBUG - 🔍 权重管理器状态更新详情:
2025-08-25 02:43:07,258 - DEBUG -    当前迭代: 3
2025-08-25 02:43:07,258 - DEBUG -    参数变化: 0.004857 (阈值: 0.000005)
2025-08-25 02:43:07,258 - DEBUG -    残差变化: 0.007930 (阈值: 0.000005)
2025-08-25 02:43:07,258 - DEBUG -    几何权重因子: 10
2025-08-25 02:43:07,258 - DEBUG - ⏸️ 保持图像置信度权重: 参数变化=4.86e-03, 残差变化=7.93e-03
2025-08-25 02:43:07,258 - DEBUG - 状态已保存: 参数=[0.02226919 0.02372381 0.60397704 0.01380699], 残差范数=0.036097
2025-08-25 02:43:07,258 - DEBUG - 🔍 获取visibility信息: 形状=(21,), 范围=[1.000, 1.000]
2025-08-25 02:43:07,258 - DEBUG - 🔧 设置图像置信度权重: 21个点
2025-08-25 02:43:07,258 - DEBUG - 🔍 开始计算权重矩阵:
2025-08-25 02:43:07,258 - DEBUG -    点类型: ['pupil_center', 'iris_boundaries', 'iris_boundaries', 'iris_boundaries', 'iris_boundaries', 'eye_contours', 'eye_contours', 'eye_contours', 'eye_contours', 'eye_contours', 'eye_contours', 'eye_contours', 'eye_contours', 'eye_contours', 'eye_contours', 'eye_contours', 'eye_contours', 'eye_contours', 'eye_contours', 'eye_contours', 'eye_contours']
2025-08-25 02:43:07,264 - DEBUG -    残差向量: 形状=(21,), 范数=0.036097
2025-08-25 02:43:07,264 - DEBUG -    Visibility: 形状=(21,), 均值=1.000
2025-08-25 02:43:07,264 - DEBUG - 🔍 权重矩阵计算成功: 形状=(21, 21)
2025-08-25 02:43:07,264 - DEBUG - 🔍 几何权重统计:
2025-08-25 02:43:07,264 - DEBUG -    权重向量: [[1.]
 [1.]
 [1.]
 [1.]
 [1.]
 [1.]
 [1.]
 [1.]
 [1.]
 [1.]
 [1.]
 [1.]
 [1.]
 [1.]
 [1.]
 [1.]
 [1.]
 [1.]
 [1.]
 [1.]
 [1.]]
2025-08-25 02:43:07,264 - DEBUG -    权重范围: [1.000000, 1.000000]
2025-08-25 02:43:07,264 - DEBUG -    权重均值: 1.000000
2025-08-25 02:43:07,264 - DEBUG -    权重标准差: 0.000000
2025-08-25 02:43:07,264 - DEBUG -    高权重点(>0.8): 21/21
2025-08-25 02:43:07,264 - DEBUG -    低权重点(<0.2): 0/21
2025-08-25 02:43:07,264 - INFO - -----------------------------------------------------------------------------------
2025-08-25 02:43:07,264 - DEBUG - 🔍 开始求解LM更新方程:
2025-08-25 02:43:07,264 - DEBUG -    数据残差: 形状=(21,), 范数=0.036097
2025-08-25 02:43:07,266 - DEBUG -    约束残差: 形状=(1,), 范数=0.000051
2025-08-25 02:43:07,266 - DEBUG - 🔍 计算数据残差雅可比矩阵 J_f: 形状=(21, 4)
2025-08-25 02:43:07,266 - DEBUG - 🔍 J_f矩阵计算完成: 条件数=8.74e+00
2025-08-25 02:43:07,266 - DEBUG - 🔍 深度约束雅可比计算: u=-2.954945, σ=0.049503, J_h=[[ 0.          0.         -0.04950331  0.        ]]
2025-08-25 02:43:07,266 - DEBUG - 🔍 半径先验雅可比: J_r=[[0. 0. 0. 1.]]
2025-08-25 02:43:07,266 - DEBUG - 🔍 使用几何权重矩阵: 形状=(21, 21)
2025-08-25 02:43:07,266 - DEBUG - 🔍 Hessian矩阵计算:
2025-08-25 02:43:07,266 - DEBUG -    H_data = J_f^T W J_f: 形状=(4, 4), 条件数=7.64e+01
2025-08-25 02:43:07,266 - DEBUG -    H_h = λ_depth J_h^T J_h: 形状=(4, 4), λ_depth=1000.0
2025-08-25 02:43:07,266 - DEBUG -    H_r = λ_radius J_r^T J_r: 形状=(4, 4), λ_radius=20.0
2025-08-25 02:43:07,266 - DEBUG -    H_total: 形状=(4, 4), 条件数=1.20e+01
2025-08-25 02:43:07,266 - DEBUG - 🔍 梯度计算:
2025-08-25 02:43:07,266 - DEBUG -    g_data: 形状=(4,), 范数=0.082732
2025-08-25 02:43:07,266 - DEBUG -    g_h: 形状=(4,), 范数=0.002513
2025-08-25 02:43:07,266 - DEBUG -    g_r: 形状=(4,), 范数=0.036140
2025-08-25 02:43:07,266 - DEBUG -    g_total: 形状=(4,), 范数=0.076488
2025-08-25 02:43:07,266 - DEBUG - 🔍 LM阻尼矩阵: H_lm = H_total + 0.1 * I
2025-08-25 02:43:07,266 - DEBUG -    H_lm条件数: 1.17e+01
2025-08-25 02:43:07,266 - DEBUG - 🔍 线性方程组求解成功:
2025-08-25 02:43:07,266 - DEBUG -    参数更新向量 Δθ: [[ 0.00587033]
 [-0.00387012]
 [-0.00290297]
 [-0.00099147]]
2025-08-25 02:43:07,266 - DEBUG -    更新向量范数: 0.007671
2025-08-25 02:43:07,271 - DEBUG -    各分量更新: Δc_x=0.005870, Δc_y=-0.003870, Δc_z=-0.002903, Δr=-0.000991
2025-08-25 02:43:07,271 - DEBUG -    参数更新:
2025-08-25 02:43:07,271 - DEBUG -      旧参数: [[0.02226919]
 [0.02372381]
 [0.60397704]
 [0.01380699]]
2025-08-25 02:43:07,271 - DEBUG -      更新向量: [[ 0.00587033]
 [-0.00387012]
 [-0.00290297]
 [-0.00099147]]
2025-08-25 02:43:07,271 - DEBUG -      新参数: [[0.02813952]
 [0.01985369]
 [0.60107406]
 [0.01281552]]
2025-08-25 02:43:07,271 - INFO - -----------------------------------------------------------------------------------
2025-08-25 02:43:07,271 - INFO - 🔍 迭代第3次，球心向左5.870331mm，向上3.870121mm，向前2.902972mm，半径变小0.991469mm
2025-08-25 02:43:07,271 - INFO - 📊 变化前: 中心(0.022, 0.024, 0.604), 半径13.81mm
2025-08-25 02:43:07,271 - INFO - 📊 变化后: 中心(0.028, 0.020, 0.601), 半径12.82mm
2025-08-25 02:43:07,271 - INFO - 📈 变化量: 中心移动7.03mm, 半径变化0.99mm
2025-08-25 02:43:07,271 - INFO - 📍 眼球中心: [0.02226919 0.02372381 0.60397704]
2025-08-25 02:43:07,271 - INFO - 📏 眼球半径: 13.81mm
2025-08-25 02:43:07,271 - INFO - 👁️ 瞳孔中心: [0.016      0.02533333 0.60000002]
2025-08-25 02:43:07,271 - INFO - 📐 眼球中心在瞳孔中心的右6.27mm，上1.61mm，后3.98mm
2025-08-25 02:43:07,275 - INFO - 📏 距离: 7.60mm
2025-08-25 02:43:07,275 - INFO - -----------------------------------------------------------------------------------
2025-08-25 02:43:07,275 - INFO - -----------------------------------------------------------------------------------
2025-08-25 02:43:07,275 - DEBUG - 🔍 参数有效性检查:
2025-08-25 02:43:07,275 - DEBUG -    参数向量: [[0.02813952]
 [0.01985369]
 [0.60107406]
 [0.01281552]]
2025-08-25 02:43:07,275 - DEBUG -    球心: [0.02813952 0.01985369 0.60107406]
2025-08-25 02:43:07,275 - DEBUG -    半径: 0.012816
2025-08-25 02:43:07,275 - DEBUG - 🔍 函数值计算详情:
2025-08-25 02:43:07,275 - DEBUG -    数据项 F(θ): 0.000652
2025-08-25 02:43:07,275 - DEBUG -    深度约束项: 0.000001
2025-08-25 02:43:07,275 - DEBUG -    半径先验项: 0.000033
2025-08-25 02:43:07,275 - DEBUG -    总函数值 Φ(θ): 0.000685
2025-08-25 02:43:07,275 - DEBUG -    函数值改善: -0.000257
2025-08-25 02:43:07,275 - DEBUG - 🔍 参数有效: False
2025-08-25 02:43:07,275 - DEBUG -    参数无效，阻尼因子调整: λ_LM = 1.00e+00
2025-08-25 02:43:07,275 - DEBUG - 🔍 迭代 5/30:
2025-08-25 02:43:07,275 - DEBUG - 🔍 计算点到球心距离: 形状=(21,)
2025-08-25 02:43:07,275 - DEBUG - 🔍 生理偏差向量计算:
2025-08-25 02:43:07,275 - DEBUG -    点类型列表: ['pupil_center', 'iris_boundaries', 'iris_boundaries', 'iris_boundaries', 'iris_boundaries', 'eye_contours', 'eye_contours', 'eye_contours', 'eye_contours', 'eye_contours', 'eye_contours', 'eye_contours', 'eye_contours', 'eye_contours', 'eye_contours', 'eye_contours', 'eye_contours', 'eye_contours', 'eye_contours', 'eye_contours', 'eye_contours']
2025-08-25 02:43:07,275 - DEBUG -    偏差向量: [0.0002  0.00085 0.00085 0.00085 0.00085 0.0015  0.0015  0.0015  0.0015
 0.0015  0.0015  0.0015  0.0015  0.0015  0.0015  0.0015  0.0015  0.0015
 0.0015  0.0015  0.0015 ]
2025-08-25 02:43:07,275 - DEBUG -    向量形状: (21,)
2025-08-25 02:43:07,275 - DEBUG -    偏差统计: 均值=0.001314, 标准差=0.000356
2025-08-25 02:43:07,275 - DEBUG - 获取生理偏差: 点类型=['pupil_center', 'iris_boundaries', 'iris_boundaries', 'iris_boundaries', 'iris_boundaries', 'eye_contours', 'eye_contours', 'eye_contours', 'eye_contours', 'eye_contours', 'eye_contours', 'eye_contours', 'eye_contours', 'eye_contours', 'eye_contours', 'eye_contours', 'eye_contours', 'eye_contours', 'eye_contours', 'eye_contours', 'eye_contours'], 偏差值=[0.0002  0.00085 0.00085 0.00085 0.00085 0.0015  0.0015  0.0015  0.0015
 0.0015  0.0015  0.0015  0.0015  0.0015  0.0015  0.0015  0.0015  0.0015
 0.0015  0.0015  0.0015 ]
2025-08-25 02:43:07,275 - INFO - -----------------------------------------------------------------------------------
2025-08-25 02:43:07,275 - DEBUG - 🔍 拟合残差计算详情:
2025-08-25 02:43:07,275 - DEBUG -    球心坐标: [0.02226919 0.02372381 0.60397704]
2025-08-25 02:43:07,275 - DEBUG -    球体半径: 0.013807
2025-08-25 02:43:07,275 - DEBUG -    采样点数: 21
2025-08-25 02:43:07,275 - DEBUG -    点类型分布: {'eye_contours': 16, 'iris_boundaries': 4, 'pupil_center': 1}
2025-08-25 02:43:07,275 - DEBUG -    理论距离向量: [0.01400699 0.01465699 0.01465699 0.01465699 0.01465699 0.01530699
 0.01530699 0.01530699 0.01530699 0.01530699 0.01530699 0.01530699
 0.01530699 0.01530699 0.01530699 0.01530699 0.01530699 0.01530699
 0.01530699 0.01530699 0.01530699]
2025-08-25 02:43:07,283 - DEBUG -    实际距离向量: [0.00759671 0.00651052 0.01010187 0.01671405 0.01329569 0.03240122
 0.02902334 0.02554334 0.02079488 0.01420314 0.00986963 0.01149361
 0.01549948 0.01790091 0.01430629 0.00811872 0.00595276 0.01259486
 0.02073014 0.0262335  0.02962668]
2025-08-25 02:43:07,283 - DEBUG -    生理偏差向量: [0.0002  0.00085 0.00085 0.00085 0.00085 0.0015  0.0015  0.0015  0.0015
 0.0015  0.0015  0.0015  0.0015  0.0015  0.0015  0.0015  0.0015  0.0015
 0.0015  0.0015  0.0015 ]
2025-08-25 02:43:07,283 - DEBUG -    残差向量 f(θ): 
[[-0.00641028]
 [-0.00814647]
 [-0.00455511]
 [ 0.00205707]
 [-0.0013613 ]
 [ 0.01709424]
 [ 0.01371635]
 [ 0.01023636]
 [ 0.00548789]
 [-0.00110385]
 [-0.00543735]
 [-0.00381338]
 [ 0.00019249]
 [ 0.00259393]
 [-0.00100069]
 [-0.00718826]
 [-0.00935422]
 [-0.00271213]
 [ 0.00542315]
 [ 0.01092652]
 [ 0.0143197 ]]
2025-08-25 02:43:07,283 - DEBUG -    平均残差范数: 0.001719
2025-08-25 02:43:07,283 - DEBUG -    残差范数=0.036097
2025-08-25 02:43:07,283 - INFO - -----------------------------------------------------------------------------------
2025-08-25 02:43:07,283 - DEBUG - 🔍 深度约束计算详情 (softplus):
2025-08-25 02:43:07,283 - DEBUG -    采样点Z坐标范围: [0.599922, 0.600822]
2025-08-25 02:43:07,283 - DEBUG -    球心Z坐标: 0.603977
2025-08-25 02:43:07,283 - DEBUG -    深度偏移ε: 0.000200
2025-08-25 02:43:07,283 - DEBUG -    softplus参数τ: 0.001000
2025-08-25 02:43:07,283 - DEBUG -    原始违反值: -0.002955
2025-08-25 02:43:07,283 - DEBUG -    softplus输入 u: -2.954945
2025-08-25 02:43:07,283 - DEBUG -    约束惩罚 h(θ): 0.000051
2025-08-25 02:43:07,283 - DEBUG -    🟢 深度约束满足: 球心深度足够
2025-08-25 02:43:07,283 - INFO - -----------------------------------------------------------------------------------
2025-08-25 02:43:07,283 - DEBUG - 🔍 半径惩罚计算详情:
2025-08-25 02:43:07,283 - DEBUG -    当前半径: 0.013807
2025-08-25 02:43:07,283 - DEBUG -    半径先验值: 0.012000
2025-08-25 02:43:07,283 - DEBUG -    半径残差 r(θ): 0.001807
2025-08-25 02:43:07,283 - DEBUG -    数据残差 f(θ): [[-0.00641028]
 [-0.00814647]
 [-0.00455511]
 [ 0.00205707]
 [-0.0013613 ]
 [ 0.01709424]
 [ 0.01371635]
 [ 0.01023636]
 [ 0.00548789]
 [-0.00110385]
 [-0.00543735]
 [-0.00381338]
 [ 0.00019249]
 [ 0.00259393]
 [-0.00100069]
 [-0.00718826]
 [-0.00935422]
 [-0.00271213]
 [ 0.00542315]
 [ 0.01092652]
 [ 0.0143197 ]]
2025-08-25 02:43:07,283 - DEBUG -    约束残差 g(θ): [[5.07706004e-05]]
2025-08-25 02:43:07,289 - DEBUG -    半径残差 r(θ): [[0.00180699]]
2025-08-25 02:43:07,289 - DEBUG - 🔍 状态变化计算: 参数变化=0.000000, 残差变化=0.000000
2025-08-25 02:43:07,289 - INFO - -----------------------------------------------------------------------------------
2025-08-25 02:43:07,289 - DEBUG - 🔍 权重管理器状态更新详情:
2025-08-25 02:43:07,289 - DEBUG -    当前迭代: 4
2025-08-25 02:43:07,289 - DEBUG -    参数变化: 0.000000 (阈值: 0.000005)
2025-08-25 02:43:07,289 - DEBUG -    残差变化: 0.000000 (阈值: 0.000005)
2025-08-25 02:43:07,289 - DEBUG -    几何权重因子: 10
2025-08-25 02:43:07,289 - DEBUG - ⏸️ 保持图像置信度权重: 参数变化=0.00e+00, 残差变化=0.00e+00
2025-08-25 02:43:07,291 - DEBUG - 状态已保存: 参数=[0.02226919 0.02372381 0.60397704 0.01380699], 残差范数=0.036097
2025-08-25 02:43:07,291 - DEBUG - 🔍 获取visibility信息: 形状=(21,), 范围=[1.000, 1.000]
2025-08-25 02:43:07,291 - DEBUG - 🔧 设置图像置信度权重: 21个点
2025-08-25 02:43:07,291 - DEBUG - 🔍 开始计算权重矩阵:
2025-08-25 02:43:07,291 - DEBUG -    点类型: ['pupil_center', 'iris_boundaries', 'iris_boundaries', 'iris_boundaries', 'iris_boundaries', 'eye_contours', 'eye_contours', 'eye_contours', 'eye_contours', 'eye_contours', 'eye_contours', 'eye_contours', 'eye_contours', 'eye_contours', 'eye_contours', 'eye_contours', 'eye_contours', 'eye_contours', 'eye_contours', 'eye_contours', 'eye_contours']
2025-08-25 02:43:07,291 - DEBUG -    残差向量: 形状=(21,), 范数=0.036097
2025-08-25 02:43:07,291 - DEBUG -    Visibility: 形状=(21,), 均值=1.000
2025-08-25 02:43:07,291 - DEBUG - 🔍 权重矩阵计算成功: 形状=(21, 21)
2025-08-25 02:43:07,291 - DEBUG - 🔍 几何权重统计:
2025-08-25 02:43:07,291 - DEBUG -    权重向量: [[1.]
 [1.]
 [1.]
 [1.]
 [1.]
 [1.]
 [1.]
 [1.]
 [1.]
 [1.]
 [1.]
 [1.]
 [1.]
 [1.]
 [1.]
 [1.]
 [1.]
 [1.]
 [1.]
 [1.]
 [1.]]
2025-08-25 02:43:07,291 - DEBUG -    权重范围: [1.000000, 1.000000]
2025-08-25 02:43:07,291 - DEBUG -    权重均值: 1.000000
2025-08-25 02:43:07,291 - DEBUG -    权重标准差: 0.000000
2025-08-25 02:43:07,291 - DEBUG -    高权重点(>0.8): 21/21
2025-08-25 02:43:07,291 - DEBUG -    低权重点(<0.2): 0/21
2025-08-25 02:43:07,291 - INFO - -----------------------------------------------------------------------------------
2025-08-25 02:43:07,291 - DEBUG - 🔍 开始求解LM更新方程:
2025-08-25 02:43:07,291 - DEBUG -    数据残差: 形状=(21,), 范数=0.036097
2025-08-25 02:43:07,291 - DEBUG -    约束残差: 形状=(1,), 范数=0.000051
2025-08-25 02:43:07,291 - DEBUG - 🔍 计算数据残差雅可比矩阵 J_f: 形状=(21, 4)
2025-08-25 02:43:07,291 - DEBUG - 🔍 J_f矩阵计算完成: 条件数=8.74e+00
2025-08-25 02:43:07,291 - DEBUG - 🔍 深度约束雅可比计算: u=-2.954945, σ=0.049503, J_h=[[ 0.          0.         -0.04950331  0.        ]]
2025-08-25 02:43:07,291 - DEBUG - 🔍 半径先验雅可比: J_r=[[0. 0. 0. 1.]]
2025-08-25 02:43:07,291 - DEBUG - 🔍 使用几何权重矩阵: 形状=(21, 21)
2025-08-25 02:43:07,291 - DEBUG - 🔍 Hessian矩阵计算:
2025-08-25 02:43:07,291 - DEBUG -    H_data = J_f^T W J_f: 形状=(4, 4), 条件数=7.64e+01
2025-08-25 02:43:07,291 - DEBUG -    H_h = λ_depth J_h^T J_h: 形状=(4, 4), λ_depth=1000.0
2025-08-25 02:43:07,291 - DEBUG -    H_r = λ_radius J_r^T J_r: 形状=(4, 4), λ_radius=20.0
2025-08-25 02:43:07,291 - DEBUG -    H_total: 形状=(4, 4), 条件数=1.20e+01
2025-08-25 02:43:07,299 - DEBUG - 🔍 梯度计算:
2025-08-25 02:43:07,299 - DEBUG -    g_data: 形状=(4,), 范数=0.082732
2025-08-25 02:43:07,299 - DEBUG -    g_h: 形状=(4,), 范数=0.002513
2025-08-25 02:43:07,299 - DEBUG -    g_r: 形状=(4,), 范数=0.036140
2025-08-25 02:43:07,299 - DEBUG -    g_total: 形状=(4,), 范数=0.076488
2025-08-25 02:43:07,299 - DEBUG - 🔍 LM阻尼矩阵: H_lm = H_total + 1.0 * I
2025-08-25 02:43:07,299 - DEBUG -    H_lm条件数: 9.65e+00
2025-08-25 02:43:07,299 - DEBUG - 🔍 线性方程组求解成功:
2025-08-25 02:43:07,299 - DEBUG -    参数更新向量 Δθ: [[ 0.00544804]
 [-0.00306949]
 [-0.00234847]
 [-0.00091087]]
2025-08-25 02:43:07,299 - DEBUG -    更新向量范数: 0.006742
2025-08-25 02:43:07,299 - DEBUG -    各分量更新: Δc_x=0.005448, Δc_y=-0.003069, Δc_z=-0.002348, Δr=-0.000911
2025-08-25 02:43:07,299 - DEBUG -    参数更新:
2025-08-25 02:43:07,299 - DEBUG -      旧参数: [[0.02226919]
 [0.02372381]
 [0.60397704]
 [0.01380699]]
2025-08-25 02:43:07,299 - DEBUG -      更新向量: [[ 0.00544804]
 [-0.00306949]
 [-0.00234847]
 [-0.00091087]]
2025-08-25 02:43:07,299 - DEBUG -      新参数: [[0.02771723]
 [0.02065431]
 [0.60162857]
 [0.01289611]]
2025-08-25 02:43:07,299 - INFO - -----------------------------------------------------------------------------------
2025-08-25 02:43:07,299 - INFO - 🔍 迭代第4次，球心向左5.448041mm，向上3.069493mm，向前2.348468mm，半径变小0.910871mm
2025-08-25 02:43:07,299 - INFO - 📊 变化前: 中心(0.022, 0.024, 0.604), 半径13.81mm
2025-08-25 02:43:07,299 - INFO - 📊 变化后: 中心(0.028, 0.021, 0.602), 半径12.90mm
2025-08-25 02:43:07,299 - INFO - 📈 变化量: 中心移动6.25mm, 半径变化0.91mm
2025-08-25 02:43:07,299 - INFO - 📍 眼球中心: [0.02226919 0.02372381 0.60397704]
2025-08-25 02:43:07,299 - INFO - 📏 眼球半径: 13.81mm
2025-08-25 02:43:07,299 - INFO - 👁️ 瞳孔中心: [0.016      0.02533333 0.60000002]
2025-08-25 02:43:07,299 - INFO - 📐 眼球中心在瞳孔中心的右6.27mm，上1.61mm，后3.98mm
2025-08-25 02:43:07,299 - INFO - 📏 距离: 7.60mm
2025-08-25 02:43:07,299 - INFO - -----------------------------------------------------------------------------------
2025-08-25 02:43:07,299 - INFO - -----------------------------------------------------------------------------------
2025-08-25 02:43:07,299 - DEBUG - 🔍 参数有效性检查:
2025-08-25 02:43:07,299 - DEBUG -    参数向量: [[0.02771723]
 [0.02065431]
 [0.60162857]
 [0.01289611]]
2025-08-25 02:43:07,299 - DEBUG -    球心: [0.02771723 0.02065431 0.60162857]
2025-08-25 02:43:07,299 - DEBUG -    半径: 0.012896
2025-08-25 02:43:07,307 - DEBUG - 🔍 函数值计算详情:
2025-08-25 02:43:07,308 - DEBUG -    数据项 F(θ): 0.000652
2025-08-25 02:43:07,308 - DEBUG -    深度约束项: 0.000001
2025-08-25 02:43:07,308 - DEBUG -    半径先验项: 0.000033
2025-08-25 02:43:07,308 - DEBUG -    总函数值 Φ(θ): 0.000685
2025-08-25 02:43:07,308 - DEBUG -    函数值改善: 0.000000
2025-08-25 02:43:07,309 - DEBUG - 🔍 参数有效: True
2025-08-25 02:43:07,309 - DEBUG -    参数更新成功:
2025-08-25 02:43:07,309 - DEBUG -      新球心: [0.02771723 0.02065431 0.60162857]
2025-08-25 02:43:07,309 - DEBUG -      新半径: 0.012896
2025-08-25 02:43:07,310 - INFO - -----------------------------------------------------------------------------------
2025-08-25 02:43:07,310 - DEBUG - 🔍 LM收敛性检查:
2025-08-25 02:43:07,310 - DEBUG -    当前迭代次数: 4
2025-08-25 02:43:07,310 - DEBUG -    最大迭代次数: 30
2025-08-25 02:43:07,310 - DEBUG -    参数变化: 0.006742
2025-08-25 02:43:07,310 - DEBUG -    参数容忍度: 5e-06
2025-08-25 02:43:07,311 - DEBUG -    残差变化: 0.000000
2025-08-25 02:43:07,311 - DEBUG -    残差容忍度: 5e-06
2025-08-25 02:43:07,311 - DEBUG - 🔍 迭代 6/30:
2025-08-25 02:43:07,311 - DEBUG - 🔍 计算点到球心距离: 形状=(21,)
2025-08-25 02:43:07,311 - DEBUG - 🔍 生理偏差向量计算:
2025-08-25 02:43:07,312 - DEBUG -    点类型列表: ['pupil_center', 'iris_boundaries', 'iris_boundaries', 'iris_boundaries', 'iris_boundaries', 'eye_contours', 'eye_contours', 'eye_contours', 'eye_contours', 'eye_contours', 'eye_contours', 'eye_contours', 'eye_contours', 'eye_contours', 'eye_contours', 'eye_contours', 'eye_contours', 'eye_contours', 'eye_contours', 'eye_contours', 'eye_contours']
2025-08-25 02:43:07,312 - DEBUG -    偏差向量: [0.0002  0.00085 0.00085 0.00085 0.00085 0.0015  0.0015  0.0015  0.0015
 0.0015  0.0015  0.0015  0.0015  0.0015  0.0015  0.0015  0.0015  0.0015
 0.0015  0.0015  0.0015 ]
2025-08-25 02:43:07,312 - DEBUG -    向量形状: (21,)
2025-08-25 02:43:07,312 - DEBUG -    偏差统计: 均值=0.001314, 标准差=0.000356
2025-08-25 02:43:07,313 - DEBUG - 获取生理偏差: 点类型=['pupil_center', 'iris_boundaries', 'iris_boundaries', 'iris_boundaries', 'iris_boundaries', 'eye_contours', 'eye_contours', 'eye_contours', 'eye_contours', 'eye_contours', 'eye_contours', 'eye_contours', 'eye_contours', 'eye_contours', 'eye_contours', 'eye_contours', 'eye_contours', 'eye_contours', 'eye_contours', 'eye_contours', 'eye_contours'], 偏差值=[0.0002  0.00085 0.00085 0.00085 0.00085 0.0015  0.0015  0.0015  0.0015
 0.0015  0.0015  0.0015  0.0015  0.0015  0.0015  0.0015  0.0015  0.0015
 0.0015  0.0015  0.0015 ]
2025-08-25 02:43:07,313 - INFO - -----------------------------------------------------------------------------------
2025-08-25 02:43:07,313 - DEBUG - 🔍 拟合残差计算详情:
2025-08-25 02:43:07,314 - DEBUG -    球心坐标: [0.02771723 0.02065431 0.60162857]
2025-08-25 02:43:07,314 - DEBUG -    球体半径: 0.012896
2025-08-25 02:43:07,314 - DEBUG -    采样点数: 21
2025-08-25 02:43:07,314 - DEBUG -    点类型分布: {'eye_contours': 16, 'iris_boundaries': 4, 'pupil_center': 1}
2025-08-25 02:43:07,315 - DEBUG -    理论距离向量: [0.01309611 0.01374611 0.01374611 0.01374611 0.01374611 0.01439611
 0.01439611 0.01439611 0.01439611 0.01439611 0.01439611 0.01439611
 0.01439611 0.01439611 0.01439611 0.01439611 0.01439611 0.01439611
 0.01439611 0.01439611 0.01439611]
2025-08-25 02:43:07,315 - DEBUG -    实际距离向量: [0.01272159 0.00515583 0.01199962 0.02225385 0.01825474 0.0381172
 0.03484861 0.03144167 0.02672997 0.01982357 0.01372935 0.01103098
 0.01276507 0.01427604 0.01007977 0.00277085 0.00792846 0.01684841
 0.0257808  0.03165425 0.03520879]
2025-08-25 02:43:07,315 - DEBUG -    生理偏差向量: [0.0002  0.00085 0.00085 0.00085 0.00085 0.0015  0.0015  0.0015  0.0015
 0.0015  0.0015  0.0015  0.0015  0.0015  0.0015  0.0015  0.0015  0.0015
 0.0015  0.0015  0.0015 ]
2025-08-25 02:43:07,315 - DEBUG -    残差向量 f(θ): 
[[-0.00037452]
 [-0.00859029]
 [-0.00174649]
 [ 0.00850773]
 [ 0.00450863]
 [ 0.02372109]
 [ 0.02045249]
 [ 0.01704556]
 [ 0.01233385]
 [ 0.00542746]
 [-0.00066677]
 [-0.00336513]
 [-0.00163105]
 [-0.00012008]
 [-0.00431634]
 [-0.01162527]
 [-0.00646765]
 [ 0.00245229]
 [ 0.01138468]
 [ 0.01725814]
 [ 0.02081268]]
2025-08-25 02:43:07,315 - DEBUG -    平均残差范数: 0.002474
2025-08-25 02:43:07,316 - DEBUG -    残差范数=0.051957
2025-08-25 02:43:07,316 - INFO - -----------------------------------------------------------------------------------
2025-08-25 02:43:07,316 - DEBUG - 🔍 深度约束计算详情 (softplus):
2025-08-25 02:43:07,316 - DEBUG -    采样点Z坐标范围: [0.599922, 0.600822]
2025-08-25 02:43:07,316 - DEBUG -    球心Z坐标: 0.601629
2025-08-25 02:43:07,316 - DEBUG -    深度偏移ε: 0.000200
2025-08-25 02:43:07,316 - DEBUG -    softplus参数τ: 0.001000
2025-08-25 02:43:07,316 - DEBUG -    原始违反值: -0.000606
2025-08-25 02:43:07,316 - DEBUG -    softplus输入 u: -0.606477
2025-08-25 02:43:07,316 - DEBUG -    约束惩罚 h(θ): 0.000435
2025-08-25 02:43:07,318 - DEBUG -    🟢 深度约束满足: 球心深度足够
2025-08-25 02:43:07,318 - INFO - -----------------------------------------------------------------------------------
2025-08-25 02:43:07,318 - DEBUG - 🔍 半径惩罚计算详情:
2025-08-25 02:43:07,318 - DEBUG -    当前半径: 0.012896
2025-08-25 02:43:07,318 - DEBUG -    半径先验值: 0.012000
2025-08-25 02:43:07,318 - DEBUG -    半径残差 r(θ): 0.000896
2025-08-25 02:43:07,318 - DEBUG -    数据残差 f(θ): [[-0.00037452]
 [-0.00859029]
 [-0.00174649]
 [ 0.00850773]
 [ 0.00450863]
 [ 0.02372109]
 [ 0.02045249]
 [ 0.01704556]
 [ 0.01233385]
 [ 0.00542746]
 [-0.00066677]
 [-0.00336513]
 [-0.00163105]
 [-0.00012008]
 [-0.00431634]
 [-0.01162527]
 [-0.00646765]
 [ 0.00245229]
 [ 0.01138468]
 [ 0.01725814]
 [ 0.02081268]]
2025-08-25 02:43:07,318 - DEBUG -    约束残差 g(θ): [[0.0004352]]
2025-08-25 02:43:07,318 - DEBUG -    半径残差 r(θ): [[0.00089611]]
2025-08-25 02:43:07,318 - DEBUG - 🔍 状态变化计算: 参数变化=0.006742, 残差变化=0.015859
2025-08-25 02:43:07,318 - INFO - -----------------------------------------------------------------------------------
2025-08-25 02:43:07,318 - DEBUG - 🔍 权重管理器状态更新详情:
2025-08-25 02:43:07,318 - DEBUG -    当前迭代: 5
2025-08-25 02:43:07,318 - DEBUG -    参数变化: 0.006742 (阈值: 0.000005)
2025-08-25 02:43:07,318 - DEBUG -    残差变化: 0.015859 (阈值: 0.000005)
2025-08-25 02:43:07,318 - DEBUG -    几何权重因子: 10
2025-08-25 02:43:07,318 - DEBUG - ⏸️ 保持图像置信度权重: 参数变化=6.74e-03, 残差变化=1.59e-02
2025-08-25 02:43:07,318 - DEBUG - 状态已保存: 参数=[0.02771723 0.02065431 0.60162857 0.01289611], 残差范数=0.051957
2025-08-25 02:43:07,318 - DEBUG - 🔍 获取visibility信息: 形状=(21,), 范围=[1.000, 1.000]
2025-08-25 02:43:07,318 - DEBUG - 🔧 设置图像置信度权重: 21个点
2025-08-25 02:43:07,318 - DEBUG - 🔍 开始计算权重矩阵:
2025-08-25 02:43:07,318 - DEBUG -    点类型: ['pupil_center', 'iris_boundaries', 'iris_boundaries', 'iris_boundaries', 'iris_boundaries', 'eye_contours', 'eye_contours', 'eye_contours', 'eye_contours', 'eye_contours', 'eye_contours', 'eye_contours', 'eye_contours', 'eye_contours', 'eye_contours', 'eye_contours', 'eye_contours', 'eye_contours', 'eye_contours', 'eye_contours', 'eye_contours']
2025-08-25 02:43:07,318 - DEBUG -    残差向量: 形状=(21,), 范数=0.051957
2025-08-25 02:43:07,318 - DEBUG -    Visibility: 形状=(21,), 均值=1.000
2025-08-25 02:43:07,318 - DEBUG - 🔍 权重矩阵计算成功: 形状=(21, 21)
2025-08-25 02:43:07,318 - DEBUG - 🔍 几何权重统计:
2025-08-25 02:43:07,324 - DEBUG -    权重向量: [[1.]
 [1.]
 [1.]
 [1.]
 [1.]
 [1.]
 [1.]
 [1.]
 [1.]
 [1.]
 [1.]
 [1.]
 [1.]
 [1.]
 [1.]
 [1.]
 [1.]
 [1.]
 [1.]
 [1.]
 [1.]]
2025-08-25 02:43:07,324 - DEBUG -    权重范围: [1.000000, 1.000000]
2025-08-25 02:43:07,324 - DEBUG -    权重均值: 1.000000
2025-08-25 02:43:07,324 - DEBUG -    权重标准差: 0.000000
2025-08-25 02:43:07,324 - DEBUG -    高权重点(>0.8): 21/21
2025-08-25 02:43:07,324 - DEBUG -    低权重点(<0.2): 0/21
2025-08-25 02:43:07,324 - INFO - -----------------------------------------------------------------------------------
2025-08-25 02:43:07,324 - DEBUG - 🔍 开始求解LM更新方程:
2025-08-25 02:43:07,324 - DEBUG -    数据残差: 形状=(21,), 范数=0.051957
2025-08-25 02:43:07,324 - DEBUG -    约束残差: 形状=(1,), 范数=0.000435
2025-08-25 02:43:07,324 - DEBUG - 🔍 计算数据残差雅可比矩阵 J_f: 形状=(21, 4)
2025-08-25 02:43:07,324 - DEBUG - 🔍 J_f矩阵计算完成: 条件数=1.26e+01
2025-08-25 02:43:07,324 - DEBUG - 🔍 深度约束雅可比计算: u=-0.606477, σ=0.352863, J_h=[[ 0.          0.         -0.35286333  0.        ]]
2025-08-25 02:43:07,324 - DEBUG - 🔍 半径先验雅可比: J_r=[[0. 0. 0. 1.]]
2025-08-25 02:43:07,324 - DEBUG - 🔍 使用几何权重矩阵: 形状=(21, 21)
2025-08-25 02:43:07,324 - DEBUG - 🔍 Hessian矩阵计算:
2025-08-25 02:43:07,324 - DEBUG -    H_data = J_f^T W J_f: 形状=(4, 4), 条件数=1.60e+02
2025-08-25 02:43:07,324 - DEBUG -    H_h = λ_depth J_h^T J_h: 形状=(4, 4), λ_depth=1000.0
2025-08-25 02:43:07,324 - DEBUG -    H_r = λ_radius J_r^T J_r: 形状=(4, 4), λ_radius=20.0
2025-08-25 02:43:07,324 - DEBUG -    H_total: 形状=(4, 4), 条件数=3.15e+01
2025-08-25 02:43:07,324 - DEBUG - 🔍 梯度计算:
2025-08-25 02:43:07,324 - DEBUG -    g_data: 形状=(4,), 范数=0.175007
2025-08-25 02:43:07,324 - DEBUG -    g_h: 形状=(4,), 范数=0.153565
2025-08-25 02:43:07,324 - DEBUG -    g_r: 形状=(4,), 范数=0.017922
2025-08-25 02:43:07,324 - DEBUG -    g_total: 形状=(4,), 范数=0.221870
2025-08-25 02:43:07,324 - DEBUG - 🔍 LM阻尼矩阵: H_lm = H_total + 1.0 * I
2025-08-25 02:43:07,324 - DEBUG -    H_lm条件数: 2.54e+01
2025-08-25 02:43:07,324 - DEBUG - 🔍 线性方程组求解成功:
2025-08-25 02:43:07,324 - DEBUG -    参数更新向量 Δθ: [[ 0.00935827]
 [-0.00097827]
 [ 0.00114089]
 [-0.00051905]]
2025-08-25 02:43:07,324 - DEBUG -    更新向量范数: 0.009492
2025-08-25 02:43:07,324 - DEBUG -    各分量更新: Δc_x=0.009358, Δc_y=-0.000978, Δc_z=0.001141, Δr=-0.000519
2025-08-25 02:43:07,324 - DEBUG -    参数更新:
2025-08-25 02:43:07,324 - DEBUG -      旧参数: [[0.02771723]
 [0.02065431]
 [0.60162857]
 [0.01289611]]
2025-08-25 02:43:07,324 - DEBUG -      更新向量: [[ 0.00935827]
 [-0.00097827]
 [ 0.00114089]
 [-0.00051905]]
2025-08-25 02:43:07,324 - DEBUG -      新参数: [[0.0370755 ]
 [0.01967604]
 [0.60276946]
 [0.01237706]]
2025-08-25 02:43:07,324 - INFO - -----------------------------------------------------------------------------------
2025-08-25 02:43:07,324 - INFO - 🔍 迭代第5次，球心向左9.358270mm，向上0.978271mm，向后1.140895mm，半径变小0.519053mm
2025-08-25 02:43:07,324 - INFO - 📊 变化前: 中心(0.028, 0.021, 0.602), 半径12.90mm
2025-08-25 02:43:07,324 - INFO - 📊 变化后: 中心(0.037, 0.020, 0.603), 半径12.38mm
2025-08-25 02:43:07,332 - INFO - 📈 变化量: 中心移动9.41mm, 半径变化0.52mm
2025-08-25 02:43:07,332 - INFO - 📍 眼球中心: [0.02771723 0.02065431 0.60162857]
2025-08-25 02:43:07,332 - INFO - 📏 眼球半径: 12.90mm
2025-08-25 02:43:07,332 - INFO - 👁️ 瞳孔中心: [0.016      0.02533333 0.60000002]
2025-08-25 02:43:07,332 - INFO - 📐 眼球中心在瞳孔中心的右11.72mm，上4.68mm，后1.63mm
2025-08-25 02:43:07,332 - INFO - 📏 距离: 12.72mm
2025-08-25 02:43:07,332 - INFO - -----------------------------------------------------------------------------------
2025-08-25 02:43:07,332 - INFO - -----------------------------------------------------------------------------------
2025-08-25 02:43:07,332 - DEBUG - 🔍 参数有效性检查:
2025-08-25 02:43:07,332 - DEBUG -    参数向量: [[0.0370755 ]
 [0.01967604]
 [0.60276946]
 [0.01237706]]
2025-08-25 02:43:07,332 - DEBUG -    球心: [0.0370755  0.01967604 0.60276946]
2025-08-25 02:43:07,332 - DEBUG -    半径: 0.012377
2025-08-25 02:43:07,332 - DEBUG - 🔍 函数值计算详情:
2025-08-25 02:43:07,332 - DEBUG -    数据项 F(θ): 0.001350
2025-08-25 02:43:07,332 - DEBUG -    深度约束项: 0.000095
2025-08-25 02:43:07,332 - DEBUG -    半径先验项: 0.000008
2025-08-25 02:43:07,332 - DEBUG -    总函数值 Φ(θ): 0.001452
2025-08-25 02:43:07,332 - DEBUG -    函数值改善: -0.000767
2025-08-25 02:43:07,332 - DEBUG - 🔍 参数有效: False
2025-08-25 02:43:07,332 - DEBUG -    参数无效，阻尼因子调整: λ_LM = 1.00e+01
2025-08-25 02:43:07,332 - DEBUG - 🔍 迭代 7/30:
2025-08-25 02:43:07,332 - DEBUG - 🔍 计算点到球心距离: 形状=(21,)
2025-08-25 02:43:07,332 - DEBUG - 🔍 生理偏差向量计算:
2025-08-25 02:43:07,332 - DEBUG -    点类型列表: ['pupil_center', 'iris_boundaries', 'iris_boundaries', 'iris_boundaries', 'iris_boundaries', 'eye_contours', 'eye_contours', 'eye_contours', 'eye_contours', 'eye_contours', 'eye_contours', 'eye_contours', 'eye_contours', 'eye_contours', 'eye_contours', 'eye_contours', 'eye_contours', 'eye_contours', 'eye_contours', 'eye_contours', 'eye_contours']
2025-08-25 02:43:07,332 - DEBUG -    偏差向量: [0.0002  0.00085 0.00085 0.00085 0.00085 0.0015  0.0015  0.0015  0.0015
 0.0015  0.0015  0.0015  0.0015  0.0015  0.0015  0.0015  0.0015  0.0015
 0.0015  0.0015  0.0015 ]
2025-08-25 02:43:07,332 - DEBUG -    向量形状: (21,)
2025-08-25 02:43:07,332 - DEBUG -    偏差统计: 均值=0.001314, 标准差=0.000356
2025-08-25 02:43:07,332 - DEBUG - 获取生理偏差: 点类型=['pupil_center', 'iris_boundaries', 'iris_boundaries', 'iris_boundaries', 'iris_boundaries', 'eye_contours', 'eye_contours', 'eye_contours', 'eye_contours', 'eye_contours', 'eye_contours', 'eye_contours', 'eye_contours', 'eye_contours', 'eye_contours', 'eye_contours', 'eye_contours', 'eye_contours', 'eye_contours', 'eye_contours', 'eye_contours'], 偏差值=[0.0002  0.00085 0.00085 0.00085 0.00085 0.0015  0.0015  0.0015  0.0015
 0.0015  0.0015  0.0015  0.0015  0.0015  0.0015  0.0015  0.0015  0.0015
 0.0015  0.0015  0.0015 ]
2025-08-25 02:43:07,332 - INFO - -----------------------------------------------------------------------------------
2025-08-25 02:43:07,332 - DEBUG - 🔍 拟合残差计算详情:
2025-08-25 02:43:07,332 - DEBUG -    球心坐标: [0.02771723 0.02065431 0.60162857]
2025-08-25 02:43:07,332 - DEBUG -    球体半径: 0.012896
2025-08-25 02:43:07,332 - DEBUG -    采样点数: 21
2025-08-25 02:43:07,332 - DEBUG -    点类型分布: {'eye_contours': 16, 'iris_boundaries': 4, 'pupil_center': 1}
2025-08-25 02:43:07,332 - DEBUG -    理论距离向量: [0.01309611 0.01374611 0.01374611 0.01374611 0.01374611 0.01439611
 0.01439611 0.01439611 0.01439611 0.01439611 0.01439611 0.01439611
 0.01439611 0.01439611 0.01439611 0.01439611 0.01439611 0.01439611
 0.01439611 0.01439611 0.01439611]
2025-08-25 02:43:07,341 - DEBUG -    实际距离向量: [0.01272159 0.00515583 0.01199962 0.02225385 0.01825474 0.0381172
 0.03484861 0.03144167 0.02672997 0.01982357 0.01372935 0.01103098
 0.01276507 0.01427604 0.01007977 0.00277085 0.00792846 0.01684841
 0.0257808  0.03165425 0.03520879]
2025-08-25 02:43:07,343 - DEBUG -    生理偏差向量: [0.0002  0.00085 0.00085 0.00085 0.00085 0.0015  0.0015  0.0015  0.0015
 0.0015  0.0015  0.0015  0.0015  0.0015  0.0015  0.0015  0.0015  0.0015
 0.0015  0.0015  0.0015 ]
2025-08-25 02:43:07,343 - DEBUG -    残差向量 f(θ): 
[[-0.00037452]
 [-0.00859029]
 [-0.00174649]
 [ 0.00850773]
 [ 0.00450863]
 [ 0.02372109]
 [ 0.02045249]
 [ 0.01704556]
 [ 0.01233385]
 [ 0.00542746]
 [-0.00066677]
 [-0.00336513]
 [-0.00163105]
 [-0.00012008]
 [-0.00431634]
 [-0.01162527]
 [-0.00646765]
 [ 0.00245229]
 [ 0.01138468]
 [ 0.01725814]
 [ 0.02081268]]
2025-08-25 02:43:07,343 - DEBUG -    平均残差范数: 0.002474
2025-08-25 02:43:07,343 - DEBUG -    残差范数=0.051957
2025-08-25 02:43:07,343 - INFO - -----------------------------------------------------------------------------------
2025-08-25 02:43:07,343 - DEBUG - 🔍 深度约束计算详情 (softplus):
2025-08-25 02:43:07,343 - DEBUG -    采样点Z坐标范围: [0.599922, 0.600822]
2025-08-25 02:43:07,343 - DEBUG -    球心Z坐标: 0.601629
2025-08-25 02:43:07,343 - DEBUG -    深度偏移ε: 0.000200
2025-08-25 02:43:07,343 - DEBUG -    softplus参数τ: 0.001000
2025-08-25 02:43:07,343 - DEBUG -    原始违反值: -0.000606
2025-08-25 02:43:07,343 - DEBUG -    softplus输入 u: -0.606477
2025-08-25 02:43:07,343 - DEBUG -    约束惩罚 h(θ): 0.000435
2025-08-25 02:43:07,343 - DEBUG -    🟢 深度约束满足: 球心深度足够
2025-08-25 02:43:07,343 - INFO - -----------------------------------------------------------------------------------
2025-08-25 02:43:07,343 - DEBUG - 🔍 半径惩罚计算详情:
2025-08-25 02:43:07,343 - DEBUG -    当前半径: 0.012896
2025-08-25 02:43:07,343 - DEBUG -    半径先验值: 0.012000
2025-08-25 02:43:07,343 - DEBUG -    半径残差 r(θ): 0.000896
2025-08-25 02:43:07,343 - DEBUG -    数据残差 f(θ): [[-0.00037452]
 [-0.00859029]
 [-0.00174649]
 [ 0.00850773]
 [ 0.00450863]
 [ 0.02372109]
 [ 0.02045249]
 [ 0.01704556]
 [ 0.01233385]
 [ 0.00542746]
 [-0.00066677]
 [-0.00336513]
 [-0.00163105]
 [-0.00012008]
 [-0.00431634]
 [-0.01162527]
 [-0.00646765]
 [ 0.00245229]
 [ 0.01138468]
 [ 0.01725814]
 [ 0.02081268]]
2025-08-25 02:43:07,348 - DEBUG -    约束残差 g(θ): [[0.0004352]]
2025-08-25 02:43:07,348 - DEBUG -    半径残差 r(θ): [[0.00089611]]
2025-08-25 02:43:07,348 - DEBUG - 🔍 状态变化计算: 参数变化=0.000000, 残差变化=0.000000
2025-08-25 02:43:07,348 - INFO - -----------------------------------------------------------------------------------
2025-08-25 02:43:07,348 - DEBUG - 🔍 权重管理器状态更新详情:
2025-08-25 02:43:07,348 - DEBUG -    当前迭代: 6
2025-08-25 02:43:07,348 - DEBUG -    参数变化: 0.000000 (阈值: 0.000005)
2025-08-25 02:43:07,348 - DEBUG -    残差变化: 0.000000 (阈值: 0.000005)
2025-08-25 02:43:07,348 - DEBUG -    几何权重因子: 10
2025-08-25 02:43:07,348 - DEBUG - ⏸️ 保持图像置信度权重: 参数变化=0.00e+00, 残差变化=0.00e+00
2025-08-25 02:43:07,348 - DEBUG - 状态已保存: 参数=[0.02771723 0.02065431 0.60162857 0.01289611], 残差范数=0.051957
2025-08-25 02:43:07,348 - DEBUG - 🔍 获取visibility信息: 形状=(21,), 范围=[1.000, 1.000]
2025-08-25 02:43:07,348 - DEBUG - 🔧 设置图像置信度权重: 21个点
2025-08-25 02:43:07,348 - DEBUG - 🔍 开始计算权重矩阵:
2025-08-25 02:43:07,348 - DEBUG -    点类型: ['pupil_center', 'iris_boundaries', 'iris_boundaries', 'iris_boundaries', 'iris_boundaries', 'eye_contours', 'eye_contours', 'eye_contours', 'eye_contours', 'eye_contours', 'eye_contours', 'eye_contours', 'eye_contours', 'eye_contours', 'eye_contours', 'eye_contours', 'eye_contours', 'eye_contours', 'eye_contours', 'eye_contours', 'eye_contours']
2025-08-25 02:43:07,348 - DEBUG -    残差向量: 形状=(21,), 范数=0.051957
2025-08-25 02:43:07,348 - DEBUG -    Visibility: 形状=(21,), 均值=1.000
2025-08-25 02:43:07,348 - DEBUG - 🔍 权重矩阵计算成功: 形状=(21, 21)
2025-08-25 02:43:07,348 - DEBUG - 🔍 几何权重统计:
2025-08-25 02:43:07,348 - DEBUG -    权重向量: [[1.]
 [1.]
 [1.]
 [1.]
 [1.]
 [1.]
 [1.]
 [1.]
 [1.]
 [1.]
 [1.]
 [1.]
 [1.]
 [1.]
 [1.]
 [1.]
 [1.]
 [1.]
 [1.]
 [1.]
 [1.]]
2025-08-25 02:43:07,348 - DEBUG -    权重范围: [1.000000, 1.000000]
2025-08-25 02:43:07,348 - DEBUG -    权重均值: 1.000000
2025-08-25 02:43:07,348 - DEBUG -    权重标准差: 0.000000
2025-08-25 02:43:07,348 - DEBUG -    高权重点(>0.8): 21/21
2025-08-25 02:43:07,348 - DEBUG -    低权重点(<0.2): 0/21
2025-08-25 02:43:07,348 - INFO - -----------------------------------------------------------------------------------
2025-08-25 02:43:07,348 - DEBUG - 🔍 开始求解LM更新方程:
2025-08-25 02:43:07,348 - DEBUG -    数据残差: 形状=(21,), 范数=0.051957
2025-08-25 02:43:07,353 - DEBUG -    约束残差: 形状=(1,), 范数=0.000435
2025-08-25 02:43:07,353 - DEBUG - 🔍 计算数据残差雅可比矩阵 J_f: 形状=(21, 4)
2025-08-25 02:43:07,353 - DEBUG - 🔍 J_f矩阵计算完成: 条件数=1.26e+01
2025-08-25 02:43:07,353 - DEBUG - 🔍 深度约束雅可比计算: u=-0.606477, σ=0.352863, J_h=[[ 0.          0.         -0.35286333  0.        ]]
2025-08-25 02:43:07,353 - DEBUG - 🔍 半径先验雅可比: J_r=[[0. 0. 0. 1.]]
2025-08-25 02:43:07,353 - DEBUG - 🔍 使用几何权重矩阵: 形状=(21, 21)
2025-08-25 02:43:07,353 - DEBUG - 🔍 Hessian矩阵计算:
2025-08-25 02:43:07,353 - DEBUG -    H_data = J_f^T W J_f: 形状=(4, 4), 条件数=1.60e+02
2025-08-25 02:43:07,353 - DEBUG -    H_h = λ_depth J_h^T J_h: 形状=(4, 4), λ_depth=1000.0
2025-08-25 02:43:07,353 - DEBUG -    H_r = λ_radius J_r^T J_r: 形状=(4, 4), λ_radius=20.0
2025-08-25 02:43:07,356 - DEBUG -    H_total: 形状=(4, 4), 条件数=3.15e+01
2025-08-25 02:43:07,357 - DEBUG - 🔍 梯度计算:
2025-08-25 02:43:07,357 - DEBUG -    g_data: 形状=(4,), 范数=0.175007
2025-08-25 02:43:07,357 - DEBUG -    g_h: 形状=(4,), 范数=0.153565
2025-08-25 02:43:07,357 - DEBUG -    g_r: 形状=(4,), 范数=0.017922
2025-08-25 02:43:07,357 - DEBUG -    g_total: 形状=(4,), 范数=0.221870
2025-08-25 02:43:07,357 - DEBUG - 🔍 LM阻尼矩阵: H_lm = H_total + 10.0 * I
2025-08-25 02:43:07,357 - DEBUG -    H_lm条件数: 9.67e+00
2025-08-25 02:43:07,357 - DEBUG - 🔍 线性方程组求解成功:
2025-08-25 02:43:07,357 - DEBUG -    参数更新向量 Δθ: [[ 0.00548544]
 [-0.00014546]
 [ 0.00106863]
 [ 0.00050839]]
2025-08-25 02:43:07,357 - DEBUG -    更新向量范数: 0.005614
2025-08-25 02:43:07,357 - DEBUG -    各分量更新: Δc_x=0.005485, Δc_y=-0.000145, Δc_z=0.001069, Δr=0.000508
2025-08-25 02:43:07,357 - DEBUG -    参数更新:
2025-08-25 02:43:07,357 - DEBUG -      旧参数: [[0.02771723]
 [0.02065431]
 [0.60162857]
 [0.01289611]]
2025-08-25 02:43:07,357 - DEBUG -      更新向量: [[ 0.00548544]
 [-0.00014546]
 [ 0.00106863]
 [ 0.00050839]]
2025-08-25 02:43:07,357 - DEBUG -      新参数: [[0.03320268]
 [0.02050886]
 [0.6026972 ]
 [0.0134045 ]]
2025-08-25 02:43:07,357 - INFO - -----------------------------------------------------------------------------------
2025-08-25 02:43:07,357 - INFO - 🔍 迭代第6次，球心向左5.485445mm，向上0.145456mm，向后1.068629mm，半径变大0.508388mm
2025-08-25 02:43:07,357 - INFO - 📊 变化前: 中心(0.028, 0.021, 0.602), 半径12.90mm
2025-08-25 02:43:07,357 - INFO - 📊 变化后: 中心(0.033, 0.021, 0.603), 半径13.40mm
2025-08-25 02:43:07,357 - INFO - 📈 变化量: 中心移动5.49mm, 半径变化0.51mm
2025-08-25 02:43:07,357 - INFO - 📍 眼球中心: [0.02771723 0.02065431 0.60162857]
2025-08-25 02:43:07,357 - INFO - 📏 眼球半径: 12.90mm
2025-08-25 02:43:07,357 - INFO - 👁️ 瞳孔中心: [0.016      0.02533333 0.60000002]
2025-08-25 02:43:07,357 - INFO - 📐 眼球中心在瞳孔中心的右11.72mm，上4.68mm，后1.63mm
2025-08-25 02:43:07,357 - INFO - 📏 距离: 12.72mm
2025-08-25 02:43:07,357 - INFO - -----------------------------------------------------------------------------------
2025-08-25 02:43:07,357 - INFO - -----------------------------------------------------------------------------------
2025-08-25 02:43:07,357 - DEBUG - 🔍 参数有效性检查:
2025-08-25 02:43:07,357 - DEBUG -    参数向量: [[0.03320268]
 [0.02050886]
 [0.6026972 ]
 [0.0134045 ]]
2025-08-25 02:43:07,357 - DEBUG -    球心: [0.03320268 0.02050886 0.6026972 ]
2025-08-25 02:43:07,357 - DEBUG -    半径: 0.013405
2025-08-25 02:43:07,357 - DEBUG - 🔍 函数值计算详情:
2025-08-25 02:43:07,357 - DEBUG -    数据项 F(θ): 0.001350
2025-08-25 02:43:07,357 - DEBUG -    深度约束项: 0.000095
2025-08-25 02:43:07,357 - DEBUG -    半径先验项: 0.000008
2025-08-25 02:43:07,357 - DEBUG -    总函数值 Φ(θ): 0.001452
2025-08-25 02:43:07,357 - DEBUG -    函数值改善: 0.000000
2025-08-25 02:43:07,364 - DEBUG - 🔍 参数有效: True
2025-08-25 02:43:07,364 - DEBUG -    参数更新成功:
2025-08-25 02:43:07,364 - DEBUG -      新球心: [0.03320268 0.02050886 0.6026972 ]
2025-08-25 02:43:07,364 - DEBUG -      新半径: 0.013405
2025-08-25 02:43:07,364 - INFO - -----------------------------------------------------------------------------------
2025-08-25 02:43:07,364 - DEBUG - 🔍 LM收敛性检查:
2025-08-25 02:43:07,364 - DEBUG -    当前迭代次数: 6
2025-08-25 02:43:07,364 - DEBUG -    最大迭代次数: 30
2025-08-25 02:43:07,364 - DEBUG -    参数变化: 0.005614
2025-08-25 02:43:07,364 - DEBUG -    参数容忍度: 5e-06
2025-08-25 02:43:07,364 - DEBUG -    残差变化: 0.000000
2025-08-25 02:43:07,364 - DEBUG -    残差容忍度: 5e-06
2025-08-25 02:43:07,364 - DEBUG - 🔍 迭代 8/30:
2025-08-25 02:43:07,364 - DEBUG - 🔍 计算点到球心距离: 形状=(21,)
2025-08-25 02:43:07,364 - DEBUG - 🔍 生理偏差向量计算:
2025-08-25 02:43:07,364 - DEBUG -    点类型列表: ['pupil_center', 'iris_boundaries', 'iris_boundaries', 'iris_boundaries', 'iris_boundaries', 'eye_contours', 'eye_contours', 'eye_contours', 'eye_contours', 'eye_contours', 'eye_contours', 'eye_contours', 'eye_contours', 'eye_contours', 'eye_contours', 'eye_contours', 'eye_contours', 'eye_contours', 'eye_contours', 'eye_contours', 'eye_contours']
2025-08-25 02:43:07,364 - DEBUG -    偏差向量: [0.0002  0.00085 0.00085 0.00085 0.00085 0.0015  0.0015  0.0015  0.0015
 0.0015  0.0015  0.0015  0.0015  0.0015  0.0015  0.0015  0.0015  0.0015
 0.0015  0.0015  0.0015 ]
2025-08-25 02:43:07,364 - DEBUG -    向量形状: (21,)
2025-08-25 02:43:07,364 - DEBUG -    偏差统计: 均值=0.001314, 标准差=0.000356
2025-08-25 02:43:07,364 - DEBUG - 获取生理偏差: 点类型=['pupil_center', 'iris_boundaries', 'iris_boundaries', 'iris_boundaries', 'iris_boundaries', 'eye_contours', 'eye_contours', 'eye_contours', 'eye_contours', 'eye_contours', 'eye_contours', 'eye_contours', 'eye_contours', 'eye_contours', 'eye_contours', 'eye_contours', 'eye_contours', 'eye_contours', 'eye_contours', 'eye_contours', 'eye_contours'], 偏差值=[0.0002  0.00085 0.00085 0.00085 0.00085 0.0015  0.0015  0.0015  0.0015
 0.0015  0.0015  0.0015  0.0015  0.0015  0.0015  0.0015  0.0015  0.0015
 0.0015  0.0015  0.0015 ]
2025-08-25 02:43:07,364 - INFO - -----------------------------------------------------------------------------------
2025-08-25 02:43:07,364 - DEBUG - 🔍 拟合残差计算详情:
2025-08-25 02:43:07,364 - DEBUG -    球心坐标: [0.03320268 0.02050886 0.6026972 ]
2025-08-25 02:43:07,364 - DEBUG -    球体半径: 0.013405
2025-08-25 02:43:07,364 - DEBUG -    采样点数: 21
2025-08-25 02:43:07,364 - DEBUG -    点类型分布: {'eye_contours': 16, 'iris_boundaries': 4, 'pupil_center': 1}
2025-08-25 02:43:07,364 - DEBUG -    理论距离向量: [0.0136045 0.0142545 0.0142545 0.0142545 0.0142545 0.0149045 0.0149045
 0.0149045 0.0149045 0.0149045 0.0149045 0.0149045 0.0149045 0.0149045
 0.0149045 0.0149045 0.0149045 0.0149045 0.0149045 0.0149045 0.0149045]
2025-08-25 02:43:07,364 - DEBUG -    实际距离向量: [0.01806883 0.00820693 0.01727099 0.02771012 0.02215335 0.04357473
 0.04024238 0.03674818 0.03185078 0.02445023 0.01719431 0.01161023
 0.01054359 0.01084379 0.00693658 0.00501291 0.01349863 0.02241086
 0.0313312  0.03717243 0.04069986]
2025-08-25 02:43:07,373 - DEBUG -    生理偏差向量: [0.0002  0.00085 0.00085 0.00085 0.00085 0.0015  0.0015  0.0015  0.0015
 0.0015  0.0015  0.0015  0.0015  0.0015  0.0015  0.0015  0.0015  0.0015
 0.0015  0.0015  0.0015 ]
2025-08-25 02:43:07,373 - DEBUG -    残差向量 f(θ): 
[[ 0.00446432]
 [-0.00604757]
 [ 0.00301649]
 [ 0.01345561]
 [ 0.00789885]
 [ 0.02867023]
 [ 0.02533788]
 [ 0.02184368]
 [ 0.01694628]
 [ 0.00954572]
 [ 0.00228981]
 [-0.00329427]
 [-0.00436091]
 [-0.00406071]
 [-0.00796792]
 [-0.00989159]
 [-0.00140587]
 [ 0.00750635]
 [ 0.0164267 ]
 [ 0.02226793]
 [ 0.02579536]]
2025-08-25 02:43:07,373 - DEBUG -    平均残差范数: 0.003134
2025-08-25 02:43:07,373 - DEBUG -    残差范数=0.065809
2025-08-25 02:43:07,373 - INFO - -----------------------------------------------------------------------------------
2025-08-25 02:43:07,373 - DEBUG - 🔍 深度约束计算详情 (softplus):
2025-08-25 02:43:07,373 - DEBUG -    采样点Z坐标范围: [0.599922, 0.600822]
2025-08-25 02:43:07,373 - DEBUG -    球心Z坐标: 0.602697
2025-08-25 02:43:07,373 - DEBUG -    深度偏移ε: 0.000200
2025-08-25 02:43:07,373 - DEBUG -    softplus参数τ: 0.001000
2025-08-25 02:43:07,373 - DEBUG -    原始违反值: -0.001675
2025-08-25 02:43:07,373 - DEBUG -    softplus输入 u: -1.675106
2025-08-25 02:43:07,373 - DEBUG -    约束惩罚 h(θ): 0.000172
2025-08-25 02:43:07,373 - DEBUG -    🟢 深度约束满足: 球心深度足够
2025-08-25 02:43:07,373 - INFO - -----------------------------------------------------------------------------------
2025-08-25 02:43:07,373 - DEBUG - 🔍 半径惩罚计算详情:
2025-08-25 02:43:07,373 - DEBUG -    当前半径: 0.013405
2025-08-25 02:43:07,373 - DEBUG -    半径先验值: 0.012000
2025-08-25 02:43:07,373 - DEBUG -    半径残差 r(θ): 0.001405
2025-08-25 02:43:07,373 - DEBUG -    数据残差 f(θ): [[ 0.00446432]
 [-0.00604757]
 [ 0.00301649]
 [ 0.01345561]
 [ 0.00789885]
 [ 0.02867023]
 [ 0.02533788]
 [ 0.02184368]
 [ 0.01694628]
 [ 0.00954572]
 [ 0.00228981]
 [-0.00329427]
 [-0.00436091]
 [-0.00406071]
 [-0.00796792]
 [-0.00989159]
 [-0.00140587]
 [ 0.00750635]
 [ 0.0164267 ]
 [ 0.02226793]
 [ 0.02579536]]
2025-08-25 02:43:07,373 - DEBUG -    约束残差 g(θ): [[0.00017167]]
2025-08-25 02:43:07,373 - DEBUG -    半径残差 r(θ): [[0.0014045]]
2025-08-25 02:43:07,373 - DEBUG - 🔍 状态变化计算: 参数变化=0.005614, 残差变化=0.013852
2025-08-25 02:43:07,373 - INFO - -----------------------------------------------------------------------------------
2025-08-25 02:43:07,373 - DEBUG - 🔍 权重管理器状态更新详情:
2025-08-25 02:43:07,373 - DEBUG -    当前迭代: 7
2025-08-25 02:43:07,373 - DEBUG -    参数变化: 0.005614 (阈值: 0.000005)
2025-08-25 02:43:07,373 - DEBUG -    残差变化: 0.013852 (阈值: 0.000005)
2025-08-25 02:43:07,373 - DEBUG -    几何权重因子: 10
2025-08-25 02:43:07,373 - DEBUG - ⏸️ 保持图像置信度权重: 参数变化=5.61e-03, 残差变化=1.39e-02
2025-08-25 02:43:07,373 - DEBUG - 状态已保存: 参数=[0.03320268 0.02050886 0.6026972  0.0134045 ], 残差范数=0.065809
2025-08-25 02:43:07,373 - DEBUG - 🔍 获取visibility信息: 形状=(21,), 范围=[1.000, 1.000]
2025-08-25 02:43:07,373 - DEBUG - 🔧 设置图像置信度权重: 21个点
2025-08-25 02:43:07,373 - DEBUG - 🔍 开始计算权重矩阵:
2025-08-25 02:43:07,373 - DEBUG -    点类型: ['pupil_center', 'iris_boundaries', 'iris_boundaries', 'iris_boundaries', 'iris_boundaries', 'eye_contours', 'eye_contours', 'eye_contours', 'eye_contours', 'eye_contours', 'eye_contours', 'eye_contours', 'eye_contours', 'eye_contours', 'eye_contours', 'eye_contours', 'eye_contours', 'eye_contours', 'eye_contours', 'eye_contours', 'eye_contours']
2025-08-25 02:43:07,373 - DEBUG -    残差向量: 形状=(21,), 范数=0.065809
2025-08-25 02:43:07,373 - DEBUG -    Visibility: 形状=(21,), 均值=1.000
2025-08-25 02:43:07,373 - DEBUG - 🔍 权重矩阵计算成功: 形状=(21, 21)
2025-08-25 02:43:07,373 - DEBUG - 🔍 几何权重统计:
2025-08-25 02:43:07,373 - DEBUG -    权重向量: [[1.]
 [1.]
 [1.]
 [1.]
 [1.]
 [1.]
 [1.]
 [1.]
 [1.]
 [1.]
 [1.]
 [1.]
 [1.]
 [1.]
 [1.]
 [1.]
 [1.]
 [1.]
 [1.]
 [1.]
 [1.]]
2025-08-25 02:43:07,373 - DEBUG -    权重范围: [1.000000, 1.000000]
2025-08-25 02:43:07,373 - DEBUG -    权重均值: 1.000000
2025-08-25 02:43:07,373 - DEBUG -    权重标准差: 0.000000
2025-08-25 02:43:07,381 - DEBUG -    高权重点(>0.8): 21/21
2025-08-25 02:43:07,381 - DEBUG -    低权重点(<0.2): 0/21
2025-08-25 02:43:07,381 - INFO - -----------------------------------------------------------------------------------
2025-08-25 02:43:07,381 - DEBUG - 🔍 开始求解LM更新方程:
2025-08-25 02:43:07,381 - DEBUG -    数据残差: 形状=(21,), 范数=0.065809
2025-08-25 02:43:07,381 - DEBUG -    约束残差: 形状=(1,), 范数=0.000172
2025-08-25 02:43:07,381 - DEBUG - 🔍 计算数据残差雅可比矩阵 J_f: 形状=(21, 4)
2025-08-25 02:43:07,381 - DEBUG - 🔍 J_f矩阵计算完成: 条件数=1.36e+01
2025-08-25 02:43:07,381 - DEBUG - 🔍 深度约束雅可比计算: u=-1.675106, σ=0.157745, J_h=[[ 0.          0.         -0.15774461  0.        ]]
2025-08-25 02:43:07,381 - DEBUG - 🔍 半径先验雅可比: J_r=[[0. 0. 0. 1.]]
2025-08-25 02:43:07,381 - DEBUG - 🔍 使用几何权重矩阵: 形状=(21, 21)
2025-08-25 02:43:07,381 - DEBUG - 🔍 Hessian矩阵计算:
2025-08-25 02:43:07,381 - DEBUG -    H_data = J_f^T W J_f: 形状=(4, 4), 条件数=1.85e+02
2025-08-25 02:43:07,381 - DEBUG -    H_h = λ_depth J_h^T J_h: 形状=(4, 4), λ_depth=1000.0
2025-08-25 02:43:07,381 - DEBUG -    H_r = λ_radius J_r^T J_r: 形状=(4, 4), λ_radius=20.0
2025-08-25 02:43:07,381 - DEBUG -    H_total: 形状=(4, 4), 条件数=1.34e+01
2025-08-25 02:43:07,381 - DEBUG - 🔍 梯度计算:
2025-08-25 02:43:07,381 - DEBUG -    g_data: 形状=(4,), 范数=0.253452
2025-08-25 02:43:07,381 - DEBUG -    g_h: 形状=(4,), 范数=0.027080
2025-08-25 02:43:07,381 - DEBUG -    g_r: 形状=(4,), 范数=0.028090
2025-08-25 02:43:07,381 - DEBUG -    g_total: 形状=(4,), 范数=0.237618
2025-08-25 02:43:07,381 - DEBUG - 🔍 LM阻尼矩阵: H_lm = H_total + 10.0 * I
2025-08-25 02:43:07,381 - DEBUG -    H_lm条件数: 4.36e+00
2025-08-25 02:43:07,381 - DEBUG - 🔍 线性方程组求解成功:
2025-08-25 02:43:07,381 - DEBUG -    参数更新向量 Δθ: [[0.0071925 ]
 [0.00048099]
 [0.00043348]
 [0.00074394]]
2025-08-25 02:43:07,381 - DEBUG -    更新向量范数: 0.007260
2025-08-25 02:43:07,381 - DEBUG -    各分量更新: Δc_x=0.007192, Δc_y=0.000481, Δc_z=0.000433, Δr=0.000744
2025-08-25 02:43:07,381 - DEBUG -    参数更新:
2025-08-25 02:43:07,381 - DEBUG -      旧参数: [[0.03320268]
 [0.02050886]
 [0.6026972 ]
 [0.0134045 ]]
2025-08-25 02:43:07,381 - DEBUG -      更新向量: [[0.0071925 ]
 [0.00048099]
 [0.00043348]
 [0.00074394]]
2025-08-25 02:43:07,381 - DEBUG -      新参数: [[0.04039518]
 [0.02098985]
 [0.60313068]
 [0.01414844]]
2025-08-25 02:43:07,381 - INFO - -----------------------------------------------------------------------------------
2025-08-25 02:43:07,381 - INFO - 🔍 迭代第7次，球心向左7.192498mm，向下0.480988mm，向后0.433480mm，半径变大0.743939mm
2025-08-25 02:43:07,381 - INFO - 📊 变化前: 中心(0.033, 0.021, 0.603), 半径13.40mm
2025-08-25 02:43:07,381 - INFO - 📊 变化后: 中心(0.040, 0.021, 0.603), 半径14.15mm
2025-08-25 02:43:07,381 - INFO - 📈 变化量: 中心移动7.21mm, 半径变化0.74mm
2025-08-25 02:43:07,381 - INFO - 📍 眼球中心: [0.03320268 0.02050886 0.6026972 ]
2025-08-25 02:43:07,389 - INFO - 📏 眼球半径: 13.40mm
2025-08-25 02:43:07,389 - INFO - 👁️ 瞳孔中心: [0.016      0.02533333 0.60000002]
2025-08-25 02:43:07,389 - INFO - 📐 眼球中心在瞳孔中心的右17.20mm，上4.82mm，后2.70mm
2025-08-25 02:43:07,389 - INFO - 📏 距离: 18.07mm
2025-08-25 02:43:07,389 - INFO - -----------------------------------------------------------------------------------
2025-08-25 02:43:07,389 - INFO - -----------------------------------------------------------------------------------
2025-08-25 02:43:07,389 - DEBUG - 🔍 参数有效性检查:
2025-08-25 02:43:07,389 - DEBUG -    参数向量: [[0.04039518]
 [0.02098985]
 [0.60313068]
 [0.01414844]]
2025-08-25 02:43:07,389 - DEBUG -    球心: [0.04039518 0.02098985 0.60313068]
2025-08-25 02:43:07,389 - DEBUG -    半径: 0.014148
2025-08-25 02:43:07,389 - DEBUG - 🔍 函数值计算详情:
2025-08-25 02:43:07,389 - DEBUG -    数据项 F(θ): 0.002165
2025-08-25 02:43:07,389 - DEBUG -    深度约束项: 0.000015
2025-08-25 02:43:07,389 - DEBUG -    半径先验项: 0.000020
2025-08-25 02:43:07,389 - DEBUG -    总函数值 Φ(θ): 0.002200
2025-08-25 02:43:07,389 - DEBUG -    函数值改善: -0.000747
2025-08-25 02:43:07,389 - DEBUG - 🔍 参数有效: False
2025-08-25 02:43:07,389 - DEBUG -    参数无效，阻尼因子调整: λ_LM = 1.00e+02
2025-08-25 02:43:07,389 - DEBUG - 🔍 迭代 9/30:
2025-08-25 02:43:07,389 - DEBUG - 🔍 计算点到球心距离: 形状=(21,)
2025-08-25 02:43:07,389 - DEBUG - 🔍 生理偏差向量计算:
2025-08-25 02:43:07,389 - DEBUG -    点类型列表: ['pupil_center', 'iris_boundaries', 'iris_boundaries', 'iris_boundaries', 'iris_boundaries', 'eye_contours', 'eye_contours', 'eye_contours', 'eye_contours', 'eye_contours', 'eye_contours', 'eye_contours', 'eye_contours', 'eye_contours', 'eye_contours', 'eye_contours', 'eye_contours', 'eye_contours', 'eye_contours', 'eye_contours', 'eye_contours']
2025-08-25 02:43:07,389 - DEBUG -    偏差向量: [0.0002  0.00085 0.00085 0.00085 0.00085 0.0015  0.0015  0.0015  0.0015
 0.0015  0.0015  0.0015  0.0015  0.0015  0.0015  0.0015  0.0015  0.0015
 0.0015  0.0015  0.0015 ]
2025-08-25 02:43:07,389 - DEBUG -    向量形状: (21,)
2025-08-25 02:43:07,389 - DEBUG -    偏差统计: 均值=0.001314, 标准差=0.000356
2025-08-25 02:43:07,389 - DEBUG - 获取生理偏差: 点类型=['pupil_center', 'iris_boundaries', 'iris_boundaries', 'iris_boundaries', 'iris_boundaries', 'eye_contours', 'eye_contours', 'eye_contours', 'eye_contours', 'eye_contours', 'eye_contours', 'eye_contours', 'eye_contours', 'eye_contours', 'eye_contours', 'eye_contours', 'eye_contours', 'eye_contours', 'eye_contours', 'eye_contours', 'eye_contours'], 偏差值=[0.0002  0.00085 0.00085 0.00085 0.00085 0.0015  0.0015  0.0015  0.0015
 0.0015  0.0015  0.0015  0.0015  0.0015  0.0015  0.0015  0.0015  0.0015
 0.0015  0.0015  0.0015 ]
2025-08-25 02:43:07,389 - INFO - -----------------------------------------------------------------------------------
2025-08-25 02:43:07,389 - DEBUG - 🔍 拟合残差计算详情:
2025-08-25 02:43:07,389 - DEBUG -    球心坐标: [0.03320268 0.02050886 0.6026972 ]
2025-08-25 02:43:07,389 - DEBUG -    球体半径: 0.013405
2025-08-25 02:43:07,389 - DEBUG -    采样点数: 21
2025-08-25 02:43:07,389 - DEBUG -    点类型分布: {'eye_contours': 16, 'iris_boundaries': 4, 'pupil_center': 1}
2025-08-25 02:43:07,389 - DEBUG -    理论距离向量: [0.0136045 0.0142545 0.0142545 0.0142545 0.0142545 0.0149045 0.0149045
 0.0149045 0.0149045 0.0149045 0.0149045 0.0149045 0.0149045 0.0149045
 0.0149045 0.0149045 0.0149045 0.0149045 0.0149045 0.0149045 0.0149045]
2025-08-25 02:43:07,389 - DEBUG -    实际距离向量: [0.01806883 0.00820693 0.01727099 0.02771012 0.02215335 0.04357473
 0.04024238 0.03674818 0.03185078 0.02445023 0.01719431 0.01161023
 0.01054359 0.01084379 0.00693658 0.00501291 0.01349863 0.02241086
 0.0313312  0.03717243 0.04069986]
2025-08-25 02:43:07,389 - DEBUG -    生理偏差向量: [0.0002  0.00085 0.00085 0.00085 0.00085 0.0015  0.0015  0.0015  0.0015
 0.0015  0.0015  0.0015  0.0015  0.0015  0.0015  0.0015  0.0015  0.0015
 0.0015  0.0015  0.0015 ]
2025-08-25 02:43:07,389 - DEBUG -    残差向量 f(θ): 
[[ 0.00446432]
 [-0.00604757]
 [ 0.00301649]
 [ 0.01345561]
 [ 0.00789885]
 [ 0.02867023]
 [ 0.02533788]
 [ 0.02184368]
 [ 0.01694628]
 [ 0.00954572]
 [ 0.00228981]
 [-0.00329427]
 [-0.00436091]
 [-0.00406071]
 [-0.00796792]
 [-0.00989159]
 [-0.00140587]
 [ 0.00750635]
 [ 0.0164267 ]
 [ 0.02226793]
 [ 0.02579536]]
2025-08-25 02:43:07,389 - DEBUG -    平均残差范数: 0.003134
2025-08-25 02:43:07,389 - DEBUG -    残差范数=0.065809
2025-08-25 02:43:07,389 - INFO - -----------------------------------------------------------------------------------
2025-08-25 02:43:07,389 - DEBUG - 🔍 深度约束计算详情 (softplus):
2025-08-25 02:43:07,389 - DEBUG -    采样点Z坐标范围: [0.599922, 0.600822]
2025-08-25 02:43:07,397 - DEBUG -    球心Z坐标: 0.602697
2025-08-25 02:43:07,397 - DEBUG -    深度偏移ε: 0.000200
2025-08-25 02:43:07,397 - DEBUG -    softplus参数τ: 0.001000
2025-08-25 02:43:07,397 - DEBUG -    原始违反值: -0.001675
2025-08-25 02:43:07,397 - DEBUG -    softplus输入 u: -1.675106
2025-08-25 02:43:07,397 - DEBUG -    约束惩罚 h(θ): 0.000172
2025-08-25 02:43:07,397 - DEBUG -    🟢 深度约束满足: 球心深度足够
2025-08-25 02:43:07,397 - INFO - -----------------------------------------------------------------------------------
2025-08-25 02:43:07,397 - DEBUG - 🔍 半径惩罚计算详情:
2025-08-25 02:43:07,397 - DEBUG -    当前半径: 0.013405
2025-08-25 02:43:07,397 - DEBUG -    半径先验值: 0.012000
2025-08-25 02:43:07,397 - DEBUG -    半径残差 r(θ): 0.001405
2025-08-25 02:43:07,397 - DEBUG -    数据残差 f(θ): [[ 0.00446432]
 [-0.00604757]
 [ 0.00301649]
 [ 0.01345561]
 [ 0.00789885]
 [ 0.02867023]
 [ 0.02533788]
 [ 0.02184368]
 [ 0.01694628]
 [ 0.00954572]
 [ 0.00228981]
 [-0.00329427]
 [-0.00436091]
 [-0.00406071]
 [-0.00796792]
 [-0.00989159]
 [-0.00140587]
 [ 0.00750635]
 [ 0.0164267 ]
 [ 0.02226793]
 [ 0.02579536]]
2025-08-25 02:43:07,397 - DEBUG -    约束残差 g(θ): [[0.00017167]]
2025-08-25 02:43:07,397 - DEBUG -    半径残差 r(θ): [[0.0014045]]
2025-08-25 02:43:07,397 - DEBUG - 🔍 状态变化计算: 参数变化=0.000000, 残差变化=0.000000
2025-08-25 02:43:07,397 - INFO - -----------------------------------------------------------------------------------
2025-08-25 02:43:07,397 - DEBUG - 🔍 权重管理器状态更新详情:
2025-08-25 02:43:07,397 - DEBUG -    当前迭代: 8
2025-08-25 02:43:07,397 - DEBUG -    参数变化: 0.000000 (阈值: 0.000005)
2025-08-25 02:43:07,397 - DEBUG -    残差变化: 0.000000 (阈值: 0.000005)
2025-08-25 02:43:07,397 - DEBUG -    几何权重因子: 10
2025-08-25 02:43:07,397 - DEBUG - ⏸️ 保持图像置信度权重: 参数变化=0.00e+00, 残差变化=0.00e+00
2025-08-25 02:43:07,397 - DEBUG - 状态已保存: 参数=[0.03320268 0.02050886 0.6026972  0.0134045 ], 残差范数=0.065809
2025-08-25 02:43:07,397 - DEBUG - 🔍 获取visibility信息: 形状=(21,), 范围=[1.000, 1.000]
2025-08-25 02:43:07,397 - DEBUG - 🔧 设置图像置信度权重: 21个点
2025-08-25 02:43:07,397 - DEBUG - 🔍 开始计算权重矩阵:
2025-08-25 02:43:07,397 - DEBUG -    点类型: ['pupil_center', 'iris_boundaries', 'iris_boundaries', 'iris_boundaries', 'iris_boundaries', 'eye_contours', 'eye_contours', 'eye_contours', 'eye_contours', 'eye_contours', 'eye_contours', 'eye_contours', 'eye_contours', 'eye_contours', 'eye_contours', 'eye_contours', 'eye_contours', 'eye_contours', 'eye_contours', 'eye_contours', 'eye_contours']
2025-08-25 02:43:07,397 - DEBUG -    残差向量: 形状=(21,), 范数=0.065809
2025-08-25 02:43:07,397 - DEBUG -    Visibility: 形状=(21,), 均值=1.000
2025-08-25 02:43:07,397 - DEBUG - 🔍 权重矩阵计算成功: 形状=(21, 21)
2025-08-25 02:43:07,397 - DEBUG - 🔍 几何权重统计:
2025-08-25 02:43:07,397 - DEBUG -    权重向量: [[1.]
 [1.]
 [1.]
 [1.]
 [1.]
 [1.]
 [1.]
 [1.]
 [1.]
 [1.]
 [1.]
 [1.]
 [1.]
 [1.]
 [1.]
 [1.]
 [1.]
 [1.]
 [1.]
 [1.]
 [1.]]
2025-08-25 02:43:07,397 - DEBUG -    权重范围: [1.000000, 1.000000]
2025-08-25 02:43:07,397 - DEBUG -    权重均值: 1.000000
2025-08-25 02:43:07,397 - DEBUG -    权重标准差: 0.000000
2025-08-25 02:43:07,397 - DEBUG -    高权重点(>0.8): 21/21
2025-08-25 02:43:07,397 - DEBUG -    低权重点(<0.2): 0/21
2025-08-25 02:43:07,397 - INFO - -----------------------------------------------------------------------------------
2025-08-25 02:43:07,397 - DEBUG - 🔍 开始求解LM更新方程:
2025-08-25 02:43:07,397 - DEBUG -    数据残差: 形状=(21,), 范数=0.065809
2025-08-25 02:43:07,405 - DEBUG -    约束残差: 形状=(1,), 范数=0.000172
2025-08-25 02:43:07,405 - DEBUG - 🔍 计算数据残差雅可比矩阵 J_f: 形状=(21, 4)
2025-08-25 02:43:07,405 - DEBUG - 🔍 J_f矩阵计算完成: 条件数=1.36e+01
2025-08-25 02:43:07,405 - DEBUG - 🔍 深度约束雅可比计算: u=-1.675106, σ=0.157745, J_h=[[ 0.          0.         -0.15774461  0.        ]]
2025-08-25 02:43:07,405 - DEBUG - 🔍 半径先验雅可比: J_r=[[0. 0. 0. 1.]]
2025-08-25 02:43:07,405 - DEBUG - 🔍 使用几何权重矩阵: 形状=(21, 21)
2025-08-25 02:43:07,405 - DEBUG - 🔍 Hessian矩阵计算:
2025-08-25 02:43:07,405 - DEBUG -    H_data = J_f^T W J_f: 形状=(4, 4), 条件数=1.85e+02
2025-08-25 02:43:07,405 - DEBUG -    H_h = λ_depth J_h^T J_h: 形状=(4, 4), λ_depth=1000.0
2025-08-25 02:43:07,405 - DEBUG -    H_r = λ_radius J_r^T J_r: 形状=(4, 4), λ_radius=20.0
2025-08-25 02:43:07,405 - DEBUG -    H_total: 形状=(4, 4), 条件数=1.34e+01
2025-08-25 02:43:07,405 - DEBUG - 🔍 梯度计算:
2025-08-25 02:43:07,405 - DEBUG -    g_data: 形状=(4,), 范数=0.253452
2025-08-25 02:43:07,405 - DEBUG -    g_h: 形状=(4,), 范数=0.027080
2025-08-25 02:43:07,405 - DEBUG -    g_r: 形状=(4,), 范数=0.028090
2025-08-25 02:43:07,405 - DEBUG -    g_total: 形状=(4,), 范数=0.237618
2025-08-25 02:43:07,405 - DEBUG - 🔍 LM阻尼矩阵: H_lm = H_total + 100.0 * I
2025-08-25 02:43:07,405 - DEBUG -    H_lm条件数: 1.44e+00
2025-08-25 02:43:07,405 - DEBUG - 🔍 线性方程组求解成功:
2025-08-25 02:43:07,405 - DEBUG -    参数更新向量 Δθ: [[ 1.53084044e-03]
 [-8.05167022e-05]
 [ 1.94965175e-04]
 [ 8.28047922e-04]]
2025-08-25 02:43:07,405 - DEBUG -    更新向量范数: 0.001753
2025-08-25 02:43:07,405 - DEBUG -    各分量更新: Δc_x=0.001531, Δc_y=-0.000081, Δc_z=0.000195, Δr=0.000828
2025-08-25 02:43:07,405 - DEBUG -    参数更新:
2025-08-25 02:43:07,405 - DEBUG -      旧参数: [[0.03320268]
 [0.02050886]
 [0.6026972 ]
 [0.0134045 ]]
2025-08-25 02:43:07,405 - DEBUG -      更新向量: [[ 1.53084044e-03]
 [-8.05167022e-05]
 [ 1.94965175e-04]
 [ 8.28047922e-04]]
2025-08-25 02:43:07,405 - DEBUG -      新参数: [[0.03473352]
 [0.02042834]
 [0.60289216]
 [0.01423255]]
2025-08-25 02:43:07,405 - INFO - -----------------------------------------------------------------------------------
2025-08-25 02:43:07,405 - INFO - 🔍 迭代第8次，球心向左1.530840mm，向上0.080517mm，向后0.194965mm，半径变大0.828048mm
2025-08-25 02:43:07,405 - INFO - 📊 变化前: 中心(0.033, 0.021, 0.603), 半径13.40mm
2025-08-25 02:43:07,405 - INFO - 📊 变化后: 中心(0.035, 0.020, 0.603), 半径14.23mm
2025-08-25 02:43:07,405 - INFO - 📈 变化量: 中心移动1.53mm, 半径变化0.83mm
2025-08-25 02:43:07,405 - INFO - 📍 眼球中心: [0.03320268 0.02050886 0.6026972 ]
2025-08-25 02:43:07,405 - INFO - 📏 眼球半径: 13.40mm
2025-08-25 02:43:07,405 - INFO - 👁️ 瞳孔中心: [0.016      0.02533333 0.60000002]
2025-08-25 02:43:07,405 - INFO - 📐 眼球中心在瞳孔中心的右17.20mm，上4.82mm，后2.70mm
2025-08-25 02:43:07,405 - INFO - 📏 距离: 18.07mm
2025-08-25 02:43:07,405 - INFO - -----------------------------------------------------------------------------------
2025-08-25 02:43:07,405 - INFO - -----------------------------------------------------------------------------------
2025-08-25 02:43:07,405 - DEBUG - 🔍 参数有效性检查:
2025-08-25 02:43:07,405 - DEBUG -    参数向量: [[0.03473352]
 [0.02042834]
 [0.60289216]
 [0.01423255]]
2025-08-25 02:43:07,405 - DEBUG -    球心: [0.03473352 0.02042834 0.60289216]
2025-08-25 02:43:07,414 - DEBUG -    半径: 0.014233
2025-08-25 02:43:07,414 - DEBUG - 🔍 函数值计算详情:
2025-08-25 02:43:07,414 - DEBUG -    数据项 F(θ): 0.002165
2025-08-25 02:43:07,414 - DEBUG -    深度约束项: 0.000015
2025-08-25 02:43:07,414 - DEBUG -    半径先验项: 0.000020
2025-08-25 02:43:07,414 - DEBUG -    总函数值 Φ(θ): 0.002200
2025-08-25 02:43:07,414 - DEBUG -    函数值改善: 0.000000
2025-08-25 02:43:07,414 - DEBUG - 🔍 参数有效: True
2025-08-25 02:43:07,414 - DEBUG -    参数更新成功:
2025-08-25 02:43:07,414 - DEBUG -      新球心: [0.03473352 0.02042834 0.60289216]
2025-08-25 02:43:07,414 - DEBUG -      新半径: 0.014233
2025-08-25 02:43:07,414 - INFO - -----------------------------------------------------------------------------------
2025-08-25 02:43:07,414 - DEBUG - 🔍 LM收敛性检查:
2025-08-25 02:43:07,414 - DEBUG -    当前迭代次数: 8
2025-08-25 02:43:07,414 - DEBUG -    最大迭代次数: 30
2025-08-25 02:43:07,414 - DEBUG -    参数变化: 0.001753
2025-08-25 02:43:07,414 - DEBUG -    参数容忍度: 5e-06
2025-08-25 02:43:07,414 - DEBUG -    残差变化: 0.000000
2025-08-25 02:43:07,414 - DEBUG -    残差容忍度: 5e-06
2025-08-25 02:43:07,414 - DEBUG - 🔍 迭代 10/30:
2025-08-25 02:43:07,414 - DEBUG - 🔍 计算点到球心距离: 形状=(21,)
2025-08-25 02:43:07,414 - DEBUG - 🔍 生理偏差向量计算:
2025-08-25 02:43:07,414 - DEBUG -    点类型列表: ['pupil_center', 'iris_boundaries', 'iris_boundaries', 'iris_boundaries', 'iris_boundaries', 'eye_contours', 'eye_contours', 'eye_contours', 'eye_contours', 'eye_contours', 'eye_contours', 'eye_contours', 'eye_contours', 'eye_contours', 'eye_contours', 'eye_contours', 'eye_contours', 'eye_contours', 'eye_contours', 'eye_contours', 'eye_contours']
2025-08-25 02:43:07,414 - DEBUG -    偏差向量: [0.0002  0.00085 0.00085 0.00085 0.00085 0.0015  0.0015  0.0015  0.0015
 0.0015  0.0015  0.0015  0.0015  0.0015  0.0015  0.0015  0.0015  0.0015
 0.0015  0.0015  0.0015 ]
2025-08-25 02:43:07,414 - DEBUG -    向量形状: (21,)
2025-08-25 02:43:07,414 - DEBUG -    偏差统计: 均值=0.001314, 标准差=0.000356
2025-08-25 02:43:07,414 - DEBUG - 获取生理偏差: 点类型=['pupil_center', 'iris_boundaries', 'iris_boundaries', 'iris_boundaries', 'iris_boundaries', 'eye_contours', 'eye_contours', 'eye_contours', 'eye_contours', 'eye_contours', 'eye_contours', 'eye_contours', 'eye_contours', 'eye_contours', 'eye_contours', 'eye_contours', 'eye_contours', 'eye_contours', 'eye_contours', 'eye_contours', 'eye_contours'], 偏差值=[0.0002  0.00085 0.00085 0.00085 0.00085 0.0015  0.0015  0.0015  0.0015
 0.0015  0.0015  0.0015  0.0015  0.0015  0.0015  0.0015  0.0015  0.0015
 0.0015  0.0015  0.0015 ]
2025-08-25 02:43:07,414 - INFO - -----------------------------------------------------------------------------------
2025-08-25 02:43:07,414 - DEBUG - 🔍 拟合残差计算详情:
2025-08-25 02:43:07,414 - DEBUG -    球心坐标: [0.03473352 0.02042834 0.60289216]
2025-08-25 02:43:07,414 - DEBUG -    球体半径: 0.014233
2025-08-25 02:43:07,414 - DEBUG -    采样点数: 21
2025-08-25 02:43:07,414 - DEBUG -    点类型分布: {'eye_contours': 16, 'iris_boundaries': 4, 'pupil_center': 1}
2025-08-25 02:43:07,414 - DEBUG -    理论距离向量: [0.01443255 0.01508255 0.01508255 0.01508255 0.01508255 0.01573255
 0.01573255 0.01573255 0.01573255 0.01573255 0.01573255 0.01573255
 0.01573255 0.01573255 0.01573255 0.01573255 0.01573255 0.01573255
 0.01573255 0.01573255 0.01573255]
2025-08-25 02:43:07,414 - DEBUG -    实际距离向量: [0.01957979 0.00947303 0.01875102 0.02923953 0.02337744 0.04510519
 0.04175956 0.03824752 0.03331282 0.02581803 0.01836019 0.01224331
 0.0104004  0.01024295 0.00665588 0.00638239 0.01503388 0.02395161
 0.03287511 0.03871307 0.04223606]
2025-08-25 02:43:07,422 - DEBUG -    生理偏差向量: [0.0002  0.00085 0.00085 0.00085 0.00085 0.0015  0.0015  0.0015  0.0015
 0.0015  0.0015  0.0015  0.0015  0.0015  0.0015  0.0015  0.0015  0.0015
 0.0015  0.0015  0.0015 ]
2025-08-25 02:43:07,422 - DEBUG -    残差向量 f(θ): 
[[ 0.00514724]
 [-0.00560952]
 [ 0.00366847]
 [ 0.01415698]
 [ 0.00829489]
 [ 0.02937264]
 [ 0.02602701]
 [ 0.02251497]
 [ 0.01758027]
 [ 0.01008548]
 [ 0.00262764]
 [-0.00348924]
 [-0.00533215]
 [-0.0054896 ]
 [-0.00907667]
 [-0.00935016]
 [-0.00069867]
 [ 0.00821906]
 [ 0.01714256]
 [ 0.02298052]
 [ 0.02650351]]
2025-08-25 02:43:07,422 - DEBUG -    平均残差范数: 0.003243
2025-08-25 02:43:07,422 - DEBUG -    残差范数=0.068106
2025-08-25 02:43:07,422 - INFO - -----------------------------------------------------------------------------------
2025-08-25 02:43:07,422 - DEBUG - 🔍 深度约束计算详情 (softplus):
2025-08-25 02:43:07,422 - DEBUG -    采样点Z坐标范围: [0.599922, 0.600822]
2025-08-25 02:43:07,422 - DEBUG -    球心Z坐标: 0.602892
2025-08-25 02:43:07,422 - DEBUG -    深度偏移ε: 0.000200
2025-08-25 02:43:07,422 - DEBUG -    softplus参数τ: 0.001000
2025-08-25 02:43:07,422 - DEBUG -    原始违反值: -0.001870
2025-08-25 02:43:07,422 - DEBUG -    softplus输入 u: -1.870071
2025-08-25 02:43:07,422 - DEBUG -    约束惩罚 h(θ): 0.000143
2025-08-25 02:43:07,422 - DEBUG -    🟢 深度约束满足: 球心深度足够
2025-08-25 02:43:07,422 - INFO - -----------------------------------------------------------------------------------
2025-08-25 02:43:07,422 - DEBUG - 🔍 半径惩罚计算详情:
2025-08-25 02:43:07,426 - DEBUG -    当前半径: 0.014233
2025-08-25 02:43:07,426 - DEBUG -    半径先验值: 0.012000
2025-08-25 02:43:07,426 - DEBUG -    半径残差 r(θ): 0.002233
2025-08-25 02:43:07,427 - DEBUG -    数据残差 f(θ): [[ 0.00514724]
 [-0.00560952]
 [ 0.00366847]
 [ 0.01415698]
 [ 0.00829489]
 [ 0.02937264]
 [ 0.02602701]
 [ 0.02251497]
 [ 0.01758027]
 [ 0.01008548]
 [ 0.00262764]
 [-0.00348924]
 [-0.00533215]
 [-0.0054896 ]
 [-0.00907667]
 [-0.00935016]
 [-0.00069867]
 [ 0.00821906]
 [ 0.01714256]
 [ 0.02298052]
 [ 0.02650351]]
2025-08-25 02:43:07,427 - DEBUG -    约束残差 g(θ): [[0.00014333]]
2025-08-25 02:43:07,427 - DEBUG -    半径残差 r(θ): [[0.00223255]]
2025-08-25 02:43:07,427 - DEBUG - 🔍 状态变化计算: 参数变化=0.001753, 残差变化=0.002297
2025-08-25 02:43:07,427 - INFO - -----------------------------------------------------------------------------------
2025-08-25 02:43:07,427 - DEBUG - 🔍 权重管理器状态更新详情:
2025-08-25 02:43:07,427 - DEBUG -    当前迭代: 9
2025-08-25 02:43:07,427 - DEBUG -    参数变化: 0.001753 (阈值: 0.000005)
2025-08-25 02:43:07,427 - DEBUG -    残差变化: 0.002297 (阈值: 0.000005)
2025-08-25 02:43:07,427 - DEBUG -    几何权重因子: 10
2025-08-25 02:43:07,427 - DEBUG - ⏸️ 保持图像置信度权重: 参数变化=1.75e-03, 残差变化=2.30e-03
2025-08-25 02:43:07,427 - DEBUG - 状态已保存: 参数=[0.03473352 0.02042834 0.60289216 0.01423255], 残差范数=0.068106
2025-08-25 02:43:07,427 - DEBUG - 🔍 获取visibility信息: 形状=(21,), 范围=[1.000, 1.000]
2025-08-25 02:43:07,427 - DEBUG - 🔧 设置图像置信度权重: 21个点
2025-08-25 02:43:07,427 - DEBUG - 🔍 开始计算权重矩阵:
2025-08-25 02:43:07,427 - DEBUG -    点类型: ['pupil_center', 'iris_boundaries', 'iris_boundaries', 'iris_boundaries', 'iris_boundaries', 'eye_contours', 'eye_contours', 'eye_contours', 'eye_contours', 'eye_contours', 'eye_contours', 'eye_contours', 'eye_contours', 'eye_contours', 'eye_contours', 'eye_contours', 'eye_contours', 'eye_contours', 'eye_contours', 'eye_contours', 'eye_contours']
2025-08-25 02:43:07,427 - DEBUG -    残差向量: 形状=(21,), 范数=0.068106
2025-08-25 02:43:07,427 - DEBUG -    Visibility: 形状=(21,), 均值=1.000
2025-08-25 02:43:07,430 - DEBUG - 🔍 权重矩阵计算成功: 形状=(21, 21)
2025-08-25 02:43:07,430 - DEBUG - 🔍 几何权重统计:
2025-08-25 02:43:07,430 - DEBUG -    权重向量: [[1.]
 [1.]
 [1.]
 [1.]
 [1.]
 [1.]
 [1.]
 [1.]
 [1.]
 [1.]
 [1.]
 [1.]
 [1.]
 [1.]
 [1.]
 [1.]
 [1.]
 [1.]
 [1.]
 [1.]
 [1.]]
2025-08-25 02:43:07,430 - DEBUG -    权重范围: [1.000000, 1.000000]
2025-08-25 02:43:07,430 - DEBUG -    权重均值: 1.000000
2025-08-25 02:43:07,430 - DEBUG -    权重标准差: 0.000000
2025-08-25 02:43:07,430 - DEBUG -    高权重点(>0.8): 21/21
2025-08-25 02:43:07,430 - DEBUG -    低权重点(<0.2): 0/21
2025-08-25 02:43:07,430 - INFO - -----------------------------------------------------------------------------------
2025-08-25 02:43:07,430 - DEBUG - 🔍 开始求解LM更新方程:
2025-08-25 02:43:07,430 - DEBUG -    数据残差: 形状=(21,), 范数=0.068106
2025-08-25 02:43:07,430 - DEBUG -    约束残差: 形状=(1,), 范数=0.000143
2025-08-25 02:43:07,430 - DEBUG - 🔍 计算数据残差雅可比矩阵 J_f: 形状=(21, 4)
2025-08-25 02:43:07,430 - DEBUG - 🔍 J_f矩阵计算完成: 条件数=1.62e+01
2025-08-25 02:43:07,430 - DEBUG - 🔍 深度约束雅可比计算: u=-1.870071, σ=0.133533, J_h=[[ 0.          0.         -0.13353349  0.        ]]
2025-08-25 02:43:07,430 - DEBUG - 🔍 半径先验雅可比: J_r=[[0. 0. 0. 1.]]
2025-08-25 02:43:07,430 - DEBUG - 🔍 使用几何权重矩阵: 形状=(21, 21)
2025-08-25 02:43:07,430 - DEBUG - 🔍 Hessian矩阵计算:
2025-08-25 02:43:07,430 - DEBUG -    H_data = J_f^T W J_f: 形状=(4, 4), 条件数=2.63e+02
2025-08-25 02:43:07,430 - DEBUG -    H_h = λ_depth J_h^T J_h: 形状=(4, 4), λ_depth=1000.0
2025-08-25 02:43:07,430 - DEBUG -    H_r = λ_radius J_r^T J_r: 形状=(4, 4), λ_radius=20.0
2025-08-25 02:43:07,430 - DEBUG -    H_total: 形状=(4, 4), 条件数=1.38e+01
2025-08-25 02:43:07,430 - DEBUG - 🔍 梯度计算:
2025-08-25 02:43:07,430 - DEBUG -    g_data: 形状=(4,), 范数=0.263125
2025-08-25 02:43:07,430 - DEBUG -    g_h: 形状=(4,), 范数=0.019140
2025-08-25 02:43:07,430 - DEBUG -    g_r: 形状=(4,), 范数=0.044651
2025-08-25 02:43:07,430 - DEBUG -    g_total: 形状=(4,), 范数=0.236856
2025-08-25 02:43:07,430 - DEBUG - 🔍 LM阻尼矩阵: H_lm = H_total + 100.0 * I
2025-08-25 02:43:07,430 - DEBUG -    H_lm条件数: 1.45e+00
2025-08-25 02:43:07,430 - DEBUG - 🔍 线性方程组求解成功:
2025-08-25 02:43:07,430 - DEBUG -    参数更新向量 Δθ: [[ 1.59603389e-03]
 [-6.06041317e-05]
 [ 1.48545228e-04]
 [ 7.45230685e-04]]
2025-08-25 02:43:07,430 - DEBUG -    更新向量范数: 0.001769
2025-08-25 02:43:07,430 - DEBUG -    各分量更新: Δc_x=0.001596, Δc_y=-0.000061, Δc_z=0.000149, Δr=0.000745
2025-08-25 02:43:07,430 - DEBUG -    参数更新:
2025-08-25 02:43:07,430 - DEBUG -      旧参数: [[0.03473352]
 [0.02042834]
 [0.60289216]
 [0.01423255]]
2025-08-25 02:43:07,430 - DEBUG -      更新向量: [[ 1.59603389e-03]
 [-6.06041317e-05]
 [ 1.48545228e-04]
 [ 7.45230685e-04]]
2025-08-25 02:43:07,430 - DEBUG -      新参数: [[0.03632955]
 [0.02036774]
 [0.60304071]
 [0.01497778]]
2025-08-25 02:43:07,430 - INFO - -----------------------------------------------------------------------------------
2025-08-25 02:43:07,430 - INFO - 🔍 迭代第9次，球心向左1.596034mm，向上0.060604mm，向后0.148545mm，半径变大0.745231mm
2025-08-25 02:43:07,430 - INFO - 📊 变化前: 中心(0.035, 0.020, 0.603), 半径14.23mm
2025-08-25 02:43:07,438 - INFO - 📊 变化后: 中心(0.036, 0.020, 0.603), 半径14.98mm
2025-08-25 02:43:07,438 - INFO - 📈 变化量: 中心移动1.60mm, 半径变化0.75mm
2025-08-25 02:43:07,438 - INFO - 📍 眼球中心: [0.03473352 0.02042834 0.60289216]
2025-08-25 02:43:07,438 - INFO - 📏 眼球半径: 14.23mm
2025-08-25 02:43:07,438 - INFO - 👁️ 瞳孔中心: [0.016      0.02533333 0.60000002]
2025-08-25 02:43:07,438 - INFO - 📐 眼球中心在瞳孔中心的右18.73mm，上4.90mm，后2.89mm
2025-08-25 02:43:07,438 - INFO - 📏 距离: 19.58mm
2025-08-25 02:43:07,438 - INFO - -----------------------------------------------------------------------------------
2025-08-25 02:43:07,438 - INFO - -----------------------------------------------------------------------------------
2025-08-25 02:43:07,438 - DEBUG - 🔍 参数有效性检查:
2025-08-25 02:43:07,438 - DEBUG -    参数向量: [[0.03632955]
 [0.02036774]
 [0.60304071]
 [0.01497778]]
2025-08-25 02:43:07,438 - DEBUG -    球心: [0.03632955 0.02036774 0.60304071]
2025-08-25 02:43:07,438 - DEBUG -    半径: 0.014978
2025-08-25 02:43:07,438 - DEBUG - 🔍 函数值计算详情:
2025-08-25 02:43:07,438 - DEBUG -    数据项 F(θ): 0.002319
2025-08-25 02:43:07,438 - DEBUG -    深度约束项: 0.000010
2025-08-25 02:43:07,438 - DEBUG -    半径先验项: 0.000050
2025-08-25 02:43:07,438 - DEBUG -    总函数值 Φ(θ): 0.002379
2025-08-25 02:43:07,438 - DEBUG -    函数值改善: -0.000179
2025-08-25 02:43:07,438 - DEBUG - 🔍 参数有效: False
2025-08-25 02:43:07,438 - DEBUG -    参数无效，阻尼因子调整: λ_LM = 1.00e+03
2025-08-25 02:43:07,438 - DEBUG - 🔍 迭代 11/30:
2025-08-25 02:43:07,438 - DEBUG - 🔍 计算点到球心距离: 形状=(21,)
2025-08-25 02:43:07,438 - DEBUG - 🔍 生理偏差向量计算:
2025-08-25 02:43:07,438 - DEBUG -    点类型列表: ['pupil_center', 'iris_boundaries', 'iris_boundaries', 'iris_boundaries', 'iris_boundaries', 'eye_contours', 'eye_contours', 'eye_contours', 'eye_contours', 'eye_contours', 'eye_contours', 'eye_contours', 'eye_contours', 'eye_contours', 'eye_contours', 'eye_contours', 'eye_contours', 'eye_contours', 'eye_contours', 'eye_contours', 'eye_contours']
2025-08-25 02:43:07,438 - DEBUG -    偏差向量: [0.0002  0.00085 0.00085 0.00085 0.00085 0.0015  0.0015  0.0015  0.0015
 0.0015  0.0015  0.0015  0.0015  0.0015  0.0015  0.0015  0.0015  0.0015
 0.0015  0.0015  0.0015 ]
2025-08-25 02:43:07,438 - DEBUG -    向量形状: (21,)
2025-08-25 02:43:07,438 - DEBUG -    偏差统计: 均值=0.001314, 标准差=0.000356
2025-08-25 02:43:07,438 - DEBUG - 获取生理偏差: 点类型=['pupil_center', 'iris_boundaries', 'iris_boundaries', 'iris_boundaries', 'iris_boundaries', 'eye_contours', 'eye_contours', 'eye_contours', 'eye_contours', 'eye_contours', 'eye_contours', 'eye_contours', 'eye_contours', 'eye_contours', 'eye_contours', 'eye_contours', 'eye_contours', 'eye_contours', 'eye_contours', 'eye_contours', 'eye_contours'], 偏差值=[0.0002  0.00085 0.00085 0.00085 0.00085 0.0015  0.0015  0.0015  0.0015
 0.0015  0.0015  0.0015  0.0015  0.0015  0.0015  0.0015  0.0015  0.0015
 0.0015  0.0015  0.0015 ]
2025-08-25 02:43:07,438 - INFO - -----------------------------------------------------------------------------------
2025-08-25 02:43:07,438 - DEBUG - 🔍 拟合残差计算详情:
2025-08-25 02:43:07,438 - DEBUG -    球心坐标: [0.03473352 0.02042834 0.60289216]
2025-08-25 02:43:07,438 - DEBUG -    球体半径: 0.014233
2025-08-25 02:43:07,438 - DEBUG -    采样点数: 21
2025-08-25 02:43:07,438 - DEBUG -    点类型分布: {'eye_contours': 16, 'iris_boundaries': 4, 'pupil_center': 1}
2025-08-25 02:43:07,438 - DEBUG -    理论距离向量: [0.01443255 0.01508255 0.01508255 0.01508255 0.01508255 0.01573255
 0.01573255 0.01573255 0.01573255 0.01573255 0.01573255 0.01573255
 0.01573255 0.01573255 0.01573255 0.01573255 0.01573255 0.01573255
 0.01573255 0.01573255 0.01573255]
2025-08-25 02:43:07,438 - DEBUG -    实际距离向量: [0.01957979 0.00947303 0.01875102 0.02923953 0.02337744 0.04510519
 0.04175956 0.03824752 0.03331282 0.02581803 0.01836019 0.01224331
 0.0104004  0.01024295 0.00665588 0.00638239 0.01503388 0.02395161
 0.03287511 0.03871307 0.04223606]
2025-08-25 02:43:07,438 - DEBUG -    生理偏差向量: [0.0002  0.00085 0.00085 0.00085 0.00085 0.0015  0.0015  0.0015  0.0015
 0.0015  0.0015  0.0015  0.0015  0.0015  0.0015  0.0015  0.0015  0.0015
 0.0015  0.0015  0.0015 ]
2025-08-25 02:43:07,446 - DEBUG -    残差向量 f(θ): 
[[ 0.00514724]
 [-0.00560952]
 [ 0.00366847]
 [ 0.01415698]
 [ 0.00829489]
 [ 0.02937264]
 [ 0.02602701]
 [ 0.02251497]
 [ 0.01758027]
 [ 0.01008548]
 [ 0.00262764]
 [-0.00348924]
 [-0.00533215]
 [-0.0054896 ]
 [-0.00907667]
 [-0.00935016]
 [-0.00069867]
 [ 0.00821906]
 [ 0.01714256]
 [ 0.02298052]
 [ 0.02650351]]
2025-08-25 02:43:07,446 - DEBUG -    平均残差范数: 0.003243
2025-08-25 02:43:07,446 - DEBUG -    残差范数=0.068106
2025-08-25 02:43:07,446 - INFO - -----------------------------------------------------------------------------------
2025-08-25 02:43:07,446 - DEBUG - 🔍 深度约束计算详情 (softplus):
2025-08-25 02:43:07,446 - DEBUG -    采样点Z坐标范围: [0.599922, 0.600822]
2025-08-25 02:43:07,446 - DEBUG -    球心Z坐标: 0.602892
2025-08-25 02:43:07,446 - DEBUG -    深度偏移ε: 0.000200
2025-08-25 02:43:07,446 - DEBUG -    softplus参数τ: 0.001000
2025-08-25 02:43:07,446 - DEBUG -    原始违反值: -0.001870
2025-08-25 02:43:07,446 - DEBUG -    softplus输入 u: -1.870071
2025-08-25 02:43:07,446 - DEBUG -    约束惩罚 h(θ): 0.000143
2025-08-25 02:43:07,446 - DEBUG -    🟢 深度约束满足: 球心深度足够
2025-08-25 02:43:07,446 - INFO - -----------------------------------------------------------------------------------
2025-08-25 02:43:07,446 - DEBUG - 🔍 半径惩罚计算详情:
2025-08-25 02:43:07,446 - DEBUG -    当前半径: 0.014233
2025-08-25 02:43:07,446 - DEBUG -    半径先验值: 0.012000
2025-08-25 02:43:07,446 - DEBUG -    半径残差 r(θ): 0.002233
2025-08-25 02:43:07,446 - DEBUG -    数据残差 f(θ): [[ 0.00514724]
 [-0.00560952]
 [ 0.00366847]
 [ 0.01415698]
 [ 0.00829489]
 [ 0.02937264]
 [ 0.02602701]
 [ 0.02251497]
 [ 0.01758027]
 [ 0.01008548]
 [ 0.00262764]
 [-0.00348924]
 [-0.00533215]
 [-0.0054896 ]
 [-0.00907667]
 [-0.00935016]
 [-0.00069867]
 [ 0.00821906]
 [ 0.01714256]
 [ 0.02298052]
 [ 0.02650351]]
2025-08-25 02:43:07,446 - DEBUG -    约束残差 g(θ): [[0.00014333]]
2025-08-25 02:43:07,446 - DEBUG -    半径残差 r(θ): [[0.00223255]]
2025-08-25 02:43:07,446 - DEBUG - 🔍 状态变化计算: 参数变化=0.000000, 残差变化=0.000000
2025-08-25 02:43:07,446 - INFO - -----------------------------------------------------------------------------------
2025-08-25 02:43:07,446 - DEBUG - 🔍 权重管理器状态更新详情:
2025-08-25 02:43:07,446 - DEBUG -    当前迭代: 10
2025-08-25 02:43:07,446 - DEBUG -    参数变化: 0.000000 (阈值: 0.000005)
2025-08-25 02:43:07,446 - DEBUG -    残差变化: 0.000000 (阈值: 0.000005)
2025-08-25 02:43:07,446 - DEBUG -    几何权重因子: 10
2025-08-25 02:43:07,446 - DEBUG - ⏸️ 保持图像置信度权重: 参数变化=0.00e+00, 残差变化=0.00e+00
2025-08-25 02:43:07,446 - DEBUG - 状态已保存: 参数=[0.03473352 0.02042834 0.60289216 0.01423255], 残差范数=0.068106
2025-08-25 02:43:07,446 - DEBUG - 🔍 获取visibility信息: 形状=(21,), 范围=[1.000, 1.000]
2025-08-25 02:43:07,446 - DEBUG - 🔧 设置图像置信度权重: 21个点
2025-08-25 02:43:07,446 - DEBUG - 🔍 开始计算权重矩阵:
2025-08-25 02:43:07,446 - DEBUG -    点类型: ['pupil_center', 'iris_boundaries', 'iris_boundaries', 'iris_boundaries', 'iris_boundaries', 'eye_contours', 'eye_contours', 'eye_contours', 'eye_contours', 'eye_contours', 'eye_contours', 'eye_contours', 'eye_contours', 'eye_contours', 'eye_contours', 'eye_contours', 'eye_contours', 'eye_contours', 'eye_contours', 'eye_contours', 'eye_contours']
2025-08-25 02:43:07,446 - DEBUG -    残差向量: 形状=(21,), 范数=0.068106
2025-08-25 02:43:07,446 - DEBUG -    Visibility: 形状=(21,), 均值=1.000
2025-08-25 02:43:07,446 - DEBUG - 🔍 权重矩阵计算成功: 形状=(21, 21)
2025-08-25 02:43:07,446 - DEBUG - 🔍 几何权重统计:
2025-08-25 02:43:07,446 - DEBUG -    权重向量: [[1.]
 [1.]
 [1.]
 [1.]
 [1.]
 [1.]
 [1.]
 [1.]
 [1.]
 [1.]
 [1.]
 [1.]
 [1.]
 [1.]
 [1.]
 [1.]
 [1.]
 [1.]
 [1.]
 [1.]
 [1.]]
2025-08-25 02:43:07,446 - DEBUG -    权重范围: [1.000000, 1.000000]
2025-08-25 02:43:07,446 - DEBUG -    权重均值: 1.000000
2025-08-25 02:43:07,446 - DEBUG -    权重标准差: 0.000000
2025-08-25 02:43:07,446 - DEBUG -    高权重点(>0.8): 21/21
2025-08-25 02:43:07,446 - DEBUG -    低权重点(<0.2): 0/21
2025-08-25 02:43:07,446 - INFO - -----------------------------------------------------------------------------------
2025-08-25 02:43:07,446 - DEBUG - 🔍 开始求解LM更新方程:
2025-08-25 02:43:07,446 - DEBUG -    数据残差: 形状=(21,), 范数=0.068106
2025-08-25 02:43:07,446 - DEBUG -    约束残差: 形状=(1,), 范数=0.000143
2025-08-25 02:43:07,446 - DEBUG - 🔍 计算数据残差雅可比矩阵 J_f: 形状=(21, 4)
2025-08-25 02:43:07,455 - DEBUG - 🔍 J_f矩阵计算完成: 条件数=1.62e+01
2025-08-25 02:43:07,455 - DEBUG - 🔍 深度约束雅可比计算: u=-1.870071, σ=0.133533, J_h=[[ 0.          0.         -0.13353349  0.        ]]
2025-08-25 02:43:07,455 - DEBUG - 🔍 半径先验雅可比: J_r=[[0. 0. 0. 1.]]
2025-08-25 02:43:07,455 - DEBUG - 🔍 使用几何权重矩阵: 形状=(21, 21)
2025-08-25 02:43:07,455 - DEBUG - 🔍 Hessian矩阵计算:
2025-08-25 02:43:07,455 - DEBUG -    H_data = J_f^T W J_f: 形状=(4, 4), 条件数=2.63e+02
2025-08-25 02:43:07,455 - DEBUG -    H_h = λ_depth J_h^T J_h: 形状=(4, 4), λ_depth=1000.0
2025-08-25 02:43:07,455 - DEBUG -    H_r = λ_radius J_r^T J_r: 形状=(4, 4), λ_radius=20.0
2025-08-25 02:43:07,455 - DEBUG -    H_total: 形状=(4, 4), 条件数=1.38e+01
2025-08-25 02:43:07,455 - DEBUG - 🔍 梯度计算:
2025-08-25 02:43:07,455 - DEBUG -    g_data: 形状=(4,), 范数=0.263125
2025-08-25 02:43:07,455 - DEBUG -    g_h: 形状=(4,), 范数=0.019140
2025-08-25 02:43:07,455 - DEBUG -    g_r: 形状=(4,), 范数=0.044651
2025-08-25 02:43:07,455 - DEBUG -    g_total: 形状=(4,), 范数=0.236856
2025-08-25 02:43:07,455 - DEBUG - 🔍 LM阻尼矩阵: H_lm = H_total + 1000.0 * I
2025-08-25 02:43:07,455 - DEBUG -    H_lm条件数: 1.05e+00
2025-08-25 02:43:07,455 - DEBUG - 🔍 线性方程组求解成功:
2025-08-25 02:43:07,455 - DEBUG -    参数更新向量 Δθ: [[ 1.90585203e-04]
 [-1.59152951e-05]
 [ 2.20572070e-05]
 [ 1.22470444e-04]]
2025-08-25 02:43:07,455 - DEBUG -    更新向量范数: 0.000228
2025-08-25 02:43:07,455 - DEBUG -    各分量更新: Δc_x=0.000191, Δc_y=-0.000016, Δc_z=0.000022, Δr=0.000122
2025-08-25 02:43:07,455 - DEBUG -    参数更新:
2025-08-25 02:43:07,455 - DEBUG -      旧参数: [[0.03473352]
 [0.02042834]
 [0.60289216]
 [0.01423255]]
2025-08-25 02:43:07,455 - DEBUG -      更新向量: [[ 1.90585203e-04]
 [-1.59152951e-05]
 [ 2.20572070e-05]
 [ 1.22470444e-04]]
2025-08-25 02:43:07,455 - DEBUG -      新参数: [[0.0349241 ]
 [0.02041243]
 [0.60291422]
 [0.01435502]]
2025-08-25 02:43:07,455 - INFO - -----------------------------------------------------------------------------------
2025-08-25 02:43:07,455 - INFO - 🔍 迭代第10次，球心向左0.190585mm，向上0.015915mm，向后0.022057mm，半径变大0.122470mm
2025-08-25 02:43:07,455 - INFO - 📊 变化前: 中心(0.035, 0.020, 0.603), 半径14.23mm
2025-08-25 02:43:07,455 - INFO - 📊 变化后: 中心(0.035, 0.020, 0.603), 半径14.36mm
2025-08-25 02:43:07,455 - INFO - 📈 变化量: 中心移动0.19mm, 半径变化0.12mm
2025-08-25 02:43:07,455 - INFO - 📍 眼球中心: [0.03473352 0.02042834 0.60289216]
2025-08-25 02:43:07,455 - INFO - 📏 眼球半径: 14.23mm
2025-08-25 02:43:07,455 - INFO - 👁️ 瞳孔中心: [0.016      0.02533333 0.60000002]
2025-08-25 02:43:07,455 - INFO - 📐 眼球中心在瞳孔中心的右18.73mm，上4.90mm，后2.89mm
2025-08-25 02:43:07,455 - INFO - 📏 距离: 19.58mm
2025-08-25 02:43:07,455 - INFO - -----------------------------------------------------------------------------------
2025-08-25 02:43:07,455 - INFO - -----------------------------------------------------------------------------------
2025-08-25 02:43:07,455 - DEBUG - 🔍 参数有效性检查:
2025-08-25 02:43:07,463 - DEBUG -    参数向量: [[0.0349241 ]
 [0.02041243]
 [0.60291422]
 [0.01435502]]
2025-08-25 02:43:07,463 - DEBUG -    球心: [0.0349241  0.02041243 0.60291422]
2025-08-25 02:43:07,463 - DEBUG -    半径: 0.014355
2025-08-25 02:43:07,463 - DEBUG - 🔍 函数值计算详情:
2025-08-25 02:43:07,463 - DEBUG -    数据项 F(θ): 0.002319
2025-08-25 02:43:07,463 - DEBUG -    深度约束项: 0.000010
2025-08-25 02:43:07,463 - DEBUG -    半径先验项: 0.000050
2025-08-25 02:43:07,463 - DEBUG -    总函数值 Φ(θ): 0.002379
2025-08-25 02:43:07,463 - DEBUG -    函数值改善: 0.000000
2025-08-25 02:43:07,463 - DEBUG - 🔍 参数有效: True
2025-08-25 02:43:07,463 - DEBUG -    参数更新成功:
2025-08-25 02:43:07,464 - DEBUG -      新球心: [0.0349241  0.02041243 0.60291422]
2025-08-25 02:43:07,464 - DEBUG -      新半径: 0.014355
2025-08-25 02:43:07,464 - INFO - -----------------------------------------------------------------------------------
2025-08-25 02:43:07,464 - DEBUG - 🔍 LM收敛性检查:
2025-08-25 02:43:07,464 - DEBUG -    当前迭代次数: 10
2025-08-25 02:43:07,464 - DEBUG -    最大迭代次数: 30
2025-08-25 02:43:07,464 - DEBUG -    参数变化: 0.000228
2025-08-25 02:43:07,464 - DEBUG -    参数容忍度: 5e-06
2025-08-25 02:43:07,464 - DEBUG -    残差变化: 0.000000
2025-08-25 02:43:07,464 - DEBUG -    残差容忍度: 5e-06
2025-08-25 02:43:07,464 - DEBUG - 🔍 迭代 12/30:
2025-08-25 02:43:07,464 - DEBUG - 🔍 计算点到球心距离: 形状=(21,)
2025-08-25 02:43:07,464 - DEBUG - 🔍 生理偏差向量计算:
2025-08-25 02:43:07,464 - DEBUG -    点类型列表: ['pupil_center', 'iris_boundaries', 'iris_boundaries', 'iris_boundaries', 'iris_boundaries', 'eye_contours', 'eye_contours', 'eye_contours', 'eye_contours', 'eye_contours', 'eye_contours', 'eye_contours', 'eye_contours', 'eye_contours', 'eye_contours', 'eye_contours', 'eye_contours', 'eye_contours', 'eye_contours', 'eye_contours', 'eye_contours']
2025-08-25 02:43:07,464 - DEBUG -    偏差向量: [0.0002  0.00085 0.00085 0.00085 0.00085 0.0015  0.0015  0.0015  0.0015
 0.0015  0.0015  0.0015  0.0015  0.0015  0.0015  0.0015  0.0015  0.0015
 0.0015  0.0015  0.0015 ]
2025-08-25 02:43:07,464 - DEBUG -    向量形状: (21,)
2025-08-25 02:43:07,464 - DEBUG -    偏差统计: 均值=0.001314, 标准差=0.000356
2025-08-25 02:43:07,464 - DEBUG - 获取生理偏差: 点类型=['pupil_center', 'iris_boundaries', 'iris_boundaries', 'iris_boundaries', 'iris_boundaries', 'eye_contours', 'eye_contours', 'eye_contours', 'eye_contours', 'eye_contours', 'eye_contours', 'eye_contours', 'eye_contours', 'eye_contours', 'eye_contours', 'eye_contours', 'eye_contours', 'eye_contours', 'eye_contours', 'eye_contours', 'eye_contours'], 偏差值=[0.0002  0.00085 0.00085 0.00085 0.00085 0.0015  0.0015  0.0015  0.0015
 0.0015  0.0015  0.0015  0.0015  0.0015  0.0015  0.0015  0.0015  0.0015
 0.0015  0.0015  0.0015 ]
2025-08-25 02:43:07,464 - INFO - -----------------------------------------------------------------------------------
2025-08-25 02:43:07,464 - DEBUG - 🔍 拟合残差计算详情:
2025-08-25 02:43:07,464 - DEBUG -    球心坐标: [0.0349241  0.02041243 0.60291422]
2025-08-25 02:43:07,464 - DEBUG -    球体半径: 0.014355
2025-08-25 02:43:07,464 - DEBUG -    采样点数: 21
2025-08-25 02:43:07,464 - DEBUG -    点类型分布: {'eye_contours': 16, 'iris_boundaries': 4, 'pupil_center': 1}
2025-08-25 02:43:07,464 - DEBUG -    理论距离向量: [0.01455502 0.01520502 0.01520502 0.01520502 0.01520502 0.01585502
 0.01585502 0.01585502 0.01585502 0.01585502 0.01585502 0.01585502
 0.01585502 0.01585502 0.01585502 0.01585502 0.01585502 0.01585502
 0.01585502 0.01585502 0.01585502]
2025-08-25 02:43:07,464 - DEBUG -    实际距离向量: [0.01976941 0.00963891 0.01893438 0.02943095 0.02353594 0.04529665
 0.04194978 0.03843593 0.03349732 0.02599239 0.01851282 0.01233813
 0.01040371 0.01018684 0.00664985 0.0065592  0.01522456 0.02414307
 0.03306737 0.03890533 0.04242802]
2025-08-25 02:43:07,464 - DEBUG -    生理偏差向量: [0.0002  0.00085 0.00085 0.00085 0.00085 0.0015  0.0015  0.0015  0.0015
 0.0015  0.0015  0.0015  0.0015  0.0015  0.0015  0.0015  0.0015  0.0015
 0.0015  0.0015  0.0015 ]
2025-08-25 02:43:07,464 - DEBUG -    残差向量 f(θ): 
[[ 0.00521439]
 [-0.00556611]
 [ 0.00372936]
 [ 0.01422593]
 [ 0.00833092]
 [ 0.02944163]
 [ 0.02609476]
 [ 0.02258091]
 [ 0.0176423 ]
 [ 0.01013737]
 [ 0.0026578 ]
 [-0.00351689]
 [-0.00545131]
 [-0.00566818]
 [-0.00920517]
 [-0.00929582]
 [-0.00063046]
 [ 0.00828805]
 [ 0.01721235]
 [ 0.02305031]
 [ 0.026573  ]]
2025-08-25 02:43:07,464 - DEBUG -    平均残差范数: 0.003254
2025-08-25 02:43:07,464 - DEBUG -    残差范数=0.068343
2025-08-25 02:43:07,464 - INFO - -----------------------------------------------------------------------------------
2025-08-25 02:43:07,464 - DEBUG - 🔍 深度约束计算详情 (softplus):
2025-08-25 02:43:07,464 - DEBUG -    采样点Z坐标范围: [0.599922, 0.600822]
2025-08-25 02:43:07,464 - DEBUG -    球心Z坐标: 0.602914
2025-08-25 02:43:07,464 - DEBUG -    深度偏移ε: 0.000200
2025-08-25 02:43:07,464 - DEBUG -    softplus参数τ: 0.001000
2025-08-25 02:43:07,471 - DEBUG -    原始违反值: -0.001892
2025-08-25 02:43:07,471 - DEBUG -    softplus输入 u: -1.892128
2025-08-25 02:43:07,471 - DEBUG -    约束惩罚 h(θ): 0.000140
2025-08-25 02:43:07,471 - DEBUG -    🟢 深度约束满足: 球心深度足够
2025-08-25 02:43:07,471 - INFO - -----------------------------------------------------------------------------------
2025-08-25 02:43:07,471 - DEBUG - 🔍 半径惩罚计算详情:
2025-08-25 02:43:07,471 - DEBUG -    当前半径: 0.014355
2025-08-25 02:43:07,471 - DEBUG -    半径先验值: 0.012000
2025-08-25 02:43:07,471 - DEBUG -    半径残差 r(θ): 0.002355
2025-08-25 02:43:07,471 - DEBUG -    数据残差 f(θ): [[ 0.00521439]
 [-0.00556611]
 [ 0.00372936]
 [ 0.01422593]
 [ 0.00833092]
 [ 0.02944163]
 [ 0.02609476]
 [ 0.02258091]
 [ 0.0176423 ]
 [ 0.01013737]
 [ 0.0026578 ]
 [-0.00351689]
 [-0.00545131]
 [-0.00566818]
 [-0.00920517]
 [-0.00929582]
 [-0.00063046]
 [ 0.00828805]
 [ 0.01721235]
 [ 0.02305031]
 [ 0.026573  ]]
2025-08-25 02:43:07,471 - DEBUG -    约束残差 g(θ): [[0.00014041]]
2025-08-25 02:43:07,471 - DEBUG -    半径残差 r(θ): [[0.00235502]]
2025-08-25 02:43:07,471 - DEBUG - 🔍 状态变化计算: 参数变化=0.000228, 残差变化=0.000237
2025-08-25 02:43:07,471 - INFO - -----------------------------------------------------------------------------------
2025-08-25 02:43:07,471 - DEBUG - 🔍 权重管理器状态更新详情:
2025-08-25 02:43:07,471 - DEBUG -    当前迭代: 11
2025-08-25 02:43:07,471 - DEBUG -    参数变化: 0.000228 (阈值: 0.000005)
2025-08-25 02:43:07,471 - DEBUG -    残差变化: 0.000237 (阈值: 0.000005)
2025-08-25 02:43:07,471 - DEBUG -    几何权重因子: 10
2025-08-25 02:43:07,471 - DEBUG - ⏸️ 保持图像置信度权重: 参数变化=2.28e-04, 残差变化=2.37e-04
2025-08-25 02:43:07,471 - DEBUG - 状态已保存: 参数=[0.0349241  0.02041243 0.60291422 0.01435502], 残差范数=0.068343
2025-08-25 02:43:07,471 - DEBUG - 🔍 获取visibility信息: 形状=(21,), 范围=[1.000, 1.000]
2025-08-25 02:43:07,471 - DEBUG - 🔧 设置图像置信度权重: 21个点
2025-08-25 02:43:07,471 - DEBUG - 🔍 开始计算权重矩阵:
2025-08-25 02:43:07,471 - DEBUG -    点类型: ['pupil_center', 'iris_boundaries', 'iris_boundaries', 'iris_boundaries', 'iris_boundaries', 'eye_contours', 'eye_contours', 'eye_contours', 'eye_contours', 'eye_contours', 'eye_contours', 'eye_contours', 'eye_contours', 'eye_contours', 'eye_contours', 'eye_contours', 'eye_contours', 'eye_contours', 'eye_contours', 'eye_contours', 'eye_contours']
2025-08-25 02:43:07,471 - DEBUG -    残差向量: 形状=(21,), 范数=0.068343
2025-08-25 02:43:07,471 - DEBUG -    Visibility: 形状=(21,), 均值=1.000
2025-08-25 02:43:07,471 - DEBUG - 🔍 权重矩阵计算成功: 形状=(21, 21)
2025-08-25 02:43:07,471 - DEBUG - 🔍 几何权重统计:
2025-08-25 02:43:07,471 - DEBUG -    权重向量: [[1.]
 [1.]
 [1.]
 [1.]
 [1.]
 [1.]
 [1.]
 [1.]
 [1.]
 [1.]
 [1.]
 [1.]
 [1.]
 [1.]
 [1.]
 [1.]
 [1.]
 [1.]
 [1.]
 [1.]
 [1.]]
2025-08-25 02:43:07,471 - DEBUG -    权重范围: [1.000000, 1.000000]
2025-08-25 02:43:07,471 - DEBUG -    权重均值: 1.000000
2025-08-25 02:43:07,471 - DEBUG -    权重标准差: 0.000000
2025-08-25 02:43:07,471 - DEBUG -    高权重点(>0.8): 21/21
2025-08-25 02:43:07,471 - DEBUG -    低权重点(<0.2): 0/21
2025-08-25 02:43:07,471 - INFO - -----------------------------------------------------------------------------------
2025-08-25 02:43:07,471 - DEBUG - 🔍 开始求解LM更新方程:
2025-08-25 02:43:07,471 - DEBUG -    数据残差: 形状=(21,), 范数=0.068343
2025-08-25 02:43:07,471 - DEBUG -    约束残差: 形状=(1,), 范数=0.000140
2025-08-25 02:43:07,471 - DEBUG - 🔍 计算数据残差雅可比矩阵 J_f: 形状=(21, 4)
2025-08-25 02:43:07,479 - DEBUG - 🔍 J_f矩阵计算完成: 条件数=1.66e+01
2025-08-25 02:43:07,479 - DEBUG - 🔍 深度约束雅可比计算: u=-1.892128, σ=0.131002, J_h=[[ 0.          0.         -0.13100199  0.        ]]
2025-08-25 02:43:07,479 - DEBUG - 🔍 半径先验雅可比: J_r=[[0. 0. 0. 1.]]
2025-08-25 02:43:07,479 - DEBUG - 🔍 使用几何权重矩阵: 形状=(21, 21)
2025-08-25 02:43:07,479 - DEBUG - 🔍 Hessian矩阵计算:
2025-08-25 02:43:07,479 - DEBUG -    H_data = J_f^T W J_f: 形状=(4, 4), 条件数=2.74e+02
2025-08-25 02:43:07,479 - DEBUG -    H_h = λ_depth J_h^T J_h: 形状=(4, 4), λ_depth=1000.0
2025-08-25 02:43:07,479 - DEBUG -    H_r = λ_radius J_r^T J_r: 形状=(4, 4), λ_radius=20.0
2025-08-25 02:43:07,479 - DEBUG -    H_total: 形状=(4, 4), 条件数=1.39e+01
2025-08-25 02:43:07,479 - DEBUG - 🔍 梯度计算:
2025-08-25 02:43:07,479 - DEBUG -    g_data: 形状=(4,), 范数=0.263890
2025-08-25 02:43:07,479 - DEBUG -    g_h: 形状=(4,), 范数=0.018395
2025-08-25 02:43:07,479 - DEBUG -    g_r: 形状=(4,), 范数=0.047100
2025-08-25 02:43:07,479 - DEBUG -    g_total: 形状=(4,), 范数=0.236188
2025-08-25 02:43:07,479 - DEBUG - 🔍 LM阻尼矩阵: H_lm = H_total + 1000.0 * I
2025-08-25 02:43:07,479 - DEBUG -    H_lm条件数: 1.05e+00
2025-08-25 02:43:07,479 - DEBUG - 🔍 线性方程组求解成功:
2025-08-25 02:43:07,479 - DEBUG -    参数更新向量 Δθ: [[ 1.91134599e-04]
 [-1.56095205e-05]
 [ 2.14143869e-05]
 [ 1.20643236e-04]]
2025-08-25 02:43:07,479 - DEBUG -    更新向量范数: 0.000228
2025-08-25 02:43:07,479 - DEBUG -    各分量更新: Δc_x=0.000191, Δc_y=-0.000016, Δc_z=0.000021, Δr=0.000121
2025-08-25 02:43:07,479 - DEBUG -    参数更新:
2025-08-25 02:43:07,479 - DEBUG -      旧参数: [[0.0349241 ]
 [0.02041243]
 [0.60291422]
 [0.01435502]]
2025-08-25 02:43:07,479 - DEBUG -      更新向量: [[ 1.91134599e-04]
 [-1.56095205e-05]
 [ 2.14143869e-05]
 [ 1.20643236e-04]]
2025-08-25 02:43:07,479 - DEBUG -      新参数: [[0.03511524]
 [0.02039682]
 [0.60293563]
 [0.01447566]]
2025-08-25 02:43:07,479 - INFO - -----------------------------------------------------------------------------------
2025-08-25 02:43:07,479 - INFO - 🔍 迭代第11次，球心向左0.191135mm，向上0.015610mm，向后0.021414mm，半径变大0.120643mm
2025-08-25 02:43:07,479 - INFO - 📊 变化前: 中心(0.035, 0.020, 0.603), 半径14.36mm
2025-08-25 02:43:07,479 - INFO - 📊 变化后: 中心(0.035, 0.020, 0.603), 半径14.48mm
2025-08-25 02:43:07,479 - INFO - 📈 变化量: 中心移动0.19mm, 半径变化0.12mm
2025-08-25 02:43:07,479 - INFO - 📍 眼球中心: [0.0349241  0.02041243 0.60291422]
2025-08-25 02:43:07,479 - INFO - 📏 眼球半径: 14.36mm
2025-08-25 02:43:07,479 - INFO - 👁️ 瞳孔中心: [0.016      0.02533333 0.60000002]
2025-08-25 02:43:07,479 - INFO - 📐 眼球中心在瞳孔中心的右18.92mm，上4.92mm，后2.91mm
2025-08-25 02:43:07,479 - INFO - 📏 距离: 19.77mm
2025-08-25 02:43:07,479 - INFO - -----------------------------------------------------------------------------------
2025-08-25 02:43:07,479 - INFO - -----------------------------------------------------------------------------------
2025-08-25 02:43:07,479 - DEBUG - 🔍 参数有效性检查:
2025-08-25 02:43:07,479 - DEBUG -    参数向量: [[0.03511524]
 [0.02039682]
 [0.60293563]
 [0.01447566]]
2025-08-25 02:43:07,487 - DEBUG -    球心: [0.03511524 0.02039682 0.60293563]
2025-08-25 02:43:07,487 - DEBUG -    半径: 0.014476
2025-08-25 02:43:07,487 - DEBUG - 🔍 函数值计算详情:
2025-08-25 02:43:07,487 - DEBUG -    数据项 F(θ): 0.002335
2025-08-25 02:43:07,487 - DEBUG -    深度约束项: 0.000010
2025-08-25 02:43:07,487 - DEBUG -    半径先验项: 0.000055
2025-08-25 02:43:07,487 - DEBUG -    总函数值 Φ(θ): 0.002401
2025-08-25 02:43:07,487 - DEBUG -    函数值改善: -0.000021
2025-08-25 02:43:07,487 - DEBUG - 🔍 参数有效: False
2025-08-25 02:43:07,487 - DEBUG -    参数无效，阻尼因子调整: λ_LM = 1.00e+04
2025-08-25 02:43:07,487 - DEBUG - 🔍 迭代 13/30:
2025-08-25 02:43:07,487 - DEBUG - 🔍 计算点到球心距离: 形状=(21,)
2025-08-25 02:43:07,487 - DEBUG - 🔍 生理偏差向量计算:
2025-08-25 02:43:07,487 - DEBUG -    点类型列表: ['pupil_center', 'iris_boundaries', 'iris_boundaries', 'iris_boundaries', 'iris_boundaries', 'eye_contours', 'eye_contours', 'eye_contours', 'eye_contours', 'eye_contours', 'eye_contours', 'eye_contours', 'eye_contours', 'eye_contours', 'eye_contours', 'eye_contours', 'eye_contours', 'eye_contours', 'eye_contours', 'eye_contours', 'eye_contours']
2025-08-25 02:43:07,487 - DEBUG -    偏差向量: [0.0002  0.00085 0.00085 0.00085 0.00085 0.0015  0.0015  0.0015  0.0015
 0.0015  0.0015  0.0015  0.0015  0.0015  0.0015  0.0015  0.0015  0.0015
 0.0015  0.0015  0.0015 ]
2025-08-25 02:43:07,487 - DEBUG -    向量形状: (21,)
2025-08-25 02:43:07,487 - DEBUG -    偏差统计: 均值=0.001314, 标准差=0.000356
2025-08-25 02:43:07,487 - DEBUG - 获取生理偏差: 点类型=['pupil_center', 'iris_boundaries', 'iris_boundaries', 'iris_boundaries', 'iris_boundaries', 'eye_contours', 'eye_contours', 'eye_contours', 'eye_contours', 'eye_contours', 'eye_contours', 'eye_contours', 'eye_contours', 'eye_contours', 'eye_contours', 'eye_contours', 'eye_contours', 'eye_contours', 'eye_contours', 'eye_contours', 'eye_contours'], 偏差值=[0.0002  0.00085 0.00085 0.00085 0.00085 0.0015  0.0015  0.0015  0.0015
 0.0015  0.0015  0.0015  0.0015  0.0015  0.0015  0.0015  0.0015  0.0015
 0.0015  0.0015  0.0015 ]
2025-08-25 02:43:07,487 - INFO - -----------------------------------------------------------------------------------
2025-08-25 02:43:07,487 - DEBUG - 🔍 拟合残差计算详情:
2025-08-25 02:43:07,487 - DEBUG -    球心坐标: [0.0349241  0.02041243 0.60291422]
2025-08-25 02:43:07,487 - DEBUG -    球体半径: 0.014355
2025-08-25 02:43:07,487 - DEBUG -    采样点数: 21
2025-08-25 02:43:07,487 - DEBUG -    点类型分布: {'eye_contours': 16, 'iris_boundaries': 4, 'pupil_center': 1}
2025-08-25 02:43:07,487 - DEBUG -    理论距离向量: [0.01455502 0.01520502 0.01520502 0.01520502 0.01520502 0.01585502
 0.01585502 0.01585502 0.01585502 0.01585502 0.01585502 0.01585502
 0.01585502 0.01585502 0.01585502 0.01585502 0.01585502 0.01585502
 0.01585502 0.01585502 0.01585502]
2025-08-25 02:43:07,487 - DEBUG -    实际距离向量: [0.01976941 0.00963891 0.01893438 0.02943095 0.02353594 0.04529665
 0.04194978 0.03843593 0.03349732 0.02599239 0.01851282 0.01233813
 0.01040371 0.01018684 0.00664985 0.0065592  0.01522456 0.02414307
 0.03306737 0.03890533 0.04242802]
2025-08-25 02:43:07,487 - DEBUG -    生理偏差向量: [0.0002  0.00085 0.00085 0.00085 0.00085 0.0015  0.0015  0.0015  0.0015
 0.0015  0.0015  0.0015  0.0015  0.0015  0.0015  0.0015  0.0015  0.0015
 0.0015  0.0015  0.0015 ]
2025-08-25 02:43:07,487 - DEBUG -    残差向量 f(θ): 
[[ 0.00521439]
 [-0.00556611]
 [ 0.00372936]
 [ 0.01422593]
 [ 0.00833092]
 [ 0.02944163]
 [ 0.02609476]
 [ 0.02258091]
 [ 0.0176423 ]
 [ 0.01013737]
 [ 0.0026578 ]
 [-0.00351689]
 [-0.00545131]
 [-0.00566818]
 [-0.00920517]
 [-0.00929582]
 [-0.00063046]
 [ 0.00828805]
 [ 0.01721235]
 [ 0.02305031]
 [ 0.026573  ]]
2025-08-25 02:43:07,487 - DEBUG -    平均残差范数: 0.003254
2025-08-25 02:43:07,487 - DEBUG -    残差范数=0.068343
2025-08-25 02:43:07,487 - INFO - -----------------------------------------------------------------------------------
2025-08-25 02:43:07,487 - DEBUG - 🔍 深度约束计算详情 (softplus):
2025-08-25 02:43:07,487 - DEBUG -    采样点Z坐标范围: [0.599922, 0.600822]
2025-08-25 02:43:07,487 - DEBUG -    球心Z坐标: 0.602914
2025-08-25 02:43:07,487 - DEBUG -    深度偏移ε: 0.000200
2025-08-25 02:43:07,487 - DEBUG -    softplus参数τ: 0.001000
2025-08-25 02:43:07,487 - DEBUG -    原始违反值: -0.001892
2025-08-25 02:43:07,495 - DEBUG -    softplus输入 u: -1.892128
2025-08-25 02:43:07,495 - DEBUG -    约束惩罚 h(θ): 0.000140
2025-08-25 02:43:07,495 - DEBUG -    🟢 深度约束满足: 球心深度足够
2025-08-25 02:43:07,495 - INFO - -----------------------------------------------------------------------------------
2025-08-25 02:43:07,495 - DEBUG - 🔍 半径惩罚计算详情:
2025-08-25 02:43:07,495 - DEBUG -    当前半径: 0.014355
2025-08-25 02:43:07,495 - DEBUG -    半径先验值: 0.012000
2025-08-25 02:43:07,495 - DEBUG -    半径残差 r(θ): 0.002355
2025-08-25 02:43:07,495 - DEBUG -    数据残差 f(θ): [[ 0.00521439]
 [-0.00556611]
 [ 0.00372936]
 [ 0.01422593]
 [ 0.00833092]
 [ 0.02944163]
 [ 0.02609476]
 [ 0.02258091]
 [ 0.0176423 ]
 [ 0.01013737]
 [ 0.0026578 ]
 [-0.00351689]
 [-0.00545131]
 [-0.00566818]
 [-0.00920517]
 [-0.00929582]
 [-0.00063046]
 [ 0.00828805]
 [ 0.01721235]
 [ 0.02305031]
 [ 0.026573  ]]
2025-08-25 02:43:07,495 - DEBUG -    约束残差 g(θ): [[0.00014041]]
2025-08-25 02:43:07,495 - DEBUG -    半径残差 r(θ): [[0.00235502]]
2025-08-25 02:43:07,495 - DEBUG - 🔍 状态变化计算: 参数变化=0.000000, 残差变化=0.000000
2025-08-25 02:43:07,495 - INFO - -----------------------------------------------------------------------------------
2025-08-25 02:43:07,495 - DEBUG - 🔍 权重管理器状态更新详情:
2025-08-25 02:43:07,495 - DEBUG -    当前迭代: 12
2025-08-25 02:43:07,495 - DEBUG -    参数变化: 0.000000 (阈值: 0.000005)
2025-08-25 02:43:07,495 - DEBUG -    残差变化: 0.000000 (阈值: 0.000005)
2025-08-25 02:43:07,495 - DEBUG -    几何权重因子: 10
2025-08-25 02:43:07,495 - DEBUG - ⏸️ 保持图像置信度权重: 参数变化=0.00e+00, 残差变化=0.00e+00
2025-08-25 02:43:07,495 - DEBUG - 状态已保存: 参数=[0.0349241  0.02041243 0.60291422 0.01435502], 残差范数=0.068343
2025-08-25 02:43:07,495 - DEBUG - 🔍 获取visibility信息: 形状=(21,), 范围=[1.000, 1.000]
2025-08-25 02:43:07,495 - DEBUG - 🔧 设置图像置信度权重: 21个点
2025-08-25 02:43:07,495 - DEBUG - 🔍 开始计算权重矩阵:
2025-08-25 02:43:07,495 - DEBUG -    点类型: ['pupil_center', 'iris_boundaries', 'iris_boundaries', 'iris_boundaries', 'iris_boundaries', 'eye_contours', 'eye_contours', 'eye_contours', 'eye_contours', 'eye_contours', 'eye_contours', 'eye_contours', 'eye_contours', 'eye_contours', 'eye_contours', 'eye_contours', 'eye_contours', 'eye_contours', 'eye_contours', 'eye_contours', 'eye_contours']
2025-08-25 02:43:07,495 - DEBUG -    残差向量: 形状=(21,), 范数=0.068343
2025-08-25 02:43:07,495 - DEBUG -    Visibility: 形状=(21,), 均值=1.000
2025-08-25 02:43:07,495 - DEBUG - 🔍 权重矩阵计算成功: 形状=(21, 21)
2025-08-25 02:43:07,495 - DEBUG - 🔍 几何权重统计:
2025-08-25 02:43:07,495 - DEBUG -    权重向量: [[1.]
 [1.]
 [1.]
 [1.]
 [1.]
 [1.]
 [1.]
 [1.]
 [1.]
 [1.]
 [1.]
 [1.]
 [1.]
 [1.]
 [1.]
 [1.]
 [1.]
 [1.]
 [1.]
 [1.]
 [1.]]
2025-08-25 02:43:07,495 - DEBUG -    权重范围: [1.000000, 1.000000]
2025-08-25 02:43:07,495 - DEBUG -    权重均值: 1.000000
2025-08-25 02:43:07,495 - DEBUG -    权重标准差: 0.000000
2025-08-25 02:43:07,495 - DEBUG -    高权重点(>0.8): 21/21
2025-08-25 02:43:07,495 - DEBUG -    低权重点(<0.2): 0/21
2025-08-25 02:43:07,495 - INFO - -----------------------------------------------------------------------------------
2025-08-25 02:43:07,495 - DEBUG - 🔍 开始求解LM更新方程:
2025-08-25 02:43:07,495 - DEBUG -    数据残差: 形状=(21,), 范数=0.068343
2025-08-25 02:43:07,495 - DEBUG -    约束残差: 形状=(1,), 范数=0.000140
2025-08-25 02:43:07,503 - DEBUG - 🔍 计算数据残差雅可比矩阵 J_f: 形状=(21, 4)
2025-08-25 02:43:07,503 - DEBUG - 🔍 J_f矩阵计算完成: 条件数=1.66e+01
2025-08-25 02:43:07,503 - DEBUG - 🔍 深度约束雅可比计算: u=-1.892128, σ=0.131002, J_h=[[ 0.          0.         -0.13100199  0.        ]]
2025-08-25 02:43:07,503 - DEBUG - 🔍 半径先验雅可比: J_r=[[0. 0. 0. 1.]]
2025-08-25 02:43:07,503 - DEBUG - 🔍 使用几何权重矩阵: 形状=(21, 21)
2025-08-25 02:43:07,503 - DEBUG - 🔍 Hessian矩阵计算:
2025-08-25 02:43:07,503 - DEBUG -    H_data = J_f^T W J_f: 形状=(4, 4), 条件数=2.74e+02
2025-08-25 02:43:07,503 - DEBUG -    H_h = λ_depth J_h^T J_h: 形状=(4, 4), λ_depth=1000.0
2025-08-25 02:43:07,503 - DEBUG -    H_r = λ_radius J_r^T J_r: 形状=(4, 4), λ_radius=20.0
2025-08-25 02:43:07,503 - DEBUG -    H_total: 形状=(4, 4), 条件数=1.39e+01
2025-08-25 02:43:07,503 - DEBUG - 🔍 梯度计算:
2025-08-25 02:43:07,503 - DEBUG -    g_data: 形状=(4,), 范数=0.263890
2025-08-25 02:43:07,503 - DEBUG -    g_h: 形状=(4,), 范数=0.018395
2025-08-25 02:43:07,503 - DEBUG -    g_r: 形状=(4,), 范数=0.047100
2025-08-25 02:43:07,503 - DEBUG -    g_total: 形状=(4,), 范数=0.236188
2025-08-25 02:43:07,503 - DEBUG - 🔍 LM阻尼矩阵: H_lm = H_total + 10000.0 * I
2025-08-25 02:43:07,503 - DEBUG -    H_lm条件数: 1.00e+00
2025-08-25 02:43:07,503 - DEBUG - 🔍 线性方程组求解成功:
2025-08-25 02:43:07,503 - DEBUG -    参数更新向量 Δθ: [[ 1.95457739e-05]
 [-1.71182453e-06]
 [ 2.24717959e-06]
 [ 1.27896610e-05]]
2025-08-25 02:43:07,503 - DEBUG -    更新向量范数: 0.000024
2025-08-25 02:43:07,503 - DEBUG -    各分量更新: Δc_x=0.000020, Δc_y=-0.000002, Δc_z=0.000002, Δr=0.000013
2025-08-25 02:43:07,503 - DEBUG -    参数更新:
2025-08-25 02:43:07,503 - DEBUG -      旧参数: [[0.0349241 ]
 [0.02041243]
 [0.60291422]
 [0.01435502]]
2025-08-25 02:43:07,503 - DEBUG -      更新向量: [[ 1.95457739e-05]
 [-1.71182453e-06]
 [ 2.24717959e-06]
 [ 1.27896610e-05]]
2025-08-25 02:43:07,503 - DEBUG -      新参数: [[0.03494365]
 [0.02041071]
 [0.60291647]
 [0.01436781]]
2025-08-25 02:43:07,503 - INFO - -----------------------------------------------------------------------------------
2025-08-25 02:43:07,503 - INFO - 🔍 迭代第12次，球心向左0.019546mm，向上0.001712mm，向后0.002247mm，半径变大0.012790mm
2025-08-25 02:43:07,503 - INFO - 📊 变化前: 中心(0.035, 0.020, 0.603), 半径14.36mm
2025-08-25 02:43:07,503 - INFO - 📊 变化后: 中心(0.035, 0.020, 0.603), 半径14.37mm
2025-08-25 02:43:07,503 - INFO - 📈 变化量: 中心移动0.02mm, 半径变化0.01mm
2025-08-25 02:43:07,503 - INFO - 📍 眼球中心: [0.0349241  0.02041243 0.60291422]
2025-08-25 02:43:07,503 - INFO - 📏 眼球半径: 14.36mm
2025-08-25 02:43:07,503 - INFO - 👁️ 瞳孔中心: [0.016      0.02533333 0.60000002]
2025-08-25 02:43:07,503 - INFO - 📐 眼球中心在瞳孔中心的右18.92mm，上4.92mm，后2.91mm
2025-08-25 02:43:07,503 - INFO - 📏 距离: 19.77mm
2025-08-25 02:43:07,503 - INFO - -----------------------------------------------------------------------------------
2025-08-25 02:43:07,503 - INFO - -----------------------------------------------------------------------------------
2025-08-25 02:43:07,503 - DEBUG - 🔍 参数有效性检查:
2025-08-25 02:43:07,512 - DEBUG -    参数向量: [[0.03494365]
 [0.02041071]
 [0.60291647]
 [0.01436781]]
2025-08-25 02:43:07,512 - DEBUG -    球心: [0.03494365 0.02041071 0.60291647]
2025-08-25 02:43:07,512 - DEBUG -    半径: 0.014368
2025-08-25 02:43:07,512 - DEBUG - 🔍 函数值计算详情:
2025-08-25 02:43:07,512 - DEBUG -    数据项 F(θ): 0.002335
2025-08-25 02:43:07,512 - DEBUG -    深度约束项: 0.000010
2025-08-25 02:43:07,512 - DEBUG -    半径先验项: 0.000055
2025-08-25 02:43:07,512 - DEBUG -    总函数值 Φ(θ): 0.002401
2025-08-25 02:43:07,512 - DEBUG -    函数值改善: 0.000000
2025-08-25 02:43:07,512 - DEBUG - 🔍 参数有效: True
2025-08-25 02:43:07,512 - DEBUG -    参数更新成功:
2025-08-25 02:43:07,512 - DEBUG -      新球心: [0.03494365 0.02041071 0.60291647]
2025-08-25 02:43:07,512 - DEBUG -      新半径: 0.014368
2025-08-25 02:43:07,512 - INFO - -----------------------------------------------------------------------------------
2025-08-25 02:43:07,512 - DEBUG - 🔍 LM收敛性检查:
2025-08-25 02:43:07,512 - DEBUG -    当前迭代次数: 12
2025-08-25 02:43:07,512 - DEBUG -    最大迭代次数: 30
2025-08-25 02:43:07,512 - DEBUG -    参数变化: 0.000024
2025-08-25 02:43:07,512 - DEBUG -    参数容忍度: 5e-06
2025-08-25 02:43:07,512 - DEBUG -    残差变化: 0.000000
2025-08-25 02:43:07,512 - DEBUG -    残差容忍度: 5e-06
2025-08-25 02:43:07,512 - DEBUG - 🔍 迭代 14/30:
2025-08-25 02:43:07,512 - DEBUG - 🔍 计算点到球心距离: 形状=(21,)
2025-08-25 02:43:07,512 - DEBUG - 🔍 生理偏差向量计算:
2025-08-25 02:43:07,512 - DEBUG -    点类型列表: ['pupil_center', 'iris_boundaries', 'iris_boundaries', 'iris_boundaries', 'iris_boundaries', 'eye_contours', 'eye_contours', 'eye_contours', 'eye_contours', 'eye_contours', 'eye_contours', 'eye_contours', 'eye_contours', 'eye_contours', 'eye_contours', 'eye_contours', 'eye_contours', 'eye_contours', 'eye_contours', 'eye_contours', 'eye_contours']
2025-08-25 02:43:07,512 - DEBUG -    偏差向量: [0.0002  0.00085 0.00085 0.00085 0.00085 0.0015  0.0015  0.0015  0.0015
 0.0015  0.0015  0.0015  0.0015  0.0015  0.0015  0.0015  0.0015  0.0015
 0.0015  0.0015  0.0015 ]
2025-08-25 02:43:07,512 - DEBUG -    向量形状: (21,)
2025-08-25 02:43:07,512 - DEBUG -    偏差统计: 均值=0.001314, 标准差=0.000356
2025-08-25 02:43:07,512 - DEBUG - 获取生理偏差: 点类型=['pupil_center', 'iris_boundaries', 'iris_boundaries', 'iris_boundaries', 'iris_boundaries', 'eye_contours', 'eye_contours', 'eye_contours', 'eye_contours', 'eye_contours', 'eye_contours', 'eye_contours', 'eye_contours', 'eye_contours', 'eye_contours', 'eye_contours', 'eye_contours', 'eye_contours', 'eye_contours', 'eye_contours', 'eye_contours'], 偏差值=[0.0002  0.00085 0.00085 0.00085 0.00085 0.0015  0.0015  0.0015  0.0015
 0.0015  0.0015  0.0015  0.0015  0.0015  0.0015  0.0015  0.0015  0.0015
 0.0015  0.0015  0.0015 ]
2025-08-25 02:43:07,512 - INFO - -----------------------------------------------------------------------------------
2025-08-25 02:43:07,512 - DEBUG - 🔍 拟合残差计算详情:
2025-08-25 02:43:07,512 - DEBUG -    球心坐标: [0.03494365 0.02041071 0.60291647]
2025-08-25 02:43:07,512 - DEBUG -    球体半径: 0.014368
2025-08-25 02:43:07,512 - DEBUG -    采样点数: 21
2025-08-25 02:43:07,512 - DEBUG -    点类型分布: {'eye_contours': 16, 'iris_boundaries': 4, 'pupil_center': 1}
2025-08-25 02:43:07,512 - DEBUG -    理论距离向量: [0.01456781 0.01521781 0.01521781 0.01521781 0.01521781 0.01586781
 0.01586781 0.01586781 0.01586781 0.01586781 0.01586781 0.01586781
 0.01586781 0.01586781 0.01586781 0.01586781 0.01586781 0.01586781
 0.01586781 0.01586781 0.01586781]
2025-08-25 02:43:07,512 - DEBUG -    实际距离向量: [0.01978888 0.00965601 0.01895318 0.02945059 0.02355228 0.04531629
 0.04196931 0.03845528 0.03351627 0.02601032 0.01852857 0.01234805
 0.01040433 0.01018134 0.00664961 0.0065774  0.01524411 0.02416271
 0.03308709 0.03892506 0.04244772]
2025-08-25 02:43:07,512 - DEBUG -    生理偏差向量: [0.0002  0.00085 0.00085 0.00085 0.00085 0.0015  0.0015  0.0015  0.0015
 0.0015  0.0015  0.0015  0.0015  0.0015  0.0015  0.0015  0.0015  0.0015
 0.0015  0.0015  0.0015 ]
2025-08-25 02:43:07,512 - DEBUG -    残差向量 f(θ): 
[[ 0.00522107]
 [-0.0055618 ]
 [ 0.00373537]
 [ 0.01423278]
 [ 0.00833447]
 [ 0.02944848]
 [ 0.0261015 ]
 [ 0.02258747]
 [ 0.01764846]
 [ 0.01014251]
 [ 0.00266076]
 [-0.00351976]
 [-0.00546348]
 [-0.00568647]
 [-0.0092182 ]
 [-0.00929041]
 [-0.0006237 ]
 [ 0.0082949 ]
 [ 0.01721928]
 [ 0.02305725]
 [ 0.02657991]]
2025-08-25 02:43:07,512 - DEBUG -    平均残差范数: 0.003256
2025-08-25 02:43:07,512 - DEBUG -    残差范数=0.068367
2025-08-25 02:43:07,512 - INFO - -----------------------------------------------------------------------------------
2025-08-25 02:43:07,512 - DEBUG - 🔍 深度约束计算详情 (softplus):
2025-08-25 02:43:07,520 - DEBUG -    采样点Z坐标范围: [0.599922, 0.600822]
2025-08-25 02:43:07,520 - DEBUG -    球心Z坐标: 0.602916
2025-08-25 02:43:07,520 - DEBUG -    深度偏移ε: 0.000200
2025-08-25 02:43:07,520 - DEBUG -    softplus参数τ: 0.001000
2025-08-25 02:43:07,520 - DEBUG -    原始违反值: -0.001894
2025-08-25 02:43:07,520 - DEBUG -    softplus输入 u: -1.894376
2025-08-25 02:43:07,520 - DEBUG -    约束惩罚 h(θ): 0.000140
2025-08-25 02:43:07,520 - DEBUG -    🟢 深度约束满足: 球心深度足够
2025-08-25 02:43:07,520 - INFO - -----------------------------------------------------------------------------------
2025-08-25 02:43:07,520 - DEBUG - 🔍 半径惩罚计算详情:
2025-08-25 02:43:07,520 - DEBUG -    当前半径: 0.014368
2025-08-25 02:43:07,520 - DEBUG -    半径先验值: 0.012000
2025-08-25 02:43:07,520 - DEBUG -    半径残差 r(θ): 0.002368
2025-08-25 02:43:07,520 - DEBUG -    数据残差 f(θ): [[ 0.00522107]
 [-0.0055618 ]
 [ 0.00373537]
 [ 0.01423278]
 [ 0.00833447]
 [ 0.02944848]
 [ 0.0261015 ]
 [ 0.02258747]
 [ 0.01764846]
 [ 0.01014251]
 [ 0.00266076]
 [-0.00351976]
 [-0.00546348]
 [-0.00568647]
 [-0.0092182 ]
 [-0.00929041]
 [-0.0006237 ]
 [ 0.0082949 ]
 [ 0.01721928]
 [ 0.02305725]
 [ 0.02657991]]
2025-08-25 02:43:07,520 - DEBUG -    约束残差 g(θ): [[0.00014012]]
2025-08-25 02:43:07,520 - DEBUG -    半径残差 r(θ): [[0.00236781]]
2025-08-25 02:43:07,520 - DEBUG - 🔍 状态变化计算: 参数变化=0.000024, 残差变化=0.000024
2025-08-25 02:43:07,520 - INFO - -----------------------------------------------------------------------------------
2025-08-25 02:43:07,520 - DEBUG - 🔍 权重管理器状态更新详情:
2025-08-25 02:43:07,520 - DEBUG -    当前迭代: 13
2025-08-25 02:43:07,520 - DEBUG -    参数变化: 0.000024 (阈值: 0.000005)
2025-08-25 02:43:07,520 - DEBUG -    残差变化: 0.000024 (阈值: 0.000005)
2025-08-25 02:43:07,520 - DEBUG -    几何权重因子: 10
2025-08-25 02:43:07,520 - DEBUG - ✅ 启用几何权重: 参数变化=2.35e-05, 残差变化=2.37e-05
2025-08-25 02:43:07,520 - DEBUG - 状态已保存: 参数=[0.03494365 0.02041071 0.60291647 0.01436781], 残差范数=0.068367
2025-08-25 02:43:07,520 - DEBUG - 🔍 获取visibility信息: 形状=(21,), 范围=[1.000, 1.000]
2025-08-25 02:43:07,520 - DEBUG - 🔧 设置图像置信度权重: 21个点
2025-08-25 02:43:07,520 - DEBUG - 🔍 开始计算权重矩阵:
2025-08-25 02:43:07,520 - DEBUG -    点类型: ['pupil_center', 'iris_boundaries', 'iris_boundaries', 'iris_boundaries', 'iris_boundaries', 'eye_contours', 'eye_contours', 'eye_contours', 'eye_contours', 'eye_contours', 'eye_contours', 'eye_contours', 'eye_contours', 'eye_contours', 'eye_contours', 'eye_contours', 'eye_contours', 'eye_contours', 'eye_contours', 'eye_contours', 'eye_contours']
2025-08-25 02:43:07,520 - DEBUG -    残差向量: 形状=(21,), 范数=0.068367
2025-08-25 02:43:07,520 - DEBUG -    Visibility: 形状=(21,), 均值=1.000
2025-08-25 02:43:07,520 - DEBUG - 🔍 权重矩阵计算成功: 形状=(21, 21)
2025-08-25 02:43:07,520 - DEBUG - 🔍 几何权重统计:
2025-08-25 02:43:07,520 - DEBUG -    权重向量: [[1.]
 [1.]
 [1.]
 [1.]
 [1.]
 [1.]
 [1.]
 [1.]
 [1.]
 [1.]
 [1.]
 [1.]
 [1.]
 [1.]
 [1.]
 [1.]
 [1.]
 [1.]
 [1.]
 [1.]
 [1.]]
2025-08-25 02:43:07,520 - DEBUG -    权重范围: [1.000000, 1.000000]
2025-08-25 02:43:07,520 - DEBUG -    权重均值: 1.000000
2025-08-25 02:43:07,520 - DEBUG -    权重标准差: 0.000000
2025-08-25 02:43:07,520 - DEBUG -    高权重点(>0.8): 21/21
2025-08-25 02:43:07,520 - DEBUG -    低权重点(<0.2): 0/21
2025-08-25 02:43:07,520 - INFO - -----------------------------------------------------------------------------------
2025-08-25 02:43:07,528 - DEBUG - 🔍 开始求解LM更新方程:
2025-08-25 02:43:07,528 - DEBUG -    数据残差: 形状=(21,), 范数=0.068367
2025-08-25 02:43:07,528 - DEBUG -    约束残差: 形状=(1,), 范数=0.000140
2025-08-25 02:43:07,528 - DEBUG - 🔍 计算数据残差雅可比矩阵 J_f: 形状=(21, 4)
2025-08-25 02:43:07,528 - DEBUG - 🔍 J_f矩阵计算完成: 条件数=1.66e+01
2025-08-25 02:43:07,528 - DEBUG - 🔍 深度约束雅可比计算: u=-1.894376, σ=0.130746, J_h=[[ 0.          0.         -0.13074638  0.        ]]
2025-08-25 02:43:07,528 - DEBUG - 🔍 半径先验雅可比: J_r=[[0. 0. 0. 1.]]
2025-08-25 02:43:07,528 - DEBUG - 🔍 使用几何权重矩阵: 形状=(21, 21)
2025-08-25 02:43:07,528 - DEBUG - 🔍 Hessian矩阵计算:
2025-08-25 02:43:07,528 - DEBUG -    H_data = J_f^T W J_f: 形状=(4, 4), 条件数=2.75e+02
2025-08-25 02:43:07,528 - DEBUG -    H_h = λ_depth J_h^T J_h: 形状=(4, 4), λ_depth=1000.0
2025-08-25 02:43:07,528 - DEBUG -    H_r = λ_radius J_r^T J_r: 形状=(4, 4), λ_radius=20.0
2025-08-25 02:43:07,528 - DEBUG -    H_total: 形状=(4, 4), 条件数=1.39e+01
2025-08-25 02:43:07,528 - DEBUG - 🔍 梯度计算:
2025-08-25 02:43:07,528 - DEBUG -    g_data: 形状=(4,), 范数=0.263963
2025-08-25 02:43:07,528 - DEBUG -    g_h: 形状=(4,), 范数=0.018320
2025-08-25 02:43:07,528 - DEBUG -    g_r: 形状=(4,), 范数=0.047356
2025-08-25 02:43:07,528 - DEBUG -    g_total: 形状=(4,), 范数=0.236113
2025-08-25 02:43:07,528 - DEBUG - 🔍 LM阻尼矩阵: H_lm = H_total + 10000.0 * I
2025-08-25 02:43:07,528 - DEBUG -    H_lm条件数: 1.00e+00
2025-08-25 02:43:07,528 - DEBUG - 🔍 线性方程组求解成功:
2025-08-25 02:43:07,528 - DEBUG -    参数更新向量 Δθ: [[ 1.95509586e-05]
 [-1.70861393e-06]
 [ 2.24047226e-06]
 [ 1.27696658e-05]]
2025-08-25 02:43:07,528 - DEBUG -    更新向量范数: 0.000024
2025-08-25 02:43:07,528 - DEBUG -    各分量更新: Δc_x=0.000020, Δc_y=-0.000002, Δc_z=0.000002, Δr=0.000013
2025-08-25 02:43:07,528 - DEBUG -    参数更新:
2025-08-25 02:43:07,528 - DEBUG -      旧参数: [[0.03494365]
 [0.02041071]
 [0.60291647]
 [0.01436781]]
2025-08-25 02:43:07,528 - DEBUG -      更新向量: [[ 1.95509586e-05]
 [-1.70861393e-06]
 [ 2.24047226e-06]
 [ 1.27696658e-05]]
2025-08-25 02:43:07,528 - DEBUG -      新参数: [[0.0349632 ]
 [0.02040901]
 [0.60291871]
 [0.01438058]]
2025-08-25 02:43:07,528 - INFO - -----------------------------------------------------------------------------------
2025-08-25 02:43:07,528 - INFO - 🔍 迭代第13次，球心向左0.019551mm，向上0.001709mm，向后0.002240mm，半径变大0.012770mm
2025-08-25 02:43:07,528 - INFO - 📊 变化前: 中心(0.035, 0.020, 0.603), 半径14.37mm
2025-08-25 02:43:07,528 - INFO - 📊 变化后: 中心(0.035, 0.020, 0.603), 半径14.38mm
2025-08-25 02:43:07,528 - INFO - 📈 变化量: 中心移动0.02mm, 半径变化0.01mm
2025-08-25 02:43:07,528 - INFO - 📍 眼球中心: [0.03494365 0.02041071 0.60291647]
2025-08-25 02:43:07,528 - INFO - 📏 眼球半径: 14.37mm
2025-08-25 02:43:07,528 - INFO - 👁️ 瞳孔中心: [0.016      0.02533333 0.60000002]
2025-08-25 02:43:07,528 - INFO - 📐 眼球中心在瞳孔中心的右18.94mm，上4.92mm，后2.92mm
2025-08-25 02:43:07,528 - INFO - 📏 距离: 19.79mm
2025-08-25 02:43:07,528 - INFO - -----------------------------------------------------------------------------------
2025-08-25 02:43:07,528 - INFO - -----------------------------------------------------------------------------------
2025-08-25 02:43:07,536 - DEBUG - 🔍 参数有效性检查:
2025-08-25 02:43:07,536 - DEBUG -    参数向量: [[0.0349632 ]
 [0.02040901]
 [0.60291871]
 [0.01438058]]
2025-08-25 02:43:07,536 - DEBUG -    球心: [0.0349632  0.02040901 0.60291871]
2025-08-25 02:43:07,536 - DEBUG -    半径: 0.014381
2025-08-25 02:43:07,536 - DEBUG - 🔍 函数值计算详情:
2025-08-25 02:43:07,536 - DEBUG -    数据项 F(θ): 0.002337
2025-08-25 02:43:07,536 - DEBUG -    深度约束项: 0.000010
2025-08-25 02:43:07,536 - DEBUG -    半径先验项: 0.000056
2025-08-25 02:43:07,536 - DEBUG -    总函数值 Φ(θ): 0.002403
2025-08-25 02:43:07,536 - DEBUG -    函数值改善: -0.000002
2025-08-25 02:43:07,536 - DEBUG - 🔍 参数有效: False
2025-08-25 02:43:07,536 - DEBUG -    参数无效，阻尼因子调整: λ_LM = 1.00e+05
2025-08-25 02:43:07,536 - DEBUG - 🔍 迭代 15/30:
2025-08-25 02:43:07,536 - DEBUG - 🔍 计算点到球心距离: 形状=(21,)
2025-08-25 02:43:07,536 - DEBUG - 🔍 生理偏差向量计算:
2025-08-25 02:43:07,536 - DEBUG -    点类型列表: ['pupil_center', 'iris_boundaries', 'iris_boundaries', 'iris_boundaries', 'iris_boundaries', 'eye_contours', 'eye_contours', 'eye_contours', 'eye_contours', 'eye_contours', 'eye_contours', 'eye_contours', 'eye_contours', 'eye_contours', 'eye_contours', 'eye_contours', 'eye_contours', 'eye_contours', 'eye_contours', 'eye_contours', 'eye_contours']
2025-08-25 02:43:07,536 - DEBUG -    偏差向量: [0.0002  0.00085 0.00085 0.00085 0.00085 0.0015  0.0015  0.0015  0.0015
 0.0015  0.0015  0.0015  0.0015  0.0015  0.0015  0.0015  0.0015  0.0015
 0.0015  0.0015  0.0015 ]
2025-08-25 02:43:07,536 - DEBUG -    向量形状: (21,)
2025-08-25 02:43:07,536 - DEBUG -    偏差统计: 均值=0.001314, 标准差=0.000356
2025-08-25 02:43:07,536 - DEBUG - 获取生理偏差: 点类型=['pupil_center', 'iris_boundaries', 'iris_boundaries', 'iris_boundaries', 'iris_boundaries', 'eye_contours', 'eye_contours', 'eye_contours', 'eye_contours', 'eye_contours', 'eye_contours', 'eye_contours', 'eye_contours', 'eye_contours', 'eye_contours', 'eye_contours', 'eye_contours', 'eye_contours', 'eye_contours', 'eye_contours', 'eye_contours'], 偏差值=[0.0002  0.00085 0.00085 0.00085 0.00085 0.0015  0.0015  0.0015  0.0015
 0.0015  0.0015  0.0015  0.0015  0.0015  0.0015  0.0015  0.0015  0.0015
 0.0015  0.0015  0.0015 ]
2025-08-25 02:43:07,536 - INFO - -----------------------------------------------------------------------------------
2025-08-25 02:43:07,536 - DEBUG - 🔍 拟合残差计算详情:
2025-08-25 02:43:07,536 - DEBUG -    球心坐标: [0.03494365 0.02041071 0.60291647]
2025-08-25 02:43:07,536 - DEBUG -    球体半径: 0.014368
2025-08-25 02:43:07,536 - DEBUG -    采样点数: 21
2025-08-25 02:43:07,536 - DEBUG -    点类型分布: {'eye_contours': 16, 'iris_boundaries': 4, 'pupil_center': 1}
2025-08-25 02:43:07,536 - DEBUG -    理论距离向量: [0.01456781 0.01521781 0.01521781 0.01521781 0.01521781 0.01586781
 0.01586781 0.01586781 0.01586781 0.01586781 0.01586781 0.01586781
 0.01586781 0.01586781 0.01586781 0.01586781 0.01586781 0.01586781
 0.01586781 0.01586781 0.01586781]
2025-08-25 02:43:07,536 - DEBUG -    实际距离向量: [0.01978888 0.00965601 0.01895318 0.02945059 0.02355228 0.04531629
 0.04196931 0.03845528 0.03351627 0.02601032 0.01852857 0.01234805
 0.01040433 0.01018134 0.00664961 0.0065774  0.01524411 0.02416271
 0.03308709 0.03892506 0.04244772]
2025-08-25 02:43:07,536 - DEBUG -    生理偏差向量: [0.0002  0.00085 0.00085 0.00085 0.00085 0.0015  0.0015  0.0015  0.0015
 0.0015  0.0015  0.0015  0.0015  0.0015  0.0015  0.0015  0.0015  0.0015
 0.0015  0.0015  0.0015 ]
2025-08-25 02:43:07,536 - DEBUG -    残差向量 f(θ): 
[[ 0.00522107]
 [-0.0055618 ]
 [ 0.00373537]
 [ 0.01423278]
 [ 0.00833447]
 [ 0.02944848]
 [ 0.0261015 ]
 [ 0.02258747]
 [ 0.01764846]
 [ 0.01014251]
 [ 0.00266076]
 [-0.00351976]
 [-0.00546348]
 [-0.00568647]
 [-0.0092182 ]
 [-0.00929041]
 [-0.0006237 ]
 [ 0.0082949 ]
 [ 0.01721928]
 [ 0.02305725]
 [ 0.02657991]]
2025-08-25 02:43:07,536 - DEBUG -    平均残差范数: 0.003256
2025-08-25 02:43:07,536 - DEBUG -    残差范数=0.068367
2025-08-25 02:43:07,536 - INFO - -----------------------------------------------------------------------------------
2025-08-25 02:43:07,536 - DEBUG - 🔍 深度约束计算详情 (softplus):
2025-08-25 02:43:07,536 - DEBUG -    采样点Z坐标范围: [0.599922, 0.600822]
2025-08-25 02:43:07,536 - DEBUG -    球心Z坐标: 0.602916
2025-08-25 02:43:07,536 - DEBUG -    深度偏移ε: 0.000200
2025-08-25 02:43:07,536 - DEBUG -    softplus参数τ: 0.001000
2025-08-25 02:43:07,536 - DEBUG -    原始违反值: -0.001894
2025-08-25 02:43:07,536 - DEBUG -    softplus输入 u: -1.894376
2025-08-25 02:43:07,544 - DEBUG -    约束惩罚 h(θ): 0.000140
2025-08-25 02:43:07,544 - DEBUG -    🟢 深度约束满足: 球心深度足够
2025-08-25 02:43:07,544 - INFO - -----------------------------------------------------------------------------------
2025-08-25 02:43:07,544 - DEBUG - 🔍 半径惩罚计算详情:
2025-08-25 02:43:07,544 - DEBUG -    当前半径: 0.014368
2025-08-25 02:43:07,544 - DEBUG -    半径先验值: 0.012000
2025-08-25 02:43:07,544 - DEBUG -    半径残差 r(θ): 0.002368
2025-08-25 02:43:07,544 - DEBUG -    数据残差 f(θ): [[ 0.00522107]
 [-0.0055618 ]
 [ 0.00373537]
 [ 0.01423278]
 [ 0.00833447]
 [ 0.02944848]
 [ 0.0261015 ]
 [ 0.02258747]
 [ 0.01764846]
 [ 0.01014251]
 [ 0.00266076]
 [-0.00351976]
 [-0.00546348]
 [-0.00568647]
 [-0.0092182 ]
 [-0.00929041]
 [-0.0006237 ]
 [ 0.0082949 ]
 [ 0.01721928]
 [ 0.02305725]
 [ 0.02657991]]
2025-08-25 02:43:07,544 - DEBUG -    约束残差 g(θ): [[0.00014012]]
2025-08-25 02:43:07,544 - DEBUG -    半径残差 r(θ): [[0.00236781]]
2025-08-25 02:43:07,544 - DEBUG - 🔍 状态变化计算: 参数变化=0.000000, 残差变化=0.000000
2025-08-25 02:43:07,544 - INFO - -----------------------------------------------------------------------------------
2025-08-25 02:43:07,544 - DEBUG - 🔍 权重管理器状态更新详情:
2025-08-25 02:43:07,544 - DEBUG -    当前迭代: 14
2025-08-25 02:43:07,544 - DEBUG -    参数变化: 0.000000 (阈值: 0.000005)
2025-08-25 02:43:07,544 - DEBUG -    残差变化: 0.000000 (阈值: 0.000005)
2025-08-25 02:43:07,544 - DEBUG -    几何权重因子: 10
2025-08-25 02:43:07,544 - DEBUG - ⏸️ 保持图像置信度权重: 参数变化=0.00e+00, 残差变化=0.00e+00
2025-08-25 02:43:07,544 - DEBUG - 状态已保存: 参数=[0.03494365 0.02041071 0.60291647 0.01436781], 残差范数=0.068367
2025-08-25 02:43:07,544 - DEBUG - 🔍 获取visibility信息: 形状=(21,), 范围=[1.000, 1.000]
2025-08-25 02:43:07,544 - DEBUG - 🔧 设置图像置信度权重: 21个点
2025-08-25 02:43:07,544 - DEBUG - 🔍 开始计算权重矩阵:
2025-08-25 02:43:07,544 - DEBUG -    点类型: ['pupil_center', 'iris_boundaries', 'iris_boundaries', 'iris_boundaries', 'iris_boundaries', 'eye_contours', 'eye_contours', 'eye_contours', 'eye_contours', 'eye_contours', 'eye_contours', 'eye_contours', 'eye_contours', 'eye_contours', 'eye_contours', 'eye_contours', 'eye_contours', 'eye_contours', 'eye_contours', 'eye_contours', 'eye_contours']
2025-08-25 02:43:07,544 - DEBUG -    残差向量: 形状=(21,), 范数=0.068367
2025-08-25 02:43:07,544 - DEBUG -    Visibility: 形状=(21,), 均值=1.000
2025-08-25 02:43:07,544 - DEBUG - 🔍 权重矩阵计算成功: 形状=(21, 21)
2025-08-25 02:43:07,544 - DEBUG - 🔍 几何权重统计:
2025-08-25 02:43:07,544 - DEBUG -    权重向量: [[1.]
 [1.]
 [1.]
 [1.]
 [1.]
 [1.]
 [1.]
 [1.]
 [1.]
 [1.]
 [1.]
 [1.]
 [1.]
 [1.]
 [1.]
 [1.]
 [1.]
 [1.]
 [1.]
 [1.]
 [1.]]
2025-08-25 02:43:07,544 - DEBUG -    权重范围: [1.000000, 1.000000]
2025-08-25 02:43:07,544 - DEBUG -    权重均值: 1.000000
2025-08-25 02:43:07,552 - DEBUG -    权重标准差: 0.000000
2025-08-25 02:43:07,552 - DEBUG -    高权重点(>0.8): 21/21
2025-08-25 02:43:07,552 - DEBUG -    低权重点(<0.2): 0/21
2025-08-25 02:43:07,552 - INFO - -----------------------------------------------------------------------------------
2025-08-25 02:43:07,552 - DEBUG - 🔍 开始求解LM更新方程:
2025-08-25 02:43:07,552 - DEBUG -    数据残差: 形状=(21,), 范数=0.068367
2025-08-25 02:43:07,552 - DEBUG -    约束残差: 形状=(1,), 范数=0.000140
2025-08-25 02:43:07,552 - DEBUG - 🔍 计算数据残差雅可比矩阵 J_f: 形状=(21, 4)
2025-08-25 02:43:07,552 - DEBUG - 🔍 J_f矩阵计算完成: 条件数=1.66e+01
2025-08-25 02:43:07,552 - DEBUG - 🔍 深度约束雅可比计算: u=-1.894376, σ=0.130746, J_h=[[ 0.          0.         -0.13074638  0.        ]]
2025-08-25 02:43:07,552 - DEBUG - 🔍 半径先验雅可比: J_r=[[0. 0. 0. 1.]]
2025-08-25 02:43:07,552 - DEBUG - 🔍 使用几何权重矩阵: 形状=(21, 21)
2025-08-25 02:43:07,552 - DEBUG - 🔍 Hessian矩阵计算:
2025-08-25 02:43:07,552 - DEBUG -    H_data = J_f^T W J_f: 形状=(4, 4), 条件数=2.75e+02
2025-08-25 02:43:07,552 - DEBUG -    H_h = λ_depth J_h^T J_h: 形状=(4, 4), λ_depth=1000.0
2025-08-25 02:43:07,552 - DEBUG -    H_r = λ_radius J_r^T J_r: 形状=(4, 4), λ_radius=20.0
2025-08-25 02:43:07,552 - DEBUG -    H_total: 形状=(4, 4), 条件数=1.39e+01
2025-08-25 02:43:07,552 - DEBUG - 🔍 梯度计算:
2025-08-25 02:43:07,552 - DEBUG -    g_data: 形状=(4,), 范数=0.263963
2025-08-25 02:43:07,552 - DEBUG -    g_h: 形状=(4,), 范数=0.018320
2025-08-25 02:43:07,552 - DEBUG -    g_r: 形状=(4,), 范数=0.047356
2025-08-25 02:43:07,552 - DEBUG -    g_total: 形状=(4,), 范数=0.236113
2025-08-25 02:43:07,552 - DEBUG - 🔍 LM阻尼矩阵: H_lm = H_total + 100000.0 * I
2025-08-25 02:43:07,552 - DEBUG -    H_lm条件数: 1.00e+00
2025-08-25 02:43:07,552 - DEBUG - 🔍 线性方程组求解成功:
2025-08-25 02:43:07,552 - DEBUG -    参数更新向量 Δθ: [[ 1.95960068e-06]
 [-1.72448809e-07]
 [ 2.25155185e-07]
 [ 1.28459027e-06]]
2025-08-25 02:43:07,552 - DEBUG -    更新向量范数: 0.000002
2025-08-25 02:43:07,552 - DEBUG -    各分量更新: Δc_x=0.000002, Δc_y=-0.000000, Δc_z=0.000000, Δr=0.000001
2025-08-25 02:43:07,552 - DEBUG -    参数更新:
2025-08-25 02:43:07,552 - DEBUG -      旧参数: [[0.03494365]
 [0.02041071]
 [0.60291647]
 [0.01436781]]
2025-08-25 02:43:07,552 - DEBUG -      更新向量: [[ 1.95960068e-06]
 [-1.72448809e-07]
 [ 2.25155185e-07]
 [ 1.28459027e-06]]
2025-08-25 02:43:07,552 - DEBUG -      新参数: [[0.03494561]
 [0.02041054]
 [0.60291669]
 [0.01436909]]
2025-08-25 02:43:07,552 - INFO - -----------------------------------------------------------------------------------
2025-08-25 02:43:07,552 - INFO - 🔍 迭代第14次，球心向左0.001960mm，向上0.000172mm，向后0.000225mm，半径变大0.001285mm
2025-08-25 02:43:07,560 - INFO - 📊 变化前: 中心(0.035, 0.020, 0.603), 半径14.37mm
2025-08-25 02:43:07,560 - INFO - 📊 变化后: 中心(0.035, 0.020, 0.603), 半径14.37mm
2025-08-25 02:43:07,560 - INFO - 📈 变化量: 中心移动0.00mm, 半径变化0.00mm
2025-08-25 02:43:07,560 - INFO - 📍 眼球中心: [0.03494365 0.02041071 0.60291647]
2025-08-25 02:43:07,560 - INFO - 📏 眼球半径: 14.37mm
2025-08-25 02:43:07,560 - INFO - 👁️ 瞳孔中心: [0.016      0.02533333 0.60000002]
2025-08-25 02:43:07,560 - INFO - 📐 眼球中心在瞳孔中心的右18.94mm，上4.92mm，后2.92mm
2025-08-25 02:43:07,560 - INFO - 📏 距离: 19.79mm
2025-08-25 02:43:07,560 - INFO - -----------------------------------------------------------------------------------
2025-08-25 02:43:07,560 - INFO - -----------------------------------------------------------------------------------
2025-08-25 02:43:07,560 - DEBUG - 🔍 参数有效性检查:
2025-08-25 02:43:07,560 - DEBUG -    参数向量: [[0.03494561]
 [0.02041054]
 [0.60291669]
 [0.01436909]]
2025-08-25 02:43:07,560 - DEBUG -    球心: [0.03494561 0.02041054 0.60291669]
2025-08-25 02:43:07,564 - DEBUG -    半径: 0.014369
2025-08-25 02:43:07,564 - DEBUG - 🔍 函数值计算详情:
2025-08-25 02:43:07,564 - DEBUG -    数据项 F(θ): 0.002337
2025-08-25 02:43:07,564 - DEBUG -    深度约束项: 0.000010
2025-08-25 02:43:07,564 - DEBUG -    半径先验项: 0.000056
2025-08-25 02:43:07,564 - DEBUG -    总函数值 Φ(θ): 0.002403
2025-08-25 02:43:07,565 - DEBUG -    函数值改善: 0.000000
2025-08-25 02:43:07,565 - DEBUG - 🔍 参数有效: True
2025-08-25 02:43:07,565 - DEBUG -    参数更新成功:
2025-08-25 02:43:07,565 - DEBUG -      新球心: [0.03494561 0.02041054 0.60291669]
2025-08-25 02:43:07,565 - DEBUG -      新半径: 0.014369
2025-08-25 02:43:07,565 - INFO - -----------------------------------------------------------------------------------
2025-08-25 02:43:07,565 - DEBUG - 🔍 LM收敛性检查:
2025-08-25 02:43:07,565 - DEBUG -    当前迭代次数: 14
2025-08-25 02:43:07,566 - DEBUG -    最大迭代次数: 30
2025-08-25 02:43:07,566 - DEBUG -    参数变化: 0.000002
2025-08-25 02:43:07,566 - DEBUG -    参数容忍度: 5e-06
2025-08-25 02:43:07,566 - DEBUG -    残差变化: 0.000000
2025-08-25 02:43:07,566 - DEBUG -    残差容忍度: 5e-06
2025-08-25 02:43:07,566 - INFO - ✅ LM收敛：参数变化2.36e-06 < 5e-06，平均残差变化0.00e+00 < 5e-06
2025-08-25 02:43:07,566 - INFO - ✅ LM优化收敛: 迭代14次
2025-08-25 02:43:07,566 - DEBUG - 🔍 优化结束状态:
2025-08-25 02:43:07,567 - DEBUG -    最终参数: [[0.03494561]
 [0.02041054]
 [0.60291669]
 [0.01436909]]
2025-08-25 02:43:07,567 - DEBUG -    最终球心: [0.03494561 0.02041054 0.60291669]
2025-08-25 02:43:07,567 - DEBUG -    最终半径: 0.014369
2025-08-25 02:43:07,567 - DEBUG -    是否收敛: True
2025-08-25 02:43:07,568 - DEBUG -    迭代次数: 14
2025-08-25 02:43:07,568 - INFO - -----------------------------------------------------------------------------------
2025-08-25 02:43:07,568 - DEBUG - 🔍 更新最终状态:
2025-08-25 02:43:07,568 - DEBUG - 🔍 计算点到球心距离: 形状=(21,)
2025-08-25 02:43:07,568 - DEBUG - 🔍 生理偏差向量计算:
2025-08-25 02:43:07,568 - DEBUG -    点类型列表: ['pupil_center', 'iris_boundaries', 'iris_boundaries', 'iris_boundaries', 'iris_boundaries', 'eye_contours', 'eye_contours', 'eye_contours', 'eye_contours', 'eye_contours', 'eye_contours', 'eye_contours', 'eye_contours', 'eye_contours', 'eye_contours', 'eye_contours', 'eye_contours', 'eye_contours', 'eye_contours', 'eye_contours', 'eye_contours']
2025-08-25 02:43:07,568 - DEBUG -    偏差向量: [0.0002  0.00085 0.00085 0.00085 0.00085 0.0015  0.0015  0.0015  0.0015
 0.0015  0.0015  0.0015  0.0015  0.0015  0.0015  0.0015  0.0015  0.0015
 0.0015  0.0015  0.0015 ]
2025-08-25 02:43:07,568 - DEBUG -    向量形状: (21,)
2025-08-25 02:43:07,568 - DEBUG -    偏差统计: 均值=0.001314, 标准差=0.000356
2025-08-25 02:43:07,568 - DEBUG - 获取生理偏差: 点类型=['pupil_center', 'iris_boundaries', 'iris_boundaries', 'iris_boundaries', 'iris_boundaries', 'eye_contours', 'eye_contours', 'eye_contours', 'eye_contours', 'eye_contours', 'eye_contours', 'eye_contours', 'eye_contours', 'eye_contours', 'eye_contours', 'eye_contours', 'eye_contours', 'eye_contours', 'eye_contours', 'eye_contours', 'eye_contours'], 偏差值=[0.0002  0.00085 0.00085 0.00085 0.00085 0.0015  0.0015  0.0015  0.0015
 0.0015  0.0015  0.0015  0.0015  0.0015  0.0015  0.0015  0.0015  0.0015
 0.0015  0.0015  0.0015 ]
2025-08-25 02:43:07,568 - INFO - -----------------------------------------------------------------------------------
2025-08-25 02:43:07,568 - DEBUG - 🔍 拟合残差计算详情:
2025-08-25 02:43:07,568 - DEBUG -    球心坐标: [0.03494561 0.02041054 0.60291669]
2025-08-25 02:43:07,568 - DEBUG -    球体半径: 0.014369
2025-08-25 02:43:07,568 - DEBUG -    采样点数: 21
2025-08-25 02:43:07,568 - DEBUG -    点类型分布: {'eye_contours': 16, 'iris_boundaries': 4, 'pupil_center': 1}
2025-08-25 02:43:07,568 - DEBUG -    理论距离向量: [0.01456909 0.01521909 0.01521909 0.01521909 0.01521909 0.01586909
 0.01586909 0.01586909 0.01586909 0.01586909 0.01586909 0.01586909
 0.01586909 0.01586909 0.01586909 0.01586909 0.01586909 0.01586909
 0.01586909 0.01586909 0.01586909]
2025-08-25 02:43:07,568 - DEBUG -    实际距离向量: [0.01979083 0.00965773 0.01895506 0.02945256 0.02355392 0.04531826
 0.04197126 0.03845722 0.03351817 0.02601212 0.01853015 0.01234904
 0.01040439 0.0101808  0.00664959 0.00657922 0.01524607 0.02416467
 0.03308907 0.03892704 0.04244969]
2025-08-25 02:43:07,568 - DEBUG -    生理偏差向量: [0.0002  0.00085 0.00085 0.00085 0.00085 0.0015  0.0015  0.0015  0.0015
 0.0015  0.0015  0.0015  0.0015  0.0015  0.0015  0.0015  0.0015  0.0015
 0.0015  0.0015  0.0015 ]
2025-08-25 02:43:07,568 - DEBUG -    残差向量 f(θ): 
[[ 0.00522173]
 [-0.00556137]
 [ 0.00373597]
 [ 0.01423347]
 [ 0.00833482]
 [ 0.02944917]
 [ 0.02610217]
 [ 0.02258813]
 [ 0.01764908]
 [ 0.01014303]
 [ 0.00266105]
 [-0.00352005]
 [-0.0054647 ]
 [-0.0056883 ]
 [-0.0092195 ]
 [-0.00928987]
 [-0.00062302]
 [ 0.00829558]
 [ 0.01721998]
 [ 0.02305794]
 [ 0.0265806 ]]
2025-08-25 02:43:07,568 - DEBUG -    平均残差范数: 0.003256
2025-08-25 02:43:07,568 - DEBUG -    残差范数=0.068369
2025-08-25 02:43:07,568 - DEBUG -    最终残差向量: [[ 0.00522173]
 [-0.00556137]
 [ 0.00373597]
 [ 0.01423347]
 [ 0.00833482]
 [ 0.02944917]
 [ 0.02610217]
 [ 0.02258813]
 [ 0.01764908]
 [ 0.01014303]
 [ 0.00266105]
 [-0.00352005]
 [-0.0054647 ]
 [-0.0056883 ]
 [-0.0092195 ]
 [-0.00928987]
 [-0.00062302]
 [ 0.00829558]
 [ 0.01721998]
 [ 0.02305794]
 [ 0.0265806 ]]
2025-08-25 02:43:07,568 - DEBUG -    最终残差范数: 0.068369
2025-08-25 02:43:07,568 - DEBUG -    内点比例: 1.000000
2025-08-25 02:43:07,568 - DEBUG -    质量分数: 0.000000
2025-08-25 02:43:07,568 - DEBUG -    收敛迭代次数: 14
2025-08-25 02:43:07,577 - DEBUG -    是否收敛: True
2025-08-25 02:43:07,577 - DEBUG -    警告信息: ['迭代1: 参数无效，阻尼因子=1.00e-01', '迭代3: 参数无效，阻尼因子=1.00e+00', '迭代5: 参数无效，阻尼因子=1.00e+01', '迭代7: 参数无效，阻尼因子=1.00e+02', '迭代9: 参数无效，阻尼因子=1.00e+03', '迭代11: 参数无效，阻尼因子=1.00e+04', '迭代13: 参数无效，阻尼因子=1.00e+05']
2025-08-25 02:43:07,577 - INFO - ✅ 优化完成: 最终中心点=(0.035, 0.020, 0.603), 半径=0.014m
2025-08-25 02:43:07,577 - INFO - 拟合完成 - 拟合结果:
  📍 中心点: (0.035, 0.020, 0.603)
  📏 半径: 0.01mm
  🔄 收敛状态: ✓ 已收敛
  📊 内点比例: 100.0% (21/21)
  🎯 质量分数: 0.000
  📈 迭代次数: 14
  📉 最终残差: 6.84e-02
⚠️  警告: 迭代1: 参数无效，阻尼因子=1.00e-01; 迭代3: 参数无效，阻尼因子=1.00e+00; 迭代5: 参数无效，阻尼因子=1.00e+01; 迭代7: 参数无效，阻尼因子=1.00e+02; 迭代9: 参数无效，阻尼因子=1.00e+03; 迭代11: 参数无效，阻尼因子=1.00e+04; 迭代13: 参数无效，阻尼因子=1.00e+05
2025-08-25 02:43:07,578 - DEBUG - right眼拟合完成: shape=椭球参数 (球体):
  📏 主轴长度: (0.014, 0.014, 0.014) m
  📍 中心坐标: (0.035, 0.020, 0.603) m
  🔄 旋转矩阵: 3x3 单位矩阵, center=[0.03494561 0.02041054 0.60291669]
2025-08-25 02:43:07,578 - DEBUG - 右眼拟合完成
2025-08-25 02:43:07,578 - DEBUG - ransac_sphere_eyeball返回结果: {'left': (<project.fitting.config.models.EllipsoidParams object at 0x000001D31CD26950>, array([ 0.12512048, -0.0329812 ,  0.60524574])), 'right': (<project.fitting.config.models.EllipsoidParams object at 0x000001D31CD26950>, array([0.03494561, 0.02041054, 0.60291669]))}
2025-08-25 02:43:07,578 - DEBUG - ransac_sphere_eyeball执行成功
2025-08-25 02:43:07,578 - INFO - 拟合完成!
2025-08-25 02:43:07,578 - INFO - --------------------------------------------------
2025-08-25 02:43:07,578 - INFO - 拟合结果:
2025-08-25 02:43:06,550 - INFO - 瞳孔中心: 左(0.124000, 0.018667, 0.600000) | 右(0.016000, 0.025333, 0.600000)
2025-08-25 02:43:07,578 - INFO - 左眼中心: (0.125, -0.033, 0.605)
2025-08-25 02:43:07,578 - INFO - 左眼半径: 14.37mm
2025-08-25 02:43:07,578 - INFO - ------------------------------
2025-08-25 02:43:07,578 - INFO - 左眼关键点分布分析:
2025-08-25 02:43:07,578 - INFO - 瞳孔中心点: 眼球外部, 距离眼球表面: 37.56mm, ✗ 超出规范
2025-08-25 02:43:07,578 - INFO - 虹膜边界点 (4个):
2025-08-25 02:43:07,578 - INFO -   点1: 眼球外部, 距离眼球表面: 38.31mm, ✗ 超出规范
2025-08-25 02:43:07,578 - INFO -   点2: 眼球外部, 距离眼球表面: 27.88mm, ✗ 超出规范
2025-08-25 02:43:07,578 - INFO -   点3: 眼球外部, 距离眼球表面: 39.05mm, ✗ 超出规范
2025-08-25 02:43:07,578 - INFO -   点4: 眼球外部, 距离眼球表面: 47.39mm, ✗ 超出规范
2025-08-25 02:43:07,578 - INFO - 眼睛轮廓点 (16个):
2025-08-25 02:43:07,578 - INFO -   点1: 眼球外部, 距离眼球表面: 47.92mm, ✗ 超出规范
2025-08-25 02:43:07,578 - INFO -   点2: 眼球外部, 距离眼球表面: 44.18mm, ✗ 超出规范
2025-08-25 02:43:07,578 - INFO -   点3: 眼球外部, 距离眼球表面: 38.14mm, ✗ 超出规范
2025-08-25 02:43:07,578 - INFO -   点4: 眼球外部, 距离眼球表面: 33.38mm, ✗ 超出规范
2025-08-25 02:43:07,578 - INFO -   点5: 眼球外部, 距离眼球表面: 32.07mm, ✗ 超出规范
2025-08-25 02:43:07,578 - INFO -   点6: 眼球外部, 距离眼球表面: 34.14mm, ✗ 超出规范
2025-08-25 02:43:07,578 - INFO -   点7: 眼球外部, 距离眼球表面: 37.39mm, ✗ 超出规范
2025-08-25 02:43:07,578 - INFO -   点8: 眼球外部, 距离眼球表面: 39.87mm, ✗ 超出规范
2025-08-25 02:43:07,578 - INFO -   点9: 眼球外部, 距离眼球表面: 42.00mm, ✗ 超出规范
2025-08-25 02:43:07,578 - INFO -   点10: 眼球外部, 距离眼球表面: 43.50mm, ✗ 超出规范
2025-08-25 02:43:07,578 - INFO -   点11: 眼球外部, 距离眼球表面: 44.29mm, ✗ 超出规范
2025-08-25 02:43:07,578 - INFO -   点12: 眼球外部, 距离眼球表面: 45.04mm, ✗ 超出规范
2025-08-25 02:43:07,578 - INFO -   点13: 眼球外部, 距离眼球表面: 45.60mm, ✗ 超出规范
2025-08-25 02:43:07,578 - INFO -   点14: 眼球外部, 距离眼球表面: 45.85mm, ✗ 超出规范
2025-08-25 02:43:07,578 - INFO -   点15: 眼球外部, 距离眼球表面: 46.34mm, ✗ 超出规范
2025-08-25 02:43:07,578 - INFO -   点16: 眼球外部, 距离眼球表面: 47.59mm, ✗ 超出规范
2025-08-25 02:43:07,578 - INFO - 总结: left眼共21个关键点, 0个符合规范, 符合率: 0.0%
2025-08-25 02:43:07,578 - INFO - 数据质量评估: 较差
2025-08-25 02:43:06,550 - INFO - 瞳孔中心: 左(0.124000, 0.018667, 0.600000) | 右(0.016000, 0.025333, 0.600000)
2025-08-25 02:43:07,578 - INFO - 右眼中心: (0.035, 0.020, 0.603)
2025-08-25 02:43:07,578 - INFO - 右眼半径: 14.37mm
2025-08-25 02:43:07,578 - INFO - ------------------------------
2025-08-25 02:43:07,585 - INFO - 右眼关键点分布分析:
2025-08-25 02:43:07,585 - INFO - 瞳孔中心点: 眼球外部, 距离眼球表面: 5.42mm, ✗ 超出规范
2025-08-25 02:43:07,585 - INFO - 虹膜边界点 (4个):
2025-08-25 02:43:07,585 - INFO -   点1: 眼球内部, 距离眼球表面: 4.71mm, ✗ 超出规范
2025-08-25 02:43:07,585 - INFO -   点2: 眼球外部, 距离眼球表面: 4.59mm, ✗ 超出规范
2025-08-25 02:43:07,585 - INFO -   点3: 眼球外部, 距离眼球表面: 15.08mm, ✗ 超出规范
2025-08-25 02:43:07,586 - INFO -   点4: 眼球外部, 距离眼球表面: 9.18mm, ✗ 超出规范
2025-08-25 02:43:07,586 - INFO - 眼睛轮廓点 (16个):
2025-08-25 02:43:07,586 - INFO -   点1: 眼球外部, 距离眼球表面: 30.95mm, ✗ 超出规范
2025-08-25 02:43:07,586 - INFO -   点2: 眼球外部, 距离眼球表面: 27.60mm, ✗ 超出规范
2025-08-25 02:43:07,586 - INFO -   点3: 眼球外部, 距离眼球表面: 24.09mm, ✗ 超出规范
2025-08-25 02:43:07,586 - INFO -   点4: 眼球外部, 距离眼球表面: 19.15mm, ✗ 超出规范
2025-08-25 02:43:07,586 - INFO -   点5: 眼球外部, 距离眼球表面: 11.64mm, ✗ 超出规范
2025-08-25 02:43:07,586 - INFO -   点6: 眼球外部, 距离眼球表面: 4.16mm, ✗ 超出规范
2025-08-25 02:43:07,586 - INFO -   点7: 眼球内部, 距离眼球表面: 2.02mm, ✗ 超出规范
2025-08-25 02:43:07,586 - INFO -   点8: 眼球内部, 距离眼球表面: 3.96mm, ✗ 超出规范
2025-08-25 02:43:07,586 - INFO -   点9: 眼球内部, 距离眼球表面: 4.19mm, ✗ 超出规范
2025-08-25 02:43:07,586 - INFO -   点10: 眼球内部, 距离眼球表面: 7.72mm, ✗ 超出规范
2025-08-25 02:43:07,586 - INFO -   点11: 眼球内部, 距离眼球表面: 7.79mm, ✗ 超出规范
2025-08-25 02:43:07,586 - INFO -   点12: 眼球外部, 距离眼球表面: 0.88mm, ✓ 符合规范
2025-08-25 02:43:07,586 - INFO -   点13: 眼球外部, 距离眼球表面: 9.80mm, ✗ 超出规范
2025-08-25 02:43:07,586 - INFO -   点14: 眼球外部, 距离眼球表面: 18.72mm, ✗ 超出规范
2025-08-25 02:43:07,586 - INFO -   点15: 眼球外部, 距离眼球表面: 24.56mm, ✗ 超出规范
2025-08-25 02:43:07,586 - INFO -   点16: 眼球外部, 距离眼球表面: 28.08mm, ✗ 超出规范
2025-08-25 02:43:07,586 - INFO - 总结: right眼共21个关键点, 1个符合规范, 符合率: 4.8%
2025-08-25 02:43:07,586 - INFO - 数据质量评估: 较差
2025-08-25 02:43:07,586 - INFO - ==================================================
2025-08-25 02:43:07,586 - INFO - --------------------------------------------------
