2025-08-24 03:38:36,247 - INFO - 日志文件创建: logs\recognition_20250824_033836.log
2025-08-24 03:38:38,487 - INFO - 坐标转换器初始化完成，相机参数：fx=554.26, fy=554.26, cx=320.0, cy=240.0
2025-08-24 03:38:38,488 - INFO - 坐标转换器初始化完成，相机参数：fx=554.26, fy=554.26, cx=320.0, cy=240.0
2025-08-24 03:38:38,488 - INFO - 坐标转换器初始化完成，相机参数：fx=554.26, fy=554.26, cx=320.0, cy=240.0
2025-08-24 03:38:38,488 - INFO - 批量转换完成：成功 4/4 个关键点
2025-08-24 03:38:38,489 - INFO - 坐标转换器初始化完成，相机参数：fx=554.26, fy=554.26, cx=320.0, cy=240.0
2025-08-24 03:38:38,489 - INFO - 批量转换完成：成功 4/4 个关键点
2025-08-24 03:38:38,489 - INFO - 坐标转换器初始化完成，相机参数：fx=554.26, fy=554.26, cx=320.0, cy=240.0
2025-08-24 03:38:38,489 - INFO - 批量转换完成：成功 16/16 个关键点
2025-08-24 03:38:38,489 - INFO - 坐标转换器初始化完成，相机参数：fx=554.26, fy=554.26, cx=320.0, cy=240.0
2025-08-24 03:38:38,489 - INFO - 批量转换完成：成功 16/16 个关键点
2025-08-24 03:38:38,489 - INFO - 坐标转换器初始化完成，相机参数：fx=554.26, fy=554.26, cx=320.0, cy=240.0
2025-08-24 03:38:38,489 - INFO - 批量转换完成：成功 10/10 个关键点
2025-08-24 03:38:38,489 - INFO - 坐标转换器初始化完成，相机参数：fx=554.26, fy=554.26, cx=320.0, cy=240.0
2025-08-24 03:38:38,489 - INFO - 批量转换完成：成功 10/10 个关键点
2025-08-24 03:38:38,489 - INFO - 坐标转换器初始化完成，相机参数：fx=554.26, fy=554.26, cx=320.0, cy=240.0
2025-08-24 03:38:38,489 - INFO - 批量转换完成：成功 10/10 个关键点
2025-08-24 03:38:38,489 - INFO - 坐标转换器初始化完成，相机参数：fx=554.26, fy=554.26, cx=320.0, cy=240.0
2025-08-24 03:38:38,489 - INFO - 批量转换完成：成功 10/10 个关键点
2025-08-24 03:38:38,519 - INFO - ==================================================
2025-08-24 03:38:38,519 - INFO - 眼动追踪数据测评
2025-08-24 03:38:38,519 - INFO - ==================================================
2025-08-24 03:38:38,519 - INFO - 瞳孔中心: 左(0.070, 0.069, 0.600) | 右(-0.006, 0.069, 0.600)
2025-08-24 03:38:38,519 - INFO - 虹膜边界: 左眼4个点 | 右眼4个点
2025-08-24 03:38:38,519 - INFO - 眼睛轮廓: 左眼16个点 | 右眼16个点
2025-08-24 03:38:38,520 - INFO - --------------------------------------------------
2025-08-24 03:38:38,520 - INFO - 开始RANSAC球体拟合...
2025-08-24 03:38:38,520 - DEBUG - ransac_sphere_eyeball函数开始
2025-08-24 03:38:38,520 - DEBUG - key_coordinates类型: <class 'dict'>
2025-08-24 03:38:38,520 - DEBUG - center_fitter类型: <class 'function'>
2025-08-24 03:38:38,520 - DEBUG - _EyeCenterFitter.__new__: cls._instance=None
2025-08-24 03:38:38,520 - DEBUG - 创建新的单例实例
2025-08-24 03:38:38,521 - DEBUG - _EyeCenterFitter.__init__开始
2025-08-24 03:38:38,521 - DEBUG - key_coordinates类型: <class 'dict'>
2025-08-24 03:38:38,521 - DEBUG - key_coordinates键: ['pupil_center', 'iris_boundaries', 'eyes_contours', 'eye_sockets', 'eyelid_points']
2025-08-24 03:38:38,521 - DEBUG - _EyeCenterFitter.__init__完成
2025-08-24 03:38:38,521 - DEBUG - _EyeCenterFitter实例创建成功
2025-08-24 03:38:38,521 - DEBUG - _update_key_coordinates开始
2025-08-24 03:38:38,521 - DEBUG - 新key_coordinates类型: <class 'dict'>
2025-08-24 03:38:38,521 - DEBUG - 新key_coordinates键: ['pupil_center', 'iris_boundaries', 'eyes_contours', 'eye_sockets', 'eyelid_points']
2025-08-24 03:38:38,522 - DEBUG - pupil_center: <class 'dict'>
2025-08-24 03:38:38,522 - DEBUG -   left: <class 'numpy.ndarray'>
2025-08-24 03:38:38,522 - DEBUG -     array形状: (4,)
2025-08-24 03:38:38,522 - DEBUG -   right: <class 'numpy.ndarray'>
2025-08-24 03:38:38,522 - DEBUG -     array形状: (4,)
2025-08-24 03:38:38,522 - DEBUG - iris_boundaries: <class 'dict'>
2025-08-24 03:38:38,522 - DEBUG -   left: <class 'list'>
2025-08-24 03:38:38,523 - DEBUG -     list长度: 4
2025-08-24 03:38:38,523 - DEBUG -     第一个元素类型: <class 'numpy.ndarray'>
2025-08-24 03:38:38,523 - DEBUG -   right: <class 'list'>
2025-08-24 03:38:38,523 - DEBUG -     list长度: 4
2025-08-24 03:38:38,523 - DEBUG -     第一个元素类型: <class 'numpy.ndarray'>
2025-08-24 03:38:38,524 - DEBUG - eyes_contours: <class 'dict'>
2025-08-24 03:38:38,524 - DEBUG -   left: <class 'list'>
2025-08-24 03:38:38,524 - DEBUG -     list长度: 16
2025-08-24 03:38:38,524 - DEBUG -     第一个元素类型: <class 'numpy.ndarray'>
2025-08-24 03:38:38,524 - DEBUG -   right: <class 'list'>
2025-08-24 03:38:38,524 - DEBUG -     list长度: 16
2025-08-24 03:38:38,525 - DEBUG -     第一个元素类型: <class 'numpy.ndarray'>
2025-08-24 03:38:38,525 - DEBUG - eye_sockets: <class 'dict'>
2025-08-24 03:38:38,525 - DEBUG -   left: <class 'list'>
2025-08-24 03:38:38,525 - DEBUG -     list长度: 10
2025-08-24 03:38:38,525 - DEBUG -     第一个元素类型: <class 'numpy.ndarray'>
2025-08-24 03:38:38,525 - DEBUG -   right: <class 'list'>
2025-08-24 03:38:38,526 - DEBUG -     list长度: 10
2025-08-24 03:38:38,526 - DEBUG -     第一个元素类型: <class 'numpy.ndarray'>
2025-08-24 03:38:38,526 - DEBUG - eyelid_points: <class 'dict'>
2025-08-24 03:38:38,526 - DEBUG -   left: <class 'list'>
2025-08-24 03:38:38,526 - DEBUG -     list长度: 10
2025-08-24 03:38:38,527 - DEBUG -     第一个元素类型: <class 'numpy.ndarray'>
2025-08-24 03:38:38,527 - DEBUG -   right: <class 'list'>
2025-08-24 03:38:38,527 - DEBUG -     list长度: 10
2025-08-24 03:38:38,527 - DEBUG -     第一个元素类型: <class 'numpy.ndarray'>
2025-08-24 03:38:38,528 - DEBUG - _update_key_coordinates完成
2025-08-24 03:38:38,528 - DEBUG - key_coordinates更新成功
2025-08-24 03:38:38,528 - DEBUG - ransac_sphere_eyeball开始
2025-08-24 03:38:38,528 - DEBUG - 当前trials_times: 0
2025-08-24 03:38:38,528 - DEBUG - center_fitter类型: <class 'function'>
2025-08-24 03:38:38,528 - DEBUG - _fit_one_eye开始: eye_key=left
2025-08-24 03:38:38,528 - DEBUG - 更新trials_times: 1
2025-08-24 03:38:38,528 - DEBUG - 开始提取left眼关键点坐标
2025-08-24 03:38:38,528 - DEBUG - _extract_eye_key_coordinates开始: eye_key=left
2025-08-24 03:38:38,534 - DEBUG - self._key_coordinates: {'pupil_center': {'left': array([0.07036409, 0.06928157, 0.60000002, 1.        ]), 'right': array([-0.00649515,  0.06928157,  0.60000002,  1.        ])}, 'iris_boundaries': {'left': [array([0.07810501, 0.07122346, 0.60000002, 1.        ]), array([0.07132007, 0.06410713, 0.60000002, 1.        ]), array([0.06350986, 0.06943682, 0.60000002, 1.        ]), array([0.07022518, 0.07663913, 0.60000002, 1.        ])], 'right': [array([0.00135311, 0.06960788, 0.60000002, 1.        ]), array([-0.00610948,  0.06397098,  0.60000002,  1.        ]), array([-0.01330724,  0.07015517,  0.60000002,  1.        ]), array([-0.00579817,  0.07565796,  0.60000002,  1.        ])]}, 'eyes_contours': {'left': [array([0.05442693, 0.07042418, 0.59999996, 1.        ]), array([0.05636388, 0.06877673, 0.60000002, 1.        ]), array([0.06065451, 0.06641201, 0.60000002, 1.        ]), array([0.06662074, 0.06515929, 0.60000002, 1.        ]), array([0.07253733, 0.06551366, 0.60000002, 1.        ]), array([0.07841531, 0.06714805, 0.60000008, 1.        ]), array([0.08230034, 0.0692055 , 0.60000002, 1.        ]), array([0.08469987, 0.07078928, 0.60000002, 1.        ]), array([0.08676396, 0.07225914, 0.60000002, 1.        ]), array([0.08393224, 0.07382099, 0.60000002, 1.        ]), array([0.08101994, 0.07466707, 0.60000002, 1.        ]), array([0.0770294 , 0.07527262, 0.60000002, 1.        ]), array([0.07110955, 0.07524914, 0.60000002, 1.        ]), array([0.06535723, 0.07438197, 0.60000002, 1.        ]), array([0.0599779 , 0.07279971, 0.60000002, 1.        ]), array([0.05637139, 0.07155915, 0.59999996, 1.        ])], 'right': [array([-0.02098147,  0.07093859,  0.60000002,  1.        ]), array([-0.01855402,  0.07236921,  0.60000002,  1.        ]), array([-0.01591971,  0.07320971,  0.60000002,  1.        ]), array([-0.01214706,  0.07406721,  0.60000002,  1.        ]), array([-0.00641233,  0.07446324,  0.60000002,  1.        ]), array([-6.41827973e-04,  7.38602561e-02,  5.99999964e-01,  1.00000000e+00]), array([0.00483821, 0.07241524, 0.60000002, 1.        ]), array([0.0085778 , 0.07135348, 0.60000002, 1.        ]), array([0.0107173 , 0.07048981, 0.60000002, 1.        ]), array([0.00889974, 0.06905386, 0.60000002, 1.        ]), array([0.00480261, 0.06745875, 0.60000002, 1.        ]), array([-0.00105951,  0.06667768,  0.60000002,  1.        ]), array([-0.00653409,  0.06665294,  0.60000002,  1.        ]), array([-0.01228965,  0.06752927,  0.60000002,  1.        ]), array([-0.01632339,  0.06883793,  0.60000002,  1.        ]), array([-0.01886376,  0.06989987,  0.60000002,  1.        ])]}, 'eye_sockets': {'left': [array([0.10485593, 0.05450244, 0.60000002, 1.        ]), array([0.09721562, 0.04342861, 0.60000008, 1.        ]), array([0.0855453 , 0.03639376, 0.60000002, 1.        ]), array([0.07016881, 0.03374203, 0.60000002, 1.        ]), array([0.05243589, 0.03431716, 0.60000002, 1.        ]), array([0.04977959, 0.04430323, 0.60000002, 1.        ]), array([0.06856772, 0.03930267, 0.60000002, 1.        ]), array([0.08227288, 0.04096849, 0.60000002, 1.        ]), array([0.09235688, 0.04670753, 0.60000002, 1.        ]), array([0.09959569, 0.05538293, 0.60000002, 1.        ])], 'right': [array([-0.03470821,  0.0520122 ,  0.60000002,  1.        ]), array([-0.02659666,  0.04313775,  0.60000002,  1.        ]), array([-0.0149647 ,  0.03768721,  0.60000002,  1.        ]), array([-1.88553117e-04,  3.63291806e-02,  6.00000024e-01,  1.00000000e+00]), array([0.0169614 , 0.0375435 , 0.60000002, 1.        ]), array([0.01840354, 0.04753982, 0.60000002, 1.        ]), array([5.89651764e-04, 4.22160765e-02, 6.00000024e-01, 1.00000000e+00]), array([-0.01271369,  0.04292173,  0.60000002,  1.        ]), array([-0.02281811,  0.04719279,  0.60000002,  1.        ]), array([-0.03038076,  0.05414191,  0.60000002,  1.        ])]}, 'eyelid_points': {'left': [array([0.11057183, 0.10107277, 0.60000002, 1.        ]), array([0.09574496, 0.09426317, 0.59999996, 1.        ]), array([0.08520499, 0.094967  , 0.60000002, 1.        ]), array([0.07105929, 0.09161012, 0.60000002, 1.        ]), array([0.06129735, 0.0872104 , 0.60000002, 1.        ]), array([0.05387061, 0.08270777, 0.60000002, 1.        ]), array([0.05337404, 0.09493241, 0.60000002, 1.        ]), array([0.05954413, 0.10202362, 0.60000002, 1.        ]), array([0.06805343, 0.10882219, 0.60000002, 1.        ]), array([0.07956338, 0.11928052, 0.59999996, 1.        ])], 'right': [array([-0.04496812,  0.09330623,  0.60000002,  1.        ]), array([-0.03235268,  0.08946009,  0.60000002,  1.        ]), array([-0.02288212,  0.09103892,  0.60000008,  1.        ]), array([-0.00895272,  0.08938582,  0.60000002,  1.        ]), array([0.00129509, 0.08616685, 0.60000002, 1.        ]), array([0.00939747, 0.08227782, 0.60000002, 1.        ]), array([0.01063975, 0.09288174, 0.60000002, 1.        ]), array([0.00407978, 0.09932494, 0.60000002, 1.        ]), array([-0.00468118,  0.10528421,  0.60000002,  1.        ]), array([-0.01659763,  0.11465408,  0.60000002,  1.        ])]}}
2025-08-24 03:38:38,535 - DEBUG - 提取瞳孔中心
2025-08-24 03:38:38,535 - DEBUG - pupil_center: {'left': array([0.07036409, 0.06928157, 0.60000002, 1.        ]), 'right': array([-0.00649515,  0.06928157,  0.60000002,  1.        ])}
2025-08-24 03:38:38,535 - DEBUG - pupil_center类型: <class 'dict'>
2025-08-24 03:38:38,535 - DEBUG - eye_pupil: [0.07036409 0.06928157 0.60000002 1.        ]
2025-08-24 03:38:38,535 - DEBUG - eye_pupil类型: <class 'numpy.ndarray'>
2025-08-24 03:38:38,535 - DEBUG - eye_pupil形状: (4,)
2025-08-24 03:38:38,535 - DEBUG - 提取虹膜边界
2025-08-24 03:38:38,535 - DEBUG - iris_boundaries: {'left': [array([0.07810501, 0.07122346, 0.60000002, 1.        ]), array([0.07132007, 0.06410713, 0.60000002, 1.        ]), array([0.06350986, 0.06943682, 0.60000002, 1.        ]), array([0.07022518, 0.07663913, 0.60000002, 1.        ])], 'right': [array([0.00135311, 0.06960788, 0.60000002, 1.        ]), array([-0.00610948,  0.06397098,  0.60000002,  1.        ]), array([-0.01330724,  0.07015517,  0.60000002,  1.        ]), array([-0.00579817,  0.07565796,  0.60000002,  1.        ])]}
2025-08-24 03:38:38,535 - DEBUG - iris_boundaries类型: <class 'dict'>
2025-08-24 03:38:38,535 - DEBUG - eye_iris: [array([0.07810501, 0.07122346, 0.60000002, 1.        ]), array([0.07132007, 0.06410713, 0.60000002, 1.        ]), array([0.06350986, 0.06943682, 0.60000002, 1.        ]), array([0.07022518, 0.07663913, 0.60000002, 1.        ])]
2025-08-24 03:38:38,535 - DEBUG - eye_iris类型: <class 'list'>
2025-08-24 03:38:38,535 - DEBUG - eye_iris长度: 4
2025-08-24 03:38:38,535 - DEBUG - 第一个元素类型: <class 'numpy.ndarray'>
2025-08-24 03:38:38,535 - DEBUG - 第一个元素形状: (4,)
2025-08-24 03:38:38,535 - DEBUG - 提取眼睛轮廓
2025-08-24 03:38:38,535 - DEBUG - eyes_contours: {'left': [array([0.05442693, 0.07042418, 0.59999996, 1.        ]), array([0.05636388, 0.06877673, 0.60000002, 1.        ]), array([0.06065451, 0.06641201, 0.60000002, 1.        ]), array([0.06662074, 0.06515929, 0.60000002, 1.        ]), array([0.07253733, 0.06551366, 0.60000002, 1.        ]), array([0.07841531, 0.06714805, 0.60000008, 1.        ]), array([0.08230034, 0.0692055 , 0.60000002, 1.        ]), array([0.08469987, 0.07078928, 0.60000002, 1.        ]), array([0.08676396, 0.07225914, 0.60000002, 1.        ]), array([0.08393224, 0.07382099, 0.60000002, 1.        ]), array([0.08101994, 0.07466707, 0.60000002, 1.        ]), array([0.0770294 , 0.07527262, 0.60000002, 1.        ]), array([0.07110955, 0.07524914, 0.60000002, 1.        ]), array([0.06535723, 0.07438197, 0.60000002, 1.        ]), array([0.0599779 , 0.07279971, 0.60000002, 1.        ]), array([0.05637139, 0.07155915, 0.59999996, 1.        ])], 'right': [array([-0.02098147,  0.07093859,  0.60000002,  1.        ]), array([-0.01855402,  0.07236921,  0.60000002,  1.        ]), array([-0.01591971,  0.07320971,  0.60000002,  1.        ]), array([-0.01214706,  0.07406721,  0.60000002,  1.        ]), array([-0.00641233,  0.07446324,  0.60000002,  1.        ]), array([-6.41827973e-04,  7.38602561e-02,  5.99999964e-01,  1.00000000e+00]), array([0.00483821, 0.07241524, 0.60000002, 1.        ]), array([0.0085778 , 0.07135348, 0.60000002, 1.        ]), array([0.0107173 , 0.07048981, 0.60000002, 1.        ]), array([0.00889974, 0.06905386, 0.60000002, 1.        ]), array([0.00480261, 0.06745875, 0.60000002, 1.        ]), array([-0.00105951,  0.06667768,  0.60000002,  1.        ]), array([-0.00653409,  0.06665294,  0.60000002,  1.        ]), array([-0.01228965,  0.06752927,  0.60000002,  1.        ]), array([-0.01632339,  0.06883793,  0.60000002,  1.        ]), array([-0.01886376,  0.06989987,  0.60000002,  1.        ])]}
2025-08-24 03:38:38,535 - DEBUG - eyes_contours类型: <class 'dict'>
2025-08-24 03:38:38,535 - DEBUG - eye_contour: [array([0.05442693, 0.07042418, 0.59999996, 1.        ]), array([0.05636388, 0.06877673, 0.60000002, 1.        ]), array([0.06065451, 0.06641201, 0.60000002, 1.        ]), array([0.06662074, 0.06515929, 0.60000002, 1.        ]), array([0.07253733, 0.06551366, 0.60000002, 1.        ]), array([0.07841531, 0.06714805, 0.60000008, 1.        ]), array([0.08230034, 0.0692055 , 0.60000002, 1.        ]), array([0.08469987, 0.07078928, 0.60000002, 1.        ]), array([0.08676396, 0.07225914, 0.60000002, 1.        ]), array([0.08393224, 0.07382099, 0.60000002, 1.        ]), array([0.08101994, 0.07466707, 0.60000002, 1.        ]), array([0.0770294 , 0.07527262, 0.60000002, 1.        ]), array([0.07110955, 0.07524914, 0.60000002, 1.        ]), array([0.06535723, 0.07438197, 0.60000002, 1.        ]), array([0.0599779 , 0.07279971, 0.60000002, 1.        ]), array([0.05637139, 0.07155915, 0.59999996, 1.        ])]
2025-08-24 03:38:38,535 - DEBUG - eye_contour类型: <class 'list'>
2025-08-24 03:38:38,535 - DEBUG - eye_contour长度: 16
2025-08-24 03:38:38,535 - DEBUG - 第一个元素类型: <class 'numpy.ndarray'>
2025-08-24 03:38:38,535 - DEBUG - 第一个元素形状: (4,)
2025-08-24 03:38:38,535 - DEBUG - _extract_eye_key_coordinates完成: {'pupil_center': array([0.07036409, 0.06928157, 0.60000002, 1.        ]), 'iris_boundaries': [array([0.07810501, 0.07122346, 0.60000002, 1.        ]), array([0.07132007, 0.06410713, 0.60000002, 1.        ]), array([0.06350986, 0.06943682, 0.60000002, 1.        ]), array([0.07022518, 0.07663913, 0.60000002, 1.        ])], 'eyes_contours': [array([0.05442693, 0.07042418, 0.59999996, 1.        ]), array([0.05636388, 0.06877673, 0.60000002, 1.        ]), array([0.06065451, 0.06641201, 0.60000002, 1.        ]), array([0.06662074, 0.06515929, 0.60000002, 1.        ]), array([0.07253733, 0.06551366, 0.60000002, 1.        ]), array([0.07841531, 0.06714805, 0.60000008, 1.        ]), array([0.08230034, 0.0692055 , 0.60000002, 1.        ]), array([0.08469987, 0.07078928, 0.60000002, 1.        ]), array([0.08676396, 0.07225914, 0.60000002, 1.        ]), array([0.08393224, 0.07382099, 0.60000002, 1.        ]), array([0.08101994, 0.07466707, 0.60000002, 1.        ]), array([0.0770294 , 0.07527262, 0.60000002, 1.        ]), array([0.07110955, 0.07524914, 0.60000002, 1.        ]), array([0.06535723, 0.07438197, 0.60000002, 1.        ]), array([0.0599779 , 0.07279971, 0.60000002, 1.        ]), array([0.05637139, 0.07155915, 0.59999996, 1.        ])]}
2025-08-24 03:38:38,535 - DEBUG - left眼关键点坐标: {'pupil_center': array([0.07036409, 0.06928157, 0.60000002, 1.        ]), 'iris_boundaries': [array([0.07810501, 0.07122346, 0.60000002, 1.        ]), array([0.07132007, 0.06410713, 0.60000002, 1.        ]), array([0.06350986, 0.06943682, 0.60000002, 1.        ]), array([0.07022518, 0.07663913, 0.60000002, 1.        ])], 'eyes_contours': [array([0.05442693, 0.07042418, 0.59999996, 1.        ]), array([0.05636388, 0.06877673, 0.60000002, 1.        ]), array([0.06065451, 0.06641201, 0.60000002, 1.        ]), array([0.06662074, 0.06515929, 0.60000002, 1.        ]), array([0.07253733, 0.06551366, 0.60000002, 1.        ]), array([0.07841531, 0.06714805, 0.60000008, 1.        ]), array([0.08230034, 0.0692055 , 0.60000002, 1.        ]), array([0.08469987, 0.07078928, 0.60000002, 1.        ]), array([0.08676396, 0.07225914, 0.60000002, 1.        ]), array([0.08393224, 0.07382099, 0.60000002, 1.        ]), array([0.08101994, 0.07466707, 0.60000002, 1.        ]), array([0.0770294 , 0.07527262, 0.60000002, 1.        ]), array([0.07110955, 0.07524914, 0.60000002, 1.        ]), array([0.06535723, 0.07438197, 0.60000002, 1.        ]), array([0.0599779 , 0.07279971, 0.60000002, 1.        ]), array([0.05637139, 0.07155915, 0.59999996, 1.        ])]}
2025-08-24 03:38:38,535 - DEBUG - 调用center_fitter进行拟合
2025-08-24 03:38:38,535 - DEBUG - CenterFitter单例初始化完成
2025-08-24 03:38:38,535 - INFO - 🔍 开始眼球拟合: trials_times=1, strategy=None
2025-08-24 03:38:38,535 - INFO - 📋 数据预处理完成: 总点数=21, 平均visibility=1.000
2025-08-24 03:38:38,549 - INFO -   📍 pupil_center: 1点, 平均visibility=1.000
2025-08-24 03:38:38,549 - INFO -   📍 iris_boundaries: 4点, 平均visibility=1.000
2025-08-24 03:38:38,549 - INFO -   📍 eyes_contours: 16点, 平均visibility=1.000
2025-08-24 03:38:38,549 - INFO - 📊 自动选择拟合策略: constrained_lm
2025-08-24 03:38:38,549 - INFO - 🚀 执行拟合策略: constrained_lm
2025-08-24 03:38:38,549 - INFO - 📊 全部采样完成: 采样点数=21
2025-08-24 03:38:38,550 - INFO - 📊 使用全部采样策略: 21个点
2025-08-24 03:38:38,550 - INFO - 🔄 开始约束LM优化...
2025-08-24 03:38:38,550 - INFO - 🔧 开始参数初始化...
2025-08-24 03:38:38,550 - INFO - 🔍 虹膜边界点数量: 4
2025-08-24 03:38:38,550 - INFO - 🔧 开始2D圆拟合...
2025-08-24 03:38:38,550 - INFO - 🔍 中值距离+半径: 0.013m，2D半径: 0.007m，使用虹膜深度偏移
2025-08-24 03:38:38,550 - INFO - ✅ 智能初始化完成: 2D圆心=(0.071, 0.072), 3D球心=(0.071, 0.072, 0.610)
2025-08-24 03:38:38,550 - INFO - 📏 2D半径=0.007m, 3D半径=0.012m, 深度偏移=0.010m
2025-08-24 03:38:38,550 - INFO - 📍 初始中心点: (0.071, 0.072, 0.610)
2025-08-24 03:38:38,550 - INFO - 📏 初始半径: 0.012m
2025-08-24 03:38:38,550 - INFO - ⚙️ 创建约束LM优化器...
2025-08-24 03:38:38,550 - INFO - 🔄 约束LM优化开始: 最大迭代次数=50
2025-08-24 03:38:38,550 - INFO - -----------------------------------------------------------------------------------
2025-08-24 03:38:38,550 - INFO - 🔍 迭代第0次，球心向右8.3606e-02mm，向下3.1428e-01mm，向后2.6010e+00mm，半径变大6.4994e-01mm
2025-08-24 03:38:38,550 - INFO - 📊 变化前: 中心(0.071, 0.072, 0.610), 半径12.00mm
2025-08-24 03:38:38,550 - INFO - 📊 变化后: 中心(0.071, 0.072, 0.610), 半径12.00mm
2025-08-24 03:38:38,550 - INFO - 📈 变化量: 中心移动0.00mm, 半径变化0.00mm
2025-08-24 03:38:38,550 - INFO - 📍 眼球中心: [0.07066075 0.0715284  0.61046962]
2025-08-24 03:38:38,550 - INFO - 📏 眼球半径: 12.00mm
2025-08-24 03:38:38,550 - INFO - 👁️ 瞳孔中心: [0.07036409 0.06928157 0.60000002]
2025-08-24 03:38:38,550 - INFO - 📐 眼球中心在瞳孔中心的右0.30mm，下2.25mm，后10.47mm
2025-08-24 03:38:38,550 - INFO - 📏 距离: 10.71mm
2025-08-24 03:38:38,550 - INFO - -----------------------------------------------------------------------------------
2025-08-24 03:38:38,550 - INFO - -----------------------------------------------------------------------------------
2025-08-24 03:38:38,550 - INFO - 🔍 迭代第1次，球心向左7.5862e-02mm，向上3.5712e-01mm，向前2.0107e+01mm，半径变大2.0086e+01mm
2025-08-24 03:38:38,550 - INFO - 📊 变化前: 中心(0.071, 0.072, 0.613), 半径12.65mm
2025-08-24 03:38:38,550 - INFO - 📊 变化后: 中心(0.071, 0.072, 0.613), 半径12.65mm
2025-08-24 03:38:38,550 - INFO - 📈 变化量: 中心移动0.00mm, 半径变化0.00mm
2025-08-24 03:38:38,550 - INFO - 📍 眼球中心: [0.07057715 0.07184269 0.61307063]
2025-08-24 03:38:38,550 - INFO - 📏 眼球半径: 12.65mm
2025-08-24 03:38:38,550 - INFO - 👁️ 瞳孔中心: [0.07036409 0.06928157 0.60000002]
2025-08-24 03:38:38,550 - INFO - 📐 眼球中心在瞳孔中心的右0.21mm，下2.56mm，后13.07mm
2025-08-24 03:38:38,550 - INFO - 📏 距离: 13.32mm
2025-08-24 03:38:38,550 - INFO - -----------------------------------------------------------------------------------
2025-08-24 03:38:38,550 - INFO - -----------------------------------------------------------------------------------
2025-08-24 03:38:38,550 - INFO - 🔍 迭代第2次，球心向左5.6298e-02mm，向下5.5683e-02mm，向前1.1476e+01mm，半径变大1.3154e+01mm
2025-08-24 03:38:38,550 - INFO - 📊 变化前: 中心(0.071, 0.072, 0.613), 半径12.65mm
2025-08-24 03:38:38,550 - INFO - 📊 变化后: 中心(0.071, 0.072, 0.613), 半径12.65mm
2025-08-24 03:38:38,550 - INFO - 📈 变化量: 中心移动0.00mm, 半径变化0.00mm
2025-08-24 03:38:38,550 - INFO - 📍 眼球中心: [0.07057715 0.07184269 0.61307063]
2025-08-24 03:38:38,550 - INFO - 📏 眼球半径: 12.65mm
2025-08-24 03:38:38,550 - INFO - 👁️ 瞳孔中心: [0.07036409 0.06928157 0.60000002]
2025-08-24 03:38:38,550 - INFO - 📐 眼球中心在瞳孔中心的右0.21mm，下2.56mm，后13.07mm
2025-08-24 03:38:38,550 - INFO - 📏 距离: 13.32mm
2025-08-24 03:38:38,550 - INFO - -----------------------------------------------------------------------------------
2025-08-24 03:38:38,550 - INFO - -----------------------------------------------------------------------------------
2025-08-24 03:38:38,564 - INFO - 🔍 迭代第3次，球心向左3.2833e-02mm，向下3.6285e-01mm，向前8.5115e-01mm，半径变大4.5411e+00mm
2025-08-24 03:38:38,564 - INFO - 📊 变化前: 中心(0.071, 0.072, 0.613), 半径12.65mm
2025-08-24 03:38:38,564 - INFO - 📊 变化后: 中心(0.071, 0.072, 0.613), 半径12.65mm
2025-08-24 03:38:38,564 - INFO - 📈 变化量: 中心移动0.00mm, 半径变化0.00mm
2025-08-24 03:38:38,565 - INFO - 📍 眼球中心: [0.07057715 0.07184269 0.61307063]
2025-08-24 03:38:38,565 - INFO - 📏 眼球半径: 12.65mm
2025-08-24 03:38:38,566 - INFO - 👁️ 瞳孔中心: [0.07036409 0.06928157 0.60000002]
2025-08-24 03:38:38,566 - INFO - 📐 眼球中心在瞳孔中心的右0.21mm，下2.56mm，后13.07mm
2025-08-24 03:38:38,566 - INFO - 📏 距离: 13.32mm
2025-08-24 03:38:38,566 - INFO - -----------------------------------------------------------------------------------
2025-08-24 03:38:38,568 - INFO - -----------------------------------------------------------------------------------
2025-08-24 03:38:38,569 - INFO - 🔍 迭代第4次，球心向左1.5965e-01mm，向上6.2697e-01mm，向后6.9772e+00mm，半径变大2.7017e+00mm
2025-08-24 03:38:38,569 - INFO - 📊 变化前: 中心(0.071, 0.072, 0.612), 半径17.19mm
2025-08-24 03:38:38,569 - INFO - 📊 变化后: 中心(0.071, 0.072, 0.612), 半径17.19mm
2025-08-24 03:38:38,569 - INFO - 📈 变化量: 中心移动0.00mm, 半径变化0.00mm
2025-08-24 03:38:38,569 - INFO - 📍 眼球中心: [0.07060998 0.07220554 0.61221948]
2025-08-24 03:38:38,569 - INFO - 📏 眼球半径: 17.19mm
2025-08-24 03:38:38,569 - INFO - 👁️ 瞳孔中心: [0.07036409 0.06928157 0.60000002]
2025-08-24 03:38:38,569 - INFO - 📐 眼球中心在瞳孔中心的右0.25mm，下2.92mm，后12.22mm
2025-08-24 03:38:38,569 - INFO - 📏 距离: 12.57mm
2025-08-24 03:38:38,569 - INFO - -----------------------------------------------------------------------------------
2025-08-24 03:38:38,569 - INFO - -----------------------------------------------------------------------------------
2025-08-24 03:38:38,569 - INFO - 🔍 迭代第5次，球心向左1.0561e-01mm，向下2.9481e-01mm，向后1.8349e+00mm，半径变大2.7153e-01mm
2025-08-24 03:38:38,569 - INFO - 📊 变化前: 中心(0.071, 0.072, 0.619), 半径19.89mm
2025-08-24 03:38:38,569 - INFO - 📊 变化后: 中心(0.071, 0.072, 0.619), 半径19.89mm
2025-08-24 03:38:38,569 - INFO - 📈 变化量: 中心移动0.00mm, 半径变化0.00mm
2025-08-24 03:38:38,569 - INFO - 📍 眼球中心: [0.07076963 0.07157856 0.61919666]
2025-08-24 03:38:38,569 - INFO - 📏 眼球半径: 19.89mm
2025-08-24 03:38:38,569 - INFO - 👁️ 瞳孔中心: [0.07036409 0.06928157 0.60000002]
2025-08-24 03:38:38,569 - INFO - 📐 眼球中心在瞳孔中心的右0.41mm，下2.30mm，后19.20mm
2025-08-24 03:38:38,569 - INFO - 📏 距离: 19.34mm
2025-08-24 03:38:38,569 - INFO - -----------------------------------------------------------------------------------
2025-08-24 03:38:38,569 - INFO - -----------------------------------------------------------------------------------
2025-08-24 03:38:38,569 - INFO - 🔍 迭代第6次，球心向左4.0735e-02mm，向下2.2866e-01mm，向后1.6185e+00mm，半径变大7.1121e-02mm
2025-08-24 03:38:38,569 - INFO - 📊 变化前: 中心(0.071, 0.072, 0.619), 半径19.89mm
2025-08-24 03:38:38,569 - INFO - 📊 变化后: 中心(0.071, 0.072, 0.619), 半径19.89mm
2025-08-24 03:38:38,569 - INFO - 📈 变化量: 中心移动0.00mm, 半径变化0.00mm
2025-08-24 03:38:38,569 - INFO - 📍 眼球中心: [0.07076963 0.07157856 0.61919666]
2025-08-24 03:38:38,569 - INFO - 📏 眼球半径: 19.89mm
2025-08-24 03:38:38,569 - INFO - 👁️ 瞳孔中心: [0.07036409 0.06928157 0.60000002]
2025-08-24 03:38:38,569 - INFO - 📐 眼球中心在瞳孔中心的右0.41mm，下2.30mm，后19.20mm
2025-08-24 03:38:38,569 - INFO - 📏 距离: 19.34mm
2025-08-24 03:38:38,569 - INFO - -----------------------------------------------------------------------------------
2025-08-24 03:38:38,569 - INFO - -----------------------------------------------------------------------------------
2025-08-24 03:38:38,569 - INFO - 🔍 迭代第7次，球心向左6.6076e-02mm，向下9.0144e-02mm，向后1.1827e+00mm，半径变大1.5556e+00mm
2025-08-24 03:38:38,569 - INFO - 📊 变化前: 中心(0.071, 0.072, 0.621), 半径19.96mm
2025-08-24 03:38:38,569 - INFO - 📊 变化后: 中心(0.071, 0.072, 0.621), 半径19.96mm
2025-08-24 03:38:38,569 - INFO - 📈 变化量: 中心移动0.00mm, 半径变化0.00mm
2025-08-24 03:38:38,569 - INFO - 📍 眼球中心: [0.07081036 0.07180722 0.62081513]
2025-08-24 03:38:38,569 - INFO - 📏 眼球半径: 19.96mm
2025-08-24 03:38:38,569 - INFO - 👁️ 瞳孔中心: [0.07036409 0.06928157 0.60000002]
2025-08-24 03:38:38,569 - INFO - 📐 眼球中心在瞳孔中心的右0.45mm，下2.53mm，后20.82mm
2025-08-24 03:38:38,569 - INFO - 📏 距离: 20.97mm
2025-08-24 03:38:38,569 - INFO - -----------------------------------------------------------------------------------
2025-08-24 03:38:38,581 - INFO - -----------------------------------------------------------------------------------
2025-08-24 03:38:38,581 - INFO - 🔍 迭代第8次，球心向左4.4066e-03mm，向下2.4998e-02mm，向后4.2880e-01mm，半径变大5.0176e-01mm
2025-08-24 03:38:38,581 - INFO - 📊 变化前: 中心(0.071, 0.072, 0.621), 半径19.96mm
2025-08-24 03:38:38,581 - INFO - 📊 变化后: 中心(0.071, 0.072, 0.621), 半径19.96mm
2025-08-24 03:38:38,581 - INFO - 📈 变化量: 中心移动0.00mm, 半径变化0.00mm
2025-08-24 03:38:38,581 - INFO - 📍 眼球中心: [0.07081036 0.07180722 0.62081513]
2025-08-24 03:38:38,581 - INFO - 📏 眼球半径: 19.96mm
2025-08-24 03:38:38,582 - INFO - 👁️ 瞳孔中心: [0.07036409 0.06928157 0.60000002]
2025-08-24 03:38:38,582 - INFO - 📐 眼球中心在瞳孔中心的右0.45mm，下2.53mm，后20.82mm
2025-08-24 03:38:38,582 - INFO - 📏 距离: 20.97mm
2025-08-24 03:38:38,583 - INFO - -----------------------------------------------------------------------------------
2025-08-24 03:38:38,583 - INFO - -----------------------------------------------------------------------------------
2025-08-24 03:38:38,583 - INFO - 🔍 迭代第9次，球心向左2.6260e-04mm，向下3.2016e-03mm，向后5.6702e-02mm，半径变大6.5582e-02mm
2025-08-24 03:38:38,583 - INFO - 📊 变化前: 中心(0.071, 0.072, 0.621), 半径19.96mm
2025-08-24 03:38:38,583 - INFO - 📊 变化后: 中心(0.071, 0.072, 0.621), 半径19.96mm
2025-08-24 03:38:38,583 - INFO - 📈 变化量: 中心移动0.00mm, 半径变化0.00mm
2025-08-24 03:38:38,583 - INFO - 📍 眼球中心: [0.07081036 0.07180722 0.62081513]
2025-08-24 03:38:38,583 - INFO - 📏 眼球半径: 19.96mm
2025-08-24 03:38:38,583 - INFO - 👁️ 瞳孔中心: [0.07036409 0.06928157 0.60000002]
2025-08-24 03:38:38,588 - INFO - 📐 眼球中心在瞳孔中心的右0.45mm，下2.53mm，后20.82mm
2025-08-24 03:38:38,588 - INFO - 📏 距离: 20.97mm
2025-08-24 03:38:38,588 - INFO - -----------------------------------------------------------------------------------
2025-08-24 03:38:38,588 - INFO - -----------------------------------------------------------------------------------
2025-08-24 03:38:38,589 - INFO - 🔍 迭代第10次，球心向左2.3735e-05mm，向下3.2967e-04mm，向后5.8577e-03mm，半径变大6.7672e-03mm
2025-08-24 03:38:38,589 - INFO - 📊 变化前: 中心(0.071, 0.072, 0.621), 半径19.96mm
2025-08-24 03:38:38,589 - INFO - 📊 变化后: 中心(0.071, 0.072, 0.621), 半径19.96mm
2025-08-24 03:38:38,589 - INFO - 📈 变化量: 中心移动0.00mm, 半径变化0.00mm
2025-08-24 03:38:38,590 - INFO - 📍 眼球中心: [0.07081036 0.07180722 0.62081513]
2025-08-24 03:38:38,590 - INFO - 📏 眼球半径: 19.96mm
2025-08-24 03:38:38,591 - INFO - 👁️ 瞳孔中心: [0.07036409 0.06928157 0.60000002]
2025-08-24 03:38:38,591 - INFO - 📐 眼球中心在瞳孔中心的右0.45mm，下2.53mm，后20.82mm
2025-08-24 03:38:38,591 - INFO - 📏 距离: 20.97mm
2025-08-24 03:38:38,591 - INFO - -----------------------------------------------------------------------------------
2025-08-24 03:38:38,592 - INFO - -----------------------------------------------------------------------------------
2025-08-24 03:38:38,592 - INFO - 🔍 迭代第11次，球心向左2.3776e-05mm，向下3.2956e-04mm，向后5.8554e-03mm，半径变大6.7642e-03mm
2025-08-24 03:38:38,592 - INFO - 📊 变化前: 中心(0.071, 0.072, 0.621), 半径19.97mm
2025-08-24 03:38:38,592 - INFO - 📊 变化后: 中心(0.071, 0.072, 0.621), 半径19.97mm
2025-08-24 03:38:38,592 - INFO - 📈 变化量: 中心移动0.00mm, 半径变化0.00mm
2025-08-24 03:38:38,593 - INFO - 📍 眼球中心: [0.07081039 0.07180755 0.62082099]
2025-08-24 03:38:38,593 - INFO - 📏 眼球半径: 19.97mm
2025-08-24 03:38:38,593 - INFO - 👁️ 瞳孔中心: [0.07036409 0.06928157 0.60000002]
2025-08-24 03:38:38,593 - INFO - 📐 眼球中心在瞳孔中心的右0.45mm，下2.53mm，后20.82mm
2025-08-24 03:38:38,593 - INFO - 📏 距离: 20.98mm
2025-08-24 03:38:38,593 - INFO - -----------------------------------------------------------------------------------
2025-08-24 03:38:38,593 - INFO - -----------------------------------------------------------------------------------
2025-08-24 03:38:38,593 - INFO - 🔍 迭代第12次，球心向左2.3816e-05mm，向下3.2945e-04mm，向后5.8532e-03mm，半径变大6.7612e-03mm
2025-08-24 03:38:38,593 - INFO - 📊 变化前: 中心(0.071, 0.072, 0.621), 半径19.98mm
2025-08-24 03:38:38,593 - INFO - 📊 变化后: 中心(0.071, 0.072, 0.621), 半径19.98mm
2025-08-24 03:38:38,593 - INFO - 📈 变化量: 中心移动0.00mm, 半径变化0.00mm
2025-08-24 03:38:38,593 - INFO - 📍 眼球中心: [0.07081041 0.07180788 0.62082685]
2025-08-24 03:38:38,593 - INFO - 📏 眼球半径: 19.98mm
2025-08-24 03:38:38,596 - INFO - 👁️ 瞳孔中心: [0.07036409 0.06928157 0.60000002]
2025-08-24 03:38:38,596 - INFO - 📐 眼球中心在瞳孔中心的右0.45mm，下2.53mm，后20.83mm
2025-08-24 03:38:38,596 - INFO - 📏 距离: 20.98mm
2025-08-24 03:38:38,596 - INFO - -----------------------------------------------------------------------------------
2025-08-24 03:38:38,597 - INFO - -----------------------------------------------------------------------------------
2025-08-24 03:38:38,597 - INFO - 🔍 迭代第13次，球心向左2.3857e-05mm，向下3.2935e-04mm，向后5.8509e-03mm，半径变大6.7582e-03mm
2025-08-24 03:38:38,597 - INFO - 📊 变化前: 中心(0.071, 0.072, 0.621), 半径19.98mm
2025-08-24 03:38:38,597 - INFO - 📊 变化后: 中心(0.071, 0.072, 0.621), 半径19.98mm
2025-08-24 03:38:38,597 - INFO - 📈 变化量: 中心移动0.00mm, 半径变化0.00mm
2025-08-24 03:38:38,597 - INFO - 📍 眼球中心: [0.07081044 0.07180821 0.6208327 ]
2025-08-24 03:38:38,597 - INFO - 📏 眼球半径: 19.98mm
2025-08-24 03:38:38,597 - INFO - 👁️ 瞳孔中心: [0.07036409 0.06928157 0.60000002]
2025-08-24 03:38:38,597 - INFO - 📐 眼球中心在瞳孔中心的右0.45mm，下2.53mm，后20.83mm
2025-08-24 03:38:38,598 - INFO - 📏 距离: 20.99mm
2025-08-24 03:38:38,598 - INFO - -----------------------------------------------------------------------------------
2025-08-24 03:38:38,599 - INFO - -----------------------------------------------------------------------------------
2025-08-24 03:38:38,600 - INFO - 🔍 迭代第14次，球心向左2.3897e-05mm，向下3.2924e-04mm，向后5.8486e-03mm，半径变大6.7552e-03mm
2025-08-24 03:38:38,600 - INFO - 📊 变化前: 中心(0.071, 0.072, 0.621), 半径19.99mm
2025-08-24 03:38:38,600 - INFO - 📊 变化后: 中心(0.071, 0.072, 0.621), 半径19.99mm
2025-08-24 03:38:38,600 - INFO - 📈 变化量: 中心移动0.00mm, 半径变化0.00mm
2025-08-24 03:38:38,600 - INFO - 📍 眼球中心: [0.07081046 0.07180854 0.62083855]
2025-08-24 03:38:38,600 - INFO - 📏 眼球半径: 19.99mm
2025-08-24 03:38:38,600 - INFO - 👁️ 瞳孔中心: [0.07036409 0.06928157 0.60000002]
2025-08-24 03:38:38,600 - INFO - 📐 眼球中心在瞳孔中心的右0.45mm，下2.53mm，后20.84mm
2025-08-24 03:38:38,600 - INFO - 📏 距离: 21.00mm
2025-08-24 03:38:38,600 - INFO - -----------------------------------------------------------------------------------
2025-08-24 03:38:38,600 - INFO - -----------------------------------------------------------------------------------
2025-08-24 03:38:38,600 - INFO - 🔍 迭代第15次，球心向左2.3938e-05mm，向下3.2914e-04mm，向后5.8464e-03mm，半径变大6.7522e-03mm
2025-08-24 03:38:38,600 - INFO - 📊 变化前: 中心(0.071, 0.072, 0.621), 半径20.00mm
2025-08-24 03:38:38,600 - INFO - 📊 变化后: 中心(0.071, 0.072, 0.621), 半径20.00mm
2025-08-24 03:38:38,604 - INFO - 📈 变化量: 中心移动0.00mm, 半径变化0.00mm
2025-08-24 03:38:38,604 - INFO - 📍 眼球中心: [0.07081048 0.07180887 0.6208444 ]
2025-08-24 03:38:38,604 - INFO - 📏 眼球半径: 20.00mm
2025-08-24 03:38:38,604 - INFO - 👁️ 瞳孔中心: [0.07036409 0.06928157 0.60000002]
2025-08-24 03:38:38,605 - INFO - 📐 眼球中心在瞳孔中心的右0.45mm，下2.53mm，后20.84mm
2025-08-24 03:38:38,605 - INFO - 📏 距离: 21.00mm
2025-08-24 03:38:38,605 - INFO - -----------------------------------------------------------------------------------
2025-08-24 03:38:38,605 - INFO - -----------------------------------------------------------------------------------
2025-08-24 03:38:38,605 - INFO - 🔍 迭代第16次，球心向左2.3676e-06mm，向下3.3012e-05mm，向后5.8658e-04mm，半径变大6.7738e-04mm
2025-08-24 03:38:38,607 - INFO - 📊 变化前: 中心(0.071, 0.072, 0.621), 半径20.00mm
2025-08-24 03:38:38,607 - INFO - 📊 变化后: 中心(0.071, 0.072, 0.621), 半径20.00mm
2025-08-24 03:38:38,607 - INFO - 📈 变化量: 中心移动0.00mm, 半径变化0.00mm
2025-08-24 03:38:38,607 - INFO - 📍 眼球中心: [0.07081048 0.07180887 0.6208444 ]
2025-08-24 03:38:38,607 - INFO - 📏 眼球半径: 20.00mm
2025-08-24 03:38:38,607 - INFO - 👁️ 瞳孔中心: [0.07036409 0.06928157 0.60000002]
2025-08-24 03:38:38,607 - INFO - 📐 眼球中心在瞳孔中心的右0.45mm，下2.53mm，后20.84mm
2025-08-24 03:38:38,608 - INFO - 📏 距离: 21.00mm
2025-08-24 03:38:38,608 - INFO - -----------------------------------------------------------------------------------
2025-08-24 03:38:38,609 - INFO - -----------------------------------------------------------------------------------
2025-08-24 03:38:38,609 - INFO - 🔍 迭代第17次，球心向左2.3680e-06mm，向下3.3011e-05mm，向后5.8656e-04mm，半径变大6.7735e-04mm
2025-08-24 03:38:38,609 - INFO - 📊 变化前: 中心(0.071, 0.072, 0.621), 半径20.00mm
2025-08-24 03:38:38,609 - INFO - 📊 变化后: 中心(0.071, 0.072, 0.621), 半径20.00mm
2025-08-24 03:38:38,609 - INFO - 📈 变化量: 中心移动0.00mm, 半径变化0.00mm
2025-08-24 03:38:38,610 - INFO - 📍 眼球中心: [0.07081049 0.0718089  0.62084499]
2025-08-24 03:38:38,610 - INFO - 📏 眼球半径: 20.00mm
2025-08-24 03:38:38,610 - INFO - 👁️ 瞳孔中心: [0.07036409 0.06928157 0.60000002]
2025-08-24 03:38:38,610 - INFO - 📐 眼球中心在瞳孔中心的右0.45mm，下2.53mm，后20.84mm
2025-08-24 03:38:38,610 - INFO - 📏 距离: 21.00mm
2025-08-24 03:38:38,610 - INFO - -----------------------------------------------------------------------------------
2025-08-24 03:38:38,611 - INFO - -----------------------------------------------------------------------------------
2025-08-24 03:38:38,611 - INFO - 🔍 迭代第18次，球心向左2.3684e-06mm，向下3.3010e-05mm，向后5.8653e-04mm，半径变大6.7732e-04mm
2025-08-24 03:38:38,611 - INFO - 📊 变化前: 中心(0.071, 0.072, 0.621), 半径20.00mm
2025-08-24 03:38:38,611 - INFO - 📊 变化后: 中心(0.071, 0.072, 0.621), 半径20.00mm
2025-08-24 03:38:38,611 - INFO - 📈 变化量: 中心移动0.00mm, 半径变化0.00mm
2025-08-24 03:38:38,612 - INFO - 📍 眼球中心: [0.07081049 0.07180893 0.62084557]
2025-08-24 03:38:38,612 - INFO - 📏 眼球半径: 20.00mm
2025-08-24 03:38:38,612 - INFO - 👁️ 瞳孔中心: [0.07036409 0.06928157 0.60000002]
2025-08-24 03:38:38,612 - INFO - 📐 眼球中心在瞳孔中心的右0.45mm，下2.53mm，后20.85mm
2025-08-24 03:38:38,612 - INFO - 📏 距离: 21.00mm
2025-08-24 03:38:38,612 - INFO - -----------------------------------------------------------------------------------
2025-08-24 03:38:38,613 - INFO - -----------------------------------------------------------------------------------
2025-08-24 03:38:38,614 - INFO - 🔍 迭代第19次，球心向左2.3688e-06mm，向下3.3009e-05mm，向后5.8651e-04mm，半径变大6.7729e-04mm
2025-08-24 03:38:38,614 - INFO - 📊 变化前: 中心(0.071, 0.072, 0.621), 半径20.00mm
2025-08-24 03:38:38,614 - INFO - 📊 变化后: 中心(0.071, 0.072, 0.621), 半径20.00mm
2025-08-24 03:38:38,614 - INFO - 📈 变化量: 中心移动0.00mm, 半径变化0.00mm
2025-08-24 03:38:38,614 - INFO - 📍 眼球中心: [0.07081049 0.07180897 0.62084616]
2025-08-24 03:38:38,614 - INFO - 📏 眼球半径: 20.00mm
2025-08-24 03:38:38,614 - INFO - 👁️ 瞳孔中心: [0.07036409 0.06928157 0.60000002]
2025-08-24 03:38:38,614 - INFO - 📐 眼球中心在瞳孔中心的右0.45mm，下2.53mm，后20.85mm
2025-08-24 03:38:38,614 - INFO - 📏 距离: 21.00mm
2025-08-24 03:38:38,614 - INFO - -----------------------------------------------------------------------------------
2025-08-24 03:38:38,615 - INFO - -----------------------------------------------------------------------------------
2025-08-24 03:38:38,615 - INFO - 🔍 迭代第20次，球心向左2.3662e-07mm，向下3.3019e-06mm，向后5.8670e-05mm，半径变大6.7750e-05mm
2025-08-24 03:38:38,615 - INFO - 📊 变化前: 中心(0.071, 0.072, 0.621), 半径20.00mm
2025-08-24 03:38:38,615 - INFO - 📊 变化后: 中心(0.071, 0.072, 0.621), 半径20.00mm
2025-08-24 03:38:38,616 - INFO - 📈 变化量: 中心移动0.00mm, 半径变化0.00mm
2025-08-24 03:38:38,616 - INFO - 📍 眼球中心: [0.07081049 0.07180897 0.62084616]
2025-08-24 03:38:38,616 - INFO - 📏 眼球半径: 20.00mm
2025-08-24 03:38:38,616 - INFO - 👁️ 瞳孔中心: [0.07036409 0.06928157 0.60000002]
2025-08-24 03:38:38,616 - INFO - 📐 眼球中心在瞳孔中心的右0.45mm，下2.53mm，后20.85mm
2025-08-24 03:38:38,616 - INFO - 📏 距离: 21.00mm
2025-08-24 03:38:38,616 - INFO - -----------------------------------------------------------------------------------
2025-08-24 03:38:38,616 - INFO - -----------------------------------------------------------------------------------
2025-08-24 03:38:38,616 - INFO - 🔍 迭代第21次，球心向左2.3662e-07mm，向下3.3019e-06mm，向后5.8670e-05mm，半径变大6.7750e-05mm
2025-08-24 03:38:38,616 - INFO - 📊 变化前: 中心(0.071, 0.072, 0.621), 半径20.00mm
2025-08-24 03:38:38,616 - INFO - 📊 变化后: 中心(0.071, 0.072, 0.621), 半径20.00mm
2025-08-24 03:38:38,616 - INFO - 📈 变化量: 中心移动0.00mm, 半径变化0.00mm
2025-08-24 03:38:38,619 - INFO - 📍 眼球中心: [0.07081049 0.07180897 0.62084622]
2025-08-24 03:38:38,619 - INFO - 📏 眼球半径: 20.00mm
2025-08-24 03:38:38,619 - INFO - 👁️ 瞳孔中心: [0.07036409 0.06928157 0.60000002]
2025-08-24 03:38:38,619 - INFO - 📐 眼球中心在瞳孔中心的右0.45mm，下2.53mm，后20.85mm
2025-08-24 03:38:38,619 - INFO - 📏 距离: 21.00mm
2025-08-24 03:38:38,619 - INFO - -----------------------------------------------------------------------------------
2025-08-24 03:38:38,620 - INFO - -----------------------------------------------------------------------------------
2025-08-24 03:38:38,620 - INFO - 🔍 迭代第22次，球心向左2.3663e-07mm，向下3.3018e-06mm，向后5.8670e-05mm，半径变大6.7750e-05mm
2025-08-24 03:38:38,620 - INFO - 📊 变化前: 中心(0.071, 0.072, 0.621), 半径20.00mm
2025-08-24 03:38:38,620 - INFO - 📊 变化后: 中心(0.071, 0.072, 0.621), 半径20.00mm
2025-08-24 03:38:38,621 - INFO - 📈 变化量: 中心移动0.00mm, 半径变化0.00mm
2025-08-24 03:38:38,621 - INFO - 📍 眼球中心: [0.07081049 0.07180897 0.62084628]
2025-08-24 03:38:38,621 - INFO - 📏 眼球半径: 20.00mm
2025-08-24 03:38:38,621 - INFO - 👁️ 瞳孔中心: [0.07036409 0.06928157 0.60000002]
2025-08-24 03:38:38,621 - INFO - 📐 眼球中心在瞳孔中心的右0.45mm，下2.53mm，后20.85mm
2025-08-24 03:38:38,621 - INFO - 📏 距离: 21.00mm
2025-08-24 03:38:38,621 - INFO - -----------------------------------------------------------------------------------
2025-08-24 03:38:38,622 - INFO - -----------------------------------------------------------------------------------
2025-08-24 03:38:38,622 - INFO - 🔍 迭代第23次，球心向左2.3663e-07mm，向下3.3018e-06mm，向后5.8670e-05mm，半径变大6.7749e-05mm
2025-08-24 03:38:38,622 - INFO - 📊 变化前: 中心(0.071, 0.072, 0.621), 半径20.00mm
2025-08-24 03:38:38,622 - INFO - 📊 变化后: 中心(0.071, 0.072, 0.621), 半径20.00mm
2025-08-24 03:38:38,622 - INFO - 📈 变化量: 中心移动0.00mm, 半径变化0.00mm
2025-08-24 03:38:38,622 - INFO - 📍 眼球中心: [0.07081049 0.07180898 0.62084634]
2025-08-24 03:38:38,623 - INFO - 📏 眼球半径: 20.00mm
2025-08-24 03:38:38,623 - INFO - 👁️ 瞳孔中心: [0.07036409 0.06928157 0.60000002]
2025-08-24 03:38:38,623 - INFO - 📐 眼球中心在瞳孔中心的右0.45mm，下2.53mm，后20.85mm
2025-08-24 03:38:38,623 - INFO - 📏 距离: 21.00mm
2025-08-24 03:38:38,623 - INFO - -----------------------------------------------------------------------------------
2025-08-24 03:38:38,623 - INFO - -----------------------------------------------------------------------------------
2025-08-24 03:38:38,625 - INFO - 🔍 迭代第24次，球心向左2.3664e-07mm，向下3.3018e-06mm，向后5.8670e-05mm，半径变大6.7749e-05mm
2025-08-24 03:38:38,625 - INFO - 📊 变化前: 中心(0.071, 0.072, 0.621), 半径20.00mm
2025-08-24 03:38:38,625 - INFO - 📊 变化后: 中心(0.071, 0.072, 0.621), 半径20.00mm
2025-08-24 03:38:38,625 - INFO - 📈 变化量: 中心移动0.00mm, 半径变化0.00mm
2025-08-24 03:38:38,625 - INFO - 📍 眼球中心: [0.07081049 0.07180898 0.62084639]
2025-08-24 03:38:38,625 - INFO - 📏 眼球半径: 20.00mm
2025-08-24 03:38:38,625 - INFO - 👁️ 瞳孔中心: [0.07036409 0.06928157 0.60000002]
2025-08-24 03:38:38,626 - INFO - 📐 眼球中心在瞳孔中心的右0.45mm，下2.53mm，后20.85mm
2025-08-24 03:38:38,626 - INFO - 📏 距离: 21.00mm
2025-08-24 03:38:38,626 - INFO - -----------------------------------------------------------------------------------
2025-08-24 03:38:38,626 - INFO - -----------------------------------------------------------------------------------
2025-08-24 03:38:38,626 - INFO - 🔍 迭代第25次，球心向左2.3664e-07mm，向下3.3018e-06mm，向后5.8669e-05mm，半径变大6.7749e-05mm
2025-08-24 03:38:38,626 - INFO - 📊 变化前: 中心(0.071, 0.072, 0.621), 半径20.00mm
2025-08-24 03:38:38,626 - INFO - 📊 变化后: 中心(0.071, 0.072, 0.621), 半径20.00mm
2025-08-24 03:38:38,627 - INFO - 📈 变化量: 中心移动0.00mm, 半径变化0.00mm
2025-08-24 03:38:38,627 - INFO - 📍 眼球中心: [0.07081049 0.07180898 0.62084645]
2025-08-24 03:38:38,627 - INFO - 📏 眼球半径: 20.00mm
2025-08-24 03:38:38,627 - INFO - 👁️ 瞳孔中心: [0.07036409 0.06928157 0.60000002]
2025-08-24 03:38:38,627 - INFO - 📐 眼球中心在瞳孔中心的右0.45mm，下2.53mm，后20.85mm
2025-08-24 03:38:38,627 - INFO - 📏 距离: 21.00mm
2025-08-24 03:38:38,627 - INFO - -----------------------------------------------------------------------------------
2025-08-24 03:38:38,628 - INFO - -----------------------------------------------------------------------------------
2025-08-24 03:38:38,628 - INFO - 🔍 迭代第26次，球心向左2.3661e-08mm，向下3.3019e-07mm，向后5.8671e-06mm，半径变大6.7751e-06mm
2025-08-24 03:38:38,628 - INFO - 📊 变化前: 中心(0.071, 0.072, 0.621), 半径20.00mm
2025-08-24 03:38:38,628 - INFO - 📊 变化后: 中心(0.071, 0.072, 0.621), 半径20.00mm
2025-08-24 03:38:38,628 - INFO - 📈 变化量: 中心移动0.00mm, 半径变化0.00mm
2025-08-24 03:38:38,628 - INFO - 📍 眼球中心: [0.07081049 0.07180898 0.62084645]
2025-08-24 03:38:38,628 - INFO - 📏 眼球半径: 20.00mm
2025-08-24 03:38:38,629 - INFO - 👁️ 瞳孔中心: [0.07036409 0.06928157 0.60000002]
2025-08-24 03:38:38,629 - INFO - 📐 眼球中心在瞳孔中心的右0.45mm，下2.53mm，后20.85mm
2025-08-24 03:38:38,629 - INFO - 📏 距离: 21.00mm
2025-08-24 03:38:38,629 - INFO - -----------------------------------------------------------------------------------
2025-08-24 03:38:38,629 - INFO - -----------------------------------------------------------------------------------
2025-08-24 03:38:38,629 - INFO - 🔍 迭代第27次，球心向左2.3662e-08mm，向下3.3019e-07mm，向后5.8671e-06mm，半径变大6.7751e-06mm
2025-08-24 03:38:38,629 - INFO - 📊 变化前: 中心(0.071, 0.072, 0.621), 半径20.00mm
2025-08-24 03:38:38,629 - INFO - 📊 变化后: 中心(0.071, 0.072, 0.621), 半径20.00mm
2025-08-24 03:38:38,629 - INFO - 📈 变化量: 中心移动0.00mm, 半径变化0.00mm
2025-08-24 03:38:38,630 - INFO - 📍 眼球中心: [0.07081049 0.07180898 0.62084646]
2025-08-24 03:38:38,630 - INFO - 📏 眼球半径: 20.00mm
2025-08-24 03:38:38,630 - INFO - 👁️ 瞳孔中心: [0.07036409 0.06928157 0.60000002]
2025-08-24 03:38:38,630 - INFO - 📐 眼球中心在瞳孔中心的右0.45mm，下2.53mm，后20.85mm
2025-08-24 03:38:38,630 - INFO - 📏 距离: 21.00mm
2025-08-24 03:38:38,630 - INFO - -----------------------------------------------------------------------------------
2025-08-24 03:38:38,630 - INFO - -----------------------------------------------------------------------------------
2025-08-24 03:38:38,630 - INFO - 🔍 迭代第28次，球心向左2.3662e-08mm，向下3.3019e-07mm，向后5.8671e-06mm，半径变大6.7751e-06mm
2025-08-24 03:38:38,630 - INFO - 📊 变化前: 中心(0.071, 0.072, 0.621), 半径20.00mm
2025-08-24 03:38:38,630 - INFO - 📊 变化后: 中心(0.071, 0.072, 0.621), 半径20.00mm
2025-08-24 03:38:38,630 - INFO - 📈 变化量: 中心移动0.00mm, 半径变化0.00mm
2025-08-24 03:38:38,630 - INFO - 📍 眼球中心: [0.07081049 0.07180898 0.62084647]
2025-08-24 03:38:38,630 - INFO - 📏 眼球半径: 20.00mm
2025-08-24 03:38:38,630 - INFO - 👁️ 瞳孔中心: [0.07036409 0.06928157 0.60000002]
2025-08-24 03:38:38,630 - INFO - 📐 眼球中心在瞳孔中心的右0.45mm，下2.53mm，后20.85mm
2025-08-24 03:38:38,630 - INFO - 📏 距离: 21.00mm
2025-08-24 03:38:38,630 - INFO - -----------------------------------------------------------------------------------
2025-08-24 03:38:38,630 - INFO - -----------------------------------------------------------------------------------
2025-08-24 03:38:38,634 - INFO - 🔍 迭代第29次，球心向左2.3662e-08mm，向下3.3019e-07mm，向后5.8671e-06mm，半径变大6.7751e-06mm
2025-08-24 03:38:38,634 - INFO - 📊 变化前: 中心(0.071, 0.072, 0.621), 半径20.00mm
2025-08-24 03:38:38,634 - INFO - 📊 变化后: 中心(0.071, 0.072, 0.621), 半径20.00mm
2025-08-24 03:38:38,634 - INFO - 📈 变化量: 中心移动0.00mm, 半径变化0.00mm
2025-08-24 03:38:38,635 - INFO - 📍 眼球中心: [0.07081049 0.07180898 0.62084647]
2025-08-24 03:38:38,635 - INFO - 📏 眼球半径: 20.00mm
2025-08-24 03:38:38,635 - INFO - 👁️ 瞳孔中心: [0.07036409 0.06928157 0.60000002]
2025-08-24 03:38:38,635 - INFO - 📐 眼球中心在瞳孔中心的右0.45mm，下2.53mm，后20.85mm
2025-08-24 03:38:38,635 - INFO - 📏 距离: 21.00mm
2025-08-24 03:38:38,635 - INFO - -----------------------------------------------------------------------------------
2025-08-24 03:38:38,635 - INFO - -----------------------------------------------------------------------------------
2025-08-24 03:38:38,637 - INFO - 🔍 迭代第30次，球心向左2.3662e-08mm，向下3.3019e-07mm，向后5.8671e-06mm，半径变大6.7751e-06mm
2025-08-24 03:38:38,637 - INFO - 📊 变化前: 中心(0.071, 0.072, 0.621), 半径20.00mm
2025-08-24 03:38:38,637 - INFO - 📊 变化后: 中心(0.071, 0.072, 0.621), 半径20.00mm
2025-08-24 03:38:38,637 - INFO - 📈 变化量: 中心移动0.00mm, 半径变化0.00mm
2025-08-24 03:38:38,638 - INFO - 📍 眼球中心: [0.07081049 0.07180899 0.62084648]
2025-08-24 03:38:38,638 - INFO - 📏 眼球半径: 20.00mm
2025-08-24 03:38:38,638 - INFO - 👁️ 瞳孔中心: [0.07036409 0.06928157 0.60000002]
2025-08-24 03:38:38,638 - INFO - 📐 眼球中心在瞳孔中心的右0.45mm，下2.53mm，后20.85mm
2025-08-24 03:38:38,638 - INFO - 📏 距离: 21.00mm
2025-08-24 03:38:38,638 - INFO - -----------------------------------------------------------------------------------
2025-08-24 03:38:38,639 - INFO - -----------------------------------------------------------------------------------
2025-08-24 03:38:38,639 - INFO - 🔍 迭代第31次，球心向左2.3662e-08mm，向下3.3019e-07mm，向后5.8671e-06mm，半径变大6.7751e-06mm
2025-08-24 03:38:38,639 - INFO - 📊 变化前: 中心(0.071, 0.072, 0.621), 半径20.00mm
2025-08-24 03:38:38,639 - INFO - 📊 变化后: 中心(0.071, 0.072, 0.621), 半径20.00mm
2025-08-24 03:38:38,639 - INFO - 📈 变化量: 中心移动0.00mm, 半径变化0.00mm
2025-08-24 03:38:38,639 - INFO - 📍 眼球中心: [0.07081049 0.07180899 0.62084648]
2025-08-24 03:38:38,639 - INFO - 📏 眼球半径: 20.00mm
2025-08-24 03:38:38,639 - INFO - 👁️ 瞳孔中心: [0.07036409 0.06928157 0.60000002]
2025-08-24 03:38:38,639 - INFO - 📐 眼球中心在瞳孔中心的右0.45mm，下2.53mm，后20.85mm
2025-08-24 03:38:38,639 - INFO - 📏 距离: 21.00mm
2025-08-24 03:38:38,640 - INFO - -----------------------------------------------------------------------------------
2025-08-24 03:38:38,640 - INFO - -----------------------------------------------------------------------------------
2025-08-24 03:38:38,640 - INFO - 🔍 迭代第32次，球心向左2.3662e-08mm，向下3.3019e-07mm，向后5.8671e-06mm，半径变大6.7751e-06mm
2025-08-24 03:38:38,640 - INFO - 📊 变化前: 中心(0.071, 0.072, 0.621), 半径20.00mm
2025-08-24 03:38:38,640 - INFO - 📊 变化后: 中心(0.071, 0.072, 0.621), 半径20.00mm
2025-08-24 03:38:38,641 - INFO - 📈 变化量: 中心移动0.00mm, 半径变化0.00mm
2025-08-24 03:38:38,641 - INFO - 📍 眼球中心: [0.07081049 0.07180899 0.62084649]
2025-08-24 03:38:38,641 - INFO - 📏 眼球半径: 20.00mm
2025-08-24 03:38:38,641 - INFO - 👁️ 瞳孔中心: [0.07036409 0.06928157 0.60000002]
2025-08-24 03:38:38,641 - INFO - 📐 眼球中心在瞳孔中心的右0.45mm，下2.53mm，后20.85mm
2025-08-24 03:38:38,641 - INFO - 📏 距离: 21.00mm
2025-08-24 03:38:38,641 - INFO - -----------------------------------------------------------------------------------
2025-08-24 03:38:38,641 - INFO - -----------------------------------------------------------------------------------
2025-08-24 03:38:38,642 - INFO - 🔍 迭代第33次，球心向左2.3662e-08mm，向下3.3019e-07mm，向后5.8671e-06mm，半径变大6.7751e-06mm
2025-08-24 03:38:38,642 - INFO - 📊 变化前: 中心(0.071, 0.072, 0.621), 半径20.00mm
2025-08-24 03:38:38,642 - INFO - 📊 变化后: 中心(0.071, 0.072, 0.621), 半径20.00mm
2025-08-24 03:38:38,642 - INFO - 📈 变化量: 中心移动0.00mm, 半径变化0.00mm
2025-08-24 03:38:38,642 - INFO - 📍 眼球中心: [0.07081049 0.07180899 0.62084649]
2025-08-24 03:38:38,642 - INFO - 📏 眼球半径: 20.00mm
2025-08-24 03:38:38,642 - INFO - 👁️ 瞳孔中心: [0.07036409 0.06928157 0.60000002]
2025-08-24 03:38:38,642 - INFO - 📐 眼球中心在瞳孔中心的右0.45mm，下2.53mm，后20.85mm
2025-08-24 03:38:38,642 - INFO - 📏 距离: 21.00mm
2025-08-24 03:38:38,642 - INFO - -----------------------------------------------------------------------------------
2025-08-24 03:38:38,643 - INFO - -----------------------------------------------------------------------------------
2025-08-24 03:38:38,643 - INFO - 🔍 迭代第34次，球心向左2.3662e-09mm，向下3.3019e-08mm，向后5.8671e-07mm，半径变大6.7751e-07mm
2025-08-24 03:38:38,643 - INFO - 📊 变化前: 中心(0.071, 0.072, 0.621), 半径20.00mm
2025-08-24 03:38:38,643 - INFO - 📊 变化后: 中心(0.071, 0.072, 0.621), 半径20.00mm
2025-08-24 03:38:38,643 - INFO - 📈 变化量: 中心移动0.00mm, 半径变化0.00mm
2025-08-24 03:38:38,643 - INFO - 📍 眼球中心: [0.07081049 0.07180899 0.62084649]
2025-08-24 03:38:38,643 - INFO - 📏 眼球半径: 20.00mm
2025-08-24 03:38:38,643 - INFO - 👁️ 瞳孔中心: [0.07036409 0.06928157 0.60000002]
2025-08-24 03:38:38,643 - INFO - 📐 眼球中心在瞳孔中心的右0.45mm，下2.53mm，后20.85mm
2025-08-24 03:38:38,644 - INFO - 📏 距离: 21.00mm
2025-08-24 03:38:38,644 - INFO - -----------------------------------------------------------------------------------
2025-08-24 03:38:38,644 - INFO - -----------------------------------------------------------------------------------
2025-08-24 03:38:38,644 - INFO - 🔍 迭代第35次，球心向左2.3662e-09mm，向下3.3019e-08mm，向后5.8671e-07mm，半径变大6.7751e-07mm
2025-08-24 03:38:38,644 - INFO - 📊 变化前: 中心(0.071, 0.072, 0.621), 半径20.00mm
2025-08-24 03:38:38,644 - INFO - 📊 变化后: 中心(0.071, 0.072, 0.621), 半径20.00mm
2025-08-24 03:38:38,644 - INFO - 📈 变化量: 中心移动0.00mm, 半径变化0.00mm
2025-08-24 03:38:38,644 - INFO - 📍 眼球中心: [0.07081049 0.07180899 0.6208465 ]
2025-08-24 03:38:38,644 - INFO - 📏 眼球半径: 20.00mm
2025-08-24 03:38:38,644 - INFO - 👁️ 瞳孔中心: [0.07036409 0.06928157 0.60000002]
2025-08-24 03:38:38,644 - INFO - 📐 眼球中心在瞳孔中心的右0.45mm，下2.53mm，后20.85mm
2025-08-24 03:38:38,644 - INFO - 📏 距离: 21.00mm
2025-08-24 03:38:38,645 - INFO - -----------------------------------------------------------------------------------
2025-08-24 03:38:38,645 - INFO - -----------------------------------------------------------------------------------
2025-08-24 03:38:38,646 - INFO - 🔍 迭代第36次，球心向左2.3662e-09mm，向下3.3019e-08mm，向后5.8671e-07mm，半径变大6.7751e-07mm
2025-08-24 03:38:38,646 - INFO - 📊 变化前: 中心(0.071, 0.072, 0.621), 半径20.00mm
2025-08-24 03:38:38,646 - INFO - 📊 变化后: 中心(0.071, 0.072, 0.621), 半径20.00mm
2025-08-24 03:38:38,646 - INFO - 📈 变化量: 中心移动0.00mm, 半径变化0.00mm
2025-08-24 03:38:38,646 - INFO - 📍 眼球中心: [0.07081049 0.07180899 0.6208465 ]
2025-08-24 03:38:38,646 - INFO - 📏 眼球半径: 20.00mm
2025-08-24 03:38:38,646 - INFO - 👁️ 瞳孔中心: [0.07036409 0.06928157 0.60000002]
2025-08-24 03:38:38,646 - INFO - 📐 眼球中心在瞳孔中心的右0.45mm，下2.53mm，后20.85mm
2025-08-24 03:38:38,646 - INFO - 📏 距离: 21.00mm
2025-08-24 03:38:38,646 - INFO - -----------------------------------------------------------------------------------
2025-08-24 03:38:38,647 - INFO - -----------------------------------------------------------------------------------
2025-08-24 03:38:38,647 - INFO - 🔍 迭代第37次，球心向左2.3662e-09mm，向下3.3019e-08mm，向后5.8671e-07mm，半径变大6.7751e-07mm
2025-08-24 03:38:38,647 - INFO - 📊 变化前: 中心(0.071, 0.072, 0.621), 半径20.00mm
2025-08-24 03:38:38,647 - INFO - 📊 变化后: 中心(0.071, 0.072, 0.621), 半径20.00mm
2025-08-24 03:38:38,647 - INFO - 📈 变化量: 中心移动0.00mm, 半径变化0.00mm
2025-08-24 03:38:38,647 - INFO - 📍 眼球中心: [0.07081049 0.07180899 0.6208465 ]
2025-08-24 03:38:38,647 - INFO - 📏 眼球半径: 20.00mm
2025-08-24 03:38:38,647 - INFO - 👁️ 瞳孔中心: [0.07036409 0.06928157 0.60000002]
2025-08-24 03:38:38,648 - INFO - 📐 眼球中心在瞳孔中心的右0.45mm，下2.53mm，后20.85mm
2025-08-24 03:38:38,648 - INFO - 📏 距离: 21.00mm
2025-08-24 03:38:38,648 - INFO - -----------------------------------------------------------------------------------
2025-08-24 03:38:38,648 - INFO - -----------------------------------------------------------------------------------
2025-08-24 03:38:38,648 - INFO - 🔍 迭代第38次，球心向左2.3661e-10mm，向下3.3019e-09mm，向后5.8671e-08mm，半径变大6.7751e-08mm
2025-08-24 03:38:38,648 - INFO - 📊 变化前: 中心(0.071, 0.072, 0.621), 半径20.00mm
2025-08-24 03:38:38,649 - INFO - 📊 变化后: 中心(0.071, 0.072, 0.621), 半径20.00mm
2025-08-24 03:38:38,649 - INFO - 📈 变化量: 中心移动0.00mm, 半径变化0.00mm
2025-08-24 03:38:38,649 - INFO - 📍 眼球中心: [0.07081049 0.07180899 0.6208465 ]
2025-08-24 03:38:38,649 - INFO - 📏 眼球半径: 20.00mm
2025-08-24 03:38:38,649 - INFO - 👁️ 瞳孔中心: [0.07036409 0.06928157 0.60000002]
2025-08-24 03:38:38,649 - INFO - 📐 眼球中心在瞳孔中心的右0.45mm，下2.53mm，后20.85mm
2025-08-24 03:38:38,649 - INFO - 📏 距离: 21.00mm
2025-08-24 03:38:38,649 - INFO - -----------------------------------------------------------------------------------
2025-08-24 03:38:38,649 - INFO - -----------------------------------------------------------------------------------
2025-08-24 03:38:38,649 - INFO - 🔍 迭代第39次，球心向左2.3661e-10mm，向下3.3019e-09mm，向后5.8671e-08mm，半径变大6.7751e-08mm
2025-08-24 03:38:38,649 - INFO - 📊 变化前: 中心(0.071, 0.072, 0.621), 半径20.00mm
2025-08-24 03:38:38,649 - INFO - 📊 变化后: 中心(0.071, 0.072, 0.621), 半径20.00mm
2025-08-24 03:38:38,649 - INFO - 📈 变化量: 中心移动0.00mm, 半径变化0.00mm
2025-08-24 03:38:38,654 - INFO - 📍 眼球中心: [0.07081049 0.07180899 0.6208465 ]
2025-08-24 03:38:38,654 - INFO - 📏 眼球半径: 20.00mm
2025-08-24 03:38:38,654 - INFO - 👁️ 瞳孔中心: [0.07036409 0.06928157 0.60000002]
2025-08-24 03:38:38,654 - INFO - 📐 眼球中心在瞳孔中心的右0.45mm，下2.53mm，后20.85mm
2025-08-24 03:38:38,654 - INFO - 📏 距离: 21.00mm
2025-08-24 03:38:38,654 - INFO - -----------------------------------------------------------------------------------
2025-08-24 03:38:38,655 - INFO - -----------------------------------------------------------------------------------
2025-08-24 03:38:38,655 - INFO - 🔍 迭代第40次，球心向左2.3661e-10mm，向下3.3019e-09mm，向后5.8671e-08mm，半径变大6.7751e-08mm
2025-08-24 03:38:38,656 - INFO - 📊 变化前: 中心(0.071, 0.072, 0.621), 半径20.00mm
2025-08-24 03:38:38,656 - INFO - 📊 变化后: 中心(0.071, 0.072, 0.621), 半径20.00mm
2025-08-24 03:38:38,656 - INFO - 📈 变化量: 中心移动0.00mm, 半径变化0.00mm
2025-08-24 03:38:38,656 - INFO - 📍 眼球中心: [0.07081049 0.07180899 0.6208465 ]
2025-08-24 03:38:38,656 - INFO - 📏 眼球半径: 20.00mm
2025-08-24 03:38:38,656 - INFO - 👁️ 瞳孔中心: [0.07036409 0.06928157 0.60000002]
2025-08-24 03:38:38,656 - INFO - 📐 眼球中心在瞳孔中心的右0.45mm，下2.53mm，后20.85mm
2025-08-24 03:38:38,656 - INFO - 📏 距离: 21.00mm
2025-08-24 03:38:38,656 - INFO - -----------------------------------------------------------------------------------
2025-08-24 03:38:38,656 - INFO - -----------------------------------------------------------------------------------
2025-08-24 03:38:38,657 - INFO - 🔍 迭代第41次，球心向左2.3661e-10mm，向下3.3019e-09mm，向后5.8671e-08mm，半径变大6.7751e-08mm
2025-08-24 03:38:38,657 - INFO - 📊 变化前: 中心(0.071, 0.072, 0.621), 半径20.00mm
2025-08-24 03:38:38,657 - INFO - 📊 变化后: 中心(0.071, 0.072, 0.621), 半径20.00mm
2025-08-24 03:38:38,657 - INFO - 📈 变化量: 中心移动0.00mm, 半径变化0.00mm
2025-08-24 03:38:38,657 - INFO - 📍 眼球中心: [0.07081049 0.07180899 0.6208465 ]
2025-08-24 03:38:38,657 - INFO - 📏 眼球半径: 20.00mm
2025-08-24 03:38:38,657 - INFO - 👁️ 瞳孔中心: [0.07036409 0.06928157 0.60000002]
2025-08-24 03:38:38,657 - INFO - 📐 眼球中心在瞳孔中心的右0.45mm，下2.53mm，后20.85mm
2025-08-24 03:38:38,657 - INFO - 📏 距离: 21.00mm
2025-08-24 03:38:38,657 - INFO - -----------------------------------------------------------------------------------
2025-08-24 03:38:38,658 - INFO - -----------------------------------------------------------------------------------
2025-08-24 03:38:38,658 - INFO - 🔍 迭代第42次，球心向左2.3661e-11mm，向下3.3019e-10mm，向后5.8671e-09mm，半径变大6.7751e-09mm
2025-08-24 03:38:38,658 - INFO - 📊 变化前: 中心(0.071, 0.072, 0.621), 半径20.00mm
2025-08-24 03:38:38,658 - INFO - 📊 变化后: 中心(0.071, 0.072, 0.621), 半径20.00mm
2025-08-24 03:38:38,658 - INFO - 📈 变化量: 中心移动0.00mm, 半径变化0.00mm
2025-08-24 03:38:38,658 - INFO - 📍 眼球中心: [0.07081049 0.07180899 0.6208465 ]
2025-08-24 03:38:38,658 - INFO - 📏 眼球半径: 20.00mm
2025-08-24 03:38:38,658 - INFO - 👁️ 瞳孔中心: [0.07036409 0.06928157 0.60000002]
2025-08-24 03:38:38,658 - INFO - 📐 眼球中心在瞳孔中心的右0.45mm，下2.53mm，后20.85mm
2025-08-24 03:38:38,658 - INFO - 📏 距离: 21.00mm
2025-08-24 03:38:38,658 - INFO - -----------------------------------------------------------------------------------
2025-08-24 03:38:38,658 - INFO - -----------------------------------------------------------------------------------
2025-08-24 03:38:38,658 - INFO - 🔍 迭代第43次，球心向左2.3661e-11mm，向下3.3019e-10mm，向后5.8671e-09mm，半径变大6.7751e-09mm
2025-08-24 03:38:38,658 - INFO - 📊 变化前: 中心(0.071, 0.072, 0.621), 半径20.00mm
2025-08-24 03:38:38,658 - INFO - 📊 变化后: 中心(0.071, 0.072, 0.621), 半径20.00mm
2025-08-24 03:38:38,658 - INFO - 📈 变化量: 中心移动0.00mm, 半径变化0.00mm
2025-08-24 03:38:38,658 - INFO - 📍 眼球中心: [0.07081049 0.07180899 0.6208465 ]
2025-08-24 03:38:38,661 - INFO - 📏 眼球半径: 20.00mm
2025-08-24 03:38:38,661 - INFO - 👁️ 瞳孔中心: [0.07036409 0.06928157 0.60000002]
2025-08-24 03:38:38,661 - INFO - 📐 眼球中心在瞳孔中心的右0.45mm，下2.53mm，后20.85mm
2025-08-24 03:38:38,661 - INFO - 📏 距离: 21.00mm
2025-08-24 03:38:38,661 - INFO - -----------------------------------------------------------------------------------
2025-08-24 03:38:38,661 - INFO - -----------------------------------------------------------------------------------
2025-08-24 03:38:38,661 - INFO - 🔍 迭代第44次，球心向左2.3661e-11mm，向下3.3019e-10mm，向后5.8671e-09mm，半径变大6.7751e-09mm
2025-08-24 03:38:38,661 - INFO - 📊 变化前: 中心(0.071, 0.072, 0.621), 半径20.00mm
2025-08-24 03:38:38,661 - INFO - 📊 变化后: 中心(0.071, 0.072, 0.621), 半径20.00mm
2025-08-24 03:38:38,661 - INFO - 📈 变化量: 中心移动0.00mm, 半径变化0.00mm
2025-08-24 03:38:38,662 - INFO - 📍 眼球中心: [0.07081049 0.07180899 0.6208465 ]
2025-08-24 03:38:38,662 - INFO - 📏 眼球半径: 20.00mm
2025-08-24 03:38:38,662 - INFO - 👁️ 瞳孔中心: [0.07036409 0.06928157 0.60000002]
2025-08-24 03:38:38,662 - INFO - 📐 眼球中心在瞳孔中心的右0.45mm，下2.53mm，后20.85mm
2025-08-24 03:38:38,662 - INFO - 📏 距离: 21.00mm
2025-08-24 03:38:38,662 - INFO - -----------------------------------------------------------------------------------
2025-08-24 03:38:38,662 - INFO - -----------------------------------------------------------------------------------
2025-08-24 03:38:38,662 - INFO - 🔍 迭代第45次，球心向左2.3661e-11mm，向下3.3019e-10mm，向后5.8671e-09mm，半径变大6.7751e-09mm
2025-08-24 03:38:38,662 - INFO - 📊 变化前: 中心(0.071, 0.072, 0.621), 半径20.00mm
2025-08-24 03:38:38,663 - INFO - 📊 变化后: 中心(0.071, 0.072, 0.621), 半径20.00mm
2025-08-24 03:38:38,663 - INFO - 📈 变化量: 中心移动0.00mm, 半径变化0.00mm
2025-08-24 03:38:38,663 - INFO - 📍 眼球中心: [0.07081049 0.07180899 0.6208465 ]
2025-08-24 03:38:38,663 - INFO - 📏 眼球半径: 20.00mm
2025-08-24 03:38:38,663 - INFO - 👁️ 瞳孔中心: [0.07036409 0.06928157 0.60000002]
2025-08-24 03:38:38,663 - INFO - 📐 眼球中心在瞳孔中心的右0.45mm，下2.53mm，后20.85mm
2025-08-24 03:38:38,663 - INFO - 📏 距离: 21.00mm
2025-08-24 03:38:38,663 - INFO - -----------------------------------------------------------------------------------
2025-08-24 03:38:38,663 - INFO - -----------------------------------------------------------------------------------
2025-08-24 03:38:38,664 - INFO - 🔍 迭代第46次，球心向左2.3661e-11mm，向下3.3019e-10mm，向后5.8671e-09mm，半径变大6.7751e-09mm
2025-08-24 03:38:38,664 - INFO - 📊 变化前: 中心(0.071, 0.072, 0.621), 半径20.00mm
2025-08-24 03:38:38,664 - INFO - 📊 变化后: 中心(0.071, 0.072, 0.621), 半径20.00mm
2025-08-24 03:38:38,664 - INFO - 📈 变化量: 中心移动0.00mm, 半径变化0.00mm
2025-08-24 03:38:38,664 - INFO - 📍 眼球中心: [0.07081049 0.07180899 0.6208465 ]
2025-08-24 03:38:38,664 - INFO - 📏 眼球半径: 20.00mm
2025-08-24 03:38:38,664 - INFO - 👁️ 瞳孔中心: [0.07036409 0.06928157 0.60000002]
2025-08-24 03:38:38,664 - INFO - 📐 眼球中心在瞳孔中心的右0.45mm，下2.53mm，后20.85mm
2025-08-24 03:38:38,664 - INFO - 📏 距离: 21.00mm
2025-08-24 03:38:38,664 - INFO - -----------------------------------------------------------------------------------
2025-08-24 03:38:38,665 - INFO - -----------------------------------------------------------------------------------
2025-08-24 03:38:38,665 - INFO - 🔍 迭代第47次，球心向左2.3661e-11mm，向下3.3019e-10mm，向后5.8671e-09mm，半径变大6.7751e-09mm
2025-08-24 03:38:38,665 - INFO - 📊 变化前: 中心(0.071, 0.072, 0.621), 半径20.00mm
2025-08-24 03:38:38,665 - INFO - 📊 变化后: 中心(0.071, 0.072, 0.621), 半径20.00mm
2025-08-24 03:38:38,666 - INFO - 📈 变化量: 中心移动0.00mm, 半径变化0.00mm
2025-08-24 03:38:38,666 - INFO - 📍 眼球中心: [0.07081049 0.07180899 0.6208465 ]
2025-08-24 03:38:38,666 - INFO - 📏 眼球半径: 20.00mm
2025-08-24 03:38:38,666 - INFO - 👁️ 瞳孔中心: [0.07036409 0.06928157 0.60000002]
2025-08-24 03:38:38,666 - INFO - 📐 眼球中心在瞳孔中心的右0.45mm，下2.53mm，后20.85mm
2025-08-24 03:38:38,666 - INFO - 📏 距离: 21.00mm
2025-08-24 03:38:38,666 - INFO - -----------------------------------------------------------------------------------
2025-08-24 03:38:38,666 - INFO - -----------------------------------------------------------------------------------
2025-08-24 03:38:38,666 - INFO - 🔍 迭代第48次，球心向左2.3661e-11mm，向下3.3019e-10mm，向后5.8671e-09mm，半径变大6.7751e-09mm
2025-08-24 03:38:38,669 - INFO - 📊 变化前: 中心(0.071, 0.072, 0.621), 半径20.00mm
2025-08-24 03:38:38,669 - INFO - 📊 变化后: 中心(0.071, 0.072, 0.621), 半径20.00mm
2025-08-24 03:38:38,669 - INFO - 📈 变化量: 中心移动0.00mm, 半径变化0.00mm
2025-08-24 03:38:38,669 - INFO - 📍 眼球中心: [0.07081049 0.07180899 0.6208465 ]
2025-08-24 03:38:38,669 - INFO - 📏 眼球半径: 20.00mm
2025-08-24 03:38:38,669 - INFO - 👁️ 瞳孔中心: [0.07036409 0.06928157 0.60000002]
2025-08-24 03:38:38,671 - INFO - 📐 眼球中心在瞳孔中心的右0.45mm，下2.53mm，后20.85mm
2025-08-24 03:38:38,671 - INFO - 📏 距离: 21.00mm
2025-08-24 03:38:38,671 - INFO - -----------------------------------------------------------------------------------
2025-08-24 03:38:38,671 - INFO - -----------------------------------------------------------------------------------
2025-08-24 03:38:38,671 - INFO - 🔍 迭代第49次，球心向左2.3661e-12mm，向下3.3019e-11mm，向后5.8671e-10mm，半径变大6.7751e-10mm
2025-08-24 03:38:38,673 - INFO - 📊 变化前: 中心(0.071, 0.072, 0.621), 半径20.00mm
2025-08-24 03:38:38,673 - INFO - 📊 变化后: 中心(0.071, 0.072, 0.621), 半径20.00mm
2025-08-24 03:38:38,673 - INFO - 📈 变化量: 中心移动0.00mm, 半径变化0.00mm
2025-08-24 03:38:38,673 - INFO - 📍 眼球中心: [0.07081049 0.07180899 0.6208465 ]
2025-08-24 03:38:38,673 - INFO - 📏 眼球半径: 20.00mm
2025-08-24 03:38:38,673 - INFO - 👁️ 瞳孔中心: [0.07036409 0.06928157 0.60000002]
2025-08-24 03:38:38,673 - INFO - 📐 眼球中心在瞳孔中心的右0.45mm，下2.53mm，后20.85mm
2025-08-24 03:38:38,674 - INFO - 📏 距离: 21.00mm
2025-08-24 03:38:38,674 - INFO - -----------------------------------------------------------------------------------
2025-08-24 03:38:38,674 - WARNING - ⚠️ LM达到最大迭代次数: 50
2025-08-24 03:38:38,674 - WARNING - ⚠️ LM优化未收敛: 参数变化8.97e-13 参数变化阈值1e-06，残差变化inf 残差变化阈值1e-08
2025-08-24 03:38:38,674 - WARNING - ⚠️ LM优化未收敛: 达到最大迭代次数50
2025-08-24 03:38:38,674 - WARNING - ⚠️ 其中最后一次半径有效性为True，几何空间分布良好性为False
2025-08-24 03:38:38,674 - WARNING - ⚠️ LM达到最大迭代次数: 50
2025-08-24 03:38:38,674 - WARNING - ⚠️ LM优化未收敛: 参数变化8.97e-13 参数变化阈值1e-06，残差变化1.36e-02 残差变化阈值1e-08
2025-08-24 03:38:38,674 - INFO - ✅ 优化完成: 最终中心点=(0.071, 0.072, 0.621), 半径=0.020m
2025-08-24 03:38:38,674 - INFO - 拟合完成 - 拟合结果:
  📍 中心点: (0.071, 0.072, 0.621)
  📏 半径: 0.02mm
  🔄 收敛状态: ✗ 未收敛
  📊 内点比例: 100.0% (21/21)
  🎯 质量分数: 0.000
  📈 迭代次数: 49
  📉 最终残差: 1.69e-02
⚠️  警告: 迭代1: 参数无效; 迭代2: 参数无效; 迭代5: 参数无效; 迭代7: 参数无效; 迭代8: 参数无效; 迭代9: 参数无效; 迭代15: 参数无效; 迭代19: 参数无效; 迭代25: 参数无效; 迭代33: 参数无效; 迭代37: 参数无效; 迭代41: 参数无效; 迭代48: 参数无效
2025-08-24 03:38:38,675 - DEBUG - left眼拟合完成: shape=椭球参数 (球体):
  📏 主轴长度: (0.020, 0.020, 0.020) m
  📍 中心坐标: (0.071, 0.072, 0.621) m
  🔄 旋转矩阵: 3x3 单位矩阵, center=[0.07081049 0.07180899 0.6208465 ]
2025-08-24 03:38:38,675 - DEBUG - 左眼拟合完成
2025-08-24 03:38:38,675 - DEBUG - _fit_one_eye开始: eye_key=right
2025-08-24 03:38:38,675 - DEBUG - 更新trials_times: 2
2025-08-24 03:38:38,675 - DEBUG - 开始提取right眼关键点坐标
2025-08-24 03:38:38,675 - DEBUG - _extract_eye_key_coordinates开始: eye_key=right
2025-08-24 03:38:38,677 - DEBUG - self._key_coordinates: {'pupil_center': {'left': array([0.07036409, 0.06928157, 0.60000002, 1.        ]), 'right': array([-0.00649515,  0.06928157,  0.60000002,  1.        ])}, 'iris_boundaries': {'left': [array([0.07810501, 0.07122346, 0.60000002, 1.        ]), array([0.07132007, 0.06410713, 0.60000002, 1.        ]), array([0.06350986, 0.06943682, 0.60000002, 1.        ]), array([0.07022518, 0.07663913, 0.60000002, 1.        ])], 'right': [array([0.00135311, 0.06960788, 0.60000002, 1.        ]), array([-0.00610948,  0.06397098,  0.60000002,  1.        ]), array([-0.01330724,  0.07015517,  0.60000002,  1.        ]), array([-0.00579817,  0.07565796,  0.60000002,  1.        ])]}, 'eyes_contours': {'left': [array([0.05442693, 0.07042418, 0.59999996, 1.        ]), array([0.05636388, 0.06877673, 0.60000002, 1.        ]), array([0.06065451, 0.06641201, 0.60000002, 1.        ]), array([0.06662074, 0.06515929, 0.60000002, 1.        ]), array([0.07253733, 0.06551366, 0.60000002, 1.        ]), array([0.07841531, 0.06714805, 0.60000008, 1.        ]), array([0.08230034, 0.0692055 , 0.60000002, 1.        ]), array([0.08469987, 0.07078928, 0.60000002, 1.        ]), array([0.08676396, 0.07225914, 0.60000002, 1.        ]), array([0.08393224, 0.07382099, 0.60000002, 1.        ]), array([0.08101994, 0.07466707, 0.60000002, 1.        ]), array([0.0770294 , 0.07527262, 0.60000002, 1.        ]), array([0.07110955, 0.07524914, 0.60000002, 1.        ]), array([0.06535723, 0.07438197, 0.60000002, 1.        ]), array([0.0599779 , 0.07279971, 0.60000002, 1.        ]), array([0.05637139, 0.07155915, 0.59999996, 1.        ])], 'right': [array([-0.02098147,  0.07093859,  0.60000002,  1.        ]), array([-0.01855402,  0.07236921,  0.60000002,  1.        ]), array([-0.01591971,  0.07320971,  0.60000002,  1.        ]), array([-0.01214706,  0.07406721,  0.60000002,  1.        ]), array([-0.00641233,  0.07446324,  0.60000002,  1.        ]), array([-6.41827973e-04,  7.38602561e-02,  5.99999964e-01,  1.00000000e+00]), array([0.00483821, 0.07241524, 0.60000002, 1.        ]), array([0.0085778 , 0.07135348, 0.60000002, 1.        ]), array([0.0107173 , 0.07048981, 0.60000002, 1.        ]), array([0.00889974, 0.06905386, 0.60000002, 1.        ]), array([0.00480261, 0.06745875, 0.60000002, 1.        ]), array([-0.00105951,  0.06667768,  0.60000002,  1.        ]), array([-0.00653409,  0.06665294,  0.60000002,  1.        ]), array([-0.01228965,  0.06752927,  0.60000002,  1.        ]), array([-0.01632339,  0.06883793,  0.60000002,  1.        ]), array([-0.01886376,  0.06989987,  0.60000002,  1.        ])]}, 'eye_sockets': {'left': [array([0.10485593, 0.05450244, 0.60000002, 1.        ]), array([0.09721562, 0.04342861, 0.60000008, 1.        ]), array([0.0855453 , 0.03639376, 0.60000002, 1.        ]), array([0.07016881, 0.03374203, 0.60000002, 1.        ]), array([0.05243589, 0.03431716, 0.60000002, 1.        ]), array([0.04977959, 0.04430323, 0.60000002, 1.        ]), array([0.06856772, 0.03930267, 0.60000002, 1.        ]), array([0.08227288, 0.04096849, 0.60000002, 1.        ]), array([0.09235688, 0.04670753, 0.60000002, 1.        ]), array([0.09959569, 0.05538293, 0.60000002, 1.        ])], 'right': [array([-0.03470821,  0.0520122 ,  0.60000002,  1.        ]), array([-0.02659666,  0.04313775,  0.60000002,  1.        ]), array([-0.0149647 ,  0.03768721,  0.60000002,  1.        ]), array([-1.88553117e-04,  3.63291806e-02,  6.00000024e-01,  1.00000000e+00]), array([0.0169614 , 0.0375435 , 0.60000002, 1.        ]), array([0.01840354, 0.04753982, 0.60000002, 1.        ]), array([5.89651764e-04, 4.22160765e-02, 6.00000024e-01, 1.00000000e+00]), array([-0.01271369,  0.04292173,  0.60000002,  1.        ]), array([-0.02281811,  0.04719279,  0.60000002,  1.        ]), array([-0.03038076,  0.05414191,  0.60000002,  1.        ])]}, 'eyelid_points': {'left': [array([0.11057183, 0.10107277, 0.60000002, 1.        ]), array([0.09574496, 0.09426317, 0.59999996, 1.        ]), array([0.08520499, 0.094967  , 0.60000002, 1.        ]), array([0.07105929, 0.09161012, 0.60000002, 1.        ]), array([0.06129735, 0.0872104 , 0.60000002, 1.        ]), array([0.05387061, 0.08270777, 0.60000002, 1.        ]), array([0.05337404, 0.09493241, 0.60000002, 1.        ]), array([0.05954413, 0.10202362, 0.60000002, 1.        ]), array([0.06805343, 0.10882219, 0.60000002, 1.        ]), array([0.07956338, 0.11928052, 0.59999996, 1.        ])], 'right': [array([-0.04496812,  0.09330623,  0.60000002,  1.        ]), array([-0.03235268,  0.08946009,  0.60000002,  1.        ]), array([-0.02288212,  0.09103892,  0.60000008,  1.        ]), array([-0.00895272,  0.08938582,  0.60000002,  1.        ]), array([0.00129509, 0.08616685, 0.60000002, 1.        ]), array([0.00939747, 0.08227782, 0.60000002, 1.        ]), array([0.01063975, 0.09288174, 0.60000002, 1.        ]), array([0.00407978, 0.09932494, 0.60000002, 1.        ]), array([-0.00468118,  0.10528421,  0.60000002,  1.        ]), array([-0.01659763,  0.11465408,  0.60000002,  1.        ])]}}
2025-08-24 03:38:38,679 - DEBUG - 提取瞳孔中心
2025-08-24 03:38:38,679 - DEBUG - pupil_center: {'left': array([0.07036409, 0.06928157, 0.60000002, 1.        ]), 'right': array([-0.00649515,  0.06928157,  0.60000002,  1.        ])}
2025-08-24 03:38:38,679 - DEBUG - pupil_center类型: <class 'dict'>
2025-08-24 03:38:38,679 - DEBUG - eye_pupil: [-0.00649515  0.06928157  0.60000002  1.        ]
2025-08-24 03:38:38,679 - DEBUG - eye_pupil类型: <class 'numpy.ndarray'>
2025-08-24 03:38:38,679 - DEBUG - eye_pupil形状: (4,)
2025-08-24 03:38:38,679 - DEBUG - 提取虹膜边界
2025-08-24 03:38:38,680 - DEBUG - iris_boundaries: {'left': [array([0.07810501, 0.07122346, 0.60000002, 1.        ]), array([0.07132007, 0.06410713, 0.60000002, 1.        ]), array([0.06350986, 0.06943682, 0.60000002, 1.        ]), array([0.07022518, 0.07663913, 0.60000002, 1.        ])], 'right': [array([0.00135311, 0.06960788, 0.60000002, 1.        ]), array([-0.00610948,  0.06397098,  0.60000002,  1.        ]), array([-0.01330724,  0.07015517,  0.60000002,  1.        ]), array([-0.00579817,  0.07565796,  0.60000002,  1.        ])]}
2025-08-24 03:38:38,680 - DEBUG - iris_boundaries类型: <class 'dict'>
2025-08-24 03:38:38,680 - DEBUG - eye_iris: [array([0.00135311, 0.06960788, 0.60000002, 1.        ]), array([-0.00610948,  0.06397098,  0.60000002,  1.        ]), array([-0.01330724,  0.07015517,  0.60000002,  1.        ]), array([-0.00579817,  0.07565796,  0.60000002,  1.        ])]
2025-08-24 03:38:38,681 - DEBUG - eye_iris类型: <class 'list'>
2025-08-24 03:38:38,681 - DEBUG - eye_iris长度: 4
2025-08-24 03:38:38,681 - DEBUG - 第一个元素类型: <class 'numpy.ndarray'>
2025-08-24 03:38:38,681 - DEBUG - 第一个元素形状: (4,)
2025-08-24 03:38:38,681 - DEBUG - 提取眼睛轮廓
2025-08-24 03:38:38,682 - DEBUG - eyes_contours: {'left': [array([0.05442693, 0.07042418, 0.59999996, 1.        ]), array([0.05636388, 0.06877673, 0.60000002, 1.        ]), array([0.06065451, 0.06641201, 0.60000002, 1.        ]), array([0.06662074, 0.06515929, 0.60000002, 1.        ]), array([0.07253733, 0.06551366, 0.60000002, 1.        ]), array([0.07841531, 0.06714805, 0.60000008, 1.        ]), array([0.08230034, 0.0692055 , 0.60000002, 1.        ]), array([0.08469987, 0.07078928, 0.60000002, 1.        ]), array([0.08676396, 0.07225914, 0.60000002, 1.        ]), array([0.08393224, 0.07382099, 0.60000002, 1.        ]), array([0.08101994, 0.07466707, 0.60000002, 1.        ]), array([0.0770294 , 0.07527262, 0.60000002, 1.        ]), array([0.07110955, 0.07524914, 0.60000002, 1.        ]), array([0.06535723, 0.07438197, 0.60000002, 1.        ]), array([0.0599779 , 0.07279971, 0.60000002, 1.        ]), array([0.05637139, 0.07155915, 0.59999996, 1.        ])], 'right': [array([-0.02098147,  0.07093859,  0.60000002,  1.        ]), array([-0.01855402,  0.07236921,  0.60000002,  1.        ]), array([-0.01591971,  0.07320971,  0.60000002,  1.        ]), array([-0.01214706,  0.07406721,  0.60000002,  1.        ]), array([-0.00641233,  0.07446324,  0.60000002,  1.        ]), array([-6.41827973e-04,  7.38602561e-02,  5.99999964e-01,  1.00000000e+00]), array([0.00483821, 0.07241524, 0.60000002, 1.        ]), array([0.0085778 , 0.07135348, 0.60000002, 1.        ]), array([0.0107173 , 0.07048981, 0.60000002, 1.        ]), array([0.00889974, 0.06905386, 0.60000002, 1.        ]), array([0.00480261, 0.06745875, 0.60000002, 1.        ]), array([-0.00105951,  0.06667768,  0.60000002,  1.        ]), array([-0.00653409,  0.06665294,  0.60000002,  1.        ]), array([-0.01228965,  0.06752927,  0.60000002,  1.        ]), array([-0.01632339,  0.06883793,  0.60000002,  1.        ]), array([-0.01886376,  0.06989987,  0.60000002,  1.        ])]}
2025-08-24 03:38:38,683 - DEBUG - eyes_contours类型: <class 'dict'>
2025-08-24 03:38:38,683 - DEBUG - eye_contour: [array([-0.02098147,  0.07093859,  0.60000002,  1.        ]), array([-0.01855402,  0.07236921,  0.60000002,  1.        ]), array([-0.01591971,  0.07320971,  0.60000002,  1.        ]), array([-0.01214706,  0.07406721,  0.60000002,  1.        ]), array([-0.00641233,  0.07446324,  0.60000002,  1.        ]), array([-6.41827973e-04,  7.38602561e-02,  5.99999964e-01,  1.00000000e+00]), array([0.00483821, 0.07241524, 0.60000002, 1.        ]), array([0.0085778 , 0.07135348, 0.60000002, 1.        ]), array([0.0107173 , 0.07048981, 0.60000002, 1.        ]), array([0.00889974, 0.06905386, 0.60000002, 1.        ]), array([0.00480261, 0.06745875, 0.60000002, 1.        ]), array([-0.00105951,  0.06667768,  0.60000002,  1.        ]), array([-0.00653409,  0.06665294,  0.60000002,  1.        ]), array([-0.01228965,  0.06752927,  0.60000002,  1.        ]), array([-0.01632339,  0.06883793,  0.60000002,  1.        ]), array([-0.01886376,  0.06989987,  0.60000002,  1.        ])]
2025-08-24 03:38:38,684 - DEBUG - eye_contour类型: <class 'list'>
2025-08-24 03:38:38,684 - DEBUG - eye_contour长度: 16
2025-08-24 03:38:38,684 - DEBUG - 第一个元素类型: <class 'numpy.ndarray'>
2025-08-24 03:38:38,684 - DEBUG - 第一个元素形状: (4,)
2025-08-24 03:38:38,685 - DEBUG - _extract_eye_key_coordinates完成: {'pupil_center': array([-0.00649515,  0.06928157,  0.60000002,  1.        ]), 'iris_boundaries': [array([0.00135311, 0.06960788, 0.60000002, 1.        ]), array([-0.00610948,  0.06397098,  0.60000002,  1.        ]), array([-0.01330724,  0.07015517,  0.60000002,  1.        ]), array([-0.00579817,  0.07565796,  0.60000002,  1.        ])], 'eyes_contours': [array([-0.02098147,  0.07093859,  0.60000002,  1.        ]), array([-0.01855402,  0.07236921,  0.60000002,  1.        ]), array([-0.01591971,  0.07320971,  0.60000002,  1.        ]), array([-0.01214706,  0.07406721,  0.60000002,  1.        ]), array([-0.00641233,  0.07446324,  0.60000002,  1.        ]), array([-6.41827973e-04,  7.38602561e-02,  5.99999964e-01,  1.00000000e+00]), array([0.00483821, 0.07241524, 0.60000002, 1.        ]), array([0.0085778 , 0.07135348, 0.60000002, 1.        ]), array([0.0107173 , 0.07048981, 0.60000002, 1.        ]), array([0.00889974, 0.06905386, 0.60000002, 1.        ]), array([0.00480261, 0.06745875, 0.60000002, 1.        ]), array([-0.00105951,  0.06667768,  0.60000002,  1.        ]), array([-0.00653409,  0.06665294,  0.60000002,  1.        ]), array([-0.01228965,  0.06752927,  0.60000002,  1.        ]), array([-0.01632339,  0.06883793,  0.60000002,  1.        ]), array([-0.01886376,  0.06989987,  0.60000002,  1.        ])]}
2025-08-24 03:38:38,687 - DEBUG - right眼关键点坐标: {'pupil_center': array([-0.00649515,  0.06928157,  0.60000002,  1.        ]), 'iris_boundaries': [array([0.00135311, 0.06960788, 0.60000002, 1.        ]), array([-0.00610948,  0.06397098,  0.60000002,  1.        ]), array([-0.01330724,  0.07015517,  0.60000002,  1.        ]), array([-0.00579817,  0.07565796,  0.60000002,  1.        ])], 'eyes_contours': [array([-0.02098147,  0.07093859,  0.60000002,  1.        ]), array([-0.01855402,  0.07236921,  0.60000002,  1.        ]), array([-0.01591971,  0.07320971,  0.60000002,  1.        ]), array([-0.01214706,  0.07406721,  0.60000002,  1.        ]), array([-0.00641233,  0.07446324,  0.60000002,  1.        ]), array([-6.41827973e-04,  7.38602561e-02,  5.99999964e-01,  1.00000000e+00]), array([0.00483821, 0.07241524, 0.60000002, 1.        ]), array([0.0085778 , 0.07135348, 0.60000002, 1.        ]), array([0.0107173 , 0.07048981, 0.60000002, 1.        ]), array([0.00889974, 0.06905386, 0.60000002, 1.        ]), array([0.00480261, 0.06745875, 0.60000002, 1.        ]), array([-0.00105951,  0.06667768,  0.60000002,  1.        ]), array([-0.00653409,  0.06665294,  0.60000002,  1.        ]), array([-0.01228965,  0.06752927,  0.60000002,  1.        ]), array([-0.01632339,  0.06883793,  0.60000002,  1.        ]), array([-0.01886376,  0.06989987,  0.60000002,  1.        ])]}
2025-08-24 03:38:38,688 - DEBUG - 调用center_fitter进行拟合
2025-08-24 03:38:38,688 - INFO - 🔍 开始眼球拟合: trials_times=2, strategy=None
2025-08-24 03:38:38,688 - INFO - 📋 数据预处理完成: 总点数=21, 平均visibility=1.000
2025-08-24 03:38:38,688 - INFO -   📍 pupil_center: 1点, 平均visibility=1.000
2025-08-24 03:38:38,688 - INFO -   📍 iris_boundaries: 4点, 平均visibility=1.000
2025-08-24 03:38:38,688 - INFO -   📍 eyes_contours: 16点, 平均visibility=1.000
2025-08-24 03:38:38,688 - INFO - 📊 自动选择拟合策略: constrained_lm
2025-08-24 03:38:38,688 - INFO - 🚀 执行拟合策略: constrained_lm
2025-08-24 03:38:38,688 - INFO - 📊 全部采样完成: 采样点数=21
2025-08-24 03:38:38,689 - INFO - 📊 使用全部采样策略: 21个点
2025-08-24 03:38:38,689 - INFO - 🔄 开始约束LM优化...
2025-08-24 03:38:38,689 - INFO - 🔧 开始参数初始化...
2025-08-24 03:38:38,689 - INFO - 🔍 虹膜边界点数量: 4
2025-08-24 03:38:38,689 - INFO - 🔧 开始2D圆拟合...
2025-08-24 03:38:38,689 - INFO - 🔍 中值距离+半径: 0.013m，2D半径: 0.006m，使用虹膜深度偏移
2025-08-24 03:38:38,689 - INFO - ✅ 智能初始化完成: 2D圆心=(-0.005, 0.070), 3D球心=(-0.005, 0.070, 0.611)
2025-08-24 03:38:38,689 - INFO - 📏 2D半径=0.006m, 3D半径=0.012m, 深度偏移=0.011m
2025-08-24 03:38:38,689 - INFO - 📍 初始中心点: (-0.005, 0.070, 0.611)
2025-08-24 03:38:38,689 - INFO - 📏 初始半径: 0.012m
2025-08-24 03:38:38,690 - INFO - ⚙️ 创建约束LM优化器...
2025-08-24 03:38:38,690 - INFO - 🔄 约束LM优化开始: 最大迭代次数=50
2025-08-24 03:38:38,690 - INFO - -----------------------------------------------------------------------------------
2025-08-24 03:38:38,690 - INFO - 🔍 迭代第0次，球心向左1.6136e-09mm，向下1.1944e-09mm，向后9.7765e-09mm，半径变小8.9702e-09mm
2025-08-24 03:38:38,690 - INFO - 📊 变化前: 中心(-0.005, 0.070, 0.611), 半径12.00mm
2025-08-24 03:38:38,691 - INFO - 📊 变化后: 中心(-0.005, 0.070, 0.611), 半径12.00mm
2025-08-24 03:38:38,691 - INFO - 📈 变化量: 中心移动0.00mm, 半径变化0.00mm
2025-08-24 03:38:38,691 - INFO - 📍 眼球中心: [-0.00463666  0.06977939  0.61136733]
2025-08-24 03:38:38,691 - INFO - 📏 眼球半径: 12.00mm
2025-08-24 03:38:38,691 - INFO - 👁️ 瞳孔中心: [-0.00649515  0.06928157  0.60000002]
2025-08-24 03:38:38,691 - INFO - 📐 眼球中心在瞳孔中心的右1.86mm，下0.50mm，后11.37mm
2025-08-24 03:38:38,691 - INFO - 📏 距离: 11.53mm
2025-08-24 03:38:38,691 - INFO - -----------------------------------------------------------------------------------
2025-08-24 03:38:38,691 - INFO - -----------------------------------------------------------------------------------
2025-08-24 03:38:38,692 - INFO - 🔍 迭代第1次，球心向左1.6136e-09mm，向下1.1944e-09mm，向后9.7765e-09mm，半径变小8.9702e-09mm
2025-08-24 03:38:38,692 - INFO - 📊 变化前: 中心(-0.005, 0.070, 0.611), 半径12.00mm
2025-08-24 03:38:38,692 - INFO - 📊 变化后: 中心(-0.005, 0.070, 0.611), 半径12.00mm
2025-08-24 03:38:38,692 - INFO - 📈 变化量: 中心移动0.00mm, 半径变化0.00mm
2025-08-24 03:38:38,692 - INFO - 📍 眼球中心: [-0.00463666  0.06977939  0.61136733]
2025-08-24 03:38:38,692 - INFO - 📏 眼球半径: 12.00mm
2025-08-24 03:38:38,693 - INFO - 👁️ 瞳孔中心: [-0.00649515  0.06928157  0.60000002]
2025-08-24 03:38:38,693 - INFO - 📐 眼球中心在瞳孔中心的右1.86mm，下0.50mm，后11.37mm
2025-08-24 03:38:38,693 - INFO - 📏 距离: 11.53mm
2025-08-24 03:38:38,693 - INFO - -----------------------------------------------------------------------------------
2025-08-24 03:38:38,693 - INFO - -----------------------------------------------------------------------------------
2025-08-24 03:38:38,693 - INFO - 🔍 迭代第2次，球心向左1.6136e-09mm，向下1.1944e-09mm，向后9.7765e-09mm，半径变小8.9702e-09mm
2025-08-24 03:38:38,694 - INFO - 📊 变化前: 中心(-0.005, 0.070, 0.611), 半径12.00mm
2025-08-24 03:38:38,694 - INFO - 📊 变化后: 中心(-0.005, 0.070, 0.611), 半径12.00mm
2025-08-24 03:38:38,694 - INFO - 📈 变化量: 中心移动0.00mm, 半径变化0.00mm
2025-08-24 03:38:38,694 - INFO - 📍 眼球中心: [-0.00463666  0.06977939  0.61136733]
2025-08-24 03:38:38,694 - INFO - 📏 眼球半径: 12.00mm
2025-08-24 03:38:38,694 - INFO - 👁️ 瞳孔中心: [-0.00649515  0.06928157  0.60000002]
2025-08-24 03:38:38,694 - INFO - 📐 眼球中心在瞳孔中心的右1.86mm，下0.50mm，后11.37mm
2025-08-24 03:38:38,694 - INFO - 📏 距离: 11.53mm
2025-08-24 03:38:38,694 - INFO - -----------------------------------------------------------------------------------
2025-08-24 03:38:38,695 - INFO - -----------------------------------------------------------------------------------
2025-08-24 03:38:38,696 - INFO - 🔍 迭代第3次，球心向左1.6136e-09mm，向下1.1944e-09mm，向后9.7765e-09mm，半径变小8.9702e-09mm
2025-08-24 03:38:38,696 - INFO - 📊 变化前: 中心(-0.005, 0.070, 0.611), 半径12.00mm
2025-08-24 03:38:38,696 - INFO - 📊 变化后: 中心(-0.005, 0.070, 0.611), 半径12.00mm
2025-08-24 03:38:38,696 - INFO - 📈 变化量: 中心移动0.00mm, 半径变化0.00mm
2025-08-24 03:38:38,696 - INFO - 📍 眼球中心: [-0.00463666  0.06977939  0.61136733]
2025-08-24 03:38:38,696 - INFO - 📏 眼球半径: 12.00mm
2025-08-24 03:38:38,696 - INFO - 👁️ 瞳孔中心: [-0.00649515  0.06928157  0.60000002]
2025-08-24 03:38:38,696 - INFO - 📐 眼球中心在瞳孔中心的右1.86mm，下0.50mm，后11.37mm
2025-08-24 03:38:38,696 - INFO - 📏 距离: 11.53mm
2025-08-24 03:38:38,696 - INFO - -----------------------------------------------------------------------------------
2025-08-24 03:38:38,697 - INFO - -----------------------------------------------------------------------------------
2025-08-24 03:38:38,697 - INFO - 🔍 迭代第4次，球心向左1.6136e-09mm，向下1.1944e-09mm，向后9.7765e-09mm，半径变小8.9702e-09mm
2025-08-24 03:38:38,697 - INFO - 📊 变化前: 中心(-0.005, 0.070, 0.611), 半径12.00mm
2025-08-24 03:38:38,697 - INFO - 📊 变化后: 中心(-0.005, 0.070, 0.611), 半径12.00mm
2025-08-24 03:38:38,697 - INFO - 📈 变化量: 中心移动0.00mm, 半径变化0.00mm
2025-08-24 03:38:38,697 - INFO - 📍 眼球中心: [-0.00463666  0.06977939  0.61136733]
2025-08-24 03:38:38,697 - INFO - 📏 眼球半径: 12.00mm
2025-08-24 03:38:38,697 - INFO - 👁️ 瞳孔中心: [-0.00649515  0.06928157  0.60000002]
2025-08-24 03:38:38,697 - INFO - 📐 眼球中心在瞳孔中心的右1.86mm，下0.50mm，后11.37mm
2025-08-24 03:38:38,698 - INFO - 📏 距离: 11.53mm
2025-08-24 03:38:38,698 - INFO - -----------------------------------------------------------------------------------
2025-08-24 03:38:38,698 - INFO - -----------------------------------------------------------------------------------
2025-08-24 03:38:38,698 - INFO - 🔍 迭代第5次，球心向左1.6136e-09mm，向下1.1944e-09mm，向后9.7765e-09mm，半径变小8.9702e-09mm
2025-08-24 03:38:38,698 - INFO - 📊 变化前: 中心(-0.005, 0.070, 0.611), 半径12.00mm
2025-08-24 03:38:38,699 - INFO - 📊 变化后: 中心(-0.005, 0.070, 0.611), 半径12.00mm
2025-08-24 03:38:38,699 - INFO - 📈 变化量: 中心移动0.00mm, 半径变化0.00mm
2025-08-24 03:38:38,699 - INFO - 📍 眼球中心: [-0.00463666  0.06977939  0.61136733]
2025-08-24 03:38:38,699 - INFO - 📏 眼球半径: 12.00mm
2025-08-24 03:38:38,700 - INFO - 👁️ 瞳孔中心: [-0.00649515  0.06928157  0.60000002]
2025-08-24 03:38:38,700 - INFO - 📐 眼球中心在瞳孔中心的右1.86mm，下0.50mm，后11.37mm
2025-08-24 03:38:38,700 - INFO - 📏 距离: 11.53mm
2025-08-24 03:38:38,701 - INFO - -----------------------------------------------------------------------------------
2025-08-24 03:38:38,701 - INFO - -----------------------------------------------------------------------------------
2025-08-24 03:38:38,702 - INFO - 🔍 迭代第6次，球心向左1.6136e-09mm，向下1.1944e-09mm，向后9.7765e-09mm，半径变小8.9702e-09mm
2025-08-24 03:38:38,702 - INFO - 📊 变化前: 中心(-0.005, 0.070, 0.611), 半径12.00mm
2025-08-24 03:38:38,702 - INFO - 📊 变化后: 中心(-0.005, 0.070, 0.611), 半径12.00mm
2025-08-24 03:38:38,703 - INFO - 📈 变化量: 中心移动0.00mm, 半径变化0.00mm
2025-08-24 03:38:38,703 - INFO - 📍 眼球中心: [-0.00463666  0.06977939  0.61136733]
2025-08-24 03:38:38,703 - INFO - 📏 眼球半径: 12.00mm
2025-08-24 03:38:38,704 - INFO - 👁️ 瞳孔中心: [-0.00649515  0.06928157  0.60000002]
2025-08-24 03:38:38,704 - INFO - 📐 眼球中心在瞳孔中心的右1.86mm，下0.50mm，后11.37mm
2025-08-24 03:38:38,704 - INFO - 📏 距离: 11.53mm
2025-08-24 03:38:38,704 - INFO - -----------------------------------------------------------------------------------
2025-08-24 03:38:38,705 - INFO - -----------------------------------------------------------------------------------
2025-08-24 03:38:38,705 - INFO - 🔍 迭代第7次，球心向左1.6136e-09mm，向下1.1944e-09mm，向后9.7765e-09mm，半径变小8.9702e-09mm
2025-08-24 03:38:38,705 - INFO - 📊 变化前: 中心(-0.005, 0.070, 0.611), 半径12.00mm
2025-08-24 03:38:38,705 - INFO - 📊 变化后: 中心(-0.005, 0.070, 0.611), 半径12.00mm
2025-08-24 03:38:38,705 - INFO - 📈 变化量: 中心移动0.00mm, 半径变化0.00mm
2025-08-24 03:38:38,705 - INFO - 📍 眼球中心: [-0.00463666  0.06977939  0.61136733]
2025-08-24 03:38:38,705 - INFO - 📏 眼球半径: 12.00mm
2025-08-24 03:38:38,705 - INFO - 👁️ 瞳孔中心: [-0.00649515  0.06928157  0.60000002]
2025-08-24 03:38:38,706 - INFO - 📐 眼球中心在瞳孔中心的右1.86mm，下0.50mm，后11.37mm
2025-08-24 03:38:38,706 - INFO - 📏 距离: 11.53mm
2025-08-24 03:38:38,706 - INFO - -----------------------------------------------------------------------------------
2025-08-24 03:38:38,706 - INFO - -----------------------------------------------------------------------------------
2025-08-24 03:38:38,707 - INFO - 🔍 迭代第8次，球心向左1.6136e-09mm，向下1.1944e-09mm，向后9.7765e-09mm，半径变小8.9702e-09mm
2025-08-24 03:38:38,707 - INFO - 📊 变化前: 中心(-0.005, 0.070, 0.611), 半径12.00mm
2025-08-24 03:38:38,707 - INFO - 📊 变化后: 中心(-0.005, 0.070, 0.611), 半径12.00mm
2025-08-24 03:38:38,707 - INFO - 📈 变化量: 中心移动0.00mm, 半径变化0.00mm
2025-08-24 03:38:38,707 - INFO - 📍 眼球中心: [-0.00463666  0.06977939  0.61136733]
2025-08-24 03:38:38,707 - INFO - 📏 眼球半径: 12.00mm
2025-08-24 03:38:38,707 - INFO - 👁️ 瞳孔中心: [-0.00649515  0.06928157  0.60000002]
2025-08-24 03:38:38,707 - INFO - 📐 眼球中心在瞳孔中心的右1.86mm，下0.50mm，后11.37mm
2025-08-24 03:38:38,707 - INFO - 📏 距离: 11.53mm
2025-08-24 03:38:38,707 - INFO - -----------------------------------------------------------------------------------
2025-08-24 03:38:38,708 - INFO - -----------------------------------------------------------------------------------
2025-08-24 03:38:38,708 - INFO - 🔍 迭代第9次，球心向左1.6136e-09mm，向下1.1944e-09mm，向后9.7765e-09mm，半径变小8.9702e-09mm
2025-08-24 03:38:38,708 - INFO - 📊 变化前: 中心(-0.005, 0.070, 0.611), 半径12.00mm
2025-08-24 03:38:38,708 - INFO - 📊 变化后: 中心(-0.005, 0.070, 0.611), 半径12.00mm
2025-08-24 03:38:38,708 - INFO - 📈 变化量: 中心移动0.00mm, 半径变化0.00mm
2025-08-24 03:38:38,709 - INFO - 📍 眼球中心: [-0.00463666  0.06977939  0.61136733]
2025-08-24 03:38:38,709 - INFO - 📏 眼球半径: 12.00mm
2025-08-24 03:38:38,709 - INFO - 👁️ 瞳孔中心: [-0.00649515  0.06928157  0.60000002]
2025-08-24 03:38:38,709 - INFO - 📐 眼球中心在瞳孔中心的右1.86mm，下0.50mm，后11.37mm
2025-08-24 03:38:38,709 - INFO - 📏 距离: 11.53mm
2025-08-24 03:38:38,709 - INFO - -----------------------------------------------------------------------------------
2025-08-24 03:38:38,710 - INFO - -----------------------------------------------------------------------------------
2025-08-24 03:38:38,710 - INFO - 🔍 迭代第10次，球心向左1.6136e-09mm，向下1.1944e-09mm，向后9.7765e-09mm，半径变小8.9702e-09mm
2025-08-24 03:38:38,710 - INFO - 📊 变化前: 中心(-0.005, 0.070, 0.611), 半径12.00mm
2025-08-24 03:38:38,710 - INFO - 📊 变化后: 中心(-0.005, 0.070, 0.611), 半径12.00mm
2025-08-24 03:38:38,710 - INFO - 📈 变化量: 中心移动0.00mm, 半径变化0.00mm
2025-08-24 03:38:38,710 - INFO - 📍 眼球中心: [-0.00463666  0.06977939  0.61136733]
2025-08-24 03:38:38,710 - INFO - 📏 眼球半径: 12.00mm
2025-08-24 03:38:38,710 - INFO - 👁️ 瞳孔中心: [-0.00649515  0.06928157  0.60000002]
2025-08-24 03:38:38,710 - INFO - 📐 眼球中心在瞳孔中心的右1.86mm，下0.50mm，后11.37mm
2025-08-24 03:38:38,711 - INFO - 📏 距离: 11.53mm
2025-08-24 03:38:38,711 - INFO - -----------------------------------------------------------------------------------
2025-08-24 03:38:38,711 - INFO - -----------------------------------------------------------------------------------
2025-08-24 03:38:38,711 - INFO - 🔍 迭代第11次，球心向左1.6136e-09mm，向下1.1944e-09mm，向后9.7765e-09mm，半径变小8.9702e-09mm
2025-08-24 03:38:38,711 - INFO - 📊 变化前: 中心(-0.005, 0.070, 0.611), 半径12.00mm
2025-08-24 03:38:38,711 - INFO - 📊 变化后: 中心(-0.005, 0.070, 0.611), 半径12.00mm
2025-08-24 03:38:38,711 - INFO - 📈 变化量: 中心移动0.00mm, 半径变化0.00mm
2025-08-24 03:38:38,712 - INFO - 📍 眼球中心: [-0.00463666  0.06977939  0.61136733]
2025-08-24 03:38:38,712 - INFO - 📏 眼球半径: 12.00mm
2025-08-24 03:38:38,712 - INFO - 👁️ 瞳孔中心: [-0.00649515  0.06928157  0.60000002]
2025-08-24 03:38:38,712 - INFO - 📐 眼球中心在瞳孔中心的右1.86mm，下0.50mm，后11.37mm
2025-08-24 03:38:38,712 - INFO - 📏 距离: 11.53mm
2025-08-24 03:38:38,712 - INFO - -----------------------------------------------------------------------------------
2025-08-24 03:38:38,712 - INFO - -----------------------------------------------------------------------------------
2025-08-24 03:38:38,712 - INFO - 🔍 迭代第12次，球心向左1.6136e-09mm，向下1.1944e-09mm，向后9.7765e-09mm，半径变小8.9702e-09mm
2025-08-24 03:38:38,713 - INFO - 📊 变化前: 中心(-0.005, 0.070, 0.611), 半径12.00mm
2025-08-24 03:38:38,713 - INFO - 📊 变化后: 中心(-0.005, 0.070, 0.611), 半径12.00mm
2025-08-24 03:38:38,713 - INFO - 📈 变化量: 中心移动0.00mm, 半径变化0.00mm
2025-08-24 03:38:38,713 - INFO - 📍 眼球中心: [-0.00463666  0.06977939  0.61136733]
2025-08-24 03:38:38,713 - INFO - 📏 眼球半径: 12.00mm
2025-08-24 03:38:38,713 - INFO - 👁️ 瞳孔中心: [-0.00649515  0.06928157  0.60000002]
2025-08-24 03:38:38,713 - INFO - 📐 眼球中心在瞳孔中心的右1.86mm，下0.50mm，后11.37mm
2025-08-24 03:38:38,714 - INFO - 📏 距离: 11.53mm
2025-08-24 03:38:38,714 - INFO - -----------------------------------------------------------------------------------
2025-08-24 03:38:38,714 - INFO - -----------------------------------------------------------------------------------
2025-08-24 03:38:38,715 - INFO - 🔍 迭代第13次，球心向左1.6136e-09mm，向下1.1944e-09mm，向后9.7765e-09mm，半径变小8.9702e-09mm
2025-08-24 03:38:38,715 - INFO - 📊 变化前: 中心(-0.005, 0.070, 0.611), 半径12.00mm
2025-08-24 03:38:38,715 - INFO - 📊 变化后: 中心(-0.005, 0.070, 0.611), 半径12.00mm
2025-08-24 03:38:38,715 - INFO - 📈 变化量: 中心移动0.00mm, 半径变化0.00mm
2025-08-24 03:38:38,715 - INFO - 📍 眼球中心: [-0.00463666  0.06977939  0.61136733]
2025-08-24 03:38:38,715 - INFO - 📏 眼球半径: 12.00mm
2025-08-24 03:38:38,715 - INFO - 👁️ 瞳孔中心: [-0.00649515  0.06928157  0.60000002]
2025-08-24 03:38:38,715 - INFO - 📐 眼球中心在瞳孔中心的右1.86mm，下0.50mm，后11.37mm
2025-08-24 03:38:38,715 - INFO - 📏 距离: 11.53mm
2025-08-24 03:38:38,715 - INFO - -----------------------------------------------------------------------------------
2025-08-24 03:38:38,716 - INFO - -----------------------------------------------------------------------------------
2025-08-24 03:38:38,716 - INFO - 🔍 迭代第14次，球心向左1.6136e-09mm，向下1.1944e-09mm，向后9.7765e-09mm，半径变小8.9702e-09mm
2025-08-24 03:38:38,716 - INFO - 📊 变化前: 中心(-0.005, 0.070, 0.611), 半径12.00mm
2025-08-24 03:38:38,716 - INFO - 📊 变化后: 中心(-0.005, 0.070, 0.611), 半径12.00mm
2025-08-24 03:38:38,717 - INFO - 📈 变化量: 中心移动0.00mm, 半径变化0.00mm
2025-08-24 03:38:38,717 - INFO - 📍 眼球中心: [-0.00463666  0.06977939  0.61136733]
2025-08-24 03:38:38,717 - INFO - 📏 眼球半径: 12.00mm
2025-08-24 03:38:38,718 - INFO - 👁️ 瞳孔中心: [-0.00649515  0.06928157  0.60000002]
2025-08-24 03:38:38,718 - INFO - 📐 眼球中心在瞳孔中心的右1.86mm，下0.50mm，后11.37mm
2025-08-24 03:38:38,718 - INFO - 📏 距离: 11.53mm
2025-08-24 03:38:38,718 - INFO - -----------------------------------------------------------------------------------
2025-08-24 03:38:38,719 - INFO - -----------------------------------------------------------------------------------
2025-08-24 03:38:38,720 - INFO - 🔍 迭代第15次，球心向左1.6136e-09mm，向下1.1944e-09mm，向后9.7765e-09mm，半径变小8.9702e-09mm
2025-08-24 03:38:38,720 - INFO - 📊 变化前: 中心(-0.005, 0.070, 0.611), 半径12.00mm
2025-08-24 03:38:38,720 - INFO - 📊 变化后: 中心(-0.005, 0.070, 0.611), 半径12.00mm
2025-08-24 03:38:38,720 - INFO - 📈 变化量: 中心移动0.00mm, 半径变化0.00mm
2025-08-24 03:38:38,721 - INFO - 📍 眼球中心: [-0.00463666  0.06977939  0.61136733]
2025-08-24 03:38:38,721 - INFO - 📏 眼球半径: 12.00mm
2025-08-24 03:38:38,721 - INFO - 👁️ 瞳孔中心: [-0.00649515  0.06928157  0.60000002]
2025-08-24 03:38:38,721 - INFO - 📐 眼球中心在瞳孔中心的右1.86mm，下0.50mm，后11.37mm
2025-08-24 03:38:38,721 - INFO - 📏 距离: 11.53mm
2025-08-24 03:38:38,721 - INFO - -----------------------------------------------------------------------------------
2025-08-24 03:38:38,722 - INFO - -----------------------------------------------------------------------------------
2025-08-24 03:38:38,722 - INFO - 🔍 迭代第16次，球心向左1.6136e-09mm，向下1.1944e-09mm，向后9.7765e-09mm，半径变小8.9702e-09mm
2025-08-24 03:38:38,722 - INFO - 📊 变化前: 中心(-0.005, 0.070, 0.611), 半径12.00mm
2025-08-24 03:38:38,722 - INFO - 📊 变化后: 中心(-0.005, 0.070, 0.611), 半径12.00mm
2025-08-24 03:38:38,722 - INFO - 📈 变化量: 中心移动0.00mm, 半径变化0.00mm
2025-08-24 03:38:38,723 - INFO - 📍 眼球中心: [-0.00463666  0.06977939  0.61136733]
2025-08-24 03:38:38,723 - INFO - 📏 眼球半径: 12.00mm
2025-08-24 03:38:38,723 - INFO - 👁️ 瞳孔中心: [-0.00649515  0.06928157  0.60000002]
2025-08-24 03:38:38,723 - INFO - 📐 眼球中心在瞳孔中心的右1.86mm，下0.50mm，后11.37mm
2025-08-24 03:38:38,723 - INFO - 📏 距离: 11.53mm
2025-08-24 03:38:38,723 - INFO - -----------------------------------------------------------------------------------
2025-08-24 03:38:38,724 - INFO - -----------------------------------------------------------------------------------
2025-08-24 03:38:38,724 - INFO - 🔍 迭代第17次，球心向左1.6136e-09mm，向下1.1944e-09mm，向后9.7765e-09mm，半径变小8.9702e-09mm
2025-08-24 03:38:38,724 - INFO - 📊 变化前: 中心(-0.005, 0.070, 0.611), 半径12.00mm
2025-08-24 03:38:38,724 - INFO - 📊 变化后: 中心(-0.005, 0.070, 0.611), 半径12.00mm
2025-08-24 03:38:38,724 - INFO - 📈 变化量: 中心移动0.00mm, 半径变化0.00mm
2025-08-24 03:38:38,724 - INFO - 📍 眼球中心: [-0.00463666  0.06977939  0.61136733]
2025-08-24 03:38:38,725 - INFO - 📏 眼球半径: 12.00mm
2025-08-24 03:38:38,725 - INFO - 👁️ 瞳孔中心: [-0.00649515  0.06928157  0.60000002]
2025-08-24 03:38:38,725 - INFO - 📐 眼球中心在瞳孔中心的右1.86mm，下0.50mm，后11.37mm
2025-08-24 03:38:38,725 - INFO - 📏 距离: 11.53mm
2025-08-24 03:38:38,725 - INFO - -----------------------------------------------------------------------------------
2025-08-24 03:38:38,725 - INFO - -----------------------------------------------------------------------------------
2025-08-24 03:38:38,726 - INFO - 🔍 迭代第18次，球心向左1.6136e-09mm，向下1.1944e-09mm，向后9.7765e-09mm，半径变小8.9702e-09mm
2025-08-24 03:38:38,726 - INFO - 📊 变化前: 中心(-0.005, 0.070, 0.611), 半径12.00mm
2025-08-24 03:38:38,726 - INFO - 📊 变化后: 中心(-0.005, 0.070, 0.611), 半径12.00mm
2025-08-24 03:38:38,726 - INFO - 📈 变化量: 中心移动0.00mm, 半径变化0.00mm
2025-08-24 03:38:38,726 - INFO - 📍 眼球中心: [-0.00463666  0.06977939  0.61136733]
2025-08-24 03:38:38,726 - INFO - 📏 眼球半径: 12.00mm
2025-08-24 03:38:38,726 - INFO - 👁️ 瞳孔中心: [-0.00649515  0.06928157  0.60000002]
2025-08-24 03:38:38,727 - INFO - 📐 眼球中心在瞳孔中心的右1.86mm，下0.50mm，后11.37mm
2025-08-24 03:38:38,727 - INFO - 📏 距离: 11.53mm
2025-08-24 03:38:38,727 - INFO - -----------------------------------------------------------------------------------
2025-08-24 03:38:38,728 - INFO - -----------------------------------------------------------------------------------
2025-08-24 03:38:38,728 - INFO - 🔍 迭代第19次，球心向左1.6136e-09mm，向下1.1944e-09mm，向后9.7765e-09mm，半径变小8.9702e-09mm
2025-08-24 03:38:38,728 - INFO - 📊 变化前: 中心(-0.005, 0.070, 0.611), 半径12.00mm
2025-08-24 03:38:38,728 - INFO - 📊 变化后: 中心(-0.005, 0.070, 0.611), 半径12.00mm
2025-08-24 03:38:38,728 - INFO - 📈 变化量: 中心移动0.00mm, 半径变化0.00mm
2025-08-24 03:38:38,729 - INFO - 📍 眼球中心: [-0.00463666  0.06977939  0.61136733]
2025-08-24 03:38:38,729 - INFO - 📏 眼球半径: 12.00mm
2025-08-24 03:38:38,729 - INFO - 👁️ 瞳孔中心: [-0.00649515  0.06928157  0.60000002]
2025-08-24 03:38:38,729 - INFO - 📐 眼球中心在瞳孔中心的右1.86mm，下0.50mm，后11.37mm
2025-08-24 03:38:38,729 - INFO - 📏 距离: 11.53mm
2025-08-24 03:38:38,729 - INFO - -----------------------------------------------------------------------------------
2025-08-24 03:38:38,730 - INFO - -----------------------------------------------------------------------------------
2025-08-24 03:38:38,730 - INFO - 🔍 迭代第20次，球心向左1.6136e-09mm，向下1.1944e-09mm，向后9.7765e-09mm，半径变小8.9702e-09mm
2025-08-24 03:38:38,730 - INFO - 📊 变化前: 中心(-0.005, 0.070, 0.611), 半径12.00mm
2025-08-24 03:38:38,730 - INFO - 📊 变化后: 中心(-0.005, 0.070, 0.611), 半径12.00mm
2025-08-24 03:38:38,730 - INFO - 📈 变化量: 中心移动0.00mm, 半径变化0.00mm
2025-08-24 03:38:38,730 - INFO - 📍 眼球中心: [-0.00463666  0.06977939  0.61136733]
2025-08-24 03:38:38,730 - INFO - 📏 眼球半径: 12.00mm
2025-08-24 03:38:38,730 - INFO - 👁️ 瞳孔中心: [-0.00649515  0.06928157  0.60000002]
2025-08-24 03:38:38,731 - INFO - 📐 眼球中心在瞳孔中心的右1.86mm，下0.50mm，后11.37mm
2025-08-24 03:38:38,731 - INFO - 📏 距离: 11.53mm
2025-08-24 03:38:38,731 - INFO - -----------------------------------------------------------------------------------
2025-08-24 03:38:38,731 - INFO - -----------------------------------------------------------------------------------
2025-08-24 03:38:38,731 - INFO - 🔍 迭代第21次，球心向左1.6136e-09mm，向下1.1944e-09mm，向后9.7765e-09mm，半径变小8.9702e-09mm
2025-08-24 03:38:38,731 - INFO - 📊 变化前: 中心(-0.005, 0.070, 0.611), 半径12.00mm
2025-08-24 03:38:38,731 - INFO - 📊 变化后: 中心(-0.005, 0.070, 0.611), 半径12.00mm
2025-08-24 03:38:38,732 - INFO - 📈 变化量: 中心移动0.00mm, 半径变化0.00mm
2025-08-24 03:38:38,732 - INFO - 📍 眼球中心: [-0.00463666  0.06977939  0.61136733]
2025-08-24 03:38:38,732 - INFO - 📏 眼球半径: 12.00mm
2025-08-24 03:38:38,732 - INFO - 👁️ 瞳孔中心: [-0.00649515  0.06928157  0.60000002]
2025-08-24 03:38:38,732 - INFO - 📐 眼球中心在瞳孔中心的右1.86mm，下0.50mm，后11.37mm
2025-08-24 03:38:38,733 - INFO - 📏 距离: 11.53mm
2025-08-24 03:38:38,733 - INFO - -----------------------------------------------------------------------------------
2025-08-24 03:38:38,734 - INFO - -----------------------------------------------------------------------------------
2025-08-24 03:38:38,734 - INFO - 🔍 迭代第22次，球心向左1.6136e-09mm，向下1.1944e-09mm，向后9.7765e-09mm，半径变小8.9702e-09mm
2025-08-24 03:38:38,734 - INFO - 📊 变化前: 中心(-0.005, 0.070, 0.611), 半径12.00mm
2025-08-24 03:38:38,735 - INFO - 📊 变化后: 中心(-0.005, 0.070, 0.611), 半径12.00mm
2025-08-24 03:38:38,735 - INFO - 📈 变化量: 中心移动0.00mm, 半径变化0.00mm
2025-08-24 03:38:38,735 - INFO - 📍 眼球中心: [-0.00463666  0.06977939  0.61136733]
2025-08-24 03:38:38,735 - INFO - 📏 眼球半径: 12.00mm
2025-08-24 03:38:38,736 - INFO - 👁️ 瞳孔中心: [-0.00649515  0.06928157  0.60000002]
2025-08-24 03:38:38,736 - INFO - 📐 眼球中心在瞳孔中心的右1.86mm，下0.50mm，后11.37mm
2025-08-24 03:38:38,736 - INFO - 📏 距离: 11.53mm
2025-08-24 03:38:38,737 - INFO - -----------------------------------------------------------------------------------
2025-08-24 03:38:38,737 - INFO - -----------------------------------------------------------------------------------
2025-08-24 03:38:38,738 - INFO - 🔍 迭代第23次，球心向左1.6136e-09mm，向下1.1944e-09mm，向后9.7765e-09mm，半径变小8.9702e-09mm
2025-08-24 03:38:38,738 - INFO - 📊 变化前: 中心(-0.005, 0.070, 0.611), 半径12.00mm
2025-08-24 03:38:38,738 - INFO - 📊 变化后: 中心(-0.005, 0.070, 0.611), 半径12.00mm
2025-08-24 03:38:38,738 - INFO - 📈 变化量: 中心移动0.00mm, 半径变化0.00mm
2025-08-24 03:38:38,739 - INFO - 📍 眼球中心: [-0.00463666  0.06977939  0.61136733]
2025-08-24 03:38:38,739 - INFO - 📏 眼球半径: 12.00mm
2025-08-24 03:38:38,739 - INFO - 👁️ 瞳孔中心: [-0.00649515  0.06928157  0.60000002]
2025-08-24 03:38:38,740 - INFO - 📐 眼球中心在瞳孔中心的右1.86mm，下0.50mm，后11.37mm
2025-08-24 03:38:38,740 - INFO - 📏 距离: 11.53mm
2025-08-24 03:38:38,740 - INFO - -----------------------------------------------------------------------------------
2025-08-24 03:38:38,740 - INFO - -----------------------------------------------------------------------------------
2025-08-24 03:38:38,741 - INFO - 🔍 迭代第24次，球心向左1.6136e-09mm，向下1.1944e-09mm，向后9.7765e-09mm，半径变小8.9702e-09mm
2025-08-24 03:38:38,741 - INFO - 📊 变化前: 中心(-0.005, 0.070, 0.611), 半径12.00mm
2025-08-24 03:38:38,741 - INFO - 📊 变化后: 中心(-0.005, 0.070, 0.611), 半径12.00mm
2025-08-24 03:38:38,741 - INFO - 📈 变化量: 中心移动0.00mm, 半径变化0.00mm
2025-08-24 03:38:38,741 - INFO - 📍 眼球中心: [-0.00463666  0.06977939  0.61136733]
2025-08-24 03:38:38,741 - INFO - 📏 眼球半径: 12.00mm
2025-08-24 03:38:38,741 - INFO - 👁️ 瞳孔中心: [-0.00649515  0.06928157  0.60000002]
2025-08-24 03:38:38,741 - INFO - 📐 眼球中心在瞳孔中心的右1.86mm，下0.50mm，后11.37mm
2025-08-24 03:38:38,741 - INFO - 📏 距离: 11.53mm
2025-08-24 03:38:38,741 - INFO - -----------------------------------------------------------------------------------
2025-08-24 03:38:38,742 - INFO - -----------------------------------------------------------------------------------
2025-08-24 03:38:38,742 - INFO - 🔍 迭代第25次，球心向左1.6136e-09mm，向下1.1944e-09mm，向后9.7765e-09mm，半径变小8.9702e-09mm
2025-08-24 03:38:38,742 - INFO - 📊 变化前: 中心(-0.005, 0.070, 0.611), 半径12.00mm
2025-08-24 03:38:38,742 - INFO - 📊 变化后: 中心(-0.005, 0.070, 0.611), 半径12.00mm
2025-08-24 03:38:38,742 - INFO - 📈 变化量: 中心移动0.00mm, 半径变化0.00mm
2025-08-24 03:38:38,743 - INFO - 📍 眼球中心: [-0.00463666  0.06977939  0.61136733]
2025-08-24 03:38:38,743 - INFO - 📏 眼球半径: 12.00mm
2025-08-24 03:38:38,743 - INFO - 👁️ 瞳孔中心: [-0.00649515  0.06928157  0.60000002]
2025-08-24 03:38:38,743 - INFO - 📐 眼球中心在瞳孔中心的右1.86mm，下0.50mm，后11.37mm
2025-08-24 03:38:38,743 - INFO - 📏 距离: 11.53mm
2025-08-24 03:38:38,743 - INFO - -----------------------------------------------------------------------------------
2025-08-24 03:38:38,743 - INFO - -----------------------------------------------------------------------------------
2025-08-24 03:38:38,744 - INFO - 🔍 迭代第26次，球心向左1.6136e-09mm，向下1.1944e-09mm，向后9.7765e-09mm，半径变小8.9702e-09mm
2025-08-24 03:38:38,744 - INFO - 📊 变化前: 中心(-0.005, 0.070, 0.611), 半径12.00mm
2025-08-24 03:38:38,744 - INFO - 📊 变化后: 中心(-0.005, 0.070, 0.611), 半径12.00mm
2025-08-24 03:38:38,744 - INFO - 📈 变化量: 中心移动0.00mm, 半径变化0.00mm
2025-08-24 03:38:38,744 - INFO - 📍 眼球中心: [-0.00463666  0.06977939  0.61136733]
2025-08-24 03:38:38,744 - INFO - 📏 眼球半径: 12.00mm
2025-08-24 03:38:38,744 - INFO - 👁️ 瞳孔中心: [-0.00649515  0.06928157  0.60000002]
2025-08-24 03:38:38,745 - INFO - 📐 眼球中心在瞳孔中心的右1.86mm，下0.50mm，后11.37mm
2025-08-24 03:38:38,745 - INFO - 📏 距离: 11.53mm
2025-08-24 03:38:38,745 - INFO - -----------------------------------------------------------------------------------
2025-08-24 03:38:38,745 - INFO - -----------------------------------------------------------------------------------
2025-08-24 03:38:38,745 - INFO - 🔍 迭代第27次，球心向左1.6136e-09mm，向下1.1944e-09mm，向后9.7765e-09mm，半径变小8.9702e-09mm
2025-08-24 03:38:38,745 - INFO - 📊 变化前: 中心(-0.005, 0.070, 0.611), 半径12.00mm
2025-08-24 03:38:38,745 - INFO - 📊 变化后: 中心(-0.005, 0.070, 0.611), 半径12.00mm
2025-08-24 03:38:38,746 - INFO - 📈 变化量: 中心移动0.00mm, 半径变化0.00mm
2025-08-24 03:38:38,746 - INFO - 📍 眼球中心: [-0.00463666  0.06977939  0.61136733]
2025-08-24 03:38:38,746 - INFO - 📏 眼球半径: 12.00mm
2025-08-24 03:38:38,746 - INFO - 👁️ 瞳孔中心: [-0.00649515  0.06928157  0.60000002]
2025-08-24 03:38:38,746 - INFO - 📐 眼球中心在瞳孔中心的右1.86mm，下0.50mm，后11.37mm
2025-08-24 03:38:38,746 - INFO - 📏 距离: 11.53mm
2025-08-24 03:38:38,746 - INFO - -----------------------------------------------------------------------------------
2025-08-24 03:38:38,747 - INFO - -----------------------------------------------------------------------------------
2025-08-24 03:38:38,747 - INFO - 🔍 迭代第28次，球心向左1.6136e-09mm，向下1.1944e-09mm，向后9.7765e-09mm，半径变小8.9702e-09mm
2025-08-24 03:38:38,747 - INFO - 📊 变化前: 中心(-0.005, 0.070, 0.611), 半径12.00mm
2025-08-24 03:38:38,747 - INFO - 📊 变化后: 中心(-0.005, 0.070, 0.611), 半径12.00mm
2025-08-24 03:38:38,747 - INFO - 📈 变化量: 中心移动0.00mm, 半径变化0.00mm
2025-08-24 03:38:38,747 - INFO - 📍 眼球中心: [-0.00463666  0.06977939  0.61136733]
2025-08-24 03:38:38,747 - INFO - 📏 眼球半径: 12.00mm
2025-08-24 03:38:38,747 - INFO - 👁️ 瞳孔中心: [-0.00649515  0.06928157  0.60000002]
2025-08-24 03:38:38,747 - INFO - 📐 眼球中心在瞳孔中心的右1.86mm，下0.50mm，后11.37mm
2025-08-24 03:38:38,747 - INFO - 📏 距离: 11.53mm
2025-08-24 03:38:38,747 - INFO - -----------------------------------------------------------------------------------
2025-08-24 03:38:38,748 - INFO - -----------------------------------------------------------------------------------
2025-08-24 03:38:38,748 - INFO - 🔍 迭代第29次，球心向左1.6136e-09mm，向下1.1944e-09mm，向后9.7765e-09mm，半径变小8.9702e-09mm
2025-08-24 03:38:38,748 - INFO - 📊 变化前: 中心(-0.005, 0.070, 0.611), 半径12.00mm
2025-08-24 03:38:38,748 - INFO - 📊 变化后: 中心(-0.005, 0.070, 0.611), 半径12.00mm
2025-08-24 03:38:38,748 - INFO - 📈 变化量: 中心移动0.00mm, 半径变化0.00mm
2025-08-24 03:38:38,748 - INFO - 📍 眼球中心: [-0.00463666  0.06977939  0.61136733]
2025-08-24 03:38:38,748 - INFO - 📏 眼球半径: 12.00mm
2025-08-24 03:38:38,749 - INFO - 👁️ 瞳孔中心: [-0.00649515  0.06928157  0.60000002]
2025-08-24 03:38:38,749 - INFO - 📐 眼球中心在瞳孔中心的右1.86mm，下0.50mm，后11.37mm
2025-08-24 03:38:38,749 - INFO - 📏 距离: 11.53mm
2025-08-24 03:38:38,749 - INFO - -----------------------------------------------------------------------------------
2025-08-24 03:38:38,751 - INFO - -----------------------------------------------------------------------------------
2025-08-24 03:38:38,751 - INFO - 🔍 迭代第30次，球心向左1.6136e-09mm，向下1.1944e-09mm，向后9.7765e-09mm，半径变小8.9702e-09mm
2025-08-24 03:38:38,751 - INFO - 📊 变化前: 中心(-0.005, 0.070, 0.611), 半径12.00mm
2025-08-24 03:38:38,751 - INFO - 📊 变化后: 中心(-0.005, 0.070, 0.611), 半径12.00mm
2025-08-24 03:38:38,752 - INFO - 📈 变化量: 中心移动0.00mm, 半径变化0.00mm
2025-08-24 03:38:38,752 - INFO - 📍 眼球中心: [-0.00463666  0.06977939  0.61136733]
2025-08-24 03:38:38,752 - INFO - 📏 眼球半径: 12.00mm
2025-08-24 03:38:38,753 - INFO - 👁️ 瞳孔中心: [-0.00649515  0.06928157  0.60000002]
2025-08-24 03:38:38,753 - INFO - 📐 眼球中心在瞳孔中心的右1.86mm，下0.50mm，后11.37mm
2025-08-24 03:38:38,753 - INFO - 📏 距离: 11.53mm
2025-08-24 03:38:38,754 - INFO - -----------------------------------------------------------------------------------
2025-08-24 03:38:38,755 - INFO - -----------------------------------------------------------------------------------
2025-08-24 03:38:38,755 - INFO - 🔍 迭代第31次，球心向左1.6136e-09mm，向下1.1944e-09mm，向后9.7765e-09mm，半径变小8.9702e-09mm
2025-08-24 03:38:38,755 - INFO - 📊 变化前: 中心(-0.005, 0.070, 0.611), 半径12.00mm
2025-08-24 03:38:38,755 - INFO - 📊 变化后: 中心(-0.005, 0.070, 0.611), 半径12.00mm
2025-08-24 03:38:38,755 - INFO - 📈 变化量: 中心移动0.00mm, 半径变化0.00mm
2025-08-24 03:38:38,756 - INFO - 📍 眼球中心: [-0.00463666  0.06977939  0.61136733]
2025-08-24 03:38:38,756 - INFO - 📏 眼球半径: 12.00mm
2025-08-24 03:38:38,756 - INFO - 👁️ 瞳孔中心: [-0.00649515  0.06928157  0.60000002]
2025-08-24 03:38:38,756 - INFO - 📐 眼球中心在瞳孔中心的右1.86mm，下0.50mm，后11.37mm
2025-08-24 03:38:38,756 - INFO - 📏 距离: 11.53mm
2025-08-24 03:38:38,756 - INFO - -----------------------------------------------------------------------------------
2025-08-24 03:38:38,757 - INFO - -----------------------------------------------------------------------------------
2025-08-24 03:38:38,757 - INFO - 🔍 迭代第32次，球心向左1.6136e-09mm，向下1.1944e-09mm，向后9.7765e-09mm，半径变小8.9702e-09mm
2025-08-24 03:38:38,757 - INFO - 📊 变化前: 中心(-0.005, 0.070, 0.611), 半径12.00mm
2025-08-24 03:38:38,757 - INFO - 📊 变化后: 中心(-0.005, 0.070, 0.611), 半径12.00mm
2025-08-24 03:38:38,757 - INFO - 📈 变化量: 中心移动0.00mm, 半径变化0.00mm
2025-08-24 03:38:38,757 - INFO - 📍 眼球中心: [-0.00463666  0.06977939  0.61136733]
2025-08-24 03:38:38,757 - INFO - 📏 眼球半径: 12.00mm
2025-08-24 03:38:38,758 - INFO - 👁️ 瞳孔中心: [-0.00649515  0.06928157  0.60000002]
2025-08-24 03:38:38,758 - INFO - 📐 眼球中心在瞳孔中心的右1.86mm，下0.50mm，后11.37mm
2025-08-24 03:38:38,758 - INFO - 📏 距离: 11.53mm
2025-08-24 03:38:38,758 - INFO - -----------------------------------------------------------------------------------
2025-08-24 03:38:38,758 - INFO - -----------------------------------------------------------------------------------
2025-08-24 03:38:38,758 - INFO - 🔍 迭代第33次，球心向左1.6136e-09mm，向下1.1944e-09mm，向后9.7765e-09mm，半径变小8.9702e-09mm
2025-08-24 03:38:38,758 - INFO - 📊 变化前: 中心(-0.005, 0.070, 0.611), 半径12.00mm
2025-08-24 03:38:38,759 - INFO - 📊 变化后: 中心(-0.005, 0.070, 0.611), 半径12.00mm
2025-08-24 03:38:38,759 - INFO - 📈 变化量: 中心移动0.00mm, 半径变化0.00mm
2025-08-24 03:38:38,759 - INFO - 📍 眼球中心: [-0.00463666  0.06977939  0.61136733]
2025-08-24 03:38:38,759 - INFO - 📏 眼球半径: 12.00mm
2025-08-24 03:38:38,759 - INFO - 👁️ 瞳孔中心: [-0.00649515  0.06928157  0.60000002]
2025-08-24 03:38:38,759 - INFO - 📐 眼球中心在瞳孔中心的右1.86mm，下0.50mm，后11.37mm
2025-08-24 03:38:38,759 - INFO - 📏 距离: 11.53mm
2025-08-24 03:38:38,759 - INFO - -----------------------------------------------------------------------------------
2025-08-24 03:38:38,760 - INFO - -----------------------------------------------------------------------------------
2025-08-24 03:38:38,760 - INFO - 🔍 迭代第34次，球心向左1.6136e-09mm，向下1.1944e-09mm，向后9.7765e-09mm，半径变小8.9702e-09mm
2025-08-24 03:38:38,760 - INFO - 📊 变化前: 中心(-0.005, 0.070, 0.611), 半径12.00mm
2025-08-24 03:38:38,760 - INFO - 📊 变化后: 中心(-0.005, 0.070, 0.611), 半径12.00mm
2025-08-24 03:38:38,760 - INFO - 📈 变化量: 中心移动0.00mm, 半径变化0.00mm
2025-08-24 03:38:38,760 - INFO - 📍 眼球中心: [-0.00463666  0.06977939  0.61136733]
2025-08-24 03:38:38,760 - INFO - 📏 眼球半径: 12.00mm
2025-08-24 03:38:38,761 - INFO - 👁️ 瞳孔中心: [-0.00649515  0.06928157  0.60000002]
2025-08-24 03:38:38,761 - INFO - 📐 眼球中心在瞳孔中心的右1.86mm，下0.50mm，后11.37mm
2025-08-24 03:38:38,761 - INFO - 📏 距离: 11.53mm
2025-08-24 03:38:38,761 - INFO - -----------------------------------------------------------------------------------
2025-08-24 03:38:38,761 - INFO - -----------------------------------------------------------------------------------
2025-08-24 03:38:38,761 - INFO - 🔍 迭代第35次，球心向左1.6136e-09mm，向下1.1944e-09mm，向后9.7765e-09mm，半径变小8.9702e-09mm
2025-08-24 03:38:38,762 - INFO - 📊 变化前: 中心(-0.005, 0.070, 0.611), 半径12.00mm
2025-08-24 03:38:38,762 - INFO - 📊 变化后: 中心(-0.005, 0.070, 0.611), 半径12.00mm
2025-08-24 03:38:38,762 - INFO - 📈 变化量: 中心移动0.00mm, 半径变化0.00mm
2025-08-24 03:38:38,762 - INFO - 📍 眼球中心: [-0.00463666  0.06977939  0.61136733]
2025-08-24 03:38:38,762 - INFO - 📏 眼球半径: 12.00mm
2025-08-24 03:38:38,762 - INFO - 👁️ 瞳孔中心: [-0.00649515  0.06928157  0.60000002]
2025-08-24 03:38:38,762 - INFO - 📐 眼球中心在瞳孔中心的右1.86mm，下0.50mm，后11.37mm
2025-08-24 03:38:38,762 - INFO - 📏 距离: 11.53mm
2025-08-24 03:38:38,762 - INFO - -----------------------------------------------------------------------------------
2025-08-24 03:38:38,763 - INFO - -----------------------------------------------------------------------------------
2025-08-24 03:38:38,763 - INFO - 🔍 迭代第36次，球心向左1.6136e-09mm，向下1.1944e-09mm，向后9.7765e-09mm，半径变小8.9702e-09mm
2025-08-24 03:38:38,763 - INFO - 📊 变化前: 中心(-0.005, 0.070, 0.611), 半径12.00mm
2025-08-24 03:38:38,763 - INFO - 📊 变化后: 中心(-0.005, 0.070, 0.611), 半径12.00mm
2025-08-24 03:38:38,763 - INFO - 📈 变化量: 中心移动0.00mm, 半径变化0.00mm
2025-08-24 03:38:38,763 - INFO - 📍 眼球中心: [-0.00463666  0.06977939  0.61136733]
2025-08-24 03:38:38,763 - INFO - 📏 眼球半径: 12.00mm
2025-08-24 03:38:38,763 - INFO - 👁️ 瞳孔中心: [-0.00649515  0.06928157  0.60000002]
2025-08-24 03:38:38,763 - INFO - 📐 眼球中心在瞳孔中心的右1.86mm，下0.50mm，后11.37mm
2025-08-24 03:38:38,763 - INFO - 📏 距离: 11.53mm
2025-08-24 03:38:38,763 - INFO - -----------------------------------------------------------------------------------
2025-08-24 03:38:38,764 - INFO - -----------------------------------------------------------------------------------
2025-08-24 03:38:38,764 - INFO - 🔍 迭代第37次，球心向左1.6136e-09mm，向下1.1944e-09mm，向后9.7765e-09mm，半径变小8.9702e-09mm
2025-08-24 03:38:38,764 - INFO - 📊 变化前: 中心(-0.005, 0.070, 0.611), 半径12.00mm
2025-08-24 03:38:38,764 - INFO - 📊 变化后: 中心(-0.005, 0.070, 0.611), 半径12.00mm
2025-08-24 03:38:38,764 - INFO - 📈 变化量: 中心移动0.00mm, 半径变化0.00mm
2025-08-24 03:38:38,764 - INFO - 📍 眼球中心: [-0.00463666  0.06977939  0.61136733]
2025-08-24 03:38:38,764 - INFO - 📏 眼球半径: 12.00mm
2025-08-24 03:38:38,764 - INFO - 👁️ 瞳孔中心: [-0.00649515  0.06928157  0.60000002]
2025-08-24 03:38:38,764 - INFO - 📐 眼球中心在瞳孔中心的右1.86mm，下0.50mm，后11.37mm
2025-08-24 03:38:38,764 - INFO - 📏 距离: 11.53mm
2025-08-24 03:38:38,765 - INFO - -----------------------------------------------------------------------------------
2025-08-24 03:38:38,765 - INFO - -----------------------------------------------------------------------------------
2025-08-24 03:38:38,766 - INFO - 🔍 迭代第38次，球心向左1.6136e-09mm，向下1.1944e-09mm，向后9.7765e-09mm，半径变小8.9702e-09mm
2025-08-24 03:38:38,766 - INFO - 📊 变化前: 中心(-0.005, 0.070, 0.611), 半径12.00mm
2025-08-24 03:38:38,766 - INFO - 📊 变化后: 中心(-0.005, 0.070, 0.611), 半径12.00mm
2025-08-24 03:38:38,766 - INFO - 📈 变化量: 中心移动0.00mm, 半径变化0.00mm
2025-08-24 03:38:38,767 - INFO - 📍 眼球中心: [-0.00463666  0.06977939  0.61136733]
2025-08-24 03:38:38,767 - INFO - 📏 眼球半径: 12.00mm
2025-08-24 03:38:38,768 - INFO - 👁️ 瞳孔中心: [-0.00649515  0.06928157  0.60000002]
2025-08-24 03:38:38,768 - INFO - 📐 眼球中心在瞳孔中心的右1.86mm，下0.50mm，后11.37mm
2025-08-24 03:38:38,768 - INFO - 📏 距离: 11.53mm
2025-08-24 03:38:38,768 - INFO - -----------------------------------------------------------------------------------
2025-08-24 03:38:38,769 - INFO - -----------------------------------------------------------------------------------
2025-08-24 03:38:38,769 - INFO - 🔍 迭代第39次，球心向左1.6136e-09mm，向下1.1944e-09mm，向后9.7765e-09mm，半径变小8.9702e-09mm
2025-08-24 03:38:38,770 - INFO - 📊 变化前: 中心(-0.005, 0.070, 0.611), 半径12.00mm
2025-08-24 03:38:38,770 - INFO - 📊 变化后: 中心(-0.005, 0.070, 0.611), 半径12.00mm
2025-08-24 03:38:38,770 - INFO - 📈 变化量: 中心移动0.00mm, 半径变化0.00mm
2025-08-24 03:38:38,770 - INFO - 📍 眼球中心: [-0.00463666  0.06977939  0.61136733]
2025-08-24 03:38:38,770 - INFO - 📏 眼球半径: 12.00mm
2025-08-24 03:38:38,771 - INFO - 👁️ 瞳孔中心: [-0.00649515  0.06928157  0.60000002]
2025-08-24 03:38:38,771 - INFO - 📐 眼球中心在瞳孔中心的右1.86mm，下0.50mm，后11.37mm
2025-08-24 03:38:38,771 - INFO - 📏 距离: 11.53mm
2025-08-24 03:38:38,771 - INFO - -----------------------------------------------------------------------------------
2025-08-24 03:38:38,771 - INFO - -----------------------------------------------------------------------------------
2025-08-24 03:38:38,772 - INFO - 🔍 迭代第40次，球心向左1.6136e-09mm，向下1.1944e-09mm，向后9.7765e-09mm，半径变小8.9702e-09mm
2025-08-24 03:38:38,772 - INFO - 📊 变化前: 中心(-0.005, 0.070, 0.611), 半径12.00mm
2025-08-24 03:38:38,772 - INFO - 📊 变化后: 中心(-0.005, 0.070, 0.611), 半径12.00mm
2025-08-24 03:38:38,772 - INFO - 📈 变化量: 中心移动0.00mm, 半径变化0.00mm
2025-08-24 03:38:38,772 - INFO - 📍 眼球中心: [-0.00463666  0.06977939  0.61136733]
2025-08-24 03:38:38,772 - INFO - 📏 眼球半径: 12.00mm
2025-08-24 03:38:38,772 - INFO - 👁️ 瞳孔中心: [-0.00649515  0.06928157  0.60000002]
2025-08-24 03:38:38,772 - INFO - 📐 眼球中心在瞳孔中心的右1.86mm，下0.50mm，后11.37mm
2025-08-24 03:38:38,773 - INFO - 📏 距离: 11.53mm
2025-08-24 03:38:38,773 - INFO - -----------------------------------------------------------------------------------
2025-08-24 03:38:38,773 - INFO - -----------------------------------------------------------------------------------
2025-08-24 03:38:38,774 - INFO - 🔍 迭代第41次，球心向左1.6136e-09mm，向下1.1944e-09mm，向后9.7765e-09mm，半径变小8.9702e-09mm
2025-08-24 03:38:38,774 - INFO - 📊 变化前: 中心(-0.005, 0.070, 0.611), 半径12.00mm
2025-08-24 03:38:38,774 - INFO - 📊 变化后: 中心(-0.005, 0.070, 0.611), 半径12.00mm
2025-08-24 03:38:38,774 - INFO - 📈 变化量: 中心移动0.00mm, 半径变化0.00mm
2025-08-24 03:38:38,774 - INFO - 📍 眼球中心: [-0.00463666  0.06977939  0.61136733]
2025-08-24 03:38:38,774 - INFO - 📏 眼球半径: 12.00mm
2025-08-24 03:38:38,774 - INFO - 👁️ 瞳孔中心: [-0.00649515  0.06928157  0.60000002]
2025-08-24 03:38:38,774 - INFO - 📐 眼球中心在瞳孔中心的右1.86mm，下0.50mm，后11.37mm
2025-08-24 03:38:38,774 - INFO - 📏 距离: 11.53mm
2025-08-24 03:38:38,774 - INFO - -----------------------------------------------------------------------------------
2025-08-24 03:38:38,775 - INFO - -----------------------------------------------------------------------------------
2025-08-24 03:38:38,775 - INFO - 🔍 迭代第42次，球心向左1.6136e-09mm，向下1.1944e-09mm，向后9.7765e-09mm，半径变小8.9702e-09mm
2025-08-24 03:38:38,775 - INFO - 📊 变化前: 中心(-0.005, 0.070, 0.611), 半径12.00mm
2025-08-24 03:38:38,775 - INFO - 📊 变化后: 中心(-0.005, 0.070, 0.611), 半径12.00mm
2025-08-24 03:38:38,775 - INFO - 📈 变化量: 中心移动0.00mm, 半径变化0.00mm
2025-08-24 03:38:38,775 - INFO - 📍 眼球中心: [-0.00463666  0.06977939  0.61136733]
2025-08-24 03:38:38,776 - INFO - 📏 眼球半径: 12.00mm
2025-08-24 03:38:38,776 - INFO - 👁️ 瞳孔中心: [-0.00649515  0.06928157  0.60000002]
2025-08-24 03:38:38,776 - INFO - 📐 眼球中心在瞳孔中心的右1.86mm，下0.50mm，后11.37mm
2025-08-24 03:38:38,776 - INFO - 📏 距离: 11.53mm
2025-08-24 03:38:38,776 - INFO - -----------------------------------------------------------------------------------
2025-08-24 03:38:38,776 - INFO - -----------------------------------------------------------------------------------
2025-08-24 03:38:38,776 - INFO - 🔍 迭代第43次，球心向左1.6136e-09mm，向下1.1944e-09mm，向后9.7765e-09mm，半径变小8.9702e-09mm
2025-08-24 03:38:38,777 - INFO - 📊 变化前: 中心(-0.005, 0.070, 0.611), 半径12.00mm
2025-08-24 03:38:38,777 - INFO - 📊 变化后: 中心(-0.005, 0.070, 0.611), 半径12.00mm
2025-08-24 03:38:38,777 - INFO - 📈 变化量: 中心移动0.00mm, 半径变化0.00mm
2025-08-24 03:38:38,777 - INFO - 📍 眼球中心: [-0.00463666  0.06977939  0.61136733]
2025-08-24 03:38:38,777 - INFO - 📏 眼球半径: 12.00mm
2025-08-24 03:38:38,777 - INFO - 👁️ 瞳孔中心: [-0.00649515  0.06928157  0.60000002]
2025-08-24 03:38:38,777 - INFO - 📐 眼球中心在瞳孔中心的右1.86mm，下0.50mm，后11.37mm
2025-08-24 03:38:38,777 - INFO - 📏 距离: 11.53mm
2025-08-24 03:38:38,777 - INFO - -----------------------------------------------------------------------------------
2025-08-24 03:38:38,778 - INFO - -----------------------------------------------------------------------------------
2025-08-24 03:38:38,778 - INFO - 🔍 迭代第44次，球心向左1.6136e-09mm，向下1.1944e-09mm，向后9.7765e-09mm，半径变小8.9702e-09mm
2025-08-24 03:38:38,778 - INFO - 📊 变化前: 中心(-0.005, 0.070, 0.611), 半径12.00mm
2025-08-24 03:38:38,778 - INFO - 📊 变化后: 中心(-0.005, 0.070, 0.611), 半径12.00mm
2025-08-24 03:38:38,778 - INFO - 📈 变化量: 中心移动0.00mm, 半径变化0.00mm
2025-08-24 03:38:38,778 - INFO - 📍 眼球中心: [-0.00463666  0.06977939  0.61136733]
2025-08-24 03:38:38,778 - INFO - 📏 眼球半径: 12.00mm
2025-08-24 03:38:38,778 - INFO - 👁️ 瞳孔中心: [-0.00649515  0.06928157  0.60000002]
2025-08-24 03:38:38,778 - INFO - 📐 眼球中心在瞳孔中心的右1.86mm，下0.50mm，后11.37mm
2025-08-24 03:38:38,778 - INFO - 📏 距离: 11.53mm
2025-08-24 03:38:38,779 - INFO - -----------------------------------------------------------------------------------
2025-08-24 03:38:38,779 - INFO - -----------------------------------------------------------------------------------
2025-08-24 03:38:38,779 - INFO - 🔍 迭代第45次，球心向左1.6136e-09mm，向下1.1944e-09mm，向后9.7765e-09mm，半径变小8.9702e-09mm
2025-08-24 03:38:38,779 - INFO - 📊 变化前: 中心(-0.005, 0.070, 0.611), 半径12.00mm
2025-08-24 03:38:38,779 - INFO - 📊 变化后: 中心(-0.005, 0.070, 0.611), 半径12.00mm
2025-08-24 03:38:38,779 - INFO - 📈 变化量: 中心移动0.00mm, 半径变化0.00mm
2025-08-24 03:38:38,779 - INFO - 📍 眼球中心: [-0.00463666  0.06977939  0.61136733]
2025-08-24 03:38:38,780 - INFO - 📏 眼球半径: 12.00mm
2025-08-24 03:38:38,780 - INFO - 👁️ 瞳孔中心: [-0.00649515  0.06928157  0.60000002]
2025-08-24 03:38:38,780 - INFO - 📐 眼球中心在瞳孔中心的右1.86mm，下0.50mm，后11.37mm
2025-08-24 03:38:38,780 - INFO - 📏 距离: 11.53mm
2025-08-24 03:38:38,780 - INFO - -----------------------------------------------------------------------------------
2025-08-24 03:38:38,780 - INFO - -----------------------------------------------------------------------------------
2025-08-24 03:38:38,781 - INFO - 🔍 迭代第46次，球心向左1.6136e-09mm，向下1.1944e-09mm，向后9.7765e-09mm，半径变小8.9702e-09mm
2025-08-24 03:38:38,781 - INFO - 📊 变化前: 中心(-0.005, 0.070, 0.611), 半径12.00mm
2025-08-24 03:38:38,781 - INFO - 📊 变化后: 中心(-0.005, 0.070, 0.611), 半径12.00mm
2025-08-24 03:38:38,781 - INFO - 📈 变化量: 中心移动0.00mm, 半径变化0.00mm
2025-08-24 03:38:38,781 - INFO - 📍 眼球中心: [-0.00463666  0.06977939  0.61136733]
2025-08-24 03:38:38,781 - INFO - 📏 眼球半径: 12.00mm
2025-08-24 03:38:38,781 - INFO - 👁️ 瞳孔中心: [-0.00649515  0.06928157  0.60000002]
2025-08-24 03:38:38,782 - INFO - 📐 眼球中心在瞳孔中心的右1.86mm，下0.50mm，后11.37mm
2025-08-24 03:38:38,782 - INFO - 📏 距离: 11.53mm
2025-08-24 03:38:38,782 - INFO - -----------------------------------------------------------------------------------
2025-08-24 03:38:38,783 - INFO - -----------------------------------------------------------------------------------
2025-08-24 03:38:38,783 - INFO - 🔍 迭代第47次，球心向左1.6136e-09mm，向下1.1944e-09mm，向后9.7765e-09mm，半径变小8.9702e-09mm
2025-08-24 03:38:38,784 - INFO - 📊 变化前: 中心(-0.005, 0.070, 0.611), 半径12.00mm
2025-08-24 03:38:38,784 - INFO - 📊 变化后: 中心(-0.005, 0.070, 0.611), 半径12.00mm
2025-08-24 03:38:38,784 - INFO - 📈 变化量: 中心移动0.00mm, 半径变化0.00mm
2025-08-24 03:38:38,784 - INFO - 📍 眼球中心: [-0.00463666  0.06977939  0.61136733]
2025-08-24 03:38:38,784 - INFO - 📏 眼球半径: 12.00mm
2025-08-24 03:38:38,785 - INFO - 👁️ 瞳孔中心: [-0.00649515  0.06928157  0.60000002]
2025-08-24 03:38:38,785 - INFO - 📐 眼球中心在瞳孔中心的右1.86mm，下0.50mm，后11.37mm
2025-08-24 03:38:38,785 - INFO - 📏 距离: 11.53mm
2025-08-24 03:38:38,785 - INFO - -----------------------------------------------------------------------------------
2025-08-24 03:38:38,786 - INFO - -----------------------------------------------------------------------------------
2025-08-24 03:38:38,786 - INFO - 🔍 迭代第48次，球心向左1.6136e-09mm，向下1.1944e-09mm，向后9.7765e-09mm，半径变小8.9702e-09mm
2025-08-24 03:38:38,787 - INFO - 📊 变化前: 中心(-0.005, 0.070, 0.611), 半径12.00mm
2025-08-24 03:38:38,787 - INFO - 📊 变化后: 中心(-0.005, 0.070, 0.611), 半径12.00mm
2025-08-24 03:38:38,787 - INFO - 📈 变化量: 中心移动0.00mm, 半径变化0.00mm
2025-08-24 03:38:38,787 - INFO - 📍 眼球中心: [-0.00463666  0.06977939  0.61136733]
2025-08-24 03:38:38,787 - INFO - 📏 眼球半径: 12.00mm
2025-08-24 03:38:38,787 - INFO - 👁️ 瞳孔中心: [-0.00649515  0.06928157  0.60000002]
2025-08-24 03:38:38,788 - INFO - 📐 眼球中心在瞳孔中心的右1.86mm，下0.50mm，后11.37mm
2025-08-24 03:38:38,788 - INFO - 📏 距离: 11.53mm
2025-08-24 03:38:38,788 - INFO - -----------------------------------------------------------------------------------
2025-08-24 03:38:38,788 - INFO - -----------------------------------------------------------------------------------
2025-08-24 03:38:38,788 - INFO - 🔍 迭代第49次，球心向左1.6136e-09mm，向下1.1944e-09mm，向后9.7765e-09mm，半径变小8.9702e-09mm
2025-08-24 03:38:38,788 - INFO - 📊 变化前: 中心(-0.005, 0.070, 0.611), 半径12.00mm
2025-08-24 03:38:38,788 - INFO - 📊 变化后: 中心(-0.005, 0.070, 0.611), 半径12.00mm
2025-08-24 03:38:38,789 - INFO - 📈 变化量: 中心移动0.00mm, 半径变化0.00mm
2025-08-24 03:38:38,789 - INFO - 📍 眼球中心: [-0.00463666  0.06977939  0.61136733]
2025-08-24 03:38:38,789 - INFO - 📏 眼球半径: 12.00mm
2025-08-24 03:38:38,789 - INFO - 👁️ 瞳孔中心: [-0.00649515  0.06928157  0.60000002]
2025-08-24 03:38:38,789 - INFO - 📐 眼球中心在瞳孔中心的右1.86mm，下0.50mm，后11.37mm
2025-08-24 03:38:38,789 - INFO - 📏 距离: 11.53mm
2025-08-24 03:38:38,789 - INFO - -----------------------------------------------------------------------------------
2025-08-24 03:38:38,789 - WARNING - ⚠️ LM达到最大迭代次数: 50
2025-08-24 03:38:38,789 - WARNING - ⚠️ LM优化未收敛: 参数变化1.34e-11 参数变化阈值1e-06，残差变化inf 残差变化阈值1e-08
2025-08-24 03:38:38,789 - WARNING - ⚠️ LM优化未收敛: 达到最大迭代次数50
2025-08-24 03:38:38,790 - WARNING - ⚠️ 其中最后一次半径有效性为True，几何空间分布良好性为False
2025-08-24 03:38:38,790 - WARNING - ⚠️ LM达到最大迭代次数: 50
2025-08-24 03:38:38,790 - WARNING - ⚠️ LM优化未收敛: 参数变化1.34e-11 参数变化阈值1e-06，残差变化1.50e-02 残差变化阈值1e-08
2025-08-24 03:38:38,790 - INFO - ✅ 优化完成: 最终中心点=(-0.005, 0.070, 0.611), 半径=0.012m
2025-08-24 03:38:38,790 - INFO - 拟合完成 - 拟合结果:
  📍 中心点: (-0.005, 0.070, 0.611)
  📏 半径: 0.01mm
  🔄 收敛状态: ✗ 未收敛
  📊 内点比例: 100.0% (21/21)
  🎯 质量分数: 0.000
  📈 迭代次数: 49
  📉 最终残差: 1.81e-02
2025-08-24 03:38:38,790 - DEBUG - right眼拟合完成: shape=椭球参数 (球体):
  📏 主轴长度: (0.012, 0.012, 0.012) m
  📍 中心坐标: (-0.005, 0.070, 0.611) m
  🔄 旋转矩阵: 3x3 单位矩阵, center=[-0.00463666  0.06977939  0.61136733]
2025-08-24 03:38:38,791 - DEBUG - 右眼拟合完成
2025-08-24 03:38:38,791 - DEBUG - ransac_sphere_eyeball返回结果: {'left': (<project.fitting.config.models.EllipsoidParams object at 0x000001FC31055CD0>, array([0.07081049, 0.07180899, 0.6208465 ])), 'right': (<project.fitting.config.models.EllipsoidParams object at 0x000001FC31055CD0>, array([-0.00463666,  0.06977939,  0.61136733]))}
2025-08-24 03:38:38,791 - DEBUG - ransac_sphere_eyeball执行成功
2025-08-24 03:38:38,791 - INFO - 拟合完成!
2025-08-24 03:38:38,791 - INFO - --------------------------------------------------
2025-08-24 03:38:38,791 - INFO - 拟合结果:
2025-08-24 03:38:38,791 - INFO - 左眼中心: (0.071, 0.072, 0.621)
2025-08-24 03:38:38,791 - INFO - 左眼半径: 12.00mm
2025-08-24 03:38:38,791 - INFO - ------------------------------
2025-08-24 03:38:38,791 - INFO - 左眼关键点分布分析:
2025-08-24 03:38:38,791 - INFO - 瞳孔中心点: 眼球外部, 距离眼球表面: 9.00mm, ✗ 超出规范
2025-08-24 03:38:38,791 - INFO - 虹膜边界点 (4个):
2025-08-24 03:38:38,792 - INFO -   点1: 眼球外部, 距离眼球表面: 10.09mm, ✗ 超出规范
2025-08-24 03:38:38,792 - INFO -   点2: 眼球外部, 距离眼球表面: 10.23mm, ✗ 超出规范
2025-08-24 03:38:38,792 - INFO -   点3: 眼球外部, 距离眼球表面: 10.21mm, ✗ 超出规范
2025-08-24 03:38:38,792 - INFO -   点4: 眼球外部, 距离眼球表面: 9.41mm, ✗ 超出规范
2025-08-24 03:38:38,792 - INFO - 眼睛轮廓点 (16个):
2025-08-24 03:38:38,792 - INFO -   点1: 眼球外部, 距离眼球表面: 14.55mm, ✗ 超出规范
2025-08-24 03:38:38,792 - INFO -   点2: 眼球外部, 距离眼球表面: 13.54mm, ✗ 超出规范
2025-08-24 03:38:38,792 - INFO -   点3: 眼球外部, 距离眼球表面: 11.81mm, ✗ 超出规范
2025-08-24 03:38:38,792 - INFO -   点4: 眼球外部, 距离眼球表面: 10.28mm, ✗ 超出规范
2025-08-24 03:38:38,792 - INFO -   点5: 眼球外部, 距离眼球表面: 9.84mm, ✗ 超出规范
2025-08-24 03:38:38,792 - INFO -   点6: 眼球外部, 距离眼球表面: 10.67mm, ✗ 超出规范
2025-08-24 03:38:38,792 - INFO -   点7: 眼球外部, 距离眼球表面: 11.95mm, ✗ 超出规范
2025-08-24 03:38:38,792 - INFO -   点8: 眼球外部, 距离眼球表面: 13.07mm, ✗ 超出规范
2025-08-24 03:38:38,792 - INFO -   点9: 眼球外部, 距离眼球表面: 14.25mm, ✗ 超出规范
2025-08-24 03:38:38,792 - INFO -   点10: 眼球外部, 距离眼球表面: 12.71mm, ✗ 超出规范
2025-08-24 03:38:38,793 - INFO -   点11: 眼球外部, 距离眼球表面: 11.39mm, ✗ 超出规范
2025-08-24 03:38:38,793 - INFO -   点12: 眼球外部, 距离眼球表面: 10.03mm, ✗ 超出规范
2025-08-24 03:38:38,793 - INFO -   点13: 眼球外部, 距离眼球表面: 9.13mm, ✗ 超出规范
2025-08-24 03:38:38,793 - INFO -   点14: 眼球外部, 距离眼球表面: 9.70mm, ✗ 超出规范
2025-08-24 03:38:38,793 - INFO -   点15: 眼球外部, 距离眼球表面: 11.51mm, ✗ 超出规范
2025-08-24 03:38:38,793 - INFO -   点16: 眼球外部, 距离眼球表面: 13.36mm, ✗ 超出规范
2025-08-24 03:38:38,793 - INFO - 总结: left眼共21个关键点, 0个符合规范, 符合率: 0.0%
2025-08-24 03:38:38,793 - INFO - 数据质量评估: 较差
2025-08-24 03:38:38,793 - INFO - 右眼中心: (-0.005, 0.070, 0.611)
2025-08-24 03:38:38,793 - INFO - 右眼半径: 12.00mm
2025-08-24 03:38:38,793 - INFO - ------------------------------
2025-08-24 03:38:38,793 - INFO - 右眼关键点分布分析:
2025-08-24 03:38:38,793 - INFO - 瞳孔中心点: 眼球内部, 距离眼球表面: 0.47mm, ✗ 超出规范
2025-08-24 03:38:38,793 - INFO - 虹膜边界点 (4个):
2025-08-24 03:38:38,793 - INFO -   点1: 眼球外部, 距离眼球表面: 0.85mm, ✓ 符合规范
2025-08-24 03:38:38,793 - INFO -   点2: 眼球外部, 距离眼球表面: 0.85mm, ✓ 符合规范
2025-08-24 03:38:38,794 - INFO -   点3: 眼球外部, 距离眼球表面: 2.30mm, ✗ 超出规范
2025-08-24 03:38:38,794 - INFO -   点4: 眼球外部, 距离眼球表面: 0.85mm, ✓ 符合规范
2025-08-24 03:38:38,794 - INFO - 眼睛轮廓点 (16个):
2025-08-24 03:38:38,794 - INFO -   点1: 眼球外部, 距离眼球表面: 7.94mm, ✗ 超出规范
2025-08-24 03:38:38,794 - INFO -   点2: 眼球外部, 距离眼球表面: 6.16mm, ✗ 超出规范
2025-08-24 03:38:38,794 - INFO -   点3: 眼球外部, 距离眼球表面: 4.38mm, ✗ 超出规范
2025-08-24 03:38:38,794 - INFO -   点4: 眼球外部, 距离眼球表面: 2.28mm, ✗ 超出规范
2025-08-24 03:38:38,794 - INFO -   点5: 眼球外部, 距离眼球表面: 0.42mm, ✓ 符合规范
2025-08-24 03:38:38,794 - INFO -   点6: 眼球外部, 距离眼球表面: 0.72mm, ✓ 符合规范
2025-08-24 03:38:38,794 - INFO -   点7: 眼球外部, 距离眼球表面: 3.03mm, ✗ 超出规范
2025-08-24 03:38:38,794 - INFO -   点8: 眼球外部, 距离眼球表面: 5.50mm, ✗ 超出规范
2025-08-24 03:38:38,794 - INFO -   点9: 眼球外部, 距离眼球表面: 7.12mm, ✗ 超出规范
2025-08-24 03:38:38,794 - INFO -   点10: 眼球外部, 距离眼球表面: 5.69mm, ✗ 超出规范
2025-08-24 03:38:38,795 - INFO -   点11: 眼球外部, 距离眼球表面: 2.96mm, ✗ 超出规范
2025-08-24 03:38:38,795 - INFO -   点12: 眼球外部, 距离眼球表面: 0.31mm, ✓ 符合规范
2025-08-24 03:38:38,795 - INFO -   点13: 眼球内部, 距离眼球表面: 0.06mm, ✗ 超出规范
2025-08-24 03:38:38,795 - INFO -   点14: 眼球外部, 距离眼球表面: 1.89mm, ✓ 符合规范
2025-08-24 03:38:38,795 - INFO -   点15: 眼球外部, 距离眼球表面: 4.33mm, ✗ 超出规范
2025-08-24 03:38:38,795 - INFO -   点16: 眼球外部, 距离眼球表面: 6.21mm, ✗ 超出规范
2025-08-24 03:38:38,795 - INFO - 总结: right眼共21个关键点, 7个符合规范, 符合率: 33.3%
2025-08-24 03:38:38,795 - INFO - 数据质量评估: 较差
2025-08-24 03:38:38,795 - INFO - ==================================================
