2025-08-25 02:31:59,367 - INFO - 日志文件创建: logs\recognition_20250825_023159.log
2025-08-25 02:32:03,433 - INFO - DEBUG: self._rgb_d = False
2025-08-25 02:32:03,433 - INFO - DEBUG: 检测到 478 个关键点
2025-08-25 02:32:03,433 - INFO - DEBUG: 不使用RGB-D相机，开始修改深度图
2025-08-25 02:32:03,433 - INFO - DEBUG: _set_depth_map_without_rgb_d 开始执行
2025-08-25 02:32:03,436 - INFO - DEBUG: 输入深度图形状: (480, 640)
2025-08-25 02:32:03,436 - INFO - DEBUG: 输入深度图数据类型: float32
2025-08-25 02:32:03,436 - INFO - DEBUG: 输入深度图值范围: 600.000000 ~ 600.000000
2025-08-25 02:32:03,448 - INFO - DEBUG: 关键点数量: 478
2025-08-25 02:32:03,448 - INFO - DEBUG: 第一个关键点示例: [360.34420013427734, 335.1367950439453, -0.045504096895456314, 1.0]
2025-08-25 02:32:03,451 - INFO - DEBUG: 创建深度图副本，形状: (480, 640)
2025-08-25 02:32:03,452 - INFO - DEBUG: 关键点 0: 位置(360, 335), 原始深度: 600.000000, z值: -0.045504, 新深度: 595.449590
2025-08-25 02:32:03,452 - INFO - DEBUG: 关键点 1: 位置(361, 306), 原始深度: 600.000000, z值: -0.070066, 新深度: 592.993390
2025-08-25 02:32:03,452 - INFO - DEBUG: 关键点 2: 位置(361, 316), 原始深度: 600.000000, z值: -0.040583, 新深度: 595.941672
2025-08-25 02:32:03,454 - INFO - DEBUG: 关键点 3: 位置(353, 280), 原始深度: 600.000000, z值: -0.047168, 新深度: 595.283205
2025-08-25 02:32:03,456 - INFO - DEBUG: 关键点 4: 位置(361, 298), 原始深度: 600.000000, z值: -0.072767, 新深度: 592.723287
2025-08-25 02:32:03,462 - INFO - DEBUG: 成功修改了 478 个关键点位置的深度值
2025-08-25 02:32:03,462 - INFO - DEBUG: 修改后深度图值范围: 592.723267 ~ 614.658569
2025-08-25 02:32:03,466 - INFO - DEBUG: 深度图修改完成，原始深度图形状: (480, 640), 修改后深度图形状: (480, 640)
2025-08-25 02:32:03,466 - INFO - DEBUG: _convert_depth_to_meters: depth_scale = 0.001
2025-08-25 02:32:03,466 - INFO - DEBUG: _convert_depth_to_meters: 输入深度图值范围: 592.723267 ~ 614.658569
2025-08-25 02:32:03,469 - INFO - DEBUG: _convert_depth_to_meters: 转换后深度图值范围: 0.592723 ~ 0.614659
2025-08-25 02:32:03,469 - INFO - 坐标转换器初始化完成，相机参数：fx=450.0, fy=450.0, cx=320.0, cy=240.0
2025-08-25 02:32:03,471 - INFO - 坐标转换器初始化完成，相机参数：fx=450.0, fy=450.0, cx=320.0, cy=240.0
2025-08-25 02:32:03,471 - INFO - 坐标转换器初始化完成，相机参数：fx=450.0, fy=450.0, cx=320.0, cy=240.0
2025-08-25 02:32:03,471 - INFO - 批量转换完成：成功 4/4 个关键点
2025-08-25 02:32:03,471 - INFO - 坐标转换器初始化完成，相机参数：fx=450.0, fy=450.0, cx=320.0, cy=240.0
2025-08-25 02:32:03,471 - INFO - 批量转换完成：成功 4/4 个关键点
2025-08-25 02:32:03,471 - INFO - 坐标转换器初始化完成，相机参数：fx=450.0, fy=450.0, cx=320.0, cy=240.0
2025-08-25 02:32:03,473 - INFO - 批量转换完成：成功 16/16 个关键点
2025-08-25 02:32:03,473 - INFO - 坐标转换器初始化完成，相机参数：fx=450.0, fy=450.0, cx=320.0, cy=240.0
2025-08-25 02:32:03,475 - INFO - 批量转换完成：成功 16/16 个关键点
2025-08-25 02:32:03,477 - INFO - 坐标转换器初始化完成，相机参数：fx=450.0, fy=450.0, cx=320.0, cy=240.0
2025-08-25 02:32:03,477 - INFO - 批量转换完成：成功 10/10 个关键点
2025-08-25 02:32:03,479 - INFO - 坐标转换器初始化完成，相机参数：fx=450.0, fy=450.0, cx=320.0, cy=240.0
2025-08-25 02:32:03,479 - INFO - 批量转换完成：成功 10/10 个关键点
2025-08-25 02:32:03,479 - INFO - 坐标转换器初始化完成，相机参数：fx=450.0, fy=450.0, cx=320.0, cy=240.0
2025-08-25 02:32:03,479 - INFO - 批量转换完成：成功 10/10 个关键点
2025-08-25 02:32:03,479 - INFO - 坐标转换器初始化完成，相机参数：fx=450.0, fy=450.0, cx=320.0, cy=240.0
2025-08-25 02:32:03,479 - INFO - 批量转换完成：成功 10/10 个关键点
2025-08-25 02:32:03,508 - INFO - ==================================================
2025-08-25 02:32:03,510 - INFO - 眼动追踪数据测评
2025-08-25 02:32:03,510 - INFO - ==================================================
2025-08-25 02:32:03,510 - INFO - 瞳孔中心: 左(0.101333, 0.022667, 0.600000) | 右(-0.008000, 0.029333, 0.600000)
2025-08-25 02:32:03,510 - INFO - 瞳孔中心详细坐标:
2025-08-25 02:32:03,512 - INFO -   左眼: X=0.101333, Y=0.022667, Z=0.600000, Visibility=1.000000
2025-08-25 02:32:03,512 - INFO -   右眼: X=-0.008000, Y=0.029333, Z=0.600000, Visibility=1.000000
2025-08-25 02:32:03,512 - INFO - 虹膜边界: 左眼4个点 | 右眼4个点
2025-08-25 02:32:03,512 - INFO - 虹膜边界详细坐标:
2025-08-25 02:32:03,512 - INFO -   左眼虹膜边界点:
2025-08-25 02:32:03,512 - INFO -     点1: X=0.112265, Y=0.023440, Z=0.601206, Visibility=1.000000
2025-08-25 02:32:03,512 - INFO -     点2: X=0.102027, Y=0.015250, Z=0.600741, Visibility=1.000000
2025-08-25 02:32:03,512 - INFO -     点3: X=0.092347, Y=0.023747, Z=0.601647, Visibility=1.000000
2025-08-25 02:32:03,512 - INFO -     点4: X=0.102412, Y=0.032037, Z=0.601419, Visibility=1.000000
2025-08-25 02:32:03,512 - INFO -   右眼虹膜边界点:
2025-08-25 02:32:03,512 - INFO -     点1: X=0.003699, Y=0.028968, Z=0.601016, Visibility=1.000000
2025-08-25 02:32:03,512 - INFO -     点2: X=-0.007470, Y=0.021236, Z=0.601018, Visibility=1.000000
2025-08-25 02:32:03,512 - INFO -     点3: X=-0.017412, Y=0.031103, Z=0.601317, Visibility=1.000000
2025-08-25 02:32:03,512 - INFO -     点4: X=-0.006171, Y=0.038711, Z=0.601145, Visibility=1.000000
2025-08-25 02:32:03,512 - INFO - 眼睛轮廓: 左眼16个点 | 右眼16个点
2025-08-25 02:32:03,512 - INFO - 眼睛轮廓详细坐标 (显示前5个点):
2025-08-25 02:32:03,512 - INFO -   左眼轮廓点:
2025-08-25 02:32:03,512 - INFO -     点1: X=0.080498, Y=0.027911, Z=0.601584, Visibility=1.000000
2025-08-25 02:32:03,512 - INFO -     点2: X=0.083253, Y=0.025035, Z=0.601122, Visibility=1.000000
2025-08-25 02:32:03,512 - INFO -     点3: X=0.089416, Y=0.020904, Z=0.601209, Visibility=1.000000
2025-08-25 02:32:03,512 - INFO -     点4: X=0.098014, Y=0.018302, Z=0.600752, Visibility=1.000000
2025-08-25 02:32:03,512 - INFO -     点5: X=0.106578, Y=0.017999, Z=0.600798, Visibility=1.000000
2025-08-25 02:32:03,512 - INFO -     ... 还有11个点
2025-08-25 02:32:03,512 - INFO -   右眼轮廓点:
2025-08-25 02:32:03,512 - INFO -     点1: X=-0.027608, Y=0.032174, Z=0.601815, Visibility=1.000000
2025-08-25 02:32:03,512 - INFO -     点2: X=-0.023741, Y=0.033910, Z=0.601229, Visibility=1.000000
2025-08-25 02:32:03,512 - INFO -     点3: X=-0.019815, Y=0.034870, Z=0.601580, Visibility=1.000000
2025-08-25 02:32:03,518 - INFO -     点4: X=-0.014282, Y=0.035696, Z=0.600864, Visibility=1.000000
2025-08-25 02:32:03,518 - INFO -     点5: X=-0.005953, Y=0.035815, Z=0.600652, Visibility=1.000000
2025-08-25 02:32:03,518 - INFO -     ... 还有11个点
2025-08-25 02:32:03,518 - INFO - --------------------------------------------------
2025-08-25 02:32:03,518 - INFO - 开始RANSAC球体拟合...
2025-08-25 02:32:03,518 - DEBUG - ransac_sphere_eyeball函数开始
2025-08-25 02:32:03,518 - DEBUG - key_coordinates类型: <class 'dict'>
2025-08-25 02:32:03,518 - DEBUG - center_fitter类型: <class 'function'>
2025-08-25 02:32:03,518 - DEBUG - _EyeCenterFitter.__new__: cls._instance=None
2025-08-25 02:32:03,518 - DEBUG - 创建新的单例实例
2025-08-25 02:32:03,518 - DEBUG - _EyeCenterFitter.__init__开始
2025-08-25 02:32:03,518 - DEBUG - key_coordinates类型: <class 'dict'>
2025-08-25 02:32:03,518 - DEBUG - key_coordinates键: ['pupil_center', 'iris_boundaries', 'eye_contours', 'eye_sockets', 'eyelid_points']
2025-08-25 02:32:03,518 - DEBUG - _EyeCenterFitter.__init__完成
2025-08-25 02:32:03,518 - DEBUG - _EyeCenterFitter实例创建成功
2025-08-25 02:32:03,518 - DEBUG - _update_key_coordinates开始
2025-08-25 02:32:03,518 - DEBUG - 新key_coordinates类型: <class 'dict'>
2025-08-25 02:32:03,518 - DEBUG - 新key_coordinates键: ['pupil_center', 'iris_boundaries', 'eye_contours', 'eye_sockets', 'eyelid_points']
2025-08-25 02:32:03,518 - DEBUG - pupil_center: <class 'dict'>
2025-08-25 02:32:03,518 - DEBUG -   left: <class 'numpy.ndarray'>
2025-08-25 02:32:03,518 - DEBUG -     array形状: (4,)
2025-08-25 02:32:03,518 - DEBUG -   right: <class 'numpy.ndarray'>
2025-08-25 02:32:03,518 - DEBUG -     array形状: (4,)
2025-08-25 02:32:03,518 - DEBUG - iris_boundaries: <class 'dict'>
2025-08-25 02:32:03,518 - DEBUG -   left: <class 'list'>
2025-08-25 02:32:03,518 - DEBUG -     list长度: 4
2025-08-25 02:32:03,518 - DEBUG -     第一个元素类型: <class 'numpy.ndarray'>
2025-08-25 02:32:03,518 - DEBUG -   right: <class 'list'>
2025-08-25 02:32:03,518 - DEBUG -     list长度: 4
2025-08-25 02:32:03,518 - DEBUG -     第一个元素类型: <class 'numpy.ndarray'>
2025-08-25 02:32:03,518 - DEBUG - eye_contours: <class 'dict'>
2025-08-25 02:32:03,518 - DEBUG -   left: <class 'list'>
2025-08-25 02:32:03,518 - DEBUG -     list长度: 16
2025-08-25 02:32:03,518 - DEBUG -     第一个元素类型: <class 'numpy.ndarray'>
2025-08-25 02:32:03,524 - DEBUG -   right: <class 'list'>
2025-08-25 02:32:03,524 - DEBUG -     list长度: 16
2025-08-25 02:32:03,524 - DEBUG -     第一个元素类型: <class 'numpy.ndarray'>
2025-08-25 02:32:03,524 - DEBUG - eye_sockets: <class 'dict'>
2025-08-25 02:32:03,527 - DEBUG -   left: <class 'list'>
2025-08-25 02:32:03,528 - DEBUG -     list长度: 10
2025-08-25 02:32:03,529 - DEBUG -     第一个元素类型: <class 'numpy.ndarray'>
2025-08-25 02:32:03,529 - DEBUG -   right: <class 'list'>
2025-08-25 02:32:03,529 - DEBUG -     list长度: 10
2025-08-25 02:32:03,529 - DEBUG -     第一个元素类型: <class 'numpy.ndarray'>
2025-08-25 02:32:03,529 - DEBUG - eyelid_points: <class 'dict'>
2025-08-25 02:32:03,529 - DEBUG -   left: <class 'list'>
2025-08-25 02:32:03,529 - DEBUG -     list长度: 10
2025-08-25 02:32:03,529 - DEBUG -     第一个元素类型: <class 'numpy.ndarray'>
2025-08-25 02:32:03,529 - DEBUG -   right: <class 'list'>
2025-08-25 02:32:03,529 - DEBUG -     list长度: 10
2025-08-25 02:32:03,529 - DEBUG -     第一个元素类型: <class 'numpy.ndarray'>
2025-08-25 02:32:03,529 - DEBUG - _update_key_coordinates完成
2025-08-25 02:32:03,529 - DEBUG - key_coordinates更新成功
2025-08-25 02:32:03,529 - DEBUG - ransac_sphere_eyeball开始
2025-08-25 02:32:03,529 - DEBUG - 当前trials_times: 0
2025-08-25 02:32:03,529 - DEBUG - center_fitter类型: <class 'function'>
2025-08-25 02:32:03,529 - DEBUG - _fit_one_eye开始: eye_key=left
2025-08-25 02:32:03,529 - DEBUG - 更新trials_times: 1
2025-08-25 02:32:03,529 - DEBUG - 开始提取left眼关键点坐标
2025-08-25 02:32:03,529 - DEBUG - _extract_eye_key_coordinates开始: eye_key=left
2025-08-25 02:32:03,534 - DEBUG - self._key_coordinates: {'pupil_center': {'left': array([0.10133334, 0.02266667, 0.60000002, 1.        ]), 'right': array([-0.008     ,  0.02933333,  0.60000002,  1.        ])}, 'iris_boundaries': {'left': [array([0.11226536, 0.02343999, 0.60120577, 1.        ]), array([0.102027  , 0.01525037, 0.60074133, 1.        ]), array([0.09234722, 0.02374746, 0.60164732, 1.        ]), array([0.10241192, 0.03203693, 0.60141855, 1.        ])], 'right': [array([0.00369929, 0.02896803, 0.60101593, 1.        ]), array([-0.00747041,  0.02123622,  0.60101771,  1.        ]), array([-0.01741202,  0.03110262,  0.60131693,  1.        ]), array([-0.00617092,  0.03871056,  0.60114521,  1.        ])]}, 'eye_contours': {'left': [array([0.08049795, 0.02791084, 0.6015836 , 1.        ]), array([0.08325324, 0.02503548, 0.60112208, 1.        ]), array([0.08941644, 0.02090414, 0.60120851, 1.        ]), array([0.09801387, 0.01830249, 0.60075229, 1.        ]), array([0.10657818, 0.01799944, 0.60079771, 1.        ]), array([0.11493505, 0.01950095, 0.60124391, 1.        ]), array([0.12017602, 0.02171421, 0.60169339, 1.        ]), array([0.12318067, 0.02340882, 0.60129565, 1.        ]), array([0.12581543, 0.02493623, 0.6021558 , 1.        ]), array([0.12212354, 0.02720311, 0.60109013, 1.        ]), array([0.11844681, 0.02867588, 0.60098815, 1.        ]), array([0.11319016, 0.03012982, 0.60095572, 1.        ]), array([0.10513775, 0.03109802, 0.60098773, 1.        ]), array([0.09686001, 0.03081773, 0.60091519, 1.        ]), array([0.08887027, 0.02964701, 0.60091746, 1.        ]), array([0.08336998, 0.02890417, 0.60084325, 1.        ])], 'right': [array([-0.02760829,  0.03217433,  0.60181499,  1.        ]), array([-0.02374106,  0.03390985,  0.60122919,  1.        ]), array([-0.01981522,  0.03486983,  0.60157984,  1.        ]), array([-0.01428198,  0.03569634,  0.60086375,  1.        ]), array([-0.00595309,  0.03581541,  0.6006515 ,  1.        ]), array([0.00240785, 0.03468904, 0.60113454, 1.        ]), array([0.01040125, 0.03259784, 0.60077256, 1.        ]), array([0.01587793, 0.03121525, 0.60108352, 1.        ]), array([0.01883704, 0.03004156, 0.60092372, 1.        ]), array([0.01584899, 0.02801867, 0.60153043, 1.        ]), array([0.00940748, 0.02562919, 0.6012761 , 1.        ]), array([5.42176814e-04, 2.46367750e-02, 6.00429773e-01, 1.00000000e+00]), array([-0.00771554,  0.02505288,  0.60081249,  1.        ]), array([-0.01602734,  0.02688105,  0.60143602,  1.        ]), array([-0.02152683,  0.02903522,  0.60127175,  1.        ]), array([-0.02486975,  0.03069111,  0.60138953,  1.        ])]}, 'eye_sockets': {'left': [array([ 0.14890639, -0.0020351 ,  0.6013056 ,  1.        ]), array([ 0.1385584 , -0.0135777 ,  0.60151118,  1.        ]), array([ 0.12225486, -0.02043872,  0.60055125,  1.        ]), array([ 0.10078988, -0.02149081,  0.59999233,  1.        ]), array([ 0.07568309, -0.01937454,  0.5996905 ,  1.        ]), array([ 0.07252198, -0.00466223,  0.59984565,  1.        ]), array([ 0.09899399, -0.01297108,  0.600025  ,  1.        ]), array([ 0.11832416, -0.01237539,  0.6004281 ,  1.        ]), array([ 0.13250425, -0.00706013,  0.60105729,  1.        ]), array([0.14243616, 0.00211385, 0.60114133, 1.        ])], 'right': [array([-0.05136613,  0.00932468,  0.60218495,  1.        ]), array([-0.04012951, -0.00263647,  0.60201728,  1.        ]), array([-0.02361429, -0.01094745,  0.60045767,  1.        ]), array([-0.00206491, -0.01412024,  0.59988523,  1.        ]), array([ 0.02299945, -0.01461648,  0.59936595,  1.        ]), array([ 2.68431637e-02, -4.06059400e-04,  5.99611521e-01,  1.00000000e+00]), array([ 6.54955033e-05, -5.89917185e-03,  5.99857450e-01,  1.00000000e+00]), array([-0.01948752, -0.00349947,  0.60014987,  1.        ]), array([-0.03381874,  0.00307497,  0.6005767 ,  1.        ]), array([-0.04422222,  0.01276151,  0.60121024,  1.        ])]}, 'eyelid_points': {'left': [array([0.16279109, 0.05503464, 0.60408837, 1.        ]), array([0.14127741, 0.05294254, 0.601367  , 1.        ]), array([0.12809659, 0.05633847, 0.60127884, 1.        ]), array([0.1082065 , 0.0546391 , 0.60094583, 1.        ]), array([0.0934907 , 0.05041915, 0.60061884, 1.        ]), array([0.08227809, 0.04550828, 0.60030955, 1.        ]), array([0.083804  , 0.06444599, 0.59937096, 1.        ]), array([0.09360017, 0.07289755, 0.59959638, 1.        ]), array([0.10642801, 0.08129951, 0.59948885, 1.        ]), array([0.12324954, 0.09436797, 0.59988427, 1.        ])], 'right': [array([-0.06232501,  0.06568665,  0.60253656,  1.        ]), array([-0.04275676,  0.06186037,  0.60161287,  1.        ]), array([-0.02844352,  0.06396043,  0.60069263,  1.        ]), array([-0.00778415,  0.06037013,  0.60037893,  1.        ]), array([0.00714434, 0.0546547 , 0.60029209, 1.        ]), array([0.0184472, 0.048456 , 0.600137 , 1.       ]), array([0.02125279, 0.06722563, 0.59929693, 1.        ]), array([0.01187651, 0.07643608, 0.59939599, 1.        ]), array([-1.82519875e-04,  8.59930840e-02,  5.99496603e-01,  1.00000000e+00]), array([-0.01597743,  0.10057737,  0.599581  ,  1.        ])]}}
2025-08-25 02:32:03,534 - DEBUG - 提取瞳孔中心
2025-08-25 02:32:03,534 - DEBUG - pupil_center: {'left': array([0.10133334, 0.02266667, 0.60000002, 1.        ]), 'right': array([-0.008     ,  0.02933333,  0.60000002,  1.        ])}
2025-08-25 02:32:03,534 - DEBUG - pupil_center类型: <class 'dict'>
2025-08-25 02:32:03,541 - DEBUG - eye_pupil: [0.10133334 0.02266667 0.60000002 1.        ]
2025-08-25 02:32:03,541 - DEBUG - eye_pupil类型: <class 'numpy.ndarray'>
2025-08-25 02:32:03,541 - DEBUG - eye_pupil形状: (4,)
2025-08-25 02:32:03,541 - DEBUG - 提取虹膜边界
2025-08-25 02:32:03,545 - DEBUG - iris_boundaries: {'left': [array([0.11226536, 0.02343999, 0.60120577, 1.        ]), array([0.102027  , 0.01525037, 0.60074133, 1.        ]), array([0.09234722, 0.02374746, 0.60164732, 1.        ]), array([0.10241192, 0.03203693, 0.60141855, 1.        ])], 'right': [array([0.00369929, 0.02896803, 0.60101593, 1.        ]), array([-0.00747041,  0.02123622,  0.60101771,  1.        ]), array([-0.01741202,  0.03110262,  0.60131693,  1.        ]), array([-0.00617092,  0.03871056,  0.60114521,  1.        ])]}
2025-08-25 02:32:03,545 - DEBUG - iris_boundaries类型: <class 'dict'>
2025-08-25 02:32:03,545 - DEBUG - eye_iris: [array([0.11226536, 0.02343999, 0.60120577, 1.        ]), array([0.102027  , 0.01525037, 0.60074133, 1.        ]), array([0.09234722, 0.02374746, 0.60164732, 1.        ]), array([0.10241192, 0.03203693, 0.60141855, 1.        ])]
2025-08-25 02:32:03,545 - DEBUG - eye_iris类型: <class 'list'>
2025-08-25 02:32:03,545 - DEBUG - eye_iris长度: 4
2025-08-25 02:32:03,545 - DEBUG - 第一个元素类型: <class 'numpy.ndarray'>
2025-08-25 02:32:03,545 - DEBUG - 第一个元素形状: (4,)
2025-08-25 02:32:03,545 - DEBUG - 提取眼睛轮廓
2025-08-25 02:32:03,545 - DEBUG - eye_contours: {'left': [array([0.08049795, 0.02791084, 0.6015836 , 1.        ]), array([0.08325324, 0.02503548, 0.60112208, 1.        ]), array([0.08941644, 0.02090414, 0.60120851, 1.        ]), array([0.09801387, 0.01830249, 0.60075229, 1.        ]), array([0.10657818, 0.01799944, 0.60079771, 1.        ]), array([0.11493505, 0.01950095, 0.60124391, 1.        ]), array([0.12017602, 0.02171421, 0.60169339, 1.        ]), array([0.12318067, 0.02340882, 0.60129565, 1.        ]), array([0.12581543, 0.02493623, 0.6021558 , 1.        ]), array([0.12212354, 0.02720311, 0.60109013, 1.        ]), array([0.11844681, 0.02867588, 0.60098815, 1.        ]), array([0.11319016, 0.03012982, 0.60095572, 1.        ]), array([0.10513775, 0.03109802, 0.60098773, 1.        ]), array([0.09686001, 0.03081773, 0.60091519, 1.        ]), array([0.08887027, 0.02964701, 0.60091746, 1.        ]), array([0.08336998, 0.02890417, 0.60084325, 1.        ])], 'right': [array([-0.02760829,  0.03217433,  0.60181499,  1.        ]), array([-0.02374106,  0.03390985,  0.60122919,  1.        ]), array([-0.01981522,  0.03486983,  0.60157984,  1.        ]), array([-0.01428198,  0.03569634,  0.60086375,  1.        ]), array([-0.00595309,  0.03581541,  0.6006515 ,  1.        ]), array([0.00240785, 0.03468904, 0.60113454, 1.        ]), array([0.01040125, 0.03259784, 0.60077256, 1.        ]), array([0.01587793, 0.03121525, 0.60108352, 1.        ]), array([0.01883704, 0.03004156, 0.60092372, 1.        ]), array([0.01584899, 0.02801867, 0.60153043, 1.        ]), array([0.00940748, 0.02562919, 0.6012761 , 1.        ]), array([5.42176814e-04, 2.46367750e-02, 6.00429773e-01, 1.00000000e+00]), array([-0.00771554,  0.02505288,  0.60081249,  1.        ]), array([-0.01602734,  0.02688105,  0.60143602,  1.        ]), array([-0.02152683,  0.02903522,  0.60127175,  1.        ]), array([-0.02486975,  0.03069111,  0.60138953,  1.        ])]}
2025-08-25 02:32:03,545 - DEBUG - eye_contours类型: <class 'dict'>
2025-08-25 02:32:03,551 - DEBUG - eye_contour: [array([0.08049795, 0.02791084, 0.6015836 , 1.        ]), array([0.08325324, 0.02503548, 0.60112208, 1.        ]), array([0.08941644, 0.02090414, 0.60120851, 1.        ]), array([0.09801387, 0.01830249, 0.60075229, 1.        ]), array([0.10657818, 0.01799944, 0.60079771, 1.        ]), array([0.11493505, 0.01950095, 0.60124391, 1.        ]), array([0.12017602, 0.02171421, 0.60169339, 1.        ]), array([0.12318067, 0.02340882, 0.60129565, 1.        ]), array([0.12581543, 0.02493623, 0.6021558 , 1.        ]), array([0.12212354, 0.02720311, 0.60109013, 1.        ]), array([0.11844681, 0.02867588, 0.60098815, 1.        ]), array([0.11319016, 0.03012982, 0.60095572, 1.        ]), array([0.10513775, 0.03109802, 0.60098773, 1.        ]), array([0.09686001, 0.03081773, 0.60091519, 1.        ]), array([0.08887027, 0.02964701, 0.60091746, 1.        ]), array([0.08336998, 0.02890417, 0.60084325, 1.        ])]
2025-08-25 02:32:03,551 - DEBUG - eye_contour类型: <class 'list'>
2025-08-25 02:32:03,551 - DEBUG - eye_contour长度: 16
2025-08-25 02:32:03,551 - DEBUG - 第一个元素类型: <class 'numpy.ndarray'>
2025-08-25 02:32:03,551 - DEBUG - 第一个元素形状: (4,)
2025-08-25 02:32:03,551 - DEBUG - _extract_eye_key_coordinates完成: {'pupil_center': array([0.10133334, 0.02266667, 0.60000002, 1.        ]), 'iris_boundaries': [array([0.11226536, 0.02343999, 0.60120577, 1.        ]), array([0.102027  , 0.01525037, 0.60074133, 1.        ]), array([0.09234722, 0.02374746, 0.60164732, 1.        ]), array([0.10241192, 0.03203693, 0.60141855, 1.        ])], 'eye_contours': [array([0.08049795, 0.02791084, 0.6015836 , 1.        ]), array([0.08325324, 0.02503548, 0.60112208, 1.        ]), array([0.08941644, 0.02090414, 0.60120851, 1.        ]), array([0.09801387, 0.01830249, 0.60075229, 1.        ]), array([0.10657818, 0.01799944, 0.60079771, 1.        ]), array([0.11493505, 0.01950095, 0.60124391, 1.        ]), array([0.12017602, 0.02171421, 0.60169339, 1.        ]), array([0.12318067, 0.02340882, 0.60129565, 1.        ]), array([0.12581543, 0.02493623, 0.6021558 , 1.        ]), array([0.12212354, 0.02720311, 0.60109013, 1.        ]), array([0.11844681, 0.02867588, 0.60098815, 1.        ]), array([0.11319016, 0.03012982, 0.60095572, 1.        ]), array([0.10513775, 0.03109802, 0.60098773, 1.        ]), array([0.09686001, 0.03081773, 0.60091519, 1.        ]), array([0.08887027, 0.02964701, 0.60091746, 1.        ]), array([0.08336998, 0.02890417, 0.60084325, 1.        ])]}
2025-08-25 02:32:03,551 - DEBUG - left眼关键点坐标: {'pupil_center': array([0.10133334, 0.02266667, 0.60000002, 1.        ]), 'iris_boundaries': [array([0.11226536, 0.02343999, 0.60120577, 1.        ]), array([0.102027  , 0.01525037, 0.60074133, 1.        ]), array([0.09234722, 0.02374746, 0.60164732, 1.        ]), array([0.10241192, 0.03203693, 0.60141855, 1.        ])], 'eye_contours': [array([0.08049795, 0.02791084, 0.6015836 , 1.        ]), array([0.08325324, 0.02503548, 0.60112208, 1.        ]), array([0.08941644, 0.02090414, 0.60120851, 1.        ]), array([0.09801387, 0.01830249, 0.60075229, 1.        ]), array([0.10657818, 0.01799944, 0.60079771, 1.        ]), array([0.11493505, 0.01950095, 0.60124391, 1.        ]), array([0.12017602, 0.02171421, 0.60169339, 1.        ]), array([0.12318067, 0.02340882, 0.60129565, 1.        ]), array([0.12581543, 0.02493623, 0.6021558 , 1.        ]), array([0.12212354, 0.02720311, 0.60109013, 1.        ]), array([0.11844681, 0.02867588, 0.60098815, 1.        ]), array([0.11319016, 0.03012982, 0.60095572, 1.        ]), array([0.10513775, 0.03109802, 0.60098773, 1.        ]), array([0.09686001, 0.03081773, 0.60091519, 1.        ]), array([0.08887027, 0.02964701, 0.60091746, 1.        ]), array([0.08336998, 0.02890417, 0.60084325, 1.        ])]}
2025-08-25 02:32:03,551 - DEBUG - 调用center_fitter进行拟合
2025-08-25 02:32:03,551 - DEBUG - 🆕 创建新的CenterFitter单例实例
2025-08-25 02:32:03,551 - DEBUG - CenterFitter单例初始化完成
2025-08-25 02:32:03,558 - INFO - 🔍 开始眼球拟合: trials_times=1, strategy=None
2025-08-25 02:32:03,558 - DEBUG - 🔍 对象状态检查: _initialized=True, _strategy_functions=True
2025-08-25 02:32:03,558 - DEBUG - 🔍 策略函数映射表: ['constrained_lm', 'constrained_ransac_lm', 'ellipsoid_fallback', 'fail']
2025-08-25 02:32:03,559 - INFO - 📋 数据预处理完成: 总点数=21, 平均visibility=1.000
2025-08-25 02:32:03,559 - INFO -   📍 pupil_center: 1点, 平均visibility=1.000
2025-08-25 02:32:03,561 - INFO -   📍 iris_boundaries: 4点, 平均visibility=1.000
2025-08-25 02:32:03,561 - INFO -   📍 eye_contours: 16点, 平均visibility=1.000
2025-08-25 02:32:03,561 - INFO - 📊 自动选择拟合策略: constrained_lm
2025-08-25 02:32:03,561 - INFO - 🚀 执行拟合策略: constrained_lm
2025-08-25 02:32:03,561 - DEBUG - 📊 采样数据已更新: full, 点数=21
2025-08-25 02:32:03,561 - INFO - 📊 全部采样完成: 采样点数=21
2025-08-25 02:32:03,561 - INFO - 📊 使用全部采样策略: 21个点
2025-08-25 02:32:03,561 - INFO - 🔄 开始约束LM优化...
2025-08-25 02:32:03,561 - DEBUG - 🔍 约束优化开始:
2025-08-25 02:32:03,561 - DEBUG -    目标函数: Φ(θ) = F(θ) + (1/2)λ_depth * h(θ)²
2025-08-25 02:32:03,561 - DEBUG -    数据项: F(θ) = (1/2)∑w_i(||p_i - c|| - (r + δ_i))²
2025-08-25 02:32:03,561 - DEBUG -    约束项: h(θ) = max{0, ε + z_max - c_z}
2025-08-25 02:32:03,561 - INFO - 🔧 开始参数初始化...
2025-08-25 02:32:03,561 - DEBUG - 🔍 参数初始化开始:
2025-08-25 02:32:03,561 - INFO - 🔍 虹膜边界点数量: 4
2025-08-25 02:32:03,561 - DEBUG -    虹膜点数据:
2025-08-25 02:32:03,561 - DEBUG -      形状: (4, 3)
2025-08-25 02:32:03,561 - DEBUG -      前3个点: [[0.11226536 0.02343999 0.60120577]
 [0.102027   0.01525037 0.60074133]
 [0.09234722 0.02374746 0.60164732]]
2025-08-25 02:32:03,561 - DEBUG -      所有点: [[0.11226536 0.02343999 0.60120577]
 [0.102027   0.01525037 0.60074133]
 [0.09234722 0.02374746 0.60164732]
 [0.10241192 0.03203693 0.60141855]]
2025-08-25 02:32:03,561 - DEBUG -    随机选择3个点，索引: [3 0 2]
2025-08-25 02:32:03,561 - DEBUG -    选中的点:
2025-08-25 02:32:03,561 - DEBUG -      形状: (3, 3)
2025-08-25 02:32:03,567 - DEBUG -      坐标: [[0.10241192 0.03203693 0.60141855]
 [0.11226536 0.02343999 0.60120577]
 [0.09234722 0.02374746 0.60164732]]
2025-08-25 02:32:03,567 - INFO - 🔧 开始2D圆拟合...
2025-08-25 02:32:03,567 - DEBUG - 🔍 2D圆拟合开始:
2025-08-25 02:32:03,567 - DEBUG -    输入点: [[0.10241192 0.03203693 0.60141855]
 [0.11226536 0.02343999 0.60120577]
 [0.09234722 0.02374746 0.60164732]]
2025-08-25 02:32:03,569 - DEBUG -    点数量: 3
2025-08-25 02:32:03,569 - DEBUG -    坐标提取:
2025-08-25 02:32:03,569 - DEBUG -      X坐标: [0.10241192 0.11226536 0.09234722]
2025-08-25 02:32:03,569 - DEBUG -      Y坐标: [0.03203693 0.02343999 0.02374746]
2025-08-25 02:32:03,569 - DEBUG -    线性方程组:
2025-08-25 02:32:03,569 - DEBUG -      系数矩阵 A:
[[0.20482383 0.06407386 1.        ]
 [0.22453072 0.04687999 1.        ]
 [0.18469444 0.04749493 1.        ]]
2025-08-25 02:32:03,569 - DEBUG -      常数向量 b: [[0.01151457]
 [0.01315294]
 [0.00909195]]
2025-08-25 02:32:03,569 - DEBUG -    线性方程组求解结果:
2025-08-25 02:32:03,569 - DEBUG -      解向量: [[ 0.10228078]
 [ 0.02194136]
 [-0.01084084]]
2025-08-25 02:32:03,569 - DEBUG -    圆心和半径计算:
2025-08-25 02:32:03,569 - DEBUG -      圆心X坐标: 0.102281
2025-08-25 02:32:03,569 - DEBUG -      圆心Y坐标: 0.021941
2025-08-25 02:32:03,569 - DEBUG -      圆心: [0.10228078 0.02194136]
2025-08-25 02:32:03,569 - DEBUG -      常数c: -0.010841
2025-08-25 02:32:03,569 - DEBUG -      半径: 0.010096
2025-08-25 02:32:03,569 - DEBUG -    2D圆拟合成功:
2025-08-25 02:32:03,569 - DEBUG -      圆心: [0.10228078 0.02194136]
2025-08-25 02:32:03,569 - DEBUG -      半径: 0.010096
2025-08-25 02:32:03,569 - DEBUG -    2D圆拟合结果:
2025-08-25 02:32:03,569 - DEBUG -      圆心: [0.10228078 0.02194136]
2025-08-25 02:32:03,569 - DEBUG -      半径: 0.010096
2025-08-25 02:32:03,569 - DEBUG -    解剖学约束:
2025-08-25 02:32:03,574 - DEBUG -      虹膜到表面最小距离: 0.000500
2025-08-25 02:32:03,574 - DEBUG -      虹膜到表面最大距离: 0.001200
2025-08-25 02:32:03,574 - DEBUG -    半径计算:
2025-08-25 02:32:03,574 - DEBUG -      默认半径: 0.012000
2025-08-25 02:32:03,576 - DEBUG -      中值距离: 0.000850
2025-08-25 02:32:03,576 - DEBUG -      中值距离+半径 d: 0.012850
2025-08-25 02:32:03,578 - INFO - 🔍 中值距离+半径: 0.013m，2D半径: 0.010m，使用虹膜深度偏移
2025-08-25 02:32:03,578 - DEBUG -    勾股定理计算深度偏移: z = sqrt(0.012850² - 0.010096²) = 0.007949
2025-08-25 02:32:03,578 - DEBUG -    3D球心计算:
2025-08-25 02:32:03,580 - DEBUG -      虹膜点平均Z坐标: 0.601424
2025-08-25 02:32:03,580 - DEBUG -      深度偏移: 0.007949
2025-08-25 02:32:03,580 - DEBUG -      3D球心: [0.10228078 0.02194136 0.60937277]
2025-08-25 02:32:03,580 - DEBUG -    最终初始化参数:
2025-08-25 02:32:03,580 - DEBUG -      球心: [0.10228078 0.02194136 0.60937277]
2025-08-25 02:32:03,580 - DEBUG -      半径: 0.012000
2025-08-25 02:32:03,580 - INFO - 📍 初始中心点: (0.102, 0.022, 0.609)
2025-08-25 02:32:03,580 - INFO - 📏 初始半径: 0.012m
2025-08-25 02:32:03,580 - INFO - ⚙️ 创建约束LM优化器...
2025-08-25 02:32:03,580 - DEBUG - 🔍 约束LM优化器初始化:
2025-08-25 02:32:03,580 - DEBUG -    初始球心: [0.10228078 0.02194136 0.60937277]
2025-08-25 02:32:03,580 - DEBUG -    初始半径: 0.012000
2025-08-25 02:32:03,580 - DEBUG -    参数向量 θ: [[0.10228078]
 [0.02194136]
 [0.60937277]
 [0.012     ]]
2025-08-25 02:32:03,584 - DEBUG -    样本数量: 21
2025-08-25 02:32:03,584 - DEBUG -    LM配置: LMAlgorithmConfig(lambda_lm=0.01, lambda_factor=10.0, min_lambda=1e-08, max_lambda=100000000.0, max_iterations=30, param_tolerance=5e-06, residual_tolerance=5e-06, max_step=0.01, geometric_weight_factor=10, residual_error_tolerance=0.0005)
2025-08-25 02:32:03,584 - DEBUG -    约束配置: ConstraintConfig(lambda_depth=1000.0, lambda_radius=1.0, radius_prior=0.012, depth_offset_epsilon=0.0002, softplus_tau=0.001, constraint_penalty_factor=1000.0)
2025-08-25 02:32:03,591 - INFO - 🔄 约束LM优化开始: 最大迭代次数=30
2025-08-25 02:32:03,592 - DEBUG - 🔍 优化开始状态:
2025-08-25 02:32:03,592 - DEBUG -    当前参数: [[0.10228078]
 [0.02194136]
 [0.60937277]
 [0.012     ]]
2025-08-25 02:32:03,594 - DEBUG -    当前球心: [0.10228078 0.02194136 0.60937277]
2025-08-25 02:32:03,594 - DEBUG -    当前半径: 0.012000
2025-08-25 02:32:03,595 - DEBUG -    最大迭代次数: 30
2025-08-25 02:32:03,595 - DEBUG - 🔍 迭代 1/30:
2025-08-25 02:32:03,595 - DEBUG - 🔍 计算点到球心距离: 形状=(21,)
2025-08-25 02:32:03,595 - DEBUG - 🔍 生理偏差向量计算:
2025-08-25 02:32:03,595 - DEBUG -    点类型列表: ['pupil_center', 'iris_boundaries', 'iris_boundaries', 'iris_boundaries', 'iris_boundaries', 'eye_contours', 'eye_contours', 'eye_contours', 'eye_contours', 'eye_contours', 'eye_contours', 'eye_contours', 'eye_contours', 'eye_contours', 'eye_contours', 'eye_contours', 'eye_contours', 'eye_contours', 'eye_contours', 'eye_contours', 'eye_contours']
2025-08-25 02:32:03,595 - DEBUG -    偏差向量: [0.0002  0.00085 0.00085 0.00085 0.00085 0.0015  0.0015  0.0015  0.0015
 0.0015  0.0015  0.0015  0.0015  0.0015  0.0015  0.0015  0.0015  0.0015
 0.0015  0.0015  0.0015 ]
2025-08-25 02:32:03,595 - DEBUG -    向量形状: (21,)
2025-08-25 02:32:03,595 - DEBUG -    偏差统计: 均值=0.001314, 标准差=0.000356
2025-08-25 02:32:03,595 - DEBUG - 获取生理偏差: 点类型=['pupil_center', 'iris_boundaries', 'iris_boundaries', 'iris_boundaries', 'iris_boundaries', 'eye_contours', 'eye_contours', 'eye_contours', 'eye_contours', 'eye_contours', 'eye_contours', 'eye_contours', 'eye_contours', 'eye_contours', 'eye_contours', 'eye_contours', 'eye_contours', 'eye_contours', 'eye_contours', 'eye_contours', 'eye_contours'], 偏差值=[0.0002  0.00085 0.00085 0.00085 0.00085 0.0015  0.0015  0.0015  0.0015
 0.0015  0.0015  0.0015  0.0015  0.0015  0.0015  0.0015  0.0015  0.0015
 0.0015  0.0015  0.0015 ]
2025-08-25 02:32:03,595 - INFO - -----------------------------------------------------------------------------------
2025-08-25 02:32:03,595 - DEBUG - 🔍 拟合残差计算详情:
2025-08-25 02:32:03,595 - DEBUG -    球心坐标: [0.10228078 0.02194136 0.60937277]
2025-08-25 02:32:03,595 - DEBUG -    球体半径: 0.012000
2025-08-25 02:32:03,595 - DEBUG -    采样点数: 21
2025-08-25 02:32:03,595 - DEBUG -    点类型分布: {'eye_contours': 16, 'iris_boundaries': 4, 'pupil_center': 1}
2025-08-25 02:32:03,595 - DEBUG -    理论距离向量: [0.0122  0.01285 0.01285 0.01285 0.01285 0.0135  0.0135  0.0135  0.0135
 0.0135  0.0135  0.0135  0.0135  0.0135  0.0135  0.0135  0.0135  0.0135
 0.0135  0.0135  0.0135 ]
2025-08-25 02:32:03,595 - DEBUG -    实际距离向量: [0.00944839 0.01298605 0.01092408 0.012713   0.01285329 0.02389137
 0.0209689  0.01527161 0.01028399 0.01037005 0.01523695 0.0194747
 0.02245437 0.02479785 0.02213647 0.01941638 0.01602848 0.01274031
 0.01340542 0.017627   0.02188268]
2025-08-25 02:32:03,595 - DEBUG -    生理偏差向量: [0.0002  0.00085 0.00085 0.00085 0.00085 0.0015  0.0015  0.0015  0.0015
 0.0015  0.0015  0.0015  0.0015  0.0015  0.0015  0.0015  0.0015  0.0015
 0.0015  0.0015  0.0015 ]
2025-08-25 02:32:03,601 - DEBUG -    残差向量 f(θ): 
[[-2.75161169e-03]
 [ 1.36053642e-04]
 [-1.92591961e-03]
 [-1.37004361e-04]
 [ 3.29447837e-06]
 [ 1.03913679e-02]
 [ 7.46889569e-03]
 [ 1.77161288e-03]
 [-3.21600928e-03]
 [-3.12995102e-03]
 [ 1.73694599e-03]
 [ 5.97470029e-03]
 [ 8.95436502e-03]
 [ 1.12978496e-02]
 [ 8.63646701e-03]
 [ 5.91638201e-03]
 [ 2.52847551e-03]
 [-7.59694297e-04]
 [-9.45807470e-05]
 [ 4.12699656e-03]
 [ 8.38268479e-03]]
2025-08-25 02:32:03,601 - DEBUG -    平均残差范数: 0.001213
2025-08-25 02:32:03,601 - DEBUG -    残差范数=0.025471
2025-08-25 02:32:03,601 - INFO - -----------------------------------------------------------------------------------
2025-08-25 02:32:03,601 - DEBUG - 🔍 深度约束计算详情 (softplus):
2025-08-25 02:32:03,601 - DEBUG -    采样点Z坐标范围: [0.600000, 0.602156]
2025-08-25 02:32:03,601 - DEBUG -    球心Z坐标: 0.609373
2025-08-25 02:32:03,601 - DEBUG -    深度偏移ε: 0.000200
2025-08-25 02:32:03,601 - DEBUG -    softplus参数τ: 0.001000
2025-08-25 02:32:03,601 - DEBUG -    原始违反值: -0.007017
2025-08-25 02:32:03,601 - DEBUG -    softplus输入 u: -7.016963
2025-08-25 02:32:03,601 - DEBUG -    约束惩罚 h(θ): 0.000001
2025-08-25 02:32:03,601 - DEBUG -    🟢 深度约束满足: 球心深度足够
2025-08-25 02:32:03,601 - INFO - -----------------------------------------------------------------------------------
2025-08-25 02:32:03,601 - DEBUG - 🔍 半径惩罚计算详情:
2025-08-25 02:32:03,601 - DEBUG -    当前半径: 0.012000
2025-08-25 02:32:03,601 - DEBUG -    半径先验值: 0.012000
2025-08-25 02:32:03,601 - DEBUG -    半径残差 r(θ): 0.000000
2025-08-25 02:32:03,601 - DEBUG -    数据残差 f(θ): [[-2.75161169e-03]
 [ 1.36053642e-04]
 [-1.92591961e-03]
 [-1.37004361e-04]
 [ 3.29447837e-06]
 [ 1.03913679e-02]
 [ 7.46889569e-03]
 [ 1.77161288e-03]
 [-3.21600928e-03]
 [-3.12995102e-03]
 [ 1.73694599e-03]
 [ 5.97470029e-03]
 [ 8.95436502e-03]
 [ 1.12978496e-02]
 [ 8.63646701e-03]
 [ 5.91638201e-03]
 [ 2.52847551e-03]
 [-7.59694297e-04]
 [-9.45807470e-05]
 [ 4.12699656e-03]
 [ 8.38268479e-03]]
2025-08-25 02:32:03,601 - DEBUG -    约束残差 g(θ): [[8.96142663e-07]]
2025-08-25 02:32:03,601 - DEBUG -    半径残差 r(θ): [[0.]]
2025-08-25 02:32:03,601 - DEBUG - 🔍 首次迭代，无历史状态可比较
2025-08-25 02:32:03,601 - INFO - -----------------------------------------------------------------------------------
2025-08-25 02:32:03,601 - DEBUG - 🔍 权重管理器状态更新详情:
2025-08-25 02:32:03,601 - DEBUG -    当前迭代: 0
2025-08-25 02:32:03,601 - DEBUG -    参数变化: 0.000000 (阈值: 0.000005)
2025-08-25 02:32:03,601 - DEBUG -    残差变化: 0.000000 (阈值: 0.000005)
2025-08-25 02:32:03,601 - DEBUG -    几何权重因子: 10
2025-08-25 02:32:03,601 - DEBUG - ⏸️ 保持图像置信度权重: 参数变化=0.00e+00, 残差变化=0.00e+00
2025-08-25 02:32:03,601 - DEBUG - 状态已保存: 参数=[0.10228078 0.02194136 0.60937277 0.012     ], 残差范数=0.025471
2025-08-25 02:32:03,601 - DEBUG - 🔍 获取visibility信息: 形状=(21,), 范围=[1.000, 1.000]
2025-08-25 02:32:03,601 - DEBUG - 🔧 设置图像置信度权重: 21个点
2025-08-25 02:32:03,601 - DEBUG - 🔍 开始计算权重矩阵:
2025-08-25 02:32:03,601 - DEBUG -    点类型: ['pupil_center', 'iris_boundaries', 'iris_boundaries', 'iris_boundaries', 'iris_boundaries', 'eye_contours', 'eye_contours', 'eye_contours', 'eye_contours', 'eye_contours', 'eye_contours', 'eye_contours', 'eye_contours', 'eye_contours', 'eye_contours', 'eye_contours', 'eye_contours', 'eye_contours', 'eye_contours', 'eye_contours', 'eye_contours']
2025-08-25 02:32:03,601 - DEBUG -    残差向量: 形状=(21,), 范数=0.025471
2025-08-25 02:32:03,601 - DEBUG -    Visibility: 形状=(21,), 均值=1.000
2025-08-25 02:32:03,601 - WARNING - ⚠️ 权重管理器：没有启用几何权重，使用默认全1权重
2025-08-25 02:32:03,609 - WARNING - ⚠️ 权重管理器：没有启用几何权重，使用默认全1权重
2025-08-25 02:32:03,609 - WARNING - ⚠️ 权重管理器：没有启用几何权重，使用默认全1权重
2025-08-25 02:32:03,609 - WARNING - ⚠️ 权重管理器：没有启用几何权重，使用默认全1权重
2025-08-25 02:32:03,609 - WARNING - ⚠️ 权重管理器：没有启用几何权重，使用默认全1权重
2025-08-25 02:32:03,609 - WARNING - ⚠️ 权重管理器：没有启用几何权重，使用默认全1权重
2025-08-25 02:32:03,609 - WARNING - ⚠️ 权重管理器：没有启用几何权重，使用默认全1权重
2025-08-25 02:32:03,609 - WARNING - ⚠️ 权重管理器：没有启用几何权重，使用默认全1权重
2025-08-25 02:32:03,609 - WARNING - ⚠️ 权重管理器：没有启用几何权重，使用默认全1权重
2025-08-25 02:32:03,609 - WARNING - ⚠️ 权重管理器：没有启用几何权重，使用默认全1权重
2025-08-25 02:32:03,609 - WARNING - ⚠️ 权重管理器：没有启用几何权重，使用默认全1权重
2025-08-25 02:32:03,609 - WARNING - ⚠️ 权重管理器：没有启用几何权重，使用默认全1权重
2025-08-25 02:32:03,609 - WARNING - ⚠️ 权重管理器：没有启用几何权重，使用默认全1权重
2025-08-25 02:32:03,609 - WARNING - ⚠️ 权重管理器：没有启用几何权重，使用默认全1权重
2025-08-25 02:32:03,609 - WARNING - ⚠️ 权重管理器：没有启用几何权重，使用默认全1权重
2025-08-25 02:32:03,609 - WARNING - ⚠️ 权重管理器：没有启用几何权重，使用默认全1权重
2025-08-25 02:32:03,609 - WARNING - ⚠️ 权重管理器：没有启用几何权重，使用默认全1权重
2025-08-25 02:32:03,609 - WARNING - ⚠️ 权重管理器：没有启用几何权重，使用默认全1权重
2025-08-25 02:32:03,609 - WARNING - ⚠️ 权重管理器：没有启用几何权重，使用默认全1权重
2025-08-25 02:32:03,609 - WARNING - ⚠️ 权重管理器：没有启用几何权重，使用默认全1权重
2025-08-25 02:32:03,609 - WARNING - ⚠️ 权重管理器：没有启用几何权重，使用默认全1权重
2025-08-25 02:32:03,609 - DEBUG - 🔍 权重矩阵计算成功: 形状=(21, 21)
2025-08-25 02:32:03,609 - DEBUG - 🔍 几何权重统计:
2025-08-25 02:32:03,609 - DEBUG -    权重向量: [[1.]
 [1.]
 [1.]
 [1.]
 [1.]
 [1.]
 [1.]
 [1.]
 [1.]
 [1.]
 [1.]
 [1.]
 [1.]
 [1.]
 [1.]
 [1.]
 [1.]
 [1.]
 [1.]
 [1.]
 [1.]]
2025-08-25 02:32:03,609 - DEBUG -    权重范围: [1.000000, 1.000000]
2025-08-25 02:32:03,609 - DEBUG -    权重均值: 1.000000
2025-08-25 02:32:03,609 - DEBUG -    权重标准差: 0.000000
2025-08-25 02:32:03,617 - DEBUG -    高权重点(>0.8): 21/21
2025-08-25 02:32:03,617 - DEBUG -    低权重点(<0.2): 0/21
2025-08-25 02:32:03,617 - INFO - -----------------------------------------------------------------------------------
2025-08-25 02:32:03,617 - DEBUG - 🔍 开始求解LM更新方程:
2025-08-25 02:32:03,617 - DEBUG -    数据残差: 形状=(21,), 范数=0.025471
2025-08-25 02:32:03,617 - DEBUG -    约束残差: 形状=(1,), 范数=0.000001
2025-08-25 02:32:03,617 - DEBUG - 🔍 计算数据残差雅可比矩阵 J_f: 形状=(21, 4)
2025-08-25 02:32:03,617 - DEBUG - 🔍 J_f矩阵计算完成: 条件数=7.86e+00
2025-08-25 02:32:03,617 - DEBUG - 🔍 深度约束雅可比计算: u=-7.016963, σ=0.000896, J_h=[[ 0.          0.         -0.00089574  0.        ]]
2025-08-25 02:32:03,617 - DEBUG - 🔍 半径先验雅可比: J_r=[[0. 0. 0. 1.]]
2025-08-25 02:32:03,617 - DEBUG - 🔍 使用几何权重矩阵: 形状=(21, 21)
2025-08-25 02:32:03,617 - DEBUG - 🔍 Hessian矩阵计算:
2025-08-25 02:32:03,617 - DEBUG -    H_data = J_f^T W J_f: 形状=(4, 4), 条件数=6.18e+01
2025-08-25 02:32:03,617 - DEBUG -    H_h = λ_depth J_h^T J_h: 形状=(4, 4), λ_depth=1000.0
2025-08-25 02:32:03,617 - DEBUG -    H_r = λ_radius J_r^T J_r: 形状=(4, 4), λ_radius=1.0
2025-08-25 02:32:03,617 - DEBUG -    H_total: 形状=(4, 4), 条件数=4.09e+01
2025-08-25 02:32:03,617 - DEBUG - 🔍 梯度计算:
2025-08-25 02:32:03,617 - DEBUG -    g_data: 形状=(4,), 范数=0.071519
2025-08-25 02:32:03,617 - DEBUG -    g_h: 形状=(4,), 范数=0.000001
2025-08-25 02:32:03,617 - DEBUG -    g_r: 形状=(4,), 范数=0.000000
2025-08-25 02:32:03,617 - DEBUG -    g_total: 形状=(4,), 范数=0.071519
2025-08-25 02:32:03,617 - DEBUG - 🔍 初始化LM阻尼因子: λ_LM = 0.01
2025-08-25 02:32:03,617 - DEBUG - 🔍 LM阻尼矩阵: H_lm = H_total + 0.01 * I
2025-08-25 02:32:03,617 - DEBUG -    H_lm条件数: 4.03e+01
2025-08-25 02:32:03,617 - DEBUG - 🔍 线性方程组求解成功:
2025-08-25 02:32:03,617 - DEBUG -    参数更新向量 Δθ: [[-0.00040896]
 [-0.00119719]
 [-0.01419789]
 [ 0.01025724]]
2025-08-25 02:32:03,617 - DEBUG -    更新向量范数: 0.017561
2025-08-25 02:32:03,617 - DEBUG -    各分量更新: Δc_x=-0.000409, Δc_y=-0.001197, Δc_z=-0.014198, Δr=0.010257
2025-08-25 02:32:03,617 - DEBUG -    参数更新:
2025-08-25 02:32:03,617 - DEBUG -      旧参数: [[0.10228078]
 [0.02194136]
 [0.60937277]
 [0.012     ]]
2025-08-25 02:32:03,624 - DEBUG -      更新向量: [[-0.00040896]
 [-0.00119719]
 [-0.01419789]
 [ 0.01025724]]
2025-08-25 02:32:03,624 - DEBUG -      新参数: [[0.10187183]
 [0.02074417]
 [0.59517488]
 [0.02225724]]
2025-08-25 02:32:03,625 - INFO - -----------------------------------------------------------------------------------
2025-08-25 02:32:03,625 - INFO - 🔍 迭代第0次，球心向右0.408956mm，向上1.197189mm，向前14.197886mm，半径变大10.257235mm
2025-08-25 02:32:03,625 - INFO - 📊 变化前: 中心(0.102, 0.022, 0.609), 半径12.00mm
2025-08-25 02:32:03,625 - INFO - 📊 变化后: 中心(0.102, 0.021, 0.595), 半径22.26mm
2025-08-25 02:32:03,625 - INFO - 📈 变化量: 中心移动1.27mm, 半径变化10.26mm
2025-08-25 02:32:03,625 - INFO - 📍 眼球中心: [0.10228078 0.02194136 0.60937277]
2025-08-25 02:32:03,625 - INFO - 📏 眼球半径: 12.00mm
2025-08-25 02:32:03,625 - INFO - 👁️ 瞳孔中心: [0.10133334 0.02266667 0.60000002]
2025-08-25 02:32:03,625 - INFO - 📐 眼球中心在瞳孔中心的右0.95mm，上0.73mm，后9.37mm
2025-08-25 02:32:03,625 - INFO - 📏 距离: 9.45mm
2025-08-25 02:32:03,625 - INFO - -----------------------------------------------------------------------------------
2025-08-25 02:32:03,625 - INFO - -----------------------------------------------------------------------------------
2025-08-25 02:32:03,625 - DEBUG - 🔍 参数有效性检查:
2025-08-25 02:32:03,625 - DEBUG -    参数向量: [[0.10187183]
 [0.02074417]
 [0.59517488]
 [0.02225724]]
2025-08-25 02:32:03,625 - DEBUG -    球心: [0.10187183 0.02074417 0.59517488]
2025-08-25 02:32:03,625 - DEBUG -    半径: 0.022257
2025-08-25 02:32:03,625 - DEBUG - 🔍 初始化函数值 Φ(θ): 0.000324
2025-08-25 02:32:03,625 - DEBUG - 🔍 参数有效: True
2025-08-25 02:32:03,625 - DEBUG -    参数更新成功:
2025-08-25 02:32:03,625 - DEBUG -      新球心: [0.10187183 0.02074417 0.59517488]
2025-08-25 02:32:03,625 - DEBUG -      新半径: 0.022257
2025-08-25 02:32:03,625 - INFO - -----------------------------------------------------------------------------------
2025-08-25 02:32:03,625 - DEBUG - 🔍 LM收敛性检查:
2025-08-25 02:32:03,634 - DEBUG -    当前迭代次数: 0
2025-08-25 02:32:03,634 - DEBUG -    最大迭代次数: 30
2025-08-25 02:32:03,634 - DEBUG -    参数变化: 0.017561
2025-08-25 02:32:03,634 - DEBUG -    参数容忍度: 5e-06
2025-08-25 02:32:03,634 - DEBUG -    残差变化: 0.000000
2025-08-25 02:32:03,634 - DEBUG -    残差容忍度: 5e-06
2025-08-25 02:32:03,634 - DEBUG - 🔍 迭代 2/30:
2025-08-25 02:32:03,634 - DEBUG - 🔍 计算点到球心距离: 形状=(21,)
2025-08-25 02:32:03,634 - DEBUG - 🔍 生理偏差向量计算:
2025-08-25 02:32:03,634 - DEBUG -    点类型列表: ['pupil_center', 'iris_boundaries', 'iris_boundaries', 'iris_boundaries', 'iris_boundaries', 'eye_contours', 'eye_contours', 'eye_contours', 'eye_contours', 'eye_contours', 'eye_contours', 'eye_contours', 'eye_contours', 'eye_contours', 'eye_contours', 'eye_contours', 'eye_contours', 'eye_contours', 'eye_contours', 'eye_contours', 'eye_contours']
2025-08-25 02:32:03,634 - DEBUG -    偏差向量: [0.0002  0.00085 0.00085 0.00085 0.00085 0.0015  0.0015  0.0015  0.0015
 0.0015  0.0015  0.0015  0.0015  0.0015  0.0015  0.0015  0.0015  0.0015
 0.0015  0.0015  0.0015 ]
2025-08-25 02:32:03,634 - DEBUG -    向量形状: (21,)
2025-08-25 02:32:03,634 - DEBUG -    偏差统计: 均值=0.001314, 标准差=0.000356
2025-08-25 02:32:03,634 - DEBUG - 获取生理偏差: 点类型=['pupil_center', 'iris_boundaries', 'iris_boundaries', 'iris_boundaries', 'iris_boundaries', 'eye_contours', 'eye_contours', 'eye_contours', 'eye_contours', 'eye_contours', 'eye_contours', 'eye_contours', 'eye_contours', 'eye_contours', 'eye_contours', 'eye_contours', 'eye_contours', 'eye_contours', 'eye_contours', 'eye_contours', 'eye_contours'], 偏差值=[0.0002  0.00085 0.00085 0.00085 0.00085 0.0015  0.0015  0.0015  0.0015
 0.0015  0.0015  0.0015  0.0015  0.0015  0.0015  0.0015  0.0015  0.0015
 0.0015  0.0015  0.0015 ]
2025-08-25 02:32:03,634 - INFO - -----------------------------------------------------------------------------------
2025-08-25 02:32:03,634 - DEBUG - 🔍 拟合残差计算详情:
2025-08-25 02:32:03,634 - DEBUG -    球心坐标: [0.10187183 0.02074417 0.59517488]
2025-08-25 02:32:03,634 - DEBUG -    球体半径: 0.022257
2025-08-25 02:32:03,634 - DEBUG -    采样点数: 21
2025-08-25 02:32:03,634 - DEBUG -    点类型分布: {'eye_contours': 16, 'iris_boundaries': 4, 'pupil_center': 1}
2025-08-25 02:32:03,634 - DEBUG -    理论距离向量: [0.02245724 0.02310724 0.02310724 0.02310724 0.02310724 0.02375724
 0.02375724 0.02375724 0.02375724 0.02375724 0.02375724 0.02375724
 0.02375724 0.02375724 0.02375724 0.02375724 0.02375724 0.02375724
 0.02375724 0.02375724 0.02375724]
2025-08-25 02:32:03,634 - DEBUG -    实际距离向量: [0.00522187 0.01231522 0.00782248 0.01190085 0.01291517 0.02343662
 0.0200109  0.01384077 0.00720785 0.0078294  0.01445776 0.01945445
 0.02233005 0.02529037 0.02206445 0.01927268 0.01579915 0.01231493
 0.01263115 0.01677135 0.02100082]
2025-08-25 02:32:03,634 - DEBUG -    生理偏差向量: [0.0002  0.00085 0.00085 0.00085 0.00085 0.0015  0.0015  0.0015  0.0015
 0.0015  0.0015  0.0015  0.0015  0.0015  0.0015  0.0015  0.0015  0.0015
 0.0015  0.0015  0.0015 ]
2025-08-25 02:32:03,634 - DEBUG -    残差向量 f(θ): 
[[-0.01723536]
 [-0.01079202]
 [-0.01528475]
 [-0.01120638]
 [-0.01019207]
 [-0.00032061]
 [-0.00374634]
 [-0.00991647]
 [-0.01654938]
 [-0.01592783]
 [-0.00929948]
 [-0.00430279]
 [-0.00142719]
 [ 0.00153313]
 [-0.00169278]
 [-0.00448456]
 [-0.00795808]
 [-0.0114423 ]
 [-0.01112608]
 [-0.00698589]
 [-0.00275642]]
2025-08-25 02:32:03,634 - DEBUG -    平均残差范数: 0.002142
2025-08-25 02:32:03,634 - DEBUG -    残差范数=0.044983
2025-08-25 02:32:03,642 - INFO - -----------------------------------------------------------------------------------
2025-08-25 02:32:03,644 - DEBUG - 🔍 深度约束计算详情 (softplus):
2025-08-25 02:32:03,646 - DEBUG -    采样点Z坐标范围: [0.600000, 0.602156]
2025-08-25 02:32:03,648 - DEBUG -    球心Z坐标: 0.595175
2025-08-25 02:32:03,648 - DEBUG -    深度偏移ε: 0.000200
2025-08-25 02:32:03,648 - DEBUG -    softplus参数τ: 0.001000
2025-08-25 02:32:03,650 - DEBUG -    原始违反值: 0.007181
2025-08-25 02:32:03,650 - DEBUG -    softplus输入 u: 7.180923
2025-08-25 02:32:03,650 - DEBUG -    约束惩罚 h(θ): 0.007182
2025-08-25 02:32:03,650 - DEBUG -    🔴 深度约束被违反: 球心过浅
2025-08-25 02:32:03,650 - INFO - -----------------------------------------------------------------------------------
2025-08-25 02:32:03,650 - DEBUG - 🔍 半径惩罚计算详情:
2025-08-25 02:32:03,650 - DEBUG -    当前半径: 0.022257
2025-08-25 02:32:03,650 - DEBUG -    半径先验值: 0.012000
2025-08-25 02:32:03,650 - DEBUG -    半径残差 r(θ): 0.010257
2025-08-25 02:32:03,650 - DEBUG -    数据残差 f(θ): [[-0.01723536]
 [-0.01079202]
 [-0.01528475]
 [-0.01120638]
 [-0.01019207]
 [-0.00032061]
 [-0.00374634]
 [-0.00991647]
 [-0.01654938]
 [-0.01592783]
 [-0.00929948]
 [-0.00430279]
 [-0.00142719]
 [ 0.00153313]
 [-0.00169278]
 [-0.00448456]
 [-0.00795808]
 [-0.0114423 ]
 [-0.01112608]
 [-0.00698589]
 [-0.00275642]]
2025-08-25 02:32:03,650 - DEBUG -    约束残差 g(θ): [[0.00718168]]
2025-08-25 02:32:03,650 - DEBUG -    半径残差 r(θ): [[0.01025724]]
2025-08-25 02:32:03,650 - DEBUG - 🔍 状态变化计算: 参数变化=0.017561, 残差变化=0.019512
2025-08-25 02:32:03,650 - INFO - -----------------------------------------------------------------------------------
2025-08-25 02:32:03,650 - DEBUG - 🔍 权重管理器状态更新详情:
2025-08-25 02:32:03,650 - DEBUG -    当前迭代: 1
2025-08-25 02:32:03,650 - DEBUG -    参数变化: 0.017561 (阈值: 0.000005)
2025-08-25 02:32:03,650 - DEBUG -    残差变化: 0.019512 (阈值: 0.000005)
2025-08-25 02:32:03,650 - DEBUG -    几何权重因子: 10
2025-08-25 02:32:03,650 - DEBUG - ⏸️ 保持图像置信度权重: 参数变化=1.76e-02, 残差变化=1.95e-02
2025-08-25 02:32:03,650 - DEBUG - 状态已保存: 参数=[0.10187183 0.02074417 0.59517488 0.02225724], 残差范数=0.044983
2025-08-25 02:32:03,650 - DEBUG - 🔍 获取visibility信息: 形状=(21,), 范围=[1.000, 1.000]
2025-08-25 02:32:03,650 - DEBUG - 🔧 设置图像置信度权重: 21个点
2025-08-25 02:32:03,650 - DEBUG - 🔍 开始计算权重矩阵:
2025-08-25 02:32:03,650 - DEBUG -    点类型: ['pupil_center', 'iris_boundaries', 'iris_boundaries', 'iris_boundaries', 'iris_boundaries', 'eye_contours', 'eye_contours', 'eye_contours', 'eye_contours', 'eye_contours', 'eye_contours', 'eye_contours', 'eye_contours', 'eye_contours', 'eye_contours', 'eye_contours', 'eye_contours', 'eye_contours', 'eye_contours', 'eye_contours', 'eye_contours']
2025-08-25 02:32:03,650 - DEBUG -    残差向量: 形状=(21,), 范数=0.044983
2025-08-25 02:32:03,650 - DEBUG -    Visibility: 形状=(21,), 均值=1.000
2025-08-25 02:32:03,650 - WARNING - ⚠️ 权重管理器：没有启用几何权重，使用默认全1权重
2025-08-25 02:32:03,650 - WARNING - ⚠️ 权重管理器：没有启用几何权重，使用默认全1权重
2025-08-25 02:32:03,650 - WARNING - ⚠️ 权重管理器：没有启用几何权重，使用默认全1权重
2025-08-25 02:32:03,650 - WARNING - ⚠️ 权重管理器：没有启用几何权重，使用默认全1权重
2025-08-25 02:32:03,650 - WARNING - ⚠️ 权重管理器：没有启用几何权重，使用默认全1权重
2025-08-25 02:32:03,660 - WARNING - ⚠️ 权重管理器：没有启用几何权重，使用默认全1权重
2025-08-25 02:32:03,660 - WARNING - ⚠️ 权重管理器：没有启用几何权重，使用默认全1权重
2025-08-25 02:32:03,660 - WARNING - ⚠️ 权重管理器：没有启用几何权重，使用默认全1权重
2025-08-25 02:32:03,663 - WARNING - ⚠️ 权重管理器：没有启用几何权重，使用默认全1权重
2025-08-25 02:32:03,663 - WARNING - ⚠️ 权重管理器：没有启用几何权重，使用默认全1权重
2025-08-25 02:32:03,663 - WARNING - ⚠️ 权重管理器：没有启用几何权重，使用默认全1权重
2025-08-25 02:32:03,663 - WARNING - ⚠️ 权重管理器：没有启用几何权重，使用默认全1权重
2025-08-25 02:32:03,663 - WARNING - ⚠️ 权重管理器：没有启用几何权重，使用默认全1权重
2025-08-25 02:32:03,663 - WARNING - ⚠️ 权重管理器：没有启用几何权重，使用默认全1权重
2025-08-25 02:32:03,663 - WARNING - ⚠️ 权重管理器：没有启用几何权重，使用默认全1权重
2025-08-25 02:32:03,663 - WARNING - ⚠️ 权重管理器：没有启用几何权重，使用默认全1权重
2025-08-25 02:32:03,663 - WARNING - ⚠️ 权重管理器：没有启用几何权重，使用默认全1权重
2025-08-25 02:32:03,663 - WARNING - ⚠️ 权重管理器：没有启用几何权重，使用默认全1权重
2025-08-25 02:32:03,663 - WARNING - ⚠️ 权重管理器：没有启用几何权重，使用默认全1权重
2025-08-25 02:32:03,663 - WARNING - ⚠️ 权重管理器：没有启用几何权重，使用默认全1权重
2025-08-25 02:32:03,663 - WARNING - ⚠️ 权重管理器：没有启用几何权重，使用默认全1权重
2025-08-25 02:32:03,663 - DEBUG - 🔍 权重矩阵计算成功: 形状=(21, 21)
2025-08-25 02:32:03,666 - DEBUG - 🔍 几何权重统计:
2025-08-25 02:32:03,666 - DEBUG -    权重向量: [[1.]
 [1.]
 [1.]
 [1.]
 [1.]
 [1.]
 [1.]
 [1.]
 [1.]
 [1.]
 [1.]
 [1.]
 [1.]
 [1.]
 [1.]
 [1.]
 [1.]
 [1.]
 [1.]
 [1.]
 [1.]]
2025-08-25 02:32:03,666 - DEBUG -    权重范围: [1.000000, 1.000000]
2025-08-25 02:32:03,666 - DEBUG -    权重均值: 1.000000
2025-08-25 02:32:03,666 - DEBUG -    权重标准差: 0.000000
2025-08-25 02:32:03,666 - DEBUG -    高权重点(>0.8): 21/21
2025-08-25 02:32:03,666 - DEBUG -    低权重点(<0.2): 0/21
2025-08-25 02:32:03,666 - INFO - -----------------------------------------------------------------------------------
2025-08-25 02:32:03,666 - DEBUG - 🔍 开始求解LM更新方程:
2025-08-25 02:32:03,666 - DEBUG -    数据残差: 形状=(21,), 范数=0.044983
2025-08-25 02:32:03,666 - DEBUG -    约束残差: 形状=(1,), 范数=0.007182
2025-08-25 02:32:03,666 - DEBUG - 🔍 计算数据残差雅可比矩阵 J_f: 形状=(21, 4)
2025-08-25 02:32:03,666 - DEBUG - 🔍 J_f矩阵计算完成: 条件数=7.61e+00
2025-08-25 02:32:03,666 - DEBUG - 🔍 深度约束雅可比计算: u=7.180923, σ=0.999240, J_h=[[ 0.          0.         -0.99923961  0.        ]]
2025-08-25 02:32:03,666 - DEBUG - 🔍 半径先验雅可比: J_r=[[0. 0. 0. 1.]]
2025-08-25 02:32:03,666 - DEBUG - 🔍 使用几何权重矩阵: 形状=(21, 21)
2025-08-25 02:32:03,666 - DEBUG - 🔍 Hessian矩阵计算:
2025-08-25 02:32:03,666 - DEBUG -    H_data = J_f^T W J_f: 形状=(4, 4), 条件数=5.79e+01
2025-08-25 02:32:03,666 - DEBUG -    H_h = λ_depth J_h^T J_h: 形状=(4, 4), λ_depth=1000.0
2025-08-25 02:32:03,666 - DEBUG -    H_r = λ_radius J_r^T J_r: 形状=(4, 4), λ_radius=1.0
2025-08-25 02:32:03,666 - DEBUG -    H_total: 形状=(4, 4), 条件数=3.36e+02
2025-08-25 02:32:03,666 - DEBUG - 🔍 梯度计算:
2025-08-25 02:32:03,666 - DEBUG -    g_data: 形状=(4,), 范数=0.198615
2025-08-25 02:32:03,666 - DEBUG -    g_h: 形状=(4,), 范数=7.176223
2025-08-25 02:32:03,666 - DEBUG -    g_r: 形状=(4,), 范数=0.010257
2025-08-25 02:32:03,666 - DEBUG -    g_total: 形状=(4,), 范数=7.275046
2025-08-25 02:32:03,666 - DEBUG - 🔍 LM阻尼矩阵: H_lm = H_total + 0.01 * I
2025-08-25 02:32:03,666 - DEBUG -    H_lm条件数: 3.35e+02
2025-08-25 02:32:03,666 - DEBUG - 🔍 线性方程组求解成功:
2025-08-25 02:32:03,666 - DEBUG -    参数更新向量 Δθ: [[-0.00107113]
 [-0.00278274]
 [ 0.00719771]
 [-0.00586987]]
2025-08-25 02:32:03,666 - DEBUG -    更新向量范数: 0.009755
2025-08-25 02:32:03,666 - DEBUG -    各分量更新: Δc_x=-0.001071, Δc_y=-0.002783, Δc_z=0.007198, Δr=-0.005870
2025-08-25 02:32:03,666 - DEBUG -    参数更新:
2025-08-25 02:32:03,666 - DEBUG -      旧参数: [[0.10187183]
 [0.02074417]
 [0.59517488]
 [0.02225724]]
2025-08-25 02:32:03,666 - DEBUG -      更新向量: [[-0.00107113]
 [-0.00278274]
 [ 0.00719771]
 [-0.00586987]]
2025-08-25 02:32:03,674 - DEBUG -      新参数: [[0.10080069]
 [0.01796143]
 [0.60237259]
 [0.01638736]]
2025-08-25 02:32:03,678 - INFO - -----------------------------------------------------------------------------------
2025-08-25 02:32:03,678 - INFO - 🔍 迭代第1次，球心向右1.071135mm，向上2.782742mm，向后7.197713mm，半径变小5.869873mm
2025-08-25 02:32:03,680 - INFO - 📊 变化前: 中心(0.102, 0.021, 0.595), 半径22.26mm
2025-08-25 02:32:03,680 - INFO - 📊 变化后: 中心(0.101, 0.018, 0.602), 半径16.39mm
2025-08-25 02:32:03,680 - INFO - 📈 变化量: 中心移动2.98mm, 半径变化5.87mm
2025-08-25 02:32:03,680 - INFO - 📍 眼球中心: [0.10187183 0.02074417 0.59517488]
2025-08-25 02:32:03,680 - INFO - 📏 眼球半径: 22.26mm
2025-08-25 02:32:03,683 - INFO - 👁️ 瞳孔中心: [0.10133334 0.02266667 0.60000002]
2025-08-25 02:32:03,683 - INFO - 📐 眼球中心在瞳孔中心的右0.54mm，上1.92mm，前4.83mm
2025-08-25 02:32:03,683 - INFO - 📏 距离: 5.22mm
2025-08-25 02:32:03,683 - INFO - -----------------------------------------------------------------------------------
2025-08-25 02:32:03,683 - INFO - -----------------------------------------------------------------------------------
2025-08-25 02:32:03,683 - DEBUG - 🔍 参数有效性检查:
2025-08-25 02:32:03,683 - DEBUG -    参数向量: [[0.10080069]
 [0.01796143]
 [0.60237259]
 [0.01638736]]
2025-08-25 02:32:03,683 - DEBUG -    球心: [0.10080069 0.01796143 0.60237259]
2025-08-25 02:32:03,683 - DEBUG -    半径: 0.016387
2025-08-25 02:32:03,683 - DEBUG - 🔍 函数值计算详情:
2025-08-25 02:32:03,683 - DEBUG -    数据项 F(θ): 0.001012
2025-08-25 02:32:03,683 - DEBUG -    深度约束项: 0.025788
2025-08-25 02:32:03,683 - DEBUG -    半径先验项: 0.000053
2025-08-25 02:32:03,683 - DEBUG -    总函数值 Φ(θ): 0.026853
2025-08-25 02:32:03,683 - DEBUG -    函数值改善: -0.026528
2025-08-25 02:32:03,683 - DEBUG - 🔍 参数有效: False
2025-08-25 02:32:03,683 - DEBUG -    参数无效，阻尼因子调整: λ_LM = 1.00e-01
2025-08-25 02:32:03,683 - DEBUG - 🔍 迭代 3/30:
2025-08-25 02:32:03,683 - DEBUG - 🔍 计算点到球心距离: 形状=(21,)
2025-08-25 02:32:03,683 - DEBUG - 🔍 生理偏差向量计算:
2025-08-25 02:32:03,683 - DEBUG -    点类型列表: ['pupil_center', 'iris_boundaries', 'iris_boundaries', 'iris_boundaries', 'iris_boundaries', 'eye_contours', 'eye_contours', 'eye_contours', 'eye_contours', 'eye_contours', 'eye_contours', 'eye_contours', 'eye_contours', 'eye_contours', 'eye_contours', 'eye_contours', 'eye_contours', 'eye_contours', 'eye_contours', 'eye_contours', 'eye_contours']
2025-08-25 02:32:03,683 - DEBUG -    偏差向量: [0.0002  0.00085 0.00085 0.00085 0.00085 0.0015  0.0015  0.0015  0.0015
 0.0015  0.0015  0.0015  0.0015  0.0015  0.0015  0.0015  0.0015  0.0015
 0.0015  0.0015  0.0015 ]
2025-08-25 02:32:03,683 - DEBUG -    向量形状: (21,)
2025-08-25 02:32:03,683 - DEBUG -    偏差统计: 均值=0.001314, 标准差=0.000356
2025-08-25 02:32:03,683 - DEBUG - 获取生理偏差: 点类型=['pupil_center', 'iris_boundaries', 'iris_boundaries', 'iris_boundaries', 'iris_boundaries', 'eye_contours', 'eye_contours', 'eye_contours', 'eye_contours', 'eye_contours', 'eye_contours', 'eye_contours', 'eye_contours', 'eye_contours', 'eye_contours', 'eye_contours', 'eye_contours', 'eye_contours', 'eye_contours', 'eye_contours', 'eye_contours'], 偏差值=[0.0002  0.00085 0.00085 0.00085 0.00085 0.0015  0.0015  0.0015  0.0015
 0.0015  0.0015  0.0015  0.0015  0.0015  0.0015  0.0015  0.0015  0.0015
 0.0015  0.0015  0.0015 ]
2025-08-25 02:32:03,683 - INFO - -----------------------------------------------------------------------------------
2025-08-25 02:32:03,683 - DEBUG - 🔍 拟合残差计算详情:
2025-08-25 02:32:03,691 - DEBUG -    球心坐标: [0.10187183 0.02074417 0.59517488]
2025-08-25 02:32:03,692 - DEBUG -    球体半径: 0.022257
2025-08-25 02:32:03,692 - DEBUG -    采样点数: 21
2025-08-25 02:32:03,693 - DEBUG -    点类型分布: {'eye_contours': 16, 'iris_boundaries': 4, 'pupil_center': 1}
2025-08-25 02:32:03,693 - DEBUG -    理论距离向量: [0.02245724 0.02310724 0.02310724 0.02310724 0.02310724 0.02375724
 0.02375724 0.02375724 0.02375724 0.02375724 0.02375724 0.02375724
 0.02375724 0.02375724 0.02375724 0.02375724 0.02375724 0.02375724
 0.02375724 0.02375724 0.02375724]
2025-08-25 02:32:03,696 - DEBUG -    实际距离向量: [0.00522187 0.01231522 0.00782248 0.01190085 0.01291517 0.02343662
 0.0200109  0.01384077 0.00720785 0.0078294  0.01445776 0.01945445
 0.02233005 0.02529037 0.02206445 0.01927268 0.01579915 0.01231493
 0.01263115 0.01677135 0.02100082]
2025-08-25 02:32:03,696 - DEBUG -    生理偏差向量: [0.0002  0.00085 0.00085 0.00085 0.00085 0.0015  0.0015  0.0015  0.0015
 0.0015  0.0015  0.0015  0.0015  0.0015  0.0015  0.0015  0.0015  0.0015
 0.0015  0.0015  0.0015 ]
2025-08-25 02:32:03,696 - DEBUG -    残差向量 f(θ): 
[[-0.01723536]
 [-0.01079202]
 [-0.01528475]
 [-0.01120638]
 [-0.01019207]
 [-0.00032061]
 [-0.00374634]
 [-0.00991647]
 [-0.01654938]
 [-0.01592783]
 [-0.00929948]
 [-0.00430279]
 [-0.00142719]
 [ 0.00153313]
 [-0.00169278]
 [-0.00448456]
 [-0.00795808]
 [-0.0114423 ]
 [-0.01112608]
 [-0.00698589]
 [-0.00275642]]
2025-08-25 02:32:03,696 - DEBUG -    平均残差范数: 0.002142
2025-08-25 02:32:03,696 - DEBUG -    残差范数=0.044983
2025-08-25 02:32:03,696 - INFO - -----------------------------------------------------------------------------------
2025-08-25 02:32:03,696 - DEBUG - 🔍 深度约束计算详情 (softplus):
2025-08-25 02:32:03,696 - DEBUG -    采样点Z坐标范围: [0.600000, 0.602156]
2025-08-25 02:32:03,696 - DEBUG -    球心Z坐标: 0.595175
2025-08-25 02:32:03,699 - DEBUG -    深度偏移ε: 0.000200
2025-08-25 02:32:03,699 - DEBUG -    softplus参数τ: 0.001000
2025-08-25 02:32:03,699 - DEBUG -    原始违反值: 0.007181
2025-08-25 02:32:03,699 - DEBUG -    softplus输入 u: 7.180923
2025-08-25 02:32:03,699 - DEBUG -    约束惩罚 h(θ): 0.007182
2025-08-25 02:32:03,699 - DEBUG -    🔴 深度约束被违反: 球心过浅
2025-08-25 02:32:03,699 - INFO - -----------------------------------------------------------------------------------
2025-08-25 02:32:03,699 - DEBUG - 🔍 半径惩罚计算详情:
2025-08-25 02:32:03,699 - DEBUG -    当前半径: 0.022257
2025-08-25 02:32:03,699 - DEBUG -    半径先验值: 0.012000
2025-08-25 02:32:03,699 - DEBUG -    半径残差 r(θ): 0.010257
2025-08-25 02:32:03,699 - DEBUG -    数据残差 f(θ): [[-0.01723536]
 [-0.01079202]
 [-0.01528475]
 [-0.01120638]
 [-0.01019207]
 [-0.00032061]
 [-0.00374634]
 [-0.00991647]
 [-0.01654938]
 [-0.01592783]
 [-0.00929948]
 [-0.00430279]
 [-0.00142719]
 [ 0.00153313]
 [-0.00169278]
 [-0.00448456]
 [-0.00795808]
 [-0.0114423 ]
 [-0.01112608]
 [-0.00698589]
 [-0.00275642]]
2025-08-25 02:32:03,699 - DEBUG -    约束残差 g(θ): [[0.00718168]]
2025-08-25 02:32:03,699 - DEBUG -    半径残差 r(θ): [[0.01025724]]
2025-08-25 02:32:03,699 - DEBUG - 🔍 状态变化计算: 参数变化=0.000000, 残差变化=0.000000
2025-08-25 02:32:03,699 - INFO - -----------------------------------------------------------------------------------
2025-08-25 02:32:03,699 - DEBUG - 🔍 权重管理器状态更新详情:
2025-08-25 02:32:03,699 - DEBUG -    当前迭代: 2
2025-08-25 02:32:03,699 - DEBUG -    参数变化: 0.000000 (阈值: 0.000005)
2025-08-25 02:32:03,699 - DEBUG -    残差变化: 0.000000 (阈值: 0.000005)
2025-08-25 02:32:03,699 - DEBUG -    几何权重因子: 10
2025-08-25 02:32:03,699 - DEBUG - ⏸️ 保持图像置信度权重: 参数变化=0.00e+00, 残差变化=0.00e+00
2025-08-25 02:32:03,699 - DEBUG - 状态已保存: 参数=[0.10187183 0.02074417 0.59517488 0.02225724], 残差范数=0.044983
2025-08-25 02:32:03,699 - DEBUG - 🔍 获取visibility信息: 形状=(21,), 范围=[1.000, 1.000]
2025-08-25 02:32:03,699 - DEBUG - 🔧 设置图像置信度权重: 21个点
2025-08-25 02:32:03,699 - DEBUG - 🔍 开始计算权重矩阵:
2025-08-25 02:32:03,699 - DEBUG -    点类型: ['pupil_center', 'iris_boundaries', 'iris_boundaries', 'iris_boundaries', 'iris_boundaries', 'eye_contours', 'eye_contours', 'eye_contours', 'eye_contours', 'eye_contours', 'eye_contours', 'eye_contours', 'eye_contours', 'eye_contours', 'eye_contours', 'eye_contours', 'eye_contours', 'eye_contours', 'eye_contours', 'eye_contours', 'eye_contours']
2025-08-25 02:32:03,699 - DEBUG -    残差向量: 形状=(21,), 范数=0.044983
2025-08-25 02:32:03,699 - DEBUG -    Visibility: 形状=(21,), 均值=1.000
2025-08-25 02:32:03,699 - WARNING - ⚠️ 权重管理器：没有启用几何权重，使用默认全1权重
2025-08-25 02:32:03,699 - WARNING - ⚠️ 权重管理器：没有启用几何权重，使用默认全1权重
2025-08-25 02:32:03,699 - WARNING - ⚠️ 权重管理器：没有启用几何权重，使用默认全1权重
2025-08-25 02:32:03,699 - WARNING - ⚠️ 权重管理器：没有启用几何权重，使用默认全1权重
2025-08-25 02:32:03,699 - WARNING - ⚠️ 权重管理器：没有启用几何权重，使用默认全1权重
2025-08-25 02:32:03,699 - WARNING - ⚠️ 权重管理器：没有启用几何权重，使用默认全1权重
2025-08-25 02:32:03,699 - WARNING - ⚠️ 权重管理器：没有启用几何权重，使用默认全1权重
2025-08-25 02:32:03,699 - WARNING - ⚠️ 权重管理器：没有启用几何权重，使用默认全1权重
2025-08-25 02:32:03,699 - WARNING - ⚠️ 权重管理器：没有启用几何权重，使用默认全1权重
2025-08-25 02:32:03,699 - WARNING - ⚠️ 权重管理器：没有启用几何权重，使用默认全1权重
2025-08-25 02:32:03,708 - WARNING - ⚠️ 权重管理器：没有启用几何权重，使用默认全1权重
2025-08-25 02:32:03,710 - WARNING - ⚠️ 权重管理器：没有启用几何权重，使用默认全1权重
2025-08-25 02:32:03,710 - WARNING - ⚠️ 权重管理器：没有启用几何权重，使用默认全1权重
2025-08-25 02:32:03,712 - WARNING - ⚠️ 权重管理器：没有启用几何权重，使用默认全1权重
2025-08-25 02:32:03,712 - WARNING - ⚠️ 权重管理器：没有启用几何权重，使用默认全1权重
2025-08-25 02:32:03,712 - WARNING - ⚠️ 权重管理器：没有启用几何权重，使用默认全1权重
2025-08-25 02:32:03,712 - WARNING - ⚠️ 权重管理器：没有启用几何权重，使用默认全1权重
2025-08-25 02:32:03,712 - WARNING - ⚠️ 权重管理器：没有启用几何权重，使用默认全1权重
2025-08-25 02:32:03,712 - WARNING - ⚠️ 权重管理器：没有启用几何权重，使用默认全1权重
2025-08-25 02:32:03,712 - WARNING - ⚠️ 权重管理器：没有启用几何权重，使用默认全1权重
2025-08-25 02:32:03,712 - WARNING - ⚠️ 权重管理器：没有启用几何权重，使用默认全1权重
2025-08-25 02:32:03,712 - DEBUG - 🔍 权重矩阵计算成功: 形状=(21, 21)
2025-08-25 02:32:03,712 - DEBUG - 🔍 几何权重统计:
2025-08-25 02:32:03,712 - DEBUG -    权重向量: [[1.]
 [1.]
 [1.]
 [1.]
 [1.]
 [1.]
 [1.]
 [1.]
 [1.]
 [1.]
 [1.]
 [1.]
 [1.]
 [1.]
 [1.]
 [1.]
 [1.]
 [1.]
 [1.]
 [1.]
 [1.]]
2025-08-25 02:32:03,712 - DEBUG -    权重范围: [1.000000, 1.000000]
2025-08-25 02:32:03,712 - DEBUG -    权重均值: 1.000000
2025-08-25 02:32:03,712 - DEBUG -    权重标准差: 0.000000
2025-08-25 02:32:03,716 - DEBUG -    高权重点(>0.8): 21/21
2025-08-25 02:32:03,716 - DEBUG -    低权重点(<0.2): 0/21
2025-08-25 02:32:03,716 - INFO - -----------------------------------------------------------------------------------
2025-08-25 02:32:03,716 - DEBUG - 🔍 开始求解LM更新方程:
2025-08-25 02:32:03,716 - DEBUG -    数据残差: 形状=(21,), 范数=0.044983
2025-08-25 02:32:03,716 - DEBUG -    约束残差: 形状=(1,), 范数=0.007182
2025-08-25 02:32:03,716 - DEBUG - 🔍 计算数据残差雅可比矩阵 J_f: 形状=(21, 4)
2025-08-25 02:32:03,716 - DEBUG - 🔍 J_f矩阵计算完成: 条件数=7.61e+00
2025-08-25 02:32:03,716 - DEBUG - 🔍 深度约束雅可比计算: u=7.180923, σ=0.999240, J_h=[[ 0.          0.         -0.99923961  0.        ]]
2025-08-25 02:32:03,716 - DEBUG - 🔍 半径先验雅可比: J_r=[[0. 0. 0. 1.]]
2025-08-25 02:32:03,716 - DEBUG - 🔍 使用几何权重矩阵: 形状=(21, 21)
2025-08-25 02:32:03,716 - DEBUG - 🔍 Hessian矩阵计算:
2025-08-25 02:32:03,716 - DEBUG -    H_data = J_f^T W J_f: 形状=(4, 4), 条件数=5.79e+01
2025-08-25 02:32:03,716 - DEBUG -    H_h = λ_depth J_h^T J_h: 形状=(4, 4), λ_depth=1000.0
2025-08-25 02:32:03,716 - DEBUG -    H_r = λ_radius J_r^T J_r: 形状=(4, 4), λ_radius=1.0
2025-08-25 02:32:03,716 - DEBUG -    H_total: 形状=(4, 4), 条件数=3.36e+02
2025-08-25 02:32:03,716 - DEBUG - 🔍 梯度计算:
2025-08-25 02:32:03,716 - DEBUG -    g_data: 形状=(4,), 范数=0.198615
2025-08-25 02:32:03,716 - DEBUG -    g_h: 形状=(4,), 范数=7.176223
2025-08-25 02:32:03,716 - DEBUG -    g_r: 形状=(4,), 范数=0.010257
2025-08-25 02:32:03,716 - DEBUG -    g_total: 形状=(4,), 范数=7.275046
2025-08-25 02:32:03,716 - DEBUG - 🔍 LM阻尼矩阵: H_lm = H_total + 0.1 * I
2025-08-25 02:32:03,716 - DEBUG -    H_lm条件数: 3.25e+02
2025-08-25 02:32:03,716 - DEBUG - 🔍 线性方程组求解成功:
2025-08-25 02:32:03,716 - DEBUG -    参数更新向量 Δθ: [[-0.00105429]
 [-0.00266854]
 [ 0.00719735]
 [-0.00581915]]
2025-08-25 02:32:03,716 - DEBUG -    更新向量范数: 0.009690
2025-08-25 02:32:03,716 - DEBUG -    各分量更新: Δc_x=-0.001054, Δc_y=-0.002669, Δc_z=0.007197, Δr=-0.005819
2025-08-25 02:32:03,716 - DEBUG -    参数更新:
2025-08-25 02:32:03,716 - DEBUG -      旧参数: [[0.10187183]
 [0.02074417]
 [0.59517488]
 [0.02225724]]
2025-08-25 02:32:03,724 - DEBUG -      更新向量: [[-0.00105429]
 [-0.00266854]
 [ 0.00719735]
 [-0.00581915]]
2025-08-25 02:32:03,726 - DEBUG -      新参数: [[0.10081754]
 [0.01807563]
 [0.60237223]
 [0.01643809]]
2025-08-25 02:32:03,728 - INFO - -----------------------------------------------------------------------------------
2025-08-25 02:32:03,728 - INFO - 🔍 迭代第2次，球心向右1.054288mm，向上2.668543mm，向后7.197347mm，半径变小5.819146mm
2025-08-25 02:32:03,728 - INFO - 📊 变化前: 中心(0.102, 0.021, 0.595), 半径22.26mm
2025-08-25 02:32:03,730 - INFO - 📊 变化后: 中心(0.101, 0.018, 0.602), 半径16.44mm
2025-08-25 02:32:03,730 - INFO - 📈 变化量: 中心移动2.87mm, 半径变化5.82mm
2025-08-25 02:32:03,730 - INFO - 📍 眼球中心: [0.10187183 0.02074417 0.59517488]
2025-08-25 02:32:03,730 - INFO - 📏 眼球半径: 22.26mm
2025-08-25 02:32:03,730 - INFO - 👁️ 瞳孔中心: [0.10133334 0.02266667 0.60000002]
2025-08-25 02:32:03,730 - INFO - 📐 眼球中心在瞳孔中心的右0.54mm，上1.92mm，前4.83mm
2025-08-25 02:32:03,730 - INFO - 📏 距离: 5.22mm
2025-08-25 02:32:03,730 - INFO - -----------------------------------------------------------------------------------
2025-08-25 02:32:03,730 - INFO - -----------------------------------------------------------------------------------
2025-08-25 02:32:03,732 - DEBUG - 🔍 参数有效性检查:
2025-08-25 02:32:03,732 - DEBUG -    参数向量: [[0.10081754]
 [0.01807563]
 [0.60237223]
 [0.01643809]]
2025-08-25 02:32:03,732 - DEBUG -    球心: [0.10081754 0.01807563 0.60237223]
2025-08-25 02:32:03,732 - DEBUG -    半径: 0.016438
2025-08-25 02:32:03,732 - DEBUG - 🔍 函数值计算详情:
2025-08-25 02:32:03,732 - DEBUG -    数据项 F(θ): 0.001012
2025-08-25 02:32:03,732 - DEBUG -    深度约束项: 0.025788
2025-08-25 02:32:03,732 - DEBUG -    半径先验项: 0.000053
2025-08-25 02:32:03,732 - DEBUG -    总函数值 Φ(θ): 0.026853
2025-08-25 02:32:03,732 - DEBUG -    函数值改善: 0.000000
2025-08-25 02:32:03,732 - DEBUG - 🔍 参数有效: True
2025-08-25 02:32:03,732 - DEBUG -    参数更新成功:
2025-08-25 02:32:03,732 - DEBUG -      新球心: [0.10081754 0.01807563 0.60237223]
2025-08-25 02:32:03,732 - DEBUG -      新半径: 0.016438
2025-08-25 02:32:03,732 - INFO - -----------------------------------------------------------------------------------
2025-08-25 02:32:03,732 - DEBUG - 🔍 LM收敛性检查:
2025-08-25 02:32:03,732 - DEBUG -    当前迭代次数: 2
2025-08-25 02:32:03,732 - DEBUG -    最大迭代次数: 30
2025-08-25 02:32:03,732 - DEBUG -    参数变化: 0.009690
2025-08-25 02:32:03,732 - DEBUG -    参数容忍度: 5e-06
2025-08-25 02:32:03,732 - DEBUG -    残差变化: 0.000000
2025-08-25 02:32:03,732 - DEBUG -    残差容忍度: 5e-06
2025-08-25 02:32:03,732 - DEBUG - 🔍 迭代 4/30:
2025-08-25 02:32:03,732 - DEBUG - 🔍 计算点到球心距离: 形状=(21,)
2025-08-25 02:32:03,732 - DEBUG - 🔍 生理偏差向量计算:
2025-08-25 02:32:03,732 - DEBUG -    点类型列表: ['pupil_center', 'iris_boundaries', 'iris_boundaries', 'iris_boundaries', 'iris_boundaries', 'eye_contours', 'eye_contours', 'eye_contours', 'eye_contours', 'eye_contours', 'eye_contours', 'eye_contours', 'eye_contours', 'eye_contours', 'eye_contours', 'eye_contours', 'eye_contours', 'eye_contours', 'eye_contours', 'eye_contours', 'eye_contours']
2025-08-25 02:32:03,732 - DEBUG -    偏差向量: [0.0002  0.00085 0.00085 0.00085 0.00085 0.0015  0.0015  0.0015  0.0015
 0.0015  0.0015  0.0015  0.0015  0.0015  0.0015  0.0015  0.0015  0.0015
 0.0015  0.0015  0.0015 ]
2025-08-25 02:32:03,732 - DEBUG -    向量形状: (21,)
2025-08-25 02:32:03,732 - DEBUG -    偏差统计: 均值=0.001314, 标准差=0.000356
2025-08-25 02:32:03,732 - DEBUG - 获取生理偏差: 点类型=['pupil_center', 'iris_boundaries', 'iris_boundaries', 'iris_boundaries', 'iris_boundaries', 'eye_contours', 'eye_contours', 'eye_contours', 'eye_contours', 'eye_contours', 'eye_contours', 'eye_contours', 'eye_contours', 'eye_contours', 'eye_contours', 'eye_contours', 'eye_contours', 'eye_contours', 'eye_contours', 'eye_contours', 'eye_contours'], 偏差值=[0.0002  0.00085 0.00085 0.00085 0.00085 0.0015  0.0015  0.0015  0.0015
 0.0015  0.0015  0.0015  0.0015  0.0015  0.0015  0.0015  0.0015  0.0015
 0.0015  0.0015  0.0015 ]
2025-08-25 02:32:03,732 - INFO - -----------------------------------------------------------------------------------
2025-08-25 02:32:03,732 - DEBUG - 🔍 拟合残差计算详情:
2025-08-25 02:32:03,732 - DEBUG -    球心坐标: [0.10081754 0.01807563 0.60237223]
2025-08-25 02:32:03,732 - DEBUG -    球体半径: 0.016438
2025-08-25 02:32:03,741 - DEBUG -    采样点数: 21
2025-08-25 02:32:03,741 - DEBUG -    点类型分布: {'eye_contours': 16, 'iris_boundaries': 4, 'pupil_center': 1}
2025-08-25 02:32:03,741 - DEBUG -    理论距离向量: [0.01663809 0.01728809 0.01728809 0.01728809 0.01728809 0.01793809
 0.01793809 0.01793809 0.01793809 0.01793809 0.01793809 0.01793809
 0.01793809 0.01793809 0.01793809 0.01793809 0.01793809 0.01793809
 0.01793809 0.01793809 0.01793809]
2025-08-25 02:32:03,741 - DEBUG -    实际距离向量: [0.00519336 0.01269605 0.00347918 0.01021966 0.01408437 0.02258847
 0.01893428 0.01180422 0.00324595 0.00597243 0.01423408 0.01970916
 0.02301546 0.02592314 0.02321423 0.02061728 0.01733182 0.01378998
 0.01342185 0.01669582 0.02059156]
2025-08-25 02:32:03,745 - DEBUG -    生理偏差向量: [0.0002  0.00085 0.00085 0.00085 0.00085 0.0015  0.0015  0.0015  0.0015
 0.0015  0.0015  0.0015  0.0015  0.0015  0.0015  0.0015  0.0015  0.0015
 0.0015  0.0015  0.0015 ]
2025-08-25 02:32:03,745 - DEBUG -    残差向量 f(θ): 
[[-0.01144473]
 [-0.00459204]
 [-0.01380891]
 [-0.00706843]
 [-0.00320372]
 [ 0.00465038]
 [ 0.00099619]
 [-0.00613387]
 [-0.01469214]
 [-0.01196566]
 [-0.00370401]
 [ 0.00177107]
 [ 0.00507737]
 [ 0.00798505]
 [ 0.00527614]
 [ 0.00267919]
 [-0.00060627]
 [-0.00414811]
 [-0.00451624]
 [-0.00124227]
 [ 0.00265347]]
2025-08-25 02:32:03,745 - DEBUG -    平均残差范数: 0.001514
2025-08-25 02:32:03,745 - DEBUG -    残差范数=0.031784
2025-08-25 02:32:03,745 - INFO - -----------------------------------------------------------------------------------
2025-08-25 02:32:03,745 - DEBUG - 🔍 深度约束计算详情 (softplus):
2025-08-25 02:32:03,745 - DEBUG -    采样点Z坐标范围: [0.600000, 0.602156]
2025-08-25 02:32:03,745 - DEBUG -    球心Z坐标: 0.602372
2025-08-25 02:32:03,745 - DEBUG -    深度偏移ε: 0.000200
2025-08-25 02:32:03,745 - DEBUG -    softplus参数τ: 0.001000
2025-08-25 02:32:03,745 - DEBUG -    原始违反值: -0.000016
2025-08-25 02:32:03,745 - DEBUG -    softplus输入 u: -0.016424
2025-08-25 02:32:03,749 - DEBUG -    约束惩罚 h(θ): 0.000685
2025-08-25 02:32:03,749 - DEBUG -    🟢 深度约束满足: 球心深度足够
2025-08-25 02:32:03,749 - INFO - -----------------------------------------------------------------------------------
2025-08-25 02:32:03,749 - DEBUG - 🔍 半径惩罚计算详情:
2025-08-25 02:32:03,749 - DEBUG -    当前半径: 0.016438
2025-08-25 02:32:03,749 - DEBUG -    半径先验值: 0.012000
2025-08-25 02:32:03,749 - DEBUG -    半径残差 r(θ): 0.004438
2025-08-25 02:32:03,749 - DEBUG -    数据残差 f(θ): [[-0.01144473]
 [-0.00459204]
 [-0.01380891]
 [-0.00706843]
 [-0.00320372]
 [ 0.00465038]
 [ 0.00099619]
 [-0.00613387]
 [-0.01469214]
 [-0.01196566]
 [-0.00370401]
 [ 0.00177107]
 [ 0.00507737]
 [ 0.00798505]
 [ 0.00527614]
 [ 0.00267919]
 [-0.00060627]
 [-0.00414811]
 [-0.00451624]
 [-0.00124227]
 [ 0.00265347]]
2025-08-25 02:32:03,749 - DEBUG -    约束残差 g(θ): [[0.00068497]]
2025-08-25 02:32:03,749 - DEBUG -    半径残差 r(θ): [[0.00443809]]
2025-08-25 02:32:03,749 - DEBUG - 🔍 状态变化计算: 参数变化=0.009690, 残差变化=0.013199
2025-08-25 02:32:03,749 - INFO - -----------------------------------------------------------------------------------
2025-08-25 02:32:03,749 - DEBUG - 🔍 权重管理器状态更新详情:
2025-08-25 02:32:03,749 - DEBUG -    当前迭代: 3
2025-08-25 02:32:03,749 - DEBUG -    参数变化: 0.009690 (阈值: 0.000005)
2025-08-25 02:32:03,749 - DEBUG -    残差变化: 0.013199 (阈值: 0.000005)
2025-08-25 02:32:03,749 - DEBUG -    几何权重因子: 10
2025-08-25 02:32:03,749 - DEBUG - ⏸️ 保持图像置信度权重: 参数变化=9.69e-03, 残差变化=1.32e-02
2025-08-25 02:32:03,749 - DEBUG - 状态已保存: 参数=[0.10081754 0.01807563 0.60237223 0.01643809], 残差范数=0.031784
2025-08-25 02:32:03,749 - DEBUG - 🔍 获取visibility信息: 形状=(21,), 范围=[1.000, 1.000]
2025-08-25 02:32:03,749 - DEBUG - 🔧 设置图像置信度权重: 21个点
2025-08-25 02:32:03,749 - DEBUG - 🔍 开始计算权重矩阵:
2025-08-25 02:32:03,749 - DEBUG -    点类型: ['pupil_center', 'iris_boundaries', 'iris_boundaries', 'iris_boundaries', 'iris_boundaries', 'eye_contours', 'eye_contours', 'eye_contours', 'eye_contours', 'eye_contours', 'eye_contours', 'eye_contours', 'eye_contours', 'eye_contours', 'eye_contours', 'eye_contours', 'eye_contours', 'eye_contours', 'eye_contours', 'eye_contours', 'eye_contours']
2025-08-25 02:32:03,749 - DEBUG -    残差向量: 形状=(21,), 范数=0.031784
2025-08-25 02:32:03,749 - DEBUG -    Visibility: 形状=(21,), 均值=1.000
2025-08-25 02:32:03,749 - WARNING - ⚠️ 权重管理器：没有启用几何权重，使用默认全1权重
2025-08-25 02:32:03,749 - WARNING - ⚠️ 权重管理器：没有启用几何权重，使用默认全1权重
2025-08-25 02:32:03,749 - WARNING - ⚠️ 权重管理器：没有启用几何权重，使用默认全1权重
2025-08-25 02:32:03,749 - WARNING - ⚠️ 权重管理器：没有启用几何权重，使用默认全1权重
2025-08-25 02:32:03,749 - WARNING - ⚠️ 权重管理器：没有启用几何权重，使用默认全1权重
2025-08-25 02:32:03,749 - WARNING - ⚠️ 权重管理器：没有启用几何权重，使用默认全1权重
2025-08-25 02:32:03,749 - WARNING - ⚠️ 权重管理器：没有启用几何权重，使用默认全1权重
2025-08-25 02:32:03,749 - WARNING - ⚠️ 权重管理器：没有启用几何权重，使用默认全1权重
2025-08-25 02:32:03,749 - WARNING - ⚠️ 权重管理器：没有启用几何权重，使用默认全1权重
2025-08-25 02:32:03,749 - WARNING - ⚠️ 权重管理器：没有启用几何权重，使用默认全1权重
2025-08-25 02:32:03,749 - WARNING - ⚠️ 权重管理器：没有启用几何权重，使用默认全1权重
2025-08-25 02:32:03,749 - WARNING - ⚠️ 权重管理器：没有启用几何权重，使用默认全1权重
2025-08-25 02:32:03,749 - WARNING - ⚠️ 权重管理器：没有启用几何权重，使用默认全1权重
2025-08-25 02:32:03,749 - WARNING - ⚠️ 权重管理器：没有启用几何权重，使用默认全1权重
2025-08-25 02:32:03,749 - WARNING - ⚠️ 权重管理器：没有启用几何权重，使用默认全1权重
2025-08-25 02:32:03,749 - WARNING - ⚠️ 权重管理器：没有启用几何权重，使用默认全1权重
2025-08-25 02:32:03,749 - WARNING - ⚠️ 权重管理器：没有启用几何权重，使用默认全1权重
2025-08-25 02:32:03,749 - WARNING - ⚠️ 权重管理器：没有启用几何权重，使用默认全1权重
2025-08-25 02:32:03,749 - WARNING - ⚠️ 权重管理器：没有启用几何权重，使用默认全1权重
2025-08-25 02:32:03,757 - WARNING - ⚠️ 权重管理器：没有启用几何权重，使用默认全1权重
2025-08-25 02:32:03,757 - WARNING - ⚠️ 权重管理器：没有启用几何权重，使用默认全1权重
2025-08-25 02:32:03,757 - DEBUG - 🔍 权重矩阵计算成功: 形状=(21, 21)
2025-08-25 02:32:03,757 - DEBUG - 🔍 几何权重统计:
2025-08-25 02:32:03,757 - DEBUG -    权重向量: [[1.]
 [1.]
 [1.]
 [1.]
 [1.]
 [1.]
 [1.]
 [1.]
 [1.]
 [1.]
 [1.]
 [1.]
 [1.]
 [1.]
 [1.]
 [1.]
 [1.]
 [1.]
 [1.]
 [1.]
 [1.]]
2025-08-25 02:32:03,762 - DEBUG -    权重范围: [1.000000, 1.000000]
2025-08-25 02:32:03,762 - DEBUG -    权重均值: 1.000000
2025-08-25 02:32:03,762 - DEBUG -    权重标准差: 0.000000
2025-08-25 02:32:03,762 - DEBUG -    高权重点(>0.8): 21/21
2025-08-25 02:32:03,762 - DEBUG -    低权重点(<0.2): 0/21
2025-08-25 02:32:03,762 - INFO - -----------------------------------------------------------------------------------
2025-08-25 02:32:03,762 - DEBUG - 🔍 开始求解LM更新方程:
2025-08-25 02:32:03,762 - DEBUG -    数据残差: 形状=(21,), 范数=0.031784
2025-08-25 02:32:03,762 - DEBUG -    约束残差: 形状=(1,), 范数=0.000685
2025-08-25 02:32:03,762 - DEBUG - 🔍 计算数据残差雅可比矩阵 J_f: 形状=(21, 4)
2025-08-25 02:32:03,765 - DEBUG - 🔍 J_f矩阵计算完成: 条件数=8.75e+00
2025-08-25 02:32:03,765 - DEBUG - 🔍 深度约束雅可比计算: u=-0.016424, σ=0.495894, J_h=[[ 0.          0.         -0.49589415  0.        ]]
2025-08-25 02:32:03,765 - DEBUG - 🔍 半径先验雅可比: J_r=[[0. 0. 0. 1.]]
2025-08-25 02:32:03,765 - DEBUG - 🔍 使用几何权重矩阵: 形状=(21, 21)
2025-08-25 02:32:03,765 - DEBUG - 🔍 Hessian矩阵计算:
2025-08-25 02:32:03,765 - DEBUG -    H_data = J_f^T W J_f: 形状=(4, 4), 条件数=7.66e+01
2025-08-25 02:32:03,765 - DEBUG -    H_h = λ_depth J_h^T J_h: 形状=(4, 4), λ_depth=1000.0
2025-08-25 02:32:03,765 - DEBUG -    H_r = λ_radius J_r^T J_r: 形状=(4, 4), λ_radius=1.0
2025-08-25 02:32:03,765 - DEBUG -    H_total: 形状=(4, 4), 条件数=8.67e+01
2025-08-25 02:32:03,765 - DEBUG - 🔍 梯度计算:
2025-08-25 02:32:03,765 - DEBUG -    g_data: 形状=(4,), 范数=0.063127
2025-08-25 02:32:03,765 - DEBUG -    g_h: 形状=(4,), 范数=0.339672
2025-08-25 02:32:03,765 - DEBUG -    g_r: 形状=(4,), 范数=0.004438
2025-08-25 02:32:03,765 - DEBUG -    g_total: 形状=(4,), 范数=0.321800
2025-08-25 02:32:03,765 - DEBUG - 🔍 LM阻尼矩阵: H_lm = H_total + 0.1 * I
2025-08-25 02:32:03,765 - DEBUG -    H_lm条件数: 8.38e+01
2025-08-25 02:32:03,765 - DEBUG - 🔍 线性方程组求解成功:
2025-08-25 02:32:03,765 - DEBUG -    参数更新向量 Δθ: [[-0.00207591]
 [-0.00474988]
 [ 0.00132278]
 [-0.00502642]]
2025-08-25 02:32:03,765 - DEBUG -    更新向量范数: 0.007341
2025-08-25 02:32:03,765 - DEBUG -    各分量更新: Δc_x=-0.002076, Δc_y=-0.004750, Δc_z=0.001323, Δr=-0.005026
2025-08-25 02:32:03,765 - DEBUG -    参数更新:
2025-08-25 02:32:03,765 - DEBUG -      旧参数: [[0.10081754]
 [0.01807563]
 [0.60237223]
 [0.01643809]]
2025-08-25 02:32:03,765 - DEBUG -      更新向量: [[-0.00207591]
 [-0.00474988]
 [ 0.00132278]
 [-0.00502642]]
2025-08-25 02:32:03,765 - DEBUG -      新参数: [[0.09874163]
 [0.01332575]
 [0.603695  ]
 [0.01141167]]
2025-08-25 02:32:03,765 - INFO - -----------------------------------------------------------------------------------
2025-08-25 02:32:03,765 - INFO - 🔍 迭代第3次，球心向右2.075908mm，向上4.749884mm，向后1.322776mm，半径变小5.026422mm
2025-08-25 02:32:03,765 - INFO - 📊 变化前: 中心(0.101, 0.018, 0.602), 半径16.44mm
2025-08-25 02:32:03,765 - INFO - 📊 变化后: 中心(0.099, 0.013, 0.604), 半径11.41mm
2025-08-25 02:32:03,765 - INFO - 📈 变化量: 中心移动5.18mm, 半径变化5.03mm
2025-08-25 02:32:03,765 - INFO - 📍 眼球中心: [0.10081754 0.01807563 0.60237223]
2025-08-25 02:32:03,765 - INFO - 📏 眼球半径: 16.44mm
2025-08-25 02:32:03,765 - INFO - 👁️ 瞳孔中心: [0.10133334 0.02266667 0.60000002]
2025-08-25 02:32:03,765 - INFO - 📐 眼球中心在瞳孔中心的左0.52mm，上4.59mm，后2.37mm
2025-08-25 02:32:03,765 - INFO - 📏 距离: 5.19mm
2025-08-25 02:32:03,765 - INFO - -----------------------------------------------------------------------------------
2025-08-25 02:32:03,765 - INFO - -----------------------------------------------------------------------------------
2025-08-25 02:32:03,773 - DEBUG - 🔍 参数有效性检查:
2025-08-25 02:32:03,773 - DEBUG -    参数向量: [[0.09874163]
 [0.01332575]
 [0.603695  ]
 [0.01141167]]
2025-08-25 02:32:03,774 - DEBUG -    球心: [0.09874163 0.01332575 0.603695  ]
2025-08-25 02:32:03,774 - DEBUG -    半径: 0.011412
2025-08-25 02:32:03,774 - DEBUG - 🔍 函数值计算详情:
2025-08-25 02:32:03,774 - DEBUG -    数据项 F(θ): 0.000505
2025-08-25 02:32:03,774 - DEBUG -    深度约束项: 0.000235
2025-08-25 02:32:03,774 - DEBUG -    半径先验项: 0.000010
2025-08-25 02:32:03,778 - DEBUG -    总函数值 Φ(θ): 0.000750
2025-08-25 02:32:03,778 - DEBUG -    函数值改善: 0.026103
2025-08-25 02:32:03,778 - DEBUG - 🔍 参数有效: True
2025-08-25 02:32:03,778 - DEBUG -    参数更新成功:
2025-08-25 02:32:03,778 - DEBUG -      新球心: [0.09874163 0.01332575 0.603695  ]
2025-08-25 02:32:03,781 - DEBUG -      新半径: 0.011412
2025-08-25 02:32:03,781 - INFO - -----------------------------------------------------------------------------------
2025-08-25 02:32:03,781 - DEBUG - 🔍 LM收敛性检查:
2025-08-25 02:32:03,781 - DEBUG -    当前迭代次数: 3
2025-08-25 02:32:03,781 - DEBUG -    最大迭代次数: 30
2025-08-25 02:32:03,781 - DEBUG -    参数变化: 0.007341
2025-08-25 02:32:03,781 - DEBUG -    参数容忍度: 5e-06
2025-08-25 02:32:03,781 - DEBUG -    残差变化: 0.000000
2025-08-25 02:32:03,781 - DEBUG -    残差容忍度: 5e-06
2025-08-25 02:32:03,781 - DEBUG - 🔍 迭代 5/30:
2025-08-25 02:32:03,781 - DEBUG - 🔍 计算点到球心距离: 形状=(21,)
2025-08-25 02:32:03,781 - DEBUG - 🔍 生理偏差向量计算:
2025-08-25 02:32:03,781 - DEBUG -    点类型列表: ['pupil_center', 'iris_boundaries', 'iris_boundaries', 'iris_boundaries', 'iris_boundaries', 'eye_contours', 'eye_contours', 'eye_contours', 'eye_contours', 'eye_contours', 'eye_contours', 'eye_contours', 'eye_contours', 'eye_contours', 'eye_contours', 'eye_contours', 'eye_contours', 'eye_contours', 'eye_contours', 'eye_contours', 'eye_contours']
2025-08-25 02:32:03,781 - DEBUG -    偏差向量: [0.0002  0.00085 0.00085 0.00085 0.00085 0.0015  0.0015  0.0015  0.0015
 0.0015  0.0015  0.0015  0.0015  0.0015  0.0015  0.0015  0.0015  0.0015
 0.0015  0.0015  0.0015 ]
2025-08-25 02:32:03,781 - DEBUG -    向量形状: (21,)
2025-08-25 02:32:03,781 - DEBUG -    偏差统计: 均值=0.001314, 标准差=0.000356
2025-08-25 02:32:03,781 - DEBUG - 获取生理偏差: 点类型=['pupil_center', 'iris_boundaries', 'iris_boundaries', 'iris_boundaries', 'iris_boundaries', 'eye_contours', 'eye_contours', 'eye_contours', 'eye_contours', 'eye_contours', 'eye_contours', 'eye_contours', 'eye_contours', 'eye_contours', 'eye_contours', 'eye_contours', 'eye_contours', 'eye_contours', 'eye_contours', 'eye_contours', 'eye_contours'], 偏差值=[0.0002  0.00085 0.00085 0.00085 0.00085 0.0015  0.0015  0.0015  0.0015
 0.0015  0.0015  0.0015  0.0015  0.0015  0.0015  0.0015  0.0015  0.0015
 0.0015  0.0015  0.0015 ]
2025-08-25 02:32:03,781 - INFO - -----------------------------------------------------------------------------------
2025-08-25 02:32:03,781 - DEBUG - 🔍 拟合残差计算详情:
2025-08-25 02:32:03,781 - DEBUG -    球心坐标: [0.09874163 0.01332575 0.603695  ]
2025-08-25 02:32:03,781 - DEBUG -    球体半径: 0.011412
2025-08-25 02:32:03,781 - DEBUG -    采样点数: 21
2025-08-25 02:32:03,781 - DEBUG -    点类型分布: {'eye_contours': 16, 'iris_boundaries': 4, 'pupil_center': 1}
2025-08-25 02:32:03,781 - DEBUG -    理论距离向量: [0.01161167 0.01226167 0.01226167 0.01226167 0.01226167 0.01291167
 0.01291167 0.01291167 0.01291167 0.01291167 0.01291167 0.01291167
 0.01291167 0.01291167 0.01291167 0.01291167 0.01291167 0.01291167
 0.01291167 0.01291167 0.01291167]
2025-08-25 02:32:03,781 - DEBUG -    实际距离向量: [0.01037413 0.01707002 0.00481892 0.01239733 0.01920317 0.02345239
 0.01958642 0.01227085 0.00582728 0.00957336 0.01750337 0.02310424
 0.02654604 0.02949853 0.02731447 0.02512464 0.02233026 0.01908123
 0.01781116 0.01927543 0.02207051]
2025-08-25 02:32:03,781 - DEBUG -    生理偏差向量: [0.0002  0.00085 0.00085 0.00085 0.00085 0.0015  0.0015  0.0015  0.0015
 0.0015  0.0015  0.0015  0.0015  0.0015  0.0015  0.0015  0.0015  0.0015
 0.0015  0.0015  0.0015 ]
2025-08-25 02:32:03,781 - DEBUG -    残差向量 f(θ): 
[[-0.00123753]
 [ 0.00480835]
 [-0.00744274]
 [ 0.00013566]
 [ 0.0069415 ]
 [ 0.01054073]
 [ 0.00667475]
 [-0.00064082]
 [-0.00708439]
 [-0.00333831]
 [ 0.0045917 ]
 [ 0.01019257]
 [ 0.01363437]
 [ 0.01658686]
 [ 0.01440281]
 [ 0.01221297]
 [ 0.00941859]
 [ 0.00616956]
 [ 0.00489949]
 [ 0.00636376]
 [ 0.00915884]]
2025-08-25 02:32:03,789 - DEBUG -    平均残差范数: 0.001883
2025-08-25 02:32:03,790 - DEBUG -    残差范数=0.039540
2025-08-25 02:32:03,791 - INFO - -----------------------------------------------------------------------------------
2025-08-25 02:32:03,791 - DEBUG - 🔍 深度约束计算详情 (softplus):
2025-08-25 02:32:03,791 - DEBUG -    采样点Z坐标范围: [0.600000, 0.602156]
2025-08-25 02:32:03,791 - DEBUG -    球心Z坐标: 0.603695
2025-08-25 02:32:03,791 - DEBUG -    深度偏移ε: 0.000200
2025-08-25 02:32:03,791 - DEBUG -    softplus参数τ: 0.001000
2025-08-25 02:32:03,791 - DEBUG -    原始违反值: -0.001339
2025-08-25 02:32:03,791 - DEBUG -    softplus输入 u: -1.339200
2025-08-25 02:32:03,791 - DEBUG -    约束惩罚 h(θ): 0.000233
2025-08-25 02:32:03,791 - DEBUG -    🟢 深度约束满足: 球心深度足够
2025-08-25 02:32:03,791 - INFO - -----------------------------------------------------------------------------------
2025-08-25 02:32:03,791 - DEBUG - 🔍 半径惩罚计算详情:
2025-08-25 02:32:03,791 - DEBUG -    当前半径: 0.011412
2025-08-25 02:32:03,791 - DEBUG -    半径先验值: 0.012000
2025-08-25 02:32:03,791 - DEBUG -    半径残差 r(θ): -0.000588
2025-08-25 02:32:03,791 - DEBUG -    数据残差 f(θ): [[-0.00123753]
 [ 0.00480835]
 [-0.00744274]
 [ 0.00013566]
 [ 0.0069415 ]
 [ 0.01054073]
 [ 0.00667475]
 [-0.00064082]
 [-0.00708439]
 [-0.00333831]
 [ 0.0045917 ]
 [ 0.01019257]
 [ 0.01363437]
 [ 0.01658686]
 [ 0.01440281]
 [ 0.01221297]
 [ 0.00941859]
 [ 0.00616956]
 [ 0.00489949]
 [ 0.00636376]
 [ 0.00915884]]
2025-08-25 02:32:03,798 - DEBUG -    约束残差 g(θ): [[0.00023274]]
2025-08-25 02:32:03,798 - DEBUG -    半径残差 r(θ): [[-0.00058833]]
2025-08-25 02:32:03,798 - DEBUG - 🔍 状态变化计算: 参数变化=0.007341, 残差变化=0.007756
2025-08-25 02:32:03,798 - INFO - -----------------------------------------------------------------------------------
2025-08-25 02:32:03,798 - DEBUG - 🔍 权重管理器状态更新详情:
2025-08-25 02:32:03,798 - DEBUG -    当前迭代: 4
2025-08-25 02:32:03,798 - DEBUG -    参数变化: 0.007341 (阈值: 0.000005)
2025-08-25 02:32:03,798 - DEBUG -    残差变化: 0.007756 (阈值: 0.000005)
2025-08-25 02:32:03,798 - DEBUG -    几何权重因子: 10
2025-08-25 02:32:03,798 - DEBUG - ⏸️ 保持图像置信度权重: 参数变化=7.34e-03, 残差变化=7.76e-03
2025-08-25 02:32:03,798 - DEBUG - 状态已保存: 参数=[0.09874163 0.01332575 0.603695   0.01141167], 残差范数=0.039540
2025-08-25 02:32:03,798 - DEBUG - 🔍 获取visibility信息: 形状=(21,), 范围=[1.000, 1.000]
2025-08-25 02:32:03,798 - DEBUG - 🔧 设置图像置信度权重: 21个点
2025-08-25 02:32:03,798 - DEBUG - 🔍 开始计算权重矩阵:
2025-08-25 02:32:03,798 - DEBUG -    点类型: ['pupil_center', 'iris_boundaries', 'iris_boundaries', 'iris_boundaries', 'iris_boundaries', 'eye_contours', 'eye_contours', 'eye_contours', 'eye_contours', 'eye_contours', 'eye_contours', 'eye_contours', 'eye_contours', 'eye_contours', 'eye_contours', 'eye_contours', 'eye_contours', 'eye_contours', 'eye_contours', 'eye_contours', 'eye_contours']
2025-08-25 02:32:03,798 - DEBUG -    残差向量: 形状=(21,), 范数=0.039540
2025-08-25 02:32:03,798 - DEBUG -    Visibility: 形状=(21,), 均值=1.000
2025-08-25 02:32:03,798 - WARNING - ⚠️ 权重管理器：没有启用几何权重，使用默认全1权重
2025-08-25 02:32:03,798 - WARNING - ⚠️ 权重管理器：没有启用几何权重，使用默认全1权重
2025-08-25 02:32:03,798 - WARNING - ⚠️ 权重管理器：没有启用几何权重，使用默认全1权重
2025-08-25 02:32:03,798 - WARNING - ⚠️ 权重管理器：没有启用几何权重，使用默认全1权重
2025-08-25 02:32:03,798 - WARNING - ⚠️ 权重管理器：没有启用几何权重，使用默认全1权重
2025-08-25 02:32:03,798 - WARNING - ⚠️ 权重管理器：没有启用几何权重，使用默认全1权重
2025-08-25 02:32:03,798 - WARNING - ⚠️ 权重管理器：没有启用几何权重，使用默认全1权重
2025-08-25 02:32:03,798 - WARNING - ⚠️ 权重管理器：没有启用几何权重，使用默认全1权重
2025-08-25 02:32:03,798 - WARNING - ⚠️ 权重管理器：没有启用几何权重，使用默认全1权重
2025-08-25 02:32:03,798 - WARNING - ⚠️ 权重管理器：没有启用几何权重，使用默认全1权重
2025-08-25 02:32:03,798 - WARNING - ⚠️ 权重管理器：没有启用几何权重，使用默认全1权重
2025-08-25 02:32:03,798 - WARNING - ⚠️ 权重管理器：没有启用几何权重，使用默认全1权重
2025-08-25 02:32:03,798 - WARNING - ⚠️ 权重管理器：没有启用几何权重，使用默认全1权重
2025-08-25 02:32:03,798 - WARNING - ⚠️ 权重管理器：没有启用几何权重，使用默认全1权重
2025-08-25 02:32:03,798 - WARNING - ⚠️ 权重管理器：没有启用几何权重，使用默认全1权重
2025-08-25 02:32:03,798 - WARNING - ⚠️ 权重管理器：没有启用几何权重，使用默认全1权重
2025-08-25 02:32:03,798 - WARNING - ⚠️ 权重管理器：没有启用几何权重，使用默认全1权重
2025-08-25 02:32:03,798 - WARNING - ⚠️ 权重管理器：没有启用几何权重，使用默认全1权重
2025-08-25 02:32:03,798 - WARNING - ⚠️ 权重管理器：没有启用几何权重，使用默认全1权重
2025-08-25 02:32:03,798 - WARNING - ⚠️ 权重管理器：没有启用几何权重，使用默认全1权重
2025-08-25 02:32:03,798 - WARNING - ⚠️ 权重管理器：没有启用几何权重，使用默认全1权重
2025-08-25 02:32:03,798 - DEBUG - 🔍 权重矩阵计算成功: 形状=(21, 21)
2025-08-25 02:32:03,798 - DEBUG - 🔍 几何权重统计:
2025-08-25 02:32:03,798 - DEBUG -    权重向量: [[1.]
 [1.]
 [1.]
 [1.]
 [1.]
 [1.]
 [1.]
 [1.]
 [1.]
 [1.]
 [1.]
 [1.]
 [1.]
 [1.]
 [1.]
 [1.]
 [1.]
 [1.]
 [1.]
 [1.]
 [1.]]
2025-08-25 02:32:03,798 - DEBUG -    权重范围: [1.000000, 1.000000]
2025-08-25 02:32:03,798 - DEBUG -    权重均值: 1.000000
2025-08-25 02:32:03,798 - DEBUG -    权重标准差: 0.000000
2025-08-25 02:32:03,806 - DEBUG -    高权重点(>0.8): 21/21
2025-08-25 02:32:03,806 - DEBUG -    低权重点(<0.2): 0/21
2025-08-25 02:32:03,806 - INFO - -----------------------------------------------------------------------------------
2025-08-25 02:32:03,806 - DEBUG - 🔍 开始求解LM更新方程:
2025-08-25 02:32:03,808 - DEBUG -    数据残差: 形状=(21,), 范数=0.039540
2025-08-25 02:32:03,808 - DEBUG -    约束残差: 形状=(1,), 范数=0.000233
2025-08-25 02:32:03,808 - DEBUG - 🔍 计算数据残差雅可比矩阵 J_f: 形状=(21, 4)
2025-08-25 02:32:03,808 - DEBUG - 🔍 J_f矩阵计算完成: 条件数=9.02e+00
2025-08-25 02:32:03,808 - DEBUG - 🔍 深度约束雅可比计算: u=-1.339200, σ=0.207642, J_h=[[ 0.          0.         -0.20764165  0.        ]]
2025-08-25 02:32:03,811 - DEBUG - 🔍 半径先验雅可比: J_r=[[0. 0. 0. 1.]]
2025-08-25 02:32:03,811 - DEBUG - 🔍 使用几何权重矩阵: 形状=(21, 21)
2025-08-25 02:32:03,811 - DEBUG - 🔍 Hessian矩阵计算:
2025-08-25 02:32:03,811 - DEBUG -    H_data = J_f^T W J_f: 形状=(4, 4), 条件数=8.13e+01
2025-08-25 02:32:03,811 - DEBUG -    H_h = λ_depth J_h^T J_h: 形状=(4, 4), λ_depth=1000.0
2025-08-25 02:32:03,811 - DEBUG -    H_r = λ_radius J_r^T J_r: 形状=(4, 4), λ_radius=1.0
2025-08-25 02:32:03,811 - DEBUG -    H_total: 形状=(4, 4), 条件数=6.01e+01
2025-08-25 02:32:03,811 - DEBUG - 🔍 梯度计算:
2025-08-25 02:32:03,811 - DEBUG -    g_data: 形状=(4,), 范数=0.143758
2025-08-25 02:32:03,814 - DEBUG -    g_h: 形状=(4,), 范数=0.048327
2025-08-25 02:32:03,814 - DEBUG -    g_r: 形状=(4,), 范数=0.000588
2025-08-25 02:32:03,814 - DEBUG -    g_total: 形状=(4,), 范数=0.153655
2025-08-25 02:32:03,814 - DEBUG - 🔍 LM阻尼矩阵: H_lm = H_total + 0.1 * I
2025-08-25 02:32:03,814 - DEBUG -    H_lm条件数: 5.32e+01
2025-08-25 02:32:03,814 - DEBUG - 🔍 线性方程组求解成功:
2025-08-25 02:32:03,814 - DEBUG -    参数更新向量 Δθ: [[-0.0022274 ]
 [ 0.00051251]
 [ 0.00074379]
 [ 0.00502698]]
2025-08-25 02:32:03,814 - DEBUG -    更新向量范数: 0.005572
2025-08-25 02:32:03,814 - DEBUG -    各分量更新: Δc_x=-0.002227, Δc_y=0.000513, Δc_z=0.000744, Δr=0.005027
2025-08-25 02:32:03,814 - DEBUG -    参数更新:
2025-08-25 02:32:03,814 - DEBUG -      旧参数: [[0.09874163]
 [0.01332575]
 [0.603695  ]
 [0.01141167]]
2025-08-25 02:32:03,814 - DEBUG -      更新向量: [[-0.0022274 ]
 [ 0.00051251]
 [ 0.00074379]
 [ 0.00502698]]
2025-08-25 02:32:03,814 - DEBUG -      新参数: [[0.09651423]
 [0.01383826]
 [0.60443879]
 [0.01643865]]
2025-08-25 02:32:03,814 - INFO - -----------------------------------------------------------------------------------
2025-08-25 02:32:03,814 - INFO - 🔍 迭代第4次，球心向右2.227401mm，向下0.512510mm，向后0.743789mm，半径变大5.026978mm
2025-08-25 02:32:03,814 - INFO - 📊 变化前: 中心(0.099, 0.013, 0.604), 半径11.41mm
2025-08-25 02:32:03,814 - INFO - 📊 变化后: 中心(0.097, 0.014, 0.604), 半径16.44mm
2025-08-25 02:32:03,814 - INFO - 📈 变化量: 中心移动2.29mm, 半径变化5.03mm
2025-08-25 02:32:03,814 - INFO - 📍 眼球中心: [0.09874163 0.01332575 0.603695  ]
2025-08-25 02:32:03,814 - INFO - 📏 眼球半径: 11.41mm
2025-08-25 02:32:03,814 - INFO - 👁️ 瞳孔中心: [0.10133334 0.02266667 0.60000002]
2025-08-25 02:32:03,814 - INFO - 📐 眼球中心在瞳孔中心的左2.59mm，上9.34mm，后3.69mm
2025-08-25 02:32:03,814 - INFO - 📏 距离: 10.37mm
2025-08-25 02:32:03,814 - INFO - -----------------------------------------------------------------------------------
2025-08-25 02:32:03,814 - INFO - -----------------------------------------------------------------------------------
2025-08-25 02:32:03,814 - DEBUG - 🔍 参数有效性检查:
2025-08-25 02:32:03,814 - DEBUG -    参数向量: [[0.09651423]
 [0.01383826]
 [0.60443879]
 [0.01643865]]
2025-08-25 02:32:03,814 - DEBUG -    球心: [0.09651423 0.01383826 0.60443879]
2025-08-25 02:32:03,814 - DEBUG -    半径: 0.016439
2025-08-25 02:32:03,814 - DEBUG - 🔍 函数值计算详情:
2025-08-25 02:32:03,814 - DEBUG -    数据项 F(θ): 0.000782
2025-08-25 02:32:03,814 - DEBUG -    深度约束项: 0.000027
2025-08-25 02:32:03,814 - DEBUG -    半径先验项: 0.000000
2025-08-25 02:32:03,814 - DEBUG -    总函数值 Φ(θ): 0.000809
2025-08-25 02:32:03,814 - DEBUG -    函数值改善: -0.000059
2025-08-25 02:32:03,814 - DEBUG - 🔍 参数有效: False
2025-08-25 02:32:03,814 - DEBUG -    参数无效，阻尼因子调整: λ_LM = 1.00e+00
2025-08-25 02:32:03,814 - DEBUG - 🔍 迭代 6/30:
2025-08-25 02:32:03,814 - DEBUG - 🔍 计算点到球心距离: 形状=(21,)
2025-08-25 02:32:03,814 - DEBUG - 🔍 生理偏差向量计算:
2025-08-25 02:32:03,814 - DEBUG -    点类型列表: ['pupil_center', 'iris_boundaries', 'iris_boundaries', 'iris_boundaries', 'iris_boundaries', 'eye_contours', 'eye_contours', 'eye_contours', 'eye_contours', 'eye_contours', 'eye_contours', 'eye_contours', 'eye_contours', 'eye_contours', 'eye_contours', 'eye_contours', 'eye_contours', 'eye_contours', 'eye_contours', 'eye_contours', 'eye_contours']
2025-08-25 02:32:03,822 - DEBUG -    偏差向量: [0.0002  0.00085 0.00085 0.00085 0.00085 0.0015  0.0015  0.0015  0.0015
 0.0015  0.0015  0.0015  0.0015  0.0015  0.0015  0.0015  0.0015  0.0015
 0.0015  0.0015  0.0015 ]
2025-08-25 02:32:03,822 - DEBUG -    向量形状: (21,)
2025-08-25 02:32:03,822 - DEBUG -    偏差统计: 均值=0.001314, 标准差=0.000356
2025-08-25 02:32:03,824 - DEBUG - 获取生理偏差: 点类型=['pupil_center', 'iris_boundaries', 'iris_boundaries', 'iris_boundaries', 'iris_boundaries', 'eye_contours', 'eye_contours', 'eye_contours', 'eye_contours', 'eye_contours', 'eye_contours', 'eye_contours', 'eye_contours', 'eye_contours', 'eye_contours', 'eye_contours', 'eye_contours', 'eye_contours', 'eye_contours', 'eye_contours', 'eye_contours'], 偏差值=[0.0002  0.00085 0.00085 0.00085 0.00085 0.0015  0.0015  0.0015  0.0015
 0.0015  0.0015  0.0015  0.0015  0.0015  0.0015  0.0015  0.0015  0.0015
 0.0015  0.0015  0.0015 ]
2025-08-25 02:32:03,824 - INFO - -----------------------------------------------------------------------------------
2025-08-25 02:32:03,824 - DEBUG - 🔍 拟合残差计算详情:
2025-08-25 02:32:03,824 - DEBUG -    球心坐标: [0.09874163 0.01332575 0.603695  ]
2025-08-25 02:32:03,824 - DEBUG -    球体半径: 0.011412
2025-08-25 02:32:03,824 - DEBUG -    采样点数: 21
2025-08-25 02:32:03,824 - DEBUG -    点类型分布: {'eye_contours': 16, 'iris_boundaries': 4, 'pupil_center': 1}
2025-08-25 02:32:03,824 - DEBUG -    理论距离向量: [0.01161167 0.01226167 0.01226167 0.01226167 0.01226167 0.01291167
 0.01291167 0.01291167 0.01291167 0.01291167 0.01291167 0.01291167
 0.01291167 0.01291167 0.01291167 0.01291167 0.01291167 0.01291167
 0.01291167 0.01291167 0.01291167]
2025-08-25 02:32:03,824 - DEBUG -    实际距离向量: [0.01037413 0.01707002 0.00481892 0.01239733 0.01920317 0.02345239
 0.01958642 0.01227085 0.00582728 0.00957336 0.01750337 0.02310424
 0.02654604 0.02949853 0.02731447 0.02512464 0.02233026 0.01908123
 0.01781116 0.01927543 0.02207051]
2025-08-25 02:32:03,824 - DEBUG -    生理偏差向量: [0.0002  0.00085 0.00085 0.00085 0.00085 0.0015  0.0015  0.0015  0.0015
 0.0015  0.0015  0.0015  0.0015  0.0015  0.0015  0.0015  0.0015  0.0015
 0.0015  0.0015  0.0015 ]
2025-08-25 02:32:03,824 - DEBUG -    残差向量 f(θ): 
[[-0.00123753]
 [ 0.00480835]
 [-0.00744274]
 [ 0.00013566]
 [ 0.0069415 ]
 [ 0.01054073]
 [ 0.00667475]
 [-0.00064082]
 [-0.00708439]
 [-0.00333831]
 [ 0.0045917 ]
 [ 0.01019257]
 [ 0.01363437]
 [ 0.01658686]
 [ 0.01440281]
 [ 0.01221297]
 [ 0.00941859]
 [ 0.00616956]
 [ 0.00489949]
 [ 0.00636376]
 [ 0.00915884]]
2025-08-25 02:32:03,830 - DEBUG -    平均残差范数: 0.001883
2025-08-25 02:32:03,830 - DEBUG -    残差范数=0.039540
2025-08-25 02:32:03,830 - INFO - -----------------------------------------------------------------------------------
2025-08-25 02:32:03,830 - DEBUG - 🔍 深度约束计算详情 (softplus):
2025-08-25 02:32:03,830 - DEBUG -    采样点Z坐标范围: [0.600000, 0.602156]
2025-08-25 02:32:03,830 - DEBUG -    球心Z坐标: 0.603695
2025-08-25 02:32:03,830 - DEBUG -    深度偏移ε: 0.000200
2025-08-25 02:32:03,830 - DEBUG -    softplus参数τ: 0.001000
2025-08-25 02:32:03,830 - DEBUG -    原始违反值: -0.001339
2025-08-25 02:32:03,830 - DEBUG -    softplus输入 u: -1.339200
2025-08-25 02:32:03,830 - DEBUG -    约束惩罚 h(θ): 0.000233
2025-08-25 02:32:03,830 - DEBUG -    🟢 深度约束满足: 球心深度足够
2025-08-25 02:32:03,830 - INFO - -----------------------------------------------------------------------------------
2025-08-25 02:32:03,830 - DEBUG - 🔍 半径惩罚计算详情:
2025-08-25 02:32:03,830 - DEBUG -    当前半径: 0.011412
2025-08-25 02:32:03,830 - DEBUG -    半径先验值: 0.012000
2025-08-25 02:32:03,830 - DEBUG -    半径残差 r(θ): -0.000588
2025-08-25 02:32:03,830 - DEBUG -    数据残差 f(θ): [[-0.00123753]
 [ 0.00480835]
 [-0.00744274]
 [ 0.00013566]
 [ 0.0069415 ]
 [ 0.01054073]
 [ 0.00667475]
 [-0.00064082]
 [-0.00708439]
 [-0.00333831]
 [ 0.0045917 ]
 [ 0.01019257]
 [ 0.01363437]
 [ 0.01658686]
 [ 0.01440281]
 [ 0.01221297]
 [ 0.00941859]
 [ 0.00616956]
 [ 0.00489949]
 [ 0.00636376]
 [ 0.00915884]]
2025-08-25 02:32:03,830 - DEBUG -    约束残差 g(θ): [[0.00023274]]
2025-08-25 02:32:03,830 - DEBUG -    半径残差 r(θ): [[-0.00058833]]
2025-08-25 02:32:03,830 - DEBUG - 🔍 状态变化计算: 参数变化=0.000000, 残差变化=0.000000
2025-08-25 02:32:03,830 - INFO - -----------------------------------------------------------------------------------
2025-08-25 02:32:03,830 - DEBUG - 🔍 权重管理器状态更新详情:
2025-08-25 02:32:03,830 - DEBUG -    当前迭代: 5
2025-08-25 02:32:03,830 - DEBUG -    参数变化: 0.000000 (阈值: 0.000005)
2025-08-25 02:32:03,830 - DEBUG -    残差变化: 0.000000 (阈值: 0.000005)
2025-08-25 02:32:03,830 - DEBUG -    几何权重因子: 10
2025-08-25 02:32:03,830 - DEBUG - ⏸️ 保持图像置信度权重: 参数变化=0.00e+00, 残差变化=0.00e+00
2025-08-25 02:32:03,830 - DEBUG - 状态已保存: 参数=[0.09874163 0.01332575 0.603695   0.01141167], 残差范数=0.039540
2025-08-25 02:32:03,830 - DEBUG - 🔍 获取visibility信息: 形状=(21,), 范围=[1.000, 1.000]
2025-08-25 02:32:03,830 - DEBUG - 🔧 设置图像置信度权重: 21个点
2025-08-25 02:32:03,830 - DEBUG - 🔍 开始计算权重矩阵:
2025-08-25 02:32:03,830 - DEBUG -    点类型: ['pupil_center', 'iris_boundaries', 'iris_boundaries', 'iris_boundaries', 'iris_boundaries', 'eye_contours', 'eye_contours', 'eye_contours', 'eye_contours', 'eye_contours', 'eye_contours', 'eye_contours', 'eye_contours', 'eye_contours', 'eye_contours', 'eye_contours', 'eye_contours', 'eye_contours', 'eye_contours', 'eye_contours', 'eye_contours']
2025-08-25 02:32:03,830 - DEBUG -    残差向量: 形状=(21,), 范数=0.039540
2025-08-25 02:32:03,830 - DEBUG -    Visibility: 形状=(21,), 均值=1.000
2025-08-25 02:32:03,830 - WARNING - ⚠️ 权重管理器：没有启用几何权重，使用默认全1权重
2025-08-25 02:32:03,830 - WARNING - ⚠️ 权重管理器：没有启用几何权重，使用默认全1权重
2025-08-25 02:32:03,830 - WARNING - ⚠️ 权重管理器：没有启用几何权重，使用默认全1权重
2025-08-25 02:32:03,830 - WARNING - ⚠️ 权重管理器：没有启用几何权重，使用默认全1权重
2025-08-25 02:32:03,830 - WARNING - ⚠️ 权重管理器：没有启用几何权重，使用默认全1权重
2025-08-25 02:32:03,830 - WARNING - ⚠️ 权重管理器：没有启用几何权重，使用默认全1权重
2025-08-25 02:32:03,830 - WARNING - ⚠️ 权重管理器：没有启用几何权重，使用默认全1权重
2025-08-25 02:32:03,830 - WARNING - ⚠️ 权重管理器：没有启用几何权重，使用默认全1权重
2025-08-25 02:32:03,830 - WARNING - ⚠️ 权重管理器：没有启用几何权重，使用默认全1权重
2025-08-25 02:32:03,830 - WARNING - ⚠️ 权重管理器：没有启用几何权重，使用默认全1权重
2025-08-25 02:32:03,838 - WARNING - ⚠️ 权重管理器：没有启用几何权重，使用默认全1权重
2025-08-25 02:32:03,838 - WARNING - ⚠️ 权重管理器：没有启用几何权重，使用默认全1权重
2025-08-25 02:32:03,838 - WARNING - ⚠️ 权重管理器：没有启用几何权重，使用默认全1权重
2025-08-25 02:32:03,838 - WARNING - ⚠️ 权重管理器：没有启用几何权重，使用默认全1权重
2025-08-25 02:32:03,838 - WARNING - ⚠️ 权重管理器：没有启用几何权重，使用默认全1权重
2025-08-25 02:32:03,838 - WARNING - ⚠️ 权重管理器：没有启用几何权重，使用默认全1权重
2025-08-25 02:32:03,838 - WARNING - ⚠️ 权重管理器：没有启用几何权重，使用默认全1权重
2025-08-25 02:32:03,838 - WARNING - ⚠️ 权重管理器：没有启用几何权重，使用默认全1权重
2025-08-25 02:32:03,838 - WARNING - ⚠️ 权重管理器：没有启用几何权重，使用默认全1权重
2025-08-25 02:32:03,838 - WARNING - ⚠️ 权重管理器：没有启用几何权重，使用默认全1权重
2025-08-25 02:32:03,838 - WARNING - ⚠️ 权重管理器：没有启用几何权重，使用默认全1权重
2025-08-25 02:32:03,842 - DEBUG - 🔍 权重矩阵计算成功: 形状=(21, 21)
2025-08-25 02:32:03,842 - DEBUG - 🔍 几何权重统计:
2025-08-25 02:32:03,842 - DEBUG -    权重向量: [[1.]
 [1.]
 [1.]
 [1.]
 [1.]
 [1.]
 [1.]
 [1.]
 [1.]
 [1.]
 [1.]
 [1.]
 [1.]
 [1.]
 [1.]
 [1.]
 [1.]
 [1.]
 [1.]
 [1.]
 [1.]]
2025-08-25 02:32:03,842 - DEBUG -    权重范围: [1.000000, 1.000000]
2025-08-25 02:32:03,842 - DEBUG -    权重均值: 1.000000
2025-08-25 02:32:03,842 - DEBUG -    权重标准差: 0.000000
2025-08-25 02:32:03,842 - DEBUG -    高权重点(>0.8): 21/21
2025-08-25 02:32:03,842 - DEBUG -    低权重点(<0.2): 0/21
2025-08-25 02:32:03,842 - INFO - -----------------------------------------------------------------------------------
2025-08-25 02:32:03,842 - DEBUG - 🔍 开始求解LM更新方程:
2025-08-25 02:32:03,842 - DEBUG -    数据残差: 形状=(21,), 范数=0.039540
2025-08-25 02:32:03,842 - DEBUG -    约束残差: 形状=(1,), 范数=0.000233
2025-08-25 02:32:03,842 - DEBUG - 🔍 计算数据残差雅可比矩阵 J_f: 形状=(21, 4)
2025-08-25 02:32:03,846 - DEBUG - 🔍 J_f矩阵计算完成: 条件数=9.02e+00
2025-08-25 02:32:03,846 - DEBUG - 🔍 深度约束雅可比计算: u=-1.339200, σ=0.207642, J_h=[[ 0.          0.         -0.20764165  0.        ]]
2025-08-25 02:32:03,846 - DEBUG - 🔍 半径先验雅可比: J_r=[[0. 0. 0. 1.]]
2025-08-25 02:32:03,846 - DEBUG - 🔍 使用几何权重矩阵: 形状=(21, 21)
2025-08-25 02:32:03,846 - DEBUG - 🔍 Hessian矩阵计算:
2025-08-25 02:32:03,846 - DEBUG -    H_data = J_f^T W J_f: 形状=(4, 4), 条件数=8.13e+01
2025-08-25 02:32:03,846 - DEBUG -    H_h = λ_depth J_h^T J_h: 形状=(4, 4), λ_depth=1000.0
2025-08-25 02:32:03,846 - DEBUG -    H_r = λ_radius J_r^T J_r: 形状=(4, 4), λ_radius=1.0
2025-08-25 02:32:03,846 - DEBUG -    H_total: 形状=(4, 4), 条件数=6.01e+01
2025-08-25 02:32:03,846 - DEBUG - 🔍 梯度计算:
2025-08-25 02:32:03,846 - DEBUG -    g_data: 形状=(4,), 范数=0.143758
2025-08-25 02:32:03,846 - DEBUG -    g_h: 形状=(4,), 范数=0.048327
2025-08-25 02:32:03,846 - DEBUG -    g_r: 形状=(4,), 范数=0.000588
2025-08-25 02:32:03,846 - DEBUG -    g_total: 形状=(4,), 范数=0.153655
2025-08-25 02:32:03,846 - DEBUG - 🔍 LM阻尼矩阵: H_lm = H_total + 1.0 * I
2025-08-25 02:32:03,846 - DEBUG -    H_lm条件数: 2.66e+01
2025-08-25 02:32:03,846 - DEBUG - 🔍 线性方程组求解成功:
2025-08-25 02:32:03,846 - DEBUG -    参数更新向量 Δθ: [[-0.00226278]
 [-0.00067615]
 [ 0.00073892]
 [ 0.00411503]]
2025-08-25 02:32:03,846 - DEBUG -    更新向量范数: 0.004802
2025-08-25 02:32:03,846 - DEBUG -    各分量更新: Δc_x=-0.002263, Δc_y=-0.000676, Δc_z=0.000739, Δr=0.004115
2025-08-25 02:32:03,846 - DEBUG -    参数更新:
2025-08-25 02:32:03,846 - DEBUG -      旧参数: [[0.09874163]
 [0.01332575]
 [0.603695  ]
 [0.01141167]]
2025-08-25 02:32:03,846 - DEBUG -      更新向量: [[-0.00226278]
 [-0.00067615]
 [ 0.00073892]
 [ 0.00411503]]
2025-08-25 02:32:03,846 - DEBUG -      新参数: [[0.09647885]
 [0.0126496 ]
 [0.60443392]
 [0.01552669]]
2025-08-25 02:32:03,846 - INFO - -----------------------------------------------------------------------------------
2025-08-25 02:32:03,846 - INFO - 🔍 迭代第5次，球心向右2.262778mm，向上0.676150mm，向后0.738916mm，半径变大4.115025mm
2025-08-25 02:32:03,846 - INFO - 📊 变化前: 中心(0.099, 0.013, 0.604), 半径11.41mm
2025-08-25 02:32:03,846 - INFO - 📊 变化后: 中心(0.096, 0.013, 0.604), 半径15.53mm
2025-08-25 02:32:03,846 - INFO - 📈 变化量: 中心移动2.36mm, 半径变化4.12mm
2025-08-25 02:32:03,846 - INFO - 📍 眼球中心: [0.09874163 0.01332575 0.603695  ]
2025-08-25 02:32:03,855 - INFO - 📏 眼球半径: 11.41mm
2025-08-25 02:32:03,855 - INFO - 👁️ 瞳孔中心: [0.10133334 0.02266667 0.60000002]
2025-08-25 02:32:03,855 - INFO - 📐 眼球中心在瞳孔中心的左2.59mm，上9.34mm，后3.69mm
2025-08-25 02:32:03,855 - INFO - 📏 距离: 10.37mm
2025-08-25 02:32:03,855 - INFO - -----------------------------------------------------------------------------------
2025-08-25 02:32:03,855 - INFO - -----------------------------------------------------------------------------------
2025-08-25 02:32:03,855 - DEBUG - 🔍 参数有效性检查:
2025-08-25 02:32:03,855 - DEBUG -    参数向量: [[0.09647885]
 [0.0126496 ]
 [0.60443392]
 [0.01552669]]
2025-08-25 02:32:03,863 - DEBUG -    球心: [0.09647885 0.0126496  0.60443392]
2025-08-25 02:32:03,865 - DEBUG -    半径: 0.015527
2025-08-25 02:32:03,865 - DEBUG - 🔍 函数值计算详情:
2025-08-25 02:32:03,865 - DEBUG -    数据项 F(θ): 0.000782
2025-08-25 02:32:03,865 - DEBUG -    深度约束项: 0.000027
2025-08-25 02:32:03,865 - DEBUG -    半径先验项: 0.000000
2025-08-25 02:32:03,865 - DEBUG -    总函数值 Φ(θ): 0.000809
2025-08-25 02:32:03,865 - DEBUG -    函数值改善: 0.000000
2025-08-25 02:32:03,865 - DEBUG - 🔍 参数有效: True
2025-08-25 02:32:03,865 - DEBUG -    参数更新成功:
2025-08-25 02:32:03,865 - DEBUG -      新球心: [0.09647885 0.0126496  0.60443392]
2025-08-25 02:32:03,865 - DEBUG -      新半径: 0.015527
2025-08-25 02:32:03,865 - INFO - -----------------------------------------------------------------------------------
2025-08-25 02:32:03,865 - DEBUG - 🔍 LM收敛性检查:
2025-08-25 02:32:03,865 - DEBUG -    当前迭代次数: 5
2025-08-25 02:32:03,865 - DEBUG -    最大迭代次数: 30
2025-08-25 02:32:03,865 - DEBUG -    参数变化: 0.004802
2025-08-25 02:32:03,865 - DEBUG -    参数容忍度: 5e-06
2025-08-25 02:32:03,865 - DEBUG -    残差变化: 0.000000
2025-08-25 02:32:03,865 - DEBUG -    残差容忍度: 5e-06
2025-08-25 02:32:03,865 - DEBUG - 🔍 迭代 7/30:
2025-08-25 02:32:03,865 - DEBUG - 🔍 计算点到球心距离: 形状=(21,)
2025-08-25 02:32:03,865 - DEBUG - 🔍 生理偏差向量计算:
2025-08-25 02:32:03,865 - DEBUG -    点类型列表: ['pupil_center', 'iris_boundaries', 'iris_boundaries', 'iris_boundaries', 'iris_boundaries', 'eye_contours', 'eye_contours', 'eye_contours', 'eye_contours', 'eye_contours', 'eye_contours', 'eye_contours', 'eye_contours', 'eye_contours', 'eye_contours', 'eye_contours', 'eye_contours', 'eye_contours', 'eye_contours', 'eye_contours', 'eye_contours']
2025-08-25 02:32:03,871 - DEBUG -    偏差向量: [0.0002  0.00085 0.00085 0.00085 0.00085 0.0015  0.0015  0.0015  0.0015
 0.0015  0.0015  0.0015  0.0015  0.0015  0.0015  0.0015  0.0015  0.0015
 0.0015  0.0015  0.0015 ]
2025-08-25 02:32:03,873 - DEBUG -    向量形状: (21,)
2025-08-25 02:32:03,873 - DEBUG -    偏差统计: 均值=0.001314, 标准差=0.000356
2025-08-25 02:32:03,877 - DEBUG - 获取生理偏差: 点类型=['pupil_center', 'iris_boundaries', 'iris_boundaries', 'iris_boundaries', 'iris_boundaries', 'eye_contours', 'eye_contours', 'eye_contours', 'eye_contours', 'eye_contours', 'eye_contours', 'eye_contours', 'eye_contours', 'eye_contours', 'eye_contours', 'eye_contours', 'eye_contours', 'eye_contours', 'eye_contours', 'eye_contours', 'eye_contours'], 偏差值=[0.0002  0.00085 0.00085 0.00085 0.00085 0.0015  0.0015  0.0015  0.0015
 0.0015  0.0015  0.0015  0.0015  0.0015  0.0015  0.0015  0.0015  0.0015
 0.0015  0.0015  0.0015 ]
2025-08-25 02:32:03,879 - INFO - -----------------------------------------------------------------------------------
2025-08-25 02:32:03,879 - DEBUG - 🔍 拟合残差计算详情:
2025-08-25 02:32:03,880 - DEBUG -    球心坐标: [0.09647885 0.0126496  0.60443392]
2025-08-25 02:32:03,880 - DEBUG -    球体半径: 0.015527
2025-08-25 02:32:03,880 - DEBUG -    采样点数: 21
2025-08-25 02:32:03,880 - DEBUG -    点类型分布: {'eye_contours': 16, 'iris_boundaries': 4, 'pupil_center': 1}
2025-08-25 02:32:03,882 - DEBUG -    理论距离向量: [0.01572669 0.01637669 0.01637669 0.01637669 0.01637669 0.01702669
 0.01702669 0.01702669 0.01702669 0.01702669 0.01702669 0.01702669
 0.01702669 0.01702669 0.01702669 0.01702669 0.01702669 0.01702669
 0.01702669 0.01702669 0.01702669]
2025-08-25 02:32:03,882 - DEBUG -    实际距离向量: [0.01198195 0.01939246 0.0071541  0.01216545 0.02049786 0.02228047
 0.01841996 0.01133219 0.00691852 0.0119933  0.01994364 0.02551928
 0.02895854 0.03188708 0.02967551 0.02740997 0.02443203 0.02066874
 0.01850967 0.01895173 0.02118836]
2025-08-25 02:32:03,882 - DEBUG -    生理偏差向量: [0.0002  0.00085 0.00085 0.00085 0.00085 0.0015  0.0015  0.0015  0.0015
 0.0015  0.0015  0.0015  0.0015  0.0015  0.0015  0.0015  0.0015  0.0015
 0.0015  0.0015  0.0015 ]
2025-08-25 02:32:03,882 - DEBUG -    残差向量 f(θ): 
[[-0.00374474]
 [ 0.00301577]
 [-0.00922259]
 [-0.00421124]
 [ 0.00412117]
 [ 0.00525377]
 [ 0.00139327]
 [-0.00569451]
 [-0.01010818]
 [-0.0050334 ]
 [ 0.00291694]
 [ 0.00849258]
 [ 0.01193184]
 [ 0.01486039]
 [ 0.01264882]
 [ 0.01038327]
 [ 0.00740533]
 [ 0.00364205]
 [ 0.00148298]
 [ 0.00192504]
 [ 0.00416167]]
2025-08-25 02:32:03,882 - DEBUG -    平均残差范数: 0.001605
2025-08-25 02:32:03,882 - DEBUG -    残差范数=0.033695
2025-08-25 02:32:03,882 - INFO - -----------------------------------------------------------------------------------
2025-08-25 02:32:03,882 - DEBUG - 🔍 深度约束计算详情 (softplus):
2025-08-25 02:32:03,882 - DEBUG -    采样点Z坐标范围: [0.600000, 0.602156]
2025-08-25 02:32:03,882 - DEBUG -    球心Z坐标: 0.604434
2025-08-25 02:32:03,882 - DEBUG -    深度偏移ε: 0.000200
2025-08-25 02:32:03,882 - DEBUG -    softplus参数τ: 0.001000
2025-08-25 02:32:03,882 - DEBUG -    原始违反值: -0.002078
2025-08-25 02:32:03,882 - DEBUG -    softplus输入 u: -2.078116
2025-08-25 02:32:03,887 - DEBUG -    约束惩罚 h(θ): 0.000118
2025-08-25 02:32:03,887 - DEBUG -    🟢 深度约束满足: 球心深度足够
2025-08-25 02:32:03,887 - INFO - -----------------------------------------------------------------------------------
2025-08-25 02:32:03,887 - DEBUG - 🔍 半径惩罚计算详情:
2025-08-25 02:32:03,887 - DEBUG -    当前半径: 0.015527
2025-08-25 02:32:03,887 - DEBUG -    半径先验值: 0.012000
2025-08-25 02:32:03,887 - DEBUG -    半径残差 r(θ): 0.003527
2025-08-25 02:32:03,887 - DEBUG -    数据残差 f(θ): [[-0.00374474]
 [ 0.00301577]
 [-0.00922259]
 [-0.00421124]
 [ 0.00412117]
 [ 0.00525377]
 [ 0.00139327]
 [-0.00569451]
 [-0.01010818]
 [-0.0050334 ]
 [ 0.00291694]
 [ 0.00849258]
 [ 0.01193184]
 [ 0.01486039]
 [ 0.01264882]
 [ 0.01038327]
 [ 0.00740533]
 [ 0.00364205]
 [ 0.00148298]
 [ 0.00192504]
 [ 0.00416167]]
2025-08-25 02:32:03,887 - DEBUG -    约束残差 g(θ): [[0.00011793]]
2025-08-25 02:32:03,887 - DEBUG -    半径残差 r(θ): [[0.00352669]]
2025-08-25 02:32:03,887 - DEBUG - 🔍 状态变化计算: 参数变化=0.004802, 残差变化=0.005845
2025-08-25 02:32:03,887 - INFO - -----------------------------------------------------------------------------------
2025-08-25 02:32:03,887 - DEBUG - 🔍 权重管理器状态更新详情:
2025-08-25 02:32:03,887 - DEBUG -    当前迭代: 6
2025-08-25 02:32:03,887 - DEBUG -    参数变化: 0.004802 (阈值: 0.000005)
2025-08-25 02:32:03,887 - DEBUG -    残差变化: 0.005845 (阈值: 0.000005)
2025-08-25 02:32:03,892 - DEBUG -    几何权重因子: 10
2025-08-25 02:32:03,892 - DEBUG - ⏸️ 保持图像置信度权重: 参数变化=4.80e-03, 残差变化=5.85e-03
2025-08-25 02:32:03,892 - DEBUG - 状态已保存: 参数=[0.09647885 0.0126496  0.60443392 0.01552669], 残差范数=0.033695
2025-08-25 02:32:03,895 - DEBUG - 🔍 获取visibility信息: 形状=(21,), 范围=[1.000, 1.000]
2025-08-25 02:32:03,895 - DEBUG - 🔧 设置图像置信度权重: 21个点
2025-08-25 02:32:03,895 - DEBUG - 🔍 开始计算权重矩阵:
2025-08-25 02:32:03,895 - DEBUG -    点类型: ['pupil_center', 'iris_boundaries', 'iris_boundaries', 'iris_boundaries', 'iris_boundaries', 'eye_contours', 'eye_contours', 'eye_contours', 'eye_contours', 'eye_contours', 'eye_contours', 'eye_contours', 'eye_contours', 'eye_contours', 'eye_contours', 'eye_contours', 'eye_contours', 'eye_contours', 'eye_contours', 'eye_contours', 'eye_contours']
2025-08-25 02:32:03,895 - DEBUG -    残差向量: 形状=(21,), 范数=0.033695
2025-08-25 02:32:03,895 - DEBUG -    Visibility: 形状=(21,), 均值=1.000
2025-08-25 02:32:03,895 - WARNING - ⚠️ 权重管理器：没有启用几何权重，使用默认全1权重
2025-08-25 02:32:03,895 - WARNING - ⚠️ 权重管理器：没有启用几何权重，使用默认全1权重
2025-08-25 02:32:03,895 - WARNING - ⚠️ 权重管理器：没有启用几何权重，使用默认全1权重
2025-08-25 02:32:03,895 - WARNING - ⚠️ 权重管理器：没有启用几何权重，使用默认全1权重
2025-08-25 02:32:03,895 - WARNING - ⚠️ 权重管理器：没有启用几何权重，使用默认全1权重
2025-08-25 02:32:03,895 - WARNING - ⚠️ 权重管理器：没有启用几何权重，使用默认全1权重
2025-08-25 02:32:03,895 - WARNING - ⚠️ 权重管理器：没有启用几何权重，使用默认全1权重
2025-08-25 02:32:03,895 - WARNING - ⚠️ 权重管理器：没有启用几何权重，使用默认全1权重
2025-08-25 02:32:03,895 - WARNING - ⚠️ 权重管理器：没有启用几何权重，使用默认全1权重
2025-08-25 02:32:03,895 - WARNING - ⚠️ 权重管理器：没有启用几何权重，使用默认全1权重
2025-08-25 02:32:03,895 - WARNING - ⚠️ 权重管理器：没有启用几何权重，使用默认全1权重
2025-08-25 02:32:03,895 - WARNING - ⚠️ 权重管理器：没有启用几何权重，使用默认全1权重
2025-08-25 02:32:03,895 - WARNING - ⚠️ 权重管理器：没有启用几何权重，使用默认全1权重
2025-08-25 02:32:03,895 - WARNING - ⚠️ 权重管理器：没有启用几何权重，使用默认全1权重
2025-08-25 02:32:03,895 - WARNING - ⚠️ 权重管理器：没有启用几何权重，使用默认全1权重
2025-08-25 02:32:03,895 - WARNING - ⚠️ 权重管理器：没有启用几何权重，使用默认全1权重
2025-08-25 02:32:03,895 - WARNING - ⚠️ 权重管理器：没有启用几何权重，使用默认全1权重
2025-08-25 02:32:03,895 - WARNING - ⚠️ 权重管理器：没有启用几何权重，使用默认全1权重
2025-08-25 02:32:03,895 - WARNING - ⚠️ 权重管理器：没有启用几何权重，使用默认全1权重
2025-08-25 02:32:03,895 - WARNING - ⚠️ 权重管理器：没有启用几何权重，使用默认全1权重
2025-08-25 02:32:03,895 - WARNING - ⚠️ 权重管理器：没有启用几何权重，使用默认全1权重
2025-08-25 02:32:03,895 - DEBUG - 🔍 权重矩阵计算成功: 形状=(21, 21)
2025-08-25 02:32:03,895 - DEBUG - 🔍 几何权重统计:
2025-08-25 02:32:03,903 - DEBUG -    权重向量: [[1.]
 [1.]
 [1.]
 [1.]
 [1.]
 [1.]
 [1.]
 [1.]
 [1.]
 [1.]
 [1.]
 [1.]
 [1.]
 [1.]
 [1.]
 [1.]
 [1.]
 [1.]
 [1.]
 [1.]
 [1.]]
2025-08-25 02:32:03,903 - DEBUG -    权重范围: [1.000000, 1.000000]
2025-08-25 02:32:03,903 - DEBUG -    权重均值: 1.000000
2025-08-25 02:32:03,903 - DEBUG -    权重标准差: 0.000000
2025-08-25 02:32:03,903 - DEBUG -    高权重点(>0.8): 21/21
2025-08-25 02:32:03,903 - DEBUG -    低权重点(<0.2): 0/21
2025-08-25 02:32:03,903 - INFO - -----------------------------------------------------------------------------------
2025-08-25 02:32:03,903 - DEBUG - 🔍 开始求解LM更新方程:
2025-08-25 02:32:03,903 - DEBUG -    数据残差: 形状=(21,), 范数=0.033695
2025-08-25 02:32:03,903 - DEBUG -    约束残差: 形状=(1,), 范数=0.000118
2025-08-25 02:32:03,903 - DEBUG - 🔍 计算数据残差雅可比矩阵 J_f: 形状=(21, 4)
2025-08-25 02:32:03,903 - DEBUG - 🔍 J_f矩阵计算完成: 条件数=1.05e+01
2025-08-25 02:32:03,903 - DEBUG - 🔍 深度约束雅可比计算: u=-2.078116, σ=0.111242, J_h=[[ 0.         0.        -0.1112421  0.       ]]
2025-08-25 02:32:03,911 - DEBUG - 🔍 半径先验雅可比: J_r=[[0. 0. 0. 1.]]
2025-08-25 02:32:03,911 - DEBUG - 🔍 使用几何权重矩阵: 形状=(21, 21)
2025-08-25 02:32:03,911 - DEBUG - 🔍 Hessian矩阵计算:
2025-08-25 02:32:03,911 - DEBUG -    H_data = J_f^T W J_f: 形状=(4, 4), 条件数=1.10e+02
2025-08-25 02:32:03,911 - DEBUG -    H_h = λ_depth J_h^T J_h: 形状=(4, 4), λ_depth=1000.0
2025-08-25 02:32:03,915 - DEBUG -    H_r = λ_radius J_r^T J_r: 形状=(4, 4), λ_radius=1.0
2025-08-25 02:32:03,917 - DEBUG -    H_total: 形状=(4, 4), 条件数=4.94e+01
2025-08-25 02:32:03,919 - DEBUG - 🔍 梯度计算:
2025-08-25 02:32:03,919 - DEBUG -    g_data: 形状=(4,), 范数=0.077299
2025-08-25 02:32:03,919 - DEBUG -    g_h: 形状=(4,), 范数=0.013119
2025-08-25 02:32:03,919 - DEBUG -    g_r: 形状=(4,), 范数=0.003527
2025-08-25 02:32:03,919 - DEBUG -    g_total: 形状=(4,), 范数=0.075225
2025-08-25 02:32:03,919 - DEBUG - 🔍 LM阻尼矩阵: H_lm = H_total + 1.0 * I
2025-08-25 02:32:03,919 - DEBUG -    H_lm条件数: 2.09e+01
2025-08-25 02:32:03,919 - DEBUG - 🔍 线性方程组求解成功:
2025-08-25 02:32:03,919 - DEBUG -    参数更新向量 Δθ: [[-3.56697572e-03]
 [-1.18674593e-04]
 [-7.41983442e-05]
 [ 1.21329177e-03]]
2025-08-25 02:32:03,919 - DEBUG -    更新向量范数: 0.003770
2025-08-25 02:32:03,919 - DEBUG -    各分量更新: Δc_x=-0.003567, Δc_y=-0.000119, Δc_z=-0.000074, Δr=0.001213
2025-08-25 02:32:03,919 - DEBUG -    参数更新:
2025-08-25 02:32:03,919 - DEBUG -      旧参数: [[0.09647885]
 [0.0126496 ]
 [0.60443392]
 [0.01552669]]
2025-08-25 02:32:03,929 - DEBUG -      更新向量: [[-3.56697572e-03]
 [-1.18674593e-04]
 [-7.41983442e-05]
 [ 1.21329177e-03]]
2025-08-25 02:32:03,929 - DEBUG -      新参数: [[0.09291187]
 [0.01253092]
 [0.60435972]
 [0.01673999]]
2025-08-25 02:32:03,931 - INFO - -----------------------------------------------------------------------------------
2025-08-25 02:32:03,931 - INFO - 🔍 迭代第6次，球心向右3.566976mm，向上0.118675mm，向前0.074198mm，半径变大1.213292mm
2025-08-25 02:32:03,931 - INFO - 📊 变化前: 中心(0.096, 0.013, 0.604), 半径15.53mm
2025-08-25 02:32:03,931 - INFO - 📊 变化后: 中心(0.093, 0.013, 0.604), 半径16.74mm
2025-08-25 02:32:03,931 - INFO - 📈 变化量: 中心移动3.57mm, 半径变化1.21mm
2025-08-25 02:32:03,931 - INFO - 📍 眼球中心: [0.09647885 0.0126496  0.60443392]
2025-08-25 02:32:03,931 - INFO - 📏 眼球半径: 15.53mm
2025-08-25 02:32:03,931 - INFO - 👁️ 瞳孔中心: [0.10133334 0.02266667 0.60000002]
2025-08-25 02:32:03,931 - INFO - 📐 眼球中心在瞳孔中心的左4.85mm，上10.02mm，后4.43mm
2025-08-25 02:32:03,931 - INFO - 📏 距离: 11.98mm
2025-08-25 02:32:03,931 - INFO - -----------------------------------------------------------------------------------
2025-08-25 02:32:03,931 - INFO - -----------------------------------------------------------------------------------
2025-08-25 02:32:03,931 - DEBUG - 🔍 参数有效性检查:
2025-08-25 02:32:03,931 - DEBUG -    参数向量: [[0.09291187]
 [0.01253092]
 [0.60435972]
 [0.01673999]]
2025-08-25 02:32:03,935 - DEBUG -    球心: [0.09291187 0.01253092 0.60435972]
2025-08-25 02:32:03,935 - DEBUG -    半径: 0.016740
2025-08-25 02:32:03,935 - DEBUG - 🔍 函数值计算详情:
2025-08-25 02:32:03,935 - DEBUG -    数据项 F(θ): 0.000568
2025-08-25 02:32:03,935 - DEBUG -    深度约束项: 0.000007
2025-08-25 02:32:03,935 - DEBUG -    半径先验项: 0.000006
2025-08-25 02:32:03,935 - DEBUG -    总函数值 Φ(θ): 0.000581
2025-08-25 02:32:03,935 - DEBUG -    函数值改善: 0.000228
2025-08-25 02:32:03,935 - DEBUG - 🔍 参数有效: True
2025-08-25 02:32:03,935 - DEBUG -    参数更新成功:
2025-08-25 02:32:03,935 - DEBUG -      新球心: [0.09291187 0.01253092 0.60435972]
2025-08-25 02:32:03,935 - DEBUG -      新半径: 0.016740
2025-08-25 02:32:03,935 - INFO - -----------------------------------------------------------------------------------
2025-08-25 02:32:03,935 - DEBUG - 🔍 LM收敛性检查:
2025-08-25 02:32:03,935 - DEBUG -    当前迭代次数: 6
2025-08-25 02:32:03,935 - DEBUG -    最大迭代次数: 30
2025-08-25 02:32:03,935 - DEBUG -    参数变化: 0.003770
2025-08-25 02:32:03,935 - DEBUG -    参数容忍度: 5e-06
2025-08-25 02:32:03,935 - DEBUG -    残差变化: 0.000000
2025-08-25 02:32:03,935 - DEBUG -    残差容忍度: 5e-06
2025-08-25 02:32:03,935 - DEBUG - 🔍 迭代 8/30:
2025-08-25 02:32:03,935 - DEBUG - 🔍 计算点到球心距离: 形状=(21,)
2025-08-25 02:32:03,935 - DEBUG - 🔍 生理偏差向量计算:
2025-08-25 02:32:03,935 - DEBUG -    点类型列表: ['pupil_center', 'iris_boundaries', 'iris_boundaries', 'iris_boundaries', 'iris_boundaries', 'eye_contours', 'eye_contours', 'eye_contours', 'eye_contours', 'eye_contours', 'eye_contours', 'eye_contours', 'eye_contours', 'eye_contours', 'eye_contours', 'eye_contours', 'eye_contours', 'eye_contours', 'eye_contours', 'eye_contours', 'eye_contours']
2025-08-25 02:32:03,941 - DEBUG -    偏差向量: [0.0002  0.00085 0.00085 0.00085 0.00085 0.0015  0.0015  0.0015  0.0015
 0.0015  0.0015  0.0015  0.0015  0.0015  0.0015  0.0015  0.0015  0.0015
 0.0015  0.0015  0.0015 ]
2025-08-25 02:32:03,941 - DEBUG -    向量形状: (21,)
2025-08-25 02:32:03,945 - DEBUG -    偏差统计: 均值=0.001314, 标准差=0.000356
2025-08-25 02:32:03,947 - DEBUG - 获取生理偏差: 点类型=['pupil_center', 'iris_boundaries', 'iris_boundaries', 'iris_boundaries', 'iris_boundaries', 'eye_contours', 'eye_contours', 'eye_contours', 'eye_contours', 'eye_contours', 'eye_contours', 'eye_contours', 'eye_contours', 'eye_contours', 'eye_contours', 'eye_contours', 'eye_contours', 'eye_contours', 'eye_contours', 'eye_contours', 'eye_contours'], 偏差值=[0.0002  0.00085 0.00085 0.00085 0.00085 0.0015  0.0015  0.0015  0.0015
 0.0015  0.0015  0.0015  0.0015  0.0015  0.0015  0.0015  0.0015  0.0015
 0.0015  0.0015  0.0015 ]
2025-08-25 02:32:03,947 - INFO - -----------------------------------------------------------------------------------
2025-08-25 02:32:03,947 - DEBUG - 🔍 拟合残差计算详情:
2025-08-25 02:32:03,947 - DEBUG -    球心坐标: [0.09291187 0.01253092 0.60435972]
2025-08-25 02:32:03,947 - DEBUG -    球体半径: 0.016740
2025-08-25 02:32:03,947 - DEBUG -    采样点数: 21
2025-08-25 02:32:03,947 - DEBUG -    点类型分布: {'eye_contours': 16, 'iris_boundaries': 4, 'pupil_center': 1}
2025-08-25 02:32:03,947 - DEBUG -    理论距离向量: [0.01693999 0.01758999 0.01758999 0.01758999 0.01758999 0.01823999
 0.01823999 0.01823999 0.01823999 0.01823999 0.01823999 0.01823999
 0.01823999 0.01823999 0.01823999 0.01823999 0.01823999 0.01823999
 0.01823999 0.01823999 0.01823999]
2025-08-25 02:32:03,947 - DEBUG -    实际距离向量: [0.01388025 0.02243909 0.01017711 0.01155365 0.02189488 0.01995882
 0.01612872 0.00960516 0.00850617 0.01514465 0.02330901 0.02889249
 0.03230971 0.0352334  0.03285247 0.03039835 0.02706506 0.02248509
 0.01902262 0.0179205  0.01927425]
2025-08-25 02:32:03,951 - DEBUG -    生理偏差向量: [0.0002  0.00085 0.00085 0.00085 0.00085 0.0015  0.0015  0.0015  0.0015
 0.0015  0.0015  0.0015  0.0015  0.0015  0.0015  0.0015  0.0015  0.0015
 0.0015  0.0015  0.0015 ]
2025-08-25 02:32:03,953 - DEBUG -    残差向量 f(θ): 
[[-0.00305973]
 [ 0.0048491 ]
 [-0.00741287]
 [-0.00603634]
 [ 0.00430489]
 [ 0.00171883]
 [-0.00211127]
 [-0.00863483]
 [-0.00973382]
 [-0.00309534]
 [ 0.00506903]
 [ 0.0106525 ]
 [ 0.01406972]
 [ 0.01699342]
 [ 0.01461249]
 [ 0.01215837]
 [ 0.00882507]
 [ 0.00424511]
 [ 0.00078263]
 [-0.00031949]
 [ 0.00103426]]
2025-08-25 02:32:03,953 - DEBUG -    平均残差范数: 0.001791
2025-08-25 02:32:03,954 - DEBUG -    残差范数=0.037604
2025-08-25 02:32:03,954 - INFO - -----------------------------------------------------------------------------------
2025-08-25 02:32:03,954 - DEBUG - 🔍 深度约束计算详情 (softplus):
2025-08-25 02:32:03,954 - DEBUG -    采样点Z坐标范围: [0.600000, 0.602156]
2025-08-25 02:32:03,955 - DEBUG -    球心Z坐标: 0.604360
2025-08-25 02:32:03,955 - DEBUG -    深度偏移ε: 0.000200
2025-08-25 02:32:03,955 - DEBUG -    softplus参数τ: 0.001000
2025-08-25 02:32:03,955 - DEBUG -    原始违反值: -0.002004
2025-08-25 02:32:03,955 - DEBUG -    softplus输入 u: -2.003918
2025-08-25 02:32:03,955 - DEBUG -    约束惩罚 h(θ): 0.000126
2025-08-25 02:32:03,956 - DEBUG -    🟢 深度约束满足: 球心深度足够
2025-08-25 02:32:03,956 - INFO - -----------------------------------------------------------------------------------
2025-08-25 02:32:03,956 - DEBUG - 🔍 半径惩罚计算详情:
2025-08-25 02:32:03,956 - DEBUG -    当前半径: 0.016740
2025-08-25 02:32:03,956 - DEBUG -    半径先验值: 0.012000
2025-08-25 02:32:03,956 - DEBUG -    半径残差 r(θ): 0.004740
2025-08-25 02:32:03,959 - DEBUG -    数据残差 f(θ): [[-0.00305973]
 [ 0.0048491 ]
 [-0.00741287]
 [-0.00603634]
 [ 0.00430489]
 [ 0.00171883]
 [-0.00211127]
 [-0.00863483]
 [-0.00973382]
 [-0.00309534]
 [ 0.00506903]
 [ 0.0106525 ]
 [ 0.01406972]
 [ 0.01699342]
 [ 0.01461249]
 [ 0.01215837]
 [ 0.00882507]
 [ 0.00424511]
 [ 0.00078263]
 [-0.00031949]
 [ 0.00103426]]
2025-08-25 02:32:03,961 - DEBUG -    约束残差 g(θ): [[0.00012646]]
2025-08-25 02:32:03,962 - DEBUG -    半径残差 r(θ): [[0.00473999]]
2025-08-25 02:32:03,962 - DEBUG - 🔍 状态变化计算: 参数变化=0.003770, 残差变化=0.003909
2025-08-25 02:32:03,962 - INFO - -----------------------------------------------------------------------------------
2025-08-25 02:32:03,962 - DEBUG - 🔍 权重管理器状态更新详情:
2025-08-25 02:32:03,962 - DEBUG -    当前迭代: 7
2025-08-25 02:32:03,962 - DEBUG -    参数变化: 0.003770 (阈值: 0.000005)
2025-08-25 02:32:03,962 - DEBUG -    残差变化: 0.003909 (阈值: 0.000005)
2025-08-25 02:32:03,962 - DEBUG -    几何权重因子: 10
2025-08-25 02:32:03,962 - DEBUG - ⏸️ 保持图像置信度权重: 参数变化=3.77e-03, 残差变化=3.91e-03
2025-08-25 02:32:03,967 - DEBUG - 状态已保存: 参数=[0.09291187 0.01253092 0.60435972 0.01673999], 残差范数=0.037604
2025-08-25 02:32:03,967 - DEBUG - 🔍 获取visibility信息: 形状=(21,), 范围=[1.000, 1.000]
2025-08-25 02:32:03,967 - DEBUG - 🔧 设置图像置信度权重: 21个点
2025-08-25 02:32:03,967 - DEBUG - 🔍 开始计算权重矩阵:
2025-08-25 02:32:03,967 - DEBUG -    点类型: ['pupil_center', 'iris_boundaries', 'iris_boundaries', 'iris_boundaries', 'iris_boundaries', 'eye_contours', 'eye_contours', 'eye_contours', 'eye_contours', 'eye_contours', 'eye_contours', 'eye_contours', 'eye_contours', 'eye_contours', 'eye_contours', 'eye_contours', 'eye_contours', 'eye_contours', 'eye_contours', 'eye_contours', 'eye_contours']
2025-08-25 02:32:03,967 - DEBUG -    残差向量: 形状=(21,), 范数=0.037604
2025-08-25 02:32:03,967 - DEBUG -    Visibility: 形状=(21,), 均值=1.000
2025-08-25 02:32:03,967 - WARNING - ⚠️ 权重管理器：没有启用几何权重，使用默认全1权重
2025-08-25 02:32:03,967 - WARNING - ⚠️ 权重管理器：没有启用几何权重，使用默认全1权重
2025-08-25 02:32:03,967 - WARNING - ⚠️ 权重管理器：没有启用几何权重，使用默认全1权重
2025-08-25 02:32:03,967 - WARNING - ⚠️ 权重管理器：没有启用几何权重，使用默认全1权重
2025-08-25 02:32:03,967 - WARNING - ⚠️ 权重管理器：没有启用几何权重，使用默认全1权重
2025-08-25 02:32:03,967 - WARNING - ⚠️ 权重管理器：没有启用几何权重，使用默认全1权重
2025-08-25 02:32:03,967 - WARNING - ⚠️ 权重管理器：没有启用几何权重，使用默认全1权重
2025-08-25 02:32:03,967 - WARNING - ⚠️ 权重管理器：没有启用几何权重，使用默认全1权重
2025-08-25 02:32:03,967 - WARNING - ⚠️ 权重管理器：没有启用几何权重，使用默认全1权重
2025-08-25 02:32:03,967 - WARNING - ⚠️ 权重管理器：没有启用几何权重，使用默认全1权重
2025-08-25 02:32:03,967 - WARNING - ⚠️ 权重管理器：没有启用几何权重，使用默认全1权重
2025-08-25 02:32:03,967 - WARNING - ⚠️ 权重管理器：没有启用几何权重，使用默认全1权重
2025-08-25 02:32:03,967 - WARNING - ⚠️ 权重管理器：没有启用几何权重，使用默认全1权重
2025-08-25 02:32:03,967 - WARNING - ⚠️ 权重管理器：没有启用几何权重，使用默认全1权重
2025-08-25 02:32:03,967 - WARNING - ⚠️ 权重管理器：没有启用几何权重，使用默认全1权重
2025-08-25 02:32:03,967 - WARNING - ⚠️ 权重管理器：没有启用几何权重，使用默认全1权重
2025-08-25 02:32:03,967 - WARNING - ⚠️ 权重管理器：没有启用几何权重，使用默认全1权重
2025-08-25 02:32:03,967 - WARNING - ⚠️ 权重管理器：没有启用几何权重，使用默认全1权重
2025-08-25 02:32:03,974 - WARNING - ⚠️ 权重管理器：没有启用几何权重，使用默认全1权重
2025-08-25 02:32:03,975 - WARNING - ⚠️ 权重管理器：没有启用几何权重，使用默认全1权重
2025-08-25 02:32:03,975 - WARNING - ⚠️ 权重管理器：没有启用几何权重，使用默认全1权重
2025-08-25 02:32:03,975 - DEBUG - 🔍 权重矩阵计算成功: 形状=(21, 21)
2025-08-25 02:32:03,975 - DEBUG - 🔍 几何权重统计:
2025-08-25 02:32:03,978 - DEBUG -    权重向量: [[1.]
 [1.]
 [1.]
 [1.]
 [1.]
 [1.]
 [1.]
 [1.]
 [1.]
 [1.]
 [1.]
 [1.]
 [1.]
 [1.]
 [1.]
 [1.]
 [1.]
 [1.]
 [1.]
 [1.]
 [1.]]
2025-08-25 02:32:03,980 - DEBUG -    权重范围: [1.000000, 1.000000]
2025-08-25 02:32:03,980 - DEBUG -    权重均值: 1.000000
2025-08-25 02:32:03,982 - DEBUG -    权重标准差: 0.000000
2025-08-25 02:32:03,982 - DEBUG -    高权重点(>0.8): 21/21
2025-08-25 02:32:03,983 - DEBUG -    低权重点(<0.2): 0/21
2025-08-25 02:32:03,983 - INFO - -----------------------------------------------------------------------------------
2025-08-25 02:32:03,983 - DEBUG - 🔍 开始求解LM更新方程:
2025-08-25 02:32:03,983 - DEBUG -    数据残差: 形状=(21,), 范数=0.037604
2025-08-25 02:32:03,983 - DEBUG -    约束残差: 形状=(1,), 范数=0.000126
2025-08-25 02:32:03,983 - DEBUG - 🔍 计算数据残差雅可比矩阵 J_f: 形状=(21, 4)
2025-08-25 02:32:03,983 - DEBUG - 🔍 J_f矩阵计算完成: 条件数=1.42e+01
2025-08-25 02:32:03,983 - DEBUG - 🔍 深度约束雅可比计算: u=-2.003918, σ=0.118792, J_h=[[ 0.          0.         -0.11879221  0.        ]]
2025-08-25 02:32:03,983 - DEBUG - 🔍 半径先验雅可比: J_r=[[0. 0. 0. 1.]]
2025-08-25 02:32:03,983 - DEBUG - 🔍 使用几何权重矩阵: 形状=(21, 21)
2025-08-25 02:32:03,983 - DEBUG - 🔍 Hessian矩阵计算:
2025-08-25 02:32:03,983 - DEBUG -    H_data = J_f^T W J_f: 形状=(4, 4), 条件数=2.00e+02
2025-08-25 02:32:03,983 - DEBUG -    H_h = λ_depth J_h^T J_h: 形状=(4, 4), λ_depth=1000.0
2025-08-25 02:32:03,983 - DEBUG -    H_r = λ_radius J_r^T J_r: 形状=(4, 4), λ_radius=1.0
2025-08-25 02:32:03,983 - DEBUG -    H_total: 形状=(4, 4), 条件数=5.49e+01
2025-08-25 02:32:03,983 - DEBUG - 🔍 梯度计算:
2025-08-25 02:32:03,983 - DEBUG -    g_data: 形状=(4,), 范数=0.092368
2025-08-25 02:32:03,983 - DEBUG -    g_h: 形状=(4,), 范数=0.015023
2025-08-25 02:32:03,983 - DEBUG -    g_r: 形状=(4,), 范数=0.004740
2025-08-25 02:32:03,983 - DEBUG -    g_total: 形状=(4,), 范数=0.090216
2025-08-25 02:32:03,983 - DEBUG - 🔍 LM阻尼矩阵: H_lm = H_total + 1.0 * I
2025-08-25 02:32:03,998 - DEBUG -    H_lm条件数: 2.21e+01
2025-08-25 02:32:03,998 - DEBUG - 🔍 线性方程组求解成功:
2025-08-25 02:32:03,998 - DEBUG -    参数更新向量 Δθ: [[-0.0058437 ]
 [ 0.00061665]
 [ 0.00024262]
 [ 0.00040084]]
2025-08-25 02:32:03,998 - DEBUG -    更新向量范数: 0.005895
2025-08-25 02:32:03,998 - DEBUG -    各分量更新: Δc_x=-0.005844, Δc_y=0.000617, Δc_z=0.000243, Δr=0.000401
2025-08-25 02:32:04,000 - DEBUG -    参数更新:
2025-08-25 02:32:04,000 - DEBUG -      旧参数: [[0.09291187]
 [0.01253092]
 [0.60435972]
 [0.01673999]]
2025-08-25 02:32:04,000 - DEBUG -      更新向量: [[-0.0058437 ]
 [ 0.00061665]
 [ 0.00024262]
 [ 0.00040084]]
2025-08-25 02:32:04,000 - DEBUG -      新参数: [[0.08706818]
 [0.01314757]
 [0.60460234]
 [0.01714082]]
2025-08-25 02:32:04,000 - INFO - -----------------------------------------------------------------------------------
2025-08-25 02:32:04,000 - INFO - 🔍 迭代第7次，球心向右5.843697mm，向下0.616648mm，向后0.242621mm，半径变大0.400838mm
2025-08-25 02:32:04,000 - INFO - 📊 变化前: 中心(0.093, 0.013, 0.604), 半径16.74mm
2025-08-25 02:32:04,002 - INFO - 📊 变化后: 中心(0.087, 0.013, 0.605), 半径17.14mm
2025-08-25 02:32:04,002 - INFO - 📈 变化量: 中心移动5.88mm, 半径变化0.40mm
2025-08-25 02:32:04,002 - INFO - 📍 眼球中心: [0.09291187 0.01253092 0.60435972]
2025-08-25 02:32:04,002 - INFO - 📏 眼球半径: 16.74mm
2025-08-25 02:32:04,002 - INFO - 👁️ 瞳孔中心: [0.10133334 0.02266667 0.60000002]
2025-08-25 02:32:04,002 - INFO - 📐 眼球中心在瞳孔中心的左8.42mm，上10.14mm，后4.36mm
2025-08-25 02:32:04,002 - INFO - 📏 距离: 13.88mm
2025-08-25 02:32:04,002 - INFO - -----------------------------------------------------------------------------------
2025-08-25 02:32:04,002 - INFO - -----------------------------------------------------------------------------------
2025-08-25 02:32:04,002 - DEBUG - 🔍 参数有效性检查:
2025-08-25 02:32:04,002 - DEBUG -    参数向量: [[0.08706818]
 [0.01314757]
 [0.60460234]
 [0.01714082]]
2025-08-25 02:32:04,002 - DEBUG -    球心: [0.08706818 0.01314757 0.60460234]
2025-08-25 02:32:04,002 - DEBUG -    半径: 0.017141
2025-08-25 02:32:04,002 - DEBUG - 🔍 函数值计算详情:
2025-08-25 02:32:04,002 - DEBUG -    数据项 F(θ): 0.000707
2025-08-25 02:32:04,002 - DEBUG -    深度约束项: 0.000008
2025-08-25 02:32:04,002 - DEBUG -    半径先验项: 0.000011
2025-08-25 02:32:04,002 - DEBUG -    总函数值 Φ(θ): 0.000726
2025-08-25 02:32:04,002 - DEBUG -    函数值改善: -0.000145
2025-08-25 02:32:04,002 - DEBUG - 🔍 参数有效: False
2025-08-25 02:32:04,002 - DEBUG -    参数无效，阻尼因子调整: λ_LM = 1.00e+01
2025-08-25 02:32:04,002 - DEBUG - 🔍 迭代 9/30:
2025-08-25 02:32:04,008 - DEBUG - 🔍 计算点到球心距离: 形状=(21,)
2025-08-25 02:32:04,010 - DEBUG - 🔍 生理偏差向量计算:
2025-08-25 02:32:04,010 - DEBUG -    点类型列表: ['pupil_center', 'iris_boundaries', 'iris_boundaries', 'iris_boundaries', 'iris_boundaries', 'eye_contours', 'eye_contours', 'eye_contours', 'eye_contours', 'eye_contours', 'eye_contours', 'eye_contours', 'eye_contours', 'eye_contours', 'eye_contours', 'eye_contours', 'eye_contours', 'eye_contours', 'eye_contours', 'eye_contours', 'eye_contours']
2025-08-25 02:32:04,010 - DEBUG -    偏差向量: [0.0002  0.00085 0.00085 0.00085 0.00085 0.0015  0.0015  0.0015  0.0015
 0.0015  0.0015  0.0015  0.0015  0.0015  0.0015  0.0015  0.0015  0.0015
 0.0015  0.0015  0.0015 ]
2025-08-25 02:32:04,010 - DEBUG -    向量形状: (21,)
2025-08-25 02:32:04,010 - DEBUG -    偏差统计: 均值=0.001314, 标准差=0.000356
2025-08-25 02:32:04,013 - DEBUG - 获取生理偏差: 点类型=['pupil_center', 'iris_boundaries', 'iris_boundaries', 'iris_boundaries', 'iris_boundaries', 'eye_contours', 'eye_contours', 'eye_contours', 'eye_contours', 'eye_contours', 'eye_contours', 'eye_contours', 'eye_contours', 'eye_contours', 'eye_contours', 'eye_contours', 'eye_contours', 'eye_contours', 'eye_contours', 'eye_contours', 'eye_contours'], 偏差值=[0.0002  0.00085 0.00085 0.00085 0.00085 0.0015  0.0015  0.0015  0.0015
 0.0015  0.0015  0.0015  0.0015  0.0015  0.0015  0.0015  0.0015  0.0015
 0.0015  0.0015  0.0015 ]
2025-08-25 02:32:04,013 - INFO - -----------------------------------------------------------------------------------
2025-08-25 02:32:04,013 - DEBUG - 🔍 拟合残差计算详情:
2025-08-25 02:32:04,013 - DEBUG -    球心坐标: [0.09291187 0.01253092 0.60435972]
2025-08-25 02:32:04,013 - DEBUG -    球体半径: 0.016740
2025-08-25 02:32:04,013 - DEBUG -    采样点数: 21
2025-08-25 02:32:04,013 - DEBUG -    点类型分布: {'eye_contours': 16, 'iris_boundaries': 4, 'pupil_center': 1}
2025-08-25 02:32:04,013 - DEBUG -    理论距离向量: [0.01693999 0.01758999 0.01758999 0.01758999 0.01758999 0.01823999
 0.01823999 0.01823999 0.01823999 0.01823999 0.01823999 0.01823999
 0.01823999 0.01823999 0.01823999 0.01823999 0.01823999 0.01823999
 0.01823999 0.01823999 0.01823999]
2025-08-25 02:32:04,016 - DEBUG -    实际距离向量: [0.01388025 0.02243909 0.01017711 0.01155365 0.02189488 0.01995882
 0.01612872 0.00960516 0.00850617 0.01514465 0.02330901 0.02889249
 0.03230971 0.0352334  0.03285247 0.03039835 0.02706506 0.02248509
 0.01902262 0.0179205  0.01927425]
2025-08-25 02:32:04,016 - DEBUG -    生理偏差向量: [0.0002  0.00085 0.00085 0.00085 0.00085 0.0015  0.0015  0.0015  0.0015
 0.0015  0.0015  0.0015  0.0015  0.0015  0.0015  0.0015  0.0015  0.0015
 0.0015  0.0015  0.0015 ]
2025-08-25 02:32:04,016 - DEBUG -    残差向量 f(θ): 
[[-0.00305973]
 [ 0.0048491 ]
 [-0.00741287]
 [-0.00603634]
 [ 0.00430489]
 [ 0.00171883]
 [-0.00211127]
 [-0.00863483]
 [-0.00973382]
 [-0.00309534]
 [ 0.00506903]
 [ 0.0106525 ]
 [ 0.01406972]
 [ 0.01699342]
 [ 0.01461249]
 [ 0.01215837]
 [ 0.00882507]
 [ 0.00424511]
 [ 0.00078263]
 [-0.00031949]
 [ 0.00103426]]
2025-08-25 02:32:04,016 - DEBUG -    平均残差范数: 0.001791
2025-08-25 02:32:04,016 - DEBUG -    残差范数=0.037604
2025-08-25 02:32:04,016 - INFO - -----------------------------------------------------------------------------------
2025-08-25 02:32:04,016 - DEBUG - 🔍 深度约束计算详情 (softplus):
2025-08-25 02:32:04,016 - DEBUG -    采样点Z坐标范围: [0.600000, 0.602156]
2025-08-25 02:32:04,016 - DEBUG -    球心Z坐标: 0.604360
2025-08-25 02:32:04,016 - DEBUG -    深度偏移ε: 0.000200
2025-08-25 02:32:04,016 - DEBUG -    softplus参数τ: 0.001000
2025-08-25 02:32:04,016 - DEBUG -    原始违反值: -0.002004
2025-08-25 02:32:04,016 - DEBUG -    softplus输入 u: -2.003918
2025-08-25 02:32:04,016 - DEBUG -    约束惩罚 h(θ): 0.000126
2025-08-25 02:32:04,016 - DEBUG -    🟢 深度约束满足: 球心深度足够
2025-08-25 02:32:04,016 - INFO - -----------------------------------------------------------------------------------
2025-08-25 02:32:04,016 - DEBUG - 🔍 半径惩罚计算详情:
2025-08-25 02:32:04,016 - DEBUG -    当前半径: 0.016740
2025-08-25 02:32:04,016 - DEBUG -    半径先验值: 0.012000
2025-08-25 02:32:04,016 - DEBUG -    半径残差 r(θ): 0.004740
2025-08-25 02:32:04,016 - DEBUG -    数据残差 f(θ): [[-0.00305973]
 [ 0.0048491 ]
 [-0.00741287]
 [-0.00603634]
 [ 0.00430489]
 [ 0.00171883]
 [-0.00211127]
 [-0.00863483]
 [-0.00973382]
 [-0.00309534]
 [ 0.00506903]
 [ 0.0106525 ]
 [ 0.01406972]
 [ 0.01699342]
 [ 0.01461249]
 [ 0.01215837]
 [ 0.00882507]
 [ 0.00424511]
 [ 0.00078263]
 [-0.00031949]
 [ 0.00103426]]
2025-08-25 02:32:04,016 - DEBUG -    约束残差 g(θ): [[0.00012646]]
2025-08-25 02:32:04,016 - DEBUG -    半径残差 r(θ): [[0.00473999]]
2025-08-25 02:32:04,027 - DEBUG - 🔍 状态变化计算: 参数变化=0.000000, 残差变化=0.000000
2025-08-25 02:32:04,030 - INFO - -----------------------------------------------------------------------------------
2025-08-25 02:32:04,030 - DEBUG - 🔍 权重管理器状态更新详情:
2025-08-25 02:32:04,030 - DEBUG -    当前迭代: 8
2025-08-25 02:32:04,032 - DEBUG -    参数变化: 0.000000 (阈值: 0.000005)
2025-08-25 02:32:04,032 - DEBUG -    残差变化: 0.000000 (阈值: 0.000005)
2025-08-25 02:32:04,032 - DEBUG -    几何权重因子: 10
2025-08-25 02:32:04,032 - DEBUG - ⏸️ 保持图像置信度权重: 参数变化=0.00e+00, 残差变化=0.00e+00
2025-08-25 02:32:04,034 - DEBUG - 状态已保存: 参数=[0.09291187 0.01253092 0.60435972 0.01673999], 残差范数=0.037604
2025-08-25 02:32:04,034 - DEBUG - 🔍 获取visibility信息: 形状=(21,), 范围=[1.000, 1.000]
2025-08-25 02:32:04,035 - DEBUG - 🔧 设置图像置信度权重: 21个点
2025-08-25 02:32:04,035 - DEBUG - 🔍 开始计算权重矩阵:
2025-08-25 02:32:04,035 - DEBUG -    点类型: ['pupil_center', 'iris_boundaries', 'iris_boundaries', 'iris_boundaries', 'iris_boundaries', 'eye_contours', 'eye_contours', 'eye_contours', 'eye_contours', 'eye_contours', 'eye_contours', 'eye_contours', 'eye_contours', 'eye_contours', 'eye_contours', 'eye_contours', 'eye_contours', 'eye_contours', 'eye_contours', 'eye_contours', 'eye_contours']
2025-08-25 02:32:04,036 - DEBUG -    残差向量: 形状=(21,), 范数=0.037604
2025-08-25 02:32:04,036 - DEBUG -    Visibility: 形状=(21,), 均值=1.000
2025-08-25 02:32:04,036 - WARNING - ⚠️ 权重管理器：没有启用几何权重，使用默认全1权重
2025-08-25 02:32:04,038 - WARNING - ⚠️ 权重管理器：没有启用几何权重，使用默认全1权重
2025-08-25 02:32:04,038 - WARNING - ⚠️ 权重管理器：没有启用几何权重，使用默认全1权重
2025-08-25 02:32:04,038 - WARNING - ⚠️ 权重管理器：没有启用几何权重，使用默认全1权重
2025-08-25 02:32:04,038 - WARNING - ⚠️ 权重管理器：没有启用几何权重，使用默认全1权重
2025-08-25 02:32:04,038 - WARNING - ⚠️ 权重管理器：没有启用几何权重，使用默认全1权重
2025-08-25 02:32:04,038 - WARNING - ⚠️ 权重管理器：没有启用几何权重，使用默认全1权重
2025-08-25 02:32:04,038 - WARNING - ⚠️ 权重管理器：没有启用几何权重，使用默认全1权重
2025-08-25 02:32:04,041 - WARNING - ⚠️ 权重管理器：没有启用几何权重，使用默认全1权重
2025-08-25 02:32:04,041 - WARNING - ⚠️ 权重管理器：没有启用几何权重，使用默认全1权重
2025-08-25 02:32:04,043 - WARNING - ⚠️ 权重管理器：没有启用几何权重，使用默认全1权重
2025-08-25 02:32:04,045 - WARNING - ⚠️ 权重管理器：没有启用几何权重，使用默认全1权重
2025-08-25 02:32:04,045 - WARNING - ⚠️ 权重管理器：没有启用几何权重，使用默认全1权重
2025-08-25 02:32:04,045 - WARNING - ⚠️ 权重管理器：没有启用几何权重，使用默认全1权重
2025-08-25 02:32:04,047 - WARNING - ⚠️ 权重管理器：没有启用几何权重，使用默认全1权重
2025-08-25 02:32:04,047 - WARNING - ⚠️ 权重管理器：没有启用几何权重，使用默认全1权重
2025-08-25 02:32:04,047 - WARNING - ⚠️ 权重管理器：没有启用几何权重，使用默认全1权重
2025-08-25 02:32:04,047 - WARNING - ⚠️ 权重管理器：没有启用几何权重，使用默认全1权重
2025-08-25 02:32:04,047 - WARNING - ⚠️ 权重管理器：没有启用几何权重，使用默认全1权重
2025-08-25 02:32:04,047 - WARNING - ⚠️ 权重管理器：没有启用几何权重，使用默认全1权重
2025-08-25 02:32:04,047 - WARNING - ⚠️ 权重管理器：没有启用几何权重，使用默认全1权重
2025-08-25 02:32:04,047 - DEBUG - 🔍 权重矩阵计算成功: 形状=(21, 21)
2025-08-25 02:32:04,047 - DEBUG - 🔍 几何权重统计:
2025-08-25 02:32:04,050 - DEBUG -    权重向量: [[1.]
 [1.]
 [1.]
 [1.]
 [1.]
 [1.]
 [1.]
 [1.]
 [1.]
 [1.]
 [1.]
 [1.]
 [1.]
 [1.]
 [1.]
 [1.]
 [1.]
 [1.]
 [1.]
 [1.]
 [1.]]
2025-08-25 02:32:04,051 - DEBUG -    权重范围: [1.000000, 1.000000]
2025-08-25 02:32:04,051 - DEBUG -    权重均值: 1.000000
2025-08-25 02:32:04,051 - DEBUG -    权重标准差: 0.000000
2025-08-25 02:32:04,053 - DEBUG -    高权重点(>0.8): 21/21
2025-08-25 02:32:04,053 - DEBUG -    低权重点(<0.2): 0/21
2025-08-25 02:32:04,053 - INFO - -----------------------------------------------------------------------------------
2025-08-25 02:32:04,053 - DEBUG - 🔍 开始求解LM更新方程:
2025-08-25 02:32:04,053 - DEBUG -    数据残差: 形状=(21,), 范数=0.037604
2025-08-25 02:32:04,053 - DEBUG -    约束残差: 形状=(1,), 范数=0.000126
2025-08-25 02:32:04,053 - DEBUG - 🔍 计算数据残差雅可比矩阵 J_f: 形状=(21, 4)
2025-08-25 02:32:04,053 - DEBUG - 🔍 J_f矩阵计算完成: 条件数=1.42e+01
2025-08-25 02:32:04,053 - DEBUG - 🔍 深度约束雅可比计算: u=-2.003918, σ=0.118792, J_h=[[ 0.          0.         -0.11879221  0.        ]]
2025-08-25 02:32:04,053 - DEBUG - 🔍 半径先验雅可比: J_r=[[0. 0. 0. 1.]]
2025-08-25 02:32:04,053 - DEBUG - 🔍 使用几何权重矩阵: 形状=(21, 21)
2025-08-25 02:32:04,053 - DEBUG - 🔍 Hessian矩阵计算:
2025-08-25 02:32:04,053 - DEBUG -    H_data = J_f^T W J_f: 形状=(4, 4), 条件数=2.00e+02
2025-08-25 02:32:04,053 - DEBUG -    H_h = λ_depth J_h^T J_h: 形状=(4, 4), λ_depth=1000.0
2025-08-25 02:32:04,053 - DEBUG -    H_r = λ_radius J_r^T J_r: 形状=(4, 4), λ_radius=1.0
2025-08-25 02:32:04,053 - DEBUG -    H_total: 形状=(4, 4), 条件数=5.49e+01
2025-08-25 02:32:04,059 - DEBUG - 🔍 梯度计算:
2025-08-25 02:32:04,059 - DEBUG -    g_data: 形状=(4,), 范数=0.092368
2025-08-25 02:32:04,059 - DEBUG -    g_h: 形状=(4,), 范数=0.015023
2025-08-25 02:32:04,059 - DEBUG -    g_r: 形状=(4,), 范数=0.004740
2025-08-25 02:32:04,059 - DEBUG -    g_total: 形状=(4,), 范数=0.090216
2025-08-25 02:32:04,062 - DEBUG - 🔍 LM阻尼矩阵: H_lm = H_total + 10.0 * I
2025-08-25 02:32:04,062 - DEBUG -    H_lm条件数: 4.27e+00
2025-08-25 02:32:04,062 - DEBUG - 🔍 线性方程组求解成功:
2025-08-25 02:32:04,062 - DEBUG -    参数更新向量 Δθ: [[-0.00296668]
 [ 0.00016334]
 [ 0.00019389]
 [ 0.00090866]]
2025-08-25 02:32:04,062 - DEBUG -    更新向量范数: 0.003113
2025-08-25 02:32:04,062 - DEBUG -    各分量更新: Δc_x=-0.002967, Δc_y=0.000163, Δc_z=0.000194, Δr=0.000909
2025-08-25 02:32:04,062 - DEBUG -    参数更新:
2025-08-25 02:32:04,062 - DEBUG -      旧参数: [[0.09291187]
 [0.01253092]
 [0.60435972]
 [0.01673999]]
2025-08-25 02:32:04,065 - DEBUG -      更新向量: [[-0.00296668]
 [ 0.00016334]
 [ 0.00019389]
 [ 0.00090866]]
2025-08-25 02:32:04,065 - DEBUG -      新参数: [[0.0899452 ]
 [0.01269426]
 [0.60455361]
 [0.01764865]]
2025-08-25 02:32:04,066 - INFO - -----------------------------------------------------------------------------------
2025-08-25 02:32:04,066 - INFO - 🔍 迭代第8次，球心向右2.966678mm，向下0.163340mm，向后0.193886mm，半径变大0.908665mm
2025-08-25 02:32:04,068 - INFO - 📊 变化前: 中心(0.093, 0.013, 0.604), 半径16.74mm
2025-08-25 02:32:04,068 - INFO - 📊 变化后: 中心(0.090, 0.013, 0.605), 半径17.65mm
2025-08-25 02:32:04,068 - INFO - 📈 变化量: 中心移动2.97mm, 半径变化0.91mm
2025-08-25 02:32:04,068 - INFO - 📍 眼球中心: [0.09291187 0.01253092 0.60435972]
2025-08-25 02:32:04,070 - INFO - 📏 眼球半径: 16.74mm
2025-08-25 02:32:04,070 - INFO - 👁️ 瞳孔中心: [0.10133334 0.02266667 0.60000002]
2025-08-25 02:32:04,070 - INFO - 📐 眼球中心在瞳孔中心的左8.42mm，上10.14mm，后4.36mm
2025-08-25 02:32:04,070 - INFO - 📏 距离: 13.88mm
2025-08-25 02:32:04,070 - INFO - -----------------------------------------------------------------------------------
2025-08-25 02:32:04,070 - INFO - -----------------------------------------------------------------------------------
2025-08-25 02:32:04,070 - DEBUG - 🔍 参数有效性检查:
2025-08-25 02:32:04,070 - DEBUG -    参数向量: [[0.0899452 ]
 [0.01269426]
 [0.60455361]
 [0.01764865]]
2025-08-25 02:32:04,070 - DEBUG -    球心: [0.0899452  0.01269426 0.60455361]
2025-08-25 02:32:04,070 - DEBUG -    半径: 0.017649
2025-08-25 02:32:04,070 - DEBUG - 🔍 函数值计算详情:
2025-08-25 02:32:04,070 - DEBUG -    数据项 F(θ): 0.000707
2025-08-25 02:32:04,070 - DEBUG -    深度约束项: 0.000008
2025-08-25 02:32:04,070 - DEBUG -    半径先验项: 0.000011
2025-08-25 02:32:04,070 - DEBUG -    总函数值 Φ(θ): 0.000726
2025-08-25 02:32:04,070 - DEBUG -    函数值改善: 0.000000
2025-08-25 02:32:04,070 - DEBUG - 🔍 参数有效: True
2025-08-25 02:32:04,070 - DEBUG -    参数更新成功:
2025-08-25 02:32:04,074 - DEBUG -      新球心: [0.0899452  0.01269426 0.60455361]
2025-08-25 02:32:04,075 - DEBUG -      新半径: 0.017649
2025-08-25 02:32:04,075 - INFO - -----------------------------------------------------------------------------------
2025-08-25 02:32:04,076 - DEBUG - 🔍 LM收敛性检查:
2025-08-25 02:32:04,076 - DEBUG -    当前迭代次数: 8
2025-08-25 02:32:04,076 - DEBUG -    最大迭代次数: 30
2025-08-25 02:32:04,079 - DEBUG -    参数变化: 0.003113
2025-08-25 02:32:04,079 - DEBUG -    参数容忍度: 5e-06
2025-08-25 02:32:04,079 - DEBUG -    残差变化: 0.000000
2025-08-25 02:32:04,079 - DEBUG -    残差容忍度: 5e-06
2025-08-25 02:32:04,080 - DEBUG - 🔍 迭代 10/30:
2025-08-25 02:32:04,080 - DEBUG - 🔍 计算点到球心距离: 形状=(21,)
2025-08-25 02:32:04,080 - DEBUG - 🔍 生理偏差向量计算:
2025-08-25 02:32:04,080 - DEBUG -    点类型列表: ['pupil_center', 'iris_boundaries', 'iris_boundaries', 'iris_boundaries', 'iris_boundaries', 'eye_contours', 'eye_contours', 'eye_contours', 'eye_contours', 'eye_contours', 'eye_contours', 'eye_contours', 'eye_contours', 'eye_contours', 'eye_contours', 'eye_contours', 'eye_contours', 'eye_contours', 'eye_contours', 'eye_contours', 'eye_contours']
2025-08-25 02:32:04,080 - DEBUG -    偏差向量: [0.0002  0.00085 0.00085 0.00085 0.00085 0.0015  0.0015  0.0015  0.0015
 0.0015  0.0015  0.0015  0.0015  0.0015  0.0015  0.0015  0.0015  0.0015
 0.0015  0.0015  0.0015 ]
2025-08-25 02:32:04,080 - DEBUG -    向量形状: (21,)
2025-08-25 02:32:04,081 - DEBUG -    偏差统计: 均值=0.001314, 标准差=0.000356
2025-08-25 02:32:04,081 - DEBUG - 获取生理偏差: 点类型=['pupil_center', 'iris_boundaries', 'iris_boundaries', 'iris_boundaries', 'iris_boundaries', 'eye_contours', 'eye_contours', 'eye_contours', 'eye_contours', 'eye_contours', 'eye_contours', 'eye_contours', 'eye_contours', 'eye_contours', 'eye_contours', 'eye_contours', 'eye_contours', 'eye_contours', 'eye_contours', 'eye_contours', 'eye_contours'], 偏差值=[0.0002  0.00085 0.00085 0.00085 0.00085 0.0015  0.0015  0.0015  0.0015
 0.0015  0.0015  0.0015  0.0015  0.0015  0.0015  0.0015  0.0015  0.0015
 0.0015  0.0015  0.0015 ]
2025-08-25 02:32:04,082 - INFO - -----------------------------------------------------------------------------------
2025-08-25 02:32:04,082 - DEBUG - 🔍 拟合残差计算详情:
2025-08-25 02:32:04,082 - DEBUG -    球心坐标: [0.0899452  0.01269426 0.60455361]
2025-08-25 02:32:04,082 - DEBUG -    球体半径: 0.017649
2025-08-25 02:32:04,082 - DEBUG -    采样点数: 21
2025-08-25 02:32:04,082 - DEBUG -    点类型分布: {'eye_contours': 16, 'iris_boundaries': 4, 'pupil_center': 1}
2025-08-25 02:32:04,082 - DEBUG -    理论距离向量: [0.01784865 0.01849865 0.01849865 0.01849865 0.01849865 0.01914865
 0.01914865 0.01914865 0.01914865 0.01914865 0.01914865 0.01914865
 0.01914865 0.01914865 0.01914865 0.01914865 0.01914865 0.01914865
 0.01914865 0.01914865 0.01914865]
2025-08-25 02:32:04,082 - DEBUG -    实际距离向量: [0.0158074  0.02499737 0.01292428 0.01167859 0.0232247  0.01815532
 0.0144521  0.00888096 0.01053593 0.01785799 0.02611088 0.03167717
 0.03507154 0.03797748 0.03546757 0.03287045 0.02927921 0.02412939
 0.01973608 0.01737161 0.01788187]
2025-08-25 02:32:04,088 - DEBUG -    生理偏差向量: [0.0002  0.00085 0.00085 0.00085 0.00085 0.0015  0.0015  0.0015  0.0015
 0.0015  0.0015  0.0015  0.0015  0.0015  0.0015  0.0015  0.0015  0.0015
 0.0015  0.0015  0.0015 ]
2025-08-25 02:32:04,088 - DEBUG -    残差向量 f(θ): 
[[-0.00204125]
 [ 0.00649872]
 [-0.00557437]
 [-0.00682006]
 [ 0.00472605]
 [-0.00099333]
 [-0.00469655]
 [-0.01026769]
 [-0.00861272]
 [-0.00129066]
 [ 0.00696223]
 [ 0.01252852]
 [ 0.01592289]
 [ 0.01882883]
 [ 0.01631892]
 [ 0.0137218 ]
 [ 0.01013056]
 [ 0.00498074]
 [ 0.00058743]
 [-0.00177704]
 [-0.00126678]]
2025-08-25 02:32:04,088 - DEBUG -    平均残差范数: 0.001993
2025-08-25 02:32:04,088 - DEBUG -    残差范数=0.041848
2025-08-25 02:32:04,088 - INFO - -----------------------------------------------------------------------------------
2025-08-25 02:32:04,088 - DEBUG - 🔍 深度约束计算详情 (softplus):
2025-08-25 02:32:04,088 - DEBUG -    采样点Z坐标范围: [0.600000, 0.602156]
2025-08-25 02:32:04,088 - DEBUG -    球心Z坐标: 0.604554
2025-08-25 02:32:04,092 - DEBUG -    深度偏移ε: 0.000200
2025-08-25 02:32:04,093 - DEBUG -    softplus参数τ: 0.001000
2025-08-25 02:32:04,096 - DEBUG -    原始违反值: -0.002198
2025-08-25 02:32:04,096 - DEBUG -    softplus输入 u: -2.197804
2025-08-25 02:32:04,096 - DEBUG -    约束惩罚 h(θ): 0.000105
2025-08-25 02:32:04,096 - DEBUG -    🟢 深度约束满足: 球心深度足够
2025-08-25 02:32:04,096 - INFO - -----------------------------------------------------------------------------------
2025-08-25 02:32:04,096 - DEBUG - 🔍 半径惩罚计算详情:
2025-08-25 02:32:04,098 - DEBUG -    当前半径: 0.017649
2025-08-25 02:32:04,098 - DEBUG -    半径先验值: 0.012000
2025-08-25 02:32:04,098 - DEBUG -    半径残差 r(θ): 0.005649
2025-08-25 02:32:04,099 - DEBUG -    数据残差 f(θ): [[-0.00204125]
 [ 0.00649872]
 [-0.00557437]
 [-0.00682006]
 [ 0.00472605]
 [-0.00099333]
 [-0.00469655]
 [-0.01026769]
 [-0.00861272]
 [-0.00129066]
 [ 0.00696223]
 [ 0.01252852]
 [ 0.01592289]
 [ 0.01882883]
 [ 0.01631892]
 [ 0.0137218 ]
 [ 0.01013056]
 [ 0.00498074]
 [ 0.00058743]
 [-0.00177704]
 [-0.00126678]]
2025-08-25 02:32:04,099 - DEBUG -    约束残差 g(θ): [[0.0001053]]
2025-08-25 02:32:04,100 - DEBUG -    半径残差 r(θ): [[0.00564865]]
2025-08-25 02:32:04,100 - DEBUG - 🔍 状态变化计算: 参数变化=0.003113, 残差变化=0.004245
2025-08-25 02:32:04,100 - INFO - -----------------------------------------------------------------------------------
2025-08-25 02:32:04,100 - DEBUG - 🔍 权重管理器状态更新详情:
2025-08-25 02:32:04,101 - DEBUG -    当前迭代: 9
2025-08-25 02:32:04,101 - DEBUG -    参数变化: 0.003113 (阈值: 0.000005)
2025-08-25 02:32:04,101 - DEBUG -    残差变化: 0.004245 (阈值: 0.000005)
2025-08-25 02:32:04,101 - DEBUG -    几何权重因子: 10
2025-08-25 02:32:04,101 - DEBUG - ⏸️ 保持图像置信度权重: 参数变化=3.11e-03, 残差变化=4.24e-03
2025-08-25 02:32:04,102 - DEBUG - 状态已保存: 参数=[0.0899452  0.01269426 0.60455361 0.01764865], 残差范数=0.041848
2025-08-25 02:32:04,102 - DEBUG - 🔍 获取visibility信息: 形状=(21,), 范围=[1.000, 1.000]
2025-08-25 02:32:04,102 - DEBUG - 🔧 设置图像置信度权重: 21个点
2025-08-25 02:32:04,102 - DEBUG - 🔍 开始计算权重矩阵:
2025-08-25 02:32:04,102 - DEBUG -    点类型: ['pupil_center', 'iris_boundaries', 'iris_boundaries', 'iris_boundaries', 'iris_boundaries', 'eye_contours', 'eye_contours', 'eye_contours', 'eye_contours', 'eye_contours', 'eye_contours', 'eye_contours', 'eye_contours', 'eye_contours', 'eye_contours', 'eye_contours', 'eye_contours', 'eye_contours', 'eye_contours', 'eye_contours', 'eye_contours']
2025-08-25 02:32:04,103 - DEBUG -    残差向量: 形状=(21,), 范数=0.041848
2025-08-25 02:32:04,103 - DEBUG -    Visibility: 形状=(21,), 均值=1.000
2025-08-25 02:32:04,103 - WARNING - ⚠️ 权重管理器：没有启用几何权重，使用默认全1权重
2025-08-25 02:32:04,103 - WARNING - ⚠️ 权重管理器：没有启用几何权重，使用默认全1权重
2025-08-25 02:32:04,103 - WARNING - ⚠️ 权重管理器：没有启用几何权重，使用默认全1权重
2025-08-25 02:32:04,103 - WARNING - ⚠️ 权重管理器：没有启用几何权重，使用默认全1权重
2025-08-25 02:32:04,103 - WARNING - ⚠️ 权重管理器：没有启用几何权重，使用默认全1权重
2025-08-25 02:32:04,104 - WARNING - ⚠️ 权重管理器：没有启用几何权重，使用默认全1权重
2025-08-25 02:32:04,104 - WARNING - ⚠️ 权重管理器：没有启用几何权重，使用默认全1权重
2025-08-25 02:32:04,104 - WARNING - ⚠️ 权重管理器：没有启用几何权重，使用默认全1权重
2025-08-25 02:32:04,104 - WARNING - ⚠️ 权重管理器：没有启用几何权重，使用默认全1权重
2025-08-25 02:32:04,104 - WARNING - ⚠️ 权重管理器：没有启用几何权重，使用默认全1权重
2025-08-25 02:32:04,104 - WARNING - ⚠️ 权重管理器：没有启用几何权重，使用默认全1权重
2025-08-25 02:32:04,104 - WARNING - ⚠️ 权重管理器：没有启用几何权重，使用默认全1权重
2025-08-25 02:32:04,104 - WARNING - ⚠️ 权重管理器：没有启用几何权重，使用默认全1权重
2025-08-25 02:32:04,104 - WARNING - ⚠️ 权重管理器：没有启用几何权重，使用默认全1权重
2025-08-25 02:32:04,105 - WARNING - ⚠️ 权重管理器：没有启用几何权重，使用默认全1权重
2025-08-25 02:32:04,105 - WARNING - ⚠️ 权重管理器：没有启用几何权重，使用默认全1权重
2025-08-25 02:32:04,105 - WARNING - ⚠️ 权重管理器：没有启用几何权重，使用默认全1权重
2025-08-25 02:32:04,105 - WARNING - ⚠️ 权重管理器：没有启用几何权重，使用默认全1权重
2025-08-25 02:32:04,105 - WARNING - ⚠️ 权重管理器：没有启用几何权重，使用默认全1权重
2025-08-25 02:32:04,105 - WARNING - ⚠️ 权重管理器：没有启用几何权重，使用默认全1权重
2025-08-25 02:32:04,105 - WARNING - ⚠️ 权重管理器：没有启用几何权重，使用默认全1权重
2025-08-25 02:32:04,105 - DEBUG - 🔍 权重矩阵计算成功: 形状=(21, 21)
2025-08-25 02:32:04,105 - DEBUG - 🔍 几何权重统计:
2025-08-25 02:32:04,109 - DEBUG -    权重向量: [[1.]
 [1.]
 [1.]
 [1.]
 [1.]
 [1.]
 [1.]
 [1.]
 [1.]
 [1.]
 [1.]
 [1.]
 [1.]
 [1.]
 [1.]
 [1.]
 [1.]
 [1.]
 [1.]
 [1.]
 [1.]]
2025-08-25 02:32:04,109 - DEBUG -    权重范围: [1.000000, 1.000000]
2025-08-25 02:32:04,109 - DEBUG -    权重均值: 1.000000
2025-08-25 02:32:04,109 - DEBUG -    权重标准差: 0.000000
2025-08-25 02:32:04,109 - DEBUG -    高权重点(>0.8): 21/21
2025-08-25 02:32:04,109 - DEBUG -    低权重点(<0.2): 0/21
2025-08-25 02:32:04,109 - INFO - -----------------------------------------------------------------------------------
2025-08-25 02:32:04,109 - DEBUG - 🔍 开始求解LM更新方程:
2025-08-25 02:32:04,109 - DEBUG -    数据残差: 形状=(21,), 范数=0.041848
2025-08-25 02:32:04,109 - DEBUG -    约束残差: 形状=(1,), 范数=0.000105
2025-08-25 02:32:04,109 - DEBUG - 🔍 计算数据残差雅可比矩阵 J_f: 形状=(21, 4)
2025-08-25 02:32:04,109 - DEBUG - 🔍 J_f矩阵计算完成: 条件数=1.64e+01
2025-08-25 02:32:04,109 - DEBUG - 🔍 深度约束雅可比计算: u=-2.197804, σ=0.099948, J_h=[[ 0.          0.         -0.09994788  0.        ]]
2025-08-25 02:32:04,109 - DEBUG - 🔍 半径先验雅可比: J_r=[[0. 0. 0. 1.]]
2025-08-25 02:32:04,109 - DEBUG - 🔍 使用几何权重矩阵: 形状=(21, 21)
2025-08-25 02:32:04,109 - DEBUG - 🔍 Hessian矩阵计算:
2025-08-25 02:32:04,109 - DEBUG -    H_data = J_f^T W J_f: 形状=(4, 4), 条件数=2.70e+02
2025-08-25 02:32:04,109 - DEBUG -    H_h = λ_depth J_h^T J_h: 形状=(4, 4), λ_depth=1000.0
2025-08-25 02:32:04,109 - DEBUG -    H_r = λ_radius J_r^T J_r: 形状=(4, 4), λ_radius=1.0
2025-08-25 02:32:04,109 - DEBUG -    H_total: 形状=(4, 4), 条件数=5.95e+01
2025-08-25 02:32:04,116 - DEBUG - 🔍 梯度计算:
2025-08-25 02:32:04,116 - DEBUG -    g_data: 形状=(4,), 范数=0.110626
2025-08-25 02:32:04,116 - DEBUG -    g_h: 形状=(4,), 范数=0.010525
2025-08-25 02:32:04,116 - DEBUG -    g_r: 形状=(4,), 范数=0.005649
2025-08-25 02:32:04,116 - DEBUG -    g_total: 形状=(4,), 范数=0.107600
2025-08-25 02:32:04,116 - DEBUG - 🔍 LM阻尼矩阵: H_lm = H_total + 10.0 * I
2025-08-25 02:32:04,116 - DEBUG -    H_lm条件数: 4.36e+00
2025-08-25 02:32:04,116 - DEBUG - 🔍 线性方程组求解成功:
2025-08-25 02:32:04,116 - DEBUG -    参数更新向量 Δθ: [[-3.75231421e-03]
 [ 6.20191946e-04]
 [ 2.32149449e-05]
 [ 9.13545161e-04]]
2025-08-25 02:32:04,116 - DEBUG -    更新向量范数: 0.003911
2025-08-25 02:32:04,116 - DEBUG -    各分量更新: Δc_x=-0.003752, Δc_y=0.000620, Δc_z=0.000023, Δr=0.000914
2025-08-25 02:32:04,116 - DEBUG -    参数更新:
2025-08-25 02:32:04,116 - DEBUG -      旧参数: [[0.0899452 ]
 [0.01269426]
 [0.60455361]
 [0.01764865]]
2025-08-25 02:32:04,116 - DEBUG -      更新向量: [[-3.75231421e-03]
 [ 6.20191946e-04]
 [ 2.32149449e-05]
 [ 9.13545161e-04]]
2025-08-25 02:32:04,116 - DEBUG -      新参数: [[0.08619288]
 [0.01331445]
 [0.60457682]
 [0.0185622 ]]
2025-08-25 02:32:04,116 - INFO - -----------------------------------------------------------------------------------
2025-08-25 02:32:04,116 - INFO - 🔍 迭代第9次，球心向右3.752314mm，向下0.620192mm，向后0.023215mm，半径变大0.913545mm
2025-08-25 02:32:04,116 - INFO - 📊 变化前: 中心(0.090, 0.013, 0.605), 半径17.65mm
2025-08-25 02:32:04,116 - INFO - 📊 变化后: 中心(0.086, 0.013, 0.605), 半径18.56mm
2025-08-25 02:32:04,116 - INFO - 📈 变化量: 中心移动3.80mm, 半径变化0.91mm
2025-08-25 02:32:04,116 - INFO - 📍 眼球中心: [0.0899452  0.01269426 0.60455361]
2025-08-25 02:32:04,116 - INFO - 📏 眼球半径: 17.65mm
2025-08-25 02:32:04,116 - INFO - 👁️ 瞳孔中心: [0.10133334 0.02266667 0.60000002]
2025-08-25 02:32:04,116 - INFO - 📐 眼球中心在瞳孔中心的左11.39mm，上9.97mm，后4.55mm
2025-08-25 02:32:04,116 - INFO - 📏 距离: 15.81mm
2025-08-25 02:32:04,116 - INFO - -----------------------------------------------------------------------------------
2025-08-25 02:32:04,116 - INFO - -----------------------------------------------------------------------------------
2025-08-25 02:32:04,116 - DEBUG - 🔍 参数有效性检查:
2025-08-25 02:32:04,116 - DEBUG -    参数向量: [[0.08619288]
 [0.01331445]
 [0.60457682]
 [0.0185622 ]]
2025-08-25 02:32:04,128 - DEBUG -    球心: [0.08619288 0.01331445 0.60457682]
2025-08-25 02:32:04,128 - DEBUG -    半径: 0.018562
2025-08-25 02:32:04,128 - DEBUG - 🔍 函数值计算详情:
2025-08-25 02:32:04,128 - DEBUG -    数据项 F(θ): 0.000876
2025-08-25 02:32:04,128 - DEBUG -    深度约束项: 0.000006
2025-08-25 02:32:04,128 - DEBUG -    半径先验项: 0.000016
2025-08-25 02:32:04,131 - DEBUG -    总函数值 Φ(θ): 0.000897
2025-08-25 02:32:04,133 - DEBUG -    函数值改善: -0.000171
2025-08-25 02:32:04,133 - DEBUG - 🔍 参数有效: False
2025-08-25 02:32:04,133 - DEBUG -    参数无效，阻尼因子调整: λ_LM = 1.00e+02
2025-08-25 02:32:04,133 - DEBUG - 🔍 迭代 11/30:
2025-08-25 02:32:04,133 - DEBUG - 🔍 计算点到球心距离: 形状=(21,)
2025-08-25 02:32:04,133 - DEBUG - 🔍 生理偏差向量计算:
2025-08-25 02:32:04,133 - DEBUG -    点类型列表: ['pupil_center', 'iris_boundaries', 'iris_boundaries', 'iris_boundaries', 'iris_boundaries', 'eye_contours', 'eye_contours', 'eye_contours', 'eye_contours', 'eye_contours', 'eye_contours', 'eye_contours', 'eye_contours', 'eye_contours', 'eye_contours', 'eye_contours', 'eye_contours', 'eye_contours', 'eye_contours', 'eye_contours', 'eye_contours']
2025-08-25 02:32:04,133 - DEBUG -    偏差向量: [0.0002  0.00085 0.00085 0.00085 0.00085 0.0015  0.0015  0.0015  0.0015
 0.0015  0.0015  0.0015  0.0015  0.0015  0.0015  0.0015  0.0015  0.0015
 0.0015  0.0015  0.0015 ]
2025-08-25 02:32:04,133 - DEBUG -    向量形状: (21,)
2025-08-25 02:32:04,133 - DEBUG -    偏差统计: 均值=0.001314, 标准差=0.000356
2025-08-25 02:32:04,133 - DEBUG - 获取生理偏差: 点类型=['pupil_center', 'iris_boundaries', 'iris_boundaries', 'iris_boundaries', 'iris_boundaries', 'eye_contours', 'eye_contours', 'eye_contours', 'eye_contours', 'eye_contours', 'eye_contours', 'eye_contours', 'eye_contours', 'eye_contours', 'eye_contours', 'eye_contours', 'eye_contours', 'eye_contours', 'eye_contours', 'eye_contours', 'eye_contours'], 偏差值=[0.0002  0.00085 0.00085 0.00085 0.00085 0.0015  0.0015  0.0015  0.0015
 0.0015  0.0015  0.0015  0.0015  0.0015  0.0015  0.0015  0.0015  0.0015
 0.0015  0.0015  0.0015 ]
2025-08-25 02:32:04,133 - INFO - -----------------------------------------------------------------------------------
2025-08-25 02:32:04,133 - DEBUG - 🔍 拟合残差计算详情:
2025-08-25 02:32:04,133 - DEBUG -    球心坐标: [0.0899452  0.01269426 0.60455361]
2025-08-25 02:32:04,133 - DEBUG -    球体半径: 0.017649
2025-08-25 02:32:04,133 - DEBUG -    采样点数: 21
2025-08-25 02:32:04,133 - DEBUG -    点类型分布: {'eye_contours': 16, 'iris_boundaries': 4, 'pupil_center': 1}
2025-08-25 02:32:04,133 - DEBUG -    理论距离向量: [0.01784865 0.01849865 0.01849865 0.01849865 0.01849865 0.01914865
 0.01914865 0.01914865 0.01914865 0.01914865 0.01914865 0.01914865
 0.01914865 0.01914865 0.01914865 0.01914865 0.01914865 0.01914865
 0.01914865 0.01914865 0.01914865]
2025-08-25 02:32:04,133 - DEBUG -    实际距离向量: [0.0158074  0.02499737 0.01292428 0.01167859 0.0232247  0.01815532
 0.0144521  0.00888096 0.01053593 0.01785799 0.02611088 0.03167717
 0.03507154 0.03797748 0.03546757 0.03287045 0.02927921 0.02412939
 0.01973608 0.01737161 0.01788187]
2025-08-25 02:32:04,133 - DEBUG -    生理偏差向量: [0.0002  0.00085 0.00085 0.00085 0.00085 0.0015  0.0015  0.0015  0.0015
 0.0015  0.0015  0.0015  0.0015  0.0015  0.0015  0.0015  0.0015  0.0015
 0.0015  0.0015  0.0015 ]
2025-08-25 02:32:04,133 - DEBUG -    残差向量 f(θ): 
[[-0.00204125]
 [ 0.00649872]
 [-0.00557437]
 [-0.00682006]
 [ 0.00472605]
 [-0.00099333]
 [-0.00469655]
 [-0.01026769]
 [-0.00861272]
 [-0.00129066]
 [ 0.00696223]
 [ 0.01252852]
 [ 0.01592289]
 [ 0.01882883]
 [ 0.01631892]
 [ 0.0137218 ]
 [ 0.01013056]
 [ 0.00498074]
 [ 0.00058743]
 [-0.00177704]
 [-0.00126678]]
2025-08-25 02:32:04,133 - DEBUG -    平均残差范数: 0.001993
2025-08-25 02:32:04,139 - DEBUG -    残差范数=0.041848
2025-08-25 02:32:04,139 - INFO - -----------------------------------------------------------------------------------
2025-08-25 02:32:04,139 - DEBUG - 🔍 深度约束计算详情 (softplus):
2025-08-25 02:32:04,139 - DEBUG -    采样点Z坐标范围: [0.600000, 0.602156]
2025-08-25 02:32:04,139 - DEBUG -    球心Z坐标: 0.604554
2025-08-25 02:32:04,139 - DEBUG -    深度偏移ε: 0.000200
2025-08-25 02:32:04,139 - DEBUG -    softplus参数τ: 0.001000
2025-08-25 02:32:04,139 - DEBUG -    原始违反值: -0.002198
2025-08-25 02:32:04,139 - DEBUG -    softplus输入 u: -2.197804
2025-08-25 02:32:04,139 - DEBUG -    约束惩罚 h(θ): 0.000105
2025-08-25 02:32:04,139 - DEBUG -    🟢 深度约束满足: 球心深度足够
2025-08-25 02:32:04,139 - INFO - -----------------------------------------------------------------------------------
2025-08-25 02:32:04,139 - DEBUG - 🔍 半径惩罚计算详情:
2025-08-25 02:32:04,139 - DEBUG -    当前半径: 0.017649
2025-08-25 02:32:04,139 - DEBUG -    半径先验值: 0.012000
2025-08-25 02:32:04,139 - DEBUG -    半径残差 r(θ): 0.005649
2025-08-25 02:32:04,139 - DEBUG -    数据残差 f(θ): [[-0.00204125]
 [ 0.00649872]
 [-0.00557437]
 [-0.00682006]
 [ 0.00472605]
 [-0.00099333]
 [-0.00469655]
 [-0.01026769]
 [-0.00861272]
 [-0.00129066]
 [ 0.00696223]
 [ 0.01252852]
 [ 0.01592289]
 [ 0.01882883]
 [ 0.01631892]
 [ 0.0137218 ]
 [ 0.01013056]
 [ 0.00498074]
 [ 0.00058743]
 [-0.00177704]
 [-0.00126678]]
2025-08-25 02:32:04,139 - DEBUG -    约束残差 g(θ): [[0.0001053]]
2025-08-25 02:32:04,139 - DEBUG -    半径残差 r(θ): [[0.00564865]]
2025-08-25 02:32:04,139 - DEBUG - 🔍 状态变化计算: 参数变化=0.000000, 残差变化=0.000000
2025-08-25 02:32:04,139 - INFO - -----------------------------------------------------------------------------------
2025-08-25 02:32:04,139 - DEBUG - 🔍 权重管理器状态更新详情:
2025-08-25 02:32:04,139 - DEBUG -    当前迭代: 10
2025-08-25 02:32:04,139 - DEBUG -    参数变化: 0.000000 (阈值: 0.000005)
2025-08-25 02:32:04,139 - DEBUG -    残差变化: 0.000000 (阈值: 0.000005)
2025-08-25 02:32:04,139 - DEBUG -    几何权重因子: 10
2025-08-25 02:32:04,147 - DEBUG - ⏸️ 保持图像置信度权重: 参数变化=0.00e+00, 残差变化=0.00e+00
2025-08-25 02:32:04,147 - DEBUG - 状态已保存: 参数=[0.0899452  0.01269426 0.60455361 0.01764865], 残差范数=0.041848
2025-08-25 02:32:04,147 - DEBUG - 🔍 获取visibility信息: 形状=(21,), 范围=[1.000, 1.000]
2025-08-25 02:32:04,147 - DEBUG - 🔧 设置图像置信度权重: 21个点
2025-08-25 02:32:04,147 - DEBUG - 🔍 开始计算权重矩阵:
2025-08-25 02:32:04,147 - DEBUG -    点类型: ['pupil_center', 'iris_boundaries', 'iris_boundaries', 'iris_boundaries', 'iris_boundaries', 'eye_contours', 'eye_contours', 'eye_contours', 'eye_contours', 'eye_contours', 'eye_contours', 'eye_contours', 'eye_contours', 'eye_contours', 'eye_contours', 'eye_contours', 'eye_contours', 'eye_contours', 'eye_contours', 'eye_contours', 'eye_contours']
2025-08-25 02:32:04,147 - DEBUG -    残差向量: 形状=(21,), 范数=0.041848
2025-08-25 02:32:04,147 - DEBUG -    Visibility: 形状=(21,), 均值=1.000
2025-08-25 02:32:04,147 - WARNING - ⚠️ 权重管理器：没有启用几何权重，使用默认全1权重
2025-08-25 02:32:04,147 - WARNING - ⚠️ 权重管理器：没有启用几何权重，使用默认全1权重
2025-08-25 02:32:04,147 - WARNING - ⚠️ 权重管理器：没有启用几何权重，使用默认全1权重
2025-08-25 02:32:04,147 - WARNING - ⚠️ 权重管理器：没有启用几何权重，使用默认全1权重
2025-08-25 02:32:04,147 - WARNING - ⚠️ 权重管理器：没有启用几何权重，使用默认全1权重
2025-08-25 02:32:04,147 - WARNING - ⚠️ 权重管理器：没有启用几何权重，使用默认全1权重
2025-08-25 02:32:04,147 - WARNING - ⚠️ 权重管理器：没有启用几何权重，使用默认全1权重
2025-08-25 02:32:04,147 - WARNING - ⚠️ 权重管理器：没有启用几何权重，使用默认全1权重
2025-08-25 02:32:04,147 - WARNING - ⚠️ 权重管理器：没有启用几何权重，使用默认全1权重
2025-08-25 02:32:04,147 - WARNING - ⚠️ 权重管理器：没有启用几何权重，使用默认全1权重
2025-08-25 02:32:04,147 - WARNING - ⚠️ 权重管理器：没有启用几何权重，使用默认全1权重
2025-08-25 02:32:04,147 - WARNING - ⚠️ 权重管理器：没有启用几何权重，使用默认全1权重
2025-08-25 02:32:04,147 - WARNING - ⚠️ 权重管理器：没有启用几何权重，使用默认全1权重
2025-08-25 02:32:04,147 - WARNING - ⚠️ 权重管理器：没有启用几何权重，使用默认全1权重
2025-08-25 02:32:04,147 - WARNING - ⚠️ 权重管理器：没有启用几何权重，使用默认全1权重
2025-08-25 02:32:04,147 - WARNING - ⚠️ 权重管理器：没有启用几何权重，使用默认全1权重
2025-08-25 02:32:04,147 - WARNING - ⚠️ 权重管理器：没有启用几何权重，使用默认全1权重
2025-08-25 02:32:04,147 - WARNING - ⚠️ 权重管理器：没有启用几何权重，使用默认全1权重
2025-08-25 02:32:04,147 - WARNING - ⚠️ 权重管理器：没有启用几何权重，使用默认全1权重
2025-08-25 02:32:04,147 - WARNING - ⚠️ 权重管理器：没有启用几何权重，使用默认全1权重
2025-08-25 02:32:04,147 - WARNING - ⚠️ 权重管理器：没有启用几何权重，使用默认全1权重
2025-08-25 02:32:04,147 - DEBUG - 🔍 权重矩阵计算成功: 形状=(21, 21)
2025-08-25 02:32:04,147 - DEBUG - 🔍 几何权重统计:
2025-08-25 02:32:04,147 - DEBUG -    权重向量: [[1.]
 [1.]
 [1.]
 [1.]
 [1.]
 [1.]
 [1.]
 [1.]
 [1.]
 [1.]
 [1.]
 [1.]
 [1.]
 [1.]
 [1.]
 [1.]
 [1.]
 [1.]
 [1.]
 [1.]
 [1.]]
2025-08-25 02:32:04,147 - DEBUG -    权重范围: [1.000000, 1.000000]
2025-08-25 02:32:04,147 - DEBUG -    权重均值: 1.000000
2025-08-25 02:32:04,155 - DEBUG -    权重标准差: 0.000000
2025-08-25 02:32:04,155 - DEBUG -    高权重点(>0.8): 21/21
2025-08-25 02:32:04,155 - DEBUG -    低权重点(<0.2): 0/21
2025-08-25 02:32:04,155 - INFO - -----------------------------------------------------------------------------------
2025-08-25 02:32:04,155 - DEBUG - 🔍 开始求解LM更新方程:
2025-08-25 02:32:04,155 - DEBUG -    数据残差: 形状=(21,), 范数=0.041848
2025-08-25 02:32:04,155 - DEBUG -    约束残差: 形状=(1,), 范数=0.000105
2025-08-25 02:32:04,155 - DEBUG - 🔍 计算数据残差雅可比矩阵 J_f: 形状=(21, 4)
2025-08-25 02:32:04,155 - DEBUG - 🔍 J_f矩阵计算完成: 条件数=1.64e+01
2025-08-25 02:32:04,155 - DEBUG - 🔍 深度约束雅可比计算: u=-2.197804, σ=0.099948, J_h=[[ 0.          0.         -0.09994788  0.        ]]
2025-08-25 02:32:04,155 - DEBUG - 🔍 半径先验雅可比: J_r=[[0. 0. 0. 1.]]
2025-08-25 02:32:04,155 - DEBUG - 🔍 使用几何权重矩阵: 形状=(21, 21)
2025-08-25 02:32:04,159 - DEBUG - 🔍 Hessian矩阵计算:
2025-08-25 02:32:04,159 - DEBUG -    H_data = J_f^T W J_f: 形状=(4, 4), 条件数=2.70e+02
2025-08-25 02:32:04,159 - DEBUG -    H_h = λ_depth J_h^T J_h: 形状=(4, 4), λ_depth=1000.0
2025-08-25 02:32:04,159 - DEBUG -    H_r = λ_radius J_r^T J_r: 形状=(4, 4), λ_radius=1.0
2025-08-25 02:32:04,159 - DEBUG -    H_total: 形状=(4, 4), 条件数=5.95e+01
2025-08-25 02:32:04,159 - DEBUG - 🔍 梯度计算:
2025-08-25 02:32:04,159 - DEBUG -    g_data: 形状=(4,), 范数=0.110626
2025-08-25 02:32:04,159 - DEBUG -    g_h: 形状=(4,), 范数=0.010525
2025-08-25 02:32:04,159 - DEBUG -    g_r: 形状=(4,), 范数=0.005649
2025-08-25 02:32:04,159 - DEBUG -    g_total: 形状=(4,), 范数=0.107600
2025-08-25 02:32:04,159 - DEBUG - 🔍 LM阻尼矩阵: H_lm = H_total + 100.0 * I
2025-08-25 02:32:04,159 - DEBUG -    H_lm条件数: 1.35e+00
2025-08-25 02:32:04,159 - DEBUG - 🔍 线性方程组求解成功:
2025-08-25 02:32:04,159 - DEBUG -    参数更新向量 Δθ: [[-7.28412660e-04]
 [-6.36960859e-05]
 [ 5.14549881e-05]
 [ 4.36815150e-04]]
2025-08-25 02:32:04,159 - DEBUG -    更新向量范数: 0.000853
2025-08-25 02:32:04,159 - DEBUG -    各分量更新: Δc_x=-0.000728, Δc_y=-0.000064, Δc_z=0.000051, Δr=0.000437
2025-08-25 02:32:04,159 - DEBUG -    参数更新:
2025-08-25 02:32:04,164 - DEBUG -      旧参数: [[0.0899452 ]
 [0.01269426]
 [0.60455361]
 [0.01764865]]
2025-08-25 02:32:04,164 - DEBUG -      更新向量: [[-7.28412660e-04]
 [-6.36960859e-05]
 [ 5.14549881e-05]
 [ 4.36815150e-04]]
2025-08-25 02:32:04,164 - DEBUG -      新参数: [[0.08921678]
 [0.01263056]
 [0.60460506]
 [0.01808547]]
2025-08-25 02:32:04,164 - INFO - -----------------------------------------------------------------------------------
2025-08-25 02:32:04,164 - INFO - 🔍 迭代第10次，球心向右0.728413mm，向上0.063696mm，向后0.051455mm，半径变大0.436815mm
2025-08-25 02:32:04,164 - INFO - 📊 变化前: 中心(0.090, 0.013, 0.605), 半径17.65mm
2025-08-25 02:32:04,164 - INFO - 📊 变化后: 中心(0.089, 0.013, 0.605), 半径18.09mm
2025-08-25 02:32:04,164 - INFO - 📈 变化量: 中心移动0.73mm, 半径变化0.44mm
2025-08-25 02:32:04,164 - INFO - 📍 眼球中心: [0.0899452  0.01269426 0.60455361]
2025-08-25 02:32:04,164 - INFO - 📏 眼球半径: 17.65mm
2025-08-25 02:32:04,164 - INFO - 👁️ 瞳孔中心: [0.10133334 0.02266667 0.60000002]
2025-08-25 02:32:04,164 - INFO - 📐 眼球中心在瞳孔中心的左11.39mm，上9.97mm，后4.55mm
2025-08-25 02:32:04,164 - INFO - 📏 距离: 15.81mm
2025-08-25 02:32:04,164 - INFO - -----------------------------------------------------------------------------------
2025-08-25 02:32:04,164 - INFO - -----------------------------------------------------------------------------------
2025-08-25 02:32:04,164 - DEBUG - 🔍 参数有效性检查:
2025-08-25 02:32:04,164 - DEBUG -    参数向量: [[0.08921678]
 [0.01263056]
 [0.60460506]
 [0.01808547]]
2025-08-25 02:32:04,164 - DEBUG -    球心: [0.08921678 0.01263056 0.60460506]
2025-08-25 02:32:04,164 - DEBUG -    半径: 0.018085
2025-08-25 02:32:04,164 - DEBUG - 🔍 函数值计算详情:
2025-08-25 02:32:04,164 - DEBUG -    数据项 F(θ): 0.000876
2025-08-25 02:32:04,164 - DEBUG -    深度约束项: 0.000006
2025-08-25 02:32:04,164 - DEBUG -    半径先验项: 0.000016
2025-08-25 02:32:04,164 - DEBUG -    总函数值 Φ(θ): 0.000897
2025-08-25 02:32:04,164 - DEBUG -    函数值改善: 0.000000
2025-08-25 02:32:04,164 - DEBUG - 🔍 参数有效: True
2025-08-25 02:32:04,164 - DEBUG -    参数更新成功:
2025-08-25 02:32:04,164 - DEBUG -      新球心: [0.08921678 0.01263056 0.60460506]
2025-08-25 02:32:04,164 - DEBUG -      新半径: 0.018085
2025-08-25 02:32:04,164 - INFO - -----------------------------------------------------------------------------------
2025-08-25 02:32:04,164 - DEBUG - 🔍 LM收敛性检查:
2025-08-25 02:32:04,164 - DEBUG -    当前迭代次数: 10
2025-08-25 02:32:04,164 - DEBUG -    最大迭代次数: 30
2025-08-25 02:32:04,164 - DEBUG -    参数变化: 0.000853
2025-08-25 02:32:04,164 - DEBUG -    参数容忍度: 5e-06
2025-08-25 02:32:04,164 - DEBUG -    残差变化: 0.000000
2025-08-25 02:32:04,164 - DEBUG -    残差容忍度: 5e-06
2025-08-25 02:32:04,164 - DEBUG - 🔍 迭代 12/30:
2025-08-25 02:32:04,164 - DEBUG - 🔍 计算点到球心距离: 形状=(21,)
2025-08-25 02:32:04,164 - DEBUG - 🔍 生理偏差向量计算:
2025-08-25 02:32:04,164 - DEBUG -    点类型列表: ['pupil_center', 'iris_boundaries', 'iris_boundaries', 'iris_boundaries', 'iris_boundaries', 'eye_contours', 'eye_contours', 'eye_contours', 'eye_contours', 'eye_contours', 'eye_contours', 'eye_contours', 'eye_contours', 'eye_contours', 'eye_contours', 'eye_contours', 'eye_contours', 'eye_contours', 'eye_contours', 'eye_contours', 'eye_contours']
2025-08-25 02:32:04,164 - DEBUG -    偏差向量: [0.0002  0.00085 0.00085 0.00085 0.00085 0.0015  0.0015  0.0015  0.0015
 0.0015  0.0015  0.0015  0.0015  0.0015  0.0015  0.0015  0.0015  0.0015
 0.0015  0.0015  0.0015 ]
2025-08-25 02:32:04,164 - DEBUG -    向量形状: (21,)
2025-08-25 02:32:04,164 - DEBUG -    偏差统计: 均值=0.001314, 标准差=0.000356
2025-08-25 02:32:04,172 - DEBUG - 获取生理偏差: 点类型=['pupil_center', 'iris_boundaries', 'iris_boundaries', 'iris_boundaries', 'iris_boundaries', 'eye_contours', 'eye_contours', 'eye_contours', 'eye_contours', 'eye_contours', 'eye_contours', 'eye_contours', 'eye_contours', 'eye_contours', 'eye_contours', 'eye_contours', 'eye_contours', 'eye_contours', 'eye_contours', 'eye_contours', 'eye_contours'], 偏差值=[0.0002  0.00085 0.00085 0.00085 0.00085 0.0015  0.0015  0.0015  0.0015
 0.0015  0.0015  0.0015  0.0015  0.0015  0.0015  0.0015  0.0015  0.0015
 0.0015  0.0015  0.0015 ]
2025-08-25 02:32:04,172 - INFO - -----------------------------------------------------------------------------------
2025-08-25 02:32:04,172 - DEBUG - 🔍 拟合残差计算详情:
2025-08-25 02:32:04,172 - DEBUG -    球心坐标: [0.08921678 0.01263056 0.60460506]
2025-08-25 02:32:04,172 - DEBUG -    球体半径: 0.018085
2025-08-25 02:32:04,172 - DEBUG -    采样点数: 21
2025-08-25 02:32:04,172 - DEBUG -    点类型分布: {'eye_contours': 16, 'iris_boundaries': 4, 'pupil_center': 1}
2025-08-25 02:32:04,175 - DEBUG -    理论距离向量: [0.01828547 0.01893547 0.01893547 0.01893547 0.01893547 0.01958547
 0.01958547 0.01958547 0.01958547 0.01958547 0.01958547 0.01958547
 0.01958547 0.01958547 0.01958547 0.01958547 0.01958547 0.01958547
 0.01958547 0.01958547 0.01958547]
2025-08-25 02:32:04,175 - DEBUG -    实际距离向量: [0.01639331 0.02568338 0.01363427 0.01192197 0.02368274 0.01785033
 0.01419778 0.00894587 0.01115362 0.01856714 0.02683149 0.03239544
 0.03578643 0.03868965 0.03616032 0.03353995 0.02990425 0.02464973
 0.02007006 0.01741488 0.01769651]
2025-08-25 02:32:04,175 - DEBUG -    生理偏差向量: [0.0002  0.00085 0.00085 0.00085 0.00085 0.0015  0.0015  0.0015  0.0015
 0.0015  0.0015  0.0015  0.0015  0.0015  0.0015  0.0015  0.0015  0.0015
 0.0015  0.0015  0.0015 ]
2025-08-25 02:32:04,175 - DEBUG -    残差向量 f(θ): 
[[-0.00189216]
 [ 0.00674791]
 [-0.00530119]
 [-0.0070135 ]
 [ 0.00474728]
 [-0.00173514]
 [-0.00538769]
 [-0.0106396 ]
 [-0.00843184]
 [-0.00101833]
 [ 0.00724603]
 [ 0.01280998]
 [ 0.01620096]
 [ 0.01910418]
 [ 0.01657485]
 [ 0.01395449]
 [ 0.01031879]
 [ 0.00506426]
 [ 0.00048459]
 [-0.00217059]
 [-0.00188895]]
2025-08-25 02:32:04,175 - DEBUG -    平均残差范数: 0.002032
2025-08-25 02:32:04,175 - DEBUG -    残差范数=0.042667
2025-08-25 02:32:04,175 - INFO - -----------------------------------------------------------------------------------
2025-08-25 02:32:04,175 - DEBUG - 🔍 深度约束计算详情 (softplus):
2025-08-25 02:32:04,175 - DEBUG -    采样点Z坐标范围: [0.600000, 0.602156]
2025-08-25 02:32:04,175 - DEBUG -    球心Z坐标: 0.604605
2025-08-25 02:32:04,175 - DEBUG -    深度偏移ε: 0.000200
2025-08-25 02:32:04,175 - DEBUG -    softplus参数τ: 0.001000
2025-08-25 02:32:04,175 - DEBUG -    原始违反值: -0.002249
2025-08-25 02:32:04,175 - DEBUG -    softplus输入 u: -2.249259
2025-08-25 02:32:04,175 - DEBUG -    约束惩罚 h(θ): 0.000100
2025-08-25 02:32:04,175 - DEBUG -    🟢 深度约束满足: 球心深度足够
2025-08-25 02:32:04,180 - INFO - -----------------------------------------------------------------------------------
2025-08-25 02:32:04,180 - DEBUG - 🔍 半径惩罚计算详情:
2025-08-25 02:32:04,180 - DEBUG -    当前半径: 0.018085
2025-08-25 02:32:04,180 - DEBUG -    半径先验值: 0.012000
2025-08-25 02:32:04,180 - DEBUG -    半径残差 r(θ): 0.006085
2025-08-25 02:32:04,180 - DEBUG -    数据残差 f(θ): [[-0.00189216]
 [ 0.00674791]
 [-0.00530119]
 [-0.0070135 ]
 [ 0.00474728]
 [-0.00173514]
 [-0.00538769]
 [-0.0106396 ]
 [-0.00843184]
 [-0.00101833]
 [ 0.00724603]
 [ 0.01280998]
 [ 0.01620096]
 [ 0.01910418]
 [ 0.01657485]
 [ 0.01395449]
 [ 0.01031879]
 [ 0.00506426]
 [ 0.00048459]
 [-0.00217059]
 [-0.00188895]]
2025-08-25 02:32:04,180 - DEBUG -    约束残差 g(θ): [[0.00010028]]
2025-08-25 02:32:04,180 - DEBUG -    半径残差 r(θ): [[0.00608547]]
2025-08-25 02:32:04,180 - DEBUG - 🔍 状态变化计算: 参数变化=0.000853, 残差变化=0.000818
2025-08-25 02:32:04,180 - INFO - -----------------------------------------------------------------------------------
2025-08-25 02:32:04,180 - DEBUG - 🔍 权重管理器状态更新详情:
2025-08-25 02:32:04,180 - DEBUG -    当前迭代: 11
2025-08-25 02:32:04,180 - DEBUG -    参数变化: 0.000853 (阈值: 0.000005)
2025-08-25 02:32:04,180 - DEBUG -    残差变化: 0.000818 (阈值: 0.000005)
2025-08-25 02:32:04,180 - DEBUG -    几何权重因子: 10
2025-08-25 02:32:04,180 - DEBUG - ⏸️ 保持图像置信度权重: 参数变化=8.53e-04, 残差变化=8.18e-04
2025-08-25 02:32:04,180 - DEBUG - 状态已保存: 参数=[0.08921678 0.01263056 0.60460506 0.01808547], 残差范数=0.042667
2025-08-25 02:32:04,180 - DEBUG - 🔍 获取visibility信息: 形状=(21,), 范围=[1.000, 1.000]
2025-08-25 02:32:04,180 - DEBUG - 🔧 设置图像置信度权重: 21个点
2025-08-25 02:32:04,180 - DEBUG - 🔍 开始计算权重矩阵:
2025-08-25 02:32:04,180 - DEBUG -    点类型: ['pupil_center', 'iris_boundaries', 'iris_boundaries', 'iris_boundaries', 'iris_boundaries', 'eye_contours', 'eye_contours', 'eye_contours', 'eye_contours', 'eye_contours', 'eye_contours', 'eye_contours', 'eye_contours', 'eye_contours', 'eye_contours', 'eye_contours', 'eye_contours', 'eye_contours', 'eye_contours', 'eye_contours', 'eye_contours']
2025-08-25 02:32:04,180 - DEBUG -    残差向量: 形状=(21,), 范数=0.042667
2025-08-25 02:32:04,180 - DEBUG -    Visibility: 形状=(21,), 均值=1.000
2025-08-25 02:32:04,180 - WARNING - ⚠️ 权重管理器：没有启用几何权重，使用默认全1权重
2025-08-25 02:32:04,180 - WARNING - ⚠️ 权重管理器：没有启用几何权重，使用默认全1权重
2025-08-25 02:32:04,180 - WARNING - ⚠️ 权重管理器：没有启用几何权重，使用默认全1权重
2025-08-25 02:32:04,180 - WARNING - ⚠️ 权重管理器：没有启用几何权重，使用默认全1权重
2025-08-25 02:32:04,180 - WARNING - ⚠️ 权重管理器：没有启用几何权重，使用默认全1权重
2025-08-25 02:32:04,180 - WARNING - ⚠️ 权重管理器：没有启用几何权重，使用默认全1权重
2025-08-25 02:32:04,180 - WARNING - ⚠️ 权重管理器：没有启用几何权重，使用默认全1权重
2025-08-25 02:32:04,180 - WARNING - ⚠️ 权重管理器：没有启用几何权重，使用默认全1权重
2025-08-25 02:32:04,180 - WARNING - ⚠️ 权重管理器：没有启用几何权重，使用默认全1权重
2025-08-25 02:32:04,180 - WARNING - ⚠️ 权重管理器：没有启用几何权重，使用默认全1权重
2025-08-25 02:32:04,180 - WARNING - ⚠️ 权重管理器：没有启用几何权重，使用默认全1权重
2025-08-25 02:32:04,180 - WARNING - ⚠️ 权重管理器：没有启用几何权重，使用默认全1权重
2025-08-25 02:32:04,180 - WARNING - ⚠️ 权重管理器：没有启用几何权重，使用默认全1权重
2025-08-25 02:32:04,180 - WARNING - ⚠️ 权重管理器：没有启用几何权重，使用默认全1权重
2025-08-25 02:32:04,180 - WARNING - ⚠️ 权重管理器：没有启用几何权重，使用默认全1权重
2025-08-25 02:32:04,180 - WARNING - ⚠️ 权重管理器：没有启用几何权重，使用默认全1权重
2025-08-25 02:32:04,180 - WARNING - ⚠️ 权重管理器：没有启用几何权重，使用默认全1权重
2025-08-25 02:32:04,180 - WARNING - ⚠️ 权重管理器：没有启用几何权重，使用默认全1权重
2025-08-25 02:32:04,180 - WARNING - ⚠️ 权重管理器：没有启用几何权重，使用默认全1权重
2025-08-25 02:32:04,180 - WARNING - ⚠️ 权重管理器：没有启用几何权重，使用默认全1权重
2025-08-25 02:32:04,180 - WARNING - ⚠️ 权重管理器：没有启用几何权重，使用默认全1权重
2025-08-25 02:32:04,180 - DEBUG - 🔍 权重矩阵计算成功: 形状=(21, 21)
2025-08-25 02:32:04,188 - DEBUG - 🔍 几何权重统计:
2025-08-25 02:32:04,188 - DEBUG -    权重向量: [[1.]
 [1.]
 [1.]
 [1.]
 [1.]
 [1.]
 [1.]
 [1.]
 [1.]
 [1.]
 [1.]
 [1.]
 [1.]
 [1.]
 [1.]
 [1.]
 [1.]
 [1.]
 [1.]
 [1.]
 [1.]]
2025-08-25 02:32:04,188 - DEBUG -    权重范围: [1.000000, 1.000000]
2025-08-25 02:32:04,188 - DEBUG -    权重均值: 1.000000
2025-08-25 02:32:04,188 - DEBUG -    权重标准差: 0.000000
2025-08-25 02:32:04,188 - DEBUG -    高权重点(>0.8): 21/21
2025-08-25 02:32:04,188 - DEBUG -    低权重点(<0.2): 0/21
2025-08-25 02:32:04,188 - INFO - -----------------------------------------------------------------------------------
2025-08-25 02:32:04,188 - DEBUG - 🔍 开始求解LM更新方程:
2025-08-25 02:32:04,188 - DEBUG -    数据残差: 形状=(21,), 范数=0.042667
2025-08-25 02:32:04,188 - DEBUG -    约束残差: 形状=(1,), 范数=0.000100
2025-08-25 02:32:04,188 - DEBUG - 🔍 计算数据残差雅可比矩阵 J_f: 形状=(21, 4)
2025-08-25 02:32:04,188 - DEBUG - 🔍 J_f矩阵计算完成: 条件数=1.71e+01
2025-08-25 02:32:04,188 - DEBUG - 🔍 深度约束雅可比计算: u=-2.249259, σ=0.095413, J_h=[[ 0.          0.         -0.09541341  0.        ]]
2025-08-25 02:32:04,188 - DEBUG - 🔍 半径先验雅可比: J_r=[[0. 0. 0. 1.]]
2025-08-25 02:32:04,188 - DEBUG - 🔍 使用几何权重矩阵: 形状=(21, 21)
2025-08-25 02:32:04,188 - DEBUG - 🔍 Hessian矩阵计算:
2025-08-25 02:32:04,188 - DEBUG -    H_data = J_f^T W J_f: 形状=(4, 4), 条件数=2.92e+02
2025-08-25 02:32:04,188 - DEBUG -    H_h = λ_depth J_h^T J_h: 形状=(4, 4), λ_depth=1000.0
2025-08-25 02:32:04,188 - DEBUG -    H_r = λ_radius J_r^T J_r: 形状=(4, 4), λ_radius=1.0
2025-08-25 02:32:04,188 - DEBUG -    H_total: 形状=(4, 4), 条件数=6.11e+01
2025-08-25 02:32:04,188 - DEBUG - 🔍 梯度计算:
2025-08-25 02:32:04,188 - DEBUG -    g_data: 形状=(4,), 范数=0.111936
2025-08-25 02:32:04,188 - DEBUG -    g_h: 形状=(4,), 范数=0.009568
2025-08-25 02:32:04,188 - DEBUG -    g_r: 形状=(4,), 范数=0.006085
2025-08-25 02:32:04,188 - DEBUG -    g_total: 形状=(4,), 范数=0.108613
2025-08-25 02:32:04,188 - DEBUG - 🔍 LM阻尼矩阵: H_lm = H_total + 100.0 * I
2025-08-25 02:32:04,188 - DEBUG -    H_lm条件数: 1.36e+00
2025-08-25 02:32:04,196 - DEBUG - 🔍 线性方程组求解成功:
2025-08-25 02:32:04,196 - DEBUG -    参数更新向量 Δθ: [[-7.46398479e-04]
 [-4.30377163e-05]
 [ 4.16700864e-05]
 [ 4.30728579e-04]]
2025-08-25 02:32:04,196 - DEBUG -    更新向量范数: 0.000864
2025-08-25 02:32:04,196 - DEBUG -    各分量更新: Δc_x=-0.000746, Δc_y=-0.000043, Δc_z=0.000042, Δr=0.000431
2025-08-25 02:32:04,196 - DEBUG -    参数更新:
2025-08-25 02:32:04,196 - DEBUG -      旧参数: [[0.08921678]
 [0.01263056]
 [0.60460506]
 [0.01808547]]
2025-08-25 02:32:04,196 - DEBUG -      更新向量: [[-7.46398479e-04]
 [-4.30377163e-05]
 [ 4.16700864e-05]
 [ 4.30728579e-04]]
2025-08-25 02:32:04,196 - DEBUG -      新参数: [[0.08847039]
 [0.01258753]
 [0.60464673]
 [0.01851619]]
2025-08-25 02:32:04,196 - INFO - -----------------------------------------------------------------------------------
2025-08-25 02:32:04,196 - INFO - 🔍 迭代第11次，球心向右0.746398mm，向上0.043038mm，向后0.041670mm，半径变大0.430729mm
2025-08-25 02:32:04,196 - INFO - 📊 变化前: 中心(0.089, 0.013, 0.605), 半径18.09mm
2025-08-25 02:32:04,196 - INFO - 📊 变化后: 中心(0.088, 0.013, 0.605), 半径18.52mm
2025-08-25 02:32:04,196 - INFO - 📈 变化量: 中心移动0.75mm, 半径变化0.43mm
2025-08-25 02:32:04,196 - INFO - 📍 眼球中心: [0.08921678 0.01263056 0.60460506]
2025-08-25 02:32:04,196 - INFO - 📏 眼球半径: 18.09mm
2025-08-25 02:32:04,196 - INFO - 👁️ 瞳孔中心: [0.10133334 0.02266667 0.60000002]
2025-08-25 02:32:04,196 - INFO - 📐 眼球中心在瞳孔中心的左12.12mm，上10.04mm，后4.61mm
2025-08-25 02:32:04,196 - INFO - 📏 距离: 16.39mm
2025-08-25 02:32:04,196 - INFO - -----------------------------------------------------------------------------------
2025-08-25 02:32:04,196 - INFO - -----------------------------------------------------------------------------------
2025-08-25 02:32:04,196 - DEBUG - 🔍 参数有效性检查:
2025-08-25 02:32:04,196 - DEBUG -    参数向量: [[0.08847039]
 [0.01258753]
 [0.60464673]
 [0.01851619]]
2025-08-25 02:32:04,196 - DEBUG -    球心: [0.08847039 0.01258753 0.60464673]
2025-08-25 02:32:04,196 - DEBUG -    半径: 0.018516
2025-08-25 02:32:04,196 - DEBUG - 🔍 函数值计算详情:
2025-08-25 02:32:04,196 - DEBUG -    数据项 F(θ): 0.000910
2025-08-25 02:32:04,196 - DEBUG -    深度约束项: 0.000005
2025-08-25 02:32:04,196 - DEBUG -    半径先验项: 0.000019
2025-08-25 02:32:04,196 - DEBUG -    总函数值 Φ(θ): 0.000934
2025-08-25 02:32:04,196 - DEBUG -    函数值改善: -0.000037
2025-08-25 02:32:04,196 - DEBUG - 🔍 参数有效: False
2025-08-25 02:32:04,196 - DEBUG -    参数无效，阻尼因子调整: λ_LM = 1.00e+03
2025-08-25 02:32:04,196 - DEBUG - 🔍 迭代 13/30:
2025-08-25 02:32:04,196 - DEBUG - 🔍 计算点到球心距离: 形状=(21,)
2025-08-25 02:32:04,196 - DEBUG - 🔍 生理偏差向量计算:
2025-08-25 02:32:04,196 - DEBUG -    点类型列表: ['pupil_center', 'iris_boundaries', 'iris_boundaries', 'iris_boundaries', 'iris_boundaries', 'eye_contours', 'eye_contours', 'eye_contours', 'eye_contours', 'eye_contours', 'eye_contours', 'eye_contours', 'eye_contours', 'eye_contours', 'eye_contours', 'eye_contours', 'eye_contours', 'eye_contours', 'eye_contours', 'eye_contours', 'eye_contours']
2025-08-25 02:32:04,204 - DEBUG -    偏差向量: [0.0002  0.00085 0.00085 0.00085 0.00085 0.0015  0.0015  0.0015  0.0015
 0.0015  0.0015  0.0015  0.0015  0.0015  0.0015  0.0015  0.0015  0.0015
 0.0015  0.0015  0.0015 ]
2025-08-25 02:32:04,204 - DEBUG -    向量形状: (21,)
2025-08-25 02:32:04,204 - DEBUG -    偏差统计: 均值=0.001314, 标准差=0.000356
2025-08-25 02:32:04,204 - DEBUG - 获取生理偏差: 点类型=['pupil_center', 'iris_boundaries', 'iris_boundaries', 'iris_boundaries', 'iris_boundaries', 'eye_contours', 'eye_contours', 'eye_contours', 'eye_contours', 'eye_contours', 'eye_contours', 'eye_contours', 'eye_contours', 'eye_contours', 'eye_contours', 'eye_contours', 'eye_contours', 'eye_contours', 'eye_contours', 'eye_contours', 'eye_contours'], 偏差值=[0.0002  0.00085 0.00085 0.00085 0.00085 0.0015  0.0015  0.0015  0.0015
 0.0015  0.0015  0.0015  0.0015  0.0015  0.0015  0.0015  0.0015  0.0015
 0.0015  0.0015  0.0015 ]
2025-08-25 02:32:04,204 - INFO - -----------------------------------------------------------------------------------
2025-08-25 02:32:04,204 - DEBUG - 🔍 拟合残差计算详情:
2025-08-25 02:32:04,204 - DEBUG -    球心坐标: [0.08921678 0.01263056 0.60460506]
2025-08-25 02:32:04,204 - DEBUG -    球体半径: 0.018085
2025-08-25 02:32:04,204 - DEBUG -    采样点数: 21
2025-08-25 02:32:04,204 - DEBUG -    点类型分布: {'eye_contours': 16, 'iris_boundaries': 4, 'pupil_center': 1}
2025-08-25 02:32:04,204 - DEBUG -    理论距离向量: [0.01828547 0.01893547 0.01893547 0.01893547 0.01893547 0.01958547
 0.01958547 0.01958547 0.01958547 0.01958547 0.01958547 0.01958547
 0.01958547 0.01958547 0.01958547 0.01958547 0.01958547 0.01958547
 0.01958547 0.01958547 0.01958547]
2025-08-25 02:32:04,204 - DEBUG -    实际距离向量: [0.01639331 0.02568338 0.01363427 0.01192197 0.02368274 0.01785033
 0.01419778 0.00894587 0.01115362 0.01856714 0.02683149 0.03239544
 0.03578643 0.03868965 0.03616032 0.03353995 0.02990425 0.02464973
 0.02007006 0.01741488 0.01769651]
2025-08-25 02:32:04,204 - DEBUG -    生理偏差向量: [0.0002  0.00085 0.00085 0.00085 0.00085 0.0015  0.0015  0.0015  0.0015
 0.0015  0.0015  0.0015  0.0015  0.0015  0.0015  0.0015  0.0015  0.0015
 0.0015  0.0015  0.0015 ]
2025-08-25 02:32:04,204 - DEBUG -    残差向量 f(θ): 
[[-0.00189216]
 [ 0.00674791]
 [-0.00530119]
 [-0.0070135 ]
 [ 0.00474728]
 [-0.00173514]
 [-0.00538769]
 [-0.0106396 ]
 [-0.00843184]
 [-0.00101833]
 [ 0.00724603]
 [ 0.01280998]
 [ 0.01620096]
 [ 0.01910418]
 [ 0.01657485]
 [ 0.01395449]
 [ 0.01031879]
 [ 0.00506426]
 [ 0.00048459]
 [-0.00217059]
 [-0.00188895]]
2025-08-25 02:32:04,208 - DEBUG -    平均残差范数: 0.002032
2025-08-25 02:32:04,208 - DEBUG -    残差范数=0.042667
2025-08-25 02:32:04,208 - INFO - -----------------------------------------------------------------------------------
2025-08-25 02:32:04,208 - DEBUG - 🔍 深度约束计算详情 (softplus):
2025-08-25 02:32:04,208 - DEBUG -    采样点Z坐标范围: [0.600000, 0.602156]
2025-08-25 02:32:04,208 - DEBUG -    球心Z坐标: 0.604605
2025-08-25 02:32:04,208 - DEBUG -    深度偏移ε: 0.000200
2025-08-25 02:32:04,208 - DEBUG -    softplus参数τ: 0.001000
2025-08-25 02:32:04,208 - DEBUG -    原始违反值: -0.002249
2025-08-25 02:32:04,208 - DEBUG -    softplus输入 u: -2.249259
2025-08-25 02:32:04,208 - DEBUG -    约束惩罚 h(θ): 0.000100
2025-08-25 02:32:04,208 - DEBUG -    🟢 深度约束满足: 球心深度足够
2025-08-25 02:32:04,208 - INFO - -----------------------------------------------------------------------------------
2025-08-25 02:32:04,208 - DEBUG - 🔍 半径惩罚计算详情:
2025-08-25 02:32:04,208 - DEBUG -    当前半径: 0.018085
2025-08-25 02:32:04,208 - DEBUG -    半径先验值: 0.012000
2025-08-25 02:32:04,208 - DEBUG -    半径残差 r(θ): 0.006085
2025-08-25 02:32:04,208 - DEBUG -    数据残差 f(θ): [[-0.00189216]
 [ 0.00674791]
 [-0.00530119]
 [-0.0070135 ]
 [ 0.00474728]
 [-0.00173514]
 [-0.00538769]
 [-0.0106396 ]
 [-0.00843184]
 [-0.00101833]
 [ 0.00724603]
 [ 0.01280998]
 [ 0.01620096]
 [ 0.01910418]
 [ 0.01657485]
 [ 0.01395449]
 [ 0.01031879]
 [ 0.00506426]
 [ 0.00048459]
 [-0.00217059]
 [-0.00188895]]
2025-08-25 02:32:04,208 - DEBUG -    约束残差 g(θ): [[0.00010028]]
2025-08-25 02:32:04,212 - DEBUG -    半径残差 r(θ): [[0.00608547]]
2025-08-25 02:32:04,212 - DEBUG - 🔍 状态变化计算: 参数变化=0.000000, 残差变化=0.000000
2025-08-25 02:32:04,212 - INFO - -----------------------------------------------------------------------------------
2025-08-25 02:32:04,212 - DEBUG - 🔍 权重管理器状态更新详情:
2025-08-25 02:32:04,212 - DEBUG -    当前迭代: 12
2025-08-25 02:32:04,212 - DEBUG -    参数变化: 0.000000 (阈值: 0.000005)
2025-08-25 02:32:04,212 - DEBUG -    残差变化: 0.000000 (阈值: 0.000005)
2025-08-25 02:32:04,212 - DEBUG -    几何权重因子: 10
2025-08-25 02:32:04,212 - DEBUG - ⏸️ 保持图像置信度权重: 参数变化=0.00e+00, 残差变化=0.00e+00
2025-08-25 02:32:04,212 - DEBUG - 状态已保存: 参数=[0.08921678 0.01263056 0.60460506 0.01808547], 残差范数=0.042667
2025-08-25 02:32:04,212 - DEBUG - 🔍 获取visibility信息: 形状=(21,), 范围=[1.000, 1.000]
2025-08-25 02:32:04,212 - DEBUG - 🔧 设置图像置信度权重: 21个点
2025-08-25 02:32:04,212 - DEBUG - 🔍 开始计算权重矩阵:
2025-08-25 02:32:04,212 - DEBUG -    点类型: ['pupil_center', 'iris_boundaries', 'iris_boundaries', 'iris_boundaries', 'iris_boundaries', 'eye_contours', 'eye_contours', 'eye_contours', 'eye_contours', 'eye_contours', 'eye_contours', 'eye_contours', 'eye_contours', 'eye_contours', 'eye_contours', 'eye_contours', 'eye_contours', 'eye_contours', 'eye_contours', 'eye_contours', 'eye_contours']
2025-08-25 02:32:04,212 - DEBUG -    残差向量: 形状=(21,), 范数=0.042667
2025-08-25 02:32:04,212 - DEBUG -    Visibility: 形状=(21,), 均值=1.000
2025-08-25 02:32:04,212 - WARNING - ⚠️ 权重管理器：没有启用几何权重，使用默认全1权重
2025-08-25 02:32:04,212 - WARNING - ⚠️ 权重管理器：没有启用几何权重，使用默认全1权重
2025-08-25 02:32:04,212 - WARNING - ⚠️ 权重管理器：没有启用几何权重，使用默认全1权重
2025-08-25 02:32:04,212 - WARNING - ⚠️ 权重管理器：没有启用几何权重，使用默认全1权重
2025-08-25 02:32:04,212 - WARNING - ⚠️ 权重管理器：没有启用几何权重，使用默认全1权重
2025-08-25 02:32:04,212 - WARNING - ⚠️ 权重管理器：没有启用几何权重，使用默认全1权重
2025-08-25 02:32:04,212 - WARNING - ⚠️ 权重管理器：没有启用几何权重，使用默认全1权重
2025-08-25 02:32:04,212 - WARNING - ⚠️ 权重管理器：没有启用几何权重，使用默认全1权重
2025-08-25 02:32:04,212 - WARNING - ⚠️ 权重管理器：没有启用几何权重，使用默认全1权重
2025-08-25 02:32:04,212 - WARNING - ⚠️ 权重管理器：没有启用几何权重，使用默认全1权重
2025-08-25 02:32:04,212 - WARNING - ⚠️ 权重管理器：没有启用几何权重，使用默认全1权重
2025-08-25 02:32:04,212 - WARNING - ⚠️ 权重管理器：没有启用几何权重，使用默认全1权重
2025-08-25 02:32:04,212 - WARNING - ⚠️ 权重管理器：没有启用几何权重，使用默认全1权重
2025-08-25 02:32:04,212 - WARNING - ⚠️ 权重管理器：没有启用几何权重，使用默认全1权重
2025-08-25 02:32:04,212 - WARNING - ⚠️ 权重管理器：没有启用几何权重，使用默认全1权重
2025-08-25 02:32:04,212 - WARNING - ⚠️ 权重管理器：没有启用几何权重，使用默认全1权重
2025-08-25 02:32:04,212 - WARNING - ⚠️ 权重管理器：没有启用几何权重，使用默认全1权重
2025-08-25 02:32:04,212 - WARNING - ⚠️ 权重管理器：没有启用几何权重，使用默认全1权重
2025-08-25 02:32:04,212 - WARNING - ⚠️ 权重管理器：没有启用几何权重，使用默认全1权重
2025-08-25 02:32:04,212 - WARNING - ⚠️ 权重管理器：没有启用几何权重，使用默认全1权重
2025-08-25 02:32:04,212 - WARNING - ⚠️ 权重管理器：没有启用几何权重，使用默认全1权重
2025-08-25 02:32:04,212 - DEBUG - 🔍 权重矩阵计算成功: 形状=(21, 21)
2025-08-25 02:32:04,212 - DEBUG - 🔍 几何权重统计:
2025-08-25 02:32:04,212 - DEBUG -    权重向量: [[1.]
 [1.]
 [1.]
 [1.]
 [1.]
 [1.]
 [1.]
 [1.]
 [1.]
 [1.]
 [1.]
 [1.]
 [1.]
 [1.]
 [1.]
 [1.]
 [1.]
 [1.]
 [1.]
 [1.]
 [1.]]
2025-08-25 02:32:04,212 - DEBUG -    权重范围: [1.000000, 1.000000]
2025-08-25 02:32:04,212 - DEBUG -    权重均值: 1.000000
2025-08-25 02:32:04,220 - DEBUG -    权重标准差: 0.000000
2025-08-25 02:32:04,220 - DEBUG -    高权重点(>0.8): 21/21
2025-08-25 02:32:04,220 - DEBUG -    低权重点(<0.2): 0/21
2025-08-25 02:32:04,221 - INFO - -----------------------------------------------------------------------------------
2025-08-25 02:32:04,221 - DEBUG - 🔍 开始求解LM更新方程:
2025-08-25 02:32:04,221 - DEBUG -    数据残差: 形状=(21,), 范数=0.042667
2025-08-25 02:32:04,221 - DEBUG -    约束残差: 形状=(1,), 范数=0.000100
2025-08-25 02:32:04,221 - DEBUG - 🔍 计算数据残差雅可比矩阵 J_f: 形状=(21, 4)
2025-08-25 02:32:04,221 - DEBUG - 🔍 J_f矩阵计算完成: 条件数=1.71e+01
2025-08-25 02:32:04,221 - DEBUG - 🔍 深度约束雅可比计算: u=-2.249259, σ=0.095413, J_h=[[ 0.          0.         -0.09541341  0.        ]]
2025-08-25 02:32:04,221 - DEBUG - 🔍 半径先验雅可比: J_r=[[0. 0. 0. 1.]]
2025-08-25 02:32:04,221 - DEBUG - 🔍 使用几何权重矩阵: 形状=(21, 21)
2025-08-25 02:32:04,221 - DEBUG - 🔍 Hessian矩阵计算:
2025-08-25 02:32:04,221 - DEBUG -    H_data = J_f^T W J_f: 形状=(4, 4), 条件数=2.92e+02
2025-08-25 02:32:04,221 - DEBUG -    H_h = λ_depth J_h^T J_h: 形状=(4, 4), λ_depth=1000.0
2025-08-25 02:32:04,221 - DEBUG -    H_r = λ_radius J_r^T J_r: 形状=(4, 4), λ_radius=1.0
2025-08-25 02:32:04,221 - DEBUG -    H_total: 形状=(4, 4), 条件数=6.11e+01
2025-08-25 02:32:04,221 - DEBUG - 🔍 梯度计算:
2025-08-25 02:32:04,221 - DEBUG -    g_data: 形状=(4,), 范数=0.111936
2025-08-25 02:32:04,221 - DEBUG -    g_h: 形状=(4,), 范数=0.009568
2025-08-25 02:32:04,225 - DEBUG -    g_r: 形状=(4,), 范数=0.006085
2025-08-25 02:32:04,225 - DEBUG -    g_total: 形状=(4,), 范数=0.108613
2025-08-25 02:32:04,225 - DEBUG - 🔍 LM阻尼矩阵: H_lm = H_total + 1000.0 * I
2025-08-25 02:32:04,225 - DEBUG -    H_lm条件数: 1.04e+00
2025-08-25 02:32:04,225 - DEBUG - 🔍 线性方程组求解成功:
2025-08-25 02:32:04,225 - DEBUG -    参数更新向量 Δθ: [[-8.63336921e-05]
 [-1.23073658e-05]
 [ 7.17967104e-06]
 [ 5.92271585e-05]]
2025-08-25 02:32:04,225 - DEBUG -    更新向量范数: 0.000106
2025-08-25 02:32:04,225 - DEBUG -    各分量更新: Δc_x=-0.000086, Δc_y=-0.000012, Δc_z=0.000007, Δr=0.000059
2025-08-25 02:32:04,225 - DEBUG -    参数更新:
2025-08-25 02:32:04,225 - DEBUG -      旧参数: [[0.08921678]
 [0.01263056]
 [0.60460506]
 [0.01808547]]
2025-08-25 02:32:04,225 - DEBUG -      更新向量: [[-8.63336921e-05]
 [-1.23073658e-05]
 [ 7.17967104e-06]
 [ 5.92271585e-05]]
2025-08-25 02:32:04,229 - DEBUG -      新参数: [[0.08913045]
 [0.01261826]
 [0.60461224]
 [0.01814469]]
2025-08-25 02:32:04,229 - INFO - -----------------------------------------------------------------------------------
2025-08-25 02:32:04,229 - INFO - 🔍 迭代第12次，球心向右0.086334mm，向上0.012307mm，向后0.007180mm，半径变大0.059227mm
2025-08-25 02:32:04,229 - INFO - 📊 变化前: 中心(0.089, 0.013, 0.605), 半径18.09mm
2025-08-25 02:32:04,229 - INFO - 📊 变化后: 中心(0.089, 0.013, 0.605), 半径18.14mm
2025-08-25 02:32:04,229 - INFO - 📈 变化量: 中心移动0.09mm, 半径变化0.06mm
2025-08-25 02:32:04,229 - INFO - 📍 眼球中心: [0.08921678 0.01263056 0.60460506]
2025-08-25 02:32:04,229 - INFO - 📏 眼球半径: 18.09mm
2025-08-25 02:32:04,229 - INFO - 👁️ 瞳孔中心: [0.10133334 0.02266667 0.60000002]
2025-08-25 02:32:04,229 - INFO - 📐 眼球中心在瞳孔中心的左12.12mm，上10.04mm，后4.61mm
2025-08-25 02:32:04,229 - INFO - 📏 距离: 16.39mm
2025-08-25 02:32:04,229 - INFO - -----------------------------------------------------------------------------------
2025-08-25 02:32:04,229 - INFO - -----------------------------------------------------------------------------------
2025-08-25 02:32:04,229 - DEBUG - 🔍 参数有效性检查:
2025-08-25 02:32:04,229 - DEBUG -    参数向量: [[0.08913045]
 [0.01261826]
 [0.60461224]
 [0.01814469]]
2025-08-25 02:32:04,229 - DEBUG -    球心: [0.08913045 0.01261826 0.60461224]
2025-08-25 02:32:04,229 - DEBUG -    半径: 0.018145
2025-08-25 02:32:04,229 - DEBUG - 🔍 函数值计算详情:
2025-08-25 02:32:04,229 - DEBUG -    数据项 F(θ): 0.000910
2025-08-25 02:32:04,229 - DEBUG -    深度约束项: 0.000005
2025-08-25 02:32:04,229 - DEBUG -    半径先验项: 0.000019
2025-08-25 02:32:04,229 - DEBUG -    总函数值 Φ(θ): 0.000934
2025-08-25 02:32:04,229 - DEBUG -    函数值改善: 0.000000
2025-08-25 02:32:04,229 - DEBUG - 🔍 参数有效: True
2025-08-25 02:32:04,229 - DEBUG -    参数更新成功:
2025-08-25 02:32:04,229 - DEBUG -      新球心: [0.08913045 0.01261826 0.60461224]
2025-08-25 02:32:04,229 - DEBUG -      新半径: 0.018145
2025-08-25 02:32:04,229 - INFO - -----------------------------------------------------------------------------------
2025-08-25 02:32:04,229 - DEBUG - 🔍 LM收敛性检查:
2025-08-25 02:32:04,229 - DEBUG -    当前迭代次数: 12
2025-08-25 02:32:04,229 - DEBUG -    最大迭代次数: 30
2025-08-25 02:32:04,229 - DEBUG -    参数变化: 0.000106
2025-08-25 02:32:04,229 - DEBUG -    参数容忍度: 5e-06
2025-08-25 02:32:04,229 - DEBUG -    残差变化: 0.000000
2025-08-25 02:32:04,229 - DEBUG -    残差容忍度: 5e-06
2025-08-25 02:32:04,229 - DEBUG - 🔍 迭代 14/30:
2025-08-25 02:32:04,229 - DEBUG - 🔍 计算点到球心距离: 形状=(21,)
2025-08-25 02:32:04,229 - DEBUG - 🔍 生理偏差向量计算:
2025-08-25 02:32:04,229 - DEBUG -    点类型列表: ['pupil_center', 'iris_boundaries', 'iris_boundaries', 'iris_boundaries', 'iris_boundaries', 'eye_contours', 'eye_contours', 'eye_contours', 'eye_contours', 'eye_contours', 'eye_contours', 'eye_contours', 'eye_contours', 'eye_contours', 'eye_contours', 'eye_contours', 'eye_contours', 'eye_contours', 'eye_contours', 'eye_contours', 'eye_contours']
2025-08-25 02:32:04,229 - DEBUG -    偏差向量: [0.0002  0.00085 0.00085 0.00085 0.00085 0.0015  0.0015  0.0015  0.0015
 0.0015  0.0015  0.0015  0.0015  0.0015  0.0015  0.0015  0.0015  0.0015
 0.0015  0.0015  0.0015 ]
2025-08-25 02:32:04,237 - DEBUG -    向量形状: (21,)
2025-08-25 02:32:04,237 - DEBUG -    偏差统计: 均值=0.001314, 标准差=0.000356
2025-08-25 02:32:04,237 - DEBUG - 获取生理偏差: 点类型=['pupil_center', 'iris_boundaries', 'iris_boundaries', 'iris_boundaries', 'iris_boundaries', 'eye_contours', 'eye_contours', 'eye_contours', 'eye_contours', 'eye_contours', 'eye_contours', 'eye_contours', 'eye_contours', 'eye_contours', 'eye_contours', 'eye_contours', 'eye_contours', 'eye_contours', 'eye_contours', 'eye_contours', 'eye_contours'], 偏差值=[0.0002  0.00085 0.00085 0.00085 0.00085 0.0015  0.0015  0.0015  0.0015
 0.0015  0.0015  0.0015  0.0015  0.0015  0.0015  0.0015  0.0015  0.0015
 0.0015  0.0015  0.0015 ]
2025-08-25 02:32:04,237 - INFO - -----------------------------------------------------------------------------------
2025-08-25 02:32:04,237 - DEBUG - 🔍 拟合残差计算详情:
2025-08-25 02:32:04,237 - DEBUG -    球心坐标: [0.08913045 0.01261826 0.60461224]
2025-08-25 02:32:04,237 - DEBUG -    球体半径: 0.018145
2025-08-25 02:32:04,237 - DEBUG -    采样点数: 21
2025-08-25 02:32:04,237 - DEBUG -    点类型分布: {'eye_contours': 16, 'iris_boundaries': 4, 'pupil_center': 1}
2025-08-25 02:32:04,237 - DEBUG -    理论距离向量: [0.01834469 0.01899469 0.01899469 0.01899469 0.01899469 0.01964469
 0.01964469 0.01964469 0.01964469 0.01964469 0.01964469 0.01964469
 0.01964469 0.01964469 0.01964469 0.01964469 0.01964469 0.01964469
 0.01964469 0.01964469 0.01964469]
2025-08-25 02:32:04,237 - DEBUG -    实际距离向量: [0.01646674 0.025767   0.0137198  0.01195816 0.02374198 0.0178201
 0.01417428 0.00896231 0.01123053 0.01865291 0.0269183  0.03248205
 0.03587274 0.03877569 0.03624455 0.03362187 0.02998157 0.02471583
 0.02011555 0.01742692 0.01768104]
2025-08-25 02:32:04,237 - DEBUG -    生理偏差向量: [0.0002  0.00085 0.00085 0.00085 0.00085 0.0015  0.0015  0.0015  0.0015
 0.0015  0.0015  0.0015  0.0015  0.0015  0.0015  0.0015  0.0015  0.0015
 0.0015  0.0015  0.0015 ]
2025-08-25 02:32:04,237 - DEBUG -    残差向量 f(θ): 
[[-0.00187795]
 [ 0.0067723 ]
 [-0.00527489]
 [-0.00703653]
 [ 0.00474729]
 [-0.00182459]
 [-0.00547041]
 [-0.01068238]
 [-0.00841416]
 [-0.00099179]
 [ 0.0072736 ]
 [ 0.01283736]
 [ 0.01622805]
 [ 0.019131  ]
 [ 0.01659986]
 [ 0.01397718]
 [ 0.01033688]
 [ 0.00507114]
 [ 0.00047085]
 [-0.00221777]
 [-0.00196365]]
2025-08-25 02:32:04,237 - DEBUG -    平均残差范数: 0.002036
2025-08-25 02:32:04,237 - DEBUG -    残差范数=0.042754
2025-08-25 02:32:04,237 - INFO - -----------------------------------------------------------------------------------
2025-08-25 02:32:04,237 - DEBUG - 🔍 深度约束计算详情 (softplus):
2025-08-25 02:32:04,237 - DEBUG -    采样点Z坐标范围: [0.600000, 0.602156]
2025-08-25 02:32:04,237 - DEBUG -    球心Z坐标: 0.604612
2025-08-25 02:32:04,237 - DEBUG -    深度偏移ε: 0.000200
2025-08-25 02:32:04,237 - DEBUG -    softplus参数τ: 0.001000
2025-08-25 02:32:04,237 - DEBUG -    原始违反值: -0.002256
2025-08-25 02:32:04,237 - DEBUG -    softplus输入 u: -2.256439
2025-08-25 02:32:04,237 - DEBUG -    约束惩罚 h(θ): 0.000100
2025-08-25 02:32:04,237 - DEBUG -    🟢 深度约束满足: 球心深度足够
2025-08-25 02:32:04,237 - INFO - -----------------------------------------------------------------------------------
2025-08-25 02:32:04,237 - DEBUG - 🔍 半径惩罚计算详情:
2025-08-25 02:32:04,237 - DEBUG -    当前半径: 0.018145
2025-08-25 02:32:04,237 - DEBUG -    半径先验值: 0.012000
2025-08-25 02:32:04,237 - DEBUG -    半径残差 r(θ): 0.006145
2025-08-25 02:32:04,237 - DEBUG -    数据残差 f(θ): [[-0.00187795]
 [ 0.0067723 ]
 [-0.00527489]
 [-0.00703653]
 [ 0.00474729]
 [-0.00182459]
 [-0.00547041]
 [-0.01068238]
 [-0.00841416]
 [-0.00099179]
 [ 0.0072736 ]
 [ 0.01283736]
 [ 0.01622805]
 [ 0.019131  ]
 [ 0.01659986]
 [ 0.01397718]
 [ 0.01033688]
 [ 0.00507114]
 [ 0.00047085]
 [-0.00221777]
 [-0.00196365]]
2025-08-25 02:32:04,237 - DEBUG -    约束残差 g(θ): [[9.95944329e-05]]
2025-08-25 02:32:04,237 - DEBUG -    半径残差 r(θ): [[0.00614469]]
2025-08-25 02:32:04,245 - DEBUG - 🔍 状态变化计算: 参数变化=0.000106, 残差变化=0.000088
2025-08-25 02:32:04,245 - INFO - -----------------------------------------------------------------------------------
2025-08-25 02:32:04,245 - DEBUG - 🔍 权重管理器状态更新详情:
2025-08-25 02:32:04,245 - DEBUG -    当前迭代: 13
2025-08-25 02:32:04,245 - DEBUG -    参数变化: 0.000106 (阈值: 0.000005)
2025-08-25 02:32:04,245 - DEBUG -    残差变化: 0.000088 (阈值: 0.000005)
2025-08-25 02:32:04,245 - DEBUG -    几何权重因子: 10
2025-08-25 02:32:04,245 - DEBUG - ⏸️ 保持图像置信度权重: 参数变化=1.06e-04, 残差变化=8.77e-05
2025-08-25 02:32:04,245 - DEBUG - 状态已保存: 参数=[0.08913045 0.01261826 0.60461224 0.01814469], 残差范数=0.042754
2025-08-25 02:32:04,245 - DEBUG - 🔍 获取visibility信息: 形状=(21,), 范围=[1.000, 1.000]
2025-08-25 02:32:04,245 - DEBUG - 🔧 设置图像置信度权重: 21个点
2025-08-25 02:32:04,245 - DEBUG - 🔍 开始计算权重矩阵:
2025-08-25 02:32:04,245 - DEBUG -    点类型: ['pupil_center', 'iris_boundaries', 'iris_boundaries', 'iris_boundaries', 'iris_boundaries', 'eye_contours', 'eye_contours', 'eye_contours', 'eye_contours', 'eye_contours', 'eye_contours', 'eye_contours', 'eye_contours', 'eye_contours', 'eye_contours', 'eye_contours', 'eye_contours', 'eye_contours', 'eye_contours', 'eye_contours', 'eye_contours']
2025-08-25 02:32:04,245 - DEBUG -    残差向量: 形状=(21,), 范数=0.042754
2025-08-25 02:32:04,245 - DEBUG -    Visibility: 形状=(21,), 均值=1.000
2025-08-25 02:32:04,245 - WARNING - ⚠️ 权重管理器：没有启用几何权重，使用默认全1权重
2025-08-25 02:32:04,245 - WARNING - ⚠️ 权重管理器：没有启用几何权重，使用默认全1权重
2025-08-25 02:32:04,245 - WARNING - ⚠️ 权重管理器：没有启用几何权重，使用默认全1权重
2025-08-25 02:32:04,245 - WARNING - ⚠️ 权重管理器：没有启用几何权重，使用默认全1权重
2025-08-25 02:32:04,245 - WARNING - ⚠️ 权重管理器：没有启用几何权重，使用默认全1权重
2025-08-25 02:32:04,245 - WARNING - ⚠️ 权重管理器：没有启用几何权重，使用默认全1权重
2025-08-25 02:32:04,245 - WARNING - ⚠️ 权重管理器：没有启用几何权重，使用默认全1权重
2025-08-25 02:32:04,245 - WARNING - ⚠️ 权重管理器：没有启用几何权重，使用默认全1权重
2025-08-25 02:32:04,245 - WARNING - ⚠️ 权重管理器：没有启用几何权重，使用默认全1权重
2025-08-25 02:32:04,245 - WARNING - ⚠️ 权重管理器：没有启用几何权重，使用默认全1权重
2025-08-25 02:32:04,245 - WARNING - ⚠️ 权重管理器：没有启用几何权重，使用默认全1权重
2025-08-25 02:32:04,245 - WARNING - ⚠️ 权重管理器：没有启用几何权重，使用默认全1权重
2025-08-25 02:32:04,245 - WARNING - ⚠️ 权重管理器：没有启用几何权重，使用默认全1权重
2025-08-25 02:32:04,245 - WARNING - ⚠️ 权重管理器：没有启用几何权重，使用默认全1权重
2025-08-25 02:32:04,245 - WARNING - ⚠️ 权重管理器：没有启用几何权重，使用默认全1权重
2025-08-25 02:32:04,245 - WARNING - ⚠️ 权重管理器：没有启用几何权重，使用默认全1权重
2025-08-25 02:32:04,245 - WARNING - ⚠️ 权重管理器：没有启用几何权重，使用默认全1权重
2025-08-25 02:32:04,245 - WARNING - ⚠️ 权重管理器：没有启用几何权重，使用默认全1权重
2025-08-25 02:32:04,245 - WARNING - ⚠️ 权重管理器：没有启用几何权重，使用默认全1权重
2025-08-25 02:32:04,245 - WARNING - ⚠️ 权重管理器：没有启用几何权重，使用默认全1权重
2025-08-25 02:32:04,245 - WARNING - ⚠️ 权重管理器：没有启用几何权重，使用默认全1权重
2025-08-25 02:32:04,245 - DEBUG - 🔍 权重矩阵计算成功: 形状=(21, 21)
2025-08-25 02:32:04,245 - DEBUG - 🔍 几何权重统计:
2025-08-25 02:32:04,245 - DEBUG -    权重向量: [[1.]
 [1.]
 [1.]
 [1.]
 [1.]
 [1.]
 [1.]
 [1.]
 [1.]
 [1.]
 [1.]
 [1.]
 [1.]
 [1.]
 [1.]
 [1.]
 [1.]
 [1.]
 [1.]
 [1.]
 [1.]]
2025-08-25 02:32:04,253 - DEBUG -    权重范围: [1.000000, 1.000000]
2025-08-25 02:32:04,253 - DEBUG -    权重均值: 1.000000
2025-08-25 02:32:04,253 - DEBUG -    权重标准差: 0.000000
2025-08-25 02:32:04,253 - DEBUG -    高权重点(>0.8): 21/21
2025-08-25 02:32:04,253 - DEBUG -    低权重点(<0.2): 0/21
2025-08-25 02:32:04,253 - INFO - -----------------------------------------------------------------------------------
2025-08-25 02:32:04,253 - DEBUG - 🔍 开始求解LM更新方程:
2025-08-25 02:32:04,253 - DEBUG -    数据残差: 形状=(21,), 范数=0.042754
2025-08-25 02:32:04,253 - DEBUG -    约束残差: 形状=(1,), 范数=0.000100
2025-08-25 02:32:04,253 - DEBUG - 🔍 计算数据残差雅可比矩阵 J_f: 形状=(21, 4)
2025-08-25 02:32:04,253 - DEBUG - 🔍 J_f矩阵计算完成: 条件数=1.72e+01
2025-08-25 02:32:04,253 - DEBUG - 🔍 深度约束雅可比计算: u=-2.256439, σ=0.094796, J_h=[[ 0.          0.         -0.09479554  0.        ]]
2025-08-25 02:32:04,253 - DEBUG - 🔍 半径先验雅可比: J_r=[[0. 0. 0. 1.]]
2025-08-25 02:32:04,253 - DEBUG - 🔍 使用几何权重矩阵: 形状=(21, 21)
2025-08-25 02:32:04,253 - DEBUG - 🔍 Hessian矩阵计算:
2025-08-25 02:32:04,253 - DEBUG -    H_data = J_f^T W J_f: 形状=(4, 4), 条件数=2.95e+02
2025-08-25 02:32:04,253 - DEBUG -    H_h = λ_depth J_h^T J_h: 形状=(4, 4), λ_depth=1000.0
2025-08-25 02:32:04,253 - DEBUG -    H_r = λ_radius J_r^T J_r: 形状=(4, 4), λ_radius=1.0
2025-08-25 02:32:04,253 - DEBUG -    H_total: 形状=(4, 4), 条件数=6.13e+01
2025-08-25 02:32:04,253 - DEBUG - 🔍 梯度计算:
2025-08-25 02:32:04,253 - DEBUG -    g_data: 形状=(4,), 范数=0.111988
2025-08-25 02:32:04,253 - DEBUG -    g_h: 形状=(4,), 范数=0.009441
2025-08-25 02:32:04,253 - DEBUG -    g_r: 形状=(4,), 范数=0.006145
2025-08-25 02:32:04,253 - DEBUG -    g_total: 形状=(4,), 范数=0.108627
2025-08-25 02:32:04,253 - DEBUG - 🔍 LM阻尼矩阵: H_lm = H_total + 1000.0 * I
2025-08-25 02:32:04,253 - DEBUG -    H_lm条件数: 1.04e+00
2025-08-25 02:32:04,253 - DEBUG - 🔍 线性方程组求解成功:
2025-08-25 02:32:04,253 - DEBUG -    参数更新向量 Δθ: [[-8.65032632e-05]
 [-1.20287823e-05]
 [ 7.02522951e-06]
 [ 5.90860921e-05]]
2025-08-25 02:32:04,253 - DEBUG -    更新向量范数: 0.000106
2025-08-25 02:32:04,261 - DEBUG -    各分量更新: Δc_x=-0.000087, Δc_y=-0.000012, Δc_z=0.000007, Δr=0.000059
2025-08-25 02:32:04,261 - DEBUG -    参数更新:
2025-08-25 02:32:04,261 - DEBUG -      旧参数: [[0.08913045]
 [0.01261826]
 [0.60461224]
 [0.01814469]]
2025-08-25 02:32:04,261 - DEBUG -      更新向量: [[-8.65032632e-05]
 [-1.20287823e-05]
 [ 7.02522951e-06]
 [ 5.90860921e-05]]
2025-08-25 02:32:04,261 - DEBUG -      新参数: [[0.08904395]
 [0.01260623]
 [0.60461927]
 [0.01820378]]
2025-08-25 02:32:04,261 - INFO - -----------------------------------------------------------------------------------
2025-08-25 02:32:04,261 - INFO - 🔍 迭代第13次，球心向右0.086503mm，向上0.012029mm，向后0.007025mm，半径变大0.059086mm
2025-08-25 02:32:04,261 - INFO - 📊 变化前: 中心(0.089, 0.013, 0.605), 半径18.14mm
2025-08-25 02:32:04,261 - INFO - 📊 变化后: 中心(0.089, 0.013, 0.605), 半径18.20mm
2025-08-25 02:32:04,261 - INFO - 📈 变化量: 中心移动0.09mm, 半径变化0.06mm
2025-08-25 02:32:04,261 - INFO - 📍 眼球中心: [0.08913045 0.01261826 0.60461224]
2025-08-25 02:32:04,261 - INFO - 📏 眼球半径: 18.14mm
2025-08-25 02:32:04,261 - INFO - 👁️ 瞳孔中心: [0.10133334 0.02266667 0.60000002]
2025-08-25 02:32:04,261 - INFO - 📐 眼球中心在瞳孔中心的左12.20mm，上10.05mm，后4.61mm
2025-08-25 02:32:04,261 - INFO - 📏 距离: 16.47mm
2025-08-25 02:32:04,261 - INFO - -----------------------------------------------------------------------------------
2025-08-25 02:32:04,261 - INFO - -----------------------------------------------------------------------------------
2025-08-25 02:32:04,261 - DEBUG - 🔍 参数有效性检查:
2025-08-25 02:32:04,261 - DEBUG -    参数向量: [[0.08904395]
 [0.01260623]
 [0.60461927]
 [0.01820378]]
2025-08-25 02:32:04,261 - DEBUG -    球心: [0.08904395 0.01260623 0.60461927]
2025-08-25 02:32:04,261 - DEBUG -    半径: 0.018204
2025-08-25 02:32:04,261 - DEBUG - 🔍 函数值计算详情:
2025-08-25 02:32:04,261 - DEBUG -    数据项 F(θ): 0.000914
2025-08-25 02:32:04,261 - DEBUG -    深度约束项: 0.000005
2025-08-25 02:32:04,261 - DEBUG -    半径先验项: 0.000019
2025-08-25 02:32:04,261 - DEBUG -    总函数值 Φ(θ): 0.000938
2025-08-25 02:32:04,261 - DEBUG -    函数值改善: -0.000004
2025-08-25 02:32:04,261 - DEBUG - 🔍 参数有效: False
2025-08-25 02:32:04,261 - DEBUG -    参数无效，阻尼因子调整: λ_LM = 1.00e+04
2025-08-25 02:32:04,261 - DEBUG - 🔍 迭代 15/30:
2025-08-25 02:32:04,261 - DEBUG - 🔍 计算点到球心距离: 形状=(21,)
2025-08-25 02:32:04,261 - DEBUG - 🔍 生理偏差向量计算:
2025-08-25 02:32:04,261 - DEBUG -    点类型列表: ['pupil_center', 'iris_boundaries', 'iris_boundaries', 'iris_boundaries', 'iris_boundaries', 'eye_contours', 'eye_contours', 'eye_contours', 'eye_contours', 'eye_contours', 'eye_contours', 'eye_contours', 'eye_contours', 'eye_contours', 'eye_contours', 'eye_contours', 'eye_contours', 'eye_contours', 'eye_contours', 'eye_contours', 'eye_contours']
2025-08-25 02:32:04,261 - DEBUG -    偏差向量: [0.0002  0.00085 0.00085 0.00085 0.00085 0.0015  0.0015  0.0015  0.0015
 0.0015  0.0015  0.0015  0.0015  0.0015  0.0015  0.0015  0.0015  0.0015
 0.0015  0.0015  0.0015 ]
2025-08-25 02:32:04,261 - DEBUG -    向量形状: (21,)
2025-08-25 02:32:04,261 - DEBUG -    偏差统计: 均值=0.001314, 标准差=0.000356
2025-08-25 02:32:04,269 - DEBUG - 获取生理偏差: 点类型=['pupil_center', 'iris_boundaries', 'iris_boundaries', 'iris_boundaries', 'iris_boundaries', 'eye_contours', 'eye_contours', 'eye_contours', 'eye_contours', 'eye_contours', 'eye_contours', 'eye_contours', 'eye_contours', 'eye_contours', 'eye_contours', 'eye_contours', 'eye_contours', 'eye_contours', 'eye_contours', 'eye_contours', 'eye_contours'], 偏差值=[0.0002  0.00085 0.00085 0.00085 0.00085 0.0015  0.0015  0.0015  0.0015
 0.0015  0.0015  0.0015  0.0015  0.0015  0.0015  0.0015  0.0015  0.0015
 0.0015  0.0015  0.0015 ]
2025-08-25 02:32:04,269 - INFO - -----------------------------------------------------------------------------------
2025-08-25 02:32:04,269 - DEBUG - 🔍 拟合残差计算详情:
2025-08-25 02:32:04,269 - DEBUG -    球心坐标: [0.08913045 0.01261826 0.60461224]
2025-08-25 02:32:04,269 - DEBUG -    球体半径: 0.018145
2025-08-25 02:32:04,269 - DEBUG -    采样点数: 21
2025-08-25 02:32:04,269 - DEBUG -    点类型分布: {'eye_contours': 16, 'iris_boundaries': 4, 'pupil_center': 1}
2025-08-25 02:32:04,269 - DEBUG -    理论距离向量: [0.01834469 0.01899469 0.01899469 0.01899469 0.01899469 0.01964469
 0.01964469 0.01964469 0.01964469 0.01964469 0.01964469 0.01964469
 0.01964469 0.01964469 0.01964469 0.01964469 0.01964469 0.01964469
 0.01964469 0.01964469 0.01964469]
2025-08-25 02:32:04,269 - DEBUG -    实际距离向量: [0.01646674 0.025767   0.0137198  0.01195816 0.02374198 0.0178201
 0.01417428 0.00896231 0.01123053 0.01865291 0.0269183  0.03248205
 0.03587274 0.03877569 0.03624455 0.03362187 0.02998157 0.02471583
 0.02011555 0.01742692 0.01768104]
2025-08-25 02:32:04,269 - DEBUG -    生理偏差向量: [0.0002  0.00085 0.00085 0.00085 0.00085 0.0015  0.0015  0.0015  0.0015
 0.0015  0.0015  0.0015  0.0015  0.0015  0.0015  0.0015  0.0015  0.0015
 0.0015  0.0015  0.0015 ]
2025-08-25 02:32:04,269 - DEBUG -    残差向量 f(θ): 
[[-0.00187795]
 [ 0.0067723 ]
 [-0.00527489]
 [-0.00703653]
 [ 0.00474729]
 [-0.00182459]
 [-0.00547041]
 [-0.01068238]
 [-0.00841416]
 [-0.00099179]
 [ 0.0072736 ]
 [ 0.01283736]
 [ 0.01622805]
 [ 0.019131  ]
 [ 0.01659986]
 [ 0.01397718]
 [ 0.01033688]
 [ 0.00507114]
 [ 0.00047085]
 [-0.00221777]
 [-0.00196365]]
2025-08-25 02:32:04,269 - DEBUG -    平均残差范数: 0.002036
2025-08-25 02:32:04,269 - DEBUG -    残差范数=0.042754
2025-08-25 02:32:04,269 - INFO - -----------------------------------------------------------------------------------
2025-08-25 02:32:04,269 - DEBUG - 🔍 深度约束计算详情 (softplus):
2025-08-25 02:32:04,269 - DEBUG -    采样点Z坐标范围: [0.600000, 0.602156]
2025-08-25 02:32:04,269 - DEBUG -    球心Z坐标: 0.604612
2025-08-25 02:32:04,269 - DEBUG -    深度偏移ε: 0.000200
2025-08-25 02:32:04,269 - DEBUG -    softplus参数τ: 0.001000
2025-08-25 02:32:04,269 - DEBUG -    原始违反值: -0.002256
2025-08-25 02:32:04,269 - DEBUG -    softplus输入 u: -2.256439
2025-08-25 02:32:04,269 - DEBUG -    约束惩罚 h(θ): 0.000100
2025-08-25 02:32:04,269 - DEBUG -    🟢 深度约束满足: 球心深度足够
2025-08-25 02:32:04,269 - INFO - -----------------------------------------------------------------------------------
2025-08-25 02:32:04,269 - DEBUG - 🔍 半径惩罚计算详情:
2025-08-25 02:32:04,269 - DEBUG -    当前半径: 0.018145
2025-08-25 02:32:04,269 - DEBUG -    半径先验值: 0.012000
2025-08-25 02:32:04,269 - DEBUG -    半径残差 r(θ): 0.006145
2025-08-25 02:32:04,269 - DEBUG -    数据残差 f(θ): [[-0.00187795]
 [ 0.0067723 ]
 [-0.00527489]
 [-0.00703653]
 [ 0.00474729]
 [-0.00182459]
 [-0.00547041]
 [-0.01068238]
 [-0.00841416]
 [-0.00099179]
 [ 0.0072736 ]
 [ 0.01283736]
 [ 0.01622805]
 [ 0.019131  ]
 [ 0.01659986]
 [ 0.01397718]
 [ 0.01033688]
 [ 0.00507114]
 [ 0.00047085]
 [-0.00221777]
 [-0.00196365]]
2025-08-25 02:32:04,269 - DEBUG -    约束残差 g(θ): [[9.95944329e-05]]
2025-08-25 02:32:04,269 - DEBUG -    半径残差 r(θ): [[0.00614469]]
2025-08-25 02:32:04,269 - DEBUG - 🔍 状态变化计算: 参数变化=0.000000, 残差变化=0.000000
2025-08-25 02:32:04,269 - INFO - -----------------------------------------------------------------------------------
2025-08-25 02:32:04,277 - DEBUG - 🔍 权重管理器状态更新详情:
2025-08-25 02:32:04,277 - DEBUG -    当前迭代: 14
2025-08-25 02:32:04,277 - DEBUG -    参数变化: 0.000000 (阈值: 0.000005)
2025-08-25 02:32:04,277 - DEBUG -    残差变化: 0.000000 (阈值: 0.000005)
2025-08-25 02:32:04,277 - DEBUG -    几何权重因子: 10
2025-08-25 02:32:04,277 - DEBUG - ⏸️ 保持图像置信度权重: 参数变化=0.00e+00, 残差变化=0.00e+00
2025-08-25 02:32:04,277 - DEBUG - 状态已保存: 参数=[0.08913045 0.01261826 0.60461224 0.01814469], 残差范数=0.042754
2025-08-25 02:32:04,277 - DEBUG - 🔍 获取visibility信息: 形状=(21,), 范围=[1.000, 1.000]
2025-08-25 02:32:04,277 - DEBUG - 🔧 设置图像置信度权重: 21个点
2025-08-25 02:32:04,277 - DEBUG - 🔍 开始计算权重矩阵:
2025-08-25 02:32:04,277 - DEBUG -    点类型: ['pupil_center', 'iris_boundaries', 'iris_boundaries', 'iris_boundaries', 'iris_boundaries', 'eye_contours', 'eye_contours', 'eye_contours', 'eye_contours', 'eye_contours', 'eye_contours', 'eye_contours', 'eye_contours', 'eye_contours', 'eye_contours', 'eye_contours', 'eye_contours', 'eye_contours', 'eye_contours', 'eye_contours', 'eye_contours']
2025-08-25 02:32:04,277 - DEBUG -    残差向量: 形状=(21,), 范数=0.042754
2025-08-25 02:32:04,277 - DEBUG -    Visibility: 形状=(21,), 均值=1.000
2025-08-25 02:32:04,277 - WARNING - ⚠️ 权重管理器：没有启用几何权重，使用默认全1权重
2025-08-25 02:32:04,277 - WARNING - ⚠️ 权重管理器：没有启用几何权重，使用默认全1权重
2025-08-25 02:32:04,277 - WARNING - ⚠️ 权重管理器：没有启用几何权重，使用默认全1权重
2025-08-25 02:32:04,277 - WARNING - ⚠️ 权重管理器：没有启用几何权重，使用默认全1权重
2025-08-25 02:32:04,277 - WARNING - ⚠️ 权重管理器：没有启用几何权重，使用默认全1权重
2025-08-25 02:32:04,277 - WARNING - ⚠️ 权重管理器：没有启用几何权重，使用默认全1权重
2025-08-25 02:32:04,277 - WARNING - ⚠️ 权重管理器：没有启用几何权重，使用默认全1权重
2025-08-25 02:32:04,277 - WARNING - ⚠️ 权重管理器：没有启用几何权重，使用默认全1权重
2025-08-25 02:32:04,277 - WARNING - ⚠️ 权重管理器：没有启用几何权重，使用默认全1权重
2025-08-25 02:32:04,277 - WARNING - ⚠️ 权重管理器：没有启用几何权重，使用默认全1权重
2025-08-25 02:32:04,277 - WARNING - ⚠️ 权重管理器：没有启用几何权重，使用默认全1权重
2025-08-25 02:32:04,277 - WARNING - ⚠️ 权重管理器：没有启用几何权重，使用默认全1权重
2025-08-25 02:32:04,277 - WARNING - ⚠️ 权重管理器：没有启用几何权重，使用默认全1权重
2025-08-25 02:32:04,277 - WARNING - ⚠️ 权重管理器：没有启用几何权重，使用默认全1权重
2025-08-25 02:32:04,277 - WARNING - ⚠️ 权重管理器：没有启用几何权重，使用默认全1权重
2025-08-25 02:32:04,277 - WARNING - ⚠️ 权重管理器：没有启用几何权重，使用默认全1权重
2025-08-25 02:32:04,277 - WARNING - ⚠️ 权重管理器：没有启用几何权重，使用默认全1权重
2025-08-25 02:32:04,277 - WARNING - ⚠️ 权重管理器：没有启用几何权重，使用默认全1权重
2025-08-25 02:32:04,277 - WARNING - ⚠️ 权重管理器：没有启用几何权重，使用默认全1权重
2025-08-25 02:32:04,277 - WARNING - ⚠️ 权重管理器：没有启用几何权重，使用默认全1权重
2025-08-25 02:32:04,277 - WARNING - ⚠️ 权重管理器：没有启用几何权重，使用默认全1权重
2025-08-25 02:32:04,277 - DEBUG - 🔍 权重矩阵计算成功: 形状=(21, 21)
2025-08-25 02:32:04,277 - DEBUG - 🔍 几何权重统计:
2025-08-25 02:32:04,277 - DEBUG -    权重向量: [[1.]
 [1.]
 [1.]
 [1.]
 [1.]
 [1.]
 [1.]
 [1.]
 [1.]
 [1.]
 [1.]
 [1.]
 [1.]
 [1.]
 [1.]
 [1.]
 [1.]
 [1.]
 [1.]
 [1.]
 [1.]]
2025-08-25 02:32:04,277 - DEBUG -    权重范围: [1.000000, 1.000000]
2025-08-25 02:32:04,277 - DEBUG -    权重均值: 1.000000
2025-08-25 02:32:04,277 - DEBUG -    权重标准差: 0.000000
2025-08-25 02:32:04,277 - DEBUG -    高权重点(>0.8): 21/21
2025-08-25 02:32:04,277 - DEBUG -    低权重点(<0.2): 0/21
2025-08-25 02:32:04,285 - INFO - -----------------------------------------------------------------------------------
2025-08-25 02:32:04,285 - DEBUG - 🔍 开始求解LM更新方程:
2025-08-25 02:32:04,285 - DEBUG -    数据残差: 形状=(21,), 范数=0.042754
2025-08-25 02:32:04,285 - DEBUG -    约束残差: 形状=(1,), 范数=0.000100
2025-08-25 02:32:04,285 - DEBUG - 🔍 计算数据残差雅可比矩阵 J_f: 形状=(21, 4)
2025-08-25 02:32:04,285 - DEBUG - 🔍 J_f矩阵计算完成: 条件数=1.72e+01
2025-08-25 02:32:04,285 - DEBUG - 🔍 深度约束雅可比计算: u=-2.256439, σ=0.094796, J_h=[[ 0.          0.         -0.09479554  0.        ]]
2025-08-25 02:32:04,285 - DEBUG - 🔍 半径先验雅可比: J_r=[[0. 0. 0. 1.]]
2025-08-25 02:32:04,285 - DEBUG - 🔍 使用几何权重矩阵: 形状=(21, 21)
2025-08-25 02:32:04,285 - DEBUG - 🔍 Hessian矩阵计算:
2025-08-25 02:32:04,285 - DEBUG -    H_data = J_f^T W J_f: 形状=(4, 4), 条件数=2.95e+02
2025-08-25 02:32:04,285 - DEBUG -    H_h = λ_depth J_h^T J_h: 形状=(4, 4), λ_depth=1000.0
2025-08-25 02:32:04,285 - DEBUG -    H_r = λ_radius J_r^T J_r: 形状=(4, 4), λ_radius=1.0
2025-08-25 02:32:04,285 - DEBUG -    H_total: 形状=(4, 4), 条件数=6.13e+01
2025-08-25 02:32:04,285 - DEBUG - 🔍 梯度计算:
2025-08-25 02:32:04,285 - DEBUG -    g_data: 形状=(4,), 范数=0.111988
2025-08-25 02:32:04,285 - DEBUG -    g_h: 形状=(4,), 范数=0.009441
2025-08-25 02:32:04,285 - DEBUG -    g_r: 形状=(4,), 范数=0.006145
2025-08-25 02:32:04,285 - DEBUG -    g_total: 形状=(4,), 范数=0.108627
2025-08-25 02:32:04,285 - DEBUG - 🔍 LM阻尼矩阵: H_lm = H_total + 10000.0 * I
2025-08-25 02:32:04,285 - DEBUG -    H_lm条件数: 1.00e+00
2025-08-25 02:32:04,285 - DEBUG - 🔍 线性方程组求解成功:
2025-08-25 02:32:04,285 - DEBUG -    参数更新向量 Δθ: [[-8.80236457e-06]
 [-1.31586739e-06]
 [ 7.45526687e-07]
 [ 6.12924517e-06]]
2025-08-25 02:32:04,285 - DEBUG -    更新向量范数: 0.000011
2025-08-25 02:32:04,285 - DEBUG -    各分量更新: Δc_x=-0.000009, Δc_y=-0.000001, Δc_z=0.000001, Δr=0.000006
2025-08-25 02:32:04,291 - DEBUG -    参数更新:
2025-08-25 02:32:04,291 - DEBUG -      旧参数: [[0.08913045]
 [0.01261826]
 [0.60461224]
 [0.01814469]]
2025-08-25 02:32:04,291 - DEBUG -      更新向量: [[-8.80236457e-06]
 [-1.31586739e-06]
 [ 7.45526687e-07]
 [ 6.12924517e-06]]
2025-08-25 02:32:04,291 - DEBUG -      新参数: [[0.08912165]
 [0.01261694]
 [0.60461299]
 [0.01815082]]
2025-08-25 02:32:04,291 - INFO - -----------------------------------------------------------------------------------
2025-08-25 02:32:04,291 - INFO - 🔍 迭代第14次，球心向右0.008802mm，向上0.001316mm，向后0.000746mm，半径变大0.006129mm
2025-08-25 02:32:04,291 - INFO - 📊 变化前: 中心(0.089, 0.013, 0.605), 半径18.14mm
2025-08-25 02:32:04,293 - INFO - 📊 变化后: 中心(0.089, 0.013, 0.605), 半径18.15mm
2025-08-25 02:32:04,295 - INFO - 📈 变化量: 中心移动0.01mm, 半径变化0.01mm
2025-08-25 02:32:04,295 - INFO - 📍 眼球中心: [0.08913045 0.01261826 0.60461224]
2025-08-25 02:32:04,295 - INFO - 📏 眼球半径: 18.14mm
2025-08-25 02:32:04,295 - INFO - 👁️ 瞳孔中心: [0.10133334 0.02266667 0.60000002]
2025-08-25 02:32:04,295 - INFO - 📐 眼球中心在瞳孔中心的左12.20mm，上10.05mm，后4.61mm
2025-08-25 02:32:04,295 - INFO - 📏 距离: 16.47mm
2025-08-25 02:32:04,295 - INFO - -----------------------------------------------------------------------------------
2025-08-25 02:32:04,295 - INFO - -----------------------------------------------------------------------------------
2025-08-25 02:32:04,295 - DEBUG - 🔍 参数有效性检查:
2025-08-25 02:32:04,295 - DEBUG -    参数向量: [[0.08912165]
 [0.01261694]
 [0.60461299]
 [0.01815082]]
2025-08-25 02:32:04,295 - DEBUG -    球心: [0.08912165 0.01261694 0.60461299]
2025-08-25 02:32:04,295 - DEBUG -    半径: 0.018151
2025-08-25 02:32:04,295 - DEBUG - 🔍 函数值计算详情:
2025-08-25 02:32:04,295 - DEBUG -    数据项 F(θ): 0.000914
2025-08-25 02:32:04,295 - DEBUG -    深度约束项: 0.000005
2025-08-25 02:32:04,295 - DEBUG -    半径先验项: 0.000019
2025-08-25 02:32:04,295 - DEBUG -    总函数值 Φ(θ): 0.000938
2025-08-25 02:32:04,295 - DEBUG -    函数值改善: 0.000000
2025-08-25 02:32:04,295 - DEBUG - 🔍 参数有效: True
2025-08-25 02:32:04,295 - DEBUG -    参数更新成功:
2025-08-25 02:32:04,295 - DEBUG -      新球心: [0.08912165 0.01261694 0.60461299]
2025-08-25 02:32:04,295 - DEBUG -      新半径: 0.018151
2025-08-25 02:32:04,295 - INFO - -----------------------------------------------------------------------------------
2025-08-25 02:32:04,295 - DEBUG - 🔍 LM收敛性检查:
2025-08-25 02:32:04,295 - DEBUG -    当前迭代次数: 14
2025-08-25 02:32:04,295 - DEBUG -    最大迭代次数: 30
2025-08-25 02:32:04,295 - DEBUG -    参数变化: 0.000011
2025-08-25 02:32:04,295 - DEBUG -    参数容忍度: 5e-06
2025-08-25 02:32:04,295 - DEBUG -    残差变化: 0.000000
2025-08-25 02:32:04,295 - DEBUG -    残差容忍度: 5e-06
2025-08-25 02:32:04,295 - DEBUG - 🔍 迭代 16/30:
2025-08-25 02:32:04,295 - DEBUG - 🔍 计算点到球心距离: 形状=(21,)
2025-08-25 02:32:04,295 - DEBUG - 🔍 生理偏差向量计算:
2025-08-25 02:32:04,295 - DEBUG -    点类型列表: ['pupil_center', 'iris_boundaries', 'iris_boundaries', 'iris_boundaries', 'iris_boundaries', 'eye_contours', 'eye_contours', 'eye_contours', 'eye_contours', 'eye_contours', 'eye_contours', 'eye_contours', 'eye_contours', 'eye_contours', 'eye_contours', 'eye_contours', 'eye_contours', 'eye_contours', 'eye_contours', 'eye_contours', 'eye_contours']
2025-08-25 02:32:04,295 - DEBUG -    偏差向量: [0.0002  0.00085 0.00085 0.00085 0.00085 0.0015  0.0015  0.0015  0.0015
 0.0015  0.0015  0.0015  0.0015  0.0015  0.0015  0.0015  0.0015  0.0015
 0.0015  0.0015  0.0015 ]
2025-08-25 02:32:04,295 - DEBUG -    向量形状: (21,)
2025-08-25 02:32:04,295 - DEBUG -    偏差统计: 均值=0.001314, 标准差=0.000356
2025-08-25 02:32:04,302 - DEBUG - 获取生理偏差: 点类型=['pupil_center', 'iris_boundaries', 'iris_boundaries', 'iris_boundaries', 'iris_boundaries', 'eye_contours', 'eye_contours', 'eye_contours', 'eye_contours', 'eye_contours', 'eye_contours', 'eye_contours', 'eye_contours', 'eye_contours', 'eye_contours', 'eye_contours', 'eye_contours', 'eye_contours', 'eye_contours', 'eye_contours', 'eye_contours'], 偏差值=[0.0002  0.00085 0.00085 0.00085 0.00085 0.0015  0.0015  0.0015  0.0015
 0.0015  0.0015  0.0015  0.0015  0.0015  0.0015  0.0015  0.0015  0.0015
 0.0015  0.0015  0.0015 ]
2025-08-25 02:32:04,302 - INFO - -----------------------------------------------------------------------------------
2025-08-25 02:32:04,302 - DEBUG - 🔍 拟合残差计算详情:
2025-08-25 02:32:04,302 - DEBUG -    球心坐标: [0.08912165 0.01261694 0.60461299]
2025-08-25 02:32:04,302 - DEBUG -    球体半径: 0.018151
2025-08-25 02:32:04,302 - DEBUG -    采样点数: 21
2025-08-25 02:32:04,302 - DEBUG -    点类型分布: {'eye_contours': 16, 'iris_boundaries': 4, 'pupil_center': 1}
2025-08-25 02:32:04,302 - DEBUG -    理论距离向量: [0.01835082 0.01900082 0.01900082 0.01900082 0.01900082 0.01965082
 0.01965082 0.01965082 0.01965082 0.01965082 0.01965082 0.01965082
 0.01965082 0.01965082 0.01965082 0.01965082 0.01965082 0.01965082
 0.01965082 0.01965082 0.01965082]
2025-08-25 02:32:04,302 - DEBUG -    实际距离向量: [0.01647428 0.02577555 0.01372854 0.01196194 0.02374809 0.01781709
 0.01417197 0.0089641  0.01123842 0.01866167 0.02692716 0.0324909
 0.03588156 0.03878448 0.03625316 0.03363025 0.0299895  0.02472262
 0.02012026 0.01742823 0.01767955]
2025-08-25 02:32:04,302 - DEBUG -    生理偏差向量: [0.0002  0.00085 0.00085 0.00085 0.00085 0.0015  0.0015  0.0015  0.0015
 0.0015  0.0015  0.0015  0.0015  0.0015  0.0015  0.0015  0.0015  0.0015
 0.0015  0.0015  0.0015 ]
2025-08-25 02:32:04,302 - DEBUG -    残差向量 f(θ): 
[[-0.00187654]
 [ 0.00677473]
 [-0.00527228]
 [-0.00703888]
 [ 0.00474726]
 [-0.00183373]
 [-0.00547885]
 [-0.01068672]
 [-0.0084124 ]
 [-0.00098915]
 [ 0.00727634]
 [ 0.01284008]
 [ 0.01623074]
 [ 0.01913366]
 [ 0.01660234]
 [ 0.01397943]
 [ 0.01033867]
 [ 0.0050718 ]
 [ 0.00046944]
 [-0.00222259]
 [-0.00197127]]
2025-08-25 02:32:04,302 - DEBUG -    平均残差范数: 0.002036
2025-08-25 02:32:04,302 - DEBUG -    残差范数=0.042763
2025-08-25 02:32:04,302 - INFO - -----------------------------------------------------------------------------------
2025-08-25 02:32:04,302 - DEBUG - 🔍 深度约束计算详情 (softplus):
2025-08-25 02:32:04,302 - DEBUG -    采样点Z坐标范围: [0.600000, 0.602156]
2025-08-25 02:32:04,302 - DEBUG -    球心Z坐标: 0.604613
2025-08-25 02:32:04,302 - DEBUG -    深度偏移ε: 0.000200
2025-08-25 02:32:04,302 - DEBUG -    softplus参数τ: 0.001000
2025-08-25 02:32:04,302 - DEBUG -    原始违反值: -0.002257
2025-08-25 02:32:04,302 - DEBUG -    softplus输入 u: -2.257184
2025-08-25 02:32:04,302 - DEBUG -    约束惩罚 h(θ): 0.000100
2025-08-25 02:32:04,302 - DEBUG -    🟢 深度约束满足: 球心深度足够
2025-08-25 02:32:04,302 - INFO - -----------------------------------------------------------------------------------
2025-08-25 02:32:04,308 - DEBUG - 🔍 半径惩罚计算详情:
2025-08-25 02:32:04,308 - DEBUG -    当前半径: 0.018151
2025-08-25 02:32:04,308 - DEBUG -    半径先验值: 0.012000
2025-08-25 02:32:04,308 - DEBUG -    半径残差 r(θ): 0.006151
2025-08-25 02:32:04,308 - DEBUG -    数据残差 f(θ): [[-0.00187654]
 [ 0.00677473]
 [-0.00527228]
 [-0.00703888]
 [ 0.00474726]
 [-0.00183373]
 [-0.00547885]
 [-0.01068672]
 [-0.0084124 ]
 [-0.00098915]
 [ 0.00727634]
 [ 0.01284008]
 [ 0.01623074]
 [ 0.01913366]
 [ 0.01660234]
 [ 0.01397943]
 [ 0.01033867]
 [ 0.0050718 ]
 [ 0.00046944]
 [-0.00222259]
 [-0.00197127]]
2025-08-25 02:32:04,308 - DEBUG -    约束残差 g(θ): [[9.95237841e-05]]
2025-08-25 02:32:04,310 - DEBUG -    半径残差 r(θ): [[0.00615082]]
2025-08-25 02:32:04,310 - DEBUG - 🔍 状态变化计算: 参数变化=0.000011, 残差变化=0.000009
2025-08-25 02:32:04,310 - INFO - -----------------------------------------------------------------------------------
2025-08-25 02:32:04,310 - DEBUG - 🔍 权重管理器状态更新详情:
2025-08-25 02:32:04,310 - DEBUG -    当前迭代: 15
2025-08-25 02:32:04,310 - DEBUG -    参数变化: 0.000011 (阈值: 0.000005)
2025-08-25 02:32:04,310 - DEBUG -    残差变化: 0.000009 (阈值: 0.000005)
2025-08-25 02:32:04,310 - DEBUG -    几何权重因子: 10
2025-08-25 02:32:04,310 - DEBUG - ✅ 启用几何权重: 参数变化=1.08e-05, 残差变化=8.83e-06
2025-08-25 02:32:04,310 - DEBUG - 状态已保存: 参数=[0.08912165 0.01261694 0.60461299 0.01815082], 残差范数=0.042763
2025-08-25 02:32:04,310 - DEBUG - 🔍 获取visibility信息: 形状=(21,), 范围=[1.000, 1.000]
2025-08-25 02:32:04,310 - DEBUG - 🔧 设置图像置信度权重: 21个点
2025-08-25 02:32:04,310 - DEBUG - 🔍 开始计算权重矩阵:
2025-08-25 02:32:04,310 - DEBUG -    点类型: ['pupil_center', 'iris_boundaries', 'iris_boundaries', 'iris_boundaries', 'iris_boundaries', 'eye_contours', 'eye_contours', 'eye_contours', 'eye_contours', 'eye_contours', 'eye_contours', 'eye_contours', 'eye_contours', 'eye_contours', 'eye_contours', 'eye_contours', 'eye_contours', 'eye_contours', 'eye_contours', 'eye_contours', 'eye_contours']
2025-08-25 02:32:04,310 - DEBUG -    残差向量: 形状=(21,), 范数=0.042763
2025-08-25 02:32:04,310 - DEBUG -    Visibility: 形状=(21,), 均值=1.000
2025-08-25 02:32:04,310 - INFO - 🔍 权重管理器：启用几何权重，计算几何权重
2025-08-25 02:32:04,310 - DEBUG - 🔍 类型=pupil_center, 残差=-0.001877, 图像置信度=1.000000, 几何权重=0.300000, 最终权重=0.562718
2025-08-25 02:32:04,310 - INFO - 🔍 权重管理器：启用几何权重，计算几何权重
2025-08-25 02:32:04,310 - DEBUG - 🔍 类型=iris_boundaries, 残差=0.006775, 图像置信度=1.000000, 几何权重=0.200000, 最终权重=0.422430
2025-08-25 02:32:04,310 - INFO - 🔍 权重管理器：启用几何权重，计算几何权重
2025-08-25 02:32:04,310 - DEBUG - 🔍 类型=iris_boundaries, 残差=-0.005272, 图像置信度=1.000000, 几何权重=0.200000, 最终权重=0.422430
2025-08-25 02:32:04,310 - INFO - 🔍 权重管理器：启用几何权重，计算几何权重
2025-08-25 02:32:04,310 - DEBUG - 🔍 类型=iris_boundaries, 残差=-0.007039, 图像置信度=1.000000, 几何权重=0.200000, 最终权重=0.422430
2025-08-25 02:32:04,310 - INFO - 🔍 权重管理器：启用几何权重，计算几何权重
2025-08-25 02:32:04,310 - DEBUG - 🔍 类型=iris_boundaries, 残差=0.004747, 图像置信度=1.000000, 几何权重=0.200000, 最终权重=0.422430
2025-08-25 02:32:04,310 - INFO - 🔍 权重管理器：启用几何权重，计算几何权重
2025-08-25 02:32:04,310 - DEBUG - 🔍 类型=eye_contours, 残差=-0.001834, 图像置信度=1.000000, 几何权重=0.473674, 最终权重=0.776114
2025-08-25 02:32:04,310 - INFO - 🔍 权重管理器：启用几何权重，计算几何权重
2025-08-25 02:32:04,310 - DEBUG - 🔍 类型=eye_contours, 残差=-0.005479, 图像置信度=1.000000, 几何权重=0.200000, 最终权重=0.422430
2025-08-25 02:32:04,310 - INFO - 🔍 权重管理器：启用几何权重，计算几何权重
2025-08-25 02:32:04,310 - DEBUG - 🔍 类型=eye_contours, 残差=-0.010687, 图像置信度=1.000000, 几何权重=0.200000, 最终权重=0.422430
2025-08-25 02:32:04,310 - INFO - 🔍 权重管理器：启用几何权重，计算几何权重
2025-08-25 02:32:04,310 - DEBUG - 🔍 类型=eye_contours, 残差=-0.008412, 图像置信度=1.000000, 几何权重=0.200000, 最终权重=0.422430
2025-08-25 02:32:04,310 - INFO - 🔍 权重管理器：启用几何权重，计算几何权重
2025-08-25 02:32:04,310 - DEBUG - 🔍 类型=eye_contours, 残差=-0.000989, 图像置信度=1.000000, 几何权重=0.804587, 最终权重=0.985631
2025-08-25 02:32:04,310 - INFO - 🔍 权重管理器：启用几何权重，计算几何权重
2025-08-25 02:32:04,310 - DEBUG - 🔍 类型=eye_contours, 残差=0.007276, 图像置信度=1.000000, 几何权重=0.200000, 最终权重=0.422430
2025-08-25 02:32:04,310 - INFO - 🔍 权重管理器：启用几何权重，计算几何权重
2025-08-25 02:32:04,310 - DEBUG - 🔍 类型=eye_contours, 残差=0.012840, 图像置信度=1.000000, 几何权重=0.200000, 最终权重=0.422430
2025-08-25 02:32:04,318 - INFO - 🔍 权重管理器：启用几何权重，计算几何权重
2025-08-25 02:32:04,318 - DEBUG - 🔍 类型=eye_contours, 残差=0.016231, 图像置信度=1.000000, 几何权重=0.200000, 最终权重=0.422430
2025-08-25 02:32:04,318 - INFO - 🔍 权重管理器：启用几何权重，计算几何权重
2025-08-25 02:32:04,318 - DEBUG - 🔍 类型=eye_contours, 残差=0.019134, 图像置信度=1.000000, 几何权重=0.200000, 最终权重=0.422430
2025-08-25 02:32:04,318 - INFO - 🔍 权重管理器：启用几何权重，计算几何权重
2025-08-25 02:32:04,318 - DEBUG - 🔍 类型=eye_contours, 残差=0.016602, 图像置信度=1.000000, 几何权重=0.200000, 最终权重=0.422430
2025-08-25 02:32:04,318 - INFO - 🔍 权重管理器：启用几何权重，计算几何权重
2025-08-25 02:32:04,318 - DEBUG - 🔍 类型=eye_contours, 残差=0.013979, 图像置信度=1.000000, 几何权重=0.200000, 最终权重=0.422430
2025-08-25 02:32:04,318 - INFO - 🔍 权重管理器：启用几何权重，计算几何权重
2025-08-25 02:32:04,318 - DEBUG - 🔍 类型=eye_contours, 残差=0.010339, 图像置信度=1.000000, 几何权重=0.200000, 最终权重=0.422430
2025-08-25 02:32:04,318 - INFO - 🔍 权重管理器：启用几何权重，计算几何权重
2025-08-25 02:32:04,318 - DEBUG - 🔍 类型=eye_contours, 残差=0.005072, 图像置信度=1.000000, 几何权重=0.200000, 最终权重=0.422430
2025-08-25 02:32:04,318 - INFO - 🔍 权重管理器：启用几何权重，计算几何权重
2025-08-25 02:32:04,318 - DEBUG - 🔍 类型=eye_contours, 残差=0.000469, 图像置信度=1.000000, 几何权重=0.952209, 最终权重=0.999782
2025-08-25 02:32:04,318 - INFO - 🔍 权重管理器：启用几何权重，计算几何权重
2025-08-25 02:32:04,318 - DEBUG - 🔍 类型=eye_contours, 残差=-0.002223, 图像置信度=1.000000, 几何权重=0.333619, 最终权重=0.607786
2025-08-25 02:32:04,318 - INFO - 🔍 权重管理器：启用几何权重，计算几何权重
2025-08-25 02:32:04,318 - DEBUG - 🔍 类型=eye_contours, 残差=-0.001971, 图像置信度=1.000000, 几何权重=0.421667, 最终权重=0.717920
2025-08-25 02:32:04,318 - DEBUG - 🔍 权重矩阵计算成功: 形状=(21, 21)
2025-08-25 02:32:04,318 - DEBUG - 🔍 几何权重统计:
2025-08-25 02:32:04,318 - DEBUG -    权重向量: [[0.56271777]
 [0.42242984]
 [0.42242984]
 [0.42242984]
 [0.42242984]
 [0.77611351]
 [0.42242984]
 [0.42242984]
 [0.42242984]
 [0.98563146]
 [0.42242984]
 [0.42242984]
 [0.42242984]
 [0.42242984]
 [0.42242984]
 [0.42242984]
 [0.42242984]
 [0.42242984]
 [0.99978218]
 [0.60778572]
 [0.71791965]]
2025-08-25 02:32:04,318 - DEBUG -    权重范围: [0.422430, 0.999782]
2025-08-25 02:32:04,318 - DEBUG -    权重均值: 0.523162
2025-08-25 02:32:04,318 - DEBUG -    权重标准差: 0.183081
2025-08-25 02:32:04,318 - DEBUG -    高权重点(>0.8): 2/21
2025-08-25 02:32:04,318 - DEBUG -    低权重点(<0.2): 0/21
2025-08-25 02:32:04,318 - INFO - -----------------------------------------------------------------------------------
2025-08-25 02:32:04,318 - DEBUG - 🔍 开始求解LM更新方程:
2025-08-25 02:32:04,318 - DEBUG -    数据残差: 形状=(21,), 范数=0.042763
2025-08-25 02:32:04,318 - DEBUG -    约束残差: 形状=(1,), 范数=0.000100
2025-08-25 02:32:04,318 - DEBUG - 🔍 计算数据残差雅可比矩阵 J_f: 形状=(21, 4)
2025-08-25 02:32:04,318 - DEBUG - 🔍 J_f矩阵计算完成: 条件数=1.72e+01
2025-08-25 02:32:04,318 - DEBUG - 🔍 深度约束雅可比计算: u=-2.257184, σ=0.094732, J_h=[[ 0.          0.         -0.09473158  0.        ]]
2025-08-25 02:32:04,318 - DEBUG - 🔍 半径先验雅可比: J_r=[[0. 0. 0. 1.]]
2025-08-25 02:32:04,318 - DEBUG - 🔍 使用几何权重矩阵: 形状=(21, 21)
2025-08-25 02:32:04,326 - DEBUG - 🔍 Hessian矩阵计算:
2025-08-25 02:32:04,328 - DEBUG -    H_data = J_f^T W J_f: 形状=(4, 4), 条件数=3.28e+02
2025-08-25 02:32:04,329 - DEBUG -    H_h = λ_depth J_h^T J_h: 形状=(4, 4), λ_depth=1000.0
2025-08-25 02:32:04,329 - DEBUG -    H_r = λ_radius J_r^T J_r: 形状=(4, 4), λ_radius=1.0
2025-08-25 02:32:04,329 - DEBUG -    H_total: 形状=(4, 4), 条件数=3.93e+01
2025-08-25 02:32:04,329 - DEBUG - 🔍 梯度计算:
2025-08-25 02:32:04,329 - DEBUG -    g_data: 形状=(4,), 范数=0.045779
2025-08-25 02:32:04,329 - DEBUG -    g_h: 形状=(4,), 范数=0.009428
2025-08-25 02:32:04,329 - DEBUG -    g_r: 形状=(4,), 范数=0.006151
2025-08-25 02:32:04,329 - DEBUG -    g_total: 形状=(4,), 范数=0.043285
2025-08-25 02:32:04,329 - DEBUG - 🔍 LM阻尼矩阵: H_lm = H_total + 10000.0 * I
2025-08-25 02:32:04,329 - DEBUG -    H_lm条件数: 1.00e+00
2025-08-25 02:32:04,329 - DEBUG - 🔍 线性方程组求解成功:
2025-08-25 02:32:04,329 - DEBUG -    参数更新向量 Δθ: [[-3.71291727e-06]
 [-4.00490448e-07]
 [ 8.13362513e-07]
 [ 2.01991570e-06]]
2025-08-25 02:32:04,329 - DEBUG -    更新向量范数: 0.000004
2025-08-25 02:32:04,329 - DEBUG -    各分量更新: Δc_x=-0.000004, Δc_y=-0.000000, Δc_z=0.000001, Δr=0.000002
2025-08-25 02:32:04,329 - DEBUG -    参数更新:
2025-08-25 02:32:04,329 - DEBUG -      旧参数: [[0.08912165]
 [0.01261694]
 [0.60461299]
 [0.01815082]]
2025-08-25 02:32:04,329 - DEBUG -      更新向量: [[-3.71291727e-06]
 [-4.00490448e-07]
 [ 8.13362513e-07]
 [ 2.01991570e-06]]
2025-08-25 02:32:04,329 - DEBUG -      新参数: [[0.08911793]
 [0.01261654]
 [0.6046138 ]
 [0.01815284]]
2025-08-25 02:32:04,329 - INFO - -----------------------------------------------------------------------------------
2025-08-25 02:32:04,329 - INFO - 🔍 迭代第15次，球心向右0.003713mm，向上0.000400mm，向后0.000813mm，半径变大0.002020mm
2025-08-25 02:32:04,329 - INFO - 📊 变化前: 中心(0.089, 0.013, 0.605), 半径18.15mm
2025-08-25 02:32:04,329 - INFO - 📊 变化后: 中心(0.089, 0.013, 0.605), 半径18.15mm
2025-08-25 02:32:04,329 - INFO - 📈 变化量: 中心移动0.00mm, 半径变化0.00mm
2025-08-25 02:32:04,329 - INFO - 📍 眼球中心: [0.08912165 0.01261694 0.60461299]
2025-08-25 02:32:04,334 - INFO - 📏 眼球半径: 18.15mm
2025-08-25 02:32:04,334 - INFO - 👁️ 瞳孔中心: [0.10133334 0.02266667 0.60000002]
2025-08-25 02:32:04,334 - INFO - 📐 眼球中心在瞳孔中心的左12.21mm，上10.05mm，后4.61mm
2025-08-25 02:32:04,334 - INFO - 📏 距离: 16.47mm
2025-08-25 02:32:04,334 - INFO - -----------------------------------------------------------------------------------
2025-08-25 02:32:04,334 - INFO - -----------------------------------------------------------------------------------
2025-08-25 02:32:04,334 - DEBUG - 🔍 参数有效性检查:
2025-08-25 02:32:04,334 - DEBUG -    参数向量: [[0.08911793]
 [0.01261654]
 [0.6046138 ]
 [0.01815284]]
2025-08-25 02:32:04,334 - DEBUG -    球心: [0.08911793 0.01261654 0.6046138 ]
2025-08-25 02:32:04,334 - DEBUG -    半径: 0.018153
2025-08-25 02:32:04,334 - DEBUG - 🔍 函数值计算详情:
2025-08-25 02:32:04,334 - DEBUG -    数据项 F(θ): 0.000388
2025-08-25 02:32:04,334 - DEBUG -    深度约束项: 0.000005
2025-08-25 02:32:04,334 - DEBUG -    半径先验项: 0.000019
2025-08-25 02:32:04,334 - DEBUG -    总函数值 Φ(θ): 0.000412
2025-08-25 02:32:04,334 - DEBUG -    函数值改善: 0.000525
2025-08-25 02:32:04,334 - DEBUG - 🔍 参数有效: True
2025-08-25 02:32:04,334 - DEBUG -    参数更新成功:
2025-08-25 02:32:04,334 - DEBUG -      新球心: [0.08911793 0.01261654 0.6046138 ]
2025-08-25 02:32:04,334 - DEBUG -      新半径: 0.018153
2025-08-25 02:32:04,334 - INFO - -----------------------------------------------------------------------------------
2025-08-25 02:32:04,334 - DEBUG - 🔍 LM收敛性检查:
2025-08-25 02:32:04,334 - DEBUG -    当前迭代次数: 15
2025-08-25 02:32:04,334 - DEBUG -    最大迭代次数: 30
2025-08-25 02:32:04,334 - DEBUG -    参数变化: 0.000004
2025-08-25 02:32:04,334 - DEBUG -    参数容忍度: 5e-06
2025-08-25 02:32:04,334 - DEBUG -    残差变化: 0.000000
2025-08-25 02:32:04,334 - DEBUG -    残差容忍度: 5e-06
2025-08-25 02:32:04,334 - INFO - ✅ LM收敛：参数变化4.32e-06 < 5e-06，平均残差变化0.00e+00 < 5e-06
2025-08-25 02:32:04,334 - INFO - ✅ LM优化收敛: 迭代15次
2025-08-25 02:32:04,334 - DEBUG - 🔍 优化结束状态:
2025-08-25 02:32:04,334 - DEBUG -    最终参数: [[0.08911793]
 [0.01261654]
 [0.6046138 ]
 [0.01815284]]
2025-08-25 02:32:04,334 - DEBUG -    最终球心: [0.08911793 0.01261654 0.6046138 ]
2025-08-25 02:32:04,334 - DEBUG -    最终半径: 0.018153
2025-08-25 02:32:04,334 - DEBUG -    是否收敛: True
2025-08-25 02:32:04,334 - DEBUG -    迭代次数: 15
2025-08-25 02:32:04,334 - INFO - -----------------------------------------------------------------------------------
2025-08-25 02:32:04,334 - DEBUG - 🔍 更新最终状态:
2025-08-25 02:32:04,334 - DEBUG - 🔍 计算点到球心距离: 形状=(21,)
2025-08-25 02:32:04,334 - DEBUG - 🔍 生理偏差向量计算:
2025-08-25 02:32:04,334 - DEBUG -    点类型列表: ['pupil_center', 'iris_boundaries', 'iris_boundaries', 'iris_boundaries', 'iris_boundaries', 'eye_contours', 'eye_contours', 'eye_contours', 'eye_contours', 'eye_contours', 'eye_contours', 'eye_contours', 'eye_contours', 'eye_contours', 'eye_contours', 'eye_contours', 'eye_contours', 'eye_contours', 'eye_contours', 'eye_contours', 'eye_contours']
2025-08-25 02:32:04,334 - DEBUG -    偏差向量: [0.0002  0.00085 0.00085 0.00085 0.00085 0.0015  0.0015  0.0015  0.0015
 0.0015  0.0015  0.0015  0.0015  0.0015  0.0015  0.0015  0.0015  0.0015
 0.0015  0.0015  0.0015 ]
2025-08-25 02:32:04,334 - DEBUG -    向量形状: (21,)
2025-08-25 02:32:04,343 - DEBUG -    偏差统计: 均值=0.001314, 标准差=0.000356
2025-08-25 02:32:04,344 - DEBUG - 获取生理偏差: 点类型=['pupil_center', 'iris_boundaries', 'iris_boundaries', 'iris_boundaries', 'iris_boundaries', 'eye_contours', 'eye_contours', 'eye_contours', 'eye_contours', 'eye_contours', 'eye_contours', 'eye_contours', 'eye_contours', 'eye_contours', 'eye_contours', 'eye_contours', 'eye_contours', 'eye_contours', 'eye_contours', 'eye_contours', 'eye_contours'], 偏差值=[0.0002  0.00085 0.00085 0.00085 0.00085 0.0015  0.0015  0.0015  0.0015
 0.0015  0.0015  0.0015  0.0015  0.0015  0.0015  0.0015  0.0015  0.0015
 0.0015  0.0015  0.0015 ]
2025-08-25 02:32:04,344 - INFO - -----------------------------------------------------------------------------------
2025-08-25 02:32:04,344 - DEBUG - 🔍 拟合残差计算详情:
2025-08-25 02:32:04,344 - DEBUG -    球心坐标: [0.08911793 0.01261654 0.6046138 ]
2025-08-25 02:32:04,344 - DEBUG -    球体半径: 0.018153
2025-08-25 02:32:04,344 - DEBUG -    采样点数: 21
2025-08-25 02:32:04,344 - DEBUG -    点类型分布: {'eye_contours': 16, 'iris_boundaries': 4, 'pupil_center': 1}
2025-08-25 02:32:04,344 - DEBUG -    理论距离向量: [0.01835284 0.01900284 0.01900284 0.01900284 0.01900284 0.01965284
 0.01965284 0.01965284 0.01965284 0.01965284 0.01965284 0.01965284
 0.01965284 0.01965284 0.01965284 0.01965284 0.01965284 0.01965284
 0.01965284 0.01965284 0.01965284]
2025-08-25 02:32:04,344 - DEBUG -    实际距离向量: [0.0164775  0.02577916 0.01373233 0.01196352 0.0237506  0.01781578
 0.01417098 0.0089649  0.01124184 0.01866543 0.02693093 0.03249463
 0.03588528 0.03878817 0.03625678 0.03363377 0.02999281 0.02472545
 0.0201222  0.01742874 0.01767888]
2025-08-25 02:32:04,344 - DEBUG -    生理偏差向量: [0.0002  0.00085 0.00085 0.00085 0.00085 0.0015  0.0015  0.0015  0.0015
 0.0015  0.0015  0.0015  0.0015  0.0015  0.0015  0.0015  0.0015  0.0015
 0.0015  0.0015  0.0015 ]
2025-08-25 02:32:04,344 - DEBUG -    残差向量 f(θ): 
[[-0.00187534]
 [ 0.00677632]
 [-0.00527051]
 [-0.00703933]
 [ 0.00474776]
 [-0.00183706]
 [-0.00548186]
 [-0.01068794]
 [-0.008411  ]
 [-0.00098742]
 [ 0.00727809]
 [ 0.01284179]
 [ 0.01623244]
 [ 0.01913533]
 [ 0.01660394]
 [ 0.01398093]
 [ 0.01033997]
 [ 0.00507261]
 [ 0.00046936]
 [-0.0022241 ]
 [-0.00197396]]
2025-08-25 02:32:04,344 - DEBUG -    平均残差范数: 0.002037
2025-08-25 02:32:04,344 - DEBUG -    残差范数=0.042768
2025-08-25 02:32:04,344 - DEBUG -    最终残差向量: [[-0.00187534]
 [ 0.00677632]
 [-0.00527051]
 [-0.00703933]
 [ 0.00474776]
 [-0.00183706]
 [-0.00548186]
 [-0.01068794]
 [-0.008411  ]
 [-0.00098742]
 [ 0.00727809]
 [ 0.01284179]
 [ 0.01623244]
 [ 0.01913533]
 [ 0.01660394]
 [ 0.01398093]
 [ 0.01033997]
 [ 0.00507261]
 [ 0.00046936]
 [-0.0022241 ]
 [-0.00197396]]
2025-08-25 02:32:04,344 - DEBUG -    最终残差范数: 0.042768
2025-08-25 02:32:04,344 - DEBUG -    内点比例: 1.000000
2025-08-25 02:32:04,344 - DEBUG -    质量分数: 0.000000
2025-08-25 02:32:04,344 - DEBUG -    收敛迭代次数: 15
2025-08-25 02:32:04,344 - DEBUG -    是否收敛: True
2025-08-25 02:32:04,344 - DEBUG -    警告信息: ['迭代1: 参数无效，阻尼因子=1.00e-01', '迭代4: 参数无效，阻尼因子=1.00e+00', '迭代7: 参数无效，阻尼因子=1.00e+01', '迭代9: 参数无效，阻尼因子=1.00e+02', '迭代11: 参数无效，阻尼因子=1.00e+03', '迭代13: 参数无效，阻尼因子=1.00e+04']
2025-08-25 02:32:04,344 - INFO - ✅ 优化完成: 最终中心点=(0.089, 0.013, 0.605), 半径=0.018m
2025-08-25 02:32:04,344 - INFO - 拟合完成 - 拟合结果:
  📍 中心点: (0.089, 0.013, 0.605)
  📏 半径: 0.02mm
  🔄 收敛状态: ✓ 已收敛
  📊 内点比例: 100.0% (21/21)
  🎯 质量分数: 0.000
  📈 迭代次数: 15
  📉 最终残差: 4.28e-02
⚠️  警告: 迭代1: 参数无效，阻尼因子=1.00e-01; 迭代4: 参数无效，阻尼因子=1.00e+00; 迭代7: 参数无效，阻尼因子=1.00e+01; 迭代9: 参数无效，阻尼因子=1.00e+02; 迭代11: 参数无效，阻尼因子=1.00e+03; 迭代13: 参数无效，阻尼因子=1.00e+04
2025-08-25 02:32:04,351 - DEBUG - left眼拟合完成: shape=椭球参数 (球体):
  📏 主轴长度: (0.018, 0.018, 0.018) m
  📍 中心坐标: (0.089, 0.013, 0.605) m
  🔄 旋转矩阵: 3x3 单位矩阵, center=[0.08911793 0.01261654 0.6046138 ]
2025-08-25 02:32:04,351 - DEBUG - 左眼拟合完成
2025-08-25 02:32:04,351 - DEBUG - _fit_one_eye开始: eye_key=right
2025-08-25 02:32:04,351 - DEBUG - 更新trials_times: 2
2025-08-25 02:32:04,351 - DEBUG - 开始提取right眼关键点坐标
2025-08-25 02:32:04,351 - DEBUG - _extract_eye_key_coordinates开始: eye_key=right
2025-08-25 02:32:04,351 - DEBUG - self._key_coordinates: {'pupil_center': {'left': array([0.10133334, 0.02266667, 0.60000002, 1.        ]), 'right': array([-0.008     ,  0.02933333,  0.60000002,  1.        ])}, 'iris_boundaries': {'left': [array([0.11226536, 0.02343999, 0.60120577, 1.        ]), array([0.102027  , 0.01525037, 0.60074133, 1.        ]), array([0.09234722, 0.02374746, 0.60164732, 1.        ]), array([0.10241192, 0.03203693, 0.60141855, 1.        ])], 'right': [array([0.00369929, 0.02896803, 0.60101593, 1.        ]), array([-0.00747041,  0.02123622,  0.60101771,  1.        ]), array([-0.01741202,  0.03110262,  0.60131693,  1.        ]), array([-0.00617092,  0.03871056,  0.60114521,  1.        ])]}, 'eye_contours': {'left': [array([0.08049795, 0.02791084, 0.6015836 , 1.        ]), array([0.08325324, 0.02503548, 0.60112208, 1.        ]), array([0.08941644, 0.02090414, 0.60120851, 1.        ]), array([0.09801387, 0.01830249, 0.60075229, 1.        ]), array([0.10657818, 0.01799944, 0.60079771, 1.        ]), array([0.11493505, 0.01950095, 0.60124391, 1.        ]), array([0.12017602, 0.02171421, 0.60169339, 1.        ]), array([0.12318067, 0.02340882, 0.60129565, 1.        ]), array([0.12581543, 0.02493623, 0.6021558 , 1.        ]), array([0.12212354, 0.02720311, 0.60109013, 1.        ]), array([0.11844681, 0.02867588, 0.60098815, 1.        ]), array([0.11319016, 0.03012982, 0.60095572, 1.        ]), array([0.10513775, 0.03109802, 0.60098773, 1.        ]), array([0.09686001, 0.03081773, 0.60091519, 1.        ]), array([0.08887027, 0.02964701, 0.60091746, 1.        ]), array([0.08336998, 0.02890417, 0.60084325, 1.        ])], 'right': [array([-0.02760829,  0.03217433,  0.60181499,  1.        ]), array([-0.02374106,  0.03390985,  0.60122919,  1.        ]), array([-0.01981522,  0.03486983,  0.60157984,  1.        ]), array([-0.01428198,  0.03569634,  0.60086375,  1.        ]), array([-0.00595309,  0.03581541,  0.6006515 ,  1.        ]), array([0.00240785, 0.03468904, 0.60113454, 1.        ]), array([0.01040125, 0.03259784, 0.60077256, 1.        ]), array([0.01587793, 0.03121525, 0.60108352, 1.        ]), array([0.01883704, 0.03004156, 0.60092372, 1.        ]), array([0.01584899, 0.02801867, 0.60153043, 1.        ]), array([0.00940748, 0.02562919, 0.6012761 , 1.        ]), array([5.42176814e-04, 2.46367750e-02, 6.00429773e-01, 1.00000000e+00]), array([-0.00771554,  0.02505288,  0.60081249,  1.        ]), array([-0.01602734,  0.02688105,  0.60143602,  1.        ]), array([-0.02152683,  0.02903522,  0.60127175,  1.        ]), array([-0.02486975,  0.03069111,  0.60138953,  1.        ])]}, 'eye_sockets': {'left': [array([ 0.14890639, -0.0020351 ,  0.6013056 ,  1.        ]), array([ 0.1385584 , -0.0135777 ,  0.60151118,  1.        ]), array([ 0.12225486, -0.02043872,  0.60055125,  1.        ]), array([ 0.10078988, -0.02149081,  0.59999233,  1.        ]), array([ 0.07568309, -0.01937454,  0.5996905 ,  1.        ]), array([ 0.07252198, -0.00466223,  0.59984565,  1.        ]), array([ 0.09899399, -0.01297108,  0.600025  ,  1.        ]), array([ 0.11832416, -0.01237539,  0.6004281 ,  1.        ]), array([ 0.13250425, -0.00706013,  0.60105729,  1.        ]), array([0.14243616, 0.00211385, 0.60114133, 1.        ])], 'right': [array([-0.05136613,  0.00932468,  0.60218495,  1.        ]), array([-0.04012951, -0.00263647,  0.60201728,  1.        ]), array([-0.02361429, -0.01094745,  0.60045767,  1.        ]), array([-0.00206491, -0.01412024,  0.59988523,  1.        ]), array([ 0.02299945, -0.01461648,  0.59936595,  1.        ]), array([ 2.68431637e-02, -4.06059400e-04,  5.99611521e-01,  1.00000000e+00]), array([ 6.54955033e-05, -5.89917185e-03,  5.99857450e-01,  1.00000000e+00]), array([-0.01948752, -0.00349947,  0.60014987,  1.        ]), array([-0.03381874,  0.00307497,  0.6005767 ,  1.        ]), array([-0.04422222,  0.01276151,  0.60121024,  1.        ])]}, 'eyelid_points': {'left': [array([0.16279109, 0.05503464, 0.60408837, 1.        ]), array([0.14127741, 0.05294254, 0.601367  , 1.        ]), array([0.12809659, 0.05633847, 0.60127884, 1.        ]), array([0.1082065 , 0.0546391 , 0.60094583, 1.        ]), array([0.0934907 , 0.05041915, 0.60061884, 1.        ]), array([0.08227809, 0.04550828, 0.60030955, 1.        ]), array([0.083804  , 0.06444599, 0.59937096, 1.        ]), array([0.09360017, 0.07289755, 0.59959638, 1.        ]), array([0.10642801, 0.08129951, 0.59948885, 1.        ]), array([0.12324954, 0.09436797, 0.59988427, 1.        ])], 'right': [array([-0.06232501,  0.06568665,  0.60253656,  1.        ]), array([-0.04275676,  0.06186037,  0.60161287,  1.        ]), array([-0.02844352,  0.06396043,  0.60069263,  1.        ]), array([-0.00778415,  0.06037013,  0.60037893,  1.        ]), array([0.00714434, 0.0546547 , 0.60029209, 1.        ]), array([0.0184472, 0.048456 , 0.600137 , 1.       ]), array([0.02125279, 0.06722563, 0.59929693, 1.        ]), array([0.01187651, 0.07643608, 0.59939599, 1.        ]), array([-1.82519875e-04,  8.59930840e-02,  5.99496603e-01,  1.00000000e+00]), array([-0.01597743,  0.10057737,  0.599581  ,  1.        ])]}}
2025-08-25 02:32:04,351 - DEBUG - 提取瞳孔中心
2025-08-25 02:32:04,351 - DEBUG - pupil_center: {'left': array([0.10133334, 0.02266667, 0.60000002, 1.        ]), 'right': array([-0.008     ,  0.02933333,  0.60000002,  1.        ])}
2025-08-25 02:32:04,351 - DEBUG - pupil_center类型: <class 'dict'>
2025-08-25 02:32:04,351 - DEBUG - eye_pupil: [-0.008       0.02933333  0.60000002  1.        ]
2025-08-25 02:32:04,351 - DEBUG - eye_pupil类型: <class 'numpy.ndarray'>
2025-08-25 02:32:04,351 - DEBUG - eye_pupil形状: (4,)
2025-08-25 02:32:04,351 - DEBUG - 提取虹膜边界
2025-08-25 02:32:04,359 - DEBUG - iris_boundaries: {'left': [array([0.11226536, 0.02343999, 0.60120577, 1.        ]), array([0.102027  , 0.01525037, 0.60074133, 1.        ]), array([0.09234722, 0.02374746, 0.60164732, 1.        ]), array([0.10241192, 0.03203693, 0.60141855, 1.        ])], 'right': [array([0.00369929, 0.02896803, 0.60101593, 1.        ]), array([-0.00747041,  0.02123622,  0.60101771,  1.        ]), array([-0.01741202,  0.03110262,  0.60131693,  1.        ]), array([-0.00617092,  0.03871056,  0.60114521,  1.        ])]}
2025-08-25 02:32:04,359 - DEBUG - iris_boundaries类型: <class 'dict'>
2025-08-25 02:32:04,359 - DEBUG - eye_iris: [array([0.00369929, 0.02896803, 0.60101593, 1.        ]), array([-0.00747041,  0.02123622,  0.60101771,  1.        ]), array([-0.01741202,  0.03110262,  0.60131693,  1.        ]), array([-0.00617092,  0.03871056,  0.60114521,  1.        ])]
2025-08-25 02:32:04,359 - DEBUG - eye_iris类型: <class 'list'>
2025-08-25 02:32:04,359 - DEBUG - eye_iris长度: 4
2025-08-25 02:32:04,359 - DEBUG - 第一个元素类型: <class 'numpy.ndarray'>
2025-08-25 02:32:04,359 - DEBUG - 第一个元素形状: (4,)
2025-08-25 02:32:04,359 - DEBUG - 提取眼睛轮廓
2025-08-25 02:32:04,359 - DEBUG - eye_contours: {'left': [array([0.08049795, 0.02791084, 0.6015836 , 1.        ]), array([0.08325324, 0.02503548, 0.60112208, 1.        ]), array([0.08941644, 0.02090414, 0.60120851, 1.        ]), array([0.09801387, 0.01830249, 0.60075229, 1.        ]), array([0.10657818, 0.01799944, 0.60079771, 1.        ]), array([0.11493505, 0.01950095, 0.60124391, 1.        ]), array([0.12017602, 0.02171421, 0.60169339, 1.        ]), array([0.12318067, 0.02340882, 0.60129565, 1.        ]), array([0.12581543, 0.02493623, 0.6021558 , 1.        ]), array([0.12212354, 0.02720311, 0.60109013, 1.        ]), array([0.11844681, 0.02867588, 0.60098815, 1.        ]), array([0.11319016, 0.03012982, 0.60095572, 1.        ]), array([0.10513775, 0.03109802, 0.60098773, 1.        ]), array([0.09686001, 0.03081773, 0.60091519, 1.        ]), array([0.08887027, 0.02964701, 0.60091746, 1.        ]), array([0.08336998, 0.02890417, 0.60084325, 1.        ])], 'right': [array([-0.02760829,  0.03217433,  0.60181499,  1.        ]), array([-0.02374106,  0.03390985,  0.60122919,  1.        ]), array([-0.01981522,  0.03486983,  0.60157984,  1.        ]), array([-0.01428198,  0.03569634,  0.60086375,  1.        ]), array([-0.00595309,  0.03581541,  0.6006515 ,  1.        ]), array([0.00240785, 0.03468904, 0.60113454, 1.        ]), array([0.01040125, 0.03259784, 0.60077256, 1.        ]), array([0.01587793, 0.03121525, 0.60108352, 1.        ]), array([0.01883704, 0.03004156, 0.60092372, 1.        ]), array([0.01584899, 0.02801867, 0.60153043, 1.        ]), array([0.00940748, 0.02562919, 0.6012761 , 1.        ]), array([5.42176814e-04, 2.46367750e-02, 6.00429773e-01, 1.00000000e+00]), array([-0.00771554,  0.02505288,  0.60081249,  1.        ]), array([-0.01602734,  0.02688105,  0.60143602,  1.        ]), array([-0.02152683,  0.02903522,  0.60127175,  1.        ]), array([-0.02486975,  0.03069111,  0.60138953,  1.        ])]}
2025-08-25 02:32:04,359 - DEBUG - eye_contours类型: <class 'dict'>
2025-08-25 02:32:04,359 - DEBUG - eye_contour: [array([-0.02760829,  0.03217433,  0.60181499,  1.        ]), array([-0.02374106,  0.03390985,  0.60122919,  1.        ]), array([-0.01981522,  0.03486983,  0.60157984,  1.        ]), array([-0.01428198,  0.03569634,  0.60086375,  1.        ]), array([-0.00595309,  0.03581541,  0.6006515 ,  1.        ]), array([0.00240785, 0.03468904, 0.60113454, 1.        ]), array([0.01040125, 0.03259784, 0.60077256, 1.        ]), array([0.01587793, 0.03121525, 0.60108352, 1.        ]), array([0.01883704, 0.03004156, 0.60092372, 1.        ]), array([0.01584899, 0.02801867, 0.60153043, 1.        ]), array([0.00940748, 0.02562919, 0.6012761 , 1.        ]), array([5.42176814e-04, 2.46367750e-02, 6.00429773e-01, 1.00000000e+00]), array([-0.00771554,  0.02505288,  0.60081249,  1.        ]), array([-0.01602734,  0.02688105,  0.60143602,  1.        ]), array([-0.02152683,  0.02903522,  0.60127175,  1.        ]), array([-0.02486975,  0.03069111,  0.60138953,  1.        ])]
2025-08-25 02:32:04,359 - DEBUG - eye_contour类型: <class 'list'>
2025-08-25 02:32:04,359 - DEBUG - eye_contour长度: 16
2025-08-25 02:32:04,367 - DEBUG - 第一个元素类型: <class 'numpy.ndarray'>
2025-08-25 02:32:04,367 - DEBUG - 第一个元素形状: (4,)
2025-08-25 02:32:04,367 - DEBUG - _extract_eye_key_coordinates完成: {'pupil_center': array([-0.008     ,  0.02933333,  0.60000002,  1.        ]), 'iris_boundaries': [array([0.00369929, 0.02896803, 0.60101593, 1.        ]), array([-0.00747041,  0.02123622,  0.60101771,  1.        ]), array([-0.01741202,  0.03110262,  0.60131693,  1.        ]), array([-0.00617092,  0.03871056,  0.60114521,  1.        ])], 'eye_contours': [array([-0.02760829,  0.03217433,  0.60181499,  1.        ]), array([-0.02374106,  0.03390985,  0.60122919,  1.        ]), array([-0.01981522,  0.03486983,  0.60157984,  1.        ]), array([-0.01428198,  0.03569634,  0.60086375,  1.        ]), array([-0.00595309,  0.03581541,  0.6006515 ,  1.        ]), array([0.00240785, 0.03468904, 0.60113454, 1.        ]), array([0.01040125, 0.03259784, 0.60077256, 1.        ]), array([0.01587793, 0.03121525, 0.60108352, 1.        ]), array([0.01883704, 0.03004156, 0.60092372, 1.        ]), array([0.01584899, 0.02801867, 0.60153043, 1.        ]), array([0.00940748, 0.02562919, 0.6012761 , 1.        ]), array([5.42176814e-04, 2.46367750e-02, 6.00429773e-01, 1.00000000e+00]), array([-0.00771554,  0.02505288,  0.60081249,  1.        ]), array([-0.01602734,  0.02688105,  0.60143602,  1.        ]), array([-0.02152683,  0.02903522,  0.60127175,  1.        ]), array([-0.02486975,  0.03069111,  0.60138953,  1.        ])]}
2025-08-25 02:32:04,367 - DEBUG - right眼关键点坐标: {'pupil_center': array([-0.008     ,  0.02933333,  0.60000002,  1.        ]), 'iris_boundaries': [array([0.00369929, 0.02896803, 0.60101593, 1.        ]), array([-0.00747041,  0.02123622,  0.60101771,  1.        ]), array([-0.01741202,  0.03110262,  0.60131693,  1.        ]), array([-0.00617092,  0.03871056,  0.60114521,  1.        ])], 'eye_contours': [array([-0.02760829,  0.03217433,  0.60181499,  1.        ]), array([-0.02374106,  0.03390985,  0.60122919,  1.        ]), array([-0.01981522,  0.03486983,  0.60157984,  1.        ]), array([-0.01428198,  0.03569634,  0.60086375,  1.        ]), array([-0.00595309,  0.03581541,  0.6006515 ,  1.        ]), array([0.00240785, 0.03468904, 0.60113454, 1.        ]), array([0.01040125, 0.03259784, 0.60077256, 1.        ]), array([0.01587793, 0.03121525, 0.60108352, 1.        ]), array([0.01883704, 0.03004156, 0.60092372, 1.        ]), array([0.01584899, 0.02801867, 0.60153043, 1.        ]), array([0.00940748, 0.02562919, 0.6012761 , 1.        ]), array([5.42176814e-04, 2.46367750e-02, 6.00429773e-01, 1.00000000e+00]), array([-0.00771554,  0.02505288,  0.60081249,  1.        ]), array([-0.01602734,  0.02688105,  0.60143602,  1.        ]), array([-0.02152683,  0.02903522,  0.60127175,  1.        ]), array([-0.02486975,  0.03069111,  0.60138953,  1.        ])]}
2025-08-25 02:32:04,367 - DEBUG - 调用center_fitter进行拟合
2025-08-25 02:32:04,367 - DEBUG - 🔄 返回已存在的CenterFitter单例实例
2025-08-25 02:32:04,367 - INFO - 🔍 开始眼球拟合: trials_times=2, strategy=None
2025-08-25 02:32:04,367 - DEBUG - 🔍 对象状态检查: _initialized=True, _strategy_functions=True
2025-08-25 02:32:04,367 - DEBUG - 🔍 策略函数映射表: ['constrained_lm', 'constrained_ransac_lm', 'ellipsoid_fallback', 'fail']
2025-08-25 02:32:04,367 - INFO - 📋 数据预处理完成: 总点数=21, 平均visibility=1.000
2025-08-25 02:32:04,367 - INFO -   📍 pupil_center: 1点, 平均visibility=1.000
2025-08-25 02:32:04,367 - INFO -   📍 iris_boundaries: 4点, 平均visibility=1.000
2025-08-25 02:32:04,367 - INFO -   📍 eye_contours: 16点, 平均visibility=1.000
2025-08-25 02:32:04,367 - INFO - 📊 自动选择拟合策略: constrained_lm
2025-08-25 02:32:04,367 - INFO - 🚀 执行拟合策略: constrained_lm
2025-08-25 02:32:04,367 - DEBUG - 📊 采样数据已更新: full, 点数=21
2025-08-25 02:32:04,367 - INFO - 📊 全部采样完成: 采样点数=21
2025-08-25 02:32:04,367 - INFO - 📊 使用全部采样策略: 21个点
2025-08-25 02:32:04,367 - INFO - 🔄 开始约束LM优化...
2025-08-25 02:32:04,367 - DEBUG - 🔍 约束优化开始:
2025-08-25 02:32:04,367 - DEBUG -    目标函数: Φ(θ) = F(θ) + (1/2)λ_depth * h(θ)²
2025-08-25 02:32:04,367 - DEBUG -    数据项: F(θ) = (1/2)∑w_i(||p_i - c|| - (r + δ_i))²
2025-08-25 02:32:04,367 - DEBUG -    约束项: h(θ) = max{0, ε + z_max - c_z}
2025-08-25 02:32:04,376 - INFO - 🔧 开始参数初始化...
2025-08-25 02:32:04,376 - DEBUG - 🔍 参数初始化开始:
2025-08-25 02:32:04,376 - INFO - 🔍 虹膜边界点数量: 4
2025-08-25 02:32:04,376 - DEBUG -    虹膜点数据:
2025-08-25 02:32:04,376 - DEBUG -      形状: (4, 3)
2025-08-25 02:32:04,376 - DEBUG -      前3个点: [[ 0.00369929  0.02896803  0.60101593]
 [-0.00747041  0.02123622  0.60101771]
 [-0.01741202  0.03110262  0.60131693]]
2025-08-25 02:32:04,376 - DEBUG -      所有点: [[ 0.00369929  0.02896803  0.60101593]
 [-0.00747041  0.02123622  0.60101771]
 [-0.01741202  0.03110262  0.60131693]
 [-0.00617092  0.03871056  0.60114521]]
2025-08-25 02:32:04,381 - DEBUG -    随机选择3个点，索引: [0 1 2]
2025-08-25 02:32:04,381 - DEBUG -    选中的点:
2025-08-25 02:32:04,381 - DEBUG -      形状: (3, 3)
2025-08-25 02:32:04,381 - DEBUG -      坐标: [[ 0.00369929  0.02896803  0.60101593]
 [-0.00747041  0.02123622  0.60101771]
 [-0.01741202  0.03110262  0.60131693]]
2025-08-25 02:32:04,381 - INFO - 🔧 开始2D圆拟合...
2025-08-25 02:32:04,381 - DEBUG - 🔍 2D圆拟合开始:
2025-08-25 02:32:04,384 - DEBUG -    输入点: [[ 0.00369929  0.02896803  0.60101593]
 [-0.00747041  0.02123622  0.60101771]
 [-0.01741202  0.03110262  0.60131693]]
2025-08-25 02:32:04,384 - DEBUG -    点数量: 3
2025-08-25 02:32:04,385 - DEBUG -    坐标提取:
2025-08-25 02:32:04,385 - DEBUG -      X坐标: [ 0.00369929 -0.00747041 -0.01741202]
2025-08-25 02:32:04,385 - DEBUG -      Y坐标: [0.02896803 0.02123622 0.03110262]
2025-08-25 02:32:04,385 - DEBUG -    线性方程组:
2025-08-25 02:32:04,385 - DEBUG -      系数矩阵 A:
[[ 0.00739857  0.05793607  1.        ]
 [-0.01494082  0.04247243  1.        ]
 [-0.03482404  0.06220525  1.        ]]
2025-08-25 02:32:04,385 - DEBUG -      常数向量 b: [[0.00085283]
 [0.00050678]
 [0.00127055]]
2025-08-25 02:32:04,387 - DEBUG -    线性方程组求解结果:
2025-08-25 02:32:04,387 - DEBUG -      解向量: [[-0.00665805]
 [ 0.03199666]
 [-0.00095167]]
2025-08-25 02:32:04,387 - DEBUG -    圆心和半径计算:
2025-08-25 02:32:04,387 - DEBUG -      圆心X坐标: -0.006658
2025-08-25 02:32:04,387 - DEBUG -      圆心Y坐标: 0.031997
2025-08-25 02:32:04,387 - DEBUG -      圆心: [-0.00665805  0.03199666]
2025-08-25 02:32:04,387 - DEBUG -      常数c: -0.000952
2025-08-25 02:32:04,387 - DEBUG -      半径: 0.010791
2025-08-25 02:32:04,387 - DEBUG -    2D圆拟合成功:
2025-08-25 02:32:04,387 - DEBUG -      圆心: [-0.00665805  0.03199666]
2025-08-25 02:32:04,387 - DEBUG -      半径: 0.010791
2025-08-25 02:32:04,387 - DEBUG -    2D圆拟合结果:
2025-08-25 02:32:04,387 - DEBUG -      圆心: [-0.00665805  0.03199666]
2025-08-25 02:32:04,387 - DEBUG -      半径: 0.010791
2025-08-25 02:32:04,387 - DEBUG -    解剖学约束:
2025-08-25 02:32:04,387 - DEBUG -      虹膜到表面最小距离: 0.000500
2025-08-25 02:32:04,387 - DEBUG -      虹膜到表面最大距离: 0.001200
2025-08-25 02:32:04,387 - DEBUG -    半径计算:
2025-08-25 02:32:04,387 - DEBUG -      默认半径: 0.012000
2025-08-25 02:32:04,387 - DEBUG -      中值距离: 0.000850
2025-08-25 02:32:04,387 - DEBUG -      中值距离+半径 d: 0.012850
2025-08-25 02:32:04,387 - INFO - 🔍 中值距离+半径: 0.013m，2D半径: 0.011m，使用虹膜深度偏移
2025-08-25 02:32:04,387 - DEBUG -    勾股定理计算深度偏移: z = sqrt(0.012850² - 0.010791²) = 0.006977
2025-08-25 02:32:04,387 - DEBUG -    3D球心计算:
2025-08-25 02:32:04,387 - DEBUG -      虹膜点平均Z坐标: 0.601117
2025-08-25 02:32:04,392 - DEBUG -      深度偏移: 0.006977
2025-08-25 02:32:04,392 - DEBUG -      3D球心: [-0.00665805  0.03199666  0.60809363]
2025-08-25 02:32:04,392 - DEBUG -    最终初始化参数:
2025-08-25 02:32:04,392 - DEBUG -      球心: [-0.00665805  0.03199666  0.60809363]
2025-08-25 02:32:04,392 - DEBUG -      半径: 0.012000
2025-08-25 02:32:04,392 - INFO - 📍 初始中心点: (-0.007, 0.032, 0.608)
2025-08-25 02:32:04,392 - INFO - 📏 初始半径: 0.012m
2025-08-25 02:32:04,392 - INFO - ⚙️ 创建约束LM优化器...
2025-08-25 02:32:04,392 - DEBUG - 🔍 约束LM优化器初始化:
2025-08-25 02:32:04,392 - DEBUG -    初始球心: [-0.00665805  0.03199666  0.60809363]
2025-08-25 02:32:04,392 - DEBUG -    初始半径: 0.012000
2025-08-25 02:32:04,392 - DEBUG -    参数向量 θ: [[-0.00665805]
 [ 0.03199666]
 [ 0.60809363]
 [ 0.012     ]]
2025-08-25 02:32:04,392 - DEBUG -    样本数量: 21
2025-08-25 02:32:04,392 - DEBUG -    LM配置: LMAlgorithmConfig(lambda_lm=0.01, lambda_factor=10.0, min_lambda=1e-08, max_lambda=100000000.0, max_iterations=30, param_tolerance=5e-06, residual_tolerance=5e-06, max_step=0.01, geometric_weight_factor=10, residual_error_tolerance=0.0005)
2025-08-25 02:32:04,392 - DEBUG -    约束配置: ConstraintConfig(lambda_depth=1000.0, lambda_radius=1.0, radius_prior=0.012, depth_offset_epsilon=0.0002, softplus_tau=0.001, constraint_penalty_factor=1000.0)
2025-08-25 02:32:04,392 - INFO - 🔄 约束LM优化开始: 最大迭代次数=30
2025-08-25 02:32:04,392 - DEBUG - 🔍 优化开始状态:
2025-08-25 02:32:04,392 - DEBUG -    当前参数: [[-0.00665805]
 [ 0.03199666]
 [ 0.60809363]
 [ 0.012     ]]
2025-08-25 02:32:04,392 - DEBUG -    当前球心: [-0.00665805  0.03199666  0.60809363]
2025-08-25 02:32:04,392 - DEBUG -    当前半径: 0.012000
2025-08-25 02:32:04,392 - DEBUG -    最大迭代次数: 30
2025-08-25 02:32:04,392 - DEBUG - 🔍 迭代 1/30:
2025-08-25 02:32:04,392 - DEBUG - 🔍 计算点到球心距离: 形状=(21,)
2025-08-25 02:32:04,392 - DEBUG - 🔍 生理偏差向量计算:
2025-08-25 02:32:04,392 - DEBUG -    点类型列表: ['pupil_center', 'iris_boundaries', 'iris_boundaries', 'iris_boundaries', 'iris_boundaries', 'eye_contours', 'eye_contours', 'eye_contours', 'eye_contours', 'eye_contours', 'eye_contours', 'eye_contours', 'eye_contours', 'eye_contours', 'eye_contours', 'eye_contours', 'eye_contours', 'eye_contours', 'eye_contours', 'eye_contours', 'eye_contours']
2025-08-25 02:32:04,392 - DEBUG -    偏差向量: [0.0002  0.00085 0.00085 0.00085 0.00085 0.0015  0.0015  0.0015  0.0015
 0.0015  0.0015  0.0015  0.0015  0.0015  0.0015  0.0015  0.0015  0.0015
 0.0015  0.0015  0.0015 ]
2025-08-25 02:32:04,392 - DEBUG -    向量形状: (21,)
2025-08-25 02:32:04,392 - DEBUG -    偏差统计: 均值=0.001314, 标准差=0.000356
2025-08-25 02:32:04,392 - DEBUG - 获取生理偏差: 点类型=['pupil_center', 'iris_boundaries', 'iris_boundaries', 'iris_boundaries', 'iris_boundaries', 'eye_contours', 'eye_contours', 'eye_contours', 'eye_contours', 'eye_contours', 'eye_contours', 'eye_contours', 'eye_contours', 'eye_contours', 'eye_contours', 'eye_contours', 'eye_contours', 'eye_contours', 'eye_contours', 'eye_contours', 'eye_contours'], 偏差值=[0.0002  0.00085 0.00085 0.00085 0.00085 0.0015  0.0015  0.0015  0.0015
 0.0015  0.0015  0.0015  0.0015  0.0015  0.0015  0.0015  0.0015  0.0015
 0.0015  0.0015  0.0015 ]
2025-08-25 02:32:04,392 - INFO - -----------------------------------------------------------------------------------
2025-08-25 02:32:04,392 - DEBUG - 🔍 拟合残差计算详情:
2025-08-25 02:32:04,400 - DEBUG -    球心坐标: [-0.00665805  0.03199666  0.60809363]
2025-08-25 02:32:04,400 - DEBUG -    球体半径: 0.012000
2025-08-25 02:32:04,400 - DEBUG -    采样点数: 21
2025-08-25 02:32:04,400 - DEBUG -    点类型分布: {'eye_contours': 16, 'iris_boundaries': 4, 'pupil_center': 1}
2025-08-25 02:32:04,400 - DEBUG -    理论距离向量: [0.0122  0.01285 0.01285 0.01285 0.01285 0.0135  0.0135  0.0135  0.0135
 0.0135  0.0135  0.0135  0.0135  0.0135  0.0135  0.0135  0.0135  0.0135
 0.0135  0.0135  0.0135 ]
2025-08-25 02:32:04,400 - DEBUG -    实际距离向量: [0.00862558 0.01290508 0.0129041  0.01274248 0.00967442 0.02187156
 0.01850973 0.0149598  0.01113926 0.00839435 0.01174174 0.01857362
 0.02361404 0.02655617 0.02377955 0.01857753 0.01283534 0.01011679
 0.01258081 0.01662494 0.01945033]
2025-08-25 02:32:04,400 - DEBUG -    生理偏差向量: [0.0002  0.00085 0.00085 0.00085 0.00085 0.0015  0.0015  0.0015  0.0015
 0.0015  0.0015  0.0015  0.0015  0.0015  0.0015  0.0015  0.0015  0.0015
 0.0015  0.0015  0.0015 ]
2025-08-25 02:32:04,400 - DEBUG -    残差向量 f(θ): 
[[-3.57441999e-03]
 [ 5.50775491e-05]
 [ 5.40969422e-05]
 [-1.07519829e-04]
 [-3.17558005e-03]
 [ 8.37156266e-03]
 [ 5.00972889e-03]
 [ 1.45979859e-03]
 [-2.36074399e-03]
 [-5.10565122e-03]
 [-1.75825551e-03]
 [ 5.07362384e-03]
 [ 1.01140360e-02]
 [ 1.30561656e-02]
 [ 1.02795483e-02]
 [ 5.07753256e-03]
 [-6.64659213e-04]
 [-3.38321331e-03]
 [-9.19185304e-04]
 [ 3.12494254e-03]
 [ 5.95033471e-03]]
2025-08-25 02:32:04,400 - DEBUG -    平均残差范数: 0.001207
2025-08-25 02:32:04,400 - DEBUG -    残差范数=0.025353
2025-08-25 02:32:04,400 - INFO - -----------------------------------------------------------------------------------
2025-08-25 02:32:04,400 - DEBUG - 🔍 深度约束计算详情 (softplus):
2025-08-25 02:32:04,400 - DEBUG -    采样点Z坐标范围: [0.600000, 0.601815]
2025-08-25 02:32:04,400 - DEBUG -    球心Z坐标: 0.608094
2025-08-25 02:32:04,400 - DEBUG -    深度偏移ε: 0.000200
2025-08-25 02:32:04,400 - DEBUG -    softplus参数τ: 0.001000
2025-08-25 02:32:04,400 - DEBUG -    原始违反值: -0.006079
2025-08-25 02:32:04,400 - DEBUG -    softplus输入 u: -6.078647
2025-08-25 02:32:04,400 - DEBUG -    约束惩罚 h(θ): 0.000002
2025-08-25 02:32:04,400 - DEBUG -    🟢 深度约束满足: 球心深度足够
2025-08-25 02:32:04,400 - INFO - -----------------------------------------------------------------------------------
2025-08-25 02:32:04,400 - DEBUG - 🔍 半径惩罚计算详情:
2025-08-25 02:32:04,400 - DEBUG -    当前半径: 0.012000
2025-08-25 02:32:04,400 - DEBUG -    半径先验值: 0.012000
2025-08-25 02:32:04,400 - DEBUG -    半径残差 r(θ): 0.000000
2025-08-25 02:32:04,400 - DEBUG -    数据残差 f(θ): [[-3.57441999e-03]
 [ 5.50775491e-05]
 [ 5.40969422e-05]
 [-1.07519829e-04]
 [-3.17558005e-03]
 [ 8.37156266e-03]
 [ 5.00972889e-03]
 [ 1.45979859e-03]
 [-2.36074399e-03]
 [-5.10565122e-03]
 [-1.75825551e-03]
 [ 5.07362384e-03]
 [ 1.01140360e-02]
 [ 1.30561656e-02]
 [ 1.02795483e-02]
 [ 5.07753256e-03]
 [-6.64659213e-04]
 [-3.38321331e-03]
 [-9.19185304e-04]
 [ 3.12494254e-03]
 [ 5.95033471e-03]]
2025-08-25 02:32:04,400 - DEBUG -    约束残差 g(θ): [[2.28865273e-06]]
2025-08-25 02:32:04,408 - DEBUG -    半径残差 r(θ): [[0.]]
2025-08-25 02:32:04,408 - DEBUG - 🔍 状态变化计算: 参数变化=0.097976, 残差变化=0.017410
2025-08-25 02:32:04,408 - INFO - -----------------------------------------------------------------------------------
2025-08-25 02:32:04,408 - DEBUG - 🔍 权重管理器状态更新详情:
2025-08-25 02:32:04,408 - DEBUG -    当前迭代: 0
2025-08-25 02:32:04,408 - DEBUG -    参数变化: 0.097976 (阈值: 0.000005)
2025-08-25 02:32:04,408 - DEBUG -    残差变化: 0.017410 (阈值: 0.000005)
2025-08-25 02:32:04,408 - DEBUG -    几何权重因子: 10
2025-08-25 02:32:04,408 - DEBUG - ⏸️ 保持图像置信度权重: 参数变化=9.80e-02, 残差变化=1.74e-02
2025-08-25 02:32:04,408 - DEBUG - 状态已保存: 参数=[-0.00665805  0.03199666  0.60809363  0.012     ], 残差范数=0.025353
2025-08-25 02:32:04,408 - DEBUG - 🔍 获取visibility信息: 形状=(21,), 范围=[1.000, 1.000]
2025-08-25 02:32:04,408 - DEBUG - 🔧 设置图像置信度权重: 21个点
2025-08-25 02:32:04,408 - DEBUG - 🔍 开始计算权重矩阵:
2025-08-25 02:32:04,408 - DEBUG -    点类型: ['pupil_center', 'iris_boundaries', 'iris_boundaries', 'iris_boundaries', 'iris_boundaries', 'eye_contours', 'eye_contours', 'eye_contours', 'eye_contours', 'eye_contours', 'eye_contours', 'eye_contours', 'eye_contours', 'eye_contours', 'eye_contours', 'eye_contours', 'eye_contours', 'eye_contours', 'eye_contours', 'eye_contours', 'eye_contours']
2025-08-25 02:32:04,408 - DEBUG -    残差向量: 形状=(21,), 范数=0.025353
2025-08-25 02:32:04,408 - DEBUG -    Visibility: 形状=(21,), 均值=1.000
2025-08-25 02:32:04,408 - WARNING - ⚠️ 权重管理器：没有启用几何权重，使用默认全1权重
2025-08-25 02:32:04,408 - WARNING - ⚠️ 权重管理器：没有启用几何权重，使用默认全1权重
2025-08-25 02:32:04,408 - WARNING - ⚠️ 权重管理器：没有启用几何权重，使用默认全1权重
2025-08-25 02:32:04,408 - WARNING - ⚠️ 权重管理器：没有启用几何权重，使用默认全1权重
2025-08-25 02:32:04,408 - WARNING - ⚠️ 权重管理器：没有启用几何权重，使用默认全1权重
2025-08-25 02:32:04,408 - WARNING - ⚠️ 权重管理器：没有启用几何权重，使用默认全1权重
2025-08-25 02:32:04,408 - WARNING - ⚠️ 权重管理器：没有启用几何权重，使用默认全1权重
2025-08-25 02:32:04,408 - WARNING - ⚠️ 权重管理器：没有启用几何权重，使用默认全1权重
2025-08-25 02:32:04,408 - WARNING - ⚠️ 权重管理器：没有启用几何权重，使用默认全1权重
2025-08-25 02:32:04,408 - WARNING - ⚠️ 权重管理器：没有启用几何权重，使用默认全1权重
2025-08-25 02:32:04,408 - WARNING - ⚠️ 权重管理器：没有启用几何权重，使用默认全1权重
2025-08-25 02:32:04,408 - WARNING - ⚠️ 权重管理器：没有启用几何权重，使用默认全1权重
2025-08-25 02:32:04,408 - WARNING - ⚠️ 权重管理器：没有启用几何权重，使用默认全1权重
2025-08-25 02:32:04,408 - WARNING - ⚠️ 权重管理器：没有启用几何权重，使用默认全1权重
2025-08-25 02:32:04,408 - WARNING - ⚠️ 权重管理器：没有启用几何权重，使用默认全1权重
2025-08-25 02:32:04,408 - WARNING - ⚠️ 权重管理器：没有启用几何权重，使用默认全1权重
2025-08-25 02:32:04,408 - WARNING - ⚠️ 权重管理器：没有启用几何权重，使用默认全1权重
2025-08-25 02:32:04,408 - WARNING - ⚠️ 权重管理器：没有启用几何权重，使用默认全1权重
2025-08-25 02:32:04,408 - WARNING - ⚠️ 权重管理器：没有启用几何权重，使用默认全1权重
2025-08-25 02:32:04,408 - WARNING - ⚠️ 权重管理器：没有启用几何权重，使用默认全1权重
2025-08-25 02:32:04,408 - WARNING - ⚠️ 权重管理器：没有启用几何权重，使用默认全1权重
2025-08-25 02:32:04,408 - DEBUG - 🔍 权重矩阵计算成功: 形状=(21, 21)
2025-08-25 02:32:04,408 - DEBUG - 🔍 几何权重统计:
2025-08-25 02:32:04,408 - DEBUG -    权重向量: [[1.]
 [1.]
 [1.]
 [1.]
 [1.]
 [1.]
 [1.]
 [1.]
 [1.]
 [1.]
 [1.]
 [1.]
 [1.]
 [1.]
 [1.]
 [1.]
 [1.]
 [1.]
 [1.]
 [1.]
 [1.]]
2025-08-25 02:32:04,416 - DEBUG -    权重范围: [1.000000, 1.000000]
2025-08-25 02:32:04,417 - DEBUG -    权重均值: 1.000000
2025-08-25 02:32:04,417 - DEBUG -    权重标准差: 0.000000
2025-08-25 02:32:04,417 - DEBUG -    高权重点(>0.8): 21/21
2025-08-25 02:32:04,417 - DEBUG -    低权重点(<0.2): 0/21
2025-08-25 02:32:04,417 - INFO - -----------------------------------------------------------------------------------
2025-08-25 02:32:04,417 - DEBUG - 🔍 开始求解LM更新方程:
2025-08-25 02:32:04,417 - DEBUG -    数据残差: 形状=(21,), 范数=0.025353
2025-08-25 02:32:04,417 - DEBUG -    约束残差: 形状=(1,), 范数=0.000002
2025-08-25 02:32:04,417 - DEBUG - 🔍 计算数据残差雅可比矩阵 J_f: 形状=(21, 4)
2025-08-25 02:32:04,417 - DEBUG - 🔍 J_f矩阵计算完成: 条件数=6.78e+00
2025-08-25 02:32:04,417 - DEBUG - 🔍 深度约束雅可比计算: u=-6.078647, σ=0.002286, J_h=[[ 0.          0.         -0.00228604  0.        ]]
2025-08-25 02:32:04,417 - DEBUG - 🔍 半径先验雅可比: J_r=[[0. 0. 0. 1.]]
2025-08-25 02:32:04,417 - DEBUG - 🔍 使用几何权重矩阵: 形状=(21, 21)
2025-08-25 02:32:04,417 - DEBUG - 🔍 Hessian矩阵计算:
2025-08-25 02:32:04,417 - DEBUG -    H_data = J_f^T W J_f: 形状=(4, 4), 条件数=4.59e+01
2025-08-25 02:32:04,417 - DEBUG -    H_h = λ_depth J_h^T J_h: 形状=(4, 4), λ_depth=1000.0
2025-08-25 02:32:04,417 - DEBUG -    H_r = λ_radius J_r^T J_r: 形状=(4, 4), λ_radius=1.0
2025-08-25 02:32:04,422 - DEBUG -    H_total: 形状=(4, 4), 条件数=3.45e+01
2025-08-25 02:32:04,434 - DEBUG - 🔍 梯度计算:
2025-08-25 02:32:04,435 - DEBUG -    g_data: 形状=(4,), 范数=0.051243
2025-08-25 02:32:04,435 - DEBUG -    g_h: 形状=(4,), 范数=0.000005
2025-08-25 02:32:04,435 - DEBUG -    g_r: 形状=(4,), 范数=0.000000
2025-08-25 02:32:04,435 - DEBUG -    g_total: 形状=(4,), 范数=0.051244
2025-08-25 02:32:04,435 - DEBUG - 🔍 初始化LM阻尼因子: λ_LM = 0.01
2025-08-25 02:32:04,435 - DEBUG - 🔍 LM阻尼矩阵: H_lm = H_total + 0.01 * I
2025-08-25 02:32:04,435 - DEBUG -    H_lm条件数: 3.41e+01
2025-08-25 02:32:04,435 - DEBUG - 🔍 线性方程组求解成功:
2025-08-25 02:32:04,435 - DEBUG -    参数更新向量 Δθ: [[-0.00131909]
 [ 0.00012452]
 [-0.01656169]
 [ 0.01018185]]
2025-08-25 02:32:04,435 - DEBUG -    更新向量范数: 0.019486
2025-08-25 02:32:04,435 - DEBUG -    各分量更新: Δc_x=-0.001319, Δc_y=0.000125, Δc_z=-0.016562, Δr=0.010182
2025-08-25 02:32:04,439 - DEBUG -    参数更新:
2025-08-25 02:32:04,441 - DEBUG -      旧参数: [[-0.00665805]
 [ 0.03199666]
 [ 0.60809363]
 [ 0.012     ]]
2025-08-25 02:32:04,441 - DEBUG -      更新向量: [[-0.00131909]
 [ 0.00012452]
 [-0.01656169]
 [ 0.01018185]]
2025-08-25 02:32:04,441 - DEBUG -      新参数: [[-0.00797714]
 [ 0.03212118]
 [ 0.59153195]
 [ 0.02218185]]
2025-08-25 02:32:04,441 - INFO - -----------------------------------------------------------------------------------
2025-08-25 02:32:04,441 - INFO - 🔍 迭代第0次，球心向右1.319086mm，向下0.124524mm，向前16.561686mm，半径变大10.181850mm
2025-08-25 02:32:04,444 - INFO - 📊 变化前: 中心(-0.007, 0.032, 0.608), 半径12.00mm
2025-08-25 02:32:04,444 - INFO - 📊 变化后: 中心(-0.008, 0.032, 0.592), 半径22.18mm
2025-08-25 02:32:04,444 - INFO - 📈 变化量: 中心移动1.32mm, 半径变化10.18mm
2025-08-25 02:32:04,447 - INFO - 📍 眼球中心: [-0.00665805  0.03199666  0.60809363]
2025-08-25 02:32:04,447 - INFO - 📏 眼球半径: 12.00mm
2025-08-25 02:32:04,447 - INFO - 👁️ 瞳孔中心: [-0.008       0.02933333  0.60000002]
2025-08-25 02:32:04,447 - INFO - 📐 眼球中心在瞳孔中心的右1.34mm，下2.66mm，后8.09mm
2025-08-25 02:32:04,447 - INFO - 📏 距离: 8.63mm
2025-08-25 02:32:04,447 - INFO - -----------------------------------------------------------------------------------
2025-08-25 02:32:04,447 - INFO - -----------------------------------------------------------------------------------
2025-08-25 02:32:04,449 - DEBUG - 🔍 参数有效性检查:
2025-08-25 02:32:04,449 - DEBUG -    参数向量: [[-0.00797714]
 [ 0.03212118]
 [ 0.59153195]
 [ 0.02218185]]
2025-08-25 02:32:04,449 - DEBUG -    球心: [-0.00797714  0.03212118  0.59153195]
2025-08-25 02:32:04,449 - DEBUG -    半径: 0.022182
2025-08-25 02:32:04,449 - DEBUG - 🔍 初始化函数值 Φ(θ): 0.000321
2025-08-25 02:32:04,449 - DEBUG - 🔍 参数有效: True
2025-08-25 02:32:04,449 - DEBUG -    参数更新成功:
2025-08-25 02:32:04,449 - DEBUG -      新球心: [-0.00797714  0.03212118  0.59153195]
2025-08-25 02:32:04,449 - DEBUG -      新半径: 0.022182
2025-08-25 02:32:04,449 - INFO - -----------------------------------------------------------------------------------
2025-08-25 02:32:04,449 - DEBUG - 🔍 LM收敛性检查:
2025-08-25 02:32:04,449 - DEBUG -    当前迭代次数: 0
2025-08-25 02:32:04,449 - DEBUG -    最大迭代次数: 30
2025-08-25 02:32:04,449 - DEBUG -    参数变化: 0.019486
2025-08-25 02:32:04,449 - DEBUG -    参数容忍度: 5e-06
2025-08-25 02:32:04,449 - DEBUG -    残差变化: 0.000000
2025-08-25 02:32:04,449 - DEBUG -    残差容忍度: 5e-06
2025-08-25 02:32:04,449 - DEBUG - 🔍 迭代 2/30:
2025-08-25 02:32:04,449 - DEBUG - 🔍 计算点到球心距离: 形状=(21,)
2025-08-25 02:32:04,449 - DEBUG - 🔍 生理偏差向量计算:
2025-08-25 02:32:04,449 - DEBUG -    点类型列表: ['pupil_center', 'iris_boundaries', 'iris_boundaries', 'iris_boundaries', 'iris_boundaries', 'eye_contours', 'eye_contours', 'eye_contours', 'eye_contours', 'eye_contours', 'eye_contours', 'eye_contours', 'eye_contours', 'eye_contours', 'eye_contours', 'eye_contours', 'eye_contours', 'eye_contours', 'eye_contours', 'eye_contours', 'eye_contours']
2025-08-25 02:32:04,449 - DEBUG -    偏差向量: [0.0002  0.00085 0.00085 0.00085 0.00085 0.0015  0.0015  0.0015  0.0015
 0.0015  0.0015  0.0015  0.0015  0.0015  0.0015  0.0015  0.0015  0.0015
 0.0015  0.0015  0.0015 ]
2025-08-25 02:32:04,449 - DEBUG -    向量形状: (21,)
2025-08-25 02:32:04,449 - DEBUG -    偏差统计: 均值=0.001314, 标准差=0.000356
2025-08-25 02:32:04,449 - DEBUG - 获取生理偏差: 点类型=['pupil_center', 'iris_boundaries', 'iris_boundaries', 'iris_boundaries', 'iris_boundaries', 'eye_contours', 'eye_contours', 'eye_contours', 'eye_contours', 'eye_contours', 'eye_contours', 'eye_contours', 'eye_contours', 'eye_contours', 'eye_contours', 'eye_contours', 'eye_contours', 'eye_contours', 'eye_contours', 'eye_contours', 'eye_contours'], 偏差值=[0.0002  0.00085 0.00085 0.00085 0.00085 0.0015  0.0015  0.0015  0.0015
 0.0015  0.0015  0.0015  0.0015  0.0015  0.0015  0.0015  0.0015  0.0015
 0.0015  0.0015  0.0015 ]
2025-08-25 02:32:04,449 - INFO - -----------------------------------------------------------------------------------
2025-08-25 02:32:04,449 - DEBUG - 🔍 拟合残差计算详情:
2025-08-25 02:32:04,449 - DEBUG -    球心坐标: [-0.00797714  0.03212118  0.59153195]
2025-08-25 02:32:04,449 - DEBUG -    球体半径: 0.022182
2025-08-25 02:32:04,449 - DEBUG -    采样点数: 21
2025-08-25 02:32:04,449 - DEBUG -    点类型分布: {'eye_contours': 16, 'iris_boundaries': 4, 'pupil_center': 1}
2025-08-25 02:32:04,449 - DEBUG -    理论距离向量: [0.02238185 0.02303185 0.02303185 0.02303185 0.02303185 0.02368185
 0.02368185 0.02368185 0.02368185 0.02368185 0.02368185 0.02368185
 0.02368185 0.02368185 0.02368185 0.02368185 0.02368185 0.02368185
 0.02368185 0.02368185 0.02368185]
2025-08-25 02:32:04,449 - DEBUG -    实际距离向量: [0.00891521 0.01536968 0.01444711 0.01363086 0.01179395 0.02216136
 0.01859401 0.01576881 0.0118159  0.01004542 0.01437539 0.02057624
 0.0257122  0.02848737 0.02616266 0.02095995 0.01441411 0.01166868
 0.01379694 0.01697    0.01961065]
2025-08-25 02:32:04,449 - DEBUG -    生理偏差向量: [0.0002  0.00085 0.00085 0.00085 0.00085 0.0015  0.0015  0.0015  0.0015
 0.0015  0.0015  0.0015  0.0015  0.0015  0.0015  0.0015  0.0015  0.0015
 0.0015  0.0015  0.0015 ]
2025-08-25 02:32:04,458 - DEBUG -    残差向量 f(θ): 
[[-0.01346664]
 [-0.00766217]
 [-0.00858474]
 [-0.00940099]
 [-0.0112379 ]
 [-0.00152049]
 [-0.00508784]
 [-0.00791304]
 [-0.01186595]
 [-0.01363643]
 [-0.00930646]
 [-0.00310561]
 [ 0.00203035]
 [ 0.00480552]
 [ 0.00248081]
 [-0.0027219 ]
 [-0.00926774]
 [-0.01201317]
 [-0.00988491]
 [-0.00671185]
 [-0.0040712 ]]
2025-08-25 02:32:04,458 - DEBUG -    平均残差范数: 0.001827
2025-08-25 02:32:04,459 - DEBUG -    残差范数=0.038374
2025-08-25 02:32:04,459 - INFO - -----------------------------------------------------------------------------------
2025-08-25 02:32:04,459 - DEBUG - 🔍 深度约束计算详情 (softplus):
2025-08-25 02:32:04,459 - DEBUG -    采样点Z坐标范围: [0.600000, 0.601815]
2025-08-25 02:32:04,459 - DEBUG -    球心Z坐标: 0.591532
2025-08-25 02:32:04,459 - DEBUG -    深度偏移ε: 0.000200
2025-08-25 02:32:04,462 - DEBUG -    softplus参数τ: 0.001000
2025-08-25 02:32:04,462 - DEBUG -    原始违反值: 0.010483
2025-08-25 02:32:04,462 - DEBUG -    softplus输入 u: 10.483039
2025-08-25 02:32:04,462 - DEBUG -    约束惩罚 h(θ): 0.010483
2025-08-25 02:32:04,462 - DEBUG -    🔴 深度约束被违反: 球心过浅
2025-08-25 02:32:04,462 - INFO - -----------------------------------------------------------------------------------
2025-08-25 02:32:04,464 - DEBUG - 🔍 半径惩罚计算详情:
2025-08-25 02:32:04,464 - DEBUG -    当前半径: 0.022182
2025-08-25 02:32:04,464 - DEBUG -    半径先验值: 0.012000
2025-08-25 02:32:04,464 - DEBUG -    半径残差 r(θ): 0.010182
2025-08-25 02:32:04,465 - DEBUG -    数据残差 f(θ): [[-0.01346664]
 [-0.00766217]
 [-0.00858474]
 [-0.00940099]
 [-0.0112379 ]
 [-0.00152049]
 [-0.00508784]
 [-0.00791304]
 [-0.01186595]
 [-0.01363643]
 [-0.00930646]
 [-0.00310561]
 [ 0.00203035]
 [ 0.00480552]
 [ 0.00248081]
 [-0.0027219 ]
 [-0.00926774]
 [-0.01201317]
 [-0.00988491]
 [-0.00671185]
 [-0.0040712 ]]
2025-08-25 02:32:04,465 - DEBUG -    约束残差 g(θ): [[0.01048307]]
2025-08-25 02:32:04,465 - DEBUG -    半径残差 r(θ): [[0.01018185]]
2025-08-25 02:32:04,465 - DEBUG - 🔍 状态变化计算: 参数变化=0.019486, 残差变化=0.013021
2025-08-25 02:32:04,465 - INFO - -----------------------------------------------------------------------------------
2025-08-25 02:32:04,465 - DEBUG - 🔍 权重管理器状态更新详情:
2025-08-25 02:32:04,465 - DEBUG -    当前迭代: 1
2025-08-25 02:32:04,465 - DEBUG -    参数变化: 0.019486 (阈值: 0.000005)
2025-08-25 02:32:04,465 - DEBUG -    残差变化: 0.013021 (阈值: 0.000005)
2025-08-25 02:32:04,465 - DEBUG -    几何权重因子: 10
2025-08-25 02:32:04,465 - DEBUG - ⏸️ 保持图像置信度权重: 参数变化=1.95e-02, 残差变化=1.30e-02
2025-08-25 02:32:04,465 - DEBUG - 状态已保存: 参数=[-0.00797714  0.03212118  0.59153195  0.02218185], 残差范数=0.038374
2025-08-25 02:32:04,465 - DEBUG - 🔍 获取visibility信息: 形状=(21,), 范围=[1.000, 1.000]
2025-08-25 02:32:04,465 - DEBUG - 🔧 设置图像置信度权重: 21个点
2025-08-25 02:32:04,465 - DEBUG - 🔍 开始计算权重矩阵:
2025-08-25 02:32:04,465 - DEBUG -    点类型: ['pupil_center', 'iris_boundaries', 'iris_boundaries', 'iris_boundaries', 'iris_boundaries', 'eye_contours', 'eye_contours', 'eye_contours', 'eye_contours', 'eye_contours', 'eye_contours', 'eye_contours', 'eye_contours', 'eye_contours', 'eye_contours', 'eye_contours', 'eye_contours', 'eye_contours', 'eye_contours', 'eye_contours', 'eye_contours']
2025-08-25 02:32:04,465 - DEBUG -    残差向量: 形状=(21,), 范数=0.038374
2025-08-25 02:32:04,465 - DEBUG -    Visibility: 形状=(21,), 均值=1.000
2025-08-25 02:32:04,465 - WARNING - ⚠️ 权重管理器：没有启用几何权重，使用默认全1权重
2025-08-25 02:32:04,465 - WARNING - ⚠️ 权重管理器：没有启用几何权重，使用默认全1权重
2025-08-25 02:32:04,465 - WARNING - ⚠️ 权重管理器：没有启用几何权重，使用默认全1权重
2025-08-25 02:32:04,465 - WARNING - ⚠️ 权重管理器：没有启用几何权重，使用默认全1权重
2025-08-25 02:32:04,465 - WARNING - ⚠️ 权重管理器：没有启用几何权重，使用默认全1权重
2025-08-25 02:32:04,465 - WARNING - ⚠️ 权重管理器：没有启用几何权重，使用默认全1权重
2025-08-25 02:32:04,465 - WARNING - ⚠️ 权重管理器：没有启用几何权重，使用默认全1权重
2025-08-25 02:32:04,465 - WARNING - ⚠️ 权重管理器：没有启用几何权重，使用默认全1权重
2025-08-25 02:32:04,465 - WARNING - ⚠️ 权重管理器：没有启用几何权重，使用默认全1权重
2025-08-25 02:32:04,465 - WARNING - ⚠️ 权重管理器：没有启用几何权重，使用默认全1权重
2025-08-25 02:32:04,465 - WARNING - ⚠️ 权重管理器：没有启用几何权重，使用默认全1权重
2025-08-25 02:32:04,465 - WARNING - ⚠️ 权重管理器：没有启用几何权重，使用默认全1权重
2025-08-25 02:32:04,465 - WARNING - ⚠️ 权重管理器：没有启用几何权重，使用默认全1权重
2025-08-25 02:32:04,465 - WARNING - ⚠️ 权重管理器：没有启用几何权重，使用默认全1权重
2025-08-25 02:32:04,465 - WARNING - ⚠️ 权重管理器：没有启用几何权重，使用默认全1权重
2025-08-25 02:32:04,465 - WARNING - ⚠️ 权重管理器：没有启用几何权重，使用默认全1权重
2025-08-25 02:32:04,465 - WARNING - ⚠️ 权重管理器：没有启用几何权重，使用默认全1权重
2025-08-25 02:32:04,465 - WARNING - ⚠️ 权重管理器：没有启用几何权重，使用默认全1权重
2025-08-25 02:32:04,465 - WARNING - ⚠️ 权重管理器：没有启用几何权重，使用默认全1权重
2025-08-25 02:32:04,465 - WARNING - ⚠️ 权重管理器：没有启用几何权重，使用默认全1权重
2025-08-25 02:32:04,465 - WARNING - ⚠️ 权重管理器：没有启用几何权重，使用默认全1权重
2025-08-25 02:32:04,475 - DEBUG - 🔍 权重矩阵计算成功: 形状=(21, 21)
2025-08-25 02:32:04,475 - DEBUG - 🔍 几何权重统计:
2025-08-25 02:32:04,475 - DEBUG -    权重向量: [[1.]
 [1.]
 [1.]
 [1.]
 [1.]
 [1.]
 [1.]
 [1.]
 [1.]
 [1.]
 [1.]
 [1.]
 [1.]
 [1.]
 [1.]
 [1.]
 [1.]
 [1.]
 [1.]
 [1.]
 [1.]]
2025-08-25 02:32:04,475 - DEBUG -    权重范围: [1.000000, 1.000000]
2025-08-25 02:32:04,478 - DEBUG -    权重均值: 1.000000
2025-08-25 02:32:04,478 - DEBUG -    权重标准差: 0.000000
2025-08-25 02:32:04,478 - DEBUG -    高权重点(>0.8): 21/21
2025-08-25 02:32:04,478 - DEBUG -    低权重点(<0.2): 0/21
2025-08-25 02:32:04,478 - INFO - -----------------------------------------------------------------------------------
2025-08-25 02:32:04,478 - DEBUG - 🔍 开始求解LM更新方程:
2025-08-25 02:32:04,478 - DEBUG -    数据残差: 形状=(21,), 范数=0.038374
2025-08-25 02:32:04,478 - DEBUG -    约束残差: 形状=(1,), 范数=0.010483
2025-08-25 02:32:04,478 - DEBUG - 🔍 计算数据残差雅可比矩阵 J_f: 形状=(21, 4)
2025-08-25 02:32:04,478 - DEBUG - 🔍 J_f矩阵计算完成: 条件数=8.58e+00
2025-08-25 02:32:04,478 - DEBUG - 🔍 深度约束雅可比计算: u=10.483039, σ=0.999972, J_h=[[ 0.          0.         -0.99997199  0.        ]]
2025-08-25 02:32:04,482 - DEBUG - 🔍 半径先验雅可比: J_r=[[0. 0. 0. 1.]]
2025-08-25 02:32:04,482 - DEBUG - 🔍 使用几何权重矩阵: 形状=(21, 21)
2025-08-25 02:32:04,482 - DEBUG - 🔍 Hessian矩阵计算:
2025-08-25 02:32:04,482 - DEBUG -    H_data = J_f^T W J_f: 形状=(4, 4), 条件数=7.37e+01
2025-08-25 02:32:04,482 - DEBUG -    H_h = λ_depth J_h^T J_h: 形状=(4, 4), λ_depth=1000.0
2025-08-25 02:32:04,482 - DEBUG -    H_r = λ_radius J_r^T J_r: 形状=(4, 4), λ_radius=1.0
2025-08-25 02:32:04,482 - DEBUG -    H_total: 形状=(4, 4), 条件数=4.93e+02
2025-08-25 02:32:04,482 - DEBUG - 🔍 梯度计算:
2025-08-25 02:32:04,482 - DEBUG -    g_data: 形状=(4,), 范数=0.173885
2025-08-25 02:32:04,482 - DEBUG -    g_h: 形状=(4,), 范数=10.482773
2025-08-25 02:32:04,482 - DEBUG -    g_r: 形状=(4,), 范数=0.010182
2025-08-25 02:32:04,482 - DEBUG -    g_total: 形状=(4,), 范数=10.586914
2025-08-25 02:32:04,482 - DEBUG - 🔍 LM阻尼矩阵: H_lm = H_total + 0.01 * I
2025-08-25 02:32:04,482 - DEBUG -    H_lm条件数: 4.91e+02
2025-08-25 02:32:04,482 - DEBUG - 🔍 线性方程组求解成功:
2025-08-25 02:32:04,482 - DEBUG -    参数更新向量 Δθ: [[-1.89800135e-03]
 [-2.11839792e-05]
 [ 1.04873899e-02]
 [-6.55944941e-04]]
2025-08-25 02:32:04,482 - DEBUG -    更新向量范数: 0.010678
2025-08-25 02:32:04,482 - DEBUG -    各分量更新: Δc_x=-0.001898, Δc_y=-0.000021, Δc_z=0.010487, Δr=-0.000656
2025-08-25 02:32:04,482 - DEBUG -    参数更新:
2025-08-25 02:32:04,482 - DEBUG -      旧参数: [[-0.00797714]
 [ 0.03212118]
 [ 0.59153195]
 [ 0.02218185]]
2025-08-25 02:32:04,482 - DEBUG -      更新向量: [[-1.89800135e-03]
 [-2.11839792e-05]
 [ 1.04873899e-02]
 [-6.55944941e-04]]
2025-08-25 02:32:04,482 - DEBUG -      新参数: [[-0.00987514]
 [ 0.0321    ]
 [ 0.60201934]
 [ 0.0215259 ]]
2025-08-25 02:32:04,482 - INFO - -----------------------------------------------------------------------------------
2025-08-25 02:32:04,482 - INFO - 🔍 迭代第1次，球心向右1.898001mm，向上0.021184mm，向后10.487390mm，半径变小0.655945mm
2025-08-25 02:32:04,482 - INFO - 📊 变化前: 中心(-0.008, 0.032, 0.592), 半径22.18mm
2025-08-25 02:32:04,482 - INFO - 📊 变化后: 中心(-0.010, 0.032, 0.602), 半径21.53mm
2025-08-25 02:32:04,482 - INFO - 📈 变化量: 中心移动1.90mm, 半径变化0.66mm
2025-08-25 02:32:04,482 - INFO - 📍 眼球中心: [-0.00797714  0.03212118  0.59153195]
2025-08-25 02:32:04,482 - INFO - 📏 眼球半径: 22.18mm
2025-08-25 02:32:04,482 - INFO - 👁️ 瞳孔中心: [-0.008       0.02933333  0.60000002]
2025-08-25 02:32:04,482 - INFO - 📐 眼球中心在瞳孔中心的右0.02mm，下2.79mm，前8.47mm
2025-08-25 02:32:04,482 - INFO - 📏 距离: 8.92mm
2025-08-25 02:32:04,482 - INFO - -----------------------------------------------------------------------------------
2025-08-25 02:32:04,482 - INFO - -----------------------------------------------------------------------------------
2025-08-25 02:32:04,482 - DEBUG - 🔍 参数有效性检查:
2025-08-25 02:32:04,492 - DEBUG -    参数向量: [[-0.00987514]
 [ 0.0321    ]
 [ 0.60201934]
 [ 0.0215259 ]]
2025-08-25 02:32:04,492 - DEBUG -    球心: [-0.00987514  0.0321      0.60201934]
2025-08-25 02:32:04,492 - DEBUG -    半径: 0.021526
2025-08-25 02:32:04,494 - DEBUG - 🔍 函数值计算详情:
2025-08-25 02:32:04,494 - DEBUG -    数据项 F(θ): 0.000736
2025-08-25 02:32:04,494 - DEBUG -    深度约束项: 0.054947
2025-08-25 02:32:04,494 - DEBUG -    半径先验项: 0.000052
2025-08-25 02:32:04,494 - DEBUG -    总函数值 Φ(θ): 0.055735
2025-08-25 02:32:04,494 - DEBUG -    函数值改善: -0.055414
2025-08-25 02:32:04,494 - DEBUG - 🔍 参数有效: False
2025-08-25 02:32:04,494 - DEBUG -    参数无效，阻尼因子调整: λ_LM = 1.00e-01
2025-08-25 02:32:04,494 - DEBUG - 🔍 迭代 3/30:
2025-08-25 02:32:04,494 - DEBUG - 🔍 计算点到球心距离: 形状=(21,)
2025-08-25 02:32:04,494 - DEBUG - 🔍 生理偏差向量计算:
2025-08-25 02:32:04,494 - DEBUG -    点类型列表: ['pupil_center', 'iris_boundaries', 'iris_boundaries', 'iris_boundaries', 'iris_boundaries', 'eye_contours', 'eye_contours', 'eye_contours', 'eye_contours', 'eye_contours', 'eye_contours', 'eye_contours', 'eye_contours', 'eye_contours', 'eye_contours', 'eye_contours', 'eye_contours', 'eye_contours', 'eye_contours', 'eye_contours', 'eye_contours']
2025-08-25 02:32:04,494 - DEBUG -    偏差向量: [0.0002  0.00085 0.00085 0.00085 0.00085 0.0015  0.0015  0.0015  0.0015
 0.0015  0.0015  0.0015  0.0015  0.0015  0.0015  0.0015  0.0015  0.0015
 0.0015  0.0015  0.0015 ]
2025-08-25 02:32:04,494 - DEBUG -    向量形状: (21,)
2025-08-25 02:32:04,498 - DEBUG -    偏差统计: 均值=0.001314, 标准差=0.000356
2025-08-25 02:32:04,498 - DEBUG - 获取生理偏差: 点类型=['pupil_center', 'iris_boundaries', 'iris_boundaries', 'iris_boundaries', 'iris_boundaries', 'eye_contours', 'eye_contours', 'eye_contours', 'eye_contours', 'eye_contours', 'eye_contours', 'eye_contours', 'eye_contours', 'eye_contours', 'eye_contours', 'eye_contours', 'eye_contours', 'eye_contours', 'eye_contours', 'eye_contours', 'eye_contours'], 偏差值=[0.0002  0.00085 0.00085 0.00085 0.00085 0.0015  0.0015  0.0015  0.0015
 0.0015  0.0015  0.0015  0.0015  0.0015  0.0015  0.0015  0.0015  0.0015
 0.0015  0.0015  0.0015 ]
2025-08-25 02:32:04,498 - INFO - -----------------------------------------------------------------------------------
2025-08-25 02:32:04,498 - DEBUG - 🔍 拟合残差计算详情:
2025-08-25 02:32:04,498 - DEBUG -    球心坐标: [-0.00797714  0.03212118  0.59153195]
2025-08-25 02:32:04,498 - DEBUG -    球体半径: 0.022182
2025-08-25 02:32:04,498 - DEBUG -    采样点数: 21
2025-08-25 02:32:04,500 - DEBUG -    点类型分布: {'eye_contours': 16, 'iris_boundaries': 4, 'pupil_center': 1}
2025-08-25 02:32:04,500 - DEBUG -    理论距离向量: [0.02238185 0.02303185 0.02303185 0.02303185 0.02303185 0.02368185
 0.02368185 0.02368185 0.02368185 0.02368185 0.02368185 0.02368185
 0.02368185 0.02368185 0.02368185 0.02368185 0.02368185 0.02368185
 0.02368185 0.02368185 0.02368185]
2025-08-25 02:32:04,500 - DEBUG -    实际距离向量: [0.00891521 0.01536968 0.01444711 0.01363086 0.01179395 0.02216136
 0.01859401 0.01576881 0.0118159  0.01004542 0.01437539 0.02057624
 0.0257122  0.02848737 0.02616266 0.02095995 0.01441411 0.01166868
 0.01379694 0.01697    0.01961065]
2025-08-25 02:32:04,500 - DEBUG -    生理偏差向量: [0.0002  0.00085 0.00085 0.00085 0.00085 0.0015  0.0015  0.0015  0.0015
 0.0015  0.0015  0.0015  0.0015  0.0015  0.0015  0.0015  0.0015  0.0015
 0.0015  0.0015  0.0015 ]
2025-08-25 02:32:04,500 - DEBUG -    残差向量 f(θ): 
[[-0.01346664]
 [-0.00766217]
 [-0.00858474]
 [-0.00940099]
 [-0.0112379 ]
 [-0.00152049]
 [-0.00508784]
 [-0.00791304]
 [-0.01186595]
 [-0.01363643]
 [-0.00930646]
 [-0.00310561]
 [ 0.00203035]
 [ 0.00480552]
 [ 0.00248081]
 [-0.0027219 ]
 [-0.00926774]
 [-0.01201317]
 [-0.00988491]
 [-0.00671185]
 [-0.0040712 ]]
2025-08-25 02:32:04,500 - DEBUG -    平均残差范数: 0.001827
2025-08-25 02:32:04,500 - DEBUG -    残差范数=0.038374
2025-08-25 02:32:04,500 - INFO - -----------------------------------------------------------------------------------
2025-08-25 02:32:04,502 - DEBUG - 🔍 深度约束计算详情 (softplus):
2025-08-25 02:32:04,502 - DEBUG -    采样点Z坐标范围: [0.600000, 0.601815]
2025-08-25 02:32:04,502 - DEBUG -    球心Z坐标: 0.591532
2025-08-25 02:32:04,502 - DEBUG -    深度偏移ε: 0.000200
2025-08-25 02:32:04,502 - DEBUG -    softplus参数τ: 0.001000
2025-08-25 02:32:04,502 - DEBUG -    原始违反值: 0.010483
2025-08-25 02:32:04,502 - DEBUG -    softplus输入 u: 10.483039
2025-08-25 02:32:04,502 - DEBUG -    约束惩罚 h(θ): 0.010483
2025-08-25 02:32:04,502 - DEBUG -    🔴 深度约束被违反: 球心过浅
2025-08-25 02:32:04,502 - INFO - -----------------------------------------------------------------------------------
2025-08-25 02:32:04,502 - DEBUG - 🔍 半径惩罚计算详情:
2025-08-25 02:32:04,502 - DEBUG -    当前半径: 0.022182
2025-08-25 02:32:04,502 - DEBUG -    半径先验值: 0.012000
2025-08-25 02:32:04,502 - DEBUG -    半径残差 r(θ): 0.010182
2025-08-25 02:32:04,502 - DEBUG -    数据残差 f(θ): [[-0.01346664]
 [-0.00766217]
 [-0.00858474]
 [-0.00940099]
 [-0.0112379 ]
 [-0.00152049]
 [-0.00508784]
 [-0.00791304]
 [-0.01186595]
 [-0.01363643]
 [-0.00930646]
 [-0.00310561]
 [ 0.00203035]
 [ 0.00480552]
 [ 0.00248081]
 [-0.0027219 ]
 [-0.00926774]
 [-0.01201317]
 [-0.00988491]
 [-0.00671185]
 [-0.0040712 ]]
2025-08-25 02:32:04,502 - DEBUG -    约束残差 g(θ): [[0.01048307]]
2025-08-25 02:32:04,504 - DEBUG -    半径残差 r(θ): [[0.01018185]]
2025-08-25 02:32:04,504 - DEBUG - 🔍 状态变化计算: 参数变化=0.000000, 残差变化=0.000000
2025-08-25 02:32:04,504 - INFO - -----------------------------------------------------------------------------------
2025-08-25 02:32:04,504 - DEBUG - 🔍 权重管理器状态更新详情:
2025-08-25 02:32:04,504 - DEBUG -    当前迭代: 2
2025-08-25 02:32:04,504 - DEBUG -    参数变化: 0.000000 (阈值: 0.000005)
2025-08-25 02:32:04,504 - DEBUG -    残差变化: 0.000000 (阈值: 0.000005)
2025-08-25 02:32:04,504 - DEBUG -    几何权重因子: 10
2025-08-25 02:32:04,504 - DEBUG - ⏸️ 保持图像置信度权重: 参数变化=0.00e+00, 残差变化=0.00e+00
2025-08-25 02:32:04,504 - DEBUG - 状态已保存: 参数=[-0.00797714  0.03212118  0.59153195  0.02218185], 残差范数=0.038374
2025-08-25 02:32:04,504 - DEBUG - 🔍 获取visibility信息: 形状=(21,), 范围=[1.000, 1.000]
2025-08-25 02:32:04,504 - DEBUG - 🔧 设置图像置信度权重: 21个点
2025-08-25 02:32:04,506 - DEBUG - 🔍 开始计算权重矩阵:
2025-08-25 02:32:04,506 - DEBUG -    点类型: ['pupil_center', 'iris_boundaries', 'iris_boundaries', 'iris_boundaries', 'iris_boundaries', 'eye_contours', 'eye_contours', 'eye_contours', 'eye_contours', 'eye_contours', 'eye_contours', 'eye_contours', 'eye_contours', 'eye_contours', 'eye_contours', 'eye_contours', 'eye_contours', 'eye_contours', 'eye_contours', 'eye_contours', 'eye_contours']
2025-08-25 02:32:04,506 - DEBUG -    残差向量: 形状=(21,), 范数=0.038374
2025-08-25 02:32:04,506 - DEBUG -    Visibility: 形状=(21,), 均值=1.000
2025-08-25 02:32:04,506 - WARNING - ⚠️ 权重管理器：没有启用几何权重，使用默认全1权重
2025-08-25 02:32:04,506 - WARNING - ⚠️ 权重管理器：没有启用几何权重，使用默认全1权重
2025-08-25 02:32:04,506 - WARNING - ⚠️ 权重管理器：没有启用几何权重，使用默认全1权重
2025-08-25 02:32:04,506 - WARNING - ⚠️ 权重管理器：没有启用几何权重，使用默认全1权重
2025-08-25 02:32:04,508 - WARNING - ⚠️ 权重管理器：没有启用几何权重，使用默认全1权重
2025-08-25 02:32:04,508 - WARNING - ⚠️ 权重管理器：没有启用几何权重，使用默认全1权重
2025-08-25 02:32:04,508 - WARNING - ⚠️ 权重管理器：没有启用几何权重，使用默认全1权重
2025-08-25 02:32:04,508 - WARNING - ⚠️ 权重管理器：没有启用几何权重，使用默认全1权重
2025-08-25 02:32:04,508 - WARNING - ⚠️ 权重管理器：没有启用几何权重，使用默认全1权重
2025-08-25 02:32:04,508 - WARNING - ⚠️ 权重管理器：没有启用几何权重，使用默认全1权重
2025-08-25 02:32:04,508 - WARNING - ⚠️ 权重管理器：没有启用几何权重，使用默认全1权重
2025-08-25 02:32:04,508 - WARNING - ⚠️ 权重管理器：没有启用几何权重，使用默认全1权重
2025-08-25 02:32:04,508 - WARNING - ⚠️ 权重管理器：没有启用几何权重，使用默认全1权重
2025-08-25 02:32:04,508 - WARNING - ⚠️ 权重管理器：没有启用几何权重，使用默认全1权重
2025-08-25 02:32:04,508 - WARNING - ⚠️ 权重管理器：没有启用几何权重，使用默认全1权重
2025-08-25 02:32:04,510 - WARNING - ⚠️ 权重管理器：没有启用几何权重，使用默认全1权重
2025-08-25 02:32:04,510 - WARNING - ⚠️ 权重管理器：没有启用几何权重，使用默认全1权重
2025-08-25 02:32:04,510 - WARNING - ⚠️ 权重管理器：没有启用几何权重，使用默认全1权重
2025-08-25 02:32:04,510 - WARNING - ⚠️ 权重管理器：没有启用几何权重，使用默认全1权重
2025-08-25 02:32:04,510 - WARNING - ⚠️ 权重管理器：没有启用几何权重，使用默认全1权重
2025-08-25 02:32:04,510 - WARNING - ⚠️ 权重管理器：没有启用几何权重，使用默认全1权重
2025-08-25 02:32:04,510 - DEBUG - 🔍 权重矩阵计算成功: 形状=(21, 21)
2025-08-25 02:32:04,510 - DEBUG - 🔍 几何权重统计:
2025-08-25 02:32:04,510 - DEBUG -    权重向量: [[1.]
 [1.]
 [1.]
 [1.]
 [1.]
 [1.]
 [1.]
 [1.]
 [1.]
 [1.]
 [1.]
 [1.]
 [1.]
 [1.]
 [1.]
 [1.]
 [1.]
 [1.]
 [1.]
 [1.]
 [1.]]
2025-08-25 02:32:04,512 - DEBUG -    权重范围: [1.000000, 1.000000]
2025-08-25 02:32:04,512 - DEBUG -    权重均值: 1.000000
2025-08-25 02:32:04,512 - DEBUG -    权重标准差: 0.000000
2025-08-25 02:32:04,512 - DEBUG -    高权重点(>0.8): 21/21
2025-08-25 02:32:04,512 - DEBUG -    低权重点(<0.2): 0/21
2025-08-25 02:32:04,512 - INFO - -----------------------------------------------------------------------------------
2025-08-25 02:32:04,512 - DEBUG - 🔍 开始求解LM更新方程:
2025-08-25 02:32:04,512 - DEBUG -    数据残差: 形状=(21,), 范数=0.038374
2025-08-25 02:32:04,512 - DEBUG -    约束残差: 形状=(1,), 范数=0.010483
2025-08-25 02:32:04,512 - DEBUG - 🔍 计算数据残差雅可比矩阵 J_f: 形状=(21, 4)
2025-08-25 02:32:04,512 - DEBUG - 🔍 J_f矩阵计算完成: 条件数=8.58e+00
2025-08-25 02:32:04,514 - DEBUG - 🔍 深度约束雅可比计算: u=10.483039, σ=0.999972, J_h=[[ 0.          0.         -0.99997199  0.        ]]
2025-08-25 02:32:04,514 - DEBUG - 🔍 半径先验雅可比: J_r=[[0. 0. 0. 1.]]
2025-08-25 02:32:04,514 - DEBUG - 🔍 使用几何权重矩阵: 形状=(21, 21)
2025-08-25 02:32:04,514 - DEBUG - 🔍 Hessian矩阵计算:
2025-08-25 02:32:04,514 - DEBUG -    H_data = J_f^T W J_f: 形状=(4, 4), 条件数=7.37e+01
2025-08-25 02:32:04,514 - DEBUG -    H_h = λ_depth J_h^T J_h: 形状=(4, 4), λ_depth=1000.0
2025-08-25 02:32:04,514 - DEBUG -    H_r = λ_radius J_r^T J_r: 形状=(4, 4), λ_radius=1.0
2025-08-25 02:32:04,516 - DEBUG -    H_total: 形状=(4, 4), 条件数=4.93e+02
2025-08-25 02:32:04,516 - DEBUG - 🔍 梯度计算:
2025-08-25 02:32:04,516 - DEBUG -    g_data: 形状=(4,), 范数=0.173885
2025-08-25 02:32:04,516 - DEBUG -    g_h: 形状=(4,), 范数=10.482773
2025-08-25 02:32:04,516 - DEBUG -    g_r: 形状=(4,), 范数=0.010182
2025-08-25 02:32:04,516 - DEBUG -    g_total: 形状=(4,), 范数=10.586914
2025-08-25 02:32:04,516 - DEBUG - 🔍 LM阻尼矩阵: H_lm = H_total + 0.1 * I
2025-08-25 02:32:04,516 - DEBUG -    H_lm条件数: 4.70e+02
2025-08-25 02:32:04,516 - DEBUG - 🔍 线性方程组求解成功:
2025-08-25 02:32:04,516 - DEBUG -    参数更新向量 Δθ: [[-1.88089662e-03]
 [-1.88338532e-05]
 [ 1.04864937e-02]
 [-6.53210570e-04]]
2025-08-25 02:32:04,516 - DEBUG -    更新向量范数: 0.010674
2025-08-25 02:32:04,516 - DEBUG -    各分量更新: Δc_x=-0.001881, Δc_y=-0.000019, Δc_z=0.010486, Δr=-0.000653
2025-08-25 02:32:04,516 - DEBUG -    参数更新:
2025-08-25 02:32:04,516 - DEBUG -      旧参数: [[-0.00797714]
 [ 0.03212118]
 [ 0.59153195]
 [ 0.02218185]]
2025-08-25 02:32:04,516 - DEBUG -      更新向量: [[-1.88089662e-03]
 [-1.88338532e-05]
 [ 1.04864937e-02]
 [-6.53210570e-04]]
2025-08-25 02:32:04,516 - DEBUG -      新参数: [[-0.00985804]
 [ 0.03210235]
 [ 0.60201844]
 [ 0.02152864]]
2025-08-25 02:32:04,516 - INFO - -----------------------------------------------------------------------------------
2025-08-25 02:32:04,516 - INFO - 🔍 迭代第2次，球心向右1.880897mm，向上0.018834mm，向后10.486494mm，半径变小0.653211mm
2025-08-25 02:32:04,516 - INFO - 📊 变化前: 中心(-0.008, 0.032, 0.592), 半径22.18mm
2025-08-25 02:32:04,516 - INFO - 📊 变化后: 中心(-0.010, 0.032, 0.602), 半径21.53mm
2025-08-25 02:32:04,516 - INFO - 📈 变化量: 中心移动1.88mm, 半径变化0.65mm
2025-08-25 02:32:04,516 - INFO - 📍 眼球中心: [-0.00797714  0.03212118  0.59153195]
2025-08-25 02:32:04,516 - INFO - 📏 眼球半径: 22.18mm
2025-08-25 02:32:04,516 - INFO - 👁️ 瞳孔中心: [-0.008       0.02933333  0.60000002]
2025-08-25 02:32:04,516 - INFO - 📐 眼球中心在瞳孔中心的右0.02mm，下2.79mm，前8.47mm
2025-08-25 02:32:04,516 - INFO - 📏 距离: 8.92mm
2025-08-25 02:32:04,516 - INFO - -----------------------------------------------------------------------------------
2025-08-25 02:32:04,516 - INFO - -----------------------------------------------------------------------------------
2025-08-25 02:32:04,516 - DEBUG - 🔍 参数有效性检查:
2025-08-25 02:32:04,516 - DEBUG -    参数向量: [[-0.00985804]
 [ 0.03210235]
 [ 0.60201844]
 [ 0.02152864]]
2025-08-25 02:32:04,516 - DEBUG -    球心: [-0.00985804  0.03210235  0.60201844]
2025-08-25 02:32:04,516 - DEBUG -    半径: 0.021529
2025-08-25 02:32:04,516 - DEBUG - 🔍 函数值计算详情:
2025-08-25 02:32:04,516 - DEBUG -    数据项 F(θ): 0.000736
2025-08-25 02:32:04,516 - DEBUG -    深度约束项: 0.054947
2025-08-25 02:32:04,516 - DEBUG -    半径先验项: 0.000052
2025-08-25 02:32:04,516 - DEBUG -    总函数值 Φ(θ): 0.055735
2025-08-25 02:32:04,522 - DEBUG -    函数值改善: 0.000000
2025-08-25 02:32:04,522 - DEBUG - 🔍 参数有效: True
2025-08-25 02:32:04,522 - DEBUG -    参数更新成功:
2025-08-25 02:32:04,523 - DEBUG -      新球心: [-0.00985804  0.03210235  0.60201844]
2025-08-25 02:32:04,523 - DEBUG -      新半径: 0.021529
2025-08-25 02:32:04,523 - INFO - -----------------------------------------------------------------------------------
2025-08-25 02:32:04,523 - DEBUG - 🔍 LM收敛性检查:
2025-08-25 02:32:04,523 - DEBUG -    当前迭代次数: 2
2025-08-25 02:32:04,523 - DEBUG -    最大迭代次数: 30
2025-08-25 02:32:04,523 - DEBUG -    参数变化: 0.010674
2025-08-25 02:32:04,523 - DEBUG -    参数容忍度: 5e-06
2025-08-25 02:32:04,523 - DEBUG -    残差变化: 0.000000
2025-08-25 02:32:04,523 - DEBUG -    残差容忍度: 5e-06
2025-08-25 02:32:04,523 - DEBUG - 🔍 迭代 4/30:
2025-08-25 02:32:04,523 - DEBUG - 🔍 计算点到球心距离: 形状=(21,)
2025-08-25 02:32:04,523 - DEBUG - 🔍 生理偏差向量计算:
2025-08-25 02:32:04,523 - DEBUG -    点类型列表: ['pupil_center', 'iris_boundaries', 'iris_boundaries', 'iris_boundaries', 'iris_boundaries', 'eye_contours', 'eye_contours', 'eye_contours', 'eye_contours', 'eye_contours', 'eye_contours', 'eye_contours', 'eye_contours', 'eye_contours', 'eye_contours', 'eye_contours', 'eye_contours', 'eye_contours', 'eye_contours', 'eye_contours', 'eye_contours']
2025-08-25 02:32:04,523 - DEBUG -    偏差向量: [0.0002  0.00085 0.00085 0.00085 0.00085 0.0015  0.0015  0.0015  0.0015
 0.0015  0.0015  0.0015  0.0015  0.0015  0.0015  0.0015  0.0015  0.0015
 0.0015  0.0015  0.0015 ]
2025-08-25 02:32:04,523 - DEBUG -    向量形状: (21,)
2025-08-25 02:32:04,523 - DEBUG -    偏差统计: 均值=0.001314, 标准差=0.000356
2025-08-25 02:32:04,523 - DEBUG - 获取生理偏差: 点类型=['pupil_center', 'iris_boundaries', 'iris_boundaries', 'iris_boundaries', 'iris_boundaries', 'eye_contours', 'eye_contours', 'eye_contours', 'eye_contours', 'eye_contours', 'eye_contours', 'eye_contours', 'eye_contours', 'eye_contours', 'eye_contours', 'eye_contours', 'eye_contours', 'eye_contours', 'eye_contours', 'eye_contours', 'eye_contours'], 偏差值=[0.0002  0.00085 0.00085 0.00085 0.00085 0.0015  0.0015  0.0015  0.0015
 0.0015  0.0015  0.0015  0.0015  0.0015  0.0015  0.0015  0.0015  0.0015
 0.0015  0.0015  0.0015 ]
2025-08-25 02:32:04,523 - INFO - -----------------------------------------------------------------------------------
2025-08-25 02:32:04,523 - DEBUG - 🔍 拟合残差计算详情:
2025-08-25 02:32:04,523 - DEBUG -    球心坐标: [-0.00985804  0.03210235  0.60201844]
2025-08-25 02:32:04,523 - DEBUG -    球体半径: 0.021529
2025-08-25 02:32:04,523 - DEBUG -    采样点数: 21
2025-08-25 02:32:04,523 - DEBUG -    点类型分布: {'eye_contours': 16, 'iris_boundaries': 4, 'pupil_center': 1}
2025-08-25 02:32:04,523 - DEBUG -    理论距离向量: [0.02172864 0.02237864 0.02237864 0.02237864 0.02237864 0.02302864
 0.02302864 0.02302864 0.02302864 0.02302864 0.02302864 0.02302864
 0.02302864 0.02302864 0.02302864 0.02302864 0.02302864 0.02302864
 0.02302864 0.02302864 0.02302864]
2025-08-25 02:32:04,523 - DEBUG -    实际距离向量: [0.00389792 0.01395099 0.01117028 0.00765207 0.00761747 0.01775156
 0.01402243 0.01034393 0.00581561 0.00555913 0.01256679 0.02030361
 0.02576821 0.0287898  0.02603393 0.02033747 0.01290051 0.0074659
 0.00810318 0.01208824 0.01509102]
2025-08-25 02:32:04,523 - DEBUG -    生理偏差向量: [0.0002  0.00085 0.00085 0.00085 0.00085 0.0015  0.0015  0.0015  0.0015
 0.0015  0.0015  0.0015  0.0015  0.0015  0.0015  0.0015  0.0015  0.0015
 0.0015  0.0015  0.0015 ]
2025-08-25 02:32:04,523 - DEBUG -    残差向量 f(θ): 
[[-0.01783072]
 [-0.00842765]
 [-0.01120836]
 [-0.01472656]
 [-0.01476117]
 [-0.00527708]
 [-0.00900621]
 [-0.01268471]
 [-0.01721303]
 [-0.01746951]
 [-0.01046185]
 [-0.00272503]
 [ 0.00273957]
 [ 0.00576116]
 [ 0.00300529]
 [-0.00269116]
 [-0.01012813]
 [-0.01556274]
 [-0.01492546]
 [-0.0109404 ]
 [-0.00793762]]
2025-08-25 02:32:04,523 - DEBUG -    平均残差范数: 0.002495
2025-08-25 02:32:04,523 - DEBUG -    残差范数=0.052391
2025-08-25 02:32:04,523 - INFO - -----------------------------------------------------------------------------------
2025-08-25 02:32:04,531 - DEBUG - 🔍 深度约束计算详情 (softplus):
2025-08-25 02:32:04,531 - DEBUG -    采样点Z坐标范围: [0.600000, 0.601815]
2025-08-25 02:32:04,531 - DEBUG -    球心Z坐标: 0.602018
2025-08-25 02:32:04,531 - DEBUG -    深度偏移ε: 0.000200
2025-08-25 02:32:04,531 - DEBUG -    softplus参数τ: 0.001000
2025-08-25 02:32:04,531 - DEBUG -    原始违反值: -0.000003
2025-08-25 02:32:04,531 - DEBUG -    softplus输入 u: -0.003455
2025-08-25 02:32:04,531 - DEBUG -    约束惩罚 h(θ): 0.000691
2025-08-25 02:32:04,531 - DEBUG -    🟢 深度约束满足: 球心深度足够
2025-08-25 02:32:04,531 - INFO - -----------------------------------------------------------------------------------
2025-08-25 02:32:04,531 - DEBUG - 🔍 半径惩罚计算详情:
2025-08-25 02:32:04,531 - DEBUG -    当前半径: 0.021529
2025-08-25 02:32:04,531 - DEBUG -    半径先验值: 0.012000
2025-08-25 02:32:04,531 - DEBUG -    半径残差 r(θ): 0.009529
2025-08-25 02:32:04,531 - DEBUG -    数据残差 f(θ): [[-0.01783072]
 [-0.00842765]
 [-0.01120836]
 [-0.01472656]
 [-0.01476117]
 [-0.00527708]
 [-0.00900621]
 [-0.01268471]
 [-0.01721303]
 [-0.01746951]
 [-0.01046185]
 [-0.00272503]
 [ 0.00273957]
 [ 0.00576116]
 [ 0.00300529]
 [-0.00269116]
 [-0.01012813]
 [-0.01556274]
 [-0.01492546]
 [-0.0109404 ]
 [-0.00793762]]
2025-08-25 02:32:04,531 - DEBUG -    约束残差 g(θ): [[0.00069142]]
2025-08-25 02:32:04,531 - DEBUG -    半径残差 r(θ): [[0.00952864]]
2025-08-25 02:32:04,531 - DEBUG - 🔍 状态变化计算: 参数变化=0.010674, 残差变化=0.014017
2025-08-25 02:32:04,531 - INFO - -----------------------------------------------------------------------------------
2025-08-25 02:32:04,531 - DEBUG - 🔍 权重管理器状态更新详情:
2025-08-25 02:32:04,531 - DEBUG -    当前迭代: 3
2025-08-25 02:32:04,531 - DEBUG -    参数变化: 0.010674 (阈值: 0.000005)
2025-08-25 02:32:04,531 - DEBUG -    残差变化: 0.014017 (阈值: 0.000005)
2025-08-25 02:32:04,531 - DEBUG -    几何权重因子: 10
2025-08-25 02:32:04,531 - DEBUG - ⏸️ 保持图像置信度权重: 参数变化=1.07e-02, 残差变化=1.40e-02
2025-08-25 02:32:04,531 - DEBUG - 状态已保存: 参数=[-0.00985804  0.03210235  0.60201844  0.02152864], 残差范数=0.052391
2025-08-25 02:32:04,531 - DEBUG - 🔍 获取visibility信息: 形状=(21,), 范围=[1.000, 1.000]
2025-08-25 02:32:04,531 - DEBUG - 🔧 设置图像置信度权重: 21个点
2025-08-25 02:32:04,531 - DEBUG - 🔍 开始计算权重矩阵:
2025-08-25 02:32:04,531 - DEBUG -    点类型: ['pupil_center', 'iris_boundaries', 'iris_boundaries', 'iris_boundaries', 'iris_boundaries', 'eye_contours', 'eye_contours', 'eye_contours', 'eye_contours', 'eye_contours', 'eye_contours', 'eye_contours', 'eye_contours', 'eye_contours', 'eye_contours', 'eye_contours', 'eye_contours', 'eye_contours', 'eye_contours', 'eye_contours', 'eye_contours']
2025-08-25 02:32:04,531 - DEBUG -    残差向量: 形状=(21,), 范数=0.052391
2025-08-25 02:32:04,531 - DEBUG -    Visibility: 形状=(21,), 均值=1.000
2025-08-25 02:32:04,531 - WARNING - ⚠️ 权重管理器：没有启用几何权重，使用默认全1权重
2025-08-25 02:32:04,531 - WARNING - ⚠️ 权重管理器：没有启用几何权重，使用默认全1权重
2025-08-25 02:32:04,531 - WARNING - ⚠️ 权重管理器：没有启用几何权重，使用默认全1权重
2025-08-25 02:32:04,531 - WARNING - ⚠️ 权重管理器：没有启用几何权重，使用默认全1权重
2025-08-25 02:32:04,531 - WARNING - ⚠️ 权重管理器：没有启用几何权重，使用默认全1权重
2025-08-25 02:32:04,531 - WARNING - ⚠️ 权重管理器：没有启用几何权重，使用默认全1权重
2025-08-25 02:32:04,531 - WARNING - ⚠️ 权重管理器：没有启用几何权重，使用默认全1权重
2025-08-25 02:32:04,531 - WARNING - ⚠️ 权重管理器：没有启用几何权重，使用默认全1权重
2025-08-25 02:32:04,531 - WARNING - ⚠️ 权重管理器：没有启用几何权重，使用默认全1权重
2025-08-25 02:32:04,531 - WARNING - ⚠️ 权重管理器：没有启用几何权重，使用默认全1权重
2025-08-25 02:32:04,531 - WARNING - ⚠️ 权重管理器：没有启用几何权重，使用默认全1权重
2025-08-25 02:32:04,531 - WARNING - ⚠️ 权重管理器：没有启用几何权重，使用默认全1权重
2025-08-25 02:32:04,531 - WARNING - ⚠️ 权重管理器：没有启用几何权重，使用默认全1权重
2025-08-25 02:32:04,531 - WARNING - ⚠️ 权重管理器：没有启用几何权重，使用默认全1权重
2025-08-25 02:32:04,531 - WARNING - ⚠️ 权重管理器：没有启用几何权重，使用默认全1权重
2025-08-25 02:32:04,531 - WARNING - ⚠️ 权重管理器：没有启用几何权重，使用默认全1权重
2025-08-25 02:32:04,531 - WARNING - ⚠️ 权重管理器：没有启用几何权重，使用默认全1权重
2025-08-25 02:32:04,531 - WARNING - ⚠️ 权重管理器：没有启用几何权重，使用默认全1权重
2025-08-25 02:32:04,531 - WARNING - ⚠️ 权重管理器：没有启用几何权重，使用默认全1权重
2025-08-25 02:32:04,531 - WARNING - ⚠️ 权重管理器：没有启用几何权重，使用默认全1权重
2025-08-25 02:32:04,531 - WARNING - ⚠️ 权重管理器：没有启用几何权重，使用默认全1权重
2025-08-25 02:32:04,531 - DEBUG - 🔍 权重矩阵计算成功: 形状=(21, 21)
2025-08-25 02:32:04,531 - DEBUG - 🔍 几何权重统计:
2025-08-25 02:32:04,531 - DEBUG -    权重向量: [[1.]
 [1.]
 [1.]
 [1.]
 [1.]
 [1.]
 [1.]
 [1.]
 [1.]
 [1.]
 [1.]
 [1.]
 [1.]
 [1.]
 [1.]
 [1.]
 [1.]
 [1.]
 [1.]
 [1.]
 [1.]]
2025-08-25 02:32:04,531 - DEBUG -    权重范围: [1.000000, 1.000000]
2025-08-25 02:32:04,531 - DEBUG -    权重均值: 1.000000
2025-08-25 02:32:04,531 - DEBUG -    权重标准差: 0.000000
2025-08-25 02:32:04,531 - DEBUG -    高权重点(>0.8): 21/21
2025-08-25 02:32:04,531 - DEBUG -    低权重点(<0.2): 0/21
2025-08-25 02:32:04,531 - INFO - -----------------------------------------------------------------------------------
2025-08-25 02:32:04,531 - DEBUG - 🔍 开始求解LM更新方程:
2025-08-25 02:32:04,531 - DEBUG -    数据残差: 形状=(21,), 范数=0.052391
2025-08-25 02:32:04,531 - DEBUG -    约束残差: 形状=(1,), 范数=0.000691
2025-08-25 02:32:04,539 - DEBUG - 🔍 计算数据残差雅可比矩阵 J_f: 形状=(21, 4)
2025-08-25 02:32:04,539 - DEBUG - 🔍 J_f矩阵计算完成: 条件数=9.64e+00
2025-08-25 02:32:04,539 - DEBUG - 🔍 深度约束雅可比计算: u=-0.003455, σ=0.499136, J_h=[[ 0.         0.        -0.4991363  0.       ]]
2025-08-25 02:32:04,539 - DEBUG - 🔍 半径先验雅可比: J_r=[[0. 0. 0. 1.]]
2025-08-25 02:32:04,539 - DEBUG - 🔍 使用几何权重矩阵: 形状=(21, 21)
2025-08-25 02:32:04,539 - DEBUG - 🔍 Hessian矩阵计算:
2025-08-25 02:32:04,539 - DEBUG -    H_data = J_f^T W J_f: 形状=(4, 4), 条件数=9.30e+01
2025-08-25 02:32:04,539 - DEBUG -    H_h = λ_depth J_h^T J_h: 形状=(4, 4), λ_depth=1000.0
2025-08-25 02:32:04,539 - DEBUG -    H_r = λ_radius J_r^T J_r: 形状=(4, 4), λ_radius=1.0
2025-08-25 02:32:04,539 - DEBUG -    H_total: 形状=(4, 4), 条件数=5.28e+01
2025-08-25 02:32:04,539 - DEBUG - 🔍 梯度计算:
2025-08-25 02:32:04,539 - DEBUG -    g_data: 形状=(4,), 范数=0.197692
2025-08-25 02:32:04,539 - DEBUG -    g_h: 形状=(4,), 范数=0.345113
2025-08-25 02:32:04,539 - DEBUG -    g_r: 形状=(4,), 范数=0.009529
2025-08-25 02:32:04,539 - DEBUG -    g_total: 形状=(4,), 范数=0.376577
2025-08-25 02:32:04,539 - DEBUG - 🔍 LM阻尼矩阵: H_lm = H_total + 0.1 * I
2025-08-25 02:32:04,539 - DEBUG -    H_lm条件数: 5.17e+01
2025-08-25 02:32:04,539 - DEBUG - 🔍 线性方程组求解成功:
2025-08-25 02:32:04,539 - DEBUG -    参数更新向量 Δθ: [[-3.30485700e-03]
 [ 5.62428323e-05]
 [ 1.34249060e-03]
 [-9.64004200e-03]]
2025-08-25 02:32:04,539 - DEBUG -    更新向量范数: 0.010279
2025-08-25 02:32:04,539 - DEBUG -    各分量更新: Δc_x=-0.003305, Δc_y=0.000056, Δc_z=0.001342, Δr=-0.009640
2025-08-25 02:32:04,539 - DEBUG -    参数更新:
2025-08-25 02:32:04,539 - DEBUG -      旧参数: [[-0.00985804]
 [ 0.03210235]
 [ 0.60201844]
 [ 0.02152864]]
2025-08-25 02:32:04,539 - DEBUG -      更新向量: [[-3.30485700e-03]
 [ 5.62428323e-05]
 [ 1.34249060e-03]
 [-9.64004200e-03]]
2025-08-25 02:32:04,539 - DEBUG -      新参数: [[-0.01316289]
 [ 0.03215859]
 [ 0.60336093]
 [ 0.0118886 ]]
2025-08-25 02:32:04,539 - INFO - -----------------------------------------------------------------------------------
2025-08-25 02:32:04,539 - INFO - 🔍 迭代第3次，球心向右3.304857mm，向下0.056243mm，向后1.342491mm，半径变小9.640042mm
2025-08-25 02:32:04,539 - INFO - 📊 变化前: 中心(-0.010, 0.032, 0.602), 半径21.53mm
2025-08-25 02:32:04,539 - INFO - 📊 变化后: 中心(-0.013, 0.032, 0.603), 半径11.89mm
2025-08-25 02:32:04,539 - INFO - 📈 变化量: 中心移动3.31mm, 半径变化9.64mm
2025-08-25 02:32:04,539 - INFO - 📍 眼球中心: [-0.00985804  0.03210235  0.60201844]
2025-08-25 02:32:04,539 - INFO - 📏 眼球半径: 21.53mm
2025-08-25 02:32:04,539 - INFO - 👁️ 瞳孔中心: [-0.008       0.02933333  0.60000002]
2025-08-25 02:32:04,539 - INFO - 📐 眼球中心在瞳孔中心的左1.86mm，下2.77mm，后2.02mm
2025-08-25 02:32:04,539 - INFO - 📏 距离: 3.90mm
2025-08-25 02:32:04,539 - INFO - -----------------------------------------------------------------------------------
2025-08-25 02:32:04,539 - INFO - -----------------------------------------------------------------------------------
2025-08-25 02:32:04,539 - DEBUG - 🔍 参数有效性检查:
2025-08-25 02:32:04,547 - DEBUG -    参数向量: [[-0.01316289]
 [ 0.03215859]
 [ 0.60336093]
 [ 0.0118886 ]]
2025-08-25 02:32:04,547 - DEBUG -    球心: [-0.01316289  0.03215859  0.60336093]
2025-08-25 02:32:04,547 - DEBUG -    半径: 0.011889
2025-08-25 02:32:04,547 - DEBUG - 🔍 函数值计算详情:
2025-08-25 02:32:04,547 - DEBUG -    数据项 F(θ): 0.001372
2025-08-25 02:32:04,547 - DEBUG -    深度约束项: 0.000239
2025-08-25 02:32:04,547 - DEBUG -    半径先验项: 0.000045
2025-08-25 02:32:04,547 - DEBUG -    总函数值 Φ(θ): 0.001657
2025-08-25 02:32:04,547 - DEBUG -    函数值改善: 0.054079
2025-08-25 02:32:04,547 - DEBUG - 🔍 参数有效: True
2025-08-25 02:32:04,547 - DEBUG -    参数更新成功:
2025-08-25 02:32:04,547 - DEBUG -      新球心: [-0.01316289  0.03215859  0.60336093]
2025-08-25 02:32:04,547 - DEBUG -      新半径: 0.011889
2025-08-25 02:32:04,547 - INFO - -----------------------------------------------------------------------------------
2025-08-25 02:32:04,547 - DEBUG - 🔍 LM收敛性检查:
2025-08-25 02:32:04,547 - DEBUG -    当前迭代次数: 3
2025-08-25 02:32:04,547 - DEBUG -    最大迭代次数: 30
2025-08-25 02:32:04,547 - DEBUG -    参数变化: 0.010279
2025-08-25 02:32:04,547 - DEBUG -    参数容忍度: 5e-06
2025-08-25 02:32:04,547 - DEBUG -    残差变化: 0.000000
2025-08-25 02:32:04,547 - DEBUG -    残差容忍度: 5e-06
2025-08-25 02:32:04,547 - DEBUG - 🔍 迭代 5/30:
2025-08-25 02:32:04,547 - DEBUG - 🔍 计算点到球心距离: 形状=(21,)
2025-08-25 02:32:04,547 - DEBUG - 🔍 生理偏差向量计算:
2025-08-25 02:32:04,547 - DEBUG -    点类型列表: ['pupil_center', 'iris_boundaries', 'iris_boundaries', 'iris_boundaries', 'iris_boundaries', 'eye_contours', 'eye_contours', 'eye_contours', 'eye_contours', 'eye_contours', 'eye_contours', 'eye_contours', 'eye_contours', 'eye_contours', 'eye_contours', 'eye_contours', 'eye_contours', 'eye_contours', 'eye_contours', 'eye_contours', 'eye_contours']
2025-08-25 02:32:04,547 - DEBUG -    偏差向量: [0.0002  0.00085 0.00085 0.00085 0.00085 0.0015  0.0015  0.0015  0.0015
 0.0015  0.0015  0.0015  0.0015  0.0015  0.0015  0.0015  0.0015  0.0015
 0.0015  0.0015  0.0015 ]
2025-08-25 02:32:04,547 - DEBUG -    向量形状: (21,)
2025-08-25 02:32:04,547 - DEBUG -    偏差统计: 均值=0.001314, 标准差=0.000356
2025-08-25 02:32:04,547 - DEBUG - 获取生理偏差: 点类型=['pupil_center', 'iris_boundaries', 'iris_boundaries', 'iris_boundaries', 'iris_boundaries', 'eye_contours', 'eye_contours', 'eye_contours', 'eye_contours', 'eye_contours', 'eye_contours', 'eye_contours', 'eye_contours', 'eye_contours', 'eye_contours', 'eye_contours', 'eye_contours', 'eye_contours', 'eye_contours', 'eye_contours', 'eye_contours'], 偏差值=[0.0002  0.00085 0.00085 0.00085 0.00085 0.0015  0.0015  0.0015  0.0015
 0.0015  0.0015  0.0015  0.0015  0.0015  0.0015  0.0015  0.0015  0.0015
 0.0015  0.0015  0.0015 ]
2025-08-25 02:32:04,547 - INFO - -----------------------------------------------------------------------------------
2025-08-25 02:32:04,547 - DEBUG - 🔍 拟合残差计算详情:
2025-08-25 02:32:04,547 - DEBUG -    球心坐标: [-0.01316289  0.03215859  0.60336093]
2025-08-25 02:32:04,547 - DEBUG -    球体半径: 0.011889
2025-08-25 02:32:04,547 - DEBUG -    采样点数: 21
2025-08-25 02:32:04,547 - DEBUG -    点类型分布: {'eye_contours': 16, 'iris_boundaries': 4, 'pupil_center': 1}
2025-08-25 02:32:04,547 - DEBUG -    理论距离向量: [0.0120886 0.0127386 0.0127386 0.0127386 0.0127386 0.0133886 0.0133886
 0.0133886 0.0133886 0.0133886 0.0133886 0.0133886 0.0133886 0.0133886
 0.0133886 0.0133886 0.0133886 0.0133886 0.0133886 0.0133886 0.0133886]
2025-08-25 02:32:04,547 - DEBUG -    实际距离向量: [0.00677741 0.01732085 0.01253768 0.00483199 0.00983491 0.01452789
 0.01093201 0.00740112 0.00447257 0.00852611 0.01593136 0.02370995
 0.02914525 0.03216236 0.02936288 0.02358816 0.01590592 0.0093091
 0.00630578 0.00916927 0.01196205]
2025-08-25 02:32:04,547 - DEBUG -    生理偏差向量: [0.0002  0.00085 0.00085 0.00085 0.00085 0.0015  0.0015  0.0015  0.0015
 0.0015  0.0015  0.0015  0.0015  0.0015  0.0015  0.0015  0.0015  0.0015
 0.0015  0.0015  0.0015 ]
2025-08-25 02:32:04,547 - DEBUG -    残差向量 f(θ): 
[[-0.00531119]
 [ 0.00458225]
 [-0.00020092]
 [-0.00790661]
 [-0.00290368]
 [ 0.00113929]
 [-0.00245658]
 [-0.00598748]
 [-0.00891602]
 [-0.00486249]
 [ 0.00254276]
 [ 0.01032135]
 [ 0.01575665]
 [ 0.01877377]
 [ 0.01597429]
 [ 0.01019956]
 [ 0.00251733]
 [-0.00407949]
 [-0.00708282]
 [-0.00421932]
 [-0.00142655]]
2025-08-25 02:32:04,547 - DEBUG -    平均残差范数: 0.001802
2025-08-25 02:32:04,547 - DEBUG -    残差范数=0.037847
2025-08-25 02:32:04,547 - INFO - -----------------------------------------------------------------------------------
2025-08-25 02:32:04,547 - DEBUG - 🔍 深度约束计算详情 (softplus):
2025-08-25 02:32:04,547 - DEBUG -    采样点Z坐标范围: [0.600000, 0.601815]
2025-08-25 02:32:04,547 - DEBUG -    球心Z坐标: 0.603361
2025-08-25 02:32:04,547 - DEBUG -    深度偏移ε: 0.000200
2025-08-25 02:32:04,547 - DEBUG -    softplus参数τ: 0.001000
2025-08-25 02:32:04,547 - DEBUG -    原始违反值: -0.001346
2025-08-25 02:32:04,547 - DEBUG -    softplus输入 u: -1.345945
2025-08-25 02:32:04,547 - DEBUG -    约束惩罚 h(θ): 0.000231
2025-08-25 02:32:04,547 - DEBUG -    🟢 深度约束满足: 球心深度足够
2025-08-25 02:32:04,547 - INFO - -----------------------------------------------------------------------------------
2025-08-25 02:32:04,547 - DEBUG - 🔍 半径惩罚计算详情:
2025-08-25 02:32:04,547 - DEBUG -    当前半径: 0.011889
2025-08-25 02:32:04,547 - DEBUG -    半径先验值: 0.012000
2025-08-25 02:32:04,547 - DEBUG -    半径残差 r(θ): -0.000111
2025-08-25 02:32:04,547 - DEBUG -    数据残差 f(θ): [[-0.00531119]
 [ 0.00458225]
 [-0.00020092]
 [-0.00790661]
 [-0.00290368]
 [ 0.00113929]
 [-0.00245658]
 [-0.00598748]
 [-0.00891602]
 [-0.00486249]
 [ 0.00254276]
 [ 0.01032135]
 [ 0.01575665]
 [ 0.01877377]
 [ 0.01597429]
 [ 0.01019956]
 [ 0.00251733]
 [-0.00407949]
 [-0.00708282]
 [-0.00421932]
 [-0.00142655]]
2025-08-25 02:32:04,555 - DEBUG -    约束残差 g(θ): [[0.00023134]]
2025-08-25 02:32:04,555 - DEBUG -    半径残差 r(θ): [[-0.0001114]]
2025-08-25 02:32:04,555 - DEBUG - 🔍 状态变化计算: 参数变化=0.010279, 残差变化=0.014543
2025-08-25 02:32:04,555 - INFO - -----------------------------------------------------------------------------------
2025-08-25 02:32:04,555 - DEBUG - 🔍 权重管理器状态更新详情:
2025-08-25 02:32:04,555 - DEBUG -    当前迭代: 4
2025-08-25 02:32:04,555 - DEBUG -    参数变化: 0.010279 (阈值: 0.000005)
2025-08-25 02:32:04,555 - DEBUG -    残差变化: 0.014543 (阈值: 0.000005)
2025-08-25 02:32:04,555 - DEBUG -    几何权重因子: 10
2025-08-25 02:32:04,555 - DEBUG - ⏸️ 保持图像置信度权重: 参数变化=1.03e-02, 残差变化=1.45e-02
2025-08-25 02:32:04,555 - DEBUG - 状态已保存: 参数=[-0.01316289  0.03215859  0.60336093  0.0118886 ], 残差范数=0.037847
2025-08-25 02:32:04,555 - DEBUG - 🔍 获取visibility信息: 形状=(21,), 范围=[1.000, 1.000]
2025-08-25 02:32:04,555 - DEBUG - 🔧 设置图像置信度权重: 21个点
2025-08-25 02:32:04,555 - DEBUG - 🔍 开始计算权重矩阵:
2025-08-25 02:32:04,555 - DEBUG -    点类型: ['pupil_center', 'iris_boundaries', 'iris_boundaries', 'iris_boundaries', 'iris_boundaries', 'eye_contours', 'eye_contours', 'eye_contours', 'eye_contours', 'eye_contours', 'eye_contours', 'eye_contours', 'eye_contours', 'eye_contours', 'eye_contours', 'eye_contours', 'eye_contours', 'eye_contours', 'eye_contours', 'eye_contours', 'eye_contours']
2025-08-25 02:32:04,555 - DEBUG -    残差向量: 形状=(21,), 范数=0.037847
2025-08-25 02:32:04,555 - DEBUG -    Visibility: 形状=(21,), 均值=1.000
2025-08-25 02:32:04,555 - WARNING - ⚠️ 权重管理器：没有启用几何权重，使用默认全1权重
2025-08-25 02:32:04,555 - WARNING - ⚠️ 权重管理器：没有启用几何权重，使用默认全1权重
2025-08-25 02:32:04,555 - WARNING - ⚠️ 权重管理器：没有启用几何权重，使用默认全1权重
2025-08-25 02:32:04,555 - WARNING - ⚠️ 权重管理器：没有启用几何权重，使用默认全1权重
2025-08-25 02:32:04,555 - WARNING - ⚠️ 权重管理器：没有启用几何权重，使用默认全1权重
2025-08-25 02:32:04,555 - WARNING - ⚠️ 权重管理器：没有启用几何权重，使用默认全1权重
2025-08-25 02:32:04,555 - WARNING - ⚠️ 权重管理器：没有启用几何权重，使用默认全1权重
2025-08-25 02:32:04,555 - WARNING - ⚠️ 权重管理器：没有启用几何权重，使用默认全1权重
2025-08-25 02:32:04,555 - WARNING - ⚠️ 权重管理器：没有启用几何权重，使用默认全1权重
2025-08-25 02:32:04,555 - WARNING - ⚠️ 权重管理器：没有启用几何权重，使用默认全1权重
2025-08-25 02:32:04,555 - WARNING - ⚠️ 权重管理器：没有启用几何权重，使用默认全1权重
2025-08-25 02:32:04,555 - WARNING - ⚠️ 权重管理器：没有启用几何权重，使用默认全1权重
2025-08-25 02:32:04,555 - WARNING - ⚠️ 权重管理器：没有启用几何权重，使用默认全1权重
2025-08-25 02:32:04,555 - WARNING - ⚠️ 权重管理器：没有启用几何权重，使用默认全1权重
2025-08-25 02:32:04,555 - WARNING - ⚠️ 权重管理器：没有启用几何权重，使用默认全1权重
2025-08-25 02:32:04,555 - WARNING - ⚠️ 权重管理器：没有启用几何权重，使用默认全1权重
2025-08-25 02:32:04,555 - WARNING - ⚠️ 权重管理器：没有启用几何权重，使用默认全1权重
2025-08-25 02:32:04,555 - WARNING - ⚠️ 权重管理器：没有启用几何权重，使用默认全1权重
2025-08-25 02:32:04,555 - WARNING - ⚠️ 权重管理器：没有启用几何权重，使用默认全1权重
2025-08-25 02:32:04,555 - WARNING - ⚠️ 权重管理器：没有启用几何权重，使用默认全1权重
2025-08-25 02:32:04,555 - WARNING - ⚠️ 权重管理器：没有启用几何权重，使用默认全1权重
2025-08-25 02:32:04,555 - DEBUG - 🔍 权重矩阵计算成功: 形状=(21, 21)
2025-08-25 02:32:04,555 - DEBUG - 🔍 几何权重统计:
2025-08-25 02:32:04,555 - DEBUG -    权重向量: [[1.]
 [1.]
 [1.]
 [1.]
 [1.]
 [1.]
 [1.]
 [1.]
 [1.]
 [1.]
 [1.]
 [1.]
 [1.]
 [1.]
 [1.]
 [1.]
 [1.]
 [1.]
 [1.]
 [1.]
 [1.]]
2025-08-25 02:32:04,555 - DEBUG -    权重范围: [1.000000, 1.000000]
2025-08-25 02:32:04,555 - DEBUG -    权重均值: 1.000000
2025-08-25 02:32:04,555 - DEBUG -    权重标准差: 0.000000
2025-08-25 02:32:04,555 - DEBUG -    高权重点(>0.8): 21/21
2025-08-25 02:32:04,555 - DEBUG -    低权重点(<0.2): 0/21
2025-08-25 02:32:04,555 - INFO - -----------------------------------------------------------------------------------
2025-08-25 02:32:04,555 - DEBUG - 🔍 开始求解LM更新方程:
2025-08-25 02:32:04,555 - DEBUG -    数据残差: 形状=(21,), 范数=0.037847
2025-08-25 02:32:04,555 - DEBUG -    约束残差: 形状=(1,), 范数=0.000231
2025-08-25 02:32:04,555 - DEBUG - 🔍 计算数据残差雅可比矩阵 J_f: 形状=(21, 4)
2025-08-25 02:32:04,563 - DEBUG - 🔍 J_f矩阵计算完成: 条件数=8.76e+00
2025-08-25 02:32:04,563 - DEBUG - 🔍 深度约束雅可比计算: u=-1.345945, σ=0.206534, J_h=[[ 0.          0.         -0.20653404  0.        ]]
2025-08-25 02:32:04,563 - DEBUG - 🔍 半径先验雅可比: J_r=[[0. 0. 0. 1.]]
2025-08-25 02:32:04,563 - DEBUG - 🔍 使用几何权重矩阵: 形状=(21, 21)
2025-08-25 02:32:04,563 - DEBUG - 🔍 Hessian矩阵计算:
2025-08-25 02:32:04,563 - DEBUG -    H_data = J_f^T W J_f: 形状=(4, 4), 条件数=7.67e+01
2025-08-25 02:32:04,563 - DEBUG -    H_h = λ_depth J_h^T J_h: 形状=(4, 4), λ_depth=1000.0
2025-08-25 02:32:04,563 - DEBUG -    H_r = λ_radius J_r^T J_r: 形状=(4, 4), λ_radius=1.0
2025-08-25 02:32:04,563 - DEBUG -    H_total: 形状=(4, 4), 条件数=1.15e+01
2025-08-25 02:32:04,563 - DEBUG - 🔍 梯度计算:
2025-08-25 02:32:04,563 - DEBUG -    g_data: 形状=(4,), 范数=0.095709
2025-08-25 02:32:04,563 - DEBUG -    g_h: 形状=(4,), 范数=0.047781
2025-08-25 02:32:04,563 - DEBUG -    g_r: 形状=(4,), 范数=0.000111
2025-08-25 02:32:04,563 - DEBUG -    g_total: 形状=(4,), 范数=0.101335
2025-08-25 02:32:04,563 - DEBUG - 🔍 LM阻尼矩阵: H_lm = H_total + 0.1 * I
2025-08-25 02:32:04,563 - DEBUG -    H_lm条件数: 1.12e+01
2025-08-25 02:32:04,563 - DEBUG - 🔍 线性方程组求解成功:
2025-08-25 02:32:04,563 - DEBUG -    参数更新向量 Δθ: [[-0.00589261]
 [ 0.000488  ]
 [ 0.00078065]
 [-0.00027817]]
2025-08-25 02:32:04,563 - DEBUG -    更新向量范数: 0.005971
2025-08-25 02:32:04,563 - DEBUG -    各分量更新: Δc_x=-0.005893, Δc_y=0.000488, Δc_z=0.000781, Δr=-0.000278
2025-08-25 02:32:04,563 - DEBUG -    参数更新:
2025-08-25 02:32:04,563 - DEBUG -      旧参数: [[-0.01316289]
 [ 0.03215859]
 [ 0.60336093]
 [ 0.0118886 ]]
2025-08-25 02:32:04,563 - DEBUG -      更新向量: [[-0.00589261]
 [ 0.000488  ]
 [ 0.00078065]
 [-0.00027817]]
2025-08-25 02:32:04,563 - DEBUG -      新参数: [[-0.0190555 ]
 [ 0.03264659]
 [ 0.60414158]
 [ 0.01161042]]
2025-08-25 02:32:04,563 - INFO - -----------------------------------------------------------------------------------
2025-08-25 02:32:04,563 - INFO - 🔍 迭代第4次，球心向右5.892607mm，向下0.487996mm，向后0.780648mm，半径变小0.278175mm
2025-08-25 02:32:04,563 - INFO - 📊 变化前: 中心(-0.013, 0.032, 0.603), 半径11.89mm
2025-08-25 02:32:04,563 - INFO - 📊 变化后: 中心(-0.019, 0.033, 0.604), 半径11.61mm
2025-08-25 02:32:04,563 - INFO - 📈 变化量: 中心移动5.91mm, 半径变化0.28mm
2025-08-25 02:32:04,563 - INFO - 📍 眼球中心: [-0.01316289  0.03215859  0.60336093]
2025-08-25 02:32:04,563 - INFO - 📏 眼球半径: 11.89mm
2025-08-25 02:32:04,563 - INFO - 👁️ 瞳孔中心: [-0.008       0.02933333  0.60000002]
2025-08-25 02:32:04,563 - INFO - 📐 眼球中心在瞳孔中心的左5.16mm，下2.83mm，后3.36mm
2025-08-25 02:32:04,563 - INFO - 📏 距离: 6.78mm
2025-08-25 02:32:04,563 - INFO - -----------------------------------------------------------------------------------
2025-08-25 02:32:04,563 - INFO - -----------------------------------------------------------------------------------
2025-08-25 02:32:04,563 - DEBUG - 🔍 参数有效性检查:
2025-08-25 02:32:04,563 - DEBUG -    参数向量: [[-0.0190555 ]
 [ 0.03264659]
 [ 0.60414158]
 [ 0.01161042]]
2025-08-25 02:32:04,563 - DEBUG -    球心: [-0.0190555   0.03264659  0.60414158]
2025-08-25 02:32:04,563 - DEBUG -    半径: 0.011610
2025-08-25 02:32:04,563 - DEBUG - 🔍 函数值计算详情:
2025-08-25 02:32:04,563 - DEBUG -    数据项 F(θ): 0.000716
2025-08-25 02:32:04,563 - DEBUG -    深度约束项: 0.000027
2025-08-25 02:32:04,563 - DEBUG -    半径先验项: 0.000000
2025-08-25 02:32:04,563 - DEBUG -    总函数值 Φ(θ): 0.000743
2025-08-25 02:32:04,563 - DEBUG -    函数值改善: 0.000914
2025-08-25 02:32:04,563 - DEBUG - 🔍 参数有效: True
2025-08-25 02:32:04,563 - DEBUG -    参数更新成功:
2025-08-25 02:32:04,563 - DEBUG -      新球心: [-0.0190555   0.03264659  0.60414158]
2025-08-25 02:32:04,563 - DEBUG -      新半径: 0.011610
2025-08-25 02:32:04,571 - INFO - -----------------------------------------------------------------------------------
2025-08-25 02:32:04,571 - DEBUG - 🔍 LM收敛性检查:
2025-08-25 02:32:04,571 - DEBUG -    当前迭代次数: 4
2025-08-25 02:32:04,571 - DEBUG -    最大迭代次数: 30
2025-08-25 02:32:04,571 - DEBUG -    参数变化: 0.005971
2025-08-25 02:32:04,571 - DEBUG -    参数容忍度: 5e-06
2025-08-25 02:32:04,571 - DEBUG -    残差变化: 0.000000
2025-08-25 02:32:04,571 - DEBUG -    残差容忍度: 5e-06
2025-08-25 02:32:04,571 - DEBUG - 🔍 迭代 6/30:
2025-08-25 02:32:04,571 - DEBUG - 🔍 计算点到球心距离: 形状=(21,)
2025-08-25 02:32:04,571 - DEBUG - 🔍 生理偏差向量计算:
2025-08-25 02:32:04,571 - DEBUG -    点类型列表: ['pupil_center', 'iris_boundaries', 'iris_boundaries', 'iris_boundaries', 'iris_boundaries', 'eye_contours', 'eye_contours', 'eye_contours', 'eye_contours', 'eye_contours', 'eye_contours', 'eye_contours', 'eye_contours', 'eye_contours', 'eye_contours', 'eye_contours', 'eye_contours', 'eye_contours', 'eye_contours', 'eye_contours', 'eye_contours']
2025-08-25 02:32:04,571 - DEBUG -    偏差向量: [0.0002  0.00085 0.00085 0.00085 0.00085 0.0015  0.0015  0.0015  0.0015
 0.0015  0.0015  0.0015  0.0015  0.0015  0.0015  0.0015  0.0015  0.0015
 0.0015  0.0015  0.0015 ]
2025-08-25 02:32:04,571 - DEBUG -    向量形状: (21,)
2025-08-25 02:32:04,571 - DEBUG -    偏差统计: 均值=0.001314, 标准差=0.000356
2025-08-25 02:32:04,571 - DEBUG - 获取生理偏差: 点类型=['pupil_center', 'iris_boundaries', 'iris_boundaries', 'iris_boundaries', 'iris_boundaries', 'eye_contours', 'eye_contours', 'eye_contours', 'eye_contours', 'eye_contours', 'eye_contours', 'eye_contours', 'eye_contours', 'eye_contours', 'eye_contours', 'eye_contours', 'eye_contours', 'eye_contours', 'eye_contours', 'eye_contours', 'eye_contours'], 偏差值=[0.0002  0.00085 0.00085 0.00085 0.00085 0.0015  0.0015  0.0015  0.0015
 0.0015  0.0015  0.0015  0.0015  0.0015  0.0015  0.0015  0.0015  0.0015
 0.0015  0.0015  0.0015 ]
2025-08-25 02:32:04,571 - INFO - -----------------------------------------------------------------------------------
2025-08-25 02:32:04,571 - DEBUG - 🔍 拟合残差计算详情:
2025-08-25 02:32:04,571 - DEBUG -    球心坐标: [-0.0190555   0.03264659  0.60414158]
2025-08-25 02:32:04,571 - DEBUG -    球体半径: 0.011610
2025-08-25 02:32:04,571 - DEBUG -    采样点数: 21
2025-08-25 02:32:04,571 - DEBUG -    点类型分布: {'eye_contours': 16, 'iris_boundaries': 4, 'pupil_center': 1}
2025-08-25 02:32:04,571 - DEBUG -    理论距离向量: [0.01181042 0.01246042 0.01246042 0.01246042 0.01246042 0.01311042
 0.01311042 0.01311042 0.01311042 0.01311042 0.01311042 0.01311042
 0.01311042 0.01311042 0.01311042 0.01311042 0.01311042 0.01311042
 0.01311042 0.01311042 0.01311042]
2025-08-25 02:32:04,571 - DEBUG -    实际距离向量: [0.0122619  0.02326117 0.01655806 0.00361435 0.01455206 0.00887616
 0.00565971 0.00347598 0.00654459 0.01392463 0.021769   0.02964883
 0.03509622 0.03811805 0.03530664 0.02945498 0.02149427 0.01404785
 0.00705204 0.0052331  0.00672334]
2025-08-25 02:32:04,571 - DEBUG -    生理偏差向量: [0.0002  0.00085 0.00085 0.00085 0.00085 0.0015  0.0015  0.0015  0.0015
 0.0015  0.0015  0.0015  0.0015  0.0015  0.0015  0.0015  0.0015  0.0015
 0.0015  0.0015  0.0015 ]
2025-08-25 02:32:04,571 - DEBUG -    残差向量 f(θ): 
[[ 0.00045148]
 [ 0.01080074]
 [ 0.00409764]
 [-0.00884608]
 [ 0.00209164]
 [-0.00423426]
 [-0.00745071]
 [-0.00963444]
 [-0.00656584]
 [ 0.00081421]
 [ 0.00865858]
 [ 0.01653841]
 [ 0.0219858 ]
 [ 0.02500762]
 [ 0.02219622]
 [ 0.01634456]
 [ 0.00838385]
 [ 0.00093743]
 [-0.00605838]
 [-0.00787732]
 [-0.00638709]]
2025-08-25 02:32:04,571 - DEBUG -    平均残差范数: 0.002544
2025-08-25 02:32:04,571 - DEBUG -    残差范数=0.053424
2025-08-25 02:32:04,571 - INFO - -----------------------------------------------------------------------------------
2025-08-25 02:32:04,571 - DEBUG - 🔍 深度约束计算详情 (softplus):
2025-08-25 02:32:04,571 - DEBUG -    采样点Z坐标范围: [0.600000, 0.601815]
2025-08-25 02:32:04,571 - DEBUG -    球心Z坐标: 0.604142
2025-08-25 02:32:04,571 - DEBUG -    深度偏移ε: 0.000200
2025-08-25 02:32:04,571 - DEBUG -    softplus参数τ: 0.001000
2025-08-25 02:32:04,571 - DEBUG -    原始违反值: -0.002127
2025-08-25 02:32:04,571 - DEBUG -    softplus输入 u: -2.126593
2025-08-25 02:32:04,571 - DEBUG -    约束惩罚 h(θ): 0.000113
2025-08-25 02:32:04,571 - DEBUG -    🟢 深度约束满足: 球心深度足够
2025-08-25 02:32:04,571 - INFO - -----------------------------------------------------------------------------------
2025-08-25 02:32:04,571 - DEBUG - 🔍 半径惩罚计算详情:
2025-08-25 02:32:04,571 - DEBUG -    当前半径: 0.011610
2025-08-25 02:32:04,571 - DEBUG -    半径先验值: 0.012000
2025-08-25 02:32:04,571 - DEBUG -    半径残差 r(θ): -0.000390
2025-08-25 02:32:04,571 - DEBUG -    数据残差 f(θ): [[ 0.00045148]
 [ 0.01080074]
 [ 0.00409764]
 [-0.00884608]
 [ 0.00209164]
 [-0.00423426]
 [-0.00745071]
 [-0.00963444]
 [-0.00656584]
 [ 0.00081421]
 [ 0.00865858]
 [ 0.01653841]
 [ 0.0219858 ]
 [ 0.02500762]
 [ 0.02219622]
 [ 0.01634456]
 [ 0.00838385]
 [ 0.00093743]
 [-0.00605838]
 [-0.00787732]
 [-0.00638709]]
2025-08-25 02:32:04,571 - DEBUG -    约束残差 g(θ): [[0.00011265]]
2025-08-25 02:32:04,579 - DEBUG -    半径残差 r(θ): [[-0.00038958]]
2025-08-25 02:32:04,579 - DEBUG - 🔍 状态变化计算: 参数变化=0.005971, 残差变化=0.015576
2025-08-25 02:32:04,579 - INFO - -----------------------------------------------------------------------------------
2025-08-25 02:32:04,579 - DEBUG - 🔍 权重管理器状态更新详情:
2025-08-25 02:32:04,579 - DEBUG -    当前迭代: 5
2025-08-25 02:32:04,579 - DEBUG -    参数变化: 0.005971 (阈值: 0.000005)
2025-08-25 02:32:04,579 - DEBUG -    残差变化: 0.015576 (阈值: 0.000005)
2025-08-25 02:32:04,579 - DEBUG -    几何权重因子: 10
2025-08-25 02:32:04,579 - DEBUG - ⏸️ 保持图像置信度权重: 参数变化=5.97e-03, 残差变化=1.56e-02
2025-08-25 02:32:04,579 - DEBUG - 状态已保存: 参数=[-0.0190555   0.03264659  0.60414158  0.01161042], 残差范数=0.053424
2025-08-25 02:32:04,579 - DEBUG - 🔍 获取visibility信息: 形状=(21,), 范围=[1.000, 1.000]
2025-08-25 02:32:04,579 - DEBUG - 🔧 设置图像置信度权重: 21个点
2025-08-25 02:32:04,579 - DEBUG - 🔍 开始计算权重矩阵:
2025-08-25 02:32:04,579 - DEBUG -    点类型: ['pupil_center', 'iris_boundaries', 'iris_boundaries', 'iris_boundaries', 'iris_boundaries', 'eye_contours', 'eye_contours', 'eye_contours', 'eye_contours', 'eye_contours', 'eye_contours', 'eye_contours', 'eye_contours', 'eye_contours', 'eye_contours', 'eye_contours', 'eye_contours', 'eye_contours', 'eye_contours', 'eye_contours', 'eye_contours']
2025-08-25 02:32:04,579 - DEBUG -    残差向量: 形状=(21,), 范数=0.053424
2025-08-25 02:32:04,579 - DEBUG -    Visibility: 形状=(21,), 均值=1.000
2025-08-25 02:32:04,579 - WARNING - ⚠️ 权重管理器：没有启用几何权重，使用默认全1权重
2025-08-25 02:32:04,579 - WARNING - ⚠️ 权重管理器：没有启用几何权重，使用默认全1权重
2025-08-25 02:32:04,579 - WARNING - ⚠️ 权重管理器：没有启用几何权重，使用默认全1权重
2025-08-25 02:32:04,579 - WARNING - ⚠️ 权重管理器：没有启用几何权重，使用默认全1权重
2025-08-25 02:32:04,579 - WARNING - ⚠️ 权重管理器：没有启用几何权重，使用默认全1权重
2025-08-25 02:32:04,579 - WARNING - ⚠️ 权重管理器：没有启用几何权重，使用默认全1权重
2025-08-25 02:32:04,579 - WARNING - ⚠️ 权重管理器：没有启用几何权重，使用默认全1权重
2025-08-25 02:32:04,579 - WARNING - ⚠️ 权重管理器：没有启用几何权重，使用默认全1权重
2025-08-25 02:32:04,579 - WARNING - ⚠️ 权重管理器：没有启用几何权重，使用默认全1权重
2025-08-25 02:32:04,579 - WARNING - ⚠️ 权重管理器：没有启用几何权重，使用默认全1权重
2025-08-25 02:32:04,579 - WARNING - ⚠️ 权重管理器：没有启用几何权重，使用默认全1权重
2025-08-25 02:32:04,579 - WARNING - ⚠️ 权重管理器：没有启用几何权重，使用默认全1权重
2025-08-25 02:32:04,579 - WARNING - ⚠️ 权重管理器：没有启用几何权重，使用默认全1权重
2025-08-25 02:32:04,579 - WARNING - ⚠️ 权重管理器：没有启用几何权重，使用默认全1权重
2025-08-25 02:32:04,579 - WARNING - ⚠️ 权重管理器：没有启用几何权重，使用默认全1权重
2025-08-25 02:32:04,579 - WARNING - ⚠️ 权重管理器：没有启用几何权重，使用默认全1权重
2025-08-25 02:32:04,579 - WARNING - ⚠️ 权重管理器：没有启用几何权重，使用默认全1权重
2025-08-25 02:32:04,579 - WARNING - ⚠️ 权重管理器：没有启用几何权重，使用默认全1权重
2025-08-25 02:32:04,579 - WARNING - ⚠️ 权重管理器：没有启用几何权重，使用默认全1权重
2025-08-25 02:32:04,579 - WARNING - ⚠️ 权重管理器：没有启用几何权重，使用默认全1权重
2025-08-25 02:32:04,579 - WARNING - ⚠️ 权重管理器：没有启用几何权重，使用默认全1权重
2025-08-25 02:32:04,579 - DEBUG - 🔍 权重矩阵计算成功: 形状=(21, 21)
2025-08-25 02:32:04,579 - DEBUG - 🔍 几何权重统计:
2025-08-25 02:32:04,579 - DEBUG -    权重向量: [[1.]
 [1.]
 [1.]
 [1.]
 [1.]
 [1.]
 [1.]
 [1.]
 [1.]
 [1.]
 [1.]
 [1.]
 [1.]
 [1.]
 [1.]
 [1.]
 [1.]
 [1.]
 [1.]
 [1.]
 [1.]]
2025-08-25 02:32:04,579 - DEBUG -    权重范围: [1.000000, 1.000000]
2025-08-25 02:32:04,579 - DEBUG -    权重均值: 1.000000
2025-08-25 02:32:04,579 - DEBUG -    权重标准差: 0.000000
2025-08-25 02:32:04,579 - DEBUG -    高权重点(>0.8): 21/21
2025-08-25 02:32:04,579 - DEBUG -    低权重点(<0.2): 0/21
2025-08-25 02:32:04,579 - INFO - -----------------------------------------------------------------------------------
2025-08-25 02:32:04,588 - DEBUG - 🔍 开始求解LM更新方程:
2025-08-25 02:32:04,588 - DEBUG -    数据残差: 形状=(21,), 范数=0.053424
2025-08-25 02:32:04,588 - DEBUG -    约束残差: 形状=(1,), 范数=0.000113
2025-08-25 02:32:04,588 - DEBUG - 🔍 计算数据残差雅可比矩阵 J_f: 形状=(21, 4)
2025-08-25 02:32:04,588 - DEBUG - 🔍 J_f矩阵计算完成: 条件数=7.79e+00
2025-08-25 02:32:04,588 - DEBUG - 🔍 深度约束雅可比计算: u=-2.126593, σ=0.106539, J_h=[[ 0.          0.         -0.10653885  0.        ]]
2025-08-25 02:32:04,588 - DEBUG - 🔍 半径先验雅可比: J_r=[[0. 0. 0. 1.]]
2025-08-25 02:32:04,588 - DEBUG - 🔍 使用几何权重矩阵: 形状=(21, 21)
2025-08-25 02:32:04,588 - DEBUG - 🔍 Hessian矩阵计算:
2025-08-25 02:32:04,588 - DEBUG -    H_data = J_f^T W J_f: 形状=(4, 4), 条件数=6.07e+01
2025-08-25 02:32:04,588 - DEBUG -    H_h = λ_depth J_h^T J_h: 形状=(4, 4), λ_depth=1000.0
2025-08-25 02:32:04,588 - DEBUG -    H_r = λ_radius J_r^T J_r: 形状=(4, 4), λ_radius=1.0
2025-08-25 02:32:04,588 - DEBUG -    H_total: 形状=(4, 4), 条件数=1.05e+01
2025-08-25 02:32:04,588 - DEBUG - 🔍 梯度计算:
2025-08-25 02:32:04,588 - DEBUG -    g_data: 形状=(4,), 范数=0.166920
2025-08-25 02:32:04,588 - DEBUG -    g_h: 形状=(4,), 范数=0.012002
2025-08-25 02:32:04,588 - DEBUG -    g_r: 形状=(4,), 范数=0.000390
2025-08-25 02:32:04,588 - DEBUG -    g_total: 形状=(4,), 范数=0.166355
2025-08-25 02:32:04,588 - DEBUG - 🔍 LM阻尼矩阵: H_lm = H_total + 0.1 * I
2025-08-25 02:32:04,588 - DEBUG -    H_lm条件数: 1.02e+01
2025-08-25 02:32:04,588 - DEBUG - 🔍 线性方程组求解成功:
2025-08-25 02:32:04,588 - DEBUG -    参数更新向量 Δθ: [[-0.01039113]
 [-0.00016374]
 [-0.00091122]
 [-0.00087754]]
2025-08-25 02:32:04,592 - DEBUG -    更新向量范数: 0.010469
2025-08-25 02:32:04,592 - DEBUG -    各分量更新: Δc_x=-0.010391, Δc_y=-0.000164, Δc_z=-0.000911, Δr=-0.000878
2025-08-25 02:32:04,592 - DEBUG -    参数更新:
2025-08-25 02:32:04,592 - DEBUG -      旧参数: [[-0.0190555 ]
 [ 0.03264659]
 [ 0.60414158]
 [ 0.01161042]]
2025-08-25 02:32:04,592 - DEBUG -      更新向量: [[-0.01039113]
 [-0.00016374]
 [-0.00091122]
 [-0.00087754]]
2025-08-25 02:32:04,592 - DEBUG -      新参数: [[-0.02944663]
 [ 0.03248285]
 [ 0.60323036]
 [ 0.01073288]]
2025-08-25 02:32:04,592 - INFO - -----------------------------------------------------------------------------------
2025-08-25 02:32:04,592 - INFO - 🔍 迭代第5次，球心向右10.391128mm，向上0.163743mm，向前0.911218mm，半径变小0.877539mm
2025-08-25 02:32:04,592 - INFO - 📊 变化前: 中心(-0.019, 0.033, 0.604), 半径11.61mm
2025-08-25 02:32:04,592 - INFO - 📊 变化后: 中心(-0.029, 0.032, 0.603), 半径10.73mm
2025-08-25 02:32:04,592 - INFO - 📈 变化量: 中心移动10.39mm, 半径变化0.88mm
2025-08-25 02:32:04,592 - INFO - 📍 眼球中心: [-0.0190555   0.03264659  0.60414158]
2025-08-25 02:32:04,592 - INFO - 📏 眼球半径: 11.61mm
2025-08-25 02:32:04,592 - INFO - 👁️ 瞳孔中心: [-0.008       0.02933333  0.60000002]
2025-08-25 02:32:04,592 - INFO - 📐 眼球中心在瞳孔中心的左11.06mm，下3.31mm，后4.14mm
2025-08-25 02:32:04,596 - INFO - 📏 距离: 12.26mm
2025-08-25 02:32:04,596 - INFO - -----------------------------------------------------------------------------------
2025-08-25 02:32:04,596 - INFO - -----------------------------------------------------------------------------------
2025-08-25 02:32:04,596 - DEBUG - 🔍 参数有效性检查:
2025-08-25 02:32:04,596 - DEBUG -    参数向量: [[-0.02944663]
 [ 0.03248285]
 [ 0.60323036]
 [ 0.01073288]]
2025-08-25 02:32:04,596 - DEBUG -    球心: [-0.02944663  0.03248285  0.60323036]
2025-08-25 02:32:04,596 - DEBUG -    半径: 0.010733
2025-08-25 02:32:04,596 - DEBUG - 🔍 函数值计算详情:
2025-08-25 02:32:04,596 - DEBUG -    数据项 F(θ): 0.001427
2025-08-25 02:32:04,596 - DEBUG -    深度约束项: 0.000006
2025-08-25 02:32:04,596 - DEBUG -    半径先验项: 0.000000
2025-08-25 02:32:04,596 - DEBUG -    总函数值 Φ(θ): 0.001433
2025-08-25 02:32:04,596 - DEBUG -    函数值改善: -0.000690
2025-08-25 02:32:04,596 - DEBUG - 🔍 参数有效: False
2025-08-25 02:32:04,596 - DEBUG -    参数无效，阻尼因子调整: λ_LM = 1.00e+00
2025-08-25 02:32:04,596 - DEBUG - 🔍 迭代 7/30:
2025-08-25 02:32:04,596 - DEBUG - 🔍 计算点到球心距离: 形状=(21,)
2025-08-25 02:32:04,596 - DEBUG - 🔍 生理偏差向量计算:
2025-08-25 02:32:04,596 - DEBUG -    点类型列表: ['pupil_center', 'iris_boundaries', 'iris_boundaries', 'iris_boundaries', 'iris_boundaries', 'eye_contours', 'eye_contours', 'eye_contours', 'eye_contours', 'eye_contours', 'eye_contours', 'eye_contours', 'eye_contours', 'eye_contours', 'eye_contours', 'eye_contours', 'eye_contours', 'eye_contours', 'eye_contours', 'eye_contours', 'eye_contours']
2025-08-25 02:32:04,596 - DEBUG -    偏差向量: [0.0002  0.00085 0.00085 0.00085 0.00085 0.0015  0.0015  0.0015  0.0015
 0.0015  0.0015  0.0015  0.0015  0.0015  0.0015  0.0015  0.0015  0.0015
 0.0015  0.0015  0.0015 ]
2025-08-25 02:32:04,596 - DEBUG -    向量形状: (21,)
2025-08-25 02:32:04,596 - DEBUG -    偏差统计: 均值=0.001314, 标准差=0.000356
2025-08-25 02:32:04,596 - DEBUG - 获取生理偏差: 点类型=['pupil_center', 'iris_boundaries', 'iris_boundaries', 'iris_boundaries', 'iris_boundaries', 'eye_contours', 'eye_contours', 'eye_contours', 'eye_contours', 'eye_contours', 'eye_contours', 'eye_contours', 'eye_contours', 'eye_contours', 'eye_contours', 'eye_contours', 'eye_contours', 'eye_contours', 'eye_contours', 'eye_contours', 'eye_contours'], 偏差值=[0.0002  0.00085 0.00085 0.00085 0.00085 0.0015  0.0015  0.0015  0.0015
 0.0015  0.0015  0.0015  0.0015  0.0015  0.0015  0.0015  0.0015  0.0015
 0.0015  0.0015  0.0015 ]
2025-08-25 02:32:04,596 - INFO - -----------------------------------------------------------------------------------
2025-08-25 02:32:04,596 - DEBUG - 🔍 拟合残差计算详情:
2025-08-25 02:32:04,596 - DEBUG -    球心坐标: [-0.0190555   0.03264659  0.60414158]
2025-08-25 02:32:04,596 - DEBUG -    球体半径: 0.011610
2025-08-25 02:32:04,596 - DEBUG -    采样点数: 21
2025-08-25 02:32:04,596 - DEBUG -    点类型分布: {'eye_contours': 16, 'iris_boundaries': 4, 'pupil_center': 1}
2025-08-25 02:32:04,596 - DEBUG -    理论距离向量: [0.01181042 0.01246042 0.01246042 0.01246042 0.01246042 0.01311042
 0.01311042 0.01311042 0.01311042 0.01311042 0.01311042 0.01311042
 0.01311042 0.01311042 0.01311042 0.01311042 0.01311042 0.01311042
 0.01311042 0.01311042 0.01311042]
2025-08-25 02:32:04,596 - DEBUG -    实际距离向量: [0.0122619  0.02326117 0.01655806 0.00361435 0.01455206 0.00887616
 0.00565971 0.00347598 0.00654459 0.01392463 0.021769   0.02964883
 0.03509622 0.03811805 0.03530664 0.02945498 0.02149427 0.01404785
 0.00705204 0.0052331  0.00672334]
2025-08-25 02:32:04,596 - DEBUG -    生理偏差向量: [0.0002  0.00085 0.00085 0.00085 0.00085 0.0015  0.0015  0.0015  0.0015
 0.0015  0.0015  0.0015  0.0015  0.0015  0.0015  0.0015  0.0015  0.0015
 0.0015  0.0015  0.0015 ]
2025-08-25 02:32:04,596 - DEBUG -    残差向量 f(θ): 
[[ 0.00045148]
 [ 0.01080074]
 [ 0.00409764]
 [-0.00884608]
 [ 0.00209164]
 [-0.00423426]
 [-0.00745071]
 [-0.00963444]
 [-0.00656584]
 [ 0.00081421]
 [ 0.00865858]
 [ 0.01653841]
 [ 0.0219858 ]
 [ 0.02500762]
 [ 0.02219622]
 [ 0.01634456]
 [ 0.00838385]
 [ 0.00093743]
 [-0.00605838]
 [-0.00787732]
 [-0.00638709]]
2025-08-25 02:32:04,596 - DEBUG -    平均残差范数: 0.002544
2025-08-25 02:32:04,596 - DEBUG -    残差范数=0.053424
2025-08-25 02:32:04,596 - INFO - -----------------------------------------------------------------------------------
2025-08-25 02:32:04,596 - DEBUG - 🔍 深度约束计算详情 (softplus):
2025-08-25 02:32:04,596 - DEBUG -    采样点Z坐标范围: [0.600000, 0.601815]
2025-08-25 02:32:04,596 - DEBUG -    球心Z坐标: 0.604142
2025-08-25 02:32:04,596 - DEBUG -    深度偏移ε: 0.000200
2025-08-25 02:32:04,596 - DEBUG -    softplus参数τ: 0.001000
2025-08-25 02:32:04,596 - DEBUG -    原始违反值: -0.002127
2025-08-25 02:32:04,596 - DEBUG -    softplus输入 u: -2.126593
2025-08-25 02:32:04,596 - DEBUG -    约束惩罚 h(θ): 0.000113
2025-08-25 02:32:04,596 - DEBUG -    🟢 深度约束满足: 球心深度足够
2025-08-25 02:32:04,596 - INFO - -----------------------------------------------------------------------------------
2025-08-25 02:32:04,596 - DEBUG - 🔍 半径惩罚计算详情:
2025-08-25 02:32:04,596 - DEBUG -    当前半径: 0.011610
2025-08-25 02:32:04,596 - DEBUG -    半径先验值: 0.012000
2025-08-25 02:32:04,596 - DEBUG -    半径残差 r(θ): -0.000390
2025-08-25 02:32:04,596 - DEBUG -    数据残差 f(θ): [[ 0.00045148]
 [ 0.01080074]
 [ 0.00409764]
 [-0.00884608]
 [ 0.00209164]
 [-0.00423426]
 [-0.00745071]
 [-0.00963444]
 [-0.00656584]
 [ 0.00081421]
 [ 0.00865858]
 [ 0.01653841]
 [ 0.0219858 ]
 [ 0.02500762]
 [ 0.02219622]
 [ 0.01634456]
 [ 0.00838385]
 [ 0.00093743]
 [-0.00605838]
 [-0.00787732]
 [-0.00638709]]
2025-08-25 02:32:04,596 - DEBUG -    约束残差 g(θ): [[0.00011265]]
2025-08-25 02:32:04,604 - DEBUG -    半径残差 r(θ): [[-0.00038958]]
2025-08-25 02:32:04,604 - DEBUG - 🔍 状态变化计算: 参数变化=0.000000, 残差变化=0.000000
2025-08-25 02:32:04,604 - INFO - -----------------------------------------------------------------------------------
2025-08-25 02:32:04,604 - DEBUG - 🔍 权重管理器状态更新详情:
2025-08-25 02:32:04,604 - DEBUG -    当前迭代: 6
2025-08-25 02:32:04,604 - DEBUG -    参数变化: 0.000000 (阈值: 0.000005)
2025-08-25 02:32:04,604 - DEBUG -    残差变化: 0.000000 (阈值: 0.000005)
2025-08-25 02:32:04,604 - DEBUG -    几何权重因子: 10
2025-08-25 02:32:04,604 - DEBUG - ⏸️ 保持图像置信度权重: 参数变化=0.00e+00, 残差变化=0.00e+00
2025-08-25 02:32:04,604 - DEBUG - 状态已保存: 参数=[-0.0190555   0.03264659  0.60414158  0.01161042], 残差范数=0.053424
2025-08-25 02:32:04,604 - DEBUG - 🔍 获取visibility信息: 形状=(21,), 范围=[1.000, 1.000]
2025-08-25 02:32:04,604 - DEBUG - 🔧 设置图像置信度权重: 21个点
2025-08-25 02:32:04,604 - DEBUG - 🔍 开始计算权重矩阵:
2025-08-25 02:32:04,604 - DEBUG -    点类型: ['pupil_center', 'iris_boundaries', 'iris_boundaries', 'iris_boundaries', 'iris_boundaries', 'eye_contours', 'eye_contours', 'eye_contours', 'eye_contours', 'eye_contours', 'eye_contours', 'eye_contours', 'eye_contours', 'eye_contours', 'eye_contours', 'eye_contours', 'eye_contours', 'eye_contours', 'eye_contours', 'eye_contours', 'eye_contours']
2025-08-25 02:32:04,604 - DEBUG -    残差向量: 形状=(21,), 范数=0.053424
2025-08-25 02:32:04,604 - DEBUG -    Visibility: 形状=(21,), 均值=1.000
2025-08-25 02:32:04,604 - WARNING - ⚠️ 权重管理器：没有启用几何权重，使用默认全1权重
2025-08-25 02:32:04,604 - WARNING - ⚠️ 权重管理器：没有启用几何权重，使用默认全1权重
2025-08-25 02:32:04,604 - WARNING - ⚠️ 权重管理器：没有启用几何权重，使用默认全1权重
2025-08-25 02:32:04,604 - WARNING - ⚠️ 权重管理器：没有启用几何权重，使用默认全1权重
2025-08-25 02:32:04,604 - WARNING - ⚠️ 权重管理器：没有启用几何权重，使用默认全1权重
2025-08-25 02:32:04,604 - WARNING - ⚠️ 权重管理器：没有启用几何权重，使用默认全1权重
2025-08-25 02:32:04,604 - WARNING - ⚠️ 权重管理器：没有启用几何权重，使用默认全1权重
2025-08-25 02:32:04,604 - WARNING - ⚠️ 权重管理器：没有启用几何权重，使用默认全1权重
2025-08-25 02:32:04,604 - WARNING - ⚠️ 权重管理器：没有启用几何权重，使用默认全1权重
2025-08-25 02:32:04,604 - WARNING - ⚠️ 权重管理器：没有启用几何权重，使用默认全1权重
2025-08-25 02:32:04,604 - WARNING - ⚠️ 权重管理器：没有启用几何权重，使用默认全1权重
2025-08-25 02:32:04,604 - WARNING - ⚠️ 权重管理器：没有启用几何权重，使用默认全1权重
2025-08-25 02:32:04,604 - WARNING - ⚠️ 权重管理器：没有启用几何权重，使用默认全1权重
2025-08-25 02:32:04,604 - WARNING - ⚠️ 权重管理器：没有启用几何权重，使用默认全1权重
2025-08-25 02:32:04,604 - WARNING - ⚠️ 权重管理器：没有启用几何权重，使用默认全1权重
2025-08-25 02:32:04,604 - WARNING - ⚠️ 权重管理器：没有启用几何权重，使用默认全1权重
2025-08-25 02:32:04,604 - WARNING - ⚠️ 权重管理器：没有启用几何权重，使用默认全1权重
2025-08-25 02:32:04,604 - WARNING - ⚠️ 权重管理器：没有启用几何权重，使用默认全1权重
2025-08-25 02:32:04,604 - WARNING - ⚠️ 权重管理器：没有启用几何权重，使用默认全1权重
2025-08-25 02:32:04,604 - WARNING - ⚠️ 权重管理器：没有启用几何权重，使用默认全1权重
2025-08-25 02:32:04,608 - WARNING - ⚠️ 权重管理器：没有启用几何权重，使用默认全1权重
2025-08-25 02:32:04,608 - DEBUG - 🔍 权重矩阵计算成功: 形状=(21, 21)
2025-08-25 02:32:04,608 - DEBUG - 🔍 几何权重统计:
2025-08-25 02:32:04,608 - DEBUG -    权重向量: [[1.]
 [1.]
 [1.]
 [1.]
 [1.]
 [1.]
 [1.]
 [1.]
 [1.]
 [1.]
 [1.]
 [1.]
 [1.]
 [1.]
 [1.]
 [1.]
 [1.]
 [1.]
 [1.]
 [1.]
 [1.]]
2025-08-25 02:32:04,608 - DEBUG -    权重范围: [1.000000, 1.000000]
2025-08-25 02:32:04,608 - DEBUG -    权重均值: 1.000000
2025-08-25 02:32:04,608 - DEBUG -    权重标准差: 0.000000
2025-08-25 02:32:04,608 - DEBUG -    高权重点(>0.8): 21/21
2025-08-25 02:32:04,608 - DEBUG -    低权重点(<0.2): 0/21
2025-08-25 02:32:04,608 - INFO - -----------------------------------------------------------------------------------
2025-08-25 02:32:04,608 - DEBUG - 🔍 开始求解LM更新方程:
2025-08-25 02:32:04,608 - DEBUG -    数据残差: 形状=(21,), 范数=0.053424
2025-08-25 02:32:04,608 - DEBUG -    约束残差: 形状=(1,), 范数=0.000113
2025-08-25 02:32:04,608 - DEBUG - 🔍 计算数据残差雅可比矩阵 J_f: 形状=(21, 4)
2025-08-25 02:32:04,612 - DEBUG - 🔍 J_f矩阵计算完成: 条件数=7.79e+00
2025-08-25 02:32:04,612 - DEBUG - 🔍 深度约束雅可比计算: u=-2.126593, σ=0.106539, J_h=[[ 0.          0.         -0.10653885  0.        ]]
2025-08-25 02:32:04,612 - DEBUG - 🔍 半径先验雅可比: J_r=[[0. 0. 0. 1.]]
2025-08-25 02:32:04,612 - DEBUG - 🔍 使用几何权重矩阵: 形状=(21, 21)
2025-08-25 02:32:04,612 - DEBUG - 🔍 Hessian矩阵计算:
2025-08-25 02:32:04,613 - DEBUG -    H_data = J_f^T W J_f: 形状=(4, 4), 条件数=6.07e+01
2025-08-25 02:32:04,613 - DEBUG -    H_h = λ_depth J_h^T J_h: 形状=(4, 4), λ_depth=1000.0
2025-08-25 02:32:04,613 - DEBUG -    H_r = λ_radius J_r^T J_r: 形状=(4, 4), λ_radius=1.0
2025-08-25 02:32:04,613 - DEBUG -    H_total: 形状=(4, 4), 条件数=1.05e+01
2025-08-25 02:32:04,613 - DEBUG - 🔍 梯度计算:
2025-08-25 02:32:04,613 - DEBUG -    g_data: 形状=(4,), 范数=0.166920
2025-08-25 02:32:04,614 - DEBUG -    g_h: 形状=(4,), 范数=0.012002
2025-08-25 02:32:04,614 - DEBUG -    g_r: 形状=(4,), 范数=0.000390
2025-08-25 02:32:04,614 - DEBUG -    g_total: 形状=(4,), 范数=0.166355
2025-08-25 02:32:04,614 - DEBUG - 🔍 LM阻尼矩阵: H_lm = H_total + 1.0 * I
2025-08-25 02:32:04,614 - DEBUG -    H_lm条件数: 8.16e+00
2025-08-25 02:32:04,615 - DEBUG - 🔍 线性方程组求解成功:
2025-08-25 02:32:04,615 - DEBUG -    参数更新向量 Δθ: [[-0.00951689]
 [-0.00012347]
 [-0.0009605 ]
 [-0.00044247]]
2025-08-25 02:32:04,615 - DEBUG -    更新向量范数: 0.009576
2025-08-25 02:32:04,615 - DEBUG -    各分量更新: Δc_x=-0.009517, Δc_y=-0.000123, Δc_z=-0.000961, Δr=-0.000442
2025-08-25 02:32:04,615 - DEBUG -    参数更新:
2025-08-25 02:32:04,615 - DEBUG -      旧参数: [[-0.0190555 ]
 [ 0.03264659]
 [ 0.60414158]
 [ 0.01161042]]
2025-08-25 02:32:04,616 - DEBUG -      更新向量: [[-0.00951689]
 [-0.00012347]
 [-0.0009605 ]
 [-0.00044247]]
2025-08-25 02:32:04,616 - DEBUG -      新参数: [[-0.02857239]
 [ 0.03252312]
 [ 0.60318108]
 [ 0.01116795]]
2025-08-25 02:32:04,616 - INFO - -----------------------------------------------------------------------------------
2025-08-25 02:32:04,616 - INFO - 🔍 迭代第6次，球心向右9.516885mm，向上0.123470mm，向前0.960503mm，半径变小0.442471mm
2025-08-25 02:32:04,616 - INFO - 📊 变化前: 中心(-0.019, 0.033, 0.604), 半径11.61mm
2025-08-25 02:32:04,616 - INFO - 📊 变化后: 中心(-0.029, 0.033, 0.603), 半径11.17mm
2025-08-25 02:32:04,616 - INFO - 📈 变化量: 中心移动9.52mm, 半径变化0.44mm
2025-08-25 02:32:04,617 - INFO - 📍 眼球中心: [-0.0190555   0.03264659  0.60414158]
2025-08-25 02:32:04,617 - INFO - 📏 眼球半径: 11.61mm
2025-08-25 02:32:04,617 - INFO - 👁️ 瞳孔中心: [-0.008       0.02933333  0.60000002]
2025-08-25 02:32:04,617 - INFO - 📐 眼球中心在瞳孔中心的左11.06mm，下3.31mm，后4.14mm
2025-08-25 02:32:04,617 - INFO - 📏 距离: 12.26mm
2025-08-25 02:32:04,617 - INFO - -----------------------------------------------------------------------------------
2025-08-25 02:32:04,617 - INFO - -----------------------------------------------------------------------------------
2025-08-25 02:32:04,617 - DEBUG - 🔍 参数有效性检查:
2025-08-25 02:32:04,618 - DEBUG -    参数向量: [[-0.02857239]
 [ 0.03252312]
 [ 0.60318108]
 [ 0.01116795]]
2025-08-25 02:32:04,618 - DEBUG -    球心: [-0.02857239  0.03252312  0.60318108]
2025-08-25 02:32:04,618 - DEBUG -    半径: 0.011168
2025-08-25 02:32:04,618 - DEBUG - 🔍 函数值计算详情:
2025-08-25 02:32:04,618 - DEBUG -    数据项 F(θ): 0.001427
2025-08-25 02:32:04,618 - DEBUG -    深度约束项: 0.000006
2025-08-25 02:32:04,618 - DEBUG -    半径先验项: 0.000000
2025-08-25 02:32:04,618 - DEBUG -    总函数值 Φ(θ): 0.001433
2025-08-25 02:32:04,618 - DEBUG -    函数值改善: 0.000000
2025-08-25 02:32:04,619 - DEBUG - 🔍 参数有效: True
2025-08-25 02:32:04,619 - DEBUG -    参数更新成功:
2025-08-25 02:32:04,619 - DEBUG -      新球心: [-0.02857239  0.03252312  0.60318108]
2025-08-25 02:32:04,619 - DEBUG -      新半径: 0.011168
2025-08-25 02:32:04,619 - INFO - -----------------------------------------------------------------------------------
2025-08-25 02:32:04,619 - DEBUG - 🔍 LM收敛性检查:
2025-08-25 02:32:04,619 - DEBUG -    当前迭代次数: 6
2025-08-25 02:32:04,619 - DEBUG -    最大迭代次数: 30
2025-08-25 02:32:04,620 - DEBUG -    参数变化: 0.009576
2025-08-25 02:32:04,620 - DEBUG -    参数容忍度: 5e-06
2025-08-25 02:32:04,620 - DEBUG -    残差变化: 0.000000
2025-08-25 02:32:04,620 - DEBUG -    残差容忍度: 5e-06
2025-08-25 02:32:04,620 - DEBUG - 🔍 迭代 8/30:
2025-08-25 02:32:04,620 - DEBUG - 🔍 计算点到球心距离: 形状=(21,)
2025-08-25 02:32:04,620 - DEBUG - 🔍 生理偏差向量计算:
2025-08-25 02:32:04,620 - DEBUG -    点类型列表: ['pupil_center', 'iris_boundaries', 'iris_boundaries', 'iris_boundaries', 'iris_boundaries', 'eye_contours', 'eye_contours', 'eye_contours', 'eye_contours', 'eye_contours', 'eye_contours', 'eye_contours', 'eye_contours', 'eye_contours', 'eye_contours', 'eye_contours', 'eye_contours', 'eye_contours', 'eye_contours', 'eye_contours', 'eye_contours']
2025-08-25 02:32:04,621 - DEBUG -    偏差向量: [0.0002  0.00085 0.00085 0.00085 0.00085 0.0015  0.0015  0.0015  0.0015
 0.0015  0.0015  0.0015  0.0015  0.0015  0.0015  0.0015  0.0015  0.0015
 0.0015  0.0015  0.0015 ]
2025-08-25 02:32:04,621 - DEBUG -    向量形状: (21,)
2025-08-25 02:32:04,621 - DEBUG -    偏差统计: 均值=0.001314, 标准差=0.000356
2025-08-25 02:32:04,621 - DEBUG - 获取生理偏差: 点类型=['pupil_center', 'iris_boundaries', 'iris_boundaries', 'iris_boundaries', 'iris_boundaries', 'eye_contours', 'eye_contours', 'eye_contours', 'eye_contours', 'eye_contours', 'eye_contours', 'eye_contours', 'eye_contours', 'eye_contours', 'eye_contours', 'eye_contours', 'eye_contours', 'eye_contours', 'eye_contours', 'eye_contours', 'eye_contours'], 偏差值=[0.0002  0.00085 0.00085 0.00085 0.00085 0.0015  0.0015  0.0015  0.0015
 0.0015  0.0015  0.0015  0.0015  0.0015  0.0015  0.0015  0.0015  0.0015
 0.0015  0.0015  0.0015 ]
2025-08-25 02:32:04,621 - INFO - -----------------------------------------------------------------------------------
2025-08-25 02:32:04,621 - DEBUG - 🔍 拟合残差计算详情:
2025-08-25 02:32:04,622 - DEBUG -    球心坐标: [-0.02857239  0.03252312  0.60318108]
2025-08-25 02:32:04,622 - DEBUG -    球体半径: 0.011168
2025-08-25 02:32:04,622 - DEBUG -    采样点数: 21
2025-08-25 02:32:04,622 - DEBUG -    点类型分布: {'eye_contours': 16, 'iris_boundaries': 4, 'pupil_center': 1}
2025-08-25 02:32:04,622 - DEBUG -    理论距离向量: [0.01136795 0.01201795 0.01201795 0.01201795 0.01201795 0.01266795
 0.01266795 0.01266795 0.01266795 0.01266795 0.01266795 0.01266795
 0.01266795 0.01266795 0.01266795 0.01266795 0.01266795 0.01266795
 0.01266795 0.01266795 0.01266795]
2025-08-25 02:32:04,622 - DEBUG -    实际距离向量: [0.02105984 0.03253901 0.02402848 0.0114038  0.02332928 0.00170802
 0.00539208 0.00920646 0.01482076 0.02299719 0.03112322 0.03904806
 0.04451899 0.04752797 0.04467967 0.03864745 0.03028897 0.02228055
 0.01386565 0.00809017 0.00450282]
2025-08-25 02:32:04,622 - DEBUG -    生理偏差向量: [0.0002  0.00085 0.00085 0.00085 0.00085 0.0015  0.0015  0.0015  0.0015
 0.0015  0.0015  0.0015  0.0015  0.0015  0.0015  0.0015  0.0015  0.0015
 0.0015  0.0015  0.0015 ]
2025-08-25 02:32:04,622 - DEBUG -    残差向量 f(θ): 
[[ 0.00969189]
 [ 0.02052106]
 [ 0.01201053]
 [-0.00061415]
 [ 0.01131132]
 [-0.01095993]
 [-0.00727587]
 [-0.00346149]
 [ 0.00215281]
 [ 0.01032923]
 [ 0.01845527]
 [ 0.02638011]
 [ 0.03185104]
 [ 0.03486001]
 [ 0.03201172]
 [ 0.0259795 ]
 [ 0.01762102]
 [ 0.0096126 ]
 [ 0.0011977 ]
 [-0.00457778]
 [-0.00816513]]
2025-08-25 02:32:04,622 - DEBUG -    平均残差范数: 0.003852
2025-08-25 02:32:04,622 - DEBUG -    残差范数=0.080882
2025-08-25 02:32:04,622 - INFO - -----------------------------------------------------------------------------------
2025-08-25 02:32:04,622 - DEBUG - 🔍 深度约束计算详情 (softplus):
2025-08-25 02:32:04,622 - DEBUG -    采样点Z坐标范围: [0.600000, 0.601815]
2025-08-25 02:32:04,622 - DEBUG -    球心Z坐标: 0.603181
2025-08-25 02:32:04,622 - DEBUG -    深度偏移ε: 0.000200
2025-08-25 02:32:04,622 - DEBUG -    softplus参数τ: 0.001000
2025-08-25 02:32:04,622 - DEBUG -    原始违反值: -0.001166
2025-08-25 02:32:04,622 - DEBUG -    softplus输入 u: -1.166091
2025-08-25 02:32:04,622 - DEBUG -    约束惩罚 h(θ): 0.000271
2025-08-25 02:32:04,622 - DEBUG -    🟢 深度约束满足: 球心深度足够
2025-08-25 02:32:04,622 - INFO - -----------------------------------------------------------------------------------
2025-08-25 02:32:04,622 - DEBUG - 🔍 半径惩罚计算详情:
2025-08-25 02:32:04,622 - DEBUG -    当前半径: 0.011168
2025-08-25 02:32:04,622 - DEBUG -    半径先验值: 0.012000
2025-08-25 02:32:04,622 - DEBUG -    半径残差 r(θ): -0.000832
2025-08-25 02:32:04,622 - DEBUG -    数据残差 f(θ): [[ 0.00969189]
 [ 0.02052106]
 [ 0.01201053]
 [-0.00061415]
 [ 0.01131132]
 [-0.01095993]
 [-0.00727587]
 [-0.00346149]
 [ 0.00215281]
 [ 0.01032923]
 [ 0.01845527]
 [ 0.02638011]
 [ 0.03185104]
 [ 0.03486001]
 [ 0.03201172]
 [ 0.0259795 ]
 [ 0.01762102]
 [ 0.0096126 ]
 [ 0.0011977 ]
 [-0.00457778]
 [-0.00816513]]
2025-08-25 02:32:04,622 - DEBUG -    约束残差 g(θ): [[0.00027123]]
2025-08-25 02:32:04,622 - DEBUG -    半径残差 r(θ): [[-0.00083205]]
2025-08-25 02:32:04,622 - DEBUG - 🔍 状态变化计算: 参数变化=0.009576, 残差变化=0.027458
2025-08-25 02:32:04,622 - INFO - -----------------------------------------------------------------------------------
2025-08-25 02:32:04,628 - DEBUG - 🔍 权重管理器状态更新详情:
2025-08-25 02:32:04,628 - DEBUG -    当前迭代: 7
2025-08-25 02:32:04,628 - DEBUG -    参数变化: 0.009576 (阈值: 0.000005)
2025-08-25 02:32:04,628 - DEBUG -    残差变化: 0.027458 (阈值: 0.000005)
2025-08-25 02:32:04,628 - DEBUG -    几何权重因子: 10
2025-08-25 02:32:04,628 - DEBUG - ⏸️ 保持图像置信度权重: 参数变化=9.58e-03, 残差变化=2.75e-02
2025-08-25 02:32:04,628 - DEBUG - 状态已保存: 参数=[-0.02857239  0.03252312  0.60318108  0.01116795], 残差范数=0.080882
2025-08-25 02:32:04,628 - DEBUG - 🔍 获取visibility信息: 形状=(21,), 范围=[1.000, 1.000]
2025-08-25 02:32:04,628 - DEBUG - 🔧 设置图像置信度权重: 21个点
2025-08-25 02:32:04,628 - DEBUG - 🔍 开始计算权重矩阵:
2025-08-25 02:32:04,628 - DEBUG -    点类型: ['pupil_center', 'iris_boundaries', 'iris_boundaries', 'iris_boundaries', 'iris_boundaries', 'eye_contours', 'eye_contours', 'eye_contours', 'eye_contours', 'eye_contours', 'eye_contours', 'eye_contours', 'eye_contours', 'eye_contours', 'eye_contours', 'eye_contours', 'eye_contours', 'eye_contours', 'eye_contours', 'eye_contours', 'eye_contours']
2025-08-25 02:32:04,628 - DEBUG -    残差向量: 形状=(21,), 范数=0.080882
2025-08-25 02:32:04,628 - DEBUG -    Visibility: 形状=(21,), 均值=1.000
2025-08-25 02:32:04,628 - WARNING - ⚠️ 权重管理器：没有启用几何权重，使用默认全1权重
2025-08-25 02:32:04,628 - WARNING - ⚠️ 权重管理器：没有启用几何权重，使用默认全1权重
2025-08-25 02:32:04,628 - WARNING - ⚠️ 权重管理器：没有启用几何权重，使用默认全1权重
2025-08-25 02:32:04,628 - WARNING - ⚠️ 权重管理器：没有启用几何权重，使用默认全1权重
2025-08-25 02:32:04,628 - WARNING - ⚠️ 权重管理器：没有启用几何权重，使用默认全1权重
2025-08-25 02:32:04,628 - WARNING - ⚠️ 权重管理器：没有启用几何权重，使用默认全1权重
2025-08-25 02:32:04,628 - WARNING - ⚠️ 权重管理器：没有启用几何权重，使用默认全1权重
2025-08-25 02:32:04,628 - WARNING - ⚠️ 权重管理器：没有启用几何权重，使用默认全1权重
2025-08-25 02:32:04,628 - WARNING - ⚠️ 权重管理器：没有启用几何权重，使用默认全1权重
2025-08-25 02:32:04,628 - WARNING - ⚠️ 权重管理器：没有启用几何权重，使用默认全1权重
2025-08-25 02:32:04,628 - WARNING - ⚠️ 权重管理器：没有启用几何权重，使用默认全1权重
2025-08-25 02:32:04,628 - WARNING - ⚠️ 权重管理器：没有启用几何权重，使用默认全1权重
2025-08-25 02:32:04,628 - WARNING - ⚠️ 权重管理器：没有启用几何权重，使用默认全1权重
2025-08-25 02:32:04,628 - WARNING - ⚠️ 权重管理器：没有启用几何权重，使用默认全1权重
2025-08-25 02:32:04,628 - WARNING - ⚠️ 权重管理器：没有启用几何权重，使用默认全1权重
2025-08-25 02:32:04,628 - WARNING - ⚠️ 权重管理器：没有启用几何权重，使用默认全1权重
2025-08-25 02:32:04,628 - WARNING - ⚠️ 权重管理器：没有启用几何权重，使用默认全1权重
2025-08-25 02:32:04,628 - WARNING - ⚠️ 权重管理器：没有启用几何权重，使用默认全1权重
2025-08-25 02:32:04,628 - WARNING - ⚠️ 权重管理器：没有启用几何权重，使用默认全1权重
2025-08-25 02:32:04,628 - WARNING - ⚠️ 权重管理器：没有启用几何权重，使用默认全1权重
2025-08-25 02:32:04,628 - WARNING - ⚠️ 权重管理器：没有启用几何权重，使用默认全1权重
2025-08-25 02:32:04,628 - DEBUG - 🔍 权重矩阵计算成功: 形状=(21, 21)
2025-08-25 02:32:04,628 - DEBUG - 🔍 几何权重统计:
2025-08-25 02:32:04,628 - DEBUG -    权重向量: [[1.]
 [1.]
 [1.]
 [1.]
 [1.]
 [1.]
 [1.]
 [1.]
 [1.]
 [1.]
 [1.]
 [1.]
 [1.]
 [1.]
 [1.]
 [1.]
 [1.]
 [1.]
 [1.]
 [1.]
 [1.]]
2025-08-25 02:32:04,628 - DEBUG -    权重范围: [1.000000, 1.000000]
2025-08-25 02:32:04,628 - DEBUG -    权重均值: 1.000000
2025-08-25 02:32:04,628 - DEBUG -    权重标准差: 0.000000
2025-08-25 02:32:04,628 - DEBUG -    高权重点(>0.8): 21/21
2025-08-25 02:32:04,628 - DEBUG -    低权重点(<0.2): 0/21
2025-08-25 02:32:04,628 - INFO - -----------------------------------------------------------------------------------
2025-08-25 02:32:04,628 - DEBUG - 🔍 开始求解LM更新方程:
2025-08-25 02:32:04,628 - DEBUG -    数据残差: 形状=(21,), 范数=0.080882
2025-08-25 02:32:04,637 - DEBUG -    约束残差: 形状=(1,), 范数=0.000271
2025-08-25 02:32:04,637 - DEBUG - 🔍 计算数据残差雅可比矩阵 J_f: 形状=(21, 4)
2025-08-25 02:32:04,637 - DEBUG - 🔍 J_f矩阵计算完成: 条件数=8.25e+01
2025-08-25 02:32:04,638 - DEBUG - 🔍 深度约束雅可比计算: u=-1.166091, σ=0.237562, J_h=[[ 0.          0.         -0.23756237  0.        ]]
2025-08-25 02:32:04,638 - DEBUG - 🔍 半径先验雅可比: J_r=[[0. 0. 0. 1.]]
2025-08-25 02:32:04,638 - DEBUG - 🔍 使用几何权重矩阵: 形状=(21, 21)
2025-08-25 02:32:04,638 - DEBUG - 🔍 Hessian矩阵计算:
2025-08-25 02:32:04,638 - DEBUG -    H_data = J_f^T W J_f: 形状=(4, 4), 条件数=6.80e+03
2025-08-25 02:32:04,638 - DEBUG -    H_h = λ_depth J_h^T J_h: 形状=(4, 4), λ_depth=1000.0
2025-08-25 02:32:04,638 - DEBUG -    H_r = λ_radius J_r^T J_r: 形状=(4, 4), λ_radius=1.0
2025-08-25 02:32:04,638 - DEBUG -    H_total: 形状=(4, 4), 条件数=1.07e+02
2025-08-25 02:32:04,638 - DEBUG - 🔍 梯度计算:
2025-08-25 02:32:04,638 - DEBUG -    g_data: 形状=(4,), 范数=0.326257
2025-08-25 02:32:04,638 - DEBUG -    g_h: 形状=(4,), 范数=0.064435
2025-08-25 02:32:04,638 - DEBUG -    g_r: 形状=(4,), 范数=0.000832
2025-08-25 02:32:04,638 - DEBUG -    g_total: 形状=(4,), 范数=0.333359
2025-08-25 02:32:04,638 - DEBUG - 🔍 LM阻尼矩阵: H_lm = H_total + 1.0 * I
2025-08-25 02:32:04,638 - DEBUG -    H_lm条件数: 3.85e+01
2025-08-25 02:32:04,638 - DEBUG - 🔍 线性方程组求解成功:
2025-08-25 02:32:04,638 - DEBUG -    参数更新向量 Δθ: [[-0.01292373]
 [-0.00165955]
 [ 0.00055356]
 [-0.00096159]]
2025-08-25 02:32:04,638 - DEBUG -    更新向量范数: 0.013077
2025-08-25 02:32:04,638 - DEBUG -    各分量更新: Δc_x=-0.012924, Δc_y=-0.001660, Δc_z=0.000554, Δr=-0.000962
2025-08-25 02:32:04,638 - DEBUG -    参数更新:
2025-08-25 02:32:04,638 - DEBUG -      旧参数: [[-0.02857239]
 [ 0.03252312]
 [ 0.60318108]
 [ 0.01116795]]
2025-08-25 02:32:04,638 - DEBUG -      更新向量: [[-0.01292373]
 [-0.00165955]
 [ 0.00055356]
 [-0.00096159]]
2025-08-25 02:32:04,638 - DEBUG -      新参数: [[-0.04149612]
 [ 0.03086357]
 [ 0.60373463]
 [ 0.01020636]]
2025-08-25 02:32:04,638 - INFO - -----------------------------------------------------------------------------------
2025-08-25 02:32:04,638 - INFO - 🔍 迭代第7次，球心向右12.923734mm，向上1.659552mm，向后0.553555mm，半径变小0.961594mm
2025-08-25 02:32:04,638 - INFO - 📊 变化前: 中心(-0.029, 0.033, 0.603), 半径11.17mm
2025-08-25 02:32:04,645 - INFO - 📊 变化后: 中心(-0.041, 0.031, 0.604), 半径10.21mm
2025-08-25 02:32:04,645 - INFO - 📈 变化量: 中心移动13.03mm, 半径变化0.96mm
2025-08-25 02:32:04,645 - INFO - 📍 眼球中心: [-0.02857239  0.03252312  0.60318108]
2025-08-25 02:32:04,645 - INFO - 📏 眼球半径: 11.17mm
2025-08-25 02:32:04,645 - INFO - 👁️ 瞳孔中心: [-0.008       0.02933333  0.60000002]
2025-08-25 02:32:04,645 - INFO - 📐 眼球中心在瞳孔中心的左20.57mm，下3.19mm，后3.18mm
2025-08-25 02:32:04,645 - INFO - 📏 距离: 21.06mm
2025-08-25 02:32:04,645 - INFO - -----------------------------------------------------------------------------------
2025-08-25 02:32:04,645 - INFO - -----------------------------------------------------------------------------------
2025-08-25 02:32:04,645 - DEBUG - 🔍 参数有效性检查:
2025-08-25 02:32:04,645 - DEBUG -    参数向量: [[-0.04149612]
 [ 0.03086357]
 [ 0.60373463]
 [ 0.01020636]]
2025-08-25 02:32:04,645 - DEBUG -    球心: [-0.04149612  0.03086357  0.60373463]
2025-08-25 02:32:04,645 - DEBUG -    半径: 0.010206
2025-08-25 02:32:04,645 - DEBUG - 🔍 函数值计算详情:
2025-08-25 02:32:04,645 - DEBUG -    数据项 F(θ): 0.003271
2025-08-25 02:32:04,645 - DEBUG -    深度约束项: 0.000037
2025-08-25 02:32:04,645 - DEBUG -    半径先验项: 0.000000
2025-08-25 02:32:04,645 - DEBUG -    总函数值 Φ(θ): 0.003308
2025-08-25 02:32:04,645 - DEBUG -    函数值改善: -0.001875
2025-08-25 02:32:04,645 - DEBUG - 🔍 参数有效: False
2025-08-25 02:32:04,645 - DEBUG -    参数无效，阻尼因子调整: λ_LM = 1.00e+01
2025-08-25 02:32:04,645 - DEBUG - 🔍 迭代 9/30:
2025-08-25 02:32:04,645 - DEBUG - 🔍 计算点到球心距离: 形状=(21,)
2025-08-25 02:32:04,650 - DEBUG - 🔍 生理偏差向量计算:
2025-08-25 02:32:04,650 - DEBUG -    点类型列表: ['pupil_center', 'iris_boundaries', 'iris_boundaries', 'iris_boundaries', 'iris_boundaries', 'eye_contours', 'eye_contours', 'eye_contours', 'eye_contours', 'eye_contours', 'eye_contours', 'eye_contours', 'eye_contours', 'eye_contours', 'eye_contours', 'eye_contours', 'eye_contours', 'eye_contours', 'eye_contours', 'eye_contours', 'eye_contours']
2025-08-25 02:32:04,650 - DEBUG -    偏差向量: [0.0002  0.00085 0.00085 0.00085 0.00085 0.0015  0.0015  0.0015  0.0015
 0.0015  0.0015  0.0015  0.0015  0.0015  0.0015  0.0015  0.0015  0.0015
 0.0015  0.0015  0.0015 ]
2025-08-25 02:32:04,650 - DEBUG -    向量形状: (21,)
2025-08-25 02:32:04,650 - DEBUG -    偏差统计: 均值=0.001314, 标准差=0.000356
2025-08-25 02:32:04,650 - DEBUG - 获取生理偏差: 点类型=['pupil_center', 'iris_boundaries', 'iris_boundaries', 'iris_boundaries', 'iris_boundaries', 'eye_contours', 'eye_contours', 'eye_contours', 'eye_contours', 'eye_contours', 'eye_contours', 'eye_contours', 'eye_contours', 'eye_contours', 'eye_contours', 'eye_contours', 'eye_contours', 'eye_contours', 'eye_contours', 'eye_contours', 'eye_contours'], 偏差值=[0.0002  0.00085 0.00085 0.00085 0.00085 0.0015  0.0015  0.0015  0.0015
 0.0015  0.0015  0.0015  0.0015  0.0015  0.0015  0.0015  0.0015  0.0015
 0.0015  0.0015  0.0015 ]
2025-08-25 02:32:04,653 - INFO - -----------------------------------------------------------------------------------
2025-08-25 02:32:04,653 - DEBUG - 🔍 拟合残差计算详情:
2025-08-25 02:32:04,653 - DEBUG -    球心坐标: [-0.02857239  0.03252312  0.60318108]
2025-08-25 02:32:04,653 - DEBUG -    球体半径: 0.011168
2025-08-25 02:32:04,653 - DEBUG -    采样点数: 21
2025-08-25 02:32:04,653 - DEBUG -    点类型分布: {'eye_contours': 16, 'iris_boundaries': 4, 'pupil_center': 1}
2025-08-25 02:32:04,653 - DEBUG -    理论距离向量: [0.01136795 0.01201795 0.01201795 0.01201795 0.01201795 0.01266795
 0.01266795 0.01266795 0.01266795 0.01266795 0.01266795 0.01266795
 0.01266795 0.01266795 0.01266795 0.01266795 0.01266795 0.01266795
 0.01266795 0.01266795 0.01266795]
2025-08-25 02:32:04,653 - DEBUG -    实际距离向量: [0.02105984 0.03253901 0.02402848 0.0114038  0.02332928 0.00170802
 0.00539208 0.00920646 0.01482076 0.02299719 0.03112322 0.03904806
 0.04451899 0.04752797 0.04467967 0.03864745 0.03028897 0.02228055
 0.01386565 0.00809017 0.00450282]
2025-08-25 02:32:04,653 - DEBUG -    生理偏差向量: [0.0002  0.00085 0.00085 0.00085 0.00085 0.0015  0.0015  0.0015  0.0015
 0.0015  0.0015  0.0015  0.0015  0.0015  0.0015  0.0015  0.0015  0.0015
 0.0015  0.0015  0.0015 ]
2025-08-25 02:32:04,653 - DEBUG -    残差向量 f(θ): 
[[ 0.00969189]
 [ 0.02052106]
 [ 0.01201053]
 [-0.00061415]
 [ 0.01131132]
 [-0.01095993]
 [-0.00727587]
 [-0.00346149]
 [ 0.00215281]
 [ 0.01032923]
 [ 0.01845527]
 [ 0.02638011]
 [ 0.03185104]
 [ 0.03486001]
 [ 0.03201172]
 [ 0.0259795 ]
 [ 0.01762102]
 [ 0.0096126 ]
 [ 0.0011977 ]
 [-0.00457778]
 [-0.00816513]]
2025-08-25 02:32:04,653 - DEBUG -    平均残差范数: 0.003852
2025-08-25 02:32:04,653 - DEBUG -    残差范数=0.080882
2025-08-25 02:32:04,653 - INFO - -----------------------------------------------------------------------------------
2025-08-25 02:32:04,653 - DEBUG - 🔍 深度约束计算详情 (softplus):
2025-08-25 02:32:04,653 - DEBUG -    采样点Z坐标范围: [0.600000, 0.601815]
2025-08-25 02:32:04,653 - DEBUG -    球心Z坐标: 0.603181
2025-08-25 02:32:04,653 - DEBUG -    深度偏移ε: 0.000200
2025-08-25 02:32:04,653 - DEBUG -    softplus参数τ: 0.001000
2025-08-25 02:32:04,653 - DEBUG -    原始违反值: -0.001166
2025-08-25 02:32:04,653 - DEBUG -    softplus输入 u: -1.166091
2025-08-25 02:32:04,653 - DEBUG -    约束惩罚 h(θ): 0.000271
2025-08-25 02:32:04,653 - DEBUG -    🟢 深度约束满足: 球心深度足够
2025-08-25 02:32:04,653 - INFO - -----------------------------------------------------------------------------------
2025-08-25 02:32:04,653 - DEBUG - 🔍 半径惩罚计算详情:
2025-08-25 02:32:04,653 - DEBUG -    当前半径: 0.011168
2025-08-25 02:32:04,653 - DEBUG -    半径先验值: 0.012000
2025-08-25 02:32:04,653 - DEBUG -    半径残差 r(θ): -0.000832
2025-08-25 02:32:04,661 - DEBUG -    数据残差 f(θ): [[ 0.00969189]
 [ 0.02052106]
 [ 0.01201053]
 [-0.00061415]
 [ 0.01131132]
 [-0.01095993]
 [-0.00727587]
 [-0.00346149]
 [ 0.00215281]
 [ 0.01032923]
 [ 0.01845527]
 [ 0.02638011]
 [ 0.03185104]
 [ 0.03486001]
 [ 0.03201172]
 [ 0.0259795 ]
 [ 0.01762102]
 [ 0.0096126 ]
 [ 0.0011977 ]
 [-0.00457778]
 [-0.00816513]]
2025-08-25 02:32:04,662 - DEBUG -    约束残差 g(θ): [[0.00027123]]
2025-08-25 02:32:04,662 - DEBUG -    半径残差 r(θ): [[-0.00083205]]
2025-08-25 02:32:04,662 - DEBUG - 🔍 状态变化计算: 参数变化=0.000000, 残差变化=0.000000
2025-08-25 02:32:04,662 - INFO - -----------------------------------------------------------------------------------
2025-08-25 02:32:04,662 - DEBUG - 🔍 权重管理器状态更新详情:
2025-08-25 02:32:04,662 - DEBUG -    当前迭代: 8
2025-08-25 02:32:04,662 - DEBUG -    参数变化: 0.000000 (阈值: 0.000005)
2025-08-25 02:32:04,662 - DEBUG -    残差变化: 0.000000 (阈值: 0.000005)
2025-08-25 02:32:04,662 - DEBUG -    几何权重因子: 10
2025-08-25 02:32:04,662 - DEBUG - ⏸️ 保持图像置信度权重: 参数变化=0.00e+00, 残差变化=0.00e+00
2025-08-25 02:32:04,662 - DEBUG - 状态已保存: 参数=[-0.02857239  0.03252312  0.60318108  0.01116795], 残差范数=0.080882
2025-08-25 02:32:04,662 - DEBUG - 🔍 获取visibility信息: 形状=(21,), 范围=[1.000, 1.000]
2025-08-25 02:32:04,662 - DEBUG - 🔧 设置图像置信度权重: 21个点
2025-08-25 02:32:04,662 - DEBUG - 🔍 开始计算权重矩阵:
2025-08-25 02:32:04,662 - DEBUG -    点类型: ['pupil_center', 'iris_boundaries', 'iris_boundaries', 'iris_boundaries', 'iris_boundaries', 'eye_contours', 'eye_contours', 'eye_contours', 'eye_contours', 'eye_contours', 'eye_contours', 'eye_contours', 'eye_contours', 'eye_contours', 'eye_contours', 'eye_contours', 'eye_contours', 'eye_contours', 'eye_contours', 'eye_contours', 'eye_contours']
2025-08-25 02:32:04,662 - DEBUG -    残差向量: 形状=(21,), 范数=0.080882
2025-08-25 02:32:04,662 - DEBUG -    Visibility: 形状=(21,), 均值=1.000
2025-08-25 02:32:04,662 - WARNING - ⚠️ 权重管理器：没有启用几何权重，使用默认全1权重
2025-08-25 02:32:04,662 - WARNING - ⚠️ 权重管理器：没有启用几何权重，使用默认全1权重
2025-08-25 02:32:04,662 - WARNING - ⚠️ 权重管理器：没有启用几何权重，使用默认全1权重
2025-08-25 02:32:04,662 - WARNING - ⚠️ 权重管理器：没有启用几何权重，使用默认全1权重
2025-08-25 02:32:04,662 - WARNING - ⚠️ 权重管理器：没有启用几何权重，使用默认全1权重
2025-08-25 02:32:04,662 - WARNING - ⚠️ 权重管理器：没有启用几何权重，使用默认全1权重
2025-08-25 02:32:04,662 - WARNING - ⚠️ 权重管理器：没有启用几何权重，使用默认全1权重
2025-08-25 02:32:04,662 - WARNING - ⚠️ 权重管理器：没有启用几何权重，使用默认全1权重
2025-08-25 02:32:04,662 - WARNING - ⚠️ 权重管理器：没有启用几何权重，使用默认全1权重
2025-08-25 02:32:04,662 - WARNING - ⚠️ 权重管理器：没有启用几何权重，使用默认全1权重
2025-08-25 02:32:04,662 - WARNING - ⚠️ 权重管理器：没有启用几何权重，使用默认全1权重
2025-08-25 02:32:04,662 - WARNING - ⚠️ 权重管理器：没有启用几何权重，使用默认全1权重
2025-08-25 02:32:04,662 - WARNING - ⚠️ 权重管理器：没有启用几何权重，使用默认全1权重
2025-08-25 02:32:04,662 - WARNING - ⚠️ 权重管理器：没有启用几何权重，使用默认全1权重
2025-08-25 02:32:04,662 - WARNING - ⚠️ 权重管理器：没有启用几何权重，使用默认全1权重
2025-08-25 02:32:04,662 - WARNING - ⚠️ 权重管理器：没有启用几何权重，使用默认全1权重
2025-08-25 02:32:04,662 - WARNING - ⚠️ 权重管理器：没有启用几何权重，使用默认全1权重
2025-08-25 02:32:04,662 - WARNING - ⚠️ 权重管理器：没有启用几何权重，使用默认全1权重
2025-08-25 02:32:04,662 - WARNING - ⚠️ 权重管理器：没有启用几何权重，使用默认全1权重
2025-08-25 02:32:04,662 - WARNING - ⚠️ 权重管理器：没有启用几何权重，使用默认全1权重
2025-08-25 02:32:04,662 - WARNING - ⚠️ 权重管理器：没有启用几何权重，使用默认全1权重
2025-08-25 02:32:04,669 - DEBUG - 🔍 权重矩阵计算成功: 形状=(21, 21)
2025-08-25 02:32:04,669 - DEBUG - 🔍 几何权重统计:
2025-08-25 02:32:04,669 - DEBUG -    权重向量: [[1.]
 [1.]
 [1.]
 [1.]
 [1.]
 [1.]
 [1.]
 [1.]
 [1.]
 [1.]
 [1.]
 [1.]
 [1.]
 [1.]
 [1.]
 [1.]
 [1.]
 [1.]
 [1.]
 [1.]
 [1.]]
2025-08-25 02:32:04,669 - DEBUG -    权重范围: [1.000000, 1.000000]
2025-08-25 02:32:04,669 - DEBUG -    权重均值: 1.000000
2025-08-25 02:32:04,669 - DEBUG -    权重标准差: 0.000000
2025-08-25 02:32:04,669 - DEBUG -    高权重点(>0.8): 21/21
2025-08-25 02:32:04,669 - DEBUG -    低权重点(<0.2): 0/21
2025-08-25 02:32:04,669 - INFO - -----------------------------------------------------------------------------------
2025-08-25 02:32:04,669 - DEBUG - 🔍 开始求解LM更新方程:
2025-08-25 02:32:04,669 - DEBUG -    数据残差: 形状=(21,), 范数=0.080882
2025-08-25 02:32:04,669 - DEBUG -    约束残差: 形状=(1,), 范数=0.000271
2025-08-25 02:32:04,669 - DEBUG - 🔍 计算数据残差雅可比矩阵 J_f: 形状=(21, 4)
2025-08-25 02:32:04,669 - DEBUG - 🔍 J_f矩阵计算完成: 条件数=8.25e+01
2025-08-25 02:32:04,669 - DEBUG - 🔍 深度约束雅可比计算: u=-1.166091, σ=0.237562, J_h=[[ 0.          0.         -0.23756237  0.        ]]
2025-08-25 02:32:04,669 - DEBUG - 🔍 半径先验雅可比: J_r=[[0. 0. 0. 1.]]
2025-08-25 02:32:04,669 - DEBUG - 🔍 使用几何权重矩阵: 形状=(21, 21)
2025-08-25 02:32:04,669 - DEBUG - 🔍 Hessian矩阵计算:
2025-08-25 02:32:04,669 - DEBUG -    H_data = J_f^T W J_f: 形状=(4, 4), 条件数=6.80e+03
2025-08-25 02:32:04,669 - DEBUG -    H_h = λ_depth J_h^T J_h: 形状=(4, 4), λ_depth=1000.0
2025-08-25 02:32:04,669 - DEBUG -    H_r = λ_radius J_r^T J_r: 形状=(4, 4), λ_radius=1.0
2025-08-25 02:32:04,669 - DEBUG -    H_total: 形状=(4, 4), 条件数=1.07e+02
2025-08-25 02:32:04,669 - DEBUG - 🔍 梯度计算:
2025-08-25 02:32:04,669 - DEBUG -    g_data: 形状=(4,), 范数=0.326257
2025-08-25 02:32:04,669 - DEBUG -    g_h: 形状=(4,), 范数=0.064435
2025-08-25 02:32:04,669 - DEBUG -    g_r: 形状=(4,), 范数=0.000832
2025-08-25 02:32:04,669 - DEBUG -    g_total: 形状=(4,), 范数=0.333359
2025-08-25 02:32:04,669 - DEBUG - 🔍 LM阻尼矩阵: H_lm = H_total + 10.0 * I
2025-08-25 02:32:04,669 - DEBUG -    H_lm条件数: 6.51e+00
2025-08-25 02:32:04,669 - DEBUG - 🔍 线性方程组求解成功:
2025-08-25 02:32:04,677 - DEBUG -    参数更新向量 Δθ: [[-5.49782929e-03]
 [-4.31071916e-05]
 [ 5.46467911e-04]
 [ 3.75578420e-03]]
2025-08-25 02:32:04,677 - DEBUG -    更新向量范数: 0.006681
2025-08-25 02:32:04,677 - DEBUG -    各分量更新: Δc_x=-0.005498, Δc_y=-0.000043, Δc_z=0.000546, Δr=0.003756
2025-08-25 02:32:04,677 - DEBUG -    参数更新:
2025-08-25 02:32:04,677 - DEBUG -      旧参数: [[-0.02857239]
 [ 0.03252312]
 [ 0.60318108]
 [ 0.01116795]]
2025-08-25 02:32:04,677 - DEBUG -      更新向量: [[-5.49782929e-03]
 [-4.31071916e-05]
 [ 5.46467911e-04]
 [ 3.75578420e-03]]
2025-08-25 02:32:04,677 - DEBUG -      新参数: [[-0.03407022]
 [ 0.03248001]
 [ 0.60372754]
 [ 0.01492374]]
2025-08-25 02:32:04,677 - INFO - -----------------------------------------------------------------------------------
2025-08-25 02:32:04,677 - INFO - 🔍 迭代第8次，球心向右5.497829mm，向上0.043107mm，向后0.546468mm，半径变大3.755784mm
2025-08-25 02:32:04,677 - INFO - 📊 变化前: 中心(-0.029, 0.033, 0.603), 半径11.17mm
2025-08-25 02:32:04,677 - INFO - 📊 变化后: 中心(-0.034, 0.032, 0.604), 半径14.92mm
2025-08-25 02:32:04,677 - INFO - 📈 变化量: 中心移动5.50mm, 半径变化3.76mm
2025-08-25 02:32:04,677 - INFO - 📍 眼球中心: [-0.02857239  0.03252312  0.60318108]
2025-08-25 02:32:04,677 - INFO - 📏 眼球半径: 11.17mm
2025-08-25 02:32:04,677 - INFO - 👁️ 瞳孔中心: [-0.008       0.02933333  0.60000002]
2025-08-25 02:32:04,677 - INFO - 📐 眼球中心在瞳孔中心的左20.57mm，下3.19mm，后3.18mm
2025-08-25 02:32:04,677 - INFO - 📏 距离: 21.06mm
2025-08-25 02:32:04,677 - INFO - -----------------------------------------------------------------------------------
2025-08-25 02:32:04,677 - INFO - -----------------------------------------------------------------------------------
2025-08-25 02:32:04,677 - DEBUG - 🔍 参数有效性检查:
2025-08-25 02:32:04,677 - DEBUG -    参数向量: [[-0.03407022]
 [ 0.03248001]
 [ 0.60372754]
 [ 0.01492374]]
2025-08-25 02:32:04,677 - DEBUG -    球心: [-0.03407022  0.03248001  0.60372754]
2025-08-25 02:32:04,677 - DEBUG -    半径: 0.014924
2025-08-25 02:32:04,677 - DEBUG - 🔍 函数值计算详情:
2025-08-25 02:32:04,677 - DEBUG -    数据项 F(θ): 0.003271
2025-08-25 02:32:04,677 - DEBUG -    深度约束项: 0.000037
2025-08-25 02:32:04,677 - DEBUG -    半径先验项: 0.000000
2025-08-25 02:32:04,677 - DEBUG -    总函数值 Φ(θ): 0.003308
2025-08-25 02:32:04,677 - DEBUG -    函数值改善: 0.000000
2025-08-25 02:32:04,685 - DEBUG - 🔍 参数有效: True
2025-08-25 02:32:04,685 - DEBUG -    参数更新成功:
2025-08-25 02:32:04,685 - DEBUG -      新球心: [-0.03407022  0.03248001  0.60372754]
2025-08-25 02:32:04,685 - DEBUG -      新半径: 0.014924
2025-08-25 02:32:04,685 - INFO - -----------------------------------------------------------------------------------
2025-08-25 02:32:04,685 - DEBUG - 🔍 LM收敛性检查:
2025-08-25 02:32:04,685 - DEBUG -    当前迭代次数: 8
2025-08-25 02:32:04,685 - DEBUG -    最大迭代次数: 30
2025-08-25 02:32:04,685 - DEBUG -    参数变化: 0.006681
2025-08-25 02:32:04,685 - DEBUG -    参数容忍度: 5e-06
2025-08-25 02:32:04,685 - DEBUG -    残差变化: 0.000000
2025-08-25 02:32:04,685 - DEBUG -    残差容忍度: 5e-06
2025-08-25 02:32:04,685 - DEBUG - 🔍 迭代 10/30:
2025-08-25 02:32:04,685 - DEBUG - 🔍 计算点到球心距离: 形状=(21,)
2025-08-25 02:32:04,685 - DEBUG - 🔍 生理偏差向量计算:
2025-08-25 02:32:04,685 - DEBUG -    点类型列表: ['pupil_center', 'iris_boundaries', 'iris_boundaries', 'iris_boundaries', 'iris_boundaries', 'eye_contours', 'eye_contours', 'eye_contours', 'eye_contours', 'eye_contours', 'eye_contours', 'eye_contours', 'eye_contours', 'eye_contours', 'eye_contours', 'eye_contours', 'eye_contours', 'eye_contours', 'eye_contours', 'eye_contours', 'eye_contours']
2025-08-25 02:32:04,685 - DEBUG -    偏差向量: [0.0002  0.00085 0.00085 0.00085 0.00085 0.0015  0.0015  0.0015  0.0015
 0.0015  0.0015  0.0015  0.0015  0.0015  0.0015  0.0015  0.0015  0.0015
 0.0015  0.0015  0.0015 ]
2025-08-25 02:32:04,685 - DEBUG -    向量形状: (21,)
2025-08-25 02:32:04,685 - DEBUG -    偏差统计: 均值=0.001314, 标准差=0.000356
2025-08-25 02:32:04,685 - DEBUG - 获取生理偏差: 点类型=['pupil_center', 'iris_boundaries', 'iris_boundaries', 'iris_boundaries', 'iris_boundaries', 'eye_contours', 'eye_contours', 'eye_contours', 'eye_contours', 'eye_contours', 'eye_contours', 'eye_contours', 'eye_contours', 'eye_contours', 'eye_contours', 'eye_contours', 'eye_contours', 'eye_contours', 'eye_contours', 'eye_contours', 'eye_contours'], 偏差值=[0.0002  0.00085 0.00085 0.00085 0.00085 0.0015  0.0015  0.0015  0.0015
 0.0015  0.0015  0.0015  0.0015  0.0015  0.0015  0.0015  0.0015  0.0015
 0.0015  0.0015  0.0015 ]
2025-08-25 02:32:04,685 - INFO - -----------------------------------------------------------------------------------
2025-08-25 02:32:04,685 - DEBUG - 🔍 拟合残差计算详情:
2025-08-25 02:32:04,685 - DEBUG -    球心坐标: [-0.03407022  0.03248001  0.60372754]
2025-08-25 02:32:04,685 - DEBUG -    球体半径: 0.014924
2025-08-25 02:32:04,685 - DEBUG -    采样点数: 21
2025-08-25 02:32:04,685 - DEBUG -    点类型分布: {'eye_contours': 16, 'iris_boundaries': 4, 'pupil_center': 1}
2025-08-25 02:32:04,685 - DEBUG -    理论距离向量: [0.01512374 0.01577374 0.01577374 0.01577374 0.01577374 0.01642374
 0.01642374 0.01642374 0.01642374 0.01642374 0.01642374 0.01642374
 0.01642374 0.01642374 0.01642374 0.01642374 0.01642374 0.01642374
 0.01642374 0.01642374 0.01642374]
2025-08-25 02:32:04,685 - DEBUG -    实际距离向量: [0.02652267 0.03802923 0.02900544 0.01688798 0.02870295 0.00674595
 0.01072276 0.01461262 0.02025143 0.02848087 0.03663677 0.04456969
 0.05003406 0.05303758 0.0501663  0.04408234 0.0356428  0.02753596
 0.0190301  0.0132376  0.00965997]
2025-08-25 02:32:04,685 - DEBUG -    生理偏差向量: [0.0002  0.00085 0.00085 0.00085 0.00085 0.0015  0.0015  0.0015  0.0015
 0.0015  0.0015  0.0015  0.0015  0.0015  0.0015  0.0015  0.0015  0.0015
 0.0015  0.0015  0.0015 ]
2025-08-25 02:32:04,685 - DEBUG -    残差向量 f(θ): 
[[ 0.01139894]
 [ 0.02225549]
 [ 0.01323171]
 [ 0.00111424]
 [ 0.01292921]
 [-0.00967779]
 [-0.00570098]
 [-0.00181112]
 [ 0.00382769]
 [ 0.01205713]
 [ 0.02021304]
 [ 0.02814596]
 [ 0.03361033]
 [ 0.03661385]
 [ 0.03374256]
 [ 0.02765861]
 [ 0.01921907]
 [ 0.01111222]
 [ 0.00260637]
 [-0.00318614]
 [-0.00676377]]
2025-08-25 02:32:04,685 - DEBUG -    平均残差范数: 0.004093
2025-08-25 02:32:04,685 - DEBUG -    残差范数=0.085955
2025-08-25 02:32:04,693 - INFO - -----------------------------------------------------------------------------------
2025-08-25 02:32:04,693 - DEBUG - 🔍 深度约束计算详情 (softplus):
2025-08-25 02:32:04,693 - DEBUG -    采样点Z坐标范围: [0.600000, 0.601815]
2025-08-25 02:32:04,693 - DEBUG -    球心Z坐标: 0.603728
2025-08-25 02:32:04,693 - DEBUG -    深度偏移ε: 0.000200
2025-08-25 02:32:04,693 - DEBUG -    softplus参数τ: 0.001000
2025-08-25 02:32:04,693 - DEBUG -    原始违反值: -0.001713
2025-08-25 02:32:04,693 - DEBUG -    softplus输入 u: -1.712558
2025-08-25 02:32:04,693 - DEBUG -    约束惩罚 h(θ): 0.000166
2025-08-25 02:32:04,693 - DEBUG -    🟢 深度约束满足: 球心深度足够
2025-08-25 02:32:04,693 - INFO - -----------------------------------------------------------------------------------
2025-08-25 02:32:04,693 - DEBUG - 🔍 半径惩罚计算详情:
2025-08-25 02:32:04,693 - DEBUG -    当前半径: 0.014924
2025-08-25 02:32:04,693 - DEBUG -    半径先验值: 0.012000
2025-08-25 02:32:04,693 - DEBUG -    半径残差 r(θ): 0.002924
2025-08-25 02:32:04,693 - DEBUG -    数据残差 f(θ): [[ 0.01139894]
 [ 0.02225549]
 [ 0.01323171]
 [ 0.00111424]
 [ 0.01292921]
 [-0.00967779]
 [-0.00570098]
 [-0.00181112]
 [ 0.00382769]
 [ 0.01205713]
 [ 0.02021304]
 [ 0.02814596]
 [ 0.03361033]
 [ 0.03661385]
 [ 0.03374256]
 [ 0.02765861]
 [ 0.01921907]
 [ 0.01111222]
 [ 0.00260637]
 [-0.00318614]
 [-0.00676377]]
2025-08-25 02:32:04,693 - DEBUG -    约束残差 g(θ): [[0.00016586]]
2025-08-25 02:32:04,693 - DEBUG -    半径残差 r(θ): [[0.00292374]]
2025-08-25 02:32:04,693 - DEBUG - 🔍 状态变化计算: 参数变化=0.006681, 残差变化=0.005073
2025-08-25 02:32:04,693 - INFO - -----------------------------------------------------------------------------------
2025-08-25 02:32:04,693 - DEBUG - 🔍 权重管理器状态更新详情:
2025-08-25 02:32:04,693 - DEBUG -    当前迭代: 9
2025-08-25 02:32:04,693 - DEBUG -    参数变化: 0.006681 (阈值: 0.000005)
2025-08-25 02:32:04,693 - DEBUG -    残差变化: 0.005073 (阈值: 0.000005)
2025-08-25 02:32:04,693 - DEBUG -    几何权重因子: 10
2025-08-25 02:32:04,693 - DEBUG - ⏸️ 保持图像置信度权重: 参数变化=6.68e-03, 残差变化=5.07e-03
2025-08-25 02:32:04,693 - DEBUG - 状态已保存: 参数=[-0.03407022  0.03248001  0.60372754  0.01492374], 残差范数=0.085955
2025-08-25 02:32:04,693 - DEBUG - 🔍 获取visibility信息: 形状=(21,), 范围=[1.000, 1.000]
2025-08-25 02:32:04,693 - DEBUG - 🔧 设置图像置信度权重: 21个点
2025-08-25 02:32:04,702 - DEBUG - 🔍 开始计算权重矩阵:
2025-08-25 02:32:04,702 - DEBUG -    点类型: ['pupil_center', 'iris_boundaries', 'iris_boundaries', 'iris_boundaries', 'iris_boundaries', 'eye_contours', 'eye_contours', 'eye_contours', 'eye_contours', 'eye_contours', 'eye_contours', 'eye_contours', 'eye_contours', 'eye_contours', 'eye_contours', 'eye_contours', 'eye_contours', 'eye_contours', 'eye_contours', 'eye_contours', 'eye_contours']
2025-08-25 02:32:04,702 - DEBUG -    残差向量: 形状=(21,), 范数=0.085955
2025-08-25 02:32:04,702 - DEBUG -    Visibility: 形状=(21,), 均值=1.000
2025-08-25 02:32:04,702 - WARNING - ⚠️ 权重管理器：没有启用几何权重，使用默认全1权重
2025-08-25 02:32:04,702 - WARNING - ⚠️ 权重管理器：没有启用几何权重，使用默认全1权重
2025-08-25 02:32:04,702 - WARNING - ⚠️ 权重管理器：没有启用几何权重，使用默认全1权重
2025-08-25 02:32:04,702 - WARNING - ⚠️ 权重管理器：没有启用几何权重，使用默认全1权重
2025-08-25 02:32:04,702 - WARNING - ⚠️ 权重管理器：没有启用几何权重，使用默认全1权重
2025-08-25 02:32:04,702 - WARNING - ⚠️ 权重管理器：没有启用几何权重，使用默认全1权重
2025-08-25 02:32:04,702 - WARNING - ⚠️ 权重管理器：没有启用几何权重，使用默认全1权重
2025-08-25 02:32:04,702 - WARNING - ⚠️ 权重管理器：没有启用几何权重，使用默认全1权重
2025-08-25 02:32:04,702 - WARNING - ⚠️ 权重管理器：没有启用几何权重，使用默认全1权重
2025-08-25 02:32:04,702 - WARNING - ⚠️ 权重管理器：没有启用几何权重，使用默认全1权重
2025-08-25 02:32:04,702 - WARNING - ⚠️ 权重管理器：没有启用几何权重，使用默认全1权重
2025-08-25 02:32:04,702 - WARNING - ⚠️ 权重管理器：没有启用几何权重，使用默认全1权重
2025-08-25 02:32:04,702 - WARNING - ⚠️ 权重管理器：没有启用几何权重，使用默认全1权重
2025-08-25 02:32:04,702 - WARNING - ⚠️ 权重管理器：没有启用几何权重，使用默认全1权重
2025-08-25 02:32:04,702 - WARNING - ⚠️ 权重管理器：没有启用几何权重，使用默认全1权重
2025-08-25 02:32:04,702 - WARNING - ⚠️ 权重管理器：没有启用几何权重，使用默认全1权重
2025-08-25 02:32:04,702 - WARNING - ⚠️ 权重管理器：没有启用几何权重，使用默认全1权重
2025-08-25 02:32:04,702 - WARNING - ⚠️ 权重管理器：没有启用几何权重，使用默认全1权重
2025-08-25 02:32:04,702 - WARNING - ⚠️ 权重管理器：没有启用几何权重，使用默认全1权重
2025-08-25 02:32:04,702 - WARNING - ⚠️ 权重管理器：没有启用几何权重，使用默认全1权重
2025-08-25 02:32:04,702 - WARNING - ⚠️ 权重管理器：没有启用几何权重，使用默认全1权重
2025-08-25 02:32:04,702 - DEBUG - 🔍 权重矩阵计算成功: 形状=(21, 21)
2025-08-25 02:32:04,702 - DEBUG - 🔍 几何权重统计:
2025-08-25 02:32:04,702 - DEBUG -    权重向量: [[1.]
 [1.]
 [1.]
 [1.]
 [1.]
 [1.]
 [1.]
 [1.]
 [1.]
 [1.]
 [1.]
 [1.]
 [1.]
 [1.]
 [1.]
 [1.]
 [1.]
 [1.]
 [1.]
 [1.]
 [1.]]
2025-08-25 02:32:04,702 - DEBUG -    权重范围: [1.000000, 1.000000]
2025-08-25 02:32:04,702 - DEBUG -    权重均值: 1.000000
2025-08-25 02:32:04,702 - DEBUG -    权重标准差: 0.000000
2025-08-25 02:32:04,702 - DEBUG -    高权重点(>0.8): 21/21
2025-08-25 02:32:04,702 - DEBUG -    低权重点(<0.2): 0/21
2025-08-25 02:32:04,702 - INFO - -----------------------------------------------------------------------------------
2025-08-25 02:32:04,702 - DEBUG - 🔍 开始求解LM更新方程:
2025-08-25 02:32:04,708 - DEBUG -    数据残差: 形状=(21,), 范数=0.085955
2025-08-25 02:32:04,708 - DEBUG -    约束残差: 形状=(1,), 范数=0.000166
2025-08-25 02:32:04,708 - DEBUG - 🔍 计算数据残差雅可比矩阵 J_f: 形状=(21, 4)
2025-08-25 02:32:04,708 - DEBUG - 🔍 J_f矩阵计算完成: 条件数=1.46e+02
2025-08-25 02:32:04,708 - DEBUG - 🔍 深度约束雅可比计算: u=-1.712558, σ=0.152832, J_h=[[ 0.          0.         -0.15283217  0.        ]]
2025-08-25 02:32:04,708 - DEBUG - 🔍 半径先验雅可比: J_r=[[0. 0. 0. 1.]]
2025-08-25 02:32:04,710 - DEBUG - 🔍 使用几何权重矩阵: 形状=(21, 21)
2025-08-25 02:32:04,710 - DEBUG - 🔍 Hessian矩阵计算:
2025-08-25 02:32:04,710 - DEBUG -    H_data = J_f^T W J_f: 形状=(4, 4), 条件数=2.13e+04
2025-08-25 02:32:04,710 - DEBUG -    H_h = λ_depth J_h^T J_h: 形状=(4, 4), λ_depth=1000.0
2025-08-25 02:32:04,710 - DEBUG -    H_r = λ_radius J_r^T J_r: 形状=(4, 4), λ_radius=1.0
2025-08-25 02:32:04,710 - DEBUG -    H_total: 形状=(4, 4), 条件数=8.70e+01
2025-08-25 02:32:04,710 - DEBUG - 🔍 梯度计算:
2025-08-25 02:32:04,710 - DEBUG -    g_data: 形状=(4,), 范数=0.370065
2025-08-25 02:32:04,710 - DEBUG -    g_h: 形状=(4,), 范数=0.025348
2025-08-25 02:32:04,710 - DEBUG -    g_r: 形状=(4,), 范数=0.002924
2025-08-25 02:32:04,710 - DEBUG -    g_total: 形状=(4,), 范数=0.369851
2025-08-25 02:32:04,710 - DEBUG - 🔍 LM阻尼矩阵: H_lm = H_total + 10.0 * I
2025-08-25 02:32:04,710 - DEBUG -    H_lm条件数: 4.98e+00
2025-08-25 02:32:04,710 - DEBUG - 🔍 线性方程组求解成功:
2025-08-25 02:32:04,710 - DEBUG -    参数更新向量 Δθ: [[-0.00552071]
 [ 0.00046611]
 [ 0.0004298 ]
 [ 0.00453029]]
2025-08-25 02:32:04,710 - DEBUG -    更新向量范数: 0.007170
2025-08-25 02:32:04,714 - DEBUG -    各分量更新: Δc_x=-0.005521, Δc_y=0.000466, Δc_z=0.000430, Δr=0.004530
2025-08-25 02:32:04,714 - DEBUG -    参数更新:
2025-08-25 02:32:04,714 - DEBUG -      旧参数: [[-0.03407022]
 [ 0.03248001]
 [ 0.60372754]
 [ 0.01492374]]
2025-08-25 02:32:04,714 - DEBUG -      更新向量: [[-0.00552071]
 [ 0.00046611]
 [ 0.0004298 ]
 [ 0.00453029]]
2025-08-25 02:32:04,714 - DEBUG -      新参数: [[-0.03959092]
 [ 0.03294612]
 [ 0.60415735]
 [ 0.01945402]]
2025-08-25 02:32:04,714 - INFO - -----------------------------------------------------------------------------------
2025-08-25 02:32:04,714 - INFO - 🔍 迭代第9次，球心向右5.520710mm，向下0.466111mm，向后0.429803mm，半径变大4.530286mm
2025-08-25 02:32:04,714 - INFO - 📊 变化前: 中心(-0.034, 0.032, 0.604), 半径14.92mm
2025-08-25 02:32:04,714 - INFO - 📊 变化后: 中心(-0.040, 0.033, 0.604), 半径19.45mm
2025-08-25 02:32:04,714 - INFO - 📈 变化量: 中心移动5.54mm, 半径变化4.53mm
2025-08-25 02:32:04,718 - INFO - 📍 眼球中心: [-0.03407022  0.03248001  0.60372754]
2025-08-25 02:32:04,718 - INFO - 📏 眼球半径: 14.92mm
2025-08-25 02:32:04,718 - INFO - 👁️ 瞳孔中心: [-0.008       0.02933333  0.60000002]
2025-08-25 02:32:04,718 - INFO - 📐 眼球中心在瞳孔中心的左26.07mm，下3.15mm，后3.73mm
2025-08-25 02:32:04,718 - INFO - 📏 距离: 26.52mm
2025-08-25 02:32:04,718 - INFO - -----------------------------------------------------------------------------------
2025-08-25 02:32:04,718 - INFO - -----------------------------------------------------------------------------------
2025-08-25 02:32:04,718 - DEBUG - 🔍 参数有效性检查:
2025-08-25 02:32:04,718 - DEBUG -    参数向量: [[-0.03959092]
 [ 0.03294612]
 [ 0.60415735]
 [ 0.01945402]]
2025-08-25 02:32:04,718 - DEBUG -    球心: [-0.03959092  0.03294612  0.60415735]
2025-08-25 02:32:04,718 - DEBUG -    半径: 0.019454
2025-08-25 02:32:04,718 - DEBUG - 🔍 函数值计算详情:
2025-08-25 02:32:04,718 - DEBUG -    数据项 F(θ): 0.003694
2025-08-25 02:32:04,718 - DEBUG -    深度约束项: 0.000014
2025-08-25 02:32:04,718 - DEBUG -    半径先验项: 0.000004
2025-08-25 02:32:04,718 - DEBUG -    总函数值 Φ(θ): 0.003712
2025-08-25 02:32:04,718 - DEBUG -    函数值改善: -0.000404
2025-08-25 02:32:04,718 - DEBUG - 🔍 参数有效: False
2025-08-25 02:32:04,718 - DEBUG -    参数无效，阻尼因子调整: λ_LM = 1.00e+02
2025-08-25 02:32:04,718 - DEBUG - 🔍 迭代 11/30:
2025-08-25 02:32:04,718 - DEBUG - 🔍 计算点到球心距离: 形状=(21,)
2025-08-25 02:32:04,718 - DEBUG - 🔍 生理偏差向量计算:
2025-08-25 02:32:04,718 - DEBUG -    点类型列表: ['pupil_center', 'iris_boundaries', 'iris_boundaries', 'iris_boundaries', 'iris_boundaries', 'eye_contours', 'eye_contours', 'eye_contours', 'eye_contours', 'eye_contours', 'eye_contours', 'eye_contours', 'eye_contours', 'eye_contours', 'eye_contours', 'eye_contours', 'eye_contours', 'eye_contours', 'eye_contours', 'eye_contours', 'eye_contours']
2025-08-25 02:32:04,718 - DEBUG -    偏差向量: [0.0002  0.00085 0.00085 0.00085 0.00085 0.0015  0.0015  0.0015  0.0015
 0.0015  0.0015  0.0015  0.0015  0.0015  0.0015  0.0015  0.0015  0.0015
 0.0015  0.0015  0.0015 ]
2025-08-25 02:32:04,718 - DEBUG -    向量形状: (21,)
2025-08-25 02:32:04,718 - DEBUG -    偏差统计: 均值=0.001314, 标准差=0.000356
2025-08-25 02:32:04,718 - DEBUG - 获取生理偏差: 点类型=['pupil_center', 'iris_boundaries', 'iris_boundaries', 'iris_boundaries', 'iris_boundaries', 'eye_contours', 'eye_contours', 'eye_contours', 'eye_contours', 'eye_contours', 'eye_contours', 'eye_contours', 'eye_contours', 'eye_contours', 'eye_contours', 'eye_contours', 'eye_contours', 'eye_contours', 'eye_contours', 'eye_contours', 'eye_contours'], 偏差值=[0.0002  0.00085 0.00085 0.00085 0.00085 0.0015  0.0015  0.0015  0.0015
 0.0015  0.0015  0.0015  0.0015  0.0015  0.0015  0.0015  0.0015  0.0015
 0.0015  0.0015  0.0015 ]
2025-08-25 02:32:04,718 - INFO - -----------------------------------------------------------------------------------
2025-08-25 02:32:04,718 - DEBUG - 🔍 拟合残差计算详情:
2025-08-25 02:32:04,718 - DEBUG -    球心坐标: [-0.03407022  0.03248001  0.60372754]
2025-08-25 02:32:04,718 - DEBUG -    球体半径: 0.014924
2025-08-25 02:32:04,718 - DEBUG -    采样点数: 21
2025-08-25 02:32:04,718 - DEBUG -    点类型分布: {'eye_contours': 16, 'iris_boundaries': 4, 'pupil_center': 1}
2025-08-25 02:32:04,718 - DEBUG -    理论距离向量: [0.01512374 0.01577374 0.01577374 0.01577374 0.01577374 0.01642374
 0.01642374 0.01642374 0.01642374 0.01642374 0.01642374 0.01642374
 0.01642374 0.01642374 0.01642374 0.01642374 0.01642374 0.01642374
 0.01642374 0.01642374 0.01642374]
2025-08-25 02:32:04,726 - DEBUG -    实际距离向量: [0.02652267 0.03802923 0.02900544 0.01688798 0.02870295 0.00674595
 0.01072276 0.01461262 0.02025143 0.02848087 0.03663677 0.04456969
 0.05003406 0.05303758 0.0501663  0.04408234 0.0356428  0.02753596
 0.0190301  0.0132376  0.00965997]
2025-08-25 02:32:04,726 - DEBUG -    生理偏差向量: [0.0002  0.00085 0.00085 0.00085 0.00085 0.0015  0.0015  0.0015  0.0015
 0.0015  0.0015  0.0015  0.0015  0.0015  0.0015  0.0015  0.0015  0.0015
 0.0015  0.0015  0.0015 ]
2025-08-25 02:32:04,726 - DEBUG -    残差向量 f(θ): 
[[ 0.01139894]
 [ 0.02225549]
 [ 0.01323171]
 [ 0.00111424]
 [ 0.01292921]
 [-0.00967779]
 [-0.00570098]
 [-0.00181112]
 [ 0.00382769]
 [ 0.01205713]
 [ 0.02021304]
 [ 0.02814596]
 [ 0.03361033]
 [ 0.03661385]
 [ 0.03374256]
 [ 0.02765861]
 [ 0.01921907]
 [ 0.01111222]
 [ 0.00260637]
 [-0.00318614]
 [-0.00676377]]
2025-08-25 02:32:04,726 - DEBUG -    平均残差范数: 0.004093
2025-08-25 02:32:04,726 - DEBUG -    残差范数=0.085955
2025-08-25 02:32:04,726 - INFO - -----------------------------------------------------------------------------------
2025-08-25 02:32:04,726 - DEBUG - 🔍 深度约束计算详情 (softplus):
2025-08-25 02:32:04,726 - DEBUG -    采样点Z坐标范围: [0.600000, 0.601815]
2025-08-25 02:32:04,726 - DEBUG -    球心Z坐标: 0.603728
2025-08-25 02:32:04,726 - DEBUG -    深度偏移ε: 0.000200
2025-08-25 02:32:04,726 - DEBUG -    softplus参数τ: 0.001000
2025-08-25 02:32:04,726 - DEBUG -    原始违反值: -0.001713
2025-08-25 02:32:04,726 - DEBUG -    softplus输入 u: -1.712558
2025-08-25 02:32:04,726 - DEBUG -    约束惩罚 h(θ): 0.000166
2025-08-25 02:32:04,726 - DEBUG -    🟢 深度约束满足: 球心深度足够
2025-08-25 02:32:04,726 - INFO - -----------------------------------------------------------------------------------
2025-08-25 02:32:04,726 - DEBUG - 🔍 半径惩罚计算详情:
2025-08-25 02:32:04,726 - DEBUG -    当前半径: 0.014924
2025-08-25 02:32:04,726 - DEBUG -    半径先验值: 0.012000
2025-08-25 02:32:04,726 - DEBUG -    半径残差 r(θ): 0.002924
2025-08-25 02:32:04,726 - DEBUG -    数据残差 f(θ): [[ 0.01139894]
 [ 0.02225549]
 [ 0.01323171]
 [ 0.00111424]
 [ 0.01292921]
 [-0.00967779]
 [-0.00570098]
 [-0.00181112]
 [ 0.00382769]
 [ 0.01205713]
 [ 0.02021304]
 [ 0.02814596]
 [ 0.03361033]
 [ 0.03661385]
 [ 0.03374256]
 [ 0.02765861]
 [ 0.01921907]
 [ 0.01111222]
 [ 0.00260637]
 [-0.00318614]
 [-0.00676377]]
2025-08-25 02:32:04,726 - DEBUG -    约束残差 g(θ): [[0.00016586]]
2025-08-25 02:32:04,726 - DEBUG -    半径残差 r(θ): [[0.00292374]]
2025-08-25 02:32:04,726 - DEBUG - 🔍 状态变化计算: 参数变化=0.000000, 残差变化=0.000000
2025-08-25 02:32:04,726 - INFO - -----------------------------------------------------------------------------------
2025-08-25 02:32:04,726 - DEBUG - 🔍 权重管理器状态更新详情:
2025-08-25 02:32:04,726 - DEBUG -    当前迭代: 10
2025-08-25 02:32:04,726 - DEBUG -    参数变化: 0.000000 (阈值: 0.000005)
2025-08-25 02:32:04,726 - DEBUG -    残差变化: 0.000000 (阈值: 0.000005)
2025-08-25 02:32:04,735 - DEBUG -    几何权重因子: 10
2025-08-25 02:32:04,735 - DEBUG - ⏸️ 保持图像置信度权重: 参数变化=0.00e+00, 残差变化=0.00e+00
2025-08-25 02:32:04,735 - DEBUG - 状态已保存: 参数=[-0.03407022  0.03248001  0.60372754  0.01492374], 残差范数=0.085955
2025-08-25 02:32:04,735 - DEBUG - 🔍 获取visibility信息: 形状=(21,), 范围=[1.000, 1.000]
2025-08-25 02:32:04,735 - DEBUG - 🔧 设置图像置信度权重: 21个点
2025-08-25 02:32:04,735 - DEBUG - 🔍 开始计算权重矩阵:
2025-08-25 02:32:04,735 - DEBUG -    点类型: ['pupil_center', 'iris_boundaries', 'iris_boundaries', 'iris_boundaries', 'iris_boundaries', 'eye_contours', 'eye_contours', 'eye_contours', 'eye_contours', 'eye_contours', 'eye_contours', 'eye_contours', 'eye_contours', 'eye_contours', 'eye_contours', 'eye_contours', 'eye_contours', 'eye_contours', 'eye_contours', 'eye_contours', 'eye_contours']
2025-08-25 02:32:04,735 - DEBUG -    残差向量: 形状=(21,), 范数=0.085955
2025-08-25 02:32:04,735 - DEBUG -    Visibility: 形状=(21,), 均值=1.000
2025-08-25 02:32:04,735 - WARNING - ⚠️ 权重管理器：没有启用几何权重，使用默认全1权重
2025-08-25 02:32:04,735 - WARNING - ⚠️ 权重管理器：没有启用几何权重，使用默认全1权重
2025-08-25 02:32:04,735 - WARNING - ⚠️ 权重管理器：没有启用几何权重，使用默认全1权重
2025-08-25 02:32:04,735 - WARNING - ⚠️ 权重管理器：没有启用几何权重，使用默认全1权重
2025-08-25 02:32:04,735 - WARNING - ⚠️ 权重管理器：没有启用几何权重，使用默认全1权重
2025-08-25 02:32:04,735 - WARNING - ⚠️ 权重管理器：没有启用几何权重，使用默认全1权重
2025-08-25 02:32:04,735 - WARNING - ⚠️ 权重管理器：没有启用几何权重，使用默认全1权重
2025-08-25 02:32:04,735 - WARNING - ⚠️ 权重管理器：没有启用几何权重，使用默认全1权重
2025-08-25 02:32:04,735 - WARNING - ⚠️ 权重管理器：没有启用几何权重，使用默认全1权重
2025-08-25 02:32:04,735 - WARNING - ⚠️ 权重管理器：没有启用几何权重，使用默认全1权重
2025-08-25 02:32:04,735 - WARNING - ⚠️ 权重管理器：没有启用几何权重，使用默认全1权重
2025-08-25 02:32:04,735 - WARNING - ⚠️ 权重管理器：没有启用几何权重，使用默认全1权重
2025-08-25 02:32:04,735 - WARNING - ⚠️ 权重管理器：没有启用几何权重，使用默认全1权重
2025-08-25 02:32:04,735 - WARNING - ⚠️ 权重管理器：没有启用几何权重，使用默认全1权重
2025-08-25 02:32:04,735 - WARNING - ⚠️ 权重管理器：没有启用几何权重，使用默认全1权重
2025-08-25 02:32:04,735 - WARNING - ⚠️ 权重管理器：没有启用几何权重，使用默认全1权重
2025-08-25 02:32:04,735 - WARNING - ⚠️ 权重管理器：没有启用几何权重，使用默认全1权重
2025-08-25 02:32:04,735 - WARNING - ⚠️ 权重管理器：没有启用几何权重，使用默认全1权重
2025-08-25 02:32:04,735 - WARNING - ⚠️ 权重管理器：没有启用几何权重，使用默认全1权重
2025-08-25 02:32:04,735 - WARNING - ⚠️ 权重管理器：没有启用几何权重，使用默认全1权重
2025-08-25 02:32:04,735 - WARNING - ⚠️ 权重管理器：没有启用几何权重，使用默认全1权重
2025-08-25 02:32:04,735 - DEBUG - 🔍 权重矩阵计算成功: 形状=(21, 21)
2025-08-25 02:32:04,735 - DEBUG - 🔍 几何权重统计:
2025-08-25 02:32:04,735 - DEBUG -    权重向量: [[1.]
 [1.]
 [1.]
 [1.]
 [1.]
 [1.]
 [1.]
 [1.]
 [1.]
 [1.]
 [1.]
 [1.]
 [1.]
 [1.]
 [1.]
 [1.]
 [1.]
 [1.]
 [1.]
 [1.]
 [1.]]
2025-08-25 02:32:04,735 - DEBUG -    权重范围: [1.000000, 1.000000]
2025-08-25 02:32:04,735 - DEBUG -    权重均值: 1.000000
2025-08-25 02:32:04,735 - DEBUG -    权重标准差: 0.000000
2025-08-25 02:32:04,735 - DEBUG -    高权重点(>0.8): 21/21
2025-08-25 02:32:04,735 - DEBUG -    低权重点(<0.2): 0/21
2025-08-25 02:32:04,735 - INFO - -----------------------------------------------------------------------------------
2025-08-25 02:32:04,735 - DEBUG - 🔍 开始求解LM更新方程:
2025-08-25 02:32:04,735 - DEBUG -    数据残差: 形状=(21,), 范数=0.085955
2025-08-25 02:32:04,735 - DEBUG -    约束残差: 形状=(1,), 范数=0.000166
2025-08-25 02:32:04,735 - DEBUG - 🔍 计算数据残差雅可比矩阵 J_f: 形状=(21, 4)
2025-08-25 02:32:04,743 - DEBUG - 🔍 J_f矩阵计算完成: 条件数=1.46e+02
2025-08-25 02:32:04,743 - DEBUG - 🔍 深度约束雅可比计算: u=-1.712558, σ=0.152832, J_h=[[ 0.          0.         -0.15283217  0.        ]]
2025-08-25 02:32:04,743 - DEBUG - 🔍 半径先验雅可比: J_r=[[0. 0. 0. 1.]]
2025-08-25 02:32:04,743 - DEBUG - 🔍 使用几何权重矩阵: 形状=(21, 21)
2025-08-25 02:32:04,743 - DEBUG - 🔍 Hessian矩阵计算:
2025-08-25 02:32:04,743 - DEBUG -    H_data = J_f^T W J_f: 形状=(4, 4), 条件数=2.13e+04
2025-08-25 02:32:04,743 - DEBUG -    H_h = λ_depth J_h^T J_h: 形状=(4, 4), λ_depth=1000.0
2025-08-25 02:32:04,743 - DEBUG -    H_r = λ_radius J_r^T J_r: 形状=(4, 4), λ_radius=1.0
2025-08-25 02:32:04,743 - DEBUG -    H_total: 形状=(4, 4), 条件数=8.70e+01
2025-08-25 02:32:04,743 - DEBUG - 🔍 梯度计算:
2025-08-25 02:32:04,743 - DEBUG -    g_data: 形状=(4,), 范数=0.370065
2025-08-25 02:32:04,743 - DEBUG -    g_h: 形状=(4,), 范数=0.025348
2025-08-25 02:32:04,743 - DEBUG -    g_r: 形状=(4,), 范数=0.002924
2025-08-25 02:32:04,743 - DEBUG -    g_total: 形状=(4,), 范数=0.369851
2025-08-25 02:32:04,743 - DEBUG - 🔍 LM阻尼矩阵: H_lm = H_total + 100.0 * I
2025-08-25 02:32:04,743 - DEBUG -    H_lm条件数: 1.42e+00
2025-08-25 02:32:04,743 - DEBUG - 🔍 线性方程组求解成功:
2025-08-25 02:32:04,743 - DEBUG -    参数更新向量 Δθ: [[-0.00184938]
 [ 0.00013689]
 [ 0.00024641]
 [ 0.0018116 ]]
2025-08-25 02:32:04,743 - DEBUG -    更新向量范数: 0.002604
2025-08-25 02:32:04,743 - DEBUG -    各分量更新: Δc_x=-0.001849, Δc_y=0.000137, Δc_z=0.000246, Δr=0.001812
2025-08-25 02:32:04,743 - DEBUG -    参数更新:
2025-08-25 02:32:04,743 - DEBUG -      旧参数: [[-0.03407022]
 [ 0.03248001]
 [ 0.60372754]
 [ 0.01492374]]
2025-08-25 02:32:04,743 - DEBUG -      更新向量: [[-0.00184938]
 [ 0.00013689]
 [ 0.00024641]
 [ 0.0018116 ]]
2025-08-25 02:32:04,743 - DEBUG -      新参数: [[-0.0359196 ]
 [ 0.0326169 ]
 [ 0.60397395]
 [ 0.01673534]]
2025-08-25 02:32:04,743 - INFO - -----------------------------------------------------------------------------------
2025-08-25 02:32:04,743 - INFO - 🔍 迭代第10次，球心向右1.849381mm，向下0.136891mm，向后0.246410mm，半径变大1.811602mm
2025-08-25 02:32:04,743 - INFO - 📊 变化前: 中心(-0.034, 0.032, 0.604), 半径14.92mm
2025-08-25 02:32:04,743 - INFO - 📊 变化后: 中心(-0.036, 0.033, 0.604), 半径16.74mm
2025-08-25 02:32:04,743 - INFO - 📈 变化量: 中心移动1.85mm, 半径变化1.81mm
2025-08-25 02:32:04,751 - INFO - 📍 眼球中心: [-0.03407022  0.03248001  0.60372754]
2025-08-25 02:32:04,751 - INFO - 📏 眼球半径: 14.92mm
2025-08-25 02:32:04,751 - INFO - 👁️ 瞳孔中心: [-0.008       0.02933333  0.60000002]
2025-08-25 02:32:04,751 - INFO - 📐 眼球中心在瞳孔中心的左26.07mm，下3.15mm，后3.73mm
2025-08-25 02:32:04,751 - INFO - 📏 距离: 26.52mm
2025-08-25 02:32:04,751 - INFO - -----------------------------------------------------------------------------------
2025-08-25 02:32:04,751 - INFO - -----------------------------------------------------------------------------------
2025-08-25 02:32:04,751 - DEBUG - 🔍 参数有效性检查:
2025-08-25 02:32:04,751 - DEBUG -    参数向量: [[-0.0359196 ]
 [ 0.0326169 ]
 [ 0.60397395]
 [ 0.01673534]]
2025-08-25 02:32:04,751 - DEBUG -    球心: [-0.0359196   0.0326169   0.60397395]
2025-08-25 02:32:04,751 - DEBUG -    半径: 0.016735
2025-08-25 02:32:04,751 - DEBUG - 🔍 函数值计算详情:
2025-08-25 02:32:04,751 - DEBUG -    数据项 F(θ): 0.003694
2025-08-25 02:32:04,751 - DEBUG -    深度约束项: 0.000014
2025-08-25 02:32:04,751 - DEBUG -    半径先验项: 0.000004
2025-08-25 02:32:04,751 - DEBUG -    总函数值 Φ(θ): 0.003712
2025-08-25 02:32:04,751 - DEBUG -    函数值改善: 0.000000
2025-08-25 02:32:04,751 - DEBUG - 🔍 参数有效: True
2025-08-25 02:32:04,751 - DEBUG -    参数更新成功:
2025-08-25 02:32:04,751 - DEBUG -      新球心: [-0.0359196   0.0326169   0.60397395]
2025-08-25 02:32:04,751 - DEBUG -      新半径: 0.016735
2025-08-25 02:32:04,751 - INFO - -----------------------------------------------------------------------------------
2025-08-25 02:32:04,751 - DEBUG - 🔍 LM收敛性检查:
2025-08-25 02:32:04,751 - DEBUG -    当前迭代次数: 10
2025-08-25 02:32:04,751 - DEBUG -    最大迭代次数: 30
2025-08-25 02:32:04,751 - DEBUG -    参数变化: 0.002604
2025-08-25 02:32:04,751 - DEBUG -    参数容忍度: 5e-06
2025-08-25 02:32:04,751 - DEBUG -    残差变化: 0.000000
2025-08-25 02:32:04,751 - DEBUG -    残差容忍度: 5e-06
2025-08-25 02:32:04,751 - DEBUG - 🔍 迭代 12/30:
2025-08-25 02:32:04,751 - DEBUG - 🔍 计算点到球心距离: 形状=(21,)
2025-08-25 02:32:04,751 - DEBUG - 🔍 生理偏差向量计算:
2025-08-25 02:32:04,751 - DEBUG -    点类型列表: ['pupil_center', 'iris_boundaries', 'iris_boundaries', 'iris_boundaries', 'iris_boundaries', 'eye_contours', 'eye_contours', 'eye_contours', 'eye_contours', 'eye_contours', 'eye_contours', 'eye_contours', 'eye_contours', 'eye_contours', 'eye_contours', 'eye_contours', 'eye_contours', 'eye_contours', 'eye_contours', 'eye_contours', 'eye_contours']
2025-08-25 02:32:04,751 - DEBUG -    偏差向量: [0.0002  0.00085 0.00085 0.00085 0.00085 0.0015  0.0015  0.0015  0.0015
 0.0015  0.0015  0.0015  0.0015  0.0015  0.0015  0.0015  0.0015  0.0015
 0.0015  0.0015  0.0015 ]
2025-08-25 02:32:04,751 - DEBUG -    向量形状: (21,)
2025-08-25 02:32:04,751 - DEBUG -    偏差统计: 均值=0.001314, 标准差=0.000356
2025-08-25 02:32:04,751 - DEBUG - 获取生理偏差: 点类型=['pupil_center', 'iris_boundaries', 'iris_boundaries', 'iris_boundaries', 'iris_boundaries', 'eye_contours', 'eye_contours', 'eye_contours', 'eye_contours', 'eye_contours', 'eye_contours', 'eye_contours', 'eye_contours', 'eye_contours', 'eye_contours', 'eye_contours', 'eye_contours', 'eye_contours', 'eye_contours', 'eye_contours', 'eye_contours'], 偏差值=[0.0002  0.00085 0.00085 0.00085 0.00085 0.0015  0.0015  0.0015  0.0015
 0.0015  0.0015  0.0015  0.0015  0.0015  0.0015  0.0015  0.0015  0.0015
 0.0015  0.0015  0.0015 ]
2025-08-25 02:32:04,751 - INFO - -----------------------------------------------------------------------------------
2025-08-25 02:32:04,751 - DEBUG - 🔍 拟合残差计算详情:
2025-08-25 02:32:04,759 - DEBUG -    球心坐标: [-0.0359196   0.0326169   0.60397395]
2025-08-25 02:32:04,759 - DEBUG -    球体半径: 0.016735
2025-08-25 02:32:04,759 - DEBUG -    采样点数: 21
2025-08-25 02:32:04,761 - DEBUG -    点类型分布: {'eye_contours': 16, 'iris_boundaries': 4, 'pupil_center': 1}
2025-08-25 02:32:04,761 - DEBUG -    理论距离向量: [0.01693534 0.01758534 0.01758534 0.01758534 0.01758534 0.01823534
 0.01823534 0.01823534 0.01823534 0.01823534 0.01823534 0.01823534
 0.01823534 0.01823534 0.01823534 0.01823534 0.01823534 0.01823534
 0.01823534 0.01823534 0.01823534]
2025-08-25 02:32:04,761 - DEBUG -    实际距离向量: [0.02839151 0.03989637 0.03078337 0.01875855 0.03049784 0.00859854
 0.01255078 0.01643649 0.02207584 0.03031931 0.0384883  0.04643135
 0.05189704 0.05490196 0.05202981 0.04594181 0.03749273 0.02937138
 0.02085768 0.01507588 0.0115103 ]
2025-08-25 02:32:04,761 - DEBUG -    生理偏差向量: [0.0002  0.00085 0.00085 0.00085 0.00085 0.0015  0.0015  0.0015  0.0015
 0.0015  0.0015  0.0015  0.0015  0.0015  0.0015  0.0015  0.0015  0.0015
 0.0015  0.0015  0.0015 ]
2025-08-25 02:32:04,761 - DEBUG -    残差向量 f(θ): 
[[ 0.01145617]
 [ 0.02231103]
 [ 0.01319803]
 [ 0.00117321]
 [ 0.01291251]
 [-0.0096368 ]
 [-0.00568456]
 [-0.00179884]
 [ 0.0038405 ]
 [ 0.01208398]
 [ 0.02025297]
 [ 0.02819601]
 [ 0.0336617 ]
 [ 0.03666663]
 [ 0.03379447]
 [ 0.02770647]
 [ 0.01925739]
 [ 0.01113605]
 [ 0.00262234]
 [-0.00315946]
 [-0.00672504]]
2025-08-25 02:32:04,761 - DEBUG -    平均残差范数: 0.004099
2025-08-25 02:32:04,761 - DEBUG -    残差范数=0.086081
2025-08-25 02:32:04,761 - INFO - -----------------------------------------------------------------------------------
2025-08-25 02:32:04,761 - DEBUG - 🔍 深度约束计算详情 (softplus):
2025-08-25 02:32:04,761 - DEBUG -    采样点Z坐标范围: [0.600000, 0.601815]
2025-08-25 02:32:04,761 - DEBUG -    球心Z坐标: 0.603974
2025-08-25 02:32:04,761 - DEBUG -    深度偏移ε: 0.000200
2025-08-25 02:32:04,761 - DEBUG -    softplus参数τ: 0.001000
2025-08-25 02:32:04,761 - DEBUG -    原始违反值: -0.001959
2025-08-25 02:32:04,761 - DEBUG -    softplus输入 u: -1.958969
2025-08-25 02:32:04,761 - DEBUG -    约束惩罚 h(θ): 0.000132
2025-08-25 02:32:04,761 - DEBUG -    🟢 深度约束满足: 球心深度足够
2025-08-25 02:32:04,761 - INFO - -----------------------------------------------------------------------------------
2025-08-25 02:32:04,761 - DEBUG - 🔍 半径惩罚计算详情:
2025-08-25 02:32:04,761 - DEBUG -    当前半径: 0.016735
2025-08-25 02:32:04,761 - DEBUG -    半径先验值: 0.012000
2025-08-25 02:32:04,761 - DEBUG -    半径残差 r(θ): 0.004735
2025-08-25 02:32:04,761 - DEBUG -    数据残差 f(θ): [[ 0.01145617]
 [ 0.02231103]
 [ 0.01319803]
 [ 0.00117321]
 [ 0.01291251]
 [-0.0096368 ]
 [-0.00568456]
 [-0.00179884]
 [ 0.0038405 ]
 [ 0.01208398]
 [ 0.02025297]
 [ 0.02819601]
 [ 0.0336617 ]
 [ 0.03666663]
 [ 0.03379447]
 [ 0.02770647]
 [ 0.01925739]
 [ 0.01113605]
 [ 0.00262234]
 [-0.00315946]
 [-0.00672504]]
2025-08-25 02:32:04,767 - DEBUG -    约束残差 g(θ): [[0.00013191]]
2025-08-25 02:32:04,767 - DEBUG -    半径残差 r(θ): [[0.00473534]]
2025-08-25 02:32:04,767 - DEBUG - 🔍 状态变化计算: 参数变化=0.002604, 残差变化=0.000126
2025-08-25 02:32:04,767 - INFO - -----------------------------------------------------------------------------------
2025-08-25 02:32:04,767 - DEBUG - 🔍 权重管理器状态更新详情:
2025-08-25 02:32:04,767 - DEBUG -    当前迭代: 11
2025-08-25 02:32:04,767 - DEBUG -    参数变化: 0.002604 (阈值: 0.000005)
2025-08-25 02:32:04,767 - DEBUG -    残差变化: 0.000126 (阈值: 0.000005)
2025-08-25 02:32:04,767 - DEBUG -    几何权重因子: 10
2025-08-25 02:32:04,767 - DEBUG - ⏸️ 保持图像置信度权重: 参数变化=2.60e-03, 残差变化=1.26e-04
2025-08-25 02:32:04,767 - DEBUG - 状态已保存: 参数=[-0.0359196   0.0326169   0.60397395  0.01673534], 残差范数=0.086081
2025-08-25 02:32:04,767 - DEBUG - 🔍 获取visibility信息: 形状=(21,), 范围=[1.000, 1.000]
2025-08-25 02:32:04,767 - DEBUG - 🔧 设置图像置信度权重: 21个点
2025-08-25 02:32:04,767 - DEBUG - 🔍 开始计算权重矩阵:
2025-08-25 02:32:04,767 - DEBUG -    点类型: ['pupil_center', 'iris_boundaries', 'iris_boundaries', 'iris_boundaries', 'iris_boundaries', 'eye_contours', 'eye_contours', 'eye_contours', 'eye_contours', 'eye_contours', 'eye_contours', 'eye_contours', 'eye_contours', 'eye_contours', 'eye_contours', 'eye_contours', 'eye_contours', 'eye_contours', 'eye_contours', 'eye_contours', 'eye_contours']
2025-08-25 02:32:04,767 - DEBUG -    残差向量: 形状=(21,), 范数=0.086081
2025-08-25 02:32:04,767 - DEBUG -    Visibility: 形状=(21,), 均值=1.000
2025-08-25 02:32:04,767 - WARNING - ⚠️ 权重管理器：没有启用几何权重，使用默认全1权重
2025-08-25 02:32:04,767 - WARNING - ⚠️ 权重管理器：没有启用几何权重，使用默认全1权重
2025-08-25 02:32:04,767 - WARNING - ⚠️ 权重管理器：没有启用几何权重，使用默认全1权重
2025-08-25 02:32:04,767 - WARNING - ⚠️ 权重管理器：没有启用几何权重，使用默认全1权重
2025-08-25 02:32:04,767 - WARNING - ⚠️ 权重管理器：没有启用几何权重，使用默认全1权重
2025-08-25 02:32:04,767 - WARNING - ⚠️ 权重管理器：没有启用几何权重，使用默认全1权重
2025-08-25 02:32:04,767 - WARNING - ⚠️ 权重管理器：没有启用几何权重，使用默认全1权重
2025-08-25 02:32:04,767 - WARNING - ⚠️ 权重管理器：没有启用几何权重，使用默认全1权重
2025-08-25 02:32:04,767 - WARNING - ⚠️ 权重管理器：没有启用几何权重，使用默认全1权重
2025-08-25 02:32:04,767 - WARNING - ⚠️ 权重管理器：没有启用几何权重，使用默认全1权重
2025-08-25 02:32:04,767 - WARNING - ⚠️ 权重管理器：没有启用几何权重，使用默认全1权重
2025-08-25 02:32:04,767 - WARNING - ⚠️ 权重管理器：没有启用几何权重，使用默认全1权重
2025-08-25 02:32:04,767 - WARNING - ⚠️ 权重管理器：没有启用几何权重，使用默认全1权重
2025-08-25 02:32:04,767 - WARNING - ⚠️ 权重管理器：没有启用几何权重，使用默认全1权重
2025-08-25 02:32:04,767 - WARNING - ⚠️ 权重管理器：没有启用几何权重，使用默认全1权重
2025-08-25 02:32:04,767 - WARNING - ⚠️ 权重管理器：没有启用几何权重，使用默认全1权重
2025-08-25 02:32:04,767 - WARNING - ⚠️ 权重管理器：没有启用几何权重，使用默认全1权重
2025-08-25 02:32:04,767 - WARNING - ⚠️ 权重管理器：没有启用几何权重，使用默认全1权重
2025-08-25 02:32:04,767 - WARNING - ⚠️ 权重管理器：没有启用几何权重，使用默认全1权重
2025-08-25 02:32:04,767 - WARNING - ⚠️ 权重管理器：没有启用几何权重，使用默认全1权重
2025-08-25 02:32:04,767 - WARNING - ⚠️ 权重管理器：没有启用几何权重，使用默认全1权重
2025-08-25 02:32:04,767 - DEBUG - 🔍 权重矩阵计算成功: 形状=(21, 21)
2025-08-25 02:32:04,767 - DEBUG - 🔍 几何权重统计:
2025-08-25 02:32:04,767 - DEBUG -    权重向量: [[1.]
 [1.]
 [1.]
 [1.]
 [1.]
 [1.]
 [1.]
 [1.]
 [1.]
 [1.]
 [1.]
 [1.]
 [1.]
 [1.]
 [1.]
 [1.]
 [1.]
 [1.]
 [1.]
 [1.]
 [1.]]
2025-08-25 02:32:04,767 - DEBUG -    权重范围: [1.000000, 1.000000]
2025-08-25 02:32:04,767 - DEBUG -    权重均值: 1.000000
2025-08-25 02:32:04,775 - DEBUG -    权重标准差: 0.000000
2025-08-25 02:32:04,775 - DEBUG -    高权重点(>0.8): 21/21
2025-08-25 02:32:04,775 - DEBUG -    低权重点(<0.2): 0/21
2025-08-25 02:32:04,775 - INFO - -----------------------------------------------------------------------------------
2025-08-25 02:32:04,775 - DEBUG - 🔍 开始求解LM更新方程:
2025-08-25 02:32:04,775 - DEBUG -    数据残差: 形状=(21,), 范数=0.086081
2025-08-25 02:32:04,775 - DEBUG -    约束残差: 形状=(1,), 范数=0.000132
2025-08-25 02:32:04,775 - DEBUG - 🔍 计算数据残差雅可比矩阵 J_f: 形状=(21, 4)
2025-08-25 02:32:04,775 - DEBUG - 🔍 J_f矩阵计算完成: 条件数=1.68e+02
2025-08-25 02:32:04,778 - DEBUG - 🔍 深度约束雅可比计算: u=-1.958969, σ=0.123579, J_h=[[ 0.          0.         -0.12357872  0.        ]]
2025-08-25 02:32:04,778 - DEBUG - 🔍 半径先验雅可比: J_r=[[0. 0. 0. 1.]]
2025-08-25 02:32:04,778 - DEBUG - 🔍 使用几何权重矩阵: 形状=(21, 21)
2025-08-25 02:32:04,778 - DEBUG - 🔍 Hessian矩阵计算:
2025-08-25 02:32:04,778 - DEBUG -    H_data = J_f^T W J_f: 形状=(4, 4), 条件数=2.81e+04
2025-08-25 02:32:04,778 - DEBUG -    H_h = λ_depth J_h^T J_h: 形状=(4, 4), λ_depth=1000.0
2025-08-25 02:32:04,778 - DEBUG -    H_r = λ_radius J_r^T J_r: 形状=(4, 4), λ_radius=1.0
2025-08-25 02:32:04,778 - DEBUG -    H_total: 形状=(4, 4), 条件数=8.77e+01
2025-08-25 02:32:04,778 - DEBUG - 🔍 梯度计算:
2025-08-25 02:32:04,778 - DEBUG -    g_data: 形状=(4,), 范数=0.371074
2025-08-25 02:32:04,778 - DEBUG -    g_h: 形状=(4,), 范数=0.016301
2025-08-25 02:32:04,778 - DEBUG -    g_r: 形状=(4,), 范数=0.004735
2025-08-25 02:32:04,778 - DEBUG -    g_total: 形状=(4,), 范数=0.368784
2025-08-25 02:32:04,778 - DEBUG - 🔍 LM阻尼矩阵: H_lm = H_total + 100.0 * I
2025-08-25 02:32:04,778 - DEBUG -    H_lm条件数: 1.41e+00
2025-08-25 02:32:04,778 - DEBUG - 🔍 线性方程组求解成功:
2025-08-25 02:32:04,778 - DEBUG -    参数更新向量 Δθ: [[-0.00185519]
 [ 0.00013614]
 [ 0.00019826]
 [ 0.0018014 ]]
2025-08-25 02:32:04,778 - DEBUG -    更新向量范数: 0.002597
2025-08-25 02:32:04,778 - DEBUG -    各分量更新: Δc_x=-0.001855, Δc_y=0.000136, Δc_z=0.000198, Δr=0.001801
2025-08-25 02:32:04,778 - DEBUG -    参数更新:
2025-08-25 02:32:04,783 - DEBUG -      旧参数: [[-0.0359196 ]
 [ 0.0326169 ]
 [ 0.60397395]
 [ 0.01673534]]
2025-08-25 02:32:04,783 - DEBUG -      更新向量: [[-0.00185519]
 [ 0.00013614]
 [ 0.00019826]
 [ 0.0018014 ]]
2025-08-25 02:32:04,783 - DEBUG -      新参数: [[-0.03777478]
 [ 0.03275304]
 [ 0.60417221]
 [ 0.01853674]]
2025-08-25 02:32:04,783 - INFO - -----------------------------------------------------------------------------------
2025-08-25 02:32:04,783 - INFO - 🔍 迭代第11次，球心向右1.855186mm，向下0.136136mm，向后0.198258mm，半径变大1.801404mm
2025-08-25 02:32:04,785 - INFO - 📊 变化前: 中心(-0.036, 0.033, 0.604), 半径16.74mm
2025-08-25 02:32:04,785 - INFO - 📊 变化后: 中心(-0.038, 0.033, 0.604), 半径18.54mm
2025-08-25 02:32:04,785 - INFO - 📈 变化量: 中心移动1.86mm, 半径变化1.80mm
2025-08-25 02:32:04,785 - INFO - 📍 眼球中心: [-0.0359196   0.0326169   0.60397395]
2025-08-25 02:32:04,785 - INFO - 📏 眼球半径: 16.74mm
2025-08-25 02:32:04,785 - INFO - 👁️ 瞳孔中心: [-0.008       0.02933333  0.60000002]
2025-08-25 02:32:04,785 - INFO - 📐 眼球中心在瞳孔中心的左27.92mm，下3.28mm，后3.97mm
2025-08-25 02:32:04,785 - INFO - 📏 距离: 28.39mm
2025-08-25 02:32:04,785 - INFO - -----------------------------------------------------------------------------------
2025-08-25 02:32:04,785 - INFO - -----------------------------------------------------------------------------------
2025-08-25 02:32:04,785 - DEBUG - 🔍 参数有效性检查:
2025-08-25 02:32:04,785 - DEBUG -    参数向量: [[-0.03777478]
 [ 0.03275304]
 [ 0.60417221]
 [ 0.01853674]]
2025-08-25 02:32:04,785 - DEBUG -    球心: [-0.03777478  0.03275304  0.60417221]
2025-08-25 02:32:04,785 - DEBUG -    半径: 0.018537
2025-08-25 02:32:04,785 - DEBUG - 🔍 函数值计算详情:
2025-08-25 02:32:04,785 - DEBUG -    数据项 F(θ): 0.003705
2025-08-25 02:32:04,785 - DEBUG -    深度约束项: 0.000009
2025-08-25 02:32:04,785 - DEBUG -    半径先验项: 0.000011
2025-08-25 02:32:04,785 - DEBUG -    总函数值 Φ(θ): 0.003725
2025-08-25 02:32:04,785 - DEBUG -    函数值改善: -0.000013
2025-08-25 02:32:04,785 - DEBUG - 🔍 参数有效: False
2025-08-25 02:32:04,785 - DEBUG -    参数无效，阻尼因子调整: λ_LM = 1.00e+03
2025-08-25 02:32:04,785 - DEBUG - 🔍 迭代 13/30:
2025-08-25 02:32:04,785 - DEBUG - 🔍 计算点到球心距离: 形状=(21,)
2025-08-25 02:32:04,785 - DEBUG - 🔍 生理偏差向量计算:
2025-08-25 02:32:04,785 - DEBUG -    点类型列表: ['pupil_center', 'iris_boundaries', 'iris_boundaries', 'iris_boundaries', 'iris_boundaries', 'eye_contours', 'eye_contours', 'eye_contours', 'eye_contours', 'eye_contours', 'eye_contours', 'eye_contours', 'eye_contours', 'eye_contours', 'eye_contours', 'eye_contours', 'eye_contours', 'eye_contours', 'eye_contours', 'eye_contours', 'eye_contours']
2025-08-25 02:32:04,792 - DEBUG -    偏差向量: [0.0002  0.00085 0.00085 0.00085 0.00085 0.0015  0.0015  0.0015  0.0015
 0.0015  0.0015  0.0015  0.0015  0.0015  0.0015  0.0015  0.0015  0.0015
 0.0015  0.0015  0.0015 ]
2025-08-25 02:32:04,792 - DEBUG -    向量形状: (21,)
2025-08-25 02:32:04,792 - DEBUG -    偏差统计: 均值=0.001314, 标准差=0.000356
2025-08-25 02:32:04,792 - DEBUG - 获取生理偏差: 点类型=['pupil_center', 'iris_boundaries', 'iris_boundaries', 'iris_boundaries', 'iris_boundaries', 'eye_contours', 'eye_contours', 'eye_contours', 'eye_contours', 'eye_contours', 'eye_contours', 'eye_contours', 'eye_contours', 'eye_contours', 'eye_contours', 'eye_contours', 'eye_contours', 'eye_contours', 'eye_contours', 'eye_contours', 'eye_contours'], 偏差值=[0.0002  0.00085 0.00085 0.00085 0.00085 0.0015  0.0015  0.0015  0.0015
 0.0015  0.0015  0.0015  0.0015  0.0015  0.0015  0.0015  0.0015  0.0015
 0.0015  0.0015  0.0015 ]
2025-08-25 02:32:04,792 - INFO - -----------------------------------------------------------------------------------
2025-08-25 02:32:04,792 - DEBUG - 🔍 拟合残差计算详情:
2025-08-25 02:32:04,792 - DEBUG -    球心坐标: [-0.0359196   0.0326169   0.60397395]
2025-08-25 02:32:04,792 - DEBUG -    球体半径: 0.016735
2025-08-25 02:32:04,792 - DEBUG -    采样点数: 21
2025-08-25 02:32:04,792 - DEBUG -    点类型分布: {'eye_contours': 16, 'iris_boundaries': 4, 'pupil_center': 1}
2025-08-25 02:32:04,792 - DEBUG -    理论距离向量: [0.01693534 0.01758534 0.01758534 0.01758534 0.01758534 0.01823534
 0.01823534 0.01823534 0.01823534 0.01823534 0.01823534 0.01823534
 0.01823534 0.01823534 0.01823534 0.01823534 0.01823534 0.01823534
 0.01823534 0.01823534 0.01823534]
2025-08-25 02:32:04,792 - DEBUG -    实际距离向量: [0.02839151 0.03989637 0.03078337 0.01875855 0.03049784 0.00859854
 0.01255078 0.01643649 0.02207584 0.03031931 0.0384883  0.04643135
 0.05189704 0.05490196 0.05202981 0.04594181 0.03749273 0.02937138
 0.02085768 0.01507588 0.0115103 ]
2025-08-25 02:32:04,792 - DEBUG -    生理偏差向量: [0.0002  0.00085 0.00085 0.00085 0.00085 0.0015  0.0015  0.0015  0.0015
 0.0015  0.0015  0.0015  0.0015  0.0015  0.0015  0.0015  0.0015  0.0015
 0.0015  0.0015  0.0015 ]
2025-08-25 02:32:04,792 - DEBUG -    残差向量 f(θ): 
[[ 0.01145617]
 [ 0.02231103]
 [ 0.01319803]
 [ 0.00117321]
 [ 0.01291251]
 [-0.0096368 ]
 [-0.00568456]
 [-0.00179884]
 [ 0.0038405 ]
 [ 0.01208398]
 [ 0.02025297]
 [ 0.02819601]
 [ 0.0336617 ]
 [ 0.03666663]
 [ 0.03379447]
 [ 0.02770647]
 [ 0.01925739]
 [ 0.01113605]
 [ 0.00262234]
 [-0.00315946]
 [-0.00672504]]
2025-08-25 02:32:04,792 - DEBUG -    平均残差范数: 0.004099
2025-08-25 02:32:04,792 - DEBUG -    残差范数=0.086081
2025-08-25 02:32:04,792 - INFO - -----------------------------------------------------------------------------------
2025-08-25 02:32:04,792 - DEBUG - 🔍 深度约束计算详情 (softplus):
2025-08-25 02:32:04,792 - DEBUG -    采样点Z坐标范围: [0.600000, 0.601815]
2025-08-25 02:32:04,792 - DEBUG -    球心Z坐标: 0.603974
2025-08-25 02:32:04,792 - DEBUG -    深度偏移ε: 0.000200
2025-08-25 02:32:04,792 - DEBUG -    softplus参数τ: 0.001000
2025-08-25 02:32:04,792 - DEBUG -    原始违反值: -0.001959
2025-08-25 02:32:04,792 - DEBUG -    softplus输入 u: -1.958969
2025-08-25 02:32:04,792 - DEBUG -    约束惩罚 h(θ): 0.000132
2025-08-25 02:32:04,792 - DEBUG -    🟢 深度约束满足: 球心深度足够
2025-08-25 02:32:04,792 - INFO - -----------------------------------------------------------------------------------
2025-08-25 02:32:04,792 - DEBUG - 🔍 半径惩罚计算详情:
2025-08-25 02:32:04,792 - DEBUG -    当前半径: 0.016735
2025-08-25 02:32:04,792 - DEBUG -    半径先验值: 0.012000
2025-08-25 02:32:04,792 - DEBUG -    半径残差 r(θ): 0.004735
2025-08-25 02:32:04,800 - DEBUG -    数据残差 f(θ): [[ 0.01145617]
 [ 0.02231103]
 [ 0.01319803]
 [ 0.00117321]
 [ 0.01291251]
 [-0.0096368 ]
 [-0.00568456]
 [-0.00179884]
 [ 0.0038405 ]
 [ 0.01208398]
 [ 0.02025297]
 [ 0.02819601]
 [ 0.0336617 ]
 [ 0.03666663]
 [ 0.03379447]
 [ 0.02770647]
 [ 0.01925739]
 [ 0.01113605]
 [ 0.00262234]
 [-0.00315946]
 [-0.00672504]]
2025-08-25 02:32:04,800 - DEBUG -    约束残差 g(θ): [[0.00013191]]
2025-08-25 02:32:04,800 - DEBUG -    半径残差 r(θ): [[0.00473534]]
2025-08-25 02:32:04,800 - DEBUG - 🔍 状态变化计算: 参数变化=0.000000, 残差变化=0.000000
2025-08-25 02:32:04,800 - INFO - -----------------------------------------------------------------------------------
2025-08-25 02:32:04,800 - DEBUG - 🔍 权重管理器状态更新详情:
2025-08-25 02:32:04,800 - DEBUG -    当前迭代: 12
2025-08-25 02:32:04,800 - DEBUG -    参数变化: 0.000000 (阈值: 0.000005)
2025-08-25 02:32:04,800 - DEBUG -    残差变化: 0.000000 (阈值: 0.000005)
2025-08-25 02:32:04,800 - DEBUG -    几何权重因子: 10
2025-08-25 02:32:04,800 - DEBUG - ⏸️ 保持图像置信度权重: 参数变化=0.00e+00, 残差变化=0.00e+00
2025-08-25 02:32:04,800 - DEBUG - 状态已保存: 参数=[-0.0359196   0.0326169   0.60397395  0.01673534], 残差范数=0.086081
2025-08-25 02:32:04,800 - DEBUG - 🔍 获取visibility信息: 形状=(21,), 范围=[1.000, 1.000]
2025-08-25 02:32:04,800 - DEBUG - 🔧 设置图像置信度权重: 21个点
2025-08-25 02:32:04,800 - DEBUG - 🔍 开始计算权重矩阵:
2025-08-25 02:32:04,800 - DEBUG -    点类型: ['pupil_center', 'iris_boundaries', 'iris_boundaries', 'iris_boundaries', 'iris_boundaries', 'eye_contours', 'eye_contours', 'eye_contours', 'eye_contours', 'eye_contours', 'eye_contours', 'eye_contours', 'eye_contours', 'eye_contours', 'eye_contours', 'eye_contours', 'eye_contours', 'eye_contours', 'eye_contours', 'eye_contours', 'eye_contours']
2025-08-25 02:32:04,800 - DEBUG -    残差向量: 形状=(21,), 范数=0.086081
2025-08-25 02:32:04,800 - DEBUG -    Visibility: 形状=(21,), 均值=1.000
2025-08-25 02:32:04,800 - WARNING - ⚠️ 权重管理器：没有启用几何权重，使用默认全1权重
2025-08-25 02:32:04,800 - WARNING - ⚠️ 权重管理器：没有启用几何权重，使用默认全1权重
2025-08-25 02:32:04,800 - WARNING - ⚠️ 权重管理器：没有启用几何权重，使用默认全1权重
2025-08-25 02:32:04,800 - WARNING - ⚠️ 权重管理器：没有启用几何权重，使用默认全1权重
2025-08-25 02:32:04,800 - WARNING - ⚠️ 权重管理器：没有启用几何权重，使用默认全1权重
2025-08-25 02:32:04,800 - WARNING - ⚠️ 权重管理器：没有启用几何权重，使用默认全1权重
2025-08-25 02:32:04,800 - WARNING - ⚠️ 权重管理器：没有启用几何权重，使用默认全1权重
2025-08-25 02:32:04,800 - WARNING - ⚠️ 权重管理器：没有启用几何权重，使用默认全1权重
2025-08-25 02:32:04,800 - WARNING - ⚠️ 权重管理器：没有启用几何权重，使用默认全1权重
2025-08-25 02:32:04,800 - WARNING - ⚠️ 权重管理器：没有启用几何权重，使用默认全1权重
2025-08-25 02:32:04,800 - WARNING - ⚠️ 权重管理器：没有启用几何权重，使用默认全1权重
2025-08-25 02:32:04,800 - WARNING - ⚠️ 权重管理器：没有启用几何权重，使用默认全1权重
2025-08-25 02:32:04,800 - WARNING - ⚠️ 权重管理器：没有启用几何权重，使用默认全1权重
2025-08-25 02:32:04,800 - WARNING - ⚠️ 权重管理器：没有启用几何权重，使用默认全1权重
2025-08-25 02:32:04,800 - WARNING - ⚠️ 权重管理器：没有启用几何权重，使用默认全1权重
2025-08-25 02:32:04,800 - WARNING - ⚠️ 权重管理器：没有启用几何权重，使用默认全1权重
2025-08-25 02:32:04,800 - WARNING - ⚠️ 权重管理器：没有启用几何权重，使用默认全1权重
2025-08-25 02:32:04,800 - WARNING - ⚠️ 权重管理器：没有启用几何权重，使用默认全1权重
2025-08-25 02:32:04,800 - WARNING - ⚠️ 权重管理器：没有启用几何权重，使用默认全1权重
2025-08-25 02:32:04,800 - WARNING - ⚠️ 权重管理器：没有启用几何权重，使用默认全1权重
2025-08-25 02:32:04,800 - WARNING - ⚠️ 权重管理器：没有启用几何权重，使用默认全1权重
2025-08-25 02:32:04,800 - DEBUG - 🔍 权重矩阵计算成功: 形状=(21, 21)
2025-08-25 02:32:04,800 - DEBUG - 🔍 几何权重统计:
2025-08-25 02:32:04,800 - DEBUG -    权重向量: [[1.]
 [1.]
 [1.]
 [1.]
 [1.]
 [1.]
 [1.]
 [1.]
 [1.]
 [1.]
 [1.]
 [1.]
 [1.]
 [1.]
 [1.]
 [1.]
 [1.]
 [1.]
 [1.]
 [1.]
 [1.]]
2025-08-25 02:32:04,800 - DEBUG -    权重范围: [1.000000, 1.000000]
2025-08-25 02:32:04,800 - DEBUG -    权重均值: 1.000000
2025-08-25 02:32:04,808 - DEBUG -    权重标准差: 0.000000
2025-08-25 02:32:04,808 - DEBUG -    高权重点(>0.8): 21/21
2025-08-25 02:32:04,808 - DEBUG -    低权重点(<0.2): 0/21
2025-08-25 02:32:04,808 - INFO - -----------------------------------------------------------------------------------
2025-08-25 02:32:04,808 - DEBUG - 🔍 开始求解LM更新方程:
2025-08-25 02:32:04,808 - DEBUG -    数据残差: 形状=(21,), 范数=0.086081
2025-08-25 02:32:04,808 - DEBUG -    约束残差: 形状=(1,), 范数=0.000132
2025-08-25 02:32:04,808 - DEBUG - 🔍 计算数据残差雅可比矩阵 J_f: 形状=(21, 4)
2025-08-25 02:32:04,808 - DEBUG - 🔍 J_f矩阵计算完成: 条件数=1.68e+02
2025-08-25 02:32:04,808 - DEBUG - 🔍 深度约束雅可比计算: u=-1.958969, σ=0.123579, J_h=[[ 0.          0.         -0.12357872  0.        ]]
2025-08-25 02:32:04,808 - DEBUG - 🔍 半径先验雅可比: J_r=[[0. 0. 0. 1.]]
2025-08-25 02:32:04,808 - DEBUG - 🔍 使用几何权重矩阵: 形状=(21, 21)
2025-08-25 02:32:04,808 - DEBUG - 🔍 Hessian矩阵计算:
2025-08-25 02:32:04,808 - DEBUG -    H_data = J_f^T W J_f: 形状=(4, 4), 条件数=2.81e+04
2025-08-25 02:32:04,808 - DEBUG -    H_h = λ_depth J_h^T J_h: 形状=(4, 4), λ_depth=1000.0
2025-08-25 02:32:04,808 - DEBUG -    H_r = λ_radius J_r^T J_r: 形状=(4, 4), λ_radius=1.0
2025-08-25 02:32:04,808 - DEBUG -    H_total: 形状=(4, 4), 条件数=8.77e+01
2025-08-25 02:32:04,808 - DEBUG - 🔍 梯度计算:
2025-08-25 02:32:04,808 - DEBUG -    g_data: 形状=(4,), 范数=0.371074
2025-08-25 02:32:04,808 - DEBUG -    g_h: 形状=(4,), 范数=0.016301
2025-08-25 02:32:04,808 - DEBUG -    g_r: 形状=(4,), 范数=0.004735
2025-08-25 02:32:04,808 - DEBUG -    g_total: 形状=(4,), 范数=0.368784
2025-08-25 02:32:04,808 - DEBUG - 🔍 LM阻尼矩阵: H_lm = H_total + 1000.0 * I
2025-08-25 02:32:04,808 - DEBUG -    H_lm条件数: 1.04e+00
2025-08-25 02:32:04,808 - DEBUG - 🔍 线性方程组求解成功:
2025-08-25 02:32:04,808 - DEBUG -    参数更新向量 Δθ: [[-2.50159038e-04]
 [ 1.81349113e-05]
 [ 3.02535312e-05]
 [ 2.47842148e-04]]
2025-08-25 02:32:04,808 - DEBUG -    更新向量范数: 0.000354
2025-08-25 02:32:04,808 - DEBUG -    各分量更新: Δc_x=-0.000250, Δc_y=0.000018, Δc_z=0.000030, Δr=0.000248
2025-08-25 02:32:04,808 - DEBUG -    参数更新:
2025-08-25 02:32:04,808 - DEBUG -      旧参数: [[-0.0359196 ]
 [ 0.0326169 ]
 [ 0.60397395]
 [ 0.01673534]]
2025-08-25 02:32:04,808 - DEBUG -      更新向量: [[-2.50159038e-04]
 [ 1.81349113e-05]
 [ 3.02535312e-05]
 [ 2.47842148e-04]]
2025-08-25 02:32:04,808 - DEBUG -      新参数: [[-0.03616976]
 [ 0.03263504]
 [ 0.60400421]
 [ 0.01698318]]
2025-08-25 02:32:04,808 - INFO - -----------------------------------------------------------------------------------
2025-08-25 02:32:04,808 - INFO - 🔍 迭代第12次，球心向右0.250159mm，向下0.018135mm，向后0.030254mm，半径变大0.247842mm
2025-08-25 02:32:04,817 - INFO - 📊 变化前: 中心(-0.036, 0.033, 0.604), 半径16.74mm
2025-08-25 02:32:04,817 - INFO - 📊 变化后: 中心(-0.036, 0.033, 0.604), 半径16.98mm
2025-08-25 02:32:04,817 - INFO - 📈 变化量: 中心移动0.25mm, 半径变化0.25mm
2025-08-25 02:32:04,817 - INFO - 📍 眼球中心: [-0.0359196   0.0326169   0.60397395]
2025-08-25 02:32:04,817 - INFO - 📏 眼球半径: 16.74mm
2025-08-25 02:32:04,817 - INFO - 👁️ 瞳孔中心: [-0.008       0.02933333  0.60000002]
2025-08-25 02:32:04,817 - INFO - 📐 眼球中心在瞳孔中心的左27.92mm，下3.28mm，后3.97mm
2025-08-25 02:32:04,817 - INFO - 📏 距离: 28.39mm
2025-08-25 02:32:04,817 - INFO - -----------------------------------------------------------------------------------
2025-08-25 02:32:04,817 - INFO - -----------------------------------------------------------------------------------
2025-08-25 02:32:04,819 - DEBUG - 🔍 参数有效性检查:
2025-08-25 02:32:04,819 - DEBUG -    参数向量: [[-0.03616976]
 [ 0.03263504]
 [ 0.60400421]
 [ 0.01698318]]
2025-08-25 02:32:04,819 - DEBUG -    球心: [-0.03616976  0.03263504  0.60400421]
2025-08-25 02:32:04,819 - DEBUG -    半径: 0.016983
2025-08-25 02:32:04,819 - DEBUG - 🔍 函数值计算详情:
2025-08-25 02:32:04,819 - DEBUG -    数据项 F(θ): 0.003705
2025-08-25 02:32:04,819 - DEBUG -    深度约束项: 0.000009
2025-08-25 02:32:04,819 - DEBUG -    半径先验项: 0.000011
2025-08-25 02:32:04,819 - DEBUG -    总函数值 Φ(θ): 0.003725
2025-08-25 02:32:04,819 - DEBUG -    函数值改善: 0.000000
2025-08-25 02:32:04,819 - DEBUG - 🔍 参数有效: True
2025-08-25 02:32:04,821 - DEBUG -    参数更新成功:
2025-08-25 02:32:04,821 - DEBUG -      新球心: [-0.03616976  0.03263504  0.60400421]
2025-08-25 02:32:04,821 - DEBUG -      新半径: 0.016983
2025-08-25 02:32:04,821 - INFO - -----------------------------------------------------------------------------------
2025-08-25 02:32:04,821 - DEBUG - 🔍 LM收敛性检查:
2025-08-25 02:32:04,821 - DEBUG -    当前迭代次数: 12
2025-08-25 02:32:04,821 - DEBUG -    最大迭代次数: 30
2025-08-25 02:32:04,821 - DEBUG -    参数变化: 0.000354
2025-08-25 02:32:04,821 - DEBUG -    参数容忍度: 5e-06
2025-08-25 02:32:04,821 - DEBUG -    残差变化: 0.000000
2025-08-25 02:32:04,821 - DEBUG -    残差容忍度: 5e-06
2025-08-25 02:32:04,821 - DEBUG - 🔍 迭代 14/30:
2025-08-25 02:32:04,821 - DEBUG - 🔍 计算点到球心距离: 形状=(21,)
2025-08-25 02:32:04,821 - DEBUG - 🔍 生理偏差向量计算:
2025-08-25 02:32:04,823 - DEBUG -    点类型列表: ['pupil_center', 'iris_boundaries', 'iris_boundaries', 'iris_boundaries', 'iris_boundaries', 'eye_contours', 'eye_contours', 'eye_contours', 'eye_contours', 'eye_contours', 'eye_contours', 'eye_contours', 'eye_contours', 'eye_contours', 'eye_contours', 'eye_contours', 'eye_contours', 'eye_contours', 'eye_contours', 'eye_contours', 'eye_contours']
2025-08-25 02:32:04,823 - DEBUG -    偏差向量: [0.0002  0.00085 0.00085 0.00085 0.00085 0.0015  0.0015  0.0015  0.0015
 0.0015  0.0015  0.0015  0.0015  0.0015  0.0015  0.0015  0.0015  0.0015
 0.0015  0.0015  0.0015 ]
2025-08-25 02:32:04,823 - DEBUG -    向量形状: (21,)
2025-08-25 02:32:04,823 - DEBUG -    偏差统计: 均值=0.001314, 标准差=0.000356
2025-08-25 02:32:04,825 - DEBUG - 获取生理偏差: 点类型=['pupil_center', 'iris_boundaries', 'iris_boundaries', 'iris_boundaries', 'iris_boundaries', 'eye_contours', 'eye_contours', 'eye_contours', 'eye_contours', 'eye_contours', 'eye_contours', 'eye_contours', 'eye_contours', 'eye_contours', 'eye_contours', 'eye_contours', 'eye_contours', 'eye_contours', 'eye_contours', 'eye_contours', 'eye_contours'], 偏差值=[0.0002  0.00085 0.00085 0.00085 0.00085 0.0015  0.0015  0.0015  0.0015
 0.0015  0.0015  0.0015  0.0015  0.0015  0.0015  0.0015  0.0015  0.0015
 0.0015  0.0015  0.0015 ]
2025-08-25 02:32:04,825 - INFO - -----------------------------------------------------------------------------------
2025-08-25 02:32:04,826 - DEBUG - 🔍 拟合残差计算详情:
2025-08-25 02:32:04,826 - DEBUG -    球心坐标: [-0.03616976  0.03263504  0.60400421]
2025-08-25 02:32:04,826 - DEBUG -    球体半径: 0.016983
2025-08-25 02:32:04,826 - DEBUG -    采样点数: 21
2025-08-25 02:32:04,826 - DEBUG -    点类型分布: {'eye_contours': 16, 'iris_boundaries': 4, 'pupil_center': 1}
2025-08-25 02:32:04,826 - DEBUG -    理论距离向量: [0.01718318 0.01783318 0.01783318 0.01783318 0.01783318 0.01848318
 0.01848318 0.01848318 0.01848318 0.01848318 0.01848318 0.01848318
 0.01848318 0.01848318 0.01848318 0.01848318 0.01848318 0.01848318
 0.01848318 0.01848318 0.01848318]
2025-08-25 02:32:04,826 - DEBUG -    实际距离向量: [0.02864384 0.04014869 0.03102426 0.01901111 0.03074112 0.00884894
 0.01279837 0.0166836  0.02232283 0.030568   0.03873869 0.04668301
 0.0521489  0.05515399 0.05228174 0.04619317 0.03774274 0.02961957
 0.02110499 0.0153245  0.01176033]
2025-08-25 02:32:04,826 - DEBUG -    生理偏差向量: [0.0002  0.00085 0.00085 0.00085 0.00085 0.0015  0.0015  0.0015  0.0015
 0.0015  0.0015  0.0015  0.0015  0.0015  0.0015  0.0015  0.0015  0.0015
 0.0015  0.0015  0.0015 ]
2025-08-25 02:32:04,830 - DEBUG -    残差向量 f(θ): 
[[ 0.01146066]
 [ 0.02231551]
 [ 0.01319108]
 [ 0.00117793]
 [ 0.01290794]
 [-0.00963424]
 [-0.00568481]
 [-0.00179958]
 [ 0.00383965]
 [ 0.01208482]
 [ 0.02025551]
 [ 0.02819983]
 [ 0.03366572]
 [ 0.03667081]
 [ 0.03379856]
 [ 0.02770999]
 [ 0.01925956]
 [ 0.01113639]
 [ 0.00262181]
 [-0.00315868]
 [-0.00672285]]
2025-08-25 02:32:04,830 - DEBUG -    平均残差范数: 0.004099
2025-08-25 02:32:04,830 - DEBUG -    残差范数=0.086089
2025-08-25 02:32:04,830 - INFO - -----------------------------------------------------------------------------------
2025-08-25 02:32:04,830 - DEBUG - 🔍 深度约束计算详情 (softplus):
2025-08-25 02:32:04,830 - DEBUG -    采样点Z坐标范围: [0.600000, 0.601815]
2025-08-25 02:32:04,832 - DEBUG -    球心Z坐标: 0.604004
2025-08-25 02:32:04,832 - DEBUG -    深度偏移ε: 0.000200
2025-08-25 02:32:04,832 - DEBUG -    softplus参数τ: 0.001000
2025-08-25 02:32:04,832 - DEBUG -    原始违反值: -0.001989
2025-08-25 02:32:04,832 - DEBUG -    softplus输入 u: -1.989222
2025-08-25 02:32:04,832 - DEBUG -    约束惩罚 h(θ): 0.000128
2025-08-25 02:32:04,832 - DEBUG -    🟢 深度约束满足: 球心深度足够
2025-08-25 02:32:04,832 - INFO - -----------------------------------------------------------------------------------
2025-08-25 02:32:04,832 - DEBUG - 🔍 半径惩罚计算详情:
2025-08-25 02:32:04,832 - DEBUG -    当前半径: 0.016983
2025-08-25 02:32:04,832 - DEBUG -    半径先验值: 0.012000
2025-08-25 02:32:04,832 - DEBUG -    半径残差 r(θ): 0.004983
2025-08-25 02:32:04,832 - DEBUG -    数据残差 f(θ): [[ 0.01146066]
 [ 0.02231551]
 [ 0.01319108]
 [ 0.00117793]
 [ 0.01290794]
 [-0.00963424]
 [-0.00568481]
 [-0.00179958]
 [ 0.00383965]
 [ 0.01208482]
 [ 0.02025551]
 [ 0.02819983]
 [ 0.03366572]
 [ 0.03667081]
 [ 0.03379856]
 [ 0.02770999]
 [ 0.01925956]
 [ 0.01113639]
 [ 0.00262181]
 [-0.00315868]
 [-0.00672285]]
2025-08-25 02:32:04,832 - DEBUG -    约束残差 g(θ): [[0.00012822]]
2025-08-25 02:32:04,832 - DEBUG -    半径残差 r(θ): [[0.00498318]]
2025-08-25 02:32:04,832 - DEBUG - 🔍 状态变化计算: 参数变化=0.000354, 残差变化=0.000008
2025-08-25 02:32:04,832 - INFO - -----------------------------------------------------------------------------------
2025-08-25 02:32:04,832 - DEBUG - 🔍 权重管理器状态更新详情:
2025-08-25 02:32:04,832 - DEBUG -    当前迭代: 13
2025-08-25 02:32:04,832 - DEBUG -    参数变化: 0.000354 (阈值: 0.000005)
2025-08-25 02:32:04,832 - DEBUG -    残差变化: 0.000008 (阈值: 0.000005)
2025-08-25 02:32:04,832 - DEBUG -    几何权重因子: 10
2025-08-25 02:32:04,832 - DEBUG - ⏸️ 保持图像置信度权重: 参数变化=3.54e-04, 残差变化=8.15e-06
2025-08-25 02:32:04,832 - DEBUG - 状态已保存: 参数=[-0.03616976  0.03263504  0.60400421  0.01698318], 残差范数=0.086089
2025-08-25 02:32:04,832 - DEBUG - 🔍 获取visibility信息: 形状=(21,), 范围=[1.000, 1.000]
2025-08-25 02:32:04,832 - DEBUG - 🔧 设置图像置信度权重: 21个点
2025-08-25 02:32:04,832 - DEBUG - 🔍 开始计算权重矩阵:
2025-08-25 02:32:04,832 - DEBUG -    点类型: ['pupil_center', 'iris_boundaries', 'iris_boundaries', 'iris_boundaries', 'iris_boundaries', 'eye_contours', 'eye_contours', 'eye_contours', 'eye_contours', 'eye_contours', 'eye_contours', 'eye_contours', 'eye_contours', 'eye_contours', 'eye_contours', 'eye_contours', 'eye_contours', 'eye_contours', 'eye_contours', 'eye_contours', 'eye_contours']
2025-08-25 02:32:04,832 - DEBUG -    残差向量: 形状=(21,), 范数=0.086089
2025-08-25 02:32:04,832 - DEBUG -    Visibility: 形状=(21,), 均值=1.000
2025-08-25 02:32:04,832 - WARNING - ⚠️ 权重管理器：没有启用几何权重，使用默认全1权重
2025-08-25 02:32:04,832 - WARNING - ⚠️ 权重管理器：没有启用几何权重，使用默认全1权重
2025-08-25 02:32:04,832 - WARNING - ⚠️ 权重管理器：没有启用几何权重，使用默认全1权重
2025-08-25 02:32:04,832 - WARNING - ⚠️ 权重管理器：没有启用几何权重，使用默认全1权重
2025-08-25 02:32:04,832 - WARNING - ⚠️ 权重管理器：没有启用几何权重，使用默认全1权重
2025-08-25 02:32:04,832 - WARNING - ⚠️ 权重管理器：没有启用几何权重，使用默认全1权重
2025-08-25 02:32:04,832 - WARNING - ⚠️ 权重管理器：没有启用几何权重，使用默认全1权重
2025-08-25 02:32:04,832 - WARNING - ⚠️ 权重管理器：没有启用几何权重，使用默认全1权重
2025-08-25 02:32:04,832 - WARNING - ⚠️ 权重管理器：没有启用几何权重，使用默认全1权重
2025-08-25 02:32:04,832 - WARNING - ⚠️ 权重管理器：没有启用几何权重，使用默认全1权重
2025-08-25 02:32:04,832 - WARNING - ⚠️ 权重管理器：没有启用几何权重，使用默认全1权重
2025-08-25 02:32:04,832 - WARNING - ⚠️ 权重管理器：没有启用几何权重，使用默认全1权重
2025-08-25 02:32:04,832 - WARNING - ⚠️ 权重管理器：没有启用几何权重，使用默认全1权重
2025-08-25 02:32:04,832 - WARNING - ⚠️ 权重管理器：没有启用几何权重，使用默认全1权重
2025-08-25 02:32:04,832 - WARNING - ⚠️ 权重管理器：没有启用几何权重，使用默认全1权重
2025-08-25 02:32:04,832 - WARNING - ⚠️ 权重管理器：没有启用几何权重，使用默认全1权重
2025-08-25 02:32:04,841 - WARNING - ⚠️ 权重管理器：没有启用几何权重，使用默认全1权重
2025-08-25 02:32:04,841 - WARNING - ⚠️ 权重管理器：没有启用几何权重，使用默认全1权重
2025-08-25 02:32:04,841 - WARNING - ⚠️ 权重管理器：没有启用几何权重，使用默认全1权重
2025-08-25 02:32:04,841 - WARNING - ⚠️ 权重管理器：没有启用几何权重，使用默认全1权重
2025-08-25 02:32:04,842 - WARNING - ⚠️ 权重管理器：没有启用几何权重，使用默认全1权重
2025-08-25 02:32:04,845 - DEBUG - 🔍 权重矩阵计算成功: 形状=(21, 21)
2025-08-25 02:32:04,845 - DEBUG - 🔍 几何权重统计:
2025-08-25 02:32:04,845 - DEBUG -    权重向量: [[1.]
 [1.]
 [1.]
 [1.]
 [1.]
 [1.]
 [1.]
 [1.]
 [1.]
 [1.]
 [1.]
 [1.]
 [1.]
 [1.]
 [1.]
 [1.]
 [1.]
 [1.]
 [1.]
 [1.]
 [1.]]
2025-08-25 02:32:04,845 - DEBUG -    权重范围: [1.000000, 1.000000]
2025-08-25 02:32:04,845 - DEBUG -    权重均值: 1.000000
2025-08-25 02:32:04,845 - DEBUG -    权重标准差: 0.000000
2025-08-25 02:32:04,845 - DEBUG -    高权重点(>0.8): 21/21
2025-08-25 02:32:04,845 - DEBUG -    低权重点(<0.2): 0/21
2025-08-25 02:32:04,845 - INFO - -----------------------------------------------------------------------------------
2025-08-25 02:32:04,845 - DEBUG - 🔍 开始求解LM更新方程:
2025-08-25 02:32:04,849 - DEBUG -    数据残差: 形状=(21,), 范数=0.086089
2025-08-25 02:32:04,849 - DEBUG -    约束残差: 形状=(1,), 范数=0.000128
2025-08-25 02:32:04,849 - DEBUG - 🔍 计算数据残差雅可比矩阵 J_f: 形状=(21, 4)
2025-08-25 02:32:04,849 - DEBUG - 🔍 J_f矩阵计算完成: 条件数=1.71e+02
2025-08-25 02:32:04,849 - DEBUG - 🔍 深度约束雅可比计算: u=-1.989222, σ=0.120339, J_h=[[ 0.          0.         -0.12033919  0.        ]]
2025-08-25 02:32:04,849 - DEBUG - 🔍 半径先验雅可比: J_r=[[0. 0. 0. 1.]]
2025-08-25 02:32:04,849 - DEBUG - 🔍 使用几何权重矩阵: 形状=(21, 21)
2025-08-25 02:32:04,849 - DEBUG - 🔍 Hessian矩阵计算:
2025-08-25 02:32:04,849 - DEBUG -    H_data = J_f^T W J_f: 形状=(4, 4), 条件数=2.91e+04
2025-08-25 02:32:04,849 - DEBUG -    H_h = λ_depth J_h^T J_h: 形状=(4, 4), λ_depth=1000.0
2025-08-25 02:32:04,849 - DEBUG -    H_r = λ_radius J_r^T J_r: 形状=(4, 4), λ_radius=1.0
2025-08-25 02:32:04,849 - DEBUG -    H_total: 形状=(4, 4), 条件数=8.96e+01
2025-08-25 02:32:04,849 - DEBUG - 🔍 梯度计算:
2025-08-25 02:32:04,849 - DEBUG -    g_data: 形状=(4,), 范数=0.371129
2025-08-25 02:32:04,849 - DEBUG -    g_h: 形状=(4,), 范数=0.015430
2025-08-25 02:32:04,849 - DEBUG -    g_r: 形状=(4,), 范数=0.004983
2025-08-25 02:32:04,849 - DEBUG -    g_total: 形状=(4,), 范数=0.368596
2025-08-25 02:32:04,849 - DEBUG - 🔍 LM阻尼矩阵: H_lm = H_total + 1000.0 * I
2025-08-25 02:32:04,849 - DEBUG -    H_lm条件数: 1.04e+00
2025-08-25 02:32:04,849 - DEBUG - 🔍 线性方程组求解成功:
2025-08-25 02:32:04,849 - DEBUG -    参数更新向量 Δθ: [[-2.50197688e-04]
 [ 1.81276552e-05]
 [ 2.95594122e-05]
 [ 2.47629202e-04]]
2025-08-25 02:32:04,849 - DEBUG -    更新向量范数: 0.000354
2025-08-25 02:32:04,849 - DEBUG -    各分量更新: Δc_x=-0.000250, Δc_y=0.000018, Δc_z=0.000030, Δr=0.000248
2025-08-25 02:32:04,849 - DEBUG -    参数更新:
2025-08-25 02:32:04,849 - DEBUG -      旧参数: [[-0.03616976]
 [ 0.03263504]
 [ 0.60400421]
 [ 0.01698318]]
2025-08-25 02:32:04,849 - DEBUG -      更新向量: [[-2.50197688e-04]
 [ 1.81276552e-05]
 [ 2.95594122e-05]
 [ 2.47629202e-04]]
2025-08-25 02:32:04,849 - DEBUG -      新参数: [[-0.03641995]
 [ 0.03265317]
 [ 0.60403377]
 [ 0.01723081]]
2025-08-25 02:32:04,849 - INFO - -----------------------------------------------------------------------------------
2025-08-25 02:32:04,849 - INFO - 🔍 迭代第13次，球心向右0.250198mm，向下0.018128mm，向后0.029559mm，半径变大0.247629mm
2025-08-25 02:32:04,849 - INFO - 📊 变化前: 中心(-0.036, 0.033, 0.604), 半径16.98mm
2025-08-25 02:32:04,857 - INFO - 📊 变化后: 中心(-0.036, 0.033, 0.604), 半径17.23mm
2025-08-25 02:32:04,858 - INFO - 📈 变化量: 中心移动0.25mm, 半径变化0.25mm
2025-08-25 02:32:04,858 - INFO - 📍 眼球中心: [-0.03616976  0.03263504  0.60400421]
2025-08-25 02:32:04,858 - INFO - 📏 眼球半径: 16.98mm
2025-08-25 02:32:04,858 - INFO - 👁️ 瞳孔中心: [-0.008       0.02933333  0.60000002]
2025-08-25 02:32:04,858 - INFO - 📐 眼球中心在瞳孔中心的左28.17mm，下3.30mm，后4.00mm
2025-08-25 02:32:04,858 - INFO - 📏 距离: 28.64mm
2025-08-25 02:32:04,858 - INFO - -----------------------------------------------------------------------------------
2025-08-25 02:32:04,858 - INFO - -----------------------------------------------------------------------------------
2025-08-25 02:32:04,858 - DEBUG - 🔍 参数有效性检查:
2025-08-25 02:32:04,858 - DEBUG -    参数向量: [[-0.03641995]
 [ 0.03265317]
 [ 0.60403377]
 [ 0.01723081]]
2025-08-25 02:32:04,858 - DEBUG -    球心: [-0.03641995  0.03265317  0.60403377]
2025-08-25 02:32:04,858 - DEBUG -    半径: 0.017231
2025-08-25 02:32:04,858 - DEBUG - 🔍 函数值计算详情:
2025-08-25 02:32:04,858 - DEBUG -    数据项 F(θ): 0.003706
2025-08-25 02:32:04,858 - DEBUG -    深度约束项: 0.000008
2025-08-25 02:32:04,858 - DEBUG -    半径先验项: 0.000012
2025-08-25 02:32:04,858 - DEBUG -    总函数值 Φ(θ): 0.003726
2025-08-25 02:32:04,858 - DEBUG -    函数值改善: -0.000001
2025-08-25 02:32:04,858 - DEBUG - 🔍 参数有效: False
2025-08-25 02:32:04,858 - DEBUG -    参数无效，阻尼因子调整: λ_LM = 1.00e+04
2025-08-25 02:32:04,858 - DEBUG - 🔍 迭代 15/30:
2025-08-25 02:32:04,858 - DEBUG - 🔍 计算点到球心距离: 形状=(21,)
2025-08-25 02:32:04,858 - DEBUG - 🔍 生理偏差向量计算:
2025-08-25 02:32:04,858 - DEBUG -    点类型列表: ['pupil_center', 'iris_boundaries', 'iris_boundaries', 'iris_boundaries', 'iris_boundaries', 'eye_contours', 'eye_contours', 'eye_contours', 'eye_contours', 'eye_contours', 'eye_contours', 'eye_contours', 'eye_contours', 'eye_contours', 'eye_contours', 'eye_contours', 'eye_contours', 'eye_contours', 'eye_contours', 'eye_contours', 'eye_contours']
2025-08-25 02:32:04,865 - DEBUG -    偏差向量: [0.0002  0.00085 0.00085 0.00085 0.00085 0.0015  0.0015  0.0015  0.0015
 0.0015  0.0015  0.0015  0.0015  0.0015  0.0015  0.0015  0.0015  0.0015
 0.0015  0.0015  0.0015 ]
2025-08-25 02:32:04,865 - DEBUG -    向量形状: (21,)
2025-08-25 02:32:04,865 - DEBUG -    偏差统计: 均值=0.001314, 标准差=0.000356
2025-08-25 02:32:04,865 - DEBUG - 获取生理偏差: 点类型=['pupil_center', 'iris_boundaries', 'iris_boundaries', 'iris_boundaries', 'iris_boundaries', 'eye_contours', 'eye_contours', 'eye_contours', 'eye_contours', 'eye_contours', 'eye_contours', 'eye_contours', 'eye_contours', 'eye_contours', 'eye_contours', 'eye_contours', 'eye_contours', 'eye_contours', 'eye_contours', 'eye_contours', 'eye_contours'], 偏差值=[0.0002  0.00085 0.00085 0.00085 0.00085 0.0015  0.0015  0.0015  0.0015
 0.0015  0.0015  0.0015  0.0015  0.0015  0.0015  0.0015  0.0015  0.0015
 0.0015  0.0015  0.0015 ]
2025-08-25 02:32:04,865 - INFO - -----------------------------------------------------------------------------------
2025-08-25 02:32:04,865 - DEBUG - 🔍 拟合残差计算详情:
2025-08-25 02:32:04,865 - DEBUG -    球心坐标: [-0.03616976  0.03263504  0.60400421]
2025-08-25 02:32:04,865 - DEBUG -    球体半径: 0.016983
2025-08-25 02:32:04,865 - DEBUG -    采样点数: 21
2025-08-25 02:32:04,865 - DEBUG -    点类型分布: {'eye_contours': 16, 'iris_boundaries': 4, 'pupil_center': 1}
2025-08-25 02:32:04,865 - DEBUG -    理论距离向量: [0.01718318 0.01783318 0.01783318 0.01783318 0.01783318 0.01848318
 0.01848318 0.01848318 0.01848318 0.01848318 0.01848318 0.01848318
 0.01848318 0.01848318 0.01848318 0.01848318 0.01848318 0.01848318
 0.01848318 0.01848318 0.01848318]
2025-08-25 02:32:04,865 - DEBUG -    实际距离向量: [0.02864384 0.04014869 0.03102426 0.01901111 0.03074112 0.00884894
 0.01279837 0.0166836  0.02232283 0.030568   0.03873869 0.04668301
 0.0521489  0.05515399 0.05228174 0.04619317 0.03774274 0.02961957
 0.02110499 0.0153245  0.01176033]
2025-08-25 02:32:04,865 - DEBUG -    生理偏差向量: [0.0002  0.00085 0.00085 0.00085 0.00085 0.0015  0.0015  0.0015  0.0015
 0.0015  0.0015  0.0015  0.0015  0.0015  0.0015  0.0015  0.0015  0.0015
 0.0015  0.0015  0.0015 ]
2025-08-25 02:32:04,865 - DEBUG -    残差向量 f(θ): 
[[ 0.01146066]
 [ 0.02231551]
 [ 0.01319108]
 [ 0.00117793]
 [ 0.01290794]
 [-0.00963424]
 [-0.00568481]
 [-0.00179958]
 [ 0.00383965]
 [ 0.01208482]
 [ 0.02025551]
 [ 0.02819983]
 [ 0.03366572]
 [ 0.03667081]
 [ 0.03379856]
 [ 0.02770999]
 [ 0.01925956]
 [ 0.01113639]
 [ 0.00262181]
 [-0.00315868]
 [-0.00672285]]
2025-08-25 02:32:04,865 - DEBUG -    平均残差范数: 0.004099
2025-08-25 02:32:04,865 - DEBUG -    残差范数=0.086089
2025-08-25 02:32:04,865 - INFO - -----------------------------------------------------------------------------------
2025-08-25 02:32:04,865 - DEBUG - 🔍 深度约束计算详情 (softplus):
2025-08-25 02:32:04,865 - DEBUG -    采样点Z坐标范围: [0.600000, 0.601815]
2025-08-25 02:32:04,865 - DEBUG -    球心Z坐标: 0.604004
2025-08-25 02:32:04,865 - DEBUG -    深度偏移ε: 0.000200
2025-08-25 02:32:04,865 - DEBUG -    softplus参数τ: 0.001000
2025-08-25 02:32:04,865 - DEBUG -    原始违反值: -0.001989
2025-08-25 02:32:04,865 - DEBUG -    softplus输入 u: -1.989222
2025-08-25 02:32:04,865 - DEBUG -    约束惩罚 h(θ): 0.000128
2025-08-25 02:32:04,865 - DEBUG -    🟢 深度约束满足: 球心深度足够
2025-08-25 02:32:04,865 - INFO - -----------------------------------------------------------------------------------
2025-08-25 02:32:04,865 - DEBUG - 🔍 半径惩罚计算详情:
2025-08-25 02:32:04,865 - DEBUG -    当前半径: 0.016983
2025-08-25 02:32:04,865 - DEBUG -    半径先验值: 0.012000
2025-08-25 02:32:04,865 - DEBUG -    半径残差 r(θ): 0.004983
2025-08-25 02:32:04,865 - DEBUG -    数据残差 f(θ): [[ 0.01146066]
 [ 0.02231551]
 [ 0.01319108]
 [ 0.00117793]
 [ 0.01290794]
 [-0.00963424]
 [-0.00568481]
 [-0.00179958]
 [ 0.00383965]
 [ 0.01208482]
 [ 0.02025551]
 [ 0.02819983]
 [ 0.03366572]
 [ 0.03667081]
 [ 0.03379856]
 [ 0.02770999]
 [ 0.01925956]
 [ 0.01113639]
 [ 0.00262181]
 [-0.00315868]
 [-0.00672285]]
2025-08-25 02:32:04,865 - DEBUG -    约束残差 g(θ): [[0.00012822]]
2025-08-25 02:32:04,873 - DEBUG -    半径残差 r(θ): [[0.00498318]]
2025-08-25 02:32:04,873 - DEBUG - 🔍 状态变化计算: 参数变化=0.000000, 残差变化=0.000000
2025-08-25 02:32:04,873 - INFO - -----------------------------------------------------------------------------------
2025-08-25 02:32:04,873 - DEBUG - 🔍 权重管理器状态更新详情:
2025-08-25 02:32:04,873 - DEBUG -    当前迭代: 14
2025-08-25 02:32:04,873 - DEBUG -    参数变化: 0.000000 (阈值: 0.000005)
2025-08-25 02:32:04,873 - DEBUG -    残差变化: 0.000000 (阈值: 0.000005)
2025-08-25 02:32:04,873 - DEBUG -    几何权重因子: 10
2025-08-25 02:32:04,873 - DEBUG - ⏸️ 保持图像置信度权重: 参数变化=0.00e+00, 残差变化=0.00e+00
2025-08-25 02:32:04,873 - DEBUG - 状态已保存: 参数=[-0.03616976  0.03263504  0.60400421  0.01698318], 残差范数=0.086089
2025-08-25 02:32:04,873 - DEBUG - 🔍 获取visibility信息: 形状=(21,), 范围=[1.000, 1.000]
2025-08-25 02:32:04,873 - DEBUG - 🔧 设置图像置信度权重: 21个点
2025-08-25 02:32:04,873 - DEBUG - 🔍 开始计算权重矩阵:
2025-08-25 02:32:04,873 - DEBUG -    点类型: ['pupil_center', 'iris_boundaries', 'iris_boundaries', 'iris_boundaries', 'iris_boundaries', 'eye_contours', 'eye_contours', 'eye_contours', 'eye_contours', 'eye_contours', 'eye_contours', 'eye_contours', 'eye_contours', 'eye_contours', 'eye_contours', 'eye_contours', 'eye_contours', 'eye_contours', 'eye_contours', 'eye_contours', 'eye_contours']
2025-08-25 02:32:04,873 - DEBUG -    残差向量: 形状=(21,), 范数=0.086089
2025-08-25 02:32:04,873 - DEBUG -    Visibility: 形状=(21,), 均值=1.000
2025-08-25 02:32:04,873 - WARNING - ⚠️ 权重管理器：没有启用几何权重，使用默认全1权重
2025-08-25 02:32:04,873 - WARNING - ⚠️ 权重管理器：没有启用几何权重，使用默认全1权重
2025-08-25 02:32:04,873 - WARNING - ⚠️ 权重管理器：没有启用几何权重，使用默认全1权重
2025-08-25 02:32:04,873 - WARNING - ⚠️ 权重管理器：没有启用几何权重，使用默认全1权重
2025-08-25 02:32:04,873 - WARNING - ⚠️ 权重管理器：没有启用几何权重，使用默认全1权重
2025-08-25 02:32:04,873 - WARNING - ⚠️ 权重管理器：没有启用几何权重，使用默认全1权重
2025-08-25 02:32:04,873 - WARNING - ⚠️ 权重管理器：没有启用几何权重，使用默认全1权重
2025-08-25 02:32:04,873 - WARNING - ⚠️ 权重管理器：没有启用几何权重，使用默认全1权重
2025-08-25 02:32:04,873 - WARNING - ⚠️ 权重管理器：没有启用几何权重，使用默认全1权重
2025-08-25 02:32:04,873 - WARNING - ⚠️ 权重管理器：没有启用几何权重，使用默认全1权重
2025-08-25 02:32:04,873 - WARNING - ⚠️ 权重管理器：没有启用几何权重，使用默认全1权重
2025-08-25 02:32:04,873 - WARNING - ⚠️ 权重管理器：没有启用几何权重，使用默认全1权重
2025-08-25 02:32:04,873 - WARNING - ⚠️ 权重管理器：没有启用几何权重，使用默认全1权重
2025-08-25 02:32:04,873 - WARNING - ⚠️ 权重管理器：没有启用几何权重，使用默认全1权重
2025-08-25 02:32:04,873 - WARNING - ⚠️ 权重管理器：没有启用几何权重，使用默认全1权重
2025-08-25 02:32:04,873 - WARNING - ⚠️ 权重管理器：没有启用几何权重，使用默认全1权重
2025-08-25 02:32:04,873 - WARNING - ⚠️ 权重管理器：没有启用几何权重，使用默认全1权重
2025-08-25 02:32:04,873 - WARNING - ⚠️ 权重管理器：没有启用几何权重，使用默认全1权重
2025-08-25 02:32:04,873 - WARNING - ⚠️ 权重管理器：没有启用几何权重，使用默认全1权重
2025-08-25 02:32:04,873 - WARNING - ⚠️ 权重管理器：没有启用几何权重，使用默认全1权重
2025-08-25 02:32:04,873 - WARNING - ⚠️ 权重管理器：没有启用几何权重，使用默认全1权重
2025-08-25 02:32:04,873 - DEBUG - 🔍 权重矩阵计算成功: 形状=(21, 21)
2025-08-25 02:32:04,881 - DEBUG - 🔍 几何权重统计:
2025-08-25 02:32:04,881 - DEBUG -    权重向量: [[1.]
 [1.]
 [1.]
 [1.]
 [1.]
 [1.]
 [1.]
 [1.]
 [1.]
 [1.]
 [1.]
 [1.]
 [1.]
 [1.]
 [1.]
 [1.]
 [1.]
 [1.]
 [1.]
 [1.]
 [1.]]
2025-08-25 02:32:04,881 - DEBUG -    权重范围: [1.000000, 1.000000]
2025-08-25 02:32:04,881 - DEBUG -    权重均值: 1.000000
2025-08-25 02:32:04,881 - DEBUG -    权重标准差: 0.000000
2025-08-25 02:32:04,881 - DEBUG -    高权重点(>0.8): 21/21
2025-08-25 02:32:04,881 - DEBUG -    低权重点(<0.2): 0/21
2025-08-25 02:32:04,881 - INFO - -----------------------------------------------------------------------------------
2025-08-25 02:32:04,881 - DEBUG - 🔍 开始求解LM更新方程:
2025-08-25 02:32:04,881 - DEBUG -    数据残差: 形状=(21,), 范数=0.086089
2025-08-25 02:32:04,881 - DEBUG -    约束残差: 形状=(1,), 范数=0.000128
2025-08-25 02:32:04,881 - DEBUG - 🔍 计算数据残差雅可比矩阵 J_f: 形状=(21, 4)
2025-08-25 02:32:04,881 - DEBUG - 🔍 J_f矩阵计算完成: 条件数=1.71e+02
2025-08-25 02:32:04,881 - DEBUG - 🔍 深度约束雅可比计算: u=-1.989222, σ=0.120339, J_h=[[ 0.          0.         -0.12033919  0.        ]]
2025-08-25 02:32:04,881 - DEBUG - 🔍 半径先验雅可比: J_r=[[0. 0. 0. 1.]]
2025-08-25 02:32:04,881 - DEBUG - 🔍 使用几何权重矩阵: 形状=(21, 21)
2025-08-25 02:32:04,881 - DEBUG - 🔍 Hessian矩阵计算:
2025-08-25 02:32:04,881 - DEBUG -    H_data = J_f^T W J_f: 形状=(4, 4), 条件数=2.91e+04
2025-08-25 02:32:04,881 - DEBUG -    H_h = λ_depth J_h^T J_h: 形状=(4, 4), λ_depth=1000.0
2025-08-25 02:32:04,881 - DEBUG -    H_r = λ_radius J_r^T J_r: 形状=(4, 4), λ_radius=1.0
2025-08-25 02:32:04,881 - DEBUG -    H_total: 形状=(4, 4), 条件数=8.96e+01
2025-08-25 02:32:04,881 - DEBUG - 🔍 梯度计算:
2025-08-25 02:32:04,881 - DEBUG -    g_data: 形状=(4,), 范数=0.371129
2025-08-25 02:32:04,881 - DEBUG -    g_h: 形状=(4,), 范数=0.015430
2025-08-25 02:32:04,881 - DEBUG -    g_r: 形状=(4,), 范数=0.004983
2025-08-25 02:32:04,881 - DEBUG -    g_total: 形状=(4,), 范数=0.368596
2025-08-25 02:32:04,881 - DEBUG - 🔍 LM阻尼矩阵: H_lm = H_total + 10000.0 * I
2025-08-25 02:32:04,881 - DEBUG -    H_lm条件数: 1.00e+00
2025-08-25 02:32:04,881 - DEBUG - 🔍 线性方程组求解成功:
2025-08-25 02:32:04,889 - DEBUG -    参数更新向量 Δθ: [[-2.59340286e-05]
 [ 1.87675229e-06]
 [ 3.10514187e-06]
 [ 2.57203814e-05]]
2025-08-25 02:32:04,889 - DEBUG -    更新向量范数: 0.000037
2025-08-25 02:32:04,889 - DEBUG -    各分量更新: Δc_x=-0.000026, Δc_y=0.000002, Δc_z=0.000003, Δr=0.000026
2025-08-25 02:32:04,889 - DEBUG -    参数更新:
2025-08-25 02:32:04,889 - DEBUG -      旧参数: [[-0.03616976]
 [ 0.03263504]
 [ 0.60400421]
 [ 0.01698318]]
2025-08-25 02:32:04,889 - DEBUG -      更新向量: [[-2.59340286e-05]
 [ 1.87675229e-06]
 [ 3.10514187e-06]
 [ 2.57203814e-05]]
2025-08-25 02:32:04,889 - DEBUG -      新参数: [[-0.03619569]
 [ 0.03263691]
 [ 0.60400731]
 [ 0.0170089 ]]
2025-08-25 02:32:04,889 - INFO - -----------------------------------------------------------------------------------
2025-08-25 02:32:04,889 - INFO - 🔍 迭代第14次，球心向右0.025934mm，向下0.001877mm，向后0.003105mm，半径变大0.025720mm
2025-08-25 02:32:04,889 - INFO - 📊 变化前: 中心(-0.036, 0.033, 0.604), 半径16.98mm
2025-08-25 02:32:04,889 - INFO - 📊 变化后: 中心(-0.036, 0.033, 0.604), 半径17.01mm
2025-08-25 02:32:04,889 - INFO - 📈 变化量: 中心移动0.03mm, 半径变化0.03mm
2025-08-25 02:32:04,889 - INFO - 📍 眼球中心: [-0.03616976  0.03263504  0.60400421]
2025-08-25 02:32:04,889 - INFO - 📏 眼球半径: 16.98mm
2025-08-25 02:32:04,893 - INFO - 👁️ 瞳孔中心: [-0.008       0.02933333  0.60000002]
2025-08-25 02:32:04,893 - INFO - 📐 眼球中心在瞳孔中心的左28.17mm，下3.30mm，后4.00mm
2025-08-25 02:32:04,893 - INFO - 📏 距离: 28.64mm
2025-08-25 02:32:04,893 - INFO - -----------------------------------------------------------------------------------
2025-08-25 02:32:04,893 - INFO - -----------------------------------------------------------------------------------
2025-08-25 02:32:04,893 - DEBUG - 🔍 参数有效性检查:
2025-08-25 02:32:04,893 - DEBUG -    参数向量: [[-0.03619569]
 [ 0.03263691]
 [ 0.60400731]
 [ 0.0170089 ]]
2025-08-25 02:32:04,893 - DEBUG -    球心: [-0.03619569  0.03263691  0.60400731]
2025-08-25 02:32:04,893 - DEBUG -    半径: 0.017009
2025-08-25 02:32:04,893 - DEBUG - 🔍 函数值计算详情:
2025-08-25 02:32:04,893 - DEBUG -    数据项 F(θ): 0.003706
2025-08-25 02:32:04,893 - DEBUG -    深度约束项: 0.000008
2025-08-25 02:32:04,893 - DEBUG -    半径先验项: 0.000012
2025-08-25 02:32:04,893 - DEBUG -    总函数值 Φ(θ): 0.003726
2025-08-25 02:32:04,893 - DEBUG -    函数值改善: 0.000000
2025-08-25 02:32:04,893 - DEBUG - 🔍 参数有效: True
2025-08-25 02:32:04,893 - DEBUG -    参数更新成功:
2025-08-25 02:32:04,893 - DEBUG -      新球心: [-0.03619569  0.03263691  0.60400731]
2025-08-25 02:32:04,897 - DEBUG -      新半径: 0.017009
2025-08-25 02:32:04,897 - INFO - -----------------------------------------------------------------------------------
2025-08-25 02:32:04,897 - DEBUG - 🔍 LM收敛性检查:
2025-08-25 02:32:04,897 - DEBUG -    当前迭代次数: 14
2025-08-25 02:32:04,897 - DEBUG -    最大迭代次数: 30
2025-08-25 02:32:04,897 - DEBUG -    参数变化: 0.000037
2025-08-25 02:32:04,897 - DEBUG -    参数容忍度: 5e-06
2025-08-25 02:32:04,897 - DEBUG -    残差变化: 0.000000
2025-08-25 02:32:04,897 - DEBUG -    残差容忍度: 5e-06
2025-08-25 02:32:04,897 - DEBUG - 🔍 迭代 16/30:
2025-08-25 02:32:04,897 - DEBUG - 🔍 计算点到球心距离: 形状=(21,)
2025-08-25 02:32:04,897 - DEBUG - 🔍 生理偏差向量计算:
2025-08-25 02:32:04,897 - DEBUG -    点类型列表: ['pupil_center', 'iris_boundaries', 'iris_boundaries', 'iris_boundaries', 'iris_boundaries', 'eye_contours', 'eye_contours', 'eye_contours', 'eye_contours', 'eye_contours', 'eye_contours', 'eye_contours', 'eye_contours', 'eye_contours', 'eye_contours', 'eye_contours', 'eye_contours', 'eye_contours', 'eye_contours', 'eye_contours', 'eye_contours']
2025-08-25 02:32:04,897 - DEBUG -    偏差向量: [0.0002  0.00085 0.00085 0.00085 0.00085 0.0015  0.0015  0.0015  0.0015
 0.0015  0.0015  0.0015  0.0015  0.0015  0.0015  0.0015  0.0015  0.0015
 0.0015  0.0015  0.0015 ]
2025-08-25 02:32:04,897 - DEBUG -    向量形状: (21,)
2025-08-25 02:32:04,897 - DEBUG -    偏差统计: 均值=0.001314, 标准差=0.000356
2025-08-25 02:32:04,897 - DEBUG - 获取生理偏差: 点类型=['pupil_center', 'iris_boundaries', 'iris_boundaries', 'iris_boundaries', 'iris_boundaries', 'eye_contours', 'eye_contours', 'eye_contours', 'eye_contours', 'eye_contours', 'eye_contours', 'eye_contours', 'eye_contours', 'eye_contours', 'eye_contours', 'eye_contours', 'eye_contours', 'eye_contours', 'eye_contours', 'eye_contours', 'eye_contours'], 偏差值=[0.0002  0.00085 0.00085 0.00085 0.00085 0.0015  0.0015  0.0015  0.0015
 0.0015  0.0015  0.0015  0.0015  0.0015  0.0015  0.0015  0.0015  0.0015
 0.0015  0.0015  0.0015 ]
2025-08-25 02:32:04,897 - INFO - -----------------------------------------------------------------------------------
2025-08-25 02:32:04,897 - DEBUG - 🔍 拟合残差计算详情:
2025-08-25 02:32:04,897 - DEBUG -    球心坐标: [-0.03619569  0.03263691  0.60400731]
2025-08-25 02:32:04,897 - DEBUG -    球体半径: 0.017009
2025-08-25 02:32:04,897 - DEBUG -    采样点数: 21
2025-08-25 02:32:04,897 - DEBUG -    点类型分布: {'eye_contours': 16, 'iris_boundaries': 4, 'pupil_center': 1}
2025-08-25 02:32:04,897 - DEBUG -    理论距离向量: [0.0172089 0.0178589 0.0178589 0.0178589 0.0178589 0.0185089 0.0185089
 0.0185089 0.0185089 0.0185089 0.0185089 0.0185089 0.0185089 0.0185089
 0.0185089 0.0185089 0.0185089 0.0185089 0.0185089 0.0185089 0.0185089]
2025-08-25 02:32:04,897 - DEBUG -    实际距离向量: [0.02867    0.04017485 0.03104924 0.01903729 0.03076634 0.0088749
 0.01282404 0.01670923 0.02234844 0.03059378 0.03876464 0.0467091
 0.052175   0.05518012 0.05230785 0.04621922 0.03776866 0.0296453
 0.02113064 0.01535028 0.01178625]
2025-08-25 02:32:04,897 - DEBUG -    生理偏差向量: [0.0002  0.00085 0.00085 0.00085 0.00085 0.0015  0.0015  0.0015  0.0015
 0.0015  0.0015  0.0015  0.0015  0.0015  0.0015  0.0015  0.0015  0.0015
 0.0015  0.0015  0.0015 ]
2025-08-25 02:32:04,897 - DEBUG -    残差向量 f(θ): 
[[ 0.0114611 ]
 [ 0.02231594]
 [ 0.01319034]
 [ 0.00117839]
 [ 0.01290744]
 [-0.00963401]
 [-0.00568486]
 [-0.00179968]
 [ 0.00383954]
 [ 0.01208488]
 [ 0.02025574]
 [ 0.0282002 ]
 [ 0.0336661 ]
 [ 0.03667122]
 [ 0.03379895]
 [ 0.02771032]
 [ 0.01925976]
 [ 0.01113639]
 [ 0.00262174]
 [-0.00315862]
 [-0.00672265]]
2025-08-25 02:32:04,897 - DEBUG -    平均残差范数: 0.004100
2025-08-25 02:32:04,897 - DEBUG -    残差范数=0.086090
2025-08-25 02:32:04,897 - INFO - -----------------------------------------------------------------------------------
2025-08-25 02:32:04,905 - DEBUG - 🔍 深度约束计算详情 (softplus):
2025-08-25 02:32:04,905 - DEBUG -    采样点Z坐标范围: [0.600000, 0.601815]
2025-08-25 02:32:04,905 - DEBUG -    球心Z坐标: 0.604007
2025-08-25 02:32:04,905 - DEBUG -    深度偏移ε: 0.000200
2025-08-25 02:32:04,905 - DEBUG -    softplus参数τ: 0.001000
2025-08-25 02:32:04,905 - DEBUG -    原始违反值: -0.001992
2025-08-25 02:32:04,905 - DEBUG -    softplus输入 u: -1.992327
2025-08-25 02:32:04,905 - DEBUG -    约束惩罚 h(θ): 0.000128
2025-08-25 02:32:04,905 - DEBUG -    🟢 深度约束满足: 球心深度足够
2025-08-25 02:32:04,905 - INFO - -----------------------------------------------------------------------------------
2025-08-25 02:32:04,905 - DEBUG - 🔍 半径惩罚计算详情:
2025-08-25 02:32:04,905 - DEBUG -    当前半径: 0.017009
2025-08-25 02:32:04,905 - DEBUG -    半径先验值: 0.012000
2025-08-25 02:32:04,905 - DEBUG -    半径残差 r(θ): 0.005009
2025-08-25 02:32:04,905 - DEBUG -    数据残差 f(θ): [[ 0.0114611 ]
 [ 0.02231594]
 [ 0.01319034]
 [ 0.00117839]
 [ 0.01290744]
 [-0.00963401]
 [-0.00568486]
 [-0.00179968]
 [ 0.00383954]
 [ 0.01208488]
 [ 0.02025574]
 [ 0.0282002 ]
 [ 0.0336661 ]
 [ 0.03667122]
 [ 0.03379895]
 [ 0.02771032]
 [ 0.01925976]
 [ 0.01113639]
 [ 0.00262174]
 [-0.00315862]
 [-0.00672265]]
2025-08-25 02:32:04,908 - DEBUG -    约束残差 g(θ): [[0.00012785]]
2025-08-25 02:32:04,908 - DEBUG -    半径残差 r(θ): [[0.0050089]]
2025-08-25 02:32:04,908 - DEBUG - 🔍 状态变化计算: 参数变化=0.000037, 残差变化=0.000001
2025-08-25 02:32:04,908 - INFO - -----------------------------------------------------------------------------------
2025-08-25 02:32:04,908 - DEBUG - 🔍 权重管理器状态更新详情:
2025-08-25 02:32:04,908 - DEBUG -    当前迭代: 15
2025-08-25 02:32:04,908 - DEBUG -    参数变化: 0.000037 (阈值: 0.000005)
2025-08-25 02:32:04,908 - DEBUG -    残差变化: 0.000001 (阈值: 0.000005)
2025-08-25 02:32:04,908 - DEBUG -    几何权重因子: 10
2025-08-25 02:32:04,908 - DEBUG - ⏸️ 保持图像置信度权重: 参数变化=3.67e-05, 残差变化=7.62e-07
2025-08-25 02:32:04,908 - DEBUG - 状态已保存: 参数=[-0.03619569  0.03263691  0.60400731  0.0170089 ], 残差范数=0.086090
2025-08-25 02:32:04,908 - DEBUG - 🔍 获取visibility信息: 形状=(21,), 范围=[1.000, 1.000]
2025-08-25 02:32:04,908 - DEBUG - 🔧 设置图像置信度权重: 21个点
2025-08-25 02:32:04,908 - DEBUG - 🔍 开始计算权重矩阵:
2025-08-25 02:32:04,908 - DEBUG -    点类型: ['pupil_center', 'iris_boundaries', 'iris_boundaries', 'iris_boundaries', 'iris_boundaries', 'eye_contours', 'eye_contours', 'eye_contours', 'eye_contours', 'eye_contours', 'eye_contours', 'eye_contours', 'eye_contours', 'eye_contours', 'eye_contours', 'eye_contours', 'eye_contours', 'eye_contours', 'eye_contours', 'eye_contours', 'eye_contours']
2025-08-25 02:32:04,908 - DEBUG -    残差向量: 形状=(21,), 范数=0.086090
2025-08-25 02:32:04,908 - DEBUG -    Visibility: 形状=(21,), 均值=1.000
2025-08-25 02:32:04,908 - WARNING - ⚠️ 权重管理器：没有启用几何权重，使用默认全1权重
2025-08-25 02:32:04,908 - WARNING - ⚠️ 权重管理器：没有启用几何权重，使用默认全1权重
2025-08-25 02:32:04,908 - WARNING - ⚠️ 权重管理器：没有启用几何权重，使用默认全1权重
2025-08-25 02:32:04,908 - WARNING - ⚠️ 权重管理器：没有启用几何权重，使用默认全1权重
2025-08-25 02:32:04,908 - WARNING - ⚠️ 权重管理器：没有启用几何权重，使用默认全1权重
2025-08-25 02:32:04,908 - WARNING - ⚠️ 权重管理器：没有启用几何权重，使用默认全1权重
2025-08-25 02:32:04,908 - WARNING - ⚠️ 权重管理器：没有启用几何权重，使用默认全1权重
2025-08-25 02:32:04,913 - WARNING - ⚠️ 权重管理器：没有启用几何权重，使用默认全1权重
2025-08-25 02:32:04,913 - WARNING - ⚠️ 权重管理器：没有启用几何权重，使用默认全1权重
2025-08-25 02:32:04,913 - WARNING - ⚠️ 权重管理器：没有启用几何权重，使用默认全1权重
2025-08-25 02:32:04,913 - WARNING - ⚠️ 权重管理器：没有启用几何权重，使用默认全1权重
2025-08-25 02:32:04,913 - WARNING - ⚠️ 权重管理器：没有启用几何权重，使用默认全1权重
2025-08-25 02:32:04,913 - WARNING - ⚠️ 权重管理器：没有启用几何权重，使用默认全1权重
2025-08-25 02:32:04,913 - WARNING - ⚠️ 权重管理器：没有启用几何权重，使用默认全1权重
2025-08-25 02:32:04,913 - WARNING - ⚠️ 权重管理器：没有启用几何权重，使用默认全1权重
2025-08-25 02:32:04,913 - WARNING - ⚠️ 权重管理器：没有启用几何权重，使用默认全1权重
2025-08-25 02:32:04,913 - WARNING - ⚠️ 权重管理器：没有启用几何权重，使用默认全1权重
2025-08-25 02:32:04,913 - WARNING - ⚠️ 权重管理器：没有启用几何权重，使用默认全1权重
2025-08-25 02:32:04,913 - WARNING - ⚠️ 权重管理器：没有启用几何权重，使用默认全1权重
2025-08-25 02:32:04,913 - WARNING - ⚠️ 权重管理器：没有启用几何权重，使用默认全1权重
2025-08-25 02:32:04,913 - WARNING - ⚠️ 权重管理器：没有启用几何权重，使用默认全1权重
2025-08-25 02:32:04,913 - DEBUG - 🔍 权重矩阵计算成功: 形状=(21, 21)
2025-08-25 02:32:04,913 - DEBUG - 🔍 几何权重统计:
2025-08-25 02:32:04,913 - DEBUG -    权重向量: [[1.]
 [1.]
 [1.]
 [1.]
 [1.]
 [1.]
 [1.]
 [1.]
 [1.]
 [1.]
 [1.]
 [1.]
 [1.]
 [1.]
 [1.]
 [1.]
 [1.]
 [1.]
 [1.]
 [1.]
 [1.]]
2025-08-25 02:32:04,913 - DEBUG -    权重范围: [1.000000, 1.000000]
2025-08-25 02:32:04,913 - DEBUG -    权重均值: 1.000000
2025-08-25 02:32:04,913 - DEBUG -    权重标准差: 0.000000
2025-08-25 02:32:04,913 - DEBUG -    高权重点(>0.8): 21/21
2025-08-25 02:32:04,913 - DEBUG -    低权重点(<0.2): 0/21
2025-08-25 02:32:04,913 - INFO - -----------------------------------------------------------------------------------
2025-08-25 02:32:04,913 - DEBUG - 🔍 开始求解LM更新方程:
2025-08-25 02:32:04,913 - DEBUG -    数据残差: 形状=(21,), 范数=0.086090
2025-08-25 02:32:04,913 - DEBUG -    约束残差: 形状=(1,), 范数=0.000128
2025-08-25 02:32:04,913 - DEBUG - 🔍 计算数据残差雅可比矩阵 J_f: 形状=(21, 4)
2025-08-25 02:32:04,913 - DEBUG - 🔍 J_f矩阵计算完成: 条件数=1.71e+02
2025-08-25 02:32:04,913 - DEBUG - 🔍 深度约束雅可比计算: u=-1.992327, σ=0.120011, J_h=[[ 0.          0.         -0.12001087  0.        ]]
2025-08-25 02:32:04,913 - DEBUG - 🔍 半径先验雅可比: J_r=[[0. 0. 0. 1.]]
2025-08-25 02:32:04,913 - DEBUG - 🔍 使用几何权重矩阵: 形状=(21, 21)
2025-08-25 02:32:04,913 - DEBUG - 🔍 Hessian矩阵计算:
2025-08-25 02:32:04,921 - DEBUG -    H_data = J_f^T W J_f: 形状=(4, 4), 条件数=2.92e+04
2025-08-25 02:32:04,921 - DEBUG -    H_h = λ_depth J_h^T J_h: 形状=(4, 4), λ_depth=1000.0
2025-08-25 02:32:04,921 - DEBUG -    H_r = λ_radius J_r^T J_r: 形状=(4, 4), λ_radius=1.0
2025-08-25 02:32:04,921 - DEBUG -    H_total: 形状=(4, 4), 条件数=8.98e+01
2025-08-25 02:32:04,921 - DEBUG - 🔍 梯度计算:
2025-08-25 02:32:04,921 - DEBUG -    g_data: 形状=(4,), 范数=0.371134
2025-08-25 02:32:04,921 - DEBUG -    g_h: 形状=(4,), 范数=0.015343
2025-08-25 02:32:04,921 - DEBUG -    g_r: 形状=(4,), 范数=0.005009
2025-08-25 02:32:04,921 - DEBUG -    g_total: 形状=(4,), 范数=0.368576
2025-08-25 02:32:04,921 - DEBUG - 🔍 LM阻尼矩阵: H_lm = H_total + 10000.0 * I
2025-08-25 02:32:04,921 - DEBUG -    H_lm条件数: 1.00e+00
2025-08-25 02:32:04,925 - DEBUG - 🔍 线性方程组求解成功:
2025-08-25 02:32:04,925 - DEBUG -    参数更新向量 Δθ: [[-2.59343768e-05]
 [ 1.87667910e-06]
 [ 3.09789509e-06]
 [ 2.57180788e-05]]
2025-08-25 02:32:04,925 - DEBUG -    更新向量范数: 0.000037
2025-08-25 02:32:04,925 - DEBUG -    各分量更新: Δc_x=-0.000026, Δc_y=0.000002, Δc_z=0.000003, Δr=0.000026
2025-08-25 02:32:04,925 - DEBUG -    参数更新:
2025-08-25 02:32:04,925 - DEBUG -      旧参数: [[-0.03619569]
 [ 0.03263691]
 [ 0.60400731]
 [ 0.0170089 ]]
2025-08-25 02:32:04,925 - DEBUG -      更新向量: [[-2.59343768e-05]
 [ 1.87667910e-06]
 [ 3.09789509e-06]
 [ 2.57180788e-05]]
2025-08-25 02:32:04,925 - DEBUG -      新参数: [[-0.03622162]
 [ 0.03263879]
 [ 0.60401041]
 [ 0.01703462]]
2025-08-25 02:32:04,925 - INFO - -----------------------------------------------------------------------------------
2025-08-25 02:32:04,925 - INFO - 🔍 迭代第15次，球心向右0.025934mm，向下0.001877mm，向后0.003098mm，半径变大0.025718mm
2025-08-25 02:32:04,925 - INFO - 📊 变化前: 中心(-0.036, 0.033, 0.604), 半径17.01mm
2025-08-25 02:32:04,925 - INFO - 📊 变化后: 中心(-0.036, 0.033, 0.604), 半径17.03mm
2025-08-25 02:32:04,925 - INFO - 📈 变化量: 中心移动0.03mm, 半径变化0.03mm
2025-08-25 02:32:04,925 - INFO - 📍 眼球中心: [-0.03619569  0.03263691  0.60400731]
2025-08-25 02:32:04,930 - INFO - 📏 眼球半径: 17.01mm
2025-08-25 02:32:04,930 - INFO - 👁️ 瞳孔中心: [-0.008       0.02933333  0.60000002]
2025-08-25 02:32:04,930 - INFO - 📐 眼球中心在瞳孔中心的左28.20mm，下3.30mm，后4.01mm
2025-08-25 02:32:04,930 - INFO - 📏 距离: 28.67mm
2025-08-25 02:32:04,930 - INFO - -----------------------------------------------------------------------------------
2025-08-25 02:32:04,930 - INFO - -----------------------------------------------------------------------------------
2025-08-25 02:32:04,930 - DEBUG - 🔍 参数有效性检查:
2025-08-25 02:32:04,930 - DEBUG -    参数向量: [[-0.03622162]
 [ 0.03263879]
 [ 0.60401041]
 [ 0.01703462]]
2025-08-25 02:32:04,930 - DEBUG -    球心: [-0.03622162  0.03263879  0.60401041]
2025-08-25 02:32:04,930 - DEBUG -    半径: 0.017035
2025-08-25 02:32:04,930 - DEBUG - 🔍 函数值计算详情:
2025-08-25 02:32:04,930 - DEBUG -    数据项 F(θ): 0.003706
2025-08-25 02:32:04,930 - DEBUG -    深度约束项: 0.000008
2025-08-25 02:32:04,930 - DEBUG -    半径先验项: 0.000013
2025-08-25 02:32:04,930 - DEBUG -    总函数值 Φ(θ): 0.003726
2025-08-25 02:32:04,930 - DEBUG -    函数值改善: -0.000000
2025-08-25 02:32:04,930 - DEBUG - 🔍 参数有效: False
2025-08-25 02:32:04,930 - DEBUG -    参数无效，阻尼因子调整: λ_LM = 1.00e+05
2025-08-25 02:32:04,930 - DEBUG - 🔍 迭代 17/30:
2025-08-25 02:32:04,930 - DEBUG - 🔍 计算点到球心距离: 形状=(21,)
2025-08-25 02:32:04,930 - DEBUG - 🔍 生理偏差向量计算:
2025-08-25 02:32:04,930 - DEBUG -    点类型列表: ['pupil_center', 'iris_boundaries', 'iris_boundaries', 'iris_boundaries', 'iris_boundaries', 'eye_contours', 'eye_contours', 'eye_contours', 'eye_contours', 'eye_contours', 'eye_contours', 'eye_contours', 'eye_contours', 'eye_contours', 'eye_contours', 'eye_contours', 'eye_contours', 'eye_contours', 'eye_contours', 'eye_contours', 'eye_contours']
2025-08-25 02:32:04,930 - DEBUG -    偏差向量: [0.0002  0.00085 0.00085 0.00085 0.00085 0.0015  0.0015  0.0015  0.0015
 0.0015  0.0015  0.0015  0.0015  0.0015  0.0015  0.0015  0.0015  0.0015
 0.0015  0.0015  0.0015 ]
2025-08-25 02:32:04,930 - DEBUG -    向量形状: (21,)
2025-08-25 02:32:04,930 - DEBUG -    偏差统计: 均值=0.001314, 标准差=0.000356
2025-08-25 02:32:04,930 - DEBUG - 获取生理偏差: 点类型=['pupil_center', 'iris_boundaries', 'iris_boundaries', 'iris_boundaries', 'iris_boundaries', 'eye_contours', 'eye_contours', 'eye_contours', 'eye_contours', 'eye_contours', 'eye_contours', 'eye_contours', 'eye_contours', 'eye_contours', 'eye_contours', 'eye_contours', 'eye_contours', 'eye_contours', 'eye_contours', 'eye_contours', 'eye_contours'], 偏差值=[0.0002  0.00085 0.00085 0.00085 0.00085 0.0015  0.0015  0.0015  0.0015
 0.0015  0.0015  0.0015  0.0015  0.0015  0.0015  0.0015  0.0015  0.0015
 0.0015  0.0015  0.0015 ]
2025-08-25 02:32:04,930 - INFO - -----------------------------------------------------------------------------------
2025-08-25 02:32:04,930 - DEBUG - 🔍 拟合残差计算详情:
2025-08-25 02:32:04,930 - DEBUG -    球心坐标: [-0.03619569  0.03263691  0.60400731]
2025-08-25 02:32:04,930 - DEBUG -    球体半径: 0.017009
2025-08-25 02:32:04,938 - DEBUG -    采样点数: 21
2025-08-25 02:32:04,938 - DEBUG -    点类型分布: {'eye_contours': 16, 'iris_boundaries': 4, 'pupil_center': 1}
2025-08-25 02:32:04,938 - DEBUG -    理论距离向量: [0.0172089 0.0178589 0.0178589 0.0178589 0.0178589 0.0185089 0.0185089
 0.0185089 0.0185089 0.0185089 0.0185089 0.0185089 0.0185089 0.0185089
 0.0185089 0.0185089 0.0185089 0.0185089 0.0185089 0.0185089 0.0185089]
2025-08-25 02:32:04,938 - DEBUG -    实际距离向量: [0.02867    0.04017485 0.03104924 0.01903729 0.03076634 0.0088749
 0.01282404 0.01670923 0.02234844 0.03059378 0.03876464 0.0467091
 0.052175   0.05518012 0.05230785 0.04621922 0.03776866 0.0296453
 0.02113064 0.01535028 0.01178625]
2025-08-25 02:32:04,938 - DEBUG -    生理偏差向量: [0.0002  0.00085 0.00085 0.00085 0.00085 0.0015  0.0015  0.0015  0.0015
 0.0015  0.0015  0.0015  0.0015  0.0015  0.0015  0.0015  0.0015  0.0015
 0.0015  0.0015  0.0015 ]
2025-08-25 02:32:04,938 - DEBUG -    残差向量 f(θ): 
[[ 0.0114611 ]
 [ 0.02231594]
 [ 0.01319034]
 [ 0.00117839]
 [ 0.01290744]
 [-0.00963401]
 [-0.00568486]
 [-0.00179968]
 [ 0.00383954]
 [ 0.01208488]
 [ 0.02025574]
 [ 0.0282002 ]
 [ 0.0336661 ]
 [ 0.03667122]
 [ 0.03379895]
 [ 0.02771032]
 [ 0.01925976]
 [ 0.01113639]
 [ 0.00262174]
 [-0.00315862]
 [-0.00672265]]
2025-08-25 02:32:04,938 - DEBUG -    平均残差范数: 0.004100
2025-08-25 02:32:04,938 - DEBUG -    残差范数=0.086090
2025-08-25 02:32:04,938 - INFO - -----------------------------------------------------------------------------------
2025-08-25 02:32:04,938 - DEBUG - 🔍 深度约束计算详情 (softplus):
2025-08-25 02:32:04,938 - DEBUG -    采样点Z坐标范围: [0.600000, 0.601815]
2025-08-25 02:32:04,938 - DEBUG -    球心Z坐标: 0.604007
2025-08-25 02:32:04,938 - DEBUG -    深度偏移ε: 0.000200
2025-08-25 02:32:04,938 - DEBUG -    softplus参数τ: 0.001000
2025-08-25 02:32:04,938 - DEBUG -    原始违反值: -0.001992
2025-08-25 02:32:04,938 - DEBUG -    softplus输入 u: -1.992327
2025-08-25 02:32:04,938 - DEBUG -    约束惩罚 h(θ): 0.000128
2025-08-25 02:32:04,938 - DEBUG -    🟢 深度约束满足: 球心深度足够
2025-08-25 02:32:04,938 - INFO - -----------------------------------------------------------------------------------
2025-08-25 02:32:04,938 - DEBUG - 🔍 半径惩罚计算详情:
2025-08-25 02:32:04,938 - DEBUG -    当前半径: 0.017009
2025-08-25 02:32:04,938 - DEBUG -    半径先验值: 0.012000
2025-08-25 02:32:04,938 - DEBUG -    半径残差 r(θ): 0.005009
2025-08-25 02:32:04,938 - DEBUG -    数据残差 f(θ): [[ 0.0114611 ]
 [ 0.02231594]
 [ 0.01319034]
 [ 0.00117839]
 [ 0.01290744]
 [-0.00963401]
 [-0.00568486]
 [-0.00179968]
 [ 0.00383954]
 [ 0.01208488]
 [ 0.02025574]
 [ 0.0282002 ]
 [ 0.0336661 ]
 [ 0.03667122]
 [ 0.03379895]
 [ 0.02771032]
 [ 0.01925976]
 [ 0.01113639]
 [ 0.00262174]
 [-0.00315862]
 [-0.00672265]]
2025-08-25 02:32:04,938 - DEBUG -    约束残差 g(θ): [[0.00012785]]
2025-08-25 02:32:04,938 - DEBUG -    半径残差 r(θ): [[0.0050089]]
2025-08-25 02:32:04,938 - DEBUG - 🔍 状态变化计算: 参数变化=0.000000, 残差变化=0.000000
2025-08-25 02:32:04,938 - INFO - -----------------------------------------------------------------------------------
2025-08-25 02:32:04,938 - DEBUG - 🔍 权重管理器状态更新详情:
2025-08-25 02:32:04,938 - DEBUG -    当前迭代: 16
2025-08-25 02:32:04,938 - DEBUG -    参数变化: 0.000000 (阈值: 0.000005)
2025-08-25 02:32:04,938 - DEBUG -    残差变化: 0.000000 (阈值: 0.000005)
2025-08-25 02:32:04,938 - DEBUG -    几何权重因子: 10
2025-08-25 02:32:04,946 - DEBUG - ⏸️ 保持图像置信度权重: 参数变化=0.00e+00, 残差变化=0.00e+00
2025-08-25 02:32:04,946 - DEBUG - 状态已保存: 参数=[-0.03619569  0.03263691  0.60400731  0.0170089 ], 残差范数=0.086090
2025-08-25 02:32:04,946 - DEBUG - 🔍 获取visibility信息: 形状=(21,), 范围=[1.000, 1.000]
2025-08-25 02:32:04,946 - DEBUG - 🔧 设置图像置信度权重: 21个点
2025-08-25 02:32:04,946 - DEBUG - 🔍 开始计算权重矩阵:
2025-08-25 02:32:04,946 - DEBUG -    点类型: ['pupil_center', 'iris_boundaries', 'iris_boundaries', 'iris_boundaries', 'iris_boundaries', 'eye_contours', 'eye_contours', 'eye_contours', 'eye_contours', 'eye_contours', 'eye_contours', 'eye_contours', 'eye_contours', 'eye_contours', 'eye_contours', 'eye_contours', 'eye_contours', 'eye_contours', 'eye_contours', 'eye_contours', 'eye_contours']
2025-08-25 02:32:04,946 - DEBUG -    残差向量: 形状=(21,), 范数=0.086090
2025-08-25 02:32:04,946 - DEBUG -    Visibility: 形状=(21,), 均值=1.000
2025-08-25 02:32:04,946 - WARNING - ⚠️ 权重管理器：没有启用几何权重，使用默认全1权重
2025-08-25 02:32:04,946 - WARNING - ⚠️ 权重管理器：没有启用几何权重，使用默认全1权重
2025-08-25 02:32:04,946 - WARNING - ⚠️ 权重管理器：没有启用几何权重，使用默认全1权重
2025-08-25 02:32:04,946 - WARNING - ⚠️ 权重管理器：没有启用几何权重，使用默认全1权重
2025-08-25 02:32:04,946 - WARNING - ⚠️ 权重管理器：没有启用几何权重，使用默认全1权重
2025-08-25 02:32:04,946 - WARNING - ⚠️ 权重管理器：没有启用几何权重，使用默认全1权重
2025-08-25 02:32:04,946 - WARNING - ⚠️ 权重管理器：没有启用几何权重，使用默认全1权重
2025-08-25 02:32:04,946 - WARNING - ⚠️ 权重管理器：没有启用几何权重，使用默认全1权重
2025-08-25 02:32:04,946 - WARNING - ⚠️ 权重管理器：没有启用几何权重，使用默认全1权重
2025-08-25 02:32:04,946 - WARNING - ⚠️ 权重管理器：没有启用几何权重，使用默认全1权重
2025-08-25 02:32:04,946 - WARNING - ⚠️ 权重管理器：没有启用几何权重，使用默认全1权重
2025-08-25 02:32:04,946 - WARNING - ⚠️ 权重管理器：没有启用几何权重，使用默认全1权重
2025-08-25 02:32:04,946 - WARNING - ⚠️ 权重管理器：没有启用几何权重，使用默认全1权重
2025-08-25 02:32:04,946 - WARNING - ⚠️ 权重管理器：没有启用几何权重，使用默认全1权重
2025-08-25 02:32:04,946 - WARNING - ⚠️ 权重管理器：没有启用几何权重，使用默认全1权重
2025-08-25 02:32:04,946 - WARNING - ⚠️ 权重管理器：没有启用几何权重，使用默认全1权重
2025-08-25 02:32:04,946 - WARNING - ⚠️ 权重管理器：没有启用几何权重，使用默认全1权重
2025-08-25 02:32:04,946 - WARNING - ⚠️ 权重管理器：没有启用几何权重，使用默认全1权重
2025-08-25 02:32:04,946 - WARNING - ⚠️ 权重管理器：没有启用几何权重，使用默认全1权重
2025-08-25 02:32:04,946 - WARNING - ⚠️ 权重管理器：没有启用几何权重，使用默认全1权重
2025-08-25 02:32:04,946 - WARNING - ⚠️ 权重管理器：没有启用几何权重，使用默认全1权重
2025-08-25 02:32:04,946 - DEBUG - 🔍 权重矩阵计算成功: 形状=(21, 21)
2025-08-25 02:32:04,946 - DEBUG - 🔍 几何权重统计:
2025-08-25 02:32:04,946 - DEBUG -    权重向量: [[1.]
 [1.]
 [1.]
 [1.]
 [1.]
 [1.]
 [1.]
 [1.]
 [1.]
 [1.]
 [1.]
 [1.]
 [1.]
 [1.]
 [1.]
 [1.]
 [1.]
 [1.]
 [1.]
 [1.]
 [1.]]
2025-08-25 02:32:04,946 - DEBUG -    权重范围: [1.000000, 1.000000]
2025-08-25 02:32:04,946 - DEBUG -    权重均值: 1.000000
2025-08-25 02:32:04,946 - DEBUG -    权重标准差: 0.000000
2025-08-25 02:32:04,946 - DEBUG -    高权重点(>0.8): 21/21
2025-08-25 02:32:04,946 - DEBUG -    低权重点(<0.2): 0/21
2025-08-25 02:32:04,946 - INFO - -----------------------------------------------------------------------------------
2025-08-25 02:32:04,946 - DEBUG - 🔍 开始求解LM更新方程:
2025-08-25 02:32:04,954 - DEBUG -    数据残差: 形状=(21,), 范数=0.086090
2025-08-25 02:32:04,954 - DEBUG -    约束残差: 形状=(1,), 范数=0.000128
2025-08-25 02:32:04,954 - DEBUG - 🔍 计算数据残差雅可比矩阵 J_f: 形状=(21, 4)
2025-08-25 02:32:04,954 - DEBUG - 🔍 J_f矩阵计算完成: 条件数=1.71e+02
2025-08-25 02:32:04,954 - DEBUG - 🔍 深度约束雅可比计算: u=-1.992327, σ=0.120011, J_h=[[ 0.          0.         -0.12001087  0.        ]]
2025-08-25 02:32:04,954 - DEBUG - 🔍 半径先验雅可比: J_r=[[0. 0. 0. 1.]]
2025-08-25 02:32:04,954 - DEBUG - 🔍 使用几何权重矩阵: 形状=(21, 21)
2025-08-25 02:32:04,954 - DEBUG - 🔍 Hessian矩阵计算:
2025-08-25 02:32:04,954 - DEBUG -    H_data = J_f^T W J_f: 形状=(4, 4), 条件数=2.92e+04
2025-08-25 02:32:04,954 - DEBUG -    H_h = λ_depth J_h^T J_h: 形状=(4, 4), λ_depth=1000.0
2025-08-25 02:32:04,954 - DEBUG -    H_r = λ_radius J_r^T J_r: 形状=(4, 4), λ_radius=1.0
2025-08-25 02:32:04,954 - DEBUG -    H_total: 形状=(4, 4), 条件数=8.98e+01
2025-08-25 02:32:04,954 - DEBUG - 🔍 梯度计算:
2025-08-25 02:32:04,954 - DEBUG -    g_data: 形状=(4,), 范数=0.371134
2025-08-25 02:32:04,954 - DEBUG -    g_h: 形状=(4,), 范数=0.015343
2025-08-25 02:32:04,954 - DEBUG -    g_r: 形状=(4,), 范数=0.005009
2025-08-25 02:32:04,954 - DEBUG -    g_total: 形状=(4,), 范数=0.368576
2025-08-25 02:32:04,954 - DEBUG - 🔍 LM阻尼矩阵: H_lm = H_total + 100000.0 * I
2025-08-25 02:32:04,954 - DEBUG -    H_lm条件数: 1.00e+00
2025-08-25 02:32:04,954 - DEBUG - 🔍 线性方程组求解成功:
2025-08-25 02:32:04,954 - DEBUG -    参数更新向量 Δθ: [[-2.60296075e-06]
 [ 1.88334446e-07]
 [ 3.11345568e-07]
 [ 2.58178083e-06]]
2025-08-25 02:32:04,954 - DEBUG -    更新向量范数: 0.000004
2025-08-25 02:32:04,954 - DEBUG -    各分量更新: Δc_x=-0.000003, Δc_y=0.000000, Δc_z=0.000000, Δr=0.000003
2025-08-25 02:32:04,954 - DEBUG -    参数更新:
2025-08-25 02:32:04,954 - DEBUG -      旧参数: [[-0.03619569]
 [ 0.03263691]
 [ 0.60400731]
 [ 0.0170089 ]]
2025-08-25 02:32:04,954 - DEBUG -      更新向量: [[-2.60296075e-06]
 [ 1.88334446e-07]
 [ 3.11345568e-07]
 [ 2.58178083e-06]]
2025-08-25 02:32:04,954 - DEBUG -      新参数: [[-0.03619829]
 [ 0.0326371 ]
 [ 0.60400762]
 [ 0.01701148]]
2025-08-25 02:32:04,954 - INFO - -----------------------------------------------------------------------------------
2025-08-25 02:32:04,962 - INFO - 🔍 迭代第16次，球心向右0.002603mm，向下0.000188mm，向后0.000311mm，半径变大0.002582mm
2025-08-25 02:32:04,962 - INFO - 📊 变化前: 中心(-0.036, 0.033, 0.604), 半径17.01mm
2025-08-25 02:32:04,962 - INFO - 📊 变化后: 中心(-0.036, 0.033, 0.604), 半径17.01mm
2025-08-25 02:32:04,962 - INFO - 📈 变化量: 中心移动0.00mm, 半径变化0.00mm
2025-08-25 02:32:04,962 - INFO - 📍 眼球中心: [-0.03619569  0.03263691  0.60400731]
2025-08-25 02:32:04,962 - INFO - 📏 眼球半径: 17.01mm
2025-08-25 02:32:04,962 - INFO - 👁️ 瞳孔中心: [-0.008       0.02933333  0.60000002]
2025-08-25 02:32:04,962 - INFO - 📐 眼球中心在瞳孔中心的左28.20mm，下3.30mm，后4.01mm
2025-08-25 02:32:04,962 - INFO - 📏 距离: 28.67mm
2025-08-25 02:32:04,962 - INFO - -----------------------------------------------------------------------------------
2025-08-25 02:32:04,962 - INFO - -----------------------------------------------------------------------------------
2025-08-25 02:32:04,962 - DEBUG - 🔍 参数有效性检查:
2025-08-25 02:32:04,962 - DEBUG -    参数向量: [[-0.03619829]
 [ 0.0326371 ]
 [ 0.60400762]
 [ 0.01701148]]
2025-08-25 02:32:04,962 - DEBUG -    球心: [-0.03619829  0.0326371   0.60400762]
2025-08-25 02:32:04,962 - DEBUG -    半径: 0.017011
2025-08-25 02:32:04,962 - DEBUG - 🔍 函数值计算详情:
2025-08-25 02:32:04,962 - DEBUG -    数据项 F(θ): 0.003706
2025-08-25 02:32:04,962 - DEBUG -    深度约束项: 0.000008
2025-08-25 02:32:04,962 - DEBUG -    半径先验项: 0.000013
2025-08-25 02:32:04,962 - DEBUG -    总函数值 Φ(θ): 0.003726
2025-08-25 02:32:04,962 - DEBUG -    函数值改善: 0.000000
2025-08-25 02:32:04,962 - DEBUG - 🔍 参数有效: True
2025-08-25 02:32:04,962 - DEBUG -    参数更新成功:
2025-08-25 02:32:04,962 - DEBUG -      新球心: [-0.03619829  0.0326371   0.60400762]
2025-08-25 02:32:04,962 - DEBUG -      新半径: 0.017011
2025-08-25 02:32:04,962 - INFO - -----------------------------------------------------------------------------------
2025-08-25 02:32:04,962 - DEBUG - 🔍 LM收敛性检查:
2025-08-25 02:32:04,962 - DEBUG -    当前迭代次数: 16
2025-08-25 02:32:04,962 - DEBUG -    最大迭代次数: 30
2025-08-25 02:32:04,962 - DEBUG -    参数变化: 0.000004
2025-08-25 02:32:04,962 - DEBUG -    参数容忍度: 5e-06
2025-08-25 02:32:04,962 - DEBUG -    残差变化: 0.000000
2025-08-25 02:32:04,962 - DEBUG -    残差容忍度: 5e-06
2025-08-25 02:32:04,962 - INFO - ✅ LM收敛：参数变化3.68e-06 < 5e-06，平均残差变化0.00e+00 < 5e-06
2025-08-25 02:32:04,962 - INFO - ✅ LM优化收敛: 迭代16次
2025-08-25 02:32:04,962 - DEBUG - 🔍 优化结束状态:
2025-08-25 02:32:04,962 - DEBUG -    最终参数: [[-0.03619829]
 [ 0.0326371 ]
 [ 0.60400762]
 [ 0.01701148]]
2025-08-25 02:32:04,970 - DEBUG -    最终球心: [-0.03619829  0.0326371   0.60400762]
2025-08-25 02:32:04,970 - DEBUG -    最终半径: 0.017011
2025-08-25 02:32:04,970 - DEBUG -    是否收敛: True
2025-08-25 02:32:04,970 - DEBUG -    迭代次数: 16
2025-08-25 02:32:04,970 - INFO - -----------------------------------------------------------------------------------
2025-08-25 02:32:04,970 - DEBUG - 🔍 更新最终状态:
2025-08-25 02:32:04,970 - DEBUG - 🔍 计算点到球心距离: 形状=(21,)
2025-08-25 02:32:04,970 - DEBUG - 🔍 生理偏差向量计算:
2025-08-25 02:32:04,970 - DEBUG -    点类型列表: ['pupil_center', 'iris_boundaries', 'iris_boundaries', 'iris_boundaries', 'iris_boundaries', 'eye_contours', 'eye_contours', 'eye_contours', 'eye_contours', 'eye_contours', 'eye_contours', 'eye_contours', 'eye_contours', 'eye_contours', 'eye_contours', 'eye_contours', 'eye_contours', 'eye_contours', 'eye_contours', 'eye_contours', 'eye_contours']
2025-08-25 02:32:04,970 - DEBUG -    偏差向量: [0.0002  0.00085 0.00085 0.00085 0.00085 0.0015  0.0015  0.0015  0.0015
 0.0015  0.0015  0.0015  0.0015  0.0015  0.0015  0.0015  0.0015  0.0015
 0.0015  0.0015  0.0015 ]
2025-08-25 02:32:04,970 - DEBUG -    向量形状: (21,)
2025-08-25 02:32:04,970 - DEBUG -    偏差统计: 均值=0.001314, 标准差=0.000356
2025-08-25 02:32:04,970 - DEBUG - 获取生理偏差: 点类型=['pupil_center', 'iris_boundaries', 'iris_boundaries', 'iris_boundaries', 'iris_boundaries', 'eye_contours', 'eye_contours', 'eye_contours', 'eye_contours', 'eye_contours', 'eye_contours', 'eye_contours', 'eye_contours', 'eye_contours', 'eye_contours', 'eye_contours', 'eye_contours', 'eye_contours', 'eye_contours', 'eye_contours', 'eye_contours'], 偏差值=[0.0002  0.00085 0.00085 0.00085 0.00085 0.0015  0.0015  0.0015  0.0015
 0.0015  0.0015  0.0015  0.0015  0.0015  0.0015  0.0015  0.0015  0.0015
 0.0015  0.0015  0.0015 ]
2025-08-25 02:32:04,970 - INFO - -----------------------------------------------------------------------------------
2025-08-25 02:32:04,970 - DEBUG - 🔍 拟合残差计算详情:
2025-08-25 02:32:04,970 - DEBUG -    球心坐标: [-0.03619829  0.0326371   0.60400762]
2025-08-25 02:32:04,970 - DEBUG -    球体半径: 0.017011
2025-08-25 02:32:04,970 - DEBUG -    采样点数: 21
2025-08-25 02:32:04,970 - DEBUG -    点类型分布: {'eye_contours': 16, 'iris_boundaries': 4, 'pupil_center': 1}
2025-08-25 02:32:04,970 - DEBUG -    理论距离向量: [0.01721148 0.01786148 0.01786148 0.01786148 0.01786148 0.01851148
 0.01851148 0.01851148 0.01851148 0.01851148 0.01851148 0.01851148
 0.01851148 0.01851148 0.01851148 0.01851148 0.01851148 0.01851148
 0.01851148 0.01851148 0.01851148]
2025-08-25 02:32:04,970 - DEBUG -    实际距离向量: [0.02867262 0.04017747 0.03105175 0.01903992 0.03076888 0.0088775
 0.01282662 0.0167118  0.02235101 0.03059637 0.03876725 0.04671172
 0.05217763 0.05518274 0.05231048 0.04622184 0.03777126 0.02964788
 0.02113321 0.01535286 0.01178886]
2025-08-25 02:32:04,970 - DEBUG -    生理偏差向量: [0.0002  0.00085 0.00085 0.00085 0.00085 0.0015  0.0015  0.0015  0.0015
 0.0015  0.0015  0.0015  0.0015  0.0015  0.0015  0.0015  0.0015  0.0015
 0.0015  0.0015  0.0015 ]
2025-08-25 02:32:04,970 - DEBUG -    残差向量 f(θ): 
[[ 0.01146114]
 [ 0.02231599]
 [ 0.01319027]
 [ 0.00117844]
 [ 0.01290739]
 [-0.00963398]
 [-0.00568486]
 [-0.00179969]
 [ 0.00383953]
 [ 0.01208488]
 [ 0.02025577]
 [ 0.02820024]
 [ 0.03366614]
 [ 0.03667126]
 [ 0.03379899]
 [ 0.02771036]
 [ 0.01925978]
 [ 0.0111364 ]
 [ 0.00262173]
 [-0.00315862]
 [-0.00672263]]
2025-08-25 02:32:04,970 - DEBUG -    平均残差范数: 0.004100
2025-08-25 02:32:04,970 - DEBUG -    残差范数=0.086090
2025-08-25 02:32:04,970 - DEBUG -    最终残差向量: [[ 0.01146114]
 [ 0.02231599]
 [ 0.01319027]
 [ 0.00117844]
 [ 0.01290739]
 [-0.00963398]
 [-0.00568486]
 [-0.00179969]
 [ 0.00383953]
 [ 0.01208488]
 [ 0.02025577]
 [ 0.02820024]
 [ 0.03366614]
 [ 0.03667126]
 [ 0.03379899]
 [ 0.02771036]
 [ 0.01925978]
 [ 0.0111364 ]
 [ 0.00262173]
 [-0.00315862]
 [-0.00672263]]
2025-08-25 02:32:04,970 - DEBUG -    最终残差范数: 0.086090
2025-08-25 02:32:04,970 - DEBUG -    内点比例: 1.000000
2025-08-25 02:32:04,970 - DEBUG -    质量分数: 0.000000
2025-08-25 02:32:04,970 - DEBUG -    收敛迭代次数: 16
2025-08-25 02:32:04,970 - DEBUG -    是否收敛: True
2025-08-25 02:32:04,970 - DEBUG -    警告信息: ['迭代1: 参数无效，阻尼因子=1.00e-01', '迭代5: 参数无效，阻尼因子=1.00e+00', '迭代7: 参数无效，阻尼因子=1.00e+01', '迭代9: 参数无效，阻尼因子=1.00e+02', '迭代11: 参数无效，阻尼因子=1.00e+03', '迭代13: 参数无效，阻尼因子=1.00e+04', '迭代15: 参数无效，阻尼因子=1.00e+05']
2025-08-25 02:32:04,970 - INFO - ✅ 优化完成: 最终中心点=(-0.036, 0.033, 0.604), 半径=0.017m
2025-08-25 02:32:04,970 - INFO - 拟合完成 - 拟合结果:
  📍 中心点: (-0.036, 0.033, 0.604)
  📏 半径: 0.02mm
  🔄 收敛状态: ✓ 已收敛
  📊 内点比例: 100.0% (21/21)
  🎯 质量分数: 0.000
  📈 迭代次数: 16
  📉 最终残差: 8.61e-02
⚠️  警告: 迭代1: 参数无效，阻尼因子=1.00e-01; 迭代5: 参数无效，阻尼因子=1.00e+00; 迭代7: 参数无效，阻尼因子=1.00e+01; 迭代9: 参数无效，阻尼因子=1.00e+02; 迭代11: 参数无效，阻尼因子=1.00e+03; 迭代13: 参数无效，阻尼因子=1.00e+04; 迭代15: 参数无效，阻尼因子=1.00e+05
2025-08-25 02:32:04,979 - DEBUG - right眼拟合完成: shape=椭球参数 (球体):
  📏 主轴长度: (0.017, 0.017, 0.017) m
  📍 中心坐标: (-0.036, 0.033, 0.604) m
  🔄 旋转矩阵: 3x3 单位矩阵, center=[-0.03619829  0.0326371   0.60400762]
2025-08-25 02:32:04,980 - DEBUG - 右眼拟合完成
2025-08-25 02:32:04,980 - DEBUG - ransac_sphere_eyeball返回结果: {'left': (<project.fitting.config.models.EllipsoidParams object at 0x0000018684F567D0>, array([0.08911793, 0.01261654, 0.6046138 ])), 'right': (<project.fitting.config.models.EllipsoidParams object at 0x0000018684F567D0>, array([-0.03619829,  0.0326371 ,  0.60400762]))}
2025-08-25 02:32:04,980 - DEBUG - ransac_sphere_eyeball执行成功
2025-08-25 02:32:04,980 - INFO - 拟合完成!
2025-08-25 02:32:04,980 - INFO - --------------------------------------------------
2025-08-25 02:32:04,980 - INFO - 拟合结果:
2025-08-25 02:32:04,980 - INFO - 左眼中心: (0.089, 0.013, 0.605)
2025-08-25 02:32:04,980 - INFO - 左眼半径: 17.01mm
2025-08-25 02:32:04,980 - INFO - ------------------------------
2025-08-25 02:32:04,980 - INFO - 左眼关键点分布分析:
2025-08-25 02:32:04,980 - INFO - 瞳孔中心点: 眼球内部, 距离眼球表面: 0.53mm, ✗ 超出规范
2025-08-25 02:32:04,980 - INFO - 虹膜边界点 (4个):
2025-08-25 02:32:04,980 - INFO -   点1: 眼球外部, 距离眼球表面: 8.77mm, ✗ 超出规范
2025-08-25 02:32:04,980 - INFO -   点2: 眼球内部, 距离眼球表面: 3.28mm, ✗ 超出规范
2025-08-25 02:32:04,980 - INFO -   点3: 眼球内部, 距离眼球表面: 5.05mm, ✗ 超出规范
2025-08-25 02:32:04,980 - INFO -   点4: 眼球外部, 距离眼球表面: 6.74mm, ✗ 超出规范
2025-08-25 02:32:04,980 - INFO - 眼睛轮廓点 (16个):
2025-08-25 02:32:04,980 - INFO -   点1: 眼球外部, 距离眼球表面: 0.80mm, ✓ 符合规范
2025-08-25 02:32:04,980 - INFO -   点2: 眼球内部, 距离眼球表面: 2.84mm, ✗ 超出规范
2025-08-25 02:32:04,980 - INFO -   点3: 眼球内部, 距离眼球表面: 8.05mm, ✗ 超出规范
2025-08-25 02:32:04,980 - INFO -   点4: 眼球内部, 距离眼球表面: 5.77mm, ✗ 超出规范
2025-08-25 02:32:04,980 - INFO -   点5: 眼球外部, 距离眼球表面: 1.65mm, ✓ 符合规范
2025-08-25 02:32:04,980 - INFO -   点6: 眼球外部, 距离眼球表面: 9.92mm, ✗ 超出规范
2025-08-25 02:32:04,980 - INFO -   点7: 眼球外部, 距离眼球表面: 15.48mm, ✗ 超出规范
2025-08-25 02:32:04,980 - INFO -   点8: 眼球外部, 距离眼球表面: 18.87mm, ✗ 超出规范
2025-08-25 02:32:04,980 - INFO -   点9: 眼球外部, 距离眼球表面: 21.78mm, ✗ 超出规范
2025-08-25 02:32:04,980 - INFO -   点10: 眼球外部, 距离眼球表面: 19.25mm, ✗ 超出规范
2025-08-25 02:32:04,980 - INFO -   点11: 眼球外部, 距离眼球表面: 16.62mm, ✗ 超出规范
2025-08-25 02:32:04,980 - INFO -   点12: 眼球外部, 距离眼球表面: 12.98mm, ✗ 超出规范
2025-08-25 02:32:04,980 - INFO -   点13: 眼球外部, 距离眼球表面: 7.71mm, ✗ 超出规范
2025-08-25 02:32:04,980 - INFO -   点14: 眼球外部, 距离眼球表面: 3.11mm, ✗ 超出规范
2025-08-25 02:32:04,987 - INFO -   点15: 眼球外部, 距离眼球表面: 0.42mm, ✓ 符合规范
2025-08-25 02:32:04,987 - INFO -   点16: 眼球外部, 距离眼球表面: 0.67mm, ✓ 符合规范
2025-08-25 02:32:04,987 - INFO - 总结: left眼共21个关键点, 4个符合规范, 符合率: 19.0%
2025-08-25 02:32:04,987 - INFO - 数据质量评估: 较差
2025-08-25 02:32:04,987 - INFO - 右眼中心: (-0.036, 0.033, 0.604)
2025-08-25 02:32:04,987 - INFO - 右眼半径: 17.01mm
2025-08-25 02:32:04,987 - INFO - ------------------------------
2025-08-25 02:32:04,987 - INFO - 右眼关键点分布分析:
2025-08-25 02:32:04,987 - INFO - 瞳孔中心点: 眼球外部, 距离眼球表面: 11.66mm, ✗ 超出规范
2025-08-25 02:32:04,987 - INFO - 虹膜边界点 (4个):
2025-08-25 02:32:04,987 - INFO -   点1: 眼球外部, 距离眼球表面: 23.17mm, ✗ 超出规范
2025-08-25 02:32:04,987 - INFO -   点2: 眼球外部, 距离眼球表面: 14.04mm, ✗ 超出规范
2025-08-25 02:32:04,987 - INFO -   点3: 眼球外部, 距离眼球表面: 2.03mm, ✗ 超出规范
2025-08-25 02:32:04,987 - INFO -   点4: 眼球外部, 距离眼球表面: 13.76mm, ✗ 超出规范
2025-08-25 02:32:04,987 - INFO - 眼睛轮廓点 (16个):
2025-08-25 02:32:04,987 - INFO -   点1: 眼球内部, 距离眼球表面: 8.13mm, ✗ 超出规范
2025-08-25 02:32:04,987 - INFO -   点2: 眼球内部, 距离眼球表面: 4.18mm, ✗ 超出规范
2025-08-25 02:32:04,987 - INFO -   点3: 眼球内部, 距离眼球表面: 0.30mm, ✗ 超出规范
2025-08-25 02:32:04,987 - INFO -   点4: 眼球外部, 距离眼球表面: 5.34mm, ✗ 超出规范
2025-08-25 02:32:04,987 - INFO -   点5: 眼球外部, 距离眼球表面: 13.58mm, ✗ 超出规范
2025-08-25 02:32:04,987 - INFO -   点6: 眼球外部, 距离眼球表面: 21.76mm, ✗ 超出规范
2025-08-25 02:32:04,987 - INFO -   点7: 眼球外部, 距离眼球表面: 29.70mm, ✗ 超出规范
2025-08-25 02:32:04,987 - INFO -   点8: 眼球外部, 距离眼球表面: 35.17mm, ✗ 超出规范
2025-08-25 02:32:04,987 - INFO -   点9: 眼球外部, 距离眼球表面: 38.17mm, ✗ 超出规范
2025-08-25 02:32:04,987 - INFO -   点10: 眼球外部, 距离眼球表面: 35.30mm, ✗ 超出规范
2025-08-25 02:32:04,987 - INFO -   点11: 眼球外部, 距离眼球表面: 29.21mm, ✗ 超出规范
2025-08-25 02:32:04,987 - INFO -   点12: 眼球外部, 距离眼球表面: 20.76mm, ✗ 超出规范
2025-08-25 02:32:04,987 - INFO -   点13: 眼球外部, 距离眼球表面: 12.64mm, ✗ 超出规范
2025-08-25 02:32:04,987 - INFO -   点14: 眼球外部, 距离眼球表面: 4.12mm, ✗ 超出规范
2025-08-25 02:32:04,987 - INFO -   点15: 眼球内部, 距离眼球表面: 1.66mm, ✗ 超出规范
2025-08-25 02:32:04,987 - INFO -   点16: 眼球内部, 距离眼球表面: 5.22mm, ✗ 超出规范
2025-08-25 02:32:04,987 - INFO - 总结: right眼共21个关键点, 0个符合规范, 符合率: 0.0%
2025-08-25 02:32:04,987 - INFO - 数据质量评估: 较差
2025-08-25 02:32:04,987 - INFO - ==================================================
2025-08-25 02:32:04,987 - INFO - --------------------------------------------------
